ISO-10303-21;
HEADER;
/* Generated by software containing ST-Developer
 * from STEP Tools, Inc. (www.steptools.com) 
 */

FILE_DESCRIPTION(
/* description */ (''),
/* implementation_level */ '2;1');

FILE_NAME(
/* name */ '10teeth crown gear.step',
/* time_stamp */ '2026-01-02T22:12:56+01:00',
/* author */ (''),
/* organization */ (''),
/* preprocessor_version */ 'ST-DEVELOPER v20.1',
/* originating_system */ 'Autodesk Translation Framework v14.21.0.0',
/* authorisation */ '');

FILE_SCHEMA (('AUTOMOTIVE_DESIGN { 1 0 10303 214 3 1 1 }'));
ENDSEC;

DATA;
#10=MECHANICAL_DESIGN_GEOMETRIC_PRESENTATION_REPRESENTATION('',(#13),#5397);
#11=SHAPE_REPRESENTATION_RELATIONSHIP('SRR','None',#5404,#12);
#12=ADVANCED_BREP_SHAPE_REPRESENTATION('',(#14),#5396);
#13=STYLED_ITEM('',(#5414),#14);
#14=MANIFOLD_SOLID_BREP('K\X\F6rper1',#2101);
#15=CONICAL_SURFACE('',#2147,3.29830450368022,0.451496292385262);
#16=CONICAL_SURFACE('',#2150,3.29830450368022,0.451496292385262);
#17=CONICAL_SURFACE('',#2153,3.29830450368022,0.451496292385262);
#18=CONICAL_SURFACE('',#2164,3.29830450368022,0.451496292385262);
#19=CONICAL_SURFACE('',#2166,3.29830450368022,0.451496292385262);
#20=CONICAL_SURFACE('',#2168,3.29830450368022,0.451496292385262);
#21=CONICAL_SURFACE('',#2170,3.29830450368022,0.451496292385262);
#22=CONICAL_SURFACE('',#2172,3.29830450368022,0.451496292385262);
#23=CONICAL_SURFACE('',#2174,3.29830450368022,0.451496292385262);
#24=CONICAL_SURFACE('',#2181,4.95692593583182,0.587322468336294);
#25=CONICAL_SURFACE('',#2189,4.95692593588812,0.587322468317246);
#26=CONICAL_SURFACE('',#2197,4.95692593581178,0.587322468344019);
#27=CONICAL_SURFACE('',#2205,4.95692593587555,0.587322468321863);
#28=CONICAL_SURFACE('',#2213,4.95692593581941,0.587322468340624);
#29=CONICAL_SURFACE('',#2221,4.95692593583345,0.587322468336573);
#30=CONICAL_SURFACE('',#2229,4.95692593584789,0.587322468331784);
#31=CONICAL_SURFACE('',#2237,4.95692593583743,0.587322468334594);
#32=CONICAL_SURFACE('',#2239,4.95692593588422,0.587322468319232);
#33=CONICAL_SURFACE('',#2247,4.95692593577959,0.587322468355141);
#34=CONICAL_SURFACE('',#2252,3.29830450368022,0.451496292385262);
#35=B_SPLINE_SURFACE_WITH_KNOTS('',3,1,((#2979,#2980),(#2981,#2982),(#2983,
#2984),(#2985,#2986),(#2987,#2988),(#2989,#2990),(#2991,#2992),(#2993,#2994)),
 .UNSPECIFIED.,.F.,.F.,.F.,(4,2,2,4),(2,2),(-0.0112381335564861,-0.00249661157926696,
-0.000454373605606774,-2.37096193372865E-12),(0.,0.0600000001080585),
 .UNSPECIFIED.);
#36=B_SPLINE_SURFACE_WITH_KNOTS('',3,1,((#3021,#3022),(#3023,#3024),(#3025,
#3026),(#3027,#3028),(#3029,#3030),(#3031,#3032),(#3033,#3034),(#3035,#3036),
(#3037,#3038),(#3039,#3040),(#3041,#3042)),.UNSPECIFIED.,.F.,.F.,.F.,(4,
2,2,3,4),(2,2),(-0.0247025438743255,-0.0207331465412748,-0.0159204863492678,
-0.00585639542417278,0.105488664097836),(0.,0.0720000000000004),
 .UNSPECIFIED.);
#37=B_SPLINE_SURFACE_WITH_KNOTS('',3,1,((#3115,#3116),(#3117,#3118),(#3119,
#3120),(#3121,#3122),(#3123,#3124),(#3125,#3126),(#3127,#3128),(#3129,#3130)),
 .UNSPECIFIED.,.F.,.F.,.F.,(4,2,2,4),(2,2),(-0.0112381336527664,-0.00249661159430661,
-0.000454373605605804,-2.37096507791495E-12),(0.,0.0600000001080585),
 .UNSPECIFIED.);
#38=B_SPLINE_SURFACE_WITH_KNOTS('',3,1,((#3157,#3158),(#3159,#3160),(#3161,
#3162),(#3163,#3164),(#3165,#3166),(#3167,#3168),(#3169,#3170),(#3171,#3172),
(#3173,#3174),(#3175,#3176),(#3177,#3178)),.UNSPECIFIED.,.F.,.F.,.F.,(4,
2,2,3,4),(2,2),(-0.024702543873464,-0.020733146544609,-0.0159204863492109,
-0.00585639542430418,0.105488664133622),(0.,0.0720000000000012),
 .UNSPECIFIED.);
#39=B_SPLINE_SURFACE_WITH_KNOTS('',3,1,((#3251,#3252),(#3253,#3254),(#3255,
#3256),(#3257,#3258),(#3259,#3260),(#3261,#3262),(#3263,#3264),(#3265,#3266)),
 .UNSPECIFIED.,.F.,.F.,.F.,(4,2,2,4),(2,2),(-0.0112381336052852,-0.00249661158694125,
-0.000454373605603959,-2.3708993752633E-12),(0.,0.0600000001080585),
 .UNSPECIFIED.);
#40=B_SPLINE_SURFACE_WITH_KNOTS('',3,1,((#3291,#3292),(#3293,#3294),(#3295,
#3296),(#3297,#3298),(#3299,#3300),(#3301,#3302),(#3303,#3304),(#3305,#3306),
(#3307,#3308),(#3309,#3310)),.UNSPECIFIED.,.F.,.F.,.F.,(4,3,3,4),(2,2),
(-0.0247025438696076,-0.00841724212512468,-0.00585639542380591,0.105488664101204),
(0.,0.0720000000000009),.UNSPECIFIED.);
#41=B_SPLINE_SURFACE_WITH_KNOTS('',3,1,((#3890,#3891),(#3892,#3893),(#3894,
#3895),(#3896,#3897),(#3898,#3899),(#3900,#3901),(#3902,#3903),(#3904,#3905),
(#3906,#3907),(#3908,#3909),(#3910,#3911),(#3912,#3913),(#3914,#3915)),
 .UNSPECIFIED.,.F.,.F.,.F.,(4,3,2,2,2,4),(2,2),(-0.0120364999479816,-0.00748942800858695,
-0.00628653283962137,-0.00249661159735544,-0.000454373605591911,-2.37096258424996E-12),
(0.,0.0600000001031947),.UNSPECIFIED.);
#42=B_SPLINE_SURFACE_WITH_KNOTS('',3,1,((#3930,#3931),(#3932,#3933),(#3934,
#3935),(#3936,#3937),(#3938,#3939),(#3940,#3941),(#3942,#3943),(#3944,#3945),
(#3946,#3947),(#3948,#3949),(#3950,#3951),(#3952,#3953),(#3954,#3955),(#3956,
#3957),(#3958,#3959),(#3960,#3961)),.UNSPECIFIED.,.F.,.F.,.F.,(4,2,2,3,
2,3,4),(2,2),(-0.0247025438639184,-0.0207331465304745,-0.0159204863411724,
-0.0058563954228043,0.0424176865695879,0.0577395302457643,0.115392868625468),
(0.,0.072000000000002),.UNSPECIFIED.);
#43=B_SPLINE_SURFACE_WITH_KNOTS('',3,1,((#3984,#3985),(#3986,#3987),(#3988,
#3989),(#3990,#3991),(#3992,#3993),(#3994,#3995),(#3996,#3997),(#3998,#3999)),
 .UNSPECIFIED.,.F.,.F.,.F.,(4,2,2,4),(2,2),(-0.0112381335787427,-0.00249661158262776,
-0.000454373605600166,-2.370949628034E-12),(0.,0.0600000001080586),
 .UNSPECIFIED.);
#44=B_SPLINE_SURFACE_WITH_KNOTS('',3,1,((#4010,#4011),(#4012,#4013),(#4014,
#4015),(#4016,#4017),(#4018,#4019),(#4020,#4021),(#4022,#4023),(#4024,#4025),
(#4026,#4027),(#4028,#4029)),.UNSPECIFIED.,.F.,.F.,.F.,(4,3,3,4),(2,2),
(-0.024702543862354,-0.00841724211790086,-0.00585639542269809,0.105488664062403),
(0.,0.0720000000000008),.UNSPECIFIED.);
#45=B_SPLINE_SURFACE_WITH_KNOTS('',3,1,((#4046,#4047),(#4048,#4049),(#4050,
#4051),(#4052,#4053),(#4054,#4055),(#4056,#4057),(#4058,#4059),(#4060,#4061)),
 .UNSPECIFIED.,.F.,.F.,.F.,(4,2,2,4),(2,2),(-0.0112381336445637,-0.00249661159308427,
-0.000454373605592373,-2.37091981247425E-12),(0.,0.0600000001080592),
 .UNSPECIFIED.);
#46=B_SPLINE_SURFACE_WITH_KNOTS('',3,1,((#4072,#4073),(#4074,#4075),(#4076,
#4077),(#4078,#4079),(#4080,#4081),(#4082,#4083),(#4084,#4085),(#4086,#4087),
(#4088,#4089),(#4090,#4091),(#4092,#4093)),.UNSPECIFIED.,.F.,.F.,.F.,(4,
2,2,3,4),(2,2),(-0.0247025438724985,-0.0207331465478553,-0.0159204863515974,
-0.00585639542455083,0.105488664125844),(0.,0.0720000000000004),
 .UNSPECIFIED.);
#47=B_SPLINE_SURFACE_WITH_KNOTS('',3,1,((#4112,#4113),(#4114,#4115),(#4116,
#4117),(#4118,#4119),(#4120,#4121),(#4122,#4123),(#4124,#4125),(#4126,#4127)),
 .UNSPECIFIED.,.F.,.F.,.F.,(4,2,2,4),(2,2),(-0.0112381335600211,-0.00249661157989319,
-0.000454373605600817,-2.37094279756031E-12),(0.,0.0600000001080585),
 .UNSPECIFIED.);
#48=B_SPLINE_SURFACE_WITH_KNOTS('',3,1,((#4138,#4139),(#4140,#4141),(#4142,
#4143),(#4144,#4145),(#4146,#4147),(#4148,#4149),(#4150,#4151),(#4152,#4153),
(#4154,#4155),(#4156,#4157),(#4158,#4159)),.UNSPECIFIED.,.F.,.F.,.F.,(4,
2,2,3,4),(2,2),(-0.0247025438717814,-0.0207331465380771,-0.0159204863474958,
-0.00585639542372882,0.105488664117586),(0.,0.0720000000000002),
 .UNSPECIFIED.);
#49=B_SPLINE_SURFACE_WITH_KNOTS('',3,1,((#4178,#4179),(#4180,#4181),(#4182,
#4183),(#4184,#4185),(#4186,#4187),(#4188,#4189),(#4190,#4191),(#4192,#4193)),
 .UNSPECIFIED.,.F.,.F.,.F.,(4,2,2,4),(2,2),(-0.0112381336509759,-0.00249661159435174,
-0.00045437360559111,-2.37096627053734E-12),(0.,0.0600000001080585),
 .UNSPECIFIED.);
#50=B_SPLINE_SURFACE_WITH_KNOTS('',3,1,((#4204,#4205),(#4206,#4207),(#4208,
#4209),(#4210,#4211),(#4212,#4213),(#4214,#4215),(#4216,#4217),(#4218,#4219),
(#4220,#4221),(#4222,#4223),(#4224,#4225),(#4226,#4227),(#4228,#4229),(#4230,
#4231),(#4232,#4233),(#4234,#4235)),.UNSPECIFIED.,.F.,.F.,.F.,(4,2,2,3,
2,3,4),(2,2),(-0.0247025438796602,-0.0207331465454941,-0.0159204863513715,
-0.0058563954246164,0.0424176865796186,0.0577395302774296,0.11539286868202),
(0.,0.0720000000000013),.UNSPECIFIED.);
#51=B_SPLINE_SURFACE_WITH_KNOTS('',3,1,((#4258,#4259),(#4260,#4261),(#4262,
#4263),(#4264,#4265),(#4266,#4267),(#4268,#4269),(#4270,#4271),(#4272,#4273)),
 .UNSPECIFIED.,.F.,.F.,.F.,(4,2,2,4),(2,2),(-0.0112381335760385,-0.00249661158247554,
-0.000454373605600474,-2.37090978360416E-12),(0.,0.0600000001080585),
 .UNSPECIFIED.);
#52=B_SPLINE_SURFACE_WITH_KNOTS('',3,1,((#4284,#4285),(#4286,#4287),(#4288,
#4289),(#4290,#4291),(#4292,#4293),(#4294,#4295),(#4296,#4297),(#4298,#4299),
(#4300,#4301),(#4302,#4303)),.UNSPECIFIED.,.F.,.F.,.F.,(4,3,3,4),(2,2),
(-0.0247025438696747,-0.00841724212932093,-0.00585639542386544,0.105488664100244),
(0.,0.0720000000000003),.UNSPECIFIED.);
#53=B_SPLINE_SURFACE_WITH_KNOTS('',3,3,((#4330,#4331,#4332,#4333),(#4334,
#4335,#4336,#4337),(#4338,#4339,#4340,#4341),(#4342,#4343,#4344,#4345),
(#4346,#4347,#4348,#4349),(#4350,#4351,#4352,#4353)),.UNSPECIFIED.,.F.,
 .F.,.F.,(4,1,1,4),(4,4),(-1.00000000000002,-0.428571379475686,-0.14285706921352,
8.59175622439453E-8),(-0.0620447338137534,0.410831932452459),
 .UNSPECIFIED.);
#54=B_SPLINE_SURFACE_WITH_KNOTS('',3,3,((#4375,#4376,#4377,#4378),(#4379,
#4380,#4381,#4382),(#4383,#4384,#4385,#4386),(#4387,#4388,#4389,#4390),
(#4391,#4392,#4393,#4394),(#4395,#4396,#4397,#4398)),.UNSPECIFIED.,.F.,
 .F.,.F.,(4,1,1,4),(4,4),(-9.78132866718612E-14,0.142857142857059,0.428571428571373,
1.),(-0.0620447338137532,0.410831932225873),.UNSPECIFIED.);
#55=B_SPLINE_SURFACE_WITH_KNOTS('',3,3,((#4423,#4424,#4425,#4426),(#4427,
#4428,#4429,#4430),(#4431,#4432,#4433,#4434),(#4435,#4436,#4437,#4438),
(#4439,#4440,#4441,#4442),(#4443,#4444,#4445,#4446),(#4447,#4448,#4449,
#4450)),.UNSPECIFIED.,.F.,.F.,.F.,(4,1,1,1,4),(4,4),(-1.00000000000002,
-0.571428534606803,-0.28571422434466,-0.142857069213589,8.59174826777643E-8),
(-0.062044733813753,0.410831932452459),.UNSPECIFIED.);
#56=B_SPLINE_SURFACE_WITH_KNOTS('',3,3,((#4470,#4471,#4472,#4473),(#4474,
#4475,#4476,#4477),(#4478,#4479,#4480,#4481),(#4482,#4483,#4484,#4485),
(#4486,#4487,#4488,#4489),(#4490,#4491,#4492,#4493),(#4494,#4495,#4496,
#4497)),.UNSPECIFIED.,.F.,.F.,.F.,(4,1,1,1,4),(4,4),(-1.12193347502533E-13,
0.142857142857047,0.285714285714206,0.571428571428524,1.),(-0.0620447338137529,
0.410831932225873),.UNSPECIFIED.);
#57=B_SPLINE_SURFACE_WITH_KNOTS('',3,3,((#4520,#4521,#4522,#4523),(#4524,
#4525,#4526,#4527),(#4528,#4529,#4530,#4531),(#4532,#4533,#4534,#4535),
(#4536,#4537,#4538,#4539),(#4540,#4541,#4542,#4543),(#4544,#4545,#4546,
#4547)),.UNSPECIFIED.,.F.,.F.,.F.,(4,1,1,1,4),(4,4),(-1.00000000000001,
-0.571428534606778,-0.285714224344621,-0.142857069213543,8.59175355305553E-8),
(-0.062044733813753,0.410831932452459),.UNSPECIFIED.);
#58=B_SPLINE_SURFACE_WITH_KNOTS('',3,3,((#4567,#4568,#4569,#4570,#4571,
#4572,#4573,#4574,#4575),(#4576,#4577,#4578,#4579,#4580,#4581,#4582,#4583,
#4584),(#4585,#4586,#4587,#4588,#4589,#4590,#4591,#4592,#4593),(#4594,#4595,
#4596,#4597,#4598,#4599,#4600,#4601,#4602),(#4603,#4604,#4605,#4606,#4607,
#4608,#4609,#4610,#4611),(#4612,#4613,#4614,#4615,#4616,#4617,#4618,#4619,
#4620)),.UNSPECIFIED.,.F.,.F.,.F.,(4,1,1,4),(4,1,1,1,1,1,4),(-0.000426052541298948,
0.285714285714269,0.428571428571416,1.),(-0.0624707863551206,-0.0282678290966369,
0.00550907562047926,0.0392859803375954,0.0730628850547116,0.140616694488944,
0.410831932225873),.UNSPECIFIED.);
#59=B_SPLINE_SURFACE_WITH_KNOTS('',3,3,((#4643,#4644,#4645,#4646),(#4647,
#4648,#4649,#4650),(#4651,#4652,#4653,#4654),(#4655,#4656,#4657,#4658),
(#4659,#4660,#4661,#4662),(#4663,#4664,#4665,#4666),(#4667,#4668,#4669,
#4670)),.UNSPECIFIED.,.F.,.F.,.F.,(4,1,1,1,4),(4,4),(-1.00000000000002,
-0.571428534606727,-0.285714224344534,-0.142857069213438,8.59176585432664E-8),
(-0.0620447338159792,0.410831932452459),.UNSPECIFIED.);
#60=B_SPLINE_SURFACE_WITH_KNOTS('',3,3,((#4690,#4691,#4692,#4693),(#4694,
#4695,#4696,#4697),(#4698,#4699,#4700,#4701),(#4702,#4703,#4704,#4705),
(#4706,#4707,#4708,#4709),(#4710,#4711,#4712,#4713),(#4714,#4715,#4716,
#4717)),.UNSPECIFIED.,.F.,.F.,.F.,(4,1,1,1,4),(4,4),(-8.62176228049278E-14,
0.142857142857069,0.285714285714224,0.571428571428535,1.),(-0.0620447338154117,
0.410831932225873),.UNSPECIFIED.);
#61=B_SPLINE_SURFACE_WITH_KNOTS('',3,3,((#4740,#4741,#4742,#4743),(#4744,
#4745,#4746,#4747),(#4748,#4749,#4750,#4751),(#4752,#4753,#4754,#4755),
(#4756,#4757,#4758,#4759),(#4760,#4761,#4762,#4763),(#4764,#4765,#4766,
#4767)),.UNSPECIFIED.,.F.,.F.,.F.,(4,1,1,1,4),(4,4),(-1.00000000000002,
-0.57142853460671,-0.285714224344504,-0.142857069213402,8.59177007020717E-8),
(-0.0620447338137539,0.410831932452459),.UNSPECIFIED.);
#62=B_SPLINE_SURFACE_WITH_KNOTS('',3,3,((#4787,#4788,#4789,#4790),(#4791,
#4792,#4793,#4794),(#4795,#4796,#4797,#4798),(#4799,#4800,#4801,#4802),
(#4803,#4804,#4805,#4806),(#4807,#4808,#4809,#4810)),.UNSPECIFIED.,.F.,
 .F.,.F.,(4,1,1,4),(4,4),(-0.000405336353418202,0.142857142857131,0.428571428571421,
1.),(-0.0624500701671582,0.410831932225873),.UNSPECIFIED.);
#63=B_SPLINE_SURFACE_WITH_KNOTS('',3,3,((#4835,#4836,#4837,#4838),(#4839,
#4840,#4841,#4842),(#4843,#4844,#4845,#4846),(#4847,#4848,#4849,#4850),
(#4851,#4852,#4853,#4854),(#4855,#4856,#4857,#4858)),.UNSPECIFIED.,.F.,
 .F.,.F.,(4,1,1,4),(4,4),(-1.00000000000001,-0.428571379475689,-0.142857069213528,
8.59175536066588E-8),(-0.0620447338137544,0.410831932452459),
 .UNSPECIFIED.);
#64=B_SPLINE_SURFACE_WITH_KNOTS('',3,3,((#4880,#4881,#4882,#4883,#4884,
#4885,#4886,#4887,#4888),(#4889,#4890,#4891,#4892,#4893,#4894,#4895,#4896,
#4897),(#4898,#4899,#4900,#4901,#4902,#4903,#4904,#4905,#4906),(#4907,#4908,
#4909,#4910,#4911,#4912,#4913,#4914,#4915),(#4916,#4917,#4918,#4919,#4920,
#4921,#4922,#4923,#4924),(#4925,#4926,#4927,#4928,#4929,#4930,#4931,#4932,
#4933)),.UNSPECIFIED.,.F.,.F.,.F.,(4,1,1,4),(4,1,1,1,1,1,4),(-1.47098520401331E-13,
0.285714285714181,0.428571428571345,1.),(-0.0620447338137545,-0.0282678290966383,
0.00550907562047798,0.0392859803375942,0.0730628850547104,0.140616694488943,
0.410831932225873),.UNSPECIFIED.);
#65=B_SPLINE_SURFACE_WITH_KNOTS('',3,3,((#4956,#4957,#4958,#4959),(#4960,
#4961,#4962,#4963),(#4964,#4965,#4966,#4967),(#4968,#4969,#4970,#4971),
(#4972,#4973,#4974,#4975),(#4976,#4977,#4978,#4979),(#4980,#4981,#4982,
#4983)),.UNSPECIFIED.,.F.,.F.,.F.,(4,1,1,1,4),(4,4),(-1.00000000000002,
-0.571428534606754,-0.285714224344579,-0.142857069213491,8.5917596370777E-8),
(-0.0620447338137547,0.410831932452459),.UNSPECIFIED.);
#66=B_SPLINE_SURFACE_WITH_KNOTS('',3,3,((#5003,#5004,#5005,#5006),(#5007,
#5008,#5009,#5010),(#5011,#5012,#5013,#5014),(#5015,#5016,#5017,#5018),
(#5019,#5020,#5021,#5022),(#5023,#5024,#5025,#5026),(#5027,#5028,#5029,
#5030)),.UNSPECIFIED.,.F.,.F.,.F.,(4,1,1,1,4),(4,4),(-3.42976826348955E-14,
0.142857142857114,0.285714285714262,0.571428571428559,1.),(-0.0620447338137548,
0.410831932225873),.UNSPECIFIED.);
#67=B_SPLINE_SURFACE_WITH_KNOTS('',3,3,((#5053,#5054,#5055,#5056),(#5057,
#5058,#5059,#5060),(#5061,#5062,#5063,#5064),(#5065,#5066,#5067,#5068),
(#5069,#5070,#5071,#5072),(#5073,#5074,#5075,#5076),(#5077,#5078,#5079,
#5080)),.UNSPECIFIED.,.F.,.F.,.F.,(4,1,1,1,4),(4,4),(-1.00000000000001,
-0.571428534606756,-0.285714224344583,-0.142857069213497,8.59175888212604E-8),
(-0.0620447338137546,0.410831932452459),.UNSPECIFIED.);
#68=B_SPLINE_SURFACE_WITH_KNOTS('',3,3,((#5111,#5112,#5113,#5114),(#5115,
#5116,#5117,#5118),(#5119,#5120,#5121,#5122),(#5123,#5124,#5125,#5126),
(#5127,#5128,#5129,#5130),(#5131,#5132,#5133,#5134)),.UNSPECIFIED.,.F.,
 .F.,.F.,(4,1,1,4),(4,4),(-1.56572704746089E-13,0.142857142857009,0.42857142857134,
1.),(-0.0620447338154127,0.410831932225873),.UNSPECIFIED.);
#69=B_SPLINE_SURFACE_WITH_KNOTS('',3,3,((#5159,#5160,#5161,#5162),(#5163,
#5164,#5165,#5166),(#5167,#5168,#5169,#5170),(#5171,#5172,#5173,#5174),
(#5175,#5176,#5177,#5178),(#5179,#5180,#5181,#5182),(#5183,#5184,#5185,
#5186)),.UNSPECIFIED.,.F.,.F.,.F.,(4,1,1,1,4),(4,4),(-1.00000000000001,
-0.571428534606766,-0.285714224344601,-0.142857069213518,8.59175643963539E-8),
(-0.062044733813754,0.410831932452459),.UNSPECIFIED.);
#70=B_SPLINE_SURFACE_WITH_KNOTS('',3,3,((#5206,#5207,#5208,#5209),(#5210,
#5211,#5212,#5213),(#5214,#5215,#5216,#5217),(#5218,#5219,#5220,#5221),
(#5222,#5223,#5224,#5225),(#5226,#5227,#5228,#5229)),.UNSPECIFIED.,.F.,
 .F.,.F.,(4,1,1,4),(4,4),(-0.000405340759892235,0.142857142857072,0.428571428571382,
1.),(-0.0624500745735866,0.410831932225873),.UNSPECIFIED.);
#71=B_SPLINE_SURFACE_WITH_KNOTS('',3,3,((#5244,#5245,#5246,#5247),(#5248,
#5249,#5250,#5251),(#5252,#5253,#5254,#5255),(#5256,#5257,#5258,#5259),
(#5260,#5261,#5262,#5263),(#5264,#5265,#5266,#5267)),.UNSPECIFIED.,.F.,
 .F.,.F.,(4,1,1,4),(4,4),(-0.000405342171832016,0.142857142857089,0.428571428571393,
1.),(-0.0624500759855842,0.410831932225873),.UNSPECIFIED.);
#72=B_SPLINE_SURFACE_WITH_KNOTS('',3,1,((#5289,#5290),(#5291,#5292),(#5293,
#5294),(#5295,#5296),(#5297,#5298),(#5299,#5300),(#5301,#5302),(#5303,#5304),
(#5305,#5306),(#5307,#5308)),.UNSPECIFIED.,.F.,.F.,.F.,(4,3,3,4),(2,2),
(-0.0247025438645983,-0.00841724211488014,-0.00585639542307048,0.105488664091462),
(0.,0.0720000000000005),.UNSPECIFIED.);
#73=B_SPLINE_SURFACE_WITH_KNOTS('',3,1,((#5310,#5311),(#5312,#5313),(#5314,
#5315),(#5316,#5317),(#5318,#5319),(#5320,#5321),(#5322,#5323),(#5324,#5325),
(#5326,#5327),(#5328,#5329),(#5330,#5331),(#5332,#5333),(#5334,#5335)),
 .UNSPECIFIED.,.F.,.F.,.F.,(4,3,2,2,2,4),(2,2),(-0.0120364999147509,-0.00748942798852099,
-0.00628653282701036,-0.0024966115924891,-0.00045437360559215,-2.37100644022784E-12),
(0.,0.0600000001031948),.UNSPECIFIED.);
#74=B_SPLINE_SURFACE_WITH_KNOTS('',3,3,((#5350,#5351,#5352,#5353),(#5354,
#5355,#5356,#5357),(#5358,#5359,#5360,#5361),(#5362,#5363,#5364,#5365),
(#5366,#5367,#5368,#5369),(#5370,#5371,#5372,#5373)),.UNSPECIFIED.,.F.,
 .F.,.F.,(4,1,1,4),(4,4),(-1.00000000000001,-0.428571379475711,-0.14285706921356,
8.5917516392688E-8),(-0.0620447338159803,0.410831932452459),
 .UNSPECIFIED.);
#75=FACE_BOUND('',#370,.T.);
#76=FACE_BOUND('',#381,.T.);
#77=FACE_BOUND('',#460,.T.);
#78=PLANE('',#2146);
#79=PLANE('',#2156);
#80=PLANE('',#2180);
#81=PLANE('',#2183);
#82=PLANE('',#2188);
#83=PLANE('',#2191);
#84=PLANE('',#2196);
#85=PLANE('',#2199);
#86=PLANE('',#2204);
#87=PLANE('',#2207);
#88=PLANE('',#2212);
#89=PLANE('',#2215);
#90=PLANE('',#2220);
#91=PLANE('',#2223);
#92=PLANE('',#2228);
#93=PLANE('',#2231);
#94=PLANE('',#2236);
#95=PLANE('',#2241);
#96=PLANE('',#2246);
#97=PLANE('',#2249);
#98=PLANE('',#2250);
#99=PLANE('',#2251);
#100=PLANE('',#2253);
#101=ELLIPSE('',#2142,157.495465474645,2.49956914956971);
#102=ELLIPSE('',#2144,157.507384611195,2.49994695789206);
#103=ELLIPSE('',#2177,161.780500279651,2.63724244352295);
#104=ELLIPSE('',#2179,157.517606233167,2.50027097780834);
#105=ELLIPSE('',#2182,2.8410888842805,2.81574490800082);
#106=ELLIPSE('',#2184,161.76728165746,2.63681210827799);
#107=ELLIPSE('',#2187,157.501212587833,2.49975125558143);
#108=ELLIPSE('',#2190,2.84108888436496,2.81574490807649);
#109=ELLIPSE('',#2192,161.799220580743,2.63785189458741);
#110=ELLIPSE('',#2195,161.159439522345,2.6170618038795);
#111=ELLIPSE('',#2198,2.84108888424885,2.81574490797271);
#112=ELLIPSE('',#2200,161.764384611677,2.636717762078);
#113=ELLIPSE('',#2203,161.132206797714,2.61617863890426);
#114=ELLIPSE('',#2206,2.84108888434549,2.81574490805914);
#115=ELLIPSE('',#2208,161.786849669953,2.63744914090999);
#116=ELLIPSE('',#2211,157.504406755483,2.49985253822532);
#117=ELLIPSE('',#2214,2.84108888426164,2.81574490798396);
#118=ELLIPSE('',#2216,157.491181060586,2.49943329971849);
#119=ELLIPSE('',#2218,157.515459630481,2.5002029781258);
#120=ELLIPSE('',#2222,2.84108888428152,2.81574490800196);
#121=ELLIPSE('',#2224,157.467362155862,2.49867831519077);
#122=ELLIPSE('',#2226,157.49159537648,2.49944643083676);
#123=ELLIPSE('',#2230,2.84108888430303,2.81574490802125);
#124=ELLIPSE('',#2232,157.485258661715,2.49924558294908);
#125=ELLIPSE('',#2234,157.514197098509,2.50016292629202);
#126=ELLIPSE('',#2238,2.84108888428855,2.81574490800809);
#127=ELLIPSE('',#2240,2.84108888435798,2.81574490807041);
#128=ELLIPSE('',#2242,157.496750620291,2.49960985117534);
#129=ELLIPSE('',#2244,161.148991723368,2.61672296269038);
#130=ELLIPSE('',#2248,2.84108888420015,2.81574490792915);
#131=B_SPLINE_CURVE_WITH_KNOTS('',3,(#2680,#2681,#2682,#2683,#2684,#2685),
 .UNSPECIFIED.,.F.,.F.,(4,2,4),(5.98221835266809E-7,0.024608734819743,0.0490953503601234),
 .UNSPECIFIED.);
#132=B_SPLINE_CURVE_WITH_KNOTS('',3,(#2687,#2688,#2689,#2690,#2691,#2692,
#2693),.UNSPECIFIED.,.F.,.F.,(4,3,4),(-0.00603015144582726,0.,0.0534365172059029),
 .UNSPECIFIED.);
#133=B_SPLINE_CURVE_WITH_KNOTS('',3,(#2695,#2696,#2697,#2698,#2699,#2700),
 .UNSPECIFIED.,.F.,.F.,(4,2,4),(0.,0.0244857123844117,0.0490929317146465),
 .UNSPECIFIED.);
#134=B_SPLINE_CURVE_WITH_KNOTS('',3,(#2709,#2710,#2711,#2712,#2713,#2714),
 .UNSPECIFIED.,.F.,.F.,(4,2,4),(5.98195957020062E-7,0.024608220464093,0.0490707147689067),
 .UNSPECIFIED.);
#135=B_SPLINE_CURVE_WITH_KNOTS('',3,(#2716,#2717,#2718,#2719,#2720,#2721,
#2722),.UNSPECIFIED.,.F.,.F.,(4,3,4),(-0.00603015144581611,0.,0.0534365171520215),
 .UNSPECIFIED.);
#136=B_SPLINE_CURVE_WITH_KNOTS('',3,(#2724,#2725,#2726,#2727,#2728,#2729),
 .UNSPECIFIED.,.F.,.F.,(4,2,4),(0.,0.024461721849225,0.0490685688025927),
 .UNSPECIFIED.);
#137=B_SPLINE_CURVE_WITH_KNOTS('',3,(#2738,#2739,#2740,#2741,#2742,#2743),
 .UNSPECIFIED.,.F.,.F.,(4,2,4),(5.98221817332032E-7,0.0246087351122665,
0.0490953701017614),.UNSPECIFIED.);
#138=B_SPLINE_CURVE_WITH_KNOTS('',3,(#2745,#2746,#2747,#2748,#2749,#2750,
#2751),.UNSPECIFIED.,.F.,.F.,(4,3,4),(-0.00603015144579745,0.,0.0534365172059005),
 .UNSPECIFIED.);
#139=B_SPLINE_CURVE_WITH_KNOTS('',3,(#2753,#2754,#2755,#2756,#2757,#2758),
 .UNSPECIFIED.,.F.,.F.,(4,2,4),(0.,0.024461796639269,0.0490686446811928),
 .UNSPECIFIED.);
#140=B_SPLINE_CURVE_WITH_KNOTS('',3,(#2767,#2768,#2769,#2770,#2771,#2772),
 .UNSPECIFIED.,.F.,.F.,(4,2,4),(5.98195962201121E-7,0.0246082236756881,
0.049071014440587),.UNSPECIFIED.);
#141=B_SPLINE_CURVE_WITH_KNOTS('',3,(#2774,#2775,#2776,#2777,#2778,#2779,
#2780),.UNSPECIFIED.,.F.,.F.,(4,3,4),(-0.00603015144582351,0.,0.05343651715245),
 .UNSPECIFIED.);
#142=B_SPLINE_CURVE_WITH_KNOTS('',3,(#2782,#2783,#2784,#2785,#2786,#2787),
 .UNSPECIFIED.,.F.,.F.,(4,2,4),(0.,0.0244620212075332,0.0490688725907099),
 .UNSPECIFIED.);
#143=B_SPLINE_CURVE_WITH_KNOTS('',3,(#2796,#2797,#2798,#2799,#2800,#2801),
 .UNSPECIFIED.,.F.,.F.,(4,2,4),(5.9822182182347E-7,0.0246087349535599,0.0490953588096047),
 .UNSPECIFIED.);
#144=B_SPLINE_CURVE_WITH_KNOTS('',3,(#2803,#2804,#2805,#2806,#2807,#2808,
#2809),.UNSPECIFIED.,.F.,.F.,(4,3,4),(-0.0060301514458162,0.,0.0534365172058987),
 .UNSPECIFIED.);
#145=B_SPLINE_CURVE_WITH_KNOTS('',3,(#2811,#2812,#2813,#2814,#2815,#2816),
 .UNSPECIFIED.,.F.,.F.,(4,2,4),(0.,0.0244618227879504,0.0490686712186516),
 .UNSPECIFIED.);
#146=B_SPLINE_CURVE_WITH_KNOTS('',3,(#2825,#2826,#2827,#2828,#2829,#2830),
 .UNSPECIFIED.,.F.,.F.,(4,2,4),(5.98221825689807E-7,0.0246087344637711,
0.0490953262598449),.UNSPECIFIED.);
#147=B_SPLINE_CURVE_WITH_KNOTS('',3,(#2832,#2833,#2834,#2835,#2836,#2837,
#2838),.UNSPECIFIED.,.F.,.F.,(4,3,4),(-0.00603015144581379,0.,0.0534365172059046),
 .UNSPECIFIED.);
#148=B_SPLINE_CURVE_WITH_KNOTS('',3,(#2840,#2841,#2842,#2843,#2844,#2845),
 .UNSPECIFIED.,.F.,.F.,(4,2,4),(0.,0.0244856794504939,0.0490928981060292),
 .UNSPECIFIED.);
#149=B_SPLINE_CURVE_WITH_KNOTS('',3,(#2854,#2855,#2856,#2857,#2858,#2859),
 .UNSPECIFIED.,.F.,.F.,(4,2,4),(5.98195954433855E-7,0.0246082212742001,
0.049070791647597),.UNSPECIFIED.);
#150=B_SPLINE_CURVE_WITH_KNOTS('',3,(#2861,#2862,#2863,#2864,#2865,#2866,
#2867),.UNSPECIFIED.,.F.,.F.,(4,3,4),(-0.00603015144581078,0.,0.0534365171520285),
 .UNSPECIFIED.);
#151=B_SPLINE_CURVE_WITH_KNOTS('',3,(#2869,#2870,#2871,#2872,#2873,#2874),
 .UNSPECIFIED.,.F.,.F.,(4,2,4),(0.,0.0244557413279522,0.0490629435793482),
 .UNSPECIFIED.);
#152=B_SPLINE_CURVE_WITH_KNOTS('',3,(#2883,#2884,#2885,#2886,#2887,#2888),
 .UNSPECIFIED.,.F.,.F.,(4,2,4),(5.98222255587772E-7,0.0246087307682799,
0.0490946600815232),.UNSPECIFIED.);
#153=B_SPLINE_CURVE_WITH_KNOTS('',3,(#2890,#2891,#2892,#2893,#2894,#2895,
#2896),.UNSPECIFIED.,.F.,.F.,(4,3,4),(-0.00603015144581047,0.,0.0534365172068016),
 .UNSPECIFIED.);
#154=B_SPLINE_CURVE_WITH_KNOTS('',3,(#2898,#2899,#2900,#2901,#2902,#2903),
 .UNSPECIFIED.,.F.,.F.,(4,2,4),(0.,0.0244616606212802,0.049068506664285),
 .UNSPECIFIED.);
#155=B_SPLINE_CURVE_WITH_KNOTS('',3,(#2912,#2913,#2914,#2915,#2916,#2917),
 .UNSPECIFIED.,.F.,.F.,(4,2,4),(5.98221832477226E-7,0.0246087353851315,
0.0490953890119198),.UNSPECIFIED.);
#156=B_SPLINE_CURVE_WITH_KNOTS('',3,(#2919,#2920,#2921,#2922,#2923,#2924,
#2925),.UNSPECIFIED.,.F.,.F.,(4,3,4),(-0.00603015144582326,0.,0.0534365172063215),
 .UNSPECIFIED.);
#157=B_SPLINE_CURVE_WITH_KNOTS('',3,(#2927,#2928,#2929,#2930,#2931,#2932),
 .UNSPECIFIED.,.F.,.F.,(4,2,4),(0.,0.0244857409028417,0.0490929608268236),
 .UNSPECIFIED.);
#158=B_SPLINE_CURVE_WITH_KNOTS('',3,(#2941,#2942,#2943,#2944,#2945,#2946),
 .UNSPECIFIED.,.F.,.F.,(4,2,4),(5.98222254459054E-7,0.0246087307680932,
0.0490946603158948),.UNSPECIFIED.);
#159=B_SPLINE_CURVE_WITH_KNOTS('',3,(#2948,#2949,#2950,#2951,#2952,#2953,
#2954),.UNSPECIFIED.,.F.,.F.,(4,3,4),(-0.00603015144580901,0.,0.0534365172067995),
 .UNSPECIFIED.);
#160=B_SPLINE_CURVE_WITH_KNOTS('',3,(#2956,#2957,#2958,#2959,#2960,#2961),
 .UNSPECIFIED.,.F.,.F.,(4,2,4),(0.,0.024455550533014,0.0490627619793646),
 .UNSPECIFIED.);
#161=B_SPLINE_CURVE_WITH_KNOTS('',3,(#2996,#2997,#2998,#2999,#3000,#3001,
#3002,#3003),.UNSPECIFIED.,.F.,.F.,(4,2,2,4),(-0.0112381335564861,-0.00249661157742272,
-0.000454373603331674,0.),.UNSPECIFIED.);
#162=B_SPLINE_CURVE_WITH_KNOTS('',3,(#3005,#3006,#3007,#3008,#3009,#3010),
 .UNSPECIFIED.,.F.,.F.,(4,2,4),(-0.0112381335564861,-0.00249661157845875,
-0.00179595032347019),.UNSPECIFIED.);
#163=B_SPLINE_CURVE_WITH_KNOTS('',3,(#3012,#3013,#3014,#3015,#3016,#3017,
#3018,#3019),.UNSPECIFIED.,.F.,.F.,(4,2,2,4),(-0.00550559967145686,-0.00269199445927119,
-0.0010554763554908,-3.48231471535155E-5),.UNSPECIFIED.);
#164=B_SPLINE_CURVE_WITH_KNOTS('',3,(#3044,#3045,#3046,#3047,#3048,#3049,
#3050,#3051,#3052,#3053),.UNSPECIFIED.,.F.,.F.,(4,2,2,2,4),(-0.0247025438743255,
-0.0207331465412748,-0.0159204863492678,-0.00585639542417278,0.105488664097836),
 .UNSPECIFIED.);
#165=B_SPLINE_CURVE_WITH_KNOTS('',3,(#3057,#3058,#3059,#3060,#3061,#3062,
#3063,#3064,#3065,#3066,#3067,#3068,#3069,#3070,#3071,#3072,#3073,#3074,
#3075,#3076,#3077,#3078,#3079,#3080,#3081,#3082,#3083,#3084,#3085,#3086,
#3087,#3088,#3089,#3090,#3091,#3092,#3093,#3094,#3095,#3096,#3097,#3098,
#3099),.UNSPECIFIED.,.F.,.F.,(4,3,3,3,3,3,3,3,3,3,3,3,3,3,4),(-0.00904941081895212,
-0.00899696924778891,-0.00893242208599427,-0.0088965510941752,-0.0086530101193354,
-0.00839052240442814,-0.00810416787693234,-0.00777086198928526,-0.00740663620200084,
-0.00703312712170052,-0.00700366788264856,-0.00699164167884957,-0.00455251859605859,
-0.00227223346873235,0.),.UNSPECIFIED.);
#166=B_SPLINE_CURVE_WITH_KNOTS('',3,(#3100,#3101,#3102,#3103,#3104,#3105),
 .UNSPECIFIED.,.F.,.F.,(4,2,4),(-0.0136522918263464,-0.00585639542417278,
0.105488664097836),.UNSPECIFIED.);
#167=B_SPLINE_CURVE_WITH_KNOTS('',3,(#3132,#3133,#3134,#3135,#3136,#3137,
#3138,#3139),.UNSPECIFIED.,.F.,.F.,(4,2,2,4),(-0.0112381336527664,-0.00249661159246236,
-0.0004543736033307,0.),.UNSPECIFIED.);
#168=B_SPLINE_CURVE_WITH_KNOTS('',3,(#3141,#3142,#3143,#3144,#3145,#3146),
 .UNSPECIFIED.,.F.,.F.,(4,2,4),(-0.0112381336527664,-0.00249661159349842,
-0.00179595033221769),.UNSPECIFIED.);
#169=B_SPLINE_CURVE_WITH_KNOTS('',3,(#3148,#3149,#3150,#3151,#3152,#3153,
#3154,#3155),.UNSPECIFIED.,.F.,.F.,(4,2,2,4),(-0.00550559967459054,-0.00269199446154957,
-0.00105547636076417,-3.48231471522162E-5),.UNSPECIFIED.);
#170=B_SPLINE_CURVE_WITH_KNOTS('',3,(#3180,#3181,#3182,#3183,#3184,#3185,
#3186,#3187,#3188,#3189),.UNSPECIFIED.,.F.,.F.,(4,2,2,2,4),(-0.024702543873464,
-0.020733146544609,-0.0159204863492109,-0.00585639542430418,0.105488664133622),
 .UNSPECIFIED.);
#171=B_SPLINE_CURVE_WITH_KNOTS('',3,(#3193,#3194,#3195,#3196,#3197,#3198,
#3199,#3200,#3201,#3202,#3203,#3204,#3205,#3206,#3207,#3208,#3209,#3210,
#3211,#3212,#3213,#3214,#3215,#3216,#3217,#3218,#3219,#3220,#3221,#3222,
#3223,#3224,#3225,#3226,#3227,#3228,#3229,#3230,#3231,#3232,#3233,#3234,
#3235),.UNSPECIFIED.,.F.,.F.,(4,3,3,3,3,3,3,3,3,3,3,3,3,3,4),(-0.00904941081791175,
-0.00899696924617138,-0.00893242208386326,-0.00889655109417238,-0.00865301011910147,
-0.00839052240385004,-0.00810416787588989,-0.00777086198766106,-0.00740663619975529,
-0.00703312711881757,-0.00700366788264634,-0.00699164167884854,-0.00455251860605628,
-0.00227223346845155,0.),.UNSPECIFIED.);
#172=B_SPLINE_CURVE_WITH_KNOTS('',3,(#3236,#3237,#3238,#3239,#3240,#3241),
 .UNSPECIFIED.,.F.,.F.,(4,2,4),(-0.0136522918264786,-0.00585639542430418,
0.105488664133622),.UNSPECIFIED.);
#173=B_SPLINE_CURVE_WITH_KNOTS('',3,(#3268,#3269,#3270,#3271,#3272,#3273,
#3274,#3275),.UNSPECIFIED.,.F.,.F.,(4,2,2,4),(-0.0112381336052852,-0.00249661158509705,
-0.000454373603328918,0.),.UNSPECIFIED.);
#174=B_SPLINE_CURVE_WITH_KNOTS('',3,(#3277,#3278,#3279,#3280,#3281,#3282),
 .UNSPECIFIED.,.F.,.F.,(4,2,4),(-0.0112381336052852,-0.00249661158613307,
-0.0017959503279393),.UNSPECIFIED.);
#175=B_SPLINE_CURVE_WITH_KNOTS('',3,(#3284,#3285,#3286,#3287,#3288,#3289),
 .UNSPECIFIED.,.F.,.F.,(4,2,4),(-0.000738124408266805,-0.000442388910560931,
-2.34795594350271E-5),.UNSPECIFIED.);
#176=B_SPLINE_CURVE_WITH_KNOTS('',3,(#3312,#3313,#3314,#3315,#3316,#3317,
#3318,#3319),.UNSPECIFIED.,.F.,.F.,(4,2,2,4),(-0.0247025438696076,-0.00841724212512468,
-0.00585639542380591,0.105488664101204),.UNSPECIFIED.);
#177=B_SPLINE_CURVE_WITH_KNOTS('',3,(#3323,#3324,#3325,#3326,#3327,#3328,
#3329,#3330,#3331,#3332,#3333,#3334,#3335,#3336,#3337,#3338,#3339,#3340,
#3341,#3342,#3343,#3344,#3345,#3346,#3347,#3348,#3349,#3350,#3351,#3352,
#3353,#3354,#3355,#3356,#3357,#3358,#3359),.UNSPECIFIED.,.F.,.F.,(4,3,3,
3,3,3,3,3,3,3,3,3,4),(-0.00892755756206573,-0.00878645720990023,-0.00861706593529752,
-0.00841766436702335,-0.00825802026639753,-0.00761183791402618,-0.00691255879305484,
-0.00614852919268692,-0.0052591332695309,-0.00426108946450204,-0.00310707925949538,
-0.00165271956586589,0.),.UNSPECIFIED.);
#178=B_SPLINE_CURVE_WITH_KNOTS('',3,(#3360,#3361,#3362,#3363,#3364,#3365,
#3366,#3367),.UNSPECIFIED.,.F.,.F.,(4,2,2,4),(-0.0131625454636684,-0.00841724212512468,
-0.00585639542380591,0.105488664101204),.UNSPECIFIED.);
#179=B_SPLINE_CURVE_WITH_KNOTS('',3,(#3380,#3381,#3382,#3383,#3384,#3385,
#3386,#3387),.UNSPECIFIED.,.F.,.F.,(4,2,2,4),(-0.0055055996703019,-0.00269199445621549,
-0.00105547636070658,-3.4823147154619E-5),.UNSPECIFIED.);
#180=B_SPLINE_CURVE_WITH_KNOTS('',3,(#3388,#3389,#3390,#3391,#3392,#3393,
#3394,#3395,#3396,#3397),.UNSPECIFIED.,.F.,.F.,(4,2,2,2,4),(-0.0120364999479816,
-0.00748942800821761,-0.00628653283915433,-0.00249661159658055,-0.00179595033403192),
 .UNSPECIFIED.);
#181=B_SPLINE_CURVE_WITH_KNOTS('',3,(#3399,#3400,#3401,#3402,#3403,#3404,
#3405,#3406,#3407,#3408),.UNSPECIFIED.,.F.,.F.,(4,2,2,2,4),(-0.0136522918201016,
-0.0058563954228043,0.0424176865695879,0.0577395302457643,0.115392868625468),
 .UNSPECIFIED.);
#182=B_SPLINE_CURVE_WITH_KNOTS('',3,(#3410,#3411,#3412,#3413,#3414,#3415,
#3416,#3417,#3418,#3419,#3420,#3421,#3422,#3423,#3424,#3425,#3426,#3427,
#3428,#3429,#3430,#3431,#3432,#3433,#3434,#3435,#3436,#3437,#3438,#3439,
#3440,#3441,#3442,#3443,#3444,#3445,#3446,#3447,#3448,#3449,#3450,#3451,
#3452),.UNSPECIFIED.,.F.,.F.,(4,3,3,3,3,3,3,3,3,3,3,3,3,3,4),(-0.00904941082014793,
-0.00899696924932142,-0.0089324220878002,-0.00889655109417108,-0.00865289253891894,
-0.00839025846918256,-0.00810371715509105,-0.00777002410881718,-0.00740548822481842,
-0.00719856495183206,-0.0070578126511859,-0.00699164167884569,-0.00455251858631218,
-0.00227223346845656,0.),.UNSPECIFIED.);
#183=B_SPLINE_CURVE_WITH_KNOTS('',3,(#3460,#3461,#3462,#3463,#3464,#3465,
#3466,#3467),.UNSPECIFIED.,.F.,.F.,(4,2,2,4),(-0.00550559967443203,-0.00269199446085429,
-0.00105547635705955,-3.48231471558509E-5),.UNSPECIFIED.);
#184=B_SPLINE_CURVE_WITH_KNOTS('',3,(#3468,#3469,#3470,#3471,#3472,#3473),
 .UNSPECIFIED.,.F.,.F.,(4,2,4),(-0.0112381335787427,-0.00249661158181957,
-0.00179595032541792),.UNSPECIFIED.);
#185=B_SPLINE_CURVE_WITH_KNOTS('',3,(#3475,#3476,#3477,#3478,#3479,#3480,
#3481,#3482),.UNSPECIFIED.,.F.,.F.,(4,2,2,4),(-0.0131625454586632,-0.00841724211790086,
-0.00585639542269809,0.105488664062403),.UNSPECIFIED.);
#186=B_SPLINE_CURVE_WITH_KNOTS('',3,(#3484,#3485,#3486,#3487,#3488,#3489,
#3490,#3491,#3492,#3493,#3494,#3495,#3496,#3497,#3498,#3499,#3500,#3501,
#3502,#3503,#3504,#3505,#3506,#3507,#3508,#3509,#3510,#3511,#3512,#3513,
#3514,#3515,#3516,#3517,#3518,#3519,#3520),.UNSPECIFIED.,.F.,.F.,(4,3,3,
3,3,3,3,3,3,3,3,3,4),(-0.00892755756124784,-0.0087864572091485,-0.00861706593460031,
-0.00841766436643739,-0.00825802026662707,-0.00761183791437417,-0.00691255879353675,
-0.00614852919332321,-0.00525913327035263,-0.00426108946555201,-0.00310707926090354,
-0.00165271956815963,0.),.UNSPECIFIED.);
#187=B_SPLINE_CURVE_WITH_KNOTS('',3,(#3528,#3529,#3530,#3531,#3532,#3533,
#3534,#3535),.UNSPECIFIED.,.F.,.F.,(4,2,2,4),(-0.00550559573426642,-0.00269197288394222,
-0.00105546778725739,-3.48231516865985E-5),.UNSPECIFIED.);
#188=B_SPLINE_CURVE_WITH_KNOTS('',3,(#3536,#3537,#3538,#3539,#3540,#3541),
 .UNSPECIFIED.,.F.,.F.,(4,2,4),(-0.0112381336445637,-0.00249661159227608,
-0.0017959503315464),.UNSPECIFIED.);
#189=B_SPLINE_CURVE_WITH_KNOTS('',3,(#3543,#3544,#3545,#3546,#3547,#3548),
 .UNSPECIFIED.,.F.,.F.,(4,2,4),(-0.0136522918281262,-0.00585639542455083,
0.105488664125844),.UNSPECIFIED.);
#190=B_SPLINE_CURVE_WITH_KNOTS('',3,(#3550,#3551,#3552,#3553,#3554,#3555,
#3556,#3557,#3558,#3559,#3560,#3561,#3562,#3563,#3564,#3565,#3566,#3567,
#3568,#3569,#3570,#3571,#3572,#3573,#3574,#3575,#3576,#3577,#3578,#3579,
#3580,#3581,#3582,#3583,#3584,#3585,#3586,#3587,#3588,#3589,#3590,#3591,
#3592),.UNSPECIFIED.,.F.,.F.,(4,3,3,3,3,3,3,3,3,3,3,3,3,3,4),(-0.00904941081839744,
-0.00899696924638971,-0.00893242208380878,-0.00889655109417682,-0.0086530101188906,
-0.00839052240338032,-0.00810416787511339,-0.00777086198654621,-0.00740663619830725,
-0.00703312711706575,-0.00700366788264984,-0.00699164167885084,-0.00455251861277242,
-0.00227223346863714,0.),.UNSPECIFIED.);
#191=B_SPLINE_CURVE_WITH_KNOTS('',3,(#3600,#3601,#3602,#3603,#3604,#3605),
 .UNSPECIFIED.,.F.,.F.,(4,2,4),(-0.000738124416299303,-0.000442388915128819,
-2.34795595462811E-5),.UNSPECIFIED.);
#192=B_SPLINE_CURVE_WITH_KNOTS('',3,(#3606,#3607,#3608,#3609,#3610,#3611),
 .UNSPECIFIED.,.F.,.F.,(4,2,4),(-0.0112381335600211,-0.00249661157908499,
-0.00179595032384168),.UNSPECIFIED.);
#193=B_SPLINE_CURVE_WITH_KNOTS('',3,(#3613,#3614,#3615,#3616,#3617,#3618),
 .UNSPECIFIED.,.F.,.F.,(4,2,4),(-0.0136522918247992,-0.00585639542372882,
0.105488664117586),.UNSPECIFIED.);
#194=B_SPLINE_CURVE_WITH_KNOTS('',3,(#3620,#3621,#3622,#3623,#3624,#3625,
#3626,#3627,#3628,#3629,#3630,#3631,#3632,#3633,#3634,#3635,#3636,#3637,
#3638,#3639,#3640,#3641,#3642,#3643,#3644,#3645,#3646,#3647,#3648,#3649,
#3650,#3651,#3652,#3653,#3654,#3655,#3656,#3657,#3658,#3659,#3660,#3661,
#3662),.UNSPECIFIED.,.F.,.F.,(4,3,3,3,3,3,3,3,3,3,3,3,3,3,4),(-0.0090494108201108,
-0.00899696924923844,-0.00893242208767476,-0.00889655109417603,-0.00865301011940221,
-0.00839052240458776,-0.00810416787721341,-0.0077708619897145,-0.00740663620258578,
-0.00703312712244189,-0.00700366788264921,-0.00699164167884779,-0.00455251859398189,
-0.00227223346881747,0.),.UNSPECIFIED.);
#195=B_SPLINE_CURVE_WITH_KNOTS('',3,(#3670,#3671,#3672,#3673,#3674,#3675,
#3676,#3677),.UNSPECIFIED.,.F.,.F.,(4,2,2,4),(-0.00550559967977476,-0.00269199446422782,
-0.00105547636183191,-3.482314713937E-5),.UNSPECIFIED.);
#196=B_SPLINE_CURVE_WITH_KNOTS('',3,(#3678,#3679,#3680,#3681,#3682,#3683),
 .UNSPECIFIED.,.F.,.F.,(4,2,4),(-0.0112381336509759,-0.00249661159354354,
-0.00179595033231747),.UNSPECIFIED.);
#197=B_SPLINE_CURVE_WITH_KNOTS('',3,(#3685,#3686,#3687,#3688,#3689,#3690,
#3691,#3692),.UNSPECIFIED.,.F.,.F.,(4,2,2,4),(-0.0131625454597762,-0.00841724211488014,
-0.00585639542307048,0.105488664091462),.UNSPECIFIED.);
#198=B_SPLINE_CURVE_WITH_KNOTS('',3,(#3694,#3695,#3696,#3697,#3698,#3699,
#3700,#3701,#3702,#3703,#3704,#3705,#3706,#3707,#3708,#3709,#3710,#3711,
#3712,#3713,#3714,#3715,#3716,#3717,#3718,#3719,#3720,#3721,#3722,#3723,
#3724,#3725,#3726,#3727,#3728,#3729,#3730),.UNSPECIFIED.,.F.,.F.,(4,3,3,
3,3,3,3,3,3,3,3,3,4),(-0.00892755756213282,-0.00878645720995959,-0.00861706593535142,
-0.00841766436706881,-0.00825802026637351,-0.00761183791396993,-0.00691255879296888,
-0.00614852919257658,-0.00525913326941624,-0.00426108946441199,-0.0031070792595153,
-0.00165271956657845,0.),.UNSPECIFIED.);
#199=B_SPLINE_CURVE_WITH_KNOTS('',3,(#3738,#3739,#3740,#3741,#3742,#3743,
#3744,#3745),.UNSPECIFIED.,.F.,.F.,(4,2,2,4),(-0.00550559966945953,-0.00269199445560041,
-0.00105547635906026,-3.48231471507264E-5),.UNSPECIFIED.);
#200=B_SPLINE_CURVE_WITH_KNOTS('',3,(#3746,#3747,#3748,#3749,#3750,#3751,
#3752,#3753,#3754,#3755),.UNSPECIFIED.,.F.,.F.,(4,2,2,2,4),(-0.0120364999147509,
-0.00748942798815165,-0.0062865328265433,-0.0024966115917142,-0.00179595033121818),
 .UNSPECIFIED.);
#201=B_SPLINE_CURVE_WITH_KNOTS('',3,(#3757,#3758,#3759,#3760,#3761,#3762,
#3763,#3764,#3765,#3766),.UNSPECIFIED.,.F.,.F.,(4,2,2,2,4),(-0.0136522918280826,
-0.0058563954246164,0.0424176865796186,0.0577395302774296,0.11539286868202),
 .UNSPECIFIED.);
#202=B_SPLINE_CURVE_WITH_KNOTS('',3,(#3768,#3769,#3770,#3771,#3772,#3773,
#3774,#3775,#3776,#3777,#3778,#3779,#3780,#3781,#3782,#3783,#3784,#3785,
#3786,#3787,#3788,#3789,#3790,#3791,#3792,#3793,#3794,#3795,#3796,#3797,
#3798,#3799,#3800,#3801,#3802,#3803,#3804,#3805,#3806,#3807,#3808,#3809,
#3810),.UNSPECIFIED.,.F.,.F.,(4,3,3,3,3,3,3,3,3,3,3,3,3,3,4),(-0.00904941081968791,
-0.00899696924864486,-0.00893242208692934,-0.00889655109417256,-0.00865301011935646,
-0.00839052240443566,-0.00810416787688796,-0.00777086198913954,-0.00740663620172447,
-0.00703312712126006,-0.00700366788264649,-0.00699164167884891,-0.00455251860188664,
-0.00227223346866004,0.),.UNSPECIFIED.);
#203=B_SPLINE_CURVE_WITH_KNOTS('',3,(#3818,#3819,#3820,#3821,#3822,#3823,
#3824,#3825),.UNSPECIFIED.,.F.,.F.,(4,2,2,4),(-0.00550559967259158,-0.00269199446000327,
-0.00105547635672186,-3.48231471521085E-5),.UNSPECIFIED.);
#204=B_SPLINE_CURVE_WITH_KNOTS('',3,(#3826,#3827,#3828,#3829,#3830,#3831),
 .UNSPECIFIED.,.F.,.F.,(4,2,4),(-0.0112381335760385,-0.00249661158166736,
-0.0017959503253427),.UNSPECIFIED.);
#205=B_SPLINE_CURVE_WITH_KNOTS('',3,(#3833,#3834,#3835,#3836,#3837,#3838,
#3839,#3840),.UNSPECIFIED.,.F.,.F.,(4,2,2,4),(-0.0131625454638171,-0.00841724212932093,
-0.00585639542386544,0.105488664100244),.UNSPECIFIED.);
#206=B_SPLINE_CURVE_WITH_KNOTS('',3,(#3842,#3843,#3844,#3845,#3846,#3847,
#3848,#3849,#3850,#3851,#3852,#3853,#3854,#3855,#3856,#3857,#3858,#3859,
#3860,#3861,#3862,#3863,#3864,#3865,#3866,#3867,#3868,#3869,#3870,#3871,
#3872,#3873,#3874,#3875,#3876,#3877,#3878),.UNSPECIFIED.,.F.,.F.,(4,3,3,
3,3,3,3,3,3,3,3,3,4),(-0.00892755756128815,-0.00878645720922941,-0.00861706593472358,
-0.00841766436659838,-0.00825802026667167,-0.00761183791447291,-0.00691255879368868,
-0.00614852919352459,-0.00525913327058357,-0.00426108946578322,-0.00310707926104949,
-0.00165271956758751,0.),.UNSPECIFIED.);
#207=B_SPLINE_CURVE_WITH_KNOTS('',3,(#3917,#3918,#3919,#3920,#3921,#3922,
#3923,#3924,#3925,#3926,#3927,#3928),.UNSPECIFIED.,.F.,.F.,(4,2,2,2,2,4),
(-0.0120364999479816,-0.00748942800769126,-0.00628653283848874,-0.00249661159547626,
-0.000454373603310451,0.),.UNSPECIFIED.);
#208=B_SPLINE_CURVE_WITH_KNOTS('',3,(#3963,#3964,#3965,#3966,#3967,#3968,
#3969,#3970,#3971,#3972,#3973,#3974,#3975,#3976),.UNSPECIFIED.,.F.,.F.,
(4,2,2,2,2,2,4),(-0.0247025438639184,-0.0207331465304745,-0.0159204863411724,
-0.0058563954228043,0.0424176865695879,0.0577395302457643,0.115392868625468),
 .UNSPECIFIED.);
#209=B_SPLINE_CURVE_WITH_KNOTS('',3,(#4001,#4002,#4003,#4004,#4005,#4006,
#4007,#4008),.UNSPECIFIED.,.F.,.F.,(4,2,2,4),(-0.0112381335787427,-0.00249661158078352,
-0.000454373603325078,0.),.UNSPECIFIED.);
#210=B_SPLINE_CURVE_WITH_KNOTS('',3,(#4031,#4032,#4033,#4034,#4035,#4036,
#4037,#4038),.UNSPECIFIED.,.F.,.F.,(4,2,2,4),(-0.024702543862354,-0.00841724211790086,
-0.00585639542269809,0.105488664062403),.UNSPECIFIED.);
#211=B_SPLINE_CURVE_WITH_KNOTS('',3,(#4063,#4064,#4065,#4066,#4067,#4068,
#4069,#4070),.UNSPECIFIED.,.F.,.F.,(4,2,2,4),(-0.0112381336445637,-0.00249661159124006,
-0.000454373603317313,0.),.UNSPECIFIED.);
#212=B_SPLINE_CURVE_WITH_KNOTS('',3,(#4095,#4096,#4097,#4098,#4099,#4100,
#4101,#4102,#4103,#4104),.UNSPECIFIED.,.F.,.F.,(4,2,2,2,4),(-0.0247025438724985,
-0.0207331465478553,-0.0159204863515974,-0.00585639542455083,0.105488664125844),
 .UNSPECIFIED.);
#213=B_SPLINE_CURVE_WITH_KNOTS('',3,(#4129,#4130,#4131,#4132,#4133,#4134,
#4135,#4136),.UNSPECIFIED.,.F.,.F.,(4,2,2,4),(-0.0112381335600211,-0.00249661157804896,
-0.000454373603325735,0.),.UNSPECIFIED.);
#214=B_SPLINE_CURVE_WITH_KNOTS('',3,(#4161,#4162,#4163,#4164,#4165,#4166,
#4167,#4168,#4169,#4170),.UNSPECIFIED.,.F.,.F.,(4,2,2,2,4),(-0.0247025438717814,
-0.0207331465380771,-0.0159204863474958,-0.00585639542372882,0.105488664117586),
 .UNSPECIFIED.);
#215=B_SPLINE_CURVE_WITH_KNOTS('',3,(#4195,#4196,#4197,#4198,#4199,#4200,
#4201,#4202),.UNSPECIFIED.,.F.,.F.,(4,2,2,4),(-0.0112381336509759,-0.0024966115925075,
-0.000454373603316006,0.),.UNSPECIFIED.);
#216=B_SPLINE_CURVE_WITH_KNOTS('',3,(#4237,#4238,#4239,#4240,#4241,#4242,
#4243,#4244,#4245,#4246,#4247,#4248,#4249,#4250),.UNSPECIFIED.,.F.,.F.,
(4,2,2,2,2,2,4),(-0.0247025438796602,-0.0207331465454941,-0.0159204863513715,
-0.0058563954246164,0.0424176865796186,0.0577395302774296,0.11539286868202),
 .UNSPECIFIED.);
#217=B_SPLINE_CURVE_WITH_KNOTS('',3,(#4275,#4276,#4277,#4278,#4279,#4280,
#4281,#4282),.UNSPECIFIED.,.F.,.F.,(4,2,2,4),(-0.0112381335760385,-0.00249661158063134,
-0.000454373603325424,0.),.UNSPECIFIED.);
#218=B_SPLINE_CURVE_WITH_KNOTS('',3,(#4305,#4306,#4307,#4308,#4309,#4310,
#4311,#4312),.UNSPECIFIED.,.F.,.F.,(4,2,2,4),(-0.0247025438696747,-0.00841724212932093,
-0.00585639542386544,0.105488664100244),.UNSPECIFIED.);
#219=B_SPLINE_CURVE_WITH_KNOTS('',3,(#4355,#4356,#4357,#4358,#4359,#4360,
#4361,#4362,#4363,#4364),.UNSPECIFIED.,.F.,.F.,(4,2,2,2,4),(-0.00762210366271886,
-0.00329894563429499,-0.00134006604668241,-0.000572043152660499,0.),
 .UNSPECIFIED.);
#220=B_SPLINE_CURVE_WITH_KNOTS('',3,(#4365,#4366,#4367,#4368,#4369,#4370),
 .UNSPECIFIED.,.F.,.F.,(4,2,4),(-0.385713798624294,-0.192857382412765,-1.13790390032682E-6),
 .UNSPECIFIED.);
#221=B_SPLINE_CURVE_WITH_KNOTS('',3,(#4400,#4401,#4402,#4403,#4404,#4405,
#4406,#4407,#4408,#4409),.UNSPECIFIED.,.F.,.F.,(4,2,2,2,4),(-0.114451263917904,
-0.109903298541109,-0.103916826023574,-0.0791997641923384,0.),
 .UNSPECIFIED.);
#222=B_SPLINE_CURVE_WITH_KNOTS('',3,(#4452,#4453,#4454,#4455,#4456,#4457,
#4458,#4459),.UNSPECIFIED.,.F.,.F.,(4,2,2,4),(-0.00577097735994373,-0.00177914298437582,
-0.000798575696727582,0.),.UNSPECIFIED.);
#223=B_SPLINE_CURVE_WITH_KNOTS('',3,(#4460,#4461,#4462,#4463,#4464,#4465),
 .UNSPECIFIED.,.F.,.F.,(4,2,4),(-0.385713798608896,-0.192857382396715,-1.13788862248438E-6),
 .UNSPECIFIED.);
#224=B_SPLINE_CURVE_WITH_KNOTS('',3,(#4499,#4500,#4501,#4502,#4503,#4504,
#4505,#4506),.UNSPECIFIED.,.F.,.F.,(4,2,2,4),(-0.122204254902098,-0.0967893063080734,
-0.0684684452909951,0.),.UNSPECIFIED.);
#225=B_SPLINE_CURVE_WITH_KNOTS('',3,(#4549,#4550,#4551,#4552,#4553,#4554,
#4555,#4556),.UNSPECIFIED.,.F.,.F.,(4,2,2,4),(-0.00739047457698626,-0.00193526193727083,
-0.000813336570668728,0.),.UNSPECIFIED.);
#226=B_SPLINE_CURVE_WITH_KNOTS('',3,(#4557,#4558,#4559,#4560,#4561,#4562),
 .UNSPECIFIED.,.F.,.F.,(4,2,4),(-0.385713798608669,-0.192857382396487,-1.13788838132199E-6),
 .UNSPECIFIED.);
#227=B_SPLINE_CURVE_WITH_KNOTS('',3,(#4622,#4623,#4624,#4625,#4626,#4627,
#4628,#4629),.UNSPECIFIED.,.F.,.F.,(4,2,2,4),(-0.141615450650181,-0.114781759861055,
-0.0792196491826053,0.),.UNSPECIFIED.);
#228=B_SPLINE_CURVE_WITH_KNOTS('',3,(#4672,#4673,#4674,#4675,#4676,#4677,
#4678,#4679),.UNSPECIFIED.,.F.,.F.,(4,2,2,4),(-0.00576142681160838,-0.00177611431173817,
-0.000797283104771798,0.),.UNSPECIFIED.);
#229=B_SPLINE_CURVE_WITH_KNOTS('',3,(#4680,#4681,#4682,#4683,#4684,#4685),
 .UNSPECIFIED.,.F.,.F.,(4,2,4),(-0.3857137986089,-0.192857382396721,-1.13788862426686E-6),
 .UNSPECIFIED.);
#230=B_SPLINE_CURVE_WITH_KNOTS('',3,(#4719,#4720,#4721,#4722,#4723,#4724,
#4725,#4726),.UNSPECIFIED.,.F.,.F.,(4,2,2,4),(-0.122201274833728,-0.0967842559960099,
-0.0684645803087112,0.),.UNSPECIFIED.);
#231=B_SPLINE_CURVE_WITH_KNOTS('',3,(#4769,#4770,#4771,#4772,#4773,#4774,
#4775,#4776),.UNSPECIFIED.,.F.,.F.,(4,2,2,4),(-0.00739052616914063,-0.00193527619795713,
-0.000813342248494506,0.),.UNSPECIFIED.);
#232=B_SPLINE_CURVE_WITH_KNOTS('',3,(#4777,#4778,#4779,#4780,#4781,#4782),
 .UNSPECIFIED.,.F.,.F.,(4,2,4),(-0.385713798608668,-0.192857382396485,-1.13788838008223E-6),
 .UNSPECIFIED.);
#233=B_SPLINE_CURVE_WITH_KNOTS('',3,(#4812,#4813,#4814,#4815,#4816,#4817,
#4818,#4819,#4820,#4821),.UNSPECIFIED.,.F.,.F.,(4,2,2,2,4),(-0.114443798346803,
-0.109896903817956,-0.103911885283499,-0.0791993271151538,0.),
 .UNSPECIFIED.);
#234=B_SPLINE_CURVE_WITH_KNOTS('',3,(#4860,#4861,#4862,#4863,#4864,#4865,
#4866,#4867,#4868,#4869),.UNSPECIFIED.,.F.,.F.,(4,2,2,2,4),(-0.00762340884250706,
-0.0032992351237094,-0.00134006151706966,-0.000572040855864622,0.),
 .UNSPECIFIED.);
#235=B_SPLINE_CURVE_WITH_KNOTS('',3,(#4870,#4871,#4872,#4873,#4874,#4875),
 .UNSPECIFIED.,.F.,.F.,(4,2,4),(-0.385713798624293,-0.192857382412765,-1.13790389821888E-6),
 .UNSPECIFIED.);
#236=B_SPLINE_CURVE_WITH_KNOTS('',3,(#4935,#4936,#4937,#4938,#4939,#4940,
#4941,#4942),.UNSPECIFIED.,.F.,.F.,(4,2,2,4),(-0.141615783364074,-0.114781513045582,
-0.0792198945336918,0.),.UNSPECIFIED.);
#237=B_SPLINE_CURVE_WITH_KNOTS('',3,(#4985,#4986,#4987,#4988,#4989,#4990,
#4991,#4992),.UNSPECIFIED.,.F.,.F.,(4,2,2,4),(-0.00577685528535084,-0.00178100767162997,
-0.000799371355487185,0.),.UNSPECIFIED.);
#238=B_SPLINE_CURVE_WITH_KNOTS('',3,(#4993,#4994,#4995,#4996,#4997,#4998),
 .UNSPECIFIED.,.F.,.F.,(4,2,4),(-0.385713798608915,-0.19285738239674,-1.13788862951782E-6),
 .UNSPECIFIED.);
#239=B_SPLINE_CURVE_WITH_KNOTS('',3,(#5032,#5033,#5034,#5035,#5036,#5037,
#5038,#5039),.UNSPECIFIED.,.F.,.F.,(4,2,2,4),(-0.122207704006903,-0.0967951052180744,
-0.0684728759068199,0.),.UNSPECIFIED.);
#240=B_SPLINE_CURVE_WITH_KNOTS('',3,(#5082,#5083,#5084,#5085,#5086,#5087,
#5088,#5089),.UNSPECIFIED.,.F.,.F.,(4,2,2,4),(-0.00576890268707318,-0.00177848495046934,
-0.000798294885412415,0.),.UNSPECIFIED.);
#241=B_SPLINE_CURVE_WITH_KNOTS('',3,(#5090,#5091,#5092,#5093,#5094,#5095),
 .UNSPECIFIED.,.F.,.F.,(4,2,4),(-0.38571379860892,-0.192857382396747,-1.13788863268062E-6),
 .UNSPECIFIED.);
#242=B_SPLINE_CURVE_WITH_KNOTS('',3,(#5102,#5103,#5104,#5105,#5106,#5107),
 .UNSPECIFIED.,.F.,.F.,(4,2,4),(-0.385713798624272,-0.192857382412739,-1.13790388854389E-6),
 .UNSPECIFIED.);
#243=B_SPLINE_CURVE_WITH_KNOTS('',3,(#5136,#5137,#5138,#5139,#5140,#5141,
#5142,#5143,#5144,#5145),.UNSPECIFIED.,.F.,.F.,(4,2,2,2,4),(-0.114489675731256,
-0.109936194582765,-0.103942218320637,-0.0792018962168088,0.),
 .UNSPECIFIED.);
#244=B_SPLINE_CURVE_WITH_KNOTS('',3,(#5188,#5189,#5190,#5191,#5192,#5193,
#5194,#5195),.UNSPECIFIED.,.F.,.F.,(4,2,2,4),(-0.00576611857622425,-0.00177760199725118,
-0.00079791806712493,0.),.UNSPECIFIED.);
#245=B_SPLINE_CURVE_WITH_KNOTS('',3,(#5196,#5197,#5198,#5199,#5200,#5201),
 .UNSPECIFIED.,.F.,.F.,(4,2,4),(-0.385713798608941,-0.192857382396772,-1.13788864184969E-6),
 .UNSPECIFIED.);
#246=B_SPLINE_CURVE_WITH_KNOTS('',3,(#5231,#5232,#5233,#5234,#5235,#5236,
#5237,#5238,#5239,#5240),.UNSPECIFIED.,.F.,.F.,(4,2,2,2,4),(-0.114460555348767,
-0.109911256745616,-0.1039229726577,-0.0792002979058369,0.),
 .UNSPECIFIED.);
#247=B_SPLINE_CURVE_WITH_KNOTS('',3,(#5269,#5270,#5271,#5272,#5273,#5274,
#5275,#5276,#5277,#5278),.UNSPECIFIED.,.F.,.F.,(4,2,2,2,4),(-0.114463851350302,
-0.109914079657065,-0.1039251523966,-0.079200484434204,0.),
 .UNSPECIFIED.);
#248=B_SPLINE_CURVE_WITH_KNOTS('',3,(#5281,#5282,#5283,#5284,#5285,#5286,
#5287,#5288),.UNSPECIFIED.,.F.,.F.,(4,2,2,4),(-0.0247025438645983,-0.00841724211488014,
-0.00585639542307048,0.105488664091462),.UNSPECIFIED.);
#249=B_SPLINE_CURVE_WITH_KNOTS('',3,(#5337,#5338,#5339,#5340,#5341,#5342,
#5343,#5344,#5345,#5346,#5347,#5348),.UNSPECIFIED.,.F.,.F.,(4,2,2,2,2,4),
(-0.0120364999147509,-0.00748942798762529,-0.0062865328258777,-0.00249661159060989,
-0.000454373603310648,0.),.UNSPECIFIED.);
#250=B_SPLINE_CURVE_WITH_KNOTS('',3,(#5376,#5377,#5378,#5379,#5380,#5381,
#5382,#5383,#5384,#5385),.UNSPECIFIED.,.F.,.F.,(4,2,2,2,4),(-0.0076238787664189,
-0.00329931195671741,-0.00134004709383596,-0.000572033656302844,0.),
 .UNSPECIFIED.);
#251=FACE_OUTER_BOUND('',#356,.T.);
#252=FACE_OUTER_BOUND('',#357,.T.);
#253=FACE_OUTER_BOUND('',#358,.T.);
#254=FACE_OUTER_BOUND('',#359,.T.);
#255=FACE_OUTER_BOUND('',#360,.T.);
#256=FACE_OUTER_BOUND('',#361,.T.);
#257=FACE_OUTER_BOUND('',#362,.T.);
#258=FACE_OUTER_BOUND('',#363,.T.);
#259=FACE_OUTER_BOUND('',#364,.T.);
#260=FACE_OUTER_BOUND('',#365,.T.);
#261=FACE_OUTER_BOUND('',#366,.T.);
#262=FACE_OUTER_BOUND('',#367,.T.);
#263=FACE_OUTER_BOUND('',#368,.T.);
#264=FACE_OUTER_BOUND('',#369,.T.);
#265=FACE_OUTER_BOUND('',#371,.T.);
#266=FACE_OUTER_BOUND('',#372,.T.);
#267=FACE_OUTER_BOUND('',#373,.T.);
#268=FACE_OUTER_BOUND('',#374,.T.);
#269=FACE_OUTER_BOUND('',#375,.T.);
#270=FACE_OUTER_BOUND('',#376,.T.);
#271=FACE_OUTER_BOUND('',#377,.T.);
#272=FACE_OUTER_BOUND('',#378,.T.);
#273=FACE_OUTER_BOUND('',#379,.T.);
#274=FACE_OUTER_BOUND('',#380,.T.);
#275=FACE_OUTER_BOUND('',#382,.T.);
#276=FACE_OUTER_BOUND('',#383,.T.);
#277=FACE_OUTER_BOUND('',#384,.T.);
#278=FACE_OUTER_BOUND('',#385,.T.);
#279=FACE_OUTER_BOUND('',#386,.T.);
#280=FACE_OUTER_BOUND('',#387,.T.);
#281=FACE_OUTER_BOUND('',#388,.T.);
#282=FACE_OUTER_BOUND('',#389,.T.);
#283=FACE_OUTER_BOUND('',#390,.T.);
#284=FACE_OUTER_BOUND('',#391,.T.);
#285=FACE_OUTER_BOUND('',#392,.T.);
#286=FACE_OUTER_BOUND('',#393,.T.);
#287=FACE_OUTER_BOUND('',#394,.T.);
#288=FACE_OUTER_BOUND('',#395,.T.);
#289=FACE_OUTER_BOUND('',#396,.T.);
#290=FACE_OUTER_BOUND('',#397,.T.);
#291=FACE_OUTER_BOUND('',#398,.T.);
#292=FACE_OUTER_BOUND('',#399,.T.);
#293=FACE_OUTER_BOUND('',#400,.T.);
#294=FACE_OUTER_BOUND('',#401,.T.);
#295=FACE_OUTER_BOUND('',#402,.T.);
#296=FACE_OUTER_BOUND('',#403,.T.);
#297=FACE_OUTER_BOUND('',#404,.T.);
#298=FACE_OUTER_BOUND('',#405,.T.);
#299=FACE_OUTER_BOUND('',#406,.T.);
#300=FACE_OUTER_BOUND('',#407,.T.);
#301=FACE_OUTER_BOUND('',#408,.T.);
#302=FACE_OUTER_BOUND('',#409,.T.);
#303=FACE_OUTER_BOUND('',#410,.T.);
#304=FACE_OUTER_BOUND('',#411,.T.);
#305=FACE_OUTER_BOUND('',#412,.T.);
#306=FACE_OUTER_BOUND('',#413,.T.);
#307=FACE_OUTER_BOUND('',#414,.T.);
#308=FACE_OUTER_BOUND('',#415,.T.);
#309=FACE_OUTER_BOUND('',#416,.T.);
#310=FACE_OUTER_BOUND('',#417,.T.);
#311=FACE_OUTER_BOUND('',#418,.T.);
#312=FACE_OUTER_BOUND('',#419,.T.);
#313=FACE_OUTER_BOUND('',#420,.T.);
#314=FACE_OUTER_BOUND('',#421,.T.);
#315=FACE_OUTER_BOUND('',#422,.T.);
#316=FACE_OUTER_BOUND('',#423,.T.);
#317=FACE_OUTER_BOUND('',#424,.T.);
#318=FACE_OUTER_BOUND('',#425,.T.);
#319=FACE_OUTER_BOUND('',#426,.T.);
#320=FACE_OUTER_BOUND('',#427,.T.);
#321=FACE_OUTER_BOUND('',#428,.T.);
#322=FACE_OUTER_BOUND('',#429,.T.);
#323=FACE_OUTER_BOUND('',#430,.T.);
#324=FACE_OUTER_BOUND('',#431,.T.);
#325=FACE_OUTER_BOUND('',#432,.T.);
#326=FACE_OUTER_BOUND('',#433,.T.);
#327=FACE_OUTER_BOUND('',#434,.T.);
#328=FACE_OUTER_BOUND('',#435,.T.);
#329=FACE_OUTER_BOUND('',#436,.T.);
#330=FACE_OUTER_BOUND('',#437,.T.);
#331=FACE_OUTER_BOUND('',#438,.T.);
#332=FACE_OUTER_BOUND('',#439,.T.);
#333=FACE_OUTER_BOUND('',#440,.T.);
#334=FACE_OUTER_BOUND('',#441,.T.);
#335=FACE_OUTER_BOUND('',#442,.T.);
#336=FACE_OUTER_BOUND('',#443,.T.);
#337=FACE_OUTER_BOUND('',#444,.T.);
#338=FACE_OUTER_BOUND('',#445,.T.);
#339=FACE_OUTER_BOUND('',#446,.T.);
#340=FACE_OUTER_BOUND('',#447,.T.);
#341=FACE_OUTER_BOUND('',#448,.T.);
#342=FACE_OUTER_BOUND('',#449,.T.);
#343=FACE_OUTER_BOUND('',#450,.T.);
#344=FACE_OUTER_BOUND('',#451,.T.);
#345=FACE_OUTER_BOUND('',#452,.T.);
#346=FACE_OUTER_BOUND('',#453,.T.);
#347=FACE_OUTER_BOUND('',#454,.T.);
#348=FACE_OUTER_BOUND('',#455,.T.);
#349=FACE_OUTER_BOUND('',#456,.T.);
#350=FACE_OUTER_BOUND('',#457,.T.);
#351=FACE_OUTER_BOUND('',#458,.T.);
#352=FACE_OUTER_BOUND('',#459,.T.);
#353=FACE_OUTER_BOUND('',#461,.T.);
#354=FACE_OUTER_BOUND('',#462,.T.);
#355=FACE_OUTER_BOUND('',#463,.T.);
#356=EDGE_LOOP('',(#1322,#1323,#1324,#1325));
#357=EDGE_LOOP('',(#1326,#1327,#1328,#1329,#1330,#1331));
#358=EDGE_LOOP('',(#1332,#1333,#1334,#1335,#1336,#1337));
#359=EDGE_LOOP('',(#1338,#1339,#1340,#1341,#1342,#1343));
#360=EDGE_LOOP('',(#1344,#1345,#1346,#1347,#1348,#1349));
#361=EDGE_LOOP('',(#1350,#1351,#1352,#1353,#1354,#1355));
#362=EDGE_LOOP('',(#1356,#1357,#1358,#1359,#1360,#1361));
#363=EDGE_LOOP('',(#1362,#1363,#1364,#1365,#1366,#1367));
#364=EDGE_LOOP('',(#1368,#1369,#1370,#1371,#1372,#1373));
#365=EDGE_LOOP('',(#1374,#1375,#1376,#1377,#1378,#1379));
#366=EDGE_LOOP('',(#1380,#1381,#1382,#1383,#1384,#1385));
#367=EDGE_LOOP('',(#1386,#1387,#1388,#1389));
#368=EDGE_LOOP('',(#1390,#1391,#1392,#1393));
#369=EDGE_LOOP('',(#1394));
#370=EDGE_LOOP('',(#1395));
#371=EDGE_LOOP('',(#1396,#1397,#1398,#1399,#1400));
#372=EDGE_LOOP('',(#1401,#1402,#1403,#1404,#1405));
#373=EDGE_LOOP('',(#1406,#1407,#1408,#1409));
#374=EDGE_LOOP('',(#1410,#1411,#1412,#1413,#1414));
#375=EDGE_LOOP('',(#1415,#1416,#1417,#1418,#1419));
#376=EDGE_LOOP('',(#1420,#1421,#1422,#1423));
#377=EDGE_LOOP('',(#1424,#1425,#1426,#1427,#1428));
#378=EDGE_LOOP('',(#1429,#1430,#1431,#1432,#1433));
#379=EDGE_LOOP('',(#1434,#1435,#1436,#1437));
#380=EDGE_LOOP('',(#1438));
#381=EDGE_LOOP('',(#1439,#1440,#1441,#1442,#1443,#1444,#1445,#1446,#1447,
#1448,#1449,#1450,#1451,#1452,#1453,#1454,#1455,#1456,#1457,#1458,#1459,
#1460,#1461,#1462,#1463,#1464,#1465,#1466,#1467,#1468,#1469,#1470,#1471,
#1472,#1473,#1474,#1475,#1476,#1477,#1478,#1479,#1480,#1481,#1482,#1483,
#1484,#1485,#1486,#1487,#1488,#1489,#1490,#1491,#1492,#1493,#1494,#1495,
#1496,#1497,#1498,#1499,#1500,#1501,#1502,#1503,#1504,#1505,#1506,#1507,
#1508,#1509,#1510,#1511,#1512,#1513,#1514,#1515,#1516,#1517,#1518));
#382=EDGE_LOOP('',(#1519,#1520,#1521,#1522,#1523));
#383=EDGE_LOOP('',(#1524,#1525,#1526,#1527,#1528));
#384=EDGE_LOOP('',(#1529,#1530,#1531,#1532));
#385=EDGE_LOOP('',(#1533,#1534,#1535,#1536,#1537));
#386=EDGE_LOOP('',(#1538,#1539,#1540,#1541,#1542));
#387=EDGE_LOOP('',(#1543,#1544,#1545,#1546));
#388=EDGE_LOOP('',(#1547,#1548,#1549,#1550,#1551));
#389=EDGE_LOOP('',(#1552,#1553,#1554,#1555,#1556));
#390=EDGE_LOOP('',(#1557,#1558,#1559,#1560));
#391=EDGE_LOOP('',(#1561,#1562,#1563,#1564,#1565));
#392=EDGE_LOOP('',(#1566,#1567,#1568,#1569,#1570));
#393=EDGE_LOOP('',(#1571,#1572,#1573,#1574));
#394=EDGE_LOOP('',(#1575,#1576,#1577,#1578,#1579));
#395=EDGE_LOOP('',(#1580,#1581,#1582,#1583,#1584));
#396=EDGE_LOOP('',(#1585,#1586,#1587,#1588));
#397=EDGE_LOOP('',(#1589,#1590,#1591,#1592,#1593));
#398=EDGE_LOOP('',(#1594,#1595,#1596,#1597,#1598));
#399=EDGE_LOOP('',(#1599,#1600,#1601,#1602));
#400=EDGE_LOOP('',(#1603,#1604,#1605,#1606));
#401=EDGE_LOOP('',(#1607,#1608,#1609,#1610,#1611,#1612));
#402=EDGE_LOOP('',(#1613,#1614,#1615,#1616,#1617));
#403=EDGE_LOOP('',(#1618,#1619,#1620,#1621));
#404=EDGE_LOOP('',(#1622,#1623,#1624,#1625,#1626));
#405=EDGE_LOOP('',(#1627,#1628,#1629,#1630,#1631,#1632));
#406=EDGE_LOOP('',(#1633,#1634,#1635,#1636));
#407=EDGE_LOOP('',(#1637,#1638,#1639,#1640,#1641,#1642));
#408=EDGE_LOOP('',(#1643,#1644,#1645,#1646,#1647));
#409=EDGE_LOOP('',(#1648,#1649,#1650,#1651));
#410=EDGE_LOOP('',(#1652,#1653,#1654,#1655,#1656));
#411=EDGE_LOOP('',(#1657,#1658,#1659,#1660,#1661,#1662));
#412=EDGE_LOOP('',(#1663,#1664,#1665,#1666));
#413=EDGE_LOOP('',(#1667,#1668,#1669,#1670,#1671,#1672));
#414=EDGE_LOOP('',(#1673,#1674,#1675,#1676,#1677));
#415=EDGE_LOOP('',(#1678,#1679,#1680,#1681));
#416=EDGE_LOOP('',(#1682,#1683,#1684,#1685,#1686));
#417=EDGE_LOOP('',(#1687,#1688,#1689,#1690,#1691,#1692));
#418=EDGE_LOOP('',(#1693,#1694,#1695,#1696));
#419=EDGE_LOOP('',(#1697,#1698,#1699,#1700,#1701,#1702));
#420=EDGE_LOOP('',(#1703,#1704,#1705,#1706,#1707));
#421=EDGE_LOOP('',(#1708,#1709,#1710,#1711));
#422=EDGE_LOOP('',(#1712,#1713,#1714,#1715,#1716));
#423=EDGE_LOOP('',(#1717,#1718,#1719,#1720,#1721,#1722));
#424=EDGE_LOOP('',(#1723,#1724,#1725,#1726));
#425=EDGE_LOOP('',(#1727,#1728,#1729,#1730,#1731,#1732));
#426=EDGE_LOOP('',(#1733,#1734,#1735,#1736,#1737));
#427=EDGE_LOOP('',(#1738,#1739,#1740,#1741));
#428=EDGE_LOOP('',(#1742,#1743,#1744,#1745,#1746));
#429=EDGE_LOOP('',(#1747,#1748,#1749,#1750,#1751,#1752));
#430=EDGE_LOOP('',(#1753,#1754,#1755,#1756));
#431=EDGE_LOOP('',(#1757,#1758,#1759,#1760,#1761,#1762));
#432=EDGE_LOOP('',(#1763,#1764,#1765,#1766,#1767));
#433=EDGE_LOOP('',(#1768,#1769,#1770,#1771));
#434=EDGE_LOOP('',(#1772,#1773,#1774,#1775,#1776));
#435=EDGE_LOOP('',(#1777,#1778,#1779,#1780,#1781,#1782));
#436=EDGE_LOOP('',(#1783,#1784,#1785,#1786));
#437=EDGE_LOOP('',(#1787,#1788,#1789,#1790,#1791,#1792));
#438=EDGE_LOOP('',(#1793,#1794,#1795,#1796,#1797));
#439=EDGE_LOOP('',(#1798,#1799,#1800,#1801));
#440=EDGE_LOOP('',(#1802,#1803,#1804,#1805,#1806));
#441=EDGE_LOOP('',(#1807,#1808,#1809,#1810,#1811,#1812));
#442=EDGE_LOOP('',(#1813,#1814,#1815,#1816));
#443=EDGE_LOOP('',(#1817,#1818,#1819,#1820,#1821,#1822));
#444=EDGE_LOOP('',(#1823,#1824,#1825,#1826,#1827));
#445=EDGE_LOOP('',(#1828,#1829,#1830,#1831));
#446=EDGE_LOOP('',(#1832,#1833,#1834,#1835));
#447=EDGE_LOOP('',(#1836,#1837,#1838,#1839,#1840));
#448=EDGE_LOOP('',(#1841,#1842,#1843,#1844,#1845,#1846));
#449=EDGE_LOOP('',(#1847,#1848,#1849,#1850));
#450=EDGE_LOOP('',(#1851,#1852,#1853,#1854,#1855,#1856));
#451=EDGE_LOOP('',(#1857,#1858,#1859,#1860,#1861));
#452=EDGE_LOOP('',(#1862,#1863,#1864,#1865));
#453=EDGE_LOOP('',(#1866,#1867,#1868,#1869,#1870));
#454=EDGE_LOOP('',(#1871,#1872,#1873,#1874,#1875,#1876));
#455=EDGE_LOOP('',(#1877,#1878,#1879,#1880,#1881));
#456=EDGE_LOOP('',(#1882,#1883,#1884,#1885,#1886));
#457=EDGE_LOOP('',(#1887,#1888,#1889,#1890,#1891));
#458=EDGE_LOOP('',(#1892,#1893,#1894,#1895,#1896));
#459=EDGE_LOOP('',(#1897,#1898,#1899,#1900,#1901,#1902,#1903,#1904,#1905,
#1906,#1907,#1908,#1909,#1910,#1911,#1912,#1913,#1914,#1915,#1916,#1917,
#1918,#1919,#1920,#1921,#1922,#1923,#1924,#1925,#1926,#1927,#1928,#1929,
#1930,#1931,#1932,#1933,#1934,#1935,#1936,#1937,#1938,#1939,#1940,#1941,
#1942,#1943,#1944,#1945,#1946,#1947,#1948,#1949,#1950,#1951,#1952,#1953,
#1954,#1955,#1956));
#460=EDGE_LOOP('',(#1957));
#461=EDGE_LOOP('',(#1958,#1959,#1960,#1961,#1962,#1963));
#462=EDGE_LOOP('',(#1964,#1965,#1966,#1967));
#463=EDGE_LOOP('',(#1968,#1969,#1970,#1971,#1972,#1973));
#464=LINE('',#2671,#596);
#465=LINE('',#2678,#597);
#466=LINE('',#2701,#598);
#467=LINE('',#2707,#599);
#468=LINE('',#2730,#600);
#469=LINE('',#2736,#601);
#470=LINE('',#2759,#602);
#471=LINE('',#2765,#603);
#472=LINE('',#2788,#604);
#473=LINE('',#2794,#605);
#474=LINE('',#2817,#606);
#475=LINE('',#2823,#607);
#476=LINE('',#2846,#608);
#477=LINE('',#2852,#609);
#478=LINE('',#2875,#610);
#479=LINE('',#2881,#611);
#480=LINE('',#2904,#612);
#481=LINE('',#2910,#613);
#482=LINE('',#2933,#614);
#483=LINE('',#2939,#615);
#484=LINE('',#2962,#616);
#485=LINE('',#2967,#617);
#486=LINE('',#3020,#618);
#487=LINE('',#3055,#619);
#488=LINE('',#3111,#620);
#489=LINE('',#3114,#621);
#490=LINE('',#3156,#622);
#491=LINE('',#3191,#623);
#492=LINE('',#3247,#624);
#493=LINE('',#3250,#625);
#494=LINE('',#3290,#626);
#495=LINE('',#3321,#627);
#496=LINE('',#3373,#628);
#497=LINE('',#3376,#629);
#498=LINE('',#3454,#630);
#499=LINE('',#3458,#631);
#500=LINE('',#3522,#632);
#501=LINE('',#3526,#633);
#502=LINE('',#3594,#634);
#503=LINE('',#3598,#635);
#504=LINE('',#3664,#636);
#505=LINE('',#3668,#637);
#506=LINE('',#3732,#638);
#507=LINE('',#3736,#639);
#508=LINE('',#3812,#640);
#509=LINE('',#3816,#641);
#510=LINE('',#3880,#642);
#511=LINE('',#3883,#643);
#512=LINE('',#3884,#644);
#513=LINE('',#3885,#645);
#514=LINE('',#3886,#646);
#515=LINE('',#3887,#647);
#516=LINE('',#3888,#648);
#517=LINE('',#3889,#649);
#518=LINE('',#3929,#650);
#519=LINE('',#3977,#651);
#520=LINE('',#3982,#652);
#521=LINE('',#3983,#653);
#522=LINE('',#4009,#654);
#523=LINE('',#4039,#655);
#524=LINE('',#4044,#656);
#525=LINE('',#4045,#657);
#526=LINE('',#4071,#658);
#527=LINE('',#4105,#659);
#528=LINE('',#4110,#660);
#529=LINE('',#4111,#661);
#530=LINE('',#4137,#662);
#531=LINE('',#4171,#663);
#532=LINE('',#4176,#664);
#533=LINE('',#4177,#665);
#534=LINE('',#4203,#666);
#535=LINE('',#4251,#667);
#536=LINE('',#4256,#668);
#537=LINE('',#4257,#669);
#538=LINE('',#4283,#670);
#539=LINE('',#4313,#671);
#540=LINE('',#4318,#672);
#541=LINE('',#4319,#673);
#542=LINE('',#4328,#674);
#543=LINE('',#4329,#675);
#544=LINE('',#4374,#676);
#545=LINE('',#4410,#677);
#546=LINE('',#4414,#678);
#547=LINE('',#4421,#679);
#548=LINE('',#4422,#680);
#549=LINE('',#4469,#681);
#550=LINE('',#4507,#682);
#551=LINE('',#4511,#683);
#552=LINE('',#4518,#684);
#553=LINE('',#4519,#685);
#554=LINE('',#4566,#686);
#555=LINE('',#4630,#687);
#556=LINE('',#4634,#688);
#557=LINE('',#4641,#689);
#558=LINE('',#4642,#690);
#559=LINE('',#4689,#691);
#560=LINE('',#4727,#692);
#561=LINE('',#4731,#693);
#562=LINE('',#4738,#694);
#563=LINE('',#4739,#695);
#564=LINE('',#4786,#696);
#565=LINE('',#4822,#697);
#566=LINE('',#4826,#698);
#567=LINE('',#4833,#699);
#568=LINE('',#4834,#700);
#569=LINE('',#4879,#701);
#570=LINE('',#4943,#702);
#571=LINE('',#4947,#703);
#572=LINE('',#4954,#704);
#573=LINE('',#4955,#705);
#574=LINE('',#5002,#706);
#575=LINE('',#5040,#707);
#576=LINE('',#5044,#708);
#577=LINE('',#5051,#709);
#578=LINE('',#5052,#710);
#579=LINE('',#5099,#711);
#580=LINE('',#5110,#712);
#581=LINE('',#5146,#713);
#582=LINE('',#5150,#714);
#583=LINE('',#5157,#715);
#584=LINE('',#5158,#716);
#585=LINE('',#5205,#717);
#586=LINE('',#5241,#718);
#587=LINE('',#5243,#719);
#588=LINE('',#5280,#720);
#589=LINE('',#5309,#721);
#590=LINE('',#5349,#722);
#591=LINE('',#5375,#723);
#592=LINE('',#5387,#724);
#593=LINE('',#5388,#725);
#594=LINE('',#5390,#726);
#595=LINE('',#5392,#727);
#596=VECTOR('',#2260,6.75);
#597=VECTOR('',#2267,10.);
#598=VECTOR('',#2268,10.);
#599=VECTOR('',#2273,10.);
#600=VECTOR('',#2274,10.);
#601=VECTOR('',#2279,10.);
#602=VECTOR('',#2280,10.);
#603=VECTOR('',#2285,10.);
#604=VECTOR('',#2286,10.);
#605=VECTOR('',#2291,10.);
#606=VECTOR('',#2292,10.);
#607=VECTOR('',#2297,10.);
#608=VECTOR('',#2298,10.);
#609=VECTOR('',#2303,10.);
#610=VECTOR('',#2304,10.);
#611=VECTOR('',#2309,10.);
#612=VECTOR('',#2310,10.);
#613=VECTOR('',#2315,10.);
#614=VECTOR('',#2316,10.);
#615=VECTOR('',#2321,10.);
#616=VECTOR('',#2322,10.);
#617=VECTOR('',#2327,1.6);
#618=VECTOR('',#2342,10.);
#619=VECTOR('',#2343,10.);
#620=VECTOR('',#2348,10.);
#621=VECTOR('',#2351,10.);
#622=VECTOR('',#2352,10.);
#623=VECTOR('',#2353,10.);
#624=VECTOR('',#2358,10.);
#625=VECTOR('',#2361,10.);
#626=VECTOR('',#2362,10.);
#627=VECTOR('',#2363,10.);
#628=VECTOR('',#2368,10.);
#629=VECTOR('',#2371,10.);
#630=VECTOR('',#2374,10.);
#631=VECTOR('',#2377,10.);
#632=VECTOR('',#2378,10.);
#633=VECTOR('',#2381,10.);
#634=VECTOR('',#2382,10.);
#635=VECTOR('',#2385,10.);
#636=VECTOR('',#2386,10.);
#637=VECTOR('',#2389,10.);
#638=VECTOR('',#2390,10.);
#639=VECTOR('',#2393,10.);
#640=VECTOR('',#2394,10.);
#641=VECTOR('',#2397,10.);
#642=VECTOR('',#2398,10.);
#643=VECTOR('',#2401,10.);
#644=VECTOR('',#2402,10.);
#645=VECTOR('',#2403,10.);
#646=VECTOR('',#2404,10.);
#647=VECTOR('',#2405,10.);
#648=VECTOR('',#2406,10.);
#649=VECTOR('',#2407,10.);
#650=VECTOR('',#2408,10.);
#651=VECTOR('',#2409,10.);
#652=VECTOR('',#2414,10.);
#653=VECTOR('',#2415,10.);
#654=VECTOR('',#2416,10.);
#655=VECTOR('',#2417,10.);
#656=VECTOR('',#2422,10.);
#657=VECTOR('',#2423,10.);
#658=VECTOR('',#2424,10.);
#659=VECTOR('',#2425,10.);
#660=VECTOR('',#2430,10.);
#661=VECTOR('',#2431,10.);
#662=VECTOR('',#2432,10.);
#663=VECTOR('',#2433,10.);
#664=VECTOR('',#2438,10.);
#665=VECTOR('',#2439,10.);
#666=VECTOR('',#2440,10.);
#667=VECTOR('',#2441,10.);
#668=VECTOR('',#2446,10.);
#669=VECTOR('',#2447,10.);
#670=VECTOR('',#2448,10.);
#671=VECTOR('',#2449,10.);
#672=VECTOR('',#2454,10.);
#673=VECTOR('',#2455,10.);
#674=VECTOR('',#2466,10.);
#675=VECTOR('',#2467,10.);
#676=VECTOR('',#2472,10.);
#677=VECTOR('',#2473,10.);
#678=VECTOR('',#2478,10.);
#679=VECTOR('',#2487,10.);
#680=VECTOR('',#2488,10.);
#681=VECTOR('',#2493,10.);
#682=VECTOR('',#2494,10.);
#683=VECTOR('',#2499,10.);
#684=VECTOR('',#2508,10.);
#685=VECTOR('',#2509,10.);
#686=VECTOR('',#2514,10.);
#687=VECTOR('',#2515,10.);
#688=VECTOR('',#2520,10.);
#689=VECTOR('',#2529,10.);
#690=VECTOR('',#2530,10.);
#691=VECTOR('',#2535,10.);
#692=VECTOR('',#2536,10.);
#693=VECTOR('',#2541,10.);
#694=VECTOR('',#2550,10.);
#695=VECTOR('',#2551,10.);
#696=VECTOR('',#2556,10.);
#697=VECTOR('',#2557,10.);
#698=VECTOR('',#2562,10.);
#699=VECTOR('',#2571,10.);
#700=VECTOR('',#2572,10.);
#701=VECTOR('',#2577,10.);
#702=VECTOR('',#2578,10.);
#703=VECTOR('',#2583,10.);
#704=VECTOR('',#2592,10.);
#705=VECTOR('',#2593,10.);
#706=VECTOR('',#2598,10.);
#707=VECTOR('',#2599,10.);
#708=VECTOR('',#2604,10.);
#709=VECTOR('',#2613,10.);
#710=VECTOR('',#2614,10.);
#711=VECTOR('',#2619,10.);
#712=VECTOR('',#2624,10.);
#713=VECTOR('',#2625,10.);
#714=VECTOR('',#2630,10.);
#715=VECTOR('',#2639,10.);
#716=VECTOR('',#2640,10.);
#717=VECTOR('',#2645,10.);
#718=VECTOR('',#2646,10.);
#719=VECTOR('',#2649,10.);
#720=VECTOR('',#2650,10.);
#721=VECTOR('',#2651,10.);
#722=VECTOR('',#2652,10.);
#723=VECTOR('',#2653,10.);
#724=VECTOR('',#2656,10.);
#725=VECTOR('',#2657,10.);
#726=VECTOR('',#2660,10.);
#727=VECTOR('',#2663,10.);
#728=CIRCLE('',#2116,6.25);
#729=CIRCLE('',#2117,6.25);
#730=CIRCLE('',#2119,6.);
#731=CIRCLE('',#2121,6.);
#732=CIRCLE('',#2123,6.);
#733=CIRCLE('',#2125,6.);
#734=CIRCLE('',#2127,6.);
#735=CIRCLE('',#2129,6.);
#736=CIRCLE('',#2131,6.);
#737=CIRCLE('',#2133,6.);
#738=CIRCLE('',#2135,6.);
#739=CIRCLE('',#2137,6.);
#740=CIRCLE('',#2139,1.6);
#741=CIRCLE('',#2140,1.6);
#742=CIRCLE('',#2143,2.5);
#743=CIRCLE('',#2145,2.5);
#744=CIRCLE('',#2148,2.5);
#745=CIRCLE('',#2149,3.9599371320777);
#746=CIRCLE('',#2151,2.5);
#747=CIRCLE('',#2152,3.9599371320777);
#748=CIRCLE('',#2154,2.5);
#749=CIRCLE('',#2155,3.9599371320777);
#750=CIRCLE('',#2157,3.9599371320777);
#751=CIRCLE('',#2158,3.9599371320777);
#752=CIRCLE('',#2159,3.9599371320777);
#753=CIRCLE('',#2160,3.9599371320777);
#754=CIRCLE('',#2161,3.9599371320777);
#755=CIRCLE('',#2162,3.9599371320777);
#756=CIRCLE('',#2163,3.9599371320777);
#757=CIRCLE('',#2165,2.5);
#758=CIRCLE('',#2167,2.5);
#759=CIRCLE('',#2169,2.5);
#760=CIRCLE('',#2171,2.5);
#761=CIRCLE('',#2173,2.5);
#762=CIRCLE('',#2175,2.5);
#763=CIRCLE('',#2178,2.5);
#764=CIRCLE('',#2186,2.5);
#765=CIRCLE('',#2194,2.5);
#766=CIRCLE('',#2202,2.5);
#767=CIRCLE('',#2210,2.5);
#768=CIRCLE('',#2219,2.5);
#769=CIRCLE('',#2227,2.5);
#770=CIRCLE('',#2235,2.5);
#771=CIRCLE('',#2245,2.5);
#772=VERTEX_POINT('',#2668);
#773=VERTEX_POINT('',#2670);
#774=VERTEX_POINT('',#2674);
#775=VERTEX_POINT('',#2675);
#776=VERTEX_POINT('',#2677);
#777=VERTEX_POINT('',#2679);
#778=VERTEX_POINT('',#2686);
#779=VERTEX_POINT('',#2694);
#780=VERTEX_POINT('',#2703);
#781=VERTEX_POINT('',#2704);
#782=VERTEX_POINT('',#2706);
#783=VERTEX_POINT('',#2708);
#784=VERTEX_POINT('',#2715);
#785=VERTEX_POINT('',#2723);
#786=VERTEX_POINT('',#2732);
#787=VERTEX_POINT('',#2733);
#788=VERTEX_POINT('',#2735);
#789=VERTEX_POINT('',#2737);
#790=VERTEX_POINT('',#2744);
#791=VERTEX_POINT('',#2752);
#792=VERTEX_POINT('',#2761);
#793=VERTEX_POINT('',#2762);
#794=VERTEX_POINT('',#2764);
#795=VERTEX_POINT('',#2766);
#796=VERTEX_POINT('',#2773);
#797=VERTEX_POINT('',#2781);
#798=VERTEX_POINT('',#2790);
#799=VERTEX_POINT('',#2791);
#800=VERTEX_POINT('',#2793);
#801=VERTEX_POINT('',#2795);
#802=VERTEX_POINT('',#2802);
#803=VERTEX_POINT('',#2810);
#804=VERTEX_POINT('',#2819);
#805=VERTEX_POINT('',#2820);
#806=VERTEX_POINT('',#2822);
#807=VERTEX_POINT('',#2824);
#808=VERTEX_POINT('',#2831);
#809=VERTEX_POINT('',#2839);
#810=VERTEX_POINT('',#2848);
#811=VERTEX_POINT('',#2849);
#812=VERTEX_POINT('',#2851);
#813=VERTEX_POINT('',#2853);
#814=VERTEX_POINT('',#2860);
#815=VERTEX_POINT('',#2868);
#816=VERTEX_POINT('',#2877);
#817=VERTEX_POINT('',#2878);
#818=VERTEX_POINT('',#2880);
#819=VERTEX_POINT('',#2882);
#820=VERTEX_POINT('',#2889);
#821=VERTEX_POINT('',#2897);
#822=VERTEX_POINT('',#2906);
#823=VERTEX_POINT('',#2907);
#824=VERTEX_POINT('',#2909);
#825=VERTEX_POINT('',#2911);
#826=VERTEX_POINT('',#2918);
#827=VERTEX_POINT('',#2926);
#828=VERTEX_POINT('',#2935);
#829=VERTEX_POINT('',#2936);
#830=VERTEX_POINT('',#2938);
#831=VERTEX_POINT('',#2940);
#832=VERTEX_POINT('',#2947);
#833=VERTEX_POINT('',#2955);
#834=VERTEX_POINT('',#2964);
#835=VERTEX_POINT('',#2966);
#836=VERTEX_POINT('',#2970);
#837=VERTEX_POINT('',#2971);
#838=VERTEX_POINT('',#2973);
#839=VERTEX_POINT('',#2975);
#840=VERTEX_POINT('',#2995);
#841=VERTEX_POINT('',#3004);
#842=VERTEX_POINT('',#3011);
#843=VERTEX_POINT('',#3043);
#844=VERTEX_POINT('',#3054);
#845=VERTEX_POINT('',#3056);
#846=VERTEX_POINT('',#3107);
#847=VERTEX_POINT('',#3108);
#848=VERTEX_POINT('',#3110);
#849=VERTEX_POINT('',#3112);
#850=VERTEX_POINT('',#3131);
#851=VERTEX_POINT('',#3140);
#852=VERTEX_POINT('',#3147);
#853=VERTEX_POINT('',#3179);
#854=VERTEX_POINT('',#3190);
#855=VERTEX_POINT('',#3192);
#856=VERTEX_POINT('',#3243);
#857=VERTEX_POINT('',#3244);
#858=VERTEX_POINT('',#3246);
#859=VERTEX_POINT('',#3248);
#860=VERTEX_POINT('',#3267);
#861=VERTEX_POINT('',#3276);
#862=VERTEX_POINT('',#3283);
#863=VERTEX_POINT('',#3311);
#864=VERTEX_POINT('',#3320);
#865=VERTEX_POINT('',#3322);
#866=VERTEX_POINT('',#3369);
#867=VERTEX_POINT('',#3370);
#868=VERTEX_POINT('',#3372);
#869=VERTEX_POINT('',#3374);
#870=VERTEX_POINT('',#3378);
#871=VERTEX_POINT('',#3379);
#872=VERTEX_POINT('',#3398);
#873=VERTEX_POINT('',#3409);
#874=VERTEX_POINT('',#3453);
#875=VERTEX_POINT('',#3455);
#876=VERTEX_POINT('',#3457);
#877=VERTEX_POINT('',#3459);
#878=VERTEX_POINT('',#3474);
#879=VERTEX_POINT('',#3483);
#880=VERTEX_POINT('',#3521);
#881=VERTEX_POINT('',#3523);
#882=VERTEX_POINT('',#3525);
#883=VERTEX_POINT('',#3527);
#884=VERTEX_POINT('',#3542);
#885=VERTEX_POINT('',#3549);
#886=VERTEX_POINT('',#3593);
#887=VERTEX_POINT('',#3595);
#888=VERTEX_POINT('',#3597);
#889=VERTEX_POINT('',#3599);
#890=VERTEX_POINT('',#3612);
#891=VERTEX_POINT('',#3619);
#892=VERTEX_POINT('',#3663);
#893=VERTEX_POINT('',#3665);
#894=VERTEX_POINT('',#3667);
#895=VERTEX_POINT('',#3669);
#896=VERTEX_POINT('',#3684);
#897=VERTEX_POINT('',#3693);
#898=VERTEX_POINT('',#3731);
#899=VERTEX_POINT('',#3733);
#900=VERTEX_POINT('',#3735);
#901=VERTEX_POINT('',#3737);
#902=VERTEX_POINT('',#3756);
#903=VERTEX_POINT('',#3767);
#904=VERTEX_POINT('',#3811);
#905=VERTEX_POINT('',#3813);
#906=VERTEX_POINT('',#3815);
#907=VERTEX_POINT('',#3817);
#908=VERTEX_POINT('',#3832);
#909=VERTEX_POINT('',#3841);
#910=VERTEX_POINT('',#3879);
#911=VERTEX_POINT('',#3881);
#912=VERTEX_POINT('',#3916);
#913=VERTEX_POINT('',#3962);
#914=VERTEX_POINT('',#3979);
#915=VERTEX_POINT('',#3980);
#916=VERTEX_POINT('',#4000);
#917=VERTEX_POINT('',#4030);
#918=VERTEX_POINT('',#4041);
#919=VERTEX_POINT('',#4042);
#920=VERTEX_POINT('',#4062);
#921=VERTEX_POINT('',#4094);
#922=VERTEX_POINT('',#4107);
#923=VERTEX_POINT('',#4108);
#924=VERTEX_POINT('',#4128);
#925=VERTEX_POINT('',#4160);
#926=VERTEX_POINT('',#4173);
#927=VERTEX_POINT('',#4174);
#928=VERTEX_POINT('',#4194);
#929=VERTEX_POINT('',#4236);
#930=VERTEX_POINT('',#4253);
#931=VERTEX_POINT('',#4254);
#932=VERTEX_POINT('',#4274);
#933=VERTEX_POINT('',#4304);
#934=VERTEX_POINT('',#4315);
#935=VERTEX_POINT('',#4316);
#936=VERTEX_POINT('',#4321);
#937=VERTEX_POINT('',#4323);
#938=VERTEX_POINT('',#4327);
#939=VERTEX_POINT('',#4354);
#940=VERTEX_POINT('',#4372);
#941=VERTEX_POINT('',#4399);
#942=VERTEX_POINT('',#4412);
#943=VERTEX_POINT('',#4416);
#944=VERTEX_POINT('',#4420);
#945=VERTEX_POINT('',#4451);
#946=VERTEX_POINT('',#4467);
#947=VERTEX_POINT('',#4498);
#948=VERTEX_POINT('',#4509);
#949=VERTEX_POINT('',#4513);
#950=VERTEX_POINT('',#4517);
#951=VERTEX_POINT('',#4548);
#952=VERTEX_POINT('',#4564);
#953=VERTEX_POINT('',#4621);
#954=VERTEX_POINT('',#4632);
#955=VERTEX_POINT('',#4636);
#956=VERTEX_POINT('',#4640);
#957=VERTEX_POINT('',#4671);
#958=VERTEX_POINT('',#4687);
#959=VERTEX_POINT('',#4718);
#960=VERTEX_POINT('',#4729);
#961=VERTEX_POINT('',#4733);
#962=VERTEX_POINT('',#4737);
#963=VERTEX_POINT('',#4768);
#964=VERTEX_POINT('',#4784);
#965=VERTEX_POINT('',#4811);
#966=VERTEX_POINT('',#4824);
#967=VERTEX_POINT('',#4828);
#968=VERTEX_POINT('',#4832);
#969=VERTEX_POINT('',#4859);
#970=VERTEX_POINT('',#4877);
#971=VERTEX_POINT('',#4934);
#972=VERTEX_POINT('',#4945);
#973=VERTEX_POINT('',#4949);
#974=VERTEX_POINT('',#4953);
#975=VERTEX_POINT('',#4984);
#976=VERTEX_POINT('',#5000);
#977=VERTEX_POINT('',#5031);
#978=VERTEX_POINT('',#5042);
#979=VERTEX_POINT('',#5046);
#980=VERTEX_POINT('',#5050);
#981=VERTEX_POINT('',#5081);
#982=VERTEX_POINT('',#5097);
#983=VERTEX_POINT('',#5101);
#984=VERTEX_POINT('',#5108);
#985=VERTEX_POINT('',#5135);
#986=VERTEX_POINT('',#5148);
#987=VERTEX_POINT('',#5152);
#988=VERTEX_POINT('',#5156);
#989=VERTEX_POINT('',#5187);
#990=VERTEX_POINT('',#5203);
#991=VERTEX_POINT('',#5230);
#992=VERTEX_POINT('',#5268);
#993=VERTEX_POINT('',#5279);
#994=VERTEX_POINT('',#5336);
#995=VERTEX_POINT('',#5374);
#996=EDGE_CURVE('',#772,#772,#728,.T.);
#997=EDGE_CURVE('',#772,#773,#464,.T.);
#998=EDGE_CURVE('',#773,#773,#729,.F.);
#999=EDGE_CURVE('',#774,#775,#730,.T.);
#1000=EDGE_CURVE('',#776,#775,#465,.T.);
#1001=EDGE_CURVE('',#777,#776,#131,.T.);
#1002=EDGE_CURVE('',#778,#777,#132,.T.);
#1003=EDGE_CURVE('',#779,#778,#133,.T.);
#1004=EDGE_CURVE('',#779,#774,#466,.T.);
#1005=EDGE_CURVE('',#780,#781,#731,.T.);
#1006=EDGE_CURVE('',#782,#781,#467,.T.);
#1007=EDGE_CURVE('',#783,#782,#134,.T.);
#1008=EDGE_CURVE('',#784,#783,#135,.T.);
#1009=EDGE_CURVE('',#785,#784,#136,.T.);
#1010=EDGE_CURVE('',#785,#780,#468,.T.);
#1011=EDGE_CURVE('',#786,#787,#732,.T.);
#1012=EDGE_CURVE('',#788,#787,#469,.T.);
#1013=EDGE_CURVE('',#789,#788,#137,.T.);
#1014=EDGE_CURVE('',#790,#789,#138,.T.);
#1015=EDGE_CURVE('',#791,#790,#139,.T.);
#1016=EDGE_CURVE('',#791,#786,#470,.T.);
#1017=EDGE_CURVE('',#792,#793,#733,.T.);
#1018=EDGE_CURVE('',#794,#793,#471,.T.);
#1019=EDGE_CURVE('',#795,#794,#140,.T.);
#1020=EDGE_CURVE('',#796,#795,#141,.T.);
#1021=EDGE_CURVE('',#797,#796,#142,.T.);
#1022=EDGE_CURVE('',#797,#792,#472,.T.);
#1023=EDGE_CURVE('',#798,#799,#734,.T.);
#1024=EDGE_CURVE('',#800,#799,#473,.T.);
#1025=EDGE_CURVE('',#801,#800,#143,.T.);
#1026=EDGE_CURVE('',#802,#801,#144,.T.);
#1027=EDGE_CURVE('',#803,#802,#145,.T.);
#1028=EDGE_CURVE('',#803,#798,#474,.T.);
#1029=EDGE_CURVE('',#804,#805,#735,.T.);
#1030=EDGE_CURVE('',#806,#805,#475,.T.);
#1031=EDGE_CURVE('',#807,#806,#146,.T.);
#1032=EDGE_CURVE('',#808,#807,#147,.T.);
#1033=EDGE_CURVE('',#809,#808,#148,.T.);
#1034=EDGE_CURVE('',#809,#804,#476,.T.);
#1035=EDGE_CURVE('',#810,#811,#736,.T.);
#1036=EDGE_CURVE('',#812,#811,#477,.T.);
#1037=EDGE_CURVE('',#813,#812,#149,.T.);
#1038=EDGE_CURVE('',#814,#813,#150,.T.);
#1039=EDGE_CURVE('',#815,#814,#151,.T.);
#1040=EDGE_CURVE('',#815,#810,#478,.T.);
#1041=EDGE_CURVE('',#816,#817,#737,.T.);
#1042=EDGE_CURVE('',#818,#817,#479,.T.);
#1043=EDGE_CURVE('',#819,#818,#152,.T.);
#1044=EDGE_CURVE('',#820,#819,#153,.T.);
#1045=EDGE_CURVE('',#821,#820,#154,.T.);
#1046=EDGE_CURVE('',#821,#816,#480,.T.);
#1047=EDGE_CURVE('',#822,#823,#738,.T.);
#1048=EDGE_CURVE('',#824,#823,#481,.T.);
#1049=EDGE_CURVE('',#825,#824,#155,.T.);
#1050=EDGE_CURVE('',#826,#825,#156,.T.);
#1051=EDGE_CURVE('',#827,#826,#157,.T.);
#1052=EDGE_CURVE('',#827,#822,#482,.T.);
#1053=EDGE_CURVE('',#828,#829,#739,.T.);
#1054=EDGE_CURVE('',#830,#829,#483,.T.);
#1055=EDGE_CURVE('',#831,#830,#158,.T.);
#1056=EDGE_CURVE('',#832,#831,#159,.T.);
#1057=EDGE_CURVE('',#833,#832,#160,.T.);
#1058=EDGE_CURVE('',#833,#828,#484,.T.);
#1059=EDGE_CURVE('',#834,#834,#740,.T.);
#1060=EDGE_CURVE('',#834,#835,#485,.T.);
#1061=EDGE_CURVE('',#835,#835,#741,.T.);
#1062=EDGE_CURVE('',#836,#837,#101,.T.);
#1063=EDGE_CURVE('',#838,#836,#742,.T.);
#1064=EDGE_CURVE('',#839,#838,#102,.T.);
#1065=EDGE_CURVE('',#837,#839,#743,.T.);
#1066=EDGE_CURVE('',#782,#840,#161,.T.);
#1067=EDGE_CURVE('',#781,#841,#162,.T.);
#1068=EDGE_CURVE('',#841,#842,#163,.T.);
#1069=EDGE_CURVE('',#840,#842,#486,.T.);
#1070=EDGE_CURVE('',#843,#785,#164,.T.);
#1071=EDGE_CURVE('',#843,#844,#487,.T.);
#1072=EDGE_CURVE('',#844,#845,#165,.T.);
#1073=EDGE_CURVE('',#845,#780,#166,.T.);
#1074=EDGE_CURVE('',#846,#847,#744,.T.);
#1075=EDGE_CURVE('',#847,#848,#488,.T.);
#1076=EDGE_CURVE('',#849,#848,#745,.T.);
#1077=EDGE_CURVE('',#849,#846,#489,.T.);
#1078=EDGE_CURVE('',#776,#850,#167,.T.);
#1079=EDGE_CURVE('',#775,#851,#168,.T.);
#1080=EDGE_CURVE('',#851,#852,#169,.T.);
#1081=EDGE_CURVE('',#850,#852,#490,.T.);
#1082=EDGE_CURVE('',#853,#779,#170,.T.);
#1083=EDGE_CURVE('',#853,#854,#491,.T.);
#1084=EDGE_CURVE('',#854,#855,#171,.T.);
#1085=EDGE_CURVE('',#855,#774,#172,.T.);
#1086=EDGE_CURVE('',#856,#857,#746,.T.);
#1087=EDGE_CURVE('',#857,#858,#492,.T.);
#1088=EDGE_CURVE('',#859,#858,#747,.T.);
#1089=EDGE_CURVE('',#859,#856,#493,.T.);
#1090=EDGE_CURVE('',#830,#860,#173,.T.);
#1091=EDGE_CURVE('',#829,#861,#174,.T.);
#1092=EDGE_CURVE('',#861,#862,#175,.T.);
#1093=EDGE_CURVE('',#860,#862,#494,.T.);
#1094=EDGE_CURVE('',#863,#833,#176,.T.);
#1095=EDGE_CURVE('',#863,#864,#495,.T.);
#1096=EDGE_CURVE('',#864,#865,#177,.T.);
#1097=EDGE_CURVE('',#865,#828,#178,.T.);
#1098=EDGE_CURVE('',#866,#867,#748,.T.);
#1099=EDGE_CURVE('',#867,#868,#496,.T.);
#1100=EDGE_CURVE('',#869,#868,#749,.T.);
#1101=EDGE_CURVE('',#869,#866,#497,.T.);
#1102=EDGE_CURVE('',#870,#871,#179,.T.);
#1103=EDGE_CURVE('',#823,#870,#180,.T.);
#1104=EDGE_CURVE('',#872,#822,#181,.T.);
#1105=EDGE_CURVE('',#873,#872,#182,.T.);
#1106=EDGE_CURVE('',#873,#874,#498,.T.);
#1107=EDGE_CURVE('',#874,#875,#750,.T.);
#1108=EDGE_CURVE('',#876,#875,#499,.T.);
#1109=EDGE_CURVE('',#877,#876,#183,.T.);
#1110=EDGE_CURVE('',#817,#877,#184,.T.);
#1111=EDGE_CURVE('',#878,#816,#185,.T.);
#1112=EDGE_CURVE('',#879,#878,#186,.T.);
#1113=EDGE_CURVE('',#879,#880,#500,.T.);
#1114=EDGE_CURVE('',#880,#881,#751,.T.);
#1115=EDGE_CURVE('',#882,#881,#501,.T.);
#1116=EDGE_CURVE('',#883,#882,#187,.T.);
#1117=EDGE_CURVE('',#811,#883,#188,.T.);
#1118=EDGE_CURVE('',#884,#810,#189,.T.);
#1119=EDGE_CURVE('',#885,#884,#190,.T.);
#1120=EDGE_CURVE('',#885,#886,#502,.T.);
#1121=EDGE_CURVE('',#886,#887,#752,.T.);
#1122=EDGE_CURVE('',#888,#887,#503,.T.);
#1123=EDGE_CURVE('',#889,#888,#191,.T.);
#1124=EDGE_CURVE('',#805,#889,#192,.T.);
#1125=EDGE_CURVE('',#890,#804,#193,.T.);
#1126=EDGE_CURVE('',#891,#890,#194,.T.);
#1127=EDGE_CURVE('',#891,#892,#504,.T.);
#1128=EDGE_CURVE('',#892,#893,#753,.T.);
#1129=EDGE_CURVE('',#894,#893,#505,.T.);
#1130=EDGE_CURVE('',#895,#894,#195,.T.);
#1131=EDGE_CURVE('',#799,#895,#196,.T.);
#1132=EDGE_CURVE('',#896,#798,#197,.T.);
#1133=EDGE_CURVE('',#897,#896,#198,.T.);
#1134=EDGE_CURVE('',#897,#898,#506,.T.);
#1135=EDGE_CURVE('',#898,#899,#754,.T.);
#1136=EDGE_CURVE('',#900,#899,#507,.T.);
#1137=EDGE_CURVE('',#901,#900,#199,.T.);
#1138=EDGE_CURVE('',#793,#901,#200,.T.);
#1139=EDGE_CURVE('',#902,#792,#201,.T.);
#1140=EDGE_CURVE('',#903,#902,#202,.T.);
#1141=EDGE_CURVE('',#903,#904,#508,.T.);
#1142=EDGE_CURVE('',#904,#905,#755,.T.);
#1143=EDGE_CURVE('',#906,#905,#509,.T.);
#1144=EDGE_CURVE('',#907,#906,#203,.T.);
#1145=EDGE_CURVE('',#787,#907,#204,.T.);
#1146=EDGE_CURVE('',#908,#786,#205,.T.);
#1147=EDGE_CURVE('',#909,#908,#206,.T.);
#1148=EDGE_CURVE('',#909,#910,#510,.T.);
#1149=EDGE_CURVE('',#910,#911,#756,.T.);
#1150=EDGE_CURVE('',#842,#911,#511,.T.);
#1151=EDGE_CURVE('',#844,#849,#512,.T.);
#1152=EDGE_CURVE('',#852,#848,#513,.T.);
#1153=EDGE_CURVE('',#854,#859,#514,.T.);
#1154=EDGE_CURVE('',#862,#858,#515,.T.);
#1155=EDGE_CURVE('',#864,#869,#516,.T.);
#1156=EDGE_CURVE('',#871,#868,#517,.T.);
#1157=EDGE_CURVE('',#824,#912,#207,.T.);
#1158=EDGE_CURVE('',#912,#871,#518,.T.);
#1159=EDGE_CURVE('',#913,#827,#208,.T.);
#1160=EDGE_CURVE('',#913,#873,#519,.T.);
#1161=EDGE_CURVE('',#914,#915,#757,.T.);
#1162=EDGE_CURVE('',#915,#875,#520,.T.);
#1163=EDGE_CURVE('',#874,#914,#521,.T.);
#1164=EDGE_CURVE('',#818,#916,#209,.T.);
#1165=EDGE_CURVE('',#916,#876,#522,.T.);
#1166=EDGE_CURVE('',#917,#821,#210,.T.);
#1167=EDGE_CURVE('',#917,#879,#523,.T.);
#1168=EDGE_CURVE('',#918,#919,#758,.T.);
#1169=EDGE_CURVE('',#919,#881,#524,.T.);
#1170=EDGE_CURVE('',#880,#918,#525,.T.);
#1171=EDGE_CURVE('',#812,#920,#211,.T.);
#1172=EDGE_CURVE('',#920,#882,#526,.T.);
#1173=EDGE_CURVE('',#921,#815,#212,.T.);
#1174=EDGE_CURVE('',#921,#885,#527,.T.);
#1175=EDGE_CURVE('',#922,#923,#759,.T.);
#1176=EDGE_CURVE('',#923,#887,#528,.T.);
#1177=EDGE_CURVE('',#886,#922,#529,.T.);
#1178=EDGE_CURVE('',#806,#924,#213,.T.);
#1179=EDGE_CURVE('',#924,#888,#530,.T.);
#1180=EDGE_CURVE('',#925,#809,#214,.T.);
#1181=EDGE_CURVE('',#925,#891,#531,.T.);
#1182=EDGE_CURVE('',#926,#927,#760,.T.);
#1183=EDGE_CURVE('',#927,#893,#532,.T.);
#1184=EDGE_CURVE('',#892,#926,#533,.T.);
#1185=EDGE_CURVE('',#800,#928,#215,.T.);
#1186=EDGE_CURVE('',#928,#894,#534,.T.);
#1187=EDGE_CURVE('',#929,#797,#216,.T.);
#1188=EDGE_CURVE('',#929,#903,#535,.T.);
#1189=EDGE_CURVE('',#930,#931,#761,.T.);
#1190=EDGE_CURVE('',#931,#905,#536,.T.);
#1191=EDGE_CURVE('',#930,#904,#537,.T.);
#1192=EDGE_CURVE('',#788,#932,#217,.T.);
#1193=EDGE_CURVE('',#932,#906,#538,.T.);
#1194=EDGE_CURVE('',#933,#791,#218,.T.);
#1195=EDGE_CURVE('',#933,#909,#539,.T.);
#1196=EDGE_CURVE('',#934,#935,#762,.T.);
#1197=EDGE_CURVE('',#935,#911,#540,.T.);
#1198=EDGE_CURVE('',#910,#934,#541,.T.);
#1199=EDGE_CURVE('',#936,#934,#103,.T.);
#1200=EDGE_CURVE('',#937,#936,#763,.T.);
#1201=EDGE_CURVE('',#935,#937,#104,.T.);
#1202=EDGE_CURVE('',#938,#937,#542,.T.);
#1203=EDGE_CURVE('',#840,#938,#543,.T.);
#1204=EDGE_CURVE('',#939,#938,#219,.T.);
#1205=EDGE_CURVE('',#783,#939,#220,.T.);
#1206=EDGE_CURVE('',#940,#939,#105,.T.);
#1207=EDGE_CURVE('',#784,#940,#544,.T.);
#1208=EDGE_CURVE('',#941,#940,#221,.T.);
#1209=EDGE_CURVE('',#843,#941,#545,.T.);
#1210=EDGE_CURVE('',#942,#846,#106,.T.);
#1211=EDGE_CURVE('',#942,#941,#546,.T.);
#1212=EDGE_CURVE('',#943,#942,#764,.T.);
#1213=EDGE_CURVE('',#847,#943,#107,.T.);
#1214=EDGE_CURVE('',#944,#943,#547,.T.);
#1215=EDGE_CURVE('',#850,#944,#548,.T.);
#1216=EDGE_CURVE('',#945,#944,#222,.T.);
#1217=EDGE_CURVE('',#777,#945,#223,.T.);
#1218=EDGE_CURVE('',#946,#945,#108,.T.);
#1219=EDGE_CURVE('',#778,#946,#549,.T.);
#1220=EDGE_CURVE('',#947,#946,#224,.T.);
#1221=EDGE_CURVE('',#853,#947,#550,.T.);
#1222=EDGE_CURVE('',#948,#856,#109,.T.);
#1223=EDGE_CURVE('',#948,#947,#551,.T.);
#1224=EDGE_CURVE('',#949,#948,#765,.T.);
#1225=EDGE_CURVE('',#857,#949,#110,.T.);
#1226=EDGE_CURVE('',#950,#949,#552,.T.);
#1227=EDGE_CURVE('',#860,#950,#553,.T.);
#1228=EDGE_CURVE('',#951,#950,#225,.T.);
#1229=EDGE_CURVE('',#831,#951,#226,.T.);
#1230=EDGE_CURVE('',#952,#951,#111,.T.);
#1231=EDGE_CURVE('',#832,#952,#554,.T.);
#1232=EDGE_CURVE('',#953,#952,#227,.T.);
#1233=EDGE_CURVE('',#863,#953,#555,.T.);
#1234=EDGE_CURVE('',#954,#866,#112,.T.);
#1235=EDGE_CURVE('',#954,#953,#556,.T.);
#1236=EDGE_CURVE('',#955,#954,#766,.T.);
#1237=EDGE_CURVE('',#867,#955,#113,.T.);
#1238=EDGE_CURVE('',#956,#955,#557,.T.);
#1239=EDGE_CURVE('',#912,#956,#558,.T.);
#1240=EDGE_CURVE('',#957,#956,#228,.T.);
#1241=EDGE_CURVE('',#825,#957,#229,.T.);
#1242=EDGE_CURVE('',#958,#957,#114,.T.);
#1243=EDGE_CURVE('',#826,#958,#559,.T.);
#1244=EDGE_CURVE('',#959,#958,#230,.T.);
#1245=EDGE_CURVE('',#913,#959,#560,.T.);
#1246=EDGE_CURVE('',#960,#914,#115,.T.);
#1247=EDGE_CURVE('',#960,#959,#561,.T.);
#1248=EDGE_CURVE('',#961,#960,#767,.T.);
#1249=EDGE_CURVE('',#915,#961,#116,.T.);
#1250=EDGE_CURVE('',#962,#961,#562,.T.);
#1251=EDGE_CURVE('',#916,#962,#563,.T.);
#1252=EDGE_CURVE('',#963,#962,#231,.T.);
#1253=EDGE_CURVE('',#819,#963,#232,.T.);
#1254=EDGE_CURVE('',#964,#963,#117,.T.);
#1255=EDGE_CURVE('',#820,#964,#564,.T.);
#1256=EDGE_CURVE('',#965,#964,#233,.T.);
#1257=EDGE_CURVE('',#917,#965,#565,.T.);
#1258=EDGE_CURVE('',#966,#918,#118,.T.);
#1259=EDGE_CURVE('',#966,#965,#566,.T.);
#1260=EDGE_CURVE('',#919,#967,#119,.T.);
#1261=EDGE_CURVE('',#967,#966,#768,.T.);
#1262=EDGE_CURVE('',#968,#967,#567,.T.);
#1263=EDGE_CURVE('',#920,#968,#568,.T.);
#1264=EDGE_CURVE('',#969,#968,#234,.T.);
#1265=EDGE_CURVE('',#813,#969,#235,.T.);
#1266=EDGE_CURVE('',#970,#969,#120,.T.);
#1267=EDGE_CURVE('',#814,#970,#569,.T.);
#1268=EDGE_CURVE('',#971,#970,#236,.T.);
#1269=EDGE_CURVE('',#921,#971,#570,.T.);
#1270=EDGE_CURVE('',#972,#922,#121,.T.);
#1271=EDGE_CURVE('',#972,#971,#571,.T.);
#1272=EDGE_CURVE('',#923,#973,#122,.T.);
#1273=EDGE_CURVE('',#973,#972,#769,.T.);
#1274=EDGE_CURVE('',#974,#973,#572,.T.);
#1275=EDGE_CURVE('',#924,#974,#573,.T.);
#1276=EDGE_CURVE('',#975,#974,#237,.T.);
#1277=EDGE_CURVE('',#807,#975,#238,.T.);
#1278=EDGE_CURVE('',#976,#975,#123,.T.);
#1279=EDGE_CURVE('',#808,#976,#574,.T.);
#1280=EDGE_CURVE('',#977,#976,#239,.T.);
#1281=EDGE_CURVE('',#925,#977,#575,.T.);
#1282=EDGE_CURVE('',#978,#926,#124,.T.);
#1283=EDGE_CURVE('',#978,#977,#576,.T.);
#1284=EDGE_CURVE('',#927,#979,#125,.T.);
#1285=EDGE_CURVE('',#979,#978,#770,.T.);
#1286=EDGE_CURVE('',#980,#979,#577,.T.);
#1287=EDGE_CURVE('',#928,#980,#578,.T.);
#1288=EDGE_CURVE('',#981,#980,#240,.T.);
#1289=EDGE_CURVE('',#801,#981,#241,.T.);
#1290=EDGE_CURVE('',#982,#981,#126,.T.);
#1291=EDGE_CURVE('',#802,#982,#579,.T.);
#1292=EDGE_CURVE('',#795,#983,#242,.T.);
#1293=EDGE_CURVE('',#984,#983,#127,.T.);
#1294=EDGE_CURVE('',#796,#984,#580,.T.);
#1295=EDGE_CURVE('',#985,#984,#243,.T.);
#1296=EDGE_CURVE('',#929,#985,#581,.T.);
#1297=EDGE_CURVE('',#986,#930,#128,.T.);
#1298=EDGE_CURVE('',#986,#985,#582,.T.);
#1299=EDGE_CURVE('',#931,#987,#129,.T.);
#1300=EDGE_CURVE('',#987,#986,#771,.T.);
#1301=EDGE_CURVE('',#988,#987,#583,.T.);
#1302=EDGE_CURVE('',#932,#988,#584,.T.);
#1303=EDGE_CURVE('',#989,#988,#244,.T.);
#1304=EDGE_CURVE('',#789,#989,#245,.T.);
#1305=EDGE_CURVE('',#990,#989,#130,.T.);
#1306=EDGE_CURVE('',#790,#990,#585,.T.);
#1307=EDGE_CURVE('',#991,#990,#246,.T.);
#1308=EDGE_CURVE('',#933,#991,#586,.T.);
#1309=EDGE_CURVE('',#936,#991,#587,.T.);
#1310=EDGE_CURVE('',#992,#982,#247,.T.);
#1311=EDGE_CURVE('',#993,#992,#588,.T.);
#1312=EDGE_CURVE('',#993,#803,#248,.T.);
#1313=EDGE_CURVE('',#993,#897,#589,.T.);
#1314=EDGE_CURVE('',#794,#994,#249,.T.);
#1315=EDGE_CURVE('',#994,#900,#590,.T.);
#1316=EDGE_CURVE('',#994,#995,#591,.T.);
#1317=EDGE_CURVE('',#983,#995,#250,.T.);
#1318=EDGE_CURVE('',#995,#837,#592,.T.);
#1319=EDGE_CURVE('',#839,#992,#593,.T.);
#1320=EDGE_CURVE('',#898,#838,#594,.T.);
#1321=EDGE_CURVE('',#899,#836,#595,.T.);
#1322=ORIENTED_EDGE('',*,*,#996,.F.);
#1323=ORIENTED_EDGE('',*,*,#997,.T.);
#1324=ORIENTED_EDGE('',*,*,#998,.F.);
#1325=ORIENTED_EDGE('',*,*,#997,.F.);
#1326=ORIENTED_EDGE('',*,*,#999,.T.);
#1327=ORIENTED_EDGE('',*,*,#1000,.F.);
#1328=ORIENTED_EDGE('',*,*,#1001,.F.);
#1329=ORIENTED_EDGE('',*,*,#1002,.F.);
#1330=ORIENTED_EDGE('',*,*,#1003,.F.);
#1331=ORIENTED_EDGE('',*,*,#1004,.T.);
#1332=ORIENTED_EDGE('',*,*,#1005,.T.);
#1333=ORIENTED_EDGE('',*,*,#1006,.F.);
#1334=ORIENTED_EDGE('',*,*,#1007,.F.);
#1335=ORIENTED_EDGE('',*,*,#1008,.F.);
#1336=ORIENTED_EDGE('',*,*,#1009,.F.);
#1337=ORIENTED_EDGE('',*,*,#1010,.T.);
#1338=ORIENTED_EDGE('',*,*,#1011,.T.);
#1339=ORIENTED_EDGE('',*,*,#1012,.F.);
#1340=ORIENTED_EDGE('',*,*,#1013,.F.);
#1341=ORIENTED_EDGE('',*,*,#1014,.F.);
#1342=ORIENTED_EDGE('',*,*,#1015,.F.);
#1343=ORIENTED_EDGE('',*,*,#1016,.T.);
#1344=ORIENTED_EDGE('',*,*,#1017,.T.);
#1345=ORIENTED_EDGE('',*,*,#1018,.F.);
#1346=ORIENTED_EDGE('',*,*,#1019,.F.);
#1347=ORIENTED_EDGE('',*,*,#1020,.F.);
#1348=ORIENTED_EDGE('',*,*,#1021,.F.);
#1349=ORIENTED_EDGE('',*,*,#1022,.T.);
#1350=ORIENTED_EDGE('',*,*,#1023,.T.);
#1351=ORIENTED_EDGE('',*,*,#1024,.F.);
#1352=ORIENTED_EDGE('',*,*,#1025,.F.);
#1353=ORIENTED_EDGE('',*,*,#1026,.F.);
#1354=ORIENTED_EDGE('',*,*,#1027,.F.);
#1355=ORIENTED_EDGE('',*,*,#1028,.T.);
#1356=ORIENTED_EDGE('',*,*,#1029,.T.);
#1357=ORIENTED_EDGE('',*,*,#1030,.F.);
#1358=ORIENTED_EDGE('',*,*,#1031,.F.);
#1359=ORIENTED_EDGE('',*,*,#1032,.F.);
#1360=ORIENTED_EDGE('',*,*,#1033,.F.);
#1361=ORIENTED_EDGE('',*,*,#1034,.T.);
#1362=ORIENTED_EDGE('',*,*,#1035,.T.);
#1363=ORIENTED_EDGE('',*,*,#1036,.F.);
#1364=ORIENTED_EDGE('',*,*,#1037,.F.);
#1365=ORIENTED_EDGE('',*,*,#1038,.F.);
#1366=ORIENTED_EDGE('',*,*,#1039,.F.);
#1367=ORIENTED_EDGE('',*,*,#1040,.T.);
#1368=ORIENTED_EDGE('',*,*,#1041,.T.);
#1369=ORIENTED_EDGE('',*,*,#1042,.F.);
#1370=ORIENTED_EDGE('',*,*,#1043,.F.);
#1371=ORIENTED_EDGE('',*,*,#1044,.F.);
#1372=ORIENTED_EDGE('',*,*,#1045,.F.);
#1373=ORIENTED_EDGE('',*,*,#1046,.T.);
#1374=ORIENTED_EDGE('',*,*,#1047,.T.);
#1375=ORIENTED_EDGE('',*,*,#1048,.F.);
#1376=ORIENTED_EDGE('',*,*,#1049,.F.);
#1377=ORIENTED_EDGE('',*,*,#1050,.F.);
#1378=ORIENTED_EDGE('',*,*,#1051,.F.);
#1379=ORIENTED_EDGE('',*,*,#1052,.T.);
#1380=ORIENTED_EDGE('',*,*,#1053,.T.);
#1381=ORIENTED_EDGE('',*,*,#1054,.F.);
#1382=ORIENTED_EDGE('',*,*,#1055,.F.);
#1383=ORIENTED_EDGE('',*,*,#1056,.F.);
#1384=ORIENTED_EDGE('',*,*,#1057,.F.);
#1385=ORIENTED_EDGE('',*,*,#1058,.T.);
#1386=ORIENTED_EDGE('',*,*,#1059,.F.);
#1387=ORIENTED_EDGE('',*,*,#1060,.T.);
#1388=ORIENTED_EDGE('',*,*,#1061,.F.);
#1389=ORIENTED_EDGE('',*,*,#1060,.F.);
#1390=ORIENTED_EDGE('',*,*,#1062,.F.);
#1391=ORIENTED_EDGE('',*,*,#1063,.F.);
#1392=ORIENTED_EDGE('',*,*,#1064,.F.);
#1393=ORIENTED_EDGE('',*,*,#1065,.F.);
#1394=ORIENTED_EDGE('',*,*,#998,.T.);
#1395=ORIENTED_EDGE('',*,*,#1061,.T.);
#1396=ORIENTED_EDGE('',*,*,#1066,.F.);
#1397=ORIENTED_EDGE('',*,*,#1006,.T.);
#1398=ORIENTED_EDGE('',*,*,#1067,.T.);
#1399=ORIENTED_EDGE('',*,*,#1068,.T.);
#1400=ORIENTED_EDGE('',*,*,#1069,.F.);
#1401=ORIENTED_EDGE('',*,*,#1070,.F.);
#1402=ORIENTED_EDGE('',*,*,#1071,.T.);
#1403=ORIENTED_EDGE('',*,*,#1072,.T.);
#1404=ORIENTED_EDGE('',*,*,#1073,.T.);
#1405=ORIENTED_EDGE('',*,*,#1010,.F.);
#1406=ORIENTED_EDGE('',*,*,#1074,.T.);
#1407=ORIENTED_EDGE('',*,*,#1075,.T.);
#1408=ORIENTED_EDGE('',*,*,#1076,.F.);
#1409=ORIENTED_EDGE('',*,*,#1077,.T.);
#1410=ORIENTED_EDGE('',*,*,#1078,.F.);
#1411=ORIENTED_EDGE('',*,*,#1000,.T.);
#1412=ORIENTED_EDGE('',*,*,#1079,.T.);
#1413=ORIENTED_EDGE('',*,*,#1080,.T.);
#1414=ORIENTED_EDGE('',*,*,#1081,.F.);
#1415=ORIENTED_EDGE('',*,*,#1082,.F.);
#1416=ORIENTED_EDGE('',*,*,#1083,.T.);
#1417=ORIENTED_EDGE('',*,*,#1084,.T.);
#1418=ORIENTED_EDGE('',*,*,#1085,.T.);
#1419=ORIENTED_EDGE('',*,*,#1004,.F.);
#1420=ORIENTED_EDGE('',*,*,#1086,.T.);
#1421=ORIENTED_EDGE('',*,*,#1087,.T.);
#1422=ORIENTED_EDGE('',*,*,#1088,.F.);
#1423=ORIENTED_EDGE('',*,*,#1089,.T.);
#1424=ORIENTED_EDGE('',*,*,#1090,.F.);
#1425=ORIENTED_EDGE('',*,*,#1054,.T.);
#1426=ORIENTED_EDGE('',*,*,#1091,.T.);
#1427=ORIENTED_EDGE('',*,*,#1092,.T.);
#1428=ORIENTED_EDGE('',*,*,#1093,.F.);
#1429=ORIENTED_EDGE('',*,*,#1094,.F.);
#1430=ORIENTED_EDGE('',*,*,#1095,.T.);
#1431=ORIENTED_EDGE('',*,*,#1096,.T.);
#1432=ORIENTED_EDGE('',*,*,#1097,.T.);
#1433=ORIENTED_EDGE('',*,*,#1058,.F.);
#1434=ORIENTED_EDGE('',*,*,#1098,.T.);
#1435=ORIENTED_EDGE('',*,*,#1099,.T.);
#1436=ORIENTED_EDGE('',*,*,#1100,.F.);
#1437=ORIENTED_EDGE('',*,*,#1101,.T.);
#1438=ORIENTED_EDGE('',*,*,#996,.T.);
#1439=ORIENTED_EDGE('',*,*,#1102,.F.);
#1440=ORIENTED_EDGE('',*,*,#1103,.F.);
#1441=ORIENTED_EDGE('',*,*,#1047,.F.);
#1442=ORIENTED_EDGE('',*,*,#1104,.F.);
#1443=ORIENTED_EDGE('',*,*,#1105,.F.);
#1444=ORIENTED_EDGE('',*,*,#1106,.T.);
#1445=ORIENTED_EDGE('',*,*,#1107,.T.);
#1446=ORIENTED_EDGE('',*,*,#1108,.F.);
#1447=ORIENTED_EDGE('',*,*,#1109,.F.);
#1448=ORIENTED_EDGE('',*,*,#1110,.F.);
#1449=ORIENTED_EDGE('',*,*,#1041,.F.);
#1450=ORIENTED_EDGE('',*,*,#1111,.F.);
#1451=ORIENTED_EDGE('',*,*,#1112,.F.);
#1452=ORIENTED_EDGE('',*,*,#1113,.T.);
#1453=ORIENTED_EDGE('',*,*,#1114,.T.);
#1454=ORIENTED_EDGE('',*,*,#1115,.F.);
#1455=ORIENTED_EDGE('',*,*,#1116,.F.);
#1456=ORIENTED_EDGE('',*,*,#1117,.F.);
#1457=ORIENTED_EDGE('',*,*,#1035,.F.);
#1458=ORIENTED_EDGE('',*,*,#1118,.F.);
#1459=ORIENTED_EDGE('',*,*,#1119,.F.);
#1460=ORIENTED_EDGE('',*,*,#1120,.T.);
#1461=ORIENTED_EDGE('',*,*,#1121,.T.);
#1462=ORIENTED_EDGE('',*,*,#1122,.F.);
#1463=ORIENTED_EDGE('',*,*,#1123,.F.);
#1464=ORIENTED_EDGE('',*,*,#1124,.F.);
#1465=ORIENTED_EDGE('',*,*,#1029,.F.);
#1466=ORIENTED_EDGE('',*,*,#1125,.F.);
#1467=ORIENTED_EDGE('',*,*,#1126,.F.);
#1468=ORIENTED_EDGE('',*,*,#1127,.T.);
#1469=ORIENTED_EDGE('',*,*,#1128,.T.);
#1470=ORIENTED_EDGE('',*,*,#1129,.F.);
#1471=ORIENTED_EDGE('',*,*,#1130,.F.);
#1472=ORIENTED_EDGE('',*,*,#1131,.F.);
#1473=ORIENTED_EDGE('',*,*,#1023,.F.);
#1474=ORIENTED_EDGE('',*,*,#1132,.F.);
#1475=ORIENTED_EDGE('',*,*,#1133,.F.);
#1476=ORIENTED_EDGE('',*,*,#1134,.T.);
#1477=ORIENTED_EDGE('',*,*,#1135,.T.);
#1478=ORIENTED_EDGE('',*,*,#1136,.F.);
#1479=ORIENTED_EDGE('',*,*,#1137,.F.);
#1480=ORIENTED_EDGE('',*,*,#1138,.F.);
#1481=ORIENTED_EDGE('',*,*,#1017,.F.);
#1482=ORIENTED_EDGE('',*,*,#1139,.F.);
#1483=ORIENTED_EDGE('',*,*,#1140,.F.);
#1484=ORIENTED_EDGE('',*,*,#1141,.T.);
#1485=ORIENTED_EDGE('',*,*,#1142,.T.);
#1486=ORIENTED_EDGE('',*,*,#1143,.F.);
#1487=ORIENTED_EDGE('',*,*,#1144,.F.);
#1488=ORIENTED_EDGE('',*,*,#1145,.F.);
#1489=ORIENTED_EDGE('',*,*,#1011,.F.);
#1490=ORIENTED_EDGE('',*,*,#1146,.F.);
#1491=ORIENTED_EDGE('',*,*,#1147,.F.);
#1492=ORIENTED_EDGE('',*,*,#1148,.T.);
#1493=ORIENTED_EDGE('',*,*,#1149,.T.);
#1494=ORIENTED_EDGE('',*,*,#1150,.F.);
#1495=ORIENTED_EDGE('',*,*,#1068,.F.);
#1496=ORIENTED_EDGE('',*,*,#1067,.F.);
#1497=ORIENTED_EDGE('',*,*,#1005,.F.);
#1498=ORIENTED_EDGE('',*,*,#1073,.F.);
#1499=ORIENTED_EDGE('',*,*,#1072,.F.);
#1500=ORIENTED_EDGE('',*,*,#1151,.T.);
#1501=ORIENTED_EDGE('',*,*,#1076,.T.);
#1502=ORIENTED_EDGE('',*,*,#1152,.F.);
#1503=ORIENTED_EDGE('',*,*,#1080,.F.);
#1504=ORIENTED_EDGE('',*,*,#1079,.F.);
#1505=ORIENTED_EDGE('',*,*,#999,.F.);
#1506=ORIENTED_EDGE('',*,*,#1085,.F.);
#1507=ORIENTED_EDGE('',*,*,#1084,.F.);
#1508=ORIENTED_EDGE('',*,*,#1153,.T.);
#1509=ORIENTED_EDGE('',*,*,#1088,.T.);
#1510=ORIENTED_EDGE('',*,*,#1154,.F.);
#1511=ORIENTED_EDGE('',*,*,#1092,.F.);
#1512=ORIENTED_EDGE('',*,*,#1091,.F.);
#1513=ORIENTED_EDGE('',*,*,#1053,.F.);
#1514=ORIENTED_EDGE('',*,*,#1097,.F.);
#1515=ORIENTED_EDGE('',*,*,#1096,.F.);
#1516=ORIENTED_EDGE('',*,*,#1155,.T.);
#1517=ORIENTED_EDGE('',*,*,#1100,.T.);
#1518=ORIENTED_EDGE('',*,*,#1156,.F.);
#1519=ORIENTED_EDGE('',*,*,#1157,.F.);
#1520=ORIENTED_EDGE('',*,*,#1048,.T.);
#1521=ORIENTED_EDGE('',*,*,#1103,.T.);
#1522=ORIENTED_EDGE('',*,*,#1102,.T.);
#1523=ORIENTED_EDGE('',*,*,#1158,.F.);
#1524=ORIENTED_EDGE('',*,*,#1159,.F.);
#1525=ORIENTED_EDGE('',*,*,#1160,.T.);
#1526=ORIENTED_EDGE('',*,*,#1105,.T.);
#1527=ORIENTED_EDGE('',*,*,#1104,.T.);
#1528=ORIENTED_EDGE('',*,*,#1052,.F.);
#1529=ORIENTED_EDGE('',*,*,#1161,.T.);
#1530=ORIENTED_EDGE('',*,*,#1162,.T.);
#1531=ORIENTED_EDGE('',*,*,#1107,.F.);
#1532=ORIENTED_EDGE('',*,*,#1163,.T.);
#1533=ORIENTED_EDGE('',*,*,#1164,.F.);
#1534=ORIENTED_EDGE('',*,*,#1042,.T.);
#1535=ORIENTED_EDGE('',*,*,#1110,.T.);
#1536=ORIENTED_EDGE('',*,*,#1109,.T.);
#1537=ORIENTED_EDGE('',*,*,#1165,.F.);
#1538=ORIENTED_EDGE('',*,*,#1166,.F.);
#1539=ORIENTED_EDGE('',*,*,#1167,.T.);
#1540=ORIENTED_EDGE('',*,*,#1112,.T.);
#1541=ORIENTED_EDGE('',*,*,#1111,.T.);
#1542=ORIENTED_EDGE('',*,*,#1046,.F.);
#1543=ORIENTED_EDGE('',*,*,#1168,.T.);
#1544=ORIENTED_EDGE('',*,*,#1169,.T.);
#1545=ORIENTED_EDGE('',*,*,#1114,.F.);
#1546=ORIENTED_EDGE('',*,*,#1170,.T.);
#1547=ORIENTED_EDGE('',*,*,#1171,.F.);
#1548=ORIENTED_EDGE('',*,*,#1036,.T.);
#1549=ORIENTED_EDGE('',*,*,#1117,.T.);
#1550=ORIENTED_EDGE('',*,*,#1116,.T.);
#1551=ORIENTED_EDGE('',*,*,#1172,.F.);
#1552=ORIENTED_EDGE('',*,*,#1173,.F.);
#1553=ORIENTED_EDGE('',*,*,#1174,.T.);
#1554=ORIENTED_EDGE('',*,*,#1119,.T.);
#1555=ORIENTED_EDGE('',*,*,#1118,.T.);
#1556=ORIENTED_EDGE('',*,*,#1040,.F.);
#1557=ORIENTED_EDGE('',*,*,#1175,.T.);
#1558=ORIENTED_EDGE('',*,*,#1176,.T.);
#1559=ORIENTED_EDGE('',*,*,#1121,.F.);
#1560=ORIENTED_EDGE('',*,*,#1177,.T.);
#1561=ORIENTED_EDGE('',*,*,#1178,.F.);
#1562=ORIENTED_EDGE('',*,*,#1030,.T.);
#1563=ORIENTED_EDGE('',*,*,#1124,.T.);
#1564=ORIENTED_EDGE('',*,*,#1123,.T.);
#1565=ORIENTED_EDGE('',*,*,#1179,.F.);
#1566=ORIENTED_EDGE('',*,*,#1180,.F.);
#1567=ORIENTED_EDGE('',*,*,#1181,.T.);
#1568=ORIENTED_EDGE('',*,*,#1126,.T.);
#1569=ORIENTED_EDGE('',*,*,#1125,.T.);
#1570=ORIENTED_EDGE('',*,*,#1034,.F.);
#1571=ORIENTED_EDGE('',*,*,#1182,.T.);
#1572=ORIENTED_EDGE('',*,*,#1183,.T.);
#1573=ORIENTED_EDGE('',*,*,#1128,.F.);
#1574=ORIENTED_EDGE('',*,*,#1184,.T.);
#1575=ORIENTED_EDGE('',*,*,#1185,.F.);
#1576=ORIENTED_EDGE('',*,*,#1024,.T.);
#1577=ORIENTED_EDGE('',*,*,#1131,.T.);
#1578=ORIENTED_EDGE('',*,*,#1130,.T.);
#1579=ORIENTED_EDGE('',*,*,#1186,.F.);
#1580=ORIENTED_EDGE('',*,*,#1187,.F.);
#1581=ORIENTED_EDGE('',*,*,#1188,.T.);
#1582=ORIENTED_EDGE('',*,*,#1140,.T.);
#1583=ORIENTED_EDGE('',*,*,#1139,.T.);
#1584=ORIENTED_EDGE('',*,*,#1022,.F.);
#1585=ORIENTED_EDGE('',*,*,#1189,.T.);
#1586=ORIENTED_EDGE('',*,*,#1190,.T.);
#1587=ORIENTED_EDGE('',*,*,#1142,.F.);
#1588=ORIENTED_EDGE('',*,*,#1191,.F.);
#1589=ORIENTED_EDGE('',*,*,#1192,.F.);
#1590=ORIENTED_EDGE('',*,*,#1012,.T.);
#1591=ORIENTED_EDGE('',*,*,#1145,.T.);
#1592=ORIENTED_EDGE('',*,*,#1144,.T.);
#1593=ORIENTED_EDGE('',*,*,#1193,.F.);
#1594=ORIENTED_EDGE('',*,*,#1194,.F.);
#1595=ORIENTED_EDGE('',*,*,#1195,.T.);
#1596=ORIENTED_EDGE('',*,*,#1147,.T.);
#1597=ORIENTED_EDGE('',*,*,#1146,.T.);
#1598=ORIENTED_EDGE('',*,*,#1016,.F.);
#1599=ORIENTED_EDGE('',*,*,#1196,.T.);
#1600=ORIENTED_EDGE('',*,*,#1197,.T.);
#1601=ORIENTED_EDGE('',*,*,#1149,.F.);
#1602=ORIENTED_EDGE('',*,*,#1198,.T.);
#1603=ORIENTED_EDGE('',*,*,#1199,.F.);
#1604=ORIENTED_EDGE('',*,*,#1200,.F.);
#1605=ORIENTED_EDGE('',*,*,#1201,.F.);
#1606=ORIENTED_EDGE('',*,*,#1196,.F.);
#1607=ORIENTED_EDGE('',*,*,#1201,.T.);
#1608=ORIENTED_EDGE('',*,*,#1202,.F.);
#1609=ORIENTED_EDGE('',*,*,#1203,.F.);
#1610=ORIENTED_EDGE('',*,*,#1069,.T.);
#1611=ORIENTED_EDGE('',*,*,#1150,.T.);
#1612=ORIENTED_EDGE('',*,*,#1197,.F.);
#1613=ORIENTED_EDGE('',*,*,#1007,.T.);
#1614=ORIENTED_EDGE('',*,*,#1066,.T.);
#1615=ORIENTED_EDGE('',*,*,#1203,.T.);
#1616=ORIENTED_EDGE('',*,*,#1204,.F.);
#1617=ORIENTED_EDGE('',*,*,#1205,.F.);
#1618=ORIENTED_EDGE('',*,*,#1008,.T.);
#1619=ORIENTED_EDGE('',*,*,#1205,.T.);
#1620=ORIENTED_EDGE('',*,*,#1206,.F.);
#1621=ORIENTED_EDGE('',*,*,#1207,.F.);
#1622=ORIENTED_EDGE('',*,*,#1009,.T.);
#1623=ORIENTED_EDGE('',*,*,#1207,.T.);
#1624=ORIENTED_EDGE('',*,*,#1208,.F.);
#1625=ORIENTED_EDGE('',*,*,#1209,.F.);
#1626=ORIENTED_EDGE('',*,*,#1070,.T.);
#1627=ORIENTED_EDGE('',*,*,#1210,.T.);
#1628=ORIENTED_EDGE('',*,*,#1077,.F.);
#1629=ORIENTED_EDGE('',*,*,#1151,.F.);
#1630=ORIENTED_EDGE('',*,*,#1071,.F.);
#1631=ORIENTED_EDGE('',*,*,#1209,.T.);
#1632=ORIENTED_EDGE('',*,*,#1211,.F.);
#1633=ORIENTED_EDGE('',*,*,#1210,.F.);
#1634=ORIENTED_EDGE('',*,*,#1212,.F.);
#1635=ORIENTED_EDGE('',*,*,#1213,.F.);
#1636=ORIENTED_EDGE('',*,*,#1074,.F.);
#1637=ORIENTED_EDGE('',*,*,#1213,.T.);
#1638=ORIENTED_EDGE('',*,*,#1214,.F.);
#1639=ORIENTED_EDGE('',*,*,#1215,.F.);
#1640=ORIENTED_EDGE('',*,*,#1081,.T.);
#1641=ORIENTED_EDGE('',*,*,#1152,.T.);
#1642=ORIENTED_EDGE('',*,*,#1075,.F.);
#1643=ORIENTED_EDGE('',*,*,#1001,.T.);
#1644=ORIENTED_EDGE('',*,*,#1078,.T.);
#1645=ORIENTED_EDGE('',*,*,#1215,.T.);
#1646=ORIENTED_EDGE('',*,*,#1216,.F.);
#1647=ORIENTED_EDGE('',*,*,#1217,.F.);
#1648=ORIENTED_EDGE('',*,*,#1002,.T.);
#1649=ORIENTED_EDGE('',*,*,#1217,.T.);
#1650=ORIENTED_EDGE('',*,*,#1218,.F.);
#1651=ORIENTED_EDGE('',*,*,#1219,.F.);
#1652=ORIENTED_EDGE('',*,*,#1003,.T.);
#1653=ORIENTED_EDGE('',*,*,#1219,.T.);
#1654=ORIENTED_EDGE('',*,*,#1220,.F.);
#1655=ORIENTED_EDGE('',*,*,#1221,.F.);
#1656=ORIENTED_EDGE('',*,*,#1082,.T.);
#1657=ORIENTED_EDGE('',*,*,#1222,.T.);
#1658=ORIENTED_EDGE('',*,*,#1089,.F.);
#1659=ORIENTED_EDGE('',*,*,#1153,.F.);
#1660=ORIENTED_EDGE('',*,*,#1083,.F.);
#1661=ORIENTED_EDGE('',*,*,#1221,.T.);
#1662=ORIENTED_EDGE('',*,*,#1223,.F.);
#1663=ORIENTED_EDGE('',*,*,#1222,.F.);
#1664=ORIENTED_EDGE('',*,*,#1224,.F.);
#1665=ORIENTED_EDGE('',*,*,#1225,.F.);
#1666=ORIENTED_EDGE('',*,*,#1086,.F.);
#1667=ORIENTED_EDGE('',*,*,#1225,.T.);
#1668=ORIENTED_EDGE('',*,*,#1226,.F.);
#1669=ORIENTED_EDGE('',*,*,#1227,.F.);
#1670=ORIENTED_EDGE('',*,*,#1093,.T.);
#1671=ORIENTED_EDGE('',*,*,#1154,.T.);
#1672=ORIENTED_EDGE('',*,*,#1087,.F.);
#1673=ORIENTED_EDGE('',*,*,#1055,.T.);
#1674=ORIENTED_EDGE('',*,*,#1090,.T.);
#1675=ORIENTED_EDGE('',*,*,#1227,.T.);
#1676=ORIENTED_EDGE('',*,*,#1228,.F.);
#1677=ORIENTED_EDGE('',*,*,#1229,.F.);
#1678=ORIENTED_EDGE('',*,*,#1056,.T.);
#1679=ORIENTED_EDGE('',*,*,#1229,.T.);
#1680=ORIENTED_EDGE('',*,*,#1230,.F.);
#1681=ORIENTED_EDGE('',*,*,#1231,.F.);
#1682=ORIENTED_EDGE('',*,*,#1057,.T.);
#1683=ORIENTED_EDGE('',*,*,#1231,.T.);
#1684=ORIENTED_EDGE('',*,*,#1232,.F.);
#1685=ORIENTED_EDGE('',*,*,#1233,.F.);
#1686=ORIENTED_EDGE('',*,*,#1094,.T.);
#1687=ORIENTED_EDGE('',*,*,#1234,.T.);
#1688=ORIENTED_EDGE('',*,*,#1101,.F.);
#1689=ORIENTED_EDGE('',*,*,#1155,.F.);
#1690=ORIENTED_EDGE('',*,*,#1095,.F.);
#1691=ORIENTED_EDGE('',*,*,#1233,.T.);
#1692=ORIENTED_EDGE('',*,*,#1235,.F.);
#1693=ORIENTED_EDGE('',*,*,#1234,.F.);
#1694=ORIENTED_EDGE('',*,*,#1236,.F.);
#1695=ORIENTED_EDGE('',*,*,#1237,.F.);
#1696=ORIENTED_EDGE('',*,*,#1098,.F.);
#1697=ORIENTED_EDGE('',*,*,#1237,.T.);
#1698=ORIENTED_EDGE('',*,*,#1238,.F.);
#1699=ORIENTED_EDGE('',*,*,#1239,.F.);
#1700=ORIENTED_EDGE('',*,*,#1158,.T.);
#1701=ORIENTED_EDGE('',*,*,#1156,.T.);
#1702=ORIENTED_EDGE('',*,*,#1099,.F.);
#1703=ORIENTED_EDGE('',*,*,#1049,.T.);
#1704=ORIENTED_EDGE('',*,*,#1157,.T.);
#1705=ORIENTED_EDGE('',*,*,#1239,.T.);
#1706=ORIENTED_EDGE('',*,*,#1240,.F.);
#1707=ORIENTED_EDGE('',*,*,#1241,.F.);
#1708=ORIENTED_EDGE('',*,*,#1050,.T.);
#1709=ORIENTED_EDGE('',*,*,#1241,.T.);
#1710=ORIENTED_EDGE('',*,*,#1242,.F.);
#1711=ORIENTED_EDGE('',*,*,#1243,.F.);
#1712=ORIENTED_EDGE('',*,*,#1051,.T.);
#1713=ORIENTED_EDGE('',*,*,#1243,.T.);
#1714=ORIENTED_EDGE('',*,*,#1244,.F.);
#1715=ORIENTED_EDGE('',*,*,#1245,.F.);
#1716=ORIENTED_EDGE('',*,*,#1159,.T.);
#1717=ORIENTED_EDGE('',*,*,#1246,.T.);
#1718=ORIENTED_EDGE('',*,*,#1163,.F.);
#1719=ORIENTED_EDGE('',*,*,#1106,.F.);
#1720=ORIENTED_EDGE('',*,*,#1160,.F.);
#1721=ORIENTED_EDGE('',*,*,#1245,.T.);
#1722=ORIENTED_EDGE('',*,*,#1247,.F.);
#1723=ORIENTED_EDGE('',*,*,#1246,.F.);
#1724=ORIENTED_EDGE('',*,*,#1248,.F.);
#1725=ORIENTED_EDGE('',*,*,#1249,.F.);
#1726=ORIENTED_EDGE('',*,*,#1161,.F.);
#1727=ORIENTED_EDGE('',*,*,#1249,.T.);
#1728=ORIENTED_EDGE('',*,*,#1250,.F.);
#1729=ORIENTED_EDGE('',*,*,#1251,.F.);
#1730=ORIENTED_EDGE('',*,*,#1165,.T.);
#1731=ORIENTED_EDGE('',*,*,#1108,.T.);
#1732=ORIENTED_EDGE('',*,*,#1162,.F.);
#1733=ORIENTED_EDGE('',*,*,#1043,.T.);
#1734=ORIENTED_EDGE('',*,*,#1164,.T.);
#1735=ORIENTED_EDGE('',*,*,#1251,.T.);
#1736=ORIENTED_EDGE('',*,*,#1252,.F.);
#1737=ORIENTED_EDGE('',*,*,#1253,.F.);
#1738=ORIENTED_EDGE('',*,*,#1044,.T.);
#1739=ORIENTED_EDGE('',*,*,#1253,.T.);
#1740=ORIENTED_EDGE('',*,*,#1254,.F.);
#1741=ORIENTED_EDGE('',*,*,#1255,.F.);
#1742=ORIENTED_EDGE('',*,*,#1045,.T.);
#1743=ORIENTED_EDGE('',*,*,#1255,.T.);
#1744=ORIENTED_EDGE('',*,*,#1256,.F.);
#1745=ORIENTED_EDGE('',*,*,#1257,.F.);
#1746=ORIENTED_EDGE('',*,*,#1166,.T.);
#1747=ORIENTED_EDGE('',*,*,#1258,.T.);
#1748=ORIENTED_EDGE('',*,*,#1170,.F.);
#1749=ORIENTED_EDGE('',*,*,#1113,.F.);
#1750=ORIENTED_EDGE('',*,*,#1167,.F.);
#1751=ORIENTED_EDGE('',*,*,#1257,.T.);
#1752=ORIENTED_EDGE('',*,*,#1259,.F.);
#1753=ORIENTED_EDGE('',*,*,#1260,.F.);
#1754=ORIENTED_EDGE('',*,*,#1168,.F.);
#1755=ORIENTED_EDGE('',*,*,#1258,.F.);
#1756=ORIENTED_EDGE('',*,*,#1261,.F.);
#1757=ORIENTED_EDGE('',*,*,#1260,.T.);
#1758=ORIENTED_EDGE('',*,*,#1262,.F.);
#1759=ORIENTED_EDGE('',*,*,#1263,.F.);
#1760=ORIENTED_EDGE('',*,*,#1172,.T.);
#1761=ORIENTED_EDGE('',*,*,#1115,.T.);
#1762=ORIENTED_EDGE('',*,*,#1169,.F.);
#1763=ORIENTED_EDGE('',*,*,#1037,.T.);
#1764=ORIENTED_EDGE('',*,*,#1171,.T.);
#1765=ORIENTED_EDGE('',*,*,#1263,.T.);
#1766=ORIENTED_EDGE('',*,*,#1264,.F.);
#1767=ORIENTED_EDGE('',*,*,#1265,.F.);
#1768=ORIENTED_EDGE('',*,*,#1038,.T.);
#1769=ORIENTED_EDGE('',*,*,#1265,.T.);
#1770=ORIENTED_EDGE('',*,*,#1266,.F.);
#1771=ORIENTED_EDGE('',*,*,#1267,.F.);
#1772=ORIENTED_EDGE('',*,*,#1039,.T.);
#1773=ORIENTED_EDGE('',*,*,#1267,.T.);
#1774=ORIENTED_EDGE('',*,*,#1268,.F.);
#1775=ORIENTED_EDGE('',*,*,#1269,.F.);
#1776=ORIENTED_EDGE('',*,*,#1173,.T.);
#1777=ORIENTED_EDGE('',*,*,#1270,.T.);
#1778=ORIENTED_EDGE('',*,*,#1177,.F.);
#1779=ORIENTED_EDGE('',*,*,#1120,.F.);
#1780=ORIENTED_EDGE('',*,*,#1174,.F.);
#1781=ORIENTED_EDGE('',*,*,#1269,.T.);
#1782=ORIENTED_EDGE('',*,*,#1271,.F.);
#1783=ORIENTED_EDGE('',*,*,#1272,.F.);
#1784=ORIENTED_EDGE('',*,*,#1175,.F.);
#1785=ORIENTED_EDGE('',*,*,#1270,.F.);
#1786=ORIENTED_EDGE('',*,*,#1273,.F.);
#1787=ORIENTED_EDGE('',*,*,#1272,.T.);
#1788=ORIENTED_EDGE('',*,*,#1274,.F.);
#1789=ORIENTED_EDGE('',*,*,#1275,.F.);
#1790=ORIENTED_EDGE('',*,*,#1179,.T.);
#1791=ORIENTED_EDGE('',*,*,#1122,.T.);
#1792=ORIENTED_EDGE('',*,*,#1176,.F.);
#1793=ORIENTED_EDGE('',*,*,#1031,.T.);
#1794=ORIENTED_EDGE('',*,*,#1178,.T.);
#1795=ORIENTED_EDGE('',*,*,#1275,.T.);
#1796=ORIENTED_EDGE('',*,*,#1276,.F.);
#1797=ORIENTED_EDGE('',*,*,#1277,.F.);
#1798=ORIENTED_EDGE('',*,*,#1032,.T.);
#1799=ORIENTED_EDGE('',*,*,#1277,.T.);
#1800=ORIENTED_EDGE('',*,*,#1278,.F.);
#1801=ORIENTED_EDGE('',*,*,#1279,.F.);
#1802=ORIENTED_EDGE('',*,*,#1033,.T.);
#1803=ORIENTED_EDGE('',*,*,#1279,.T.);
#1804=ORIENTED_EDGE('',*,*,#1280,.F.);
#1805=ORIENTED_EDGE('',*,*,#1281,.F.);
#1806=ORIENTED_EDGE('',*,*,#1180,.T.);
#1807=ORIENTED_EDGE('',*,*,#1282,.T.);
#1808=ORIENTED_EDGE('',*,*,#1184,.F.);
#1809=ORIENTED_EDGE('',*,*,#1127,.F.);
#1810=ORIENTED_EDGE('',*,*,#1181,.F.);
#1811=ORIENTED_EDGE('',*,*,#1281,.T.);
#1812=ORIENTED_EDGE('',*,*,#1283,.F.);
#1813=ORIENTED_EDGE('',*,*,#1284,.F.);
#1814=ORIENTED_EDGE('',*,*,#1182,.F.);
#1815=ORIENTED_EDGE('',*,*,#1282,.F.);
#1816=ORIENTED_EDGE('',*,*,#1285,.F.);
#1817=ORIENTED_EDGE('',*,*,#1284,.T.);
#1818=ORIENTED_EDGE('',*,*,#1286,.F.);
#1819=ORIENTED_EDGE('',*,*,#1287,.F.);
#1820=ORIENTED_EDGE('',*,*,#1186,.T.);
#1821=ORIENTED_EDGE('',*,*,#1129,.T.);
#1822=ORIENTED_EDGE('',*,*,#1183,.F.);
#1823=ORIENTED_EDGE('',*,*,#1025,.T.);
#1824=ORIENTED_EDGE('',*,*,#1185,.T.);
#1825=ORIENTED_EDGE('',*,*,#1287,.T.);
#1826=ORIENTED_EDGE('',*,*,#1288,.F.);
#1827=ORIENTED_EDGE('',*,*,#1289,.F.);
#1828=ORIENTED_EDGE('',*,*,#1026,.T.);
#1829=ORIENTED_EDGE('',*,*,#1289,.T.);
#1830=ORIENTED_EDGE('',*,*,#1290,.F.);
#1831=ORIENTED_EDGE('',*,*,#1291,.F.);
#1832=ORIENTED_EDGE('',*,*,#1020,.T.);
#1833=ORIENTED_EDGE('',*,*,#1292,.T.);
#1834=ORIENTED_EDGE('',*,*,#1293,.F.);
#1835=ORIENTED_EDGE('',*,*,#1294,.F.);
#1836=ORIENTED_EDGE('',*,*,#1021,.T.);
#1837=ORIENTED_EDGE('',*,*,#1294,.T.);
#1838=ORIENTED_EDGE('',*,*,#1295,.F.);
#1839=ORIENTED_EDGE('',*,*,#1296,.F.);
#1840=ORIENTED_EDGE('',*,*,#1187,.T.);
#1841=ORIENTED_EDGE('',*,*,#1297,.T.);
#1842=ORIENTED_EDGE('',*,*,#1191,.T.);
#1843=ORIENTED_EDGE('',*,*,#1141,.F.);
#1844=ORIENTED_EDGE('',*,*,#1188,.F.);
#1845=ORIENTED_EDGE('',*,*,#1296,.T.);
#1846=ORIENTED_EDGE('',*,*,#1298,.F.);
#1847=ORIENTED_EDGE('',*,*,#1299,.F.);
#1848=ORIENTED_EDGE('',*,*,#1189,.F.);
#1849=ORIENTED_EDGE('',*,*,#1297,.F.);
#1850=ORIENTED_EDGE('',*,*,#1300,.F.);
#1851=ORIENTED_EDGE('',*,*,#1299,.T.);
#1852=ORIENTED_EDGE('',*,*,#1301,.F.);
#1853=ORIENTED_EDGE('',*,*,#1302,.F.);
#1854=ORIENTED_EDGE('',*,*,#1193,.T.);
#1855=ORIENTED_EDGE('',*,*,#1143,.T.);
#1856=ORIENTED_EDGE('',*,*,#1190,.F.);
#1857=ORIENTED_EDGE('',*,*,#1013,.T.);
#1858=ORIENTED_EDGE('',*,*,#1192,.T.);
#1859=ORIENTED_EDGE('',*,*,#1302,.T.);
#1860=ORIENTED_EDGE('',*,*,#1303,.F.);
#1861=ORIENTED_EDGE('',*,*,#1304,.F.);
#1862=ORIENTED_EDGE('',*,*,#1014,.T.);
#1863=ORIENTED_EDGE('',*,*,#1304,.T.);
#1864=ORIENTED_EDGE('',*,*,#1305,.F.);
#1865=ORIENTED_EDGE('',*,*,#1306,.F.);
#1866=ORIENTED_EDGE('',*,*,#1015,.T.);
#1867=ORIENTED_EDGE('',*,*,#1306,.T.);
#1868=ORIENTED_EDGE('',*,*,#1307,.F.);
#1869=ORIENTED_EDGE('',*,*,#1308,.F.);
#1870=ORIENTED_EDGE('',*,*,#1194,.T.);
#1871=ORIENTED_EDGE('',*,*,#1199,.T.);
#1872=ORIENTED_EDGE('',*,*,#1198,.F.);
#1873=ORIENTED_EDGE('',*,*,#1148,.F.);
#1874=ORIENTED_EDGE('',*,*,#1195,.F.);
#1875=ORIENTED_EDGE('',*,*,#1308,.T.);
#1876=ORIENTED_EDGE('',*,*,#1309,.F.);
#1877=ORIENTED_EDGE('',*,*,#1027,.T.);
#1878=ORIENTED_EDGE('',*,*,#1291,.T.);
#1879=ORIENTED_EDGE('',*,*,#1310,.F.);
#1880=ORIENTED_EDGE('',*,*,#1311,.F.);
#1881=ORIENTED_EDGE('',*,*,#1312,.T.);
#1882=ORIENTED_EDGE('',*,*,#1312,.F.);
#1883=ORIENTED_EDGE('',*,*,#1313,.T.);
#1884=ORIENTED_EDGE('',*,*,#1133,.T.);
#1885=ORIENTED_EDGE('',*,*,#1132,.T.);
#1886=ORIENTED_EDGE('',*,*,#1028,.F.);
#1887=ORIENTED_EDGE('',*,*,#1314,.F.);
#1888=ORIENTED_EDGE('',*,*,#1018,.T.);
#1889=ORIENTED_EDGE('',*,*,#1138,.T.);
#1890=ORIENTED_EDGE('',*,*,#1137,.T.);
#1891=ORIENTED_EDGE('',*,*,#1315,.F.);
#1892=ORIENTED_EDGE('',*,*,#1019,.T.);
#1893=ORIENTED_EDGE('',*,*,#1314,.T.);
#1894=ORIENTED_EDGE('',*,*,#1316,.T.);
#1895=ORIENTED_EDGE('',*,*,#1317,.F.);
#1896=ORIENTED_EDGE('',*,*,#1292,.F.);
#1897=ORIENTED_EDGE('',*,*,#1309,.T.);
#1898=ORIENTED_EDGE('',*,*,#1307,.T.);
#1899=ORIENTED_EDGE('',*,*,#1305,.T.);
#1900=ORIENTED_EDGE('',*,*,#1303,.T.);
#1901=ORIENTED_EDGE('',*,*,#1301,.T.);
#1902=ORIENTED_EDGE('',*,*,#1300,.T.);
#1903=ORIENTED_EDGE('',*,*,#1298,.T.);
#1904=ORIENTED_EDGE('',*,*,#1295,.T.);
#1905=ORIENTED_EDGE('',*,*,#1293,.T.);
#1906=ORIENTED_EDGE('',*,*,#1317,.T.);
#1907=ORIENTED_EDGE('',*,*,#1318,.T.);
#1908=ORIENTED_EDGE('',*,*,#1065,.T.);
#1909=ORIENTED_EDGE('',*,*,#1319,.T.);
#1910=ORIENTED_EDGE('',*,*,#1310,.T.);
#1911=ORIENTED_EDGE('',*,*,#1290,.T.);
#1912=ORIENTED_EDGE('',*,*,#1288,.T.);
#1913=ORIENTED_EDGE('',*,*,#1286,.T.);
#1914=ORIENTED_EDGE('',*,*,#1285,.T.);
#1915=ORIENTED_EDGE('',*,*,#1283,.T.);
#1916=ORIENTED_EDGE('',*,*,#1280,.T.);
#1917=ORIENTED_EDGE('',*,*,#1278,.T.);
#1918=ORIENTED_EDGE('',*,*,#1276,.T.);
#1919=ORIENTED_EDGE('',*,*,#1274,.T.);
#1920=ORIENTED_EDGE('',*,*,#1273,.T.);
#1921=ORIENTED_EDGE('',*,*,#1271,.T.);
#1922=ORIENTED_EDGE('',*,*,#1268,.T.);
#1923=ORIENTED_EDGE('',*,*,#1266,.T.);
#1924=ORIENTED_EDGE('',*,*,#1264,.T.);
#1925=ORIENTED_EDGE('',*,*,#1262,.T.);
#1926=ORIENTED_EDGE('',*,*,#1261,.T.);
#1927=ORIENTED_EDGE('',*,*,#1259,.T.);
#1928=ORIENTED_EDGE('',*,*,#1256,.T.);
#1929=ORIENTED_EDGE('',*,*,#1254,.T.);
#1930=ORIENTED_EDGE('',*,*,#1252,.T.);
#1931=ORIENTED_EDGE('',*,*,#1250,.T.);
#1932=ORIENTED_EDGE('',*,*,#1248,.T.);
#1933=ORIENTED_EDGE('',*,*,#1247,.T.);
#1934=ORIENTED_EDGE('',*,*,#1244,.T.);
#1935=ORIENTED_EDGE('',*,*,#1242,.T.);
#1936=ORIENTED_EDGE('',*,*,#1240,.T.);
#1937=ORIENTED_EDGE('',*,*,#1238,.T.);
#1938=ORIENTED_EDGE('',*,*,#1236,.T.);
#1939=ORIENTED_EDGE('',*,*,#1235,.T.);
#1940=ORIENTED_EDGE('',*,*,#1232,.T.);
#1941=ORIENTED_EDGE('',*,*,#1230,.T.);
#1942=ORIENTED_EDGE('',*,*,#1228,.T.);
#1943=ORIENTED_EDGE('',*,*,#1226,.T.);
#1944=ORIENTED_EDGE('',*,*,#1224,.T.);
#1945=ORIENTED_EDGE('',*,*,#1223,.T.);
#1946=ORIENTED_EDGE('',*,*,#1220,.T.);
#1947=ORIENTED_EDGE('',*,*,#1218,.T.);
#1948=ORIENTED_EDGE('',*,*,#1216,.T.);
#1949=ORIENTED_EDGE('',*,*,#1214,.T.);
#1950=ORIENTED_EDGE('',*,*,#1212,.T.);
#1951=ORIENTED_EDGE('',*,*,#1211,.T.);
#1952=ORIENTED_EDGE('',*,*,#1208,.T.);
#1953=ORIENTED_EDGE('',*,*,#1206,.T.);
#1954=ORIENTED_EDGE('',*,*,#1204,.T.);
#1955=ORIENTED_EDGE('',*,*,#1202,.T.);
#1956=ORIENTED_EDGE('',*,*,#1200,.T.);
#1957=ORIENTED_EDGE('',*,*,#1059,.T.);
#1958=ORIENTED_EDGE('',*,*,#1064,.T.);
#1959=ORIENTED_EDGE('',*,*,#1320,.F.);
#1960=ORIENTED_EDGE('',*,*,#1134,.F.);
#1961=ORIENTED_EDGE('',*,*,#1313,.F.);
#1962=ORIENTED_EDGE('',*,*,#1311,.T.);
#1963=ORIENTED_EDGE('',*,*,#1319,.F.);
#1964=ORIENTED_EDGE('',*,*,#1063,.T.);
#1965=ORIENTED_EDGE('',*,*,#1321,.F.);
#1966=ORIENTED_EDGE('',*,*,#1135,.F.);
#1967=ORIENTED_EDGE('',*,*,#1320,.T.);
#1968=ORIENTED_EDGE('',*,*,#1062,.T.);
#1969=ORIENTED_EDGE('',*,*,#1318,.F.);
#1970=ORIENTED_EDGE('',*,*,#1316,.F.);
#1971=ORIENTED_EDGE('',*,*,#1315,.T.);
#1972=ORIENTED_EDGE('',*,*,#1136,.T.);
#1973=ORIENTED_EDGE('',*,*,#1321,.T.);
#1974=CYLINDRICAL_SURFACE('',#2115,6.25);
#1975=CYLINDRICAL_SURFACE('',#2118,6.);
#1976=CYLINDRICAL_SURFACE('',#2120,6.);
#1977=CYLINDRICAL_SURFACE('',#2122,6.);
#1978=CYLINDRICAL_SURFACE('',#2124,6.);
#1979=CYLINDRICAL_SURFACE('',#2126,6.);
#1980=CYLINDRICAL_SURFACE('',#2128,6.);
#1981=CYLINDRICAL_SURFACE('',#2130,6.);
#1982=CYLINDRICAL_SURFACE('',#2132,6.);
#1983=CYLINDRICAL_SURFACE('',#2134,6.);
#1984=CYLINDRICAL_SURFACE('',#2136,6.);
#1985=CYLINDRICAL_SURFACE('',#2138,1.6);
#1986=CYLINDRICAL_SURFACE('',#2141,2.5);
#1987=CYLINDRICAL_SURFACE('',#2176,2.5);
#1988=CYLINDRICAL_SURFACE('',#2185,2.5);
#1989=CYLINDRICAL_SURFACE('',#2193,2.5);
#1990=CYLINDRICAL_SURFACE('',#2201,2.5);
#1991=CYLINDRICAL_SURFACE('',#2209,2.5);
#1992=CYLINDRICAL_SURFACE('',#2217,2.5);
#1993=CYLINDRICAL_SURFACE('',#2225,2.5);
#1994=CYLINDRICAL_SURFACE('',#2233,2.5);
#1995=CYLINDRICAL_SURFACE('',#2243,2.5);
#1996=ADVANCED_FACE('',(#251),#1974,.T.);
#1997=ADVANCED_FACE('',(#252),#1975,.T.);
#1998=ADVANCED_FACE('',(#253),#1976,.T.);
#1999=ADVANCED_FACE('',(#254),#1977,.T.);
#2000=ADVANCED_FACE('',(#255),#1978,.T.);
#2001=ADVANCED_FACE('',(#256),#1979,.T.);
#2002=ADVANCED_FACE('',(#257),#1980,.T.);
#2003=ADVANCED_FACE('',(#258),#1981,.T.);
#2004=ADVANCED_FACE('',(#259),#1982,.T.);
#2005=ADVANCED_FACE('',(#260),#1983,.T.);
#2006=ADVANCED_FACE('',(#261),#1984,.T.);
#2007=ADVANCED_FACE('',(#262),#1985,.F.);
#2008=ADVANCED_FACE('',(#263),#1986,.T.);
#2009=ADVANCED_FACE('',(#264,#75),#78,.T.);
#2010=ADVANCED_FACE('',(#265),#35,.F.);
#2011=ADVANCED_FACE('',(#266),#36,.F.);
#2012=ADVANCED_FACE('',(#267),#15,.T.);
#2013=ADVANCED_FACE('',(#268),#37,.F.);
#2014=ADVANCED_FACE('',(#269),#38,.F.);
#2015=ADVANCED_FACE('',(#270),#16,.T.);
#2016=ADVANCED_FACE('',(#271),#39,.F.);
#2017=ADVANCED_FACE('',(#272),#40,.F.);
#2018=ADVANCED_FACE('',(#273),#17,.T.);
#2019=ADVANCED_FACE('',(#274,#76),#79,.F.);
#2020=ADVANCED_FACE('',(#275),#41,.F.);
#2021=ADVANCED_FACE('',(#276),#42,.F.);
#2022=ADVANCED_FACE('',(#277),#18,.T.);
#2023=ADVANCED_FACE('',(#278),#43,.F.);
#2024=ADVANCED_FACE('',(#279),#44,.F.);
#2025=ADVANCED_FACE('',(#280),#19,.T.);
#2026=ADVANCED_FACE('',(#281),#45,.F.);
#2027=ADVANCED_FACE('',(#282),#46,.F.);
#2028=ADVANCED_FACE('',(#283),#20,.T.);
#2029=ADVANCED_FACE('',(#284),#47,.F.);
#2030=ADVANCED_FACE('',(#285),#48,.F.);
#2031=ADVANCED_FACE('',(#286),#21,.T.);
#2032=ADVANCED_FACE('',(#287),#49,.F.);
#2033=ADVANCED_FACE('',(#288),#50,.F.);
#2034=ADVANCED_FACE('',(#289),#22,.T.);
#2035=ADVANCED_FACE('',(#290),#51,.F.);
#2036=ADVANCED_FACE('',(#291),#52,.F.);
#2037=ADVANCED_FACE('',(#292),#23,.T.);
#2038=ADVANCED_FACE('',(#293),#1987,.T.);
#2039=ADVANCED_FACE('',(#294),#80,.T.);
#2040=ADVANCED_FACE('',(#295),#53,.T.);
#2041=ADVANCED_FACE('',(#296),#24,.T.);
#2042=ADVANCED_FACE('',(#297),#54,.T.);
#2043=ADVANCED_FACE('',(#298),#81,.T.);
#2044=ADVANCED_FACE('',(#299),#1988,.T.);
#2045=ADVANCED_FACE('',(#300),#82,.T.);
#2046=ADVANCED_FACE('',(#301),#55,.T.);
#2047=ADVANCED_FACE('',(#302),#25,.T.);
#2048=ADVANCED_FACE('',(#303),#56,.T.);
#2049=ADVANCED_FACE('',(#304),#83,.T.);
#2050=ADVANCED_FACE('',(#305),#1989,.T.);
#2051=ADVANCED_FACE('',(#306),#84,.T.);
#2052=ADVANCED_FACE('',(#307),#57,.T.);
#2053=ADVANCED_FACE('',(#308),#26,.T.);
#2054=ADVANCED_FACE('',(#309),#58,.T.);
#2055=ADVANCED_FACE('',(#310),#85,.T.);
#2056=ADVANCED_FACE('',(#311),#1990,.T.);
#2057=ADVANCED_FACE('',(#312),#86,.T.);
#2058=ADVANCED_FACE('',(#313),#59,.T.);
#2059=ADVANCED_FACE('',(#314),#27,.T.);
#2060=ADVANCED_FACE('',(#315),#60,.T.);
#2061=ADVANCED_FACE('',(#316),#87,.T.);
#2062=ADVANCED_FACE('',(#317),#1991,.T.);
#2063=ADVANCED_FACE('',(#318),#88,.T.);
#2064=ADVANCED_FACE('',(#319),#61,.T.);
#2065=ADVANCED_FACE('',(#320),#28,.T.);
#2066=ADVANCED_FACE('',(#321),#62,.T.);
#2067=ADVANCED_FACE('',(#322),#89,.T.);
#2068=ADVANCED_FACE('',(#323),#1992,.T.);
#2069=ADVANCED_FACE('',(#324),#90,.T.);
#2070=ADVANCED_FACE('',(#325),#63,.T.);
#2071=ADVANCED_FACE('',(#326),#29,.T.);
#2072=ADVANCED_FACE('',(#327),#64,.T.);
#2073=ADVANCED_FACE('',(#328),#91,.T.);
#2074=ADVANCED_FACE('',(#329),#1993,.T.);
#2075=ADVANCED_FACE('',(#330),#92,.T.);
#2076=ADVANCED_FACE('',(#331),#65,.T.);
#2077=ADVANCED_FACE('',(#332),#30,.T.);
#2078=ADVANCED_FACE('',(#333),#66,.T.);
#2079=ADVANCED_FACE('',(#334),#93,.T.);
#2080=ADVANCED_FACE('',(#335),#1994,.T.);
#2081=ADVANCED_FACE('',(#336),#94,.T.);
#2082=ADVANCED_FACE('',(#337),#67,.T.);
#2083=ADVANCED_FACE('',(#338),#31,.T.);
#2084=ADVANCED_FACE('',(#339),#32,.T.);
#2085=ADVANCED_FACE('',(#340),#68,.T.);
#2086=ADVANCED_FACE('',(#341),#95,.T.);
#2087=ADVANCED_FACE('',(#342),#1995,.T.);
#2088=ADVANCED_FACE('',(#343),#96,.T.);
#2089=ADVANCED_FACE('',(#344),#69,.T.);
#2090=ADVANCED_FACE('',(#345),#33,.T.);
#2091=ADVANCED_FACE('',(#346),#70,.T.);
#2092=ADVANCED_FACE('',(#347),#97,.T.);
#2093=ADVANCED_FACE('',(#348),#71,.T.);
#2094=ADVANCED_FACE('',(#349),#72,.F.);
#2095=ADVANCED_FACE('',(#350),#73,.F.);
#2096=ADVANCED_FACE('',(#351),#74,.T.);
#2097=ADVANCED_FACE('',(#352,#77),#98,.T.);
#2098=ADVANCED_FACE('',(#353),#99,.T.);
#2099=ADVANCED_FACE('',(#354),#34,.T.);
#2100=ADVANCED_FACE('',(#355),#100,.T.);
#2101=CLOSED_SHELL('',(#1996,#1997,#1998,#1999,#2000,#2001,#2002,#2003,
#2004,#2005,#2006,#2007,#2008,#2009,#2010,#2011,#2012,#2013,#2014,#2015,
#2016,#2017,#2018,#2019,#2020,#2021,#2022,#2023,#2024,#2025,#2026,#2027,
#2028,#2029,#2030,#2031,#2032,#2033,#2034,#2035,#2036,#2037,#2038,#2039,
#2040,#2041,#2042,#2043,#2044,#2045,#2046,#2047,#2048,#2049,#2050,#2051,
#2052,#2053,#2054,#2055,#2056,#2057,#2058,#2059,#2060,#2061,#2062,#2063,
#2064,#2065,#2066,#2067,#2068,#2069,#2070,#2071,#2072,#2073,#2074,#2075,
#2076,#2077,#2078,#2079,#2080,#2081,#2082,#2083,#2084,#2085,#2086,#2087,
#2088,#2089,#2090,#2091,#2092,#2093,#2094,#2095,#2096,#2097,#2098,#2099,
#2100));
#2102=DERIVED_UNIT_ELEMENT(#2104,1.);
#2103=DERIVED_UNIT_ELEMENT(#5399,-3.);
#2104=(
MASS_UNIT()
NAMED_UNIT(*)
SI_UNIT(.KILO.,.GRAM.)
);
#2105=DERIVED_UNIT((#2102,#2103));
#2106=MEASURE_REPRESENTATION_ITEM('density measure',
POSITIVE_RATIO_MEASURE(7850.),#2105);
#2107=PROPERTY_DEFINITION_REPRESENTATION(#2112,#2109);
#2108=PROPERTY_DEFINITION_REPRESENTATION(#2113,#2110);
#2109=REPRESENTATION('material name',(#2111),#5396);
#2110=REPRESENTATION('density',(#2106),#5396);
#2111=DESCRIPTIVE_REPRESENTATION_ITEM('Stahl','Stahl');
#2112=PROPERTY_DEFINITION('material property','material name',#5406);
#2113=PROPERTY_DEFINITION('material property','density of part',#5406);
#2114=AXIS2_PLACEMENT_3D('',#2666,#2254,#2255);
#2115=AXIS2_PLACEMENT_3D('',#2667,#2256,#2257);
#2116=AXIS2_PLACEMENT_3D('',#2669,#2258,#2259);
#2117=AXIS2_PLACEMENT_3D('',#2672,#2261,#2262);
#2118=AXIS2_PLACEMENT_3D('',#2673,#2263,#2264);
#2119=AXIS2_PLACEMENT_3D('',#2676,#2265,#2266);
#2120=AXIS2_PLACEMENT_3D('',#2702,#2269,#2270);
#2121=AXIS2_PLACEMENT_3D('',#2705,#2271,#2272);
#2122=AXIS2_PLACEMENT_3D('',#2731,#2275,#2276);
#2123=AXIS2_PLACEMENT_3D('',#2734,#2277,#2278);
#2124=AXIS2_PLACEMENT_3D('',#2760,#2281,#2282);
#2125=AXIS2_PLACEMENT_3D('',#2763,#2283,#2284);
#2126=AXIS2_PLACEMENT_3D('',#2789,#2287,#2288);
#2127=AXIS2_PLACEMENT_3D('',#2792,#2289,#2290);
#2128=AXIS2_PLACEMENT_3D('',#2818,#2293,#2294);
#2129=AXIS2_PLACEMENT_3D('',#2821,#2295,#2296);
#2130=AXIS2_PLACEMENT_3D('',#2847,#2299,#2300);
#2131=AXIS2_PLACEMENT_3D('',#2850,#2301,#2302);
#2132=AXIS2_PLACEMENT_3D('',#2876,#2305,#2306);
#2133=AXIS2_PLACEMENT_3D('',#2879,#2307,#2308);
#2134=AXIS2_PLACEMENT_3D('',#2905,#2311,#2312);
#2135=AXIS2_PLACEMENT_3D('',#2908,#2313,#2314);
#2136=AXIS2_PLACEMENT_3D('',#2934,#2317,#2318);
#2137=AXIS2_PLACEMENT_3D('',#2937,#2319,#2320);
#2138=AXIS2_PLACEMENT_3D('',#2963,#2323,#2324);
#2139=AXIS2_PLACEMENT_3D('',#2965,#2325,#2326);
#2140=AXIS2_PLACEMENT_3D('',#2968,#2328,#2329);
#2141=AXIS2_PLACEMENT_3D('',#2969,#2330,#2331);
#2142=AXIS2_PLACEMENT_3D('',#2972,#2332,#2333);
#2143=AXIS2_PLACEMENT_3D('',#2974,#2334,#2335);
#2144=AXIS2_PLACEMENT_3D('',#2976,#2336,#2337);
#2145=AXIS2_PLACEMENT_3D('',#2977,#2338,#2339);
#2146=AXIS2_PLACEMENT_3D('',#2978,#2340,#2341);
#2147=AXIS2_PLACEMENT_3D('',#3106,#2344,#2345);
#2148=AXIS2_PLACEMENT_3D('',#3109,#2346,#2347);
#2149=AXIS2_PLACEMENT_3D('',#3113,#2349,#2350);
#2150=AXIS2_PLACEMENT_3D('',#3242,#2354,#2355);
#2151=AXIS2_PLACEMENT_3D('',#3245,#2356,#2357);
#2152=AXIS2_PLACEMENT_3D('',#3249,#2359,#2360);
#2153=AXIS2_PLACEMENT_3D('',#3368,#2364,#2365);
#2154=AXIS2_PLACEMENT_3D('',#3371,#2366,#2367);
#2155=AXIS2_PLACEMENT_3D('',#3375,#2369,#2370);
#2156=AXIS2_PLACEMENT_3D('',#3377,#2372,#2373);
#2157=AXIS2_PLACEMENT_3D('',#3456,#2375,#2376);
#2158=AXIS2_PLACEMENT_3D('',#3524,#2379,#2380);
#2159=AXIS2_PLACEMENT_3D('',#3596,#2383,#2384);
#2160=AXIS2_PLACEMENT_3D('',#3666,#2387,#2388);
#2161=AXIS2_PLACEMENT_3D('',#3734,#2391,#2392);
#2162=AXIS2_PLACEMENT_3D('',#3814,#2395,#2396);
#2163=AXIS2_PLACEMENT_3D('',#3882,#2399,#2400);
#2164=AXIS2_PLACEMENT_3D('',#3978,#2410,#2411);
#2165=AXIS2_PLACEMENT_3D('',#3981,#2412,#2413);
#2166=AXIS2_PLACEMENT_3D('',#4040,#2418,#2419);
#2167=AXIS2_PLACEMENT_3D('',#4043,#2420,#2421);
#2168=AXIS2_PLACEMENT_3D('',#4106,#2426,#2427);
#2169=AXIS2_PLACEMENT_3D('',#4109,#2428,#2429);
#2170=AXIS2_PLACEMENT_3D('',#4172,#2434,#2435);
#2171=AXIS2_PLACEMENT_3D('',#4175,#2436,#2437);
#2172=AXIS2_PLACEMENT_3D('',#4252,#2442,#2443);
#2173=AXIS2_PLACEMENT_3D('',#4255,#2444,#2445);
#2174=AXIS2_PLACEMENT_3D('',#4314,#2450,#2451);
#2175=AXIS2_PLACEMENT_3D('',#4317,#2452,#2453);
#2176=AXIS2_PLACEMENT_3D('',#4320,#2456,#2457);
#2177=AXIS2_PLACEMENT_3D('',#4322,#2458,#2459);
#2178=AXIS2_PLACEMENT_3D('',#4324,#2460,#2461);
#2179=AXIS2_PLACEMENT_3D('',#4325,#2462,#2463);
#2180=AXIS2_PLACEMENT_3D('',#4326,#2464,#2465);
#2181=AXIS2_PLACEMENT_3D('',#4371,#2468,#2469);
#2182=AXIS2_PLACEMENT_3D('',#4373,#2470,#2471);
#2183=AXIS2_PLACEMENT_3D('',#4411,#2474,#2475);
#2184=AXIS2_PLACEMENT_3D('',#4413,#2476,#2477);
#2185=AXIS2_PLACEMENT_3D('',#4415,#2479,#2480);
#2186=AXIS2_PLACEMENT_3D('',#4417,#2481,#2482);
#2187=AXIS2_PLACEMENT_3D('',#4418,#2483,#2484);
#2188=AXIS2_PLACEMENT_3D('',#4419,#2485,#2486);
#2189=AXIS2_PLACEMENT_3D('',#4466,#2489,#2490);
#2190=AXIS2_PLACEMENT_3D('',#4468,#2491,#2492);
#2191=AXIS2_PLACEMENT_3D('',#4508,#2495,#2496);
#2192=AXIS2_PLACEMENT_3D('',#4510,#2497,#2498);
#2193=AXIS2_PLACEMENT_3D('',#4512,#2500,#2501);
#2194=AXIS2_PLACEMENT_3D('',#4514,#2502,#2503);
#2195=AXIS2_PLACEMENT_3D('',#4515,#2504,#2505);
#2196=AXIS2_PLACEMENT_3D('',#4516,#2506,#2507);
#2197=AXIS2_PLACEMENT_3D('',#4563,#2510,#2511);
#2198=AXIS2_PLACEMENT_3D('',#4565,#2512,#2513);
#2199=AXIS2_PLACEMENT_3D('',#4631,#2516,#2517);
#2200=AXIS2_PLACEMENT_3D('',#4633,#2518,#2519);
#2201=AXIS2_PLACEMENT_3D('',#4635,#2521,#2522);
#2202=AXIS2_PLACEMENT_3D('',#4637,#2523,#2524);
#2203=AXIS2_PLACEMENT_3D('',#4638,#2525,#2526);
#2204=AXIS2_PLACEMENT_3D('',#4639,#2527,#2528);
#2205=AXIS2_PLACEMENT_3D('',#4686,#2531,#2532);
#2206=AXIS2_PLACEMENT_3D('',#4688,#2533,#2534);
#2207=AXIS2_PLACEMENT_3D('',#4728,#2537,#2538);
#2208=AXIS2_PLACEMENT_3D('',#4730,#2539,#2540);
#2209=AXIS2_PLACEMENT_3D('',#4732,#2542,#2543);
#2210=AXIS2_PLACEMENT_3D('',#4734,#2544,#2545);
#2211=AXIS2_PLACEMENT_3D('',#4735,#2546,#2547);
#2212=AXIS2_PLACEMENT_3D('',#4736,#2548,#2549);
#2213=AXIS2_PLACEMENT_3D('',#4783,#2552,#2553);
#2214=AXIS2_PLACEMENT_3D('',#4785,#2554,#2555);
#2215=AXIS2_PLACEMENT_3D('',#4823,#2558,#2559);
#2216=AXIS2_PLACEMENT_3D('',#4825,#2560,#2561);
#2217=AXIS2_PLACEMENT_3D('',#4827,#2563,#2564);
#2218=AXIS2_PLACEMENT_3D('',#4829,#2565,#2566);
#2219=AXIS2_PLACEMENT_3D('',#4830,#2567,#2568);
#2220=AXIS2_PLACEMENT_3D('',#4831,#2569,#2570);
#2221=AXIS2_PLACEMENT_3D('',#4876,#2573,#2574);
#2222=AXIS2_PLACEMENT_3D('',#4878,#2575,#2576);
#2223=AXIS2_PLACEMENT_3D('',#4944,#2579,#2580);
#2224=AXIS2_PLACEMENT_3D('',#4946,#2581,#2582);
#2225=AXIS2_PLACEMENT_3D('',#4948,#2584,#2585);
#2226=AXIS2_PLACEMENT_3D('',#4950,#2586,#2587);
#2227=AXIS2_PLACEMENT_3D('',#4951,#2588,#2589);
#2228=AXIS2_PLACEMENT_3D('',#4952,#2590,#2591);
#2229=AXIS2_PLACEMENT_3D('',#4999,#2594,#2595);
#2230=AXIS2_PLACEMENT_3D('',#5001,#2596,#2597);
#2231=AXIS2_PLACEMENT_3D('',#5041,#2600,#2601);
#2232=AXIS2_PLACEMENT_3D('',#5043,#2602,#2603);
#2233=AXIS2_PLACEMENT_3D('',#5045,#2605,#2606);
#2234=AXIS2_PLACEMENT_3D('',#5047,#2607,#2608);
#2235=AXIS2_PLACEMENT_3D('',#5048,#2609,#2610);
#2236=AXIS2_PLACEMENT_3D('',#5049,#2611,#2612);
#2237=AXIS2_PLACEMENT_3D('',#5096,#2615,#2616);
#2238=AXIS2_PLACEMENT_3D('',#5098,#2617,#2618);
#2239=AXIS2_PLACEMENT_3D('',#5100,#2620,#2621);
#2240=AXIS2_PLACEMENT_3D('',#5109,#2622,#2623);
#2241=AXIS2_PLACEMENT_3D('',#5147,#2626,#2627);
#2242=AXIS2_PLACEMENT_3D('',#5149,#2628,#2629);
#2243=AXIS2_PLACEMENT_3D('',#5151,#2631,#2632);
#2244=AXIS2_PLACEMENT_3D('',#5153,#2633,#2634);
#2245=AXIS2_PLACEMENT_3D('',#5154,#2635,#2636);
#2246=AXIS2_PLACEMENT_3D('',#5155,#2637,#2638);
#2247=AXIS2_PLACEMENT_3D('',#5202,#2641,#2642);
#2248=AXIS2_PLACEMENT_3D('',#5204,#2643,#2644);
#2249=AXIS2_PLACEMENT_3D('',#5242,#2647,#2648);
#2250=AXIS2_PLACEMENT_3D('',#5386,#2654,#2655);
#2251=AXIS2_PLACEMENT_3D('',#5389,#2658,#2659);
#2252=AXIS2_PLACEMENT_3D('',#5391,#2661,#2662);
#2253=AXIS2_PLACEMENT_3D('',#5393,#2664,#2665);
#2254=DIRECTION('axis',(0.,0.,1.));
#2255=DIRECTION('refdir',(1.,0.,0.));
#2256=DIRECTION('center_axis',(0.554700196225229,0.,0.832050294337844));
#2257=DIRECTION('ref_axis',(7.68245707040734E-16,1.,-5.12163804693823E-16));
#2258=DIRECTION('center_axis',(0.554700196225229,2.22044604925031E-16,0.832050294337844));
#2259=DIRECTION('ref_axis',(7.68245707040734E-16,1.,-5.12163804693823E-16));
#2260=DIRECTION('',(-0.554700196225229,0.,-0.832050294337844));
#2261=DIRECTION('center_axis',(0.554700196225229,2.22044604925031E-16,0.832050294337844));
#2262=DIRECTION('ref_axis',(7.68245707040734E-16,1.,-5.12163804693823E-16));
#2263=DIRECTION('center_axis',(-0.554700196225229,0.,-0.832050294337843));
#2264=DIRECTION('ref_axis',(-6.97642453069363E-17,1.,4.65094968712909E-17));
#2265=DIRECTION('center_axis',(0.554700196225229,1.66533453693775E-16,0.832050294337844));
#2266=DIRECTION('ref_axis',(-1.62140384748938E-16,1.,-9.20547122917123E-17));
#2267=DIRECTION('',(-0.554700196225229,0.,-0.832050294337843));
#2268=DIRECTION('',(-0.554700196225229,0.,-0.832050294337844));
#2269=DIRECTION('center_axis',(-0.554700196225229,0.,-0.832050294337843));
#2270=DIRECTION('ref_axis',(-6.97642453069363E-17,1.,4.65094968712909E-17));
#2271=DIRECTION('center_axis',(0.554700196225229,1.66533453693775E-16,0.832050294337844));
#2272=DIRECTION('ref_axis',(-1.62140384748938E-16,1.,-9.20547122917123E-17));
#2273=DIRECTION('',(-0.554700196225229,0.,-0.832050294337844));
#2274=DIRECTION('',(-0.554700196225229,0.,-0.832050294337844));
#2275=DIRECTION('center_axis',(-0.554700196225229,0.,-0.832050294337843));
#2276=DIRECTION('ref_axis',(-6.97642453069363E-17,1.,4.65094968712909E-17));
#2277=DIRECTION('center_axis',(0.554700196225229,1.66533453693775E-16,0.832050294337844));
#2278=DIRECTION('ref_axis',(-1.62140384748938E-16,1.,-9.20547122917123E-17));
#2279=DIRECTION('',(-0.554700196225229,0.,-0.832050294337844));
#2280=DIRECTION('',(-0.554700196225229,0.,-0.832050294337844));
#2281=DIRECTION('center_axis',(-0.554700196225229,0.,-0.832050294337843));
#2282=DIRECTION('ref_axis',(-6.97642453069363E-17,1.,4.65094968712909E-17));
#2283=DIRECTION('center_axis',(0.554700196225229,1.66533453693775E-16,0.832050294337844));
#2284=DIRECTION('ref_axis',(-1.62140384748938E-16,1.,-9.20547122917123E-17));
#2285=DIRECTION('',(-0.554700196225229,-2.31296463463574E-16,-0.832050294337844));
#2286=DIRECTION('',(-0.554700196225229,-2.31296463463574E-16,-0.832050294337844));
#2287=DIRECTION('center_axis',(-0.554700196225229,0.,-0.832050294337843));
#2288=DIRECTION('ref_axis',(-6.97642453069363E-17,1.,4.65094968712909E-17));
#2289=DIRECTION('center_axis',(0.554700196225229,1.66533453693775E-16,0.832050294337844));
#2290=DIRECTION('ref_axis',(-1.62140384748938E-16,1.,-9.20547122917123E-17));
#2291=DIRECTION('',(-0.554700196225229,0.,-0.832050294337844));
#2292=DIRECTION('',(-0.554700196225229,0.,-0.832050294337844));
#2293=DIRECTION('center_axis',(-0.554700196225229,0.,-0.832050294337843));
#2294=DIRECTION('ref_axis',(-6.97642453069363E-17,1.,4.65094968712909E-17));
#2295=DIRECTION('center_axis',(0.554700196225229,1.66533453693775E-16,0.832050294337844));
#2296=DIRECTION('ref_axis',(-1.62140384748938E-16,1.,-9.20547122917123E-17));
#2297=DIRECTION('',(-0.554700196225229,0.,-0.832050294337844));
#2298=DIRECTION('',(-0.554700196225229,0.,-0.832050294337844));
#2299=DIRECTION('center_axis',(-0.554700196225229,0.,-0.832050294337843));
#2300=DIRECTION('ref_axis',(-6.97642453069363E-17,1.,4.65094968712909E-17));
#2301=DIRECTION('center_axis',(0.554700196225229,1.66533453693775E-16,0.832050294337844));
#2302=DIRECTION('ref_axis',(-1.62140384748938E-16,1.,-9.20547122917123E-17));
#2303=DIRECTION('',(-0.554700196225229,0.,-0.832050294337844));
#2304=DIRECTION('',(-0.554700196225229,0.,-0.832050294337843));
#2305=DIRECTION('center_axis',(-0.554700196225229,0.,-0.832050294337843));
#2306=DIRECTION('ref_axis',(-6.97642453069363E-17,1.,4.65094968712909E-17));
#2307=DIRECTION('center_axis',(0.554700196225229,1.66533453693775E-16,0.832050294337844));
#2308=DIRECTION('ref_axis',(-1.62140384748938E-16,1.,-9.20547122917123E-17));
#2309=DIRECTION('',(-0.554700196225229,0.,-0.832050294337844));
#2310=DIRECTION('',(-0.554700196225229,0.,-0.832050294337844));
#2311=DIRECTION('center_axis',(-0.554700196225229,0.,-0.832050294337843));
#2312=DIRECTION('ref_axis',(-6.97642453069363E-17,1.,4.65094968712909E-17));
#2313=DIRECTION('center_axis',(0.554700196225229,1.66533453693775E-16,0.832050294337844));
#2314=DIRECTION('ref_axis',(-1.62140384748938E-16,1.,-9.20547122917123E-17));
#2315=DIRECTION('',(-0.554700196225229,-2.31296463463574E-16,-0.832050294337844));
#2316=DIRECTION('',(-0.554700196225229,-2.31296463463574E-16,-0.832050294337844));
#2317=DIRECTION('center_axis',(-0.554700196225229,0.,-0.832050294337843));
#2318=DIRECTION('ref_axis',(-6.97642453069363E-17,1.,4.65094968712909E-17));
#2319=DIRECTION('center_axis',(0.554700196225229,1.66533453693775E-16,0.832050294337844));
#2320=DIRECTION('ref_axis',(-1.62140384748938E-16,1.,-9.20547122917123E-17));
#2321=DIRECTION('',(-0.554700196225229,0.,-0.832050294337844));
#2322=DIRECTION('',(-0.554700196225229,0.,-0.832050294337844));
#2323=DIRECTION('center_axis',(-0.554700196225229,0.,-0.832050294337844));
#2324=DIRECTION('ref_axis',(0.832050294337844,0.,-0.554700196225229));
#2325=DIRECTION('center_axis',(-0.554700196225229,0.,-0.832050294337844));
#2326=DIRECTION('ref_axis',(0.832050294337844,0.,-0.554700196225229));
#2327=DIRECTION('',(-0.554700196225229,0.,-0.832050294337844));
#2328=DIRECTION('center_axis',(0.554700196225229,2.22044604925031E-16,0.832050294337844));
#2329=DIRECTION('ref_axis',(0.832050294337844,-1.23259516440783E-32,-0.554700196225229));
#2330=DIRECTION('center_axis',(-0.554700196225229,-1.26161707343768E-16,
-0.832050294337844));
#2331=DIRECTION('ref_axis',(1.393074321525E-16,-1.,5.87558801743457E-17));
#2332=DIRECTION('center_axis',(0.170371484806551,-0.980837572682031,-0.0945050960532403));
#2333=DIRECTION('ref_axis',(-0.552065654726513,-0.0155699327285283,-0.833655258524899));
#2334=DIRECTION('center_axis',(-0.554700196225229,-1.26161707343768E-16,
-0.832050294337844));
#2335=DIRECTION('ref_axis',(1.393074321525E-16,-1.,5.87558801743457E-17));
#2336=DIRECTION('center_axis',(-0.340180293247572,0.907650193249835,0.245862755982952));
#2337=DIRECTION('ref_axis',(0.560170145191869,-0.0144081280764317,0.828252264881331));
#2338=DIRECTION('center_axis',(0.554700196225229,1.38777878078144E-16,0.832050294337844));
#2339=DIRECTION('ref_axis',(1.46305624534469E-16,-1.,6.92531687472999E-17));
#2340=DIRECTION('center_axis',(-0.554700196225229,-2.22044604925031E-16,
-0.832050294337844));
#2341=DIRECTION('ref_axis',(-1.87594820534291E-16,1.,-1.4180118914292E-16));
#2342=DIRECTION('',(-0.554700196225229,0.,-0.832050294337844));
#2343=DIRECTION('',(-0.554700196225229,0.,-0.832050294337844));
#2344=DIRECTION('center_axis',(-0.554700196225229,0.,-0.832050294337844));
#2345=DIRECTION('ref_axis',(0.832050294337844,0.,-0.554700196225229));
#2346=DIRECTION('center_axis',(-0.554700196225229,-1.26161707343768E-16,
-0.832050294337844));
#2347=DIRECTION('ref_axis',(1.393074321525E-16,-1.,5.87558801743457E-17));
#2348=DIRECTION('',(-0.553890221232174,-0.431317686038063,-0.712159165168956));
#2349=DIRECTION('center_axis',(-0.554700196225229,0.,-0.832050294337844));
#2350=DIRECTION('ref_axis',(0.832050294337844,0.,-0.554700196225229));
#2351=DIRECTION('',(0.444342990450691,0.431317686039682,0.785190652355663));
#2352=DIRECTION('',(-0.554700196225229,0.,-0.832050294337843));
#2353=DIRECTION('',(-0.554700196225229,0.,-0.832050294337844));
#2354=DIRECTION('center_axis',(-0.554700196225229,0.,-0.832050294337844));
#2355=DIRECTION('ref_axis',(0.832050294337844,0.,-0.554700196225229));
#2356=DIRECTION('center_axis',(-0.554700196225229,-1.26161707343768E-16,
-0.832050294337844));
#2357=DIRECTION('ref_axis',(1.393074321525E-16,-1.,5.87558801743457E-17));
#2358=DIRECTION('',(-0.75437259178821,-0.310249615304893,-0.578504251463984));
#2359=DIRECTION('center_axis',(-0.554700196225229,0.,-0.832050294337844));
#2360=DIRECTION('ref_axis',(0.832050294337844,0.,-0.554700196225229));
#2361=DIRECTION('',(0.665747020399509,0.387637060656269,0.637587965723118));
#2362=DIRECTION('',(-0.554700196225229,0.,-0.832050294337844));
#2363=DIRECTION('',(-0.554700196225229,0.,-0.832050294337844));
#2364=DIRECTION('center_axis',(-0.554700196225229,0.,-0.832050294337844));
#2365=DIRECTION('ref_axis',(0.832050294337844,0.,-0.554700196225229));
#2366=DIRECTION('center_axis',(-0.554700196225229,-1.26161707343768E-16,
-0.832050294337844));
#2367=DIRECTION('ref_axis',(1.393074321525E-16,-1.,5.87558801743457E-17));
#2368=DIRECTION('',(-0.857355851544677,-0.0706767365202115,-0.509848744959673));
#2369=DIRECTION('center_axis',(-0.554700196225229,0.,-0.832050294337844));
#2370=DIRECTION('ref_axis',(0.832050294337844,0.,-0.554700196225229));
#2371=DIRECTION('',(0.823503895546574,0.195892253401268,0.532416715625074));
#2372=DIRECTION('center_axis',(-0.554700196225229,-2.22044604925031E-16,
-0.832050294337844));
#2373=DIRECTION('ref_axis',(-1.87594820534291E-16,1.,-1.4180118914292E-16));
#2374=DIRECTION('',(0.816209008702122,-0.194204103250911,-0.544139339134755));
#2375=DIRECTION('center_axis',(-0.554700196225229,0.,-0.832050294337844));
#2376=DIRECTION('ref_axis',(0.832050294337844,0.,-0.554700196225229));
#2377=DIRECTION('',(0.755305756226973,-0.419480073680531,-0.503537170817981));
#2378=DIRECTION('',(0.565348161776931,-0.733708913495205,-0.376898774517949));
#2379=DIRECTION('center_axis',(-0.554700196225229,0.,-0.832050294337844));
#2380=DIRECTION('ref_axis',(0.832050294337844,0.,-0.554700196225229));
#2381=DIRECTION('',(0.405901376771553,-0.872937120069329,-0.270600917847711));
#2382=DIRECTION('',(0.0985435325302178,-0.992961856633088,-0.0656956883534756));
#2383=DIRECTION('center_axis',(-0.554700196225229,0.,-0.832050294337844));
#2384=DIRECTION('ref_axis',(0.832050294337844,0.,-0.554700196225229));
#2385=DIRECTION('',(-0.0985435325302192,-0.992961856633087,0.0656956883534881));
#2386=DIRECTION('',(-0.405901376771557,-0.872937120069331,0.270600917847699));
#2387=DIRECTION('center_axis',(-0.554700196225229,0.,-0.832050294337844));
#2388=DIRECTION('ref_axis',(0.832050294337844,0.,-0.554700196225229));
#2389=DIRECTION('',(-0.565348161776927,-0.733708913495204,0.376898774517957));
#2390=DIRECTION('',(-0.755305756226976,-0.419480073680528,0.503537170817979));
#2391=DIRECTION('center_axis',(-0.554700196225229,0.,-0.832050294337844));
#2392=DIRECTION('ref_axis',(0.832050294337844,0.,-0.554700196225229));
#2393=DIRECTION('',(-0.816209008702123,-0.194204103250914,0.544139339134753));
#2394=DIRECTION('',(-0.816209008702126,0.194204103250913,0.544139339134749));
#2395=DIRECTION('center_axis',(-0.554700196225229,0.,-0.832050294337844));
#2396=DIRECTION('ref_axis',(0.832050294337844,0.,-0.554700196225229));
#2397=DIRECTION('',(-0.755305756226973,0.419480073680532,0.503537170817981));
#2398=DIRECTION('',(-0.565348161776927,0.733708913495204,0.376898774517956));
#2399=DIRECTION('center_axis',(-0.554700196225229,0.,-0.832050294337844));
#2400=DIRECTION('ref_axis',(0.832050294337844,0.,-0.554700196225229));
#2401=DIRECTION('',(-0.405901376771565,0.872937120069324,0.270600917847709));
#2402=DIRECTION('',(-0.0985435325302213,0.992961856633088,0.0656956883534752));
#2403=DIRECTION('',(0.0985435325302168,0.992961856633087,-0.0656956883534881));
#2404=DIRECTION('',(0.40590137677155,0.87293712006933,-0.270600917847714));
#2405=DIRECTION('',(0.565348161776937,0.733708913495198,-0.376898774517953));
#2406=DIRECTION('',(0.755305756226972,0.419480073680526,-0.503537170817986));
#2407=DIRECTION('',(0.816209008702128,0.194204103250914,-0.544139339134746));
#2408=DIRECTION('',(-0.554700196225229,-2.31296463463574E-16,-0.832050294337844));
#2409=DIRECTION('',(-0.554700196225229,-2.31296463463574E-16,-0.832050294337844));
#2410=DIRECTION('center_axis',(-0.554700196225229,0.,-0.832050294337844));
#2411=DIRECTION('ref_axis',(0.832050294337844,0.,-0.554700196225229));
#2412=DIRECTION('center_axis',(-0.554700196225229,-1.26161707343768E-16,
-0.832050294337844));
#2413=DIRECTION('ref_axis',(1.393074321525E-16,-1.,5.87558801743457E-17));
#2414=DIRECTION('',(-0.823503895545777,0.195892253400597,-0.532416715626554));
#2415=DIRECTION('',(0.857355851544677,-0.0706767365202114,0.509848744959673));
#2416=DIRECTION('',(-0.554700196225229,0.,-0.832050294337844));
#2417=DIRECTION('',(-0.554700196225229,0.,-0.832050294337844));
#2418=DIRECTION('center_axis',(-0.554700196225229,0.,-0.832050294337844));
#2419=DIRECTION('ref_axis',(0.832050294337844,0.,-0.554700196225229));
#2420=DIRECTION('center_axis',(-0.554700196225229,-1.26161707343768E-16,
-0.832050294337844));
#2421=DIRECTION('ref_axis',(1.393074321525E-16,-1.,5.87558801743457E-17));
#2422=DIRECTION('',(-0.665747020399276,0.387637060654853,-0.637587965724222));
#2423=DIRECTION('',(0.754372591787735,-0.310249615303689,0.578504251465248));
#2424=DIRECTION('',(-0.554700196225229,0.,-0.832050294337844));
#2425=DIRECTION('',(-0.554700196225229,0.,-0.832050294337843));
#2426=DIRECTION('center_axis',(-0.554700196225229,0.,-0.832050294337844));
#2427=DIRECTION('ref_axis',(0.832050294337844,0.,-0.554700196225229));
#2428=DIRECTION('center_axis',(-0.554700196225229,-1.26161707343768E-16,
-0.832050294337844));
#2429=DIRECTION('ref_axis',(1.393074321525E-16,-1.,5.87558801743457E-17));
#2430=DIRECTION('',(-0.444342990451277,0.431317686038063,-0.785190652356221));
#2431=DIRECTION('',(0.553890221232174,-0.431317686038065,0.712159165168955));
#2432=DIRECTION('',(-0.554700196225229,0.,-0.832050294337844));
#2433=DIRECTION('',(-0.554700196225229,0.,-0.832050294337844));
#2434=DIRECTION('center_axis',(-0.554700196225229,0.,-0.832050294337844));
#2435=DIRECTION('ref_axis',(0.832050294337844,0.,-0.554700196225229));
#2436=DIRECTION('center_axis',(-0.554700196225229,-1.26161707343768E-16,
-0.832050294337844));
#2437=DIRECTION('ref_axis',(1.393074321525E-16,-1.,5.87558801743457E-17));
#2438=DIRECTION('',(-0.243860619895713,0.310249615303688,-0.91884556605993));
#2439=DIRECTION('',(0.332486191284176,-0.387637060654855,0.859761851800955));
#2440=DIRECTION('',(-0.554700196225229,0.,-0.832050294337844));
#2441=DIRECTION('',(-0.554700196225229,-2.31296463463574E-16,-0.832050294337844));
#2442=DIRECTION('center_axis',(-0.554700196225229,0.,-0.832050294337844));
#2443=DIRECTION('ref_axis',(0.832050294337844,0.,-0.554700196225229));
#2444=DIRECTION('center_axis',(-0.554700196225229,-1.26161707343768E-16,
-0.832050294337844));
#2445=DIRECTION('ref_axis',(1.393074321525E-16,-1.,5.87558801743457E-17));
#2446=DIRECTION('',(-0.174729316136006,-0.195892253401269,-0.964933101898788));
#2447=DIRECTION('',(-0.140877360139665,-0.0706767365198834,-0.987501072563963));
#2448=DIRECTION('',(-0.554700196225229,0.,-0.832050294337844));
#2449=DIRECTION('',(-0.554700196225229,0.,-0.832050294337844));
#2450=DIRECTION('center_axis',(-0.554700196225229,0.,-0.832050294337844));
#2451=DIRECTION('ref_axis',(0.832050294337844,0.,-0.554700196225229));
#2452=DIRECTION('center_axis',(-0.554700196225229,-1.26161707343768E-16,
-0.832050294337844));
#2453=DIRECTION('ref_axis',(1.393074321525E-16,-1.,5.87558801743457E-17));
#2454=DIRECTION('',(-0.332486191284177,-0.387637060654854,-0.859761851800955));
#2455=DIRECTION('',(0.243860619894364,0.310249615304891,0.918845566059881));
#2456=DIRECTION('center_axis',(-0.554700196225229,-1.26161707343768E-16,
-0.832050294337844));
#2457=DIRECTION('ref_axis',(1.393074321525E-16,-1.,5.87558801743457E-17));
#2458=DIRECTION('center_axis',(0.619210075123137,0.67937833490559,-0.393730822932251));
#2459=DIRECTION('ref_axis',(0.544926096917155,-0.0107656007876437,0.838414963331593));
#2460=DIRECTION('center_axis',(0.554700196225229,1.38777878078144E-16,0.832050294337844));
#2461=DIRECTION('ref_axis',(1.46305624534469E-16,-1.,6.92531687472999E-17));
#2462=DIRECTION('center_axis',(-0.717431833736921,-0.487771289976043,0.497363782975787));
#2463=DIRECTION('ref_axis',(0.566158645410365,0.00774297822047351,0.824259931402332));
#2464=DIRECTION('center_axis',(0.717431833693598,0.487771290069293,-0.497363782946828));
#2465=DIRECTION('ref_axis',(-0.569736590701994,0.,-0.821827364606015));
#2466=DIRECTION('',(-0.405901376772033,0.872937120069317,0.270600917847028));
#2467=DIRECTION('',(0.268449735157512,0.465239409090556,0.843496906884033));
#2468=DIRECTION('center_axis',(-0.52275396136495,-0.10551048966042,-0.845928976007366));
#2469=DIRECTION('ref_axis',(0.279722869019096,-0.958600413472295,-0.0532950639222058));
#2470=DIRECTION('center_axis',(0.554700196225229,0.,0.832050294337844));
#2471=DIRECTION('ref_axis',(-0.257096958487794,0.951064608225507,0.171397972325195));
#2472=DIRECTION('',(0.285373210248847,0.620698450833921,0.730270883990754));
#2473=DIRECTION('',(0.408972103447981,0.520114231136315,0.749815314041273));
#2474=DIRECTION('center_axis',(-0.834894388275508,-0.118419667291002,0.537520365032576));
#2475=DIRECTION('ref_axis',(0.5413293554266,0.,0.840810637987782));
#2476=DIRECTION('center_axis',(0.834894388566605,0.118419664350549,-0.537520365228238));
#2477=DIRECTION('ref_axis',(0.541514347870923,-0.00185428099149234,0.840689462698286));
#2478=DIRECTION('',(0.0985435325306917,-0.992961856633091,-0.0656956883527252));
#2479=DIRECTION('center_axis',(-0.554700196225229,-1.26161707343768E-16,
-0.832050294337844));
#2480=DIRECTION('ref_axis',(1.393074321525E-16,-1.,5.87558801743457E-17));
#2481=DIRECTION('center_axis',(0.554700196225229,1.38777878078144E-16,0.832050294337844));
#2482=DIRECTION('ref_axis',(1.46305624534469E-16,-1.,6.92531687472999E-17));
#2483=DIRECTION('center_axis',(-0.817285870915239,0.118419667190801,0.563933141094527));
#2484=DIRECTION('ref_axis',(0.567743755986034,-0.00187984992424888,0.823203191018556));
#2485=DIRECTION('center_axis',(0.817285870905266,-0.118419667291006,-0.563933141087939));
#2486=DIRECTION('ref_axis',(-0.567929298363106,0.,-0.823077342696778));
#2487=DIRECTION('',(0.0985435325297727,0.99296185663309,-0.0656956883541077));
#2488=DIRECTION('',(0.53483965104574,0.520114317935236,0.665903629625214));
#2489=DIRECTION('center_axis',(-0.579802898301374,-0.105508694178874,-0.807896351380544));
#2490=DIRECTION('ref_axis',(-0.230779281977601,-0.929703787054647,0.287039703431687));
#2491=DIRECTION('center_axis',(0.554700196225229,0.,0.832050294337844));
#2492=DIRECTION('ref_axis',(0.257138403590653,0.951048423710793,-0.171425602393768));
#2493=DIRECTION('',(0.615574970216468,0.600689880513753,0.510136377345674));
#2494=DIRECTION('',(0.675362092526756,0.465239766615105,0.572221987988756));
#2495=DIRECTION('center_axis',(-0.735040351063838,0.487771290069298,0.470951006891463));
#2496=DIRECTION('ref_axis',(0.539480417058633,0.,0.841998147034923));
#2497=DIRECTION('center_axis',(0.735040350018636,-0.487771292315792,-0.47095100619604));
#2498=DIRECTION('ref_axis',(0.543112490089183,0.00776554704684592,0.839624034546529));
#2499=DIRECTION('',(-0.405901376771075,-0.872937120069337,0.270600917848404));
#2500=DIRECTION('center_axis',(-0.554700196225229,-1.26161707343768E-16,
-0.832050294337844));
#2501=DIRECTION('ref_axis',(1.393074321525E-16,-1.,5.87558801743457E-17));
#2502=DIRECTION('center_axis',(0.554700196225229,1.38777878078144E-16,0.832050294337844));
#2503=DIRECTION('ref_axis',(1.46305624534469E-16,-1.,6.92531687472999E-17));
#2504=DIRECTION('center_axis',(-0.601601557559547,0.679378335157934,0.420143598856345));
#2505=DIRECTION('ref_axis',(0.564332358915307,-0.0107684369983106,0.825477455443635));
#2506=DIRECTION('center_axis',(0.60160155638421,-0.679378336682598,-0.420143598073899));
#2507=DIRECTION('ref_axis',(-0.572567964894655,0.,-0.819857259269193));
#2508=DIRECTION('',(0.565348161776469,0.733708913495205,-0.376898774518641));
#2509=DIRECTION('',(0.777191121256615,0.376323235364127,0.504335982817963));
#2510=DIRECTION('center_axis',(-0.625955579662273,-0.0652061635964546,-0.777127897143514));
#2511=DIRECTION('ref_axis',(-0.629651814548436,-0.545691913455221,0.552954725113587));
#2512=DIRECTION('center_axis',(0.554700196225229,0.,0.832050294337844));
#2513=DIRECTION('ref_axis',(0.673155635302098,0.587764066289771,-0.448770423534732));
#2514=DIRECTION('',(0.872928276299392,0.351238192535446,0.338567506623725));
#2515=DIRECTION('',(0.864038836999555,0.232659524164992,0.446437491673557));
#2516=DIRECTION('center_axis',(-0.357788810420408,0.907650193359509,0.219449979795843));
#2517=DIRECTION('ref_axis',(0.,-0.235006837613886,0.971993717199201));
#2518=DIRECTION('center_axis',(0.357788808454643,-0.9076501944509,-0.219449978486785));
#2519=DIRECTION('ref_axis',(-0.549109908101951,-0.0144189090246439,-0.835625755878076));
#2520=DIRECTION('',(-0.755305756226502,-0.419480073680517,0.503537170818699));
#2521=DIRECTION('center_axis',(-0.554700196225229,-1.26161707343768E-16,
-0.832050294337844));
#2522=DIRECTION('ref_axis',(1.393074321525E-16,-1.,5.87558801743457E-17));
#2523=DIRECTION('center_axis',(0.554700196225229,1.38777878078144E-16,0.832050294337844));
#2524=DIRECTION('ref_axis',(1.46305624534469E-16,-1.,6.92531687472999E-17));
#2525=DIRECTION('center_axis',(-0.152762969248859,0.980837572250909,0.120917873315796));
#2526=DIRECTION('ref_axis',(0.557212812456908,-0.0155656913623953,0.830223819753609));
#2527=DIRECTION('center_axis',(0.152762967437254,-0.980837572681804,-0.120917872109264));
#2528=DIRECTION('ref_axis',(0.,0.122353957932509,-0.992486528361091));
#2529=DIRECTION('',(0.816209008701661,0.194204103250927,-0.544139339135441));
#2530=DIRECTION('',(0.902934121393091,0.0887894676402444,0.420507316060313));
#2531=DIRECTION('center_axis',(-0.643583249874328,2.9051794939425E-6,-0.76537611699919));
#2532=DIRECTION('ref_axis',(-0.764538978378817,0.0467557237007014,0.64287950102698));
#2533=DIRECTION('center_axis',(0.554700196225229,0.,0.832050294337844));
#2534=DIRECTION('ref_axis',(-0.832050294052548,2.61870968551562E-5,0.554700196035033));
#2535=DIRECTION('',(0.959132912691099,-0.0323745468443219,0.281097749029253));
#2536=DIRECTION('',(0.902934233364445,-0.0887887487097703,0.420507227430297));
#2537=DIRECTION('center_axis',(0.152762967437254,0.980837572681803,-0.120917872109264));
#2538=DIRECTION('ref_axis',(0.,0.122353957932509,0.992486528361091));
#2539=DIRECTION('center_axis',(-0.152762969570489,-0.980837572174405,0.120917873530028));
#2540=DIRECTION('ref_axis',(-0.55721613675223,-0.0155649003840447,-0.830221603440283));
#2541=DIRECTION('',(-0.816209008701669,0.194204103250925,0.54413933913543));
#2542=DIRECTION('center_axis',(-0.554700196225229,-1.26161707343768E-16,
-0.832050294337844));
#2543=DIRECTION('ref_axis',(1.393074321525E-16,-1.,5.87558801743457E-17));
#2544=DIRECTION('center_axis',(0.554700196225229,1.38777878078144E-16,0.832050294337844));
#2545=DIRECTION('ref_axis',(1.46305624534469E-16,-1.,6.92531687472999E-17));
#2546=DIRECTION('center_axis',(0.357788810379767,0.90765019338206,-0.21944997976883));
#2547=DIRECTION('ref_axis',(0.549090483847966,-0.0144081211300271,0.835638705777269));
#2548=DIRECTION('center_axis',(-0.357788810420411,-0.907650193359506,0.219449979795848));
#2549=DIRECTION('ref_axis',(0.,-0.235006837613892,-0.9719937171992));
#2550=DIRECTION('',(0.755305756226489,-0.419480073680526,-0.503537170818711));
#2551=DIRECTION('',(0.864039099250414,-0.232658858879201,0.446437330822099));
#2552=DIRECTION('center_axis',(-0.625952738010767,0.0652108642765376,-0.777129791577399));
#2553=DIRECTION('ref_axis',(-0.583918461582532,0.621344263571605,0.522465823140375));
#2554=DIRECTION('center_axis',(0.554700196225229,0.,0.832050294337844));
#2555=DIRECTION('ref_axis',(-0.673130020823909,0.587806437892691,0.44875334721594));
#2556=DIRECTION('',(0.841261638277783,-0.403621309699935,0.35967859863813));
#2557=DIRECTION('',(0.77719156221594,-0.376322737395975,0.504335674862632));
#2558=DIRECTION('center_axis',(0.601601556384209,0.6793783366826,-0.420143598073897));
#2559=DIRECTION('ref_axis',(-0.572567964894654,0.,-0.819857259269194));
#2560=DIRECTION('center_axis',(-0.601601556301239,-0.679378336790213,0.420143598018691));
#2561=DIRECTION('ref_axis',(-0.564319904814081,-0.0107846001125217,-0.825485758466517));
#2562=DIRECTION('',(-0.565348161776498,0.733708913495215,0.376898774518577));
#2563=DIRECTION('center_axis',(-0.554700196225229,-1.26161707343768E-16,
-0.832050294337844));
#2564=DIRECTION('ref_axis',(1.393074321525E-16,-1.,5.87558801743457E-17));
#2565=DIRECTION('center_axis',(0.735040351128971,0.487771289929303,-0.4709510069348));
#2566=DIRECTION('ref_axis',(0.543101989330713,-0.007742963583591,0.839631035455435));
#2567=DIRECTION('center_axis',(0.554700196225229,1.38777878078144E-16,0.832050294337844));
#2568=DIRECTION('ref_axis',(1.46305624534469E-16,-1.,6.92531687472999E-17));
#2569=DIRECTION('center_axis',(-0.735040351063841,-0.487771290069294,0.470951006891462));
#2570=DIRECTION('ref_axis',(0.53948041705863,0.,0.841998147034925));
#2571=DIRECTION('',(0.405901376771137,-0.872937120069335,-0.270600917848316));
#2572=DIRECTION('',(0.675362631293912,-0.465239409090556,0.5722216427931));
#2573=DIRECTION('center_axis',(-0.57979830040473,0.105510489660198,-0.80789941664755));
#2574=DIRECTION('ref_axis',(-0.156781162474121,0.958600413472335,0.237707623739611));
#2575=DIRECTION('center_axis',(0.554700196225229,0.,0.832050294337844));
#2576=DIRECTION('ref_axis',(-0.257096958486836,0.951064608225881,0.171397972324557));
#2577=DIRECTION('',(0.564337273588065,-0.62069845083392,0.544294841764609));
#2578=DIRECTION('',(0.534840250096568,-0.520114231136316,0.665903216275549));
#2579=DIRECTION('center_axis',(0.817285870905265,0.118419667291003,-0.563933141087941));
#2580=DIRECTION('ref_axis',(-0.567929298363108,0.,-0.823077342696777));
#2581=DIRECTION('center_axis',(-0.817285870897696,-0.118419667367122,0.563933141082925));
#2582=DIRECTION('ref_axis',(0.567743735840758,0.00188005291613467,0.823203204448703));
#2583=DIRECTION('',(-0.0985435325297775,0.992961856633088,0.0656956883541416));
#2584=DIRECTION('center_axis',(-0.554700196225229,-1.26161707343768E-16,
-0.832050294337844));
#2585=DIRECTION('ref_axis',(-1.51542889025547E-15,1.,8.58658425227635E-16));
#2586=DIRECTION('center_axis',(0.834894388278125,-0.118419667264563,-0.537520365034336));
#2587=DIRECTION('ref_axis',(0.541516891498852,0.00187990975701582,0.840687767343338));
#2588=DIRECTION('center_axis',(0.554700196225229,1.38777878078144E-16,0.832050294337844));
#2589=DIRECTION('ref_axis',(1.46305624534469E-16,-1.,6.92531687472999E-17));
#2590=DIRECTION('center_axis',(-0.834894388275508,0.118419667291005,0.537520365032575));
#2591=DIRECTION('ref_axis',(0.541329355426599,0.,0.840810637987783));
#2592=DIRECTION('',(-0.0985435325306354,-0.992961856633091,0.0656956883528024));
#2593=DIRECTION('',(0.408972715405681,-0.520114317935236,0.749814920051921));
#2594=DIRECTION('center_axis',(-0.522749363471023,0.105508694165243,-0.845932041269383));
#2595=DIRECTION('ref_axis',(0.353720988536227,0.929703787056128,-0.102627143594901));
#2596=DIRECTION('center_axis',(0.554700196225229,0.,0.832050294337844));
#2597=DIRECTION('ref_axis',(0.257138403588099,0.95104842371179,-0.171425602392066));
#2598=DIRECTION('',(0.234135513620443,-0.600689880513754,0.76442934840969));
#2599=DIRECTION('',(0.268450261017792,-0.465239766615106,0.843496542328065));
#2600=DIRECTION('center_axis',(0.717431833693603,-0.487771290069287,-0.497363782946826));
#2601=DIRECTION('ref_axis',(-0.569736590701989,0.,-0.821827364606019));
#2602=DIRECTION('center_axis',(-0.717431833810856,0.4877712898169,0.497363783025212));
#2603=DIRECTION('ref_axis',(0.566158725311746,-0.00774280638367705,0.824259878134733));
#2604=DIRECTION('',(0.405901376772023,0.872937120069315,-0.270600917847052));
#2605=DIRECTION('center_axis',(-0.554700196225229,-1.26161707343768E-16,
-0.832050294337844));
#2606=DIRECTION('ref_axis',(1.393074321525E-16,-1.,5.87558801743457E-17));
#2607=DIRECTION('center_axis',(0.619210073839105,-0.679378336572662,-0.393730822075099));
#2608=DIRECTION('ref_axis',(-0.54494065867202,-0.0107844988048085,-0.838405255894567));
#2609=DIRECTION('center_axis',(0.554700196225229,1.38777878078144E-16,0.832050294337844));
#2610=DIRECTION('ref_axis',(1.46305624534469E-16,-1.,6.92531687472999E-17));
#2611=DIRECTION('center_axis',(-0.619210073754454,0.679378336682594,0.39373082201854));
#2612=DIRECTION('ref_axis',(0.536572868212077,0.,0.843853990390911));
#2613=DIRECTION('',(-0.565348161777329,-0.73370891349521,0.376898774517341));
#2614=DIRECTION('',(0.166621245194807,-0.376323235364126,0.911382566859169));
#2615=DIRECTION('center_axis',(-0.476596682101502,0.0652061636017338,-0.876700495516105));
#2616=DIRECTION('ref_axis',(0.752593521089471,0.545691913454677,-0.368542165300423));
#2617=DIRECTION('center_axis',(0.554700196225229,0.,0.832050294337844));
#2618=DIRECTION('ref_axis',(0.673155635303264,0.587764066287842,-0.448770423535509));
#2619=DIRECTION('',(-0.0232177924624822,-0.351238192535444,0.935998219131641));
#2620=DIRECTION('center_axis',(-0.458969011891406,-2.9051796290169E-6,-0.888452275654121));
#2621=DIRECTION('ref_axis',(0.887480684941044,-0.0467557237006767,-0.458466941183115));
#2622=DIRECTION('center_axis',(0.554700196225229,0.,0.832050294337844));
#2623=DIRECTION('ref_axis',(-0.832050294052549,2.61870979331827E-5,0.554700196035032));
#2624=DIRECTION('',(-0.109422428854189,0.0323745468443218,0.993467976726112));
#2625=DIRECTION('',(0.0408781201801043,0.0887887487097703,0.995211302886525));
#2626=DIRECTION('center_axis',(-0.170371484807495,-0.980837572681804,0.0945050960539015));
#2627=DIRECTION('ref_axis',(0.,-0.0959072694450266,-0.995390273042488));
#2628=DIRECTION('center_axis',(0.17037148492745,0.980837572653256,-0.0945050961339373));
#2629=DIRECTION('ref_axis',(0.552065646414885,-0.0155699307508242,0.833655264065986));
#2630=DIRECTION('',(0.81620900870257,-0.194204103250923,-0.54413933913408));
#2631=DIRECTION('center_axis',(-0.554700196225229,-1.26161707343768E-16,
-0.832050294337844));
#2632=DIRECTION('ref_axis',(1.393074321525E-16,-1.,5.87558801743457E-17));
#2633=DIRECTION('center_axis',(-0.340180291256713,-0.907650194355894,0.245862754654312));
#2634=DIRECTION('ref_axis',(-0.56015362760286,-0.0144173015001135,-0.828263276320284));
#2635=DIRECTION('center_axis',(0.554700196225229,1.38777878078144E-16,0.832050294337844));
#2636=DIRECTION('ref_axis',(1.46305624534469E-16,-1.,6.92531687472999E-17));
#2637=DIRECTION('center_axis',(0.340180293050167,0.907650193359508,-0.245862755851206));
#2638=DIRECTION('ref_axis',(0.,0.261455926320379,0.965215415641479));
#2639=DIRECTION('',(-0.755305756227453,0.419480073680505,0.503537170817282));
#2640=DIRECTION('',(0.0797732672010079,0.232658858879201,0.969281218855036));
#2641=DIRECTION('center_axis',(-0.476599523770042,-0.0652108642677669,-0.876698601073151));
#2642=DIRECTION('ref_axis',(0.706860168115867,-0.621344263572659,-0.338053263342567));
#2643=DIRECTION('center_axis',(0.554700196225229,0.,0.832050294337844));
#2644=DIRECTION('ref_axis',(-0.673130020825377,0.587806437890263,0.448753347216918));
#2645=DIRECTION('',(0.00844884555912664,0.403621309699935,0.914887127117235));
#2646=DIRECTION('',(0.166620791328609,0.376322737395974,0.911382855454188));
#2647=DIRECTION('center_axis',(-0.619210073754454,-0.679378336682595,0.393730822018539));
#2648=DIRECTION('ref_axis',(0.536572868212077,0.,0.843853990390912));
#2649=DIRECTION('',(0.565348161777333,-0.733708913495229,-0.376898774517298));
#2650=DIRECTION('',(0.0797735165449937,-0.232659524164992,0.969281038643264));
#2651=DIRECTION('',(-0.554700196225229,0.,-0.832050294337844));
#2652=DIRECTION('',(-0.554700196225229,-2.31296463463574E-16,-0.832050294337844));
#2653=DIRECTION('',(0.0408781201799165,-0.088788748710156,0.995211302886498));
#2654=DIRECTION('center_axis',(0.554700196225229,0.,0.832050294337844));
#2655=DIRECTION('ref_axis',(0.832050294337844,0.,-0.554700196225229));
#2656=DIRECTION('',(-0.816209008702566,-0.194204103250923,0.544139339134085));
#2657=DIRECTION('',(0.755305756227443,0.419480073680538,-0.503537170817271));
#2658=DIRECTION('center_axis',(0.340180293050169,-0.907650193359507,-0.245862755851208));
#2659=DIRECTION('ref_axis',(0.,0.261455926320381,-0.965215415641478));
#2660=DIRECTION('',(0.174729316137674,-0.195892253400595,0.964933101898623));
#2661=DIRECTION('center_axis',(-0.554700196225229,0.,-0.832050294337844));
#2662=DIRECTION('ref_axis',(0.832050294337844,0.,-0.554700196225229));
#2663=DIRECTION('',(0.140877360139664,-0.0706767365198832,0.987501072563963));
#2664=DIRECTION('center_axis',(-0.170371484807496,0.980837572681803,0.0945050960539014));
#2665=DIRECTION('ref_axis',(0.,-0.0959072694450265,0.995390273042488));
#2666=CARTESIAN_POINT('',(0.,0.,0.));
#2667=CARTESIAN_POINT('Origin',(0.233253065205745,-2.71338507218388E-12,
1.86375778646765));
#2668=CARTESIAN_POINT('',(0.455133143695849,-6.25000000000271,2.19657790420281));
#2669=CARTESIAN_POINT('Origin',(0.455133143695853,-2.71338507218388E-12,
2.19657790420281));
#2670=CARTESIAN_POINT('',(0.233253065205756,-6.25000000000271,1.86375778646768));
#2671=CARTESIAN_POINT('',(0.233253065205741,-6.25000000000271,1.86375778646765));
#2672=CARTESIAN_POINT('Origin',(0.23325306520576,-2.71338507218388E-12,
1.86375778646767));
#2673=CARTESIAN_POINT('Origin',(0.455133143695421,6.66133814775094E-15,
2.1965779042031));
#2674=CARTESIAN_POINT('',(-1.48395074974265,-5.52890784375621,3.48930049982848));
#2675=CARTESIAN_POINT('',(-0.680120809275529,-5.84280735422672,2.9534138728504));
#2676=CARTESIAN_POINT('Origin',(0.455133143695404,6.66133814775094E-15,
2.19657790420307));
#2677=CARTESIAN_POINT('',(-0.347300691536929,-5.84280735420891,3.4526440494508));
#2678=CARTESIAN_POINT('',(-0.347300691540391,-5.84280735422672,3.4526440494531));
#2679=CARTESIAN_POINT('',(-0.266490708778769,-5.79246255596138,3.9344217184996));
#2680=CARTESIAN_POINT('Ctrl Pts',(-0.266490708709566,-5.79246255637116,
3.93442171853916));
#2681=CARTESIAN_POINT('Ctrl Pts',(-0.277414841426837,-5.8021011173613,3.85369765655765));
#2682=CARTESIAN_POINT('Ctrl Pts',(-0.289677848190361,-5.81107583405169,
3.7730365123066));
#2683=CARTESIAN_POINT('Ctrl Pts',(-0.316725949273318,-5.82777929632081,
3.61250599980107));
#2684=CARTESIAN_POINT('Ctrl Pts',(-0.331514309375453,-5.83552361117853,
3.53254043288652));
#2685=CARTESIAN_POINT('Ctrl Pts',(-0.347559969982709,-5.84273165371313,
3.45283947007349));
#2686=CARTESIAN_POINT('',(-0.744648409491113,-5.60573855095057,4.25320053642557));
#2687=CARTESIAN_POINT('Ctrl Pts',(-0.744648072032614,-5.60573852086766,
4.25320104027068));
#2688=CARTESIAN_POINT('Ctrl Pts',(-0.728779466672893,-5.61293552202666,
4.243002491491));
#2689=CARTESIAN_POINT('Ctrl Pts',(-0.712932221351811,-5.62002191994543,
4.2327792316297));
#2690=CARTESIAN_POINT('Ctrl Pts',(-0.697108661350166,-5.62699799134319,
4.22253327287889));
#2691=CARTESIAN_POINT('Ctrl Pts',(-0.556887318008671,-5.6888168299951,4.13173814841189));
#2692=CARTESIAN_POINT('Ctrl Pts',(-0.412854920929594,-5.7444330254814,4.03547485241382));
#2693=CARTESIAN_POINT('Ctrl Pts',(-0.266490709487306,-5.79246255632982,
3.93442171764846));
#2694=CARTESIAN_POINT('',(-1.1511306320016,-5.52890784373936,3.98853067642724));
#2695=CARTESIAN_POINT('Ctrl Pts',(-1.15086517806033,-5.52903703722917,3.98837626082199));
#2696=CARTESIAN_POINT('Ctrl Pts',(-1.08484497925769,-5.541344300171,4.03476087603686));
#2697=CARTESIAN_POINT('Ctrl Pts',(-1.01802424622029,-5.55391888363127,4.08003820657051));
#2698=CARTESIAN_POINT('Ctrl Pts',(-0.882650030153323,-5.57951730336448,
4.16835130997794));
#2699=CARTESIAN_POINT('Ctrl Pts',(-0.814004416275781,-5.59255926570958,
4.21143049583535));
#2700=CARTESIAN_POINT('Ctrl Pts',(-0.744648674623839,-5.6057385255946,4.25320011405191));
#2701=CARTESIAN_POINT('',(-1.15113063200751,-5.52890784375621,3.98853067643118));
#2702=CARTESIAN_POINT('Origin',(0.455133143695421,6.66133814775094E-15,
2.1965779042031));
#2703=CARTESIAN_POINT('',(1.59038709666636,-5.84280735422673,1.4397419355558));
#2704=CARTESIAN_POINT('',(2.39421703713348,-5.52890784375622,0.903855308577722));
#2705=CARTESIAN_POINT('Origin',(0.455133143695404,6.66133814775094E-15,
2.19657790420307));
#2706=CARTESIAN_POINT('',(2.72703715486271,-5.52890784373936,1.40308548518437));
#2707=CARTESIAN_POINT('',(2.72703715486862,-5.52890784375622,1.40308548518043));
#2708=CARTESIAN_POINT('',(2.81500732341798,-5.60573756433449,1.88008969704543));
#2709=CARTESIAN_POINT('Ctrl Pts',(2.81500732368185,-5.605737564645,1.88008969695516));
#2710=CARTESIAN_POINT('Ctrl Pts',(2.80311982384841,-5.59256074208684,1.80000605179132));
#2711=CARTESIAN_POINT('Ctrl Pts',(2.78970258982413,-5.57953918152693,1.72008588842608));
#2712=CARTESIAN_POINT('Ctrl Pts',(2.76010090161024,-5.55401465943512,1.56125860142697));
#2713=CARTESIAN_POINT('Ctrl Pts',(2.74391611245926,-5.54149442027024,1.4822575450318));
#2714=CARTESIAN_POINT('Ctrl Pts',(2.72639844092799,-5.52924510296238,1.40357014611751));
#2715=CARTESIAN_POINT('',(2.33684970771358,-5.792461881999,2.1988684582891));
#2716=CARTESIAN_POINT('Ctrl Pts',(2.33685003025303,-5.79246185689761,2.19886897208025));
#2717=CARTESIAN_POINT('Ctrl Pts',(2.35324135810149,-5.78719836193306,2.18832194164141));
#2718=CARTESIAN_POINT('Ctrl Pts',(2.36955787954831,-5.78184777664064,2.17778583102961));
#2719=CARTESIAN_POINT('Ctrl Pts',(2.3857978894599,-5.77641211817314,2.1672622390055));
#2720=CARTESIAN_POINT('Ctrl Pts',(2.52970962633547,-5.72824373309337,2.07400685217973));
#2721=CARTESIAN_POINT('Ctrl Pts',(2.67341301834187,-5.67141057632171,1.97796289290005));
#2722=CARTESIAN_POINT('Ctrl Pts',(2.81500732290841,-5.6057375647015,1.88008969606194));
#2723=CARTESIAN_POINT('',(1.92320721439804,-5.84280735420892,1.93897211216082));
#2724=CARTESIAN_POINT('Ctrl Pts',(1.92393805642457,-5.84260979902214,1.93854373837918));
#2725=CARTESIAN_POINT('Ctrl Pts',(1.99120592746968,-5.83543141934236,1.98406433578662));
#2726=CARTESIAN_POINT('Ctrl Pts',(2.05920459520352,-5.82771808499015,2.02852280419103));
#2727=CARTESIAN_POINT('Ctrl Pts',(2.19682623682325,-5.8110602875645,2.11533678874849));
#2728=CARTESIAN_POINT('Ctrl Pts',(2.26654110009221,-5.80209867018516,2.15773165891959));
#2729=CARTESIAN_POINT('Ctrl Pts',(2.33684942800512,-5.79246185344058,2.19886804563259));
#2730=CARTESIAN_POINT('',(1.9232072144015,-5.84280735422673,1.93897211215851));
#2731=CARTESIAN_POINT('Origin',(0.455133143695421,6.66133814775094E-15,
2.1965779042031));
#2732=CARTESIAN_POINT('',(4.23109651890316,-3.92495304510048,-0.32073101260206));
#2733=CARTESIAN_POINT('',(4.72789074328664,-3.10315345763674,-0.651927162191049));
#2734=CARTESIAN_POINT('Origin',(0.455133143695404,6.66133814775094E-15,
2.19657790420307));
#2735=CARTESIAN_POINT('',(5.06071086100875,-3.10315345762728,-0.152696985579658));
#2736=CARTESIAN_POINT('',(5.06071086102178,-3.10315345763674,-0.152696985588343));
#2737=CARTESIAN_POINT('',(5.21667058892917,-3.27781135482234,0.278980853361126));
#2738=CARTESIAN_POINT('Ctrl Pts',(5.21667058930215,-3.27781135491507,0.278980853198169));
#2739=CARTESIAN_POINT('Ctrl Pts',(5.19285538388893,-3.2468483145819,0.206850838635991));
#2740=CARTESIAN_POINT('Ctrl Pts',(5.16783656045957,-3.21677278189012,0.134693592587123));
#2741=CARTESIAN_POINT('Ctrl Pts',(5.11574987565908,-3.15865012241583,-0.00914453254911743));
#2742=CARTESIAN_POINT('Ctrl Pts',(5.08866194981393,-3.13055964261913,-0.0809104134562713));
#2743=CARTESIAN_POINT('Ctrl Pts',(5.06057820538227,-3.10343796383836,-0.152586009428228));
#2744=CARTESIAN_POINT('',(4.92115425187945,-3.766661652662,0.47599876217852));
#2745=CARTESIAN_POINT('Ctrl Pts',(4.92115456478544,-3.76666164213001,0.475999282391992));
#2746=CARTESIAN_POINT('Ctrl Pts',(4.93187476789648,-3.75094812721881,0.469233001778087));
#2747=CARTESIAN_POINT('Ctrl Pts',(4.94248842497692,-3.73520430043726,0.462498800743876));
#2748=CARTESIAN_POINT('Ctrl Pts',(4.95299518379122,-3.7194331488879,0.455797376117954));
#2749=CARTESIAN_POINT('Ctrl Pts',(5.04610140230085,-3.57967622591516,0.396412334872152));
#2750=CARTESIAN_POINT('Ctrl Pts',(5.13454336860544,-3.43210205097731,0.337209326057134));
#2751=CARTESIAN_POINT('Ctrl Pts',(5.21667058857969,-3.27781135504786,0.278980852270613));
#2752=CARTESIAN_POINT('',(4.56391663662678,-3.92495304508851,0.178499164008321));
#2753=CARTESIAN_POINT('Ctrl Pts',(4.56441551126939,-3.92429738068326,0.178225322306381));
#2754=CARTESIAN_POINT('Ctrl Pts',(4.62329135035062,-3.90043284073507,0.22934068554591));
#2755=CARTESIAN_POINT('Ctrl Pts',(4.68244608700126,-3.87543183617055,0.27969520553954));
#2756=CARTESIAN_POINT('Ctrl Pts',(4.80137738160436,-3.82295398744195,0.378969428621279));
#2757=CARTESIAN_POINT('Ctrl Pts',(4.86122876602647,-3.79543116013974,0.427939878808539));
#2758=CARTESIAN_POINT('Ctrl Pts',(4.92115395881275,-3.76666163180948,0.475998358427481));
#2759=CARTESIAN_POINT('',(4.56391663663829,-3.92495304510048,0.178499164000646));
#2760=CARTESIAN_POINT('Origin',(0.455133143695421,6.66133814775094E-15,
2.1965779042031));
#2761=CARTESIAN_POINT('',(5.42951627203711,-0.50790007704551,-1.11967751469136));
#2762=CARTESIAN_POINT('',(5.42951627202059,0.507900077063396,-1.11967751468035));
#2763=CARTESIAN_POINT('Origin',(0.455133143695404,6.66133814775094E-15,
2.19657790420307));
#2764=CARTESIAN_POINT('',(5.76233638968118,0.507900077055784,-0.620447338027945));
#2765=CARTESIAN_POINT('',(5.76233638975573,0.507900077063396,-0.620447338077647));
#2766=CARTESIAN_POINT('',(6.02114534876796,0.302127382766413,-0.257335653188024));
#2767=CARTESIAN_POINT('Ctrl Pts',(6.02114534912253,0.302127382926889,-0.257335653338751));
#2768=CARTESIAN_POINT('Ctrl Pts',(5.97897743303956,0.339040578028809,-0.317232365799371));
#2769=CARTESIAN_POINT('Ctrl Pts',(5.93618667907561,0.374609605122207,-0.377569893690886));
#2770=CARTESIAN_POINT('Ctrl Pts',(5.84989479279685,0.442864377308892,-0.498603743789524));
#2771=CARTESIAN_POINT('Ctrl Pts',(5.80634981973265,0.475604735605313,-0.559365065441111));
#2772=CARTESIAN_POINT('Ctrl Pts',(5.76242399359683,0.507041352715726,-0.620447338159803));
#2773=CARTESIAN_POINT('',(6.02114872441594,-0.302124696128962,-0.257330886179156));
#2774=CARTESIAN_POINT('Ctrl Pts',(6.02114903665369,-0.302124704189234,-0.2573303655202));
#2775=CARTESIAN_POINT('Ctrl Pts',(6.02217044469649,-0.281963197944629,-0.257630782755268));
#2776=CARTESIAN_POINT('Ctrl Pts',(6.02308739727321,-0.261839736391416,-0.257900514120328));
#2777=CARTESIAN_POINT('Ctrl Pts',(6.02390111103615,-0.241757135610225,-0.258139908712005));
#2778=CARTESIAN_POINT('Ctrl Pts',(6.03111188009248,-0.063794069383564,-0.260261316991602));
#2779=CARTESIAN_POINT('Ctrl Pts',(6.03046798604713,0.118152804501709,-0.260073752236864));
#2780=CARTESIAN_POINT('Ctrl Pts',(6.02114534847893,0.302127382768602,-0.257335654318536));
#2781=CARTESIAN_POINT('',(5.76233638971283,-0.507900077039444,-0.620447338049044));
#2782=CARTESIAN_POINT('Ctrl Pts',(5.76242399363105,-0.507041352417087,-0.620447338154127));
#2783=CARTESIAN_POINT('Ctrl Pts',(5.80634981974635,-0.475604735395076,-0.559365065449848));
#2784=CARTESIAN_POINT('Ctrl Pts',(5.84989479279667,-0.442864377177585,-0.498603743806621));
#2785=CARTESIAN_POINT('Ctrl Pts',(5.93618667906372,-0.374609605102672,-0.377569893710469));
#2786=CARTESIAN_POINT('Ctrl Pts',(5.97898053759876,-0.339037952218304,-0.317227977598841));
#2787=CARTESIAN_POINT('Ctrl Pts',(6.0211484243109,-0.302124690947304,-0.257331285237983));
#2788=CARTESIAN_POINT('',(5.76233638977224,-0.50790007704551,-0.620447338088654));
#2789=CARTESIAN_POINT('Origin',(0.455133143695421,6.66133814775094E-15,
2.1965779042031));
#2790=CARTESIAN_POINT('',(4.72789074328665,3.10315345763675,-0.651927162191054));
#2791=CARTESIAN_POINT('',(4.23109651890317,3.92495304510048,-0.320731012602072));
#2792=CARTESIAN_POINT('Origin',(0.455133143695404,6.66133814775094E-15,
2.19657790420307));
#2793=CARTESIAN_POINT('',(4.56391663662679,3.92495304508851,0.178499164008311));
#2794=CARTESIAN_POINT('',(4.56391663663831,3.92495304510048,0.178499164000634));
#2795=CARTESIAN_POINT('',(4.9211495881223,3.76666372997085,0.475994853898954));
#2796=CARTESIAN_POINT('Ctrl Pts',(4.92114958833827,3.76666373032331,0.47599485384067));
#2797=CARTESIAN_POINT('Ctrl Pts',(4.86122168526604,3.795438502563,0.427939971617818));
#2798=CARTESIAN_POINT('Ctrl Pts',(4.80135957239746,3.82300091340002,0.379011573478627));
#2799=CARTESIAN_POINT('Ctrl Pts',(4.68232360102907,3.87562612383429,0.279806307069157));
#2800=CARTESIAN_POINT('Ctrl Pts',(4.62307786180681,3.9007312864266,0.229478982450869));
#2801=CARTESIAN_POINT('Ctrl Pts',(4.56410811134348,3.92470142151311,0.17839406999941));
#2802=CARTESIAN_POINT('',(5.21667262425111,3.27781362548462,0.278986513930721));
#2803=CARTESIAN_POINT('Ctrl Pts',(5.21667294504112,3.27781360191083,0.278987028888177));
#2804=CARTESIAN_POINT('Ctrl Pts',(5.20767249775089,3.2947220893677,0.285367848541791));
#2805=CARTESIAN_POINT('Ctrl Pts',(5.19860271722802,3.31153870735047,0.291755939243121));
#2806=CARTESIAN_POINT('Ctrl Pts',(5.18946600574059,3.32826188644748,0.298150161485027));
#2807=CARTESIAN_POINT('Ctrl Pts',(5.10850053663245,3.47645525365964,0.354812911984436));
#2808=CARTESIAN_POINT('Ctrl Pts',(5.01897411844815,3.62327730511924,0.414255492828655));
#2809=CARTESIAN_POINT('Ctrl Pts',(4.92114958777069,3.76666373019991,0.475994852809868));
#2810=CARTESIAN_POINT('',(5.06071086100875,3.10315345762729,-0.152696985579662));
#2811=CARTESIAN_POINT('Ctrl Pts',(5.06036514307795,3.10389480872423,-0.152407805028455));
#2812=CARTESIAN_POINT('Ctrl Pts',(5.08849313690056,3.13089356478311,-0.0807938510622955));
#2813=CARTESIAN_POINT('Ctrl Pts',(5.11562466054247,3.15886557437678,-0.00909048831887464));
#2814=CARTESIAN_POINT('Ctrl Pts',(5.16779529496036,3.21682358509982,0.134690844060339));
#2815=CARTESIAN_POINT('Ctrl Pts',(5.19285323742905,3.24685623551685,0.206856896859434));
#2816=CARTESIAN_POINT('Ctrl Pts',(5.21667232611604,3.2778136130162,0.27898611355858));
#2817=CARTESIAN_POINT('',(5.06071086102178,3.10315345763675,-0.152696985588348));
#2818=CARTESIAN_POINT('Origin',(0.455133143695421,6.66133814775094E-15,
2.1965779042031));
#2819=CARTESIAN_POINT('',(2.39421703713348,5.52890784375624,0.90385530857772));
#2820=CARTESIAN_POINT('',(1.59038709666638,5.84280735422675,1.43974193555579));
#2821=CARTESIAN_POINT('Origin',(0.455133143695404,6.66133814775094E-15,
2.19657790420307));
#2822=CARTESIAN_POINT('',(1.92320721439805,5.84280735420893,1.9389721121608));
#2823=CARTESIAN_POINT('',(1.92320721440151,5.84280735422675,1.9389721121585));
#2824=CARTESIAN_POINT('',(2.33684430015152,5.79246255596139,2.19886504587943));
#2825=CARTESIAN_POINT('Ctrl Pts',(2.33684430016142,5.79246255637116,2.19886504595853));
#2826=CARTESIAN_POINT('Ctrl Pts',(2.26653137193378,5.80210111722135,2.15773351558843));
#2827=CARTESIAN_POINT('Ctrl Pts',(2.19679149908816,5.81107582157762,2.11539025714281));
#2828=CARTESIAN_POINT('Ctrl Pts',(2.05901275694605,5.82777923929958,2.0286801741735));
#2829=CARTESIAN_POINT('Ctrl Pts',(1.99088634467867,5.83552352296537,1.98427333861183));
#2830=CARTESIAN_POINT('Ctrl Pts',(1.92348776865772,5.84273153383622,1.93880768003574));
#2831=CARTESIAN_POINT('',(2.81500847851097,5.60573855095059,1.88009594442416));
#2832=CARTESIAN_POINT('Ctrl Pts',(2.81500881380704,5.60573852086767,1.8800964497109));
#2833=CARTESIAN_POINT('Ctrl Pts',(2.79949145902594,5.61293552202666,1.89082187435843));
#2834=CARTESIAN_POINT('Ctrl Pts',(2.78395950941512,5.62002191994541,1.90151807778506));
#2835=CARTESIAN_POINT('Ctrl Pts',(2.76841571672147,5.62699799134316,1.91218368749778));
#2836=CARTESIAN_POINT('Ctrl Pts',(2.63067354669749,5.68881682999507,2.00669757194106));
#2837=CARTESIAN_POINT('Ctrl Pts',(2.48641804382268,5.74443302548139,2.10262620924561));
#2838=CARTESIAN_POINT('Ctrl Pts',(2.33684429963837,5.79246255632983,2.19886504489804));
#2839=CARTESIAN_POINT('',(2.72703715486271,5.52890784373939,1.40308548518437));
#2840=CARTESIAN_POINT('Ctrl Pts',(2.72679198532681,5.52903731941517,1.40327153447975));
#2841=CARTESIAN_POINT('Ctrl Pts',(2.74421631018924,5.54134449790395,1.48205336131947));
#2842=CARTESIAN_POINT('Ctrl Pts',(2.76031061476742,5.55391900650671,1.56114826956466));
#2843=CARTESIAN_POINT('Ctrl Pts',(2.78976359522014,5.57951732730023,1.72007552706485));
#2844=CARTESIAN_POINT('Ctrl Pts',(2.80312690542398,5.59255926596812,1.80000961642826));
#2845=CARTESIAN_POINT('Ctrl Pts',(2.81500819060172,5.60573852559461,1.88009553723481));
#2846=CARTESIAN_POINT('',(2.72703715486862,5.52890784375624,1.40308548518043));
#2847=CARTESIAN_POINT('Origin',(0.455133143695421,6.66133814775094E-15,
2.1965779042031));
#2848=CARTESIAN_POINT('',(-0.68012080927554,5.84280735422674,2.9534138728504));
#2849=CARTESIAN_POINT('',(-1.48395074974265,5.52890784375624,3.48930049982848));
#2850=CARTESIAN_POINT('Origin',(0.455133143695404,6.66133814775094E-15,
2.19657790420307));
#2851=CARTESIAN_POINT('',(-1.1511306320016,5.52890784373938,3.98853067642724));
#2852=CARTESIAN_POINT('',(-1.15113063200751,5.52890784375624,3.98853067643118));
#2853=CARTESIAN_POINT('',(-0.744653732035761,5.6057375643345,4.25319706734787));
#2854=CARTESIAN_POINT('Ctrl Pts',(-0.74465373222057,5.605737564645,4.25319706755673));
#2855=CARTESIAN_POINT('Ctrl Pts',(-0.814004983951947,5.59256074165078,4.21142258743348));
#2856=CARTESIAN_POINT('Ctrl Pts',(-0.882617049305898,5.57953912761879,4.16829905235548));
#2857=CARTESIAN_POINT('Ctrl Pts',(-1.01784205471592,5.5540143766791,4.07988730282236));
#2858=CARTESIAN_POINT('Ctrl Pts',(-1.08454157807461,5.54149396197374,4.03456263631493));
#2859=CARTESIAN_POINT('Ctrl Pts',(-1.15043895160351,5.52924444215447,3.98812829257272));
#2860=CARTESIAN_POINT('',(-0.266489638693729,5.79246188199902,3.93442802256063));
#2861=CARTESIAN_POINT('Ctrl Pts',(-0.266489288478605,5.79246185689763,3.93442851790134));
#2862=CARTESIAN_POINT('Ctrl Pts',(-0.282529365748466,5.78719836193308,3.94550242420804));
#2863=CARTESIAN_POINT('Ctrl Pts',(-0.29853059148504,5.78184777664066,3.95651147838517));
#2864=CARTESIAN_POINT('Ctrl Pts',(-0.314490834088672,5.77641211817316,3.96745472137121));
#2865=CARTESIAN_POINT('Ctrl Pts',(-0.455923397649239,5.72824373309339,4.06442886816951));
#2866=CARTESIAN_POINT('Ctrl Pts',(-0.599849895448359,5.67141057632172,4.16013816876016));
#2867=CARTESIAN_POINT('Ctrl Pts',(-0.744653732747603,5.60573756470151,4.25319706649923));
#2868=CARTESIAN_POINT('',(-0.347300691536941,5.84280735420893,3.4526440494508));
#2869=CARTESIAN_POINT('Ctrl Pts',(-0.348070957751416,5.8425824127621,3.45322456242146));
#2870=CARTESIAN_POINT('Ctrl Pts',(-0.331898860735503,5.83541153732138,3.53280101399245));
#2871=CARTESIAN_POINT('Ctrl Pts',(-0.316987809102808,5.82770600363348,3.61264653711673));
#2872=CARTESIAN_POINT('Ctrl Pts',(-0.289745092680262,5.81105833799843,3.77305427144343));
#2873=CARTESIAN_POINT('Ctrl Pts',(-0.277416309098322,5.80210074359565,3.85369806480021));
#2874=CARTESIAN_POINT('Ctrl Pts',(-0.266489912027256,5.7924618534406,3.93442760565415));
#2875=CARTESIAN_POINT('',(-0.347300691540402,5.84280735422674,3.45264404945311));
#2876=CARTESIAN_POINT('Origin',(0.455133143695421,6.66133814775094E-15,
2.1965779042031));
#2877=CARTESIAN_POINT('',(-3.32083023151232,3.92495304510048,4.71388682100826));
#2878=CARTESIAN_POINT('',(-3.8176244558958,3.10315345763674,5.04508297059725));
#2879=CARTESIAN_POINT('Origin',(0.455133143695404,6.66133814775094E-15,
2.19657790420307));
#2880=CARTESIAN_POINT('',(-3.48480433814764,3.10315345762728,5.54431314719127));
#2881=CARTESIAN_POINT('',(-3.48480433816067,3.10315345763674,5.54431314719995));
#2882=CARTESIAN_POINT('',(-3.14631699756067,3.2778113548145,5.85430591102079));
#2883=CARTESIAN_POINT('Ctrl Pts',(-3.14631699785455,3.27781135490723,5.85430591130241));
#2884=CARTESIAN_POINT('Ctrl Pts',(-3.20373886289772,3.24684823529544,5.80458041339789));
#2885=CARTESIAN_POINT('Ctrl Pts',(-3.26072258964896,3.21677395372179,5.75373237012154));
#2886=CARTESIAN_POINT('Ctrl Pts',(-3.37346040499053,3.15865617513275,5.6503283191238));
#2887=CARTESIAN_POINT('Ctrl Pts',(-3.42928520112359,3.13056929985503,5.59772121664211));
#2888=CARTESIAN_POINT('Ctrl Pts',(-3.48464360451006,3.10345144643734,5.5442295982688));
#2889=CARTESIAN_POINT('',(-2.8507941828596,3.766661652662,5.65729771867121));
#2890=CARTESIAN_POINT('Ctrl Pts',(-2.85079382301101,3.76666164213001,5.6572982075896));
#2891=CARTESIAN_POINT('Ctrl Pts',(-2.8611627755435,3.75094812721878,5.66459136407139));
#2892=CARTESIAN_POINT('Ctrl Pts',(-2.87146113691373,3.7352043004372,5.67179850867096));
#2893=CARTESIAN_POINT('Ctrl Pts',(-2.8816881284201,3.7194331488878,5.67891958425882));
#2894=CARTESIAN_POINT('Ctrl Pts',(-2.97231517361375,3.5796762259127,5.74202338548194));
#2895=CARTESIAN_POINT('Ctrl Pts',(-3.06098024571544,3.43210205097225,5.80089173560438));
#2896=CARTESIAN_POINT('Ctrl Pts',(-3.14631699843288,3.27781135504002,5.85430591027877));
#2897=CARTESIAN_POINT('',(-2.98801011376567,3.92495304508851,5.21311699760329));
#2898=CARTESIAN_POINT('Ctrl Pts',(-2.98845632060367,3.92429508748957,5.21347341548215));
#2899=CARTESIAN_POINT('Ctrl Pts',(-2.96391703209321,3.90043121134134,5.28747967095823));
#2900=CARTESIAN_POINT('Ctrl Pts',(-2.9401874034414,3.8754308110389,5.36145075226765));
#2901=CARTESIAN_POINT('Ctrl Pts',(-2.89429189312449,3.82295377967526,5.50941548513048));
#2902=CARTESIAN_POINT('Ctrl Pts',(-2.8721079639972,3.79543115843836,5.58349770402904));
#2903=CARTESIAN_POINT('Ctrl Pts',(-2.85079444283491,3.76666163180948,5.65729729285924));
#2904=CARTESIAN_POINT('',(-2.98801011377719,3.92495304510048,5.21311699761097));
#2905=CARTESIAN_POINT('Origin',(0.455133143695421,6.66133814775094E-15,
2.1965779042031));
#2906=CARTESIAN_POINT('',(-4.51924998464626,0.507900077045515,5.51283332309755));
#2907=CARTESIAN_POINT('',(-4.51924998462974,-0.507900077063403,5.51283332308654));
#2908=CARTESIAN_POINT('Origin',(0.455133143695404,6.66133814775094E-15,
2.19657790420307));
#2909=CARTESIAN_POINT('',(-4.18642986682005,-0.507900077055791,6.01206349963954));
#2910=CARTESIAN_POINT('',(-4.18642986689461,-0.507900077063403,6.01206349968925));
#2911=CARTESIAN_POINT('',(-3.9507917573671,-0.30212738332293,6.39062241755851));
#2912=CARTESIAN_POINT('Ctrl Pts',(-3.95079175764266,-0.302127383483454,
6.39062241782791));
#2913=CARTESIAN_POINT('Ctrl Pts',(-3.98986146796724,-0.339047382593314,
6.32866207223236));
#2914=CARTESIAN_POINT('Ctrl Pts',(-4.02908416533309,-0.374669638939108,
6.26597409507907));
#2915=CARTESIAN_POINT('Ctrl Pts',(-4.1076066958428,-0.443115776018394,6.13975986536928));
#2916=CARTESIAN_POINT('Ctrl Pts',(-4.14695123366024,-0.475992629900322,
6.07616503562743));
#2917=CARTESIAN_POINT('Ctrl Pts',(-4.18644285414251,-0.507569257878934,
6.01209466887062));
#2918=CARTESIAN_POINT('',(-3.95078865539608,0.302124696128961,6.39062736702887));
#2919=CARTESIAN_POINT('Ctrl Pts',(-3.95078829487927,0.302124704189234,6.39062785550177));
#2920=CARTESIAN_POINT('Ctrl Pts',(-3.95145845234348,0.28196319794463,6.39145514860472));
#2921=CARTESIAN_POINT('Ctrl Pts',(-3.95206010920996,0.261839736391417,6.39219782353512));
#2922=CARTESIAN_POINT('Ctrl Pts',(-3.95259405566495,0.241757135610227,6.39285686908873));
#2923=CARTESIAN_POINT('Ctrl Pts',(-3.95732565141101,0.0637940692041543,
6.39869703734679));
#2924=CARTESIAN_POINT('Ctrl Pts',(-3.95690486315275,-0.118152804868614,
6.39817481389591));
#2925=CARTESIAN_POINT('Ctrl Pts',(-3.95079175829969,-0.302127383325119,
6.39062241685675));
#2926=CARTESIAN_POINT('',(-4.18642986685171,0.507900077039448,6.01206349966065));
#2927=CARTESIAN_POINT('Ctrl Pts',(-4.18644285413478,0.507569257979726,6.0120946688668));
#2928=CARTESIAN_POINT('Ctrl Pts',(-4.14695123366151,0.475992629995117,6.07616503561199));
#2929=CARTESIAN_POINT('Ctrl Pts',(-4.10760669586069,0.443115776101826,6.13975986533143));
#2930=CARTESIAN_POINT('Ctrl Pts',(-4.02908416535316,0.37466963897927,6.26597409504475));
#2931=CARTESIAN_POINT('Ctrl Pts',(-3.98985861213529,0.339044754009193,6.32866662488236));
#2932=CARTESIAN_POINT('Ctrl Pts',(-3.95078890833306,0.302124690947296,6.39062693652468));
#2933=CARTESIAN_POINT('',(-4.18642986691112,0.507900077045515,6.01206349970026));
#2934=CARTESIAN_POINT('Origin',(0.455133143695421,6.66133814775094E-15,
2.1965779042031));
#2935=CARTESIAN_POINT('',(-3.8176244558958,-3.10315345763672,5.04508297059724));
#2936=CARTESIAN_POINT('',(-3.32083023151231,-3.92495304510047,4.71388682100825));
#2937=CARTESIAN_POINT('Origin',(0.455133143695404,6.66133814775094E-15,
2.19657790420307));
#2938=CARTESIAN_POINT('',(-2.98801011376566,-3.9249530450885,5.21311699760329));
#2939=CARTESIAN_POINT('',(-2.98801011377717,-3.92495304510047,5.21311699761096));
#2940=CARTESIAN_POINT('',(-2.85079599674469,-3.76666372997808,5.65729191047686));
#2941=CARTESIAN_POINT('Ctrl Pts',(-2.85079599688156,-3.76666373033055,5.6572919106538));
#2942=CARTESIAN_POINT('Ctrl Pts',(-2.87210507141502,-3.79543857643209,5.58349121907681));
#2943=CARTESIAN_POINT('Ctrl Pts',(-2.89424695898847,-3.8229998460404,5.50941528326731));
#2944=CARTESIAN_POINT('Ctrl Pts',(-2.94004103145669,-3.87562075454744,5.36138207033697));
#2945=CARTESIAN_POINT('Ctrl Pts',(-2.96371206786219,-3.9007227957229,5.28733912773062));
#2946=CARTESIAN_POINT('Ctrl Pts',(-2.98818871967024,-3.92468969619066,5.21325967469371));
#2947=CARTESIAN_POINT('',(-3.14631255523125,-3.27781362548461,5.85430996691899));
#2948=CARTESIAN_POINT('Ctrl Pts',(-3.14631220326668,-3.27781360191082,5.85431046109341));
#2949=CARTESIAN_POINT('Ctrl Pts',(-3.13696050539789,-3.29472208936767,5.84845651730767));
#2950=CARTESIAN_POINT('Ctrl Pts',(-3.1275754291648,-3.31153870735042,5.84254137017169));
#2951=CARTESIAN_POINT('Ctrl Pts',(-3.11815895036942,-3.32826188644742,5.83656679889172));
#2952=CARTESIAN_POINT('Ctrl Pts',(-3.03471430794236,-3.47645525366207,5.7836228083677));
#2953=CARTESIAN_POINT('Ctrl Pts',(-2.94541099555211,-3.62327730512415,5.72384556882885));
#2954=CARTESIAN_POINT('Ctrl Pts',(-2.85079599761477,-3.76666373020715,5.6572919097334));
#2955=CARTESIAN_POINT('',(-3.48480433814763,-3.10315345762726,5.54431314719127));
#2956=CARTESIAN_POINT('Ctrl Pts',(-3.4843452243912,-3.10400456013468,5.54407445561201));
#2957=CARTESIAN_POINT('Ctrl Pts',(-3.42907809769748,-3.13097049501152,5.59758753060456));
#2958=CARTESIAN_POINT('Ctrl Pts',(-3.37334380587895,-3.1589112176292,5.65021686587649));
#2959=CARTESIAN_POINT('Ctrl Pts',(-3.26070456098841,-3.21683062031319,5.75369335833577));
#2960=CARTESIAN_POINT('Ctrl Pts',(-3.2037381911734,-3.24684993618389,5.80457945678264));
#2961=CARTESIAN_POINT('Ctrl Pts',(-3.14631281013818,-3.27781361301621,5.85430953772813));
#2962=CARTESIAN_POINT('',(-3.48480433816066,-3.10315345763672,5.54431314719995));
#2963=CARTESIAN_POINT('Origin',(1.28714697939133,-2.73464682449065E-12,
3.44459865774605));
#2964=CARTESIAN_POINT('',(1.34261699901386,-2.73445088100278E-12,6.41224470755103));
#2965=CARTESIAN_POINT('Origin',(2.67389746995441,-2.73464682449065E-12,
5.52472439359066));
#2966=CARTESIAN_POINT('',(-1.0980274057348,-2.73484276797851E-12,2.75127810042804));
#2967=CARTESIAN_POINT('',(-0.04413349154922,-2.73445088100279E-12,4.33211897170642));
#2968=CARTESIAN_POINT('Origin',(0.233253065205752,-2.73464682449065E-12,
1.86375778646768));
#2969=CARTESIAN_POINT('Origin',(2.67389746995401,-8.88178419700125E-15,
5.52472439359098));
#2970=CARTESIAN_POINT('',(4.17792939899245,0.40454470492068,3.33323177124638));
#2971=CARTESIAN_POINT('',(4.72445292830452,0.420038365837101,4.15768742135731));
#2972=CARTESIAN_POINT('Origin',(4.9998904595868,7.0665553278948E-5,9.01294729717162));
#2973=CARTESIAN_POINT('',(3.9837459027135,1.12281300403168,3.46268743543235));
#2974=CARTESIAN_POINT('Origin',(2.12521839164526,-9.00657645374516E-15,
4.70170577612785));
#2975=CARTESIAN_POINT('',(4.53825854184311,1.10875562466914,4.28181701233158));
#2976=CARTESIAN_POINT('Origin',(4.99998267926664,2.37254839638434E-5,9.01376663347131));
#2977=CARTESIAN_POINT('Origin',(2.67389746995401,-8.88178419700125E-15,
5.52472439359098));
#2978=CARTESIAN_POINT('Origin',(0.233253065205329,6.66133814775094E-15,
1.86375778646796));
#2979=CARTESIAN_POINT('Ctrl Pts',(2.72703715486271,-5.52890784373936,1.40308548518437));
#2980=CARTESIAN_POINT('Ctrl Pts',(2.39421703652817,-5.52890784373936,0.903855307682563));
#2981=CARTESIAN_POINT('Ctrl Pts',(2.75621673925705,-5.14705252707661,1.38363242892148));
#2982=CARTESIAN_POINT('Ctrl Pts',(2.42339662092251,-5.14705252707661,0.884402251419671));
#2983=CARTESIAN_POINT('Ctrl Pts',(2.74689792093542,-4.67192178835727,1.38984497446923));
#2984=CARTESIAN_POINT('Ctrl Pts',(2.41407780260088,-4.67192178835727,0.890614796967423));
#2985=CARTESIAN_POINT('Ctrl Pts',(2.63320292351391,-4.22676026329167,1.46564164737609));
#2986=CARTESIAN_POINT('Ctrl Pts',(2.30038280517937,-4.22676026329167,0.966411469874281));
#2987=CARTESIAN_POINT('Ctrl Pts',(2.61423387812,-4.17709090696203,1.47828766967962));
#2988=CARTESIAN_POINT('Ctrl Pts',(2.28141375978546,-4.17709090696203,0.979057492177814));
#2989=CARTESIAN_POINT('Ctrl Pts',(2.60493147221045,-4.15476799741506,1.48448927361932));
#2990=CARTESIAN_POINT('Ctrl Pts',(2.27211135387591,-4.15476799741506,0.985259096117514));
#2991=CARTESIAN_POINT('Ctrl Pts',(2.60452453001866,-4.15387380893028,1.48476056841374));
#2992=CARTESIAN_POINT('Ctrl Pts',(2.27170441168412,-4.15387380893028,0.98553039091193));
#2993=CARTESIAN_POINT('Ctrl Pts',(2.60391979706593,-4.15254500780406,1.48516372371555));
#2994=CARTESIAN_POINT('Ctrl Pts',(2.2710996787314,-4.15254500780406,0.985933546213745));
#2995=CARTESIAN_POINT('',(2.60392216227736,-4.1525434208173,1.4851621150016));
#2996=CARTESIAN_POINT('Ctrl Pts',(2.72703715486271,-5.52890784373936,1.40308548518437));
#2997=CARTESIAN_POINT('Ctrl Pts',(2.75621673925705,-5.14705252707661,1.38363242892148));
#2998=CARTESIAN_POINT('Ctrl Pts',(2.74689792093542,-4.67192178835727,1.38984497446923));
#2999=CARTESIAN_POINT('Ctrl Pts',(2.63320292351391,-4.22676026329167,1.46564164737609));
#3000=CARTESIAN_POINT('Ctrl Pts',(2.61423387812,-4.17709090696203,1.47828766967962));
#3001=CARTESIAN_POINT('Ctrl Pts',(2.60493147221045,-4.15476799741506,1.48448927361932));
#3002=CARTESIAN_POINT('Ctrl Pts',(2.60452453001866,-4.15387380893028,1.48476056841374));
#3003=CARTESIAN_POINT('Ctrl Pts',(2.60391979706593,-4.15254500780406,1.48516372371555));
#3004=CARTESIAN_POINT('',(2.30101306559548,-4.23639424797341,0.965991292285154));
#3005=CARTESIAN_POINT('Ctrl Pts',(2.39421703712757,-5.52890784373936,0.903855308581664));
#3006=CARTESIAN_POINT('Ctrl Pts',(2.42339662152191,-5.14705252707661,0.884402252318772));
#3007=CARTESIAN_POINT('Ctrl Pts',(2.41407780320028,-4.67192178835727,0.890614797866524));
#3008=CARTESIAN_POINT('Ctrl Pts',(2.31452727508004,-4.2821415348357,0.956981823582355));
#3009=CARTESIAN_POINT('Ctrl Pts',(2.30744172385779,-4.25729460286571,0.961705523800065));
#3010=CARTESIAN_POINT('Ctrl Pts',(2.30101306687176,-4.2363942480982,0.965991294116399));
#3011=CARTESIAN_POINT('',(2.27114132380925,-4.15254532126273,0.985996468007087));
#3012=CARTESIAN_POINT('Ctrl Pts',(2.30101306439607,-4.23639424809849,0.96599129040267));
#3013=CARTESIAN_POINT('Ctrl Pts',(2.29617026252445,-4.22064970227371,0.969219824983752));
#3014=CARTESIAN_POINT('Ctrl Pts',(2.29093922689234,-4.20467063103925,0.972707184220136));
#3015=CARTESIAN_POINT('Ctrl Pts',(2.28228384318814,-4.1804149261574,0.978477440022931));
#3016=CARTESIAN_POINT('Ctrl Pts',(2.27881626484156,-4.17114727734314,0.980789156772343));
#3017=CARTESIAN_POINT('Ctrl Pts',(2.2731997731369,-4.15728732967263,0.984533484575449));
#3018=CARTESIAN_POINT('Ctrl Pts',(2.27254823775828,-4.15573268805757,0.984967841494532));
#3019=CARTESIAN_POINT('Ctrl Pts',(2.27123632198657,-4.15284541322247,0.985842452009004));
#3020=CARTESIAN_POINT('',(2.60392218843954,-4.15254344459505,1.48516212946648));
#3021=CARTESIAN_POINT('Ctrl Pts',(1.34967775527713,-4.64233264740346,2.32132508490809));
#3022=CARTESIAN_POINT('Ctrl Pts',(0.950293613994958,-4.64233264740346,1.72224887298484));
#3023=CARTESIAN_POINT('Ctrl Pts',(1.34981893083285,-4.64365290414787,2.32123096787094));
#3024=CARTESIAN_POINT('Ctrl Pts',(0.950434789550678,-4.64365290414787,1.72215475594769));
#3025=CARTESIAN_POINT('Ctrl Pts',(1.35063902456494,-4.6508240319879,2.32068423871622));
#3026=CARTESIAN_POINT('Ctrl Pts',(0.951254883282768,-4.6508240319879,1.72160802679297));
#3027=CARTESIAN_POINT('Ctrl Pts',(1.35518293265566,-4.67848636248491,2.31765496665574));
#3028=CARTESIAN_POINT('Ctrl Pts',(0.955798791373488,-4.67848636248491,1.71857875473249));
#3029=CARTESIAN_POINT('Ctrl Pts',(1.35831318400525,-4.69441110755533,2.31556813242306));
#3030=CARTESIAN_POINT('Ctrl Pts',(0.958929042723078,-4.69441110755533,1.71649192049981));
#3031=CARTESIAN_POINT('Ctrl Pts',(1.36848781592218,-4.74150707690195,2.30878504447844));
#3032=CARTESIAN_POINT('Ctrl Pts',(0.969103674640008,-4.74150707690195,1.70970883255519));
#3033=CARTESIAN_POINT('Ctrl Pts',(1.37688247070504,-4.77420321704668,2.30318860795616));
#3034=CARTESIAN_POINT('Ctrl Pts',(0.977498329422868,-4.77420321704668,1.70411239603291));
#3035=CARTESIAN_POINT('Ctrl Pts',(1.38609477443131,-4.8064753527029,2.29704707213865));
#3036=CARTESIAN_POINT('Ctrl Pts',(0.986710633149138,-4.8064753527029,1.6979708602154));
#3037=CARTESIAN_POINT('Ctrl Pts',(1.48801600252544,-5.16352129875884,2.22909958674255));
#3038=CARTESIAN_POINT('Ctrl Pts',(1.08863186124327,-5.16352129875884,1.6300233748193));
#3039=CARTESIAN_POINT('Ctrl Pts',(1.71284764407226,-5.55449324931686,2.07921182571134));
#3040=CARTESIAN_POINT('Ctrl Pts',(1.31346350279009,-5.55449324931686,1.48013561378809));
#3041=CARTESIAN_POINT('Ctrl Pts',(1.92320721439804,-5.84280735420892,1.93897211216082));
#3042=CARTESIAN_POINT('Ctrl Pts',(1.52382307311587,-5.84280735420892,1.33989590023757));
#3043=CARTESIAN_POINT('',(1.34967775527713,-4.64233264740346,2.32132508490809));
#3044=CARTESIAN_POINT('Ctrl Pts',(1.34967775527713,-4.64233264740346,2.32132508490809));
#3045=CARTESIAN_POINT('Ctrl Pts',(1.34981893083285,-4.64365290414787,2.32123096787094));
#3046=CARTESIAN_POINT('Ctrl Pts',(1.35063902456494,-4.6508240319879,2.32068423871622));
#3047=CARTESIAN_POINT('Ctrl Pts',(1.35518293265566,-4.67848636248491,2.31765496665574));
#3048=CARTESIAN_POINT('Ctrl Pts',(1.35831318400525,-4.69441110755533,2.31556813242306));
#3049=CARTESIAN_POINT('Ctrl Pts',(1.36848781592218,-4.74150707690195,2.30878504447844));
#3050=CARTESIAN_POINT('Ctrl Pts',(1.37688247070504,-4.77420321704668,2.30318860795616));
#3051=CARTESIAN_POINT('Ctrl Pts',(1.48801600252544,-5.16352129875884,2.22909958674255));
#3052=CARTESIAN_POINT('Ctrl Pts',(1.71284764407226,-5.55449324931686,2.07921182571134));
#3053=CARTESIAN_POINT('Ctrl Pts',(1.92320721439804,-5.84280735420892,1.93897211216082));
#3054=CARTESIAN_POINT('',(1.01690440898255,-4.64233220302161,1.82215436794682));
#3055=CARTESIAN_POINT('',(1.34967775527713,-4.64233264740346,2.32132508490809));
#3056=CARTESIAN_POINT('',(1.03366081590994,-4.73130125558709,1.81089278939375));
#3057=CARTESIAN_POINT('Ctrl Pts',(1.01691193314026,-4.64282451005067,1.82205871123987));
#3058=CARTESIAN_POINT('Ctrl Pts',(1.01693678681292,-4.64304443547103,1.82204214212476));
#3059=CARTESIAN_POINT('Ctrl Pts',(1.01696092648979,-4.643252586207,1.82202604900685));
#3060=CARTESIAN_POINT('Ctrl Pts',(1.01698183082283,-4.64343078210077,1.82201211278483));
#3061=CARTESIAN_POINT('Ctrl Pts',(1.01700756070347,-4.64365011266108,1.82199495953107));
#3062=CARTESIAN_POINT('Ctrl Pts',(1.01702854375192,-4.64382589049388,1.8219809708321));
#3063=CARTESIAN_POINT('Ctrl Pts',(1.01705040440196,-4.64400742096306,1.82196639706541));
#3064=CARTESIAN_POINT('Ctrl Pts',(1.01706255308792,-4.6441083034464,1.82195829794143));
#3065=CARTESIAN_POINT('Ctrl Pts',(1.01707510560573,-4.6442119807467,1.82194992959622));
#3066=CARTESIAN_POINT('Ctrl Pts',(1.01708990368871,-4.64433332032994,1.82194006420757));
#3067=CARTESIAN_POINT('Ctrl Pts',(1.01719037315925,-4.64515713809714,1.82187308456055));
#3068=CARTESIAN_POINT('Ctrl Pts',(1.01731156518969,-4.64611086637489,1.82179228987359));
#3069=CARTESIAN_POINT('Ctrl Pts',(1.01744012139536,-4.64708599834275,1.82170658573647));
#3070=CARTESIAN_POINT('Ctrl Pts',(1.01757867887911,-4.64813699258363,1.82161421408064));
#3071=CARTESIAN_POINT('Ctrl Pts',(1.01772568023749,-4.64921353185403,1.82151621317506));
#3072=CARTESIAN_POINT('Ctrl Pts',(1.01787038031799,-4.65024591171344,1.82141974645472));
#3073=CARTESIAN_POINT('Ctrl Pts',(1.01802823731788,-4.65137216117216,1.8213145084548));
#3074=CARTESIAN_POINT('Ctrl Pts',(1.0181833156929,-4.65244664627606,1.82121112287145));
#3075=CARTESIAN_POINT('Ctrl Pts',(1.01832985038823,-4.65344267342676,1.82111343307456));
#3076=CARTESIAN_POINT('Ctrl Pts',(1.018500411256,-4.65460201152589,1.82099972582938));
#3077=CARTESIAN_POINT('Ctrl Pts',(1.01865935398279,-4.65565559648512,1.82089376401152));
#3078=CARTESIAN_POINT('Ctrl Pts',(1.01880913663811,-4.65663327100933,1.82079390890797));
#3079=CARTESIAN_POINT('Ctrl Pts',(1.01897281423151,-4.65770164179571,1.82068479051237));
#3080=CARTESIAN_POINT('Ctrl Pts',(1.01912567183656,-4.65868054924579,1.82058288544234));
#3081=CARTESIAN_POINT('Ctrl Pts',(1.01928273327058,-4.65967175603901,1.82047817781966));
#3082=CARTESIAN_POINT('Ctrl Pts',(1.01944379784595,-4.66068822645557,1.82037080143608));
#3083=CARTESIAN_POINT('Ctrl Pts',(1.01960924132458,-4.66171786501674,1.82026050578367));
#3084=CARTESIAN_POINT('Ctrl Pts',(1.01980598313641,-4.6629201516164,1.82012934457578));
#3085=CARTESIAN_POINT('Ctrl Pts',(1.0198215004675,-4.66301497782068,1.82011899968838));
#3086=CARTESIAN_POINT('Ctrl Pts',(1.0198372185561,-4.66311090408732,1.82010852096265));
#3087=CARTESIAN_POINT('Ctrl Pts',(1.01985315389662,-4.66320802258369,1.8200978974023));
#3088=CARTESIAN_POINT('Ctrl Pts',(1.0198596592124,-4.66324766946079,1.82009356052512));
#3089=CARTESIAN_POINT('Ctrl Pts',(1.01986617635607,-4.66328736643955,1.82008921576267));
#3090=CARTESIAN_POINT('Ctrl Pts',(1.01987270533948,-4.66332711347962,1.82008486310706));
#3091=CARTESIAN_POINT('Ctrl Pts',(1.02119689661502,-4.67138850380132,1.81920206892337));
#3092=CARTESIAN_POINT('Ctrl Pts',(1.02267431551325,-4.67950491988445,1.81821712299132));
#3093=CARTESIAN_POINT('Ctrl Pts',(1.02423442144501,-4.68752150134842,1.81717705237025));
#3094=CARTESIAN_POINT('Ctrl Pts',(1.02569293183275,-4.69501603559857,1.81620471211185));
#3095=CARTESIAN_POINT('Ctrl Pts',(1.0272244705526,-4.70242536926826,1.81518368629869));
#3096=CARTESIAN_POINT('Ctrl Pts',(1.02878458103765,-4.70964675242795,1.814143612642));
#3097=CARTESIAN_POINT('Ctrl Pts',(1.03033918279185,-4.71684263697297,1.81310721147253));
#3098=CARTESIAN_POINT('Ctrl Pts',(1.03196357328265,-4.72404875376976,1.81202428447864));
#3099=CARTESIAN_POINT('Ctrl Pts',(1.03366081590993,-4.73130125558709,1.81089278939376));
#3100=CARTESIAN_POINT('Ctrl Pts',(1.03366081590994,-4.73130125558709,1.81089278939375));
#3101=CARTESIAN_POINT('Ctrl Pts',(1.03949312045372,-4.75622332543332,1.80700458636447));
#3102=CARTESIAN_POINT('Ctrl Pts',(1.04613857595029,-4.78147654971857,1.80257428269987));
#3103=CARTESIAN_POINT('Ctrl Pts',(1.1551958847903,-5.16352129875884,1.72986941013984));
#3104=CARTESIAN_POINT('Ctrl Pts',(1.38002752633712,-5.55449324931686,1.57998164910863));
#3105=CARTESIAN_POINT('Ctrl Pts',(1.5903870966629,-5.84280735420892,1.43974193555811));
#3106=CARTESIAN_POINT('Origin',(1.21200333212356,0.,3.33188318684531));
#3107=CARTESIAN_POINT('',(2.4394138886839,-2.47131668606186,4.4922421114465));
#3108=CARTESIAN_POINT('',(1.81102289461931,-2.4713166860641,4.91116944082847));
#3109=CARTESIAN_POINT('Origin',(2.12521839164526,-9.00657645374516E-15,
4.70170577612785));
#3110=CARTESIAN_POINT('',(-0.042339379127866,-3.91454116748674,2.52822625275191));
#3111=CARTESIAN_POINT('',(1.81102289461931,-2.4713166860641,4.91116944082847));
#3112=CARTESIAN_POINT('',(0.95260566651867,-3.91454116748674,1.86492955565424));
#3113=CARTESIAN_POINT('Origin',(0.455133143695397,0.,2.19657790420307));
#3114=CARTESIAN_POINT('',(0.952605666518659,-3.91454116748674,1.86492955565423));
#3115=CARTESIAN_POINT('Ctrl Pts',(-0.347300691536929,-5.84280735420891,
3.4526440494508));
#3116=CARTESIAN_POINT('Ctrl Pts',(-0.680120809871468,-5.84280735420891,
2.95341387194899));
#3117=CARTESIAN_POINT('Ctrl Pts',(-0.136941118882168,-5.55449324612505,
3.31240433434762));
#3118=CARTESIAN_POINT('Ctrl Pts',(-0.469761237216707,-5.55449324612505,
2.81317415684581));
#3119=CARTESIAN_POINT('Ctrl Pts',(0.0878905124767393,-5.1635213115721,3.16251658010835));
#3120=CARTESIAN_POINT('Ctrl Pts',(-0.244929605857799,-5.1635213115721,2.66328640260654));
#3121=CARTESIAN_POINT('Ctrl Pts',(0.213623091630571,-4.72306051814018,3.07869486863165));
#3122=CARTESIAN_POINT('Ctrl Pts',(-0.119197026703967,-4.72306051814018,
2.57946469112984));
#3123=CARTESIAN_POINT('Ctrl Pts',(0.222568448599069,-4.6694768654659,3.07273128936024));
#3124=CARTESIAN_POINT('Ctrl Pts',(-0.11025166973547,-4.6694768654659,2.57350111185844));
#3125=CARTESIAN_POINT('Ctrl Pts',(0.225960040146593,-4.64484575393863,3.07047022832856));
#3126=CARTESIAN_POINT('Ctrl Pts',(-0.106860078187946,-4.64484575393863,
2.57124005082675));
#3127=CARTESIAN_POINT('Ctrl Pts',(0.226068134980972,-4.6438348641039,3.07039816510553));
#3128=CARTESIAN_POINT('Ctrl Pts',(-0.106751983353567,-4.6438348641039,2.57116798760372));
#3129=CARTESIAN_POINT('Ctrl Pts',(0.226228768382285,-4.64233263993784,3.07029107617132));
#3130=CARTESIAN_POINT('Ctrl Pts',(-0.106591349952254,-4.64233263993784,
2.57106089866951));
#3131=CARTESIAN_POINT('',(0.226231455208795,-4.64233303729767,3.07028925304732));
#3132=CARTESIAN_POINT('Ctrl Pts',(-0.347300691536929,-5.84280735420891,
3.4526440494508));
#3133=CARTESIAN_POINT('Ctrl Pts',(-0.136941118882169,-5.55449324612505,
3.31240433434762));
#3134=CARTESIAN_POINT('Ctrl Pts',(0.0878905124767393,-5.1635213115721,3.16251658010835));
#3135=CARTESIAN_POINT('Ctrl Pts',(0.213623091630571,-4.72306051814018,3.07869486863165));
#3136=CARTESIAN_POINT('Ctrl Pts',(0.222568448599069,-4.6694768654659,3.07273128936024));
#3137=CARTESIAN_POINT('Ctrl Pts',(0.225960040146593,-4.64484575393863,3.07047022832856));
#3138=CARTESIAN_POINT('Ctrl Pts',(0.226068134980972,-4.6438348641039,3.07039816510553));
#3139=CARTESIAN_POINT('Ctrl Pts',(0.226228768382285,-4.64233263993784,3.07029107617132));
#3140=CARTESIAN_POINT('',(-0.1233987985703,-4.73129981144955,2.58226586839568));
#3141=CARTESIAN_POINT('Ctrl Pts',(-0.680120809272066,-5.84280735420891,
2.95341387284809));
#3142=CARTESIAN_POINT('Ctrl Pts',(-0.469761236617305,-5.55449324612505,
2.81317415774492));
#3143=CARTESIAN_POINT('Ctrl Pts',(-0.244929605258398,-5.1635213115721,2.66328640350564));
#3144=CARTESIAN_POINT('Ctrl Pts',(-0.13483905646705,-4.77785698498047,2.58989271128042));
#3145=CARTESIAN_POINT('Ctrl Pts',(-0.128419576073964,-4.75274994931908,
2.5856130570879));
#3146=CARTESIAN_POINT('Ctrl Pts',(-0.123398797362387,-4.73129981157763,
2.5822658702725));
#3147=CARTESIAN_POINT('',(-0.10654981814281,-4.64233274544941,2.57112389597513));
#3148=CARTESIAN_POINT('Ctrl Pts',(-0.123398799838239,-4.73129981157793,
2.58226586655887));
#3149=CARTESIAN_POINT('Ctrl Pts',(-0.119616572757327,-4.71514110612598,
2.57974438183827));
#3150=CARTESIAN_POINT('Ctrl Pts',(-0.116033734583757,-4.69851840497318,
2.5773558252042));
#3151=CARTESIAN_POINT('Ctrl Pts',(-0.111173424892686,-4.67278070520854,
2.57411561874349));
#3152=CARTESIAN_POINT('Ctrl Pts',(-0.109446254693856,-4.66283341932574,
2.57296416979595));
#3153=CARTESIAN_POINT('Ctrl Pts',(-0.107211650395014,-4.64765282812179,
2.57147443359672));
#3154=CARTESIAN_POINT('Ctrl Pts',(-0.10697842984439,-4.64593483251825,2.57131895322964));
#3155=CARTESIAN_POINT('Ctrl Pts',(-0.106627721466556,-4.64267220149177,
2.57108514764442));
#3156=CARTESIAN_POINT('',(0.226231467557947,-4.64233306461313,3.07028927672088));
#3157=CARTESIAN_POINT('Ctrl Pts',(-1.02801327721017,-4.15254501440782,3.90645243989963));
#3158=CARTESIAN_POINT('Ctrl Pts',(-1.42739741849234,-4.15254501440782,3.30737622797637));
#3159=CARTESIAN_POINT('Ctrl Pts',(-1.02854475765694,-4.15371285520935,3.90680676019747));
#3160=CARTESIAN_POINT('Ctrl Pts',(-1.42792889893911,-4.15371285520935,3.30773054827421));
#3161=CARTESIAN_POINT('Ctrl Pts',(-1.03138844909934,-4.16009375828893,3.9087025544924));
#3162=CARTESIAN_POINT('Ctrl Pts',(-1.43077259038151,-4.16009375828893,3.30962634256914));
#3163=CARTESIAN_POINT('Ctrl Pts',(-1.04124108022661,-4.18568300652092,3.91527097524392));
#3164=CARTESIAN_POINT('Ctrl Pts',(-1.44062522150878,-4.18568300652092,3.31619476332066));
#3165=CARTESIAN_POINT('Ctrl Pts',(-1.04649691926729,-4.20077769923036,3.91877486793809));
#3166=CARTESIAN_POINT('Ctrl Pts',(-1.44588106054946,-4.20077769923036,3.31969865601483));
#3167=CARTESIAN_POINT('Ctrl Pts',(-1.06129854850231,-4.24606680358425,3.92864262076144));
#3168=CARTESIAN_POINT('Ctrl Pts',(-1.46068268978448,-4.24606680358425,3.32956640883818));
#3169=CARTESIAN_POINT('Ctrl Pts',(-1.07049772976734,-4.27844877221423,3.93477540827109));
#3170=CARTESIAN_POINT('Ctrl Pts',(-1.46988187104951,-4.27844877221423,3.33569919634783));
#3171=CARTESIAN_POINT('Ctrl Pts',(-1.07882805258435,-4.31106532571344,3.94032895681576));
#3172=CARTESIAN_POINT('Ctrl Pts',(-1.47821219386652,-4.31106532571344,3.3412527448925));
#3173=CARTESIAN_POINT('Ctrl Pts',(-1.1709913981978,-4.67192177256412,4.00177118722471));
#3174=CARTESIAN_POINT('Ctrl Pts',(-1.57037553947997,-4.67192177256412,3.40269497530145));
#3175=CARTESIAN_POINT('Ctrl Pts',(-1.18031021608092,-5.14705253119851,4.00798373248012));
#3176=CARTESIAN_POINT('Ctrl Pts',(-1.57969435736309,-5.14705253119851,3.40890752055686));
#3177=CARTESIAN_POINT('Ctrl Pts',(-1.1511306320016,-5.52890784373936,3.98853067642724));
#3178=CARTESIAN_POINT('Ctrl Pts',(-1.55051477328377,-5.52890784373936,3.38945446450398));
#3179=CARTESIAN_POINT('',(-1.02801327721018,-4.15254501440782,3.90645243989963));
#3180=CARTESIAN_POINT('Ctrl Pts',(-1.02801327721017,-4.15254501440782,3.90645243989963));
#3181=CARTESIAN_POINT('Ctrl Pts',(-1.02854475765694,-4.15371285520935,3.90680676019747));
#3182=CARTESIAN_POINT('Ctrl Pts',(-1.03138844909934,-4.16009375828893,3.9087025544924));
#3183=CARTESIAN_POINT('Ctrl Pts',(-1.04124108022661,-4.18568300652092,3.91527097524392));
#3184=CARTESIAN_POINT('Ctrl Pts',(-1.04649691926729,-4.20077769923036,3.91877486793809));
#3185=CARTESIAN_POINT('Ctrl Pts',(-1.06129854850231,-4.24606680358425,3.92864262076144));
#3186=CARTESIAN_POINT('Ctrl Pts',(-1.07049772976734,-4.27844877221423,3.93477540827109));
#3187=CARTESIAN_POINT('Ctrl Pts',(-1.1709913981978,-4.67192177256412,4.00177118722471));
#3188=CARTESIAN_POINT('Ctrl Pts',(-1.18031021608092,-5.14705253119851,4.00798373248012));
#3189=CARTESIAN_POINT('Ctrl Pts',(-1.1511306320016,-5.52890784373936,3.98853067642724));
#3190=CARTESIAN_POINT('',(-1.36078734911571,-4.15254814276386,3.407282206679));
#3191=CARTESIAN_POINT('',(-1.02801327721018,-4.15254501440782,3.90645243989963));
#3192=CARTESIAN_POINT('',(-1.39075093879182,-4.23639239893862,3.42716729252826));
#3193=CARTESIAN_POINT('Ctrl Pts',(-1.36103002262442,-4.15298129569563,3.40735334841633));
#3194=CARTESIAN_POINT('Ctrl Pts',(-1.36111747382313,-4.15317677647808,3.40741164921547));
#3195=CARTESIAN_POINT('Ctrl Pts',(-1.36119974404785,-4.1533622269518,3.40746649603195));
#3196=CARTESIAN_POINT('Ctrl Pts',(-1.36126998179931,-4.15352115790568,3.40751332119959));
#3197=CARTESIAN_POINT('Ctrl Pts',(-1.36135643320405,-4.15371677641473,3.40757095546942));
#3198=CARTESIAN_POINT('Ctrl Pts',(-1.36142542467997,-4.15387380672341,3.40761694978669));
#3199=CARTESIAN_POINT('Ctrl Pts',(-1.36149651958619,-4.15403611097882,3.40766434639084));
#3200=CARTESIAN_POINT('Ctrl Pts',(-1.3615360293734,-4.15412630881346,3.40769068624898));
#3201=CARTESIAN_POINT('Ctrl Pts',(-1.36157657930639,-4.15421905298176,3.40771771953764));
#3202=CARTESIAN_POINT('Ctrl Pts',(-1.36162395057582,-4.15432767256934,3.40774930038393));
#3203=CARTESIAN_POINT('Ctrl Pts',(-1.36194557106215,-4.15506512978754,3.40796371404148));
#3204=CARTESIAN_POINT('Ctrl Pts',(-1.36231396157483,-4.15592232585322,3.4082093077166));
#3205=CARTESIAN_POINT('Ctrl Pts',(-1.36268686218073,-4.15680204014173,3.40845790812053));
#3206=CARTESIAN_POINT('Ctrl Pts',(-1.36308877330895,-4.15775019350113,3.40872584887268));
#3207=CARTESIAN_POINT('Ctrl Pts',(-1.36349634642722,-4.15872497822933,3.40899756428486));
#3208=CARTESIAN_POINT('Ctrl Pts',(-1.36388418441251,-4.15966241155193,3.40925612294172));
#3209=CARTESIAN_POINT('Ctrl Pts',(-1.36430728673978,-4.16068508141796,3.40953819115989));
#3210=CARTESIAN_POINT('Ctrl Pts',(-1.36470732078962,-4.16166391013735,3.40980488052646));
#3211=CARTESIAN_POINT('Ctrl Pts',(-1.36507589563424,-4.16257322952814,3.41005059708954));
#3212=CARTESIAN_POINT('Ctrl Pts',(-1.36550490287516,-4.16363164305975,3.41033660191682));
#3213=CARTESIAN_POINT('Ctrl Pts',(-1.36589158903017,-4.16459629310133,3.41059439268683));
#3214=CARTESIAN_POINT('Ctrl Pts',(-1.36624856055828,-4.16549305936245,3.41083237370557));
#3215=CARTESIAN_POINT('Ctrl Pts',(-1.36663864738446,-4.16647301624157,3.41109243158969));
#3216=CARTESIAN_POINT('Ctrl Pts',(-1.36699373420943,-4.16737295219785,3.41132915613966));
#3217=CARTESIAN_POINT('Ctrl Pts',(-1.3673514352671,-4.16828580824315,3.41156762351144));
#3218=CARTESIAN_POINT('Ctrl Pts',(-1.36771825331716,-4.16922193092812,3.41181216887815));
#3219=CARTESIAN_POINT('Ctrl Pts',(-1.36808796886391,-4.17017180025502,3.41205864590932));
#3220=CARTESIAN_POINT('Ctrl Pts',(-1.36851679996716,-4.17128345486022,3.41234453331149));
#3221=CARTESIAN_POINT('Ctrl Pts',(-1.36855062253639,-4.17137113277015,3.41236708169097));
#3222=CARTESIAN_POINT('Ctrl Pts',(-1.3685848206934,-4.17145984247014,3.41238988046231));
#3223=CARTESIAN_POINT('Ctrl Pts',(-1.36861942616992,-4.17154967017728,3.41241295077999));
#3224=CARTESIAN_POINT('Ctrl Pts',(-1.36863355323386,-4.17158634072456,3.41242236882262));
#3225=CARTESIAN_POINT('Ctrl Pts',(-1.36864769523191,-4.17162306016051,3.41243179682132));
#3226=CARTESIAN_POINT('Ctrl Pts',(-1.36866185213473,-4.17165982846086,3.41244123475654));
#3227=CARTESIAN_POINT('Ctrl Pts',(-1.37153311798852,-4.17911707858252,3.41435541199239));
#3228=CARTESIAN_POINT('Ctrl Pts',(-1.37430733136986,-4.18672709006005,3.41620488758007));
#3229=CARTESIAN_POINT('Ctrl Pts',(-1.37696582373017,-4.19431474623276,3.41797721582037));
#3230=CARTESIAN_POINT('Ctrl Pts',(-1.37945119262576,-4.20140828726515,3.41963412841753));
#3231=CARTESIAN_POINT('Ctrl Pts',(-1.38183581157584,-4.20848448898222,3.42122387438433));
#3232=CARTESIAN_POINT('Ctrl Pts',(-1.38410539511035,-4.2154288194949,3.422736930074));
#3233=CARTESIAN_POINT('Ctrl Pts',(-1.38636696476298,-4.22234862963034,3.42424464317575));
#3234=CARTESIAN_POINT('Ctrl Pts',(-1.38857707839681,-4.22932601868409,3.42571805226496));
#3235=CARTESIAN_POINT('Ctrl Pts',(-1.39075093879182,-4.23639239893862,3.42716729252827));
#3236=CARTESIAN_POINT('Ctrl Pts',(-1.39075093879182,-4.23639239893862,3.42716729252826));
#3237=CARTESIAN_POINT('Ctrl Pts',(-1.39822106454631,-4.2606748916192,3.43214737636449));
#3238=CARTESIAN_POINT('Ctrl Pts',(-1.40519529403264,-4.28579972805807,3.43679686268848));
#3239=CARTESIAN_POINT('Ctrl Pts',(-1.50381151593294,-4.67192177256412,3.502541010622));
#3240=CARTESIAN_POINT('Ctrl Pts',(-1.51313033381605,-5.14705253119851,3.50875355587742));
#3241=CARTESIAN_POINT('Ctrl Pts',(-1.48395074973674,-5.52890784373936,3.48930049982454));
#3242=CARTESIAN_POINT('Origin',(1.21200333212356,0.,3.33188318684531));
#3243=CARTESIAN_POINT('',(1.17076871706817,-2.22129430845243,5.33800555919033));
#3244=CARTESIAN_POINT('',(0.662389723755757,-1.7773800865604,5.67692488806528));
#3245=CARTESIAN_POINT('Origin',(2.12521839164526,-9.00657645374516E-15,
4.70170577612785));
#3246=CARTESIAN_POINT('',(-1.86180306458641,-2.8155008375826,3.74120204305761));
#3247=CARTESIAN_POINT('',(0.662389723757066,-1.7773800865588,5.67692488806441));
#3248=CARTESIAN_POINT('',(-1.05687561418921,-3.51835982177164,3.20458374279283));
#3249=CARTESIAN_POINT('Origin',(0.455133143695397,0.,2.19657790420307));
#3250=CARTESIAN_POINT('',(-1.05687561418922,-3.51835982177164,3.20458374279281));
#3251=CARTESIAN_POINT('Ctrl Pts',(-2.98801011376566,-3.9249530450885,5.21311699760329));
#3252=CARTESIAN_POINT('Ctrl Pts',(-3.3208302321002,-3.9249530450885,4.71388682010148));
#3253=CARTESIAN_POINT('Ctrl Pts',(-2.67682075975967,-3.84030633545551,5.00565742826596));
#3254=CARTESIAN_POINT('Ctrl Pts',(-3.00964087809421,-3.84030633545551,4.50642725076415));
#3255=CARTESIAN_POINT('Ctrl Pts',(-2.30371672013148,-3.68283119537049,4.75692140184716));
#3256=CARTESIAN_POINT('Ctrl Pts',(-2.63653683846601,-3.68283119537049,4.25769122434536));
#3257=CARTESIAN_POINT('Ctrl Pts',(-1.98658213473483,-3.41531218577646,4.54549835287525));
#3258=CARTESIAN_POINT('Ctrl Pts',(-2.31940225306937,-3.41531218577646,4.04626817537344));
#3259=CARTESIAN_POINT('Ctrl Pts',(-1.95313919915563,-3.37828137085689,4.52320305453004));
#3260=CARTESIAN_POINT('Ctrl Pts',(-2.28595931749017,-3.37828137085689,4.02397287702824));
#3261=CARTESIAN_POINT('Ctrl Pts',(-1.93834908283382,-3.36075030495826,4.51334297698217));
#3262=CARTESIAN_POINT('Ctrl Pts',(-2.27116920116836,-3.36075030495826,4.01411279948036));
#3263=CARTESIAN_POINT('Ctrl Pts',(-1.937767239526,-3.36000883933156,4.51295508144351));
#3264=CARTESIAN_POINT('Ctrl Pts',(-2.27058735786054,-3.36000883933156,4.01372490394171));
#3265=CARTESIAN_POINT('Ctrl Pts',(-1.93690259627023,-3.35890699069838,4.51237865260633));
#3266=CARTESIAN_POINT('Ctrl Pts',(-2.26972271460477,-3.35890699069838,4.01314847510453));
#3267=CARTESIAN_POINT('',(-1.93690061972987,-3.35890922062686,4.51237730300643));
#3268=CARTESIAN_POINT('Ctrl Pts',(-2.98801011376566,-3.9249530450885,5.21311699760329));
#3269=CARTESIAN_POINT('Ctrl Pts',(-2.67682075975967,-3.84030633545551,5.00565742826596));
#3270=CARTESIAN_POINT('Ctrl Pts',(-2.30371672013148,-3.68283119537049,4.75692140184716));
#3271=CARTESIAN_POINT('Ctrl Pts',(-1.98658213473483,-3.41531218577646,4.54549835287525));
#3272=CARTESIAN_POINT('Ctrl Pts',(-1.95313919915563,-3.37828137085689,4.52320305453004));
#3273=CARTESIAN_POINT('Ctrl Pts',(-1.93834908283382,-3.36075030495826,4.51334297698217));
#3274=CARTESIAN_POINT('Ctrl Pts',(-1.937767239526,-3.36000883933156,4.51295508144351));
#3275=CARTESIAN_POINT('Ctrl Pts',(-1.93690259627023,-3.35890699069838,4.51237865260633));
#3276=CARTESIAN_POINT('',(-2.32683112389493,-3.41900965791796,4.05122075194543));
#3277=CARTESIAN_POINT('Ctrl Pts',(-3.3208302315008,-3.9249530450885,4.71388682100058));
#3278=CARTESIAN_POINT('Ctrl Pts',(-3.00964087749481,-3.84030633545551,4.50642725166325));
#3279=CARTESIAN_POINT('Ctrl Pts',(-2.63653683786661,-3.68283119537049,4.25769122524446));
#3280=CARTESIAN_POINT('Ctrl Pts',(-2.35885605874023,-3.44859346023896,4.07257071279587));
#3281=CARTESIAN_POINT('Ctrl Pts',(-2.3413835701574,-3.43281635515294,4.06092238647686));
#3282=CARTESIAN_POINT('Ctrl Pts',(-2.32683112274393,-3.4190096580004,4.05122075386019));
#3283=CARTESIAN_POINT('',(-2.26968117273135,-3.35890684796104,4.01321146570082));
#3284=CARTESIAN_POINT('Ctrl Pts',(-2.32683112521991,-3.41900965800059,4.05122075014666));
#3285=CARTESIAN_POINT('Ctrl Pts',(-2.3158685513782,-3.40860886919118,4.04391236758551));
#3286=CARTESIAN_POINT('Ctrl Pts',(-2.30484036142633,-3.39769184497717,4.03656024309925));
#3287=CARTESIAN_POINT('Ctrl Pts',(-2.27960115989087,-3.3711245864395,4.01973410874227));
#3288=CARTESIAN_POINT('Ctrl Pts',(-2.27144573055275,-3.36109999919254,4.01429715370188));
#3289=CARTESIAN_POINT('Ctrl Pts',(-2.26991820797731,-3.35915600741542,4.01327880531826));
#3290=CARTESIAN_POINT('',(-1.93690062028587,-3.35890924104646,4.51237733528343));
#3291=CARTESIAN_POINT('Ctrl Pts',(-2.71206681436922,-2.07662632572232,5.02915479800566));
#3292=CARTESIAN_POINT('Ctrl Pts',(-3.11145095565139,-2.07662632572232,4.43007858608241));
#3293=CARTESIAN_POINT('Ctrl Pts',(-2.71617416020163,-2.07896220321884,5.0318930285606));
#3294=CARTESIAN_POINT('Ctrl Pts',(-3.1155583014838,-2.07896220321884,4.43281681663735));
#3295=CARTESIAN_POINT('Ctrl Pts',(-2.77615769726536,-2.12111421471097,5.07188205326975));
#3296=CARTESIAN_POINT('Ctrl Pts',(-3.17554183854753,-2.12111421471097,4.4728058413465));
#3297=CARTESIAN_POINT('Ctrl Pts',(-2.81328027220175,-2.15350083549381,5.09663043656068));
#3298=CARTESIAN_POINT('Ctrl Pts',(-3.21266441348392,-2.15350083549381,4.49755422463743));
#3299=CARTESIAN_POINT('Ctrl Pts',(-2.81911775836332,-2.15859359780795,5.10052209400172));
#3300=CARTESIAN_POINT('Ctrl Pts',(-3.21850189964549,-2.15859359780795,4.50144588207847));
#3301=CARTESIAN_POINT('Ctrl Pts',(-2.82493004234185,-2.16375791754669,5.10439694998741));
#3302=CARTESIAN_POINT('Ctrl Pts',(-3.22431418362402,-2.16375791754669,4.50532073806415));
#3303=CARTESIAN_POINT('Ctrl Pts',(-2.83070386720952,-2.16897487202259,5.10824616656586));
#3304=CARTESIAN_POINT('Ctrl Pts',(-3.23008800849169,-2.16897487202259,4.50916995464261));
#3305=CARTESIAN_POINT('Ctrl Pts',(-3.08174852101343,-2.395806921891,5.2756092691018));
#3306=CARTESIAN_POINT('Ctrl Pts',(-3.4811326622956,-2.395806921891,4.67653305717854));
#3307=CARTESIAN_POINT('Ctrl Pts',(-3.32165832661118,-2.7736126881518,5.4355491395003));
#3308=CARTESIAN_POINT('Ctrl Pts',(-3.72104246789335,-2.7736126881518,4.83647292757705));
#3309=CARTESIAN_POINT('Ctrl Pts',(-3.48480433814763,-3.10315345762726,5.54431314719127));
#3310=CARTESIAN_POINT('Ctrl Pts',(-3.8841884794298,-3.10315345762726,4.94523693526801));
#3311=CARTESIAN_POINT('',(-2.71206681436922,-2.07662632572232,5.02915479800566));
#3312=CARTESIAN_POINT('Ctrl Pts',(-2.71206681436922,-2.07662632572232,5.02915479800566));
#3313=CARTESIAN_POINT('Ctrl Pts',(-2.71617416020163,-2.07896220321884,5.0318930285606));
#3314=CARTESIAN_POINT('Ctrl Pts',(-2.77615769726536,-2.12111421471097,5.07188205326975));
#3315=CARTESIAN_POINT('Ctrl Pts',(-2.81911775836332,-2.15859359780795,5.10052209400172));
#3316=CARTESIAN_POINT('Ctrl Pts',(-2.82493004234185,-2.16375791754669,5.10439694998741));
#3317=CARTESIAN_POINT('Ctrl Pts',(-3.08174852101343,-2.395806921891,5.2756092691018));
#3318=CARTESIAN_POINT('Ctrl Pts',(-3.32165832661118,-2.7736126881518,5.4355491395003));
#3319=CARTESIAN_POINT('Ctrl Pts',(-3.48480433814763,-3.10315345762726,5.54431314719127));
#3320=CARTESIAN_POINT('',(-3.04482992073018,-2.07669781660805,4.52997595410433));
#3321=CARTESIAN_POINT('',(-2.71206681436922,-2.07662632572232,5.02915479800566));
#3322=CARTESIAN_POINT('',(-3.1097743399358,-2.12392909664981,4.57318289329058));
#3323=CARTESIAN_POINT('Ctrl Pts',(-3.0463593337852,-2.07756286228329,4.53090622252351));
#3324=CARTESIAN_POINT('Ctrl Pts',(-3.04677186015654,-2.07783566234016,4.53118124010441));
#3325=CARTESIAN_POINT('Ctrl Pts',(-3.04718911014271,-2.07811567904655,4.53145940676186));
#3326=CARTESIAN_POINT('Ctrl Pts',(-3.04757926640399,-2.07837912709827,4.53171951093604));
#3327=CARTESIAN_POINT('Ctrl Pts',(-3.04804764983023,-2.07869539704791,4.53203176655354));
#3328=CARTESIAN_POINT('Ctrl Pts',(-3.04847750247015,-2.07898812917876,4.53231833498015));
#3329=CARTESIAN_POINT('Ctrl Pts',(-3.04886937272689,-2.07925594664003,4.53257958181797));
#3330=CARTESIAN_POINT('Ctrl Pts',(-3.04933066888241,-2.07957121212177,4.53288711258832));
#3331=CARTESIAN_POINT('Ctrl Pts',(-3.04974030832333,-2.0798526306614,4.53316020554894));
#3332=CARTESIAN_POINT('Ctrl Pts',(-3.05015487653285,-2.08013827033701,4.53343658435528));
#3333=CARTESIAN_POINT('Ctrl Pts',(-3.05048678650492,-2.08036695805251,4.53365785766999));
#3334=CARTESIAN_POINT('Ctrl Pts',(-3.05082287905163,-2.08059908979927,4.53388191936781));
#3335=CARTESIAN_POINT('Ctrl Pts',(-3.05120867695328,-2.0808662798511,4.5341391179689));
#3336=CARTESIAN_POINT('Ctrl Pts',(-3.05277024919206,-2.08194776983756,4.53518016612809));
#3337=CARTESIAN_POINT('Ctrl Pts',(-3.05448113519739,-2.08314394656979,4.53632075679831));
#3338=CARTESIAN_POINT('Ctrl Pts',(-3.05624774649376,-2.08438787818576,4.53749849766255));
#3339=CARTESIAN_POINT('Ctrl Pts',(-3.05815952014385,-2.08573402359468,4.53877301342929));
#3340=CARTESIAN_POINT('Ctrl Pts',(-3.06013700265179,-2.0871363736178,4.54009133510124));
#3341=CARTESIAN_POINT('Ctrl Pts',(-3.06210766371141,-2.08854192677867,4.54140510914099));
#3342=CARTESIAN_POINT('Ctrl Pts',(-3.0642608001868,-2.09007762860014,4.54284053345792));
#3343=CARTESIAN_POINT('Ctrl Pts',(-3.06640629577982,-2.09161746682294,4.54427086385327));
#3344=CARTESIAN_POINT('Ctrl Pts',(-3.06849459298257,-2.09312397071864,4.54566306198843));
#3345=CARTESIAN_POINT('Ctrl Pts',(-3.07092554986902,-2.09487767034286,4.54728369991273));
#3346=CARTESIAN_POINT('Ctrl Pts',(-3.07327927922701,-2.09658633647263,4.54885285281806));
#3347=CARTESIAN_POINT('Ctrl Pts',(-3.07552976344088,-2.09822840124717,4.55035317562731));
#3348=CARTESIAN_POINT('Ctrl Pts',(-3.07805516497409,-2.10007105931767,4.55203677664944));
#3349=CARTESIAN_POINT('Ctrl Pts',(-3.08045141042928,-2.10183038733417,4.55363427361957));
#3350=CARTESIAN_POINT('Ctrl Pts',(-3.08273232415517,-2.10351358512754,4.55515488277016));
#3351=CARTESIAN_POINT('Ctrl Pts',(-3.08536968105588,-2.10545981977256,4.55691312070397));
#3352=CARTESIAN_POINT('Ctrl Pts',(-3.08785375186911,-2.10730481624415,4.55856916791279));
#3353=CARTESIAN_POINT('Ctrl Pts',(-3.09025441889816,-2.10909786059,4.56016961259883));
#3354=CARTESIAN_POINT('Ctrl Pts',(-3.09327989765886,-2.11135757321141,4.56218659843929));
#3355=CARTESIAN_POINT('Ctrl Pts',(-3.0961739786211,-2.11353516708277,4.56411598574745));
#3356=CARTESIAN_POINT('Ctrl Pts',(-3.09913100592225,-2.11577744746488,4.56608733728155));
#3357=CARTESIAN_POINT('Ctrl Pts',(-3.10249134167605,-2.11832555208844,4.56832756111742));
#3358=CARTESIAN_POINT('Ctrl Pts',(-3.10593682028702,-2.12095906929396,4.57062454685806));
#3359=CARTESIAN_POINT('Ctrl Pts',(-3.1097743399358,-2.12392909664982,4.57318289329058));
#3360=CARTESIAN_POINT('Ctrl Pts',(-3.10977433993579,-2.12392909664981,4.57318289329057));
#3361=CARTESIAN_POINT('Ctrl Pts',(-3.12252539448312,-2.13379770561801,4.58168359632212));
#3362=CARTESIAN_POINT('Ctrl Pts',(-3.13528340407166,-2.14406383873832,4.59018893604782));
#3363=CARTESIAN_POINT('Ctrl Pts',(-3.15193787609846,-2.15859359780795,4.60129191739902));
#3364=CARTESIAN_POINT('Ctrl Pts',(-3.15775016007699,-2.16375791754669,4.60516677338471));
#3365=CARTESIAN_POINT('Ctrl Pts',(-3.41456863874856,-2.395806921891,4.77637909249909));
#3366=CARTESIAN_POINT('Ctrl Pts',(-3.65447844434632,-2.7736126881518,4.93631896289759));
#3367=CARTESIAN_POINT('Ctrl Pts',(-3.81762445588277,-3.10315345762726,5.04508297058856));
#3368=CARTESIAN_POINT('Origin',(1.21200333212356,0.,3.33188318684531));
#3369=CARTESIAN_POINT('',(0.266690880591575,-1.12281300403088,5.94072411684141));
#3370=CARTESIAN_POINT('',(0.0725073843126934,-0.404544704920098,6.07017978102734));
#3371=CARTESIAN_POINT('Origin',(2.12521839164526,-9.00657645374516E-15,
4.70170577612785));
#3372=CARTESIAN_POINT('',(-2.79627586824662,-0.641034883075701,4.36418391216441));
#3373=CARTESIAN_POINT('',(0.0725073843145314,-0.404544704919736,6.07017978102612));
#3374=CARTESIAN_POINT('',(-2.48882094067267,-1.7782846087918,4.15921396044847));
#3375=CARTESIAN_POINT('Origin',(0.455133143695397,0.,2.19657790420307));
#3376=CARTESIAN_POINT('',(-2.48882094067268,-1.7782846087918,4.15921396044846));
#3377=CARTESIAN_POINT('Origin',(0.455133143695421,6.66133814775094E-15,
2.1965779042031));
#3378=CARTESIAN_POINT('',(-3.46764765409643,-0.800774022995613,4.8117651052317));
#3379=CARTESIAN_POINT('',(-3.39201008463416,-0.792492699596321,4.7614307403027));
#3380=CARTESIAN_POINT('Ctrl Pts',(-3.46764765536148,-0.800774023000937,
4.81176510357436));
#3381=CARTESIAN_POINT('Ctrl Pts',(-3.4536920653435,-0.800103898620488,4.80246137689571));
#3382=CARTESIAN_POINT('Ctrl Pts',(-3.43943091696201,-0.799062483515229,
4.79295394673618));
#3383=CARTESIAN_POINT('Ctrl Pts',(-3.41756206568081,-0.796664565374624,
4.77837471254871));
#3384=CARTESIAN_POINT('Ctrl Pts',(-3.40915678696216,-0.795564889462064,
4.77277119130815));
#3385=CARTESIAN_POINT('Ctrl Pts',(-3.39645344679655,-0.793428043362158,
4.76430229786441));
#3386=CARTESIAN_POINT('Ctrl Pts',(-3.39502188163316,-0.793163731070376,
4.76334792108882));
#3387=CARTESIAN_POINT('Ctrl Pts',(-3.39233169923799,-0.792556392019885,
4.7615544661587));
#3388=CARTESIAN_POINT('Ctrl Pts',(-4.51924998455519,-0.507900077055791,
5.51283332303684));
#3389=CARTESIAN_POINT('Ctrl Pts',(-4.37859094578844,-0.580520771048021,
5.41906063052567));
#3390=CARTESIAN_POINT('Ctrl Pts',(-4.23344029774978,-0.644456108256072,
5.32229353183323));
#3391=CARTESIAN_POINT('Ctrl Pts',(-4.03432338510079,-0.710645051293657,
5.18954892340057));
#3392=CARTESIAN_POINT('Ctrl Pts',(-3.99233782991352,-0.72344112692155,5.16155855327573));
#3393=CARTESIAN_POINT('Ctrl Pts',(-3.81744981182031,-0.771432353962878,
5.04496654121358));
#3394=CARTESIAN_POINT('Ctrl Pts',(-3.66934708273996,-0.79891717440799,4.94623138849335));
#3395=CARTESIAN_POINT('Ctrl Pts',(-3.50802482882291,-0.802084447232638,
4.83868322534365));
#3396=CARTESIAN_POINT('Ctrl Pts',(-3.48617322879097,-0.801663590564969,
4.82411549168032));
#3397=CARTESIAN_POINT('Ctrl Pts',(-3.46764765305287,-0.800774023000924,
4.8117651070367));
#3398=CARTESIAN_POINT('',(-3.46764747813661,0.800779351390518,4.81176498542479));
#3399=CARTESIAN_POINT('Ctrl Pts',(-3.4676474781366,0.800779351390518,4.81176498542478));
#3400=CARTESIAN_POINT('Ctrl Pts',(-3.48917126249485,0.801814208985384,4.82611417499685));
#3401=CARTESIAN_POINT('Ctrl Pts',(-3.51120837571463,0.802021944883416,4.84080558380982));
#3402=CARTESIAN_POINT('Ctrl Pts',(-3.66934705060724,0.798917177109848,4.94623136707154));
#3403=CARTESIAN_POINT('Ctrl Pts',(-3.81744976376866,0.77143236320334,5.04496650917915));
#3404=CARTESIAN_POINT('Ctrl Pts',(-3.99233770591385,0.723441162200702,5.16155847060928));
#3405=CARTESIAN_POINT('Ctrl Pts',(-4.03432319955717,0.710645108402291,5.18954879970483));
#3406=CARTESIAN_POINT('Ctrl Pts',(-4.23271974228005,0.644695647063258,5.32181316152007));
#3407=CARTESIAN_POINT('Ctrl Pts',(-4.3784192269755,0.580609427558999,5.41894615131704));
#3408=CARTESIAN_POINT('Ctrl Pts',(-4.51924998458684,0.507900077039448,5.51283332305794));
#3409=CARTESIAN_POINT('',(-3.39201110155434,0.792487256645469,4.76143137497142));
#3410=CARTESIAN_POINT('Ctrl Pts',(-3.39245776398682,0.792582969998935,4.7616385093246));
#3411=CARTESIAN_POINT('Ctrl Pts',(-3.39263947708451,0.792622522255458,4.76175965138972));
#3412=CARTESIAN_POINT('Ctrl Pts',(-3.39281165192242,0.792659252051568,4.76187443461499));
#3413=CARTESIAN_POINT('Ctrl Pts',(-3.39295912291291,0.792690423379888,4.76197274860865));
#3414=CARTESIAN_POINT('Ctrl Pts',(-3.39314063604634,0.792728790284849,4.76209375736427));
#3415=CARTESIAN_POINT('Ctrl Pts',(-3.3932862178847,0.792759124417337,4.76219081192318));
#3416=CARTESIAN_POINT('Ctrl Pts',(-3.39343662313078,0.792790233088973,4.76229108208724));
#3417=CARTESIAN_POINT('Ctrl Pts',(-3.39352020830319,0.792807521207237,4.76234680553551));
#3418=CARTESIAN_POINT('Ctrl Pts',(-3.39360612987991,0.792825211380396,4.76240408658665));
#3419=CARTESIAN_POINT('Ctrl Pts',(-3.39370672201481,0.792845792756308,4.76247114800992));
#3420=CARTESIAN_POINT('Ctrl Pts',(-3.3943900076387,0.792985594524044,4.76292667175918));
#3421=CARTESIAN_POINT('Ctrl Pts',(-3.39518260021442,0.793141869235104,4.76345506680966));
#3422=CARTESIAN_POINT('Ctrl Pts',(-3.39599438847001,0.793296332124598,4.76399625898005));
#3423=CARTESIAN_POINT('Ctrl Pts',(-3.39686939674997,0.79346282419482,4.76457959783336));
#3424=CARTESIAN_POINT('Ctrl Pts',(-3.39776721306046,0.793627549122995,4.76517814204035));
#3425=CARTESIAN_POINT('Ctrl Pts',(-3.39862929405136,0.793781240976021,4.76575286270095));
#3426=CARTESIAN_POINT('Ctrl Pts',(-3.3995698491752,0.793948923202381,4.76637989945018));
#3427=CARTESIAN_POINT('Ctrl Pts',(-3.40046848172881,0.794103762774947,4.76697898781925));
#3428=CARTESIAN_POINT('Ctrl Pts',(-3.40130229751429,0.794244106648665,4.76753486500957));
#3429=CARTESIAN_POINT('Ctrl Pts',(-3.40227332164172,0.794407544772398,4.76818221442786));
#3430=CARTESIAN_POINT('Ctrl Pts',(-3.40315685638442,0.794551541186853,4.76877123758965));
#3431=CARTESIAN_POINT('Ctrl Pts',(-3.4039774580342,0.794682542744081,4.76931830535618));
#3432=CARTESIAN_POINT('Ctrl Pts',(-3.40487390688489,0.794825652614073,4.76991593792331));
#3433=CARTESIAN_POINT('Ctrl Pts',(-3.4056962306414,0.794953485976751,4.77046415376098));
#3434=CARTESIAN_POINT('Ctrl Pts',(-3.40652993564196,0.795080363842491,4.77101995709469));
#3435=CARTESIAN_POINT('Ctrl Pts',(-3.40700317565754,0.795152384141181,4.7713354504384));
#3436=CARTESIAN_POINT('Ctrl Pts',(-3.40748088841023,0.795224174616243,4.77165392560687));
#3437=CARTESIAN_POINT('Ctrl Pts',(-3.40798436362044,0.795298795669178,4.771989575747));
#3438=CARTESIAN_POINT('Ctrl Pts',(-3.40832683497773,0.795349554023837,4.7722178899852));
#3439=CARTESIAN_POINT('Ctrl Pts',(-3.40868130133094,0.795401627628997,4.77245420088734));
#3440=CARTESIAN_POINT('Ctrl Pts',(-3.4090555240167,0.795456036779603,4.77270368267785));
#3441=CARTESIAN_POINT('Ctrl Pts',(-3.40923145491713,0.795481615803059,4.7728209699448));
#3442=CARTESIAN_POINT('Ctrl Pts',(-3.40941279130196,0.795507859193963,4.77294186086802));
#3443=CARTESIAN_POINT('Ctrl Pts',(-3.40959695360158,0.795534378316709,4.77306463573443));
#3444=CARTESIAN_POINT('Ctrl Pts',(-3.4163853458813,0.796511897648794,4.77759023058758));
#3445=CARTESIAN_POINT('Ctrl Pts',(-3.42326463146235,0.79733127746115,4.78217642097505));
#3446=CARTESIAN_POINT('Ctrl Pts',(-3.43009046692644,0.798025293110735,4.78672697795121));
#3447=CARTESIAN_POINT('Ctrl Pts',(-3.43647179760768,0.798674113812796,4.79098119840546));
#3448=CARTESIAN_POINT('Ctrl Pts',(-3.44280827377769,0.799213132683672,4.79520551585223));
#3449=CARTESIAN_POINT('Ctrl Pts',(-3.44900484882583,0.799661413335294,4.79933656588432));
#3450=CARTESIAN_POINT('Ctrl Pts',(-3.45517954386898,0.800108111115277,4.80345302924642));
#3451=CARTESIAN_POINT('Ctrl Pts',(-3.46138390187293,0.800478200377314,4.80758926791569));
#3452=CARTESIAN_POINT('Ctrl Pts',(-3.46764747813662,0.800779351390519,4.81176498542479));
#3453=CARTESIAN_POINT('',(-2.79627586824661,0.641034883075702,4.36418391216443));
#3454=CARTESIAN_POINT('',(-3.39358973905322,0.783156329179055,4.76239315936886));
#3455=CARTESIAN_POINT('',(-2.48882094067268,1.7782846087918,4.15921396044846));
#3456=CARTESIAN_POINT('Origin',(0.455133143695397,0.,2.19657790420307));
#3457=CARTESIAN_POINT('',(-3.04484505606105,2.07662672417803,4.52998738792062));
#3458=CARTESIAN_POINT('',(-3.04156492971549,2.08526636728971,4.5277099531437));
#3459=CARTESIAN_POINT('',(-3.11009524935237,2.12333007151596,4.57339683558372));
#3460=CARTESIAN_POINT('Ctrl Pts',(-3.11009525068256,2.12333007158997,4.57339683378842));
#3461=CARTESIAN_POINT('Ctrl Pts',(-3.09847720557257,2.1140135667589,4.56565147038176));
#3462=CARTESIAN_POINT('Ctrl Pts',(-3.08643037234555,2.10478158754429,4.55762025037873));
#3463=CARTESIAN_POINT('Ctrl Pts',(-3.06756535763505,2.0912727324104,4.54504357390506));
#3464=CARTESIAN_POINT('Ctrl Pts',(-3.0602275294173,2.08622464754033,4.54015168627825));
#3465=CARTESIAN_POINT('Ctrl Pts',(-3.04890525064475,2.07897937231631,4.53260350042988));
#3466=CARTESIAN_POINT('Ctrl Pts',(-3.04761782370715,2.07818190493747,4.53174521580481));
#3467=CARTESIAN_POINT('Ctrl Pts',(-3.04514439101835,2.07677282712632,4.53009626067894));
#3468=CARTESIAN_POINT('Ctrl Pts',(-3.81762445588278,3.10315345762728,5.04508297058856));
#3469=CARTESIAN_POINT('Ctrl Pts',(-3.65447844255404,2.7736126845313,4.93631896170274));
#3470=CARTESIAN_POINT('Ctrl Pts',(-3.41456864643262,2.39580693480928,4.77637909762179));
#3471=CARTESIAN_POINT('Ctrl Pts',(-3.14340195432425,2.15079356302989,4.59560130985188));
#3472=CARTESIAN_POINT('Ctrl Pts',(-3.12551781167067,2.13569741824695,4.5836785474857));
#3473=CARTESIAN_POINT('Ctrl Pts',(-3.11009524820657,2.1233300715898,4.57339683750195));
#3474=CARTESIAN_POINT('',(-2.32720598296238,3.41845773921015,4.0514706553083));
#3475=CARTESIAN_POINT('Ctrl Pts',(-2.32720598296238,3.41845773921015,4.0514706553083));
#3476=CARTESIAN_POINT('Ctrl Pts',(-2.33895557081605,3.42998297961627,4.05930371387741));
#3477=CARTESIAN_POINT('Ctrl Pts',(-2.35102187943385,3.44139332810914,4.06734791962262));
#3478=CARTESIAN_POINT('Ctrl Pts',(-2.36766618286038,3.45593990812753,4.07844412190696));
#3479=CARTESIAN_POINT('Ctrl Pts',(-2.37354894226785,3.46098764701628,4.08236596151195));
#3480=CARTESIAN_POINT('Ctrl Pts',(-2.63653682528801,3.68283119059506,4.25769121685872));
#3481=CARTESIAN_POINT('Ctrl Pts',(-3.00964088089548,3.84030633638048,4.50642725393037));
#3482=CARTESIAN_POINT('Ctrl Pts',(-3.32083023150081,3.92495304508851,4.71388682100058));
#3483=CARTESIAN_POINT('',(-2.26973318149971,3.35886687027389,4.01324479461733));
#3484=CARTESIAN_POINT('Ctrl Pts',(-2.27091882198195,3.3603005863435,4.01394588132135));
#3485=CARTESIAN_POINT('Ctrl Pts',(-2.27126217365239,3.36068781555049,4.01417478243498));
#3486=CARTESIAN_POINT('Ctrl Pts',(-2.27161269572835,3.36107821391233,4.01440846381895));
#3487=CARTESIAN_POINT('Ctrl Pts',(-2.27194173416134,3.3614427633924,4.01462782277427));
#3488=CARTESIAN_POINT('Ctrl Pts',(-2.27233674550404,3.3618804058231,4.01489116366941));
#3489=CARTESIAN_POINT('Ctrl Pts',(-2.27270122407062,3.36228128008433,4.01513414938046));
#3490=CARTESIAN_POINT('Ctrl Pts',(-2.27303424978821,3.36264643848661,4.01535616652552));
#3491=CARTESIAN_POINT('Ctrl Pts',(-2.27342627618096,3.36307629036792,4.01561751745402));
#3492=CARTESIAN_POINT('Ctrl Pts',(-2.27377555577681,3.36345755647502,4.01585037051792));
#3493=CARTESIAN_POINT('Ctrl Pts',(-2.27412969874446,3.36384315189861,4.01608646582969));
#3494=CARTESIAN_POINT('Ctrl Pts',(-2.27441323129537,3.36415186579118,4.01627548753029));
#3495=CARTESIAN_POINT('Ctrl Pts',(-2.27470078168751,3.36446429621833,4.01646718779172));
#3496=CARTESIAN_POINT('Ctrl Pts',(-2.27503143445705,3.3648227076296,4.01668762297142));
#3497=CARTESIAN_POINT('Ctrl Pts',(-2.27636979888552,3.36627342913502,4.01757986592373));
#3498=CARTESIAN_POINT('Ctrl Pts',(-2.27784505850714,3.36785938025496,4.01856337233814));
#3499=CARTESIAN_POINT('Ctrl Pts',(-2.27937532791268,3.36949426985436,4.01958355194183));
#3500=CARTESIAN_POINT('Ctrl Pts',(-2.28103133947167,3.37126349824283,4.02068755964782));
#3501=CARTESIAN_POINT('Ctrl Pts',(-2.282752132405,3.37309046549362,4.02183475493671));
#3502=CARTESIAN_POINT('Ctrl Pts',(-2.2844733521238,3.37490864581622,4.02298223474925));
#3503=CARTESIAN_POINT('Ctrl Pts',(-2.28635394997729,3.37689518244172,4.02423596665157));
#3504=CARTESIAN_POINT('Ctrl Pts',(-2.28823545991375,3.37887170710891,4.02549030660921));
#3505=CARTESIAN_POINT('Ctrl Pts',(-2.29007291622736,3.38079315330644,4.02671527748495));
#3506=CARTESIAN_POINT('Ctrl Pts',(-2.29221187282474,3.38302988132564,4.02814124854987));
#3507=CARTESIAN_POINT('Ctrl Pts',(-2.29429132858989,3.3851922522574,4.0295275523933));
#3508=CARTESIAN_POINT('Ctrl Pts',(-2.29628617640996,3.38725719208236,4.03085745094002));
#3509=CARTESIAN_POINT('Ctrl Pts',(-2.29852471321559,3.38957438327513,4.03234980881044));
#3510=CARTESIAN_POINT('Ctrl Pts',(-2.30065739728866,3.39176969589871,4.03377159819248));
#3511=CARTESIAN_POINT('Ctrl Pts',(-2.30269419800735,3.39385670669618,4.03512946533828));
#3512=CARTESIAN_POINT('Ctrl Pts',(-2.30504929384873,3.39626985905072,4.03669952923253));
#3513=CARTESIAN_POINT('Ctrl Pts',(-2.30727690919872,3.39853908548059,4.03818460613252));
#3514=CARTESIAN_POINT('Ctrl Pts',(-2.30943764024966,3.40072903316631,4.03962509349982));
#3515=CARTESIAN_POINT('Ctrl Pts',(-2.31216073588148,3.40348894952624,4.0414404905877));
#3516=CARTESIAN_POINT('Ctrl Pts',(-2.31477824458831,3.4061240506549,4.04318549639225));
#3517=CARTESIAN_POINT('Ctrl Pts',(-2.3174663929563,3.40881111195975,4.04497759530424));
#3518=CARTESIAN_POINT('Ctrl Pts',(-2.32052117743092,3.41186466110687,4.04701411828732));
#3519=CARTESIAN_POINT('Ctrl Pts',(-2.32366986176504,3.41498913695685,4.04911324117674));
#3520=CARTESIAN_POINT('Ctrl Pts',(-2.32720598296239,3.41845773921016,4.0514706553083));
#3521=CARTESIAN_POINT('',(-1.8618030645864,2.8155008375826,3.74120204305762));
#3522=CARTESIAN_POINT('',(-2.27553324308731,3.35243991383958,4.01702216205825));
#3523=CARTESIAN_POINT('',(-1.05687561418922,3.51835982177164,3.20458374279281));
#3524=CARTESIAN_POINT('Origin',(0.455133143695397,0.,2.19657790420307));
#3525=CARTESIAN_POINT('',(-1.36079132822162,4.15254532126273,3.40728490269433));
#3526=CARTESIAN_POINT('',(-1.35392028027971,4.15718819286865,3.40261352018652));
#3527=CARTESIAN_POINT('',(-1.39074677572897,4.23639424797386,3.42716451983478));
#3528=CARTESIAN_POINT('Ctrl Pts',(-1.39074677700519,4.23639424809847,3.4271645180035));
#3529=CARTESIAN_POINT('Ctrl Pts',(-1.38590394424447,4.22064960184943,3.42393596282969));
#3530=CARTESIAN_POINT('Ctrl Pts',(-1.38067286966569,4.20467042355139,3.42044858192546));
#3531=CARTESIAN_POINT('Ctrl Pts',(-1.37201746923461,4.18041469921761,3.41467831497141));
#3532=CARTESIAN_POINT('Ctrl Pts',(-1.3685499179961,4.17114712593978,3.41236661199745));
#3533=CARTESIAN_POINT('Ctrl Pts',(-1.36293346970875,4.15728729301938,3.40862231313921));
#3534=CARTESIAN_POINT('Ctrl Pts',(-1.36228193901361,4.15573266306993,3.40818795934245));
#3535=CARTESIAN_POINT('Ctrl Pts',(-1.36097003459564,4.15284541322228,3.40731335639714));
#3536=CARTESIAN_POINT('Ctrl Pts',(-1.48395074973674,5.52890784373938,3.48930049982453));
#3537=CARTESIAN_POINT('Ctrl Pts',(-1.51313033413359,5.14705252704318,3.5087535560891));
#3538=CARTESIAN_POINT('Ctrl Pts',(-1.50381151581964,4.67192178839698,3.50254101054647));
#3539=CARTESIAN_POINT('Ctrl Pts',(-1.40426098125768,4.28214153484124,3.43617399447417));
#3540=CARTESIAN_POINT('Ctrl Pts',(-1.39717543058678,4.25729460287093,3.43145029342978));
#3541=CARTESIAN_POINT('Ctrl Pts',(-1.39074677452932,4.23639424809817,3.42716452171711));
#3542=CARTESIAN_POINT('',(-0.123394528518799,4.7313012555871,2.58226301901291));
#3543=CARTESIAN_POINT('Ctrl Pts',(-0.1233945285188,4.7313012555871,2.58226301901291));
#3544=CARTESIAN_POINT('Ctrl Pts',(-0.129226833062377,4.75622332543205,2.58615122204186));
#3545=CARTESIAN_POINT('Ctrl Pts',(-0.135872288559029,4.78147654971711,2.59058152570608));
#3546=CARTESIAN_POINT('Ctrl Pts',(-0.244929597412973,5.16352129880654,2.66328639827536));
#3547=CARTESIAN_POINT('Ctrl Pts',(-0.469761238924084,5.5544932492864,2.81317415928276));
#3548=CARTESIAN_POINT('Ctrl Pts',(-0.680120809272079,5.84280735420893,2.95341387284809));
#3549=CARTESIAN_POINT('',(-0.106554453343957,4.6423322030216,2.57112694283116));
#3550=CARTESIAN_POINT('Ctrl Pts',(-0.106645645749888,4.64282451005473,2.57109709716664));
#3551=CARTESIAN_POINT('Ctrl Pts',(-0.106670499422728,4.64304443547655,2.57111366628186));
#3552=CARTESIAN_POINT('Ctrl Pts',(-0.106694639099724,4.64325258621349,2.57112975939986));
#3553=CARTESIAN_POINT('Ctrl Pts',(-0.106715543432968,4.64343078210893,2.57114369562202));
#3554=CARTESIAN_POINT('Ctrl Pts',(-0.106741273313765,4.64365011267044,2.57116084887589));
#3555=CARTESIAN_POINT('Ctrl Pts',(-0.106762256362536,4.64382589050581,2.57117483757507));
#3556=CARTESIAN_POINT('Ctrl Pts',(-0.106784117013167,4.64400742097976,2.57118941134215));
#3557=CARTESIAN_POINT('Ctrl Pts',(-0.106796265698574,4.64410830345838,2.57119751046576));
#3558=CARTESIAN_POINT('Ctrl Pts',(-0.106808818215856,4.64421198075425,2.57120587881061));
#3559=CARTESIAN_POINT('Ctrl Pts',(-0.106823616297939,4.64433332033009,2.57121574419867));
#3560=CARTESIAN_POINT('Ctrl Pts',(-0.106924085768674,4.64515713809877,2.57128272384582));
#3561=CARTESIAN_POINT('Ctrl Pts',(-0.107045277799251,4.64611086637733,2.57136351853288));
#3562=CARTESIAN_POINT('Ctrl Pts',(-0.107173834005006,4.64708599834568,2.57144922267005));
#3563=CARTESIAN_POINT('Ctrl Pts',(-0.107312391488911,4.64813699258757,2.57154159432598));
#3564=CARTESIAN_POINT('Ctrl Pts',(-0.107459392847396,4.64921353185865,2.57163959523164));
#3565=CARTESIAN_POINT('Ctrl Pts',(-0.107604092928002,4.65024591171871,2.57173606195204));
#3566=CARTESIAN_POINT('Ctrl Pts',(-0.107761949928058,4.6513721611786,2.57184129995208));
#3567=CARTESIAN_POINT('Ctrl Pts',(-0.107917028303241,4.65244664628358,2.57194468553554));
#3568=CARTESIAN_POINT('Ctrl Pts',(-0.108063562998778,4.6534426734356,2.57204237533256));
#3569=CARTESIAN_POINT('Ctrl Pts',(-0.108234123866795,4.65460201153636,2.5721560825779));
#3570=CARTESIAN_POINT('Ctrl Pts',(-0.108393066593886,4.65565559649752,2.57226204439597));
#3571=CARTESIAN_POINT('Ctrl Pts',(-0.108542849249627,4.65663327102437,2.57236189949979));
#3572=CARTESIAN_POINT('Ctrl Pts',(-0.108706526843463,4.65770164181347,2.57247101789568));
#3573=CARTESIAN_POINT('Ctrl Pts',(-0.10885938444909,4.65868054926714,2.5725729229661));
#3574=CARTESIAN_POINT('Ctrl Pts',(-0.109016445883902,4.65967175606515,2.57267763058931));
#3575=CARTESIAN_POINT('Ctrl Pts',(-0.109177510460078,4.66068822648653,2.57278500697343));
#3576=CARTESIAN_POINT('Ctrl Pts',(-0.109342953939721,4.66171786505378,2.57289530262652));
#3577=CARTESIAN_POINT('Ctrl Pts',(-0.109539695752894,4.66292015166113,2.5730264638353));
#3578=CARTESIAN_POINT('Ctrl Pts',(-0.109555213081615,4.66301497785086,2.57303680872112));
#3579=CARTESIAN_POINT('Ctrl Pts',(-0.109570931167774,4.6631109041026,2.57304728744522));
#3580=CARTESIAN_POINT('Ctrl Pts',(-0.109586866505785,4.66320802258369,2.5730579110039));
#3581=CARTESIAN_POINT('Ctrl Pts',(-0.109593371821566,4.66324766946079,2.57306224788109));
#3582=CARTESIAN_POINT('Ctrl Pts',(-0.109599888965236,4.66328736643955,2.57306659264353));
#3583=CARTESIAN_POINT('Ctrl Pts',(-0.109606417948648,4.66332711347963,2.57307094529914));
#3584=CARTESIAN_POINT('Ctrl Pts',(-0.110930609215112,4.67138850374609,2.57395373947678));
#3585=CARTESIAN_POINT('Ctrl Pts',(-0.112408028102029,4.67950491977276,2.5749386854015));
#3586=CARTESIAN_POINT('Ctrl Pts',(-0.113968134021742,4.68752150118265,2.57597875601474));
#3587=CARTESIAN_POINT('Ctrl Pts',(-0.115426644418972,4.69501603548883,2.57695109627966));
#3588=CARTESIAN_POINT('Ctrl Pts',(-0.116958183149736,4.70242536921418,2.57797212210026));
#3589=CARTESIAN_POINT('Ctrl Pts',(-0.118518293646475,4.709646752428,2.57901219576475));
#3590=CARTESIAN_POINT('Ctrl Pts',(-0.120072895400813,4.71684263697362,2.58004859693431));
#3591=CARTESIAN_POINT('Ctrl Pts',(-0.121697285891564,4.72404875377007,2.58113152392812));
#3592=CARTESIAN_POINT('Ctrl Pts',(-0.123394528518797,4.7313012555871,2.58226301901291));
#3593=CARTESIAN_POINT('',(-0.0423393791278561,3.91454116748674,2.52822625275193));
#3594=CARTESIAN_POINT('',(-0.114454999307264,4.64120539665514,2.57630333287155));
#3595=CARTESIAN_POINT('',(0.952605666518661,3.91454116748674,1.86492955565423));
#3596=CARTESIAN_POINT('Origin',(0.455133143695397,0.,2.19657790420307));
#3597=CARTESIAN_POINT('',(1.01689981373045,4.64233274544942,1.82215747472629));
#3598=CARTESIAN_POINT('',(1.02472128965019,4.64120542640151,1.81685247356658));
#3599=CARTESIAN_POINT('',(1.03366508843665,4.73129981144961,1.81088994372437));
#3600=CARTESIAN_POINT('Ctrl Pts',(1.0336650872288,4.73129981157798,1.81088994184751));
#3601=CARTESIAN_POINT('Ctrl Pts',(1.02988286014807,4.71514110612707,1.813411426568));
#3602=CARTESIAN_POINT('Ctrl Pts',(1.02630002395781,4.69851840497556,1.81579998617649));
#3603=CARTESIAN_POINT('Ctrl Pts',(1.01887424756278,4.65919531333613,1.82075050377317));
#3604=CARTESIAN_POINT('Ctrl Pts',(1.01717905856426,4.64532401158957,1.82188062762387));
#3605=CARTESIAN_POINT('Ctrl Pts',(1.01689400885738,4.64267220149163,1.82207066076179));
#3606=CARTESIAN_POINT('Ctrl Pts',(1.59038709666291,5.84280735420893,1.4397419355581));
#3607=CARTESIAN_POINT('Ctrl Pts',(1.38002752402272,5.5544932461449,1.57998165065156));
#3608=CARTESIAN_POINT('Ctrl Pts',(1.15519589264051,5.16352131154162,1.72986940490637));
#3609=CARTESIAN_POINT('Ctrl Pts',(1.0451053502887,4.77785698497305,1.80326310677658));
#3610=CARTESIAN_POINT('Ctrl Pts',(1.03868586934474,4.75274994931231,1.80754276014209));
#3611=CARTESIAN_POINT('Ctrl Pts',(1.03366508970452,4.73129981157769,1.81088994556122));
#3612=CARTESIAN_POINT('',(2.30101722618295,4.23639239893867,0.965988515878415));
#3613=CARTESIAN_POINT('Ctrl Pts',(2.30101722618295,4.23639239893867,0.965988515878414));
#3614=CARTESIAN_POINT('Ctrl Pts',(2.3084873519367,4.26067489161729,0.96100843204248));
#3615=CARTESIAN_POINT('Ctrl Pts',(2.31546158142335,4.28579972805756,0.956358945717821));
#3616=CARTESIAN_POINT('Ctrl Pts',(2.41407780332488,4.67192177256837,0.890614797783452));
#3617=CARTESIAN_POINT('Ctrl Pts',(2.42339662120714,5.14705253119524,0.884402252528615));
#3618=CARTESIAN_POINT('Ctrl Pts',(2.39421703712757,5.52890784373939,0.903855308581662));
#3619=CARTESIAN_POINT('',(2.27113730475475,4.15254814276356,0.985999104098695));
#3620=CARTESIAN_POINT('Ctrl Pts',(2.27129631000506,4.15298129567282,0.985802459996672));
#3621=CARTESIAN_POINT('Ctrl Pts',(2.27138376120311,4.15317677645365,0.985744159197973));
#3622=CARTESIAN_POINT('Ctrl Pts',(2.27146603142805,4.15336222692775,0.985689312381342));
#3623=CARTESIAN_POINT('Ctrl Pts',(2.2715362691795,4.15352115788153,0.985642487213708));
#3624=CARTESIAN_POINT('Ctrl Pts',(2.27162272058467,4.15371677639143,0.985584852943601));
#3625=CARTESIAN_POINT('Ctrl Pts',(2.27169171206048,4.15387380669982,0.98553885862639));
#3626=CARTESIAN_POINT('Ctrl Pts',(2.27176280696493,4.15403611095111,0.985491462023424));
#3627=CARTESIAN_POINT('Ctrl Pts',(2.27180231675581,4.15412630879407,0.985465122162837));
#3628=CARTESIAN_POINT('Ctrl Pts',(2.27184286669217,4.15421905297005,0.98543808887193));
#3629=CARTESIAN_POINT('Ctrl Pts',(2.27189023796664,4.15432767256917,0.985406508022282));
#3630=CARTESIAN_POINT('Ctrl Pts',(2.27221185845261,4.15506512978649,0.985192094364972));
#3631=CARTESIAN_POINT('Ctrl Pts',(2.27258024896514,4.15592232585176,0.98494650068995));
#3632=CARTESIAN_POINT('Ctrl Pts',(2.27295314957098,4.15680204014009,0.984697900286056));
#3633=CARTESIAN_POINT('Ctrl Pts',(2.27335506069896,4.15775019349888,0.984429959534071));
#3634=CARTESIAN_POINT('Ctrl Pts',(2.27376263381708,4.15872497822669,0.984158244121989));
#3635=CARTESIAN_POINT('Ctrl Pts',(2.27415047180222,4.15966241154893,0.983899685465231));
#3636=CARTESIAN_POINT('Ctrl Pts',(2.27457357412916,4.16068508141417,0.983617617247269));
#3637=CARTESIAN_POINT('Ctrl Pts',(2.2749736081787,4.16166391013281,0.983350927880909));
#3638=CARTESIAN_POINT('Ctrl Pts',(2.27534218302295,4.16257322952268,0.983105211318076));
#3639=CARTESIAN_POINT('Ctrl Pts',(2.27577119026338,4.16363164305306,0.982819206491125));
#3640=CARTESIAN_POINT('Ctrl Pts',(2.27615787641781,4.1645962930932,0.982561415721503));
#3641=CARTESIAN_POINT('Ctrl Pts',(2.27651484794516,4.16549305935238,0.982323434703272));
#3642=CARTESIAN_POINT('Ctrl Pts',(2.27690493477053,4.16647301622944,0.982063376819695));
#3643=CARTESIAN_POINT('Ctrl Pts',(2.27726002159445,4.16737295218305,0.981826652270409));
#3644=CARTESIAN_POINT('Ctrl Pts',(2.27761772265076,4.16828580822481,0.981588184899537));
#3645=CARTESIAN_POINT('Ctrl Pts',(2.27798454069943,4.16922193090615,0.98134363953376));
#3646=CARTESIAN_POINT('Ctrl Pts',(2.27835425624444,4.17017180022851,0.981097162503749));
#3647=CARTESIAN_POINT('Ctrl Pts',(2.27878308734553,4.17128345482793,0.980811275103022));
#3648=CARTESIAN_POINT('Ctrl Pts',(2.27881690991882,4.17137113274836,0.980788726720829));
#3649=CARTESIAN_POINT('Ctrl Pts',(2.27885110807998,4.17145984245911,0.980765927946721));
#3650=CARTESIAN_POINT('Ctrl Pts',(2.27888571356076,4.17154967017729,0.980742857626207));
#3651=CARTESIAN_POINT('Ctrl Pts',(2.2788998406247,4.17158634072458,0.980733439583575));
#3652=CARTESIAN_POINT('Ctrl Pts',(2.27891398262276,4.17162306016055,0.980724011584873));
#3653=CARTESIAN_POINT('Ctrl Pts',(2.27892813952558,4.17165982846091,0.980714573649655));
#3654=CARTESIAN_POINT('Ctrl Pts',(2.28179940539357,4.17911707861947,0.978800396404329));
#3655=CARTESIAN_POINT('Ctrl Pts',(2.28457361878904,4.18672709013759,0.976950920807454));
#3656=CARTESIAN_POINT('Ctrl Pts',(2.28723211116197,4.19431474634924,0.975178592558935));
#3657=CARTESIAN_POINT('Ctrl Pts',(2.2897174800435,4.20140828734421,0.973521679971339));
#3658=CARTESIAN_POINT('Ctrl Pts',(2.2921020989803,4.20848448902284,0.971931934013559));
#3659=CARTESIAN_POINT('Ctrl Pts',(2.29437168250157,4.21542881949502,0.970418878332715));
#3660=CARTESIAN_POINT('Ctrl Pts',(2.29663325215371,4.22234862962896,0.968911165231289));
#3661=CARTESIAN_POINT('Ctrl Pts',(2.29884336578763,4.229326018683,0.967437756141991));
#3662=CARTESIAN_POINT('Ctrl Pts',(2.30101722618294,4.23639239893867,0.965988515878416));
#3663=CARTESIAN_POINT('',(1.96714190158002,3.51835982177164,1.18857206561334));
#3664=CARTESIAN_POINT('',(2.26418655551087,4.15718816671789,0.990542296326129));
#3665=CARTESIAN_POINT('',(2.77206935197721,2.8155008375826,0.651953765348527));
#3666=CARTESIAN_POINT('Origin',(0.455133143695397,0.,2.19657790420307));
#3667=CARTESIAN_POINT('',(3.180031168319,3.35890684796104,0.380069905000587));
#3668=CARTESIAN_POINT('',(3.1857995474144,3.35243993581945,0.37613363505711));
#3669=CARTESIAN_POINT('',(3.23709741376142,3.41900965791815,0.341935060174529));
#3670=CARTESIAN_POINT('Ctrl Pts',(3.23709741261062,3.41900965800078,0.341935058259633));
#3671=CARTESIAN_POINT('Ctrl Pts',(3.22613483876934,3.40860886919186,0.349243440820486));
#3672=CARTESIAN_POINT('Ctrl Pts',(3.21510665080089,3.39769184497829,0.356595568281098));
#3673=CARTESIAN_POINT('Ctrl Pts',(3.19858712082762,3.380303076831,0.367608588263281));
#3674=CARTESIAN_POINT('Ctrl Pts',(3.19232492079917,3.37347567897129,0.371783386133932));
#3675=CARTESIAN_POINT('Ctrl Pts',(3.18309276338247,3.36277291411563,0.37793815774507));
#3676=CARTESIAN_POINT('Ctrl Pts',(3.18206386922422,3.36154778046095,0.378624087183901));
#3677=CARTESIAN_POINT('Ctrl Pts',(3.18018449536812,3.35915600741539,0.379877003087968));
#3678=CARTESIAN_POINT('Ctrl Pts',(4.23109651889166,3.92495304508851,-0.320731012594396));
#3679=CARTESIAN_POINT('Ctrl Pts',(3.91990716488632,3.84030633545573,-0.113271443257508));
#3680=CARTESIAN_POINT('Ctrl Pts',(3.54680312525662,3.6828311953698,0.135464583162297));
#3681=CARTESIAN_POINT('Ctrl Pts',(3.2691223525651,3.44859346023989,0.320585105258982));
#3682=CARTESIAN_POINT('Ctrl Pts',(3.25164986343115,3.43281635515426,0.332233430751153));
#3683=CARTESIAN_POINT('Ctrl Pts',(3.2370974150862,3.41900965800059,0.341935061973436));
#3684=CARTESIAN_POINT('',(4.02004062732591,2.12392909665109,-0.180027084883897));
#3685=CARTESIAN_POINT('Ctrl Pts',(4.02004062732591,2.12392909665109,-0.180027084883897));
#3686=CARTESIAN_POINT('Ctrl Pts',(4.03279168189377,2.13379770563532,-0.188527787929139));
#3687=CARTESIAN_POINT('Ctrl Pts',(4.04554969150493,2.14406383877415,-0.197033127669909));
#3688=CARTESIAN_POINT('Ctrl Pts',(4.0622041635294,2.15859359784358,-0.208136109019561));
#3689=CARTESIAN_POINT('Ctrl Pts',(4.06801644748786,2.16375791756479,-0.212010964991867));
#3690=CARTESIAN_POINT('Ctrl Pts',(4.32483492617572,2.39580692192372,-0.383223284117103));
#3691=CARTESIAN_POINT('Ctrl Pts',(4.56474473171835,2.77361268811366,-0.543163154478859));
#3692=CARTESIAN_POINT('Ctrl Pts',(4.72789074327362,3.10315345762729,-0.651927162182368));
#3693=CARTESIAN_POINT('',(3.95517867607564,2.07669781660798,-0.136696443766216));
#3694=CARTESIAN_POINT('Ctrl Pts',(3.9566256211754,2.07756286228288,-0.137750414116889));
#3695=CARTESIAN_POINT('Ctrl Pts',(3.95703814754673,2.07783566233974,-0.138025431697775));
#3696=CARTESIAN_POINT('Ctrl Pts',(3.95745539753292,2.07811567904615,-0.138303598355239));
#3697=CARTESIAN_POINT('Ctrl Pts',(3.95784555379423,2.0783791270979,-0.138563702529445));
#3698=CARTESIAN_POINT('Ctrl Pts',(3.95831393722051,2.07869539704756,-0.138875958146961));
#3699=CARTESIAN_POINT('Ctrl Pts',(3.95874378986047,2.07898812917846,-0.139162526573605));
#3700=CARTESIAN_POINT('Ctrl Pts',(3.95913566011726,2.07925594663978,-0.139423773411465));
#3701=CARTESIAN_POINT('Ctrl Pts',(3.95959695627285,2.07957121212157,-0.139731304181858));
#3702=CARTESIAN_POINT('Ctrl Pts',(3.96000659571384,2.07985263066126,-0.140004397142516));
#3703=CARTESIAN_POINT('Ctrl Pts',(3.96042116392339,2.0801382703369,-0.140280775948884));
#3704=CARTESIAN_POINT('Ctrl Pts',(3.96075307389562,2.08036695805252,-0.140502049263702));
#3705=CARTESIAN_POINT('Ctrl Pts',(3.96108916644248,2.08059908979938,-0.140726110961607));
#3706=CARTESIAN_POINT('Ctrl Pts',(3.96147496434428,2.08086627985134,-0.140983309562812));
#3707=CARTESIAN_POINT('Ctrl Pts',(3.96303653658314,2.08194776983789,-0.142024357722046));
#3708=CARTESIAN_POINT('Ctrl Pts',(3.96474742258853,2.08314394657022,-0.143164948392308));
#3709=CARTESIAN_POINT('Ctrl Pts',(3.96651403388497,2.08438787818631,-0.144342689256603));
#3710=CARTESIAN_POINT('Ctrl Pts',(3.96842580753514,2.08573402359534,-0.14561720502338));
#3711=CARTESIAN_POINT('Ctrl Pts',(3.97040329004314,2.08713637361858,-0.146935526695383));
#3712=CARTESIAN_POINT('Ctrl Pts',(3.97237395110284,2.08854192677956,-0.148249300735179));
#3713=CARTESIAN_POINT('Ctrl Pts',(3.97452708757828,2.09007762860115,-0.149684725052144));
#3714=CARTESIAN_POINT('Ctrl Pts',(3.97667258317136,2.09161746682407,-0.15111505544753));
#3715=CARTESIAN_POINT('Ctrl Pts',(3.97876088037416,2.09312397071989,-0.152507253582731));
#3716=CARTESIAN_POINT('Ctrl Pts',(3.98119183726061,2.09487767034419,-0.154127891507026));
#3717=CARTESIAN_POINT('Ctrl Pts',(3.9835455666186,2.09658633647404,-0.155697044412358));
#3718=CARTESIAN_POINT('Ctrl Pts',(3.98579605083247,2.09822840124865,-0.1571973672216));
#3719=CARTESIAN_POINT('Ctrl Pts',(3.98832145236559,2.10007105931919,-0.158880968243684));
#3720=CARTESIAN_POINT('Ctrl Pts',(3.99071769782071,2.10183038733571,-0.160478465213765));
#3721=CARTESIAN_POINT('Ctrl Pts',(3.99299861154652,2.1035135851291,-0.161999074364301));
#3722=CARTESIAN_POINT('Ctrl Pts',(3.99563596844696,2.105459819774,-0.163757312297926));
#3723=CARTESIAN_POINT('Ctrl Pts',(3.99812003925992,2.10730481624548,-0.165413359506572));
#3724=CARTESIAN_POINT('Ctrl Pts',(4.0005207062887,2.10909786059119,-0.167013804192425));
#3725=CARTESIAN_POINT('Ctrl Pts',(4.00354618504791,2.11135757321157,-0.169030790031895));
#3726=CARTESIAN_POINT('Ctrl Pts',(4.00644026600874,2.11353516708194,-0.170960177339117));
#3727=CARTESIAN_POINT('Ctrl Pts',(4.0093972933083,2.1157774474629,-0.172931528872157));
#3728=CARTESIAN_POINT('Ctrl Pts',(4.01275762906336,2.11832555208747,-0.175171752708863));
#3729=CARTESIAN_POINT('Ctrl Pts',(4.0162031076755,2.12095906929393,-0.177468738450286));
#3730=CARTESIAN_POINT('Ctrl Pts',(4.02004062732591,2.12392909665109,-0.180027084883896));
#3731=CARTESIAN_POINT('',(3.39908722806349,1.77828460879179,0.233941847957697));
#3732=CARTESIAN_POINT('',(3.95183119447946,2.08526635472326,-0.134554129652932));
#3733=CARTESIAN_POINT('',(3.70654215563741,0.641034883075702,0.028971896241726));
#3734=CARTESIAN_POINT('Origin',(0.455133143695397,0.,2.19657790420307));
#3735=CARTESIAN_POINT('',(4.30236008022181,0.792492699596322,-0.368149369601285));
#3736=CARTESIAN_POINT('',(4.3038560508954,0.783156334996871,-0.369237367263558));
#3737=CARTESIAN_POINT('',(4.37791394379557,0.800774022995791,-0.418609293362965));
#3738=CARTESIAN_POINT('Ctrl Pts',(4.37791394275227,0.800774023001114,-0.418609295168133));
#3739=CARTESIAN_POINT('Ctrl Pts',(4.36395835273477,0.80010389862073,-0.409305568489802));
#3740=CARTESIAN_POINT('Ctrl Pts',(4.3496972062875,0.799062483515538,-0.39979813543017));
#3741=CARTESIAN_POINT('Ctrl Pts',(4.32782835500114,0.796664565374315,-0.385218901239261));
#3742=CARTESIAN_POINT('Ctrl Pts',(4.319423074343,0.795564889460829,-0.379615382895282));
#3743=CARTESIAN_POINT('Ctrl Pts',(4.30671973418053,0.793428043360741,-0.371146489453639));
#3744=CARTESIAN_POINT('Ctrl Pts',(4.30528816901951,0.793163731069365,-0.370192112679624));
#3745=CARTESIAN_POINT('Ctrl Pts',(4.3025979866288,0.79255639201988,-0.368398657752485));
#3746=CARTESIAN_POINT('Ctrl Pts',(5.42951627194604,0.507900077055784,-1.11967751463065));
#3747=CARTESIAN_POINT('Ctrl Pts',(5.28885723319075,0.580520771042128,-1.02590482212713));
#3748=CARTESIAN_POINT('Ctrl Pts',(5.14370658516118,0.644456108249252,-0.929137723440742));
#3749=CARTESIAN_POINT('Ctrl Pts',(4.94458967262269,0.710645051250086,-0.796393115081753));
#3750=CARTESIAN_POINT('Ctrl Pts',(4.90260411757799,0.723441126838219,-0.76840274505195));
#3751=CARTESIAN_POINT('Ctrl Pts',(4.72771609949327,0.771432353911432,-0.65181073299547));
#3752=CARTESIAN_POINT('Ctrl Pts',(4.57961337026522,0.79891717440535,-0.553075580176773));
#3753=CARTESIAN_POINT('Ctrl Pts',(4.41829112186808,0.802084447232679,-0.445527408450353));
#3754=CARTESIAN_POINT('Ctrl Pts',(4.39643952155149,0.801663590564985,-0.430959675214658));
#3755=CARTESIAN_POINT('Ctrl Pts',(4.37791394506035,0.800774023001102,-0.418609291705449));
#3756=CARTESIAN_POINT('',(4.37791376552776,-0.800779351390525,-0.418609177018127));
#3757=CARTESIAN_POINT('Ctrl Pts',(4.37791376552775,-0.800779351390525,-0.418609177018124));
#3758=CARTESIAN_POINT('Ctrl Pts',(4.39943754988244,-0.801814208985242,-0.432958366588015));
#3759=CARTESIAN_POINT('Ctrl Pts',(4.42147466310059,-0.802021944883501,-0.447649775400332));
#3760=CARTESIAN_POINT('Ctrl Pts',(4.5796133379539,-0.79891717711071,-0.553075558635887));
#3761=CARTESIAN_POINT('Ctrl Pts',(4.72771605108535,-0.771432363216319,-0.651810700723525));
#3762=CARTESIAN_POINT('Ctrl Pts',(4.90260399322473,-0.72344116222498,-0.768402662149778));
#3763=CARTESIAN_POINT('Ctrl Pts',(4.94458948691025,-0.710645108414768,-0.796392991273462));
#3764=CARTESIAN_POINT('Ctrl Pts',(5.14298602964665,-0.644695647071536,-0.928657353097723));
#3765=CARTESIAN_POINT('Ctrl Pts',(5.28868551435093,-0.580609427566979,-1.02579034290057));
#3766=CARTESIAN_POINT('Ctrl Pts',(5.42951627197769,-0.507900077039444,-1.11967751465175));
#3767=CARTESIAN_POINT('',(4.30236105719303,-0.792487256645363,-0.368150064193491));
#3768=CARTESIAN_POINT('Ctrl Pts',(4.30272405138212,-0.792582969999897,-0.368482700921375));
#3769=CARTESIAN_POINT('Ctrl Pts',(4.30290576448018,-0.792622522256483,-0.368603842986749));
#3770=CARTESIAN_POINT('Ctrl Pts',(4.30307793931806,-0.792659252052569,-0.368718626212002));
#3771=CARTESIAN_POINT('Ctrl Pts',(4.30322541030863,-0.792690423380894,-0.368816940205715));
#3772=CARTESIAN_POINT('Ctrl Pts',(4.30340692344196,-0.792728790285817,-0.368937948961267));
#3773=CARTESIAN_POINT('Ctrl Pts',(4.30355250528048,-0.792759124418328,-0.36903500352028));
#3774=CARTESIAN_POINT('Ctrl Pts',(4.30370291052753,-0.792790233090151,-0.369135273684978));
#3775=CARTESIAN_POINT('Ctrl Pts',(4.30378649569818,-0.792807521208047,-0.369190997132082));
#3776=CARTESIAN_POINT('Ctrl Pts',(4.30387241727328,-0.792825211380868,-0.36924827818215));
#3777=CARTESIAN_POINT('Ctrl Pts',(4.30397300940574,-0.792845792756276,-0.369315339603789));
#3778=CARTESIAN_POINT('Ctrl Pts',(4.30465596530172,-0.792985527060923,-0.36977064353444));
#3779=CARTESIAN_POINT('Ctrl Pts',(4.30544812649647,-0.793141719461523,-0.370298750997608));
#3780=CARTESIAN_POINT('Ctrl Pts',(4.30625950066125,-0.793296108509994,-0.370839667107461));
#3781=CARTESIAN_POINT('Ctrl Pts',(4.30713399724492,-0.793462508552421,-0.371422664829904));
#3782=CARTESIAN_POINT('Ctrl Pts',(4.30803131759717,-0.79362715086068,-0.372020878398074));
#3783=CARTESIAN_POINT('Ctrl Pts',(4.30889298228768,-0.793780777584789,-0.372595321525077));
#3784=CARTESIAN_POINT('Ctrl Pts',(4.30983299422473,-0.793948372887351,-0.373221996149776));
#3785=CARTESIAN_POINT('Ctrl Pts',(4.3107311849954,-0.794103148169697,-0.373820789996888));
#3786=CARTESIAN_POINT('Ctrl Pts',(4.31156464973857,-0.794243444273521,-0.374376433159005));
#3787=CARTESIAN_POINT('Ctrl Pts',(4.31253477131657,-0.7944067436557,-0.37502318087767));
#3788=CARTESIAN_POINT('Ctrl Pts',(4.31341761739204,-0.79455064337715,-0.375611744927982));
#3789=CARTESIAN_POINT('Ctrl Pts',(4.31423756288405,-0.79468155569936,-0.376158375255989));
#3790=CARTESIAN_POINT('Ctrl Pts',(4.31513357253597,-0.794824612409103,-0.376755715023936));
#3791=CARTESIAN_POINT('Ctrl Pts',(4.31595544388717,-0.794952390973728,-0.377303629258068));
#3792=CARTESIAN_POINT('Ctrl Pts',(4.31678834709356,-0.795079165151545,-0.377858898062332));
#3793=CARTESIAN_POINT('Ctrl Pts',(4.31764247912234,-0.79520917051695,-0.378428319414848));
#3794=CARTESIAN_POINT('Ctrl Pts',(4.31850838461318,-0.795338239855226,-0.379005589742077));
#3795=CARTESIAN_POINT('Ctrl Pts',(4.31952058285026,-0.795484885510306,-0.379680388566797));
#3796=CARTESIAN_POINT('Ctrl Pts',(4.31960041649006,-0.795496451679834,-0.379733610993328));
#3797=CARTESIAN_POINT('Ctrl Pts',(4.3196811826762,-0.795508128315943,-0.379787455117421));
#3798=CARTESIAN_POINT('Ctrl Pts',(4.31976295944024,-0.795519925046336,-0.379841972960117));
#3799=CARTESIAN_POINT('Ctrl Pts',(4.3197963433319,-0.795524740849137,-0.379864228887891));
#3800=CARTESIAN_POINT('Ctrl Pts',(4.31982977052538,-0.795529558614601,-0.379886513683542));
#3801=CARTESIAN_POINT('Ctrl Pts',(4.3198632409924,-0.795534378316706,-0.379908827328219));
#3802=CARTESIAN_POINT('Ctrl Pts',(4.3266516332288,-0.796511897642555,-0.384434422152487));
#3803=CARTESIAN_POINT('Ctrl Pts',(4.33353091876658,-0.797331277450732,-0.389020612510899));
#3804=CARTESIAN_POINT('Ctrl Pts',(4.34035675418844,-0.79802529309755,-0.393571169458711));
#3805=CARTESIAN_POINT('Ctrl Pts',(4.34673808491395,-0.798674113805539,-0.397825389942295));
#3806=CARTESIAN_POINT('Ctrl Pts',(4.35307456112796,-0.799213132680716,-0.402049707418212));
#3807=CARTESIAN_POINT('Ctrl Pts',(4.35927113621702,-0.799661413335294,-0.40618075747759));
#3808=CARTESIAN_POINT('Ctrl Pts',(4.36544583125988,-0.800108111115253,-0.410297220839497));
#3809=CARTESIAN_POINT('Ctrl Pts',(4.37165018926354,-0.800478200377288,-0.414433459508619));
#3810=CARTESIAN_POINT('Ctrl Pts',(4.37791376552776,-0.800779351390526,-0.418609177018129));
#3811=CARTESIAN_POINT('',(3.70654215563742,-0.641034883075702,0.0289718962417409));
#3812=CARTESIAN_POINT('',(4.30385602644405,-0.783156329179055,-0.369237350962654));
#3813=CARTESIAN_POINT('',(3.39908722806348,-1.7782846087918,0.233941847957683));
#3814=CARTESIAN_POINT('Origin',(0.455133143695397,0.,2.19657790420307));
#3815=CARTESIAN_POINT('',(3.9551950516487,-2.07662672417803,-0.136706017219209));
#3816=CARTESIAN_POINT('',(3.95183121710632,-2.08526636728971,-0.134554144737498));
#3817=CARTESIAN_POINT('',(4.02036153921902,-2.12333007151592,-0.180241023463867));
#3818=CARTESIAN_POINT('Ctrl Pts',(4.02036153807343,-2.12333007158994,-0.180241025382236));
#3819=CARTESIAN_POINT('Ctrl Pts',(4.00874349296358,-2.11401356675896,-0.17249566197567));
#3820=CARTESIAN_POINT('Ctrl Pts',(3.99669666171977,-2.10478158754443,-0.164464438998155));
#3821=CARTESIAN_POINT('Ctrl Pts',(3.97783164700916,-2.09127273241048,-0.151887762524413));
#3822=CARTESIAN_POINT('Ctrl Pts',(3.97049381680827,-2.08622464754039,-0.146995877872134));
#3823=CARTESIAN_POINT('Ctrl Pts',(3.95917153803526,-2.07897937231611,-0.139447692023459));
#3824=CARTESIAN_POINT('Ctrl Pts',(3.95788411109721,-2.07818190493703,-0.138589407398089));
#3825=CARTESIAN_POINT('Ctrl Pts',(3.95541067840917,-2.07677282712631,-0.136940452272734));
#3826=CARTESIAN_POINT('Ctrl Pts',(4.72789074327361,-3.10315345762728,-0.651927162182364));
#3827=CARTESIAN_POINT('Ctrl Pts',(4.56474472996666,-2.77361268457564,-0.543163153311066));
#3828=CARTESIAN_POINT('Ctrl Pts',(4.32483493378161,-2.39580693477159,-0.383223289187696));
#3829=CARTESIAN_POINT('Ctrl Pts',(4.05366824814766,-2.15079356302962,-0.202445491796061));
#3830=CARTESIAN_POINT('Ctrl Pts',(4.03578410494299,-2.13569741824673,-0.19052273025674));
#3831=CARTESIAN_POINT('Ctrl Pts',(4.02036154054899,-2.12333007158976,-0.180241021668423));
#3832=CARTESIAN_POINT('',(3.23747227035246,-3.41845773921128,0.341685153098405));
#3833=CARTESIAN_POINT('Ctrl Pts',(3.23747227035246,-3.41845773921128,0.341685153098404));
#3834=CARTESIAN_POINT('Ctrl Pts',(3.24922185818639,-3.42998297959828,0.333852094542449));
#3835=CARTESIAN_POINT('Ctrl Pts',(3.26128816678159,-3.44139332807023,0.325807888812318));
#3836=CARTESIAN_POINT('Ctrl Pts',(3.27793247020866,-3.45593990809102,0.314711686527605));
#3837=CARTESIAN_POINT('Ctrl Pts',(3.28381522963713,-3.4609876469981,0.310789846908621));
#3838=CARTESIAN_POINT('Ctrl Pts',(3.54680311267625,-3.68283119059286,0.13546459154921));
#3839=CARTESIAN_POINT('Ctrl Pts',(3.91990716828876,-3.84030633638111,-0.113271445525794));
#3840=CARTESIAN_POINT('Ctrl Pts',(4.23109651889164,-3.92495304508851,-0.320731012594385));
#3841=CARTESIAN_POINT('',(3.18008193684512,-3.3588668702739,0.380034715720779));
#3842=CARTESIAN_POINT('Ctrl Pts',(3.18118510937266,-3.36030058634329,0.379209927084937));
#3843=CARTESIAN_POINT('Ctrl Pts',(3.18152846104304,-3.3606878155502,0.378981025971353));
#3844=CARTESIAN_POINT('Ctrl Pts',(3.18187898311894,-3.36107821391197,0.378747344587419));
#3845=CARTESIAN_POINT('Ctrl Pts',(3.18220802155186,-3.36144276339197,0.378527985632136));
#3846=CARTESIAN_POINT('Ctrl Pts',(3.18260303289451,-3.3618804058226,0.378264644737038));
#3847=CARTESIAN_POINT('Ctrl Pts',(3.18296751146103,-3.36228128008377,0.378021659026024));
#3848=CARTESIAN_POINT('Ctrl Pts',(3.18330053717853,-3.36264643848596,0.377799641881023));
#3849=CARTESIAN_POINT('Ctrl Pts',(3.18369256357121,-3.3630762903672,0.377538290952569));
#3850=CARTESIAN_POINT('Ctrl Pts',(3.18404184316697,-3.3634575564742,0.377305437888734));
#3851=CARTESIAN_POINT('Ctrl Pts',(3.18439598613449,-3.36384315189766,0.377069342577049));
#3852=CARTESIAN_POINT('Ctrl Pts',(3.18467951868555,-3.3641518657904,0.376880320876341));
#3853=CARTESIAN_POINT('Ctrl Pts',(3.18496706907784,-3.36446429621771,0.37668862061482));
#3854=CARTESIAN_POINT('Ctrl Pts',(3.18529772184761,-3.36482270762924,0.376468185434968));
#3855=CARTESIAN_POINT('Ctrl Pts',(3.18663608627595,-3.36627342913455,0.375575942482743));
#3856=CARTESIAN_POINT('Ctrl Pts',(3.18811134589743,-3.36785938025438,0.374592436068425));
#3857=CARTESIAN_POINT('Ctrl Pts',(3.18964161530281,-3.36949426985367,0.373572256464835));
#3858=CARTESIAN_POINT('Ctrl Pts',(3.19129762686165,-3.37126349824203,0.372468248758941));
#3859=CARTESIAN_POINT('Ctrl Pts',(3.19301841979483,-3.37309046549273,0.371321053470157));
#3860=CARTESIAN_POINT('Ctrl Pts',(3.19473963951348,-3.37490864581524,0.370173573657724));
#3861=CARTESIAN_POINT('Ctrl Pts',(3.19662023736682,-3.37689518244066,0.368919841755495));
#3862=CARTESIAN_POINT('Ctrl Pts',(3.19850174730313,-3.37887170710779,0.367665501797956));
#3863=CARTESIAN_POINT('Ctrl Pts',(3.2003392036166,-3.38079315330525,0.366440530922311));
#3864=CARTESIAN_POINT('Ctrl Pts',(3.20247816021387,-3.38302988132444,0.365014559857466));
#3865=CARTESIAN_POINT('Ctrl Pts',(3.20455761597892,-3.3851922522562,0.363628256014098));
#3866=CARTESIAN_POINT('Ctrl Pts',(3.2065524637989,-3.38725719208115,0.362298357467444));
#3867=CARTESIAN_POINT('Ctrl Pts',(3.2087910006045,-3.38957438327399,0.360805999597047));
#3868=CARTESIAN_POINT('Ctrl Pts',(3.21092368467753,-3.39176969589765,0.359384210215022));
#3869=CARTESIAN_POINT('Ctrl Pts',(3.21296048539619,-3.39385670669518,0.358026343069249));
#3870=CARTESIAN_POINT('Ctrl Pts',(3.21531558123772,-3.39626985904998,0.3564562791749));
#3871=CARTESIAN_POINT('Ctrl Pts',(3.21754319658783,-3.39853908548007,0.354971202274824));
#3872=CARTESIAN_POINT('Ctrl Pts',(3.21970392763891,-3.40072903316603,0.353530714907438));
#3873=CARTESIAN_POINT('Ctrl Pts',(3.22242702327204,-3.4034889495274,0.351715317818684));
#3874=CARTESIAN_POINT('Ctrl Pts',(3.2250445319801,-3.4061240506574,0.349970312013311));
#3875=CARTESIAN_POINT('Ctrl Pts',(3.22773268034949,-3.40881111196373,0.348178213100382));
#3876=CARTESIAN_POINT('Ctrl Pts',(3.23078746482313,-3.41186466110996,0.346141690117956));
#3877=CARTESIAN_POINT('Ctrl Pts',(3.23393614915636,-3.41498913695914,0.344042567229138));
#3878=CARTESIAN_POINT('Ctrl Pts',(3.23747227035246,-3.41845773921128,0.341685153098405));
#3879=CARTESIAN_POINT('',(2.77206935197722,-2.8155008375826,0.651953765348543));
#3880=CARTESIAN_POINT('',(3.18579953047814,-3.35243991383957,0.37613364634795));
#3881=CARTESIAN_POINT('',(1.96714190158001,-3.51835982177164,1.18857206561333));
#3882=CARTESIAN_POINT('Origin',(0.455133143695397,0.,2.19657790420307));
#3883=CARTESIAN_POINT('',(2.26418656767055,-4.15718819286865,0.990542288219681));
#3884=CARTESIAN_POINT('',(1.0247212866981,-4.64120539665514,1.81685247553465));
#3885=CARTESIAN_POINT('',(-0.114455002259353,-4.64120542640151,2.57630333483962));
#3886=CARTESIAN_POINT('',(-1.35392026812003,-4.15718816671788,3.40261351208007));
#3887=CARTESIAN_POINT('',(-2.27553326002357,-3.35243993581945,4.01702217334909));
#3888=CARTESIAN_POINT('',(-3.04156490708863,-2.08526635472326,4.52770993805913));
#3889=CARTESIAN_POINT('',(-3.39358976350457,-0.783156334996871,4.76239317566976));
#3890=CARTESIAN_POINT('Ctrl Pts',(-4.18642986682005,-0.507900077055791,
6.01206349963954));
#3891=CARTESIAN_POINT('Ctrl Pts',(-4.51924998512761,-0.507900077055791,
5.51283332217821));
#3892=CARTESIAN_POINT('Ctrl Pts',(-4.0457708280533,-0.580520771048021,5.91829080712838));
#3893=CARTESIAN_POINT('Ctrl Pts',(-4.37859094636086,-0.580520771048021,
5.41906062966704));
#3894=CARTESIAN_POINT('Ctrl Pts',(-3.90062018001464,-0.644456108256071,
5.82152370843594));
#3895=CARTESIAN_POINT('Ctrl Pts',(-4.2334402983222,-0.644456108256072,5.3222935309746));
#3896=CARTESIAN_POINT('Ctrl Pts',(-3.74315859647816,-0.696798300813452,
5.71654931941161));
#3897=CARTESIAN_POINT('Ctrl Pts',(-4.07597871478572,-0.696798300813452,
5.21731914195028));
#3898=CARTESIAN_POINT('Ctrl Pts',(-3.70150326736566,-0.710645051293657,
5.68877910000328));
#3899=CARTESIAN_POINT('Ctrl Pts',(-4.03432338567321,-0.710645051293657,
5.18954892254194));
#3900=CARTESIAN_POINT('Ctrl Pts',(-3.65951771217838,-0.72344112692155,5.66078872987843));
#3901=CARTESIAN_POINT('Ctrl Pts',(-3.99233783048594,-0.72344112692155,5.1615585524171));
#3902=CARTESIAN_POINT('Ctrl Pts',(-3.48462969408517,-0.771432353962878,
5.54419671781629));
#3903=CARTESIAN_POINT('Ctrl Pts',(-3.81744981239273,-0.771432353962878,
5.04496654035495));
#3904=CARTESIAN_POINT('Ctrl Pts',(-3.33652696500482,-0.79891717440799,5.44546156509606));
#3905=CARTESIAN_POINT('Ctrl Pts',(-3.66934708331238,-0.79891717440799,4.94623138763472));
#3906=CARTESIAN_POINT('Ctrl Pts',(-3.1270091414619,-0.803030680713995,5.30578302402663));
#3907=CARTESIAN_POINT('Ctrl Pts',(-3.45982925976946,-0.803030680713996,
4.80655284656529));
#3908=CARTESIAN_POINT('Ctrl Pts',(-3.08184269336823,-0.796697216229381,
5.27567205067177));
#3909=CARTESIAN_POINT('Ctrl Pts',(-3.41466281167578,-0.796697216229381,
4.77644187321044));
#3910=CARTESIAN_POINT('Ctrl Pts',(-3.06130337391382,-0.792962467185409,
5.2619791710355));
#3911=CARTESIAN_POINT('Ctrl Pts',(-3.39412349222138,-0.792962467185409,
4.76274899357417));
#3912=CARTESIAN_POINT('Ctrl Pts',(-3.06047002649992,-0.792773640434656,
5.26142360609279));
#3913=CARTESIAN_POINT('Ctrl Pts',(-3.39329014480748,-0.792773640434657,
4.76219342863145));
#3914=CARTESIAN_POINT('Ctrl Pts',(-3.05923163772528,-0.792493036061777,
5.26059801357636));
#3915=CARTESIAN_POINT('Ctrl Pts',(-3.39205175603284,-0.792493036061777,
4.76136783611503));
#3916=CARTESIAN_POINT('',(-3.05923113206716,-0.792496246802011,5.26059764456462));
#3917=CARTESIAN_POINT('Ctrl Pts',(-4.18642986682005,-0.507900077055791,
6.01206349963954));
#3918=CARTESIAN_POINT('Ctrl Pts',(-4.0457708280533,-0.580520771048021,5.91829080712838));
#3919=CARTESIAN_POINT('Ctrl Pts',(-3.90062018001464,-0.644456108256071,
5.82152370843594));
#3920=CARTESIAN_POINT('Ctrl Pts',(-3.70150326736566,-0.710645051293657,
5.68877910000328));
#3921=CARTESIAN_POINT('Ctrl Pts',(-3.65951771217838,-0.72344112692155,5.66078872987843));
#3922=CARTESIAN_POINT('Ctrl Pts',(-3.48462969408517,-0.771432353962878,
5.54419671781629));
#3923=CARTESIAN_POINT('Ctrl Pts',(-3.33652696500482,-0.79891717440799,5.44546156509606));
#3924=CARTESIAN_POINT('Ctrl Pts',(-3.1270091414619,-0.803030680713995,5.30578302402663));
#3925=CARTESIAN_POINT('Ctrl Pts',(-3.08184269336823,-0.796697216229381,
5.27567205067177));
#3926=CARTESIAN_POINT('Ctrl Pts',(-3.06130337391382,-0.792962467185409,
5.2619791710355));
#3927=CARTESIAN_POINT('Ctrl Pts',(-3.06047002649992,-0.792773640434656,
5.26142360609279));
#3928=CARTESIAN_POINT('Ctrl Pts',(-3.05923163772528,-0.792493036061777,
5.26059801357636));
#3929=CARTESIAN_POINT('',(-3.05923113969111,-0.792496252526154,5.26059768155358));
#3930=CARTESIAN_POINT('Ctrl Pts',(-3.05923164387973,0.792493037456304,5.26059801767933));
#3931=CARTESIAN_POINT('Ctrl Pts',(-3.45861578516191,0.792493037456304,4.66152180575607));
#3932=CARTESIAN_POINT('Ctrl Pts',(-3.06032002413656,0.79273965165831,5.26132360451722));
#3933=CARTESIAN_POINT('Ctrl Pts',(-3.45970416541874,0.79273965165831,4.66224739259396));
#3934=CARTESIAN_POINT('Ctrl Pts',(-3.06624815306949,0.794018262195056,5.2652756904725));
#3935=CARTESIAN_POINT('Ctrl Pts',(-3.46563229435167,0.794018262195056,4.66619947854924));
#3936=CARTESIAN_POINT('Ctrl Pts',(-3.08954224287563,0.79737257970803,5.2808050836766));
#3937=CARTESIAN_POINT('Ctrl Pts',(-3.48892638415781,0.79737257970803,4.68172887175334));
#3938=CARTESIAN_POINT('Ctrl Pts',(-3.10311122215608,0.798715632632461,5.28985106986395));
#3939=CARTESIAN_POINT('Ctrl Pts',(-3.50249536343826,0.798715632632461,4.69077485794069));
#3940=CARTESIAN_POINT('Ctrl Pts',(-3.14352366161242,0.801639201628617,5.31679269616817));
#3941=CARTESIAN_POINT('Ctrl Pts',(-3.5429078028946,0.801639201628617,4.71771648424491));
#3942=CARTESIAN_POINT('Ctrl Pts',(-3.17199108633324,0.802147541815242,5.33577097931502));
#3943=CARTESIAN_POINT('Ctrl Pts',(-3.57137522761542,0.802147541815242,4.73669476739176));
#3944=CARTESIAN_POINT('Ctrl Pts',(-3.20037565232626,0.801590262036447,5.35469402331036));
#3945=CARTESIAN_POINT('Ctrl Pts',(-3.59975979360844,0.801590262036447,4.7556178113871));
#3946=CARTESIAN_POINT('Ctrl Pts',(-3.3365269328721,0.798917177109849,5.44546154367424));
#3947=CARTESIAN_POINT('Ctrl Pts',(-3.73591107415428,0.798917177109849,4.84638533175098));
#3948=CARTESIAN_POINT('Ctrl Pts',(-3.48462964603352,0.771432363203341,5.54419668578186));
#3949=CARTESIAN_POINT('Ctrl Pts',(-3.8840137873157,0.771432363203341,4.9451204738586));
#3950=CARTESIAN_POINT('Ctrl Pts',(-3.65951758817871,0.723441162200702,5.66078864721198));
#3951=CARTESIAN_POINT('Ctrl Pts',(-4.05890172946089,0.723441162200702,5.06171243528872));
#3952=CARTESIAN_POINT('Ctrl Pts',(-3.70150308182204,0.710645108402291,5.68877897630753));
#3953=CARTESIAN_POINT('Ctrl Pts',(-4.10088722310422,0.710645108402291,5.08970276438427));
#3954=CARTESIAN_POINT('Ctrl Pts',(-3.74315835047441,0.696798382588151,5.71654915540912));
#3955=CARTESIAN_POINT('Ctrl Pts',(-4.14254249175659,0.696798382588151,5.11747294348586));
#3956=CARTESIAN_POINT('Ctrl Pts',(-3.89989962454491,0.644695647063258,5.82104333812278));
#3957=CARTESIAN_POINT('Ctrl Pts',(-4.29928376582709,0.644695647063258,5.22196712619952));
#3958=CARTESIAN_POINT('Ctrl Pts',(-4.04559910924036,0.580609427558999,5.91817632791975));
#3959=CARTESIAN_POINT('Ctrl Pts',(-4.44498325052254,0.580609427558999,5.31910011599649));
#3960=CARTESIAN_POINT('Ctrl Pts',(-4.18642986685171,0.507900077039448,6.01206349966065));
#3961=CARTESIAN_POINT('Ctrl Pts',(-4.58581400813389,0.507900077039448,5.41298728773739));
#3962=CARTESIAN_POINT('',(-3.05923164387973,0.792493037456304,5.26059801767933));
#3963=CARTESIAN_POINT('Ctrl Pts',(-3.05923164387973,0.792493037456304,5.26059801767933));
#3964=CARTESIAN_POINT('Ctrl Pts',(-3.06032002413656,0.79273965165831,5.26132360451722));
#3965=CARTESIAN_POINT('Ctrl Pts',(-3.06624815306949,0.794018262195056,5.2652756904725));
#3966=CARTESIAN_POINT('Ctrl Pts',(-3.08954224287563,0.79737257970803,5.2808050836766));
#3967=CARTESIAN_POINT('Ctrl Pts',(-3.10311122215608,0.798715632632461,5.28985106986395));
#3968=CARTESIAN_POINT('Ctrl Pts',(-3.14352366161242,0.801639201628617,5.31679269616817));
#3969=CARTESIAN_POINT('Ctrl Pts',(-3.17199108633324,0.802147541815242,5.33577097931502));
#3970=CARTESIAN_POINT('Ctrl Pts',(-3.3365269328721,0.798917177109849,5.44546154367424));
#3971=CARTESIAN_POINT('Ctrl Pts',(-3.48462964603352,0.771432363203341,5.54419668578186));
#3972=CARTESIAN_POINT('Ctrl Pts',(-3.65951758817871,0.723441162200702,5.66078864721198));
#3973=CARTESIAN_POINT('Ctrl Pts',(-3.70150308182204,0.710645108402291,5.68877897630753));
#3974=CARTESIAN_POINT('Ctrl Pts',(-3.89989962454491,0.644695647063258,5.82104333812278));
#3975=CARTESIAN_POINT('Ctrl Pts',(-4.04559910924036,0.580609427558999,5.91817632791975));
#3976=CARTESIAN_POINT('Ctrl Pts',(-4.18642986685171,0.507900077039448,6.01206349966065));
#3977=CARTESIAN_POINT('',(-3.05923164387973,0.792493037456304,5.26059801767933));
#3978=CARTESIAN_POINT('Origin',(1.21200333212356,0.,3.33188318684531));
#3979=CARTESIAN_POINT('',(0.0725073843126987,0.404544704920099,6.07017978102735));
#3980=CARTESIAN_POINT('',(0.26669088059241,1.12281300403168,5.94072411684644));
#3981=CARTESIAN_POINT('Origin',(2.12521839164526,-9.00657645374516E-15,
4.70170577612785));
#3982=CARTESIAN_POINT('',(0.26669088059241,1.12281300403168,5.94072411684644));
#3983=CARTESIAN_POINT('',(-2.79627586824662,0.641034883075702,4.36418391216441));
#3984=CARTESIAN_POINT('Ctrl Pts',(-3.48480433814764,3.10315345762728,5.54431314719127));
#3985=CARTESIAN_POINT('Ctrl Pts',(-3.81762445648218,3.10315345762728,5.04508296968946));
#3986=CARTESIAN_POINT('Ctrl Pts',(-3.3216583248189,2.7736126845313,5.43554913830544));
#3987=CARTESIAN_POINT('Ctrl Pts',(-3.65447844315344,2.7736126845313,4.93631896080364));
#3988=CARTESIAN_POINT('Ctrl Pts',(-3.08174852869748,2.39580693480928,5.2756092742245));
#3989=CARTESIAN_POINT('Ctrl Pts',(-3.41456864703202,2.39580693480928,4.77637909672269));
#3990=CARTESIAN_POINT('Ctrl Pts',(-2.77205357338634,2.11598125034237,5.06914597864291));
#3991=CARTESIAN_POINT('Ctrl Pts',(-3.10487369172087,2.11598125034237,4.56991580114111));
#3992=CARTESIAN_POINT('Ctrl Pts',(-2.7324156622039,2.08919819626068,5.04272069656222));
#3993=CARTESIAN_POINT('Ctrl Pts',(-3.06523578053844,2.08919819626068,4.54349051906042));
#3994=CARTESIAN_POINT('Ctrl Pts',(-2.71397246171319,2.07771008124932,5.03042522956841));
#3995=CARTESIAN_POINT('Ctrl Pts',(-3.04679258004772,2.07771008124932,4.5311950520666));
#3996=CARTESIAN_POINT('Ctrl Pts',(-2.71320592058107,2.07727414372327,5.02991420214689));
#3997=CARTESIAN_POINT('Ctrl Pts',(-3.0460260389156,2.07727414372327,4.53068402464508));
#3998=CARTESIAN_POINT('Ctrl Pts',(-2.71206680870815,2.07662632250282,5.02915479423161));
#3999=CARTESIAN_POINT('Ctrl Pts',(-3.04488692704268,2.07662632250282,4.5299246167298));
#4000=CARTESIAN_POINT('',(-2.71206797270129,2.07662335734448,5.02915553832071));
#4001=CARTESIAN_POINT('Ctrl Pts',(-3.48480433814764,3.10315345762728,5.54431314719127));
#4002=CARTESIAN_POINT('Ctrl Pts',(-3.3216583248189,2.7736126845313,5.43554913830544));
#4003=CARTESIAN_POINT('Ctrl Pts',(-3.08174852869748,2.39580693480928,5.2756092742245));
#4004=CARTESIAN_POINT('Ctrl Pts',(-2.77205357338634,2.11598125034237,5.06914597864291));
#4005=CARTESIAN_POINT('Ctrl Pts',(-2.7324156622039,2.08919819626068,5.04272069656222));
#4006=CARTESIAN_POINT('Ctrl Pts',(-2.71397246171319,2.07771008124932,5.03042522956841));
#4007=CARTESIAN_POINT('Ctrl Pts',(-2.71320592058107,2.07727414372327,5.02991420214689));
#4008=CARTESIAN_POINT('Ctrl Pts',(-2.71206680870815,2.07662632250282,5.02915479423161));
#4009=CARTESIAN_POINT('',(-2.71206797885627,2.07662336850222,5.02915557433036));
#4010=CARTESIAN_POINT('Ctrl Pts',(-1.93690260056726,3.35890699617426,4.51237865547102));
#4011=CARTESIAN_POINT('Ctrl Pts',(-2.33628674184943,3.35890699617426,3.91330244354777));
#4012=CARTESIAN_POINT('Ctrl Pts',(-1.94002028281014,3.36287998028658,4.5144571102996));
#4013=CARTESIAN_POINT('Ctrl Pts',(-2.33940442409231,3.36287998028658,3.91538089837635));
#4014=CARTESIAN_POINT('Ctrl Pts',(-1.9919122338315,3.41841713553644,4.54905174431384));
#4015=CARTESIAN_POINT('Ctrl Pts',(-2.39129637511367,3.41841713553644,3.94997553239059));
#4016=CARTESIAN_POINT('Ctrl Pts',(-2.02901214312611,3.45084124998566,4.57378501717691));
#4017=CARTESIAN_POINT('Ctrl Pts',(-2.42839628440828,3.45084124998566,3.97470880525366));
#4018=CARTESIAN_POINT('Ctrl Pts',(-2.03484606512524,3.45593990812753,4.57767429850967));
#4019=CARTESIAN_POINT('Ctrl Pts',(-2.43423020640741,3.45593990812753,3.97859808658642));
#4020=CARTESIAN_POINT('Ctrl Pts',(-2.04072882453272,3.46098764701628,4.58159613811465));
#4021=CARTESIAN_POINT('Ctrl Pts',(-2.44011296581489,3.46098764701628,3.9825199261914));
#4022=CARTESIAN_POINT('Ctrl Pts',(-2.04664135070185,3.46597516104849,4.58553782222741));
#4023=CARTESIAN_POINT('Ctrl Pts',(-2.44602549198402,3.46597516104849,3.98646161030416));
#4024=CARTESIAN_POINT('Ctrl Pts',(-2.30371670755288,3.68283119059506,4.75692139346143));
#4025=CARTESIAN_POINT('Ctrl Pts',(-2.70310084883505,3.68283119059506,4.15784518153818));
#4026=CARTESIAN_POINT('Ctrl Pts',(-2.67682076316034,3.84030633638048,5.00565743053307));
#4027=CARTESIAN_POINT('Ctrl Pts',(-3.07620490444251,3.84030633638048,4.40658121860982));
#4028=CARTESIAN_POINT('Ctrl Pts',(-2.98801011376567,3.92495304508851,5.21311699760329));
#4029=CARTESIAN_POINT('Ctrl Pts',(-3.38739425504784,3.92495304508851,4.61404078568003));
#4030=CARTESIAN_POINT('',(-1.93690260056726,3.35890699617426,4.51237865547102));
#4031=CARTESIAN_POINT('Ctrl Pts',(-1.93690260056726,3.35890699617426,4.51237865547102));
#4032=CARTESIAN_POINT('Ctrl Pts',(-1.94002028281014,3.36287998028658,4.5144571102996));
#4033=CARTESIAN_POINT('Ctrl Pts',(-1.9919122338315,3.41841713553644,4.54905174431384));
#4034=CARTESIAN_POINT('Ctrl Pts',(-2.03484606512524,3.45593990812753,4.57767429850967));
#4035=CARTESIAN_POINT('Ctrl Pts',(-2.04072882453272,3.46098764701628,4.58159613811465));
#4036=CARTESIAN_POINT('Ctrl Pts',(-2.30371670755288,3.68283119059506,4.75692139346143));
#4037=CARTESIAN_POINT('Ctrl Pts',(-2.67682076316034,3.84030633638048,5.00565743053307));
#4038=CARTESIAN_POINT('Ctrl Pts',(-2.98801011376567,3.92495304508851,5.21311699760329));
#4039=CARTESIAN_POINT('',(-1.93690260056726,3.35890699617426,4.51237865547102));
#4040=CARTESIAN_POINT('Origin',(1.21200333212356,0.,3.33188318684531));
#4041=CARTESIAN_POINT('',(0.662389723757168,1.77738008656213,5.67692488806994));
#4042=CARTESIAN_POINT('',(1.17076871706974,2.22129430845431,5.33800555919489));
#4043=CARTESIAN_POINT('Origin',(2.12521839164526,-9.00657645374516E-15,
4.70170577612785));
#4044=CARTESIAN_POINT('',(1.17076871706974,2.22129430845431,5.33800555919489));
#4045=CARTESIAN_POINT('',(-1.86180306458641,2.8155008375826,3.74120204305761));
#4046=CARTESIAN_POINT('Ctrl Pts',(-1.1511306320016,5.52890784373938,3.98853067642724));
#4047=CARTESIAN_POINT('Ctrl Pts',(-1.48395075033614,5.52890784373938,3.48930049892542));
#4048=CARTESIAN_POINT('Ctrl Pts',(-1.18031021639845,5.14705252704318,4.00798373269181));
#4049=CARTESIAN_POINT('Ctrl Pts',(-1.51313033473299,5.14705252704318,3.50875355518999));
#4050=CARTESIAN_POINT('Ctrl Pts',(-1.1709913980845,4.67192178839698,4.00177118714918));
#4051=CARTESIAN_POINT('Ctrl Pts',(-1.50381151641904,4.67192178839698,3.50254100964736));
#4052=CARTESIAN_POINT('Ctrl Pts',(-1.05729639334055,4.22676026342761,3.92597452527906));
#4053=CARTESIAN_POINT('Ctrl Pts',(-1.39011651167509,4.22676026342761,3.42674434777724));
#4054=CARTESIAN_POINT('Ctrl Pts',(-1.03832735531031,4.17709090708572,3.91332849196649));
#4055=CARTESIAN_POINT('Ctrl Pts',(-1.37114747364486,4.17709090708572,3.41409831446468));
#4056=CARTESIAN_POINT('Ctrl Pts',(-1.0290249493493,4.1547679974152,3.90712688799249));
#4057=CARTESIAN_POINT('Ctrl Pts',(-1.36184506768384,4.1547679974152,3.40789671049067));
#4058=CARTESIAN_POINT('Ctrl Pts',(-1.02861800715753,4.15387380893024,3.90685559319786));
#4059=CARTESIAN_POINT('Ctrl Pts',(-1.36143812549207,4.15387380893024,3.40762541569605));
#4060=CARTESIAN_POINT('Ctrl Pts',(-1.02801327420483,4.15254500780406,3.90645243789606));
#4061=CARTESIAN_POINT('Ctrl Pts',(-1.36083339253936,4.15254500780406,3.40722226039424));
#4062=CARTESIAN_POINT('',(-1.02801566886826,4.1525434208173,3.90645400243201));
#4063=CARTESIAN_POINT('Ctrl Pts',(-1.1511306320016,5.52890784373938,3.98853067642724));
#4064=CARTESIAN_POINT('Ctrl Pts',(-1.18031021639845,5.14705252704318,4.00798373269181));
#4065=CARTESIAN_POINT('Ctrl Pts',(-1.1709913980845,4.67192178839698,4.00177118714918));
#4066=CARTESIAN_POINT('Ctrl Pts',(-1.05729639334055,4.22676026342761,3.92597452527906));
#4067=CARTESIAN_POINT('Ctrl Pts',(-1.03832735531031,4.17709090708572,3.91332849196649));
#4068=CARTESIAN_POINT('Ctrl Pts',(-1.0290249493493,4.1547679974152,3.90712688799249));
#4069=CARTESIAN_POINT('Ctrl Pts',(-1.02861800715753,4.15387380893024,3.90685559319786));
#4070=CARTESIAN_POINT('Ctrl Pts',(-1.02801327420483,4.15254500780406,3.90645243789606));
#4071=CARTESIAN_POINT('',(-1.02801566557844,4.15254344459505,3.90645403214513));
#4072=CARTESIAN_POINT('Ctrl Pts',(0.226228767583982,4.64233264740345,3.07029107670352));
#4073=CARTESIAN_POINT('Ctrl Pts',(-0.173155373698183,4.64233264740345,2.47121486478027));
#4074=CARTESIAN_POINT('Ctrl Pts',(0.22608759202468,4.64365290418149,3.07038519374305));
#4075=CARTESIAN_POINT('Ctrl Pts',(-0.173296549257485,4.64365290418149,2.4713089818198));
#4076=CARTESIAN_POINT('Ctrl Pts',(0.225267498288735,4.65082403203315,3.07093192290035));
#4077=CARTESIAN_POINT('Ctrl Pts',(-0.17411664299343,4.65082403203315,2.4718557109771));
#4078=CARTESIAN_POINT('Ctrl Pts',(0.220723590206995,4.67848636247555,3.07396119495484));
#4079=CARTESIAN_POINT('Ctrl Pts',(-0.17866055107517,4.67848636247555,2.47488498303159));
#4080=CARTESIAN_POINT('Ctrl Pts',(0.217593338858264,4.69441110754584,3.07604802918772));
#4081=CARTESIAN_POINT('Ctrl Pts',(-0.181790802423901,4.69441110754584,2.47697181726447));
#4082=CARTESIAN_POINT('Ctrl Pts',(0.207418706939693,4.7415070769,3.08283111713343));
#4083=CARTESIAN_POINT('Ctrl Pts',(-0.191965434342472,4.7415070769,2.48375490521018));
#4084=CARTESIAN_POINT('Ctrl Pts',(0.199024052156748,4.77420321704434,3.08842755365502));
#4085=CARTESIAN_POINT('Ctrl Pts',(-0.200360089125417,4.77420321704434,2.48935134173177));
#4086=CARTESIAN_POINT('Ctrl Pts',(0.189811748429817,4.8064753527029,3.09456908947298));
#4087=CARTESIAN_POINT('Ctrl Pts',(-0.209572392852348,4.8064753527029,2.49549287754973));
#4088=CARTESIAN_POINT('Ctrl Pts',(0.0878905203221646,5.16352129880654,3.16251657487806));
#4089=CARTESIAN_POINT('Ctrl Pts',(-0.31149362096,5.16352129880654,2.56344036295481));
#4090=CARTESIAN_POINT('Ctrl Pts',(-0.136941121188946,5.5544932492864,3.31240433588547));
#4091=CARTESIAN_POINT('Ctrl Pts',(-0.536325262471111,5.5544932492864,2.71332812396222));
#4092=CARTESIAN_POINT('Ctrl Pts',(-0.347300691536941,5.84280735420893,3.4526440494508));
#4093=CARTESIAN_POINT('Ctrl Pts',(-0.746684832819106,5.84280735420893,2.85356783752755));
#4094=CARTESIAN_POINT('',(0.226228767583983,4.64233264740346,3.07029107670352));
#4095=CARTESIAN_POINT('Ctrl Pts',(0.226228767583982,4.64233264740345,3.07029107670352));
#4096=CARTESIAN_POINT('Ctrl Pts',(0.22608759202468,4.64365290418149,3.07038519374305));
#4097=CARTESIAN_POINT('Ctrl Pts',(0.225267498288735,4.65082403203315,3.07093192290035));
#4098=CARTESIAN_POINT('Ctrl Pts',(0.220723590206995,4.67848636247555,3.07396119495484));
#4099=CARTESIAN_POINT('Ctrl Pts',(0.217593338858264,4.69441110754584,3.07604802918772));
#4100=CARTESIAN_POINT('Ctrl Pts',(0.207418706939693,4.7415070769,3.08283111713343));
#4101=CARTESIAN_POINT('Ctrl Pts',(0.199024052156748,4.77420321704434,3.08842755365502));
#4102=CARTESIAN_POINT('Ctrl Pts',(0.0878905203221646,5.16352129880654,3.16251657487806));
#4103=CARTESIAN_POINT('Ctrl Pts',(-0.136941121188946,5.5544932492864,3.31240433588547));
#4104=CARTESIAN_POINT('Ctrl Pts',(-0.347300691536941,5.84280735420893,3.4526440494508));
#4105=CARTESIAN_POINT('',(0.226228767583983,4.64233264740346,3.07029107670352));
#4106=CARTESIAN_POINT('Origin',(1.21200333212356,0.,3.33188318684531));
#4107=CARTESIAN_POINT('',(1.81102289461933,2.47131668606408,4.91116944082849));
#4108=CARTESIAN_POINT('',(2.43941388868658,2.47131668606409,4.49224211145032));
#4109=CARTESIAN_POINT('Origin',(2.12521839164526,-9.00657645374516E-15,
4.70170577612785));
#4110=CARTESIAN_POINT('',(2.43941388868658,2.47131668606409,4.49224211145032));
#4111=CARTESIAN_POINT('',(-0.042339379127866,3.91454116748674,2.52822625275191));
#4112=CARTESIAN_POINT('Ctrl Pts',(1.92320721439805,5.84280735420893,1.9389721121608));
#4113=CARTESIAN_POINT('Ctrl Pts',(1.59038709606351,5.84280735420893,1.439741934659));
#4114=CARTESIAN_POINT('Ctrl Pts',(1.71284764175786,5.5544932461449,2.07921182725427));
#4115=CARTESIAN_POINT('Ctrl Pts',(1.38002752342332,5.5544932461449,1.57998164975246));
#4116=CARTESIAN_POINT('Ctrl Pts',(1.48801601037565,5.16352131154162,2.22909958150908));
#4117=CARTESIAN_POINT('Ctrl Pts',(1.15519589204111,5.16352131154162,1.72986940400727));
#4118=CARTESIAN_POINT('Ctrl Pts',(1.36228343853414,4.72306051798834,2.31292130402926));
#4119=CARTESIAN_POINT('Ctrl Pts',(1.0294633201996,4.72306051798834,1.81369112652746));
#4120=CARTESIAN_POINT('Ctrl Pts',(1.35333807424257,4.66947686532372,2.31888487226457));
#4121=CARTESIAN_POINT('Ctrl Pts',(1.02051795590803,4.66947686532372,1.81965469476277));
#4122=CARTESIAN_POINT('Ctrl Pts',(1.34994648271462,4.64484575393866,2.3211459332832));
#4123=CARTESIAN_POINT('Ctrl Pts',(1.01712636438008,4.64484575393866,1.8219157557814));
#4124=CARTESIAN_POINT('Ctrl Pts',(1.34983838788013,4.64383486410387,2.32121799650608));
#4125=CARTESIAN_POINT('Ctrl Pts',(1.0170182695456,4.64383486410387,1.82198781900428));
#4126=CARTESIAN_POINT('Ctrl Pts',(1.34967775447882,4.64233263993783,2.32132508544029));
#4127=CARTESIAN_POINT('Ctrl Pts',(1.01685763614429,4.64233263993783,1.82209490793848));
#4128=CARTESIAN_POINT('',(1.34967503820032,4.64233303729767,2.3213268643863));
#4129=CARTESIAN_POINT('Ctrl Pts',(1.92320721439805,5.84280735420893,1.9389721121608));
#4130=CARTESIAN_POINT('Ctrl Pts',(1.71284764175786,5.5544932461449,2.07921182725427));
#4131=CARTESIAN_POINT('Ctrl Pts',(1.48801601037565,5.16352131154162,2.22909958150908));
#4132=CARTESIAN_POINT('Ctrl Pts',(1.36228343853414,4.72306051798834,2.31292130402926));
#4133=CARTESIAN_POINT('Ctrl Pts',(1.35333807424257,4.66947686532372,2.31888487226457));
#4134=CARTESIAN_POINT('Ctrl Pts',(1.34994648271462,4.64484575393866,2.3211459332832));
#4135=CARTESIAN_POINT('Ctrl Pts',(1.34983838788013,4.64383486410387,2.32121799650608));
#4136=CARTESIAN_POINT('Ctrl Pts',(1.34967775447882,4.64233263993783,2.32132508544029));
#4137=CARTESIAN_POINT('',(1.34967505530316,4.64233306461313,2.32132688489073));
#4138=CARTESIAN_POINT('Ctrl Pts',(2.60391980007129,4.15254501440782,1.48516372171198));
#4139=CARTESIAN_POINT('Ctrl Pts',(2.20453565878912,4.15254501440782,0.886087509788733));
#4140=CARTESIAN_POINT('Ctrl Pts',(2.60445128050829,4.15371285518792,1.48480940142065));
#4141=CARTESIAN_POINT('Ctrl Pts',(2.20506713922612,4.15371285518792,0.885733189497403));
#4142=CARTESIAN_POINT('Ctrl Pts',(2.60729497194767,4.16009375825573,1.48291360712773));
#4143=CARTESIAN_POINT('Ctrl Pts',(2.2079108306655,4.16009375825573,0.883837395204483));
#4144=CARTESIAN_POINT('Ctrl Pts',(2.61714760309125,4.18568300653011,1.47634518636534));
#4145=CARTESIAN_POINT('Ctrl Pts',(2.21776346180908,4.18568300653011,0.877268974442093));
#4146=CARTESIAN_POINT('Ctrl Pts',(2.62240344213379,4.20077769924576,1.4728412936707));
#4147=CARTESIAN_POINT('Ctrl Pts',(2.22301930085162,4.20077769924576,0.873765081747453));
#4148=CARTESIAN_POINT('Ctrl Pts',(2.63720507136224,4.2460668035796,1.46297354085173));
#4149=CARTESIAN_POINT('Ctrl Pts',(2.23782093008007,4.2460668035796,0.863897328928483));
#4150=CARTESIAN_POINT('Ctrl Pts',(2.64640425262806,4.27844877221266,1.45684075334081));
#4151=CARTESIAN_POINT('Ctrl Pts',(2.24702011134589,4.27844877221266,0.857764541417563));
#4152=CARTESIAN_POINT('Ctrl Pts',(2.65473457544547,4.31106532571343,1.45128720479587));
#4153=CARTESIAN_POINT('Ctrl Pts',(2.2553504341633,4.31106532571343,0.852210992872623));
#4154=CARTESIAN_POINT('Ctrl Pts',(2.74689792106002,4.67192177256837,1.38984497438616));
#4155=CARTESIAN_POINT('Ctrl Pts',(2.34751377977785,4.67192177256837,0.790768762462913));
#4156=CARTESIAN_POINT('Ctrl Pts',(2.75621673894228,5.14705253119524,1.38363242913132));
#4157=CARTESIAN_POINT('Ctrl Pts',(2.35683259766011,5.14705253119524,0.784556217208073));
#4158=CARTESIAN_POINT('Ctrl Pts',(2.72703715486271,5.52890784373939,1.40308548518437));
#4159=CARTESIAN_POINT('Ctrl Pts',(2.32765301358054,5.52890784373939,0.804009273261123));
#4160=CARTESIAN_POINT('',(2.60391980007129,4.15254501440782,1.48516372171198));
#4161=CARTESIAN_POINT('Ctrl Pts',(2.60391980007129,4.15254501440782,1.48516372171198));
#4162=CARTESIAN_POINT('Ctrl Pts',(2.60445128050829,4.15371285518792,1.48480940142065));
#4163=CARTESIAN_POINT('Ctrl Pts',(2.60729497194767,4.16009375825573,1.48291360712773));
#4164=CARTESIAN_POINT('Ctrl Pts',(2.61714760309125,4.18568300653011,1.47634518636534));
#4165=CARTESIAN_POINT('Ctrl Pts',(2.62240344213379,4.20077769924576,1.4728412936707));
#4166=CARTESIAN_POINT('Ctrl Pts',(2.63720507136224,4.2460668035796,1.46297354085173));
#4167=CARTESIAN_POINT('Ctrl Pts',(2.64640425262806,4.27844877221266,1.45684075334081));
#4168=CARTESIAN_POINT('Ctrl Pts',(2.74689792106002,4.67192177256837,1.38984497438616));
#4169=CARTESIAN_POINT('Ctrl Pts',(2.75621673894228,5.14705253119524,1.38363242913132));
#4170=CARTESIAN_POINT('Ctrl Pts',(2.72703715486271,5.52890784373939,1.40308548518437));
#4171=CARTESIAN_POINT('',(2.60391980007129,4.15254501440782,1.48516372171198));
#4172=CARTESIAN_POINT('Origin',(1.21200333212356,0.,3.33188318684531));
#4173=CARTESIAN_POINT('',(3.07966806623617,2.22129430845431,4.06540599308392));
#4174=CARTESIAN_POINT('',(3.58804705954874,1.77738008656214,3.72648666420887));
#4175=CARTESIAN_POINT('Origin',(2.12521839164526,-9.00657645374516E-15,
4.70170577612785));
#4176=CARTESIAN_POINT('',(3.58804705954874,1.77738008656214,3.72648666420887));
#4177=CARTESIAN_POINT('',(1.96714190158001,3.51835982177164,1.18857206561333));
#4178=CARTESIAN_POINT('Ctrl Pts',(4.56391663662679,3.92495304508851,0.178499164008311));
#4179=CARTESIAN_POINT('Ctrl Pts',(4.23109651829226,3.92495304508851,-0.320731013493497));
#4180=CARTESIAN_POINT('Ctrl Pts',(4.25272728262146,3.84030633545573,0.385958733345198));
#4181=CARTESIAN_POINT('Ctrl Pts',(3.91990716428692,3.84030633545573,-0.113271444156609));
#4182=CARTESIAN_POINT('Ctrl Pts',(3.87962324299175,3.6828311953698,0.634694759765004));
#4183=CARTESIAN_POINT('Ctrl Pts',(3.54680312465722,3.6828311953698,0.135464582263196));
#4184=CARTESIAN_POINT('Ctrl Pts',(3.56248866498774,3.41531218581431,0.846117819726861));
#4185=CARTESIAN_POINT('Ctrl Pts',(3.22966854665321,3.41531218581431,0.346887642225053));
#4186=CARTESIAN_POINT('Ctrl Pts',(3.52904572206082,3.378281370909,0.868413107052404));
#4187=CARTESIAN_POINT('Ctrl Pts',(3.19622560372629,3.378281370909,0.369182929550596));
#4188=CARTESIAN_POINT('Ctrl Pts',(3.5142556056951,3.36075030495834,0.87827318462955));
#4189=CARTESIAN_POINT('Ctrl Pts',(3.18143548736057,3.36075030495834,0.379043007127743));
#4190=CARTESIAN_POINT('Ctrl Pts',(3.51367376238708,3.36000883933153,0.878661080168118));
#4191=CARTESIAN_POINT('Ctrl Pts',(3.18085364405254,3.36000883933153,0.379430902666311));
#4192=CARTESIAN_POINT('Ctrl Pts',(3.51280911913133,3.35890699069838,0.879237509005283));
#4193=CARTESIAN_POINT('Ctrl Pts',(3.1799890007968,3.35890699069838,0.380007331503476));
#4194=CARTESIAN_POINT('',(3.51280711313899,3.35890922062686,0.879238814427186));
#4195=CARTESIAN_POINT('Ctrl Pts',(4.56391663662679,3.92495304508851,0.178499164008311));
#4196=CARTESIAN_POINT('Ctrl Pts',(4.25272728262146,3.84030633545573,0.385958733345198));
#4197=CARTESIAN_POINT('Ctrl Pts',(3.87962324299175,3.6828311953698,0.634694759765004));
#4198=CARTESIAN_POINT('Ctrl Pts',(3.56248866498774,3.41531218581431,0.846117819726861));
#4199=CARTESIAN_POINT('Ctrl Pts',(3.52904572206082,3.378281370909,0.868413107052404));
#4200=CARTESIAN_POINT('Ctrl Pts',(3.5142556056951,3.36075030495834,0.87827318462955));
#4201=CARTESIAN_POINT('Ctrl Pts',(3.51367376238708,3.36000883933153,0.878661080168118));
#4202=CARTESIAN_POINT('Ctrl Pts',(3.51280911913133,3.35890699069838,0.879237509005283));
#4203=CARTESIAN_POINT('',(3.51280714314699,3.35890924104646,0.879238826328183));
#4204=CARTESIAN_POINT('Ctrl Pts',(4.63513816674083,-0.792493037456303,0.131018143932284));
#4205=CARTESIAN_POINT('Ctrl Pts',(4.23575402545866,-0.792493037456303,-0.468058067990978));
#4206=CARTESIAN_POINT('Ctrl Pts',(4.63622654700362,-0.792739651659648,0.130292557090425));
#4207=CARTESIAN_POINT('Ctrl Pts',(4.23684240572145,-0.792739651659648,-0.468783654832837));
#4208=CARTESIAN_POINT('Ctrl Pts',(4.64215467594308,-0.794018262196849,0.126340471130788));
#4209=CARTESIAN_POINT('Ctrl Pts',(4.24277053466091,-0.794018262196849,-0.472735740792474));
#4210=CARTESIAN_POINT('Ctrl Pts',(4.66544876573204,-0.797372579707356,0.11081107793815));
#4211=CARTESIAN_POINT('Ctrl Pts',(4.26606462444987,-0.797372579707356,-0.488265133985112));
#4212=CARTESIAN_POINT('Ctrl Pts',(4.6790177450175,-0.798715632632466,0.101765091748225));
#4213=CARTESIAN_POINT('Ctrl Pts',(4.27963360373533,-0.798715632632466,-0.497311120175037));
#4214=CARTESIAN_POINT('Ctrl Pts',(4.71943018446938,-0.801639201628274,0.074823465446968));
#4215=CARTESIAN_POINT('Ctrl Pts',(4.32004604318721,-0.801639201628274,-0.524252746476294));
#4216=CARTESIAN_POINT('Ctrl Pts',(4.74789760918685,-0.802147541815375,0.0558451823016202));
#4217=CARTESIAN_POINT('Ctrl Pts',(4.34851346790469,-0.802147541815375,-0.543231029621642));
#4218=CARTESIAN_POINT('Ctrl Pts',(4.77628217518736,-0.801590262036447,0.0369221383012829));
#4219=CARTESIAN_POINT('Ctrl Pts',(4.37689803390519,-0.801590262036447,-0.56215407362198));
#4220=CARTESIAN_POINT('Ctrl Pts',(4.91243345568903,-0.79891717711071,-0.0538453820331811));
#4221=CARTESIAN_POINT('Ctrl Pts',(4.51304931440686,-0.79891717711071,-0.652921593956444));
#4222=CARTESIAN_POINT('Ctrl Pts',(5.06053616882049,-0.771432363216319,-0.152580524120818));
#4223=CARTESIAN_POINT('Ctrl Pts',(4.66115202753832,-0.771432363216319,-0.75165673604408));
#4224=CARTESIAN_POINT('Ctrl Pts',(5.23542411095987,-0.72344116222498,-0.269172485547072));
#4225=CARTESIAN_POINT('Ctrl Pts',(4.8360399696777,-0.72344116222498,-0.868248697470335));
#4226=CARTESIAN_POINT('Ctrl Pts',(5.27740960464539,-0.710645108414768,-0.297162814670755));
#4227=CARTESIAN_POINT('Ctrl Pts',(4.87802546336322,-0.710645108414768,-0.896239026594017));
#4228=CARTESIAN_POINT('Ctrl Pts',(5.31906487333287,-0.696798382589031,-0.324932993795742));
#4229=CARTESIAN_POINT('Ctrl Pts',(4.9196807320507,-0.696798382589031,-0.924009205719004));
#4230=CARTESIAN_POINT('Ctrl Pts',(5.47580614738178,-0.644695647071536,-0.429427176495017));
#4231=CARTESIAN_POINT('Ctrl Pts',(5.07642200609961,-0.644695647071536,-1.02850338841828));
#4232=CARTESIAN_POINT('Ctrl Pts',(5.62150563208606,-0.580609427566979,-0.526560166297869));
#4233=CARTESIAN_POINT('Ctrl Pts',(5.22212149080389,-0.580609427566979,-1.12563637822113));
#4234=CARTESIAN_POINT('Ctrl Pts',(5.76233638971283,-0.507900077039444,-0.620447338049044));
#4235=CARTESIAN_POINT('Ctrl Pts',(5.36295224843066,-0.507900077039444,-1.21952354997231));
#4236=CARTESIAN_POINT('',(4.63513816674084,-0.792493037456304,0.131018143932282));
#4237=CARTESIAN_POINT('Ctrl Pts',(4.63513816674083,-0.792493037456303,0.131018143932284));
#4238=CARTESIAN_POINT('Ctrl Pts',(4.63622654700362,-0.792739651659648,0.130292557090425));
#4239=CARTESIAN_POINT('Ctrl Pts',(4.64215467594308,-0.794018262196849,0.126340471130788));
#4240=CARTESIAN_POINT('Ctrl Pts',(4.66544876573204,-0.797372579707356,0.11081107793815));
#4241=CARTESIAN_POINT('Ctrl Pts',(4.6790177450175,-0.798715632632466,0.101765091748225));
#4242=CARTESIAN_POINT('Ctrl Pts',(4.71943018446938,-0.801639201628274,0.074823465446968));
#4243=CARTESIAN_POINT('Ctrl Pts',(4.74789760918685,-0.802147541815375,0.0558451823016202));
#4244=CARTESIAN_POINT('Ctrl Pts',(4.91243345568903,-0.79891717711071,-0.0538453820331811));
#4245=CARTESIAN_POINT('Ctrl Pts',(5.06053616882049,-0.771432363216319,-0.152580524120818));
#4246=CARTESIAN_POINT('Ctrl Pts',(5.23542411095987,-0.72344116222498,-0.269172485547072));
#4247=CARTESIAN_POINT('Ctrl Pts',(5.27740960464539,-0.710645108414768,-0.297162814670755));
#4248=CARTESIAN_POINT('Ctrl Pts',(5.47580614738178,-0.644695647071536,-0.429427176495017));
#4249=CARTESIAN_POINT('Ctrl Pts',(5.62150563208606,-0.580609427566979,-0.526560166297869));
#4250=CARTESIAN_POINT('Ctrl Pts',(5.76233638971283,-0.507900077039444,-0.620447338049044));
#4251=CARTESIAN_POINT('',(4.63513816674084,-0.792493037456304,0.131018143932282));
#4252=CARTESIAN_POINT('Origin',(1.21200333212356,0.,3.33188318684531));
#4253=CARTESIAN_POINT('',(4.17792939899245,-0.404544704920681,3.33323177124637));
#4254=CARTESIAN_POINT('',(3.98374590270918,-1.12281300403088,3.46268743542965));
#4255=CARTESIAN_POINT('Origin',(2.12521839164526,-9.00657645374516E-15,
4.70170577612785));
#4256=CARTESIAN_POINT('',(3.98374590270752,-1.12281300402987,3.46268743543076));
#4257=CARTESIAN_POINT('',(4.17792939899245,-0.404544704920681,3.33323177124637));
#4258=CARTESIAN_POINT('Ctrl Pts',(5.06071086100875,-3.10315345762728,-0.152696985579658));
#4259=CARTESIAN_POINT('Ctrl Pts',(4.72789074267421,-3.10315345762728,-0.651927163081465));
#4260=CARTESIAN_POINT('Ctrl Pts',(4.8975648477018,-2.77361268457564,-0.0439329767083593));
#4261=CARTESIAN_POINT('Ctrl Pts',(4.56474472936726,-2.77361268457564,-0.543163154210167));
#4262=CARTESIAN_POINT('Ctrl Pts',(4.65765505151675,-2.39580693477159,0.11600688741501));
#4263=CARTESIAN_POINT('Ctrl Pts',(4.32483493318221,-2.39580693477159,-0.383223290086797));
#4264=CARTESIAN_POINT('Ctrl Pts',(4.34796010359137,-2.11598125033969,0.322470193991108));
#4265=CARTESIAN_POINT('Ctrl Pts',(4.01513998525684,-2.11598125033969,-0.176759983510699));
#4266=CARTESIAN_POINT('Ctrl Pts',(4.30832218506401,-2.08919819626,0.34889546505028));
#4267=CARTESIAN_POINT('Ctrl Pts',(3.97550206672947,-2.08919819626,-0.150334712451528));
#4268=CARTESIAN_POINT('Ctrl Pts',(4.28987898457442,-2.07771008124933,0.361190932043341));
#4269=CARTESIAN_POINT('Ctrl Pts',(3.95705886623988,-2.07771008124933,-0.138039245458467));
#4270=CARTESIAN_POINT('Ctrl Pts',(4.28911244344219,-2.07727414372328,0.361701959464715));
#4271=CARTESIAN_POINT('Ctrl Pts',(3.95629232510765,-2.07727414372328,-0.137528218037092));
#4272=CARTESIAN_POINT('Ctrl Pts',(4.28797333156927,-2.07662632250283,0.362461367379996));
#4273=CARTESIAN_POINT('Ctrl Pts',(3.95515321323473,-2.07662632250283,-0.136768810121811));
#4274=CARTESIAN_POINT('',(4.28797446611042,-2.07662335734448,0.362460579112904));
#4275=CARTESIAN_POINT('Ctrl Pts',(5.06071086100875,-3.10315345762728,-0.152696985579658));
#4276=CARTESIAN_POINT('Ctrl Pts',(4.8975648477018,-2.77361268457564,-0.0439329767083593));
#4277=CARTESIAN_POINT('Ctrl Pts',(4.65765505151675,-2.39580693477159,0.11600688741501));
#4278=CARTESIAN_POINT('Ctrl Pts',(4.34796010359137,-2.11598125033969,0.322470193991108));
#4279=CARTESIAN_POINT('Ctrl Pts',(4.30832218506401,-2.08919819626,0.34889546505028));
#4280=CARTESIAN_POINT('Ctrl Pts',(4.28987898457442,-2.07771008124933,0.361190932043341));
#4281=CARTESIAN_POINT('Ctrl Pts',(4.28911244344219,-2.07727414372328,0.361701959464715));
#4282=CARTESIAN_POINT('Ctrl Pts',(4.28797333156927,-2.07662632250283,0.362461367379996));
#4283=CARTESIAN_POINT('',(4.28797450171739,-2.07662336850222,0.362460587281251));
#4284=CARTESIAN_POINT('Ctrl Pts',(3.51280912342837,-3.35890699617426,0.879237506140596));
#4285=CARTESIAN_POINT('Ctrl Pts',(3.1134249821462,-3.35890699617426,0.280161294217347));
#4286=CARTESIAN_POINT('Ctrl Pts',(3.51592680566639,-3.36287998028036,0.877159051315246));
#4287=CARTESIAN_POINT('Ctrl Pts',(3.11654266438422,-3.36287998028036,0.278082839391997));
#4288=CARTESIAN_POINT('Ctrl Pts',(3.56781875665805,-3.41841713550196,0.84256441732081));
#4289=CARTESIAN_POINT('Ctrl Pts',(3.16843461537588,-3.41841713550196,0.243488205397561));
#4290=CARTESIAN_POINT('Ctrl Pts',(3.6049186659243,-3.45084124993067,0.817831144476641));
#4291=CARTESIAN_POINT('Ctrl Pts',(3.20553452464213,-3.45084124993067,0.218754932553392));
#4292=CARTESIAN_POINT('Ctrl Pts',(3.6107525879438,-3.45593990809102,0.813941863130311));
#4293=CARTESIAN_POINT('Ctrl Pts',(3.21136844666163,-3.45593990809102,0.214865651207062));
#4294=CARTESIAN_POINT('Ctrl Pts',(3.61663534737227,-3.4609876469981,0.810020023511328));
#4295=CARTESIAN_POINT('Ctrl Pts',(3.2172512060901,-3.4609876469981,0.210943811588079));
#4296=CARTESIAN_POINT('Ctrl Pts',(3.62254787356295,-3.46597516104848,0.806078339384208));
#4297=CARTESIAN_POINT('Ctrl Pts',(3.22316373228078,-3.46597516104848,0.207002127460959));
#4298=CARTESIAN_POINT('Ctrl Pts',(3.87962323041139,-3.68283119059286,0.634694768151917));
#4299=CARTESIAN_POINT('Ctrl Pts',(3.48023908912922,-3.68283119059286,0.035618556228668));
#4300=CARTESIAN_POINT('Ctrl Pts',(4.25272728602389,-3.84030633638111,0.385958731076912));
#4301=CARTESIAN_POINT('Ctrl Pts',(3.85334314474172,-3.84030633638111,-0.213117480846337));
#4302=CARTESIAN_POINT('Ctrl Pts',(4.56391663662678,-3.92495304508851,0.178499164008321));
#4303=CARTESIAN_POINT('Ctrl Pts',(4.16453249534461,-3.92495304508851,-0.420577047914928));
#4304=CARTESIAN_POINT('',(3.51280912342837,-3.35890699617426,0.879237506140595));
#4305=CARTESIAN_POINT('Ctrl Pts',(3.51280912342837,-3.35890699617426,0.879237506140596));
#4306=CARTESIAN_POINT('Ctrl Pts',(3.51592680566639,-3.36287998028036,0.877159051315246));
#4307=CARTESIAN_POINT('Ctrl Pts',(3.56781875665805,-3.41841713550196,0.84256441732081));
#4308=CARTESIAN_POINT('Ctrl Pts',(3.6107525879438,-3.45593990809102,0.813941863130311));
#4309=CARTESIAN_POINT('Ctrl Pts',(3.61663534737227,-3.4609876469981,0.810020023511328));
#4310=CARTESIAN_POINT('Ctrl Pts',(3.87962323041139,-3.68283119059286,0.634694768151917));
#4311=CARTESIAN_POINT('Ctrl Pts',(4.25272728602389,-3.84030633638111,0.385958731076912));
#4312=CARTESIAN_POINT('Ctrl Pts',(4.56391663662678,-3.92495304508851,0.178499164008321));
#4313=CARTESIAN_POINT('',(3.51280912342837,-3.35890699617426,0.879237506140595));
#4314=CARTESIAN_POINT('Origin',(1.21200333212356,0.,3.33188318684531));
#4315=CARTESIAN_POINT('',(3.58804705954499,-1.7773800865604,3.72648666420577));
#4316=CARTESIAN_POINT('',(3.07966806623616,-2.22129430845433,4.06540599308389));
#4317=CARTESIAN_POINT('Origin',(2.12521839164526,-9.00657645374516E-15,
4.70170577612785));
#4318=CARTESIAN_POINT('',(3.07966806623616,-2.22129430845433,4.06540599308389));
#4319=CARTESIAN_POINT('',(2.77206935197721,-2.8155008375826,0.651953765348528));
#4320=CARTESIAN_POINT('Origin',(2.67389746995401,-8.88178419700125E-15,
5.52472439359098));
#4321=CARTESIAN_POINT('',(4.12740482549267,-1.78839197717253,4.55571948989855));
#4322=CARTESIAN_POINT('Origin',(5.06189351429095,0.0979379719805459,9.28020739581681));
#4323=CARTESIAN_POINT('',(3.63994159322224,-2.21404265176939,4.88069497807883));
#4324=CARTESIAN_POINT('Origin',(2.67389746995401,-8.88178419700125E-15,
5.52472439359098));
#4325=CARTESIAN_POINT('Origin',(5.0001903672348,0.000240654467052182,9.01438879999844));
#4326=CARTESIAN_POINT('Origin',(2.14851999190774,-4.027732832885,0.950655436218878));
#4327=CARTESIAN_POINT('',(3.67676614793027,-2.29324177021515,4.85614525770908));
#4328=CARTESIAN_POINT('',(3.67660732132738,-2.29289647422238,4.85625115934201));
#4329=CARTESIAN_POINT('',(2.60392450132662,-4.15254181005278,1.48516049182277));
#4330=CARTESIAN_POINT('Ctrl Pts',(2.7294308337654,-5.82529279765069,1.60069391160668));
#4331=CARTESIAN_POINT('Ctrl Pts',(3.100914779327,-4.87222658645418,2.81355233731228));
#4332=CARTESIAN_POINT('Ctrl Pts',(3.4723987248886,-3.91916037525766,4.02641076301788));
#4333=CARTESIAN_POINT('Ctrl Pts',(3.8438826704502,-2.96609416406114,5.23926918872347));
#4334=CARTESIAN_POINT('Ctrl Pts',(2.74802979341763,-5.41469555115428,1.31806062885892));
#4335=CARTESIAN_POINT('Ctrl Pts',(3.11609056158355,-4.52872764482699,2.57726140626973));
#4336=CARTESIAN_POINT('Ctrl Pts',(3.48529202981235,-3.64299616779487,3.83615857542155));
#4337=CARTESIAN_POINT('Ctrl Pts',(3.85335279797827,-2.75702826146759,5.09535935283236));
#4338=CARTESIAN_POINT('Ctrl Pts',(2.6293476773595,-4.87169918778459,1.00232266274824));
#4339=CARTESIAN_POINT('Ctrl Pts',(3.01733937368662,-4.07467604365024,2.31304384384588));
#4340=CARTESIAN_POINT('Ctrl Pts',(3.40493112086796,-3.27757116667785,3.62387225469256));
#4341=CARTESIAN_POINT('Ctrl Pts',(3.79292281719508,-2.48054802254349,4.9345934357902));
#4342=CARTESIAN_POINT('Ctrl Pts',(2.44097384564644,-4.5513463318694,0.863982980782143));
#4343=CARTESIAN_POINT('Ctrl Pts',(2.85959608119647,-3.80669723377207,2.19738853772523));
#4344=CARTESIAN_POINT('Ctrl Pts',(3.27838531312305,-3.06208141652487,3.5307487545677));
#4345=CARTESIAN_POINT('Ctrl Pts',(3.69700754867308,-2.31743231842754,4.86415431151078));
#4346=CARTESIAN_POINT('Ctrl Pts',(2.40368991007376,-4.50665559535279,0.849141237057214));
#4347=CARTESIAN_POINT('Ctrl Pts',(2.82847102616352,-3.76932956317629,2.18495872713385));
#4348=CARTESIAN_POINT('Ctrl Pts',(3.25324238018342,-3.03200293943862,3.52077977477982));
#4349=CARTESIAN_POINT('Ctrl Pts',(3.67802349627318,-2.29467690726212,4.85659726485645));
#4350=CARTESIAN_POINT('Ctrl Pts',(2.40121801336428,-4.50383887474247,0.848255222424163));
#4351=CARTESIAN_POINT('Ctrl Pts',(2.82640029823201,-3.76697348423,2.18421885769898));
#4352=CARTESIAN_POINT('Ctrl Pts',(3.25158258309974,-3.03010809371752,3.5201824929738));
#4353=CARTESIAN_POINT('Ctrl Pts',(3.67676486796747,-2.29324270320504,4.85614612824861));
#4354=CARTESIAN_POINT('',(3.71809762820908,-3.28880124620157,4.8285909541436));
#4355=CARTESIAN_POINT('Ctrl Pts',(3.71809762875285,-3.28880124625797,4.8285909543917));
#4356=CARTESIAN_POINT('Ctrl Pts',(3.76221233419523,-2.99283149023272,4.79918115076345));
#4357=CARTESIAN_POINT('Ctrl Pts',(3.75929677298898,-2.73455023223137,4.80112485823825));
#4358=CARTESIAN_POINT('Ctrl Pts',(3.72651427828212,-2.47131289729412,4.82297985470949));
#4359=CARTESIAN_POINT('Ctrl Pts',(3.71311001861834,-2.41148800888445,4.83191602781503));
#4360=CARTESIAN_POINT('Ctrl Pts',(3.69679953511916,-2.35097232456532,4.84278968348115));
#4361=CARTESIAN_POINT('Ctrl Pts',(3.6912638268553,-2.33221431549988,4.84648015565674));
#4362=CARTESIAN_POINT('Ctrl Pts',(3.68078062761278,-2.30249983002155,4.85346895515175));
#4363=CARTESIAN_POINT('Ctrl Pts',(3.67752621123023,-2.29491562970995,4.85563856607344));
#4364=CARTESIAN_POINT('Ctrl Pts',(3.67676486796748,-2.29324270320505,4.85614612824862));
#4365=CARTESIAN_POINT('Ctrl Pts',(2.81500732374733,-5.60573756377076,1.88008969650157));
#4366=CARTESIAN_POINT('Ctrl Pts',(2.96552244040923,-5.21958133937325,2.37150679220352));
#4367=CARTESIAN_POINT('Ctrl Pts',(3.11603755850694,-4.83342511429503,2.86292388693081));
#4368=CARTESIAN_POINT('Ctrl Pts',(3.41706766121328,-4.06111300767325,3.84575763850331));
#4369=CARTESIAN_POINT('Ctrl Pts',(3.56758264591582,-3.67495712608624,4.33717429528563));
#4370=CARTESIAN_POINT('Ctrl Pts',(3.71809762871519,-3.28880124537383,4.82859095333814));
#4371=CARTESIAN_POINT('Origin',(1.10693045737236,-0.786730330348689,2.7135003358647));
#4372=CARTESIAN_POINT('',(3.43756818609616,-3.39835335628963,5.0156105828295));
#4373=CARTESIAN_POINT('Origin',(2.84876495839669,-0.646909151007254,5.40814606796247));
#4374=CARTESIAN_POINT('',(2.33684942802049,-5.79246185344913,2.19886804562679));
#4375=CARTESIAN_POINT('Ctrl Pts',(1.0408705522447,-5.03506119690707,1.75515353440913));
#4376=CARTESIAN_POINT('Ctrl Pts',(1.68861696288391,-4.21128342942476,2.94274108431233));
#4377=CARTESIAN_POINT('Ctrl Pts',(2.33636337352311,-3.38750566194246,4.13032863421552));
#4378=CARTESIAN_POINT('Ctrl Pts',(2.98410978416232,-2.56372789446016,5.31791618411872));
#4379=CARTESIAN_POINT('Ctrl Pts',(1.04236398014159,-5.03826001403392,1.75669186136624));
#4380=CARTESIAN_POINT('Ctrl Pts',(1.68986433730396,-4.21396102848127,2.94402985377673));
#4381=CARTESIAN_POINT('Ctrl Pts',(2.33736984333014,-3.38965563811061,4.13136146952284));
#4382=CARTESIAN_POINT('Ctrl Pts',(2.98487020049251,-2.56535665255796,5.31869946193333));
#4383=CARTESIAN_POINT('Ctrl Pts',(1.06720227189251,-5.08781089201892,1.77983073908379));
#4384=CARTESIAN_POINT('Ctrl Pts',(1.71066183775903,-4.25536170972756,2.96334473441444));
#4385=CARTESIAN_POINT('Ctrl Pts',(2.35405767483508,-3.42303590914577,4.14696720746561));
#4386=CARTESIAN_POINT('Ctrl Pts',(2.99751724070161,-2.59058672685441,5.33048120279626));
#4387=CARTESIAN_POINT('Ctrl Pts',(1.29183558928368,-5.39400408239566,1.8939973236564));
#4388=CARTESIAN_POINT('Ctrl Pts',(1.89847188843026,-4.51159914132822,3.05895542611854));
#4389=CARTESIAN_POINT('Ctrl Pts',(2.50525863813093,-3.62889762269848,4.22365388485445));
#4390=CARTESIAN_POINT('Ctrl Pts',(3.1118949372775,-2.74649268163104,5.38861198731658));
#4391=CARTESIAN_POINT('Ctrl Pts',(1.79106145379682,-5.78839638770516,1.95603954515642));
#4392=CARTESIAN_POINT('Ctrl Pts',(2.31621233515019,-4.84108402112121,3.11051357597663));
#4393=CARTESIAN_POINT('Ctrl Pts',(2.84093744592196,-3.89461979801456,4.26572831213925));
#4394=CARTESIAN_POINT('Ctrl Pts',(3.36608832727533,-2.94730743143061,5.42020234295945));
#4395=CARTESIAN_POINT('Ctrl Pts',(2.23254451217145,-6.01932932858306,1.93195145933596));
#4396=CARTESIAN_POINT('Ctrl Pts',(2.68532318043678,-5.03451713224136,3.09061340253924));
#4397=CARTESIAN_POINT('Ctrl Pts',(3.13810184870212,-4.04970493589966,4.24927534574253));
#4398=CARTESIAN_POINT('Ctrl Pts',(3.59088051696746,-3.06489273955797,5.40793728894581));
#4399=CARTESIAN_POINT('',(2.98410827795368,-2.56372804947862,5.31791717102663));
#4400=CARTESIAN_POINT('Ctrl Pts',(2.98410978416232,-2.56372789446016,5.31791618411872));
#4401=CARTESIAN_POINT('Ctrl Pts',(2.98434015839534,-2.56588232646024,5.3177626012967));
#4402=CARTESIAN_POINT('Ctrl Pts',(2.98570511240238,-2.57653180020159,5.31685263195868));
#4403=CARTESIAN_POINT('Ctrl Pts',(2.99366583555213,-2.61555821053987,5.31154548319218));
#4404=CARTESIAN_POINT('Ctrl Pts',(2.99993505754659,-2.63949463655821,5.30736600186312));
#4405=CARTESIAN_POINT('Ctrl Pts',(3.03243188596592,-2.75085696137442,5.28570144958356));
#4406=CARTESIAN_POINT('Ctrl Pts',(3.06749809390353,-2.8292189434149,5.26232397787259));
#4407=CARTESIAN_POINT('Ctrl Pts',(3.16397546229074,-3.03017906002997,5.19800573228112));
#4408=CARTESIAN_POINT('Ctrl Pts',(3.27914218694171,-3.21548245303086,5.12122791559913));
#4409=CARTESIAN_POINT('Ctrl Pts',(3.43756818587986,-3.39835335527797,5.01561058297369));
#4410=CARTESIAN_POINT('',(1.34983731010254,-4.64212973200985,2.32161761501104));
#4411=CARTESIAN_POINT('Origin',(0.95730001457245,-4.4929100089014,1.74480208677));
#4412=CARTESIAN_POINT('',(2.97516631576301,-2.47364063843568,5.32387849638498));
#4413=CARTESIAN_POINT('Origin',(5.12468642244614,0.135372814101382,9.23736886548594));
#4414=CARTESIAN_POINT('',(2.97516631576294,-2.47364063843568,5.32387849638488));
#4415=CARTESIAN_POINT('Origin',(2.67389746995401,-8.88178419700125E-15,
5.52472439359098));
#4416=CARTESIAN_POINT('',(2.372628624145,-2.47364063843568,5.72557029079699));
#4417=CARTESIAN_POINT('Origin',(2.67389746995401,-8.88178419700125E-15,
5.52472439359098));
#4418=CARTESIAN_POINT('Origin',(4.99972601753753,-0.000246167663660868,
9.01353280968499));
#4419=CARTESIAN_POINT('Origin',(-0.155031794568045,-4.49291003992255,2.48635662720274));
#4420=CARTESIAN_POINT('',(2.36368664647377,-2.56372804535473,5.73153159201341));
#4421=CARTESIAN_POINT('',(2.36372702740979,-2.56333648954042,5.7315046886204));
#4422=CARTESIAN_POINT('',(0.226234129686153,-4.64233340734203,3.07028740624976));
#4423=CARTESIAN_POINT('Ctrl Pts',(-0.472757177903507,-6.01932932858307,
3.73548591938595));
#4424=CARTESIAN_POINT('Ctrl Pts',(0.422631282303433,-5.03451713176949,4.59907466866132));
#4425=CARTESIAN_POINT('Ctrl Pts',(1.31801974251037,-4.0497049349559,5.46266341793669));
#4426=CARTESIAN_POINT('Ctrl Pts',(2.21340820271731,-3.06489273814231,6.32625216721206));
#4427=CARTESIAN_POINT('Ctrl Pts',(-0.328729916199041,-5.84612960804459,
3.43679226268168));
#4428=CARTESIAN_POINT('Ctrl Pts',(0.543025683396847,-4.88957982803333,4.34925357342261));
#4429=CARTESIAN_POINT('Ctrl Pts',(1.41498770150131,-3.93325352952224,5.26170347773029));
#4430=CARTESIAN_POINT('Ctrl Pts',(2.28674330109719,-2.97670374951098,6.17416478847121));
#4431=CARTESIAN_POINT('Ctrl Pts',(-0.182309051597677,-5.52960677616822,
3.00907464007389));
#4432=CARTESIAN_POINT('Ctrl Pts',(0.665591270292226,-4.62494963139126,3.99150695162295));
#4433=CARTESIAN_POINT('Ctrl Pts',(1.5133968406314,-3.72019534312469,4.97394930475357));
#4434=CARTESIAN_POINT('Ctrl Pts',(2.3612971625213,-2.81553819834774,5.95638161630264));
#4435=CARTESIAN_POINT('Ctrl Pts',(-0.155920898979,-5.21042482969783,2.70043489025418));
#4436=CARTESIAN_POINT('Ctrl Pts',(0.687610299830003,-4.35793614799124,3.7333693855467));
#4437=CARTESIAN_POINT('Ctrl Pts',(1.53120215451015,-3.50550737389641,4.76629543910553));
#4438=CARTESIAN_POINT('Ctrl Pts',(2.37473335331916,-2.65301869218982,5.79922993439805));
#4439=CARTESIAN_POINT('Ctrl Pts',(-0.168977642992116,-5.07123748635688,
2.59069398651096));
#4440=CARTESIAN_POINT('Ctrl Pts',(0.676718276848733,-4.2415489580161,3.64157883197456));
#4441=CARTESIAN_POINT('Ctrl Pts',(1.5223892642679,-3.41183648816822,4.692467751012));
#4442=CARTESIAN_POINT('Ctrl Pts',(2.36808518410875,-2.58214795982744,5.74335259647559));
#4443=CARTESIAN_POINT('Ctrl Pts',(-0.176773526701708,-5.03826000853719,
2.56945019490753));
#4444=CARTESIAN_POINT('Ctrl Pts',(0.670168161742052,-4.21393914538865,3.62381625911294));
#4445=CARTESIAN_POINT('Ctrl Pts',(1.51717402563525,-3.38967751172277,4.67816972211382));
#4446=CARTESIAN_POINT('Ctrl Pts',(2.36411571407901,-2.56535664857423,5.73253578631923));
#4447=CARTESIAN_POINT('Ctrl Pts',(-0.177619125543655,-5.03506119113555,
2.56747998169613));
#4448=CARTESIAN_POINT('Ctrl Pts',(0.66948230169973,-4.21128342420279,3.62216418872051));
#4449=CARTESIAN_POINT('Ctrl Pts',(1.51658372894311,-3.38750565727003,4.67684839574488));
#4450=CARTESIAN_POINT('Ctrl Pts',(2.3636851561865,-2.56372789033727,5.73153260276926));
#4451=CARTESIAN_POINT('',(1.91022933817474,-3.39835037043712,6.03383648083368));
#4452=CARTESIAN_POINT('Ctrl Pts',(1.91022933864049,-3.39835037066748,6.03383648113328));
#4453=CARTESIAN_POINT('Ctrl Pts',(2.04645274960385,-3.2410446047495,5.94302087382437));
#4454=CARTESIAN_POINT('Ctrl Pts',(2.18982819422387,-3.03819467284526,5.8474372440808));
#4455=CARTESIAN_POINT('Ctrl Pts',(2.30825074142205,-2.76206313818572,5.76848887928201));
#4456=CARTESIAN_POINT('Ctrl Pts',(2.3310710445205,-2.70090865120479,5.75327534388022));
#4457=CARTESIAN_POINT('Ctrl Pts',(2.36013670597583,-2.59351742468858,5.73389823624334));
#4458=CARTESIAN_POINT('Ctrl Pts',(2.36340283676804,-2.56636810743707,5.7317208157149));
#4459=CARTESIAN_POINT('Ctrl Pts',(2.3636851561865,-2.56372789033727,5.73153260276926));
#4460=CARTESIAN_POINT('Ctrl Pts',(-0.26649070826497,-5.79246255584372,3.9344217178327));
#4461=CARTESIAN_POINT('Ctrl Pts',(0.0962961273519816,-5.39344368050231,
4.28432433422752));
#4462=CARTESIAN_POINT('Ctrl Pts',(0.459082963472976,-4.99442480531769,4.63422695027853));
#4463=CARTESIAN_POINT('Ctrl Pts',(1.18465631290853,-4.19638741024831,5.33403187070906));
#4464=CARTESIAN_POINT('Ctrl Pts',(1.54744282625546,-3.79736889037436,5.68393417506735));
#4465=CARTESIAN_POINT('Ctrl Pts',(1.91022933894668,-3.39835037027764,6.03383647985145));
#4466=CARTESIAN_POINT('Origin',(0.681551354132614,-0.786710928962878,2.99708640457087));
#4467=CARTESIAN_POINT('',(1.6296979429383,-3.28880548804911,6.2208574116014));
#4468=CARTESIAN_POINT('Origin',(2.49898639188746,-0.646892128957852,5.64133177896863));
#4469=CARTESIAN_POINT('',(-0.744648674615197,-5.60573852561092,4.25320011405058));
#4470=CARTESIAN_POINT('Ctrl Pts',(-1.53796658959751,-4.50383887982459,3.47437829563727));
#4471=CARTESIAN_POINT('Ctrl Pts',(-0.468301036304744,-3.76697348883371,
4.38068641710476));
#4472=CARTESIAN_POINT('Ctrl Pts',(0.601364516988019,-3.03010809784284,5.28699453857225));
#4473=CARTESIAN_POINT('Ctrl Pts',(1.67103007028078,-2.29324270685197,6.19330266003974));
#4474=CARTESIAN_POINT('Ctrl Pts',(-1.53809945942848,-4.50665560019277,3.47700082107947));
#4475=CARTESIAN_POINT('Ctrl Pts',(-0.468393605506301,-3.76932522700046,
4.38285743802581));
#4476=CARTESIAN_POINT('Ctrl Pts',(0.60125656234634,-3.03200728397873,5.2887813678029));
#4477=CARTESIAN_POINT('Ctrl Pts',(1.67096241626851,-2.29467691078642,6.19463798474924));
#4478=CARTESIAN_POINT('Ctrl Pts',(-1.53845843349887,-4.53644876575764,3.5036813607298));
#4479=CARTESIAN_POINT('Ctrl Pts',(-0.468719582512966,-3.79425008820882,
4.40520424549437));
#4480=CARTESIAN_POINT('Ctrl Pts',(0.601040784616857,-3.05204552701837,5.30670016699098));
#4481=CARTESIAN_POINT('Ctrl Pts',(1.67077963560276,-2.30984684946956,6.20822305175555));
#4482=CARTESIAN_POINT('Ctrl Pts',(-1.5181997026279,-4.67844849008402,3.60862091340749));
#4483=CARTESIAN_POINT('Ctrl Pts',(-0.451750988138498,-3.91301017588959,
4.49294372227938));
#4484=CARTESIAN_POINT('Ctrl Pts',(0.614646162857037,-3.14758789048781,5.37733285232189));
#4485=CARTESIAN_POINT('Ctrl Pts',(1.68109487734644,-2.38214957629338,6.26165566119378));
#4486=CARTESIAN_POINT('Ctrl Pts',(-1.40994830847495,-5.05020826095709,3.82750134080874));
#4487=CARTESIAN_POINT('Ctrl Pts',(-0.361254313743194,-4.2239620164978,4.67607119563482));
#4488=CARTESIAN_POINT('Ctrl Pts',(0.687519799337007,-3.39768664709077,5.52453427448655));
#4489=CARTESIAN_POINT('Ctrl Pts',(1.73621379406876,-2.57144040263147,6.37310412931263));
#4490=CARTESIAN_POINT('Ctrl Pts',(-1.17067776248863,-5.51734488923638,3.99809084428796));
#4491=CARTESIAN_POINT('Ctrl Pts',(-0.161046733825294,-4.61463613383714,
4.81863519876508));
#4492=CARTESIAN_POINT('Ctrl Pts',(0.848413374623169,-3.71200350728457,5.63941970592044));
#4493=CARTESIAN_POINT('Ctrl Pts',(1.85804440328651,-2.80929475188533,6.45996406039757));
#4494=CARTESIAN_POINT('Ctrl Pts',(-0.969643499497442,-5.82529279765066,
4.06674346711522));
#4495=CARTESIAN_POINT('Ctrl Pts',(0.00703968316219689,-4.87222658691082,
4.87613573405564));
#4496=CARTESIAN_POINT('Ctrl Pts',(0.983722865821837,-3.91916037617099,5.68552800099605));
#4497=CARTESIAN_POINT('Ctrl Pts',(1.96040604848148,-2.96609416543115,6.49492026793646));
#4498=CARTESIAN_POINT('',(1.67102877439914,-2.29324177385177,6.19330350672965));
#4499=CARTESIAN_POINT('Ctrl Pts',(1.67103007028078,-2.29324270685197,6.19330266003975));
#4500=CARTESIAN_POINT('Ctrl Pts',(1.66958712272365,-2.29641334660353,6.19426462507784));
#4501=CARTESIAN_POINT('Ctrl Pts',(1.65613940236139,-2.3276275439135,6.20322977198711));
#4502=CARTESIAN_POINT('Ctrl Pts',(1.62457104893022,-2.4547865242441,6.22427534094122));
#4503=CARTESIAN_POINT('Ctrl Pts',(1.61157582847927,-2.53535503748446,6.2329388214669));
#4504=CARTESIAN_POINT('Ctrl Pts',(1.58450483832714,-2.83085066180488,6.25098614823498));
#4505=CARTESIAN_POINT('Ctrl Pts',(1.59625024472476,-3.06414547998733,6.24315587707709));
#4506=CARTESIAN_POINT('Ctrl Pts',(1.62969794325808,-3.28880548707787,6.22085741138821));
#4507=CARTESIAN_POINT('',(-1.02774972212829,-4.15236345801586,3.90667574531544));
#4508=CARTESIAN_POINT('Origin',(-1.34625175614609,-4.02773280562141,3.28050326724903));
#4509=CARTESIAN_POINT('',(1.70785334668577,-2.21404265176938,6.16875380910314));
#4510=CARTESIAN_POINT('Origin',(5.1956148107828,0.122330030554596,9.1924863545861));
#4511=CARTESIAN_POINT('',(1.7078533466857,-2.21404265176938,6.16875380910304));
#4512=CARTESIAN_POINT('Origin',(2.67389746995401,-8.88178419700125E-15,
5.52472439359098));
#4513=CARTESIAN_POINT('',(1.22039011441535,-1.78839197717253,6.49372929728342));
#4514=CARTESIAN_POINT('Origin',(2.67389746995401,-8.88178419700125E-15,
5.52472439359098));
#4515=CARTESIAN_POINT('Origin',(5.18897417727269,0.083544396144018,9.14937688951797));
#4516=CARTESIAN_POINT('Origin',(-2.24614710820651,-3.24194832010221,3.8804335029584));
#4517=CARTESIAN_POINT('',(1.16909713287093,-1.85495734508013,6.52792460108197));
#4518=CARTESIAN_POINT('',(1.16932130023849,-1.85466909045685,6.52777517340127));
#4519=CARTESIAN_POINT('',(-1.93689864263352,-3.35891143013574,4.51237592112954));
#4520=CARTESIAN_POINT('Ctrl Pts',(-3.15827854167935,-3.9141866454758,5.52583349523651));
#4521=CARTESIAN_POINT('Ctrl Pts',(-1.82351651516972,-3.27379324969249,6.09650653364342));
#4522=CARTESIAN_POINT('Ctrl Pts',(-0.488754488660093,-2.63339985390917,
6.66717957205033));
#4523=CARTESIAN_POINT('Ctrl Pts',(0.846007537849535,-1.99300645812585,7.23785261045724));
#4524=CARTESIAN_POINT('Ctrl Pts',(-2.97491682384059,-3.94189154567476,5.20091686777597));
#4525=CARTESIAN_POINT('Ctrl Pts',(-1.67017624799892,-3.29687341555495,5.82472266005712));
#4526=CARTESIAN_POINT('Ctrl Pts',(-0.365369813157645,-2.6521312341518,6.44860735513215));
#4527=CARTESIAN_POINT('Ctrl Pts',(0.939370762684021,-2.00711310403199,7.07241314741329));
#4528=CARTESIAN_POINT('Ctrl Pts',(-2.7307795040312,-3.89680331262545,4.70802392201404));
#4529=CARTESIAN_POINT('Ctrl Pts',(-1.46595350271216,-3.25927992783538,5.41250449249267));
#4530=CARTESIAN_POINT('Ctrl Pts',(-0.201146589324175,-2.62167868231158,
6.11696375172453));
#4531=CARTESIAN_POINT('Ctrl Pts',(1.06367941199487,-1.98415529752151,6.82144432220317));
#4532=CARTESIAN_POINT('Ctrl Pts',(-2.57894788485441,-3.75224153111914,4.31580338496318));
#4533=CARTESIAN_POINT('Ctrl Pts',(-1.33897499302089,-3.13832260201712,5.08444285782994));
#4534=CARTESIAN_POINT('Ctrl Pts',(-0.0989845967998822,-2.52446696405896,
5.85309590999509));
#4535=CARTESIAN_POINT('Ctrl Pts',(1.14098829503365,-1.91054803495694,6.62173538286185));
#4536=CARTESIAN_POINT('Ctrl Pts',(-2.53189435460238,-3.66898096691396,4.1659698422031));
#4537=CARTESIAN_POINT('Ctrl Pts',(-1.29961054658078,-3.06871691531417,4.95912996975428));
#4538=CARTESIAN_POINT('Ctrl Pts',(-0.0673370260368326,-2.46841787871793,
5.75228374307278));
#4539=CARTESIAN_POINT('Ctrl Pts',(1.16494678198477,-1.86815382711814,6.54544387062395));
#4540=CARTESIAN_POINT('Ctrl Pts',(-2.52440241864012,-3.64542034261971,4.13453612286647));
#4541=CARTESIAN_POINT('Ctrl Pts',(-1.29335670011443,-3.04897031781807,4.93283239813786));
#4542=CARTESIAN_POINT('Ctrl Pts',(-0.0622842291421521,-2.45260736819814,
5.73114232751148));
#4543=CARTESIAN_POINT('Ctrl Pts',(1.16876148938354,-1.8561573433965,6.52943860278287));
#4544=CARTESIAN_POINT('Ctrl Pts',(-2.52374544397908,-3.64306126795037,4.13156419398641));
#4545=CARTESIAN_POINT('Ctrl Pts',(-1.29279829447407,-3.04702623238915,4.93035125283637));
#4546=CARTESIAN_POINT('Ctrl Pts',(-0.0618511449690562,-2.45099119682794,
5.72913831168633));
#4547=CARTESIAN_POINT('Ctrl Pts',(1.16909600453595,-1.85495616126672,6.52792537053629));
#4548=CARTESIAN_POINT('',(0.394056319020055,-2.20984515846156,7.04461849360348));
#4549=CARTESIAN_POINT('Ctrl Pts',(0.394056319337963,-2.20984515877803,7.04461849400162));
#4550=CARTESIAN_POINT('Ctrl Pts',(0.582677821514975,-2.17856800633217,6.91887082588361));
#4551=CARTESIAN_POINT('Ctrl Pts',(0.797384860040443,-2.11535048626489,6.77573280020316));
#4552=CARTESIAN_POINT('Ctrl Pts',(1.01963435512026,-1.98086411830465,6.62756647014995));
#4553=CARTESIAN_POINT('Ctrl Pts',(1.07054603733655,-1.94734545475743,6.59362534866952));
#4554=CARTESIAN_POINT('Ctrl Pts',(1.15158509026378,-1.87661442349568,6.53959931338471));
#4555=CARTESIAN_POINT('Ctrl Pts',(1.16754827105841,-1.85692849841892,6.52895719285466));
#4556=CARTESIAN_POINT('Ctrl Pts',(1.16909600453595,-1.85495616126672,6.5279253705363));
#4557=CARTESIAN_POINT('Ctrl Pts',(-2.85079599630006,-3.76666373035162,5.65729190985607));
#4558=CARTESIAN_POINT('Ctrl Pts',(-2.30998703649129,-3.5071938525751,5.88851311012287));
#4559=CARTESIAN_POINT('Ctrl Pts',(-1.76917807636293,-3.24772397526803,6.11973431016898));
#4560=CARTESIAN_POINT('Ctrl Pts',(-0.687560637473368,-2.72878445183662,
6.58217650429697));
#4561=CARTESIAN_POINT('Ctrl Pts',(-0.146752158691934,-2.46931480574274,
6.81339749836572));
#4562=CARTESIAN_POINT('Ctrl Pts',(0.394056319681329,-2.20984515903031,7.04461849269503));
#4563=CARTESIAN_POINT('Origin',(0.337421919202462,-0.486194692112022,3.22650602802639));
#4564=CARTESIAN_POINT('',(0.220676428063863,-1.92304570576103,7.16020508818436));
#4565=CARTESIAN_POINT('Origin',(2.2160179121304,-0.399784300847892,5.82997743214));
#4566=CARTESIAN_POINT('',(-3.14631281013877,-3.27781361303407,5.85430953773296));
#4567=CARTESIAN_POINT('Ctrl Pts',(-3.3681742160171,-2.25328722580093,4.69011711664274));
#4568=CARTESIAN_POINT('Ctrl Pts',(-3.26919146459916,-2.22663420944364,4.74126073440098));
#4569=CARTESIAN_POINT('Ctrl Pts',(-3.07245884140275,-2.17366026412413,4.84291074925675));
#4570=CARTESIAN_POINT('Ctrl Pts',(-2.77797643165894,-2.09436532607381,4.99506727481631));
#4571=CARTESIAN_POINT('Ctrl Pts',(-2.48472708500827,-2.01540233816136,5.14658682424427));
#4572=CARTESIAN_POINT('Ctrl Pts',(-2.09372786085144,-1.91011842557207,5.34861276313521));
#4573=CARTESIAN_POINT('Ctrl Pts',(-1.01848026447098,-1.6205874639036,5.90418445504153));
#4574=CARTESIAN_POINT('Ctrl Pts',(-0.040980812338022,-1.35737872370956,
6.40924744718936));
#4575=CARTESIAN_POINT('Ctrl Pts',(0.741017301752202,-1.14681064847009,6.81329977046443));
#4576=CARTESIAN_POINT('Ctrl Pts',(-3.37064758831135,-2.25593155294535,4.69671928099396));
#4577=CARTESIAN_POINT('Ctrl Pts',(-3.27162200822267,-2.22925741297424,4.74776671425897));
#4578=CARTESIAN_POINT('Ctrl Pts',(-3.07482869082472,-2.17622320552054,4.84925812090957));
#4579=CARTESIAN_POINT('Ctrl Pts',(-2.78024859355968,-2.09684317805353,5.0011681188231));
#4580=CARTESIAN_POINT('Ctrl Pts',(-2.48688535136404,-2.01780788970844,5.15242002369855));
#4581=CARTESIAN_POINT('Ctrl Pts',(-2.09575565155627,-1.91241157642294,5.35411760768786));
#4582=CARTESIAN_POINT('Ctrl Pts',(-1.02008864159733,-1.62261685735323,5.908705541545));
#4583=CARTESIAN_POINT('Ctrl Pts',(-0.0425753385710071,-1.35889342678937,
6.41336396695442));
#4584=CARTESIAN_POINT('Ctrl Pts',(0.739758734148951,-1.14815666995885,6.81665960198618));
#4585=CARTESIAN_POINT('Ctrl Pts',(-3.40227198283586,-2.29916829750837,4.78806608902811));
#4586=CARTESIAN_POINT('Ctrl Pts',(-3.30288570218749,-2.27197264546577,4.83805078402234));
#4587=CARTESIAN_POINT('Ctrl Pts',(-3.10535141495687,-2.21792006609648,4.93739799247099));
#4588=CARTESIAN_POINT('Ctrl Pts',(-2.80966891837774,-2.13701059121324,5.08610735593729));
#4589=CARTESIAN_POINT('Ctrl Pts',(-2.5152242594252,-2.05643990952043,5.23419376635498));
#4590=CARTESIAN_POINT('Ctrl Pts',(-2.12263160751669,-1.94901229836306,5.43164271431472));
#4591=CARTESIAN_POINT('Ctrl Pts',(-1.04300117231252,-1.65358646847744,5.97462618551332));
#4592=CARTESIAN_POINT('Ctrl Pts',(-0.0615228535176399,-1.3850169211135,
6.46825440833703));
#4593=CARTESIAN_POINT('Ctrl Pts',(0.723663245422937,-1.17016182354847,6.86315089868984));
#4594=CARTESIAN_POINT('Ctrl Pts',(-3.48192837597555,-2.57077100983441,5.13779407978336));
#4595=CARTESIAN_POINT('Ctrl Pts',(-3.3815965785817,-2.54036539048092,5.18363777563706));
#4596=CARTESIAN_POINT('Ctrl Pts',(-3.18218897992927,-2.47992803623491,5.27476221352055));
#4597=CARTESIAN_POINT('Ctrl Pts',(-2.88370072313663,-2.38946275717847,5.4111610491967));
#4598=CARTESIAN_POINT('Ctrl Pts',(-2.58645800839756,-2.29937956350547,5.54698327554352));
#4599=CARTESIAN_POINT('Ctrl Pts',(-2.19013981879184,-2.17926437889498,5.72808667026527));
#4600=CARTESIAN_POINT('Ctrl Pts',(-1.10024940856526,-1.84895969328983,6.22610090432025));
#4601=CARTESIAN_POINT('Ctrl Pts',(-0.109533242715327,-1.5486095168196,6.67896298636129));
#4602=CARTESIAN_POINT('Ctrl Pts',(0.683122182174291,-1.30839408837818,7.04114489764055));
#4603=CARTESIAN_POINT('Ctrl Pts',(-3.50899704781461,-2.97407930920255,5.48534510917501));
#4604=CARTESIAN_POINT('Ctrl Pts',(-3.40833224642188,-2.93891202101243,5.52706016987334));
#4605=CARTESIAN_POINT('Ctrl Pts',(-3.20828586796301,-2.8689947015511,5.61001050553064));
#4606=CARTESIAN_POINT('Ctrl Pts',(-2.90883498442814,-2.76434364288186,5.73416492081936));
#4607=CARTESIAN_POINT('Ctrl Pts',(-2.61061797435914,-2.66014490860367,5.85777240471264));
#4608=CARTESIAN_POINT('Ctrl Pts',(-2.21302092803108,-2.52119504819574,6.02261725995192));
#4609=CARTESIAN_POINT('Ctrl Pts',(-1.11955640426146,-2.13913455274341,6.47584177086834));
#4610=CARTESIAN_POINT('Ctrl Pts',(-0.125938180596175,-1.79149386813726,
6.88846329839819));
#4611=CARTESIAN_POINT('Ctrl Pts',(0.669345821498011,-1.51365803469177,7.21803068014479));
#4612=CARTESIAN_POINT('Ctrl Pts',(-3.46911476326763,-3.40769871085757,5.72910995906236));
#4613=CARTESIAN_POINT('Ctrl Pts',(-3.36893797775983,-3.36739080237186,5.76796378636039));
#4614=CARTESIAN_POINT('Ctrl Pts',(-3.16983226884368,-3.28727708487441,5.84518745438954));
#4615=CARTESIAN_POINT('Ctrl Pts',(-2.87179763651918,-3.16735755836521,5.96078096314979));
#4616=CARTESIAN_POINT('Ctrl Pts',(-2.57501086629411,-3.04794013132997,6.07589048534311));
#4617=CARTESIAN_POINT('Ctrl Pts',(-2.17929517266069,-2.88871689528299,6.22936984826755));
#4618=CARTESIAN_POINT('Ctrl Pts',(-1.09107701516878,-2.4508529961538,6.65143809630974));
#4619=CARTESIAN_POINT('Ctrl Pts',(-0.101787781085227,-2.05279490603635,
7.03513650362083));
#4620=CARTESIAN_POINT('Ctrl Pts',(0.689643606181615,-1.73434843394239,7.3420952294697));
#4621=CARTESIAN_POINT('',(0.741011023255551,-1.14681508503464,6.81331534082537));
#4622=CARTESIAN_POINT('Ctrl Pts',(0.741011616865177,-1.14681674967914,6.81331496231681));
#4623=CARTESIAN_POINT('Ctrl Pts',(0.737759433220159,-1.14866629020992,6.81548308474683));
#4624=CARTESIAN_POINT('Ctrl Pts',(0.710113469433375,-1.16663493873527,6.83391372727191));
#4625=CARTESIAN_POINT('Ctrl Pts',(0.618873163518442,-1.24969073417042,6.89474059788187));
#4626=CARTESIAN_POINT('Ctrl Pts',(0.570296496985243,-1.30636223014675,6.92712504318319));
#4627=CARTESIAN_POINT('Ctrl Pts',(0.427648405726583,-1.49669104849832,7.02222377068896));
#4628=CARTESIAN_POINT('Ctrl Pts',(0.316474491591509,-1.68540199737939,7.09633971249926));
#4629=CARTESIAN_POINT('Ctrl Pts',(0.220676428797578,-1.92304570520118,7.16020508769521));
#4630=CARTESIAN_POINT('',(-2.71173020614211,-2.07653568730816,5.02932871904503));
#4631=CARTESIAN_POINT('Origin',(-2.98236151695996,-2.02409856819702,4.37124310779162));
#4632=CARTESIAN_POINT('',(0.80953639806491,-1.10875562466913,6.76763177485038));
#4633=CARTESIAN_POINT('Origin',(5.24328303779579,0.0610257807591068,9.1581200799048));
#4634=CARTESIAN_POINT('',(0.809536398064844,-1.10875562466914,6.76763177485028));
#4635=CARTESIAN_POINT('Origin',(2.67389746995401,-8.88178419700125E-15,
5.52472439359098));
#4636=CARTESIAN_POINT('',(0.623342011603496,-0.4200383658371,6.89176136582466));
#4637=CARTESIAN_POINT('Origin',(2.67389746995401,-8.88178419700125E-15,
5.52472439359098));
#4638=CARTESIAN_POINT('Origin',(5.21514814063845,0.019200674807908,9.12993986500849));
#4639=CARTESIAN_POINT('Origin',(-3.32609097359343,-0.752672531777636,4.60039607988301));
#4640=CARTESIAN_POINT('',(0.549290198713833,-0.437655986666181,6.94112922385337));
#4641=CARTESIAN_POINT('',(0.549612531235369,-0.437581136702628,6.94091435273668));
#4642=CARTESIAN_POINT('',(-3.05923061878508,-0.792499451818103,5.26059723856391));
#4643=CARTESIAN_POINT('Ctrl Pts',(-4.30135537413523,-0.313957702108437,
6.28788471685314));
#4644=CARTESIAN_POINT('Ctrl Pts',(-2.77957649822778,-0.262591618373411,
6.73387985566837));
#4645=CARTESIAN_POINT('Ctrl Pts',(-1.25779762232032,-0.211225534638385,
7.17987499448361));
#4646=CARTESIAN_POINT('Ctrl Pts',(0.263981253587141,-0.159859450903358,
7.62587013329884));
#4647=CARTESIAN_POINT('Ctrl Pts',(-4.18442721130762,-0.531984892824325,
6.00725712606688));
#4648=CARTESIAN_POINT('Ctrl Pts',(-2.6817544821646,-0.444868278719421,6.49910701711675));
#4649=CARTESIAN_POINT('Ctrl Pts',(-1.17915456412091,-0.357990086183019,
6.99113165480502));
#4650=CARTESIAN_POINT('Ctrl Pts',(0.323518165022121,-0.270873472078114,
7.48298154585489));
#4651=CARTESIAN_POINT('Ctrl Pts',(-3.99398385527582,-0.775687139382255,
5.55019307159056));
#4652=CARTESIAN_POINT('Ctrl Pts',(-2.52250390440458,-0.648815621606369,
6.11690563049271));
#4653=CARTESIAN_POINT('Ctrl Pts',(-1.05099276703231,-0.521832110689181,
6.68354334179239));
#4654=CARTESIAN_POINT('Ctrl Pts',(0.420487183838933,-0.394960592913295,
7.25025590069454));
#4655=CARTESIAN_POINT('Ctrl Pts',(-3.82607089420502,-0.860756973409105,
5.14720196502063));
#4656=CARTESIAN_POINT('Ctrl Pts',(-2.38204638661632,-0.719906503403419,
5.77980758780089));
#4657=CARTESIAN_POINT('Ctrl Pts',(-0.938040221509337,-0.579126505937719,
6.41245723253726));
#4658=CARTESIAN_POINT('Ctrl Pts',(0.505984286079364,-0.438276035932034,
7.04506285531751));
#4659=CARTESIAN_POINT('Ctrl Pts',(-3.75773710719423,-0.865307760160369,
4.98320087619474));
#4660=CARTESIAN_POINT('Ctrl Pts',(-2.32490115587037,-0.723746197480525,
5.64265903401061));
#4661=CARTESIAN_POINT('Ctrl Pts',(-0.892057800987209,-0.582154746005778,
6.30209942328414));
#4662=CARTESIAN_POINT('Ctrl Pts',(0.540778150336653,-0.440593183325934,
6.96155758110001));
#4663=CARTESIAN_POINT('Ctrl Pts',(-3.74248232201246,-0.860154009103775,
4.94658939175849));
#4664=CARTESIAN_POINT('Ctrl Pts',(-2.31213390788693,-0.719400435087433,
5.61201763885035));
#4665=CARTESIAN_POINT('Ctrl Pts',(-0.881802906700872,-0.578722595525359,
6.27748767699694));
#4666=CARTESIAN_POINT('Ctrl Pts',(0.548545507424661,-0.437969021509017,
6.94291592408879));
#4667=CARTESIAN_POINT('Ctrl Pts',(-3.74102043022051,-0.859535763508429,
4.94308085145782));
#4668=CARTESIAN_POINT('Ctrl Pts',(-2.31091699802886,-0.718908584416724,
5.60909705519098));
#4669=CARTESIAN_POINT('Ctrl Pts',(-0.880813565837204,-0.578281405325016,
6.27511325892414));
#4670=CARTESIAN_POINT('Ctrl Pts',(0.549289866354452,-0.437654226233311,
6.9411294626573));
#4671=CARTESIAN_POINT('',(-0.251294869522157,-0.177254205849322,7.47485261929828));
#4672=CARTESIAN_POINT('Ctrl Pts',(-0.25129486936596,-0.177254206131016,
7.47485261980424));
#4673=CARTESIAN_POINT('Ctrl Pts',(-0.0847584594495713,-0.284325967081683,
7.36382834652665));
#4674=CARTESIAN_POINT('Ctrl Pts',(0.120074261275196,-0.385544764446384,
7.22727319937989));
#4675=CARTESIAN_POINT('Ctrl Pts',(0.375212588096037,-0.435581317491664,
7.05718098149933));
#4676=CARTESIAN_POINT('Ctrl Pts',(0.430657296693971,-0.44276726383425,7.02021784243125));
#4677=CARTESIAN_POINT('Ctrl Pts',(0.524625662112451,-0.442804278291767,
6.95757226548559));
#4678=CARTESIAN_POINT('Ctrl Pts',(0.547116873117921,-0.438146601016494,
6.94257812481498));
#4679=CARTESIAN_POINT('Ctrl Pts',(0.54928986635445,-0.437654226233311,6.9411294626573));
#4680=CARTESIAN_POINT('Ctrl Pts',(-3.95079175721867,-0.302127384044975,
6.39062241713519));
#4681=CARTESIAN_POINT('Ctrl Pts',(-3.33420866811667,-0.281315178071603,
6.57132753120664));
#4682=CARTESIAN_POINT('Ctrl Pts',(-2.71762557898546,-0.260502972726924,
6.75203264525082));
#4683=CARTESIAN_POINT('Ctrl Pts',(-1.48445994966274,-0.218878580808533,
7.11344271242323));
#4684=CARTESIAN_POINT('Ctrl Pts',(-0.867877409469664,-0.198066394274984,
7.29414766555076));
#4685=CARTESIAN_POINT('Ctrl Pts',(-0.251294869306541,-0.177254206929071,
7.47485261868693));
#4686=CARTESIAN_POINT('Origin',(0.205987900042205,3.13920311006272E-5,3.31412870732683));
#4687=CARTESIAN_POINT('',(-0.25129803072497,0.177252174208241,7.47485472737691));
#4688=CARTESIAN_POINT('Origin',(2.10794386082123,2.75421236239914E-5,5.90202679967944));
#4689=CARTESIAN_POINT('',(-3.95078890834191,0.302124690934701,6.39062693653501));
#4690=CARTESIAN_POINT('Ctrl Pts',(-3.74102043285301,0.859535764623404,4.94308085779057));
#4691=CARTESIAN_POINT('Ctrl Pts',(-2.31091700091679,0.718908585416749,5.6090970601681));
#4692=CARTESIAN_POINT('Ctrl Pts',(-0.880813568980565,0.578281406210094,
6.27511326254563));
#4693=CARTESIAN_POINT('Ctrl Pts',(0.549289862955658,0.437654227003439,6.94112946492316));
#4694=CARTESIAN_POINT('Ctrl Pts',(-3.74248232451929,0.860154010165627,4.94658939778963));
#4695=CARTESIAN_POINT('Ctrl Pts',(-2.31213390944756,0.719400435622711,5.61201764064195));
#4696=CARTESIAN_POINT('Ctrl Pts',(-0.881802910982216,0.578722596795157,
6.2774876833496));
#4697=CARTESIAN_POINT('Ctrl Pts',(0.548545504089512,0.437969022252242,6.94291592620191));
#4698=CARTESIAN_POINT('Ctrl Pts',(-3.75773712602253,0.865307761863934,4.98320092139742));
#4699=CARTESIAN_POINT('Ctrl Pts',(-2.32490117202429,0.723746198868423,5.6426590708261));
#4700=CARTESIAN_POINT('Ctrl Pts',(-0.892057815310825,0.582154747392626,
6.30209945373824));
#4701=CARTESIAN_POINT('Ctrl Pts',(0.540778138687424,0.440593184397116,6.96155760316692));
#4702=CARTESIAN_POINT('Ctrl Pts',(-3.82607092171954,0.860756962324343,5.14720203107022));
#4703=CARTESIAN_POINT('Ctrl Pts',(-2.38204640989989,0.719906494059385,5.77980764172754));
#4704=CARTESIAN_POINT('Ctrl Pts',(-0.938040241828405,0.579126498755605,
6.41245727738045));
#4705=CARTESIAN_POINT('Ctrl Pts',(0.505984269991238,0.438276030490646,7.04506288803777));
#4706=CARTESIAN_POINT('Ctrl Pts',(-3.99398388167775,0.775687110499345,5.55019313496995));
#4707=CARTESIAN_POINT('Ctrl Pts',(-2.52250392723249,0.648815597509082,6.11690568332578));
#4708=CARTESIAN_POINT('Ctrl Pts',(-1.0509927861675,0.521832091379763,6.68354338379427));
#4709=CARTESIAN_POINT('Ctrl Pts',(0.420487168277767,0.394960578389501,7.2502559321501));
#4710=CARTESIAN_POINT('Ctrl Pts',(-4.18442722134804,0.531984874091668,6.00725715017862));
#4711=CARTESIAN_POINT('Ctrl Pts',(-2.68175449129041,0.444868263119209,6.49910703706479));
#4712=CARTESIAN_POINT('Ctrl Pts',(-1.17915457231064,0.357990073637647,6.9911316705378));
#4713=CARTESIAN_POINT('Ctrl Pts',(0.323518157746986,0.270873462665187,7.48298155742397));
#4714=CARTESIAN_POINT('Ctrl Pts',(-4.30135537412974,0.313957702108277,6.28788471685472));
#4715=CARTESIAN_POINT('Ctrl Pts',(-2.7795764989533,0.262591618397921,6.73387985545572));
#4716=CARTESIAN_POINT('Ctrl Pts',(-1.25779762377685,0.211225534687566,7.17987499405671));
#4717=CARTESIAN_POINT('Ctrl Pts',(0.263981251399594,0.15985945097721,7.62587013265771));
#4718=CARTESIAN_POINT('',(0.549290195319032,0.437655987454617,6.94112922611639));
#4719=CARTESIAN_POINT('Ctrl Pts',(0.549289862955657,0.437654227003439,6.94112946492316));
#4720=CARTESIAN_POINT('Ctrl Pts',(0.546336294834887,0.438323470901061,6.94309851033701));
#4721=CARTESIAN_POINT('Ctrl Pts',(0.517482041564531,0.444049682082822,6.96233467918502));
#4722=CARTESIAN_POINT('Ctrl Pts',(0.40710245701324,0.440839032949885,7.03592106888588));
#4723=CARTESIAN_POINT('Ctrl Pts',(0.339331650558882,0.430797207595305,7.08110160674517));
#4724=CARTESIAN_POINT('Ctrl Pts',(0.097120392208837,0.370424185545951,7.24257577897854));
#4725=CARTESIAN_POINT('Ctrl Pts',(-0.0838638924660411,0.284901502443468,
7.36323196853763));
#4726=CARTESIAN_POINT('Ctrl Pts',(-0.251298029857579,0.177252174142852,
7.47485472679865));
#4727=CARTESIAN_POINT('',(-3.05887927955919,0.792458388213917,5.26076211794046));
#4728=CARTESIAN_POINT('Origin',(-3.32609094856375,0.752672525698641,4.60039606219414));
#4729=CARTESIAN_POINT('',(0.623342011603499,0.4200383658371,6.89176136582466));
#4730=CARTESIAN_POINT('Origin',(5.25503681307634,-0.0227022083176801,9.15193063759277));
#4731=CARTESIAN_POINT('',(0.623342011603431,0.420038365837097,6.89176136582455));
#4732=CARTESIAN_POINT('Origin',(2.67389746995401,-8.88178419700125E-15,
5.52472439359098));
#4733=CARTESIAN_POINT('',(0.809536398064915,1.10875562466913,6.76763177485038));
#4734=CARTESIAN_POINT('Origin',(2.67389746995401,-8.88178419700125E-15,
5.52472439359098));
#4735=CARTESIAN_POINT('Origin',(4.9997421300928,6.57013212396196E-5,9.01372950199747));
#4736=CARTESIAN_POINT('Origin',(-2.98236154009575,2.02409858128928,4.3712431242212));
#4737=CARTESIAN_POINT('',(0.741011026387616,1.14681508327437,6.81331533873751));
#4738=CARTESIAN_POINT('',(0.741308407033271,1.14664793843619,6.81311710220475));
#4739=CARTESIAN_POINT('',(-2.71206913053945,2.07662038102839,5.02915624640016));
#4740=CARTESIAN_POINT('Ctrl Pts',(-3.46537117696931,3.40619241243571,5.73056191876315));
#4741=CARTESIAN_POINT('Ctrl Pts',(-2.08036624858869,2.84891108600425,6.26773968925606));
#4742=CARTESIAN_POINT('Ctrl Pts',(-0.695361320208066,2.29162975957279,6.80491745974898));
#4743=CARTESIAN_POINT('Ctrl Pts',(0.689643608172556,1.73434843314132,7.3420952302419));
#4744=CARTESIAN_POINT('Ctrl Pts',(-3.49526922027724,3.08112190758551,5.5478184654004));
#4745=CARTESIAN_POINT('Ctrl Pts',(-2.10531977457028,2.57705673276717,6.11481834443803));
#4746=CARTESIAN_POINT('Ctrl Pts',(-0.71552917734803,2.07289579437724,6.68204693125907));
#4747=CARTESIAN_POINT('Ctrl Pts',(0.67442026835893,1.5688306195589,7.24904681029669));
#4748=CARTESIAN_POINT('Ctrl Pts',(-3.48943209037993,2.64183624722367,5.21379230196932));
#4749=CARTESIAN_POINT('Ctrl Pts',(-2.10050554795286,2.20960062239732,5.83553917837596));
#4750=CARTESIAN_POINT('Ctrl Pts',(-0.711534152747426,1.77739291519559,6.45722212176767));
#4751=CARTESIAN_POINT('Ctrl Pts',(0.677392389679643,1.34515729036925,7.07896899817431));
#4752=CARTESIAN_POINT('Ctrl Pts',(-3.42092209173504,2.35944342037443,4.87711952098803));
#4753=CARTESIAN_POINT('Ctrl Pts',(-2.04317719431623,1.97342765881538,5.55391099013128));
#4754=CARTESIAN_POINT('Ctrl Pts',(-0.665468920901706,1.58738565019838,6.2307521250978));
#4755=CARTESIAN_POINT('Ctrl Pts',(0.712275976517097,1.20136988863932,6.90754359424105));
#4756=CARTESIAN_POINT('Ctrl Pts',(-3.37827557088018,2.26889275730452,4.73022398374281));
#4757=CARTESIAN_POINT('Ctrl Pts',(-2.00752696928487,1.89767788673805,5.43107424891153));
#4758=CARTESIAN_POINT('Ctrl Pts',(-0.636758077669356,1.52647861439674,6.13189777614742));
#4759=CARTESIAN_POINT('Ctrl Pts',(0.733990523925959,1.15526374383028,6.83274804131615));
#4760=CARTESIAN_POINT('Ctrl Pts',(-3.3657481146908,2.25366192033353,4.69543325356691));
#4761=CARTESIAN_POINT('Ctrl Pts',(-1.9970254802703,1.88495776521475,5.40194491824176));
#4762=CARTESIAN_POINT('Ctrl Pts',(-0.628353441475739,1.51621273569415,6.10852180240054));
#4763=CARTESIAN_POINT('Ctrl Pts',(0.740369192944765,1.14750858057537,6.81503346707539));
#4764=CARTESIAN_POINT('Ctrl Pts',(-3.36448641312593,2.25230318805085,4.69205817341762));
#4765=CARTESIAN_POINT('Ctrl Pts',(-1.99598706875345,1.88380770800096,5.39914376902261));
#4766=CARTESIAN_POINT('Ctrl Pts',(-0.627487724380974,1.51531222795107,6.1062293646276));
#4767=CARTESIAN_POINT('Ctrl Pts',(0.741011619991503,1.14681674790118,6.81331496023259));
#4768=CARTESIAN_POINT('',(0.220677991876178,1.92304182877556,7.16020404503273));
#4769=CARTESIAN_POINT('Ctrl Pts',(0.220677991918556,1.92304182863624,7.16020404561456));
#4770=CARTESIAN_POINT('Ctrl Pts',(0.303715811466342,1.71710710688654,7.10484549924937));
#4771=CARTESIAN_POINT('Ctrl Pts',(0.420089685982792,1.49122643926638,7.0272629162416));
#4772=CARTESIAN_POINT('Ctrl Pts',(0.595191080870394,1.27874786205864,6.91052865298319));
#4773=CARTESIAN_POINT('Ctrl Pts',(0.637447876666936,1.23091223022598,6.8823574557826));
#4774=CARTESIAN_POINT('Ctrl Pts',(0.71846166573658,1.16013945664452,6.8283482630695));
#4775=CARTESIAN_POINT('Ctrl Pts',(0.738972566455553,1.14797637250138,6.81467432925656));
#4776=CARTESIAN_POINT('Ctrl Pts',(0.741011619991506,1.14681674790118,6.81331496023259));
#4777=CARTESIAN_POINT('Ctrl Pts',(-3.1463169978223,3.27781135401973,5.85430591087085));
#4778=CARTESIAN_POINT('Ctrl Pts',(-2.58515091623621,3.05201633286882,6.07195569661945));
#4779=CARTESIAN_POINT('Ctrl Pts',(-2.02398483492529,2.82622131120353,6.28960548254386));
#4780=CARTESIAN_POINT('Ctrl Pts',(-0.901653172023858,2.37463146869561,6.72490486066396));
#4781=CARTESIAN_POINT('Ctrl Pts',(-0.340487590451089,2.14883664782064,6.94255445287182));
#4782=CARTESIAN_POINT('Ctrl Pts',(0.220677991481337,1.92304182759727,7.16020404482836));
#4783=CARTESIAN_POINT('Origin',(0.337452624804649,0.486245485485161,3.22648555760378));
#4784=CARTESIAN_POINT('',(0.394052768007289,2.20984574820978,7.0446208615554));
#4785=CARTESIAN_POINT('Origin',(2.21604485202341,0.399828864937123,5.82995947221133));
#4786=CARTESIAN_POINT('',(-2.85079444284783,3.76666163180699,5.65729729287229));
#4787=CARTESIAN_POINT('Ctrl Pts',(-2.52690532282123,3.64457412470082,4.12948510721337));
#4788=CARTESIAN_POINT('Ctrl Pts',(-1.29490395472577,3.04803140677517,4.92896095233356));
#4789=CARTESIAN_POINT('Ctrl Pts',(-0.0629025563227313,2.45148877403619,
5.72843680302445));
#4790=CARTESIAN_POINT('Ctrl Pts',(1.16909881182461,1.85494605625633,6.52791264815417));
#4791=CARTESIAN_POINT('Ctrl Pts',(-2.52754696672983,3.64688692958711,4.13239414157741));
#4792=CARTESIAN_POINT('Ctrl Pts',(-1.29543936257009,3.04996907064122,4.93139406814261));
#4793=CARTESIAN_POINT('Ctrl Pts',(-0.0633353563153802,2.45304106449412,
5.730393308077));
#4794=CARTESIAN_POINT('Ctrl Pts',(1.16877224168688,1.85612318818221,6.5293932334671));
#4795=CARTESIAN_POINT('Ctrl Pts',(-2.53871116285664,3.68238221553233,4.17951942370555));
#4796=CARTESIAN_POINT('Ctrl Pts',(-1.30479296092222,3.07959525012147,4.97079387946351));
#4797=CARTESIAN_POINT('Ctrl Pts',(-0.0708282021058529,2.47697550598654,
5.76210363188463));
#4798=CARTESIAN_POINT('Ctrl Pts',(1.16309007950643,1.87418882675965,6.55337814804962));
#4799=CARTESIAN_POINT('Ctrl Pts',(-2.6499302941287,3.85759428063345,4.51780136245648));
#4800=CARTESIAN_POINT('Ctrl Pts',(-1.39775592280107,3.22631627473979,5.25374624985695));
#4801=CARTESIAN_POINT('Ctrl Pts',(-0.145690237355713,2.59464385865522,5.98960576994375));
#4802=CARTESIAN_POINT('Ctrl Pts',(1.10648394796594,1.96336517776447,6.72555051124585));
#4803=CARTESIAN_POINT('Ctrl Pts',(-2.91712550554193,3.95278980748297,5.09096181739895));
#4804=CARTESIAN_POINT('Ctrl Pts',(-1.62135729664269,3.3054177294667,5.7329798569642));
#4805=CARTESIAN_POINT('Ctrl Pts',(-0.325276918076941,2.65918544600906,6.37524820980838));
#4806=CARTESIAN_POINT('Ctrl Pts',(0.970491825072235,2.01181531864729,7.01726667776199));
#4807=CARTESIAN_POINT('Ctrl Pts',(-3.16171090117866,3.91583342618403,5.524366001417));
#4808=CARTESIAN_POINT('Ctrl Pts',(-1.82580475547549,3.27489110380482,6.09552820415696));
#4809=CARTESIAN_POINT('Ctrl Pts',(-0.48989860977233,2.63394878142562,6.66669040689693));
#4810=CARTESIAN_POINT('Ctrl Pts',(0.846007535930831,1.99300645904641,7.23785260963689));
#4811=CARTESIAN_POINT('',(1.16909713051007,1.85495734811611,6.52792460265569));
#4812=CARTESIAN_POINT('Ctrl Pts',(1.16909600216292,1.85495616429078,6.52792537211832));
#4813=CARTESIAN_POINT('Ctrl Pts',(1.16785596154667,1.85653639642577,6.52875206586248));
#4814=CARTESIAN_POINT('Ctrl Pts',(1.16154335976731,1.86418776420061,6.53296046704873));
#4815=CARTESIAN_POINT('Ctrl Pts',(1.13601647437102,1.89013650675367,6.54997839064625));
#4816=CARTESIAN_POINT('Ctrl Pts',(1.11923766094654,1.90507251695399,6.56116426626315));
#4817=CARTESIAN_POINT('Ctrl Pts',(1.03848046936495,1.97221022656859,6.61500239398421));
#4818=CARTESIAN_POINT('Ctrl Pts',(0.971782393939398,2.01083604446877,6.65946777785453));
#4819=CARTESIAN_POINT('Ctrl Pts',(0.795454098700561,2.10525867409859,6.77701997468042));
#4820=CARTESIAN_POINT('Ctrl Pts',(0.61165699710848,2.17381715003976,6.89955137548795));
#4821=CARTESIAN_POINT('Ctrl Pts',(0.394052768677044,2.20984574754412,7.0446208611089));
#4822=CARTESIAN_POINT('',(-1.93659939004703,3.35876017907211,4.51257541504714));
#4823=CARTESIAN_POINT('Origin',(-2.24614709101931,3.24194829717877,3.88043349050114));
#4824=CARTESIAN_POINT('',(1.22039011441536,1.78839197717252,6.49372929728341));
#4825=CARTESIAN_POINT('Origin',(4.9990795179516,0.000404324925705468,9.01321395337099));
#4826=CARTESIAN_POINT('',(1.22039011441529,1.78839197717251,6.49372929728332));
#4827=CARTESIAN_POINT('Origin',(2.67389746995401,-8.88178419700125E-15,
5.52472439359098));
#4828=CARTESIAN_POINT('',(1.70785334668578,2.21404265176937,6.16875380910313));
#4829=CARTESIAN_POINT('Origin',(5.00028010924806,-0.000180006201703775,
9.01412893691654));
#4830=CARTESIAN_POINT('Origin',(2.67389746995401,-8.88178419700125E-15,
5.52472439359098));
#4831=CARTESIAN_POINT('Origin',(-1.34625176837168,4.02773283288501,3.28050327640516));
#4832=CARTESIAN_POINT('',(1.6710287760724,2.29324177021461,6.19330350561432));
#4833=CARTESIAN_POINT('',(1.67118761858058,2.29289647422238,6.19319762783988));
#4834=CARTESIAN_POINT('',(-1.0280180668215,4.15254181005279,3.90645553725485));
#4835=CARTESIAN_POINT('Ctrl Pts',(-0.969643499497433,5.82529279765069,4.06674346711522));
#4836=CARTESIAN_POINT('Ctrl Pts',(0.0070396836301978,4.87222658645417,4.87613573444346));
#4837=CARTESIAN_POINT('Ctrl Pts',(0.983722866757829,3.91916037525766,5.68552800177171));
#4838=CARTESIAN_POINT('Ctrl Pts',(1.96040604988546,2.96609416406114,6.49492026909996));
#4839=CARTESIAN_POINT('Ctrl Pts',(-1.23768920651533,5.41469555115531,3.97520662881509));
#4840=CARTESIAN_POINT('Ctrl Pts',(-0.216911861276856,4.52872764482802,4.79926302151086));
#4841=CARTESIAN_POINT('Ctrl Pts',(0.803146499390613,3.6429961677954,5.62425559570315));
#4842=CARTESIAN_POINT('Ctrl Pts',(1.82392384462909,2.75702826146811,6.44831198839892));
#4843=CARTESIAN_POINT('Ctrl Pts',(-1.48350088466854,4.87170190277151,3.7442269363008));
#4844=CARTESIAN_POINT('Ctrl Pts',(-0.422831985319603,4.07467875863715,4.60649664871724));
#4845=CARTESIAN_POINT('Ctrl Pts',(0.638093754357298,3.27757254908164,5.46843316313935));
#4846=CARTESIAN_POINT('Ctrl Pts',(1.69876265370623,2.48054940494728,6.33070287555578));
#4847=CARTESIAN_POINT('Ctrl Pts',(-1.53873941038629,4.55134633720534,3.51712517242988));
#4848=CARTESIAN_POINT('Ctrl Pts',(-0.468912063804215,3.80669723910801,4.41639398868493));
#4849=CARTESIAN_POINT('Ctrl Pts',(0.600809224117854,3.0620814192418,5.31579949124309));
#4850=CARTESIAN_POINT('Ctrl Pts',(1.67063657069993,2.31743232114447,6.21506830749815));
#4851=CARTESIAN_POINT('Ctrl Pts',(-1.53809945920015,4.5066555953528,3.47700081657315));
#4852=CARTESIAN_POINT('Ctrl Pts',(-0.468414513010091,3.7693295631763,4.38288241991625));
#4853=CARTESIAN_POINT('Ctrl Pts',(0.601277471732384,3.03200293943863,5.28875638041383));
#4854=CARTESIAN_POINT('Ctrl Pts',(1.67096241792244,2.29467690726213,6.19463798375694));
#4855=CARTESIAN_POINT('Ctrl Pts',(-1.53796658935778,4.50383887474248,3.47437829090553));
#4856=CARTESIAN_POINT('Ctrl Pts',(-0.468301035591694,3.76697348423,4.38068641358144));
#4857=CARTESIAN_POINT('Ctrl Pts',(0.601364518174396,3.03010809371752,5.28699453625736));
#4858=CARTESIAN_POINT('Ctrl Pts',(1.67103007194049,2.29324270320505,6.19330265893327));
#4859=CARTESIAN_POINT('',(1.62969731113525,3.28880124620161,6.22085783219282));
#4860=CARTESIAN_POINT('Ctrl Pts',(1.62969731115512,3.28880124625801,6.22085783279019));
#4861=CARTESIAN_POINT('Ctrl Pts',(1.58558239787804,2.99283009607885,6.25026777497491));
#4862=CARTESIAN_POINT('Ctrl Pts',(1.58849485050843,2.73454909124492,6.24832613989203));
#4863=CARTESIAN_POINT('Ctrl Pts',(1.62127702749592,2.47131959239605,6.2264713552337));
#4864=CARTESIAN_POINT('Ctrl Pts',(1.63468104721523,2.41149577591996,6.21753534208376));
#4865=CARTESIAN_POINT('Ctrl Pts',(1.65099484549167,2.35097179268791,6.20665947656614));
#4866=CARTESIAN_POINT('Ctrl Pts',(1.65653080850933,2.33221420913281,6.20296883455405));
#4867=CARTESIAN_POINT('Ctrl Pts',(1.66701433121071,2.30249977138544,6.19597981941979));
#4868=CARTESIAN_POINT('Ctrl Pts',(1.67026873173446,2.29491562299329,6.19381021907063));
#4869=CARTESIAN_POINT('Ctrl Pts',(1.67103007194049,2.29324270320505,6.19330265893327));
#4870=CARTESIAN_POINT('Ctrl Pts',(-0.744653732664455,5.60573756377077,4.25319706744272));
#4871=CARTESIAN_POINT('Ctrl Pts',(-0.348928381501837,5.21958133937327,4.58114067347752));
#4872=CARTESIAN_POINT('Ctrl Pts',(0.0467969682088472,4.83342511429506,4.90908428046282));
#4873=CARTESIAN_POINT('Ctrl Pts',(0.838247314773354,4.06111300767329,5.56497120279657));
#4874=CARTESIAN_POINT('Ctrl Pts',(1.23397231153299,3.67495712608627,5.89291451820751));
#4875=CARTESIAN_POINT('Ctrl Pts',(1.62969731019709,3.28880124537387,6.22085783235021));
#4876=CARTESIAN_POINT('Origin',(0.681601036892774,0.786730330346949,2.99705328285248));
#4877=CARTESIAN_POINT('',(1.91022675381181,3.39835335628962,6.03383820435239));
#4878=CARTESIAN_POINT('Origin',(2.49902998151116,0.646909151006131,5.64130271921949));
#4879=CARTESIAN_POINT('',(-0.266489912038542,5.79246185344915,3.9344276056661));
#4880=CARTESIAN_POINT('Ctrl Pts',(-0.177619124017978,5.03506119690707,2.5674799852509));
#4881=CARTESIAN_POINT('Ctrl Pts',(-0.117111879261701,4.97621992780119,2.64281457138929));
#4882=CARTESIAN_POINT('Ctrl Pts',(0.00390261025085205,4.85853738958944,
2.79348374366606));
#4883=CARTESIAN_POINT('Ctrl Pts',(0.185424344519682,4.6820135822718,3.01948750208123));
#4884=CARTESIAN_POINT('Ctrl Pts',(0.366946078788511,4.50548977495416,3.24549126049639));
#4885=CARTESIAN_POINT('Ctrl Pts',(0.608975057813618,4.27012469853065,3.54682960504994));
#4886=CARTESIAN_POINT('Ctrl Pts',(1.27455475013266,3.62287073836598,4.3755100525722));
#4887=CARTESIAN_POINT('Ctrl Pts',(1.87962719769542,3.03445804730719,5.12885591395607));
#4888=CARTESIAN_POINT('Ctrl Pts',(2.36368515574564,2.56372789446016,5.73153260306317));
#4889=CARTESIAN_POINT('Ctrl Pts',(-0.175927926479486,5.04145883116042,2.57142041133504));
#4890=CARTESIAN_POINT('Ctrl Pts',(-0.115457424730375,4.98252634289264,2.64671158997896));
#4891=CARTESIAN_POINT('Ctrl Pts',(0.00551557980598361,4.86469237846506,
2.79728896870313));
#4892=CARTESIAN_POINT('Ctrl Pts',(0.18696564931916,4.68793228617355,3.02315650499663));
#4893=CARTESIAN_POINT('Ctrl Pts',(0.36839368442245,4.51115084040296,3.24902746929493));
#4894=CARTESIAN_POINT('Ctrl Pts',(0.610325188949983,4.27546885523751,3.55018448328887));
#4895=CARTESIAN_POINT('Ctrl Pts',(1.27555970076405,3.62726865381443,4.37837827059832));
#4896=CARTESIAN_POINT('Ctrl Pts',(1.88078225746414,3.03844531679782,5.13120954084023));
#4897=CARTESIAN_POINT('Ctrl Pts',(2.36454627145703,2.56698541065558,5.73353896999158));
#4898=CARTESIAN_POINT('Ctrl Pts',(-0.157951322876587,5.1279817550555,2.6296639021311));
#4899=CARTESIAN_POINT('Ctrl Pts',(-0.0976738947081235,5.06805453066425,
2.70427170978123));
#4900=CARTESIAN_POINT('Ctrl Pts',(0.0228809100489855,4.94820018959294,2.8534874724056));
#4901=CARTESIAN_POINT('Ctrl Pts',(0.203713132395836,4.76841864622132,3.07731107289542));
#4902=CARTESIAN_POINT('Ctrl Pts',(0.384545390258122,4.58863702868484,3.30113457194479));
#4903=CARTESIAN_POINT('Ctrl Pts',(0.625655023151013,4.34892829772187,3.59956603041854));
#4904=CARTESIAN_POINT('Ctrl Pts',(1.28870663791887,3.68972902797921,4.42025218615582));
#4905=CARTESIAN_POINT('Ctrl Pts',(1.89148008542501,3.09045852603396,5.16633264526733));
#4906=CARTESIAN_POINT('Ctrl Pts',(2.37369951077271,2.61104073090398,5.76319510646839));
#4907=CARTESIAN_POINT('Ctrl Pts',(-0.169033602591565,5.45916835102307,2.93342416479331));
#4908=CARTESIAN_POINT('Ctrl Pts',(-0.108630762785674,5.39536701869745,3.00448296257343));
#4909=CARTESIAN_POINT('Ctrl Pts',(0.0121825912652672,5.26777154798142,3.14659914923089));
#4910=CARTESIAN_POINT('Ctrl Pts',(0.193400359105153,5.07637622037423,3.35977384471066));
#4911=CARTESIAN_POINT('Ctrl Pts',(0.374612842687154,4.88497593936158,3.57294951029462));
#4912=CARTESIAN_POINT('Ctrl Pts',(0.616236072331586,4.6297817372616,3.857182522198));
#4913=CARTESIAN_POINT('Ctrl Pts',(1.28068145770363,3.92798034339809,4.63882670052601));
#4914=CARTESIAN_POINT('Ctrl Pts',(1.88483397121013,3.29008336460291,5.34939189274053));
#4915=CARTESIAN_POINT('Ctrl Pts',(2.36805668965726,2.77967270599794,5.91786227498146));
#4916=CARTESIAN_POINT('Ctrl Pts',(-0.280720845463461,5.78839638770624,3.33722774466417));
#4917=CARTESIAN_POINT('Ctrl Pts',(-0.219029001130728,5.72073114993243,3.40356943800185));
#4918=CARTESIAN_POINT('Ctrl Pts',(-0.0956070925853579,5.5854388638618,3.5362478950799));
#4919=CARTESIAN_POINT('Ctrl Pts',(0.089514498968906,5.38248917245805,3.73526703446374));
#4920=CARTESIAN_POINT('Ctrl Pts',(0.274609774111303,5.17951318557646,3.93428956813648));
#4921=CARTESIAN_POINT('Ctrl Pts',(0.521436267952321,4.90891130396567,4.19964871664405));
#4922=CARTESIAN_POINT('Ctrl Pts',(1.20011701236062,4.16466408915549,4.92939825585233));
#4923=CARTESIAN_POINT('Ctrl Pts',(1.81765356958568,3.48862933362165,5.59273546494361));
#4924=CARTESIAN_POINT('Ctrl Pts',(2.31118832424754,2.94730743143116,6.1234690116451));
#4925=CARTESIAN_POINT('Ctrl Pts',(-0.472757177903497,6.01932932858306,3.73548591938591));
#4926=CARTESIAN_POINT('Ctrl Pts',(-0.408800859347933,5.94898560027294,3.79717083001888));
#4927=CARTESIAN_POINT('Ctrl Pts',(-0.280888222236804,5.8082981436527,3.92054065128482));
#4928=CARTESIAN_POINT('Ctrl Pts',(-0.0890192665701106,5.59726695872233,
4.10559538318373));
#4929=CARTESIAN_POINT('Ctrl Pts',(0.102849689096583,5.38623577379197,4.29065011508264));
#4930=CARTESIAN_POINT('Ctrl Pts',(0.35867496331884,5.10486086055149,4.53738975761452));
#4931=CARTESIAN_POINT('Ctrl Pts',(1.06219446743005,4.33107984914015,5.21592377457718));
#4932=CARTESIAN_POINT('Ctrl Pts',(1.70175765298569,3.62764256603894,5.83277288090688));
#4933=CARTESIAN_POINT('Ctrl Pts',(2.21340820143021,3.06489273955797,6.32625216597063));
#4934=CARTESIAN_POINT('',(2.36368664604858,2.56372804947862,5.73153159229669));
#4935=CARTESIAN_POINT('Ctrl Pts',(2.36368515574564,2.56372789446016,5.73153260306317));
#4936=CARTESIAN_POINT('Ctrl Pts',(2.36322656052565,2.56801662156324,5.73183833320983));
#4937=CARTESIAN_POINT('Ctrl Pts',(2.35755416099114,2.60517425624086,5.73561993290006));
#4938=CARTESIAN_POINT('Ctrl Pts',(2.32003111433301,2.73513409194625,5.76063529733882));
#4939=CARTESIAN_POINT('Ctrl Pts',(2.29019611305384,2.80817127461782,5.78052529908536));
#4940=CARTESIAN_POINT('Ctrl Pts',(2.18366309416354,3.03003188433158,5.8515473116789));
#4941=CARTESIAN_POINT('Ctrl Pts',(2.06867842897046,3.21541771504821,5.92820375424663));
#4942=CARTESIAN_POINT('Ctrl Pts',(1.9102267540281,3.39835335527797,6.0338382042082));
#4943=CARTESIAN_POINT('',(0.226437111747695,4.6421300396818,3.07055047574591));
#4944=CARTESIAN_POINT('Origin',(-0.155031791963615,4.49291000890559,2.48635662446402));
#4945=CARTESIAN_POINT('',(2.372628624145,2.47364063843566,5.72557029079698));
#4946=CARTESIAN_POINT('Origin',(4.99846828166631,0.00130774189548932,9.01193294106976));
#4947=CARTESIAN_POINT('',(2.37262862414494,2.47364063843566,5.72557029079688));
#4948=CARTESIAN_POINT('Origin',(2.67389746995401,-8.88178419700125E-15,
5.52472439359098));
#4949=CARTESIAN_POINT('',(2.97516631576301,2.47364063843566,5.32387849638498));
#4950=CARTESIAN_POINT('Origin',(4.99949272177957,0.000547722632798509,9.0129695999444));
#4951=CARTESIAN_POINT('Origin',(2.67389746995401,-8.88178419700125E-15,
5.52472439359098));
#4952=CARTESIAN_POINT('Origin',(0.957300018104108,4.49291003992255,1.7448020854213));
#4953=CARTESIAN_POINT('',(2.98410827752864,2.56372804535472,5.31791717131016));
#4954=CARTESIAN_POINT('',(2.98406791249816,2.56333648954042,5.31794409856148));
#4955=CARTESIAN_POINT('',(1.34967230481897,4.64233340734203,2.32132862282787));
#4956=CARTESIAN_POINT('Ctrl Pts',(2.23254451217148,6.01932932858308,1.93195145933595));
#4957=CARTESIAN_POINT('Ctrl Pts',(2.68532318065377,5.03451713176949,3.09061340309442));
#4958=CARTESIAN_POINT('Ctrl Pts',(3.13810184913605,4.0497049349559,4.2492753468529));
#4959=CARTESIAN_POINT('Ctrl Pts',(3.59088051761834,3.06489273814231,5.40793729061138));
#4960=CARTESIAN_POINT('Ctrl Pts',(1.90143218994266,5.84612960804453,1.95001752525379));
#4961=CARTESIAN_POINT('Ctrl Pts',(2.40841355385896,4.88957982803327,3.10566165978112));
#4962=CARTESIAN_POINT('Ctrl Pts',(2.91530499702589,3.9332535295222,4.26149194738052));
#4963=CARTESIAN_POINT('Ctrl Pts',(3.42228636094218,2.97670374951094,5.41713608190785));
#4964=CARTESIAN_POINT('Ctrl Pts',(1.45030098983932,5.52960470886518,1.92066676583304));
#4965=CARTESIAN_POINT('Ctrl Pts',(2.0310460766962,4.62494756408823,3.08120256740414));
#4966=CARTESIAN_POINT('Ctrl Pts',(2.61183649076658,3.72019429050541,4.24165560386251));
#4967=CARTESIAN_POINT('Ctrl Pts',(3.19258157762347,2.81553714572846,5.40219140543361));
#4968=CARTESIAN_POINT('Ctrl Pts',(1.15525298305616,5.21042431992842,1.82631870515311));
#4969=CARTESIAN_POINT('Ctrl Pts',(1.78429590224581,4.35793563822184,3.00224538685855));
#4970=CARTESIAN_POINT('Ctrl Pts',(2.41330755393203,3.5055071143345,4.17822503853224));
#4971=CARTESIAN_POINT('Ctrl Pts',(3.04235047312168,2.65301843262791,5.35415172023768));
#4972=CARTESIAN_POINT('Ctrl Pts',(1.05897554468836,5.0712368189234,1.7720581672532));
#4973=CARTESIAN_POINT('Ctrl Pts',(1.70375543286982,4.24154829058263,2.95688703382307));
#4974=CARTESIAN_POINT('Ctrl Pts',(2.34854850862696,3.41183614832769,4.14169473772682));
#4975=CARTESIAN_POINT('Ctrl Pts',(2.99332839680842,2.58214761998691,5.32652360429669));
#4976=CARTESIAN_POINT('Ctrl Pts',(1.04236397757532,5.03826000853719,1.75669185872283));
#4977=CARTESIAN_POINT('Ctrl Pts',(1.68987815667118,4.21393914538865,2.94400959582684));
#4978=CARTESIAN_POINT('Ctrl Pts',(2.33735602102075,3.38967751172276,4.13138172519014));
#4979=CARTESIAN_POINT('Ctrl Pts',(2.98487020011661,2.56535664857423,5.31869946229416));
#4980=CARTESIAN_POINT('Ctrl Pts',(1.04087054955015,5.03506119113555,1.75515353163356));
#4981=CARTESIAN_POINT('Ctrl Pts',(1.68861696094059,4.21128342420279,2.94274108255992));
#4982=CARTESIAN_POINT('Ctrl Pts',(2.33636337233102,3.38750565727003,4.13032863348627));
#4983=CARTESIAN_POINT('Ctrl Pts',(2.98410978372146,2.56372789033726,5.31791618441262));
#4984=CARTESIAN_POINT('',(3.43756560116992,3.39835037043697,5.01561230550356));
#4985=CARTESIAN_POINT('Ctrl Pts',(3.43756560126734,3.39835037066733,5.01561230604871));
#4986=CARTESIAN_POINT('Ctrl Pts',(3.3013223461459,3.24102168943461,5.10644114279633));
#4987=CARTESIAN_POINT('Ctrl Pts',(3.15795835920095,3.03817250888999,5.20201713409609));
#4988=CARTESIAN_POINT('Ctrl Pts',(3.03954496486022,2.76206354238935,5.28095939698991));
#4989=CARTESIAN_POINT('Ctrl Pts',(3.01672434354575,2.70090891324733,5.29617314453006));
#4990=CARTESIAN_POINT('Ctrl Pts',(2.98765957098147,2.59352124924761,5.31554965957291));
#4991=CARTESIAN_POINT('Ctrl Pts',(2.98439238442791,2.56637073800848,5.31772778394166));
#4992=CARTESIAN_POINT('Ctrl Pts',(2.98410978372146,2.56372789033727,5.31791618441262));
#4993=CARTESIAN_POINT('Ctrl Pts',(2.33684429933831,5.79246255584373,2.19886504609721));
#4994=CARTESIAN_POINT('Ctrl Pts',(2.52029793154236,5.39344368050232,2.66832313143393));
#4995=CARTESIAN_POINT('Ctrl Pts',(2.70375156323517,4.99442480531769,3.13778121710368));
#4996=CARTESIAN_POINT('Ctrl Pts',(3.07065866308039,4.19638741024825,4.07669697059443));
#4997=CARTESIAN_POINT('Ctrl Pts',(3.25411213120075,3.79736889037426,4.54615463843713));
#4998=CARTESIAN_POINT('Ctrl Pts',(3.43756559996635,3.39835037027749,5.01561230583834));
#4999=CARTESIAN_POINT('Origin',(1.10698014007191,0.786710928992961,2.7134672140361));
#5000=CARTESIAN_POINT('',(3.71809699696966,3.28880548804912,4.82859137558049));
#5001=CARTESIAN_POINT('Origin',(2.8488085480377,0.646892129016252,5.4081170082018));
#5002=CARTESIAN_POINT('',(2.81500819059715,5.60573852561098,1.88009553724226));
#5003=CARTESIAN_POINT('Ctrl Pts',(2.40121801782424,4.5038388798246,0.848255224022758));
#5004=CARTESIAN_POINT('Ctrl Pts',(2.82640030175855,3.76697348883372,2.18421885839589));
#5005=CARTESIAN_POINT('Ctrl Pts',(3.25158258569286,3.03010809784285,3.52018249276901));
#5006=CARTESIAN_POINT('Ctrl Pts',(3.67676486962718,2.29324270685197,4.85614612714214));
#5007=CARTESIAN_POINT('Ctrl Pts',(2.40368991432144,4.50665560019301,0.84914123857971));
#5008=CARTESIAN_POINT('Ctrl Pts',(2.82843992460953,3.7693252270007,2.18496841794877));
#5009=CARTESIAN_POINT('Ctrl Pts',(3.25327348753729,3.03200728397886,3.52077008434237));
#5010=CARTESIAN_POINT('Ctrl Pts',(3.67802349782538,2.29467691078654,4.85659726371144));
#5011=CARTESIAN_POINT('Ctrl Pts',(2.42845493728101,4.53644850487042,0.859071949106132));
#5012=CARTESIAN_POINT('Ctrl Pts',(2.84919188822296,3.7942498273216,2.19326276723335));
#5013=CARTESIAN_POINT('Ctrl Pts',(3.26989628044683,3.0520453941811,3.52746291631869));
#5014=CARTESIAN_POINT('Ctrl Pts',(3.69063323138878,2.30984671663228,4.8616537344459));
#5015=CARTESIAN_POINT('Ctrl Pts',(2.51753065586304,4.67844833072032,0.918133645696905));
#5016=CARTESIAN_POINT('Ctrl Pts',(2.92365605078732,3.91301001652589,2.24267200094554));
#5017=CARTESIAN_POINT('Ctrl Pts',(3.32986297625666,3.14758780934379,3.56718812570865));
#5018=CARTESIAN_POINT('Ctrl Pts',(3.73598837118094,2.38214949514935,4.89172648095729));
#5019=CARTESIAN_POINT('Ctrl Pts',(2.67793632448287,5.05020724839934,1.10224329148351));
#5020=CARTESIAN_POINT('Ctrl Pts',(3.05788773096396,4.22396100394003,2.3966415384767));
#5021=CARTESIAN_POINT('Ctrl Pts',(3.43771154043745,3.39768613152156,3.6910722851451));
#5022=CARTESIAN_POINT('Ctrl Pts',(3.81766294691854,2.57143988706226,4.98547053213828));
#5023=CARTESIAN_POINT('Ctrl Pts',(2.74338005230561,5.51734488923576,1.3887189677579));
#5024=CARTESIAN_POINT('Ctrl Pts',(3.11248598387552,4.61463613383652,2.63628005363065));
#5025=CARTESIAN_POINT('Ctrl Pts',(3.48187933338513,3.71200350728426,3.88377573341219));
#5026=CARTESIAN_POINT('Ctrl Pts',(3.85098526495504,2.80929475188502,5.13133681928493));
#5027=CARTESIAN_POINT('Ctrl Pts',(2.7294308337654,5.82529279765068,1.60069391160665));
#5028=CARTESIAN_POINT('Ctrl Pts',(3.100914779149,4.87222658691084,2.8135523367311));
#5029=CARTESIAN_POINT('Ctrl Pts',(3.47239872453259,3.919160376171,4.02641076185554));
#5030=CARTESIAN_POINT('Ctrl Pts',(3.84388266991619,2.96609416543116,5.23926918697998));
#5031=CARTESIAN_POINT('',(3.67676614960312,2.29324177385177,4.85614525659366));
#5032=CARTESIAN_POINT('Ctrl Pts',(3.67676486962718,2.29324270685197,4.85614612714214));
#5033=CARTESIAN_POINT('Ctrl Pts',(3.67820856394361,2.29641498748419,4.85518366426453));
#5034=CARTESIAN_POINT('Ctrl Pts',(3.69165623458314,2.32763202019984,4.84621855050594));
#5035=CARTESIAN_POINT('Ctrl Pts',(3.7232244174107,2.4547908961041,4.82517309528757));
#5036=CARTESIAN_POINT('Ctrl Pts',(3.73621878766943,2.53536113413999,4.81651018200909));
#5037=CARTESIAN_POINT('Ctrl Pts',(3.76328793756437,2.83083978740278,4.79846408207913));
#5038=CARTESIAN_POINT('Ctrl Pts',(3.75154685959466,3.06413094216365,4.80629146716383));
#5039=CARTESIAN_POINT('Ctrl Pts',(3.71809699664988,3.28880548707788,4.82859137579368));
#5040=CARTESIAN_POINT('',(2.60402456050525,4.15236345854096,1.4854928890724));
#5041=CARTESIAN_POINT('Origin',(2.14851997875704,4.02773280562507,0.950655443983576));
#5042=CARTESIAN_POINT('',(3.63994159322224,2.21404265176937,4.88069497807883));
#5043=CARTESIAN_POINT('Origin',(4.99950038467684,0.000669578943034987,9.01250084260288));
#5044=CARTESIAN_POINT('',(3.63994159322217,2.21404265176938,4.88069497807873));
#5045=CARTESIAN_POINT('Origin',(2.67389746995401,-8.88178419700125E-15,
5.52472439359098));
#5046=CARTESIAN_POINT('',(4.12740482549266,1.78839197717252,4.55571948989855));
#5047=CARTESIAN_POINT('Origin',(5.00007522653576,-0.000116229087653019,
9.01419704654724));
#5048=CARTESIAN_POINT('Origin',(2.67389746995401,-8.88178419700125E-15,
5.52472439359098));
#5049=CARTESIAN_POINT('Origin',(3.0484153317434,3.24194832010533,0.350725209661766));
#5050=CARTESIAN_POINT('',(4.17869779113148,1.85495734508013,4.5215241622416));
#5051=CARTESIAN_POINT('',(4.17847363966947,1.85466909045686,4.52167361378061));
#5052=CARTESIAN_POINT('',(3.51280507713864,3.35891143013574,0.879240107948093));
#5053=CARTESIAN_POINT('Ctrl Pts',(4.91806587594733,3.91418664547581,0.141603883485381));
#5054=CARTESIAN_POINT('Ctrl Pts',(4.93147097812693,3.27379324969249,1.59318153811232));
#5055=CARTESIAN_POINT('Ctrl Pts',(4.94487608030652,2.63339985390917,3.04475919273925));
#5056=CARTESIAN_POINT('Ctrl Pts',(4.95828118248612,1.99300645812585,4.49633684736619));
#5057=CARTESIAN_POINT('Ctrl Pts',(4.54761909758337,3.9418915456743,0.185892920159331));
#5058=CARTESIAN_POINT('Ctrl Pts',(4.62161647332892,3.29687024119472,1.63019304680049));
#5059=CARTESIAN_POINT('Ctrl Pts',(4.69566152360938,2.65213440851133,3.07458759632453));
#5060=CARTESIAN_POINT('Ctrl Pts',(4.76965889935493,2.00711310403175,4.51888772296569));
#5061=CARTESIAN_POINT('Ctrl Pts',(3.99874766442585,3.89688472729216,0.22170391014706));
#5062=CARTESIAN_POINT('Ctrl Pts',(4.16256594787812,3.25936495346516,1.6601909139879));
#5063=CARTESIAN_POINT('Ctrl Pts',(4.32636893760951,2.62171652567126,3.09863478427857));
#5064=CARTESIAN_POINT('Ctrl Pts',(4.49018722106178,1.98419675184426,4.53712178811941));
#5065=CARTESIAN_POINT('Ctrl Pts',(3.57829303855741,3.75219633246367,0.210959023065434));
#5066=CARTESIAN_POINT('Ctrl Pts',(3.81089377572494,3.13827897434991,1.65118049278562));
#5067=CARTESIAN_POINT('Ctrl Pts',(4.04350144896797,2.52444237903983,3.09142928922123));
#5068=CARTESIAN_POINT('Ctrl Pts',(4.2761021861355,1.91052502092607,4.53165075894142));
#5069=CARTESIAN_POINT('Ctrl Pts',(3.42189053965065,3.66898628072278,0.196781991426457));
#5070=CARTESIAN_POINT('Ctrl Pts',(3.68008301160353,3.06872071289602,1.63933580214871));
#5071=CARTESIAN_POINT('Ctrl Pts',(3.93827345290507,2.46842210060415,3.08187835642151));
#5072=CARTESIAN_POINT('Ctrl Pts',(4.19646592485795,1.86815653277739,4.52443216714376));
#5073=CARTESIAN_POINT('Ctrl Pts',(3.38999286951373,3.64542034261971,0.191605930763881));
#5074=CARTESIAN_POINT('Ctrl Pts',(3.65340263848234,3.04897153877855,1.6349932746194));
#5075=CARTESIAN_POINT('Ctrl Pts',(3.91681465584347,2.45260614723766,3.07840930197499));
#5076=CARTESIAN_POINT('Ctrl Pts',(4.18022442481208,1.8561573433965,4.52179664583051));
#5077=CARTESIAN_POINT('Ctrl Pts',(3.38699686798558,3.64306126795038,0.191069319343281));
#5078=CARTESIAN_POINT('Ctrl Pts',(3.65089755711438,3.04702623238915,1.63455401844405));
#5079=CARTESIAN_POINT('Ctrl Pts',(3.91479824624319,2.45099119682794,3.07803871754482));
#5080=CARTESIAN_POINT('Ctrl Pts',(4.178698935372,1.85495616126672,4.52152341664559));
#5081=CARTESIAN_POINT('',(4.9537386203159,2.20984515847463,4.00483029273958));
#5082=CARTESIAN_POINT('Ctrl Pts',(4.95373862056115,2.2098451587911,4.00483029318617));
#5083=CARTESIAN_POINT('Ctrl Pts',(4.76660812004224,2.1788160101532,4.12958396019878));
#5084=CARTESIAN_POINT('Ctrl Pts',(4.55140437291848,2.11599431119207,4.27305312495105));
#5085=CARTESIAN_POINT('Ctrl Pts',(4.3205452350495,1.97625229015269,4.4269592168637));
#5086=CARTESIAN_POINT('Ctrl Pts',(4.27217470203978,1.9428981779698,4.45920623886737));
#5087=CARTESIAN_POINT('Ctrl Pts',(4.19613772556599,1.87654891028978,4.50989755651657));
#5088=CARTESIAN_POINT('Ctrl Pts',(4.18021804498351,1.85689202190972,4.52051067690459));
#5089=CARTESIAN_POINT('Ctrl Pts',(4.178698935372,1.85495616126672,4.5215234166456));
#5090=CARTESIAN_POINT('Ctrl Pts',(4.92114958737827,3.76666373034438,0.475994854070616));
#5091=CARTESIAN_POINT('Ctrl Pts',(4.92658109539703,3.50719385255824,1.06413435553083));
#5092=CARTESIAN_POINT('Ctrl Pts',(4.9320126030782,3.24772397525755,1.65227385720834));
#5093=CARTESIAN_POINT('Ctrl Pts',(4.94287561345696,2.72878445184461,2.82855233701004));
#5094=CARTESIAN_POINT('Ctrl Pts',(4.94830711613393,2.46931480576388,3.41669131514834));
#5095=CARTESIAN_POINT('Ctrl Pts',(4.95373861922298,2.20984515904339,4.00483029300059));
#5096=CARTESIAN_POINT('Origin',(1.45110957506512,0.486194692100737,2.48404759072534));
#5097=CARTESIAN_POINT('',(5.1271185118441,1.92304570576103,3.88924369899753));
#5098=CARTESIAN_POINT('Origin',(3.13177702775027,0.399784300825485,5.21947135506009));
#5099=CARTESIAN_POINT('',(5.21667232612075,3.2778136130341,0.278986113559862));
#5100=CARTESIAN_POINT('Origin',(1.5825435941241,-3.13920308169305E-5,2.39642491125547));
#5101=CARTESIAN_POINT('',(5.59908980881428,0.177254206857307,3.57459616707346));
#5102=CARTESIAN_POINT('Ctrl Pts',(6.02114534832023,0.302127383488151,-0.257335653213819));
#5103=CARTESIAN_POINT('Ctrl Pts',(5.95080272707807,0.281315176773176,0.381319934424213));
#5104=CARTESIAN_POINT('Ctrl Pts',(5.88046010573539,0.260502971918939,1.01997552211181));
#5105=CARTESIAN_POINT('Ctrl Pts',(5.73977492561942,0.218878581424148,2.29728612889923));
#5106=CARTESIAN_POINT('Ctrl Pts',(5.66943236684069,0.198066395904527,2.93594114800239));
#5107=CARTESIAN_POINT('Ctrl Pts',(5.5990898081664,0.177254207938508,3.57459616703734));
#5108=CARTESIAN_POINT('',(5.59909297063293,-0.177252174208241,3.57459405980498));
#5109=CARTESIAN_POINT('Origin',(3.23985107907633,-2.75421231604733E-5,5.14742198750938));
#5110=CARTESIAN_POINT('',(6.02114842432385,-0.302124690934702,-0.257331285242204));
#5111=CARTESIAN_POINT('Ctrl Pts',(4.60427186106401,-0.859535764623404,-0.620447338154127));
#5112=CARTESIAN_POINT('Ctrl Pts',(4.6690162663601,-0.718908585416749,0.955808215316825));
#5113=CARTESIAN_POINT('Ctrl Pts',(4.7337606716562,-0.578281406210093,2.53206376878778));
#5114=CARTESIAN_POINT('Ctrl Pts',(4.7985050769523,-0.437654227003438,4.10831932225873));
#5115=CARTESIAN_POINT('Ctrl Pts',(4.6080727793965,-0.860154010165591,-0.620447338154127));
#5116=CARTESIAN_POINT('Ctrl Pts',(4.67219679497669,-0.719428820077455,0.955808215316825));
#5117=CARTESIAN_POINT('Ctrl Pts',(4.73631639442417,-0.578694212340358,2.53206376878778));
#5118=CARTESIAN_POINT('Ctrl Pts',(4.80044041000436,-0.437969022252223,4.10831932225873));
#5119=CARTESIAN_POINT('Ctrl Pts',(4.66761909686886,-0.868017462129005,-0.620447338154127));
#5120=CARTESIAN_POINT('Ctrl Pts',(4.72196632553343,-0.725953955019458,0.955808215316824));
#5121=CARTESIAN_POINT('Ctrl Pts',(4.77641268474719,-0.584036403467153,2.53206376878778));
#5122=CARTESIAN_POINT('Ctrl Pts',(4.83075991341175,-0.441972896357606,4.10831932225873));
#5123=CARTESIAN_POINT('Ctrl Pts',(5.06353337206867,-0.845151430384635,-0.620447338154127));
#5124=CARTESIAN_POINT('Ctrl Pts',(5.05322349471029,-0.707000800443742,0.955808215316828));
#5125=CARTESIAN_POINT('Ctrl Pts',(5.04265948977249,-0.568480711817006,2.53206376878778));
#5126=CARTESIAN_POINT('Ctrl Pts',(5.03234961241411,-0.430330081876114,4.10831932225873));
#5127=CARTESIAN_POINT('Ctrl Pts',(5.65579177874023,-0.604660598086153,-0.620447338154127));
#5128=CARTESIAN_POINT('Ctrl Pts',(5.54827037612541,-0.505403184979314,0.955808215316824));
#5129=CARTESIAN_POINT('Ctrl Pts',(5.44143426094193,-0.407135546334695,2.53206376878778));
#5130=CARTESIAN_POINT('Ctrl Pts',(5.3339128583271,-0.307878133227856,4.10831932225873));
#5131=CARTESIAN_POINT('Ctrl Pts',(6.06114270838351,-0.313957702108277,-0.620447338154127));
#5132=CARTESIAN_POINT('Ctrl Pts',(5.88753096125503,-0.262591618397921,0.955808215316826));
#5133=CARTESIAN_POINT('Ctrl Pts',(5.71391921412655,-0.211225534687565,2.53206376878778));
#5134=CARTESIAN_POINT('Ctrl Pts',(5.54030746699807,-0.15985945097721,4.10831932225873));
#5135=CARTESIAN_POINT('',(4.79850472868321,-0.437655987454616,4.10831953720693));
#5136=CARTESIAN_POINT('Ctrl Pts',(4.7985050769523,-0.437654227003438,4.10831932225873));
#5137=CARTESIAN_POINT('Ctrl Pts',(4.80028110494799,-0.438056654118517,4.10713530359494));
#5138=CARTESIAN_POINT('Ctrl Pts',(4.80912989992979,-0.439787253875109,4.10123610694041));
#5139=CARTESIAN_POINT('Ctrl Pts',(4.8424739167827,-0.442749894639095,4.0790067623718));
#5140=CARTESIAN_POINT('Ctrl Pts',(4.86335149174645,-0.44298291673037,4.06508837906321));
#5141=CARTESIAN_POINT('Ctrl Pts',(4.9615037591036,-0.440260016739805,3.99965353415844));
#5142=CARTESIAN_POINT('Ctrl Pts',(5.03432642486061,-0.424404585321287,3.95110509054043));
#5143=CARTESIAN_POINT('Ctrl Pts',(5.22319985458702,-0.376217506799487,3.82518947072282));
#5144=CARTESIAN_POINT('Ctrl Pts',(5.40542077448795,-0.301830612854496,3.70370885723497));
#5145=CARTESIAN_POINT('Ctrl Pts',(5.59909296976554,-0.177252174142852,3.57459406038324));
#5146=CARTESIAN_POINT('',(4.63515411476067,-0.792458397783065,0.131406411531904));
#5147=CARTESIAN_POINT('Origin',(4.1283591711764,-0.7526725256995,-0.369237350962658));
#5148=CARTESIAN_POINT('',(4.72445292830453,-0.420038365837101,4.1576874213573));
#5149=CARTESIAN_POINT('Origin',(4.99991305209579,-6.43348821863232E-5,9.01305372644548));
#5150=CARTESIAN_POINT('',(4.72445292830446,-0.420038365837099,4.1576874213572));
#5151=CARTESIAN_POINT('Origin',(2.67389746995401,-8.88178419700125E-15,
5.52472439359098));
#5152=CARTESIAN_POINT('',(4.53825854184311,-1.10875562466914,4.28181701233158));
#5153=CARTESIAN_POINT('Origin',(5.03337035983392,0.0520899079697705,9.25235009483885));
#5154=CARTESIAN_POINT('Origin',(2.67389746995401,-8.88178419700125E-15,
5.52472439359098));
#5155=CARTESIAN_POINT('Origin',(3.78462976362708,-2.02409858128756,-0.140084411597328));
#5156=CARTESIAN_POINT('',(4.6067838976148,-1.14681508327437,4.23613342458606));
#5157=CARTESIAN_POINT('',(4.60648653287469,-1.14664793843619,4.23633168497714));
#5158=CARTESIAN_POINT('',(4.28797556504458,-2.07662038102839,0.362459782677466));
#5159=CARTESIAN_POINT('Ctrl Pts',(5.22515851123728,-3.40619241243571,-0.0631245400412486));
#5160=CARTESIAN_POINT('Ctrl Pts',(5.18832071154589,-2.84891108600425,1.42194838249968));
#5161=CARTESIAN_POINT('Ctrl Pts',(5.15148291185449,-2.29162975957278,2.9070213050406));
#5162=CARTESIAN_POINT('Ctrl Pts',(5.1146451121631,-1.73434843314132,4.39209422758153));
#5163=CARTESIAN_POINT('Ctrl Pts',(5.06797149402086,-3.08112190758554,-0.161008677464998));
#5164=CARTESIAN_POINT('Ctrl Pts',(5.05675716633221,-2.57705824571184,1.34009925146563));
#5165=CARTESIAN_POINT('Ctrl Pts',(5.04582372136911,-2.07289428143261,2.84114613115171));
#5166=CARTESIAN_POINT('Ctrl Pts',(5.03460939368045,-1.56883061955891,4.34225406008234));
#5167=CARTESIAN_POINT('Ctrl Pts',(4.75747203377973,-2.64180053142102,-0.284111782378597));
#5168=CARTESIAN_POINT('Ctrl Pts',(4.79719299942363,-2.20956318555871,1.23710676666782));
#5169=CARTESIAN_POINT('Ctrl Pts',(4.83678982785344,-1.77737645063343,2.75835447271811));
#5170=CARTESIAN_POINT('Ctrl Pts',(4.87651079349734,-1.34513910477112,4.27957302176452));
#5171=CARTESIAN_POINT('Ctrl Pts',(4.4202280510634,-2.35946340844714,-0.350330864512423));
#5172=CARTESIAN_POINT('Ctrl Pts',(4.51505818497676,-1.9734468981329,1.18173767404387));
#5173=CARTESIAN_POINT('Ctrl Pts',(4.60996441393825,-1.5873965763829,2.71378737406209));
#5174=CARTESIAN_POINT('Ctrl Pts',(4.70479454785161,-1.20138006606866,4.24585591261838));
#5175=CARTESIAN_POINT('Ctrl Pts',(4.26827673911391,-2.26889032065417,-0.367475305438993));
#5176=CARTESIAN_POINT('Ctrl Pts',(4.38800306404423,-1.89767617274287,1.16738926996496));
#5177=CARTESIAN_POINT('Ctrl Pts',(4.50769839530052,-1.52647665105985,2.70226181443423));
#5178=CARTESIAN_POINT('Ctrl Pts',(4.62742472023084,-1.15526250314855,4.23712638983819));
#5179=CARTESIAN_POINT('Ctrl Pts',(4.23133856556442,-2.25366192033353,-0.369291199936563));
#5180=CARTESIAN_POINT('Ctrl Pts',(4.3570725085196,-1.88495718328777,1.1658800279279));
#5181=CARTESIAN_POINT('Ctrl Pts',(4.48288277829568,-1.51621331762114,2.70103055367352));
#5182=CARTESIAN_POINT('Ctrl Pts',(4.60861672125087,-1.14750858057538,4.23620178153799));
#5183=CARTESIAN_POINT('Ctrl Pts',(4.22773783713243,-2.25230318805086,-0.369424660087941));
#5184=CARTESIAN_POINT('Ctrl Pts',(4.35408633139377,-1.88380770800097,1.1657615022578));
#5185=CARTESIAN_POINT('Ctrl Pts',(4.48043482565512,-1.51531222795108,2.70094766460354));
#5186=CARTESIAN_POINT('Ctrl Pts',(4.60678331991646,-1.14681674790118,4.23613382694929));
#5187=CARTESIAN_POINT('',(5.12711694747609,-1.92304182876107,3.88924474129945));
#5188=CARTESIAN_POINT('Ctrl Pts',(5.12711694799688,-1.92304182862175,3.88924474156235));
#5189=CARTESIAN_POINT('Ctrl Pts',(5.04474190383578,-1.71874905640449,3.94416143766975));
#5190=CARTESIAN_POINT('Ctrl Pts',(4.9285291802652,-1.49217190954392,4.0216365867199));
#5191=CARTESIAN_POINT('Ctrl Pts',(4.74660107916572,-1.27146795911161,4.14292198745289));
#5192=CARTESIAN_POINT('Ctrl Pts',(4.70525976454122,-1.22648628062115,4.17048286386641));
#5193=CARTESIAN_POINT('Ctrl Pts',(4.62925788665712,-1.16007595948166,4.22115078245581));
#5194=CARTESIAN_POINT('Ctrl Pts',(4.60878370443111,-1.14795438114727,4.23480023727286));
#5195=CARTESIAN_POINT('Ctrl Pts',(4.60678331991646,-1.14681674790118,4.23613382694929));
#5196=CARTESIAN_POINT('Ctrl Pts',(5.21667058889139,-3.27781135402757,0.27898085306195));
#5197=CARTESIAN_POINT('Ctrl Pts',(5.20174497512066,-3.05201633288713,0.880691769048459));
#5198=CARTESIAN_POINT('Ctrl Pts',(5.18681936162726,-2.82622131121489,1.48240268484229));
#5199=CARTESIAN_POINT('Ctrl Pts',(5.15696814801741,-2.37463146868678,2.68582398063637));
#5200=CARTESIAN_POINT('Ctrl Pts',(5.14204254791963,-2.14883664779743,3.28753436062452));
#5201=CARTESIAN_POINT('Ctrl Pts',(5.12711694743931,-1.92304182758276,3.88924474085636));
#5202=CARTESIAN_POINT('Origin',(1.45107886954761,-0.486245485504677,2.48406806119975));
#5203=CARTESIAN_POINT('',(4.95374217190068,-2.20984574820978,4.00482792562648));
#5204=CARTESIAN_POINT('Origin',(3.13175008792513,-0.399828864974604,5.21948931494351));
#5205=CARTESIAN_POINT('',(4.92115395882977,-3.76666163180699,0.475998358420559));
#5206=CARTESIAN_POINT('Ctrl Pts',(3.38629304133253,-3.64457414115116,0.187352818944809));
#5207=CARTESIAN_POINT('Ctrl Pts',(3.65042406698714,-3.04803141770609,1.63207557415329));
#5208=CARTESIAN_POINT('Ctrl Pts',(3.9145550861271,-2.45148877944782,3.07679835948061));
#5209=CARTESIAN_POINT('Ctrl Pts',(4.17868611177058,-1.85494605614855,4.52152111474063));
#5210=CARTESIAN_POINT('Ctrl Pts',(3.38922508923904,-3.64688694514508,0.187879391387372));
#5211=CARTESIAN_POINT('Ctrl Pts',(3.65287594554557,-3.04996908076211,1.63251716507514));
#5212=CARTESIAN_POINT('Ctrl Pts',(3.91652755185045,-2.4530410693637,3.07715135359521));
#5213=CARTESIAN_POINT('Ctrl Pts',(4.18017840944055,-1.85612318761484,4.52178912114722));
#5214=CARTESIAN_POINT('Ctrl Pts',(3.43701927264457,-3.68238243062721,0.195699157078125));
#5215=CARTESIAN_POINT('Ctrl Pts',(3.69284254139297,-3.07959545989432,1.63903691690046));
#5216=CARTESIAN_POINT('Ctrl Pts',(3.94868048432167,-2.47697561242171,3.08243119407387));
#5217=CARTESIAN_POINT('Ctrl Pts',(4.20450377818387,-1.87418892770816,4.52576905062155));
#5218=CARTESIAN_POINT('Ctrl Pts',(3.79205839070178,-3.85761743172907,0.223151513290479));
#5219=CARTESIAN_POINT('Ctrl Pts',(3.98978660924438,-3.22633943946441,1.66206052502866));
#5220=CARTESIAN_POINT('Ctrl Pts',(4.18747670824323,-2.5946556435294,3.10083253604855));
#5221=CARTESIAN_POINT('Ctrl Pts',(4.385204861547,-1.96337695676121,4.53974131331995));
#5222=CARTESIAN_POINT('Ctrl Pts',(4.42389469525762,-3.9527898255647,0.196948308138702));
#5223=CARTESIAN_POINT('Ctrl Pts',(4.51815434461674,-3.30541774149993,1.63997206807563));
#5224=CARTESIAN_POINT('Ctrl Pts',(4.61252498713504,-2.65918545203627,3.08338025898017));
#5225=CARTESIAN_POINT('Ctrl Pts',(4.70678482645091,-2.01181531864724,4.52640467684281));
#5226=CARTESIAN_POINT('Ctrl Pts',(4.918031404162,-3.91583344408625,0.137871090361161));
#5227=CARTESIAN_POINT('Ctrl Pts',(4.93144799693028,-3.27489111573964,1.59069300866729));
#5228=CARTESIAN_POINT('Ctrl Pts',(4.94486458969855,-2.63394878739303,3.04351492697343));
#5229=CARTESIAN_POINT('Ctrl Pts',(4.95828118246683,-1.99300645904642,4.49633684527955));
#5230=CARTESIAN_POINT('',(4.17869779349218,-1.85495734811611,4.52152416066762));
#5231=CARTESIAN_POINT('Ctrl Pts',(4.17869893774504,-1.85495616429077,4.52152341506357));
#5232=CARTESIAN_POINT('Ctrl Pts',(4.1799389724005,-1.85653638882972,4.52069672529327));
#5233=CARTESIAN_POINT('Ctrl Pts',(4.18625151656959,-1.8641877238804,4.51648836251387));
#5234=CARTESIAN_POINT('Ctrl Pts',(4.21177840759653,-1.89013776603405,4.49947043516258));
#5235=CARTESIAN_POINT('Ctrl Pts',(4.228556334612,-1.90507420727927,4.48828515048618));
#5236=CARTESIAN_POINT('Ctrl Pts',(4.30930663849692,-1.97221093070903,4.4344516145629));
#5237=CARTESIAN_POINT('Ctrl Pts',(4.37599421574329,-2.01083346311994,4.38999322997238));
#5238=CARTESIAN_POINT('Ctrl Pts',(4.55233708392154,-2.10526291156233,4.27243131785355));
#5239=CARTESIAN_POINT('Ctrl Pts',(4.73613527550211,-2.17381670841693,4.14989918989219));
#5240=CARTESIAN_POINT('Ctrl Pts',(4.95374217123092,-2.20984574754413,4.00482792607299));
#5241=CARTESIAN_POINT('',(3.51287412823443,-3.35876017904317,0.879593069604775));
#5242=CARTESIAN_POINT('Origin',(3.04841531362616,-3.24194829717565,0.350725220734192));
#5243=CARTESIAN_POINT('',(4.1274048254926,-1.78839197717253,4.55571948989844));
#5244=CARTESIAN_POINT('Ctrl Pts',(4.2273826294042,2.25323937523139,-0.37337358768302));
#5245=CARTESIAN_POINT('Ctrl Pts',(4.35384436174171,1.8844299117199,1.16312870125106));
#5246=CARTESIAN_POINT('Ctrl Pts',(4.48030616769725,1.51562040083962,2.69963096688229));
#5247=CARTESIAN_POINT('Ctrl Pts',(4.60676790016076,1.14681093724706,4.23613325577648));
#5248=CARTESIAN_POINT('Ctrl Pts',(4.23091018083333,2.25456709369051,-0.373244017766671));
#5249=CARTESIAN_POINT('Ctrl Pts',(4.35679748284402,1.88553841632782,1.16323613032892));
#5250=CARTESIAN_POINT('Ctrl Pts',(4.48267600309793,1.51651535941804,2.69971904775661));
#5251=CARTESIAN_POINT('Ctrl Pts',(4.60856329007923,1.14748669167438,4.23619920059174));
#5252=CARTESIAN_POINT('Ctrl Pts',(4.28642329178442,2.2772938779686,-0.370570207634757));
#5253=CARTESIAN_POINT('Ctrl Pts',(4.40316853589849,1.90457049790569,1.16548624014935));
#5254=CARTESIAN_POINT('Ctrl Pts',(4.52007171076964,1.53177727073841,2.70150370277371));
#5255=CARTESIAN_POINT('Ctrl Pts',(4.63681722517168,1.15905377113684,4.23756008383731));
#5256=CARTESIAN_POINT('Ctrl Pts',(4.61904870710814,2.48961093028055,-0.328173585918543));
#5257=CARTESIAN_POINT('Ctrl Pts',(4.68153189341717,2.08205597656639,1.20089878683999));
#5258=CARTESIAN_POINT('Ctrl Pts',(4.74362829806513,1.67466942936265,2.73006571748827));
#5259=CARTESIAN_POINT('Ctrl Pts',(4.8061108224231,1.26711476386502,4.25913825207633));
#5260=CARTESIAN_POINT('Ctrl Pts',(5.01558331986202,2.97401543255514,-0.197510788408686));
#5261=CARTESIAN_POINT('Ctrl Pts',(5.01267105639513,2.48738563014684,1.31029425123547));
#5262=CARTESIAN_POINT('Ctrl Pts',(5.0108412409544,2.00028863666643,2.81783608527468));
#5263=CARTESIAN_POINT('Ctrl Pts',(5.0079308300252,1.51365803469173,4.32564067445998));
#5264=CARTESIAN_POINT('Ctrl Pts',(5.22525324152191,3.40762548984861,-0.0669434809619566));
#5265=CARTESIAN_POINT('Ctrl Pts',(5.18838386508662,2.8498664712132,1.41940242117428));
#5266=CARTESIAN_POINT('Ctrl Pts',(5.15151448865134,2.2921074525778,2.90574832331051));
#5267=CARTESIAN_POINT('Ctrl Pts',(5.11464511221605,1.73434843394239,4.39209422544674));
#5268=CARTESIAN_POINT('',(4.6067839007467,1.14681508503464,4.23613342249794));
#5269=CARTESIAN_POINT('Ctrl Pts',(4.60678332304279,1.14681674967914,4.23613382486508));
#5270=CARTESIAN_POINT('Ctrl Pts',(4.60841698730769,1.14774582644767,4.23504471535514));
#5271=CARTESIAN_POINT('Ctrl Pts',(4.61642236340997,1.15259683796565,4.22970779795362));
#5272=CARTESIAN_POINT('Ctrl Pts',(4.64484576450115,1.17375570595829,4.21075886389284));
#5273=CARTESIAN_POINT('Ctrl Pts',(4.6618500436044,1.18831750106585,4.19942267782458));
#5274=CARTESIAN_POINT('Ctrl Pts',(4.73992977553073,1.25986947061666,4.14736952320703));
#5275=CARTESIAN_POINT('Ctrl Pts',(4.79109926379687,1.32415802659948,4.11325653126756));
#5276=CARTESIAN_POINT('Ctrl Pts',(4.92031873311338,1.49654537623746,4.02711021838989));
#5277=CARTESIAN_POINT('Ctrl Pts',(5.03136331052344,1.68544802616546,3.95308049987797));
#5278=CARTESIAN_POINT('Ctrl Pts',(5.12711851111039,1.92304570520118,3.88924369948668));
#5279=CARTESIAN_POINT('',(4.28797333723033,2.07662632572232,0.362461363605954));
#5280=CARTESIAN_POINT('',(4.28800445976781,2.07653555681709,0.362839515237824));
#5281=CARTESIAN_POINT('Ctrl Pts',(4.28797333723033,2.07662632572231,0.362461363605955));
#5282=CARTESIAN_POINT('Ctrl Pts',(4.29208068306529,2.0789622032203,0.359723133049316));
#5283=CARTESIAN_POINT('Ctrl Pts',(4.35206422016373,2.1211142147394,0.31973410831702));
#5284=CARTESIAN_POINT('Ctrl Pts',(4.39502428126454,2.15859359784358,0.291094067583145));
#5285=CARTESIAN_POINT('Ctrl Pts',(4.400836565223,2.16375791756479,0.287219211610839));
#5286=CARTESIAN_POINT('Ctrl Pts',(4.65765504391085,2.39580692192372,0.116006892485603));
#5287=CARTESIAN_POINT('Ctrl Pts',(4.89756484945349,2.77361268811366,-0.0439329778761527));
#5288=CARTESIAN_POINT('Ctrl Pts',(5.06071086100875,3.10315345762729,-0.152696985579662));
#5289=CARTESIAN_POINT('Ctrl Pts',(4.28797333723033,2.07662632572231,0.362461363605955));
#5290=CARTESIAN_POINT('Ctrl Pts',(3.88858919594816,2.07662632572231,-0.236614848317295));
#5291=CARTESIAN_POINT('Ctrl Pts',(4.29208068306529,2.0789622032203,0.359723133049316));
#5292=CARTESIAN_POINT('Ctrl Pts',(3.89269654178312,2.0789622032203,-0.239353078873934));
#5293=CARTESIAN_POINT('Ctrl Pts',(4.35206422016373,2.1211142147394,0.31973410831702));
#5294=CARTESIAN_POINT('Ctrl Pts',(3.95268007888156,2.1211142147394,-0.27934210360623));
#5295=CARTESIAN_POINT('Ctrl Pts',(4.38918679512294,2.15350083554623,0.294985725010878));
#5296=CARTESIAN_POINT('Ctrl Pts',(3.98980265384077,2.15350083554623,-0.304090486912372));
#5297=CARTESIAN_POINT('Ctrl Pts',(4.39502428126454,2.15859359784358,0.291094067583145));
#5298=CARTESIAN_POINT('Ctrl Pts',(3.99564013998237,2.15859359784358,-0.307982144340105));
#5299=CARTESIAN_POINT('Ctrl Pts',(4.400836565223,2.16375791756479,0.287219211610839));
#5300=CARTESIAN_POINT('Ctrl Pts',(4.00145242394083,2.16375791756479,-0.311857000312411));
#5301=CARTESIAN_POINT('Ctrl Pts',(4.40661039007061,2.16897487202257,0.283369995045768));
#5302=CARTESIAN_POINT('Ctrl Pts',(4.00722624878844,2.16897487202257,-0.315706216877482));
#5303=CARTESIAN_POINT('Ctrl Pts',(4.65765504391085,2.39580692192372,0.116006892485603));
#5304=CARTESIAN_POINT('Ctrl Pts',(4.25827090262868,2.39580692192372,-0.483069319437647));
#5305=CARTESIAN_POINT('Ctrl Pts',(4.89756484945349,2.77361268811366,-0.0439329778761527));
#5306=CARTESIAN_POINT('Ctrl Pts',(4.49818070817132,2.77361268811366,-0.643009189799403));
#5307=CARTESIAN_POINT('Ctrl Pts',(5.06071086100875,3.10315345762729,-0.152696985579662));
#5308=CARTESIAN_POINT('Ctrl Pts',(4.66132671972658,3.10315345762729,-0.751773197502912));
#5309=CARTESIAN_POINT('',(4.28797333723033,2.07662632572232,0.362461363605954));
#5310=CARTESIAN_POINT('Ctrl Pts',(5.76233638968118,0.507900077055784,-0.620447338027944));
#5311=CARTESIAN_POINT('Ctrl Pts',(5.42951627137362,0.507900077055784,-1.11967751548928));
#5312=CARTESIAN_POINT('Ctrl Pts',(5.62167735092589,0.580520771042128,-0.526674645524419));
#5313=CARTESIAN_POINT('Ctrl Pts',(5.28885723261833,0.580520771042128,-1.02590482298576));
#5314=CARTESIAN_POINT('Ctrl Pts',(5.47652670289631,0.644456108249252,-0.429907546838036));
#5315=CARTESIAN_POINT('Ctrl Pts',(5.14370658458876,0.644456108249252,-0.929137724299375));
#5316=CARTESIAN_POINT('Ctrl Pts',(5.31906511933843,0.69679830081373,-0.32493315779945));
#5317=CARTESIAN_POINT('Ctrl Pts',(4.98624500103088,0.696798300813729,-0.824163335260789));
#5318=CARTESIAN_POINT('Ctrl Pts',(5.27740979035783,0.710645051250086,-0.297162938479047));
#5319=CARTESIAN_POINT('Ctrl Pts',(4.94458967205027,0.710645051250086,-0.796393115940386));
#5320=CARTESIAN_POINT('Ctrl Pts',(5.23542423531313,0.723441126838219,-0.269172568449243));
#5321=CARTESIAN_POINT('Ctrl Pts',(4.90260411700557,0.723441126838219,-0.768402745910583));
#5322=CARTESIAN_POINT('Ctrl Pts',(5.06053621722841,0.771432353911432,-0.152580556392764));
#5323=CARTESIAN_POINT('Ctrl Pts',(4.72771609892085,0.771432353911432,-0.651810733854103));
#5324=CARTESIAN_POINT('Ctrl Pts',(4.91243348800036,0.79891717440535,-0.053845403574067));
#5325=CARTESIAN_POINT('Ctrl Pts',(4.5796133696928,0.79891717440535,-0.553075581035406));
#5326=CARTESIAN_POINT('Ctrl Pts',(4.70291567162237,0.803030680714918,0.0858331486371079));
#5327=CARTESIAN_POINT('Ctrl Pts',(4.37009555331482,0.803030680714917,-0.413397028824231));
#5328=CARTESIAN_POINT('Ctrl Pts',(4.65774921618943,0.796697216222104,0.115944110966662));
#5329=CARTESIAN_POINT('Ctrl Pts',(4.32492909788188,0.796697216222103,-0.383286066494677));
#5330=CARTESIAN_POINT('Ctrl Pts',(4.63720989677506,0.792962467185416,0.129636990576243));
#5331=CARTESIAN_POINT('Ctrl Pts',(4.3043897784675,0.792962467185416,-0.369593186885096));
#5332=CARTESIAN_POINT('Ctrl Pts',(4.63637654936104,0.79277364043466,0.130192555518813));
#5333=CARTESIAN_POINT('Ctrl Pts',(4.30355643105348,0.79277364043466,-0.369037621942526));
#5334=CARTESIAN_POINT('Ctrl Pts',(4.6351381605864,0.792493036061781,0.131018148035238));
#5335=CARTESIAN_POINT('Ctrl Pts',(4.30231804227885,0.79249303606178,-0.368212029426101));
#5336=CARTESIAN_POINT('',(4.63513799701431,0.792494107840097,0.131018266777758));
#5337=CARTESIAN_POINT('Ctrl Pts',(5.76233638968118,0.507900077055784,-0.620447338027945));
#5338=CARTESIAN_POINT('Ctrl Pts',(5.62167735092589,0.580520771042128,-0.52667464552442));
#5339=CARTESIAN_POINT('Ctrl Pts',(5.47652670289631,0.644456108249252,-0.429907546838036));
#5340=CARTESIAN_POINT('Ctrl Pts',(5.27740979035783,0.710645051250086,-0.297162938479047));
#5341=CARTESIAN_POINT('Ctrl Pts',(5.23542423531313,0.723441126838219,-0.269172568449244));
#5342=CARTESIAN_POINT('Ctrl Pts',(5.06053621722841,0.771432353911432,-0.152580556392764));
#5343=CARTESIAN_POINT('Ctrl Pts',(4.91243348800036,0.79891717440535,-0.0538454035740671));
#5344=CARTESIAN_POINT('Ctrl Pts',(4.70291567162237,0.803030680714918,0.0858331486371078));
#5345=CARTESIAN_POINT('Ctrl Pts',(4.65774921618943,0.796697216222104,0.115944110966662));
#5346=CARTESIAN_POINT('Ctrl Pts',(4.63720989677506,0.792962467185416,0.129636990576243));
#5347=CARTESIAN_POINT('Ctrl Pts',(4.63637654936104,0.79277364043466,0.130192555518813));
#5348=CARTESIAN_POINT('Ctrl Pts',(4.6351381605864,0.792493036061781,0.131018148035238));
#5349=CARTESIAN_POINT('',(4.63513766255222,0.792496252526155,0.131018480058028));
#5350=CARTESIAN_POINT('Ctrl Pts',(6.06114270838416,0.313957702108441,-0.620447338159803));
#5351=CARTESIAN_POINT('Ctrl Pts',(5.88753096117228,0.262591618373414,0.955808216068327));
#5352=CARTESIAN_POINT('Ctrl Pts',(5.7139192139604,0.211225534638387,2.53206377029646));
#5353=CARTESIAN_POINT('Ctrl Pts',(5.54030746674852,0.159859450903361,4.10831932452459));
#5354=CARTESIAN_POINT('Ctrl Pts',(5.65579174391392,0.604660623062922,-0.620447338159803));
#5355=CARTESIAN_POINT('Ctrl Pts',(5.54827034686449,0.505403205698067,0.955808216068326));
#5356=CARTESIAN_POINT('Ctrl Pts',(5.44143423748941,0.407135563167871,2.53206377029646));
#5357=CARTESIAN_POINT('Ctrl Pts',(5.33391284043998,0.307878145803016,4.10831932452459));
#5358=CARTESIAN_POINT('Ctrl Pts',(5.06353329322375,0.845151458564275,-0.620447338159802));
#5359=CARTESIAN_POINT('Ctrl Pts',(5.05322342986621,0.707000824151332,0.955808216068332));
#5360=CARTESIAN_POINT('Ctrl Pts',(5.04265943561081,0.568480730438406,2.53206377029646));
#5361=CARTESIAN_POINT('Ctrl Pts',(5.03234957225328,0.430330096025464,4.10831932452459));
#5362=CARTESIAN_POINT('Ctrl Pts',(4.66761903110428,0.868017460898947,-0.620447338159803));
#5363=CARTESIAN_POINT('Ctrl Pts',(4.72196627073812,0.725953953925693,0.955808216068324));
#5364=CARTESIAN_POINT('Ctrl Pts',(4.77641264037049,0.584036402500139,2.53206377029646));
#5365=CARTESIAN_POINT('Ctrl Pts',(4.83075988000433,0.441972895526885,4.10831932452459));
#5366=CARTESIAN_POINT('Ctrl Pts',(4.60807277286498,0.860154009103777,-0.620447338159803));
#5367=CARTESIAN_POINT('Ctrl Pts',(4.67219679273893,0.71942881956742,0.955808216068329));
#5368=CARTESIAN_POINT('Ctrl Pts',(4.73631638689702,0.578694211045376,2.53206377029646));
#5369=CARTESIAN_POINT('Ctrl Pts',(4.80044040677097,0.437969021509019,4.10831932452459));
#5370=CARTESIAN_POINT('Ctrl Pts',(4.60427185420591,0.859535763508432,-0.620447338159803));
#5371=CARTESIAN_POINT('Ctrl Pts',(4.66901626065511,0.718908584416725,0.955808216068327));
#5372=CARTESIAN_POINT('Ctrl Pts',(4.73376066710431,0.578281405325019,2.53206377029646));
#5373=CARTESIAN_POINT('Ctrl Pts',(4.79850507355351,0.437654226233313,4.10831932452459));
#5374=CARTESIAN_POINT('',(4.79850472528858,0.437655986666184,4.1083195394702));
#5375=CARTESIAN_POINT('',(4.63513816790433,0.792493034932354,0.131018172240009));
#5376=CARTESIAN_POINT('Ctrl Pts',(5.59908980922168,0.177254207139294,3.57459616741248));
#5377=CARTESIAN_POINT('Ctrl Pts',(5.37850916839907,0.319140805960954,3.72164992796089));
#5378=CARTESIAN_POINT('Ctrl Pts',(5.17322785974033,0.395635098540334,3.85850413373769));
#5379=CARTESIAN_POINT('Ctrl Pts',(4.95480147748191,0.439503208146125,4.00412172190997));
#5380=CARTESIAN_POINT('Ctrl Pts',(4.90332102096383,0.442665639773738,4.03844202625137));
#5381=CARTESIAN_POINT('Ctrl Pts',(4.85037794994698,0.442717894662028,4.07373740692927));
#5382=CARTESIAN_POINT('Ctrl Pts',(4.83382469673608,0.442185330027291,4.08477290906955));
#5383=CARTESIAN_POINT('Ctrl Pts',(4.80707117459767,0.439383655553452,4.10260859049515));
#5384=CARTESIAN_POINT('Ctrl Pts',(4.80006414734694,0.438007494070551,4.10727994199564));
#5385=CARTESIAN_POINT('Ctrl Pts',(4.79850507355351,0.437654226233313,4.10831932452459));
#5386=CARTESIAN_POINT('Origin',(4.86774107985531,0.,4.06216198699006));
#5387=CARTESIAN_POINT('',(4.79818240867259,0.437581136702629,4.1085344344452));
#5388=CARTESIAN_POINT('',(4.53825854184304,1.10875562466914,4.28181701233148));
#5389=CARTESIAN_POINT('Origin',(3.78462973957238,2.02409856819875,-0.140084396559981));
#5390=CARTESIAN_POINT('',(3.39908722806348,1.77828460879179,0.233941847957683));
#5391=CARTESIAN_POINT('Origin',(1.21200333212356,0.,3.33188318684531));
#5392=CARTESIAN_POINT('',(3.70654215563741,0.641034883075701,0.028971896241726));
#5393=CARTESIAN_POINT('Origin',(4.1283591971314,0.752672531778499,-0.369237367263559));
#5394=UNCERTAINTY_MEASURE_WITH_UNIT(LENGTH_MEASURE(0.01),#5398,
'DISTANCE_ACCURACY_VALUE',
'Maximum model space distance between geometric entities at asserted c
onnectivities');
#5395=UNCERTAINTY_MEASURE_WITH_UNIT(LENGTH_MEASURE(0.01),#5398,
'DISTANCE_ACCURACY_VALUE',
'Maximum model space distance between geometric entities at asserted c
onnectivities');
#5396=(
GEOMETRIC_REPRESENTATION_CONTEXT(3)
GLOBAL_UNCERTAINTY_ASSIGNED_CONTEXT((#5394))
GLOBAL_UNIT_ASSIGNED_CONTEXT((#5398,#5400,#5401))
REPRESENTATION_CONTEXT('','3D')
);
#5397=(
GEOMETRIC_REPRESENTATION_CONTEXT(3)
GLOBAL_UNCERTAINTY_ASSIGNED_CONTEXT((#5395))
GLOBAL_UNIT_ASSIGNED_CONTEXT((#5398,#5400,#5401))
REPRESENTATION_CONTEXT('','3D')
);
#5398=(
LENGTH_UNIT()
NAMED_UNIT(*)
SI_UNIT(.MILLI.,.METRE.)
);
#5399=(
LENGTH_UNIT()
NAMED_UNIT(*)
SI_UNIT($,.METRE.)
);
#5400=(
NAMED_UNIT(*)
PLANE_ANGLE_UNIT()
SI_UNIT($,.RADIAN.)
);
#5401=(
NAMED_UNIT(*)
SI_UNIT($,.STERADIAN.)
SOLID_ANGLE_UNIT()
);
#5402=SHAPE_DEFINITION_REPRESENTATION(#5403,#5404);
#5403=PRODUCT_DEFINITION_SHAPE('',$,#5406);
#5404=SHAPE_REPRESENTATION('',(#2114),#5396);
#5405=PRODUCT_DEFINITION_CONTEXT('part definition',#5410,'design');
#5406=PRODUCT_DEFINITION('10teeth (1)','10teeth crown gear',#5407,#5405);
#5407=PRODUCT_DEFINITION_FORMATION('',$,#5412);
#5408=PRODUCT_RELATED_PRODUCT_CATEGORY('10teeth crown gear',
'10teeth crown gear',(#5412));
#5409=APPLICATION_PROTOCOL_DEFINITION('international standard',
'automotive_design',2009,#5410);
#5410=APPLICATION_CONTEXT(
'Core Data for Automotive Mechanical Design Process');
#5411=PRODUCT_CONTEXT('part definition',#5410,'mechanical');
#5412=PRODUCT('10teeth (1)','10teeth crown gear',$,(#5411));
#5413=PRESENTATION_STYLE_ASSIGNMENT((#5415));
#5414=PRESENTATION_STYLE_ASSIGNMENT((#5416));
#5415=SURFACE_STYLE_USAGE(.BOTH.,#5417);
#5416=SURFACE_STYLE_USAGE(.BOTH.,#5418);
#5417=SURFACE_SIDE_STYLE('',(#5419));
#5418=SURFACE_SIDE_STYLE('',(#5420));
#5419=SURFACE_STYLE_FILL_AREA(#5421);
#5420=SURFACE_STYLE_FILL_AREA(#5422);
#5421=FILL_AREA_STYLE('Stahl - satiniert',(#5423));
#5422=FILL_AREA_STYLE('Opaque(160,160,160)',(#5424));
#5423=FILL_AREA_STYLE_COLOUR('Stahl - satiniert',#5425);
#5424=FILL_AREA_STYLE_COLOUR('Opaque(160,160,160)',#5426);
#5425=COLOUR_RGB('Stahl - satiniert',0.627450980392157,0.627450980392157,
0.627450980392157);
#5426=COLOUR_RGB('Opaque(160,160,160)',0.392156862745098,0.392156862745098,
0.392156862745098);
ENDSEC;
END-ISO-10303-21;
