ISO-10303-21;
HEADER;
/* Generated by software containing ST-Developer
 * from STEP Tools, Inc. (www.steptools.com) 
 */

FILE_DESCRIPTION(
/* description */ (''),
/* implementation_level */ '2;1');

FILE_NAME(
/* name */ 'Remote control lower intermediate frame.step',
/* time_stamp */ '2026-01-02T22:23:52+01:00',
/* author */ (''),
/* organization */ (''),
/* preprocessor_version */ 'ST-DEVELOPER v20.1',
/* originating_system */ 'Autodesk Translation Framework v14.21.0.0',
/* authorisation */ '');

FILE_SCHEMA (('AUTOMOTIVE_DESIGN { 1 0 10303 214 3 1 1 }'));
ENDSEC;

DATA;
#10=MECHANICAL_DESIGN_GEOMETRIC_PRESENTATION_REPRESENTATION('',(#13),#2378);
#11=SHAPE_REPRESENTATION_RELATIONSHIP('SRR','None',#2385,#12);
#12=ADVANCED_BREP_SHAPE_REPRESENTATION('',(#14),#2377);
#13=STYLED_ITEM('',(#2395),#14);
#14=MANIFOLD_SOLID_BREP('Remote control lower intermediate frame',#1464);
#15=CYLINDRICAL_SURFACE('',#1517,4.);
#16=CYLINDRICAL_SURFACE('',#1521,4.);
#17=CYLINDRICAL_SURFACE('',#1525,4.);
#18=CYLINDRICAL_SURFACE('',#1528,4.);
#19=CYLINDRICAL_SURFACE('',#1530,4.);
#20=CYLINDRICAL_SURFACE('',#1532,1.6);
#21=CYLINDRICAL_SURFACE('',#1534,4.);
#22=CYLINDRICAL_SURFACE('',#1537,1.6);
#23=CYLINDRICAL_SURFACE('',#1565,4.);
#24=CYLINDRICAL_SURFACE('',#1567,4.);
#25=CYLINDRICAL_SURFACE('',#1570,1.6);
#26=CYLINDRICAL_SURFACE('',#1571,1.25);
#27=CYLINDRICAL_SURFACE('',#1575,1.6);
#28=CYLINDRICAL_SURFACE('',#1579,1.6);
#29=CYLINDRICAL_SURFACE('',#1580,1.6);
#30=FACE_BOUND('',#164,.T.);
#31=FACE_BOUND('',#172,.T.);
#32=FACE_BOUND('',#174,.T.);
#33=FACE_BOUND('',#175,.T.);
#34=FACE_BOUND('',#176,.T.);
#35=FACE_BOUND('',#177,.T.);
#36=FACE_BOUND('',#178,.T.);
#37=FACE_BOUND('',#179,.T.);
#38=FACE_BOUND('',#180,.T.);
#39=FACE_BOUND('',#205,.T.);
#40=FACE_BOUND('',#206,.T.);
#41=FACE_BOUND('',#207,.T.);
#42=FACE_BOUND('',#208,.T.);
#43=FACE_BOUND('',#209,.T.);
#44=FACE_BOUND('',#210,.T.);
#45=FACE_BOUND('',#211,.T.);
#46=FACE_BOUND('',#212,.T.);
#47=FACE_BOUND('',#216,.T.);
#48=CIRCLE('',#1480,4.);
#49=CIRCLE('',#1481,4.);
#50=CIRCLE('',#1485,4.);
#51=CIRCLE('',#1486,4.);
#52=CIRCLE('',#1495,1.6);
#53=CIRCLE('',#1503,1.6);
#54=CIRCLE('',#1505,4.);
#55=CIRCLE('',#1506,4.);
#56=CIRCLE('',#1507,4.);
#57=CIRCLE('',#1508,4.);
#58=CIRCLE('',#1509,4.);
#59=CIRCLE('',#1510,4.);
#60=CIRCLE('',#1511,4.);
#61=CIRCLE('',#1512,4.);
#62=CIRCLE('',#1513,1.6);
#63=CIRCLE('',#1514,1.6);
#64=CIRCLE('',#1515,1.6);
#65=CIRCLE('',#1516,1.6);
#66=CIRCLE('',#1518,4.);
#67=CIRCLE('',#1522,4.);
#68=CIRCLE('',#1526,4.);
#69=CIRCLE('',#1529,4.);
#70=CIRCLE('',#1531,4.);
#71=CIRCLE('',#1533,1.6);
#72=CIRCLE('',#1535,4.);
#73=CIRCLE('',#1538,1.6);
#74=CIRCLE('',#1549,4.);
#75=CIRCLE('',#1550,4.);
#76=CIRCLE('',#1551,1.6);
#77=CIRCLE('',#1552,1.6);
#78=CIRCLE('',#1553,1.6);
#79=CIRCLE('',#1554,1.25);
#80=CIRCLE('',#1555,1.6);
#81=CIRCLE('',#1559,1.25);
#82=FACE_OUTER_BOUND('',#151,.T.);
#83=FACE_OUTER_BOUND('',#152,.T.);
#84=FACE_OUTER_BOUND('',#153,.T.);
#85=FACE_OUTER_BOUND('',#154,.T.);
#86=FACE_OUTER_BOUND('',#155,.T.);
#87=FACE_OUTER_BOUND('',#156,.T.);
#88=FACE_OUTER_BOUND('',#157,.T.);
#89=FACE_OUTER_BOUND('',#158,.T.);
#90=FACE_OUTER_BOUND('',#159,.T.);
#91=FACE_OUTER_BOUND('',#160,.T.);
#92=FACE_OUTER_BOUND('',#161,.T.);
#93=FACE_OUTER_BOUND('',#162,.T.);
#94=FACE_OUTER_BOUND('',#163,.T.);
#95=FACE_OUTER_BOUND('',#165,.T.);
#96=FACE_OUTER_BOUND('',#166,.T.);
#97=FACE_OUTER_BOUND('',#167,.T.);
#98=FACE_OUTER_BOUND('',#168,.T.);
#99=FACE_OUTER_BOUND('',#169,.T.);
#100=FACE_OUTER_BOUND('',#170,.T.);
#101=FACE_OUTER_BOUND('',#171,.T.);
#102=FACE_OUTER_BOUND('',#173,.T.);
#103=FACE_OUTER_BOUND('',#181,.T.);
#104=FACE_OUTER_BOUND('',#182,.T.);
#105=FACE_OUTER_BOUND('',#183,.T.);
#106=FACE_OUTER_BOUND('',#184,.T.);
#107=FACE_OUTER_BOUND('',#185,.T.);
#108=FACE_OUTER_BOUND('',#186,.T.);
#109=FACE_OUTER_BOUND('',#187,.T.);
#110=FACE_OUTER_BOUND('',#188,.T.);
#111=FACE_OUTER_BOUND('',#189,.T.);
#112=FACE_OUTER_BOUND('',#190,.T.);
#113=FACE_OUTER_BOUND('',#191,.T.);
#114=FACE_OUTER_BOUND('',#192,.T.);
#115=FACE_OUTER_BOUND('',#193,.T.);
#116=FACE_OUTER_BOUND('',#194,.T.);
#117=FACE_OUTER_BOUND('',#195,.T.);
#118=FACE_OUTER_BOUND('',#196,.T.);
#119=FACE_OUTER_BOUND('',#197,.T.);
#120=FACE_OUTER_BOUND('',#198,.T.);
#121=FACE_OUTER_BOUND('',#199,.T.);
#122=FACE_OUTER_BOUND('',#200,.T.);
#123=FACE_OUTER_BOUND('',#201,.T.);
#124=FACE_OUTER_BOUND('',#202,.T.);
#125=FACE_OUTER_BOUND('',#203,.T.);
#126=FACE_OUTER_BOUND('',#204,.T.);
#127=FACE_OUTER_BOUND('',#213,.T.);
#128=FACE_OUTER_BOUND('',#214,.T.);
#129=FACE_OUTER_BOUND('',#215,.T.);
#130=FACE_OUTER_BOUND('',#217,.T.);
#131=FACE_OUTER_BOUND('',#218,.T.);
#132=FACE_OUTER_BOUND('',#219,.T.);
#133=FACE_OUTER_BOUND('',#220,.T.);
#134=FACE_OUTER_BOUND('',#221,.T.);
#135=FACE_OUTER_BOUND('',#222,.T.);
#136=FACE_OUTER_BOUND('',#223,.T.);
#137=FACE_OUTER_BOUND('',#224,.T.);
#138=FACE_OUTER_BOUND('',#225,.T.);
#139=FACE_OUTER_BOUND('',#226,.T.);
#140=FACE_OUTER_BOUND('',#227,.T.);
#141=FACE_OUTER_BOUND('',#228,.T.);
#142=FACE_OUTER_BOUND('',#229,.T.);
#143=FACE_OUTER_BOUND('',#230,.T.);
#144=FACE_OUTER_BOUND('',#231,.T.);
#145=FACE_OUTER_BOUND('',#232,.T.);
#146=FACE_OUTER_BOUND('',#233,.T.);
#147=FACE_OUTER_BOUND('',#234,.T.);
#148=FACE_OUTER_BOUND('',#235,.T.);
#149=FACE_OUTER_BOUND('',#236,.T.);
#150=FACE_OUTER_BOUND('',#237,.T.);
#151=EDGE_LOOP('',(#927,#928,#929,#930,#931,#932,#933,#934,#935,#936,#937,
#938,#939,#940,#941,#942));
#152=EDGE_LOOP('',(#943,#944,#945,#946));
#153=EDGE_LOOP('',(#947,#948,#949,#950,#951,#952,#953,#954,#955,#956,#957,
#958,#959,#960,#961,#962));
#154=EDGE_LOOP('',(#963,#964,#965,#966,#967,#968,#969,#970,#971,#972));
#155=EDGE_LOOP('',(#973,#974,#975,#976));
#156=EDGE_LOOP('',(#977,#978,#979,#980,#981,#982,#983,#984,#985,#986,#987,
#988));
#157=EDGE_LOOP('',(#989,#990,#991,#992));
#158=EDGE_LOOP('',(#993,#994,#995,#996));
#159=EDGE_LOOP('',(#997,#998,#999,#1000));
#160=EDGE_LOOP('',(#1001,#1002,#1003,#1004));
#161=EDGE_LOOP('',(#1005,#1006,#1007,#1008));
#162=EDGE_LOOP('',(#1009,#1010,#1011,#1012));
#163=EDGE_LOOP('',(#1013,#1014,#1015,#1016,#1017,#1018));
#164=EDGE_LOOP('',(#1019));
#165=EDGE_LOOP('',(#1020,#1021,#1022,#1023));
#166=EDGE_LOOP('',(#1024,#1025,#1026,#1027));
#167=EDGE_LOOP('',(#1028,#1029,#1030,#1031));
#168=EDGE_LOOP('',(#1032,#1033,#1034,#1035));
#169=EDGE_LOOP('',(#1036,#1037,#1038,#1039));
#170=EDGE_LOOP('',(#1040,#1041,#1042,#1043));
#171=EDGE_LOOP('',(#1044,#1045,#1046,#1047,#1048,#1049));
#172=EDGE_LOOP('',(#1050));
#173=EDGE_LOOP('',(#1051,#1052,#1053,#1054,#1055,#1056,#1057,#1058));
#174=EDGE_LOOP('',(#1059,#1060,#1061,#1062,#1063,#1064));
#175=EDGE_LOOP('',(#1065,#1066,#1067,#1068,#1069,#1070));
#176=EDGE_LOOP('',(#1071,#1072,#1073,#1074,#1075,#1076,#1077,#1078,#1079,
#1080,#1081,#1082,#1083,#1084));
#177=EDGE_LOOP('',(#1085));
#178=EDGE_LOOP('',(#1086));
#179=EDGE_LOOP('',(#1087));
#180=EDGE_LOOP('',(#1088));
#181=EDGE_LOOP('',(#1089,#1090,#1091,#1092,#1093,#1094));
#182=EDGE_LOOP('',(#1095,#1096,#1097,#1098));
#183=EDGE_LOOP('',(#1099,#1100,#1101,#1102));
#184=EDGE_LOOP('',(#1103,#1104,#1105,#1106,#1107,#1108));
#185=EDGE_LOOP('',(#1109,#1110,#1111,#1112));
#186=EDGE_LOOP('',(#1113,#1114,#1115,#1116));
#187=EDGE_LOOP('',(#1117,#1118,#1119,#1120));
#188=EDGE_LOOP('',(#1121,#1122,#1123,#1124));
#189=EDGE_LOOP('',(#1125,#1126,#1127,#1128));
#190=EDGE_LOOP('',(#1129,#1130,#1131,#1132,#1133,#1134));
#191=EDGE_LOOP('',(#1135,#1136,#1137,#1138));
#192=EDGE_LOOP('',(#1139,#1140,#1141,#1142,#1143,#1144));
#193=EDGE_LOOP('',(#1145,#1146,#1147,#1148));
#194=EDGE_LOOP('',(#1149,#1150,#1151,#1152));
#195=EDGE_LOOP('',(#1153,#1154,#1155,#1156));
#196=EDGE_LOOP('',(#1157,#1158,#1159,#1160,#1161,#1162));
#197=EDGE_LOOP('',(#1163,#1164,#1165,#1166));
#198=EDGE_LOOP('',(#1167,#1168,#1169,#1170));
#199=EDGE_LOOP('',(#1171,#1172,#1173,#1174));
#200=EDGE_LOOP('',(#1175,#1176,#1177,#1178));
#201=EDGE_LOOP('',(#1179,#1180,#1181,#1182));
#202=EDGE_LOOP('',(#1183,#1184,#1185,#1186,#1187));
#203=EDGE_LOOP('',(#1188,#1189,#1190,#1191,#1192));
#204=EDGE_LOOP('',(#1193,#1194,#1195,#1196,#1197,#1198,#1199,#1200));
#205=EDGE_LOOP('',(#1201));
#206=EDGE_LOOP('',(#1202,#1203,#1204,#1205,#1206,#1207,#1208,#1209,#1210,
#1211,#1212,#1213,#1214,#1215,#1216,#1217,#1218,#1219,#1220,#1221,#1222,
#1223,#1224,#1225));
#207=EDGE_LOOP('',(#1226));
#208=EDGE_LOOP('',(#1227));
#209=EDGE_LOOP('',(#1228));
#210=EDGE_LOOP('',(#1229));
#211=EDGE_LOOP('',(#1230));
#212=EDGE_LOOP('',(#1231));
#213=EDGE_LOOP('',(#1232,#1233,#1234,#1235));
#214=EDGE_LOOP('',(#1236,#1237,#1238,#1239,#1240,#1241,#1242,#1243));
#215=EDGE_LOOP('',(#1244,#1245,#1246,#1247,#1248,#1249,#1250,#1251,#1252,
#1253));
#216=EDGE_LOOP('',(#1254));
#217=EDGE_LOOP('',(#1255,#1256,#1257,#1258));
#218=EDGE_LOOP('',(#1259,#1260,#1261,#1262));
#219=EDGE_LOOP('',(#1263,#1264,#1265,#1266));
#220=EDGE_LOOP('',(#1267,#1268,#1269,#1270));
#221=EDGE_LOOP('',(#1271,#1272,#1273,#1274,#1275));
#222=EDGE_LOOP('',(#1276,#1277,#1278,#1279));
#223=EDGE_LOOP('',(#1280,#1281,#1282,#1283));
#224=EDGE_LOOP('',(#1284,#1285,#1286,#1287));
#225=EDGE_LOOP('',(#1288,#1289,#1290,#1291));
#226=EDGE_LOOP('',(#1292,#1293,#1294,#1295));
#227=EDGE_LOOP('',(#1296,#1297,#1298,#1299));
#228=EDGE_LOOP('',(#1300,#1301,#1302,#1303));
#229=EDGE_LOOP('',(#1304,#1305,#1306,#1307,#1308));
#230=EDGE_LOOP('',(#1309,#1310,#1311,#1312));
#231=EDGE_LOOP('',(#1313,#1314,#1315,#1316));
#232=EDGE_LOOP('',(#1317,#1318,#1319,#1320));
#233=EDGE_LOOP('',(#1321,#1322,#1323,#1324));
#234=EDGE_LOOP('',(#1325,#1326,#1327,#1328));
#235=EDGE_LOOP('',(#1329,#1330,#1331,#1332));
#236=EDGE_LOOP('',(#1333,#1334,#1335,#1336));
#237=EDGE_LOOP('',(#1337,#1338,#1339,#1340));
#238=LINE('',#1966,#411);
#239=LINE('',#1968,#412);
#240=LINE('',#1970,#413);
#241=LINE('',#1972,#414);
#242=LINE('',#1974,#415);
#243=LINE('',#1976,#416);
#244=LINE('',#1978,#417);
#245=LINE('',#1980,#418);
#246=LINE('',#1982,#419);
#247=LINE('',#1984,#420);
#248=LINE('',#1986,#421);
#249=LINE('',#1988,#422);
#250=LINE('',#1990,#423);
#251=LINE('',#1992,#424);
#252=LINE('',#1994,#425);
#253=LINE('',#1995,#426);
#254=LINE('',#2000,#427);
#255=LINE('',#2005,#428);
#256=LINE('',#2007,#429);
#257=LINE('',#2009,#430);
#258=LINE('',#2011,#431);
#259=LINE('',#2013,#432);
#260=LINE('',#2015,#433);
#261=LINE('',#2017,#434);
#262=LINE('',#2019,#435);
#263=LINE('',#2021,#436);
#264=LINE('',#2023,#437);
#265=LINE('',#2025,#438);
#266=LINE('',#2026,#439);
#267=LINE('',#2028,#440);
#268=LINE('',#2030,#441);
#269=LINE('',#2031,#442);
#270=LINE('',#2035,#443);
#271=LINE('',#2037,#444);
#272=LINE('',#2039,#445);
#273=LINE('',#2041,#446);
#274=LINE('',#2043,#447);
#275=LINE('',#2045,#448);
#276=LINE('',#2047,#449);
#277=LINE('',#2049,#450);
#278=LINE('',#2051,#451);
#279=LINE('',#2052,#452);
#280=LINE('',#2057,#453);
#281=LINE('',#2062,#454);
#282=LINE('',#2064,#455);
#283=LINE('',#2066,#456);
#284=LINE('',#2068,#457);
#285=LINE('',#2070,#458);
#286=LINE('',#2072,#459);
#287=LINE('',#2074,#460);
#288=LINE('',#2075,#461);
#289=LINE('',#2077,#462);
#290=LINE('',#2079,#463);
#291=LINE('',#2080,#464);
#292=LINE('',#2084,#465);
#293=LINE('',#2086,#466);
#294=LINE('',#2088,#467);
#295=LINE('',#2089,#468);
#296=LINE('',#2092,#469);
#297=LINE('',#2094,#470);
#298=LINE('',#2095,#471);
#299=LINE('',#2098,#472);
#300=LINE('',#2100,#473);
#301=LINE('',#2101,#474);
#302=LINE('',#2104,#475);
#303=LINE('',#2106,#476);
#304=LINE('',#2107,#477);
#305=LINE('',#2110,#478);
#306=LINE('',#2112,#479);
#307=LINE('',#2113,#480);
#308=LINE('',#2115,#481);
#309=LINE('',#2116,#482);
#310=LINE('',#2123,#483);
#311=LINE('',#2125,#484);
#312=LINE('',#2127,#485);
#313=LINE('',#2128,#486);
#314=LINE('',#2131,#487);
#315=LINE('',#2133,#488);
#316=LINE('',#2134,#489);
#317=LINE('',#2137,#490);
#318=LINE('',#2139,#491);
#319=LINE('',#2140,#492);
#320=LINE('',#2143,#493);
#321=LINE('',#2145,#494);
#322=LINE('',#2146,#495);
#323=LINE('',#2149,#496);
#324=LINE('',#2151,#497);
#325=LINE('',#2152,#498);
#326=LINE('',#2154,#499);
#327=LINE('',#2155,#500);
#328=LINE('',#2164,#501);
#329=LINE('',#2168,#502);
#330=LINE('',#2172,#503);
#331=LINE('',#2175,#504);
#332=LINE('',#2178,#505);
#333=LINE('',#2182,#506);
#334=LINE('',#2184,#507);
#335=LINE('',#2186,#508);
#336=LINE('',#2190,#509);
#337=LINE('',#2191,#510);
#338=LINE('',#2202,#511);
#339=LINE('',#2206,#512);
#340=LINE('',#2207,#513);
#341=LINE('',#2210,#514);
#342=LINE('',#2211,#515);
#343=LINE('',#2215,#516);
#344=LINE('',#2218,#517);
#345=LINE('',#2220,#518);
#346=LINE('',#2221,#519);
#347=LINE('',#2224,#520);
#348=LINE('',#2228,#521);
#349=LINE('',#2229,#522);
#350=LINE('',#2232,#523);
#351=LINE('',#2236,#524);
#352=LINE('',#2240,#525);
#353=LINE('',#2245,#526);
#354=LINE('',#2248,#527);
#355=LINE('',#2249,#528);
#356=LINE('',#2253,#529);
#357=LINE('',#2255,#530);
#358=LINE('',#2256,#531);
#359=LINE('',#2258,#532);
#360=LINE('',#2259,#533);
#361=LINE('',#2260,#534);
#362=LINE('',#2262,#535);
#363=LINE('',#2263,#536);
#364=LINE('',#2266,#537);
#365=LINE('',#2267,#538);
#366=LINE('',#2269,#539);
#367=LINE('',#2271,#540);
#368=LINE('',#2274,#541);
#369=LINE('',#2276,#542);
#370=LINE('',#2277,#543);
#371=LINE('',#2280,#544);
#372=LINE('',#2282,#545);
#373=LINE('',#2283,#546);
#374=LINE('',#2289,#547);
#375=LINE('',#2291,#548);
#376=LINE('',#2293,#549);
#377=LINE('',#2295,#550);
#378=LINE('',#2297,#551);
#379=LINE('',#2298,#552);
#380=LINE('',#2299,#553);
#381=LINE('',#2301,#554);
#382=LINE('',#2303,#555);
#383=LINE('',#2305,#556);
#384=LINE('',#2306,#557);
#385=LINE('',#2319,#558);
#386=LINE('',#2320,#559);
#387=LINE('',#2323,#560);
#388=LINE('',#2325,#561);
#389=LINE('',#2327,#562);
#390=LINE('',#2328,#563);
#391=LINE('',#2329,#564);
#392=LINE('',#2332,#565);
#393=LINE('',#2334,#566);
#394=LINE('',#2335,#567);
#395=LINE('',#2340,#568);
#396=LINE('',#2342,#569);
#397=LINE('',#2344,#570);
#398=LINE('',#2346,#571);
#399=LINE('',#2348,#572);
#400=LINE('',#2349,#573);
#401=LINE('',#2351,#574);
#402=LINE('',#2356,#575);
#403=LINE('',#2358,#576);
#404=LINE('',#2360,#577);
#405=LINE('',#2362,#578);
#406=LINE('',#2365,#579);
#407=LINE('',#2367,#580);
#408=LINE('',#2368,#581);
#409=LINE('',#2372,#582);
#410=LINE('',#2374,#583);
#411=VECTOR('',#1585,10.);
#412=VECTOR('',#1586,10.);
#413=VECTOR('',#1587,10.);
#414=VECTOR('',#1588,10.);
#415=VECTOR('',#1589,10.);
#416=VECTOR('',#1590,10.);
#417=VECTOR('',#1591,10.);
#418=VECTOR('',#1592,10.);
#419=VECTOR('',#1593,10.);
#420=VECTOR('',#1594,10.);
#421=VECTOR('',#1595,10.);
#422=VECTOR('',#1596,10.);
#423=VECTOR('',#1597,10.);
#424=VECTOR('',#1598,10.);
#425=VECTOR('',#1599,10.);
#426=VECTOR('',#1600,10.);
#427=VECTOR('',#1605,10.);
#428=VECTOR('',#1610,10.);
#429=VECTOR('',#1611,10.);
#430=VECTOR('',#1612,10.);
#431=VECTOR('',#1613,10.);
#432=VECTOR('',#1614,10.);
#433=VECTOR('',#1615,10.);
#434=VECTOR('',#1616,10.);
#435=VECTOR('',#1617,10.);
#436=VECTOR('',#1618,10.);
#437=VECTOR('',#1619,10.);
#438=VECTOR('',#1620,10.);
#439=VECTOR('',#1621,10.);
#440=VECTOR('',#1622,10.);
#441=VECTOR('',#1623,10.);
#442=VECTOR('',#1624,10.);
#443=VECTOR('',#1627,10.);
#444=VECTOR('',#1628,10.);
#445=VECTOR('',#1629,10.);
#446=VECTOR('',#1630,10.);
#447=VECTOR('',#1631,10.);
#448=VECTOR('',#1632,10.);
#449=VECTOR('',#1633,10.);
#450=VECTOR('',#1634,10.);
#451=VECTOR('',#1635,10.);
#452=VECTOR('',#1636,10.);
#453=VECTOR('',#1641,10.);
#454=VECTOR('',#1646,10.);
#455=VECTOR('',#1647,10.);
#456=VECTOR('',#1648,10.);
#457=VECTOR('',#1649,10.);
#458=VECTOR('',#1650,10.);
#459=VECTOR('',#1651,10.);
#460=VECTOR('',#1652,10.);
#461=VECTOR('',#1653,10.);
#462=VECTOR('',#1654,10.);
#463=VECTOR('',#1655,10.);
#464=VECTOR('',#1656,10.);
#465=VECTOR('',#1659,10.);
#466=VECTOR('',#1660,10.);
#467=VECTOR('',#1661,10.);
#468=VECTOR('',#1662,10.);
#469=VECTOR('',#1665,10.);
#470=VECTOR('',#1666,10.);
#471=VECTOR('',#1667,10.);
#472=VECTOR('',#1670,10.);
#473=VECTOR('',#1671,10.);
#474=VECTOR('',#1672,10.);
#475=VECTOR('',#1675,10.);
#476=VECTOR('',#1676,10.);
#477=VECTOR('',#1677,10.);
#478=VECTOR('',#1680,10.);
#479=VECTOR('',#1681,10.);
#480=VECTOR('',#1682,10.);
#481=VECTOR('',#1685,10.);
#482=VECTOR('',#1686,10.);
#483=VECTOR('',#1693,10.);
#484=VECTOR('',#1694,10.);
#485=VECTOR('',#1695,10.);
#486=VECTOR('',#1696,10.);
#487=VECTOR('',#1699,10.);
#488=VECTOR('',#1700,10.);
#489=VECTOR('',#1701,10.);
#490=VECTOR('',#1704,10.);
#491=VECTOR('',#1705,10.);
#492=VECTOR('',#1706,10.);
#493=VECTOR('',#1709,10.);
#494=VECTOR('',#1710,10.);
#495=VECTOR('',#1711,10.);
#496=VECTOR('',#1714,10.);
#497=VECTOR('',#1715,10.);
#498=VECTOR('',#1716,10.);
#499=VECTOR('',#1719,10.);
#500=VECTOR('',#1720,10.);
#501=VECTOR('',#1729,10.);
#502=VECTOR('',#1732,10.);
#503=VECTOR('',#1735,10.);
#504=VECTOR('',#1738,10.);
#505=VECTOR('',#1741,10.);
#506=VECTOR('',#1744,10.);
#507=VECTOR('',#1745,10.);
#508=VECTOR('',#1748,10.);
#509=VECTOR('',#1751,10.);
#510=VECTOR('',#1752,10.);
#511=VECTOR('',#1763,10.);
#512=VECTOR('',#1768,10.);
#513=VECTOR('',#1769,10.);
#514=VECTOR('',#1772,10.);
#515=VECTOR('',#1773,10.);
#516=VECTOR('',#1780,10.);
#517=VECTOR('',#1783,10.);
#518=VECTOR('',#1784,10.);
#519=VECTOR('',#1785,10.);
#520=VECTOR('',#1788,10.);
#521=VECTOR('',#1793,10.);
#522=VECTOR('',#1794,10.);
#523=VECTOR('',#1797,10.);
#524=VECTOR('',#1802,10.);
#525=VECTOR('',#1807,1.6);
#526=VECTOR('',#1814,10.);
#527=VECTOR('',#1817,10.);
#528=VECTOR('',#1818,10.);
#529=VECTOR('',#1823,1.6);
#530=VECTOR('',#1826,10.);
#531=VECTOR('',#1827,10.);
#532=VECTOR('',#1830,10.);
#533=VECTOR('',#1831,10.);
#534=VECTOR('',#1832,10.);
#535=VECTOR('',#1835,10.);
#536=VECTOR('',#1836,10.);
#537=VECTOR('',#1841,10.);
#538=VECTOR('',#1842,10.);
#539=VECTOR('',#1845,10.);
#540=VECTOR('',#1848,10.);
#541=VECTOR('',#1851,10.);
#542=VECTOR('',#1852,10.);
#543=VECTOR('',#1853,10.);
#544=VECTOR('',#1856,10.);
#545=VECTOR('',#1857,10.);
#546=VECTOR('',#1858,10.);
#547=VECTOR('',#1863,10.);
#548=VECTOR('',#1866,10.);
#549=VECTOR('',#1867,10.);
#550=VECTOR('',#1868,10.);
#551=VECTOR('',#1869,10.);
#552=VECTOR('',#1870,10.);
#553=VECTOR('',#1871,10.);
#554=VECTOR('',#1872,10.);
#555=VECTOR('',#1873,10.);
#556=VECTOR('',#1874,10.);
#557=VECTOR('',#1875,10.);
#558=VECTOR('',#1888,10.);
#559=VECTOR('',#1889,10.);
#560=VECTOR('',#1892,10.);
#561=VECTOR('',#1893,10.);
#562=VECTOR('',#1894,10.);
#563=VECTOR('',#1895,10.);
#564=VECTOR('',#1896,10.);
#565=VECTOR('',#1899,10.);
#566=VECTOR('',#1900,10.);
#567=VECTOR('',#1901,10.);
#568=VECTOR('',#1908,10.);
#569=VECTOR('',#1911,10.);
#570=VECTOR('',#1914,10.);
#571=VECTOR('',#1917,10.);
#572=VECTOR('',#1920,10.);
#573=VECTOR('',#1921,10.);
#574=VECTOR('',#1924,10.);
#575=VECTOR('',#1933,1.6);
#576=VECTOR('',#1936,1.25);
#577=VECTOR('',#1939,10.);
#578=VECTOR('',#1942,10.);
#579=VECTOR('',#1947,1.6);
#580=VECTOR('',#1950,10.);
#581=VECTOR('',#1951,10.);
#582=VECTOR('',#1958,1.6);
#583=VECTOR('',#1961,1.6);
#584=VERTEX_POINT('',#1964);
#585=VERTEX_POINT('',#1965);
#586=VERTEX_POINT('',#1967);
#587=VERTEX_POINT('',#1969);
#588=VERTEX_POINT('',#1971);
#589=VERTEX_POINT('',#1973);
#590=VERTEX_POINT('',#1975);
#591=VERTEX_POINT('',#1977);
#592=VERTEX_POINT('',#1979);
#593=VERTEX_POINT('',#1981);
#594=VERTEX_POINT('',#1983);
#595=VERTEX_POINT('',#1985);
#596=VERTEX_POINT('',#1987);
#597=VERTEX_POINT('',#1989);
#598=VERTEX_POINT('',#1991);
#599=VERTEX_POINT('',#1993);
#600=VERTEX_POINT('',#1997);
#601=VERTEX_POINT('',#1999);
#602=VERTEX_POINT('',#2003);
#603=VERTEX_POINT('',#2004);
#604=VERTEX_POINT('',#2006);
#605=VERTEX_POINT('',#2008);
#606=VERTEX_POINT('',#2010);
#607=VERTEX_POINT('',#2012);
#608=VERTEX_POINT('',#2014);
#609=VERTEX_POINT('',#2016);
#610=VERTEX_POINT('',#2018);
#611=VERTEX_POINT('',#2020);
#612=VERTEX_POINT('',#2022);
#613=VERTEX_POINT('',#2024);
#614=VERTEX_POINT('',#2027);
#615=VERTEX_POINT('',#2029);
#616=VERTEX_POINT('',#2033);
#617=VERTEX_POINT('',#2034);
#618=VERTEX_POINT('',#2036);
#619=VERTEX_POINT('',#2038);
#620=VERTEX_POINT('',#2040);
#621=VERTEX_POINT('',#2042);
#622=VERTEX_POINT('',#2044);
#623=VERTEX_POINT('',#2046);
#624=VERTEX_POINT('',#2048);
#625=VERTEX_POINT('',#2050);
#626=VERTEX_POINT('',#2054);
#627=VERTEX_POINT('',#2056);
#628=VERTEX_POINT('',#2060);
#629=VERTEX_POINT('',#2061);
#630=VERTEX_POINT('',#2063);
#631=VERTEX_POINT('',#2065);
#632=VERTEX_POINT('',#2067);
#633=VERTEX_POINT('',#2069);
#634=VERTEX_POINT('',#2071);
#635=VERTEX_POINT('',#2073);
#636=VERTEX_POINT('',#2076);
#637=VERTEX_POINT('',#2078);
#638=VERTEX_POINT('',#2082);
#639=VERTEX_POINT('',#2083);
#640=VERTEX_POINT('',#2085);
#641=VERTEX_POINT('',#2087);
#642=VERTEX_POINT('',#2091);
#643=VERTEX_POINT('',#2093);
#644=VERTEX_POINT('',#2097);
#645=VERTEX_POINT('',#2099);
#646=VERTEX_POINT('',#2103);
#647=VERTEX_POINT('',#2105);
#648=VERTEX_POINT('',#2109);
#649=VERTEX_POINT('',#2111);
#650=VERTEX_POINT('',#2118);
#651=VERTEX_POINT('',#2121);
#652=VERTEX_POINT('',#2122);
#653=VERTEX_POINT('',#2124);
#654=VERTEX_POINT('',#2126);
#655=VERTEX_POINT('',#2130);
#656=VERTEX_POINT('',#2132);
#657=VERTEX_POINT('',#2136);
#658=VERTEX_POINT('',#2138);
#659=VERTEX_POINT('',#2142);
#660=VERTEX_POINT('',#2144);
#661=VERTEX_POINT('',#2148);
#662=VERTEX_POINT('',#2150);
#663=VERTEX_POINT('',#2157);
#664=VERTEX_POINT('',#2160);
#665=VERTEX_POINT('',#2161);
#666=VERTEX_POINT('',#2163);
#667=VERTEX_POINT('',#2165);
#668=VERTEX_POINT('',#2167);
#669=VERTEX_POINT('',#2169);
#670=VERTEX_POINT('',#2171);
#671=VERTEX_POINT('',#2173);
#672=VERTEX_POINT('',#2176);
#673=VERTEX_POINT('',#2179);
#674=VERTEX_POINT('',#2181);
#675=VERTEX_POINT('',#2183);
#676=VERTEX_POINT('',#2187);
#677=VERTEX_POINT('',#2189);
#678=VERTEX_POINT('',#2192);
#679=VERTEX_POINT('',#2194);
#680=VERTEX_POINT('',#2196);
#681=VERTEX_POINT('',#2198);
#682=VERTEX_POINT('',#2201);
#683=VERTEX_POINT('',#2205);
#684=VERTEX_POINT('',#2209);
#685=VERTEX_POINT('',#2217);
#686=VERTEX_POINT('',#2219);
#687=VERTEX_POINT('',#2223);
#688=VERTEX_POINT('',#2227);
#689=VERTEX_POINT('',#2231);
#690=VERTEX_POINT('',#2235);
#691=VERTEX_POINT('',#2239);
#692=VERTEX_POINT('',#2243);
#693=VERTEX_POINT('',#2247);
#694=VERTEX_POINT('',#2251);
#695=VERTEX_POINT('',#2273);
#696=VERTEX_POINT('',#2275);
#697=VERTEX_POINT('',#2279);
#698=VERTEX_POINT('',#2281);
#699=VERTEX_POINT('',#2285);
#700=VERTEX_POINT('',#2286);
#701=VERTEX_POINT('',#2288);
#702=VERTEX_POINT('',#2292);
#703=VERTEX_POINT('',#2294);
#704=VERTEX_POINT('',#2296);
#705=VERTEX_POINT('',#2300);
#706=VERTEX_POINT('',#2302);
#707=VERTEX_POINT('',#2304);
#708=VERTEX_POINT('',#2307);
#709=VERTEX_POINT('',#2309);
#710=VERTEX_POINT('',#2311);
#711=VERTEX_POINT('',#2313);
#712=VERTEX_POINT('',#2315);
#713=VERTEX_POINT('',#2318);
#714=VERTEX_POINT('',#2322);
#715=VERTEX_POINT('',#2324);
#716=VERTEX_POINT('',#2326);
#717=VERTEX_POINT('',#2331);
#718=VERTEX_POINT('',#2333);
#719=VERTEX_POINT('',#2336);
#720=EDGE_CURVE('',#584,#585,#238,.T.);
#721=EDGE_CURVE('',#585,#586,#239,.T.);
#722=EDGE_CURVE('',#586,#587,#240,.T.);
#723=EDGE_CURVE('',#587,#588,#241,.T.);
#724=EDGE_CURVE('',#588,#589,#242,.T.);
#725=EDGE_CURVE('',#590,#589,#243,.T.);
#726=EDGE_CURVE('',#590,#591,#244,.T.);
#727=EDGE_CURVE('',#592,#591,#245,.T.);
#728=EDGE_CURVE('',#592,#593,#246,.T.);
#729=EDGE_CURVE('',#593,#594,#247,.T.);
#730=EDGE_CURVE('',#594,#595,#248,.T.);
#731=EDGE_CURVE('',#596,#595,#249,.T.);
#732=EDGE_CURVE('',#596,#597,#250,.T.);
#733=EDGE_CURVE('',#598,#597,#251,.T.);
#734=EDGE_CURVE('',#598,#599,#252,.T.);
#735=EDGE_CURVE('',#599,#584,#253,.T.);
#736=EDGE_CURVE('',#585,#600,#48,.T.);
#737=EDGE_CURVE('',#600,#601,#254,.T.);
#738=EDGE_CURVE('',#586,#601,#49,.F.);
#739=EDGE_CURVE('',#602,#603,#255,.T.);
#740=EDGE_CURVE('',#604,#602,#256,.T.);
#741=EDGE_CURVE('',#604,#605,#257,.T.);
#742=EDGE_CURVE('',#606,#605,#258,.T.);
#743=EDGE_CURVE('',#607,#606,#259,.T.);
#744=EDGE_CURVE('',#608,#607,#260,.T.);
#745=EDGE_CURVE('',#608,#609,#261,.T.);
#746=EDGE_CURVE('',#610,#609,#262,.T.);
#747=EDGE_CURVE('',#611,#610,#263,.T.);
#748=EDGE_CURVE('',#611,#612,#264,.T.);
#749=EDGE_CURVE('',#612,#613,#265,.T.);
#750=EDGE_CURVE('',#601,#613,#266,.T.);
#751=EDGE_CURVE('',#614,#600,#267,.T.);
#752=EDGE_CURVE('',#614,#615,#268,.T.);
#753=EDGE_CURVE('',#603,#615,#269,.T.);
#754=EDGE_CURVE('',#616,#617,#270,.T.);
#755=EDGE_CURVE('',#617,#618,#271,.T.);
#756=EDGE_CURVE('',#618,#619,#272,.T.);
#757=EDGE_CURVE('',#619,#620,#273,.T.);
#758=EDGE_CURVE('',#620,#621,#274,.T.);
#759=EDGE_CURVE('',#622,#621,#275,.T.);
#760=EDGE_CURVE('',#622,#623,#276,.T.);
#761=EDGE_CURVE('',#624,#623,#277,.T.);
#762=EDGE_CURVE('',#624,#625,#278,.T.);
#763=EDGE_CURVE('',#625,#616,#279,.T.);
#764=EDGE_CURVE('',#617,#626,#50,.T.);
#765=EDGE_CURVE('',#626,#627,#280,.T.);
#766=EDGE_CURVE('',#618,#627,#51,.F.);
#767=EDGE_CURVE('',#628,#629,#281,.T.);
#768=EDGE_CURVE('',#630,#628,#282,.T.);
#769=EDGE_CURVE('',#630,#631,#283,.T.);
#770=EDGE_CURVE('',#632,#631,#284,.T.);
#771=EDGE_CURVE('',#633,#632,#285,.T.);
#772=EDGE_CURVE('',#633,#634,#286,.T.);
#773=EDGE_CURVE('',#634,#635,#287,.T.);
#774=EDGE_CURVE('',#627,#635,#288,.T.);
#775=EDGE_CURVE('',#626,#636,#289,.T.);
#776=EDGE_CURVE('',#636,#637,#290,.T.);
#777=EDGE_CURVE('',#629,#637,#291,.T.);
#778=EDGE_CURVE('',#638,#639,#292,.T.);
#779=EDGE_CURVE('',#638,#640,#293,.T.);
#780=EDGE_CURVE('',#640,#641,#294,.T.);
#781=EDGE_CURVE('',#639,#641,#295,.T.);
#782=EDGE_CURVE('',#642,#638,#296,.T.);
#783=EDGE_CURVE('',#642,#643,#297,.T.);
#784=EDGE_CURVE('',#643,#640,#298,.T.);
#785=EDGE_CURVE('',#644,#642,#299,.T.);
#786=EDGE_CURVE('',#644,#645,#300,.T.);
#787=EDGE_CURVE('',#645,#643,#301,.T.);
#788=EDGE_CURVE('',#646,#644,#302,.T.);
#789=EDGE_CURVE('',#646,#647,#303,.T.);
#790=EDGE_CURVE('',#647,#645,#304,.T.);
#791=EDGE_CURVE('',#648,#646,#305,.T.);
#792=EDGE_CURVE('',#648,#649,#306,.T.);
#793=EDGE_CURVE('',#649,#647,#307,.T.);
#794=EDGE_CURVE('',#639,#648,#308,.T.);
#795=EDGE_CURVE('',#641,#649,#309,.T.);
#796=EDGE_CURVE('',#650,#650,#52,.T.);
#797=EDGE_CURVE('',#651,#652,#310,.T.);
#798=EDGE_CURVE('',#651,#653,#311,.T.);
#799=EDGE_CURVE('',#653,#654,#312,.T.);
#800=EDGE_CURVE('',#652,#654,#313,.T.);
#801=EDGE_CURVE('',#655,#651,#314,.T.);
#802=EDGE_CURVE('',#655,#656,#315,.T.);
#803=EDGE_CURVE('',#656,#653,#316,.T.);
#804=EDGE_CURVE('',#657,#655,#317,.T.);
#805=EDGE_CURVE('',#657,#658,#318,.T.);
#806=EDGE_CURVE('',#658,#656,#319,.T.);
#807=EDGE_CURVE('',#659,#657,#320,.T.);
#808=EDGE_CURVE('',#659,#660,#321,.T.);
#809=EDGE_CURVE('',#660,#658,#322,.T.);
#810=EDGE_CURVE('',#661,#659,#323,.T.);
#811=EDGE_CURVE('',#661,#662,#324,.T.);
#812=EDGE_CURVE('',#662,#660,#325,.T.);
#813=EDGE_CURVE('',#652,#661,#326,.T.);
#814=EDGE_CURVE('',#654,#662,#327,.T.);
#815=EDGE_CURVE('',#663,#663,#53,.T.);
#816=EDGE_CURVE('',#664,#665,#54,.T.);
#817=EDGE_CURVE('',#666,#664,#328,.T.);
#818=EDGE_CURVE('',#667,#666,#55,.T.);
#819=EDGE_CURVE('',#668,#667,#329,.T.);
#820=EDGE_CURVE('',#669,#668,#56,.T.);
#821=EDGE_CURVE('',#670,#669,#330,.T.);
#822=EDGE_CURVE('',#671,#670,#57,.T.);
#823=EDGE_CURVE('',#665,#671,#331,.T.);
#824=EDGE_CURVE('',#635,#672,#58,.T.);
#825=EDGE_CURVE('',#615,#634,#332,.T.);
#826=EDGE_CURVE('',#673,#614,#59,.T.);
#827=EDGE_CURVE('',#674,#673,#333,.T.);
#828=EDGE_CURVE('',#675,#674,#334,.T.);
#829=EDGE_CURVE('',#613,#675,#60,.T.);
#830=EDGE_CURVE('',#637,#612,#335,.T.);
#831=EDGE_CURVE('',#676,#636,#61,.T.);
#832=EDGE_CURVE('',#677,#676,#336,.T.);
#833=EDGE_CURVE('',#672,#677,#337,.T.);
#834=EDGE_CURVE('',#678,#678,#62,.T.);
#835=EDGE_CURVE('',#679,#679,#63,.T.);
#836=EDGE_CURVE('',#680,#680,#64,.T.);
#837=EDGE_CURVE('',#681,#681,#65,.T.);
#838=EDGE_CURVE('',#675,#682,#338,.T.);
#839=EDGE_CURVE('',#682,#587,#66,.T.);
#840=EDGE_CURVE('',#674,#683,#339,.T.);
#841=EDGE_CURVE('',#682,#683,#340,.T.);
#842=EDGE_CURVE('',#673,#684,#341,.T.);
#843=EDGE_CURVE('',#683,#684,#342,.T.);
#844=EDGE_CURVE('',#684,#584,#67,.T.);
#845=EDGE_CURVE('',#603,#633,#343,.T.);
#846=EDGE_CURVE('',#685,#669,#344,.T.);
#847=EDGE_CURVE('',#686,#685,#345,.T.);
#848=EDGE_CURVE('',#670,#686,#346,.T.);
#849=EDGE_CURVE('',#668,#687,#347,.T.);
#850=EDGE_CURVE('',#687,#685,#68,.T.);
#851=EDGE_CURVE('',#688,#667,#348,.T.);
#852=EDGE_CURVE('',#687,#688,#349,.T.);
#853=EDGE_CURVE('',#666,#689,#350,.T.);
#854=EDGE_CURVE('',#689,#688,#69,.T.);
#855=EDGE_CURVE('',#672,#690,#351,.T.);
#856=EDGE_CURVE('',#690,#619,#70,.T.);
#857=EDGE_CURVE('',#650,#691,#352,.T.);
#858=EDGE_CURVE('',#691,#691,#71,.T.);
#859=EDGE_CURVE('',#692,#616,#72,.T.);
#860=EDGE_CURVE('',#676,#692,#353,.T.);
#861=EDGE_CURVE('',#693,#692,#354,.T.);
#862=EDGE_CURVE('',#677,#693,#355,.T.);
#863=EDGE_CURVE('',#694,#694,#73,.T.);
#864=EDGE_CURVE('',#694,#663,#356,.T.);
#865=EDGE_CURVE('',#607,#592,#357,.T.);
#866=EDGE_CURVE('',#591,#608,#358,.T.);
#867=EDGE_CURVE('',#632,#607,#359,.T.);
#868=EDGE_CURVE('',#621,#632,#360,.T.);
#869=EDGE_CURVE('',#593,#620,#361,.T.);
#870=EDGE_CURVE('',#609,#590,#362,.T.);
#871=EDGE_CURVE('',#589,#610,#363,.T.);
#872=EDGE_CURVE('',#605,#596,#364,.T.);
#873=EDGE_CURVE('',#595,#606,#365,.T.);
#874=EDGE_CURVE('',#597,#604,#366,.T.);
#875=EDGE_CURVE('',#602,#598,#367,.T.);
#876=EDGE_CURVE('',#695,#602,#368,.T.);
#877=EDGE_CURVE('',#696,#695,#369,.T.);
#878=EDGE_CURVE('',#599,#696,#370,.T.);
#879=EDGE_CURVE('',#697,#588,#371,.T.);
#880=EDGE_CURVE('',#698,#697,#372,.T.);
#881=EDGE_CURVE('',#610,#698,#373,.T.);
#882=EDGE_CURVE('',#699,#700,#74,.T.);
#883=EDGE_CURVE('',#699,#701,#374,.T.);
#884=EDGE_CURVE('',#686,#701,#75,.T.);
#885=EDGE_CURVE('',#689,#700,#375,.T.);
#886=EDGE_CURVE('',#696,#702,#376,.T.);
#887=EDGE_CURVE('',#702,#703,#377,.F.);
#888=EDGE_CURVE('',#703,#704,#378,.T.);
#889=EDGE_CURVE('',#704,#594,#379,.T.);
#890=EDGE_CURVE('',#690,#693,#380,.T.);
#891=EDGE_CURVE('',#625,#705,#381,.T.);
#892=EDGE_CURVE('',#705,#706,#382,.T.);
#893=EDGE_CURVE('',#706,#707,#383,.F.);
#894=EDGE_CURVE('',#707,#697,#384,.T.);
#895=EDGE_CURVE('',#708,#708,#76,.T.);
#896=EDGE_CURVE('',#709,#709,#77,.T.);
#897=EDGE_CURVE('',#710,#710,#78,.T.);
#898=EDGE_CURVE('',#711,#711,#79,.T.);
#899=EDGE_CURVE('',#712,#712,#80,.T.);
#900=EDGE_CURVE('',#695,#713,#385,.T.);
#901=EDGE_CURVE('',#713,#702,#386,.T.);
#902=EDGE_CURVE('',#714,#698,#387,.T.);
#903=EDGE_CURVE('',#715,#714,#388,.F.);
#904=EDGE_CURVE('',#716,#715,#389,.T.);
#905=EDGE_CURVE('',#716,#628,#390,.T.);
#906=EDGE_CURVE('',#629,#611,#391,.T.);
#907=EDGE_CURVE('',#717,#606,#392,.T.);
#908=EDGE_CURVE('',#718,#717,#393,.T.);
#909=EDGE_CURVE('',#713,#718,#394,.F.);
#910=EDGE_CURVE('',#719,#719,#81,.T.);
#911=EDGE_CURVE('',#631,#622,#395,.T.);
#912=EDGE_CURVE('',#623,#630,#396,.T.);
#913=EDGE_CURVE('',#628,#624,#397,.T.);
#914=EDGE_CURVE('',#705,#716,#398,.T.);
#915=EDGE_CURVE('',#665,#699,#399,.T.);
#916=EDGE_CURVE('',#700,#664,#400,.T.);
#917=EDGE_CURVE('',#701,#671,#401,.T.);
#918=EDGE_CURVE('',#712,#680,#402,.T.);
#919=EDGE_CURVE('',#711,#719,#403,.T.);
#920=EDGE_CURVE('',#717,#704,#404,.T.);
#921=EDGE_CURVE('',#718,#703,#405,.F.);
#922=EDGE_CURVE('',#710,#679,#406,.T.);
#923=EDGE_CURVE('',#714,#707,#407,.F.);
#924=EDGE_CURVE('',#715,#706,#408,.T.);
#925=EDGE_CURVE('',#709,#678,#409,.T.);
#926=EDGE_CURVE('',#708,#681,#410,.T.);
#927=ORIENTED_EDGE('',*,*,#720,.T.);
#928=ORIENTED_EDGE('',*,*,#721,.T.);
#929=ORIENTED_EDGE('',*,*,#722,.T.);
#930=ORIENTED_EDGE('',*,*,#723,.T.);
#931=ORIENTED_EDGE('',*,*,#724,.T.);
#932=ORIENTED_EDGE('',*,*,#725,.F.);
#933=ORIENTED_EDGE('',*,*,#726,.T.);
#934=ORIENTED_EDGE('',*,*,#727,.F.);
#935=ORIENTED_EDGE('',*,*,#728,.T.);
#936=ORIENTED_EDGE('',*,*,#729,.T.);
#937=ORIENTED_EDGE('',*,*,#730,.T.);
#938=ORIENTED_EDGE('',*,*,#731,.F.);
#939=ORIENTED_EDGE('',*,*,#732,.T.);
#940=ORIENTED_EDGE('',*,*,#733,.F.);
#941=ORIENTED_EDGE('',*,*,#734,.T.);
#942=ORIENTED_EDGE('',*,*,#735,.T.);
#943=ORIENTED_EDGE('',*,*,#736,.T.);
#944=ORIENTED_EDGE('',*,*,#737,.T.);
#945=ORIENTED_EDGE('',*,*,#738,.F.);
#946=ORIENTED_EDGE('',*,*,#721,.F.);
#947=ORIENTED_EDGE('',*,*,#739,.F.);
#948=ORIENTED_EDGE('',*,*,#740,.F.);
#949=ORIENTED_EDGE('',*,*,#741,.T.);
#950=ORIENTED_EDGE('',*,*,#742,.F.);
#951=ORIENTED_EDGE('',*,*,#743,.F.);
#952=ORIENTED_EDGE('',*,*,#744,.F.);
#953=ORIENTED_EDGE('',*,*,#745,.T.);
#954=ORIENTED_EDGE('',*,*,#746,.F.);
#955=ORIENTED_EDGE('',*,*,#747,.F.);
#956=ORIENTED_EDGE('',*,*,#748,.T.);
#957=ORIENTED_EDGE('',*,*,#749,.T.);
#958=ORIENTED_EDGE('',*,*,#750,.F.);
#959=ORIENTED_EDGE('',*,*,#737,.F.);
#960=ORIENTED_EDGE('',*,*,#751,.F.);
#961=ORIENTED_EDGE('',*,*,#752,.T.);
#962=ORIENTED_EDGE('',*,*,#753,.F.);
#963=ORIENTED_EDGE('',*,*,#754,.T.);
#964=ORIENTED_EDGE('',*,*,#755,.T.);
#965=ORIENTED_EDGE('',*,*,#756,.T.);
#966=ORIENTED_EDGE('',*,*,#757,.T.);
#967=ORIENTED_EDGE('',*,*,#758,.T.);
#968=ORIENTED_EDGE('',*,*,#759,.F.);
#969=ORIENTED_EDGE('',*,*,#760,.T.);
#970=ORIENTED_EDGE('',*,*,#761,.F.);
#971=ORIENTED_EDGE('',*,*,#762,.T.);
#972=ORIENTED_EDGE('',*,*,#763,.T.);
#973=ORIENTED_EDGE('',*,*,#764,.T.);
#974=ORIENTED_EDGE('',*,*,#765,.T.);
#975=ORIENTED_EDGE('',*,*,#766,.F.);
#976=ORIENTED_EDGE('',*,*,#755,.F.);
#977=ORIENTED_EDGE('',*,*,#767,.F.);
#978=ORIENTED_EDGE('',*,*,#768,.F.);
#979=ORIENTED_EDGE('',*,*,#769,.T.);
#980=ORIENTED_EDGE('',*,*,#770,.F.);
#981=ORIENTED_EDGE('',*,*,#771,.F.);
#982=ORIENTED_EDGE('',*,*,#772,.T.);
#983=ORIENTED_EDGE('',*,*,#773,.T.);
#984=ORIENTED_EDGE('',*,*,#774,.F.);
#985=ORIENTED_EDGE('',*,*,#765,.F.);
#986=ORIENTED_EDGE('',*,*,#775,.T.);
#987=ORIENTED_EDGE('',*,*,#776,.T.);
#988=ORIENTED_EDGE('',*,*,#777,.F.);
#989=ORIENTED_EDGE('',*,*,#778,.F.);
#990=ORIENTED_EDGE('',*,*,#779,.T.);
#991=ORIENTED_EDGE('',*,*,#780,.T.);
#992=ORIENTED_EDGE('',*,*,#781,.F.);
#993=ORIENTED_EDGE('',*,*,#782,.F.);
#994=ORIENTED_EDGE('',*,*,#783,.T.);
#995=ORIENTED_EDGE('',*,*,#784,.T.);
#996=ORIENTED_EDGE('',*,*,#779,.F.);
#997=ORIENTED_EDGE('',*,*,#785,.F.);
#998=ORIENTED_EDGE('',*,*,#786,.T.);
#999=ORIENTED_EDGE('',*,*,#787,.T.);
#1000=ORIENTED_EDGE('',*,*,#783,.F.);
#1001=ORIENTED_EDGE('',*,*,#788,.F.);
#1002=ORIENTED_EDGE('',*,*,#789,.T.);
#1003=ORIENTED_EDGE('',*,*,#790,.T.);
#1004=ORIENTED_EDGE('',*,*,#786,.F.);
#1005=ORIENTED_EDGE('',*,*,#791,.F.);
#1006=ORIENTED_EDGE('',*,*,#792,.T.);
#1007=ORIENTED_EDGE('',*,*,#793,.T.);
#1008=ORIENTED_EDGE('',*,*,#789,.F.);
#1009=ORIENTED_EDGE('',*,*,#794,.F.);
#1010=ORIENTED_EDGE('',*,*,#781,.T.);
#1011=ORIENTED_EDGE('',*,*,#795,.T.);
#1012=ORIENTED_EDGE('',*,*,#792,.F.);
#1013=ORIENTED_EDGE('',*,*,#795,.F.);
#1014=ORIENTED_EDGE('',*,*,#780,.F.);
#1015=ORIENTED_EDGE('',*,*,#784,.F.);
#1016=ORIENTED_EDGE('',*,*,#787,.F.);
#1017=ORIENTED_EDGE('',*,*,#790,.F.);
#1018=ORIENTED_EDGE('',*,*,#793,.F.);
#1019=ORIENTED_EDGE('',*,*,#796,.F.);
#1020=ORIENTED_EDGE('',*,*,#797,.F.);
#1021=ORIENTED_EDGE('',*,*,#798,.T.);
#1022=ORIENTED_EDGE('',*,*,#799,.T.);
#1023=ORIENTED_EDGE('',*,*,#800,.F.);
#1024=ORIENTED_EDGE('',*,*,#801,.F.);
#1025=ORIENTED_EDGE('',*,*,#802,.T.);
#1026=ORIENTED_EDGE('',*,*,#803,.T.);
#1027=ORIENTED_EDGE('',*,*,#798,.F.);
#1028=ORIENTED_EDGE('',*,*,#804,.F.);
#1029=ORIENTED_EDGE('',*,*,#805,.T.);
#1030=ORIENTED_EDGE('',*,*,#806,.T.);
#1031=ORIENTED_EDGE('',*,*,#802,.F.);
#1032=ORIENTED_EDGE('',*,*,#807,.F.);
#1033=ORIENTED_EDGE('',*,*,#808,.T.);
#1034=ORIENTED_EDGE('',*,*,#809,.T.);
#1035=ORIENTED_EDGE('',*,*,#805,.F.);
#1036=ORIENTED_EDGE('',*,*,#810,.F.);
#1037=ORIENTED_EDGE('',*,*,#811,.T.);
#1038=ORIENTED_EDGE('',*,*,#812,.T.);
#1039=ORIENTED_EDGE('',*,*,#808,.F.);
#1040=ORIENTED_EDGE('',*,*,#813,.F.);
#1041=ORIENTED_EDGE('',*,*,#800,.T.);
#1042=ORIENTED_EDGE('',*,*,#814,.T.);
#1043=ORIENTED_EDGE('',*,*,#811,.F.);
#1044=ORIENTED_EDGE('',*,*,#814,.F.);
#1045=ORIENTED_EDGE('',*,*,#799,.F.);
#1046=ORIENTED_EDGE('',*,*,#803,.F.);
#1047=ORIENTED_EDGE('',*,*,#806,.F.);
#1048=ORIENTED_EDGE('',*,*,#809,.F.);
#1049=ORIENTED_EDGE('',*,*,#812,.F.);
#1050=ORIENTED_EDGE('',*,*,#815,.F.);
#1051=ORIENTED_EDGE('',*,*,#816,.F.);
#1052=ORIENTED_EDGE('',*,*,#817,.F.);
#1053=ORIENTED_EDGE('',*,*,#818,.F.);
#1054=ORIENTED_EDGE('',*,*,#819,.F.);
#1055=ORIENTED_EDGE('',*,*,#820,.F.);
#1056=ORIENTED_EDGE('',*,*,#821,.F.);
#1057=ORIENTED_EDGE('',*,*,#822,.F.);
#1058=ORIENTED_EDGE('',*,*,#823,.F.);
#1059=ORIENTED_EDGE('',*,*,#778,.T.);
#1060=ORIENTED_EDGE('',*,*,#794,.T.);
#1061=ORIENTED_EDGE('',*,*,#791,.T.);
#1062=ORIENTED_EDGE('',*,*,#788,.T.);
#1063=ORIENTED_EDGE('',*,*,#785,.T.);
#1064=ORIENTED_EDGE('',*,*,#782,.T.);
#1065=ORIENTED_EDGE('',*,*,#797,.T.);
#1066=ORIENTED_EDGE('',*,*,#813,.T.);
#1067=ORIENTED_EDGE('',*,*,#810,.T.);
#1068=ORIENTED_EDGE('',*,*,#807,.T.);
#1069=ORIENTED_EDGE('',*,*,#804,.T.);
#1070=ORIENTED_EDGE('',*,*,#801,.T.);
#1071=ORIENTED_EDGE('',*,*,#824,.F.);
#1072=ORIENTED_EDGE('',*,*,#773,.F.);
#1073=ORIENTED_EDGE('',*,*,#825,.F.);
#1074=ORIENTED_EDGE('',*,*,#752,.F.);
#1075=ORIENTED_EDGE('',*,*,#826,.F.);
#1076=ORIENTED_EDGE('',*,*,#827,.F.);
#1077=ORIENTED_EDGE('',*,*,#828,.F.);
#1078=ORIENTED_EDGE('',*,*,#829,.F.);
#1079=ORIENTED_EDGE('',*,*,#749,.F.);
#1080=ORIENTED_EDGE('',*,*,#830,.F.);
#1081=ORIENTED_EDGE('',*,*,#776,.F.);
#1082=ORIENTED_EDGE('',*,*,#831,.F.);
#1083=ORIENTED_EDGE('',*,*,#832,.F.);
#1084=ORIENTED_EDGE('',*,*,#833,.F.);
#1085=ORIENTED_EDGE('',*,*,#834,.F.);
#1086=ORIENTED_EDGE('',*,*,#835,.F.);
#1087=ORIENTED_EDGE('',*,*,#836,.F.);
#1088=ORIENTED_EDGE('',*,*,#837,.F.);
#1089=ORIENTED_EDGE('',*,*,#838,.T.);
#1090=ORIENTED_EDGE('',*,*,#839,.T.);
#1091=ORIENTED_EDGE('',*,*,#722,.F.);
#1092=ORIENTED_EDGE('',*,*,#738,.T.);
#1093=ORIENTED_EDGE('',*,*,#750,.T.);
#1094=ORIENTED_EDGE('',*,*,#829,.T.);
#1095=ORIENTED_EDGE('',*,*,#840,.T.);
#1096=ORIENTED_EDGE('',*,*,#841,.F.);
#1097=ORIENTED_EDGE('',*,*,#838,.F.);
#1098=ORIENTED_EDGE('',*,*,#828,.T.);
#1099=ORIENTED_EDGE('',*,*,#842,.T.);
#1100=ORIENTED_EDGE('',*,*,#843,.F.);
#1101=ORIENTED_EDGE('',*,*,#840,.F.);
#1102=ORIENTED_EDGE('',*,*,#827,.T.);
#1103=ORIENTED_EDGE('',*,*,#751,.T.);
#1104=ORIENTED_EDGE('',*,*,#736,.F.);
#1105=ORIENTED_EDGE('',*,*,#720,.F.);
#1106=ORIENTED_EDGE('',*,*,#844,.F.);
#1107=ORIENTED_EDGE('',*,*,#842,.F.);
#1108=ORIENTED_EDGE('',*,*,#826,.T.);
#1109=ORIENTED_EDGE('',*,*,#772,.F.);
#1110=ORIENTED_EDGE('',*,*,#845,.F.);
#1111=ORIENTED_EDGE('',*,*,#753,.T.);
#1112=ORIENTED_EDGE('',*,*,#825,.T.);
#1113=ORIENTED_EDGE('',*,*,#846,.F.);
#1114=ORIENTED_EDGE('',*,*,#847,.F.);
#1115=ORIENTED_EDGE('',*,*,#848,.F.);
#1116=ORIENTED_EDGE('',*,*,#821,.T.);
#1117=ORIENTED_EDGE('',*,*,#849,.T.);
#1118=ORIENTED_EDGE('',*,*,#850,.T.);
#1119=ORIENTED_EDGE('',*,*,#846,.T.);
#1120=ORIENTED_EDGE('',*,*,#820,.T.);
#1121=ORIENTED_EDGE('',*,*,#851,.F.);
#1122=ORIENTED_EDGE('',*,*,#852,.F.);
#1123=ORIENTED_EDGE('',*,*,#849,.F.);
#1124=ORIENTED_EDGE('',*,*,#819,.T.);
#1125=ORIENTED_EDGE('',*,*,#853,.T.);
#1126=ORIENTED_EDGE('',*,*,#854,.T.);
#1127=ORIENTED_EDGE('',*,*,#851,.T.);
#1128=ORIENTED_EDGE('',*,*,#818,.T.);
#1129=ORIENTED_EDGE('',*,*,#855,.T.);
#1130=ORIENTED_EDGE('',*,*,#856,.T.);
#1131=ORIENTED_EDGE('',*,*,#756,.F.);
#1132=ORIENTED_EDGE('',*,*,#766,.T.);
#1133=ORIENTED_EDGE('',*,*,#774,.T.);
#1134=ORIENTED_EDGE('',*,*,#824,.T.);
#1135=ORIENTED_EDGE('',*,*,#796,.T.);
#1136=ORIENTED_EDGE('',*,*,#857,.T.);
#1137=ORIENTED_EDGE('',*,*,#858,.F.);
#1138=ORIENTED_EDGE('',*,*,#857,.F.);
#1139=ORIENTED_EDGE('',*,*,#775,.F.);
#1140=ORIENTED_EDGE('',*,*,#764,.F.);
#1141=ORIENTED_EDGE('',*,*,#754,.F.);
#1142=ORIENTED_EDGE('',*,*,#859,.F.);
#1143=ORIENTED_EDGE('',*,*,#860,.F.);
#1144=ORIENTED_EDGE('',*,*,#831,.T.);
#1145=ORIENTED_EDGE('',*,*,#860,.T.);
#1146=ORIENTED_EDGE('',*,*,#861,.F.);
#1147=ORIENTED_EDGE('',*,*,#862,.F.);
#1148=ORIENTED_EDGE('',*,*,#832,.T.);
#1149=ORIENTED_EDGE('',*,*,#863,.F.);
#1150=ORIENTED_EDGE('',*,*,#864,.T.);
#1151=ORIENTED_EDGE('',*,*,#815,.T.);
#1152=ORIENTED_EDGE('',*,*,#864,.F.);
#1153=ORIENTED_EDGE('',*,*,#744,.T.);
#1154=ORIENTED_EDGE('',*,*,#865,.T.);
#1155=ORIENTED_EDGE('',*,*,#727,.T.);
#1156=ORIENTED_EDGE('',*,*,#866,.T.);
#1157=ORIENTED_EDGE('',*,*,#865,.F.);
#1158=ORIENTED_EDGE('',*,*,#867,.F.);
#1159=ORIENTED_EDGE('',*,*,#868,.F.);
#1160=ORIENTED_EDGE('',*,*,#758,.F.);
#1161=ORIENTED_EDGE('',*,*,#869,.F.);
#1162=ORIENTED_EDGE('',*,*,#728,.F.);
#1163=ORIENTED_EDGE('',*,*,#746,.T.);
#1164=ORIENTED_EDGE('',*,*,#870,.T.);
#1165=ORIENTED_EDGE('',*,*,#725,.T.);
#1166=ORIENTED_EDGE('',*,*,#871,.T.);
#1167=ORIENTED_EDGE('',*,*,#866,.F.);
#1168=ORIENTED_EDGE('',*,*,#726,.F.);
#1169=ORIENTED_EDGE('',*,*,#870,.F.);
#1170=ORIENTED_EDGE('',*,*,#745,.F.);
#1171=ORIENTED_EDGE('',*,*,#742,.T.);
#1172=ORIENTED_EDGE('',*,*,#872,.T.);
#1173=ORIENTED_EDGE('',*,*,#731,.T.);
#1174=ORIENTED_EDGE('',*,*,#873,.T.);
#1175=ORIENTED_EDGE('',*,*,#872,.F.);
#1176=ORIENTED_EDGE('',*,*,#741,.F.);
#1177=ORIENTED_EDGE('',*,*,#874,.F.);
#1178=ORIENTED_EDGE('',*,*,#732,.F.);
#1179=ORIENTED_EDGE('',*,*,#740,.T.);
#1180=ORIENTED_EDGE('',*,*,#875,.T.);
#1181=ORIENTED_EDGE('',*,*,#733,.T.);
#1182=ORIENTED_EDGE('',*,*,#874,.T.);
#1183=ORIENTED_EDGE('',*,*,#875,.F.);
#1184=ORIENTED_EDGE('',*,*,#876,.F.);
#1185=ORIENTED_EDGE('',*,*,#877,.F.);
#1186=ORIENTED_EDGE('',*,*,#878,.F.);
#1187=ORIENTED_EDGE('',*,*,#734,.F.);
#1188=ORIENTED_EDGE('',*,*,#871,.F.);
#1189=ORIENTED_EDGE('',*,*,#724,.F.);
#1190=ORIENTED_EDGE('',*,*,#879,.F.);
#1191=ORIENTED_EDGE('',*,*,#880,.F.);
#1192=ORIENTED_EDGE('',*,*,#881,.F.);
#1193=ORIENTED_EDGE('',*,*,#882,.F.);
#1194=ORIENTED_EDGE('',*,*,#883,.T.);
#1195=ORIENTED_EDGE('',*,*,#884,.F.);
#1196=ORIENTED_EDGE('',*,*,#847,.T.);
#1197=ORIENTED_EDGE('',*,*,#850,.F.);
#1198=ORIENTED_EDGE('',*,*,#852,.T.);
#1199=ORIENTED_EDGE('',*,*,#854,.F.);
#1200=ORIENTED_EDGE('',*,*,#885,.T.);
#1201=ORIENTED_EDGE('',*,*,#863,.T.);
#1202=ORIENTED_EDGE('',*,*,#735,.F.);
#1203=ORIENTED_EDGE('',*,*,#878,.T.);
#1204=ORIENTED_EDGE('',*,*,#886,.T.);
#1205=ORIENTED_EDGE('',*,*,#887,.T.);
#1206=ORIENTED_EDGE('',*,*,#888,.T.);
#1207=ORIENTED_EDGE('',*,*,#889,.T.);
#1208=ORIENTED_EDGE('',*,*,#729,.F.);
#1209=ORIENTED_EDGE('',*,*,#869,.T.);
#1210=ORIENTED_EDGE('',*,*,#757,.F.);
#1211=ORIENTED_EDGE('',*,*,#856,.F.);
#1212=ORIENTED_EDGE('',*,*,#890,.T.);
#1213=ORIENTED_EDGE('',*,*,#861,.T.);
#1214=ORIENTED_EDGE('',*,*,#859,.T.);
#1215=ORIENTED_EDGE('',*,*,#763,.F.);
#1216=ORIENTED_EDGE('',*,*,#891,.T.);
#1217=ORIENTED_EDGE('',*,*,#892,.T.);
#1218=ORIENTED_EDGE('',*,*,#893,.T.);
#1219=ORIENTED_EDGE('',*,*,#894,.T.);
#1220=ORIENTED_EDGE('',*,*,#879,.T.);
#1221=ORIENTED_EDGE('',*,*,#723,.F.);
#1222=ORIENTED_EDGE('',*,*,#839,.F.);
#1223=ORIENTED_EDGE('',*,*,#841,.T.);
#1224=ORIENTED_EDGE('',*,*,#843,.T.);
#1225=ORIENTED_EDGE('',*,*,#844,.T.);
#1226=ORIENTED_EDGE('',*,*,#858,.T.);
#1227=ORIENTED_EDGE('',*,*,#895,.T.);
#1228=ORIENTED_EDGE('',*,*,#896,.T.);
#1229=ORIENTED_EDGE('',*,*,#897,.T.);
#1230=ORIENTED_EDGE('',*,*,#898,.T.);
#1231=ORIENTED_EDGE('',*,*,#899,.T.);
#1232=ORIENTED_EDGE('',*,*,#877,.T.);
#1233=ORIENTED_EDGE('',*,*,#900,.T.);
#1234=ORIENTED_EDGE('',*,*,#901,.T.);
#1235=ORIENTED_EDGE('',*,*,#886,.F.);
#1236=ORIENTED_EDGE('',*,*,#881,.T.);
#1237=ORIENTED_EDGE('',*,*,#902,.F.);
#1238=ORIENTED_EDGE('',*,*,#903,.F.);
#1239=ORIENTED_EDGE('',*,*,#904,.F.);
#1240=ORIENTED_EDGE('',*,*,#905,.T.);
#1241=ORIENTED_EDGE('',*,*,#767,.T.);
#1242=ORIENTED_EDGE('',*,*,#906,.T.);
#1243=ORIENTED_EDGE('',*,*,#747,.T.);
#1244=ORIENTED_EDGE('',*,*,#867,.T.);
#1245=ORIENTED_EDGE('',*,*,#743,.T.);
#1246=ORIENTED_EDGE('',*,*,#907,.F.);
#1247=ORIENTED_EDGE('',*,*,#908,.F.);
#1248=ORIENTED_EDGE('',*,*,#909,.F.);
#1249=ORIENTED_EDGE('',*,*,#900,.F.);
#1250=ORIENTED_EDGE('',*,*,#876,.T.);
#1251=ORIENTED_EDGE('',*,*,#739,.T.);
#1252=ORIENTED_EDGE('',*,*,#845,.T.);
#1253=ORIENTED_EDGE('',*,*,#771,.T.);
#1254=ORIENTED_EDGE('',*,*,#910,.F.);
#1255=ORIENTED_EDGE('',*,*,#862,.T.);
#1256=ORIENTED_EDGE('',*,*,#890,.F.);
#1257=ORIENTED_EDGE('',*,*,#855,.F.);
#1258=ORIENTED_EDGE('',*,*,#833,.T.);
#1259=ORIENTED_EDGE('',*,*,#770,.T.);
#1260=ORIENTED_EDGE('',*,*,#911,.T.);
#1261=ORIENTED_EDGE('',*,*,#759,.T.);
#1262=ORIENTED_EDGE('',*,*,#868,.T.);
#1263=ORIENTED_EDGE('',*,*,#911,.F.);
#1264=ORIENTED_EDGE('',*,*,#769,.F.);
#1265=ORIENTED_EDGE('',*,*,#912,.F.);
#1266=ORIENTED_EDGE('',*,*,#760,.F.);
#1267=ORIENTED_EDGE('',*,*,#768,.T.);
#1268=ORIENTED_EDGE('',*,*,#913,.T.);
#1269=ORIENTED_EDGE('',*,*,#761,.T.);
#1270=ORIENTED_EDGE('',*,*,#912,.T.);
#1271=ORIENTED_EDGE('',*,*,#913,.F.);
#1272=ORIENTED_EDGE('',*,*,#905,.F.);
#1273=ORIENTED_EDGE('',*,*,#914,.F.);
#1274=ORIENTED_EDGE('',*,*,#891,.F.);
#1275=ORIENTED_EDGE('',*,*,#762,.F.);
#1276=ORIENTED_EDGE('',*,*,#915,.T.);
#1277=ORIENTED_EDGE('',*,*,#882,.T.);
#1278=ORIENTED_EDGE('',*,*,#916,.T.);
#1279=ORIENTED_EDGE('',*,*,#816,.T.);
#1280=ORIENTED_EDGE('',*,*,#917,.F.);
#1281=ORIENTED_EDGE('',*,*,#883,.F.);
#1282=ORIENTED_EDGE('',*,*,#915,.F.);
#1283=ORIENTED_EDGE('',*,*,#823,.T.);
#1284=ORIENTED_EDGE('',*,*,#848,.T.);
#1285=ORIENTED_EDGE('',*,*,#884,.T.);
#1286=ORIENTED_EDGE('',*,*,#917,.T.);
#1287=ORIENTED_EDGE('',*,*,#822,.T.);
#1288=ORIENTED_EDGE('',*,*,#916,.F.);
#1289=ORIENTED_EDGE('',*,*,#885,.F.);
#1290=ORIENTED_EDGE('',*,*,#853,.F.);
#1291=ORIENTED_EDGE('',*,*,#817,.T.);
#1292=ORIENTED_EDGE('',*,*,#748,.F.);
#1293=ORIENTED_EDGE('',*,*,#906,.F.);
#1294=ORIENTED_EDGE('',*,*,#777,.T.);
#1295=ORIENTED_EDGE('',*,*,#830,.T.);
#1296=ORIENTED_EDGE('',*,*,#899,.F.);
#1297=ORIENTED_EDGE('',*,*,#918,.T.);
#1298=ORIENTED_EDGE('',*,*,#836,.T.);
#1299=ORIENTED_EDGE('',*,*,#918,.F.);
#1300=ORIENTED_EDGE('',*,*,#898,.F.);
#1301=ORIENTED_EDGE('',*,*,#919,.T.);
#1302=ORIENTED_EDGE('',*,*,#910,.T.);
#1303=ORIENTED_EDGE('',*,*,#919,.F.);
#1304=ORIENTED_EDGE('',*,*,#873,.F.);
#1305=ORIENTED_EDGE('',*,*,#730,.F.);
#1306=ORIENTED_EDGE('',*,*,#889,.F.);
#1307=ORIENTED_EDGE('',*,*,#920,.F.);
#1308=ORIENTED_EDGE('',*,*,#907,.T.);
#1309=ORIENTED_EDGE('',*,*,#908,.T.);
#1310=ORIENTED_EDGE('',*,*,#920,.T.);
#1311=ORIENTED_EDGE('',*,*,#888,.F.);
#1312=ORIENTED_EDGE('',*,*,#921,.F.);
#1313=ORIENTED_EDGE('',*,*,#909,.T.);
#1314=ORIENTED_EDGE('',*,*,#921,.T.);
#1315=ORIENTED_EDGE('',*,*,#887,.F.);
#1316=ORIENTED_EDGE('',*,*,#901,.F.);
#1317=ORIENTED_EDGE('',*,*,#897,.F.);
#1318=ORIENTED_EDGE('',*,*,#922,.T.);
#1319=ORIENTED_EDGE('',*,*,#835,.T.);
#1320=ORIENTED_EDGE('',*,*,#922,.F.);
#1321=ORIENTED_EDGE('',*,*,#903,.T.);
#1322=ORIENTED_EDGE('',*,*,#923,.T.);
#1323=ORIENTED_EDGE('',*,*,#893,.F.);
#1324=ORIENTED_EDGE('',*,*,#924,.F.);
#1325=ORIENTED_EDGE('',*,*,#914,.T.);
#1326=ORIENTED_EDGE('',*,*,#904,.T.);
#1327=ORIENTED_EDGE('',*,*,#924,.T.);
#1328=ORIENTED_EDGE('',*,*,#892,.F.);
#1329=ORIENTED_EDGE('',*,*,#880,.T.);
#1330=ORIENTED_EDGE('',*,*,#894,.F.);
#1331=ORIENTED_EDGE('',*,*,#923,.F.);
#1332=ORIENTED_EDGE('',*,*,#902,.T.);
#1333=ORIENTED_EDGE('',*,*,#896,.F.);
#1334=ORIENTED_EDGE('',*,*,#925,.T.);
#1335=ORIENTED_EDGE('',*,*,#834,.T.);
#1336=ORIENTED_EDGE('',*,*,#925,.F.);
#1337=ORIENTED_EDGE('',*,*,#895,.F.);
#1338=ORIENTED_EDGE('',*,*,#926,.T.);
#1339=ORIENTED_EDGE('',*,*,#837,.T.);
#1340=ORIENTED_EDGE('',*,*,#926,.F.);
#1341=PLANE('',#1478);
#1342=PLANE('',#1479);
#1343=PLANE('',#1482);
#1344=PLANE('',#1483);
#1345=PLANE('',#1484);
#1346=PLANE('',#1487);
#1347=PLANE('',#1488);
#1348=PLANE('',#1489);
#1349=PLANE('',#1490);
#1350=PLANE('',#1491);
#1351=PLANE('',#1492);
#1352=PLANE('',#1493);
#1353=PLANE('',#1494);
#1354=PLANE('',#1496);
#1355=PLANE('',#1497);
#1356=PLANE('',#1498);
#1357=PLANE('',#1499);
#1358=PLANE('',#1500);
#1359=PLANE('',#1501);
#1360=PLANE('',#1502);
#1361=PLANE('',#1504);
#1362=PLANE('',#1519);
#1363=PLANE('',#1520);
#1364=PLANE('',#1523);
#1365=PLANE('',#1524);
#1366=PLANE('',#1527);
#1367=PLANE('',#1536);
#1368=PLANE('',#1539);
#1369=PLANE('',#1540);
#1370=PLANE('',#1541);
#1371=PLANE('',#1542);
#1372=PLANE('',#1543);
#1373=PLANE('',#1544);
#1374=PLANE('',#1545);
#1375=PLANE('',#1546);
#1376=PLANE('',#1547);
#1377=PLANE('',#1548);
#1378=PLANE('',#1556);
#1379=PLANE('',#1557);
#1380=PLANE('',#1558);
#1381=PLANE('',#1560);
#1382=PLANE('',#1561);
#1383=PLANE('',#1562);
#1384=PLANE('',#1563);
#1385=PLANE('',#1564);
#1386=PLANE('',#1566);
#1387=PLANE('',#1568);
#1388=PLANE('',#1569);
#1389=PLANE('',#1572);
#1390=PLANE('',#1573);
#1391=PLANE('',#1574);
#1392=PLANE('',#1576);
#1393=PLANE('',#1577);
#1394=PLANE('',#1578);
#1395=ADVANCED_FACE('',(#82),#1341,.T.);
#1396=ADVANCED_FACE('',(#83),#1342,.F.);
#1397=ADVANCED_FACE('',(#84),#1343,.T.);
#1398=ADVANCED_FACE('',(#85),#1344,.T.);
#1399=ADVANCED_FACE('',(#86),#1345,.F.);
#1400=ADVANCED_FACE('',(#87),#1346,.T.);
#1401=ADVANCED_FACE('',(#88),#1347,.F.);
#1402=ADVANCED_FACE('',(#89),#1348,.F.);
#1403=ADVANCED_FACE('',(#90),#1349,.F.);
#1404=ADVANCED_FACE('',(#91),#1350,.F.);
#1405=ADVANCED_FACE('',(#92),#1351,.F.);
#1406=ADVANCED_FACE('',(#93),#1352,.F.);
#1407=ADVANCED_FACE('',(#94,#30),#1353,.T.);
#1408=ADVANCED_FACE('',(#95),#1354,.F.);
#1409=ADVANCED_FACE('',(#96),#1355,.F.);
#1410=ADVANCED_FACE('',(#97),#1356,.F.);
#1411=ADVANCED_FACE('',(#98),#1357,.F.);
#1412=ADVANCED_FACE('',(#99),#1358,.F.);
#1413=ADVANCED_FACE('',(#100),#1359,.F.);
#1414=ADVANCED_FACE('',(#101,#31),#1360,.T.);
#1415=ADVANCED_FACE('',(#102,#32,#33,#34,#35,#36,#37,#38),#1361,.T.);
#1416=ADVANCED_FACE('',(#103),#15,.T.);
#1417=ADVANCED_FACE('',(#104),#1362,.T.);
#1418=ADVANCED_FACE('',(#105),#1363,.T.);
#1419=ADVANCED_FACE('',(#106),#16,.T.);
#1420=ADVANCED_FACE('',(#107),#1364,.T.);
#1421=ADVANCED_FACE('',(#108),#1365,.T.);
#1422=ADVANCED_FACE('',(#109),#17,.T.);
#1423=ADVANCED_FACE('',(#110),#1366,.T.);
#1424=ADVANCED_FACE('',(#111),#18,.T.);
#1425=ADVANCED_FACE('',(#112),#19,.T.);
#1426=ADVANCED_FACE('',(#113),#20,.F.);
#1427=ADVANCED_FACE('',(#114),#21,.T.);
#1428=ADVANCED_FACE('',(#115),#1367,.T.);
#1429=ADVANCED_FACE('',(#116),#22,.F.);
#1430=ADVANCED_FACE('',(#117),#1368,.T.);
#1431=ADVANCED_FACE('',(#118),#1369,.T.);
#1432=ADVANCED_FACE('',(#119),#1370,.T.);
#1433=ADVANCED_FACE('',(#120),#1371,.F.);
#1434=ADVANCED_FACE('',(#121),#1372,.T.);
#1435=ADVANCED_FACE('',(#122),#1373,.F.);
#1436=ADVANCED_FACE('',(#123),#1374,.T.);
#1437=ADVANCED_FACE('',(#124),#1375,.F.);
#1438=ADVANCED_FACE('',(#125),#1376,.F.);
#1439=ADVANCED_FACE('',(#126,#39,#40,#41,#42,#43,#44,#45,#46),#1377,.T.);
#1440=ADVANCED_FACE('',(#127),#1378,.T.);
#1441=ADVANCED_FACE('',(#128),#1379,.F.);
#1442=ADVANCED_FACE('',(#129,#47),#1380,.F.);
#1443=ADVANCED_FACE('',(#130),#1381,.T.);
#1444=ADVANCED_FACE('',(#131),#1382,.T.);
#1445=ADVANCED_FACE('',(#132),#1383,.F.);
#1446=ADVANCED_FACE('',(#133),#1384,.T.);
#1447=ADVANCED_FACE('',(#134),#1385,.F.);
#1448=ADVANCED_FACE('',(#135),#23,.T.);
#1449=ADVANCED_FACE('',(#136),#1386,.T.);
#1450=ADVANCED_FACE('',(#137),#24,.T.);
#1451=ADVANCED_FACE('',(#138),#1387,.T.);
#1452=ADVANCED_FACE('',(#139),#1388,.T.);
#1453=ADVANCED_FACE('',(#140),#25,.F.);
#1454=ADVANCED_FACE('',(#141),#26,.F.);
#1455=ADVANCED_FACE('',(#142),#1389,.T.);
#1456=ADVANCED_FACE('',(#143),#1390,.T.);
#1457=ADVANCED_FACE('',(#144),#1391,.T.);
#1458=ADVANCED_FACE('',(#145),#27,.F.);
#1459=ADVANCED_FACE('',(#146),#1392,.T.);
#1460=ADVANCED_FACE('',(#147),#1393,.T.);
#1461=ADVANCED_FACE('',(#148),#1394,.T.);
#1462=ADVANCED_FACE('',(#149),#28,.F.);
#1463=ADVANCED_FACE('',(#150),#29,.F.);
#1464=CLOSED_SHELL('',(#1395,#1396,#1397,#1398,#1399,#1400,#1401,#1402,
#1403,#1404,#1405,#1406,#1407,#1408,#1409,#1410,#1411,#1412,#1413,#1414,
#1415,#1416,#1417,#1418,#1419,#1420,#1421,#1422,#1423,#1424,#1425,#1426,
#1427,#1428,#1429,#1430,#1431,#1432,#1433,#1434,#1435,#1436,#1437,#1438,
#1439,#1440,#1441,#1442,#1443,#1444,#1445,#1446,#1447,#1448,#1449,#1450,
#1451,#1452,#1453,#1454,#1455,#1456,#1457,#1458,#1459,#1460,#1461,#1462,
#1463));
#1465=DERIVED_UNIT_ELEMENT(#1467,1.);
#1466=DERIVED_UNIT_ELEMENT(#2380,-3.);
#1467=(
MASS_UNIT()
NAMED_UNIT(*)
SI_UNIT(.KILO.,.GRAM.)
);
#1468=DERIVED_UNIT((#1465,#1466));
#1469=MEASURE_REPRESENTATION_ITEM('density measure',
POSITIVE_RATIO_MEASURE(7850.),#1468);
#1470=PROPERTY_DEFINITION_REPRESENTATION(#1475,#1472);
#1471=PROPERTY_DEFINITION_REPRESENTATION(#1476,#1473);
#1472=REPRESENTATION('material name',(#1474),#2377);
#1473=REPRESENTATION('density',(#1469),#2377);
#1474=DESCRIPTIVE_REPRESENTATION_ITEM('Stahl','Stahl');
#1475=PROPERTY_DEFINITION('material property','material name',#2387);
#1476=PROPERTY_DEFINITION('material property','density of part',#2387);
#1477=AXIS2_PLACEMENT_3D('',#1962,#1581,#1582);
#1478=AXIS2_PLACEMENT_3D('',#1963,#1583,#1584);
#1479=AXIS2_PLACEMENT_3D('',#1996,#1601,#1602);
#1480=AXIS2_PLACEMENT_3D('',#1998,#1603,#1604);
#1481=AXIS2_PLACEMENT_3D('',#2001,#1606,#1607);
#1482=AXIS2_PLACEMENT_3D('',#2002,#1608,#1609);
#1483=AXIS2_PLACEMENT_3D('',#2032,#1625,#1626);
#1484=AXIS2_PLACEMENT_3D('',#2053,#1637,#1638);
#1485=AXIS2_PLACEMENT_3D('',#2055,#1639,#1640);
#1486=AXIS2_PLACEMENT_3D('',#2058,#1642,#1643);
#1487=AXIS2_PLACEMENT_3D('',#2059,#1644,#1645);
#1488=AXIS2_PLACEMENT_3D('',#2081,#1657,#1658);
#1489=AXIS2_PLACEMENT_3D('',#2090,#1663,#1664);
#1490=AXIS2_PLACEMENT_3D('',#2096,#1668,#1669);
#1491=AXIS2_PLACEMENT_3D('',#2102,#1673,#1674);
#1492=AXIS2_PLACEMENT_3D('',#2108,#1678,#1679);
#1493=AXIS2_PLACEMENT_3D('',#2114,#1683,#1684);
#1494=AXIS2_PLACEMENT_3D('',#2117,#1687,#1688);
#1495=AXIS2_PLACEMENT_3D('',#2119,#1689,#1690);
#1496=AXIS2_PLACEMENT_3D('',#2120,#1691,#1692);
#1497=AXIS2_PLACEMENT_3D('',#2129,#1697,#1698);
#1498=AXIS2_PLACEMENT_3D('',#2135,#1702,#1703);
#1499=AXIS2_PLACEMENT_3D('',#2141,#1707,#1708);
#1500=AXIS2_PLACEMENT_3D('',#2147,#1712,#1713);
#1501=AXIS2_PLACEMENT_3D('',#2153,#1717,#1718);
#1502=AXIS2_PLACEMENT_3D('',#2156,#1721,#1722);
#1503=AXIS2_PLACEMENT_3D('',#2158,#1723,#1724);
#1504=AXIS2_PLACEMENT_3D('',#2159,#1725,#1726);
#1505=AXIS2_PLACEMENT_3D('',#2162,#1727,#1728);
#1506=AXIS2_PLACEMENT_3D('',#2166,#1730,#1731);
#1507=AXIS2_PLACEMENT_3D('',#2170,#1733,#1734);
#1508=AXIS2_PLACEMENT_3D('',#2174,#1736,#1737);
#1509=AXIS2_PLACEMENT_3D('',#2177,#1739,#1740);
#1510=AXIS2_PLACEMENT_3D('',#2180,#1742,#1743);
#1511=AXIS2_PLACEMENT_3D('',#2185,#1746,#1747);
#1512=AXIS2_PLACEMENT_3D('',#2188,#1749,#1750);
#1513=AXIS2_PLACEMENT_3D('',#2193,#1753,#1754);
#1514=AXIS2_PLACEMENT_3D('',#2195,#1755,#1756);
#1515=AXIS2_PLACEMENT_3D('',#2197,#1757,#1758);
#1516=AXIS2_PLACEMENT_3D('',#2199,#1759,#1760);
#1517=AXIS2_PLACEMENT_3D('',#2200,#1761,#1762);
#1518=AXIS2_PLACEMENT_3D('',#2203,#1764,#1765);
#1519=AXIS2_PLACEMENT_3D('',#2204,#1766,#1767);
#1520=AXIS2_PLACEMENT_3D('',#2208,#1770,#1771);
#1521=AXIS2_PLACEMENT_3D('',#2212,#1774,#1775);
#1522=AXIS2_PLACEMENT_3D('',#2213,#1776,#1777);
#1523=AXIS2_PLACEMENT_3D('',#2214,#1778,#1779);
#1524=AXIS2_PLACEMENT_3D('',#2216,#1781,#1782);
#1525=AXIS2_PLACEMENT_3D('',#2222,#1786,#1787);
#1526=AXIS2_PLACEMENT_3D('',#2225,#1789,#1790);
#1527=AXIS2_PLACEMENT_3D('',#2226,#1791,#1792);
#1528=AXIS2_PLACEMENT_3D('',#2230,#1795,#1796);
#1529=AXIS2_PLACEMENT_3D('',#2233,#1798,#1799);
#1530=AXIS2_PLACEMENT_3D('',#2234,#1800,#1801);
#1531=AXIS2_PLACEMENT_3D('',#2237,#1803,#1804);
#1532=AXIS2_PLACEMENT_3D('',#2238,#1805,#1806);
#1533=AXIS2_PLACEMENT_3D('',#2241,#1808,#1809);
#1534=AXIS2_PLACEMENT_3D('',#2242,#1810,#1811);
#1535=AXIS2_PLACEMENT_3D('',#2244,#1812,#1813);
#1536=AXIS2_PLACEMENT_3D('',#2246,#1815,#1816);
#1537=AXIS2_PLACEMENT_3D('',#2250,#1819,#1820);
#1538=AXIS2_PLACEMENT_3D('',#2252,#1821,#1822);
#1539=AXIS2_PLACEMENT_3D('',#2254,#1824,#1825);
#1540=AXIS2_PLACEMENT_3D('',#2257,#1828,#1829);
#1541=AXIS2_PLACEMENT_3D('',#2261,#1833,#1834);
#1542=AXIS2_PLACEMENT_3D('',#2264,#1837,#1838);
#1543=AXIS2_PLACEMENT_3D('',#2265,#1839,#1840);
#1544=AXIS2_PLACEMENT_3D('',#2268,#1843,#1844);
#1545=AXIS2_PLACEMENT_3D('',#2270,#1846,#1847);
#1546=AXIS2_PLACEMENT_3D('',#2272,#1849,#1850);
#1547=AXIS2_PLACEMENT_3D('',#2278,#1854,#1855);
#1548=AXIS2_PLACEMENT_3D('',#2284,#1859,#1860);
#1549=AXIS2_PLACEMENT_3D('',#2287,#1861,#1862);
#1550=AXIS2_PLACEMENT_3D('',#2290,#1864,#1865);
#1551=AXIS2_PLACEMENT_3D('',#2308,#1876,#1877);
#1552=AXIS2_PLACEMENT_3D('',#2310,#1878,#1879);
#1553=AXIS2_PLACEMENT_3D('',#2312,#1880,#1881);
#1554=AXIS2_PLACEMENT_3D('',#2314,#1882,#1883);
#1555=AXIS2_PLACEMENT_3D('',#2316,#1884,#1885);
#1556=AXIS2_PLACEMENT_3D('',#2317,#1886,#1887);
#1557=AXIS2_PLACEMENT_3D('',#2321,#1890,#1891);
#1558=AXIS2_PLACEMENT_3D('',#2330,#1897,#1898);
#1559=AXIS2_PLACEMENT_3D('',#2337,#1902,#1903);
#1560=AXIS2_PLACEMENT_3D('',#2338,#1904,#1905);
#1561=AXIS2_PLACEMENT_3D('',#2339,#1906,#1907);
#1562=AXIS2_PLACEMENT_3D('',#2341,#1909,#1910);
#1563=AXIS2_PLACEMENT_3D('',#2343,#1912,#1913);
#1564=AXIS2_PLACEMENT_3D('',#2345,#1915,#1916);
#1565=AXIS2_PLACEMENT_3D('',#2347,#1918,#1919);
#1566=AXIS2_PLACEMENT_3D('',#2350,#1922,#1923);
#1567=AXIS2_PLACEMENT_3D('',#2352,#1925,#1926);
#1568=AXIS2_PLACEMENT_3D('',#2353,#1927,#1928);
#1569=AXIS2_PLACEMENT_3D('',#2354,#1929,#1930);
#1570=AXIS2_PLACEMENT_3D('',#2355,#1931,#1932);
#1571=AXIS2_PLACEMENT_3D('',#2357,#1934,#1935);
#1572=AXIS2_PLACEMENT_3D('',#2359,#1937,#1938);
#1573=AXIS2_PLACEMENT_3D('',#2361,#1940,#1941);
#1574=AXIS2_PLACEMENT_3D('',#2363,#1943,#1944);
#1575=AXIS2_PLACEMENT_3D('',#2364,#1945,#1946);
#1576=AXIS2_PLACEMENT_3D('',#2366,#1948,#1949);
#1577=AXIS2_PLACEMENT_3D('',#2369,#1952,#1953);
#1578=AXIS2_PLACEMENT_3D('',#2370,#1954,#1955);
#1579=AXIS2_PLACEMENT_3D('',#2371,#1956,#1957);
#1580=AXIS2_PLACEMENT_3D('',#2373,#1959,#1960);
#1581=DIRECTION('axis',(0.,0.,1.));
#1582=DIRECTION('refdir',(1.,0.,0.));
#1583=DIRECTION('center_axis',(-1.,0.,0.));
#1584=DIRECTION('ref_axis',(0.,0.,1.));
#1585=DIRECTION('',(0.,0.,-1.));
#1586=DIRECTION('',(0.,-1.,0.));
#1587=DIRECTION('',(0.,0.,1.));
#1588=DIRECTION('',(0.,1.,0.));
#1589=DIRECTION('',(0.,0.,-1.));
#1590=DIRECTION('',(0.,-0.707106781186546,0.707106781186549));
#1591=DIRECTION('',(0.,1.,0.));
#1592=DIRECTION('',(0.,-0.707106781186547,-0.707106781186548));
#1593=DIRECTION('',(0.,0.,1.));
#1594=DIRECTION('',(0.,1.,0.));
#1595=DIRECTION('',(0.,0.,-1.));
#1596=DIRECTION('',(0.,-0.707106781186547,0.707106781186548));
#1597=DIRECTION('',(0.,1.,0.));
#1598=DIRECTION('',(0.,-0.707106781186546,-0.707106781186549));
#1599=DIRECTION('',(0.,0.,1.));
#1600=DIRECTION('',(0.,1.,0.));
#1601=DIRECTION('center_axis',(0.,0.,1.));
#1602=DIRECTION('ref_axis',(1.,0.,0.));
#1603=DIRECTION('center_axis',(0.,0.,1.));
#1604=DIRECTION('ref_axis',(1.,0.,0.));
#1605=DIRECTION('',(-1.1686558153949E-16,-1.,0.));
#1606=DIRECTION('center_axis',(0.,0.,1.));
#1607=DIRECTION('ref_axis',(0.707106781186544,0.707106781186551,0.));
#1608=DIRECTION('center_axis',(1.,-1.1686558153949E-16,0.));
#1609=DIRECTION('ref_axis',(-1.1686558153949E-16,-1.,0.));
#1610=DIRECTION('',(1.1686558153949E-16,1.,0.));
#1611=DIRECTION('',(8.26364451938827E-17,0.707106781186546,0.707106781186549));
#1612=DIRECTION('',(-1.1686558153949E-16,-1.,0.));
#1613=DIRECTION('',(8.26364451938828E-17,0.707106781186547,-0.707106781186548));
#1614=DIRECTION('',(1.1686558153949E-16,1.,0.));
#1615=DIRECTION('',(8.26364451938828E-17,0.707106781186547,0.707106781186548));
#1616=DIRECTION('',(-1.1686558153949E-16,-1.,0.));
#1617=DIRECTION('',(8.26364451938827E-17,0.707106781186546,-0.707106781186549));
#1618=DIRECTION('',(1.1686558153949E-16,1.,0.));
#1619=DIRECTION('',(0.,0.,-1.));
#1620=DIRECTION('',(1.1686558153949E-16,1.,0.));
#1621=DIRECTION('',(0.,0.,-1.));
#1622=DIRECTION('',(0.,0.,1.));
#1623=DIRECTION('',(1.1686558153949E-16,1.,0.));
#1624=DIRECTION('',(0.,0.,-1.));
#1625=DIRECTION('center_axis',(1.,0.,0.));
#1626=DIRECTION('ref_axis',(0.,0.,-1.));
#1627=DIRECTION('',(0.,0.,-1.));
#1628=DIRECTION('',(0.,1.,0.));
#1629=DIRECTION('',(0.,0.,1.));
#1630=DIRECTION('',(0.,-1.,0.));
#1631=DIRECTION('',(0.,0.,-1.));
#1632=DIRECTION('',(0.,0.707106781186545,0.70710678118655));
#1633=DIRECTION('',(0.,-1.,0.));
#1634=DIRECTION('',(0.,0.707106781186548,-0.707106781186547));
#1635=DIRECTION('',(0.,0.,1.));
#1636=DIRECTION('',(0.,-1.,0.));
#1637=DIRECTION('center_axis',(0.,0.,1.));
#1638=DIRECTION('ref_axis',(1.,0.,0.));
#1639=DIRECTION('center_axis',(0.,0.,1.));
#1640=DIRECTION('ref_axis',(-1.,-1.22464679914735E-16,0.));
#1641=DIRECTION('',(2.3373116307898E-16,1.,0.));
#1642=DIRECTION('center_axis',(0.,0.,1.));
#1643=DIRECTION('ref_axis',(-0.707106781186547,-0.707106781186548,0.));
#1644=DIRECTION('center_axis',(-1.,2.3373116307898E-16,0.));
#1645=DIRECTION('ref_axis',(2.3373116307898E-16,1.,0.));
#1646=DIRECTION('',(-2.3373116307898E-16,-1.,0.));
#1647=DIRECTION('',(-1.65272890387766E-16,-0.707106781186548,0.707106781186547));
#1648=DIRECTION('',(2.3373116307898E-16,1.,0.));
#1649=DIRECTION('',(-1.65272890387765E-16,-0.707106781186545,-0.70710678118655));
#1650=DIRECTION('',(-2.3373116307898E-16,-1.,0.));
#1651=DIRECTION('',(0.,0.,-1.));
#1652=DIRECTION('',(-2.3373116307898E-16,-1.,0.));
#1653=DIRECTION('',(0.,0.,-1.));
#1654=DIRECTION('',(0.,0.,-1.));
#1655=DIRECTION('',(-2.3373116307898E-16,-1.,0.));
#1656=DIRECTION('',(0.,0.,-1.));
#1657=DIRECTION('center_axis',(0.500000605195931,-0.866025054374123,0.));
#1658=DIRECTION('ref_axis',(0.866025054374123,0.500000605195931,0.));
#1659=DIRECTION('',(0.866025054374123,0.500000605195931,0.));
#1660=DIRECTION('',(0.,0.,1.));
#1661=DIRECTION('',(0.866025054374123,0.500000605195931,0.));
#1662=DIRECTION('',(0.,0.,1.));
#1663=DIRECTION('center_axis',(-0.499999394803828,-0.86602575319433,0.));
#1664=DIRECTION('ref_axis',(0.86602575319433,-0.499999394803828,0.));
#1665=DIRECTION('',(0.86602575319433,-0.499999394803828,0.));
#1666=DIRECTION('',(0.,0.,1.));
#1667=DIRECTION('',(0.86602575319433,-0.499999394803828,0.));
#1668=DIRECTION('center_axis',(-0.999999999999756,-6.9882020524119E-7,0.));
#1669=DIRECTION('ref_axis',(6.9882020524119E-7,-0.999999999999756,0.));
#1670=DIRECTION('',(6.9882020524119E-7,-0.999999999999756,0.));
#1671=DIRECTION('',(0.,0.,1.));
#1672=DIRECTION('',(6.9882020524119E-7,-0.999999999999756,0.));
#1673=DIRECTION('center_axis',(-0.500000605195927,0.866025054374126,0.));
#1674=DIRECTION('ref_axis',(-0.866025054374126,-0.500000605195927,0.));
#1675=DIRECTION('',(-0.866025054374126,-0.500000605195927,0.));
#1676=DIRECTION('',(0.,0.,1.));
#1677=DIRECTION('',(-0.866025054374126,-0.500000605195927,0.));
#1678=DIRECTION('center_axis',(0.499999394803824,0.866025753194332,0.));
#1679=DIRECTION('ref_axis',(-0.866025753194332,0.499999394803824,0.));
#1680=DIRECTION('',(-0.866025753194332,0.499999394803824,0.));
#1681=DIRECTION('',(0.,0.,1.));
#1682=DIRECTION('',(-0.866025753194332,0.499999394803824,0.));
#1683=DIRECTION('center_axis',(0.999999999999756,6.9882020524119E-7,0.));
#1684=DIRECTION('ref_axis',(-6.9882020524119E-7,0.999999999999756,0.));
#1685=DIRECTION('',(-6.9882020524119E-7,0.999999999999756,0.));
#1686=DIRECTION('',(-6.9882020524119E-7,0.999999999999756,0.));
#1687=DIRECTION('center_axis',(0.,0.,-1.));
#1688=DIRECTION('ref_axis',(1.,0.,0.));
#1689=DIRECTION('center_axis',(0.,0.,-1.));
#1690=DIRECTION('ref_axis',(-1.,-1.22464679914735E-16,0.));
#1691=DIRECTION('center_axis',(0.500000000000001,-0.866025403784438,0.));
#1692=DIRECTION('ref_axis',(0.866025403784438,0.500000000000001,0.));
#1693=DIRECTION('',(0.866025403784438,0.500000000000001,0.));
#1694=DIRECTION('',(0.,0.,1.));
#1695=DIRECTION('',(0.866025403784438,0.500000000000001,0.));
#1696=DIRECTION('',(0.,0.,1.));
#1697=DIRECTION('center_axis',(-0.5,-0.866025403784439,0.));
#1698=DIRECTION('ref_axis',(0.866025403784439,-0.5,0.));
#1699=DIRECTION('',(0.866025403784439,-0.5,0.));
#1700=DIRECTION('',(0.,0.,1.));
#1701=DIRECTION('',(0.866025403784439,-0.5,0.));
#1702=DIRECTION('center_axis',(-1.,0.,0.));
#1703=DIRECTION('ref_axis',(0.,-1.,0.));
#1704=DIRECTION('',(0.,-1.,0.));
#1705=DIRECTION('',(0.,0.,1.));
#1706=DIRECTION('',(0.,-1.,0.));
#1707=DIRECTION('center_axis',(-0.5,0.866025403784439,0.));
#1708=DIRECTION('ref_axis',(-0.866025403784439,-0.5,0.));
#1709=DIRECTION('',(-0.866025403784439,-0.5,0.));
#1710=DIRECTION('',(0.,0.,1.));
#1711=DIRECTION('',(-0.866025403784439,-0.5,0.));
#1712=DIRECTION('center_axis',(0.500000000000001,0.866025403784438,0.));
#1713=DIRECTION('ref_axis',(-0.866025403784438,0.500000000000001,0.));
#1714=DIRECTION('',(-0.866025403784438,0.500000000000001,0.));
#1715=DIRECTION('',(0.,0.,1.));
#1716=DIRECTION('',(-0.866025403784438,0.500000000000001,0.));
#1717=DIRECTION('center_axis',(1.,0.,0.));
#1718=DIRECTION('ref_axis',(0.,1.,0.));
#1719=DIRECTION('',(0.,1.,0.));
#1720=DIRECTION('',(0.,1.,0.));
#1721=DIRECTION('center_axis',(0.,0.,-1.));
#1722=DIRECTION('ref_axis',(1.,0.,0.));
#1723=DIRECTION('center_axis',(0.,0.,-1.));
#1724=DIRECTION('ref_axis',(1.,0.,0.));
#1725=DIRECTION('center_axis',(0.,0.,-1.));
#1726=DIRECTION('ref_axis',(1.,0.,0.));
#1727=DIRECTION('center_axis',(0.,0.,1.));
#1728=DIRECTION('ref_axis',(0.707106781186544,-0.707106781186551,0.));
#1729=DIRECTION('',(1.,0.,0.));
#1730=DIRECTION('center_axis',(0.,0.,1.));
#1731=DIRECTION('ref_axis',(-0.707106781186546,-0.707106781186549,0.));
#1732=DIRECTION('',(0.,-1.,0.));
#1733=DIRECTION('center_axis',(0.,0.,1.));
#1734=DIRECTION('ref_axis',(-0.707106781186548,0.707106781186548,0.));
#1735=DIRECTION('',(-1.,0.,0.));
#1736=DIRECTION('center_axis',(0.,0.,1.));
#1737=DIRECTION('ref_axis',(0.707106781186547,0.707106781186548,0.));
#1738=DIRECTION('',(0.,1.,0.));
#1739=DIRECTION('center_axis',(0.,0.,1.));
#1740=DIRECTION('ref_axis',(-0.707106781186547,-0.707106781186548,0.));
#1741=DIRECTION('',(1.,0.,0.));
#1742=DIRECTION('center_axis',(0.,0.,1.));
#1743=DIRECTION('ref_axis',(1.,0.,0.));
#1744=DIRECTION('',(0.,1.,0.));
#1745=DIRECTION('',(-1.,0.,0.));
#1746=DIRECTION('center_axis',(0.,0.,1.));
#1747=DIRECTION('ref_axis',(0.707106781186544,0.707106781186551,0.));
#1748=DIRECTION('',(-1.,0.,0.));
#1749=DIRECTION('center_axis',(0.,0.,1.));
#1750=DIRECTION('ref_axis',(-1.,-1.22464679914735E-16,0.));
#1751=DIRECTION('',(0.,-1.,0.));
#1752=DIRECTION('',(1.,0.,0.));
#1753=DIRECTION('center_axis',(0.,0.,-1.));
#1754=DIRECTION('ref_axis',(-1.,0.,0.));
#1755=DIRECTION('center_axis',(0.,0.,-1.));
#1756=DIRECTION('ref_axis',(-1.,0.,0.));
#1757=DIRECTION('center_axis',(0.,0.,-1.));
#1758=DIRECTION('ref_axis',(-1.,0.,0.));
#1759=DIRECTION('center_axis',(0.,0.,-1.));
#1760=DIRECTION('ref_axis',(-1.,0.,0.));
#1761=DIRECTION('center_axis',(0.,0.,1.));
#1762=DIRECTION('ref_axis',(0.707106781186544,0.707106781186551,0.));
#1763=DIRECTION('',(0.,0.,1.));
#1764=DIRECTION('center_axis',(0.,0.,-1.));
#1765=DIRECTION('ref_axis',(0.707106781186544,0.707106781186551,0.));
#1766=DIRECTION('center_axis',(0.,1.,0.));
#1767=DIRECTION('ref_axis',(-1.,0.,0.));
#1768=DIRECTION('',(0.,0.,1.));
#1769=DIRECTION('',(-1.,0.,0.));
#1770=DIRECTION('center_axis',(1.,0.,0.));
#1771=DIRECTION('ref_axis',(0.,1.,0.));
#1772=DIRECTION('',(0.,0.,1.));
#1773=DIRECTION('',(0.,1.,0.));
#1774=DIRECTION('center_axis',(0.,0.,1.));
#1775=DIRECTION('ref_axis',(1.,0.,0.));
#1776=DIRECTION('center_axis',(0.,0.,1.));
#1777=DIRECTION('ref_axis',(1.,0.,0.));
#1778=DIRECTION('center_axis',(0.,-1.,0.));
#1779=DIRECTION('ref_axis',(-1.,0.,0.));
#1780=DIRECTION('',(1.,0.,0.));
#1781=DIRECTION('center_axis',(0.,1.,0.));
#1782=DIRECTION('ref_axis',(-1.,0.,0.));
#1783=DIRECTION('',(0.,0.,-1.));
#1784=DIRECTION('',(-1.,0.,0.));
#1785=DIRECTION('',(0.,0.,1.));
#1786=DIRECTION('center_axis',(0.,0.,1.));
#1787=DIRECTION('ref_axis',(-0.707106781186548,0.707106781186548,0.));
#1788=DIRECTION('',(0.,0.,1.));
#1789=DIRECTION('center_axis',(0.,0.,-1.));
#1790=DIRECTION('ref_axis',(-0.707106781186548,0.707106781186548,0.));
#1791=DIRECTION('center_axis',(-1.,0.,0.));
#1792=DIRECTION('ref_axis',(0.,-1.,0.));
#1793=DIRECTION('',(0.,0.,-1.));
#1794=DIRECTION('',(0.,-1.,0.));
#1795=DIRECTION('center_axis',(0.,0.,1.));
#1796=DIRECTION('ref_axis',(-0.707106781186546,-0.707106781186549,0.));
#1797=DIRECTION('',(0.,0.,1.));
#1798=DIRECTION('center_axis',(0.,0.,-1.));
#1799=DIRECTION('ref_axis',(-0.707106781186546,-0.707106781186549,0.));
#1800=DIRECTION('center_axis',(0.,0.,1.));
#1801=DIRECTION('ref_axis',(-0.707106781186547,-0.707106781186548,0.));
#1802=DIRECTION('',(0.,0.,1.));
#1803=DIRECTION('center_axis',(0.,0.,-1.));
#1804=DIRECTION('ref_axis',(-0.707106781186547,-0.707106781186548,0.));
#1805=DIRECTION('center_axis',(0.,0.,-1.));
#1806=DIRECTION('ref_axis',(-1.,-1.22464679914735E-16,0.));
#1807=DIRECTION('',(0.,0.,1.));
#1808=DIRECTION('center_axis',(0.,0.,-1.));
#1809=DIRECTION('ref_axis',(-1.,-1.22464679914735E-16,0.));
#1810=DIRECTION('center_axis',(0.,0.,-1.));
#1811=DIRECTION('ref_axis',(-1.,-1.22464679914735E-16,0.));
#1812=DIRECTION('center_axis',(0.,0.,1.));
#1813=DIRECTION('ref_axis',(-1.,-1.22464679914735E-16,0.));
#1814=DIRECTION('',(0.,0.,1.));
#1815=DIRECTION('center_axis',(-1.,0.,0.));
#1816=DIRECTION('ref_axis',(0.,-1.,0.));
#1817=DIRECTION('',(0.,-1.,0.));
#1818=DIRECTION('',(0.,0.,1.));
#1819=DIRECTION('center_axis',(0.,0.,1.));
#1820=DIRECTION('ref_axis',(1.,0.,0.));
#1821=DIRECTION('center_axis',(0.,0.,-1.));
#1822=DIRECTION('ref_axis',(1.,0.,0.));
#1823=DIRECTION('',(0.,0.,-1.));
#1824=DIRECTION('center_axis',(0.,-0.707106781186548,0.707106781186547));
#1825=DIRECTION('ref_axis',(1.,0.,0.));
#1826=DIRECTION('',(-1.,0.,0.));
#1827=DIRECTION('',(1.,0.,0.));
#1828=DIRECTION('center_axis',(0.,-1.,0.));
#1829=DIRECTION('ref_axis',(1.,0.,0.));
#1830=DIRECTION('',(-1.,0.,0.));
#1831=DIRECTION('',(-1.,0.,0.));
#1832=DIRECTION('',(1.,0.,0.));
#1833=DIRECTION('center_axis',(0.,0.707106781186549,0.707106781186546));
#1834=DIRECTION('ref_axis',(1.,0.,0.));
#1835=DIRECTION('',(-1.,0.,0.));
#1836=DIRECTION('',(1.,0.,0.));
#1837=DIRECTION('center_axis',(0.,0.,-1.));
#1838=DIRECTION('ref_axis',(-1.,0.,0.));
#1839=DIRECTION('center_axis',(0.,0.707106781186548,0.707106781186547));
#1840=DIRECTION('ref_axis',(1.,0.,0.));
#1841=DIRECTION('',(-1.,0.,0.));
#1842=DIRECTION('',(1.,0.,0.));
#1843=DIRECTION('center_axis',(0.,0.,-1.));
#1844=DIRECTION('ref_axis',(-1.,0.,0.));
#1845=DIRECTION('',(1.,0.,0.));
#1846=DIRECTION('center_axis',(0.,-0.707106781186549,0.707106781186546));
#1847=DIRECTION('ref_axis',(1.,0.,0.));
#1848=DIRECTION('',(-1.,0.,0.));
#1849=DIRECTION('center_axis',(0.,1.,0.));
#1850=DIRECTION('ref_axis',(1.,0.,0.));
#1851=DIRECTION('',(-1.,0.,0.));
#1852=DIRECTION('',(0.,0.,-1.));
#1853=DIRECTION('',(1.,0.,0.));
#1854=DIRECTION('center_axis',(0.,-1.,0.));
#1855=DIRECTION('ref_axis',(-1.,0.,0.));
#1856=DIRECTION('',(-1.,0.,0.));
#1857=DIRECTION('',(0.,0.,1.));
#1858=DIRECTION('',(1.,0.,0.));
#1859=DIRECTION('center_axis',(0.,0.,1.));
#1860=DIRECTION('ref_axis',(-1.,0.,0.));
#1861=DIRECTION('center_axis',(0.,0.,-1.));
#1862=DIRECTION('ref_axis',(0.707106781186544,-0.707106781186551,0.));
#1863=DIRECTION('',(0.,1.,0.));
#1864=DIRECTION('center_axis',(0.,0.,-1.));
#1865=DIRECTION('ref_axis',(0.707106781186547,0.707106781186548,0.));
#1866=DIRECTION('',(1.,0.,0.));
#1867=DIRECTION('',(0.,1.,0.));
#1868=DIRECTION('',(-1.,0.,0.));
#1869=DIRECTION('',(0.,-1.,0.));
#1870=DIRECTION('',(-1.,0.,0.));
#1871=DIRECTION('',(1.,0.,0.));
#1872=DIRECTION('',(-1.,0.,0.));
#1873=DIRECTION('',(0.,-1.,0.));
#1874=DIRECTION('',(1.,0.,0.));
#1875=DIRECTION('',(0.,1.,0.));
#1876=DIRECTION('center_axis',(0.,0.,-1.));
#1877=DIRECTION('ref_axis',(-1.,0.,0.));
#1878=DIRECTION('center_axis',(0.,0.,-1.));
#1879=DIRECTION('ref_axis',(-1.,0.,0.));
#1880=DIRECTION('center_axis',(0.,0.,-1.));
#1881=DIRECTION('ref_axis',(-1.,0.,0.));
#1882=DIRECTION('center_axis',(0.,0.,-1.));
#1883=DIRECTION('ref_axis',(-1.,0.,0.));
#1884=DIRECTION('center_axis',(0.,0.,-1.));
#1885=DIRECTION('ref_axis',(-1.,0.,0.));
#1886=DIRECTION('center_axis',(1.,0.,0.));
#1887=DIRECTION('ref_axis',(0.,1.,0.));
#1888=DIRECTION('',(0.,1.,0.));
#1889=DIRECTION('',(0.,0.,1.));
#1890=DIRECTION('center_axis',(0.,0.,1.));
#1891=DIRECTION('ref_axis',(-1.,0.,0.));
#1892=DIRECTION('',(0.,1.,0.));
#1893=DIRECTION('',(1.,0.,0.));
#1894=DIRECTION('',(0.,-1.,0.));
#1895=DIRECTION('',(1.,0.,0.));
#1896=DIRECTION('',(-1.,0.,0.));
#1897=DIRECTION('center_axis',(0.,0.,1.));
#1898=DIRECTION('ref_axis',(-1.,0.,0.));
#1899=DIRECTION('',(-1.,0.,0.));
#1900=DIRECTION('',(0.,-1.,0.));
#1901=DIRECTION('',(-1.,0.,0.));
#1902=DIRECTION('center_axis',(0.,0.,-1.));
#1903=DIRECTION('ref_axis',(-1.,0.,0.));
#1904=DIRECTION('center_axis',(0.,-1.,0.));
#1905=DIRECTION('ref_axis',(1.,0.,0.));
#1906=DIRECTION('center_axis',(0.,-0.70710678118655,0.707106781186545));
#1907=DIRECTION('ref_axis',(1.,0.,0.));
#1908=DIRECTION('',(1.,0.,0.));
#1909=DIRECTION('center_axis',(0.,0.,-1.));
#1910=DIRECTION('ref_axis',(-1.,0.,0.));
#1911=DIRECTION('',(-1.,0.,0.));
#1912=DIRECTION('center_axis',(0.,0.707106781186547,0.707106781186548));
#1913=DIRECTION('ref_axis',(1.,0.,0.));
#1914=DIRECTION('',(1.,0.,0.));
#1915=DIRECTION('center_axis',(0.,-1.,0.));
#1916=DIRECTION('ref_axis',(-1.,0.,0.));
#1917=DIRECTION('',(0.,0.,-1.));
#1918=DIRECTION('center_axis',(0.,0.,-1.));
#1919=DIRECTION('ref_axis',(0.707106781186544,-0.707106781186551,0.));
#1920=DIRECTION('',(0.,0.,1.));
#1921=DIRECTION('',(0.,0.,-1.));
#1922=DIRECTION('center_axis',(1.,0.,0.));
#1923=DIRECTION('ref_axis',(0.,1.,0.));
#1924=DIRECTION('',(0.,0.,-1.));
#1925=DIRECTION('center_axis',(0.,0.,1.));
#1926=DIRECTION('ref_axis',(0.707106781186547,0.707106781186548,0.));
#1927=DIRECTION('center_axis',(0.,-1.,0.));
#1928=DIRECTION('ref_axis',(1.,0.,0.));
#1929=DIRECTION('center_axis',(0.,1.,0.));
#1930=DIRECTION('ref_axis',(1.,0.,0.));
#1931=DIRECTION('center_axis',(0.,0.,1.));
#1932=DIRECTION('ref_axis',(-1.,0.,0.));
#1933=DIRECTION('',(0.,0.,-1.));
#1934=DIRECTION('center_axis',(0.,0.,1.));
#1935=DIRECTION('ref_axis',(-1.,0.,0.));
#1936=DIRECTION('',(0.,0.,-1.));
#1937=DIRECTION('center_axis',(0.,1.,0.));
#1938=DIRECTION('ref_axis',(-1.,0.,0.));
#1939=DIRECTION('',(0.,0.,1.));
#1940=DIRECTION('center_axis',(-1.,0.,0.));
#1941=DIRECTION('ref_axis',(0.,-1.,0.));
#1942=DIRECTION('',(0.,0.,-1.));
#1943=DIRECTION('center_axis',(0.,-1.,0.));
#1944=DIRECTION('ref_axis',(1.,0.,0.));
#1945=DIRECTION('center_axis',(0.,0.,1.));
#1946=DIRECTION('ref_axis',(-1.,0.,0.));
#1947=DIRECTION('',(0.,0.,-1.));
#1948=DIRECTION('center_axis',(0.,1.,0.));
#1949=DIRECTION('ref_axis',(-1.,0.,0.));
#1950=DIRECTION('',(0.,0.,-1.));
#1951=DIRECTION('',(0.,0.,1.));
#1952=DIRECTION('center_axis',(-1.,0.,0.));
#1953=DIRECTION('ref_axis',(0.,-1.,0.));
#1954=DIRECTION('center_axis',(1.,0.,0.));
#1955=DIRECTION('ref_axis',(0.,1.,0.));
#1956=DIRECTION('center_axis',(0.,0.,1.));
#1957=DIRECTION('ref_axis',(-1.,0.,0.));
#1958=DIRECTION('',(0.,0.,-1.));
#1959=DIRECTION('center_axis',(0.,0.,1.));
#1960=DIRECTION('ref_axis',(-1.,0.,0.));
#1961=DIRECTION('',(0.,0.,-1.));
#1962=CARTESIAN_POINT('',(0.,0.,0.));
#1963=CARTESIAN_POINT('Origin',(78.1,-36.,-3.05));
#1964=CARTESIAN_POINT('',(78.1,-44.340658617698,-0.05));
#1965=CARTESIAN_POINT('',(78.1,-44.340658617698,-8.05));
#1966=CARTESIAN_POINT('',(78.1,-44.340658617698,-9.05));
#1967=CARTESIAN_POINT('',(78.1,-100.659341382302,-8.05));
#1968=CARTESIAN_POINT('',(78.1,-52.,-8.05));
#1969=CARTESIAN_POINT('',(78.1,-100.659341382302,-0.05));
#1970=CARTESIAN_POINT('',(78.1,-100.659341382302,-3.05));
#1971=CARTESIAN_POINT('',(78.1,-79.,-0.05));
#1972=CARTESIAN_POINT('',(78.1,-52.,-0.05));
#1973=CARTESIAN_POINT('',(78.1,-79.,-3.05));
#1974=CARTESIAN_POINT('',(78.1,-79.,-1.55));
#1975=CARTESIAN_POINT('',(78.1,-76.,-6.05));
#1976=CARTESIAN_POINT('',(78.1,-67.5,-14.55));
#1977=CARTESIAN_POINT('',(78.1,-74.,-6.05));
#1978=CARTESIAN_POINT('',(78.1,-55.5,-6.05));
#1979=CARTESIAN_POINT('',(78.1,-71.,-3.05));
#1980=CARTESIAN_POINT('',(78.1,-63.,4.95));
#1981=CARTESIAN_POINT('',(78.1,-71.,-0.05));
#1982=CARTESIAN_POINT('',(78.1,-71.,-1.55));
#1983=CARTESIAN_POINT('',(78.1,-65.,-0.05));
#1984=CARTESIAN_POINT('',(78.1,-52.,-0.05));
#1985=CARTESIAN_POINT('',(78.1,-65.,-3.05));
#1986=CARTESIAN_POINT('',(78.1,-65.,-1.55));
#1987=CARTESIAN_POINT('',(78.1,-62.,-6.05));
#1988=CARTESIAN_POINT('',(78.1,-57.,-11.05));
#1989=CARTESIAN_POINT('',(78.1,-60.,-6.05));
#1990=CARTESIAN_POINT('',(78.1,-48.5,-6.05));
#1991=CARTESIAN_POINT('',(78.1,-57.,-3.05));
#1992=CARTESIAN_POINT('',(78.1,-52.5,1.45));
#1993=CARTESIAN_POINT('',(78.1,-57.,-0.05));
#1994=CARTESIAN_POINT('',(78.1,-57.,-1.55));
#1995=CARTESIAN_POINT('',(78.1,-52.,-0.05));
#1996=CARTESIAN_POINT('Origin',(79.,-68.,-8.05));
#1997=CARTESIAN_POINT('',(79.9,-41.,-8.05));
#1998=CARTESIAN_POINT('Origin',(75.9,-41.,-8.05));
#1999=CARTESIAN_POINT('',(79.9,-104.,-8.05));
#2000=CARTESIAN_POINT('',(79.9,-49.,-8.05));
#2001=CARTESIAN_POINT('Origin',(75.9,-104.,-8.05));
#2002=CARTESIAN_POINT('Origin',(79.9,-30.,-3.05));
#2003=CARTESIAN_POINT('',(79.9,-57.,-3.05));
#2004=CARTESIAN_POINT('',(79.9,-30.,-3.05));
#2005=CARTESIAN_POINT('',(79.9,-49.,-3.05));
#2006=CARTESIAN_POINT('',(79.9,-60.,-6.05));
#2007=CARTESIAN_POINT('',(79.9,-51.,2.95000000000001));
#2008=CARTESIAN_POINT('',(79.9,-62.,-6.05));
#2009=CARTESIAN_POINT('',(79.9,-45.5,-6.05));
#2010=CARTESIAN_POINT('',(79.9,-65.,-3.05));
#2011=CARTESIAN_POINT('',(79.9,-55.5,-12.55));
#2012=CARTESIAN_POINT('',(79.9,-71.,-3.05));
#2013=CARTESIAN_POINT('',(79.9,-49.,-3.05));
#2014=CARTESIAN_POINT('',(79.9,-74.,-6.05));
#2015=CARTESIAN_POINT('',(79.9,-61.5,6.45));
#2016=CARTESIAN_POINT('',(79.9,-76.,-6.05));
#2017=CARTESIAN_POINT('',(79.9,-52.5,-6.05));
#2018=CARTESIAN_POINT('',(79.9,-79.,-3.05));
#2019=CARTESIAN_POINT('',(79.9,-66.,-16.05));
#2020=CARTESIAN_POINT('',(79.9,-106.,-3.05));
#2021=CARTESIAN_POINT('',(79.9,-49.,-3.05));
#2022=CARTESIAN_POINT('',(79.9,-106.,-18.05));
#2023=CARTESIAN_POINT('',(79.9,-106.,-3.05));
#2024=CARTESIAN_POINT('',(79.9,-104.,-18.05));
#2025=CARTESIAN_POINT('',(79.9,-86.,-18.05));
#2026=CARTESIAN_POINT('',(79.9,-104.,-14.05));
#2027=CARTESIAN_POINT('',(79.9,-41.,-18.05));
#2028=CARTESIAN_POINT('',(79.9,-41.,-18.05));
#2029=CARTESIAN_POINT('',(79.9,-30.,-18.05));
#2030=CARTESIAN_POINT('',(79.9,-49.,-18.05));
#2031=CARTESIAN_POINT('',(79.9,-30.,-14.05));
#2032=CARTESIAN_POINT('Origin',(104.1,-100.,-3.05));
#2033=CARTESIAN_POINT('',(104.1,-91.659341382302,-0.05));
#2034=CARTESIAN_POINT('',(104.1,-91.659341382302,-8.05));
#2035=CARTESIAN_POINT('',(104.1,-91.659341382302,-9.05));
#2036=CARTESIAN_POINT('',(104.1,-35.340658617698,-8.05));
#2037=CARTESIAN_POINT('',(104.1,-84.,-8.05));
#2038=CARTESIAN_POINT('',(104.1,-35.340658617698,-0.05));
#2039=CARTESIAN_POINT('',(104.1,-35.340658617698,-3.05));
#2040=CARTESIAN_POINT('',(104.1,-71.,-0.05));
#2041=CARTESIAN_POINT('',(104.1,-84.,-0.05));
#2042=CARTESIAN_POINT('',(104.1,-71.,-3.05));
#2043=CARTESIAN_POINT('',(104.1,-71.,-1.55));
#2044=CARTESIAN_POINT('',(104.1,-74.,-6.05));
#2045=CARTESIAN_POINT('',(104.1,-78.9999999999999,-11.05));
#2046=CARTESIAN_POINT('',(104.1,-87.,-6.05));
#2047=CARTESIAN_POINT('',(104.1,-90.25,-6.05));
#2048=CARTESIAN_POINT('',(104.1,-90.,-3.05));
#2049=CARTESIAN_POINT('',(104.1,-91.75,-1.3));
#2050=CARTESIAN_POINT('',(104.1,-90.,-0.05));
#2051=CARTESIAN_POINT('',(104.1,-90.,-1.55));
#2052=CARTESIAN_POINT('',(104.1,-65.,-0.05));
#2053=CARTESIAN_POINT('Origin',(103.2,-68.,-8.05));
#2054=CARTESIAN_POINT('',(102.3,-95.0000000000001,-8.05));
#2055=CARTESIAN_POINT('Origin',(106.3,-95.0000000000001,-8.05));
#2056=CARTESIAN_POINT('',(102.3,-32.,-8.05));
#2057=CARTESIAN_POINT('',(102.3,-87.,-8.05));
#2058=CARTESIAN_POINT('Origin',(106.3,-32.,-8.05));
#2059=CARTESIAN_POINT('Origin',(102.3,-106.,-3.05));
#2060=CARTESIAN_POINT('',(102.3,-90.,-3.05));
#2061=CARTESIAN_POINT('',(102.3,-106.,-3.05));
#2062=CARTESIAN_POINT('',(102.3,-87.,-3.05));
#2063=CARTESIAN_POINT('',(102.3,-87.,-6.05));
#2064=CARTESIAN_POINT('',(102.3,-93.25,0.2));
#2065=CARTESIAN_POINT('',(102.3,-74.,-6.05));
#2066=CARTESIAN_POINT('',(102.3,-93.25,-6.05));
#2067=CARTESIAN_POINT('',(102.3,-71.,-3.05));
#2068=CARTESIAN_POINT('',(102.3,-80.5,-12.55));
#2069=CARTESIAN_POINT('',(102.3,-30.,-3.05));
#2070=CARTESIAN_POINT('',(102.3,-87.,-3.05));
#2071=CARTESIAN_POINT('',(102.3,-30.,-18.05));
#2072=CARTESIAN_POINT('',(102.3,-30.,-14.05));
#2073=CARTESIAN_POINT('',(102.3,-32.,-18.05));
#2074=CARTESIAN_POINT('',(102.3,-50.,-18.05));
#2075=CARTESIAN_POINT('',(102.3,-32.,-3.05));
#2076=CARTESIAN_POINT('',(102.3,-95.0000000000001,-18.05));
#2077=CARTESIAN_POINT('',(102.3,-95.0000000000001,-13.05));
#2078=CARTESIAN_POINT('',(102.3,-106.,-18.05));
#2079=CARTESIAN_POINT('',(102.3,-87.,-18.05));
#2080=CARTESIAN_POINT('',(102.3,-106.,-3.05));
#2081=CARTESIAN_POINT('Origin',(106.300002259399,-98.2331615074611,-18.05));
#2082=CARTESIAN_POINT('',(106.300002259399,-98.2331615074611,-18.05));
#2083=CARTESIAN_POINT('',(109.100001129699,-96.616578797034,-18.05));
#2084=CARTESIAN_POINT('',(107.145682769041,-97.7449068495988,-18.05));
#2085=CARTESIAN_POINT('',(106.300002259399,-98.2331615074611,-15.05));
#2086=CARTESIAN_POINT('',(106.300002259399,-98.2331615074611,-18.05));
#2087=CARTESIAN_POINT('',(109.100001129699,-96.616578797034,-15.05));
#2088=CARTESIAN_POINT('',(109.100001129699,-96.616578797034,-15.05));
#2089=CARTESIAN_POINT('',(109.100001129699,-96.616578797034,-18.05));
#2090=CARTESIAN_POINT('Origin',(103.5000011297,-96.6165827104272,-18.05));
#2091=CARTESIAN_POINT('',(103.5000011297,-96.6165827104272,-18.05));
#2092=CARTESIAN_POINT('',(92.6543300541336,-90.3548417009682,-18.05));
#2093=CARTESIAN_POINT('',(103.5000011297,-96.6165827104272,-15.05));
#2094=CARTESIAN_POINT('',(103.5000011297,-96.6165827104272,-18.05));
#2095=CARTESIAN_POINT('',(106.300002259399,-98.2331615074611,-15.05));
#2096=CARTESIAN_POINT('Origin',(103.499998870301,-93.383421202966,-18.05));
#2097=CARTESIAN_POINT('',(103.499998870301,-93.383421202966,-18.05));
#2098=CARTESIAN_POINT('',(103.499990001075,-80.6917062688044,-18.05));
#2099=CARTESIAN_POINT('',(103.499998870301,-93.383421202966,-15.05));
#2100=CARTESIAN_POINT('',(103.499998870301,-93.383421202966,-18.05));
#2101=CARTESIAN_POINT('',(103.5000011297,-96.6165827104272,-15.05));
#2102=CARTESIAN_POINT('Origin',(106.299997740601,-91.7668384925389,-18.05));
#2103=CARTESIAN_POINT('',(106.299997740601,-91.7668384925389,-18.05));
#2104=CARTESIAN_POINT('',(105.745678815094,-92.0868751898902,-18.05));
#2105=CARTESIAN_POINT('',(106.299997740601,-91.7668384925389,-15.05));
#2106=CARTESIAN_POINT('',(106.299997740601,-91.7668384925389,-18.05));
#2107=CARTESIAN_POINT('',(103.499998870301,-93.383421202966,-15.05));
#2108=CARTESIAN_POINT('Origin',(109.0999988703,-93.3834172895729,-18.05));
#2109=CARTESIAN_POINT('',(109.0999988703,-93.3834172895729,-18.05));
#2110=CARTESIAN_POINT('',(96.8543272298843,-86.313386881597,-18.05));
#2111=CARTESIAN_POINT('',(109.0999988703,-93.3834172895729,-15.05));
#2112=CARTESIAN_POINT('',(109.0999988703,-93.3834172895729,-18.05));
#2113=CARTESIAN_POINT('',(106.299997740601,-91.7668384925389,-15.05));
#2114=CARTESIAN_POINT('Origin',(109.100001129699,-96.616578797034,-18.05));
#2115=CARTESIAN_POINT('',(109.099991130772,-82.3082831091418,-18.05));
#2116=CARTESIAN_POINT('',(109.0999988703,-93.3834172895729,-15.05));
#2117=CARTESIAN_POINT('Origin',(106.3,-95.,-15.05));
#2118=CARTESIAN_POINT('',(107.9,-95.0000000000001,-15.05));
#2119=CARTESIAN_POINT('Origin',(106.3,-95.0000000000001,-15.05));
#2120=CARTESIAN_POINT('Origin',(75.9,-44.2331615074619,-18.05));
#2121=CARTESIAN_POINT('',(75.9,-44.2331615074619,-18.05));
#2122=CARTESIAN_POINT('',(78.7,-42.6165807537309,-18.05));
#2123=CARTESIAN_POINT('',(76.454328524455,-43.9131197846483,-18.05));
#2124=CARTESIAN_POINT('',(75.9,-44.2331615074619,-15.05));
#2125=CARTESIAN_POINT('',(75.9,-44.2331615074619,-18.05));
#2126=CARTESIAN_POINT('',(78.7,-42.6165807537309,-15.05));
#2127=CARTESIAN_POINT('',(78.7,-42.6165807537309,-15.05));
#2128=CARTESIAN_POINT('',(78.7,-42.6165807537309,-18.05));
#2129=CARTESIAN_POINT('Origin',(73.1,-42.6165807537309,-18.05));
#2130=CARTESIAN_POINT('',(73.1,-42.6165807537309,-18.05));
#2131=CARTESIAN_POINT('',(85.345671475545,-49.6866224765445,-18.05));
#2132=CARTESIAN_POINT('',(73.1,-42.6165807537309,-15.05));
#2133=CARTESIAN_POINT('',(73.1,-42.6165807537309,-18.05));
#2134=CARTESIAN_POINT('',(75.9,-44.2331615074619,-15.05));
#2135=CARTESIAN_POINT('Origin',(73.1,-39.383419246269,-18.05));
#2136=CARTESIAN_POINT('',(73.1,-39.383419246269,-18.05));
#2137=CARTESIAN_POINT('',(73.1,-53.6917096231345,-18.05));
#2138=CARTESIAN_POINT('',(73.1,-39.383419246269,-15.05));
#2139=CARTESIAN_POINT('',(73.1,-39.383419246269,-18.05));
#2140=CARTESIAN_POINT('',(73.1,-42.6165807537309,-15.05));
#2141=CARTESIAN_POINT('Origin',(75.9,-37.7668384925381,-18.05));
#2142=CARTESIAN_POINT('',(75.9,-37.7668384925381,-18.05));
#2143=CARTESIAN_POINT('',(75.054328524455,-38.2550871465899,-18.05));
#2144=CARTESIAN_POINT('',(75.9,-37.7668384925381,-15.05));
#2145=CARTESIAN_POINT('',(75.9,-37.7668384925381,-18.05));
#2146=CARTESIAN_POINT('',(73.1,-39.383419246269,-15.05));
#2147=CARTESIAN_POINT('Origin',(78.7,-39.383419246269,-18.05));
#2148=CARTESIAN_POINT('',(78.7,-39.383419246269,-18.05));
#2149=CARTESIAN_POINT('',(89.545671475545,-45.6451705922172,-18.05));
#2150=CARTESIAN_POINT('',(78.7,-39.383419246269,-15.05));
#2151=CARTESIAN_POINT('',(78.7,-39.383419246269,-18.05));
#2152=CARTESIAN_POINT('',(75.9,-37.7668384925381,-15.05));
#2153=CARTESIAN_POINT('Origin',(78.7,-42.6165807537309,-18.05));
#2154=CARTESIAN_POINT('',(78.7,-55.3082903768655,-18.05));
#2155=CARTESIAN_POINT('',(78.7,-39.383419246269,-15.05));
#2156=CARTESIAN_POINT('Origin',(75.9,-41.,-15.05));
#2157=CARTESIAN_POINT('',(74.3,-41.,-15.05));
#2158=CARTESIAN_POINT('Origin',(75.9,-41.,-15.05));
#2159=CARTESIAN_POINT('Origin',(91.1,-68.,-18.05));
#2160=CARTESIAN_POINT('',(107.1,-108.,-18.05));
#2161=CARTESIAN_POINT('',(111.1,-104.,-18.05));
#2162=CARTESIAN_POINT('Origin',(107.1,-104.,-18.05));
#2163=CARTESIAN_POINT('',(75.1,-108.,-18.05));
#2164=CARTESIAN_POINT('',(99.1,-108.,-18.05));
#2165=CARTESIAN_POINT('',(71.1,-104.,-18.05));
#2166=CARTESIAN_POINT('Origin',(75.1,-104.,-18.05));
#2167=CARTESIAN_POINT('',(71.1,-32.,-18.05));
#2168=CARTESIAN_POINT('',(71.1,-86.,-18.05));
#2169=CARTESIAN_POINT('',(75.1,-28.,-18.05));
#2170=CARTESIAN_POINT('Origin',(75.1,-32.,-18.05));
#2171=CARTESIAN_POINT('',(107.1,-28.,-18.05));
#2172=CARTESIAN_POINT('',(83.1,-28.,-18.05));
#2173=CARTESIAN_POINT('',(111.1,-32.,-18.05));
#2174=CARTESIAN_POINT('Origin',(107.1,-32.,-18.05));
#2175=CARTESIAN_POINT('',(111.1,-50.,-18.05));
#2176=CARTESIAN_POINT('',(106.3,-36.,-18.05));
#2177=CARTESIAN_POINT('Origin',(106.3,-32.,-18.05));
#2178=CARTESIAN_POINT('',(96.7,-30.,-18.05));
#2179=CARTESIAN_POINT('',(73.1,-43.8565713714171,-18.05));
#2180=CARTESIAN_POINT('Origin',(75.9,-41.,-18.05));
#2181=CARTESIAN_POINT('',(73.1,-100.,-18.05));
#2182=CARTESIAN_POINT('',(73.1,-55.9282856857086,-18.05));
#2183=CARTESIAN_POINT('',(75.9,-100.,-18.05));
#2184=CARTESIAN_POINT('',(82.1,-100.,-18.05));
#2185=CARTESIAN_POINT('Origin',(75.9,-104.,-18.05));
#2186=CARTESIAN_POINT('',(85.5,-106.,-18.05));
#2187=CARTESIAN_POINT('',(109.1,-92.1434286285829,-18.05));
#2188=CARTESIAN_POINT('Origin',(106.3,-95.0000000000001,-18.05));
#2189=CARTESIAN_POINT('',(109.1,-36.,-18.05));
#2190=CARTESIAN_POINT('',(109.1,-80.0717143142915,-18.05));
#2191=CARTESIAN_POINT('',(100.1,-36.,-18.05));
#2192=CARTESIAN_POINT('',(108.7,-104.,-18.05));
#2193=CARTESIAN_POINT('Origin',(107.1,-104.,-18.05));
#2194=CARTESIAN_POINT('',(76.7,-32.,-18.05));
#2195=CARTESIAN_POINT('Origin',(75.1,-32.,-18.05));
#2196=CARTESIAN_POINT('',(108.7,-32.,-18.05));
#2197=CARTESIAN_POINT('Origin',(107.1,-32.,-18.05));
#2198=CARTESIAN_POINT('',(76.7,-104.,-18.05));
#2199=CARTESIAN_POINT('Origin',(75.1,-104.,-18.05));
#2200=CARTESIAN_POINT('Origin',(75.9,-104.,-3.05));
#2201=CARTESIAN_POINT('',(75.9,-100.,-0.05));
#2202=CARTESIAN_POINT('',(75.9,-100.,-3.05));
#2203=CARTESIAN_POINT('Origin',(75.9,-104.,-0.05));
#2204=CARTESIAN_POINT('Origin',(79.1,-100.,-3.05));
#2205=CARTESIAN_POINT('',(73.1,-100.,-0.05));
#2206=CARTESIAN_POINT('',(73.1,-100.,-3.05));
#2207=CARTESIAN_POINT('',(79.1,-100.,-0.05));
#2208=CARTESIAN_POINT('Origin',(73.1,-100.,-3.05));
#2209=CARTESIAN_POINT('',(73.1,-43.8565713714171,-0.0500000000000012));
#2210=CARTESIAN_POINT('',(73.1,-43.8565713714171,-18.05));
#2211=CARTESIAN_POINT('',(73.1,-36.,-0.05));
#2212=CARTESIAN_POINT('Origin',(75.9,-41.,-18.05));
#2213=CARTESIAN_POINT('Origin',(75.9,-41.,-0.0500000000000012));
#2214=CARTESIAN_POINT('Origin',(102.3,-30.,-3.05));
#2215=CARTESIAN_POINT('',(96.7,-30.,-3.05));
#2216=CARTESIAN_POINT('Origin',(111.1,-28.,-3.05));
#2217=CARTESIAN_POINT('',(75.1,-28.,-0.05));
#2218=CARTESIAN_POINT('',(75.1,-28.,-14.05));
#2219=CARTESIAN_POINT('',(107.1,-28.,-0.05));
#2220=CARTESIAN_POINT('',(111.1,-28.,-0.05));
#2221=CARTESIAN_POINT('',(107.1,-28.,-3.05));
#2222=CARTESIAN_POINT('Origin',(75.1,-32.,-3.05));
#2223=CARTESIAN_POINT('',(71.1,-32.,-0.05));
#2224=CARTESIAN_POINT('',(71.1,-32.,-3.05));
#2225=CARTESIAN_POINT('Origin',(75.1,-32.,-0.05));
#2226=CARTESIAN_POINT('Origin',(71.1,-28.,-3.05));
#2227=CARTESIAN_POINT('',(71.1,-104.,-0.05));
#2228=CARTESIAN_POINT('',(71.1,-104.,-14.05));
#2229=CARTESIAN_POINT('',(71.1,-36.,-0.05));
#2230=CARTESIAN_POINT('Origin',(75.1,-104.,-3.05));
#2231=CARTESIAN_POINT('',(75.1,-108.,-0.05));
#2232=CARTESIAN_POINT('',(75.1,-108.,-3.05));
#2233=CARTESIAN_POINT('Origin',(75.1,-104.,-0.05));
#2234=CARTESIAN_POINT('Origin',(106.3,-32.,-3.05));
#2235=CARTESIAN_POINT('',(106.3,-36.,-0.05));
#2236=CARTESIAN_POINT('',(106.3,-36.,-3.05));
#2237=CARTESIAN_POINT('Origin',(106.3,-32.,-0.05));
#2238=CARTESIAN_POINT('Origin',(106.3,-95.0000000000001,-13.05));
#2239=CARTESIAN_POINT('',(107.9,-95.0000000000001,-0.0500000000000012));
#2240=CARTESIAN_POINT('',(107.9,-95.0000000000001,-13.05));
#2241=CARTESIAN_POINT('Origin',(106.3,-95.0000000000001,-0.0500000000000012));
#2242=CARTESIAN_POINT('Origin',(106.3,-95.0000000000001,-13.05));
#2243=CARTESIAN_POINT('',(109.1,-92.1434286285829,-0.0500000000000012));
#2244=CARTESIAN_POINT('Origin',(106.3,-95.0000000000001,-0.0500000000000012));
#2245=CARTESIAN_POINT('',(109.1,-92.1434286285829,-13.05));
#2246=CARTESIAN_POINT('Origin',(109.1,-36.,-3.05));
#2247=CARTESIAN_POINT('',(109.1,-36.,-0.05));
#2248=CARTESIAN_POINT('',(109.1,-36.,-0.05));
#2249=CARTESIAN_POINT('',(109.1,-36.,-3.05));
#2250=CARTESIAN_POINT('Origin',(75.9,-41.,-18.05));
#2251=CARTESIAN_POINT('',(74.3,-41.,-0.0500000000000012));
#2252=CARTESIAN_POINT('Origin',(75.9,-41.,-0.0500000000000012));
#2253=CARTESIAN_POINT('',(74.3,-41.,-18.05));
#2254=CARTESIAN_POINT('Origin',(80.35,-72.5,-4.55));
#2255=CARTESIAN_POINT('',(80.35,-71.,-3.05));
#2256=CARTESIAN_POINT('',(80.35,-74.,-6.05));
#2257=CARTESIAN_POINT('Origin',(81.1,-71.,-3.05));
#2258=CARTESIAN_POINT('',(84.6,-71.,-3.05));
#2259=CARTESIAN_POINT('',(92.1,-71.,-3.05));
#2260=CARTESIAN_POINT('',(84.6,-71.,-0.05));
#2261=CARTESIAN_POINT('Origin',(80.35,-77.5,-4.55));
#2262=CARTESIAN_POINT('',(80.35,-76.,-6.05));
#2263=CARTESIAN_POINT('',(80.35,-79.,-3.05));
#2264=CARTESIAN_POINT('Origin',(79.6,-75.,-6.05));
#2265=CARTESIAN_POINT('Origin',(90.85,-63.5,-4.55));
#2266=CARTESIAN_POINT('',(90.85,-62.,-6.05));
#2267=CARTESIAN_POINT('',(90.85,-65.,-3.05));
#2268=CARTESIAN_POINT('Origin',(79.6,-61.,-6.05));
#2269=CARTESIAN_POINT('',(78.85,-60.,-6.05));
#2270=CARTESIAN_POINT('Origin',(78.85,-58.5,-4.55));
#2271=CARTESIAN_POINT('',(78.85,-57.,-3.05));
#2272=CARTESIAN_POINT('Origin',(78.1,-57.,-0.05));
#2273=CARTESIAN_POINT('',(81.1,-57.,-3.05));
#2274=CARTESIAN_POINT('',(84.6,-57.,-3.05));
#2275=CARTESIAN_POINT('',(81.1,-57.,-0.05));
#2276=CARTESIAN_POINT('',(81.1,-57.,-1.55));
#2277=CARTESIAN_POINT('',(84.6,-57.,-0.05));
#2278=CARTESIAN_POINT('Origin',(81.1,-79.,-0.05));
#2279=CARTESIAN_POINT('',(81.1,-79.,-0.05));
#2280=CARTESIAN_POINT('',(86.1,-79.,-0.05));
#2281=CARTESIAN_POINT('',(81.1,-79.,-3.05));
#2282=CARTESIAN_POINT('',(81.1,-79.,-1.55));
#2283=CARTESIAN_POINT('',(86.1,-79.,-3.05));
#2284=CARTESIAN_POINT('Origin',(91.1,-68.,-0.05));
#2285=CARTESIAN_POINT('',(111.1,-104.,-0.05));
#2286=CARTESIAN_POINT('',(107.1,-108.,-0.05));
#2287=CARTESIAN_POINT('Origin',(107.1,-104.,-0.05));
#2288=CARTESIAN_POINT('',(111.1,-32.,-0.05));
#2289=CARTESIAN_POINT('',(111.1,-100.,-0.05));
#2290=CARTESIAN_POINT('Origin',(107.1,-32.,-0.05));
#2291=CARTESIAN_POINT('',(71.1,-108.,-0.05));
#2292=CARTESIAN_POINT('',(81.1,-33.,-0.05));
#2293=CARTESIAN_POINT('',(81.1,-31.,-0.05));
#2294=CARTESIAN_POINT('',(102.1,-33.,-0.05));
#2295=CARTESIAN_POINT('',(86.1,-33.,-0.05));
#2296=CARTESIAN_POINT('',(102.1,-65.,-0.05));
#2297=CARTESIAN_POINT('',(102.1,-31.,-0.05));
#2298=CARTESIAN_POINT('',(79.1,-65.,-0.05));
#2299=CARTESIAN_POINT('',(103.1,-36.,-0.05));
#2300=CARTESIAN_POINT('',(102.1,-90.,-0.05));
#2301=CARTESIAN_POINT('',(97.6,-90.,-0.05));
#2302=CARTESIAN_POINT('',(102.1,-104.,-0.05));
#2303=CARTESIAN_POINT('',(102.1,-31.,-0.05));
#2304=CARTESIAN_POINT('',(81.1,-104.,-0.05));
#2305=CARTESIAN_POINT('',(96.6,-104.,-0.05));
#2306=CARTESIAN_POINT('',(81.1,-31.,-0.05));
#2307=CARTESIAN_POINT('',(76.7,-104.,-0.05));
#2308=CARTESIAN_POINT('Origin',(75.1,-104.,-0.05));
#2309=CARTESIAN_POINT('',(108.7,-104.,-0.05));
#2310=CARTESIAN_POINT('Origin',(107.1,-104.,-0.05));
#2311=CARTESIAN_POINT('',(76.7,-32.,-0.05));
#2312=CARTESIAN_POINT('Origin',(75.1,-32.,-0.05));
#2313=CARTESIAN_POINT('',(92.35,-68.,-0.05));
#2314=CARTESIAN_POINT('Origin',(91.1,-68.,-0.05));
#2315=CARTESIAN_POINT('',(108.7,-32.,-0.05));
#2316=CARTESIAN_POINT('Origin',(107.1,-32.,-0.05));
#2317=CARTESIAN_POINT('Origin',(81.1,-65.,-3.05));
#2318=CARTESIAN_POINT('',(81.1,-33.,-3.05));
#2319=CARTESIAN_POINT('',(81.1,-31.,-3.05));
#2320=CARTESIAN_POINT('',(81.1,-33.,-3.05));
#2321=CARTESIAN_POINT('Origin',(91.1,-68.,-3.05));
#2322=CARTESIAN_POINT('',(81.1,-104.,-3.05));
#2323=CARTESIAN_POINT('',(81.1,-31.,-3.05));
#2324=CARTESIAN_POINT('',(102.1,-104.,-3.05));
#2325=CARTESIAN_POINT('',(96.6,-104.,-3.05));
#2326=CARTESIAN_POINT('',(102.1,-90.,-3.05));
#2327=CARTESIAN_POINT('',(102.1,-31.,-3.05));
#2328=CARTESIAN_POINT('',(97.6,-90.,-3.05));
#2329=CARTESIAN_POINT('',(85.5,-106.,-3.05));
#2330=CARTESIAN_POINT('Origin',(91.1,-68.,-3.05));
#2331=CARTESIAN_POINT('',(102.1,-65.,-3.05));
#2332=CARTESIAN_POINT('',(79.1,-65.,-3.05));
#2333=CARTESIAN_POINT('',(102.1,-33.,-3.05));
#2334=CARTESIAN_POINT('',(102.1,-31.,-3.05));
#2335=CARTESIAN_POINT('',(86.1,-33.,-3.05));
#2336=CARTESIAN_POINT('',(92.35,-68.,-3.05));
#2337=CARTESIAN_POINT('Origin',(91.1,-68.,-3.05));
#2338=CARTESIAN_POINT('Origin',(103.1,-36.,-3.05));
#2339=CARTESIAN_POINT('Origin',(92.1,-72.5,-4.55));
#2340=CARTESIAN_POINT('',(92.1,-74.,-6.05));
#2341=CARTESIAN_POINT('Origin',(103.1,-80.5,-6.05));
#2342=CARTESIAN_POINT('',(103.6,-87.,-6.05));
#2343=CARTESIAN_POINT('Origin',(103.6,-88.5,-4.55));
#2344=CARTESIAN_POINT('',(103.6,-90.,-3.05));
#2345=CARTESIAN_POINT('Origin',(104.1,-90.,-0.05));
#2346=CARTESIAN_POINT('',(102.1,-90.,-1.55));
#2347=CARTESIAN_POINT('Origin',(107.1,-104.,-3.05));
#2348=CARTESIAN_POINT('',(111.1,-104.,-3.05));
#2349=CARTESIAN_POINT('',(107.1,-108.,-3.05));
#2350=CARTESIAN_POINT('Origin',(111.1,-108.,-3.05));
#2351=CARTESIAN_POINT('',(111.1,-32.,-3.05));
#2352=CARTESIAN_POINT('Origin',(107.1,-32.,-3.05));
#2353=CARTESIAN_POINT('Origin',(71.1,-108.,-3.05));
#2354=CARTESIAN_POINT('Origin',(79.9,-106.,-3.05));
#2355=CARTESIAN_POINT('Origin',(107.1,-32.,-3.05));
#2356=CARTESIAN_POINT('',(108.7,-32.,-3.05));
#2357=CARTESIAN_POINT('Origin',(91.1,-68.,-3.05));
#2358=CARTESIAN_POINT('',(92.35,-68.,-3.05));
#2359=CARTESIAN_POINT('Origin',(102.1,-65.,-3.05));
#2360=CARTESIAN_POINT('',(102.1,-65.,-3.05));
#2361=CARTESIAN_POINT('Origin',(102.1,-31.,-3.05));
#2362=CARTESIAN_POINT('',(102.1,-33.,-3.05));
#2363=CARTESIAN_POINT('Origin',(81.1,-33.,-3.05));
#2364=CARTESIAN_POINT('Origin',(75.1,-32.,-3.05));
#2365=CARTESIAN_POINT('',(76.7,-32.,-3.05));
#2366=CARTESIAN_POINT('Origin',(102.1,-104.,-3.05));
#2367=CARTESIAN_POINT('',(81.1,-104.,-3.05));
#2368=CARTESIAN_POINT('',(102.1,-104.,-3.05));
#2369=CARTESIAN_POINT('Origin',(102.1,-71.,-3.05));
#2370=CARTESIAN_POINT('Origin',(81.1,-105.,-3.05));
#2371=CARTESIAN_POINT('Origin',(107.1,-104.,-3.05));
#2372=CARTESIAN_POINT('',(108.7,-104.,-3.05));
#2373=CARTESIAN_POINT('Origin',(75.1,-104.,-3.05));
#2374=CARTESIAN_POINT('',(76.7,-104.,-3.05));
#2375=UNCERTAINTY_MEASURE_WITH_UNIT(LENGTH_MEASURE(0.01),#2379,
'DISTANCE_ACCURACY_VALUE',
'Maximum model space distance between geometric entities at asserted c
onnectivities');
#2376=UNCERTAINTY_MEASURE_WITH_UNIT(LENGTH_MEASURE(0.01),#2379,
'DISTANCE_ACCURACY_VALUE',
'Maximum model space distance between geometric entities at asserted c
onnectivities');
#2377=(
GEOMETRIC_REPRESENTATION_CONTEXT(3)
GLOBAL_UNCERTAINTY_ASSIGNED_CONTEXT((#2375))
GLOBAL_UNIT_ASSIGNED_CONTEXT((#2379,#2381,#2382))
REPRESENTATION_CONTEXT('','3D')
);
#2378=(
GEOMETRIC_REPRESENTATION_CONTEXT(3)
GLOBAL_UNCERTAINTY_ASSIGNED_CONTEXT((#2376))
GLOBAL_UNIT_ASSIGNED_CONTEXT((#2379,#2381,#2382))
REPRESENTATION_CONTEXT('','3D')
);
#2379=(
LENGTH_UNIT()
NAMED_UNIT(*)
SI_UNIT(.MILLI.,.METRE.)
);
#2380=(
LENGTH_UNIT()
NAMED_UNIT(*)
SI_UNIT($,.METRE.)
);
#2381=(
NAMED_UNIT(*)
PLANE_ANGLE_UNIT()
SI_UNIT($,.RADIAN.)
);
#2382=(
NAMED_UNIT(*)
SI_UNIT($,.STERADIAN.)
SOLID_ANGLE_UNIT()
);
#2383=SHAPE_DEFINITION_REPRESENTATION(#2384,#2385);
#2384=PRODUCT_DEFINITION_SHAPE('',$,#2387);
#2385=SHAPE_REPRESENTATION('',(#1477),#2377);
#2386=PRODUCT_DEFINITION_CONTEXT('part definition',#2391,'design');
#2387=PRODUCT_DEFINITION('Remote control lower intermediate frame',
'Remote control lower intermediate frame',#2388,#2386);
#2388=PRODUCT_DEFINITION_FORMATION('',$,#2393);
#2389=PRODUCT_RELATED_PRODUCT_CATEGORY(
'Remote control lower intermediate frame',
'Remote control lower intermediate frame',(#2393));
#2390=APPLICATION_PROTOCOL_DEFINITION('international standard',
'automotive_design',2009,#2391);
#2391=APPLICATION_CONTEXT(
'Core Data for Automotive Mechanical Design Process');
#2392=PRODUCT_CONTEXT('part definition',#2391,'mechanical');
#2393=PRODUCT('Remote control lower intermediate frame',
'Remote control lower intermediate frame',$,(#2392));
#2394=PRESENTATION_STYLE_ASSIGNMENT((#2396));
#2395=PRESENTATION_STYLE_ASSIGNMENT((#2397));
#2396=SURFACE_STYLE_USAGE(.BOTH.,#2398);
#2397=SURFACE_STYLE_USAGE(.BOTH.,#2399);
#2398=SURFACE_SIDE_STYLE('',(#2400));
#2399=SURFACE_SIDE_STYLE('',(#2401));
#2400=SURFACE_STYLE_FILL_AREA(#2402);
#2401=SURFACE_STYLE_FILL_AREA(#2403);
#2402=FILL_AREA_STYLE('Stahl - satiniert',(#2404));
#2403=FILL_AREA_STYLE('Opaque(115,115,115)',(#2405));
#2404=FILL_AREA_STYLE_COLOUR('Stahl - satiniert',#2406);
#2405=FILL_AREA_STYLE_COLOUR('Opaque(115,115,115)',#2407);
#2406=COLOUR_RGB('Stahl - satiniert',0.627450980392157,0.627450980392157,
0.627450980392157);
#2407=COLOUR_RGB('Opaque(115,115,115)',0.450980392156863,0.450980392156863,
0.450980392156863);
ENDSEC;
END-ISO-10303-21;
