ISO-10303-21;
HEADER;
/* Generated by software containing ST-Developer
 * from STEP Tools, Inc. (www.steptools.com) 
 */

FILE_DESCRIPTION(
/* description */ (''),
/* implementation_level */ '2;1');

FILE_NAME(
/* name */ 'Remote control top.step',
/* time_stamp */ '2026-01-02T22:24:16+01:00',
/* author */ (''),
/* organization */ (''),
/* preprocessor_version */ 'ST-DEVELOPER v20.1',
/* originating_system */ 'Autodesk Translation Framework v14.21.0.0',
/* authorisation */ '');

FILE_SCHEMA (('AUTOMOTIVE_DESIGN { 1 0 10303 214 3 1 1 }'));
ENDSEC;

DATA;
#10=MECHANICAL_DESIGN_GEOMETRIC_PRESENTATION_REPRESENTATION('',(#13),#2748);
#11=SHAPE_REPRESENTATION_RELATIONSHIP('SRR','None',#2755,#12);
#12=ADVANCED_BREP_SHAPE_REPRESENTATION('',(#14),#2747);
#13=STYLED_ITEM('',(#2765),#14);
#14=MANIFOLD_SOLID_BREP('Remote control top',#1538);
#15=TOROIDAL_SURFACE('',#1667,2.5,1.5);
#16=TOROIDAL_SURFACE('',#1672,2.5,1.5);
#17=TOROIDAL_SURFACE('',#1678,2.5,1.5);
#18=TOROIDAL_SURFACE('',#1681,2.5,1.5);
#19=(
BOUNDED_CURVE()
B_SPLINE_CURVE(2,(#2630,#2631,#2632),.UNSPECIFIED.,.F.,.F.)
B_SPLINE_CURVE_WITH_KNOTS((3,3),(0.624570197509849,1.25052979982369),
 .UNSPECIFIED.)
CURVE()
GEOMETRIC_REPRESENTATION_ITEM()
RATIONAL_B_SPLINE_CURVE((1.11440677966102,1.14310394995272,1.11440677966101))
REPRESENTATION_ITEM('')
);
#20=CONICAL_SURFACE('',#1648,8.,0.785398163397447);
#21=CONICAL_SURFACE('',#1655,1.45,0.785398163397443);
#22=CONICAL_SURFACE('',#1658,1.45,0.785398163397442);
#23=CONICAL_SURFACE('',#1665,12.85,0.785398163397448);
#24=SPHERICAL_SURFACE('',#1629,1.5);
#25=SPHERICAL_SURFACE('',#1631,1.5);
#26=B_SPLINE_SURFACE_WITH_KNOTS('',3,3,((#2381,#2382,#2383,#2384,#2385),
(#2386,#2387,#2388,#2389,#2390),(#2391,#2392,#2393,#2394,#2395),(#2396,
#2397,#2398,#2399,#2400)),.UNSPECIFIED.,.F.,.F.,.F.,(4,4),(4,1,4),(0.,1.),
(-1.62097806526547E-17,0.673198425769242,1.5707963267949),.UNSPECIFIED.);
#27=B_SPLINE_SURFACE_WITH_KNOTS('',3,3,((#2438,#2439,#2440,#2441,#2442),
(#2443,#2444,#2445,#2446,#2447),(#2448,#2449,#2450,#2451,#2452),(#2453,
#2454,#2455,#2456,#2457)),.UNSPECIFIED.,.F.,.F.,.F.,(4,4),(4,1,4),(0.,1.),
(-1.5707963267949,-0.673198425769241,8.5040593366707E-16),.UNSPECIFIED.);
#28=B_SPLINE_SURFACE_WITH_KNOTS('',3,3,((#2565,#2566,#2567,#2568,#2569),
(#2570,#2571,#2572,#2573,#2574),(#2575,#2576,#2577,#2578,#2579),(#2580,
#2581,#2582,#2583,#2584)),.UNSPECIFIED.,.F.,.F.,.F.,(4,4),(4,1,4),(0.,1.),
(-0.00173010725868254,0.391834028069377,0.785398163397437),
 .UNSPECIFIED.);
#29=B_SPLINE_SURFACE_WITH_KNOTS('',3,3,((#2596,#2597,#2598,#2599,#2600),
(#2601,#2602,#2603,#2604,#2605),(#2606,#2607,#2608,#2609,#2610),(#2611,
#2612,#2613,#2614,#2615)),.UNSPECIFIED.,.F.,.F.,.F.,(4,4),(4,1,4),(0.,1.),
(-0.785398163397452,-0.391834028069387,0.00173010725867853),
 .UNSPECIFIED.);
#30=B_SPLINE_CURVE_WITH_KNOTS('',3,(#2358,#2359,#2360,#2361,#2362,#2363),
 .UNSPECIFIED.,.F.,.F.,(4,2,4),(0.581639469122755,0.640655816737418,0.69967216435208),
 .UNSPECIFIED.);
#31=B_SPLINE_CURVE_WITH_KNOTS('',3,(#2367,#2368,#2369,#2370,#2371,#2372),
 .UNSPECIFIED.,.F.,.F.,(4,2,4),(0.228088565625166,0.287104913239828,0.346121260854491),
 .UNSPECIFIED.);
#32=B_SPLINE_CURVE_WITH_KNOTS('',3,(#2407,#2408,#2409,#2410,#2411,#2412),
 .UNSPECIFIED.,.F.,.F.,(4,2,4),(1.57229888111839,1.635782172817,1.74069608244216),
 .UNSPECIFIED.);
#33=B_SPLINE_CURVE_WITH_KNOTS('',3,(#2463,#2464,#2465,#2466,#2467,#2468),
 .UNSPECIFIED.,.F.,.F.,(4,2,4),(1.74069608244216,1.84560999206731,1.90909328376592),
 .UNSPECIFIED.);
#34=B_SPLINE_CURVE_WITH_KNOTS('',3,(#2493,#2494,#2495,#2496,#2497,#2498),
 .UNSPECIFIED.,.F.,.F.,(4,2,4),(1.57229888111839,1.635782172817,1.74069608244216),
 .UNSPECIFIED.);
#35=B_SPLINE_CURVE_WITH_KNOTS('',3,(#2502,#2503,#2504,#2505,#2506),
 .UNSPECIFIED.,.F.,.F.,(4,1,4),(-0.785398163397437,-0.391834028069377,0.00173010725868254),
 .UNSPECIFIED.);
#36=B_SPLINE_CURVE_WITH_KNOTS('',3,(#2509,#2510,#2511,#2512,#2513),
 .UNSPECIFIED.,.F.,.F.,(4,1,4),(-0.00173010725867853,0.391834028069387,
0.785398163397452),.UNSPECIFIED.);
#37=B_SPLINE_CURVE_WITH_KNOTS('',3,(#2517,#2518,#2519,#2520,#2521,#2522),
 .UNSPECIFIED.,.F.,.F.,(4,2,4),(1.74069608244217,1.84560999206733,1.90909328376594),
 .UNSPECIFIED.);
#38=B_SPLINE_CURVE_WITH_KNOTS('',3,(#2585,#2586,#2587,#2588,#2589),
 .UNSPECIFIED.,.F.,.F.,(4,1,4),(-0.00173010725868254,0.391834028069377,
0.785398163397437),.UNSPECIFIED.);
#39=B_SPLINE_CURVE_WITH_KNOTS('',3,(#2616,#2617,#2618,#2619,#2620),
 .UNSPECIFIED.,.F.,.F.,(4,1,4),(-0.785398163397452,-0.391834028069387,0.00173010725867853),
 .UNSPECIFIED.);
#40=B_SPLINE_CURVE_WITH_KNOTS('',3,(#2643,#2644,#2645,#2646,#2647,#2648),
 .UNSPECIFIED.,.F.,.F.,(4,2,4),(1.74069608244216,1.84560999206732,1.90909328376593),
 .UNSPECIFIED.);
#41=B_SPLINE_CURVE_WITH_KNOTS('',3,(#2649,#2650,#2651,#2652,#2653,#2654),
 .UNSPECIFIED.,.F.,.F.,(4,2,4),(1.57229888111839,1.635782172817,1.74069608244216),
 .UNSPECIFIED.);
#42=B_SPLINE_CURVE_WITH_KNOTS('',3,(#2694,#2695,#2696,#2697,#2698,#2699),
 .UNSPECIFIED.,.F.,.F.,(4,2,4),(1.74069608244216,1.84560999206731,1.90909328376592),
 .UNSPECIFIED.);
#43=B_SPLINE_CURVE_WITH_KNOTS('',3,(#2702,#2703,#2704,#2705,#2706,#2707),
 .UNSPECIFIED.,.F.,.F.,(4,2,4),(1.57229888111839,1.635782172817,1.74069608244216),
 .UNSPECIFIED.);
#44=ELLIPSE('',#1599,4.2426406871193,3.00000000000001);
#45=ELLIPSE('',#1602,4.24264068711929,3.00000000000001);
#46=ELLIPSE('',#1607,1.94785930633715,1.5);
#47=ELLIPSE('',#1608,1.94785930633717,1.5);
#48=ELLIPSE('',#1617,1.94785930633716,1.5);
#49=ELLIPSE('',#1618,1.94785930633716,1.49999999999999);
#50=CYLINDRICAL_SURFACE('',#1565,5.);
#51=CYLINDRICAL_SURFACE('',#1572,4.);
#52=CYLINDRICAL_SURFACE('',#1575,4.);
#53=CYLINDRICAL_SURFACE('',#1578,4.);
#54=CYLINDRICAL_SURFACE('',#1581,4.);
#55=CYLINDRICAL_SURFACE('',#1586,5.);
#56=CYLINDRICAL_SURFACE('',#1589,5.);
#57=CYLINDRICAL_SURFACE('',#1596,5.);
#58=CYLINDRICAL_SURFACE('',#1598,3.00000000000001);
#59=CYLINDRICAL_SURFACE('',#1605,1.5);
#60=CYLINDRICAL_SURFACE('',#1609,1.5);
#61=CYLINDRICAL_SURFACE('',#1615,1.5);
#62=CYLINDRICAL_SURFACE('',#1619,1.5);
#63=CYLINDRICAL_SURFACE('',#1621,1.5);
#64=CYLINDRICAL_SURFACE('',#1624,1.5);
#65=CYLINDRICAL_SURFACE('',#1626,1.5);
#66=CYLINDRICAL_SURFACE('',#1633,1.5);
#67=CYLINDRICAL_SURFACE('',#1635,1.5);
#68=CYLINDRICAL_SURFACE('',#1650,7.);
#69=CYLINDRICAL_SURFACE('',#1661,1.2);
#70=CYLINDRICAL_SURFACE('',#1663,1.2);
#71=CYLINDRICAL_SURFACE('',#1670,1.5);
#72=CYLINDRICAL_SURFACE('',#1685,3.);
#73=CYLINDRICAL_SURFACE('',#1686,1.5);
#74=CYLINDRICAL_SURFACE('',#1687,3.);
#75=CYLINDRICAL_SURFACE('',#1689,1.6);
#76=CYLINDRICAL_SURFACE('',#1691,1.6);
#77=CYLINDRICAL_SURFACE('',#1698,1.6);
#78=CYLINDRICAL_SURFACE('',#1699,1.6);
#79=CYLINDRICAL_SURFACE('',#1700,3.);
#80=CYLINDRICAL_SURFACE('',#1701,3.);
#81=FACE_BOUND('',#178,.T.);
#82=FACE_BOUND('',#179,.T.);
#83=FACE_BOUND('',#180,.T.);
#84=FACE_BOUND('',#181,.T.);
#85=FACE_BOUND('',#207,.T.);
#86=FACE_BOUND('',#220,.T.);
#87=FACE_BOUND('',#222,.T.);
#88=FACE_BOUND('',#224,.T.);
#89=FACE_BOUND('',#250,.T.);
#90=FACE_BOUND('',#255,.T.);
#91=FACE_BOUND('',#259,.T.);
#92=FACE_BOUND('',#261,.T.);
#93=FACE_OUTER_BOUND('',#177,.T.);
#94=FACE_OUTER_BOUND('',#182,.T.);
#95=FACE_OUTER_BOUND('',#183,.T.);
#96=FACE_OUTER_BOUND('',#184,.T.);
#97=FACE_OUTER_BOUND('',#185,.T.);
#98=FACE_OUTER_BOUND('',#186,.T.);
#99=FACE_OUTER_BOUND('',#187,.T.);
#100=FACE_OUTER_BOUND('',#188,.T.);
#101=FACE_OUTER_BOUND('',#189,.T.);
#102=FACE_OUTER_BOUND('',#190,.T.);
#103=FACE_OUTER_BOUND('',#191,.T.);
#104=FACE_OUTER_BOUND('',#192,.T.);
#105=FACE_OUTER_BOUND('',#193,.T.);
#106=FACE_OUTER_BOUND('',#194,.T.);
#107=FACE_OUTER_BOUND('',#195,.T.);
#108=FACE_OUTER_BOUND('',#196,.T.);
#109=FACE_OUTER_BOUND('',#197,.T.);
#110=FACE_OUTER_BOUND('',#198,.T.);
#111=FACE_OUTER_BOUND('',#199,.T.);
#112=FACE_OUTER_BOUND('',#200,.T.);
#113=FACE_OUTER_BOUND('',#201,.T.);
#114=FACE_OUTER_BOUND('',#202,.T.);
#115=FACE_OUTER_BOUND('',#203,.T.);
#116=FACE_OUTER_BOUND('',#204,.T.);
#117=FACE_OUTER_BOUND('',#205,.T.);
#118=FACE_OUTER_BOUND('',#206,.T.);
#119=FACE_OUTER_BOUND('',#208,.T.);
#120=FACE_OUTER_BOUND('',#209,.T.);
#121=FACE_OUTER_BOUND('',#210,.T.);
#122=FACE_OUTER_BOUND('',#211,.T.);
#123=FACE_OUTER_BOUND('',#212,.T.);
#124=FACE_OUTER_BOUND('',#213,.T.);
#125=FACE_OUTER_BOUND('',#214,.T.);
#126=FACE_OUTER_BOUND('',#215,.T.);
#127=FACE_OUTER_BOUND('',#216,.T.);
#128=FACE_OUTER_BOUND('',#217,.T.);
#129=FACE_OUTER_BOUND('',#218,.T.);
#130=FACE_OUTER_BOUND('',#219,.T.);
#131=FACE_OUTER_BOUND('',#221,.T.);
#132=FACE_OUTER_BOUND('',#223,.T.);
#133=FACE_OUTER_BOUND('',#225,.T.);
#134=FACE_OUTER_BOUND('',#226,.T.);
#135=FACE_OUTER_BOUND('',#227,.T.);
#136=FACE_OUTER_BOUND('',#228,.T.);
#137=FACE_OUTER_BOUND('',#229,.T.);
#138=FACE_OUTER_BOUND('',#230,.T.);
#139=FACE_OUTER_BOUND('',#231,.T.);
#140=FACE_OUTER_BOUND('',#232,.T.);
#141=FACE_OUTER_BOUND('',#233,.T.);
#142=FACE_OUTER_BOUND('',#234,.T.);
#143=FACE_OUTER_BOUND('',#235,.T.);
#144=FACE_OUTER_BOUND('',#236,.T.);
#145=FACE_OUTER_BOUND('',#237,.T.);
#146=FACE_OUTER_BOUND('',#238,.T.);
#147=FACE_OUTER_BOUND('',#239,.T.);
#148=FACE_OUTER_BOUND('',#240,.T.);
#149=FACE_OUTER_BOUND('',#241,.T.);
#150=FACE_OUTER_BOUND('',#242,.T.);
#151=FACE_OUTER_BOUND('',#243,.T.);
#152=FACE_OUTER_BOUND('',#244,.T.);
#153=FACE_OUTER_BOUND('',#245,.T.);
#154=FACE_OUTER_BOUND('',#246,.T.);
#155=FACE_OUTER_BOUND('',#247,.T.);
#156=FACE_OUTER_BOUND('',#248,.T.);
#157=FACE_OUTER_BOUND('',#249,.T.);
#158=FACE_OUTER_BOUND('',#251,.T.);
#159=FACE_OUTER_BOUND('',#252,.T.);
#160=FACE_OUTER_BOUND('',#253,.T.);
#161=FACE_OUTER_BOUND('',#254,.T.);
#162=FACE_OUTER_BOUND('',#256,.T.);
#163=FACE_OUTER_BOUND('',#257,.T.);
#164=FACE_OUTER_BOUND('',#258,.T.);
#165=FACE_OUTER_BOUND('',#260,.T.);
#166=FACE_OUTER_BOUND('',#262,.T.);
#167=FACE_OUTER_BOUND('',#263,.T.);
#168=FACE_OUTER_BOUND('',#264,.T.);
#169=FACE_OUTER_BOUND('',#265,.T.);
#170=FACE_OUTER_BOUND('',#266,.T.);
#171=FACE_OUTER_BOUND('',#267,.T.);
#172=FACE_OUTER_BOUND('',#268,.T.);
#173=FACE_OUTER_BOUND('',#269,.T.);
#174=FACE_OUTER_BOUND('',#270,.T.);
#175=FACE_OUTER_BOUND('',#271,.T.);
#176=FACE_OUTER_BOUND('',#272,.T.);
#177=EDGE_LOOP('',(#969,#970,#971,#972,#973,#974,#975,#976,#977,#978,#979,
#980,#981,#982,#983,#984,#985,#986,#987,#988,#989,#990,#991,#992,#993,#994));
#178=EDGE_LOOP('',(#995));
#179=EDGE_LOOP('',(#996));
#180=EDGE_LOOP('',(#997));
#181=EDGE_LOOP('',(#998));
#182=EDGE_LOOP('',(#999,#1000,#1001,#1002));
#183=EDGE_LOOP('',(#1003,#1004,#1005,#1006,#1007));
#184=EDGE_LOOP('',(#1008,#1009,#1010,#1011,#1012,#1013));
#185=EDGE_LOOP('',(#1014,#1015,#1016,#1017,#1018,#1019,#1020));
#186=EDGE_LOOP('',(#1021,#1022,#1023,#1024));
#187=EDGE_LOOP('',(#1025,#1026,#1027,#1028));
#188=EDGE_LOOP('',(#1029,#1030,#1031,#1032));
#189=EDGE_LOOP('',(#1033,#1034,#1035,#1036,#1037,#1038));
#190=EDGE_LOOP('',(#1039,#1040,#1041,#1042));
#191=EDGE_LOOP('',(#1043,#1044,#1045,#1046));
#192=EDGE_LOOP('',(#1047,#1048,#1049,#1050));
#193=EDGE_LOOP('',(#1051,#1052,#1053,#1054,#1055,#1056,#1057,#1058,#1059));
#194=EDGE_LOOP('',(#1060,#1061,#1062,#1063,#1064,#1065));
#195=EDGE_LOOP('',(#1066,#1067,#1068,#1069));
#196=EDGE_LOOP('',(#1070,#1071,#1072,#1073));
#197=EDGE_LOOP('',(#1074,#1075,#1076,#1077));
#198=EDGE_LOOP('',(#1078,#1079,#1080,#1081,#1082,#1083,#1084,#1085,#1086,
#1087,#1088,#1089,#1090,#1091,#1092,#1093,#1094));
#199=EDGE_LOOP('',(#1095,#1096,#1097,#1098));
#200=EDGE_LOOP('',(#1099,#1100,#1101,#1102));
#201=EDGE_LOOP('',(#1103,#1104,#1105,#1106,#1107,#1108));
#202=EDGE_LOOP('',(#1109,#1110,#1111,#1112,#1113,#1114,#1115,#1116,#1117,
#1118));
#203=EDGE_LOOP('',(#1119,#1120,#1121,#1122));
#204=EDGE_LOOP('',(#1123,#1124,#1125));
#205=EDGE_LOOP('',(#1126,#1127,#1128,#1129,#1130));
#206=EDGE_LOOP('',(#1131,#1132,#1133,#1134,#1135,#1136,#1137,#1138,#1139,
#1140));
#207=EDGE_LOOP('',(#1141,#1142,#1143,#1144));
#208=EDGE_LOOP('',(#1145,#1146,#1147,#1148));
#209=EDGE_LOOP('',(#1149,#1150,#1151));
#210=EDGE_LOOP('',(#1152,#1153,#1154,#1155,#1156));
#211=EDGE_LOOP('',(#1157,#1158,#1159,#1160));
#212=EDGE_LOOP('',(#1161,#1162,#1163,#1164,#1165,#1166));
#213=EDGE_LOOP('',(#1167,#1168,#1169,#1170));
#214=EDGE_LOOP('',(#1171,#1172,#1173,#1174));
#215=EDGE_LOOP('',(#1175,#1176,#1177));
#216=EDGE_LOOP('',(#1178,#1179,#1180));
#217=EDGE_LOOP('',(#1181,#1182,#1183,#1184,#1185));
#218=EDGE_LOOP('',(#1186,#1187,#1188,#1189,#1190,#1191,#1192,#1193,#1194));
#219=EDGE_LOOP('',(#1195,#1196,#1197,#1198,#1199,#1200,#1201));
#220=EDGE_LOOP('',(#1202));
#221=EDGE_LOOP('',(#1203));
#222=EDGE_LOOP('',(#1204));
#223=EDGE_LOOP('',(#1205));
#224=EDGE_LOOP('',(#1206));
#225=EDGE_LOOP('',(#1207,#1208,#1209,#1210));
#226=EDGE_LOOP('',(#1211,#1212,#1213,#1214));
#227=EDGE_LOOP('',(#1215,#1216,#1217));
#228=EDGE_LOOP('',(#1218,#1219,#1220));
#229=EDGE_LOOP('',(#1221,#1222,#1223,#1224));
#230=EDGE_LOOP('',(#1225,#1226,#1227,#1228));
#231=EDGE_LOOP('',(#1229,#1230,#1231,#1232));
#232=EDGE_LOOP('',(#1233,#1234,#1235,#1236));
#233=EDGE_LOOP('',(#1237,#1238,#1239,#1240));
#234=EDGE_LOOP('',(#1241,#1242,#1243,#1244));
#235=EDGE_LOOP('',(#1245,#1246,#1247,#1248));
#236=EDGE_LOOP('',(#1249,#1250,#1251,#1252,#1253));
#237=EDGE_LOOP('',(#1254,#1255,#1256,#1257,#1258));
#238=EDGE_LOOP('',(#1259,#1260,#1261,#1262,#1263,#1264));
#239=EDGE_LOOP('',(#1265,#1266,#1267,#1268,#1269,#1270));
#240=EDGE_LOOP('',(#1271,#1272,#1273,#1274));
#241=EDGE_LOOP('',(#1275,#1276,#1277,#1278,#1279,#1280));
#242=EDGE_LOOP('',(#1281,#1282,#1283,#1284));
#243=EDGE_LOOP('',(#1285,#1286,#1287,#1288));
#244=EDGE_LOOP('',(#1289,#1290,#1291,#1292));
#245=EDGE_LOOP('',(#1293,#1294,#1295,#1296));
#246=EDGE_LOOP('',(#1297,#1298,#1299,#1300));
#247=EDGE_LOOP('',(#1301,#1302,#1303,#1304));
#248=EDGE_LOOP('',(#1305,#1306,#1307,#1308));
#249=EDGE_LOOP('',(#1309,#1310,#1311,#1312,#1313,#1314,#1315,#1316,#1317,
#1318,#1319));
#250=EDGE_LOOP('',(#1320,#1321,#1322,#1323));
#251=EDGE_LOOP('',(#1324,#1325,#1326,#1327,#1328,#1329,#1330));
#252=EDGE_LOOP('',(#1331,#1332,#1333,#1334,#1335,#1336));
#253=EDGE_LOOP('',(#1337,#1338,#1339,#1340,#1341,#1342,#1343,#1344));
#254=EDGE_LOOP('',(#1345));
#255=EDGE_LOOP('',(#1346));
#256=EDGE_LOOP('',(#1347,#1348,#1349,#1350));
#257=EDGE_LOOP('',(#1351,#1352,#1353,#1354));
#258=EDGE_LOOP('',(#1355));
#259=EDGE_LOOP('',(#1356));
#260=EDGE_LOOP('',(#1357));
#261=EDGE_LOOP('',(#1358));
#262=EDGE_LOOP('',(#1359,#1360,#1361,#1362,#1363,#1364));
#263=EDGE_LOOP('',(#1365,#1366,#1367,#1368));
#264=EDGE_LOOP('',(#1369,#1370,#1371,#1372));
#265=EDGE_LOOP('',(#1373,#1374,#1375,#1376,#1377,#1378,#1379,#1380));
#266=EDGE_LOOP('',(#1381,#1382,#1383,#1384,#1385,#1386,#1387));
#267=EDGE_LOOP('',(#1388,#1389,#1390,#1391,#1392,#1393,#1394));
#268=EDGE_LOOP('',(#1395,#1396,#1397,#1398));
#269=EDGE_LOOP('',(#1399,#1400,#1401,#1402));
#270=EDGE_LOOP('',(#1403,#1404,#1405,#1406));
#271=EDGE_LOOP('',(#1407,#1408,#1409,#1410));
#272=EDGE_LOOP('',(#1411,#1412,#1413,#1414));
#273=CIRCLE('',#1553,4.);
#274=CIRCLE('',#1554,4.);
#275=CIRCLE('',#1555,4.);
#276=CIRCLE('',#1556,4.);
#277=CIRCLE('',#1557,5.);
#278=CIRCLE('',#1558,5.);
#279=CIRCLE('',#1559,5.);
#280=CIRCLE('',#1560,5.);
#281=CIRCLE('',#1561,1.6);
#282=CIRCLE('',#1562,1.6);
#283=CIRCLE('',#1563,1.6);
#284=CIRCLE('',#1564,1.6);
#285=CIRCLE('',#1566,5.);
#286=CIRCLE('',#1568,1.2);
#287=CIRCLE('',#1571,1.7);
#288=CIRCLE('',#1573,4.);
#289=CIRCLE('',#1576,4.);
#290=CIRCLE('',#1579,4.);
#291=CIRCLE('',#1582,4.);
#292=CIRCLE('',#1584,1.7);
#293=CIRCLE('',#1587,5.);
#294=CIRCLE('',#1590,5.);
#295=CIRCLE('',#1592,11.95);
#296=CIRCLE('',#1593,11.95);
#297=CIRCLE('',#1594,5.);
#298=CIRCLE('',#1600,3.00000000000001);
#299=CIRCLE('',#1601,3.00000000000001);
#300=CIRCLE('',#1603,3.00000000000001);
#301=CIRCLE('',#1604,3.00000000000001);
#302=CIRCLE('',#1606,1.5);
#303=CIRCLE('',#1610,1.5);
#304=CIRCLE('',#1612,3.);
#305=CIRCLE('',#1613,3.);
#306=CIRCLE('',#1614,3.);
#307=CIRCLE('',#1616,1.5);
#308=CIRCLE('',#1620,1.49999999999999);
#309=CIRCLE('',#1622,1.49999999999999);
#310=CIRCLE('',#1625,1.5);
#311=CIRCLE('',#1627,1.5);
#312=CIRCLE('',#1628,1.5);
#313=CIRCLE('',#1630,1.49999999999999);
#314=CIRCLE('',#1632,1.5);
#315=CIRCLE('',#1634,1.5);
#316=CIRCLE('',#1636,1.5);
#317=CIRCLE('',#1638,3.);
#318=CIRCLE('',#1639,3.);
#319=CIRCLE('',#1640,3.);
#320=CIRCLE('',#1641,8.99999999999999);
#321=CIRCLE('',#1643,3.);
#322=CIRCLE('',#1644,1.6);
#323=CIRCLE('',#1646,3.);
#324=CIRCLE('',#1647,1.6);
#325=CIRCLE('',#1649,7.);
#326=CIRCLE('',#1651,7.);
#327=CIRCLE('',#1656,1.2);
#328=CIRCLE('',#1659,1.2);
#329=CIRCLE('',#1662,1.2);
#330=CIRCLE('',#1666,11.05);
#331=CIRCLE('',#1668,3.);
#332=CIRCLE('',#1669,1.5);
#333=CIRCLE('',#1671,1.5);
#334=CIRCLE('',#1673,3.);
#335=CIRCLE('',#1679,3.);
#336=CIRCLE('',#1680,1.5);
#337=CIRCLE('',#1682,3.);
#338=CIRCLE('',#1683,1.5);
#339=CIRCLE('',#1690,1.6);
#340=CIRCLE('',#1692,1.6);
#341=CIRCLE('',#1694,3.);
#342=CIRCLE('',#1696,3.);
#343=LINE('',#2158,#475);
#344=LINE('',#2160,#476);
#345=LINE('',#2164,#477);
#346=LINE('',#2168,#478);
#347=LINE('',#2172,#479);
#348=LINE('',#2176,#480);
#349=LINE('',#2178,#481);
#350=LINE('',#2180,#482);
#351=LINE('',#2184,#483);
#352=LINE('',#2188,#484);
#353=LINE('',#2192,#485);
#354=LINE('',#2196,#486);
#355=LINE('',#2198,#487);
#356=LINE('',#2200,#488);
#357=LINE('',#2202,#489);
#358=LINE('',#2204,#490);
#359=LINE('',#2206,#491);
#360=LINE('',#2207,#492);
#361=LINE('',#2218,#493);
#362=LINE('',#2221,#494);
#363=LINE('',#2224,#495);
#364=LINE('',#2227,#496);
#365=LINE('',#2230,#497);
#366=LINE('',#2232,#498);
#367=LINE('',#2234,#499);
#368=LINE('',#2235,#500);
#369=LINE('',#2238,#501);
#370=LINE('',#2240,#502);
#371=LINE('',#2244,#503);
#372=LINE('',#2245,#504);
#373=LINE('',#2248,#505);
#374=LINE('',#2252,#506);
#375=LINE('',#2253,#507);
#376=LINE('',#2256,#508);
#377=LINE('',#2260,#509);
#378=LINE('',#2262,#510);
#379=LINE('',#2264,#511);
#380=LINE('',#2265,#512);
#381=LINE('',#2268,#513);
#382=LINE('',#2272,#514);
#383=LINE('',#2273,#515);
#384=LINE('',#2276,#516);
#385=LINE('',#2280,#517);
#386=LINE('',#2282,#518);
#387=LINE('',#2284,#519);
#388=LINE('',#2288,#520);
#389=LINE('',#2290,#521);
#390=LINE('',#2291,#522);
#391=LINE('',#2294,#523);
#392=LINE('',#2296,#524);
#393=LINE('',#2298,#525);
#394=LINE('',#2299,#526);
#395=LINE('',#2302,#527);
#396=LINE('',#2305,#528);
#397=LINE('',#2308,#529);
#398=LINE('',#2309,#530);
#399=LINE('',#2312,#531);
#400=LINE('',#2315,#532);
#401=LINE('',#2318,#533);
#402=LINE('',#2323,#534);
#403=LINE('',#2324,#535);
#404=LINE('',#2326,#536);
#405=LINE('',#2328,#537);
#406=LINE('',#2330,#538);
#407=LINE('',#2332,#539);
#408=LINE('',#2334,#540);
#409=LINE('',#2336,#541);
#410=LINE('',#2340,#542);
#411=LINE('',#2343,#543);
#412=LINE('',#2345,#544);
#413=LINE('',#2346,#545);
#414=LINE('',#2354,#546);
#415=LINE('',#2377,#547);
#416=LINE('',#2380,#548);
#417=LINE('',#2405,#549);
#418=LINE('',#2416,#550);
#419=LINE('',#2418,#551);
#420=LINE('',#2422,#552);
#421=LINE('',#2428,#553);
#422=LINE('',#2430,#554);
#423=LINE('',#2432,#555);
#424=LINE('',#2433,#556);
#425=LINE('',#2436,#557);
#426=LINE('',#2471,#558);
#427=LINE('',#2475,#559);
#428=LINE('',#2476,#560);
#429=LINE('',#2483,#561);
#430=LINE('',#2491,#562);
#431=LINE('',#2508,#563);
#432=LINE('',#2523,#564);
#433=LINE('',#2530,#565);
#434=LINE('',#2547,#566);
#435=LINE('',#2551,#567);
#436=LINE('',#2553,#568);
#437=LINE('',#2555,#569);
#438=LINE('',#2557,#570);
#439=LINE('',#2560,#571);
#440=LINE('',#2563,#572);
#441=LINE('',#2564,#573);
#442=LINE('',#2592,#574);
#443=LINE('',#2594,#575);
#444=LINE('',#2625,#576);
#445=LINE('',#2627,#577);
#446=LINE('',#2628,#578);
#447=LINE('',#2634,#579);
#448=LINE('',#2659,#580);
#449=LINE('',#2661,#581);
#450=LINE('',#2662,#582);
#451=LINE('',#2665,#583);
#452=LINE('',#2666,#584);
#453=LINE('',#2669,#585);
#454=LINE('',#2670,#586);
#455=LINE('',#2672,#587);
#456=LINE('',#2683,#588);
#457=LINE('',#2685,#589);
#458=LINE('',#2687,#590);
#459=LINE('',#2689,#591);
#460=LINE('',#2691,#592);
#461=LINE('',#2692,#593);
#462=LINE('',#2700,#594);
#463=LINE('',#2709,#595);
#464=LINE('',#2714,#596);
#465=LINE('',#2718,#597);
#466=LINE('',#2727,#598);
#467=LINE('',#2729,#599);
#468=LINE('',#2731,#600);
#469=LINE('',#2733,#601);
#470=LINE('',#2735,#602);
#471=LINE('',#2737,#603);
#472=LINE('',#2739,#604);
#473=LINE('',#2741,#605);
#474=LINE('',#2743,#606);
#475=VECTOR('',#1712,10.);
#476=VECTOR('',#1713,10.);
#477=VECTOR('',#1716,10.);
#478=VECTOR('',#1719,10.);
#479=VECTOR('',#1722,10.);
#480=VECTOR('',#1725,10.);
#481=VECTOR('',#1726,10.);
#482=VECTOR('',#1727,10.);
#483=VECTOR('',#1730,10.);
#484=VECTOR('',#1733,10.);
#485=VECTOR('',#1736,10.);
#486=VECTOR('',#1739,10.);
#487=VECTOR('',#1740,10.);
#488=VECTOR('',#1741,10.);
#489=VECTOR('',#1742,10.);
#490=VECTOR('',#1743,10.);
#491=VECTOR('',#1744,10.);
#492=VECTOR('',#1745,10.);
#493=VECTOR('',#1756,10.);
#494=VECTOR('',#1759,10.);
#495=VECTOR('',#1762,10.);
#496=VECTOR('',#1765,10.);
#497=VECTOR('',#1768,10.);
#498=VECTOR('',#1769,10.);
#499=VECTOR('',#1770,10.);
#500=VECTOR('',#1771,10.);
#501=VECTOR('',#1774,10.);
#502=VECTOR('',#1775,10.);
#503=VECTOR('',#1778,10.);
#504=VECTOR('',#1779,10.);
#505=VECTOR('',#1782,4.);
#506=VECTOR('',#1787,10.);
#507=VECTOR('',#1788,10.);
#508=VECTOR('',#1791,10.);
#509=VECTOR('',#1796,10.);
#510=VECTOR('',#1797,10.);
#511=VECTOR('',#1798,10.);
#512=VECTOR('',#1799,10.);
#513=VECTOR('',#1802,4.);
#514=VECTOR('',#1807,10.);
#515=VECTOR('',#1808,10.);
#516=VECTOR('',#1811,10.);
#517=VECTOR('',#1816,10.);
#518=VECTOR('',#1817,10.);
#519=VECTOR('',#1818,10.);
#520=VECTOR('',#1821,10.);
#521=VECTOR('',#1822,10.);
#522=VECTOR('',#1823,10.);
#523=VECTOR('',#1826,10.);
#524=VECTOR('',#1827,10.);
#525=VECTOR('',#1828,10.);
#526=VECTOR('',#1829,10.);
#527=VECTOR('',#1832,10.);
#528=VECTOR('',#1835,10.);
#529=VECTOR('',#1838,10.);
#530=VECTOR('',#1839,10.);
#531=VECTOR('',#1842,10.);
#532=VECTOR('',#1845,10.);
#533=VECTOR('',#1848,10.);
#534=VECTOR('',#1853,10.);
#535=VECTOR('',#1854,10.);
#536=VECTOR('',#1855,10.);
#537=VECTOR('',#1856,10.);
#538=VECTOR('',#1857,10.);
#539=VECTOR('',#1858,10.);
#540=VECTOR('',#1859,10.);
#541=VECTOR('',#1860,10.);
#542=VECTOR('',#1867,10.);
#543=VECTOR('',#1870,10.);
#544=VECTOR('',#1871,10.);
#545=VECTOR('',#1872,10.);
#546=VECTOR('',#1879,3.00000000000001);
#547=VECTOR('',#1890,10.);
#548=VECTOR('',#1893,10.);
#549=VECTOR('',#1900,10.);
#550=VECTOR('',#1905,10.);
#551=VECTOR('',#1906,10.);
#552=VECTOR('',#1909,10.);
#553=VECTOR('',#1914,10.);
#554=VECTOR('',#1915,10.);
#555=VECTOR('',#1916,10.);
#556=VECTOR('',#1917,10.);
#557=VECTOR('',#1920,10.);
#558=VECTOR('',#1933,10.);
#559=VECTOR('',#1938,10.);
#560=VECTOR('',#1939,10.);
#561=VECTOR('',#1948,10.);
#562=VECTOR('',#1961,10.);
#563=VECTOR('',#1966,10.);
#564=VECTOR('',#1969,10.);
#565=VECTOR('',#1976,10.);
#566=VECTOR('',#1997,8.);
#567=VECTOR('',#2002,7.5);
#568=VECTOR('',#2005,10.);
#569=VECTOR('',#2008,10.);
#570=VECTOR('',#2011,10.);
#571=VECTOR('',#2014,10.);
#572=VECTOR('',#2019,10.);
#573=VECTOR('',#2020,10.);
#574=VECTOR('',#2023,10.);
#575=VECTOR('',#2026,10.);
#576=VECTOR('',#2037,10.);
#577=VECTOR('',#2038,10.);
#578=VECTOR('',#2039,10.);
#579=VECTOR('',#2042,12.85);
#580=VECTOR('',#2061,10.);
#581=VECTOR('',#2062,10.);
#582=VECTOR('',#2063,10.);
#583=VECTOR('',#2066,10.);
#584=VECTOR('',#2067,10.);
#585=VECTOR('',#2070,10.);
#586=VECTOR('',#2071,10.);
#587=VECTOR('',#2074,10.);
#588=VECTOR('',#2089,10.);
#589=VECTOR('',#2090,10.);
#590=VECTOR('',#2091,10.);
#591=VECTOR('',#2092,10.);
#592=VECTOR('',#2093,10.);
#593=VECTOR('',#2094,10.);
#594=VECTOR('',#2097,3.);
#595=VECTOR('',#2102,3.);
#596=VECTOR('',#2109,1.6);
#597=VECTOR('',#2114,1.6);
#598=VECTOR('',#2127,1.6);
#599=VECTOR('',#2130,1.6);
#600=VECTOR('',#2133,3.);
#601=VECTOR('',#2136,3.);
#602=VECTOR('',#2139,10.);
#603=VECTOR('',#2142,10.);
#604=VECTOR('',#2145,10.);
#605=VECTOR('',#2148,10.);
#606=VECTOR('',#2151,10.);
#607=VERTEX_POINT('',#2156);
#608=VERTEX_POINT('',#2157);
#609=VERTEX_POINT('',#2159);
#610=VERTEX_POINT('',#2161);
#611=VERTEX_POINT('',#2163);
#612=VERTEX_POINT('',#2165);
#613=VERTEX_POINT('',#2167);
#614=VERTEX_POINT('',#2169);
#615=VERTEX_POINT('',#2171);
#616=VERTEX_POINT('',#2173);
#617=VERTEX_POINT('',#2175);
#618=VERTEX_POINT('',#2177);
#619=VERTEX_POINT('',#2179);
#620=VERTEX_POINT('',#2181);
#621=VERTEX_POINT('',#2183);
#622=VERTEX_POINT('',#2185);
#623=VERTEX_POINT('',#2187);
#624=VERTEX_POINT('',#2189);
#625=VERTEX_POINT('',#2191);
#626=VERTEX_POINT('',#2193);
#627=VERTEX_POINT('',#2195);
#628=VERTEX_POINT('',#2197);
#629=VERTEX_POINT('',#2199);
#630=VERTEX_POINT('',#2201);
#631=VERTEX_POINT('',#2203);
#632=VERTEX_POINT('',#2205);
#633=VERTEX_POINT('',#2208);
#634=VERTEX_POINT('',#2210);
#635=VERTEX_POINT('',#2212);
#636=VERTEX_POINT('',#2214);
#637=VERTEX_POINT('',#2217);
#638=VERTEX_POINT('',#2219);
#639=VERTEX_POINT('',#2223);
#640=VERTEX_POINT('',#2225);
#641=VERTEX_POINT('',#2229);
#642=VERTEX_POINT('',#2231);
#643=VERTEX_POINT('',#2233);
#644=VERTEX_POINT('',#2237);
#645=VERTEX_POINT('',#2239);
#646=VERTEX_POINT('',#2241);
#647=VERTEX_POINT('',#2243);
#648=VERTEX_POINT('',#2247);
#649=VERTEX_POINT('',#2251);
#650=VERTEX_POINT('',#2255);
#651=VERTEX_POINT('',#2259);
#652=VERTEX_POINT('',#2261);
#653=VERTEX_POINT('',#2263);
#654=VERTEX_POINT('',#2267);
#655=VERTEX_POINT('',#2271);
#656=VERTEX_POINT('',#2275);
#657=VERTEX_POINT('',#2279);
#658=VERTEX_POINT('',#2281);
#659=VERTEX_POINT('',#2283);
#660=VERTEX_POINT('',#2285);
#661=VERTEX_POINT('',#2287);
#662=VERTEX_POINT('',#2289);
#663=VERTEX_POINT('',#2293);
#664=VERTEX_POINT('',#2295);
#665=VERTEX_POINT('',#2297);
#666=VERTEX_POINT('',#2301);
#667=VERTEX_POINT('',#2303);
#668=VERTEX_POINT('',#2307);
#669=VERTEX_POINT('',#2311);
#670=VERTEX_POINT('',#2313);
#671=VERTEX_POINT('',#2317);
#672=VERTEX_POINT('',#2319);
#673=VERTEX_POINT('',#2321);
#674=VERTEX_POINT('',#2325);
#675=VERTEX_POINT('',#2327);
#676=VERTEX_POINT('',#2329);
#677=VERTEX_POINT('',#2331);
#678=VERTEX_POINT('',#2333);
#679=VERTEX_POINT('',#2335);
#680=VERTEX_POINT('',#2342);
#681=VERTEX_POINT('',#2344);
#682=VERTEX_POINT('',#2348);
#683=VERTEX_POINT('',#2349);
#684=VERTEX_POINT('',#2351);
#685=VERTEX_POINT('',#2353);
#686=VERTEX_POINT('',#2355);
#687=VERTEX_POINT('',#2357);
#688=VERTEX_POINT('',#2364);
#689=VERTEX_POINT('',#2366);
#690=VERTEX_POINT('',#2376);
#691=VERTEX_POINT('',#2378);
#692=VERTEX_POINT('',#2404);
#693=VERTEX_POINT('',#2406);
#694=VERTEX_POINT('',#2415);
#695=VERTEX_POINT('',#2417);
#696=VERTEX_POINT('',#2419);
#697=VERTEX_POINT('',#2421);
#698=VERTEX_POINT('',#2423);
#699=VERTEX_POINT('',#2426);
#700=VERTEX_POINT('',#2427);
#701=VERTEX_POINT('',#2429);
#702=VERTEX_POINT('',#2431);
#703=VERTEX_POINT('',#2435);
#704=VERTEX_POINT('',#2461);
#705=VERTEX_POINT('',#2470);
#706=VERTEX_POINT('',#2474);
#707=VERTEX_POINT('',#2480);
#708=VERTEX_POINT('',#2482);
#709=VERTEX_POINT('',#2490);
#710=VERTEX_POINT('',#2492);
#711=VERTEX_POINT('',#2501);
#712=VERTEX_POINT('',#2507);
#713=VERTEX_POINT('',#2514);
#714=VERTEX_POINT('',#2516);
#715=VERTEX_POINT('',#2525);
#716=VERTEX_POINT('',#2527);
#717=VERTEX_POINT('',#2529);
#718=VERTEX_POINT('',#2532);
#719=VERTEX_POINT('',#2535);
#720=VERTEX_POINT('',#2537);
#721=VERTEX_POINT('',#2540);
#722=VERTEX_POINT('',#2542);
#723=VERTEX_POINT('',#2545);
#724=VERTEX_POINT('',#2549);
#725=VERTEX_POINT('',#2559);
#726=VERTEX_POINT('',#2591);
#727=VERTEX_POINT('',#2626);
#728=VERTEX_POINT('',#2633);
#729=VERTEX_POINT('',#2637);
#730=VERTEX_POINT('',#2641);
#731=VERTEX_POINT('',#2658);
#732=VERTEX_POINT('',#2660);
#733=VERTEX_POINT('',#2664);
#734=VERTEX_POINT('',#2668);
#735=VERTEX_POINT('',#2674);
#736=VERTEX_POINT('',#2678);
#737=VERTEX_POINT('',#2682);
#738=VERTEX_POINT('',#2684);
#739=VERTEX_POINT('',#2686);
#740=VERTEX_POINT('',#2688);
#741=VERTEX_POINT('',#2690);
#742=VERTEX_POINT('',#2712);
#743=VERTEX_POINT('',#2716);
#744=VERTEX_POINT('',#2720);
#745=VERTEX_POINT('',#2723);
#746=EDGE_CURVE('',#607,#608,#343,.T.);
#747=EDGE_CURVE('',#609,#607,#344,.T.);
#748=EDGE_CURVE('',#610,#609,#273,.T.);
#749=EDGE_CURVE('',#611,#610,#345,.T.);
#750=EDGE_CURVE('',#612,#611,#274,.T.);
#751=EDGE_CURVE('',#613,#612,#346,.T.);
#752=EDGE_CURVE('',#614,#613,#275,.T.);
#753=EDGE_CURVE('',#615,#614,#347,.T.);
#754=EDGE_CURVE('',#616,#615,#276,.T.);
#755=EDGE_CURVE('',#617,#616,#348,.T.);
#756=EDGE_CURVE('',#618,#617,#349,.T.);
#757=EDGE_CURVE('',#619,#618,#350,.T.);
#758=EDGE_CURVE('',#620,#619,#277,.T.);
#759=EDGE_CURVE('',#621,#620,#351,.T.);
#760=EDGE_CURVE('',#622,#621,#278,.T.);
#761=EDGE_CURVE('',#623,#622,#352,.T.);
#762=EDGE_CURVE('',#624,#623,#279,.T.);
#763=EDGE_CURVE('',#625,#624,#353,.T.);
#764=EDGE_CURVE('',#626,#625,#280,.T.);
#765=EDGE_CURVE('',#627,#626,#354,.T.);
#766=EDGE_CURVE('',#628,#627,#355,.T.);
#767=EDGE_CURVE('',#629,#628,#356,.T.);
#768=EDGE_CURVE('',#630,#629,#357,.T.);
#769=EDGE_CURVE('',#631,#630,#358,.T.);
#770=EDGE_CURVE('',#632,#631,#359,.T.);
#771=EDGE_CURVE('',#608,#632,#360,.T.);
#772=EDGE_CURVE('',#633,#633,#281,.T.);
#773=EDGE_CURVE('',#634,#634,#282,.T.);
#774=EDGE_CURVE('',#635,#635,#283,.T.);
#775=EDGE_CURVE('',#636,#636,#284,.T.);
#776=EDGE_CURVE('',#619,#637,#361,.T.);
#777=EDGE_CURVE('',#638,#637,#285,.T.);
#778=EDGE_CURVE('',#638,#620,#362,.T.);
#779=EDGE_CURVE('',#618,#639,#363,.T.);
#780=EDGE_CURVE('',#640,#639,#286,.T.);
#781=EDGE_CURVE('',#640,#637,#364,.T.);
#782=EDGE_CURVE('',#641,#617,#365,.T.);
#783=EDGE_CURVE('',#642,#641,#366,.T.);
#784=EDGE_CURVE('',#642,#643,#367,.T.);
#785=EDGE_CURVE('',#639,#643,#368,.T.);
#786=EDGE_CURVE('',#644,#616,#369,.T.);
#787=EDGE_CURVE('',#645,#644,#370,.T.);
#788=EDGE_CURVE('',#646,#645,#287,.T.);
#789=EDGE_CURVE('',#646,#647,#371,.T.);
#790=EDGE_CURVE('',#641,#647,#372,.T.);
#791=EDGE_CURVE('',#615,#648,#373,.T.);
#792=EDGE_CURVE('',#644,#648,#288,.T.);
#793=EDGE_CURVE('',#649,#614,#374,.T.);
#794=EDGE_CURVE('',#648,#649,#375,.T.);
#795=EDGE_CURVE('',#613,#650,#376,.T.);
#796=EDGE_CURVE('',#649,#650,#289,.T.);
#797=EDGE_CURVE('',#651,#612,#377,.T.);
#798=EDGE_CURVE('',#652,#651,#378,.T.);
#799=EDGE_CURVE('',#653,#652,#379,.T.);
#800=EDGE_CURVE('',#650,#653,#380,.T.);
#801=EDGE_CURVE('',#611,#654,#381,.T.);
#802=EDGE_CURVE('',#651,#654,#290,.T.);
#803=EDGE_CURVE('',#655,#610,#382,.T.);
#804=EDGE_CURVE('',#654,#655,#383,.T.);
#805=EDGE_CURVE('',#609,#656,#384,.T.);
#806=EDGE_CURVE('',#655,#656,#291,.T.);
#807=EDGE_CURVE('',#607,#657,#385,.T.);
#808=EDGE_CURVE('',#658,#657,#386,.T.);
#809=EDGE_CURVE('',#658,#659,#387,.T.);
#810=EDGE_CURVE('',#660,#659,#292,.T.);
#811=EDGE_CURVE('',#661,#660,#388,.T.);
#812=EDGE_CURVE('',#662,#661,#389,.T.);
#813=EDGE_CURVE('',#656,#662,#390,.T.);
#814=EDGE_CURVE('',#663,#608,#391,.T.);
#815=EDGE_CURVE('',#664,#663,#392,.T.);
#816=EDGE_CURVE('',#664,#665,#393,.T.);
#817=EDGE_CURVE('',#657,#665,#394,.T.);
#818=EDGE_CURVE('',#623,#666,#395,.T.);
#819=EDGE_CURVE('',#667,#666,#293,.T.);
#820=EDGE_CURVE('',#667,#624,#396,.T.);
#821=EDGE_CURVE('',#667,#668,#397,.T.);
#822=EDGE_CURVE('',#625,#668,#398,.T.);
#823=EDGE_CURVE('',#621,#669,#399,.T.);
#824=EDGE_CURVE('',#670,#669,#294,.T.);
#825=EDGE_CURVE('',#670,#622,#400,.T.);
#826=EDGE_CURVE('',#671,#666,#401,.T.);
#827=EDGE_CURVE('',#671,#672,#295,.T.);
#828=EDGE_CURVE('',#672,#673,#296,.T.);
#829=EDGE_CURVE('',#670,#673,#402,.T.);
#830=EDGE_CURVE('',#638,#669,#403,.T.);
#831=EDGE_CURVE('',#674,#640,#404,.T.);
#832=EDGE_CURVE('',#675,#674,#405,.T.);
#833=EDGE_CURVE('',#676,#675,#406,.T.);
#834=EDGE_CURVE('',#677,#676,#407,.T.);
#835=EDGE_CURVE('',#678,#677,#408,.T.);
#836=EDGE_CURVE('',#679,#678,#409,.T.);
#837=EDGE_CURVE('',#679,#668,#297,.T.);
#838=EDGE_CURVE('',#679,#626,#410,.T.);
#839=EDGE_CURVE('',#678,#680,#411,.T.);
#840=EDGE_CURVE('',#680,#681,#412,.T.);
#841=EDGE_CURVE('',#627,#681,#413,.T.);
#842=EDGE_CURVE('',#682,#683,#44,.T.);
#843=EDGE_CURVE('',#684,#682,#298,.T.);
#844=EDGE_CURVE('',#684,#685,#414,.T.);
#845=EDGE_CURVE('',#686,#685,#299,.F.);
#846=EDGE_CURVE('',#687,#686,#30,.T.);
#847=EDGE_CURVE('',#688,#687,#45,.F.);
#848=EDGE_CURVE('',#689,#688,#31,.T.);
#849=EDGE_CURVE('',#685,#689,#300,.F.);
#850=EDGE_CURVE('',#683,#684,#301,.T.);
#851=EDGE_CURVE('',#686,#690,#415,.T.);
#852=EDGE_CURVE('',#690,#691,#302,.T.);
#853=EDGE_CURVE('',#691,#687,#416,.T.);
#854=EDGE_CURVE('',#690,#662,#46,.T.);
#855=EDGE_CURVE('',#662,#691,#47,.T.);
#856=EDGE_CURVE('',#690,#692,#417,.T.);
#857=EDGE_CURVE('',#692,#693,#32,.T.);
#858=EDGE_CURVE('',#693,#656,#303,.T.);
#859=EDGE_CURVE('',#694,#689,#418,.T.);
#860=EDGE_CURVE('',#695,#694,#419,.T.);
#861=EDGE_CURVE('',#695,#696,#304,.T.);
#862=EDGE_CURVE('',#697,#696,#420,.T.);
#863=EDGE_CURVE('',#697,#698,#305,.T.);
#864=EDGE_CURVE('',#698,#692,#306,.T.);
#865=EDGE_CURVE('',#699,#700,#421,.T.);
#866=EDGE_CURVE('',#700,#701,#422,.T.);
#867=EDGE_CURVE('',#701,#702,#423,.T.);
#868=EDGE_CURVE('',#702,#699,#424,.T.);
#869=EDGE_CURVE('',#688,#703,#425,.T.);
#870=EDGE_CURVE('',#703,#694,#307,.T.);
#871=EDGE_CURVE('',#703,#652,#48,.T.);
#872=EDGE_CURVE('',#652,#694,#49,.T.);
#873=EDGE_CURVE('',#651,#704,#308,.T.);
#874=EDGE_CURVE('',#704,#695,#33,.T.);
#875=EDGE_CURVE('',#703,#705,#426,.T.);
#876=EDGE_CURVE('',#705,#653,#309,.T.);
#877=EDGE_CURVE('',#706,#691,#427,.T.);
#878=EDGE_CURVE('',#705,#706,#428,.T.);
#879=EDGE_CURVE('',#661,#706,#310,.T.);
#880=EDGE_CURVE('',#706,#707,#311,.T.);
#881=EDGE_CURVE('',#707,#708,#429,.T.);
#882=EDGE_CURVE('',#708,#705,#312,.T.);
#883=EDGE_CURVE('',#661,#707,#313,.T.);
#884=EDGE_CURVE('',#708,#653,#314,.T.);
#885=EDGE_CURVE('',#708,#709,#430,.T.);
#886=EDGE_CURVE('',#709,#710,#34,.T.);
#887=EDGE_CURVE('',#710,#650,#315,.T.);
#888=EDGE_CURVE('',#711,#660,#35,.T.);
#889=EDGE_CURVE('',#712,#711,#431,.T.);
#890=EDGE_CURVE('',#645,#712,#36,.T.);
#891=EDGE_CURVE('',#644,#713,#316,.T.);
#892=EDGE_CURVE('',#713,#714,#37,.T.);
#893=EDGE_CURVE('',#714,#707,#432,.T.);
#894=EDGE_CURVE('',#714,#715,#317,.T.);
#895=EDGE_CURVE('',#715,#716,#318,.T.);
#896=EDGE_CURVE('',#717,#716,#433,.T.);
#897=EDGE_CURVE('',#717,#709,#319,.T.);
#898=EDGE_CURVE('',#718,#718,#320,.T.);
#899=EDGE_CURVE('',#719,#719,#321,.T.);
#900=EDGE_CURVE('',#720,#720,#322,.T.);
#901=EDGE_CURVE('',#721,#721,#323,.T.);
#902=EDGE_CURVE('',#722,#722,#324,.T.);
#903=EDGE_CURVE('',#723,#723,#325,.T.);
#904=EDGE_CURVE('',#723,#718,#434,.T.);
#905=EDGE_CURVE('',#724,#724,#326,.T.);
#906=EDGE_CURVE('',#724,#723,#435,.T.);
#907=EDGE_CURVE('',#665,#658,#436,.T.);
#908=EDGE_CURVE('',#647,#642,#437,.T.);
#909=EDGE_CURVE('',#664,#659,#438,.T.);
#910=EDGE_CURVE('',#725,#660,#439,.T.);
#911=EDGE_CURVE('',#664,#725,#327,.T.);
#912=EDGE_CURVE('',#674,#712,#440,.T.);
#913=EDGE_CURVE('',#711,#675,#441,.T.);
#914=EDGE_CURVE('',#725,#675,#38,.T.);
#915=EDGE_CURVE('',#645,#726,#442,.T.);
#916=EDGE_CURVE('',#726,#643,#328,.T.);
#917=EDGE_CURVE('',#643,#646,#443,.T.);
#918=EDGE_CURVE('',#674,#726,#39,.T.);
#919=EDGE_CURVE('',#663,#676,#329,.T.);
#920=EDGE_CURVE('',#683,#680,#444,.T.);
#921=EDGE_CURVE('',#727,#677,#445,.T.);
#922=EDGE_CURVE('',#727,#682,#446,.T.);
#923=EDGE_CURVE('',#673,#671,#19,.T.);
#924=EDGE_CURVE('',#672,#728,#447,.T.);
#925=EDGE_CURVE('',#728,#728,#330,.T.);
#926=EDGE_CURVE('',#729,#704,#331,.T.);
#927=EDGE_CURVE('',#729,#654,#332,.T.);
#928=EDGE_CURVE('',#655,#730,#333,.T.);
#929=EDGE_CURVE('',#730,#697,#40,.T.);
#930=EDGE_CURVE('',#696,#729,#41,.T.);
#931=EDGE_CURVE('',#693,#730,#334,.T.);
#932=EDGE_CURVE('',#701,#731,#448,.T.);
#933=EDGE_CURVE('',#732,#700,#449,.T.);
#934=EDGE_CURVE('',#731,#732,#450,.T.);
#935=EDGE_CURVE('',#733,#702,#451,.T.);
#936=EDGE_CURVE('',#733,#731,#452,.T.);
#937=EDGE_CURVE('',#734,#699,#453,.F.);
#938=EDGE_CURVE('',#734,#733,#454,.T.);
#939=EDGE_CURVE('',#732,#734,#455,.T.);
#940=EDGE_CURVE('',#710,#735,#335,.T.);
#941=EDGE_CURVE('',#649,#735,#336,.T.);
#942=EDGE_CURVE('',#736,#713,#337,.T.);
#943=EDGE_CURVE('',#736,#648,#338,.T.);
#944=EDGE_CURVE('',#737,#727,#456,.T.);
#945=EDGE_CURVE('',#738,#737,#457,.T.);
#946=EDGE_CURVE('',#739,#738,#458,.T.);
#947=EDGE_CURVE('',#740,#739,#459,.T.);
#948=EDGE_CURVE('',#741,#740,#460,.T.);
#949=EDGE_CURVE('',#681,#741,#461,.T.);
#950=EDGE_CURVE('',#735,#717,#42,.T.);
#951=EDGE_CURVE('',#710,#719,#462,.T.);
#952=EDGE_CURVE('',#716,#736,#43,.T.);
#953=EDGE_CURVE('',#715,#721,#463,.T.);
#954=EDGE_CURVE('',#742,#742,#339,.T.);
#955=EDGE_CURVE('',#742,#634,#464,.T.);
#956=EDGE_CURVE('',#743,#743,#340,.T.);
#957=EDGE_CURVE('',#743,#635,#465,.T.);
#958=EDGE_CURVE('',#744,#744,#341,.T.);
#959=EDGE_CURVE('',#745,#745,#342,.T.);
#960=EDGE_CURVE('',#720,#633,#466,.T.);
#961=EDGE_CURVE('',#722,#636,#467,.T.);
#962=EDGE_CURVE('',#698,#744,#468,.T.);
#963=EDGE_CURVE('',#704,#745,#469,.T.);
#964=EDGE_CURVE('',#737,#632,#470,.T.);
#965=EDGE_CURVE('',#738,#631,#471,.T.);
#966=EDGE_CURVE('',#739,#630,#472,.T.);
#967=EDGE_CURVE('',#740,#629,#473,.T.);
#968=EDGE_CURVE('',#741,#628,#474,.T.);
#969=ORIENTED_EDGE('',*,*,#746,.F.);
#970=ORIENTED_EDGE('',*,*,#747,.F.);
#971=ORIENTED_EDGE('',*,*,#748,.F.);
#972=ORIENTED_EDGE('',*,*,#749,.F.);
#973=ORIENTED_EDGE('',*,*,#750,.F.);
#974=ORIENTED_EDGE('',*,*,#751,.F.);
#975=ORIENTED_EDGE('',*,*,#752,.F.);
#976=ORIENTED_EDGE('',*,*,#753,.F.);
#977=ORIENTED_EDGE('',*,*,#754,.F.);
#978=ORIENTED_EDGE('',*,*,#755,.F.);
#979=ORIENTED_EDGE('',*,*,#756,.F.);
#980=ORIENTED_EDGE('',*,*,#757,.F.);
#981=ORIENTED_EDGE('',*,*,#758,.F.);
#982=ORIENTED_EDGE('',*,*,#759,.F.);
#983=ORIENTED_EDGE('',*,*,#760,.F.);
#984=ORIENTED_EDGE('',*,*,#761,.F.);
#985=ORIENTED_EDGE('',*,*,#762,.F.);
#986=ORIENTED_EDGE('',*,*,#763,.F.);
#987=ORIENTED_EDGE('',*,*,#764,.F.);
#988=ORIENTED_EDGE('',*,*,#765,.F.);
#989=ORIENTED_EDGE('',*,*,#766,.F.);
#990=ORIENTED_EDGE('',*,*,#767,.F.);
#991=ORIENTED_EDGE('',*,*,#768,.F.);
#992=ORIENTED_EDGE('',*,*,#769,.F.);
#993=ORIENTED_EDGE('',*,*,#770,.F.);
#994=ORIENTED_EDGE('',*,*,#771,.F.);
#995=ORIENTED_EDGE('',*,*,#772,.F.);
#996=ORIENTED_EDGE('',*,*,#773,.F.);
#997=ORIENTED_EDGE('',*,*,#774,.F.);
#998=ORIENTED_EDGE('',*,*,#775,.F.);
#999=ORIENTED_EDGE('',*,*,#758,.T.);
#1000=ORIENTED_EDGE('',*,*,#776,.T.);
#1001=ORIENTED_EDGE('',*,*,#777,.F.);
#1002=ORIENTED_EDGE('',*,*,#778,.T.);
#1003=ORIENTED_EDGE('',*,*,#757,.T.);
#1004=ORIENTED_EDGE('',*,*,#779,.T.);
#1005=ORIENTED_EDGE('',*,*,#780,.F.);
#1006=ORIENTED_EDGE('',*,*,#781,.T.);
#1007=ORIENTED_EDGE('',*,*,#776,.F.);
#1008=ORIENTED_EDGE('',*,*,#756,.T.);
#1009=ORIENTED_EDGE('',*,*,#782,.F.);
#1010=ORIENTED_EDGE('',*,*,#783,.F.);
#1011=ORIENTED_EDGE('',*,*,#784,.T.);
#1012=ORIENTED_EDGE('',*,*,#785,.F.);
#1013=ORIENTED_EDGE('',*,*,#779,.F.);
#1014=ORIENTED_EDGE('',*,*,#755,.T.);
#1015=ORIENTED_EDGE('',*,*,#786,.F.);
#1016=ORIENTED_EDGE('',*,*,#787,.F.);
#1017=ORIENTED_EDGE('',*,*,#788,.F.);
#1018=ORIENTED_EDGE('',*,*,#789,.T.);
#1019=ORIENTED_EDGE('',*,*,#790,.F.);
#1020=ORIENTED_EDGE('',*,*,#782,.T.);
#1021=ORIENTED_EDGE('',*,*,#754,.T.);
#1022=ORIENTED_EDGE('',*,*,#791,.T.);
#1023=ORIENTED_EDGE('',*,*,#792,.F.);
#1024=ORIENTED_EDGE('',*,*,#786,.T.);
#1025=ORIENTED_EDGE('',*,*,#753,.T.);
#1026=ORIENTED_EDGE('',*,*,#793,.F.);
#1027=ORIENTED_EDGE('',*,*,#794,.F.);
#1028=ORIENTED_EDGE('',*,*,#791,.F.);
#1029=ORIENTED_EDGE('',*,*,#752,.T.);
#1030=ORIENTED_EDGE('',*,*,#795,.T.);
#1031=ORIENTED_EDGE('',*,*,#796,.F.);
#1032=ORIENTED_EDGE('',*,*,#793,.T.);
#1033=ORIENTED_EDGE('',*,*,#751,.T.);
#1034=ORIENTED_EDGE('',*,*,#797,.F.);
#1035=ORIENTED_EDGE('',*,*,#798,.F.);
#1036=ORIENTED_EDGE('',*,*,#799,.F.);
#1037=ORIENTED_EDGE('',*,*,#800,.F.);
#1038=ORIENTED_EDGE('',*,*,#795,.F.);
#1039=ORIENTED_EDGE('',*,*,#750,.T.);
#1040=ORIENTED_EDGE('',*,*,#801,.T.);
#1041=ORIENTED_EDGE('',*,*,#802,.F.);
#1042=ORIENTED_EDGE('',*,*,#797,.T.);
#1043=ORIENTED_EDGE('',*,*,#749,.T.);
#1044=ORIENTED_EDGE('',*,*,#803,.F.);
#1045=ORIENTED_EDGE('',*,*,#804,.F.);
#1046=ORIENTED_EDGE('',*,*,#801,.F.);
#1047=ORIENTED_EDGE('',*,*,#748,.T.);
#1048=ORIENTED_EDGE('',*,*,#805,.T.);
#1049=ORIENTED_EDGE('',*,*,#806,.F.);
#1050=ORIENTED_EDGE('',*,*,#803,.T.);
#1051=ORIENTED_EDGE('',*,*,#747,.T.);
#1052=ORIENTED_EDGE('',*,*,#807,.T.);
#1053=ORIENTED_EDGE('',*,*,#808,.F.);
#1054=ORIENTED_EDGE('',*,*,#809,.T.);
#1055=ORIENTED_EDGE('',*,*,#810,.F.);
#1056=ORIENTED_EDGE('',*,*,#811,.F.);
#1057=ORIENTED_EDGE('',*,*,#812,.F.);
#1058=ORIENTED_EDGE('',*,*,#813,.F.);
#1059=ORIENTED_EDGE('',*,*,#805,.F.);
#1060=ORIENTED_EDGE('',*,*,#746,.T.);
#1061=ORIENTED_EDGE('',*,*,#814,.F.);
#1062=ORIENTED_EDGE('',*,*,#815,.F.);
#1063=ORIENTED_EDGE('',*,*,#816,.T.);
#1064=ORIENTED_EDGE('',*,*,#817,.F.);
#1065=ORIENTED_EDGE('',*,*,#807,.F.);
#1066=ORIENTED_EDGE('',*,*,#762,.T.);
#1067=ORIENTED_EDGE('',*,*,#818,.T.);
#1068=ORIENTED_EDGE('',*,*,#819,.F.);
#1069=ORIENTED_EDGE('',*,*,#820,.T.);
#1070=ORIENTED_EDGE('',*,*,#763,.T.);
#1071=ORIENTED_EDGE('',*,*,#820,.F.);
#1072=ORIENTED_EDGE('',*,*,#821,.T.);
#1073=ORIENTED_EDGE('',*,*,#822,.F.);
#1074=ORIENTED_EDGE('',*,*,#760,.T.);
#1075=ORIENTED_EDGE('',*,*,#823,.T.);
#1076=ORIENTED_EDGE('',*,*,#824,.F.);
#1077=ORIENTED_EDGE('',*,*,#825,.T.);
#1078=ORIENTED_EDGE('',*,*,#819,.T.);
#1079=ORIENTED_EDGE('',*,*,#826,.F.);
#1080=ORIENTED_EDGE('',*,*,#827,.T.);
#1081=ORIENTED_EDGE('',*,*,#828,.T.);
#1082=ORIENTED_EDGE('',*,*,#829,.F.);
#1083=ORIENTED_EDGE('',*,*,#824,.T.);
#1084=ORIENTED_EDGE('',*,*,#830,.F.);
#1085=ORIENTED_EDGE('',*,*,#777,.T.);
#1086=ORIENTED_EDGE('',*,*,#781,.F.);
#1087=ORIENTED_EDGE('',*,*,#831,.F.);
#1088=ORIENTED_EDGE('',*,*,#832,.F.);
#1089=ORIENTED_EDGE('',*,*,#833,.F.);
#1090=ORIENTED_EDGE('',*,*,#834,.F.);
#1091=ORIENTED_EDGE('',*,*,#835,.F.);
#1092=ORIENTED_EDGE('',*,*,#836,.F.);
#1093=ORIENTED_EDGE('',*,*,#837,.T.);
#1094=ORIENTED_EDGE('',*,*,#821,.F.);
#1095=ORIENTED_EDGE('',*,*,#759,.T.);
#1096=ORIENTED_EDGE('',*,*,#778,.F.);
#1097=ORIENTED_EDGE('',*,*,#830,.T.);
#1098=ORIENTED_EDGE('',*,*,#823,.F.);
#1099=ORIENTED_EDGE('',*,*,#764,.T.);
#1100=ORIENTED_EDGE('',*,*,#822,.T.);
#1101=ORIENTED_EDGE('',*,*,#837,.F.);
#1102=ORIENTED_EDGE('',*,*,#838,.T.);
#1103=ORIENTED_EDGE('',*,*,#765,.T.);
#1104=ORIENTED_EDGE('',*,*,#838,.F.);
#1105=ORIENTED_EDGE('',*,*,#836,.T.);
#1106=ORIENTED_EDGE('',*,*,#839,.T.);
#1107=ORIENTED_EDGE('',*,*,#840,.T.);
#1108=ORIENTED_EDGE('',*,*,#841,.F.);
#1109=ORIENTED_EDGE('',*,*,#842,.F.);
#1110=ORIENTED_EDGE('',*,*,#843,.F.);
#1111=ORIENTED_EDGE('',*,*,#844,.T.);
#1112=ORIENTED_EDGE('',*,*,#845,.F.);
#1113=ORIENTED_EDGE('',*,*,#846,.F.);
#1114=ORIENTED_EDGE('',*,*,#847,.F.);
#1115=ORIENTED_EDGE('',*,*,#848,.F.);
#1116=ORIENTED_EDGE('',*,*,#849,.F.);
#1117=ORIENTED_EDGE('',*,*,#844,.F.);
#1118=ORIENTED_EDGE('',*,*,#850,.F.);
#1119=ORIENTED_EDGE('',*,*,#846,.T.);
#1120=ORIENTED_EDGE('',*,*,#851,.T.);
#1121=ORIENTED_EDGE('',*,*,#852,.T.);
#1122=ORIENTED_EDGE('',*,*,#853,.T.);
#1123=ORIENTED_EDGE('',*,*,#852,.F.);
#1124=ORIENTED_EDGE('',*,*,#854,.T.);
#1125=ORIENTED_EDGE('',*,*,#855,.T.);
#1126=ORIENTED_EDGE('',*,*,#854,.F.);
#1127=ORIENTED_EDGE('',*,*,#856,.T.);
#1128=ORIENTED_EDGE('',*,*,#857,.T.);
#1129=ORIENTED_EDGE('',*,*,#858,.T.);
#1130=ORIENTED_EDGE('',*,*,#813,.T.);
#1131=ORIENTED_EDGE('',*,*,#851,.F.);
#1132=ORIENTED_EDGE('',*,*,#845,.T.);
#1133=ORIENTED_EDGE('',*,*,#849,.T.);
#1134=ORIENTED_EDGE('',*,*,#859,.F.);
#1135=ORIENTED_EDGE('',*,*,#860,.F.);
#1136=ORIENTED_EDGE('',*,*,#861,.T.);
#1137=ORIENTED_EDGE('',*,*,#862,.F.);
#1138=ORIENTED_EDGE('',*,*,#863,.T.);
#1139=ORIENTED_EDGE('',*,*,#864,.T.);
#1140=ORIENTED_EDGE('',*,*,#856,.F.);
#1141=ORIENTED_EDGE('',*,*,#865,.T.);
#1142=ORIENTED_EDGE('',*,*,#866,.T.);
#1143=ORIENTED_EDGE('',*,*,#867,.T.);
#1144=ORIENTED_EDGE('',*,*,#868,.T.);
#1145=ORIENTED_EDGE('',*,*,#848,.T.);
#1146=ORIENTED_EDGE('',*,*,#869,.T.);
#1147=ORIENTED_EDGE('',*,*,#870,.T.);
#1148=ORIENTED_EDGE('',*,*,#859,.T.);
#1149=ORIENTED_EDGE('',*,*,#870,.F.);
#1150=ORIENTED_EDGE('',*,*,#871,.T.);
#1151=ORIENTED_EDGE('',*,*,#872,.T.);
#1152=ORIENTED_EDGE('',*,*,#872,.F.);
#1153=ORIENTED_EDGE('',*,*,#798,.T.);
#1154=ORIENTED_EDGE('',*,*,#873,.T.);
#1155=ORIENTED_EDGE('',*,*,#874,.T.);
#1156=ORIENTED_EDGE('',*,*,#860,.T.);
#1157=ORIENTED_EDGE('',*,*,#871,.F.);
#1158=ORIENTED_EDGE('',*,*,#875,.T.);
#1159=ORIENTED_EDGE('',*,*,#876,.T.);
#1160=ORIENTED_EDGE('',*,*,#799,.T.);
#1161=ORIENTED_EDGE('',*,*,#853,.F.);
#1162=ORIENTED_EDGE('',*,*,#877,.F.);
#1163=ORIENTED_EDGE('',*,*,#878,.F.);
#1164=ORIENTED_EDGE('',*,*,#875,.F.);
#1165=ORIENTED_EDGE('',*,*,#869,.F.);
#1166=ORIENTED_EDGE('',*,*,#847,.T.);
#1167=ORIENTED_EDGE('',*,*,#855,.F.);
#1168=ORIENTED_EDGE('',*,*,#812,.T.);
#1169=ORIENTED_EDGE('',*,*,#879,.T.);
#1170=ORIENTED_EDGE('',*,*,#877,.T.);
#1171=ORIENTED_EDGE('',*,*,#880,.T.);
#1172=ORIENTED_EDGE('',*,*,#881,.T.);
#1173=ORIENTED_EDGE('',*,*,#882,.T.);
#1174=ORIENTED_EDGE('',*,*,#878,.T.);
#1175=ORIENTED_EDGE('',*,*,#880,.F.);
#1176=ORIENTED_EDGE('',*,*,#879,.F.);
#1177=ORIENTED_EDGE('',*,*,#883,.T.);
#1178=ORIENTED_EDGE('',*,*,#876,.F.);
#1179=ORIENTED_EDGE('',*,*,#882,.F.);
#1180=ORIENTED_EDGE('',*,*,#884,.T.);
#1181=ORIENTED_EDGE('',*,*,#884,.F.);
#1182=ORIENTED_EDGE('',*,*,#885,.T.);
#1183=ORIENTED_EDGE('',*,*,#886,.T.);
#1184=ORIENTED_EDGE('',*,*,#887,.T.);
#1185=ORIENTED_EDGE('',*,*,#800,.T.);
#1186=ORIENTED_EDGE('',*,*,#883,.F.);
#1187=ORIENTED_EDGE('',*,*,#811,.T.);
#1188=ORIENTED_EDGE('',*,*,#888,.F.);
#1189=ORIENTED_EDGE('',*,*,#889,.F.);
#1190=ORIENTED_EDGE('',*,*,#890,.F.);
#1191=ORIENTED_EDGE('',*,*,#787,.T.);
#1192=ORIENTED_EDGE('',*,*,#891,.T.);
#1193=ORIENTED_EDGE('',*,*,#892,.T.);
#1194=ORIENTED_EDGE('',*,*,#893,.T.);
#1195=ORIENTED_EDGE('',*,*,#881,.F.);
#1196=ORIENTED_EDGE('',*,*,#893,.F.);
#1197=ORIENTED_EDGE('',*,*,#894,.T.);
#1198=ORIENTED_EDGE('',*,*,#895,.T.);
#1199=ORIENTED_EDGE('',*,*,#896,.F.);
#1200=ORIENTED_EDGE('',*,*,#897,.T.);
#1201=ORIENTED_EDGE('',*,*,#885,.F.);
#1202=ORIENTED_EDGE('',*,*,#898,.F.);
#1203=ORIENTED_EDGE('',*,*,#899,.F.);
#1204=ORIENTED_EDGE('',*,*,#900,.F.);
#1205=ORIENTED_EDGE('',*,*,#901,.F.);
#1206=ORIENTED_EDGE('',*,*,#902,.F.);
#1207=ORIENTED_EDGE('',*,*,#903,.T.);
#1208=ORIENTED_EDGE('',*,*,#904,.T.);
#1209=ORIENTED_EDGE('',*,*,#898,.T.);
#1210=ORIENTED_EDGE('',*,*,#904,.F.);
#1211=ORIENTED_EDGE('',*,*,#905,.T.);
#1212=ORIENTED_EDGE('',*,*,#906,.T.);
#1213=ORIENTED_EDGE('',*,*,#903,.F.);
#1214=ORIENTED_EDGE('',*,*,#906,.F.);
#1215=ORIENTED_EDGE('',*,*,#817,.T.);
#1216=ORIENTED_EDGE('',*,*,#907,.T.);
#1217=ORIENTED_EDGE('',*,*,#808,.T.);
#1218=ORIENTED_EDGE('',*,*,#790,.T.);
#1219=ORIENTED_EDGE('',*,*,#908,.T.);
#1220=ORIENTED_EDGE('',*,*,#783,.T.);
#1221=ORIENTED_EDGE('',*,*,#907,.F.);
#1222=ORIENTED_EDGE('',*,*,#816,.F.);
#1223=ORIENTED_EDGE('',*,*,#909,.T.);
#1224=ORIENTED_EDGE('',*,*,#809,.F.);
#1225=ORIENTED_EDGE('',*,*,#910,.T.);
#1226=ORIENTED_EDGE('',*,*,#810,.T.);
#1227=ORIENTED_EDGE('',*,*,#909,.F.);
#1228=ORIENTED_EDGE('',*,*,#911,.T.);
#1229=ORIENTED_EDGE('',*,*,#912,.T.);
#1230=ORIENTED_EDGE('',*,*,#889,.T.);
#1231=ORIENTED_EDGE('',*,*,#913,.T.);
#1232=ORIENTED_EDGE('',*,*,#832,.T.);
#1233=ORIENTED_EDGE('',*,*,#913,.F.);
#1234=ORIENTED_EDGE('',*,*,#888,.T.);
#1235=ORIENTED_EDGE('',*,*,#910,.F.);
#1236=ORIENTED_EDGE('',*,*,#914,.T.);
#1237=ORIENTED_EDGE('',*,*,#915,.T.);
#1238=ORIENTED_EDGE('',*,*,#916,.T.);
#1239=ORIENTED_EDGE('',*,*,#917,.T.);
#1240=ORIENTED_EDGE('',*,*,#788,.T.);
#1241=ORIENTED_EDGE('',*,*,#908,.F.);
#1242=ORIENTED_EDGE('',*,*,#789,.F.);
#1243=ORIENTED_EDGE('',*,*,#917,.F.);
#1244=ORIENTED_EDGE('',*,*,#784,.F.);
#1245=ORIENTED_EDGE('',*,*,#915,.F.);
#1246=ORIENTED_EDGE('',*,*,#890,.T.);
#1247=ORIENTED_EDGE('',*,*,#912,.F.);
#1248=ORIENTED_EDGE('',*,*,#918,.T.);
#1249=ORIENTED_EDGE('',*,*,#911,.F.);
#1250=ORIENTED_EDGE('',*,*,#815,.T.);
#1251=ORIENTED_EDGE('',*,*,#919,.T.);
#1252=ORIENTED_EDGE('',*,*,#833,.T.);
#1253=ORIENTED_EDGE('',*,*,#914,.F.);
#1254=ORIENTED_EDGE('',*,*,#918,.F.);
#1255=ORIENTED_EDGE('',*,*,#831,.T.);
#1256=ORIENTED_EDGE('',*,*,#780,.T.);
#1257=ORIENTED_EDGE('',*,*,#785,.T.);
#1258=ORIENTED_EDGE('',*,*,#916,.F.);
#1259=ORIENTED_EDGE('',*,*,#842,.T.);
#1260=ORIENTED_EDGE('',*,*,#920,.T.);
#1261=ORIENTED_EDGE('',*,*,#839,.F.);
#1262=ORIENTED_EDGE('',*,*,#835,.T.);
#1263=ORIENTED_EDGE('',*,*,#921,.F.);
#1264=ORIENTED_EDGE('',*,*,#922,.T.);
#1265=ORIENTED_EDGE('',*,*,#827,.F.);
#1266=ORIENTED_EDGE('',*,*,#923,.F.);
#1267=ORIENTED_EDGE('',*,*,#828,.F.);
#1268=ORIENTED_EDGE('',*,*,#924,.T.);
#1269=ORIENTED_EDGE('',*,*,#925,.T.);
#1270=ORIENTED_EDGE('',*,*,#924,.F.);
#1271=ORIENTED_EDGE('',*,*,#926,.T.);
#1272=ORIENTED_EDGE('',*,*,#873,.F.);
#1273=ORIENTED_EDGE('',*,*,#802,.T.);
#1274=ORIENTED_EDGE('',*,*,#927,.F.);
#1275=ORIENTED_EDGE('',*,*,#804,.T.);
#1276=ORIENTED_EDGE('',*,*,#928,.T.);
#1277=ORIENTED_EDGE('',*,*,#929,.T.);
#1278=ORIENTED_EDGE('',*,*,#862,.T.);
#1279=ORIENTED_EDGE('',*,*,#930,.T.);
#1280=ORIENTED_EDGE('',*,*,#927,.T.);
#1281=ORIENTED_EDGE('',*,*,#931,.T.);
#1282=ORIENTED_EDGE('',*,*,#928,.F.);
#1283=ORIENTED_EDGE('',*,*,#806,.T.);
#1284=ORIENTED_EDGE('',*,*,#858,.F.);
#1285=ORIENTED_EDGE('',*,*,#932,.F.);
#1286=ORIENTED_EDGE('',*,*,#866,.F.);
#1287=ORIENTED_EDGE('',*,*,#933,.F.);
#1288=ORIENTED_EDGE('',*,*,#934,.F.);
#1289=ORIENTED_EDGE('',*,*,#935,.T.);
#1290=ORIENTED_EDGE('',*,*,#867,.F.);
#1291=ORIENTED_EDGE('',*,*,#932,.T.);
#1292=ORIENTED_EDGE('',*,*,#936,.F.);
#1293=ORIENTED_EDGE('',*,*,#937,.T.);
#1294=ORIENTED_EDGE('',*,*,#868,.F.);
#1295=ORIENTED_EDGE('',*,*,#935,.F.);
#1296=ORIENTED_EDGE('',*,*,#938,.F.);
#1297=ORIENTED_EDGE('',*,*,#933,.T.);
#1298=ORIENTED_EDGE('',*,*,#865,.F.);
#1299=ORIENTED_EDGE('',*,*,#937,.F.);
#1300=ORIENTED_EDGE('',*,*,#939,.F.);
#1301=ORIENTED_EDGE('',*,*,#940,.T.);
#1302=ORIENTED_EDGE('',*,*,#941,.F.);
#1303=ORIENTED_EDGE('',*,*,#796,.T.);
#1304=ORIENTED_EDGE('',*,*,#887,.F.);
#1305=ORIENTED_EDGE('',*,*,#942,.T.);
#1306=ORIENTED_EDGE('',*,*,#891,.F.);
#1307=ORIENTED_EDGE('',*,*,#792,.T.);
#1308=ORIENTED_EDGE('',*,*,#943,.F.);
#1309=ORIENTED_EDGE('',*,*,#920,.F.);
#1310=ORIENTED_EDGE('',*,*,#850,.T.);
#1311=ORIENTED_EDGE('',*,*,#843,.T.);
#1312=ORIENTED_EDGE('',*,*,#922,.F.);
#1313=ORIENTED_EDGE('',*,*,#944,.F.);
#1314=ORIENTED_EDGE('',*,*,#945,.F.);
#1315=ORIENTED_EDGE('',*,*,#946,.F.);
#1316=ORIENTED_EDGE('',*,*,#947,.F.);
#1317=ORIENTED_EDGE('',*,*,#948,.F.);
#1318=ORIENTED_EDGE('',*,*,#949,.F.);
#1319=ORIENTED_EDGE('',*,*,#840,.F.);
#1320=ORIENTED_EDGE('',*,*,#939,.T.);
#1321=ORIENTED_EDGE('',*,*,#938,.T.);
#1322=ORIENTED_EDGE('',*,*,#936,.T.);
#1323=ORIENTED_EDGE('',*,*,#934,.T.);
#1324=ORIENTED_EDGE('',*,*,#886,.F.);
#1325=ORIENTED_EDGE('',*,*,#897,.F.);
#1326=ORIENTED_EDGE('',*,*,#950,.F.);
#1327=ORIENTED_EDGE('',*,*,#940,.F.);
#1328=ORIENTED_EDGE('',*,*,#951,.T.);
#1329=ORIENTED_EDGE('',*,*,#899,.T.);
#1330=ORIENTED_EDGE('',*,*,#951,.F.);
#1331=ORIENTED_EDGE('',*,*,#794,.T.);
#1332=ORIENTED_EDGE('',*,*,#941,.T.);
#1333=ORIENTED_EDGE('',*,*,#950,.T.);
#1334=ORIENTED_EDGE('',*,*,#896,.T.);
#1335=ORIENTED_EDGE('',*,*,#952,.T.);
#1336=ORIENTED_EDGE('',*,*,#943,.T.);
#1337=ORIENTED_EDGE('',*,*,#892,.F.);
#1338=ORIENTED_EDGE('',*,*,#942,.F.);
#1339=ORIENTED_EDGE('',*,*,#952,.F.);
#1340=ORIENTED_EDGE('',*,*,#895,.F.);
#1341=ORIENTED_EDGE('',*,*,#953,.T.);
#1342=ORIENTED_EDGE('',*,*,#901,.T.);
#1343=ORIENTED_EDGE('',*,*,#953,.F.);
#1344=ORIENTED_EDGE('',*,*,#894,.F.);
#1345=ORIENTED_EDGE('',*,*,#925,.F.);
#1346=ORIENTED_EDGE('',*,*,#905,.F.);
#1347=ORIENTED_EDGE('',*,*,#954,.T.);
#1348=ORIENTED_EDGE('',*,*,#955,.T.);
#1349=ORIENTED_EDGE('',*,*,#773,.T.);
#1350=ORIENTED_EDGE('',*,*,#955,.F.);
#1351=ORIENTED_EDGE('',*,*,#956,.T.);
#1352=ORIENTED_EDGE('',*,*,#957,.T.);
#1353=ORIENTED_EDGE('',*,*,#774,.T.);
#1354=ORIENTED_EDGE('',*,*,#957,.F.);
#1355=ORIENTED_EDGE('',*,*,#958,.F.);
#1356=ORIENTED_EDGE('',*,*,#954,.F.);
#1357=ORIENTED_EDGE('',*,*,#959,.F.);
#1358=ORIENTED_EDGE('',*,*,#956,.F.);
#1359=ORIENTED_EDGE('',*,*,#761,.T.);
#1360=ORIENTED_EDGE('',*,*,#825,.F.);
#1361=ORIENTED_EDGE('',*,*,#829,.T.);
#1362=ORIENTED_EDGE('',*,*,#923,.T.);
#1363=ORIENTED_EDGE('',*,*,#826,.T.);
#1364=ORIENTED_EDGE('',*,*,#818,.F.);
#1365=ORIENTED_EDGE('',*,*,#900,.T.);
#1366=ORIENTED_EDGE('',*,*,#960,.T.);
#1367=ORIENTED_EDGE('',*,*,#772,.T.);
#1368=ORIENTED_EDGE('',*,*,#960,.F.);
#1369=ORIENTED_EDGE('',*,*,#902,.T.);
#1370=ORIENTED_EDGE('',*,*,#961,.T.);
#1371=ORIENTED_EDGE('',*,*,#775,.T.);
#1372=ORIENTED_EDGE('',*,*,#961,.F.);
#1373=ORIENTED_EDGE('',*,*,#929,.F.);
#1374=ORIENTED_EDGE('',*,*,#931,.F.);
#1375=ORIENTED_EDGE('',*,*,#857,.F.);
#1376=ORIENTED_EDGE('',*,*,#864,.F.);
#1377=ORIENTED_EDGE('',*,*,#962,.T.);
#1378=ORIENTED_EDGE('',*,*,#958,.T.);
#1379=ORIENTED_EDGE('',*,*,#962,.F.);
#1380=ORIENTED_EDGE('',*,*,#863,.F.);
#1381=ORIENTED_EDGE('',*,*,#874,.F.);
#1382=ORIENTED_EDGE('',*,*,#963,.T.);
#1383=ORIENTED_EDGE('',*,*,#959,.T.);
#1384=ORIENTED_EDGE('',*,*,#963,.F.);
#1385=ORIENTED_EDGE('',*,*,#926,.F.);
#1386=ORIENTED_EDGE('',*,*,#930,.F.);
#1387=ORIENTED_EDGE('',*,*,#861,.F.);
#1388=ORIENTED_EDGE('',*,*,#771,.T.);
#1389=ORIENTED_EDGE('',*,*,#964,.F.);
#1390=ORIENTED_EDGE('',*,*,#944,.T.);
#1391=ORIENTED_EDGE('',*,*,#921,.T.);
#1392=ORIENTED_EDGE('',*,*,#834,.T.);
#1393=ORIENTED_EDGE('',*,*,#919,.F.);
#1394=ORIENTED_EDGE('',*,*,#814,.T.);
#1395=ORIENTED_EDGE('',*,*,#770,.T.);
#1396=ORIENTED_EDGE('',*,*,#965,.F.);
#1397=ORIENTED_EDGE('',*,*,#945,.T.);
#1398=ORIENTED_EDGE('',*,*,#964,.T.);
#1399=ORIENTED_EDGE('',*,*,#769,.T.);
#1400=ORIENTED_EDGE('',*,*,#966,.F.);
#1401=ORIENTED_EDGE('',*,*,#946,.T.);
#1402=ORIENTED_EDGE('',*,*,#965,.T.);
#1403=ORIENTED_EDGE('',*,*,#768,.T.);
#1404=ORIENTED_EDGE('',*,*,#967,.F.);
#1405=ORIENTED_EDGE('',*,*,#947,.T.);
#1406=ORIENTED_EDGE('',*,*,#966,.T.);
#1407=ORIENTED_EDGE('',*,*,#767,.T.);
#1408=ORIENTED_EDGE('',*,*,#968,.F.);
#1409=ORIENTED_EDGE('',*,*,#948,.T.);
#1410=ORIENTED_EDGE('',*,*,#967,.T.);
#1411=ORIENTED_EDGE('',*,*,#766,.T.);
#1412=ORIENTED_EDGE('',*,*,#841,.T.);
#1413=ORIENTED_EDGE('',*,*,#949,.T.);
#1414=ORIENTED_EDGE('',*,*,#968,.T.);
#1415=PLANE('',#1552);
#1416=PLANE('',#1567);
#1417=PLANE('',#1569);
#1418=PLANE('',#1570);
#1419=PLANE('',#1574);
#1420=PLANE('',#1577);
#1421=PLANE('',#1580);
#1422=PLANE('',#1583);
#1423=PLANE('',#1585);
#1424=PLANE('',#1588);
#1425=PLANE('',#1591);
#1426=PLANE('',#1595);
#1427=PLANE('',#1597);
#1428=PLANE('',#1611);
#1429=PLANE('',#1623);
#1430=PLANE('',#1637);
#1431=PLANE('',#1642);
#1432=PLANE('',#1645);
#1433=PLANE('',#1652);
#1434=PLANE('',#1653);
#1435=PLANE('',#1654);
#1436=PLANE('',#1657);
#1437=PLANE('',#1660);
#1438=PLANE('',#1664);
#1439=PLANE('',#1674);
#1440=PLANE('',#1675);
#1441=PLANE('',#1676);
#1442=PLANE('',#1677);
#1443=PLANE('',#1684);
#1444=PLANE('',#1688);
#1445=PLANE('',#1693);
#1446=PLANE('',#1695);
#1447=PLANE('',#1697);
#1448=PLANE('',#1702);
#1449=PLANE('',#1703);
#1450=PLANE('',#1704);
#1451=PLANE('',#1705);
#1452=PLANE('',#1706);
#1453=PLANE('',#1707);
#1454=ADVANCED_FACE('',(#93,#81,#82,#83,#84),#1415,.F.);
#1455=ADVANCED_FACE('',(#94),#50,.F.);
#1456=ADVANCED_FACE('',(#95),#1416,.F.);
#1457=ADVANCED_FACE('',(#96),#1417,.F.);
#1458=ADVANCED_FACE('',(#97),#1418,.T.);
#1459=ADVANCED_FACE('',(#98),#51,.T.);
#1460=ADVANCED_FACE('',(#99),#1419,.T.);
#1461=ADVANCED_FACE('',(#100),#52,.T.);
#1462=ADVANCED_FACE('',(#101),#1420,.T.);
#1463=ADVANCED_FACE('',(#102),#53,.T.);
#1464=ADVANCED_FACE('',(#103),#1421,.T.);
#1465=ADVANCED_FACE('',(#104),#54,.T.);
#1466=ADVANCED_FACE('',(#105),#1422,.T.);
#1467=ADVANCED_FACE('',(#106),#1423,.F.);
#1468=ADVANCED_FACE('',(#107),#55,.F.);
#1469=ADVANCED_FACE('',(#108),#1424,.T.);
#1470=ADVANCED_FACE('',(#109),#56,.F.);
#1471=ADVANCED_FACE('',(#110),#1425,.F.);
#1472=ADVANCED_FACE('',(#111),#1426,.T.);
#1473=ADVANCED_FACE('',(#112),#57,.F.);
#1474=ADVANCED_FACE('',(#113),#1427,.F.);
#1475=ADVANCED_FACE('',(#114),#58,.F.);
#1476=ADVANCED_FACE('',(#115),#59,.F.);
#1477=ADVANCED_FACE('',(#116),#26,.T.);
#1478=ADVANCED_FACE('',(#117),#60,.T.);
#1479=ADVANCED_FACE('',(#118,#85),#1428,.T.);
#1480=ADVANCED_FACE('',(#119),#61,.F.);
#1481=ADVANCED_FACE('',(#120),#27,.T.);
#1482=ADVANCED_FACE('',(#121),#62,.T.);
#1483=ADVANCED_FACE('',(#122),#63,.T.);
#1484=ADVANCED_FACE('',(#123),#1429,.T.);
#1485=ADVANCED_FACE('',(#124),#64,.T.);
#1486=ADVANCED_FACE('',(#125),#65,.T.);
#1487=ADVANCED_FACE('',(#126),#24,.T.);
#1488=ADVANCED_FACE('',(#127),#25,.T.);
#1489=ADVANCED_FACE('',(#128),#66,.T.);
#1490=ADVANCED_FACE('',(#129),#67,.T.);
#1491=ADVANCED_FACE('',(#130,#86),#1430,.T.);
#1492=ADVANCED_FACE('',(#131,#87),#1431,.F.);
#1493=ADVANCED_FACE('',(#132,#88),#1432,.F.);
#1494=ADVANCED_FACE('',(#133),#20,.F.);
#1495=ADVANCED_FACE('',(#134),#68,.F.);
#1496=ADVANCED_FACE('',(#135),#1433,.T.);
#1497=ADVANCED_FACE('',(#136),#1434,.T.);
#1498=ADVANCED_FACE('',(#137),#1435,.T.);
#1499=ADVANCED_FACE('',(#138),#21,.F.);
#1500=ADVANCED_FACE('',(#139),#1436,.T.);
#1501=ADVANCED_FACE('',(#140),#28,.T.);
#1502=ADVANCED_FACE('',(#141),#22,.F.);
#1503=ADVANCED_FACE('',(#142),#1437,.T.);
#1504=ADVANCED_FACE('',(#143),#29,.T.);
#1505=ADVANCED_FACE('',(#144),#69,.F.);
#1506=ADVANCED_FACE('',(#145),#70,.F.);
#1507=ADVANCED_FACE('',(#146),#1438,.T.);
#1508=ADVANCED_FACE('',(#147),#23,.T.);
#1509=ADVANCED_FACE('',(#148),#15,.T.);
#1510=ADVANCED_FACE('',(#149),#71,.T.);
#1511=ADVANCED_FACE('',(#150),#16,.T.);
#1512=ADVANCED_FACE('',(#151),#1439,.F.);
#1513=ADVANCED_FACE('',(#152),#1440,.F.);
#1514=ADVANCED_FACE('',(#153),#1441,.F.);
#1515=ADVANCED_FACE('',(#154),#1442,.F.);
#1516=ADVANCED_FACE('',(#155),#17,.T.);
#1517=ADVANCED_FACE('',(#156),#18,.T.);
#1518=ADVANCED_FACE('',(#157,#89),#1443,.F.);
#1519=ADVANCED_FACE('',(#158),#72,.F.);
#1520=ADVANCED_FACE('',(#159),#73,.T.);
#1521=ADVANCED_FACE('',(#160),#74,.F.);
#1522=ADVANCED_FACE('',(#161,#90),#1444,.T.);
#1523=ADVANCED_FACE('',(#162),#75,.F.);
#1524=ADVANCED_FACE('',(#163),#76,.F.);
#1525=ADVANCED_FACE('',(#164,#91),#1445,.F.);
#1526=ADVANCED_FACE('',(#165,#92),#1446,.F.);
#1527=ADVANCED_FACE('',(#166),#1447,.T.);
#1528=ADVANCED_FACE('',(#167),#77,.F.);
#1529=ADVANCED_FACE('',(#168),#78,.F.);
#1530=ADVANCED_FACE('',(#169),#79,.F.);
#1531=ADVANCED_FACE('',(#170),#80,.F.);
#1532=ADVANCED_FACE('',(#171),#1448,.F.);
#1533=ADVANCED_FACE('',(#172),#1449,.T.);
#1534=ADVANCED_FACE('',(#173),#1450,.T.);
#1535=ADVANCED_FACE('',(#174),#1451,.T.);
#1536=ADVANCED_FACE('',(#175),#1452,.F.);
#1537=ADVANCED_FACE('',(#176),#1453,.T.);
#1538=CLOSED_SHELL('',(#1454,#1455,#1456,#1457,#1458,#1459,#1460,#1461,
#1462,#1463,#1464,#1465,#1466,#1467,#1468,#1469,#1470,#1471,#1472,#1473,
#1474,#1475,#1476,#1477,#1478,#1479,#1480,#1481,#1482,#1483,#1484,#1485,
#1486,#1487,#1488,#1489,#1490,#1491,#1492,#1493,#1494,#1495,#1496,#1497,
#1498,#1499,#1500,#1501,#1502,#1503,#1504,#1505,#1506,#1507,#1508,#1509,
#1510,#1511,#1512,#1513,#1514,#1515,#1516,#1517,#1518,#1519,#1520,#1521,
#1522,#1523,#1524,#1525,#1526,#1527,#1528,#1529,#1530,#1531,#1532,#1533,
#1534,#1535,#1536,#1537));
#1539=DERIVED_UNIT_ELEMENT(#1541,1.);
#1540=DERIVED_UNIT_ELEMENT(#2750,-3.);
#1541=(
MASS_UNIT()
NAMED_UNIT(*)
SI_UNIT(.KILO.,.GRAM.)
);
#1542=DERIVED_UNIT((#1539,#1540));
#1543=MEASURE_REPRESENTATION_ITEM('density measure',
POSITIVE_RATIO_MEASURE(7850.),#1542);
#1544=PROPERTY_DEFINITION_REPRESENTATION(#1549,#1546);
#1545=PROPERTY_DEFINITION_REPRESENTATION(#1550,#1547);
#1546=REPRESENTATION('material name',(#1548),#2747);
#1547=REPRESENTATION('density',(#1543),#2747);
#1548=DESCRIPTIVE_REPRESENTATION_ITEM('Stahl','Stahl');
#1549=PROPERTY_DEFINITION('material property','material name',#2757);
#1550=PROPERTY_DEFINITION('material property','density of part',#2757);
#1551=AXIS2_PLACEMENT_3D('',#2154,#1708,#1709);
#1552=AXIS2_PLACEMENT_3D('',#2155,#1710,#1711);
#1553=AXIS2_PLACEMENT_3D('',#2162,#1714,#1715);
#1554=AXIS2_PLACEMENT_3D('',#2166,#1717,#1718);
#1555=AXIS2_PLACEMENT_3D('',#2170,#1720,#1721);
#1556=AXIS2_PLACEMENT_3D('',#2174,#1723,#1724);
#1557=AXIS2_PLACEMENT_3D('',#2182,#1728,#1729);
#1558=AXIS2_PLACEMENT_3D('',#2186,#1731,#1732);
#1559=AXIS2_PLACEMENT_3D('',#2190,#1734,#1735);
#1560=AXIS2_PLACEMENT_3D('',#2194,#1737,#1738);
#1561=AXIS2_PLACEMENT_3D('',#2209,#1746,#1747);
#1562=AXIS2_PLACEMENT_3D('',#2211,#1748,#1749);
#1563=AXIS2_PLACEMENT_3D('',#2213,#1750,#1751);
#1564=AXIS2_PLACEMENT_3D('',#2215,#1752,#1753);
#1565=AXIS2_PLACEMENT_3D('',#2216,#1754,#1755);
#1566=AXIS2_PLACEMENT_3D('',#2220,#1757,#1758);
#1567=AXIS2_PLACEMENT_3D('',#2222,#1760,#1761);
#1568=AXIS2_PLACEMENT_3D('',#2226,#1763,#1764);
#1569=AXIS2_PLACEMENT_3D('',#2228,#1766,#1767);
#1570=AXIS2_PLACEMENT_3D('',#2236,#1772,#1773);
#1571=AXIS2_PLACEMENT_3D('',#2242,#1776,#1777);
#1572=AXIS2_PLACEMENT_3D('',#2246,#1780,#1781);
#1573=AXIS2_PLACEMENT_3D('',#2249,#1783,#1784);
#1574=AXIS2_PLACEMENT_3D('',#2250,#1785,#1786);
#1575=AXIS2_PLACEMENT_3D('',#2254,#1789,#1790);
#1576=AXIS2_PLACEMENT_3D('',#2257,#1792,#1793);
#1577=AXIS2_PLACEMENT_3D('',#2258,#1794,#1795);
#1578=AXIS2_PLACEMENT_3D('',#2266,#1800,#1801);
#1579=AXIS2_PLACEMENT_3D('',#2269,#1803,#1804);
#1580=AXIS2_PLACEMENT_3D('',#2270,#1805,#1806);
#1581=AXIS2_PLACEMENT_3D('',#2274,#1809,#1810);
#1582=AXIS2_PLACEMENT_3D('',#2277,#1812,#1813);
#1583=AXIS2_PLACEMENT_3D('',#2278,#1814,#1815);
#1584=AXIS2_PLACEMENT_3D('',#2286,#1819,#1820);
#1585=AXIS2_PLACEMENT_3D('',#2292,#1824,#1825);
#1586=AXIS2_PLACEMENT_3D('',#2300,#1830,#1831);
#1587=AXIS2_PLACEMENT_3D('',#2304,#1833,#1834);
#1588=AXIS2_PLACEMENT_3D('',#2306,#1836,#1837);
#1589=AXIS2_PLACEMENT_3D('',#2310,#1840,#1841);
#1590=AXIS2_PLACEMENT_3D('',#2314,#1843,#1844);
#1591=AXIS2_PLACEMENT_3D('',#2316,#1846,#1847);
#1592=AXIS2_PLACEMENT_3D('',#2320,#1849,#1850);
#1593=AXIS2_PLACEMENT_3D('',#2322,#1851,#1852);
#1594=AXIS2_PLACEMENT_3D('',#2337,#1861,#1862);
#1595=AXIS2_PLACEMENT_3D('',#2338,#1863,#1864);
#1596=AXIS2_PLACEMENT_3D('',#2339,#1865,#1866);
#1597=AXIS2_PLACEMENT_3D('',#2341,#1868,#1869);
#1598=AXIS2_PLACEMENT_3D('',#2347,#1873,#1874);
#1599=AXIS2_PLACEMENT_3D('',#2350,#1875,#1876);
#1600=AXIS2_PLACEMENT_3D('',#2352,#1877,#1878);
#1601=AXIS2_PLACEMENT_3D('',#2356,#1880,#1881);
#1602=AXIS2_PLACEMENT_3D('',#2365,#1882,#1883);
#1603=AXIS2_PLACEMENT_3D('',#2373,#1884,#1885);
#1604=AXIS2_PLACEMENT_3D('',#2374,#1886,#1887);
#1605=AXIS2_PLACEMENT_3D('',#2375,#1888,#1889);
#1606=AXIS2_PLACEMENT_3D('',#2379,#1891,#1892);
#1607=AXIS2_PLACEMENT_3D('',#2401,#1894,#1895);
#1608=AXIS2_PLACEMENT_3D('',#2402,#1896,#1897);
#1609=AXIS2_PLACEMENT_3D('',#2403,#1898,#1899);
#1610=AXIS2_PLACEMENT_3D('',#2413,#1901,#1902);
#1611=AXIS2_PLACEMENT_3D('',#2414,#1903,#1904);
#1612=AXIS2_PLACEMENT_3D('',#2420,#1907,#1908);
#1613=AXIS2_PLACEMENT_3D('',#2424,#1910,#1911);
#1614=AXIS2_PLACEMENT_3D('',#2425,#1912,#1913);
#1615=AXIS2_PLACEMENT_3D('',#2434,#1918,#1919);
#1616=AXIS2_PLACEMENT_3D('',#2437,#1921,#1922);
#1617=AXIS2_PLACEMENT_3D('',#2458,#1923,#1924);
#1618=AXIS2_PLACEMENT_3D('',#2459,#1925,#1926);
#1619=AXIS2_PLACEMENT_3D('',#2460,#1927,#1928);
#1620=AXIS2_PLACEMENT_3D('',#2462,#1929,#1930);
#1621=AXIS2_PLACEMENT_3D('',#2469,#1931,#1932);
#1622=AXIS2_PLACEMENT_3D('',#2472,#1934,#1935);
#1623=AXIS2_PLACEMENT_3D('',#2473,#1936,#1937);
#1624=AXIS2_PLACEMENT_3D('',#2477,#1940,#1941);
#1625=AXIS2_PLACEMENT_3D('',#2478,#1942,#1943);
#1626=AXIS2_PLACEMENT_3D('',#2479,#1944,#1945);
#1627=AXIS2_PLACEMENT_3D('',#2481,#1946,#1947);
#1628=AXIS2_PLACEMENT_3D('',#2484,#1949,#1950);
#1629=AXIS2_PLACEMENT_3D('',#2485,#1951,#1952);
#1630=AXIS2_PLACEMENT_3D('',#2486,#1953,#1954);
#1631=AXIS2_PLACEMENT_3D('',#2487,#1955,#1956);
#1632=AXIS2_PLACEMENT_3D('',#2488,#1957,#1958);
#1633=AXIS2_PLACEMENT_3D('',#2489,#1959,#1960);
#1634=AXIS2_PLACEMENT_3D('',#2499,#1962,#1963);
#1635=AXIS2_PLACEMENT_3D('',#2500,#1964,#1965);
#1636=AXIS2_PLACEMENT_3D('',#2515,#1967,#1968);
#1637=AXIS2_PLACEMENT_3D('',#2524,#1970,#1971);
#1638=AXIS2_PLACEMENT_3D('',#2526,#1972,#1973);
#1639=AXIS2_PLACEMENT_3D('',#2528,#1974,#1975);
#1640=AXIS2_PLACEMENT_3D('',#2531,#1977,#1978);
#1641=AXIS2_PLACEMENT_3D('',#2533,#1979,#1980);
#1642=AXIS2_PLACEMENT_3D('',#2534,#1981,#1982);
#1643=AXIS2_PLACEMENT_3D('',#2536,#1983,#1984);
#1644=AXIS2_PLACEMENT_3D('',#2538,#1985,#1986);
#1645=AXIS2_PLACEMENT_3D('',#2539,#1987,#1988);
#1646=AXIS2_PLACEMENT_3D('',#2541,#1989,#1990);
#1647=AXIS2_PLACEMENT_3D('',#2543,#1991,#1992);
#1648=AXIS2_PLACEMENT_3D('',#2544,#1993,#1994);
#1649=AXIS2_PLACEMENT_3D('',#2546,#1995,#1996);
#1650=AXIS2_PLACEMENT_3D('',#2548,#1998,#1999);
#1651=AXIS2_PLACEMENT_3D('',#2550,#2000,#2001);
#1652=AXIS2_PLACEMENT_3D('',#2552,#2003,#2004);
#1653=AXIS2_PLACEMENT_3D('',#2554,#2006,#2007);
#1654=AXIS2_PLACEMENT_3D('',#2556,#2009,#2010);
#1655=AXIS2_PLACEMENT_3D('',#2558,#2012,#2013);
#1656=AXIS2_PLACEMENT_3D('',#2561,#2015,#2016);
#1657=AXIS2_PLACEMENT_3D('',#2562,#2017,#2018);
#1658=AXIS2_PLACEMENT_3D('',#2590,#2021,#2022);
#1659=AXIS2_PLACEMENT_3D('',#2593,#2024,#2025);
#1660=AXIS2_PLACEMENT_3D('',#2595,#2027,#2028);
#1661=AXIS2_PLACEMENT_3D('',#2621,#2029,#2030);
#1662=AXIS2_PLACEMENT_3D('',#2622,#2031,#2032);
#1663=AXIS2_PLACEMENT_3D('',#2623,#2033,#2034);
#1664=AXIS2_PLACEMENT_3D('',#2624,#2035,#2036);
#1665=AXIS2_PLACEMENT_3D('',#2629,#2040,#2041);
#1666=AXIS2_PLACEMENT_3D('',#2635,#2043,#2044);
#1667=AXIS2_PLACEMENT_3D('',#2636,#2045,#2046);
#1668=AXIS2_PLACEMENT_3D('',#2638,#2047,#2048);
#1669=AXIS2_PLACEMENT_3D('',#2639,#2049,#2050);
#1670=AXIS2_PLACEMENT_3D('',#2640,#2051,#2052);
#1671=AXIS2_PLACEMENT_3D('',#2642,#2053,#2054);
#1672=AXIS2_PLACEMENT_3D('',#2655,#2055,#2056);
#1673=AXIS2_PLACEMENT_3D('',#2656,#2057,#2058);
#1674=AXIS2_PLACEMENT_3D('',#2657,#2059,#2060);
#1675=AXIS2_PLACEMENT_3D('',#2663,#2064,#2065);
#1676=AXIS2_PLACEMENT_3D('',#2667,#2068,#2069);
#1677=AXIS2_PLACEMENT_3D('',#2671,#2072,#2073);
#1678=AXIS2_PLACEMENT_3D('',#2673,#2075,#2076);
#1679=AXIS2_PLACEMENT_3D('',#2675,#2077,#2078);
#1680=AXIS2_PLACEMENT_3D('',#2676,#2079,#2080);
#1681=AXIS2_PLACEMENT_3D('',#2677,#2081,#2082);
#1682=AXIS2_PLACEMENT_3D('',#2679,#2083,#2084);
#1683=AXIS2_PLACEMENT_3D('',#2680,#2085,#2086);
#1684=AXIS2_PLACEMENT_3D('',#2681,#2087,#2088);
#1685=AXIS2_PLACEMENT_3D('',#2693,#2095,#2096);
#1686=AXIS2_PLACEMENT_3D('',#2701,#2098,#2099);
#1687=AXIS2_PLACEMENT_3D('',#2708,#2100,#2101);
#1688=AXIS2_PLACEMENT_3D('',#2710,#2103,#2104);
#1689=AXIS2_PLACEMENT_3D('',#2711,#2105,#2106);
#1690=AXIS2_PLACEMENT_3D('',#2713,#2107,#2108);
#1691=AXIS2_PLACEMENT_3D('',#2715,#2110,#2111);
#1692=AXIS2_PLACEMENT_3D('',#2717,#2112,#2113);
#1693=AXIS2_PLACEMENT_3D('',#2719,#2115,#2116);
#1694=AXIS2_PLACEMENT_3D('',#2721,#2117,#2118);
#1695=AXIS2_PLACEMENT_3D('',#2722,#2119,#2120);
#1696=AXIS2_PLACEMENT_3D('',#2724,#2121,#2122);
#1697=AXIS2_PLACEMENT_3D('',#2725,#2123,#2124);
#1698=AXIS2_PLACEMENT_3D('',#2726,#2125,#2126);
#1699=AXIS2_PLACEMENT_3D('',#2728,#2128,#2129);
#1700=AXIS2_PLACEMENT_3D('',#2730,#2131,#2132);
#1701=AXIS2_PLACEMENT_3D('',#2732,#2134,#2135);
#1702=AXIS2_PLACEMENT_3D('',#2734,#2137,#2138);
#1703=AXIS2_PLACEMENT_3D('',#2736,#2140,#2141);
#1704=AXIS2_PLACEMENT_3D('',#2738,#2143,#2144);
#1705=AXIS2_PLACEMENT_3D('',#2740,#2146,#2147);
#1706=AXIS2_PLACEMENT_3D('',#2742,#2149,#2150);
#1707=AXIS2_PLACEMENT_3D('',#2744,#2152,#2153);
#1708=DIRECTION('axis',(0.,0.,1.));
#1709=DIRECTION('refdir',(1.,0.,0.));
#1710=DIRECTION('center_axis',(0.,0.,1.));
#1711=DIRECTION('ref_axis',(1.,0.,0.));
#1712=DIRECTION('',(-1.,0.,0.));
#1713=DIRECTION('',(0.,1.,0.));
#1714=DIRECTION('center_axis',(0.,0.,1.));
#1715=DIRECTION('ref_axis',(0.707106781186551,-0.707106781186544,0.));
#1716=DIRECTION('',(1.,0.,0.));
#1717=DIRECTION('center_axis',(0.,0.,1.));
#1718=DIRECTION('ref_axis',(-0.707106781186546,-0.707106781186549,0.));
#1719=DIRECTION('',(0.,-1.,0.));
#1720=DIRECTION('center_axis',(0.,0.,1.));
#1721=DIRECTION('ref_axis',(-0.707106781186548,0.707106781186548,0.));
#1722=DIRECTION('',(-1.,0.,0.));
#1723=DIRECTION('center_axis',(0.,0.,1.));
#1724=DIRECTION('ref_axis',(0.707106781186547,0.707106781186548,0.));
#1725=DIRECTION('',(0.,1.,0.));
#1726=DIRECTION('',(1.,0.,0.));
#1727=DIRECTION('',(0.,-1.,0.));
#1728=DIRECTION('center_axis',(0.,0.,-1.));
#1729=DIRECTION('ref_axis',(0.923879532511288,0.382683432365088,0.));
#1730=DIRECTION('',(0.707106781186546,-0.707106781186549,0.));
#1731=DIRECTION('center_axis',(0.,0.,-1.));
#1732=DIRECTION('ref_axis',(0.382683432365093,0.923879532511286,0.));
#1733=DIRECTION('',(1.,0.,0.));
#1734=DIRECTION('center_axis',(0.,0.,-1.));
#1735=DIRECTION('ref_axis',(-0.382683432365093,0.923879532511286,0.));
#1736=DIRECTION('',(0.707106781186546,0.707106781186549,0.));
#1737=DIRECTION('center_axis',(0.,0.,-1.));
#1738=DIRECTION('ref_axis',(-0.923879532511287,0.382683432365089,0.));
#1739=DIRECTION('',(0.,1.,0.));
#1740=DIRECTION('',(-0.707106781186551,0.707106781186544,0.));
#1741=DIRECTION('',(0.,1.,0.));
#1742=DIRECTION('',(-1.,0.,0.));
#1743=DIRECTION('',(0.,-1.,0.));
#1744=DIRECTION('',(-0.707106781186548,-0.707106781186548,0.));
#1745=DIRECTION('',(0.,-1.,0.));
#1746=DIRECTION('center_axis',(0.,0.,-1.));
#1747=DIRECTION('ref_axis',(-1.,0.,0.));
#1748=DIRECTION('center_axis',(0.,0.,-1.));
#1749=DIRECTION('ref_axis',(-1.,0.,0.));
#1750=DIRECTION('center_axis',(0.,0.,-1.));
#1751=DIRECTION('ref_axis',(-1.,0.,0.));
#1752=DIRECTION('center_axis',(0.,0.,-1.));
#1753=DIRECTION('ref_axis',(-1.,0.,0.));
#1754=DIRECTION('center_axis',(0.,0.,1.));
#1755=DIRECTION('ref_axis',(0.923879532511288,0.382683432365088,0.));
#1756=DIRECTION('',(0.,0.,1.));
#1757=DIRECTION('center_axis',(0.,0.,-1.));
#1758=DIRECTION('ref_axis',(0.923879532511288,0.382683432365088,0.));
#1759=DIRECTION('',(0.,0.,-1.));
#1760=DIRECTION('center_axis',(1.,0.,0.));
#1761=DIRECTION('ref_axis',(0.,1.,0.));
#1762=DIRECTION('',(0.,0.,1.));
#1763=DIRECTION('center_axis',(-1.,0.,0.));
#1764=DIRECTION('ref_axis',(0.,0.70710678118655,0.707106781186545));
#1765=DIRECTION('',(0.,1.,0.));
#1766=DIRECTION('center_axis',(0.,1.,0.));
#1767=DIRECTION('ref_axis',(0.,0.,1.));
#1768=DIRECTION('',(0.,0.,-1.));
#1769=DIRECTION('',(0.816496580927733,0.,-0.577350269189616));
#1770=DIRECTION('',(0.,0.,1.));
#1771=DIRECTION('',(1.,0.,0.));
#1772=DIRECTION('center_axis',(1.,0.,0.));
#1773=DIRECTION('ref_axis',(0.,0.707106781186547,0.707106781186548));
#1774=DIRECTION('',(0.,0.,-1.));
#1775=DIRECTION('',(0.,1.,0.));
#1776=DIRECTION('center_axis',(1.,0.,0.));
#1777=DIRECTION('ref_axis',(0.,0.70710678118655,0.707106781186545));
#1778=DIRECTION('',(0.,0.,-1.));
#1779=DIRECTION('',(0.,0.816496580927728,0.577350269189622));
#1780=DIRECTION('center_axis',(0.,0.,1.));
#1781=DIRECTION('ref_axis',(0.707106781186547,0.707106781186548,0.));
#1782=DIRECTION('',(0.,0.,1.));
#1783=DIRECTION('center_axis',(0.,0.,1.));
#1784=DIRECTION('ref_axis',(0.707106781186547,0.707106781186548,0.));
#1785=DIRECTION('center_axis',(0.,1.,0.));
#1786=DIRECTION('ref_axis',(-1.,0.,0.));
#1787=DIRECTION('',(0.,0.,-1.));
#1788=DIRECTION('',(-1.,0.,0.));
#1789=DIRECTION('center_axis',(0.,0.,1.));
#1790=DIRECTION('ref_axis',(-0.707106781186548,0.707106781186548,0.));
#1791=DIRECTION('',(0.,0.,1.));
#1792=DIRECTION('center_axis',(0.,0.,1.));
#1793=DIRECTION('ref_axis',(-0.707106781186548,0.707106781186547,0.));
#1794=DIRECTION('center_axis',(-1.,0.,0.));
#1795=DIRECTION('ref_axis',(0.,-0.707106781186547,-0.707106781186548));
#1796=DIRECTION('',(0.,0.,-1.));
#1797=DIRECTION('',(0.,-1.,0.));
#1798=DIRECTION('',(0.,-0.707106781186548,-0.707106781186547));
#1799=DIRECTION('',(0.,-1.,0.));
#1800=DIRECTION('center_axis',(0.,0.,1.));
#1801=DIRECTION('ref_axis',(-0.707106781186546,-0.707106781186549,0.));
#1802=DIRECTION('',(0.,0.,1.));
#1803=DIRECTION('center_axis',(0.,0.,1.));
#1804=DIRECTION('ref_axis',(-0.707106781186546,-0.707106781186549,0.));
#1805=DIRECTION('center_axis',(0.,-1.,0.));
#1806=DIRECTION('ref_axis',(1.,0.,0.));
#1807=DIRECTION('',(0.,0.,-1.));
#1808=DIRECTION('',(1.,0.,0.));
#1809=DIRECTION('center_axis',(0.,0.,1.));
#1810=DIRECTION('ref_axis',(0.707106781186551,-0.707106781186544,0.));
#1811=DIRECTION('',(0.,0.,1.));
#1812=DIRECTION('center_axis',(0.,0.,1.));
#1813=DIRECTION('ref_axis',(0.707106781186545,-0.70710678118655,0.));
#1814=DIRECTION('center_axis',(1.,0.,0.));
#1815=DIRECTION('ref_axis',(0.,0.707106781186547,0.707106781186548));
#1816=DIRECTION('',(0.,0.,1.));
#1817=DIRECTION('',(0.,0.816496580927735,-0.577350269189614));
#1818=DIRECTION('',(0.,0.,1.));
#1819=DIRECTION('center_axis',(1.,0.,0.));
#1820=DIRECTION('ref_axis',(0.,-0.70710678118654,0.707106781186555));
#1821=DIRECTION('',(0.,1.,0.));
#1822=DIRECTION('',(0.,0.707106781186548,0.707106781186547));
#1823=DIRECTION('',(0.,1.,0.));
#1824=DIRECTION('center_axis',(0.,-1.,0.));
#1825=DIRECTION('ref_axis',(-1.,0.,0.));
#1826=DIRECTION('',(0.,0.,-1.));
#1827=DIRECTION('',(-1.,0.,0.));
#1828=DIRECTION('',(0.,0.,-1.));
#1829=DIRECTION('',(-0.816496580927735,0.,0.577350269189614));
#1830=DIRECTION('center_axis',(0.,0.,-1.));
#1831=DIRECTION('ref_axis',(-0.382683432365093,0.923879532511286,0.));
#1832=DIRECTION('',(0.,0.,1.));
#1833=DIRECTION('center_axis',(0.,0.,-1.));
#1834=DIRECTION('ref_axis',(-0.382683432365093,0.923879532511286,0.));
#1835=DIRECTION('',(0.,0.,-1.));
#1836=DIRECTION('center_axis',(0.707106781186549,-0.707106781186546,0.));
#1837=DIRECTION('ref_axis',(0.,0.,-1.));
#1838=DIRECTION('',(-0.707106781186546,-0.707106781186549,0.));
#1839=DIRECTION('',(0.,0.,1.));
#1840=DIRECTION('center_axis',(0.,0.,-1.));
#1841=DIRECTION('ref_axis',(0.382683432365093,0.923879532511286,0.));
#1842=DIRECTION('',(0.,0.,1.));
#1843=DIRECTION('center_axis',(0.,0.,-1.));
#1844=DIRECTION('ref_axis',(0.382683432365093,0.923879532511286,0.));
#1845=DIRECTION('',(0.,0.,-1.));
#1846=DIRECTION('center_axis',(0.,0.,1.));
#1847=DIRECTION('ref_axis',(-1.,0.,0.));
#1848=DIRECTION('',(-1.,0.,0.));
#1849=DIRECTION('center_axis',(0.,0.,1.));
#1850=DIRECTION('ref_axis',(1.,0.,0.));
#1851=DIRECTION('center_axis',(0.,0.,1.));
#1852=DIRECTION('ref_axis',(1.,0.,0.));
#1853=DIRECTION('',(-1.,0.,0.));
#1854=DIRECTION('',(-0.707106781186546,0.707106781186549,0.));
#1855=DIRECTION('',(-1.,0.,0.));
#1856=DIRECTION('',(0.,1.,0.));
#1857=DIRECTION('',(1.,0.,0.));
#1858=DIRECTION('',(0.,1.,0.));
#1859=DIRECTION('',(1.,0.,0.));
#1860=DIRECTION('',(0.,-1.,0.));
#1861=DIRECTION('center_axis',(0.,0.,-1.));
#1862=DIRECTION('ref_axis',(-0.923879532511287,0.382683432365089,0.));
#1863=DIRECTION('center_axis',(-0.707106781186549,-0.707106781186546,0.));
#1864=DIRECTION('ref_axis',(0.,0.,1.));
#1865=DIRECTION('center_axis',(0.,0.,-1.));
#1866=DIRECTION('ref_axis',(-0.923879532511287,0.382683432365089,0.));
#1867=DIRECTION('',(0.,0.,-1.));
#1868=DIRECTION('center_axis',(-1.,0.,0.));
#1869=DIRECTION('ref_axis',(0.,-1.,0.));
#1870=DIRECTION('',(0.,-0.707106781186547,-0.707106781186548));
#1871=DIRECTION('',(0.,-1.,0.));
#1872=DIRECTION('',(0.,0.,1.));
#1873=DIRECTION('center_axis',(0.,0.,1.));
#1874=DIRECTION('ref_axis',(-1.,0.,0.));
#1875=DIRECTION('center_axis',(0.,-0.707106781186548,0.707106781186548));
#1876=DIRECTION('ref_axis',(0.,-0.707106781186547,-0.707106781186547));
#1877=DIRECTION('center_axis',(0.,0.,1.));
#1878=DIRECTION('ref_axis',(-1.,0.,0.));
#1879=DIRECTION('',(0.,0.,1.));
#1880=DIRECTION('center_axis',(0.,0.,1.));
#1881=DIRECTION('ref_axis',(-1.,0.,0.));
#1882=DIRECTION('center_axis',(0.,-0.707106781186547,0.707106781186548));
#1883=DIRECTION('ref_axis',(0.,-0.707106781186548,-0.707106781186547));
#1884=DIRECTION('center_axis',(0.,0.,1.));
#1885=DIRECTION('ref_axis',(-1.,0.,0.));
#1886=DIRECTION('center_axis',(0.,0.,1.));
#1887=DIRECTION('ref_axis',(-1.,0.,0.));
#1888=DIRECTION('center_axis',(-1.,0.,0.));
#1889=DIRECTION('ref_axis',(0.,0.382683432365094,-0.923879532511285));
#1890=DIRECTION('',(1.,0.,0.));
#1891=DIRECTION('center_axis',(1.,0.,0.));
#1892=DIRECTION('ref_axis',(0.,0.,-1.));
#1893=DIRECTION('',(-1.,0.,0.));
#1894=DIRECTION('center_axis',(-9.44358625004333E-16,0.770076152379132,
0.637951972751046));
#1895=DIRECTION('ref_axis',(0.,-0.637951972751046,0.770076152379132));
#1896=DIRECTION('center_axis',(0.,-0.995626235380931,-0.0934259033737162));
#1897=DIRECTION('ref_axis',(0.,-0.0934259033737162,0.995626235380931));
#1898=DIRECTION('center_axis',(0.,1.,0.));
#1899=DIRECTION('ref_axis',(0.707106781186553,0.,0.707106781186542));
#1900=DIRECTION('',(0.,-1.,0.));
#1901=DIRECTION('center_axis',(0.,1.,0.));
#1902=DIRECTION('ref_axis',(0.,0.,1.));
#1903=DIRECTION('center_axis',(0.,0.,1.));
#1904=DIRECTION('ref_axis',(-1.,0.,0.));
#1905=DIRECTION('',(1.,0.,0.));
#1906=DIRECTION('',(0.,1.,0.));
#1907=DIRECTION('center_axis',(0.,0.,-1.));
#1908=DIRECTION('ref_axis',(1.,0.,0.));
#1909=DIRECTION('',(-1.,0.,0.));
#1910=DIRECTION('center_axis',(0.,0.,-1.));
#1911=DIRECTION('ref_axis',(1.,0.,0.));
#1912=DIRECTION('center_axis',(0.,0.,-1.));
#1913=DIRECTION('ref_axis',(1.,0.,0.));
#1914=DIRECTION('',(-1.,0.,0.));
#1915=DIRECTION('',(3.5527136788005E-15,1.,0.));
#1916=DIRECTION('',(1.,0.,0.));
#1917=DIRECTION('',(0.,-1.,0.));
#1918=DIRECTION('center_axis',(-1.,0.,0.));
#1919=DIRECTION('ref_axis',(0.,0.382683432365094,-0.923879532511285));
#1920=DIRECTION('',(-1.,0.,0.));
#1921=DIRECTION('center_axis',(-1.,5.92118946466751E-15,5.92118946466751E-15));
#1922=DIRECTION('ref_axis',(0.,0.707106781186547,-0.707106781186547));
#1923=DIRECTION('center_axis',(0.,-0.99562623538093,-0.093425903373726));
#1924=DIRECTION('ref_axis',(0.,-0.093425903373726,0.99562623538093));
#1925=DIRECTION('center_axis',(0.,0.770076152379128,0.637951972751051));
#1926=DIRECTION('ref_axis',(0.,-0.637951972751051,0.770076152379128));
#1927=DIRECTION('center_axis',(0.,1.,0.));
#1928=DIRECTION('ref_axis',(-0.707106781186544,0.,0.707106781186551));
#1929=DIRECTION('center_axis',(0.,1.,0.));
#1930=DIRECTION('ref_axis',(-1.,0.,0.));
#1931=DIRECTION('center_axis',(0.,-0.707106781186548,-0.707106781186547));
#1932=DIRECTION('ref_axis',(-0.707106781186553,-0.499999999999993,0.5));
#1933=DIRECTION('',(0.,0.707106781186548,0.707106781186547));
#1934=DIRECTION('center_axis',(-1.04672830578918E-15,-0.707106781186546,
-0.707106781186549));
#1935=DIRECTION('ref_axis',(0.,-0.707106781186549,0.707106781186546));
#1936=DIRECTION('center_axis',(0.,-0.707106781186547,0.707106781186548));
#1937=DIRECTION('ref_axis',(1.,0.,0.));
#1938=DIRECTION('',(0.,-0.707106781186548,-0.707106781186547));
#1939=DIRECTION('',(1.,0.,0.));
#1940=DIRECTION('center_axis',(0.,0.707106781186548,0.707106781186547));
#1941=DIRECTION('ref_axis',(0.707106781186555,-0.499999999999989,0.5));
#1942=DIRECTION('center_axis',(-1.04672830578918E-15,-0.707106781186548,
-0.707106781186547));
#1943=DIRECTION('ref_axis',(1.,0.,-1.48029736616687E-15));
#1944=DIRECTION('center_axis',(-1.,0.,0.));
#1945=DIRECTION('ref_axis',(0.,-0.382683432365094,0.923879532511285));
#1946=DIRECTION('center_axis',(-1.,0.,0.));
#1947=DIRECTION('ref_axis',(0.,-0.707106781186546,0.707106781186549));
#1948=DIRECTION('',(-1.,0.,0.));
#1949=DIRECTION('center_axis',(1.,0.,0.));
#1950=DIRECTION('ref_axis',(0.,0.,1.));
#1951=DIRECTION('center_axis',(-0.170112439679116,-0.941663177664661,-0.290400099340398));
#1952=DIRECTION('ref_axis',(0.475963149477971,-0.336556770590779,0.812519920068743));
#1953=DIRECTION('center_axis',(0.,-1.,0.));
#1954=DIRECTION('ref_axis',(0.707106781186549,0.,0.707106781186546));
#1955=DIRECTION('center_axis',(0.170112439679116,-0.941663177664659,-0.290400099340402));
#1956=DIRECTION('ref_axis',(-0.475963149477971,-0.336556770590779,0.812519920068743));
#1957=DIRECTION('center_axis',(0.,-1.,0.));
#1958=DIRECTION('ref_axis',(-0.707106781186547,0.,0.707106781186548));
#1959=DIRECTION('center_axis',(0.,-1.,0.));
#1960=DIRECTION('ref_axis',(-0.707106781186548,0.,0.707106781186548));
#1961=DIRECTION('',(0.,1.,0.));
#1962=DIRECTION('center_axis',(0.,-1.,0.));
#1963=DIRECTION('ref_axis',(0.,0.,1.));
#1964=DIRECTION('center_axis',(0.,1.,0.));
#1965=DIRECTION('ref_axis',(0.707106781186552,0.,0.707106781186543));
#1966=DIRECTION('',(0.,-1.,0.));
#1967=DIRECTION('center_axis',(2.96059473233374E-15,-1.,0.));
#1968=DIRECTION('ref_axis',(1.,2.96059473233374E-15,0.));
#1969=DIRECTION('',(0.,-1.,0.));
#1970=DIRECTION('center_axis',(0.,0.,1.));
#1971=DIRECTION('ref_axis',(-1.,0.,0.));
#1972=DIRECTION('center_axis',(0.,0.,-1.));
#1973=DIRECTION('ref_axis',(1.,0.,0.));
#1974=DIRECTION('center_axis',(0.,0.,-1.));
#1975=DIRECTION('ref_axis',(1.,0.,0.));
#1976=DIRECTION('',(1.,0.,0.));
#1977=DIRECTION('center_axis',(0.,0.,-1.));
#1978=DIRECTION('ref_axis',(1.,0.,0.));
#1979=DIRECTION('center_axis',(0.,0.,1.));
#1980=DIRECTION('ref_axis',(1.,0.,0.));
#1981=DIRECTION('center_axis',(0.,0.,-1.));
#1982=DIRECTION('ref_axis',(1.,0.,0.));
#1983=DIRECTION('center_axis',(0.,0.,-1.));
#1984=DIRECTION('ref_axis',(1.,0.,0.));
#1985=DIRECTION('center_axis',(0.,0.,1.));
#1986=DIRECTION('ref_axis',(-1.,0.,0.));
#1987=DIRECTION('center_axis',(0.,0.,-1.));
#1988=DIRECTION('ref_axis',(1.,0.,0.));
#1989=DIRECTION('center_axis',(0.,0.,-1.));
#1990=DIRECTION('ref_axis',(1.,0.,0.));
#1991=DIRECTION('center_axis',(0.,0.,1.));
#1992=DIRECTION('ref_axis',(-1.,0.,0.));
#1993=DIRECTION('center_axis',(0.,0.,1.));
#1994=DIRECTION('ref_axis',(1.,0.,0.));
#1995=DIRECTION('center_axis',(0.,0.,-1.));
#1996=DIRECTION('ref_axis',(1.,0.,0.));
#1997=DIRECTION('',(-0.707106781186546,8.65956056235492E-17,0.707106781186549));
#1998=DIRECTION('center_axis',(0.,0.,-1.));
#1999=DIRECTION('ref_axis',(1.,0.,0.));
#2000=DIRECTION('center_axis',(0.,0.,-1.));
#2001=DIRECTION('ref_axis',(1.,0.,0.));
#2002=DIRECTION('',(0.,0.,1.));
#2003=DIRECTION('center_axis',(0.499999999999992,0.499999999999992,0.707106781186559));
#2004=DIRECTION('ref_axis',(0.816496580927735,0.,-0.577350269189614));
#2005=DIRECTION('',(0.707106781186548,-0.707106781186548,0.));
#2006=DIRECTION('center_axis',(0.499999999999991,-0.5,0.707106781186554));
#2007=DIRECTION('ref_axis',(0.816496580927733,0.,-0.577350269189616));
#2008=DIRECTION('',(-0.707106781186554,-0.707106781186541,0.));
#2009=DIRECTION('center_axis',(0.707106781186548,0.707106781186548,0.));
#2010=DIRECTION('ref_axis',(0.,0.,-1.));
#2011=DIRECTION('',(0.707106781186547,-0.707106781186547,0.));
#2012=DIRECTION('center_axis',(1.,0.,0.));
#2013=DIRECTION('ref_axis',(0.,-0.70710678118654,0.707106781186555));
#2014=DIRECTION('',(0.707106781186543,-0.5008643048802,0.499134198484616));
#2015=DIRECTION('center_axis',(-1.,0.,0.));
#2016=DIRECTION('ref_axis',(0.,-0.70710678118654,0.707106781186555));
#2017=DIRECTION('center_axis',(0.763762615825964,0.,-0.645497224367914));
#2018=DIRECTION('ref_axis',(-0.645497224367914,0.,-0.763762615825964));
#2019=DIRECTION('',(0.645497224367914,0.,0.763762615825964));
#2020=DIRECTION('',(-0.645497224367914,0.,-0.763762615825964));
#2021=DIRECTION('center_axis',(1.,0.,0.));
#2022=DIRECTION('ref_axis',(0.,0.70710678118655,0.707106781186545));
#2023=DIRECTION('',(-0.707106781186553,-0.500864304880182,-0.49913419848462));
#2024=DIRECTION('center_axis',(-1.,0.,0.));
#2025=DIRECTION('ref_axis',(0.,0.70710678118655,0.707106781186545));
#2026=DIRECTION('',(0.70710678118656,0.707106781186535,0.));
#2027=DIRECTION('center_axis',(0.707106781186541,-0.707106781186554,0.));
#2028=DIRECTION('ref_axis',(0.,0.,-1.));
#2029=DIRECTION('center_axis',(1.,0.,0.));
#2030=DIRECTION('ref_axis',(0.,-0.70710678118654,0.707106781186555));
#2031=DIRECTION('center_axis',(-1.,0.,0.));
#2032=DIRECTION('ref_axis',(0.,-0.70710678118654,0.707106781186555));
#2033=DIRECTION('center_axis',(-1.,0.,0.));
#2034=DIRECTION('ref_axis',(0.,0.70710678118655,0.707106781186545));
#2035=DIRECTION('center_axis',(0.,0.707106781186548,-0.707106781186548));
#2036=DIRECTION('ref_axis',(-1.,0.,0.));
#2037=DIRECTION('',(-1.,0.,0.));
#2038=DIRECTION('',(0.,0.707106781186547,0.707106781186548));
#2039=DIRECTION('',(-1.,0.,0.));
#2040=DIRECTION('center_axis',(0.,0.,1.));
#2041=DIRECTION('ref_axis',(1.,0.,0.));
#2042=DIRECTION('',(0.707106781186548,8.65956056235493E-17,-0.707106781186548));
#2043=DIRECTION('center_axis',(0.,0.,1.));
#2044=DIRECTION('ref_axis',(1.,0.,0.));
#2045=DIRECTION('center_axis',(0.,0.,1.));
#2046=DIRECTION('ref_axis',(1.,0.,0.));
#2047=DIRECTION('center_axis',(0.,0.,-1.));
#2048=DIRECTION('ref_axis',(1.,0.,0.));
#2049=DIRECTION('center_axis',(1.,0.,0.));
#2050=DIRECTION('ref_axis',(0.,0.,1.));
#2051=DIRECTION('center_axis',(1.,0.,0.));
#2052=DIRECTION('ref_axis',(0.,-0.707106781186553,0.707106781186542));
#2053=DIRECTION('center_axis',(-1.,0.,0.));
#2054=DIRECTION('ref_axis',(0.,-1.,0.));
#2055=DIRECTION('center_axis',(0.,0.,1.));
#2056=DIRECTION('ref_axis',(1.,0.,0.));
#2057=DIRECTION('center_axis',(0.,0.,-1.));
#2058=DIRECTION('ref_axis',(1.,0.,0.));
#2059=DIRECTION('center_axis',(-1.,3.5527136788005E-15,0.));
#2060=DIRECTION('ref_axis',(-3.5527136788005E-15,-1.,0.));
#2061=DIRECTION('',(0.,0.,-1.));
#2062=DIRECTION('',(0.,0.,1.));
#2063=DIRECTION('',(-3.5527136788005E-15,-1.,0.));
#2064=DIRECTION('center_axis',(0.,1.,0.));
#2065=DIRECTION('ref_axis',(-1.,0.,0.));
#2066=DIRECTION('',(0.,0.,1.));
#2067=DIRECTION('',(-1.,0.,0.));
#2068=DIRECTION('center_axis',(1.,0.,0.));
#2069=DIRECTION('ref_axis',(0.,1.,0.));
#2070=DIRECTION('',(0.,0.,-1.));
#2071=DIRECTION('',(0.,1.,0.));
#2072=DIRECTION('center_axis',(0.,-1.,0.));
#2073=DIRECTION('ref_axis',(1.,0.,0.));
#2074=DIRECTION('',(1.,0.,0.));
#2075=DIRECTION('center_axis',(0.,0.,1.));
#2076=DIRECTION('ref_axis',(1.,0.,0.));
#2077=DIRECTION('center_axis',(0.,0.,-1.));
#2078=DIRECTION('ref_axis',(1.,0.,0.));
#2079=DIRECTION('center_axis',(1.,0.,0.));
#2080=DIRECTION('ref_axis',(0.,1.,0.));
#2081=DIRECTION('center_axis',(0.,0.,1.));
#2082=DIRECTION('ref_axis',(1.,0.,0.));
#2083=DIRECTION('center_axis',(0.,0.,-1.));
#2084=DIRECTION('ref_axis',(1.,0.,0.));
#2085=DIRECTION('center_axis',(-1.,0.,0.));
#2086=DIRECTION('ref_axis',(0.,0.,1.));
#2087=DIRECTION('center_axis',(0.,0.,1.));
#2088=DIRECTION('ref_axis',(-1.,0.,0.));
#2089=DIRECTION('',(0.,1.,0.));
#2090=DIRECTION('',(0.707106781186548,0.707106781186548,0.));
#2091=DIRECTION('',(0.,1.,0.));
#2092=DIRECTION('',(1.,0.,0.));
#2093=DIRECTION('',(0.,-1.,0.));
#2094=DIRECTION('',(0.707106781186551,-0.707106781186544,0.));
#2095=DIRECTION('center_axis',(0.,0.,-1.));
#2096=DIRECTION('ref_axis',(1.,0.,0.));
#2097=DIRECTION('',(0.,0.,-1.));
#2098=DIRECTION('center_axis',(-1.,0.,0.));
#2099=DIRECTION('ref_axis',(0.,0.707106781186545,0.70710678118655));
#2100=DIRECTION('center_axis',(0.,0.,-1.));
#2101=DIRECTION('ref_axis',(1.,0.,0.));
#2102=DIRECTION('',(0.,0.,-1.));
#2103=DIRECTION('center_axis',(0.,0.,-1.));
#2104=DIRECTION('ref_axis',(1.,0.,0.));
#2105=DIRECTION('center_axis',(0.,0.,1.));
#2106=DIRECTION('ref_axis',(-1.,0.,0.));
#2107=DIRECTION('center_axis',(0.,0.,1.));
#2108=DIRECTION('ref_axis',(-1.,0.,0.));
#2109=DIRECTION('',(0.,0.,-1.));
#2110=DIRECTION('center_axis',(0.,0.,1.));
#2111=DIRECTION('ref_axis',(-1.,0.,0.));
#2112=DIRECTION('center_axis',(0.,0.,1.));
#2113=DIRECTION('ref_axis',(-1.,0.,0.));
#2114=DIRECTION('',(0.,0.,-1.));
#2115=DIRECTION('center_axis',(0.,0.,-1.));
#2116=DIRECTION('ref_axis',(1.,0.,0.));
#2117=DIRECTION('center_axis',(0.,0.,-1.));
#2118=DIRECTION('ref_axis',(1.,0.,0.));
#2119=DIRECTION('center_axis',(0.,0.,-1.));
#2120=DIRECTION('ref_axis',(1.,0.,0.));
#2121=DIRECTION('center_axis',(0.,0.,-1.));
#2122=DIRECTION('ref_axis',(1.,0.,0.));
#2123=DIRECTION('center_axis',(0.,-1.,0.));
#2124=DIRECTION('ref_axis',(0.,0.,-1.));
#2125=DIRECTION('center_axis',(0.,0.,1.));
#2126=DIRECTION('ref_axis',(-1.,0.,0.));
#2127=DIRECTION('',(0.,0.,-1.));
#2128=DIRECTION('center_axis',(0.,0.,1.));
#2129=DIRECTION('ref_axis',(-1.,0.,0.));
#2130=DIRECTION('',(0.,0.,-1.));
#2131=DIRECTION('center_axis',(0.,0.,-1.));
#2132=DIRECTION('ref_axis',(1.,0.,0.));
#2133=DIRECTION('',(0.,0.,-1.));
#2134=DIRECTION('center_axis',(0.,0.,-1.));
#2135=DIRECTION('ref_axis',(1.,0.,0.));
#2136=DIRECTION('',(0.,0.,-1.));
#2137=DIRECTION('center_axis',(1.,0.,0.));
#2138=DIRECTION('ref_axis',(0.,1.,0.));
#2139=DIRECTION('',(0.,0.,-1.));
#2140=DIRECTION('center_axis',(-0.707106781186548,0.707106781186548,0.));
#2141=DIRECTION('ref_axis',(0.,0.,1.));
#2142=DIRECTION('',(0.,0.,-1.));
#2143=DIRECTION('center_axis',(-1.,0.,0.));
#2144=DIRECTION('ref_axis',(0.,-1.,0.));
#2145=DIRECTION('',(0.,0.,-1.));
#2146=DIRECTION('center_axis',(0.,1.,0.));
#2147=DIRECTION('ref_axis',(0.,0.,1.));
#2148=DIRECTION('',(0.,0.,-1.));
#2149=DIRECTION('center_axis',(-1.,0.,0.));
#2150=DIRECTION('ref_axis',(0.,1.,0.));
#2151=DIRECTION('',(0.,0.,-1.));
#2152=DIRECTION('center_axis',(0.707106781186544,0.707106781186551,0.));
#2153=DIRECTION('ref_axis',(0.,0.,-1.));
#2154=CARTESIAN_POINT('',(0.,0.,0.));
#2155=CARTESIAN_POINT('Origin',(91.1,-68.,4.95));
#2156=CARTESIAN_POINT('',(111.1,-85.5,4.95));
#2157=CARTESIAN_POINT('',(109.1,-85.5,4.95));
#2158=CARTESIAN_POINT('',(101.1,-85.5,4.95));
#2159=CARTESIAN_POINT('',(111.1,-104.,4.95));
#2160=CARTESIAN_POINT('',(111.1,-79.2928932188135,4.95));
#2161=CARTESIAN_POINT('',(107.1,-108.,4.95));
#2162=CARTESIAN_POINT('Origin',(107.1,-104.,4.95));
#2163=CARTESIAN_POINT('',(75.1,-108.,4.95));
#2164=CARTESIAN_POINT('',(81.1,-108.,4.95));
#2165=CARTESIAN_POINT('',(71.1,-104.,4.95));
#2166=CARTESIAN_POINT('Origin',(75.1,-104.,4.95));
#2167=CARTESIAN_POINT('',(71.1,-32.,4.95));
#2168=CARTESIAN_POINT('',(71.1,-77.0928932188135,4.95));
#2169=CARTESIAN_POINT('',(75.1,-28.,4.95));
#2170=CARTESIAN_POINT('Origin',(75.1,-32.,4.95));
#2171=CARTESIAN_POINT('',(107.1,-28.,4.95));
#2172=CARTESIAN_POINT('',(101.1,-28.,4.95));
#2173=CARTESIAN_POINT('',(111.1,-32.,4.95));
#2174=CARTESIAN_POINT('Origin',(107.1,-32.,4.95));
#2175=CARTESIAN_POINT('',(111.1,-75.5,4.95));
#2176=CARTESIAN_POINT('',(111.1,-79.2928932188135,4.95));
#2177=CARTESIAN_POINT('',(109.1,-75.5,4.95));
#2178=CARTESIAN_POINT('',(101.1,-75.5,4.95));
#2179=CARTESIAN_POINT('',(109.1,-45.0710678118655,4.95));
#2180=CARTESIAN_POINT('',(109.1,-88.,4.95));
#2181=CARTESIAN_POINT('',(107.635533905933,-41.5355339059327,4.95));
#2182=CARTESIAN_POINT('Origin',(104.1,-45.0710678118655,4.95));
#2183=CARTESIAN_POINT('',(99.5644660940673,-33.4644660940673,4.95));
#2184=CARTESIAN_POINT('',(110.35,-44.25,4.95));
#2185=CARTESIAN_POINT('',(96.0289321881346,-32.,4.95));
#2186=CARTESIAN_POINT('Origin',(96.0289321881346,-37.,4.95));
#2187=CARTESIAN_POINT('',(86.1710678118654,-32.,4.95));
#2188=CARTESIAN_POINT('',(101.1,-32.,4.95));
#2189=CARTESIAN_POINT('',(82.6355339059327,-33.4644660940673,4.95));
#2190=CARTESIAN_POINT('Origin',(86.1710678118654,-37.,4.95));
#2191=CARTESIAN_POINT('',(74.5644660940672,-41.5355339059327,4.95));
#2192=CARTESIAN_POINT('',(71.85,-44.25,4.95));
#2193=CARTESIAN_POINT('',(73.1,-45.0710678118655,4.95));
#2194=CARTESIAN_POINT('Origin',(78.1,-45.0710678118655,4.95));
#2195=CARTESIAN_POINT('',(73.1,-94.2,4.95));
#2196=CARTESIAN_POINT('',(73.1,-48.,4.95));
#2197=CARTESIAN_POINT('',(78.9,-100.,4.95));
#2198=CARTESIAN_POINT('',(71.55,-92.6500000000001,4.95));
#2199=CARTESIAN_POINT('',(78.9,-106.,4.95));
#2200=CARTESIAN_POINT('',(78.9,-88.,4.95));
#2201=CARTESIAN_POINT('',(103.1,-106.,4.95));
#2202=CARTESIAN_POINT('',(81.1,-106.,4.95));
#2203=CARTESIAN_POINT('',(103.1,-100.,4.95));
#2204=CARTESIAN_POINT('',(103.1,-86.,4.95));
#2205=CARTESIAN_POINT('',(109.1,-94.,4.95));
#2206=CARTESIAN_POINT('',(110.6,-92.5,4.95));
#2207=CARTESIAN_POINT('',(109.1,-88.,4.95));
#2208=CARTESIAN_POINT('',(76.7,-32.,4.95));
#2209=CARTESIAN_POINT('Origin',(75.1,-32.,4.95));
#2210=CARTESIAN_POINT('',(108.7,-104.,4.95));
#2211=CARTESIAN_POINT('Origin',(107.1,-104.,4.95));
#2212=CARTESIAN_POINT('',(76.7,-104.,4.95));
#2213=CARTESIAN_POINT('Origin',(75.1,-104.,4.95));
#2214=CARTESIAN_POINT('',(108.7,-32.,4.95));
#2215=CARTESIAN_POINT('Origin',(107.1,-32.,4.95));
#2216=CARTESIAN_POINT('Origin',(104.1,-45.0710678118655,-0.0499999999999998));
#2217=CARTESIAN_POINT('',(109.1,-45.0710678118655,14.45));
#2218=CARTESIAN_POINT('',(109.1,-45.0710678118655,-0.0499999999999998));
#2219=CARTESIAN_POINT('',(107.635533905933,-41.5355339059328,14.45));
#2220=CARTESIAN_POINT('Origin',(104.1,-45.0710678118655,14.45));
#2221=CARTESIAN_POINT('',(107.635533905933,-41.5355339059328,-0.0499999999999998));
#2222=CARTESIAN_POINT('Origin',(109.1,-108.,-0.05));
#2223=CARTESIAN_POINT('',(109.1,-75.5,13.25));
#2224=CARTESIAN_POINT('',(109.1,-75.5,5.95));
#2225=CARTESIAN_POINT('',(109.1,-76.7,14.45));
#2226=CARTESIAN_POINT('Origin',(109.1,-76.7,13.25));
#2227=CARTESIAN_POINT('',(109.1,-83.2964466094067,14.45));
#2228=CARTESIAN_POINT('Origin',(111.1,-75.5,10.45));
#2229=CARTESIAN_POINT('',(111.1,-75.5,8.39644660940672));
#2230=CARTESIAN_POINT('',(111.1,-75.5,11.));
#2231=CARTESIAN_POINT('',(110.6,-75.5,8.75));
#2232=CARTESIAN_POINT('',(109.47835016878,-75.5,9.54312620177268));
#2233=CARTESIAN_POINT('',(110.6,-75.5,13.25));
#2234=CARTESIAN_POINT('',(110.6,-75.5,9.7));
#2235=CARTESIAN_POINT('',(101.1,-75.5,13.25));
#2236=CARTESIAN_POINT('Origin',(111.1,-90.5857864376269,11.55));
#2237=CARTESIAN_POINT('',(111.1,-32.,14.45));
#2238=CARTESIAN_POINT('',(111.1,-32.,-0.05));
#2239=CARTESIAN_POINT('',(111.1,-75.4958405421208,14.45));
#2240=CARTESIAN_POINT('',(111.1,-74.5893398282202,14.45));
#2241=CARTESIAN_POINT('',(111.1,-75.,13.25));
#2242=CARTESIAN_POINT('Origin',(111.1,-76.7,13.25));
#2243=CARTESIAN_POINT('',(111.1,-75.,8.75));
#2244=CARTESIAN_POINT('',(111.1,-75.,10.25));
#2245=CARTESIAN_POINT('',(111.1,-80.7310064948869,4.69756644444137));
#2246=CARTESIAN_POINT('Origin',(107.1,-32.,-0.05));
#2247=CARTESIAN_POINT('',(107.1,-28.,14.45));
#2248=CARTESIAN_POINT('',(107.1,-28.,-0.05));
#2249=CARTESIAN_POINT('Origin',(107.1,-32.,14.45));
#2250=CARTESIAN_POINT('Origin',(111.1,-28.,-0.05));
#2251=CARTESIAN_POINT('',(75.1,-28.,14.45));
#2252=CARTESIAN_POINT('',(75.1,-28.,-0.05));
#2253=CARTESIAN_POINT('',(101.1,-28.,14.45));
#2254=CARTESIAN_POINT('Origin',(75.1,-32.,-0.05));
#2255=CARTESIAN_POINT('',(71.1,-32.,14.45));
#2256=CARTESIAN_POINT('',(71.1,-32.,-0.05));
#2257=CARTESIAN_POINT('Origin',(75.1,-32.,14.45));
#2258=CARTESIAN_POINT('Origin',(71.1,-86.1857864376269,15.95));
#2259=CARTESIAN_POINT('',(71.1,-104.,10.45));
#2260=CARTESIAN_POINT('',(71.1,-104.,-0.05));
#2261=CARTESIAN_POINT('',(71.1,-92.3928932188135,10.45));
#2262=CARTESIAN_POINT('',(71.1,-91.8428932188135,10.45));
#2263=CARTESIAN_POINT('',(71.1,-88.3928932188135,14.45));
#2264=CARTESIAN_POINT('',(71.1,-88.5928932188135,14.25));
#2265=CARTESIAN_POINT('',(71.1,-76.0928932188135,14.45));
#2266=CARTESIAN_POINT('Origin',(75.1,-104.,-0.05));
#2267=CARTESIAN_POINT('',(75.1,-108.,10.45));
#2268=CARTESIAN_POINT('',(75.1,-108.,-0.05));
#2269=CARTESIAN_POINT('Origin',(75.1,-104.,10.45));
#2270=CARTESIAN_POINT('Origin',(71.1,-108.,-0.05));
#2271=CARTESIAN_POINT('',(107.1,-108.,10.45));
#2272=CARTESIAN_POINT('',(107.1,-108.,-0.05));
#2273=CARTESIAN_POINT('',(81.1,-108.,10.45));
#2274=CARTESIAN_POINT('Origin',(107.1,-104.,-0.05));
#2275=CARTESIAN_POINT('',(111.1,-104.,10.45));
#2276=CARTESIAN_POINT('',(111.1,-104.,-0.05));
#2277=CARTESIAN_POINT('Origin',(107.1,-104.,10.45));
#2278=CARTESIAN_POINT('Origin',(111.1,-90.5857864376269,11.55));
#2279=CARTESIAN_POINT('',(111.1,-85.5,8.39644660940673));
#2280=CARTESIAN_POINT('',(111.1,-85.5,11.));
#2281=CARTESIAN_POINT('',(111.1,-86.,8.75));
#2282=CARTESIAN_POINT('',(111.1,-84.9095177968644,7.97891263939958));
#2283=CARTESIAN_POINT('',(111.1,-86.,13.25));
#2284=CARTESIAN_POINT('',(111.1,-86.,10.25));
#2285=CARTESIAN_POINT('',(111.1,-85.5041594578793,14.45));
#2286=CARTESIAN_POINT('Origin',(111.1,-84.3,13.25));
#2287=CARTESIAN_POINT('',(111.1,-88.3928932188135,14.45));
#2288=CARTESIAN_POINT('',(111.1,-74.5893398282202,14.45));
#2289=CARTESIAN_POINT('',(111.1,-92.3928932188135,10.45));
#2290=CARTESIAN_POINT('',(111.1,-90.7928932188135,12.05));
#2291=CARTESIAN_POINT('',(111.1,-94.0428932188135,10.45));
#2292=CARTESIAN_POINT('Origin',(111.1,-85.5,10.45));
#2293=CARTESIAN_POINT('',(109.1,-85.5,13.25));
#2294=CARTESIAN_POINT('',(109.1,-85.5,5.95));
#2295=CARTESIAN_POINT('',(110.6,-85.5,13.25));
#2296=CARTESIAN_POINT('',(101.1,-85.5,13.25));
#2297=CARTESIAN_POINT('',(110.6,-85.5,8.75));
#2298=CARTESIAN_POINT('',(110.6,-85.5,9.7));
#2299=CARTESIAN_POINT('',(107.395016835446,-85.5,11.0162653292446));
#2300=CARTESIAN_POINT('Origin',(86.1710678118654,-37.,-0.0499999999999995));
#2301=CARTESIAN_POINT('',(86.1710678118654,-32.,14.45));
#2302=CARTESIAN_POINT('',(86.1710678118654,-32.,-0.0499999999999995));
#2303=CARTESIAN_POINT('',(82.6355339059327,-33.4644660940673,14.45));
#2304=CARTESIAN_POINT('Origin',(86.1710678118654,-37.,14.45));
#2305=CARTESIAN_POINT('',(82.6355339059327,-33.4644660940673,-0.0499999999999995));
#2306=CARTESIAN_POINT('Origin',(74.1,-42.,-0.05));
#2307=CARTESIAN_POINT('',(74.5644660940672,-41.5355339059327,14.45));
#2308=CARTESIAN_POINT('',(73.9517766952966,-42.1482233047034,14.45));
#2309=CARTESIAN_POINT('',(74.5644660940672,-41.5355339059327,-0.05));
#2310=CARTESIAN_POINT('Origin',(96.0289321881346,-37.,-0.0499999999999992));
#2311=CARTESIAN_POINT('',(99.5644660940673,-33.4644660940673,14.45));
#2312=CARTESIAN_POINT('',(99.5644660940673,-33.4644660940673,-0.0499999999999992));
#2313=CARTESIAN_POINT('',(96.0289321881346,-32.,14.45));
#2314=CARTESIAN_POINT('Origin',(96.0289321881346,-37.,14.45));
#2315=CARTESIAN_POINT('',(96.0289321881346,-32.,-0.0499999999999992));
#2316=CARTESIAN_POINT('Origin',(91.1,-58.5928932188135,14.45));
#2317=CARTESIAN_POINT('',(87.8641730608694,-32.,14.4500000000001));
#2318=CARTESIAN_POINT('',(101.1,-32.,14.45));
#2319=CARTESIAN_POINT('',(78.5749999999999,-43.65,14.4500000000001));
#2320=CARTESIAN_POINT('Origin',(90.525,-43.65,14.45));
#2321=CARTESIAN_POINT('',(93.1858269391301,-32.,14.45));
#2322=CARTESIAN_POINT('Origin',(90.525,-43.65,14.45));
#2323=CARTESIAN_POINT('',(101.1,-32.,14.45));
#2324=CARTESIAN_POINT('',(108.248223304703,-42.1482233047034,14.45));
#2325=CARTESIAN_POINT('',(110.6,-76.7,14.45));
#2326=CARTESIAN_POINT('',(101.1,-76.7,14.45));
#2327=CARTESIAN_POINT('',(110.6,-84.3,14.45));
#2328=CARTESIAN_POINT('',(110.6,-78.2928932188135,14.45));
#2329=CARTESIAN_POINT('',(109.1,-84.3,14.45));
#2330=CARTESIAN_POINT('',(101.1,-84.3,14.45));
#2331=CARTESIAN_POINT('',(109.1,-87.6857864376269,14.45));
#2332=CARTESIAN_POINT('',(109.1,-97.3428932188135,14.45));
#2333=CARTESIAN_POINT('',(73.1,-87.6857864376269,14.45));
#2334=CARTESIAN_POINT('',(100.128259972887,-87.6857864376269,14.45));
#2335=CARTESIAN_POINT('',(73.1,-45.0710678118655,14.45));
#2336=CARTESIAN_POINT('',(73.1,-57.0928932188135,14.45));
#2337=CARTESIAN_POINT('Origin',(78.1,-45.0710678118655,14.45));
#2338=CARTESIAN_POINT('Origin',(108.1,-42.,-0.0499999999999995));
#2339=CARTESIAN_POINT('Origin',(78.1,-45.0710678118655,-0.05));
#2340=CARTESIAN_POINT('',(73.1,-45.0710678118655,-0.05));
#2341=CARTESIAN_POINT('Origin',(73.1,-28.,-0.05));
#2342=CARTESIAN_POINT('',(73.1,-91.5857864376269,10.55));
#2343=CARTESIAN_POINT('',(73.1,-76.8505092259427,25.2852772116842));
#2344=CARTESIAN_POINT('',(73.1,-94.2,10.55));
#2345=CARTESIAN_POINT('',(73.1,-63.75,10.55));
#2346=CARTESIAN_POINT('',(73.1,-94.2,-0.05));
#2347=CARTESIAN_POINT('Origin',(98.255,-94.,5.595));
#2348=CARTESIAN_POINT('',(100.035891034076,-91.5857864376269,10.55));
#2349=CARTESIAN_POINT('',(96.4741089659235,-91.5857864376269,10.55));
#2350=CARTESIAN_POINT('Origin',(98.255,-94.,8.13578643762693));
#2351=CARTESIAN_POINT('',(101.255,-94.,10.55));
#2352=CARTESIAN_POINT('Origin',(98.255,-94.,10.55));
#2353=CARTESIAN_POINT('',(101.255,-94.,11.95));
#2354=CARTESIAN_POINT('',(101.255,-94.,5.595));
#2355=CARTESIAN_POINT('',(101.232778444793,-93.6355339059328,11.95));
#2356=CARTESIAN_POINT('Origin',(98.255,-94.,11.95));
#2357=CARTESIAN_POINT('',(100.894889226159,-92.5748737341529,12.3893398282202));
#2358=CARTESIAN_POINT('Ctrl Pts',(100.894889226159,-92.5748737341529,12.3893398282202));
#2359=CARTESIAN_POINT('Ctrl Pts',(100.965045312208,-92.7048301458392,12.2593834165339));
#2360=CARTESIAN_POINT('Ctrl Pts',(101.040572640104,-92.8694712393779,12.1450421605124));
#2361=CARTESIAN_POINT('Ctrl Pts',(101.16281429908,-93.2370279920119,11.9902191499604));
#2362=CARTESIAN_POINT('Ctrl Pts',(101.208879047347,-93.4402698972468,11.95));
#2363=CARTESIAN_POINT('Ctrl Pts',(101.232778444793,-93.6355339059327,11.95));
#2364=CARTESIAN_POINT('',(95.6151107738405,-92.5748737341529,12.3893398282202));
#2365=CARTESIAN_POINT('Origin',(98.255,-94.,10.9642135623731));
#2366=CARTESIAN_POINT('',(95.2772215552067,-93.6355339059328,11.95));
#2367=CARTESIAN_POINT('Ctrl Pts',(95.2772215552067,-93.6355339059327,11.95));
#2368=CARTESIAN_POINT('Ctrl Pts',(95.3011209526525,-93.4402698972468,11.95));
#2369=CARTESIAN_POINT('Ctrl Pts',(95.3471857009203,-93.2370279920119,11.9902191499604));
#2370=CARTESIAN_POINT('Ctrl Pts',(95.4694273598956,-92.8694712393779,12.1450421605124));
#2371=CARTESIAN_POINT('Ctrl Pts',(95.5449546877919,-92.7048301458392,12.2593834165339));
#2372=CARTESIAN_POINT('Ctrl Pts',(95.6151107738405,-92.5748737341529,12.3893398282202));
#2373=CARTESIAN_POINT('Origin',(98.255,-94.,11.95));
#2374=CARTESIAN_POINT('Origin',(98.255,-94.,10.55));
#2375=CARTESIAN_POINT('Origin',(93.6282599728874,-93.6355339059328,13.45));
#2376=CARTESIAN_POINT('',(109.6,-93.6355339059328,11.95));
#2377=CARTESIAN_POINT('',(93.6282599728874,-93.6355339059328,11.95));
#2378=CARTESIAN_POINT('',(109.6,-92.5748737341529,12.3893398282202));
#2379=CARTESIAN_POINT('Origin',(109.6,-93.6355339059328,13.45));
#2380=CARTESIAN_POINT('',(93.6282599728874,-92.5748737341529,12.3893398282202));
#2381=CARTESIAN_POINT('Ctrl Pts',(109.6,-92.5748737341529,12.3893398282202));
#2382=CARTESIAN_POINT('Ctrl Pts',(109.936599212885,-92.5748737341529,12.3893398282202));
#2383=CARTESIAN_POINT('Ctrl Pts',(110.723128876699,-92.541581866291,12.0345532447219));
#2384=CARTESIAN_POINT('Ctrl Pts',(111.1,-92.4473416616789,11.0302491197286));
#2385=CARTESIAN_POINT('Ctrl Pts',(111.1,-92.3928932188135,10.45));
#2386=CARTESIAN_POINT('Ctrl Pts',(109.6,-92.8525539177878,12.1116596445853));
#2387=CARTESIAN_POINT('Ctrl Pts',(109.899689421062,-92.8525539177878,12.1116596445853));
#2388=CARTESIAN_POINT('Ctrl Pts',(110.628382859362,-92.8119086619544,11.8836141873879));
#2389=CARTESIAN_POINT('Ctrl Pts',(111.1,-92.5531245887779,10.9864323966567));
#2390=CARTESIAN_POINT('Ctrl Pts',(111.1,-92.3928932188135,10.45));
#2391=CARTESIAN_POINT('Ctrl Pts',(109.6,-93.242834824234,11.95));
#2392=CARTESIAN_POINT('Ctrl Pts',(109.899689421062,-93.242834824234,11.95));
#2393=CARTESIAN_POINT('Ctrl Pts',(110.628382859362,-93.1103228710539,11.7600069747741));
#2394=CARTESIAN_POINT('Ctrl Pts',(111.1,-92.6589075158769,10.9426156735848));
#2395=CARTESIAN_POINT('Ctrl Pts',(111.1,-92.3928932188135,10.45));
#2396=CARTESIAN_POINT('Ctrl Pts',(109.6,-93.6355339059327,11.95));
#2397=CARTESIAN_POINT('Ctrl Pts',(109.936599212885,-93.6355339059327,11.95));
#2398=CARTESIAN_POINT('Ctrl Pts',(110.723128876699,-93.4082028123907,11.6755870954108));
#2399=CARTESIAN_POINT('Ctrl Pts',(111.1,-92.7646904429759,10.8987989505128));
#2400=CARTESIAN_POINT('Ctrl Pts',(111.1,-92.3928932188135,10.45));
#2401=CARTESIAN_POINT('Origin',(109.6,-92.3928932188135,10.45));
#2402=CARTESIAN_POINT('Origin',(109.6,-92.3928932188135,10.45));
#2403=CARTESIAN_POINT('Origin',(109.6,-94.0428932188135,10.45));
#2404=CARTESIAN_POINT('',(109.6,-102.341687604822,11.95));
#2405=CARTESIAN_POINT('',(109.6,-94.0428932188135,11.95));
#2406=CARTESIAN_POINT('',(110.1,-104.,11.864213562373));
#2407=CARTESIAN_POINT('Ctrl Pts',(109.6,-102.341687604822,11.95));
#2408=CARTESIAN_POINT('Ctrl Pts',(109.720951253368,-102.52402847998,11.95));
#2409=CARTESIAN_POINT('Ctrl Pts',(109.824235424341,-102.723853499772,11.9353671916143));
#2410=CARTESIAN_POINT('Ctrl Pts',(110.035241744447,-103.27824370052,11.8917305986891));
#2411=CARTESIAN_POINT('Ctrl Pts',(110.1,-103.650286967916,11.8642135623731));
#2412=CARTESIAN_POINT('Ctrl Pts',(110.1,-104.,11.8642135623731));
#2413=CARTESIAN_POINT('Origin',(109.6,-104.,10.45));
#2414=CARTESIAN_POINT('Origin',(91.1,-97.5,11.95));
#2415=CARTESIAN_POINT('',(72.6,-93.6355339059328,11.95));
#2416=CARTESIAN_POINT('',(93.6282599728874,-93.6355339059328,11.95));
#2417=CARTESIAN_POINT('',(72.6,-102.341687604822,11.95));
#2418=CARTESIAN_POINT('',(72.6,-91.8428932188135,11.95));
#2419=CARTESIAN_POINT('',(76.7583123951777,-106.5,11.95));
#2420=CARTESIAN_POINT('Origin',(75.1,-104.,11.95));
#2421=CARTESIAN_POINT('',(105.441687604822,-106.5,11.95));
#2422=CARTESIAN_POINT('',(81.1,-106.5,11.95));
#2423=CARTESIAN_POINT('',(104.1,-104.,11.95));
#2424=CARTESIAN_POINT('Origin',(107.1,-104.,11.95));
#2425=CARTESIAN_POINT('Origin',(107.1,-104.,11.95));
#2426=CARTESIAN_POINT('',(96.1,-104.09,11.95));
#2427=CARTESIAN_POINT('',(86.1,-104.09,11.95));
#2428=CARTESIAN_POINT('',(88.1,-104.09,11.95));
#2429=CARTESIAN_POINT('',(86.1,-99.09,11.95));
#2430=CARTESIAN_POINT('',(86.1,-97.295,11.95));
#2431=CARTESIAN_POINT('',(96.1,-99.09,11.95));
#2432=CARTESIAN_POINT('',(94.1,-99.09,11.95));
#2433=CARTESIAN_POINT('',(96.1,-99.795,11.95));
#2434=CARTESIAN_POINT('Origin',(93.6282599728874,-93.6355339059328,13.45));
#2435=CARTESIAN_POINT('',(72.6,-92.5748737341529,12.3893398282202));
#2436=CARTESIAN_POINT('',(93.6282599728874,-92.5748737341529,12.3893398282202));
#2437=CARTESIAN_POINT('Origin',(72.6,-93.6355339059328,13.45));
#2438=CARTESIAN_POINT('Ctrl Pts',(71.1,-92.3928932188135,10.45));
#2439=CARTESIAN_POINT('Ctrl Pts',(71.1,-92.4473416616789,11.0302491197286));
#2440=CARTESIAN_POINT('Ctrl Pts',(71.4768420312814,-92.5415861011378,12.0345983748676));
#2441=CARTESIAN_POINT('Ctrl Pts',(72.2634007871154,-92.574873734153,12.3893398282202));
#2442=CARTESIAN_POINT('Ctrl Pts',(72.6,-92.574873734153,12.3893398282202));
#2443=CARTESIAN_POINT('Ctrl Pts',(71.1,-92.3928932188135,10.45));
#2444=CARTESIAN_POINT('Ctrl Pts',(71.1,-92.5531245887779,10.9864323966567));
#2445=CARTESIAN_POINT('Ctrl Pts',(71.5716161486689,-92.8119099290819,11.8836325247336));
#2446=CARTESIAN_POINT('Ctrl Pts',(72.3003105789375,-92.8525539177879,12.1116596445853));
#2447=CARTESIAN_POINT('Ctrl Pts',(72.6,-92.8525539177879,12.1116596445853));
#2448=CARTESIAN_POINT('Ctrl Pts',(71.1,-92.3928932188135,10.45));
#2449=CARTESIAN_POINT('Ctrl Pts',(71.1,-92.6589075158769,10.9426156735848));
#2450=CARTESIAN_POINT('Ctrl Pts',(71.5716161486689,-93.110334941521,11.76002083723));
#2451=CARTESIAN_POINT('Ctrl Pts',(72.3003105789375,-93.2428348242341,11.95));
#2452=CARTESIAN_POINT('Ctrl Pts',(72.6,-93.2428348242341,11.95));
#2453=CARTESIAN_POINT('Ctrl Pts',(71.1,-92.3928932188135,10.45));
#2454=CARTESIAN_POINT('Ctrl Pts',(71.1,-92.7646904429759,10.8987989505128));
#2455=CARTESIAN_POINT('Ctrl Pts',(71.4768420312814,-93.4082317297338,11.6756220017318));
#2456=CARTESIAN_POINT('Ctrl Pts',(72.2634007871154,-93.6355339059328,11.95));
#2457=CARTESIAN_POINT('Ctrl Pts',(72.6,-93.6355339059328,11.95));
#2458=CARTESIAN_POINT('Origin',(72.6,-92.3928932188135,10.45));
#2459=CARTESIAN_POINT('Origin',(72.6,-92.3928932188135,10.45));
#2460=CARTESIAN_POINT('Origin',(72.6,-91.8428932188135,10.45));
#2461=CARTESIAN_POINT('',(72.1,-104.,11.8642135623731));
#2462=CARTESIAN_POINT('Origin',(72.6,-104.,10.45));
#2463=CARTESIAN_POINT('Ctrl Pts',(72.1,-104.,11.8642135623731));
#2464=CARTESIAN_POINT('Ctrl Pts',(72.1,-103.650286967916,11.8642135623731));
#2465=CARTESIAN_POINT('Ctrl Pts',(72.1647582555527,-103.27824370052,11.8917305986891));
#2466=CARTESIAN_POINT('Ctrl Pts',(72.3757645756586,-102.723853499772,11.9353671916143));
#2467=CARTESIAN_POINT('Ctrl Pts',(72.4790487466317,-102.52402847998,11.95));
#2468=CARTESIAN_POINT('Ctrl Pts',(72.6,-102.341687604822,11.95));
#2469=CARTESIAN_POINT('Origin',(72.6,-88.5928932188135,14.25));
#2470=CARTESIAN_POINT('',(72.6,-89.4535533905933,15.5106601717798));
#2471=CARTESIAN_POINT('',(72.6,-89.6535533905933,15.3106601717798));
#2472=CARTESIAN_POINT('Origin',(72.6,-88.3928932188135,14.45));
#2473=CARTESIAN_POINT('Origin',(96.1565199457749,-91.7071067811866,13.2571067811866));
#2474=CARTESIAN_POINT('',(109.6,-89.4535533905933,15.5106601717798));
#2475=CARTESIAN_POINT('',(109.6,-91.8535533905933,13.1106601717798));
#2476=CARTESIAN_POINT('',(93.6282599728874,-89.4535533905933,15.5106601717798));
#2477=CARTESIAN_POINT('Origin',(109.6,-90.7928932188135,12.05));
#2478=CARTESIAN_POINT('Origin',(109.6,-88.3928932188135,14.45));
#2479=CARTESIAN_POINT('Origin',(93.6282599728874,-88.3928932188135,14.45));
#2480=CARTESIAN_POINT('',(109.6,-88.3928932188135,15.95));
#2481=CARTESIAN_POINT('Origin',(109.6,-88.3928932188135,14.45));
#2482=CARTESIAN_POINT('',(72.6,-88.3928932188135,15.95));
#2483=CARTESIAN_POINT('',(93.6282599728874,-88.3928932188135,15.95));
#2484=CARTESIAN_POINT('Origin',(72.6,-88.3928932188135,14.45));
#2485=CARTESIAN_POINT('Origin',(109.6,-88.3928932188135,14.45));
#2486=CARTESIAN_POINT('Origin',(109.6,-88.3928932188135,14.45));
#2487=CARTESIAN_POINT('Origin',(72.6,-88.3928932188135,14.45));
#2488=CARTESIAN_POINT('Origin',(72.6,-88.3928932188135,14.45));
#2489=CARTESIAN_POINT('Origin',(72.6,-76.0928932188135,14.45));
#2490=CARTESIAN_POINT('',(72.6,-33.6583123951777,15.95));
#2491=CARTESIAN_POINT('',(72.6,-76.0928932188135,15.95));
#2492=CARTESIAN_POINT('',(72.1000000000001,-32.,15.8642135623731));
#2493=CARTESIAN_POINT('Ctrl Pts',(72.6,-33.6583123951777,15.95));
#2494=CARTESIAN_POINT('Ctrl Pts',(72.4790487466317,-33.4759715200205,15.95));
#2495=CARTESIAN_POINT('Ctrl Pts',(72.3757645756586,-33.2761465002276,15.9353671916143));
#2496=CARTESIAN_POINT('Ctrl Pts',(72.1647582555527,-32.7217562994798,15.8917305986891));
#2497=CARTESIAN_POINT('Ctrl Pts',(72.1,-32.3497130320839,15.8642135623731));
#2498=CARTESIAN_POINT('Ctrl Pts',(72.1,-32.,15.8642135623731));
#2499=CARTESIAN_POINT('Origin',(72.6,-32.,14.45));
#2500=CARTESIAN_POINT('Origin',(109.6,-78.2928932188135,14.45));
#2501=CARTESIAN_POINT('',(111.016666666667,-84.3,14.9430066485916));
#2502=CARTESIAN_POINT('Ctrl Pts',(111.016666666667,-84.3000000000001,14.9430066485916));
#2503=CARTESIAN_POINT('Ctrl Pts',(111.016666666667,-84.5221022325859,14.9430066485916));
#2504=CARTESIAN_POINT('Ctrl Pts',(111.050057814929,-84.9677936984703,14.8606677297368));
#2505=CARTESIAN_POINT('Ctrl Pts',(111.1,-85.346733803748,14.6079713252791));
#2506=CARTESIAN_POINT('Ctrl Pts',(111.1,-85.5041594578793,14.45));
#2507=CARTESIAN_POINT('',(111.016666666667,-76.7,14.9430066485916));
#2508=CARTESIAN_POINT('',(111.016666666667,-78.2928932188135,14.9430066485916));
#2509=CARTESIAN_POINT('Ctrl Pts',(111.1,-75.4958405421208,14.45));
#2510=CARTESIAN_POINT('Ctrl Pts',(111.1,-75.653266196252,14.6079713252791));
#2511=CARTESIAN_POINT('Ctrl Pts',(111.050057116232,-76.0322062136053,14.8606679936559));
#2512=CARTESIAN_POINT('Ctrl Pts',(111.016666666667,-76.4778977674142,14.9430066485916));
#2513=CARTESIAN_POINT('Ctrl Pts',(111.016666666667,-76.7,14.9430066485916));
#2514=CARTESIAN_POINT('',(110.1,-32.,15.8642135623731));
#2515=CARTESIAN_POINT('Origin',(109.6,-32.,14.45));
#2516=CARTESIAN_POINT('',(109.6,-33.6583123951777,15.95));
#2517=CARTESIAN_POINT('Ctrl Pts',(110.1,-32.,15.8642135623731));
#2518=CARTESIAN_POINT('Ctrl Pts',(110.1,-32.3497130320839,15.8642135623731));
#2519=CARTESIAN_POINT('Ctrl Pts',(110.035241744447,-32.7217562994798,15.8917305986891));
#2520=CARTESIAN_POINT('Ctrl Pts',(109.824235424341,-33.2761465002276,15.9353671916143));
#2521=CARTESIAN_POINT('Ctrl Pts',(109.720951253368,-33.4759715200205,15.95));
#2522=CARTESIAN_POINT('Ctrl Pts',(109.6,-33.6583123951777,15.95));
#2523=CARTESIAN_POINT('',(109.6,-78.2928932188135,15.95));
#2524=CARTESIAN_POINT('Origin',(91.1,-66.,15.95));
#2525=CARTESIAN_POINT('',(104.1,-32.,15.95));
#2526=CARTESIAN_POINT('Origin',(107.1,-32.,15.95));
#2527=CARTESIAN_POINT('',(105.441687604822,-29.5,15.95));
#2528=CARTESIAN_POINT('Origin',(107.1,-32.,15.95));
#2529=CARTESIAN_POINT('',(76.7583123951777,-29.5,15.95));
#2530=CARTESIAN_POINT('',(101.1,-29.5,15.95));
#2531=CARTESIAN_POINT('Origin',(75.1,-32.,15.95));
#2532=CARTESIAN_POINT('',(81.525,-43.65,15.95));
#2533=CARTESIAN_POINT('Origin',(90.525,-43.65,15.95));
#2534=CARTESIAN_POINT('Origin',(75.1,-32.,11.95));
#2535=CARTESIAN_POINT('',(72.1,-32.,11.95));
#2536=CARTESIAN_POINT('Origin',(75.1,-32.,11.95));
#2537=CARTESIAN_POINT('',(76.7,-32.,11.95));
#2538=CARTESIAN_POINT('Origin',(75.1,-32.,11.95));
#2539=CARTESIAN_POINT('Origin',(107.1,-32.,11.95));
#2540=CARTESIAN_POINT('',(104.1,-32.,11.95));
#2541=CARTESIAN_POINT('Origin',(107.1,-32.,11.95));
#2542=CARTESIAN_POINT('',(108.7,-32.,11.95));
#2543=CARTESIAN_POINT('Origin',(107.1,-32.,11.95));
#2544=CARTESIAN_POINT('Origin',(90.525,-43.65,14.95));
#2545=CARTESIAN_POINT('',(83.525,-43.65,13.95));
#2546=CARTESIAN_POINT('Origin',(90.525,-43.65,13.95));
#2547=CARTESIAN_POINT('',(82.525,-43.65,14.95));
#2548=CARTESIAN_POINT('Origin',(90.525,-43.65,15.95));
#2549=CARTESIAN_POINT('',(83.525,-43.65,13.55));
#2550=CARTESIAN_POINT('Origin',(90.525,-43.65,13.55));
#2551=CARTESIAN_POINT('',(83.525,-43.65,15.95));
#2552=CARTESIAN_POINT('Origin',(101.581066017178,-76.268933982822,8.6));
#2553=CARTESIAN_POINT('',(101.475,-76.375,8.75));
#2554=CARTESIAN_POINT('Origin',(107.831066017178,-78.481066017178,8.6));
#2555=CARTESIAN_POINT('',(107.725,-78.375,8.75));
#2556=CARTESIAN_POINT('Origin',(110.85,-85.75,11.));
#2557=CARTESIAN_POINT('',(110.6,-85.5,13.25));
#2558=CARTESIAN_POINT('Origin',(110.85,-84.3,13.25));
#2559=CARTESIAN_POINT('',(110.6,-85.1499949114442,14.0970588235294));
#2560=CARTESIAN_POINT('',(110.6,-85.1499949114442,14.0970588235294));
#2561=CARTESIAN_POINT('Origin',(110.6,-84.3,13.25));
#2562=CARTESIAN_POINT('Origin',(110.808333333333,-78.2928932188135,14.6965033242958));
#2563=CARTESIAN_POINT('',(110.6,-76.7,14.45));
#2564=CARTESIAN_POINT('',(111.016666666667,-84.3,14.9430066485916));
#2565=CARTESIAN_POINT('Ctrl Pts',(111.1,-85.5041594578793,14.45));
#2566=CARTESIAN_POINT('Ctrl Pts',(111.1,-85.346733803748,14.6079713252791));
#2567=CARTESIAN_POINT('Ctrl Pts',(111.050057814929,-84.9677936984703,14.8606677297368));
#2568=CARTESIAN_POINT('Ctrl Pts',(111.016666666667,-84.5221022325859,14.9430066485916));
#2569=CARTESIAN_POINT('Ctrl Pts',(111.016666666667,-84.3000000000001,14.9430066485916));
#2570=CARTESIAN_POINT('Ctrl Pts',(110.933333333333,-85.3861046090676,14.3323529411765));
#2571=CARTESIAN_POINT('Ctrl Pts',(110.933333333333,-85.2441128425963,14.4748368816243));
#2572=CARTESIAN_POINT('Ctrl Pts',(110.900038543286,-84.9025933744112,14.702842044696));
#2573=CARTESIAN_POINT('Ctrl Pts',(110.877777777778,-84.5005433731011,14.7786710990611));
#2574=CARTESIAN_POINT('Ctrl Pts',(110.877777777778,-84.3000000000001,14.7786710990611));
#2575=CARTESIAN_POINT('Ctrl Pts',(110.766666666667,-85.2680497602559,14.2147058823529));
#2576=CARTESIAN_POINT('Ctrl Pts',(110.766666666667,-85.1414918814445,14.3417024379695));
#2577=CARTESIAN_POINT('Ctrl Pts',(110.750019271643,-84.837393050352,14.5450163596552));
#2578=CARTESIAN_POINT('Ctrl Pts',(110.738888888889,-84.4789845136161,14.6143355495305));
#2579=CARTESIAN_POINT('Ctrl Pts',(110.738888888889,-84.3,14.6143355495305));
#2580=CARTESIAN_POINT('Ctrl Pts',(110.6,-85.1499949114442,14.0970588235294));
#2581=CARTESIAN_POINT('Ctrl Pts',(110.6,-85.0388709202927,14.2085679943147));
#2582=CARTESIAN_POINT('Ctrl Pts',(110.6,-84.7721927262928,14.3871906746144));
#2583=CARTESIAN_POINT('Ctrl Pts',(110.6,-84.4574256541313,14.45));
#2584=CARTESIAN_POINT('Ctrl Pts',(110.6,-84.3,14.45));
#2585=CARTESIAN_POINT('Ctrl Pts',(110.6,-85.1499949114442,14.0970588235294));
#2586=CARTESIAN_POINT('Ctrl Pts',(110.6,-85.0388709202927,14.2085679943147));
#2587=CARTESIAN_POINT('Ctrl Pts',(110.6,-84.7721927262928,14.3871906746144));
#2588=CARTESIAN_POINT('Ctrl Pts',(110.6,-84.4574256541313,14.45));
#2589=CARTESIAN_POINT('Ctrl Pts',(110.6,-84.3,14.45));
#2590=CARTESIAN_POINT('Origin',(110.85,-76.7,13.25));
#2591=CARTESIAN_POINT('',(110.6,-75.8500050885559,14.0970588235294));
#2592=CARTESIAN_POINT('',(111.1,-75.4958405421208,14.45));
#2593=CARTESIAN_POINT('Origin',(110.6,-76.7,13.25));
#2594=CARTESIAN_POINT('',(110.6,-75.5,13.25));
#2595=CARTESIAN_POINT('Origin',(110.85,-75.25,11.));
#2596=CARTESIAN_POINT('Ctrl Pts',(111.016666666667,-76.7,14.9430066485916));
#2597=CARTESIAN_POINT('Ctrl Pts',(111.016666666667,-76.4778977674142,14.9430066485916));
#2598=CARTESIAN_POINT('Ctrl Pts',(111.050057116232,-76.0322062136053,14.8606679936559));
#2599=CARTESIAN_POINT('Ctrl Pts',(111.1,-75.653266196252,14.6079713252791));
#2600=CARTESIAN_POINT('Ctrl Pts',(111.1,-75.4958405421208,14.45));
#2601=CARTESIAN_POINT('Ctrl Pts',(110.877777777778,-76.7,14.7786710990611));
#2602=CARTESIAN_POINT('Ctrl Pts',(110.877777777778,-76.499456626899,14.7786710990611));
#2603=CARTESIAN_POINT('Ctrl Pts',(110.900038077488,-76.0974065365105,14.7028422940046));
#2604=CARTESIAN_POINT('Ctrl Pts',(110.933333333333,-75.7558871574038,14.4748368816243));
#2605=CARTESIAN_POINT('Ctrl Pts',(110.933333333333,-75.6138953909325,14.3323529411765));
#2606=CARTESIAN_POINT('Ctrl Pts',(110.738888888889,-76.7,14.6143355495305));
#2607=CARTESIAN_POINT('Ctrl Pts',(110.738888888889,-76.5210154863839,14.6143355495305));
#2608=CARTESIAN_POINT('Ctrl Pts',(110.750019038744,-76.1626068594157,14.5450165943533));
#2609=CARTESIAN_POINT('Ctrl Pts',(110.766666666667,-75.8585081185556,14.3417024379695));
#2610=CARTESIAN_POINT('Ctrl Pts',(110.766666666667,-75.7319502397442,14.2147058823529));
#2611=CARTESIAN_POINT('Ctrl Pts',(110.6,-76.7,14.45));
#2612=CARTESIAN_POINT('Ctrl Pts',(110.6,-76.5425743458688,14.45));
#2613=CARTESIAN_POINT('Ctrl Pts',(110.6,-76.2278071823209,14.387190894702));
#2614=CARTESIAN_POINT('Ctrl Pts',(110.6,-75.9611290797073,14.2085679943147));
#2615=CARTESIAN_POINT('Ctrl Pts',(110.6,-75.8500050885559,14.0970588235294));
#2616=CARTESIAN_POINT('Ctrl Pts',(110.6,-76.7,14.45));
#2617=CARTESIAN_POINT('Ctrl Pts',(110.6,-76.5425743458688,14.45));
#2618=CARTESIAN_POINT('Ctrl Pts',(110.6,-76.2278071823209,14.387190894702));
#2619=CARTESIAN_POINT('Ctrl Pts',(110.6,-75.9611290797073,14.2085679943147));
#2620=CARTESIAN_POINT('Ctrl Pts',(110.6,-75.8500050885559,14.0970588235294));
#2621=CARTESIAN_POINT('Origin',(101.1,-84.3,13.25));
#2622=CARTESIAN_POINT('Origin',(109.1,-84.3,13.25));
#2623=CARTESIAN_POINT('Origin',(101.1,-76.7,13.25));
#2624=CARTESIAN_POINT('Origin',(96.1565199457749,-90.2928932188135,11.8428932188135));
#2625=CARTESIAN_POINT('',(93.6282599728874,-91.5857864376269,10.55));
#2626=CARTESIAN_POINT('',(109.1,-91.5857864376269,10.55));
#2627=CARTESIAN_POINT('',(109.1,-96.8505092259426,5.28527721168425));
#2628=CARTESIAN_POINT('',(93.6282599728874,-91.5857864376269,10.55));
#2629=CARTESIAN_POINT('Origin',(90.525,-43.65,15.35));
#2630=CARTESIAN_POINT('Ctrl Pts',(93.1858269391301,-32.,14.45));
#2631=CARTESIAN_POINT('Ctrl Pts',(90.5249999999997,-32.,13.8575313807531));
#2632=CARTESIAN_POINT('Ctrl Pts',(87.8641730608694,-32.,14.4500000000001));
#2633=CARTESIAN_POINT('',(79.475,-43.65,13.55));
#2634=CARTESIAN_POINT('',(77.675,-43.65,15.35));
#2635=CARTESIAN_POINT('Origin',(90.525,-43.65,13.55));
#2636=CARTESIAN_POINT('Origin',(75.1,-104.,10.45));
#2637=CARTESIAN_POINT('',(75.1,-107.,11.864213562373));
#2638=CARTESIAN_POINT('Origin',(75.1,-104.,11.8642135623731));
#2639=CARTESIAN_POINT('Origin',(75.1,-106.5,10.45));
#2640=CARTESIAN_POINT('Origin',(81.1,-106.5,10.45));
#2641=CARTESIAN_POINT('',(107.1,-107.,11.8642135623731));
#2642=CARTESIAN_POINT('Origin',(107.1,-106.5,10.45));
#2643=CARTESIAN_POINT('Ctrl Pts',(107.1,-107.,11.8642135623731));
#2644=CARTESIAN_POINT('Ctrl Pts',(106.750286967916,-107.,11.8642135623731));
#2645=CARTESIAN_POINT('Ctrl Pts',(106.37824370052,-106.935241744447,11.8917305986891));
#2646=CARTESIAN_POINT('Ctrl Pts',(105.823853499772,-106.724235424341,11.9353671916143));
#2647=CARTESIAN_POINT('Ctrl Pts',(105.62402847998,-106.620951253368,11.95));
#2648=CARTESIAN_POINT('Ctrl Pts',(105.441687604822,-106.5,11.95));
#2649=CARTESIAN_POINT('Ctrl Pts',(76.7583123951777,-106.5,11.95));
#2650=CARTESIAN_POINT('Ctrl Pts',(76.5759715200205,-106.620951253368,11.95));
#2651=CARTESIAN_POINT('Ctrl Pts',(76.3761465002276,-106.724235424341,11.9353671916143));
#2652=CARTESIAN_POINT('Ctrl Pts',(75.8217562994797,-106.935241744447,11.8917305986891));
#2653=CARTESIAN_POINT('Ctrl Pts',(75.4497130320838,-107.,11.8642135623731));
#2654=CARTESIAN_POINT('Ctrl Pts',(75.1,-107.,11.8642135623731));
#2655=CARTESIAN_POINT('Origin',(107.1,-104.,10.45));
#2656=CARTESIAN_POINT('Origin',(107.1,-104.,11.8642135623731));
#2657=CARTESIAN_POINT('Origin',(86.1,-99.09,10.595));
#2658=CARTESIAN_POINT('',(86.1,-99.09,10.55));
#2659=CARTESIAN_POINT('',(86.1,-99.09,10.595));
#2660=CARTESIAN_POINT('',(86.1,-104.09,10.55));
#2661=CARTESIAN_POINT('',(86.1,-104.09,10.595));
#2662=CARTESIAN_POINT('',(86.1,-99.295,10.55));
#2663=CARTESIAN_POINT('Origin',(97.1,-99.09,10.595));
#2664=CARTESIAN_POINT('',(96.1,-99.09,10.55));
#2665=CARTESIAN_POINT('',(96.1,-99.09,10.595));
#2666=CARTESIAN_POINT('',(94.1,-99.09,10.55));
#2667=CARTESIAN_POINT('Origin',(96.1,-104.09,10.595));
#2668=CARTESIAN_POINT('',(96.1,-104.09,10.55));
#2669=CARTESIAN_POINT('',(96.1,-104.09,10.595));
#2670=CARTESIAN_POINT('',(96.1,-101.795,10.55));
#2671=CARTESIAN_POINT('Origin',(85.1,-104.09,10.595));
#2672=CARTESIAN_POINT('',(88.1,-104.09,10.55));
#2673=CARTESIAN_POINT('Origin',(75.1,-32.,14.45));
#2674=CARTESIAN_POINT('',(75.1,-29.,15.8642135623731));
#2675=CARTESIAN_POINT('Origin',(75.1,-32.,15.8642135623731));
#2676=CARTESIAN_POINT('Origin',(75.1,-29.5,14.45));
#2677=CARTESIAN_POINT('Origin',(107.1,-32.,14.45));
#2678=CARTESIAN_POINT('',(107.1,-28.9999999999999,15.864213562373));
#2679=CARTESIAN_POINT('Origin',(107.1,-32.,15.8642135623731));
#2680=CARTESIAN_POINT('Origin',(107.1,-29.5,14.45));
#2681=CARTESIAN_POINT('Origin',(91.1,-99.5,10.55));
#2682=CARTESIAN_POINT('',(109.1,-94.,10.55));
#2683=CARTESIAN_POINT('',(109.1,-103.75,10.55));
#2684=CARTESIAN_POINT('',(103.1,-100.,10.55));
#2685=CARTESIAN_POINT('',(102.975,-100.125,10.55));
#2686=CARTESIAN_POINT('',(103.1,-106.,10.55));
#2687=CARTESIAN_POINT('',(103.1,-101.75,10.55));
#2688=CARTESIAN_POINT('',(78.9,-106.,10.55));
#2689=CARTESIAN_POINT('',(81.1,-106.,10.55));
#2690=CARTESIAN_POINT('',(78.9,-100.,10.55));
#2691=CARTESIAN_POINT('',(78.9,-103.75,10.55));
#2692=CARTESIAN_POINT('',(79.175,-100.275,10.55));
#2693=CARTESIAN_POINT('Origin',(75.1,-32.,16.45));
#2694=CARTESIAN_POINT('Ctrl Pts',(75.1,-29.,15.8642135623731));
#2695=CARTESIAN_POINT('Ctrl Pts',(75.4497130320839,-29.,15.8642135623731));
#2696=CARTESIAN_POINT('Ctrl Pts',(75.8217562994797,-29.0647582555527,15.8917305986891));
#2697=CARTESIAN_POINT('Ctrl Pts',(76.3761465002275,-29.2757645756586,15.9353671916143));
#2698=CARTESIAN_POINT('Ctrl Pts',(76.5759715200204,-29.3790487466317,15.95));
#2699=CARTESIAN_POINT('Ctrl Pts',(76.7583123951777,-29.5,15.95));
#2700=CARTESIAN_POINT('',(72.1,-32.,16.45));
#2701=CARTESIAN_POINT('Origin',(101.1,-29.5,14.45));
#2702=CARTESIAN_POINT('Ctrl Pts',(105.441687604822,-29.5,15.95));
#2703=CARTESIAN_POINT('Ctrl Pts',(105.62402847998,-29.3790487466317,15.95));
#2704=CARTESIAN_POINT('Ctrl Pts',(105.823853499772,-29.2757645756586,15.9353671916143));
#2705=CARTESIAN_POINT('Ctrl Pts',(106.37824370052,-29.0647582555527,15.8917305986891));
#2706=CARTESIAN_POINT('Ctrl Pts',(106.750286967916,-29.,15.8642135623731));
#2707=CARTESIAN_POINT('Ctrl Pts',(107.1,-29.,15.8642135623731));
#2708=CARTESIAN_POINT('Origin',(107.1,-32.,16.45));
#2709=CARTESIAN_POINT('',(104.1,-32.,16.45));
#2710=CARTESIAN_POINT('Origin',(90.525,-43.65,13.55));
#2711=CARTESIAN_POINT('Origin',(107.1,-104.,-0.05));
#2712=CARTESIAN_POINT('',(108.7,-104.,6.95));
#2713=CARTESIAN_POINT('Origin',(107.1,-104.,6.95));
#2714=CARTESIAN_POINT('',(108.7,-104.,-0.05));
#2715=CARTESIAN_POINT('Origin',(75.1,-104.,-0.05));
#2716=CARTESIAN_POINT('',(76.7,-104.,6.95));
#2717=CARTESIAN_POINT('Origin',(75.1,-104.,6.95));
#2718=CARTESIAN_POINT('',(76.7,-104.,-0.05));
#2719=CARTESIAN_POINT('Origin',(107.1,-104.,6.95));
#2720=CARTESIAN_POINT('',(104.1,-104.,6.95));
#2721=CARTESIAN_POINT('Origin',(107.1,-104.,6.95));
#2722=CARTESIAN_POINT('Origin',(75.1,-104.,6.95));
#2723=CARTESIAN_POINT('',(72.1,-104.,6.95));
#2724=CARTESIAN_POINT('Origin',(75.1,-104.,6.95));
#2725=CARTESIAN_POINT('Origin',(111.1,-32.,-0.0499999999999989));
#2726=CARTESIAN_POINT('Origin',(75.1,-32.,-0.05));
#2727=CARTESIAN_POINT('',(76.7,-32.,-0.05));
#2728=CARTESIAN_POINT('Origin',(107.1,-32.,-0.05));
#2729=CARTESIAN_POINT('',(108.7,-32.,-0.05));
#2730=CARTESIAN_POINT('Origin',(107.1,-104.,11.45));
#2731=CARTESIAN_POINT('',(104.1,-104.,11.45));
#2732=CARTESIAN_POINT('Origin',(75.1,-104.,11.45));
#2733=CARTESIAN_POINT('',(72.1,-104.,11.45));
#2734=CARTESIAN_POINT('Origin',(109.1,-108.,-0.05));
#2735=CARTESIAN_POINT('',(109.1,-94.,-0.05));
#2736=CARTESIAN_POINT('Origin',(108.1,-95.,-0.05));
#2737=CARTESIAN_POINT('',(103.1,-100.,-0.05));
#2738=CARTESIAN_POINT('Origin',(103.1,-104.,-0.05));
#2739=CARTESIAN_POINT('',(103.1,-106.,-0.05));
#2740=CARTESIAN_POINT('Origin',(71.1,-106.,-0.05));
#2741=CARTESIAN_POINT('',(78.9,-106.,6.55));
#2742=CARTESIAN_POINT('Origin',(78.9,-108.,11.55));
#2743=CARTESIAN_POINT('',(78.9,-100.,5.75));
#2744=CARTESIAN_POINT('Origin',(74.1,-95.2,-0.05));
#2745=UNCERTAINTY_MEASURE_WITH_UNIT(LENGTH_MEASURE(0.01),#2749,
'DISTANCE_ACCURACY_VALUE',
'Maximum model space distance between geometric entities at asserted c
onnectivities');
#2746=UNCERTAINTY_MEASURE_WITH_UNIT(LENGTH_MEASURE(0.01),#2749,
'DISTANCE_ACCURACY_VALUE',
'Maximum model space distance between geometric entities at asserted c
onnectivities');
#2747=(
GEOMETRIC_REPRESENTATION_CONTEXT(3)
GLOBAL_UNCERTAINTY_ASSIGNED_CONTEXT((#2745))
GLOBAL_UNIT_ASSIGNED_CONTEXT((#2749,#2751,#2752))
REPRESENTATION_CONTEXT('','3D')
);
#2748=(
GEOMETRIC_REPRESENTATION_CONTEXT(3)
GLOBAL_UNCERTAINTY_ASSIGNED_CONTEXT((#2746))
GLOBAL_UNIT_ASSIGNED_CONTEXT((#2749,#2751,#2752))
REPRESENTATION_CONTEXT('','3D')
);
#2749=(
LENGTH_UNIT()
NAMED_UNIT(*)
SI_UNIT(.MILLI.,.METRE.)
);
#2750=(
LENGTH_UNIT()
NAMED_UNIT(*)
SI_UNIT($,.METRE.)
);
#2751=(
NAMED_UNIT(*)
PLANE_ANGLE_UNIT()
SI_UNIT($,.RADIAN.)
);
#2752=(
NAMED_UNIT(*)
SI_UNIT($,.STERADIAN.)
SOLID_ANGLE_UNIT()
);
#2753=SHAPE_DEFINITION_REPRESENTATION(#2754,#2755);
#2754=PRODUCT_DEFINITION_SHAPE('',$,#2757);
#2755=SHAPE_REPRESENTATION('',(#1551),#2747);
#2756=PRODUCT_DEFINITION_CONTEXT('part definition',#2761,'design');
#2757=PRODUCT_DEFINITION('Remote control top','Remote control top',#2758,
#2756);
#2758=PRODUCT_DEFINITION_FORMATION('',$,#2763);
#2759=PRODUCT_RELATED_PRODUCT_CATEGORY('Remote control top',
'Remote control top',(#2763));
#2760=APPLICATION_PROTOCOL_DEFINITION('international standard',
'automotive_design',2009,#2761);
#2761=APPLICATION_CONTEXT(
'Core Data for Automotive Mechanical Design Process');
#2762=PRODUCT_CONTEXT('part definition',#2761,'mechanical');
#2763=PRODUCT('Remote control top','Remote control top',$,(#2762));
#2764=PRESENTATION_STYLE_ASSIGNMENT((#2766));
#2765=PRESENTATION_STYLE_ASSIGNMENT((#2767));
#2766=SURFACE_STYLE_USAGE(.BOTH.,#2768);
#2767=SURFACE_STYLE_USAGE(.BOTH.,#2769);
#2768=SURFACE_SIDE_STYLE('',(#2770));
#2769=SURFACE_SIDE_STYLE('',(#2771));
#2770=SURFACE_STYLE_FILL_AREA(#2772);
#2771=SURFACE_STYLE_FILL_AREA(#2773);
#2772=FILL_AREA_STYLE('Stahl - satiniert',(#2774));
#2773=FILL_AREA_STYLE('Opaque(115,115,115)',(#2775));
#2774=FILL_AREA_STYLE_COLOUR('Stahl - satiniert',#2776);
#2775=FILL_AREA_STYLE_COLOUR('Opaque(115,115,115)',#2777);
#2776=COLOUR_RGB('Stahl - satiniert',0.627450980392157,0.627450980392157,
0.627450980392157);
#2777=COLOUR_RGB('Opaque(115,115,115)',0.450980392156863,0.450980392156863,
0.450980392156863);
ENDSEC;
END-ISO-10303-21;
