ISO-10303-21;
HEADER;
/* Generated by software containing ST-Developer
 * from STEP Tools, Inc. (www.steptools.com) 
 */

FILE_DESCRIPTION(
/* description */ (''),
/* implementation_level */ '2;1');

FILE_NAME(
/* name */ '15 teeth crown gear.step',
/* time_stamp */ '2026-04-11T13:48:10+02:00',
/* author */ (''),
/* organization */ (''),
/* preprocessor_version */ 'ST-DEVELOPER v20.1',
/* originating_system */ 'Autodesk Translation Framework v14.24.0.0',
/* authorisation */ '');

FILE_SCHEMA (('AUTOMOTIVE_DESIGN { 1 0 10303 214 3 1 1 }'));
ENDSEC;

DATA;
#10=MECHANICAL_DESIGN_GEOMETRIC_PRESENTATION_REPRESENTATION('',(#13),#8390);
#11=SHAPE_REPRESENTATION_RELATIONSHIP('SRR','None',#8397,#12);
#12=ADVANCED_BREP_SHAPE_REPRESENTATION('',(#14),#8389);
#13=STYLED_ITEM('',(#8407),#14);
#14=MANIFOLD_SOLID_BREP('K\X\F6rper1',#4037);
#15=CONICAL_SURFACE('',#4084,5.51949971698242,0.755937843965878);
#16=CONICAL_SURFACE('',#4091,5.51949971815804,0.755937843718345);
#17=CONICAL_SURFACE('',#4101,5.51949971771776,0.755937843807513);
#18=CONICAL_SURFACE('',#4111,5.51949971834235,0.755937843677984);
#19=CONICAL_SURFACE('',#4121,5.51949971836256,0.755937843673292);
#20=CONICAL_SURFACE('',#4130,5.51949971836518,0.755937843672783);
#21=CONICAL_SURFACE('',#4141,5.51949971841275,0.755937843663062);
#22=CONICAL_SURFACE('',#4305,5.67109189134237,0.846287412085024);
#23=CONICAL_SURFACE('',#4307,5.67109189134237,0.846287412085024);
#24=CONICAL_SURFACE('',#4309,5.67109189134237,0.846287412085024);
#25=CONICAL_SURFACE('',#4311,5.67109189134237,0.846287412085024);
#26=CONICAL_SURFACE('',#4313,5.67109189134237,0.846287412085024);
#27=CONICAL_SURFACE('',#4315,5.67109189134237,0.846287412085024);
#28=CONICAL_SURFACE('',#4317,5.67109189134237,0.846287412085024);
#29=CONICAL_SURFACE('',#4319,5.67109189134237,0.846287412085024);
#30=CONICAL_SURFACE('',#4321,5.67109189134237,0.846287412085024);
#31=CONICAL_SURFACE('',#4323,5.67109189134237,0.846287412085024);
#32=CONICAL_SURFACE('',#4325,5.67109189134237,0.846287412085024);
#33=CONICAL_SURFACE('',#4327,5.67109189134237,0.846287412085024);
#34=CONICAL_SURFACE('',#4329,5.67109189134237,0.846287412085024);
#35=CONICAL_SURFACE('',#4331,5.67109189134237,0.846287412085024);
#36=CONICAL_SURFACE('',#4333,5.67109189134237,0.846287412085024);
#37=CONICAL_SURFACE('',#4335,5.51949971846342,0.755937843652537);
#38=CONICAL_SURFACE('',#4337,5.51949971910782,0.75593784351477);
#39=CONICAL_SURFACE('',#4339,5.51949971839758,0.755937843666208);
#40=CONICAL_SURFACE('',#4341,5.5194997182801,0.755937843691598);
#41=CONICAL_SURFACE('',#4343,5.51949971834943,0.755937843676415);
#42=CONICAL_SURFACE('',#4345,5.51949971833501,0.755937843679238);
#43=CONICAL_SURFACE('',#4347,5.51949971836338,0.755937843673066);
#44=CONICAL_SURFACE('',#4411,5.51949971803056,0.755937843748103);
#45=B_SPLINE_CURVE_WITH_KNOTS('',3,(#5568,#5569,#5570,#5571,#5572,#5573),
 .UNSPECIFIED.,.F.,.F.,(4,2,4),(3.67764882148181E-7,0.0874916027055511,
0.218877813365491),.UNSPECIFIED.);
#46=B_SPLINE_CURVE_WITH_KNOTS('',3,(#5575,#5576,#5577,#5578,#5579,#5580),
 .UNSPECIFIED.,.F.,.F.,(4,2,4),(8.00042514094561E-6,0.00335333922220406,
0.00854443285303357),.UNSPECIFIED.);
#47=B_SPLINE_CURVE_WITH_KNOTS('',3,(#5584,#5585,#5586,#5587,#5588,#5589,
#5590,#5591),.UNSPECIFIED.,.F.,.F.,(4,2,2,4),(-0.0796347415191559,-0.0596421889709509,
-0.0362527822908922,-1.77410384016401E-6),.UNSPECIFIED.);
#48=B_SPLINE_CURVE_WITH_KNOTS('',3,(#5593,#5594,#5595,#5596,#5597,#5598),
 .UNSPECIFIED.,.F.,.F.,(4,2,4),(-0.0455180276878056,-0.0227109316576735,
-1.04490932789193E-6),.UNSPECIFIED.);
#49=B_SPLINE_CURVE_WITH_KNOTS('',3,(#5599,#5600,#5601,#5602,#5603,#5604),
 .UNSPECIFIED.,.F.,.F.,(4,2,4),(-0.401033492470858,-0.200517173107841,-9.49764767921792E-7),
 .UNSPECIFIED.);
#50=B_SPLINE_CURVE_WITH_KNOTS('',3,(#5608,#5609,#5610,#5611,#5612,#5613,
#5614),.UNSPECIFIED.,.F.,.F.,(4,3,4),(-0.00609461720210017,0.,0.0540504110336454),
 .UNSPECIFIED.);
#51=B_SPLINE_CURVE_WITH_KNOTS('',3,(#5616,#5617,#5618,#5619,#5620,#5621),
 .UNSPECIFIED.,.F.,.F.,(4,2,4),(-0.401033492469657,-0.200517173108106,-9.49763434542972E-7),
 .UNSPECIFIED.);
#52=B_SPLINE_CURVE_WITH_KNOTS('',3,(#5652,#5653,#5654,#5655,#5656,#5657),
 .UNSPECIFIED.,.F.,.F.,(4,2,4),(3.67730088944205E-7,0.087546545817461,0.222572554771349),
 .UNSPECIFIED.);
#53=B_SPLINE_CURVE_WITH_KNOTS('',3,(#5659,#5660,#5661,#5662,#5663,#5664),
 .UNSPECIFIED.,.F.,.F.,(4,2,4),(8.22537271314092E-6,0.00335541566678856,
0.00853656480068907),.UNSPECIFIED.);
#54=B_SPLINE_CURVE_WITH_KNOTS('',3,(#5668,#5669,#5670,#5671,#5672,#5673,
#5674,#5675,#5676,#5677),.UNSPECIFIED.,.F.,.F.,(4,2,2,2,4),(-0.0730084820541167,
-0.0656552326332749,-0.0559686377194364,-0.0318276623504304,-5.75942309423566E-6),
 .UNSPECIFIED.);
#55=B_SPLINE_CURVE_WITH_KNOTS('',3,(#5678,#5679,#5680,#5681,#5682,#5683),
 .UNSPECIFIED.,.F.,.F.,(4,2,4),(-0.0455229689219044,-0.0227115278465467,
-3.39461649647532E-6),.UNSPECIFIED.);
#56=B_SPLINE_CURVE_WITH_KNOTS('',3,(#5728,#5729,#5730,#5731,#5732,#5733),
 .UNSPECIFIED.,.F.,.F.,(4,2,4),(3.67764950057642E-7,0.0874917439443287,
0.218868417937581),.UNSPECIFIED.);
#57=B_SPLINE_CURVE_WITH_KNOTS('',3,(#5735,#5736,#5737,#5738,#5739,#5740),
 .UNSPECIFIED.,.F.,.F.,(4,2,4),(7.99771251571851E-6,0.00335329265343773,
0.00854440171196552),.UNSPECIFIED.);
#58=B_SPLINE_CURVE_WITH_KNOTS('',3,(#5744,#5745,#5746,#5747,#5748,#5749,
#5750,#5751),.UNSPECIFIED.,.F.,.F.,(4,2,2,4),(-0.0796317642120676,-0.0596423203680043,
-0.0362529580488479,-1.7870060655645E-6),.UNSPECIFIED.);
#59=B_SPLINE_CURVE_WITH_KNOTS('',3,(#5753,#5754,#5755,#5756,#5757,#5758),
 .UNSPECIFIED.,.F.,.F.,(4,2,4),(-0.0455180329408094,-0.0227109269914594,
-1.05251124772834E-6),.UNSPECIFIED.);
#60=B_SPLINE_CURVE_WITH_KNOTS('',3,(#5759,#5760,#5761,#5762,#5763,#5764),
 .UNSPECIFIED.,.F.,.F.,(4,2,4),(-0.401033492470882,-0.200517173107839,-9.49764843897481E-7),
 .UNSPECIFIED.);
#61=B_SPLINE_CURVE_WITH_KNOTS('',3,(#5770,#5771,#5772,#5773,#5774,#5775,
#5776),.UNSPECIFIED.,.F.,.F.,(4,3,4),(-0.00609461720230508,0.,0.0540504110984436),
 .UNSPECIFIED.);
#62=B_SPLINE_CURVE_WITH_KNOTS('',3,(#5778,#5779,#5780,#5781,#5782,#5783),
 .UNSPECIFIED.,.F.,.F.,(4,2,4),(-0.401033492470316,-0.200517173108117,-9.49764203107849E-7),
 .UNSPECIFIED.);
#63=B_SPLINE_CURVE_WITH_KNOTS('',3,(#5818,#5819,#5820,#5821,#5822,#5823),
 .UNSPECIFIED.,.F.,.F.,(4,2,4),(3.67764889860729E-7,0.0874917808709592,
0.218865976049076),.UNSPECIFIED.);
#64=B_SPLINE_CURVE_WITH_KNOTS('',3,(#5825,#5826,#5827,#5828,#5829,#5830),
 .UNSPECIFIED.,.F.,.F.,(4,2,4),(7.99699842116989E-6,0.00335328035793241,
0.00854439330321453),.UNSPECIFIED.);
#65=B_SPLINE_CURVE_WITH_KNOTS('',3,(#5834,#5835,#5836,#5837,#5838,#5839,
#5840,#5841),.UNSPECIFIED.,.F.,.F.,(4,2,2,4),(-0.0796309893664402,-0.0596423553943371,
-0.0362530036328154,-1.79039672241348E-6),.UNSPECIFIED.);
#66=B_SPLINE_CURVE_WITH_KNOTS('',3,(#5842,#5843,#5844,#5845,#5846,#5847),
 .UNSPECIFIED.,.F.,.F.,(4,2,4),(-0.0455180342972843,-0.0227109257532161,
-1.05450901143709E-6),.UNSPECIFIED.);
#67=B_SPLINE_CURVE_WITH_KNOTS('',3,(#5906,#5907,#5908,#5909,#5910,#5911),
 .UNSPECIFIED.,.F.,.F.,(4,2,4),(3.67764914519689E-7,0.0874918841525105,
0.218859194730715),.UNSPECIFIED.);
#68=B_SPLINE_CURVE_WITH_KNOTS('',3,(#5913,#5914,#5915,#5916,#5917,#5918),
 .UNSPECIFIED.,.F.,.F.,(4,2,4),(7.99499594573434E-6,0.00335324580790708,
0.00854436929709652),.UNSPECIFIED.);
#69=B_SPLINE_CURVE_WITH_KNOTS('',3,(#5922,#5923,#5924,#5925,#5926,#5927,
#5928,#5929),.UNSPECIFIED.,.F.,.F.,(4,2,2,4),(-0.079628834889351,-0.05964245451727,
-0.0362531301244248,-1.79989227247001E-6),.UNSPECIFIED.);
#70=B_SPLINE_CURVE_WITH_KNOTS('',3,(#5931,#5932,#5933,#5934,#5935,#5936),
 .UNSPECIFIED.,.F.,.F.,(4,2,4),(-0.045518038046657,-0.022710922252634,-1.06010377407754E-6),
 .UNSPECIFIED.);
#71=B_SPLINE_CURVE_WITH_KNOTS('',3,(#5937,#5938,#5939,#5940,#5941,#5942),
 .UNSPECIFIED.,.F.,.F.,(4,2,4),(-0.401033492470878,-0.200517173107845,-9.49764795763251E-7),
 .UNSPECIFIED.);
#72=B_SPLINE_CURVE_WITH_KNOTS('',3,(#5948,#5949,#5950,#5951,#5952,#5953,
#5954),.UNSPECIFIED.,.F.,.F.,(4,3,4),(-0.0060946172022173,0.,0.054050411098433),
 .UNSPECIFIED.);
#73=B_SPLINE_CURVE_WITH_KNOTS('',3,(#5956,#5957,#5958,#5959,#5960,#5961),
 .UNSPECIFIED.,.F.,.F.,(4,2,4),(-0.401033492470334,-0.200517173108128,-9.49764173135628E-7),
 .UNSPECIFIED.);
#74=B_SPLINE_CURVE_WITH_KNOTS('',3,(#5996,#5997,#5998,#5999,#6000,#6001),
 .UNSPECIFIED.,.F.,.F.,(4,2,4),(3.67764875994513E-7,0.0874918975431407,
0.218858318775887),.UNSPECIFIED.);
#75=B_SPLINE_CURVE_WITH_KNOTS('',3,(#6003,#6004,#6005,#6006,#6007,#6008),
 .UNSPECIFIED.,.F.,.F.,(4,2,4),(7.99473515458772E-6,0.00335324129989171,
0.00854436612008517),.UNSPECIFIED.);
#76=B_SPLINE_CURVE_WITH_KNOTS('',3,(#6012,#6013,#6014,#6015,#6016,#6017,
#6018,#6019),.UNSPECIFIED.,.F.,.F.,(4,2,2,4),(-0.0796285562974607,-0.0596424674934192,
-0.0362531463772614,-1.80112732424781E-6),.UNSPECIFIED.);
#77=B_SPLINE_CURVE_WITH_KNOTS('',3,(#6020,#6021,#6022,#6023,#6024,#6025),
 .UNSPECIFIED.,.F.,.F.,(4,2,4),(-0.0455180385289652,-0.0227109217950043,
-1.06083146637323E-6),.UNSPECIFIED.);
#78=B_SPLINE_CURVE_WITH_KNOTS('',3,(#6084,#6085,#6086,#6087,#6088,#6089),
 .UNSPECIFIED.,.F.,.F.,(4,2,4),(3.67764907824411E-7,0.0874919070783402,
0.21885769630132),.UNSPECIFIED.);
#79=B_SPLINE_CURVE_WITH_KNOTS('',3,(#6091,#6092,#6093,#6094,#6095,#6096),
 .UNSPECIFIED.,.F.,.F.,(4,2,4),(7.99455005232736E-6,0.00335323811476823,
0.00854436391941926),.UNSPECIFIED.);
#80=B_SPLINE_CURVE_WITH_KNOTS('',3,(#6100,#6101,#6102,#6103,#6104,#6105,
#6106,#6107),.UNSPECIFIED.,.F.,.F.,(4,2,2,4),(-0.0796283582479489,-0.0596424767690978,
-0.0362531580201509,-1.80200613913754E-6),.UNSPECIFIED.);
#81=B_SPLINE_CURVE_WITH_KNOTS('',3,(#6109,#6110,#6111,#6112,#6113,#6114),
 .UNSPECIFIED.,.F.,.F.,(4,2,4),(-0.0455180388715731,-0.0227109214649903,
-1.06134926388332E-6),.UNSPECIFIED.);
#82=B_SPLINE_CURVE_WITH_KNOTS('',3,(#6115,#6116,#6117,#6118,#6119,#6120),
 .UNSPECIFIED.,.F.,.F.,(4,2,4),(-0.401033492470891,-0.200517173107854,-9.49764787309163E-7),
 .UNSPECIFIED.);
#83=B_SPLINE_CURVE_WITH_KNOTS('',3,(#6126,#6127,#6128,#6129,#6130,#6131,
#6132),.UNSPECIFIED.,.F.,.F.,(4,3,4),(-0.00609461720231096,0.,0.0540504110984913),
 .UNSPECIFIED.);
#84=B_SPLINE_CURVE_WITH_KNOTS('',3,(#6134,#6135,#6136,#6137,#6138,#6139),
 .UNSPECIFIED.,.F.,.F.,(4,2,4),(-0.401033492470372,-0.20051717310814,-9.49764218848179E-7),
 .UNSPECIFIED.);
#85=B_SPLINE_CURVE_WITH_KNOTS('',3,(#6174,#6175,#6176,#6177,#6178,#6179),
 .UNSPECIFIED.,.F.,.F.,(4,2,4),(3.67764912632798E-7,0.0874918983548893,
0.218858267652057),.UNSPECIFIED.);
#86=B_SPLINE_CURVE_WITH_KNOTS('',3,(#6181,#6182,#6183,#6184,#6185,#6186),
 .UNSPECIFIED.,.F.,.F.,(4,2,4),(7.99472044097199E-6,0.00335324106135853,
0.00854436600142348),.UNSPECIFIED.);
#87=B_SPLINE_CURVE_WITH_KNOTS('',3,(#6190,#6191,#6192,#6193,#6194,#6195,
#6196,#6197),.UNSPECIFIED.,.F.,.F.,(4,2,2,4),(-0.0796285400296691,-0.0596424682653351,
-0.0362531473713038,-1.80119942326567E-6),.UNSPECIFIED.);
#88=B_SPLINE_CURVE_WITH_KNOTS('',3,(#6198,#6199,#6200,#6201,#6202,#6203),
 .UNSPECIFIED.,.F.,.F.,(4,2,4),(-0.0455180385571751,-0.0227109217600913,
-1.06087394694577E-6),.UNSPECIFIED.);
#89=B_SPLINE_CURVE_WITH_KNOTS('',3,(#6262,#6263,#6264,#6265,#6266,#6267),
 .UNSPECIFIED.,.F.,.F.,(4,2,4),(3.67764915769886E-7,0.0874918151900503,
0.218863719577608),.UNSPECIFIED.);
#90=B_SPLINE_CURVE_WITH_KNOTS('',3,(#6269,#6270,#6271,#6272,#6273,#6274),
 .UNSPECIFIED.,.F.,.F.,(4,2,4),(7.99633504218745E-6,0.00335326891526242,
0.00854438539043607),.UNSPECIFIED.);
#91=B_SPLINE_CURVE_WITH_KNOTS('',3,(#6278,#6279,#6280,#6281,#6282,#6283,
#6284,#6285),.UNSPECIFIED.,.F.,.F.,(4,2,2,4),(-0.0796302729582102,-0.0596423880658551,
-0.0362530457001272,-1.79354332503915E-6),.UNSPECIFIED.);
#92=B_SPLINE_CURVE_WITH_KNOTS('',3,(#6287,#6288,#6289,#6290,#6291,#6292),
 .UNSPECIFIED.,.F.,.F.,(4,2,4),(-0.0455180355478073,-0.0227109245998093,
-1.05636298175593E-6),.UNSPECIFIED.);
#93=B_SPLINE_CURVE_WITH_KNOTS('',3,(#6293,#6294,#6295,#6296,#6297,#6298),
 .UNSPECIFIED.,.F.,.F.,(4,2,4),(-0.401033492470916,-0.200517173107865,-9.49764792348395E-7),
 .UNSPECIFIED.);
#94=B_SPLINE_CURVE_WITH_KNOTS('',3,(#6304,#6305,#6306,#6307,#6308,#6309,
#6310),.UNSPECIFIED.,.F.,.F.,(4,3,4),(-0.0060946172023103,0.,0.0540982129928777),
 .UNSPECIFIED.);
#95=B_SPLINE_CURVE_WITH_KNOTS('',3,(#6312,#6313,#6314,#6315,#6316,#6317),
 .UNSPECIFIED.,.F.,.F.,(4,2,4),(-0.401033492469835,-0.200517647988962,-9.49763644897406E-7),
 .UNSPECIFIED.);
#96=B_SPLINE_CURVE_WITH_KNOTS('',3,(#6398,#6399,#6400,#6401,#6402,#6403,
#6404,#6405),.UNSPECIFIED.,.F.,.F.,(4,2,2,4),(3.67733471059039E-7,0.0875796333995938,
0.187114773483935,0.193934446508501),.UNSPECIFIED.);
#97=B_SPLINE_CURVE_WITH_KNOTS('',3,(#6407,#6408,#6409,#6410,#6411,#6412),
 .UNSPECIFIED.,.F.,.F.,(4,2,4),(4.81663650579103E-6,0.00334481992729885,
0.00856354145245384),.UNSPECIFIED.);
#98=B_SPLINE_CURVE_WITH_KNOTS('',3,(#6416,#6417,#6418,#6419,#6420,#6421,
#6422,#6423),.UNSPECIFIED.,.F.,.F.,(4,2,2,4),(-0.0656559970668769,-0.0507599066157906,
-0.0318397566261238,-7.21679756311681E-6),.UNSPECIFIED.);
#99=B_SPLINE_CURVE_WITH_KNOTS('',3,(#6424,#6425,#6426,#6427,#6428,#6429),
 .UNSPECIFIED.,.F.,.F.,(4,2,4),(-0.0455238083832862,-0.022711080502338,
-4.25499200927945E-6),.UNSPECIFIED.);
#100=B_SPLINE_CURVE_WITH_KNOTS('',3,(#6474,#6475,#6476,#6477,#6478,#6479),
 .UNSPECIFIED.,.F.,.F.,(4,2,4),(3.67764912201957E-7,0.0874916541191141,
0.218874380074882),.UNSPECIFIED.);
#101=B_SPLINE_CURVE_WITH_KNOTS('',3,(#6481,#6482,#6483,#6484,#6485,#6486),
 .UNSPECIFIED.,.F.,.F.,(4,2,4),(7.99944011390387E-6,0.00335332233128427,
0.00854442167258631),.UNSPECIFIED.);
#102=B_SPLINE_CURVE_WITH_KNOTS('',3,(#6490,#6491,#6492,#6493,#6494,#6495,
#6496,#6497),.UNSPECIFIED.,.F.,.F.,(4,2,2,4),(-0.0796336541866884,-0.0596422363611488,
-0.0362528466042534,-1.77879206753232E-6),.UNSPECIFIED.);
#103=B_SPLINE_CURVE_WITH_KNOTS('',3,(#6499,#6500,#6501,#6502,#6503,#6504),
 .UNSPECIFIED.,.F.,.F.,(4,2,4),(-0.0455180296135243,-0.0227109299723278,
-1.04767159998825E-6),.UNSPECIFIED.);
#104=B_SPLINE_CURVE_WITH_KNOTS('',3,(#6505,#6506,#6507,#6508,#6509,#6510),
 .UNSPECIFIED.,.F.,.F.,(4,2,4),(-0.40103349247094,-0.200517173107878,-9.49764792239874E-7),
 .UNSPECIFIED.);
#105=B_SPLINE_CURVE_WITH_KNOTS('',3,(#6514,#6515,#6516,#6517,#6518,#6519,
#6520),.UNSPECIFIED.,.F.,.F.,(4,3,4),(-0.0060946172023157,0.,0.0540982129867265),
 .UNSPECIFIED.);
#106=B_SPLINE_CURVE_WITH_KNOTS('',3,(#6522,#6523,#6524,#6525,#6526,#6527),
 .UNSPECIFIED.,.F.,.F.,(4,2,4),(-0.401033492469787,-0.200517173108156,-9.49763535036235E-7),
 .UNSPECIFIED.);
#107=B_SPLINE_CURVE_WITH_KNOTS('',3,(#6560,#6561,#6562,#6563,#6564,#6565),
 .UNSPECIFIED.,.F.,.F.,(4,2,4),(3.67730172346192E-7,0.0875465380144707,
0.222572586488916),.UNSPECIFIED.);
#108=B_SPLINE_CURVE_WITH_KNOTS('',3,(#6567,#6568,#6569,#6570,#6571,#6572),
 .UNSPECIFIED.,.F.,.F.,(4,2,4),(8.22542655163627E-6,0.00335541722398543,
0.00853656858711037),.UNSPECIFIED.);
#109=B_SPLINE_CURVE_WITH_KNOTS('',3,(#6576,#6577,#6578,#6579,#6580,#6581,
#6582,#6583,#6584,#6585),.UNSPECIFIED.,.F.,.F.,(4,2,2,2,4),(-0.0730084256112359,
-0.0656551882806016,-0.0559686081392442,-0.031827652935667,-5.75809468491467E-6),
 .UNSPECIFIED.);
#110=B_SPLINE_CURVE_WITH_KNOTS('',3,(#6586,#6587,#6588,#6589,#6590,#6591),
 .UNSPECIFIED.,.F.,.F.,(4,2,4),(-0.0455229690814076,-0.0227115287763099,
-3.39383251900873E-6),.UNSPECIFIED.);
#111=B_SPLINE_CURVE_WITH_KNOTS('',3,(#6646,#6647,#6648,#6649,#6650,#6651),
 .UNSPECIFIED.,.F.,.F.,(4,2,4),(3.67730174646539E-7,0.0875464279138093,
0.222572894982997),.UNSPECIFIED.);
#112=B_SPLINE_CURVE_WITH_KNOTS('',3,(#6653,#6654,#6655,#6656,#6657,#6658),
 .UNSPECIFIED.,.F.,.F.,(4,2,4),(8.22611031693895E-6,0.00335543799374355,
0.00853662252261714),.UNSPECIFIED.);
#113=B_SPLINE_CURVE_WITH_KNOTS('',3,(#6662,#6663,#6664,#6665,#6666,#6667,
#6668,#6669,#6670,#6671),.UNSPECIFIED.,.F.,.F.,(4,2,2,2,4),(-0.0730023373357381,
-0.0656507916798613,-0.0559664236886411,-0.0318275222006098,-5.73939112913375E-6),
 .UNSPECIFIED.);
#114=B_SPLINE_CURVE_WITH_KNOTS('',3,(#6673,#6674,#6675,#6676,#6677,#6678),
 .UNSPECIFIED.,.F.,.F.,(4,2,4),(-0.0455229712453248,-0.022711541885449,
-3.38279443093608E-6),.UNSPECIFIED.);
#115=B_SPLINE_CURVE_WITH_KNOTS('',3,(#6679,#6680,#6681,#6682,#6683,#6684),
 .UNSPECIFIED.,.F.,.F.,(4,2,4),(-0.401033492470343,-0.200517173107887,-9.49764107624626E-7),
 .UNSPECIFIED.);
#116=B_SPLINE_CURVE_WITH_KNOTS('',3,(#6690,#6691,#6692,#6693,#6694,#6695,
#6696),.UNSPECIFIED.,.F.,.F.,(4,3,4),(-0.00609461720231967,0.,0.0540504110337835),
 .UNSPECIFIED.);
#117=B_SPLINE_CURVE_WITH_KNOTS('',3,(#6698,#6699,#6700,#6701,#6702,#6703),
 .UNSPECIFIED.,.F.,.F.,(4,2,4),(-0.401033492469793,-0.200517173108158,-9.49763539461755E-7),
 .UNSPECIFIED.);
#118=B_SPLINE_CURVE_WITH_KNOTS('',3,(#6734,#6735,#6736,#6737,#6738,#6739),
 .UNSPECIFIED.,.F.,.F.,(4,2,4),(3.67730177407563E-7,0.0875463978231234,
0.222572932906915),.UNSPECIFIED.);
#119=B_SPLINE_CURVE_WITH_KNOTS('',3,(#6741,#6742,#6743,#6744,#6745,#6746),
 .UNSPECIFIED.,.F.,.F.,(4,2,4),(8.22627155670857E-6,0.00335544325230614,
0.00853663734471532),.UNSPECIFIED.);
#120=B_SPLINE_CURVE_WITH_KNOTS('',3,(#6750,#6751,#6752,#6753,#6754,#6755,
#6756,#6757,#6758,#6759),.UNSPECIFIED.,.F.,.F.,(4,2,2,2,4),(-0.0730021078633342,
-0.0656506119860411,-0.0559663051130528,-0.0318274864057864,-5.7342902294897E-6),
 .UNSPECIFIED.);
#121=B_SPLINE_CURVE_WITH_KNOTS('',3,(#6760,#6761,#6762,#6763,#6764,#6765),
 .UNSPECIFIED.,.F.,.F.,(4,2,4),(-0.045522971809122,-0.0227115454348401,
-3.37978410313016E-6),.UNSPECIFIED.);
#122=B_SPLINE_CURVE_WITH_KNOTS('',3,(#6828,#6829,#6830,#6831,#6832,#6833),
 .UNSPECIFIED.,.F.,.F.,(4,2,4),(1.5931679026481E-8,0.00105095542306755,
0.00177839137611014),.UNSPECIFIED.);
#123=B_SPLINE_CURVE_WITH_KNOTS('',3,(#6895,#6896,#6897,#6898,#6899,#6900,
#6901,#6902),.UNSPECIFIED.,.F.,.F.,(4,2,2,4),(0.,0.0116559242007275,0.107152150131416,
0.199721874330386),.UNSPECIFIED.);
#124=B_SPLINE_CURVE_WITH_KNOTS('',3,(#6906,#6907,#6908,#6909,#6910,#6911),
 .UNSPECIFIED.,.F.,.F.,(4,2,4),(-0.0455499223359167,-0.022827770493154,
-2.30617205887462E-10),.UNSPECIFIED.);
#125=B_SPLINE_CURVE_WITH_KNOTS('',3,(#6913,#6914,#6915,#6916,#6917,#6918,
#6919,#6920),.UNSPECIFIED.,.F.,.F.,(4,2,2,4),(-0.00604978162214769,-0.0022777892841778,
-0.000990901661757758,-6.75368256805586E-9),.UNSPECIFIED.);
#126=B_SPLINE_CURVE_WITH_KNOTS('',3,(#6925,#6926,#6927,#6928,#6929,#6930),
 .UNSPECIFIED.,.F.,.F.,(4,2,4),(1.59325004404682E-8,0.00105103336620268,
0.00177857753299914),.UNSPECIFIED.);
#127=B_SPLINE_CURVE_WITH_KNOTS('',3,(#6936,#6937,#6938,#6939,#6940,#6941),
 .UNSPECIFIED.,.F.,.F.,(4,2,4),(8.00531674390718E-6,0.00335342262079813,
0.00854448561259572),.UNSPECIFIED.);
#128=B_SPLINE_CURVE_WITH_KNOTS('',3,(#6945,#6946,#6947,#6948,#6949,#6950),
 .UNSPECIFIED.,.F.,.F.,(4,2,4),(1.61881618312905E-8,0.00106711988939673,
0.00180310373242699),.UNSPECIFIED.);
#129=B_SPLINE_CURVE_WITH_KNOTS('',3,(#6955,#6956,#6957,#6958,#6959,#6960),
 .UNSPECIFIED.,.F.,.F.,(4,2,4),(1.61220452042163E-8,0.00105832001162133,
0.00178722005699022),.UNSPECIFIED.);
#130=B_SPLINE_CURVE_WITH_KNOTS('',3,(#6965,#6966,#6967,#6968,#6969,#6970),
 .UNSPECIFIED.,.F.,.F.,(4,2,4),(1.61220451964925E-8,0.0010582634631956,
0.00178712319262405),.UNSPECIFIED.);
#131=B_SPLINE_CURVE_WITH_KNOTS('',3,(#6975,#6976,#6977,#6978,#6979,#6980),
 .UNSPECIFIED.,.F.,.F.,(4,2,4),(1.61220449889607E-8,0.0010582638479642,
0.0017871238518223),.UNSPECIFIED.);
#132=B_SPLINE_CURVE_WITH_KNOTS('',3,(#6985,#6986,#6987,#6988,#6989,#6990),
 .UNSPECIFIED.,.F.,.F.,(4,2,4),(1.49569601657214E-8,0.00105832073043467,
0.00178722210188815),.UNSPECIFIED.);
#133=B_SPLINE_CURVE_WITH_KNOTS('',3,(#6995,#6996,#6997,#6998,#6999,#7000),
 .UNSPECIFIED.,.F.,.F.,(4,2,4),(1.61220410105062E-8,0.00105839111762618,
0.00178734195019234),.UNSPECIFIED.);
#134=B_SPLINE_CURVE_WITH_KNOTS('',3,(#7005,#7006,#7007,#7008,#7009,#7010),
 .UNSPECIFIED.,.F.,.F.,(4,2,4),(1.61881533109446E-8,0.0010671236741585,
0.00180310932285748),.UNSPECIFIED.);
#135=B_SPLINE_CURVE_WITH_KNOTS('',3,(#7015,#7016,#7017,#7018,#7019,#7020),
 .UNSPECIFIED.,.F.,.F.,(4,2,4),(1.61881573719928E-8,0.00106710106525585,
0.00180307501080115),.UNSPECIFIED.);
#136=B_SPLINE_CURVE_WITH_KNOTS('',3,(#7025,#7026,#7027,#7028,#7029,#7030),
 .UNSPECIFIED.,.F.,.F.,(4,2,4),(1.61881592374081E-8,0.00106707138262086,
0.00180302814626715),.UNSPECIFIED.);
#137=B_SPLINE_CURVE_WITH_KNOTS('',3,(#7035,#7036,#7037,#7038,#7039,#7040),
 .UNSPECIFIED.,.F.,.F.,(4,2,4),(1.59309424807052E-8,0.00105126424236431,
0.00177915301724106),.UNSPECIFIED.);
#138=B_SPLINE_CURVE_WITH_KNOTS('',3,(#7045,#7046,#7047,#7048,#7049,#7050),
 .UNSPECIFIED.,.F.,.F.,(4,2,4),(1.61881595737388E-8,0.00106708683627777,
0.00180305270758333),.UNSPECIFIED.);
#139=B_SPLINE_CURVE_WITH_KNOTS('',3,(#7055,#7056,#7057,#7058,#7059,#7060),
 .UNSPECIFIED.,.F.,.F.,(4,2,4),(1.61881610451663E-8,0.00106711634189534,
0.00180309842004881),.UNSPECIFIED.);
#140=B_SPLINE_CURVE_WITH_KNOTS('',3,(#7065,#7066,#7067,#7068,#7069,#7070),
 .UNSPECIFIED.,.F.,.F.,(4,2,4),(1.61220479169637E-8,0.00105845178499434,
0.00178744603405214),.UNSPECIFIED.);
#141=B_SPLINE_CURVE_WITH_KNOTS('',3,(#7424,#7425,#7426,#7427,#7428,#7429,
#7430),.UNSPECIFIED.,.F.,.F.,(4,3,4),(-0.00609461720227418,0.,0.0540504110984409),
 .UNSPECIFIED.);
#142=B_SPLINE_CURVE_WITH_KNOTS('',3,(#7431,#7432,#7433,#7434,#7435,#7436),
 .UNSPECIFIED.,.F.,.F.,(4,2,4),(0.,0.0476522260801012,0.0697538563885214),
 .UNSPECIFIED.);
#143=B_SPLINE_CURVE_WITH_KNOTS('',3,(#7438,#7439,#7440,#7441,#7442,#7443,
#7444),.UNSPECIFIED.,.F.,.F.,(4,3,4),(-0.00609461720245208,0.,0.0540504110985297),
 .UNSPECIFIED.);
#144=B_SPLINE_CURVE_WITH_KNOTS('',3,(#7445,#7446,#7447,#7448,#7449,#7450),
 .UNSPECIFIED.,.F.,.F.,(4,2,4),(0.,0.0476721756691971,0.0697860262205534),
 .UNSPECIFIED.);
#145=B_SPLINE_CURVE_WITH_KNOTS('',3,(#7452,#7453,#7454,#7455,#7456,#7457,
#7458),.UNSPECIFIED.,.F.,.F.,(4,3,4),(-0.00609461720232003,0.,0.0540504110984891),
 .UNSPECIFIED.);
#146=B_SPLINE_CURVE_WITH_KNOTS('',3,(#7459,#7460,#7461,#7462,#7463,#7464),
 .UNSPECIFIED.,.F.,.F.,(4,2,4),(0.,0.0476883275387019,0.069812081206921),
 .UNSPECIFIED.);
#147=B_SPLINE_CURVE_WITH_KNOTS('',3,(#7466,#7467,#7468,#7469,#7470,#7471,
#7472),.UNSPECIFIED.,.F.,.F.,(4,3,4),(-0.00609461720230288,0.,0.0540504110984804),
 .UNSPECIFIED.);
#148=B_SPLINE_CURVE_WITH_KNOTS('',3,(#7473,#7474,#7475,#7476,#7477,#7478),
 .UNSPECIFIED.,.F.,.F.,(4,2,4),(0.,0.0476884352780943,0.0698122550324367),
 .UNSPECIFIED.);
#149=B_SPLINE_CURVE_WITH_KNOTS('',3,(#7480,#7481,#7482,#7483,#7484,#7485,
#7486),.UNSPECIFIED.,.F.,.F.,(4,3,4),(-0.00609461720230889,0.,0.0540504110984945),
 .UNSPECIFIED.);
#150=B_SPLINE_CURVE_WITH_KNOTS('',3,(#7487,#7488,#7489,#7490,#7491,#7492),
 .UNSPECIFIED.,.F.,.F.,(4,2,4),(0.,0.0476725137162836,0.0697865714445412),
 .UNSPECIFIED.);
#151=B_SPLINE_CURVE_WITH_KNOTS('',3,(#7494,#7495,#7496,#7497,#7498,#7499,
#7500),.UNSPECIFIED.,.F.,.F.,(4,3,4),(-0.00609461720230814,0.,0.054050411098492),
 .UNSPECIFIED.);
#152=B_SPLINE_CURVE_WITH_KNOTS('',3,(#7501,#7502,#7503,#7504,#7505,#7506,
#7507,#7508),.UNSPECIFIED.,.F.,.F.,(4,2,2,4),(0.,0.0298758818846971,0.0689003091341013,
0.114845598090586),.UNSPECIFIED.);
#153=B_SPLINE_CURVE_WITH_KNOTS('',3,(#7510,#7511,#7512,#7513,#7514,#7515,
#7516),.UNSPECIFIED.,.F.,.F.,(4,3,4),(-0.00609461720231433,0.,0.0540504110337756),
 .UNSPECIFIED.);
#154=B_SPLINE_CURVE_WITH_KNOTS('',3,(#7517,#7518,#7519,#7520,#7521,#7522,
#7523,#7524),.UNSPECIFIED.,.F.,.F.,(4,2,2,4),(0.,0.0116544532308464,0.107179348781104,
0.199827186645747),.UNSPECIFIED.);
#155=B_SPLINE_CURVE_WITH_KNOTS('',3,(#7526,#7527,#7528,#7529,#7530,#7531),
 .UNSPECIFIED.,.F.,.F.,(4,2,4),(3.67764918428829E-7,0.0874913450168628,
0.21889525859172),.UNSPECIFIED.);
#156=B_SPLINE_CURVE_WITH_KNOTS('',3,(#7532,#7533,#7534,#7535,#7536,#7537,
#7538),.UNSPECIFIED.,.F.,.F.,(4,3,4),(-0.00609461720233175,0.,0.0540504110985017),
 .UNSPECIFIED.);
#157=B_SPLINE_CURVE_WITH_KNOTS('',3,(#7539,#7540,#7541,#7542,#7543,#7544),
 .UNSPECIFIED.,.F.,.F.,(4,2,4),(0.,0.0476346678095131,0.0697255533297258),
 .UNSPECIFIED.);
#158=B_SPLINE_CURVE_WITH_KNOTS('',3,(#7545,#7546,#7547,#7548,#7549,#7550,
#7551,#7552),.UNSPECIFIED.,.F.,.F.,(4,2,2,4),(0.,0.0298760451154251,0.0689010701146328,
0.11484691237956),.UNSPECIFIED.);
#159=B_SPLINE_CURVE_WITH_KNOTS('',3,(#7553,#7554,#7555,#7556,#7557,#7558),
 .UNSPECIFIED.,.F.,.F.,(4,2,4),(0.,0.0349772797917087,0.049955824402738),
 .UNSPECIFIED.);
#160=B_SPLINE_CURVE_WITH_KNOTS('',3,(#7559,#7560,#7561,#7562,#7563,#7564,
#7565,#7566),.UNSPECIFIED.,.F.,.F.,(4,2,2,4),(0.,0.011649893388176,0.107258554490035,
0.20012598446185),.UNSPECIFIED.);
#161=B_SPLINE_CURVE_WITH_KNOTS('',3,(#7567,#7568,#7569,#7570,#7571,#7572),
 .UNSPECIFIED.,.F.,.F.,(4,2,4),(0.,0.0349726982533024,0.0499494255583541),
 .UNSPECIFIED.);
#162=B_SPLINE_CURVE_WITH_KNOTS('',3,(#7573,#7574,#7575,#7576,#7577,#7578),
 .UNSPECIFIED.,.F.,.F.,(4,2,4),(0.,0.0501623817870773,0.0735566456629635),
 .UNSPECIFIED.);
#163=B_SPLINE_CURVE_WITH_KNOTS('',3,(#7579,#7580,#7581,#7582,#7583,#7584),
 .UNSPECIFIED.,.F.,.F.,(4,2,4),(0.,0.0501725499862903,0.073571193551216),
 .UNSPECIFIED.);
#164=B_SPLINE_CURVE_WITH_KNOTS('',3,(#7618,#7619,#7620,#7621,#7622,#7623),
 .UNSPECIFIED.,.F.,.F.,(4,2,4),(-0.401033492470404,-0.200517173108155,-9.4976422708941E-7),
 .UNSPECIFIED.);
#165=B_SPLINE_CURVE_WITH_KNOTS('',3,(#7652,#7653,#7654,#7655,#7656,#7657),
 .UNSPECIFIED.,.F.,.F.,(4,2,4),(-0.0455509025870205,-0.0228271396536251,
-2.30617774876762E-10),.UNSPECIFIED.);
#166=B_SPLINE_CURVE_WITH_KNOTS('',3,(#7658,#7659,#7660,#7661,#7662,#7663),
 .UNSPECIFIED.,.F.,.F.,(4,2,4),(-0.00539712235166367,-0.00232507066642852,
-5.66978196683832E-9),.UNSPECIFIED.);
#167=B_SPLINE_CURVE_WITH_KNOTS('',3,(#7695,#7696,#7697,#7698,#7699,#7700),
 .UNSPECIFIED.,.F.,.F.,(4,2,4),(-0.0455494659779341,-0.0228233866409225,
-2.30620883501231E-10),.UNSPECIFIED.);
#168=B_SPLINE_CURVE_WITH_KNOTS('',3,(#7701,#7702,#7703,#7704,#7705,#7706,
#7707,#7708),.UNSPECIFIED.,.F.,.F.,(4,2,2,4),(-0.00340502946226371,-0.00143840654996953,
-0.000659168147483412,-6.75357007427421E-9),.UNSPECIFIED.);
#169=B_SPLINE_CURVE_WITH_KNOTS('',3,(#7740,#7741,#7742,#7743,#7744,#7745),
 .UNSPECIFIED.,.F.,.F.,(4,2,4),(-0.0455494558905602,-0.0228233907152956,
-2.30619780217101E-10),.UNSPECIFIED.);
#170=B_SPLINE_CURVE_WITH_KNOTS('',3,(#7746,#7747,#7748,#7749,#7750,#7751,
#7752,#7753),.UNSPECIFIED.,.F.,.F.,(4,2,2,4),(-0.00341106108470951,-0.00144090973614703,
-0.000660255560215271,-6.75357213816147E-9),.UNSPECIFIED.);
#171=B_SPLINE_CURVE_WITH_KNOTS('',3,(#7785,#7786,#7787,#7788,#7789,#7790),
 .UNSPECIFIED.,.F.,.F.,(4,2,4),(-0.0455494559594605,-0.0228233906878051,
-2.30620737784459E-10),.UNSPECIFIED.);
#172=B_SPLINE_CURVE_WITH_KNOTS('',3,(#7791,#7792,#7793,#7794,#7795,#7796,
#7797,#7798),.UNSPECIFIED.,.F.,.F.,(4,2,2,4),(-0.00341102015977737,-0.00144089212814431,
-0.000660247309574675,-5.66976281982795E-9),.UNSPECIFIED.);
#173=B_SPLINE_CURVE_WITH_KNOTS('',3,(#7830,#7831,#7832,#7833,#7834,#7835),
 .UNSPECIFIED.,.F.,.F.,(4,2,4),(-0.0455494661898344,-0.0228233865559361,
-2.30628065256422E-10),.UNSPECIFIED.);
#174=B_SPLINE_CURVE_WITH_KNOTS('',3,(#7836,#7837,#7838,#7839,#7840,#7841,
#7842,#7843),.UNSPECIFIED.,.F.,.F.,(4,2,2,4),(-0.00340490171660751,-0.0014383529013086,
-0.000659144237400783,-5.66976680795722E-9),.UNSPECIFIED.);
#175=B_SPLINE_CURVE_WITH_KNOTS('',3,(#7875,#7876,#7877,#7878,#7879,#7880),
 .UNSPECIFIED.,.F.,.F.,(4,2,4),(-0.0455494785232619,-0.0228233815265147,
-2.30616997720645E-10),.UNSPECIFIED.);
#176=B_SPLINE_CURVE_WITH_KNOTS('',3,(#7881,#7882,#7883,#7884,#7885,#7886,
#7887,#7888),.UNSPECIFIED.,.F.,.F.,(4,2,2,4),(-0.00339738677201933,-0.00143523319529085,
-0.000657788694156666,-5.66977198870888E-9),.UNSPECIFIED.);
#177=B_SPLINE_CURVE_WITH_KNOTS('',3,(#7932,#7933,#7934,#7935,#7936,#7937,
#7938,#7939),.UNSPECIFIED.,.F.,.F.,(4,2,2,4),(-0.079542745891247,-0.0597312502258781,
-0.0365491640074128,-1.75065019905632E-6),.UNSPECIFIED.);
#178=B_SPLINE_CURVE_WITH_KNOTS('',3,(#7940,#7941,#7942,#7943,#7944,#7945),
 .UNSPECIFIED.,.F.,.F.,(4,2,4),(-0.0455180177236747,-0.0227109397973395,
-1.03109073444908E-6),.UNSPECIFIED.);
#179=B_SPLINE_CURVE_WITH_KNOTS('',3,(#8037,#8038,#8039,#8040,#8041,#8042),
 .UNSPECIFIED.,.F.,.F.,(4,2,4),(-0.0455498110114968,-0.0228277711559538,
-2.34089726769415E-10),.UNSPECIFIED.);
#180=B_SPLINE_CURVE_WITH_KNOTS('',3,(#8043,#8044,#8045,#8046,#8047,#8048,
#8049,#8050),.UNSPECIFIED.,.F.,.F.,(4,2,2,4),(-0.00606881000764128,-0.00226339158854589,
-0.000984484854282263,-5.67049542304215E-9),.UNSPECIFIED.);
#181=B_SPLINE_CURVE_WITH_KNOTS('',3,(#8061,#8062,#8063,#8064,#8065,#8066,
#8067,#8068),.UNSPECIFIED.,.F.,.F.,(4,2,2,4),(-0.00339081110076037,-0.0014325025642759,
-0.000656601943788782,-5.66975991720189E-9),.UNSPECIFIED.);
#182=B_SPLINE_CURVE_WITH_KNOTS('',3,(#8074,#8075,#8076,#8077,#8078,#8079),
 .UNSPECIFIED.,.F.,.F.,(4,2,4),(-0.00539697440820493,-0.00232503337641881,
-5.669787799846E-9),.UNSPECIFIED.);
#183=B_SPLINE_CURVE_WITH_KNOTS('',3,(#8085,#8086,#8087,#8088,#8089,#8090),
 .UNSPECIFIED.,.F.,.F.,(4,2,4),(-0.00539645882514309,-0.00232473678097426,
-6.75399353632089E-9),.UNSPECIFIED.);
#184=B_SPLINE_CURVE_WITH_KNOTS('',3,(#8096,#8097,#8098,#8099,#8100,#8101,
#8102,#8103),.UNSPECIFIED.,.F.,.F.,(4,2,2,4),(-0.00606904644378366,-0.00226348733895364,
-0.000984515010137018,-6.75368542080862E-9),.UNSPECIFIED.);
#185=B_SPLINE_CURVE_WITH_KNOTS('',3,(#8109,#8110,#8111,#8112,#8113,#8114),
 .UNSPECIFIED.,.F.,.F.,(4,2,4),(-0.00539609655576526,-0.00232458632007783,
-6.7539931598859E-9),.UNSPECIFIED.);
#186=B_SPLINE_CURVE_WITH_KNOTS('',3,(#8118,#8119,#8120,#8121,#8122,#8123),
 .UNSPECIFIED.,.F.,.F.,(4,2,4),(-0.00539718638263697,-0.00232511171021173,
-6.75399499435597E-9),.UNSPECIFIED.);
#187=B_SPLINE_CURVE_WITH_KNOTS('',3,(#8127,#8128,#8129,#8130,#8131,#8132),
 .UNSPECIFIED.,.F.,.F.,(4,2,4),(-0.00539670940196801,-0.00232487792934107,
-6.75399100102253E-9),.UNSPECIFIED.);
#188=B_SPLINE_CURVE_WITH_KNOTS('',3,(#8136,#8137,#8138,#8139,#8140,#8141),
 .UNSPECIFIED.,.F.,.F.,(4,2,4),(-0.0455509091051342,-0.0228271387519682,
-2.34080622940613E-10),.UNSPECIFIED.);
#189=B_SPLINE_CURVE_WITH_KNOTS('',3,(#8142,#8143,#8144,#8145,#8146,#8147),
 .UNSPECIFIED.,.F.,.F.,(4,2,4),(-0.0455508757480527,-0.0228271432848965,
-2.3409282845499E-10),.UNSPECIFIED.);
#190=B_SPLINE_CURVE_WITH_KNOTS('',3,(#8148,#8149,#8150,#8151,#8152,#8153),
 .UNSPECIFIED.,.F.,.F.,(4,2,4),(-0.0455508430348368,-0.022827147656918,
-2.34088463890725E-10),.UNSPECIFIED.);
#191=B_SPLINE_CURVE_WITH_KNOTS('',3,(#8154,#8155,#8156,#8157,#8158,#8159),
 .UNSPECIFIED.,.F.,.F.,(4,2,4),(-0.0455495080218225,-0.0228277889355638,
-2.34089393702508E-10),.UNSPECIFIED.);
#192=B_SPLINE_CURVE_WITH_KNOTS('',3,(#8160,#8161,#8162,#8163,#8164,#8165),
 .UNSPECIFIED.,.F.,.F.,(4,2,4),(-0.0455508590773129,-0.0228271455062117,
-2.34087901840319E-10),.UNSPECIFIED.);
#193=B_SPLINE_CURVE_WITH_KNOTS('',3,(#8166,#8167,#8168,#8169,#8170,#8171),
 .UNSPECIFIED.,.F.,.F.,(4,2,4),(-0.0455508969143755,-0.0228271404154037,
-2.34088831652102E-10),.UNSPECIFIED.);
#194=B_SPLINE_CURVE_WITH_KNOTS('',3,(#8172,#8173,#8174,#8175,#8176,#8177),
 .UNSPECIFIED.,.F.,.F.,(4,2,4),(-0.0455494890956646,-0.0228233771500808,
-2.34089851669506E-10),.UNSPECIFIED.);
#195=B_SPLINE_SURFACE_WITH_KNOTS('',3,3,((#5538,#5539,#5540,#5541),(#5542,
#5543,#5544,#5545),(#5546,#5547,#5548,#5549),(#5550,#5551,#5552,#5553),
(#5554,#5555,#5556,#5557),(#5558,#5559,#5560,#5561),(#5562,#5563,#5564,
#5565)),.UNSPECIFIED.,.F.,.F.,.F.,(4,1,1,1,4),(4,4),(-1.00000000032636,
-0.571428002188015,-0.285713336762451,-0.142856004049668,1.32866311349337E-6),
(-0.0257727527834894,0.497806788790352),.UNSPECIFIED.);
#196=B_SPLINE_SURFACE_WITH_KNOTS('',3,3,((#5627,#5628,#5629,#5630),(#5631,
#5632,#5633,#5634),(#5635,#5636,#5637,#5638),(#5639,#5640,#5641,#5642),
(#5643,#5644,#5645,#5646),(#5647,#5648,#5649,#5650)),.UNSPECIFIED.,.F.,
 .F.,.F.,(4,1,1,4),(4,4),(-1.00000000032636,-0.428570669475229,-0.142856004049664,
1.32866311828579E-6),(-0.0257727527834986,0.497806788790351),
 .UNSPECIFIED.);
#197=B_SPLINE_SURFACE_WITH_KNOTS('',3,3,((#5698,#5699,#5700,#5701),(#5702,
#5703,#5704,#5705),(#5706,#5707,#5708,#5709),(#5710,#5711,#5712,#5713),
(#5714,#5715,#5716,#5717),(#5718,#5719,#5720,#5721),(#5722,#5723,#5724,
#5725)),.UNSPECIFIED.,.F.,.F.,.F.,(4,1,1,1,4),(4,4),(-1.00000000032636,
-0.571428002188025,-0.285713336762468,-0.14285600404969,1.32866308823506E-6),
(-0.025772752783487,0.497806788790352),.UNSPECIFIED.);
#198=B_SPLINE_SURFACE_WITH_KNOTS('',3,3,((#5789,#5790,#5791,#5792),(#5793,
#5794,#5795,#5796),(#5797,#5798,#5799,#5800),(#5801,#5802,#5803,#5804),
(#5805,#5806,#5807,#5808),(#5809,#5810,#5811,#5812),(#5813,#5814,#5815,
#5816)),.UNSPECIFIED.,.F.,.F.,.F.,(4,1,1,1,4),(4,4),(-1.00000000032636,
-0.571428002188019,-0.28571333676246,-0.14285600404968,1.3286630996565E-6),
(-0.0257727527835132,0.497806788790349),.UNSPECIFIED.);
#199=B_SPLINE_SURFACE_WITH_KNOTS('',3,3,((#5876,#5877,#5878,#5879),(#5880,
#5881,#5882,#5883),(#5884,#5885,#5886,#5887),(#5888,#5889,#5890,#5891),
(#5892,#5893,#5894,#5895),(#5896,#5897,#5898,#5899),(#5900,#5901,#5902,
#5903)),.UNSPECIFIED.,.F.,.F.,.F.,(4,1,1,1,4),(4,4),(-1.00000000032636,
-0.571428002188029,-0.285713336762476,-0.142856004049699,1.32866307721093E-6),
(-0.0257727527834925,0.49780678879035),.UNSPECIFIED.);
#200=B_SPLINE_SURFACE_WITH_KNOTS('',3,3,((#5967,#5968,#5969,#5970),(#5971,
#5972,#5973,#5974),(#5975,#5976,#5977,#5978),(#5979,#5980,#5981,#5982),
(#5983,#5984,#5985,#5986),(#5987,#5988,#5989,#5990),(#5991,#5992,#5993,
#5994)),.UNSPECIFIED.,.F.,.F.,.F.,(4,1,1,1,4),(4,4),(-1.00000000032636,
-0.571428002188015,-0.285713336762454,-0.142856004049673,1.32866310768513E-6),
(-0.0257727527835307,0.497806788790346),.UNSPECIFIED.);
#201=B_SPLINE_SURFACE_WITH_KNOTS('',3,3,((#6054,#6055,#6056,#6057),(#6058,
#6059,#6060,#6061),(#6062,#6063,#6064,#6065),(#6066,#6067,#6068,#6069),
(#6070,#6071,#6072,#6073),(#6074,#6075,#6076,#6077),(#6078,#6079,#6080,
#6081)),.UNSPECIFIED.,.F.,.F.,.F.,(4,1,1,1,4),(4,4),(-1.00000000032636,
-0.571428002188033,-0.285713336762483,-0.142856004049708,1.32866306756256E-6),
(-0.0257727527835043,0.497806788790348),.UNSPECIFIED.);
#202=B_SPLINE_SURFACE_WITH_KNOTS('',3,3,((#6145,#6146,#6147,#6148),(#6149,
#6150,#6151,#6152),(#6153,#6154,#6155,#6156),(#6157,#6158,#6159,#6160),
(#6161,#6162,#6163,#6164),(#6165,#6166,#6167,#6168),(#6169,#6170,#6171,
#6172)),.UNSPECIFIED.,.F.,.F.,.F.,(4,1,1,1,4),(4,4),(-1.00000000032636,
-0.571428002188027,-0.285713336762472,-0.142856004049694,1.32866308304864E-6),
(-0.0257727527835488,0.497806788790344),.UNSPECIFIED.);
#203=B_SPLINE_SURFACE_WITH_KNOTS('',3,3,((#6232,#6233,#6234,#6235),(#6236,
#6237,#6238,#6239),(#6240,#6241,#6242,#6243),(#6244,#6245,#6246,#6247),
(#6248,#6249,#6250,#6251),(#6252,#6253,#6254,#6255),(#6256,#6257,#6258,
#6259)),.UNSPECIFIED.,.F.,.F.,.F.,(4,1,1,1,4),(4,4),(-1.00000000032636,
-0.571428002188028,-0.285713336762474,-0.142856004049697,1.32866307953309E-6),
(-0.0257727527835206,0.497806788790346),.UNSPECIFIED.);
#204=B_SPLINE_SURFACE_WITH_KNOTS('',3,3,((#6337,#6338,#6339,#6340,#6341,
#6342,#6343,#6344,#6345,#6346),(#6347,#6348,#6349,#6350,#6351,#6352,#6353,
#6354,#6355,#6356),(#6357,#6358,#6359,#6360,#6361,#6362,#6363,#6364,#6365,
#6366),(#6367,#6368,#6369,#6370,#6371,#6372,#6373,#6374,#6375,#6376),(#6377,
#6378,#6379,#6380,#6381,#6382,#6383,#6384,#6385,#6386),(#6387,#6388,#6389,
#6390,#6391,#6392,#6393,#6394,#6395,#6396)),.UNSPECIFIED.,.F.,.F.,.F.,(4,
1,1,4),(4,1,1,1,1,1,1,4),(-1.00000000032636,-0.428570669475239,-0.285713336762459,
1.32866310094842E-6),(-0.025772752783563,-0.00707348344163782,0.0116257859002873,
0.0490243245841376,0.0864228632679879,0.105122132609913,0.123821401951838,
0.497806788790341),.UNSPECIFIED.);
#205=B_SPLINE_SURFACE_WITH_KNOTS('',3,3,((#6444,#6445,#6446,#6447),(#6448,
#6449,#6450,#6451),(#6452,#6453,#6454,#6455),(#6456,#6457,#6458,#6459),
(#6460,#6461,#6462,#6463),(#6464,#6465,#6466,#6467),(#6468,#6469,#6470,
#6471)),.UNSPECIFIED.,.F.,.F.,.F.,(4,1,1,1,4),(4,4),(-1.00000000032636,
-0.571428002188015,-0.285713336762453,-0.142856004049672,1.32866310951355E-6),
(-0.0257727527835386,0.497806788790343),.UNSPECIFIED.);
#206=B_SPLINE_SURFACE_WITH_KNOTS('',3,3,((#6535,#6536,#6537,#6538),(#6539,
#6540,#6541,#6542),(#6543,#6544,#6545,#6546),(#6547,#6548,#6549,#6550),
(#6551,#6552,#6553,#6554),(#6555,#6556,#6557,#6558)),.UNSPECIFIED.,.F.,
 .F.,.F.,(4,1,1,4),(4,4),(-1.00000000032636,-0.428570669475218,-0.142856004049649,
1.32866313626675E-6),(-0.0257727527835714,0.49780678879034),
 .UNSPECIFIED.);
#207=B_SPLINE_SURFACE_WITH_KNOTS('',3,3,((#6620,#6621,#6622,#6623),(#6624,
#6625,#6626,#6627),(#6628,#6629,#6630,#6631),(#6632,#6633,#6634,#6635),
(#6636,#6637,#6638,#6639),(#6640,#6641,#6642,#6643)),.UNSPECIFIED.,.F.,
 .F.,.F.,(4,1,1,4),(4,4),(-1.00000000032636,-0.428570669475245,-0.142856004049687,
1.32866309229272E-6),(-0.025772752783555,0.497806788790341),
 .UNSPECIFIED.);
#208=B_SPLINE_SURFACE_WITH_KNOTS('',3,3,((#6709,#6710,#6711,#6712),(#6713,
#6714,#6715,#6716),(#6717,#6718,#6719,#6720),(#6721,#6722,#6723,#6724),
(#6725,#6726,#6727,#6728),(#6729,#6730,#6731,#6732)),.UNSPECIFIED.,.F.,
 .F.,.F.,(4,1,1,4),(4,4),(-1.00000000032636,-0.428570669475245,-0.142856004049688,
1.32866309086742E-6),(-0.0257727527835729,0.497806788790339),
 .UNSPECIFIED.);
#209=B_SPLINE_SURFACE_WITH_KNOTS('',3,3,((#6834,#6835,#6836,#6837,#6838,
#6839,#6840,#6841,#6842,#6843),(#6844,#6845,#6846,#6847,#6848,#6849,#6850,
#6851,#6852,#6853),(#6854,#6855,#6856,#6857,#6858,#6859,#6860,#6861,#6862,
#6863),(#6864,#6865,#6866,#6867,#6868,#6869,#6870,#6871,#6872,#6873),(#6874,
#6875,#6876,#6877,#6878,#6879,#6880,#6881,#6882,#6883),(#6884,#6885,#6886,
#6887,#6888,#6889,#6890,#6891,#6892,#6893)),.UNSPECIFIED.,.F.,.F.,.F.,(4,
1,1,4),(4,1,1,1,1,1,1,4),(-1.32866303105913E-6,0.285713336776342,0.428570669496029,
1.00000000037478),(-0.0257727527830321,-0.00707348344304529,0.0116257858969415,
0.0490243245769152,0.0864228632568889,0.105122132596876,0.123821401936863,
0.497806788736599),.UNSPECIFIED.);
#210=B_SPLINE_SURFACE_WITH_KNOTS('',3,3,((#7625,#7626,#7627,#7628),(#7629,
#7630,#7631,#7632),(#7633,#7634,#7635,#7636),(#7637,#7638,#7639,#7640),
(#7641,#7642,#7643,#7644),(#7645,#7646,#7647,#7648)),.UNSPECIFIED.,.F.,
 .F.,.F.,(4,1,1,4),(4,4),(-1.32866312033518E-6,0.142856004056579,0.428570669495978,
1.00000000037478),(-0.025772752783009,0.497806788735271),.UNSPECIFIED.);
#211=B_SPLINE_SURFACE_WITH_KNOTS('',3,3,((#7664,#7665,#7666,#7667),(#7668,
#7669,#7670,#7671),(#7672,#7673,#7674,#7675),(#7676,#7677,#7678,#7679),
(#7680,#7681,#7682,#7683),(#7684,#7685,#7686,#7687),(#7688,#7689,#7690,
#7691)),.UNSPECIFIED.,.F.,.F.,.F.,(4,1,1,1,4),(4,4),(-1.32866308845918E-6,
0.142856004056606,0.285713336776301,0.571428002215691,1.00000000037477),
(-0.0257727527829909,0.497806788735274),.UNSPECIFIED.);
#212=B_SPLINE_SURFACE_WITH_KNOTS('',3,3,((#7709,#7710,#7711,#7712),(#7713,
#7714,#7715,#7716),(#7717,#7718,#7719,#7720),(#7721,#7722,#7723,#7724),
(#7725,#7726,#7727,#7728),(#7729,#7730,#7731,#7732),(#7733,#7734,#7735,
#7736)),.UNSPECIFIED.,.F.,.F.,.F.,(4,1,1,1,4),(4,4),(-1.32866301719652E-6,
0.142856004056667,0.285713336776352,0.571428002215721,1.00000000037477),
(-0.0257727527829738,0.497806788735276),.UNSPECIFIED.);
#213=B_SPLINE_SURFACE_WITH_KNOTS('',3,3,((#7754,#7755,#7756,#7757),(#7758,
#7759,#7760,#7761),(#7762,#7763,#7764,#7765),(#7766,#7767,#7768,#7769),
(#7770,#7771,#7772,#7773),(#7774,#7775,#7776,#7777),(#7778,#7779,#7780,
#7781)),.UNSPECIFIED.,.F.,.F.,.F.,(4,1,1,1,4),(4,4),(-1.32866304655293E-6,
0.142856004056642,0.285713336776331,0.571428002215709,1.00000000037478),
(-0.0257727527829586,0.497806788735279),.UNSPECIFIED.);
#214=B_SPLINE_SURFACE_WITH_KNOTS('',3,3,((#7799,#7800,#7801,#7802),(#7803,
#7804,#7805,#7806),(#7807,#7808,#7809,#7810),(#7811,#7812,#7813,#7814),
(#7815,#7816,#7817,#7818),(#7819,#7820,#7821,#7822),(#7823,#7824,#7825,
#7826)),.UNSPECIFIED.,.F.,.F.,.F.,(4,1,1,1,4),(4,4),(-1.32866304457611E-6,
0.142856004056644,0.285713336776332,0.571428002215709,1.00000000037477),
(-0.0257727527829498,0.49780678873528),.UNSPECIFIED.);
#215=B_SPLINE_SURFACE_WITH_KNOTS('',3,3,((#7844,#7845,#7846,#7847),(#7848,
#7849,#7850,#7851),(#7852,#7853,#7854,#7855),(#7856,#7857,#7858,#7859),
(#7860,#7861,#7862,#7863),(#7864,#7865,#7866,#7867),(#7868,#7869,#7870,
#7871)),.UNSPECIFIED.,.F.,.F.,.F.,(4,1,1,1,4),(4,4),(-1.3286630778107E-6,
0.142856004056616,0.285713336776309,0.571428002215696,1.00000000037478),
(-0.0257727527829482,0.497806788735281),.UNSPECIFIED.);
#216=B_SPLINE_SURFACE_WITH_KNOTS('',3,3,((#7903,#7904,#7905,#7906),(#7907,
#7908,#7909,#7910),(#7911,#7912,#7913,#7914),(#7915,#7916,#7917,#7918),
(#7919,#7920,#7921,#7922),(#7923,#7924,#7925,#7926),(#7927,#7928,#7929,
#7930)),.UNSPECIFIED.,.F.,.F.,.F.,(4,1,1,1,4),(4,4),(-1.00000000032636,
-0.571428002188012,-0.285713336762449,-0.142856004049668,1.32866311377754E-6),
(-0.0257727527835675,0.497806788737232),.UNSPECIFIED.);
#217=B_SPLINE_SURFACE_WITH_KNOTS('',3,3,((#7976,#7977,#7978,#7979,#7980,
#7981,#7982,#7983,#7984,#7985),(#7986,#7987,#7988,#7989,#7990,#7991,#7992,
#7993,#7994,#7995),(#7996,#7997,#7998,#7999,#8000,#8001,#8002,#8003,#8004,
#8005),(#8006,#8007,#8008,#8009,#8010,#8011,#8012,#8013,#8014,#8015),(#8016,
#8017,#8018,#8019,#8020,#8021,#8022,#8023,#8024,#8025),(#8026,#8027,#8028,
#8029,#8030,#8031,#8032,#8033,#8034,#8035)),.UNSPECIFIED.,.F.,.F.,.F.,(4,
1,1,4),(4,1,1,1,1,1,1,4),(-1.32866303572426E-6,0.285713336776339,0.428570669496027,
1.00000000037478),(-0.0257727527830233,-0.00707348344308429,0.0116257858968547,
0.0490243245767327,0.0864228632566107,0.10512213259655,0.123821401936489,
0.497806788735269),.UNSPECIFIED.);
#218=B_SPLINE_SURFACE_WITH_KNOTS('',3,3,((#8179,#8180,#8181,#8182),(#8183,
#8184,#8185,#8186),(#8187,#8188,#8189,#8190),(#8191,#8192,#8193,#8194),
(#8195,#8196,#8197,#8198),(#8199,#8200,#8201,#8202)),.UNSPECIFIED.,.F.,
 .F.,.F.,(4,1,1,4),(4,4),(-1.32866298194722E-6,0.142856004056698,0.428570669496057,
1.00000000037478),(-0.0257727527829536,0.49780678873528),.UNSPECIFIED.);
#219=B_SPLINE_SURFACE_WITH_KNOTS('',3,3,((#8203,#8204,#8205,#8206),(#8207,
#8208,#8209,#8210),(#8211,#8212,#8213,#8214),(#8215,#8216,#8217,#8218),
(#8219,#8220,#8221,#8222),(#8223,#8224,#8225,#8226)),.UNSPECIFIED.,.F.,
 .F.,.F.,(4,1,1,4),(4,4),(-1.32866309485611E-6,0.142856004056601,0.428570669495993,
1.00000000037478),(-0.0257727527829654,0.497806788735279),.UNSPECIFIED.);
#220=B_SPLINE_SURFACE_WITH_KNOTS('',3,3,((#8227,#8228,#8229,#8230),(#8231,
#8232,#8233,#8234),(#8235,#8236,#8237,#8238),(#8239,#8240,#8241,#8242),
(#8243,#8244,#8245,#8246),(#8247,#8248,#8249,#8250)),.UNSPECIFIED.,.F.,
 .F.,.F.,(4,1,1,4),(4,4),(-1.32866301781968E-6,0.142856004056667,0.428570669496036,
1.00000000037478),(-0.0257727527829816,0.497806788735276),.UNSPECIFIED.);
#221=B_SPLINE_SURFACE_WITH_KNOTS('',3,3,((#8251,#8252,#8253,#8254,#8255,
#8256,#8257,#8258,#8259,#8260),(#8261,#8262,#8263,#8264,#8265,#8266,#8267,
#8268,#8269,#8270),(#8271,#8272,#8273,#8274,#8275,#8276,#8277,#8278,#8279,
#8280),(#8281,#8282,#8283,#8284,#8285,#8286,#8287,#8288,#8289,#8290),(#8291,
#8292,#8293,#8294,#8295,#8296,#8297,#8298,#8299,#8300),(#8301,#8302,#8303,
#8304,#8305,#8306,#8307,#8308,#8309,#8310)),.UNSPECIFIED.,.F.,.F.,.F.,(4,
1,1,4),(4,1,1,1,1,1,1,4),(-1.32866310682389E-6,0.285713336776289,0.428570669495986,
1.00000000037478),(-0.0257727527829996,-0.00707348344306123,0.0116257858968771,
0.0490243245767537,0.0864228632566304,0.105122132596569,0.123821401936507,
0.497806788735274),.UNSPECIFIED.);
#222=B_SPLINE_SURFACE_WITH_KNOTS('',3,3,((#8311,#8312,#8313,#8314),(#8315,
#8316,#8317,#8318),(#8319,#8320,#8321,#8322),(#8323,#8324,#8325,#8326),
(#8327,#8328,#8329,#8330),(#8331,#8332,#8333,#8334)),.UNSPECIFIED.,.F.,
 .F.,.F.,(4,1,1,4),(4,4),(-1.32866302258594E-6,0.142856004056663,0.428570669496034,
1.00000000037478),(-0.0257727527830162,0.497806788735271),.UNSPECIFIED.);
#223=B_SPLINE_SURFACE_WITH_KNOTS('',3,3,((#8335,#8336,#8337,#8338),(#8339,
#8340,#8341,#8342),(#8343,#8344,#8345,#8346),(#8347,#8348,#8349,#8350),
(#8351,#8352,#8353,#8354),(#8355,#8356,#8357,#8358)),.UNSPECIFIED.,.F.,
 .F.,.F.,(4,1,1,4),(4,4),(-1.32866312746129E-6,0.142856004056573,0.428570669495974,
1.00000000037478),(-0.025772752783028,0.497806788735269),.UNSPECIFIED.);
#224=B_SPLINE_SURFACE_WITH_KNOTS('',3,3,((#8359,#8360,#8361,#8362),(#8363,
#8364,#8365,#8366),(#8367,#8368,#8369,#8370),(#8371,#8372,#8373,#8374),
(#8375,#8376,#8377,#8378),(#8379,#8380,#8381,#8382),(#8383,#8384,#8385,
#8386)),.UNSPECIFIED.,.F.,.F.,.F.,(4,1,1,1,4),(4,4),(-1.32866300039325E-6,
0.142856004056682,0.285713336776365,0.571428002215729,1.00000000037478),
(-0.0257727527830337,0.497806788735268),.UNSPECIFIED.);
#225=CYLINDRICAL_SURFACE('',#4069,5.);
#226=CYLINDRICAL_SURFACE('',#4071,4.);
#227=CYLINDRICAL_SURFACE('',#4078,3.);
#228=CYLINDRICAL_SURFACE('',#4083,1.6);
#229=CYLINDRICAL_SURFACE('',#4302,7.5);
#230=CYLINDRICAL_SURFACE('',#4379,3.5);
#231=CYLINDRICAL_SURFACE('',#4381,3.5);
#232=CYLINDRICAL_SURFACE('',#4383,3.5);
#233=CYLINDRICAL_SURFACE('',#4385,3.5);
#234=CYLINDRICAL_SURFACE('',#4387,3.5);
#235=CYLINDRICAL_SURFACE('',#4389,3.5);
#236=CYLINDRICAL_SURFACE('',#4391,3.5);
#237=CYLINDRICAL_SURFACE('',#4393,3.5);
#238=CYLINDRICAL_SURFACE('',#4395,3.5);
#239=CYLINDRICAL_SURFACE('',#4397,3.5);
#240=CYLINDRICAL_SURFACE('',#4399,3.5);
#241=CYLINDRICAL_SURFACE('',#4401,3.5);
#242=CYLINDRICAL_SURFACE('',#4403,3.5);
#243=CYLINDRICAL_SURFACE('',#4405,3.5);
#244=CYLINDRICAL_SURFACE('',#4407,3.5);
#245=ELLIPSE('',#4060,5.65685424949237,4.);
#246=ELLIPSE('',#4061,5.65685424949237,4.);
#247=ELLIPSE('',#4063,5.65685424949238,4.);
#248=ELLIPSE('',#4088,170.453986052278,7.5);
#249=ELLIPSE('',#4089,79.534646104455,3.49907373461232);
#250=ELLIPSE('',#4095,170.453986052268,7.5);
#251=ELLIPSE('',#4096,79.5199890198754,3.49778663745954);
#252=ELLIPSE('',#4098,170.453986052196,7.5);
#253=ELLIPSE('',#4099,79.5208789709672,3.4978649036943);
#254=ELLIPSE('',#4105,170.45398605237,7.5);
#255=ELLIPSE('',#4106,79.5154450646933,3.49738831297204);
#256=ELLIPSE('',#4108,170.453986052271,7.5);
#257=ELLIPSE('',#4109,79.5436253422604,3.49986217600717);
#258=ELLIPSE('',#4115,170.453986052291,7.5);
#259=ELLIPSE('',#4116,79.5513034795624,3.50053655820096);
#260=ELLIPSE('',#4118,170.453986052264,7.5);
#261=ELLIPSE('',#4119,79.5487111885835,3.50030888032007);
#262=ELLIPSE('',#4125,170.45398605228,7.5);
#263=ELLIPSE('',#4126,79.5444687160165,3.4999362284623);
#264=ELLIPSE('',#4128,170.453986052276,7.5);
#265=ELLIPSE('',#4129,79.5452749931275,3.50000705781205);
#266=ELLIPSE('',#4135,170.453986052264,7.5);
#267=ELLIPSE('',#4136,79.5454318705142,3.50002084665466);
#268=ELLIPSE('',#4138,170.453986052285,7.49999999999999);
#269=ELLIPSE('',#4139,79.5470011028228,3.50015867517271);
#270=ELLIPSE('',#4145,170.45398605226,7.49999999999999);
#271=ELLIPSE('',#4146,79.5449683793995,3.49998012651426);
#272=ELLIPSE('',#4148,170.45398605228,7.5);
#273=ELLIPSE('',#4149,79.5489471507901,3.50032958680965);
#274=ELLIPSE('',#4152,170.453986052293,7.5);
#275=ELLIPSE('',#4153,79.5462721967256,3.50009462007344);
#276=ELLIPSE('',#4155,170.453986052271,7.50000000000001);
#277=ELLIPSE('',#4156,79.544878445307,3.49997220232202);
#278=ELLIPSE('',#4218,170.453986052256,7.5);
#279=ELLIPSE('',#4219,79.5464667397671,3.50011170848023);
#280=ELLIPSE('',#4223,170.453986052268,7.5);
#281=ELLIPSE('',#4224,79.5438178978299,3.49987908763314);
#282=ELLIPSE('',#4227,95.4125816386161,3.5);
#283=ELLIPSE('',#4229,170.453986052274,7.5);
#284=ELLIPSE('',#4230,79.5465192046483,3.50011633608832);
#285=ELLIPSE('',#4233,95.4125816076855,3.5);
#286=ELLIPSE('',#4235,170.4539860523,7.5);
#287=ELLIPSE('',#4236,79.5454413761516,3.5000216568338);
#288=ELLIPSE('',#4239,95.4125840567527,3.5);
#289=ELLIPSE('',#4241,170.453986052285,7.5);
#290=ELLIPSE('',#4242,79.5407058794613,3.4996057643398);
#291=ELLIPSE('',#4245,95.4125811779542,3.5);
#292=ELLIPSE('',#4247,170.453986052233,7.5);
#293=ELLIPSE('',#4248,79.5105639768586,3.49695943369303);
#294=ELLIPSE('',#4251,95.4125823008131,3.5);
#295=ELLIPSE('',#4253,170.453986052273,7.5);
#296=ELLIPSE('',#4254,79.5324749213368,3.49888283245427);
#297=ELLIPSE('',#4258,170.45398605232,7.5);
#298=ELLIPSE('',#4259,79.526473430558,3.49835613363978);
#299=ELLIPSE('',#4263,170.453986052242,7.5);
#300=ELLIPSE('',#4264,79.5090223257643,3.49682446978083);
#301=ELLIPSE('',#4268,170.453986052281,7.5);
#302=ELLIPSE('',#4269,79.5453349997029,3.5000123023643);
#303=ELLIPSE('',#4272,95.4125821445313,3.5);
#304=ELLIPSE('',#4275,170.45398605227,7.5);
#305=ELLIPSE('',#4276,79.5468910078226,3.5001490124223);
#306=ELLIPSE('',#4279,170.45398605225,7.5);
#307=ELLIPSE('',#4280,79.5426533062601,3.49977679376307);
#308=ELLIPSE('',#4284,170.453986052291,7.5);
#309=ELLIPSE('',#4285,79.544366201689,3.49992720956462);
#310=ELLIPSE('',#4288,95.4125822784243,3.5);
#311=ELLIPSE('',#4290,170.453986052285,7.5);
#312=ELLIPSE('',#4291,79.544013924061,3.49989628449245);
#313=ELLIPSE('',#4294,95.4125796161004,3.5);
#314=ELLIPSE('',#4296,170.453986052273,7.5);
#315=ELLIPSE('',#4297,79.5482369760226,3.50026718034462);
#316=FACE_BOUND('',#643,.T.);
#317=FACE_BOUND('',#653,.T.);
#318=FACE_BOUND('',#663,.T.);
#319=FACE_BOUND('',#794,.T.);
#320=FACE_BOUND('',#856,.T.);
#321=CIRCLE('',#4053,1.6);
#322=CIRCLE('',#4058,4.);
#323=CIRCLE('',#4067,5.);
#324=CIRCLE('',#4068,4.);
#325=CIRCLE('',#4070,5.);
#326=CIRCLE('',#4072,4.);
#327=CIRCLE('',#4079,3.);
#328=CIRCLE('',#4080,3.);
#329=CIRCLE('',#4082,1.6);
#330=CIRCLE('',#4085,1.92394859368693);
#331=CIRCLE('',#4092,1.92394859367772);
#332=CIRCLE('',#4102,1.92394859368181);
#333=CIRCLE('',#4112,1.92394859368212);
#334=CIRCLE('',#4122,1.92394859368237);
#335=CIRCLE('',#4131,1.92394859368194);
#336=CIRCLE('',#4142,1.92394859368295);
#337=CIRCLE('',#4174,7.5);
#338=CIRCLE('',#4175,6.80662475471847);
#339=CIRCLE('',#4177,7.5);
#340=CIRCLE('',#4178,6.80662475471847);
#341=CIRCLE('',#4180,7.5);
#342=CIRCLE('',#4181,6.80662475471847);
#343=CIRCLE('',#4183,7.5);
#344=CIRCLE('',#4184,6.80662475471847);
#345=CIRCLE('',#4186,7.5);
#346=CIRCLE('',#4187,6.80662475471847);
#347=CIRCLE('',#4189,7.5);
#348=CIRCLE('',#4190,6.80662475471847);
#349=CIRCLE('',#4192,7.5);
#350=CIRCLE('',#4193,6.80662475471847);
#351=CIRCLE('',#4195,7.5);
#352=CIRCLE('',#4196,6.80662475471847);
#353=CIRCLE('',#4198,7.5);
#354=CIRCLE('',#4199,6.80662475471847);
#355=CIRCLE('',#4201,7.5);
#356=CIRCLE('',#4202,6.80662475471847);
#357=CIRCLE('',#4203,7.5);
#358=CIRCLE('',#4205,7.5);
#359=CIRCLE('',#4206,6.80662475471847);
#360=CIRCLE('',#4208,7.5);
#361=CIRCLE('',#4209,6.80662475471847);
#362=CIRCLE('',#4211,7.5);
#363=CIRCLE('',#4212,6.80662475471847);
#364=CIRCLE('',#4214,7.5);
#365=CIRCLE('',#4215,6.80662475471847);
#366=CIRCLE('',#4300,7.5);
#367=CIRCLE('',#4301,6.80662475471847);
#368=CIRCLE('',#4303,7.5);
#369=CIRCLE('',#4306,3.5186983664125);
#370=CIRCLE('',#4308,3.5186983664125);
#371=CIRCLE('',#4310,3.5186983664125);
#372=CIRCLE('',#4312,3.5186983664125);
#373=CIRCLE('',#4314,3.5186983664125);
#374=CIRCLE('',#4316,3.5186983664125);
#375=CIRCLE('',#4318,3.5186983664125);
#376=CIRCLE('',#4320,3.5186983664125);
#377=CIRCLE('',#4322,3.5186983664125);
#378=CIRCLE('',#4324,3.5186983664125);
#379=CIRCLE('',#4326,3.5186983664125);
#380=CIRCLE('',#4328,3.5186983664125);
#381=CIRCLE('',#4330,3.5186983664125);
#382=CIRCLE('',#4332,3.5186983664125);
#383=CIRCLE('',#4334,3.5186983664125);
#384=CIRCLE('',#4336,1.92394859368294);
#385=CIRCLE('',#4338,1.92394859367781);
#386=CIRCLE('',#4340,1.92394859368232);
#387=CIRCLE('',#4342,1.92394859368205);
#388=CIRCLE('',#4344,1.92394859368231);
#389=CIRCLE('',#4346,1.92394859368209);
#390=CIRCLE('',#4348,1.92394859368223);
#391=CIRCLE('',#4350,3.5);
#392=CIRCLE('',#4352,3.5);
#393=CIRCLE('',#4354,3.5);
#394=CIRCLE('',#4356,3.5);
#395=CIRCLE('',#4358,3.5);
#396=CIRCLE('',#4360,3.5);
#397=CIRCLE('',#4362,3.5);
#398=CIRCLE('',#4364,3.5);
#399=CIRCLE('',#4366,3.5);
#400=CIRCLE('',#4368,3.5);
#401=CIRCLE('',#4370,3.5);
#402=CIRCLE('',#4372,3.5);
#403=CIRCLE('',#4374,3.5);
#404=CIRCLE('',#4376,3.5);
#405=CIRCLE('',#4378,3.5);
#406=CIRCLE('',#4380,3.5);
#407=CIRCLE('',#4382,3.5);
#408=CIRCLE('',#4384,3.5);
#409=CIRCLE('',#4386,3.5);
#410=CIRCLE('',#4388,3.5);
#411=CIRCLE('',#4390,3.5);
#412=CIRCLE('',#4392,3.5);
#413=CIRCLE('',#4394,3.5);
#414=CIRCLE('',#4396,3.5);
#415=CIRCLE('',#4398,3.5);
#416=CIRCLE('',#4400,3.5);
#417=CIRCLE('',#4402,3.5);
#418=CIRCLE('',#4404,3.5);
#419=CIRCLE('',#4406,3.5);
#420=CIRCLE('',#4408,3.5);
#421=CIRCLE('',#4410,1.92394859368933);
#422=FACE_OUTER_BOUND('',#641,.T.);
#423=FACE_OUTER_BOUND('',#642,.T.);
#424=FACE_OUTER_BOUND('',#644,.T.);
#425=FACE_OUTER_BOUND('',#645,.T.);
#426=FACE_OUTER_BOUND('',#646,.T.);
#427=FACE_OUTER_BOUND('',#647,.T.);
#428=FACE_OUTER_BOUND('',#648,.T.);
#429=FACE_OUTER_BOUND('',#649,.T.);
#430=FACE_OUTER_BOUND('',#650,.T.);
#431=FACE_OUTER_BOUND('',#651,.T.);
#432=FACE_OUTER_BOUND('',#652,.T.);
#433=FACE_OUTER_BOUND('',#654,.T.);
#434=FACE_OUTER_BOUND('',#655,.T.);
#435=FACE_OUTER_BOUND('',#656,.T.);
#436=FACE_OUTER_BOUND('',#657,.T.);
#437=FACE_OUTER_BOUND('',#658,.T.);
#438=FACE_OUTER_BOUND('',#659,.T.);
#439=FACE_OUTER_BOUND('',#660,.T.);
#440=FACE_OUTER_BOUND('',#661,.T.);
#441=FACE_OUTER_BOUND('',#662,.T.);
#442=FACE_OUTER_BOUND('',#664,.T.);
#443=FACE_OUTER_BOUND('',#665,.T.);
#444=FACE_OUTER_BOUND('',#666,.T.);
#445=FACE_OUTER_BOUND('',#667,.T.);
#446=FACE_OUTER_BOUND('',#668,.T.);
#447=FACE_OUTER_BOUND('',#669,.T.);
#448=FACE_OUTER_BOUND('',#670,.T.);
#449=FACE_OUTER_BOUND('',#671,.T.);
#450=FACE_OUTER_BOUND('',#672,.T.);
#451=FACE_OUTER_BOUND('',#673,.T.);
#452=FACE_OUTER_BOUND('',#674,.T.);
#453=FACE_OUTER_BOUND('',#675,.T.);
#454=FACE_OUTER_BOUND('',#676,.T.);
#455=FACE_OUTER_BOUND('',#677,.T.);
#456=FACE_OUTER_BOUND('',#678,.T.);
#457=FACE_OUTER_BOUND('',#679,.T.);
#458=FACE_OUTER_BOUND('',#680,.T.);
#459=FACE_OUTER_BOUND('',#681,.T.);
#460=FACE_OUTER_BOUND('',#682,.T.);
#461=FACE_OUTER_BOUND('',#683,.T.);
#462=FACE_OUTER_BOUND('',#684,.T.);
#463=FACE_OUTER_BOUND('',#685,.T.);
#464=FACE_OUTER_BOUND('',#686,.T.);
#465=FACE_OUTER_BOUND('',#687,.T.);
#466=FACE_OUTER_BOUND('',#688,.T.);
#467=FACE_OUTER_BOUND('',#689,.T.);
#468=FACE_OUTER_BOUND('',#690,.T.);
#469=FACE_OUTER_BOUND('',#691,.T.);
#470=FACE_OUTER_BOUND('',#692,.T.);
#471=FACE_OUTER_BOUND('',#693,.T.);
#472=FACE_OUTER_BOUND('',#694,.T.);
#473=FACE_OUTER_BOUND('',#695,.T.);
#474=FACE_OUTER_BOUND('',#696,.T.);
#475=FACE_OUTER_BOUND('',#697,.T.);
#476=FACE_OUTER_BOUND('',#698,.T.);
#477=FACE_OUTER_BOUND('',#699,.T.);
#478=FACE_OUTER_BOUND('',#700,.T.);
#479=FACE_OUTER_BOUND('',#701,.T.);
#480=FACE_OUTER_BOUND('',#702,.T.);
#481=FACE_OUTER_BOUND('',#703,.T.);
#482=FACE_OUTER_BOUND('',#704,.T.);
#483=FACE_OUTER_BOUND('',#705,.T.);
#484=FACE_OUTER_BOUND('',#706,.T.);
#485=FACE_OUTER_BOUND('',#707,.T.);
#486=FACE_OUTER_BOUND('',#708,.T.);
#487=FACE_OUTER_BOUND('',#709,.T.);
#488=FACE_OUTER_BOUND('',#710,.T.);
#489=FACE_OUTER_BOUND('',#711,.T.);
#490=FACE_OUTER_BOUND('',#712,.T.);
#491=FACE_OUTER_BOUND('',#713,.T.);
#492=FACE_OUTER_BOUND('',#714,.T.);
#493=FACE_OUTER_BOUND('',#715,.T.);
#494=FACE_OUTER_BOUND('',#716,.T.);
#495=FACE_OUTER_BOUND('',#717,.T.);
#496=FACE_OUTER_BOUND('',#718,.T.);
#497=FACE_OUTER_BOUND('',#719,.T.);
#498=FACE_OUTER_BOUND('',#720,.T.);
#499=FACE_OUTER_BOUND('',#721,.T.);
#500=FACE_OUTER_BOUND('',#722,.T.);
#501=FACE_OUTER_BOUND('',#723,.T.);
#502=FACE_OUTER_BOUND('',#724,.T.);
#503=FACE_OUTER_BOUND('',#725,.T.);
#504=FACE_OUTER_BOUND('',#726,.T.);
#505=FACE_OUTER_BOUND('',#727,.T.);
#506=FACE_OUTER_BOUND('',#728,.T.);
#507=FACE_OUTER_BOUND('',#729,.T.);
#508=FACE_OUTER_BOUND('',#730,.T.);
#509=FACE_OUTER_BOUND('',#731,.T.);
#510=FACE_OUTER_BOUND('',#732,.T.);
#511=FACE_OUTER_BOUND('',#733,.T.);
#512=FACE_OUTER_BOUND('',#734,.T.);
#513=FACE_OUTER_BOUND('',#735,.T.);
#514=FACE_OUTER_BOUND('',#736,.T.);
#515=FACE_OUTER_BOUND('',#737,.T.);
#516=FACE_OUTER_BOUND('',#738,.T.);
#517=FACE_OUTER_BOUND('',#739,.T.);
#518=FACE_OUTER_BOUND('',#740,.T.);
#519=FACE_OUTER_BOUND('',#741,.T.);
#520=FACE_OUTER_BOUND('',#742,.T.);
#521=FACE_OUTER_BOUND('',#743,.T.);
#522=FACE_OUTER_BOUND('',#744,.T.);
#523=FACE_OUTER_BOUND('',#745,.T.);
#524=FACE_OUTER_BOUND('',#746,.T.);
#525=FACE_OUTER_BOUND('',#747,.T.);
#526=FACE_OUTER_BOUND('',#748,.T.);
#527=FACE_OUTER_BOUND('',#749,.T.);
#528=FACE_OUTER_BOUND('',#750,.T.);
#529=FACE_OUTER_BOUND('',#751,.T.);
#530=FACE_OUTER_BOUND('',#752,.T.);
#531=FACE_OUTER_BOUND('',#753,.T.);
#532=FACE_OUTER_BOUND('',#754,.T.);
#533=FACE_OUTER_BOUND('',#755,.T.);
#534=FACE_OUTER_BOUND('',#756,.T.);
#535=FACE_OUTER_BOUND('',#757,.T.);
#536=FACE_OUTER_BOUND('',#758,.T.);
#537=FACE_OUTER_BOUND('',#759,.T.);
#538=FACE_OUTER_BOUND('',#760,.T.);
#539=FACE_OUTER_BOUND('',#761,.T.);
#540=FACE_OUTER_BOUND('',#762,.T.);
#541=FACE_OUTER_BOUND('',#763,.T.);
#542=FACE_OUTER_BOUND('',#764,.T.);
#543=FACE_OUTER_BOUND('',#765,.T.);
#544=FACE_OUTER_BOUND('',#766,.T.);
#545=FACE_OUTER_BOUND('',#767,.T.);
#546=FACE_OUTER_BOUND('',#768,.T.);
#547=FACE_OUTER_BOUND('',#769,.T.);
#548=FACE_OUTER_BOUND('',#770,.T.);
#549=FACE_OUTER_BOUND('',#771,.T.);
#550=FACE_OUTER_BOUND('',#772,.T.);
#551=FACE_OUTER_BOUND('',#773,.T.);
#552=FACE_OUTER_BOUND('',#774,.T.);
#553=FACE_OUTER_BOUND('',#775,.T.);
#554=FACE_OUTER_BOUND('',#776,.T.);
#555=FACE_OUTER_BOUND('',#777,.T.);
#556=FACE_OUTER_BOUND('',#778,.T.);
#557=FACE_OUTER_BOUND('',#779,.T.);
#558=FACE_OUTER_BOUND('',#780,.T.);
#559=FACE_OUTER_BOUND('',#781,.T.);
#560=FACE_OUTER_BOUND('',#782,.T.);
#561=FACE_OUTER_BOUND('',#783,.T.);
#562=FACE_OUTER_BOUND('',#784,.T.);
#563=FACE_OUTER_BOUND('',#785,.T.);
#564=FACE_OUTER_BOUND('',#786,.T.);
#565=FACE_OUTER_BOUND('',#787,.T.);
#566=FACE_OUTER_BOUND('',#788,.T.);
#567=FACE_OUTER_BOUND('',#789,.T.);
#568=FACE_OUTER_BOUND('',#790,.T.);
#569=FACE_OUTER_BOUND('',#791,.T.);
#570=FACE_OUTER_BOUND('',#792,.T.);
#571=FACE_OUTER_BOUND('',#793,.T.);
#572=FACE_OUTER_BOUND('',#795,.T.);
#573=FACE_OUTER_BOUND('',#796,.T.);
#574=FACE_OUTER_BOUND('',#797,.T.);
#575=FACE_OUTER_BOUND('',#798,.T.);
#576=FACE_OUTER_BOUND('',#799,.T.);
#577=FACE_OUTER_BOUND('',#800,.T.);
#578=FACE_OUTER_BOUND('',#801,.T.);
#579=FACE_OUTER_BOUND('',#802,.T.);
#580=FACE_OUTER_BOUND('',#803,.T.);
#581=FACE_OUTER_BOUND('',#804,.T.);
#582=FACE_OUTER_BOUND('',#805,.T.);
#583=FACE_OUTER_BOUND('',#806,.T.);
#584=FACE_OUTER_BOUND('',#807,.T.);
#585=FACE_OUTER_BOUND('',#808,.T.);
#586=FACE_OUTER_BOUND('',#809,.T.);
#587=FACE_OUTER_BOUND('',#810,.T.);
#588=FACE_OUTER_BOUND('',#811,.T.);
#589=FACE_OUTER_BOUND('',#812,.T.);
#590=FACE_OUTER_BOUND('',#813,.T.);
#591=FACE_OUTER_BOUND('',#814,.T.);
#592=FACE_OUTER_BOUND('',#815,.T.);
#593=FACE_OUTER_BOUND('',#816,.T.);
#594=FACE_OUTER_BOUND('',#817,.T.);
#595=FACE_OUTER_BOUND('',#818,.T.);
#596=FACE_OUTER_BOUND('',#819,.T.);
#597=FACE_OUTER_BOUND('',#820,.T.);
#598=FACE_OUTER_BOUND('',#821,.T.);
#599=FACE_OUTER_BOUND('',#822,.T.);
#600=FACE_OUTER_BOUND('',#823,.T.);
#601=FACE_OUTER_BOUND('',#824,.T.);
#602=FACE_OUTER_BOUND('',#825,.T.);
#603=FACE_OUTER_BOUND('',#826,.T.);
#604=FACE_OUTER_BOUND('',#827,.T.);
#605=FACE_OUTER_BOUND('',#828,.T.);
#606=FACE_OUTER_BOUND('',#829,.T.);
#607=FACE_OUTER_BOUND('',#830,.T.);
#608=FACE_OUTER_BOUND('',#831,.T.);
#609=FACE_OUTER_BOUND('',#832,.T.);
#610=FACE_OUTER_BOUND('',#833,.T.);
#611=FACE_OUTER_BOUND('',#834,.T.);
#612=FACE_OUTER_BOUND('',#835,.T.);
#613=FACE_OUTER_BOUND('',#836,.T.);
#614=FACE_OUTER_BOUND('',#837,.T.);
#615=FACE_OUTER_BOUND('',#838,.T.);
#616=FACE_OUTER_BOUND('',#839,.T.);
#617=FACE_OUTER_BOUND('',#840,.T.);
#618=FACE_OUTER_BOUND('',#841,.T.);
#619=FACE_OUTER_BOUND('',#842,.T.);
#620=FACE_OUTER_BOUND('',#843,.T.);
#621=FACE_OUTER_BOUND('',#844,.T.);
#622=FACE_OUTER_BOUND('',#845,.T.);
#623=FACE_OUTER_BOUND('',#846,.T.);
#624=FACE_OUTER_BOUND('',#847,.T.);
#625=FACE_OUTER_BOUND('',#848,.T.);
#626=FACE_OUTER_BOUND('',#849,.T.);
#627=FACE_OUTER_BOUND('',#850,.T.);
#628=FACE_OUTER_BOUND('',#851,.T.);
#629=FACE_OUTER_BOUND('',#852,.T.);
#630=FACE_OUTER_BOUND('',#853,.T.);
#631=FACE_OUTER_BOUND('',#854,.T.);
#632=FACE_OUTER_BOUND('',#855,.T.);
#633=FACE_OUTER_BOUND('',#857,.T.);
#634=FACE_OUTER_BOUND('',#858,.T.);
#635=FACE_OUTER_BOUND('',#859,.T.);
#636=FACE_OUTER_BOUND('',#860,.T.);
#637=FACE_OUTER_BOUND('',#861,.T.);
#638=FACE_OUTER_BOUND('',#862,.T.);
#639=FACE_OUTER_BOUND('',#863,.T.);
#640=FACE_OUTER_BOUND('',#864,.T.);
#641=EDGE_LOOP('',(#2455,#2456,#2457,#2458));
#642=EDGE_LOOP('',(#2459,#2460,#2461,#2462,#2463,#2464,#2465,#2466,#2467,
#2468));
#643=EDGE_LOOP('',(#2469));
#644=EDGE_LOOP('',(#2470,#2471,#2472,#2473));
#645=EDGE_LOOP('',(#2474,#2475,#2476,#2477));
#646=EDGE_LOOP('',(#2478,#2479,#2480,#2481));
#647=EDGE_LOOP('',(#2482,#2483,#2484,#2485,#2486,#2487,#2488));
#648=EDGE_LOOP('',(#2489,#2490,#2491));
#649=EDGE_LOOP('',(#2492,#2493));
#650=EDGE_LOOP('',(#2494,#2495,#2496,#2497,#2498,#2499,#2500,#2501));
#651=EDGE_LOOP('',(#2502,#2503,#2504,#2505,#2506,#2507,#2508,#2509));
#652=EDGE_LOOP('',(#2510));
#653=EDGE_LOOP('',(#2511));
#654=EDGE_LOOP('',(#2512,#2513,#2514,#2515));
#655=EDGE_LOOP('',(#2516,#2517,#2518,#2519,#2520,#2521,#2522,#2523,#2524,
#2525,#2526,#2527));
#656=EDGE_LOOP('',(#2528,#2529,#2530,#2531));
#657=EDGE_LOOP('',(#2532,#2533,#2534,#2535));
#658=EDGE_LOOP('',(#2536,#2537,#2538,#2539));
#659=EDGE_LOOP('',(#2540,#2541,#2542,#2543));
#660=EDGE_LOOP('',(#2544,#2545,#2546,#2547,#2548,#2549,#2550));
#661=EDGE_LOOP('',(#2551,#2552,#2553,#2554));
#662=EDGE_LOOP('',(#2555));
#663=EDGE_LOOP('',(#2556));
#664=EDGE_LOOP('',(#2557,#2558,#2559,#2560));
#665=EDGE_LOOP('',(#2561,#2562,#2563,#2564,#2565,#2566));
#666=EDGE_LOOP('',(#2567,#2568,#2569,#2570));
#667=EDGE_LOOP('',(#2571,#2572));
#668=EDGE_LOOP('',(#2573,#2574,#2575,#2576,#2577,#2578));
#669=EDGE_LOOP('',(#2579,#2580,#2581,#2582,#2583,#2584,#2585,#2586));
#670=EDGE_LOOP('',(#2587,#2588,#2589,#2590,#2591,#2592));
#671=EDGE_LOOP('',(#2593,#2594));
#672=EDGE_LOOP('',(#2595,#2596,#2597,#2598));
#673=EDGE_LOOP('',(#2599,#2600));
#674=EDGE_LOOP('',(#2601,#2602,#2603,#2604,#2605,#2606));
#675=EDGE_LOOP('',(#2607,#2608,#2609,#2610,#2611,#2612,#2613,#2614));
#676=EDGE_LOOP('',(#2615,#2616,#2617,#2618,#2619,#2620,#2621,#2622));
#677=EDGE_LOOP('',(#2623,#2624,#2625,#2626,#2627,#2628));
#678=EDGE_LOOP('',(#2629,#2630));
#679=EDGE_LOOP('',(#2631,#2632,#2633,#2634));
#680=EDGE_LOOP('',(#2635,#2636));
#681=EDGE_LOOP('',(#2637,#2638,#2639,#2640,#2641,#2642));
#682=EDGE_LOOP('',(#2643,#2644,#2645,#2646,#2647,#2648,#2649,#2650));
#683=EDGE_LOOP('',(#2651,#2652,#2653,#2654,#2655,#2656,#2657,#2658));
#684=EDGE_LOOP('',(#2659,#2660,#2661,#2662,#2663,#2664));
#685=EDGE_LOOP('',(#2665,#2666));
#686=EDGE_LOOP('',(#2667,#2668,#2669,#2670));
#687=EDGE_LOOP('',(#2671,#2672));
#688=EDGE_LOOP('',(#2673,#2674,#2675,#2676,#2677,#2678));
#689=EDGE_LOOP('',(#2679,#2680,#2681,#2682,#2683,#2684,#2685,#2686));
#690=EDGE_LOOP('',(#2687,#2688,#2689,#2690,#2691,#2692,#2693,#2694));
#691=EDGE_LOOP('',(#2695,#2696,#2697,#2698,#2699,#2700));
#692=EDGE_LOOP('',(#2701,#2702));
#693=EDGE_LOOP('',(#2703,#2704,#2705,#2706));
#694=EDGE_LOOP('',(#2707,#2708));
#695=EDGE_LOOP('',(#2709,#2710,#2711,#2712,#2713,#2714,#2715,#2716));
#696=EDGE_LOOP('',(#2717,#2718,#2719,#2720,#2721,#2722));
#697=EDGE_LOOP('',(#2723,#2724,#2725,#2726,#2727,#2728,#2729,#2730));
#698=EDGE_LOOP('',(#2731,#2732,#2733,#2734,#2735,#2736));
#699=EDGE_LOOP('',(#2737,#2738,#2739,#2740));
#700=EDGE_LOOP('',(#2741,#2742));
#701=EDGE_LOOP('',(#2743,#2744));
#702=EDGE_LOOP('',(#2745,#2746,#2747,#2748,#2749,#2750));
#703=EDGE_LOOP('',(#2751,#2752,#2753,#2754,#2755,#2756,#2757,#2758));
#704=EDGE_LOOP('',(#2759,#2760,#2761,#2762,#2763,#2764,#2765,#2766));
#705=EDGE_LOOP('',(#2767,#2768,#2769,#2770,#2771,#2772));
#706=EDGE_LOOP('',(#2773,#2774));
#707=EDGE_LOOP('',(#2775,#2776,#2777,#2778));
#708=EDGE_LOOP('',(#2779,#2780));
#709=EDGE_LOOP('',(#2781,#2782,#2783,#2784,#2785,#2786));
#710=EDGE_LOOP('',(#2787,#2788,#2789,#2790,#2791,#2792,#2793,#2794));
#711=EDGE_LOOP('',(#2795,#2796,#2797,#2798,#2799,#2800,#2801,#2802));
#712=EDGE_LOOP('',(#2803,#2804));
#713=EDGE_LOOP('',(#2805,#2806,#2807,#2808,#2809,#2810,#2811,#2812));
#714=EDGE_LOOP('',(#2813,#2814,#2815,#2816,#2817,#2818,#2819,#2820));
#715=EDGE_LOOP('',(#2821,#2822));
#716=EDGE_LOOP('',(#2823,#2824,#2825,#2826,#2827,#2828));
#717=EDGE_LOOP('',(#2829,#2830));
#718=EDGE_LOOP('',(#2831,#2832));
#719=EDGE_LOOP('',(#2833,#2834));
#720=EDGE_LOOP('',(#2835,#2836));
#721=EDGE_LOOP('',(#2837,#2838));
#722=EDGE_LOOP('',(#2839,#2840));
#723=EDGE_LOOP('',(#2841,#2842));
#724=EDGE_LOOP('',(#2843,#2844));
#725=EDGE_LOOP('',(#2845,#2846));
#726=EDGE_LOOP('',(#2847,#2848));
#727=EDGE_LOOP('',(#2849,#2850));
#728=EDGE_LOOP('',(#2851,#2852));
#729=EDGE_LOOP('',(#2853,#2854));
#730=EDGE_LOOP('',(#2855,#2856));
#731=EDGE_LOOP('',(#2857,#2858));
#732=EDGE_LOOP('',(#2859,#2860,#2861,#2862));
#733=EDGE_LOOP('',(#2863,#2864,#2865,#2866));
#734=EDGE_LOOP('',(#2867,#2868,#2869,#2870));
#735=EDGE_LOOP('',(#2871,#2872,#2873,#2874));
#736=EDGE_LOOP('',(#2875,#2876,#2877,#2878));
#737=EDGE_LOOP('',(#2879,#2880,#2881,#2882));
#738=EDGE_LOOP('',(#2883,#2884,#2885,#2886));
#739=EDGE_LOOP('',(#2887,#2888,#2889,#2890));
#740=EDGE_LOOP('',(#2891,#2892,#2893,#2894));
#741=EDGE_LOOP('',(#2895,#2896,#2897,#2898,#2899));
#742=EDGE_LOOP('',(#2900,#2901,#2902,#2903));
#743=EDGE_LOOP('',(#2904,#2905,#2906,#2907));
#744=EDGE_LOOP('',(#2908,#2909,#2910,#2911));
#745=EDGE_LOOP('',(#2912,#2913,#2914,#2915));
#746=EDGE_LOOP('',(#2916,#2917,#2918,#2919));
#747=EDGE_LOOP('',(#2920,#2921,#2922,#2923,#2924,#2925,#2926,#2927));
#748=EDGE_LOOP('',(#2928,#2929,#2930,#2931));
#749=EDGE_LOOP('',(#2932,#2933,#2934,#2935));
#750=EDGE_LOOP('',(#2936,#2937,#2938,#2939,#2940,#2941,#2942,#2943));
#751=EDGE_LOOP('',(#2944,#2945,#2946,#2947));
#752=EDGE_LOOP('',(#2948,#2949,#2950,#2951));
#753=EDGE_LOOP('',(#2952,#2953,#2954,#2955,#2956,#2957,#2958,#2959));
#754=EDGE_LOOP('',(#2960,#2961,#2962,#2963));
#755=EDGE_LOOP('',(#2964,#2965,#2966,#2967));
#756=EDGE_LOOP('',(#2968,#2969,#2970,#2971,#2972,#2973,#2974,#2975));
#757=EDGE_LOOP('',(#2976,#2977,#2978,#2979));
#758=EDGE_LOOP('',(#2980,#2981,#2982,#2983));
#759=EDGE_LOOP('',(#2984,#2985,#2986,#2987,#2988,#2989,#2990,#2991));
#760=EDGE_LOOP('',(#2992,#2993,#2994,#2995));
#761=EDGE_LOOP('',(#2996,#2997,#2998,#2999));
#762=EDGE_LOOP('',(#3000,#3001,#3002,#3003,#3004,#3005,#3006,#3007));
#763=EDGE_LOOP('',(#3008,#3009,#3010,#3011));
#764=EDGE_LOOP('',(#3012,#3013,#3014,#3015));
#765=EDGE_LOOP('',(#3016,#3017,#3018,#3019,#3020,#3021,#3022,#3023));
#766=EDGE_LOOP('',(#3024,#3025,#3026,#3027));
#767=EDGE_LOOP('',(#3028,#3029,#3030,#3031));
#768=EDGE_LOOP('',(#3032,#3033,#3034,#3035,#3036,#3037,#3038,#3039));
#769=EDGE_LOOP('',(#3040,#3041,#3042,#3043));
#770=EDGE_LOOP('',(#3044,#3045,#3046,#3047));
#771=EDGE_LOOP('',(#3048,#3049,#3050,#3051,#3052,#3053,#3054,#3055));
#772=EDGE_LOOP('',(#3056,#3057,#3058,#3059));
#773=EDGE_LOOP('',(#3060,#3061,#3062,#3063));
#774=EDGE_LOOP('',(#3064,#3065,#3066,#3067,#3068,#3069,#3070,#3071));
#775=EDGE_LOOP('',(#3072,#3073,#3074,#3075));
#776=EDGE_LOOP('',(#3076,#3077,#3078,#3079));
#777=EDGE_LOOP('',(#3080,#3081,#3082,#3083));
#778=EDGE_LOOP('',(#3084,#3085,#3086,#3087,#3088,#3089,#3090,#3091));
#779=EDGE_LOOP('',(#3092,#3093,#3094,#3095));
#780=EDGE_LOOP('',(#3096,#3097,#3098,#3099,#3100,#3101,#3102,#3103));
#781=EDGE_LOOP('',(#3104,#3105,#3106,#3107));
#782=EDGE_LOOP('',(#3108,#3109,#3110,#3111));
#783=EDGE_LOOP('',(#3112,#3113,#3114,#3115,#3116,#3117,#3118,#3119));
#784=EDGE_LOOP('',(#3120,#3121,#3122,#3123));
#785=EDGE_LOOP('',(#3124,#3125,#3126,#3127));
#786=EDGE_LOOP('',(#3128,#3129,#3130,#3131,#3132,#3133,#3134,#3135));
#787=EDGE_LOOP('',(#3136,#3137,#3138,#3139));
#788=EDGE_LOOP('',(#3140,#3141,#3142,#3143));
#789=EDGE_LOOP('',(#3144,#3145,#3146,#3147,#3148,#3149,#3150,#3151));
#790=EDGE_LOOP('',(#3152,#3153,#3154,#3155));
#791=EDGE_LOOP('',(#3156,#3157,#3158,#3159));
#792=EDGE_LOOP('',(#3160,#3161,#3162,#3163,#3164,#3165,#3166,#3167,#3168,
#3169,#3170,#3171,#3172,#3173,#3174,#3175,#3176,#3177,#3178,#3179,#3180,
#3181,#3182,#3183,#3184,#3185,#3186,#3187,#3188,#3189,#3190,#3191,#3192,
#3193,#3194,#3195,#3196,#3197,#3198,#3199,#3200,#3201,#3202,#3203,#3204,
#3205,#3206,#3207,#3208,#3209,#3210,#3211,#3212,#3213,#3214,#3215,#3216,
#3217,#3218,#3219,#3220,#3221,#3222,#3223,#3224,#3225,#3226,#3227,#3228,
#3229,#3230,#3231,#3232,#3233,#3234,#3235,#3236,#3237,#3238,#3239,#3240,
#3241,#3242,#3243,#3244,#3245,#3246,#3247,#3248,#3249,#3250,#3251,#3252,
#3253));
#793=EDGE_LOOP('',(#3254));
#794=EDGE_LOOP('',(#3255));
#795=EDGE_LOOP('',(#3256,#3257,#3258,#3259));
#796=EDGE_LOOP('',(#3260,#3261,#3262,#3263));
#797=EDGE_LOOP('',(#3264,#3265,#3266,#3267));
#798=EDGE_LOOP('',(#3268,#3269,#3270,#3271));
#799=EDGE_LOOP('',(#3272,#3273,#3274,#3275));
#800=EDGE_LOOP('',(#3276,#3277,#3278,#3279));
#801=EDGE_LOOP('',(#3280,#3281,#3282,#3283));
#802=EDGE_LOOP('',(#3284,#3285,#3286,#3287));
#803=EDGE_LOOP('',(#3288,#3289,#3290,#3291));
#804=EDGE_LOOP('',(#3292,#3293,#3294,#3295));
#805=EDGE_LOOP('',(#3296,#3297,#3298,#3299));
#806=EDGE_LOOP('',(#3300,#3301,#3302,#3303));
#807=EDGE_LOOP('',(#3304,#3305,#3306,#3307));
#808=EDGE_LOOP('',(#3308,#3309,#3310,#3311));
#809=EDGE_LOOP('',(#3312,#3313,#3314,#3315));
#810=EDGE_LOOP('',(#3316,#3317,#3318,#3319));
#811=EDGE_LOOP('',(#3320,#3321,#3322,#3323,#3324,#3325));
#812=EDGE_LOOP('',(#3326,#3327,#3328,#3329,#3330,#3331));
#813=EDGE_LOOP('',(#3332,#3333,#3334,#3335,#3336,#3337));
#814=EDGE_LOOP('',(#3338,#3339,#3340,#3341,#3342,#3343));
#815=EDGE_LOOP('',(#3344,#3345,#3346,#3347,#3348,#3349));
#816=EDGE_LOOP('',(#3350,#3351,#3352,#3353,#3354,#3355));
#817=EDGE_LOOP('',(#3356,#3357,#3358,#3359));
#818=EDGE_LOOP('',(#3360,#3361,#3362,#3363));
#819=EDGE_LOOP('',(#3364,#3365,#3366,#3367));
#820=EDGE_LOOP('',(#3368,#3369,#3370,#3371));
#821=EDGE_LOOP('',(#3372,#3373,#3374,#3375));
#822=EDGE_LOOP('',(#3376,#3377,#3378,#3379));
#823=EDGE_LOOP('',(#3380,#3381,#3382,#3383,#3384,#3385));
#824=EDGE_LOOP('',(#3386,#3387,#3388,#3389));
#825=EDGE_LOOP('',(#3390,#3391,#3392,#3393));
#826=EDGE_LOOP('',(#3394,#3395,#3396,#3397));
#827=EDGE_LOOP('',(#3398,#3399,#3400,#3401));
#828=EDGE_LOOP('',(#3402,#3403,#3404,#3405));
#829=EDGE_LOOP('',(#3406,#3407,#3408,#3409));
#830=EDGE_LOOP('',(#3410,#3411,#3412,#3413));
#831=EDGE_LOOP('',(#3414,#3415,#3416,#3417));
#832=EDGE_LOOP('',(#3418,#3419,#3420,#3421));
#833=EDGE_LOOP('',(#3422,#3423,#3424,#3425));
#834=EDGE_LOOP('',(#3426,#3427,#3428,#3429));
#835=EDGE_LOOP('',(#3430,#3431,#3432,#3433));
#836=EDGE_LOOP('',(#3434,#3435,#3436,#3437));
#837=EDGE_LOOP('',(#3438,#3439,#3440,#3441));
#838=EDGE_LOOP('',(#3442,#3443,#3444,#3445));
#839=EDGE_LOOP('',(#3446,#3447,#3448,#3449,#3450,#3451));
#840=EDGE_LOOP('',(#3452,#3453,#3454,#3455,#3456,#3457,#3458,#3459));
#841=EDGE_LOOP('',(#3460,#3461,#3462,#3463,#3464,#3465,#3466,#3467));
#842=EDGE_LOOP('',(#3468,#3469,#3470,#3471,#3472,#3473,#3474,#3475));
#843=EDGE_LOOP('',(#3476,#3477,#3478,#3479,#3480,#3481,#3482,#3483));
#844=EDGE_LOOP('',(#3484,#3485,#3486,#3487,#3488,#3489,#3490,#3491));
#845=EDGE_LOOP('',(#3492,#3493,#3494,#3495,#3496,#3497,#3498,#3499));
#846=EDGE_LOOP('',(#3500,#3501,#3502,#3503,#3504,#3505,#3506,#3507));
#847=EDGE_LOOP('',(#3508,#3509,#3510,#3511,#3512,#3513,#3514,#3515));
#848=EDGE_LOOP('',(#3516,#3517,#3518,#3519,#3520,#3521,#3522,#3523));
#849=EDGE_LOOP('',(#3524,#3525,#3526,#3527,#3528,#3529,#3530,#3531));
#850=EDGE_LOOP('',(#3532,#3533,#3534,#3535,#3536,#3537,#3538,#3539));
#851=EDGE_LOOP('',(#3540,#3541,#3542,#3543,#3544,#3545,#3546,#3547));
#852=EDGE_LOOP('',(#3548,#3549,#3550,#3551,#3552,#3553,#3554,#3555));
#853=EDGE_LOOP('',(#3556,#3557,#3558,#3559,#3560,#3561,#3562,#3563));
#854=EDGE_LOOP('',(#3564,#3565,#3566,#3567,#3568,#3569,#3570,#3571));
#855=EDGE_LOOP('',(#3572,#3573,#3574,#3575,#3576,#3577,#3578,#3579,#3580,
#3581,#3582,#3583,#3584,#3585,#3586,#3587,#3588,#3589,#3590,#3591,#3592,
#3593,#3594,#3595,#3596,#3597,#3598,#3599,#3600,#3601,#3602,#3603,#3604,
#3605,#3606,#3607,#3608,#3609,#3610,#3611,#3612,#3613,#3614,#3615,#3616,
#3617,#3618,#3619,#3620,#3621,#3622,#3623,#3624,#3625,#3626,#3627,#3628,
#3629,#3630,#3631));
#856=EDGE_LOOP('',(#3632));
#857=EDGE_LOOP('',(#3633,#3634,#3635,#3636));
#858=EDGE_LOOP('',(#3637,#3638,#3639,#3640,#3641,#3642));
#859=EDGE_LOOP('',(#3643,#3644,#3645,#3646,#3647,#3648));
#860=EDGE_LOOP('',(#3649,#3650,#3651,#3652,#3653,#3654));
#861=EDGE_LOOP('',(#3655,#3656,#3657,#3658,#3659,#3660));
#862=EDGE_LOOP('',(#3661,#3662,#3663,#3664,#3665,#3666));
#863=EDGE_LOOP('',(#3667,#3668,#3669,#3670,#3671,#3672));
#864=EDGE_LOOP('',(#3673,#3674,#3675,#3676,#3677,#3678));
#865=LINE('',#5430,#1155);
#866=LINE('',#5432,#1156);
#867=LINE('',#5434,#1157);
#868=LINE('',#5435,#1158);
#869=LINE('',#5438,#1159);
#870=LINE('',#5440,#1160);
#871=LINE('',#5442,#1161);
#872=LINE('',#5444,#1162);
#873=LINE('',#5446,#1163);
#874=LINE('',#5448,#1164);
#875=LINE('',#5450,#1165);
#876=LINE('',#5452,#1166);
#877=LINE('',#5453,#1167);
#878=LINE('',#5458,#1168);
#879=LINE('',#5460,#1169);
#880=LINE('',#5461,#1170);
#881=LINE('',#5464,#1171);
#882=LINE('',#5465,#1172);
#883=LINE('',#5468,#1173);
#884=LINE('',#5469,#1174);
#885=LINE('',#5472,#1175);
#886=LINE('',#5474,#1176);
#887=LINE('',#5478,#1177);
#888=LINE('',#5479,#1178);
#889=LINE('',#5486,#1179);
#890=LINE('',#5491,#1180);
#891=LINE('',#5493,#1181);
#892=LINE('',#5494,#1182);
#893=LINE('',#5496,#1183);
#894=LINE('',#5498,#1184);
#895=LINE('',#5499,#1185);
#896=LINE('',#5502,#1186);
#897=LINE('',#5504,#1187);
#898=LINE('',#5505,#1188);
#899=LINE('',#5506,#1189);
#900=LINE('',#5507,#1190);
#901=LINE('',#5516,#1191);
#902=LINE('',#5519,#1192);
#903=LINE('',#5522,#1193);
#904=LINE('',#5524,#1194);
#905=LINE('',#5531,#1195);
#906=LINE('',#5537,#1196);
#907=LINE('',#5582,#1197);
#908=LINE('',#5624,#1198);
#909=LINE('',#5626,#1199);
#910=LINE('',#5666,#1200);
#911=LINE('',#5688,#1201);
#912=LINE('',#5690,#1202);
#913=LINE('',#5692,#1203);
#914=LINE('',#5696,#1204);
#915=LINE('',#5697,#1205);
#916=LINE('',#5742,#1206);
#917=LINE('',#5766,#1207);
#918=LINE('',#5786,#1208);
#919=LINE('',#5788,#1209);
#920=LINE('',#5832,#1210);
#921=LINE('',#5852,#1211);
#922=LINE('',#5854,#1212);
#923=LINE('',#5856,#1213);
#924=LINE('',#5860,#1214);
#925=LINE('',#5861,#1215);
#926=LINE('',#5866,#1216);
#927=LINE('',#5868,#1217);
#928=LINE('',#5870,#1218);
#929=LINE('',#5874,#1219);
#930=LINE('',#5875,#1220);
#931=LINE('',#5920,#1221);
#932=LINE('',#5944,#1222);
#933=LINE('',#5964,#1223);
#934=LINE('',#5966,#1224);
#935=LINE('',#6010,#1225);
#936=LINE('',#6030,#1226);
#937=LINE('',#6032,#1227);
#938=LINE('',#6034,#1228);
#939=LINE('',#6038,#1229);
#940=LINE('',#6039,#1230);
#941=LINE('',#6044,#1231);
#942=LINE('',#6046,#1232);
#943=LINE('',#6048,#1233);
#944=LINE('',#6052,#1234);
#945=LINE('',#6053,#1235);
#946=LINE('',#6098,#1236);
#947=LINE('',#6122,#1237);
#948=LINE('',#6142,#1238);
#949=LINE('',#6144,#1239);
#950=LINE('',#6188,#1240);
#951=LINE('',#6208,#1241);
#952=LINE('',#6210,#1242);
#953=LINE('',#6212,#1243);
#954=LINE('',#6216,#1244);
#955=LINE('',#6217,#1245);
#956=LINE('',#6222,#1246);
#957=LINE('',#6224,#1247);
#958=LINE('',#6226,#1248);
#959=LINE('',#6230,#1249);
#960=LINE('',#6231,#1250);
#961=LINE('',#6276,#1251);
#962=LINE('',#6300,#1252);
#963=LINE('',#6320,#1253);
#964=LINE('',#6322,#1254);
#965=LINE('',#6327,#1255);
#966=LINE('',#6329,#1256);
#967=LINE('',#6331,#1257);
#968=LINE('',#6335,#1258);
#969=LINE('',#6336,#1259);
#970=LINE('',#6414,#1260);
#971=LINE('',#6434,#1261);
#972=LINE('',#6436,#1262);
#973=LINE('',#6438,#1263);
#974=LINE('',#6442,#1264);
#975=LINE('',#6443,#1265);
#976=LINE('',#6488,#1266);
#977=LINE('',#6530,#1267);
#978=LINE('',#6532,#1268);
#979=LINE('',#6534,#1269);
#980=LINE('',#6574,#1270);
#981=LINE('',#6596,#1271);
#982=LINE('',#6598,#1272);
#983=LINE('',#6600,#1273);
#984=LINE('',#6604,#1274);
#985=LINE('',#6605,#1275);
#986=LINE('',#6610,#1276);
#987=LINE('',#6612,#1277);
#988=LINE('',#6614,#1278);
#989=LINE('',#6618,#1279);
#990=LINE('',#6619,#1280);
#991=LINE('',#6660,#1281);
#992=LINE('',#6686,#1282);
#993=LINE('',#6706,#1283);
#994=LINE('',#6708,#1284);
#995=LINE('',#6748,#1285);
#996=LINE('',#6770,#1286);
#997=LINE('',#6772,#1287);
#998=LINE('',#6774,#1288);
#999=LINE('',#6778,#1289);
#1000=LINE('',#6779,#1290);
#1001=LINE('',#6784,#1291);
#1002=LINE('',#6786,#1292);
#1003=LINE('',#6788,#1293);
#1004=LINE('',#6792,#1294);
#1005=LINE('',#6793,#1295);
#1006=LINE('',#6795,#1296);
#1007=LINE('',#6800,#1297);
#1008=LINE('',#6802,#1298);
#1009=LINE('',#6804,#1299);
#1010=LINE('',#6808,#1300);
#1011=LINE('',#6809,#1301);
#1012=LINE('',#6815,#1302);
#1013=LINE('',#6817,#1303);
#1014=LINE('',#6819,#1304);
#1015=LINE('',#6823,#1305);
#1016=LINE('',#6825,#1306);
#1017=LINE('',#6826,#1307);
#1018=LINE('',#6904,#1308);
#1019=LINE('',#6921,#1309);
#1020=LINE('',#6931,#1310);
#1021=LINE('',#6935,#1311);
#1022=LINE('',#6951,#1312);
#1023=LINE('',#6961,#1313);
#1024=LINE('',#6971,#1314);
#1025=LINE('',#6981,#1315);
#1026=LINE('',#6991,#1316);
#1027=LINE('',#7001,#1317);
#1028=LINE('',#7011,#1318);
#1029=LINE('',#7021,#1319);
#1030=LINE('',#7031,#1320);
#1031=LINE('',#7041,#1321);
#1032=LINE('',#7051,#1322);
#1033=LINE('',#7061,#1323);
#1034=LINE('',#7071,#1324);
#1035=LINE('',#7076,#1325);
#1036=LINE('',#7082,#1326);
#1037=LINE('',#7088,#1327);
#1038=LINE('',#7094,#1328);
#1039=LINE('',#7100,#1329);
#1040=LINE('',#7106,#1330);
#1041=LINE('',#7112,#1331);
#1042=LINE('',#7118,#1332);
#1043=LINE('',#7124,#1333);
#1044=LINE('',#7131,#1334);
#1045=LINE('',#7138,#1335);
#1046=LINE('',#7143,#1336);
#1047=LINE('',#7147,#1337);
#1048=LINE('',#7156,#1338);
#1049=LINE('',#7160,#1339);
#1050=LINE('',#7162,#1340);
#1051=LINE('',#7164,#1341);
#1052=LINE('',#7165,#1342);
#1053=LINE('',#7171,#1343);
#1054=LINE('',#7172,#1344);
#1055=LINE('',#7174,#1345);
#1056=LINE('',#7177,#1346);
#1057=LINE('',#7179,#1347);
#1058=LINE('',#7181,#1348);
#1059=LINE('',#7182,#1349);
#1060=LINE('',#7189,#1350);
#1061=LINE('',#7191,#1351);
#1062=LINE('',#7192,#1352);
#1063=LINE('',#7194,#1353);
#1064=LINE('',#7197,#1354);
#1065=LINE('',#7199,#1355);
#1066=LINE('',#7202,#1356);
#1067=LINE('',#7208,#1357);
#1068=LINE('',#7209,#1358);
#1069=LINE('',#7211,#1359);
#1070=LINE('',#7214,#1360);
#1071=LINE('',#7216,#1361);
#1072=LINE('',#7219,#1362);
#1073=LINE('',#7225,#1363);
#1074=LINE('',#7226,#1364);
#1075=LINE('',#7228,#1365);
#1076=LINE('',#7231,#1366);
#1077=LINE('',#7233,#1367);
#1078=LINE('',#7236,#1368);
#1079=LINE('',#7242,#1369);
#1080=LINE('',#7243,#1370);
#1081=LINE('',#7245,#1371);
#1082=LINE('',#7248,#1372);
#1083=LINE('',#7250,#1373);
#1084=LINE('',#7253,#1374);
#1085=LINE('',#7259,#1375);
#1086=LINE('',#7260,#1376);
#1087=LINE('',#7262,#1377);
#1088=LINE('',#7265,#1378);
#1089=LINE('',#7267,#1379);
#1090=LINE('',#7270,#1380);
#1091=LINE('',#7276,#1381);
#1092=LINE('',#7277,#1382);
#1093=LINE('',#7279,#1383);
#1094=LINE('',#7282,#1384);
#1095=LINE('',#7284,#1385);
#1096=LINE('',#7286,#1386);
#1097=LINE('',#7287,#1387);
#1098=LINE('',#7293,#1388);
#1099=LINE('',#7294,#1389);
#1100=LINE('',#7296,#1390);
#1101=LINE('',#7299,#1391);
#1102=LINE('',#7301,#1392);
#1103=LINE('',#7303,#1393);
#1104=LINE('',#7304,#1394);
#1105=LINE('',#7310,#1395);
#1106=LINE('',#7311,#1396);
#1107=LINE('',#7313,#1397);
#1108=LINE('',#7316,#1398);
#1109=LINE('',#7318,#1399);
#1110=LINE('',#7320,#1400);
#1111=LINE('',#7321,#1401);
#1112=LINE('',#7327,#1402);
#1113=LINE('',#7328,#1403);
#1114=LINE('',#7330,#1404);
#1115=LINE('',#7335,#1405);
#1116=LINE('',#7337,#1406);
#1117=LINE('',#7339,#1407);
#1118=LINE('',#7340,#1408);
#1119=LINE('',#7344,#1409);
#1120=LINE('',#7346,#1410);
#1121=LINE('',#7350,#1411);
#1122=LINE('',#7352,#1412);
#1123=LINE('',#7354,#1413);
#1124=LINE('',#7355,#1414);
#1125=LINE('',#7361,#1415);
#1126=LINE('',#7362,#1416);
#1127=LINE('',#7364,#1417);
#1128=LINE('',#7367,#1418);
#1129=LINE('',#7369,#1419);
#1130=LINE('',#7371,#1420);
#1131=LINE('',#7372,#1421);
#1132=LINE('',#7378,#1422);
#1133=LINE('',#7379,#1423);
#1134=LINE('',#7381,#1424);
#1135=LINE('',#7384,#1425);
#1136=LINE('',#7386,#1426);
#1137=LINE('',#7389,#1427);
#1138=LINE('',#7395,#1428);
#1139=LINE('',#7396,#1429);
#1140=LINE('',#7398,#1430);
#1141=LINE('',#7401,#1431);
#1142=LINE('',#7403,#1432);
#1143=LINE('',#7406,#1433);
#1144=LINE('',#7412,#1434);
#1145=LINE('',#7413,#1435);
#1146=LINE('',#7415,#1436);
#1147=LINE('',#7422,#1437);
#1148=LINE('',#7650,#1438);
#1149=LINE('',#7693,#1439);
#1150=LINE('',#7738,#1440);
#1151=LINE('',#7783,#1441);
#1152=LINE('',#7828,#1442);
#1153=LINE('',#7873,#1443);
#1154=LINE('',#7902,#1444);
#1155=VECTOR('',#4416,10.);
#1156=VECTOR('',#4417,10.);
#1157=VECTOR('',#4418,10.);
#1158=VECTOR('',#4419,10.);
#1159=VECTOR('',#4422,10.);
#1160=VECTOR('',#4423,10.);
#1161=VECTOR('',#4424,10.);
#1162=VECTOR('',#4425,10.);
#1163=VECTOR('',#4426,10.);
#1164=VECTOR('',#4427,10.);
#1165=VECTOR('',#4428,10.);
#1166=VECTOR('',#4429,10.);
#1167=VECTOR('',#4430,10.);
#1168=VECTOR('',#4435,10.);
#1169=VECTOR('',#4436,10.);
#1170=VECTOR('',#4437,10.);
#1171=VECTOR('',#4440,10.);
#1172=VECTOR('',#4441,10.);
#1173=VECTOR('',#4444,10.);
#1174=VECTOR('',#4445,10.);
#1175=VECTOR('',#4448,10.);
#1176=VECTOR('',#4449,10.);
#1177=VECTOR('',#4452,10.);
#1178=VECTOR('',#4453,10.);
#1179=VECTOR('',#4460,10.);
#1180=VECTOR('',#4465,10.);
#1181=VECTOR('',#4468,10.);
#1182=VECTOR('',#4469,10.);
#1183=VECTOR('',#4470,10.);
#1184=VECTOR('',#4471,10.);
#1185=VECTOR('',#4472,10.);
#1186=VECTOR('',#4475,10.);
#1187=VECTOR('',#4476,10.);
#1188=VECTOR('',#4477,10.);
#1189=VECTOR('',#4478,10.);
#1190=VECTOR('',#4479,10.);
#1191=VECTOR('',#4490,5.);
#1192=VECTOR('',#4495,4.);
#1193=VECTOR('',#4500,10.);
#1194=VECTOR('',#4503,10.);
#1195=VECTOR('',#4512,3.);
#1196=VECTOR('',#4521,1.6);
#1197=VECTOR('',#4522,10.);
#1198=VECTOR('',#4527,10.);
#1199=VECTOR('',#4530,10.);
#1200=VECTOR('',#4531,10.);
#1201=VECTOR('',#4536,10.);
#1202=VECTOR('',#4537,10.);
#1203=VECTOR('',#4538,10.);
#1204=VECTOR('',#4541,10.);
#1205=VECTOR('',#4542,10.);
#1206=VECTOR('',#4543,10.);
#1207=VECTOR('',#4546,10.);
#1208=VECTOR('',#4551,10.);
#1209=VECTOR('',#4554,10.);
#1210=VECTOR('',#4555,10.);
#1211=VECTOR('',#4560,10.);
#1212=VECTOR('',#4561,10.);
#1213=VECTOR('',#4562,10.);
#1214=VECTOR('',#4565,10.);
#1215=VECTOR('',#4566,10.);
#1216=VECTOR('',#4571,10.);
#1217=VECTOR('',#4572,10.);
#1218=VECTOR('',#4573,10.);
#1219=VECTOR('',#4576,10.);
#1220=VECTOR('',#4577,10.);
#1221=VECTOR('',#4578,10.);
#1222=VECTOR('',#4581,10.);
#1223=VECTOR('',#4586,10.);
#1224=VECTOR('',#4589,10.);
#1225=VECTOR('',#4590,10.);
#1226=VECTOR('',#4595,10.);
#1227=VECTOR('',#4596,10.);
#1228=VECTOR('',#4597,10.);
#1229=VECTOR('',#4600,10.);
#1230=VECTOR('',#4601,10.);
#1231=VECTOR('',#4606,10.);
#1232=VECTOR('',#4607,10.);
#1233=VECTOR('',#4608,10.);
#1234=VECTOR('',#4611,10.);
#1235=VECTOR('',#4612,10.);
#1236=VECTOR('',#4613,10.);
#1237=VECTOR('',#4616,10.);
#1238=VECTOR('',#4621,10.);
#1239=VECTOR('',#4624,10.);
#1240=VECTOR('',#4625,10.);
#1241=VECTOR('',#4630,10.);
#1242=VECTOR('',#4631,10.);
#1243=VECTOR('',#4632,10.);
#1244=VECTOR('',#4635,10.);
#1245=VECTOR('',#4636,10.);
#1246=VECTOR('',#4641,10.);
#1247=VECTOR('',#4642,10.);
#1248=VECTOR('',#4643,10.);
#1249=VECTOR('',#4646,10.);
#1250=VECTOR('',#4647,10.);
#1251=VECTOR('',#4648,10.);
#1252=VECTOR('',#4651,10.);
#1253=VECTOR('',#4656,10.);
#1254=VECTOR('',#4659,10.);
#1255=VECTOR('',#4664,10.);
#1256=VECTOR('',#4665,10.);
#1257=VECTOR('',#4666,10.);
#1258=VECTOR('',#4669,10.);
#1259=VECTOR('',#4670,10.);
#1260=VECTOR('',#4671,10.);
#1261=VECTOR('',#4676,10.);
#1262=VECTOR('',#4677,10.);
#1263=VECTOR('',#4678,10.);
#1264=VECTOR('',#4681,10.);
#1265=VECTOR('',#4682,10.);
#1266=VECTOR('',#4683,10.);
#1267=VECTOR('',#4688,10.);
#1268=VECTOR('',#4691,10.);
#1269=VECTOR('',#4694,10.);
#1270=VECTOR('',#4695,10.);
#1271=VECTOR('',#4700,10.);
#1272=VECTOR('',#4701,10.);
#1273=VECTOR('',#4702,10.);
#1274=VECTOR('',#4705,10.);
#1275=VECTOR('',#4706,10.);
#1276=VECTOR('',#4711,10.);
#1277=VECTOR('',#4712,10.);
#1278=VECTOR('',#4713,10.);
#1279=VECTOR('',#4716,10.);
#1280=VECTOR('',#4717,10.);
#1281=VECTOR('',#4718,10.);
#1282=VECTOR('',#4721,10.);
#1283=VECTOR('',#4726,10.);
#1284=VECTOR('',#4729,10.);
#1285=VECTOR('',#4730,10.);
#1286=VECTOR('',#4735,10.);
#1287=VECTOR('',#4736,10.);
#1288=VECTOR('',#4737,10.);
#1289=VECTOR('',#4740,10.);
#1290=VECTOR('',#4741,10.);
#1291=VECTOR('',#4746,10.);
#1292=VECTOR('',#4747,10.);
#1293=VECTOR('',#4748,10.);
#1294=VECTOR('',#4751,10.);
#1295=VECTOR('',#4752,10.);
#1296=VECTOR('',#4755,10.);
#1297=VECTOR('',#4760,10.);
#1298=VECTOR('',#4761,10.);
#1299=VECTOR('',#4762,10.);
#1300=VECTOR('',#4765,10.);
#1301=VECTOR('',#4766,10.);
#1302=VECTOR('',#4771,10.);
#1303=VECTOR('',#4772,10.);
#1304=VECTOR('',#4773,10.);
#1305=VECTOR('',#4776,10.);
#1306=VECTOR('',#4777,10.);
#1307=VECTOR('',#4778,10.);
#1308=VECTOR('',#4781,10.);
#1309=VECTOR('',#4782,10.);
#1310=VECTOR('',#4785,10.);
#1311=VECTOR('',#4788,10.);
#1312=VECTOR('',#4791,10.);
#1313=VECTOR('',#4794,10.);
#1314=VECTOR('',#4797,10.);
#1315=VECTOR('',#4800,10.);
#1316=VECTOR('',#4803,10.);
#1317=VECTOR('',#4806,10.);
#1318=VECTOR('',#4809,10.);
#1319=VECTOR('',#4812,10.);
#1320=VECTOR('',#4815,10.);
#1321=VECTOR('',#4818,10.);
#1322=VECTOR('',#4821,10.);
#1323=VECTOR('',#4824,10.);
#1324=VECTOR('',#4827,10.);
#1325=VECTOR('',#4832,10.);
#1326=VECTOR('',#4839,10.);
#1327=VECTOR('',#4846,10.);
#1328=VECTOR('',#4853,10.);
#1329=VECTOR('',#4860,10.);
#1330=VECTOR('',#4867,10.);
#1331=VECTOR('',#4874,10.);
#1332=VECTOR('',#4881,10.);
#1333=VECTOR('',#4888,10.);
#1334=VECTOR('',#4895,10.);
#1335=VECTOR('',#4904,10.);
#1336=VECTOR('',#4909,10.);
#1337=VECTOR('',#4912,10.);
#1338=VECTOR('',#4925,10.);
#1339=VECTOR('',#4930,10.);
#1340=VECTOR('',#4931,10.);
#1341=VECTOR('',#4932,10.);
#1342=VECTOR('',#4933,10.);
#1343=VECTOR('',#4940,10.);
#1344=VECTOR('',#4941,10.);
#1345=VECTOR('',#4944,10.);
#1346=VECTOR('',#4947,10.);
#1347=VECTOR('',#4948,10.);
#1348=VECTOR('',#4949,10.);
#1349=VECTOR('',#4950,10.);
#1350=VECTOR('',#4957,10.);
#1351=VECTOR('',#4958,10.);
#1352=VECTOR('',#4959,10.);
#1353=VECTOR('',#4962,10.);
#1354=VECTOR('',#4965,10.);
#1355=VECTOR('',#4966,10.);
#1356=VECTOR('',#4969,10.);
#1357=VECTOR('',#4976,10.);
#1358=VECTOR('',#4977,10.);
#1359=VECTOR('',#4980,10.);
#1360=VECTOR('',#4983,10.);
#1361=VECTOR('',#4984,10.);
#1362=VECTOR('',#4987,10.);
#1363=VECTOR('',#4994,10.);
#1364=VECTOR('',#4995,10.);
#1365=VECTOR('',#4998,10.);
#1366=VECTOR('',#5001,10.);
#1367=VECTOR('',#5002,10.);
#1368=VECTOR('',#5005,10.);
#1369=VECTOR('',#5012,10.);
#1370=VECTOR('',#5013,10.);
#1371=VECTOR('',#5016,10.);
#1372=VECTOR('',#5019,10.);
#1373=VECTOR('',#5020,10.);
#1374=VECTOR('',#5023,10.);
#1375=VECTOR('',#5030,10.);
#1376=VECTOR('',#5031,10.);
#1377=VECTOR('',#5034,10.);
#1378=VECTOR('',#5037,10.);
#1379=VECTOR('',#5038,10.);
#1380=VECTOR('',#5041,10.);
#1381=VECTOR('',#5048,10.);
#1382=VECTOR('',#5049,10.);
#1383=VECTOR('',#5052,10.);
#1384=VECTOR('',#5055,10.);
#1385=VECTOR('',#5056,10.);
#1386=VECTOR('',#5057,10.);
#1387=VECTOR('',#5058,10.);
#1388=VECTOR('',#5065,10.);
#1389=VECTOR('',#5066,10.);
#1390=VECTOR('',#5069,10.);
#1391=VECTOR('',#5072,10.);
#1392=VECTOR('',#5073,10.);
#1393=VECTOR('',#5074,10.);
#1394=VECTOR('',#5075,10.);
#1395=VECTOR('',#5082,10.);
#1396=VECTOR('',#5083,10.);
#1397=VECTOR('',#5086,10.);
#1398=VECTOR('',#5089,10.);
#1399=VECTOR('',#5090,10.);
#1400=VECTOR('',#5091,10.);
#1401=VECTOR('',#5092,10.);
#1402=VECTOR('',#5099,10.);
#1403=VECTOR('',#5100,10.);
#1404=VECTOR('',#5103,10.);
#1405=VECTOR('',#5110,10.);
#1406=VECTOR('',#5111,10.);
#1407=VECTOR('',#5112,10.);
#1408=VECTOR('',#5113,10.);
#1409=VECTOR('',#5118,10.);
#1410=VECTOR('',#5119,10.);
#1411=VECTOR('',#5124,10.);
#1412=VECTOR('',#5125,10.);
#1413=VECTOR('',#5126,10.);
#1414=VECTOR('',#5127,10.);
#1415=VECTOR('',#5134,10.);
#1416=VECTOR('',#5135,10.);
#1417=VECTOR('',#5138,10.);
#1418=VECTOR('',#5141,10.);
#1419=VECTOR('',#5142,10.);
#1420=VECTOR('',#5143,10.);
#1421=VECTOR('',#5144,10.);
#1422=VECTOR('',#5151,10.);
#1423=VECTOR('',#5152,10.);
#1424=VECTOR('',#5155,10.);
#1425=VECTOR('',#5158,10.);
#1426=VECTOR('',#5159,10.);
#1427=VECTOR('',#5162,10.);
#1428=VECTOR('',#5169,10.);
#1429=VECTOR('',#5170,10.);
#1430=VECTOR('',#5173,10.);
#1431=VECTOR('',#5176,10.);
#1432=VECTOR('',#5177,10.);
#1433=VECTOR('',#5180,10.);
#1434=VECTOR('',#5187,10.);
#1435=VECTOR('',#5188,10.);
#1436=VECTOR('',#5191,10.);
#1437=VECTOR('',#5202,7.5);
#1438=VECTOR('',#5269,10.);
#1439=VECTOR('',#5270,10.);
#1440=VECTOR('',#5271,10.);
#1441=VECTOR('',#5272,10.);
#1442=VECTOR('',#5273,10.);
#1443=VECTOR('',#5274,10.);
#1444=VECTOR('',#5299,10.);
#1445=VERTEX_POINT('',#5428);
#1446=VERTEX_POINT('',#5429);
#1447=VERTEX_POINT('',#5431);
#1448=VERTEX_POINT('',#5433);
#1449=VERTEX_POINT('',#5437);
#1450=VERTEX_POINT('',#5439);
#1451=VERTEX_POINT('',#5441);
#1452=VERTEX_POINT('',#5443);
#1453=VERTEX_POINT('',#5445);
#1454=VERTEX_POINT('',#5447);
#1455=VERTEX_POINT('',#5449);
#1456=VERTEX_POINT('',#5451);
#1457=VERTEX_POINT('',#5454);
#1458=VERTEX_POINT('',#5457);
#1459=VERTEX_POINT('',#5459);
#1460=VERTEX_POINT('',#5463);
#1461=VERTEX_POINT('',#5467);
#1462=VERTEX_POINT('',#5471);
#1463=VERTEX_POINT('',#5473);
#1464=VERTEX_POINT('',#5475);
#1465=VERTEX_POINT('',#5477);
#1466=VERTEX_POINT('',#5481);
#1467=VERTEX_POINT('',#5482);
#1468=VERTEX_POINT('',#5484);
#1469=VERTEX_POINT('',#5488);
#1470=VERTEX_POINT('',#5489);
#1471=VERTEX_POINT('',#5495);
#1472=VERTEX_POINT('',#5497);
#1473=VERTEX_POINT('',#5501);
#1474=VERTEX_POINT('',#5503);
#1475=VERTEX_POINT('',#5509);
#1476=VERTEX_POINT('',#5511);
#1477=VERTEX_POINT('',#5514);
#1478=VERTEX_POINT('',#5528);
#1479=VERTEX_POINT('',#5530);
#1480=VERTEX_POINT('',#5534);
#1481=VERTEX_POINT('',#5566);
#1482=VERTEX_POINT('',#5567);
#1483=VERTEX_POINT('',#5574);
#1484=VERTEX_POINT('',#5581);
#1485=VERTEX_POINT('',#5583);
#1486=VERTEX_POINT('',#5592);
#1487=VERTEX_POINT('',#5606);
#1488=VERTEX_POINT('',#5607);
#1489=VERTEX_POINT('',#5615);
#1490=VERTEX_POINT('',#5622);
#1491=VERTEX_POINT('',#5651);
#1492=VERTEX_POINT('',#5658);
#1493=VERTEX_POINT('',#5665);
#1494=VERTEX_POINT('',#5667);
#1495=VERTEX_POINT('',#5685);
#1496=VERTEX_POINT('',#5687);
#1497=VERTEX_POINT('',#5689);
#1498=VERTEX_POINT('',#5691);
#1499=VERTEX_POINT('',#5693);
#1500=VERTEX_POINT('',#5695);
#1501=VERTEX_POINT('',#5726);
#1502=VERTEX_POINT('',#5727);
#1503=VERTEX_POINT('',#5734);
#1504=VERTEX_POINT('',#5741);
#1505=VERTEX_POINT('',#5743);
#1506=VERTEX_POINT('',#5752);
#1507=VERTEX_POINT('',#5768);
#1508=VERTEX_POINT('',#5769);
#1509=VERTEX_POINT('',#5777);
#1510=VERTEX_POINT('',#5784);
#1511=VERTEX_POINT('',#5817);
#1512=VERTEX_POINT('',#5824);
#1513=VERTEX_POINT('',#5831);
#1514=VERTEX_POINT('',#5833);
#1515=VERTEX_POINT('',#5849);
#1516=VERTEX_POINT('',#5851);
#1517=VERTEX_POINT('',#5853);
#1518=VERTEX_POINT('',#5855);
#1519=VERTEX_POINT('',#5857);
#1520=VERTEX_POINT('',#5859);
#1521=VERTEX_POINT('',#5863);
#1522=VERTEX_POINT('',#5865);
#1523=VERTEX_POINT('',#5867);
#1524=VERTEX_POINT('',#5869);
#1525=VERTEX_POINT('',#5871);
#1526=VERTEX_POINT('',#5873);
#1527=VERTEX_POINT('',#5904);
#1528=VERTEX_POINT('',#5905);
#1529=VERTEX_POINT('',#5912);
#1530=VERTEX_POINT('',#5919);
#1531=VERTEX_POINT('',#5921);
#1532=VERTEX_POINT('',#5930);
#1533=VERTEX_POINT('',#5946);
#1534=VERTEX_POINT('',#5947);
#1535=VERTEX_POINT('',#5955);
#1536=VERTEX_POINT('',#5962);
#1537=VERTEX_POINT('',#5995);
#1538=VERTEX_POINT('',#6002);
#1539=VERTEX_POINT('',#6009);
#1540=VERTEX_POINT('',#6011);
#1541=VERTEX_POINT('',#6027);
#1542=VERTEX_POINT('',#6029);
#1543=VERTEX_POINT('',#6031);
#1544=VERTEX_POINT('',#6033);
#1545=VERTEX_POINT('',#6035);
#1546=VERTEX_POINT('',#6037);
#1547=VERTEX_POINT('',#6041);
#1548=VERTEX_POINT('',#6043);
#1549=VERTEX_POINT('',#6045);
#1550=VERTEX_POINT('',#6047);
#1551=VERTEX_POINT('',#6049);
#1552=VERTEX_POINT('',#6051);
#1553=VERTEX_POINT('',#6082);
#1554=VERTEX_POINT('',#6083);
#1555=VERTEX_POINT('',#6090);
#1556=VERTEX_POINT('',#6097);
#1557=VERTEX_POINT('',#6099);
#1558=VERTEX_POINT('',#6108);
#1559=VERTEX_POINT('',#6124);
#1560=VERTEX_POINT('',#6125);
#1561=VERTEX_POINT('',#6133);
#1562=VERTEX_POINT('',#6140);
#1563=VERTEX_POINT('',#6173);
#1564=VERTEX_POINT('',#6180);
#1565=VERTEX_POINT('',#6187);
#1566=VERTEX_POINT('',#6189);
#1567=VERTEX_POINT('',#6205);
#1568=VERTEX_POINT('',#6207);
#1569=VERTEX_POINT('',#6209);
#1570=VERTEX_POINT('',#6211);
#1571=VERTEX_POINT('',#6213);
#1572=VERTEX_POINT('',#6215);
#1573=VERTEX_POINT('',#6219);
#1574=VERTEX_POINT('',#6221);
#1575=VERTEX_POINT('',#6223);
#1576=VERTEX_POINT('',#6225);
#1577=VERTEX_POINT('',#6227);
#1578=VERTEX_POINT('',#6229);
#1579=VERTEX_POINT('',#6260);
#1580=VERTEX_POINT('',#6261);
#1581=VERTEX_POINT('',#6268);
#1582=VERTEX_POINT('',#6275);
#1583=VERTEX_POINT('',#6277);
#1584=VERTEX_POINT('',#6286);
#1585=VERTEX_POINT('',#6302);
#1586=VERTEX_POINT('',#6303);
#1587=VERTEX_POINT('',#6311);
#1588=VERTEX_POINT('',#6318);
#1589=VERTEX_POINT('',#6324);
#1590=VERTEX_POINT('',#6326);
#1591=VERTEX_POINT('',#6328);
#1592=VERTEX_POINT('',#6330);
#1593=VERTEX_POINT('',#6332);
#1594=VERTEX_POINT('',#6334);
#1595=VERTEX_POINT('',#6397);
#1596=VERTEX_POINT('',#6406);
#1597=VERTEX_POINT('',#6413);
#1598=VERTEX_POINT('',#6415);
#1599=VERTEX_POINT('',#6431);
#1600=VERTEX_POINT('',#6433);
#1601=VERTEX_POINT('',#6435);
#1602=VERTEX_POINT('',#6437);
#1603=VERTEX_POINT('',#6439);
#1604=VERTEX_POINT('',#6441);
#1605=VERTEX_POINT('',#6472);
#1606=VERTEX_POINT('',#6473);
#1607=VERTEX_POINT('',#6480);
#1608=VERTEX_POINT('',#6487);
#1609=VERTEX_POINT('',#6489);
#1610=VERTEX_POINT('',#6498);
#1611=VERTEX_POINT('',#6512);
#1612=VERTEX_POINT('',#6513);
#1613=VERTEX_POINT('',#6521);
#1614=VERTEX_POINT('',#6528);
#1615=VERTEX_POINT('',#6559);
#1616=VERTEX_POINT('',#6566);
#1617=VERTEX_POINT('',#6573);
#1618=VERTEX_POINT('',#6575);
#1619=VERTEX_POINT('',#6593);
#1620=VERTEX_POINT('',#6595);
#1621=VERTEX_POINT('',#6597);
#1622=VERTEX_POINT('',#6599);
#1623=VERTEX_POINT('',#6601);
#1624=VERTEX_POINT('',#6603);
#1625=VERTEX_POINT('',#6607);
#1626=VERTEX_POINT('',#6609);
#1627=VERTEX_POINT('',#6611);
#1628=VERTEX_POINT('',#6613);
#1629=VERTEX_POINT('',#6615);
#1630=VERTEX_POINT('',#6617);
#1631=VERTEX_POINT('',#6644);
#1632=VERTEX_POINT('',#6645);
#1633=VERTEX_POINT('',#6652);
#1634=VERTEX_POINT('',#6659);
#1635=VERTEX_POINT('',#6661);
#1636=VERTEX_POINT('',#6672);
#1637=VERTEX_POINT('',#6688);
#1638=VERTEX_POINT('',#6689);
#1639=VERTEX_POINT('',#6697);
#1640=VERTEX_POINT('',#6704);
#1641=VERTEX_POINT('',#6733);
#1642=VERTEX_POINT('',#6740);
#1643=VERTEX_POINT('',#6747);
#1644=VERTEX_POINT('',#6749);
#1645=VERTEX_POINT('',#6767);
#1646=VERTEX_POINT('',#6769);
#1647=VERTEX_POINT('',#6771);
#1648=VERTEX_POINT('',#6773);
#1649=VERTEX_POINT('',#6775);
#1650=VERTEX_POINT('',#6777);
#1651=VERTEX_POINT('',#6781);
#1652=VERTEX_POINT('',#6783);
#1653=VERTEX_POINT('',#6785);
#1654=VERTEX_POINT('',#6787);
#1655=VERTEX_POINT('',#6789);
#1656=VERTEX_POINT('',#6791);
#1657=VERTEX_POINT('',#6797);
#1658=VERTEX_POINT('',#6799);
#1659=VERTEX_POINT('',#6801);
#1660=VERTEX_POINT('',#6803);
#1661=VERTEX_POINT('',#6805);
#1662=VERTEX_POINT('',#6807);
#1663=VERTEX_POINT('',#6811);
#1664=VERTEX_POINT('',#6812);
#1665=VERTEX_POINT('',#6814);
#1666=VERTEX_POINT('',#6816);
#1667=VERTEX_POINT('',#6818);
#1668=VERTEX_POINT('',#6820);
#1669=VERTEX_POINT('',#6822);
#1670=VERTEX_POINT('',#6824);
#1671=VERTEX_POINT('',#6894);
#1672=VERTEX_POINT('',#6903);
#1673=VERTEX_POINT('',#6905);
#1674=VERTEX_POINT('',#6912);
#1675=VERTEX_POINT('',#6923);
#1676=VERTEX_POINT('',#6924);
#1677=VERTEX_POINT('',#6933);
#1678=VERTEX_POINT('',#6934);
#1679=VERTEX_POINT('',#6943);
#1680=VERTEX_POINT('',#6944);
#1681=VERTEX_POINT('',#6953);
#1682=VERTEX_POINT('',#6954);
#1683=VERTEX_POINT('',#6963);
#1684=VERTEX_POINT('',#6964);
#1685=VERTEX_POINT('',#6973);
#1686=VERTEX_POINT('',#6974);
#1687=VERTEX_POINT('',#6983);
#1688=VERTEX_POINT('',#6984);
#1689=VERTEX_POINT('',#6993);
#1690=VERTEX_POINT('',#6994);
#1691=VERTEX_POINT('',#7003);
#1692=VERTEX_POINT('',#7004);
#1693=VERTEX_POINT('',#7013);
#1694=VERTEX_POINT('',#7014);
#1695=VERTEX_POINT('',#7023);
#1696=VERTEX_POINT('',#7024);
#1697=VERTEX_POINT('',#7033);
#1698=VERTEX_POINT('',#7034);
#1699=VERTEX_POINT('',#7043);
#1700=VERTEX_POINT('',#7044);
#1701=VERTEX_POINT('',#7053);
#1702=VERTEX_POINT('',#7054);
#1703=VERTEX_POINT('',#7063);
#1704=VERTEX_POINT('',#7064);
#1705=VERTEX_POINT('',#7073);
#1706=VERTEX_POINT('',#7075);
#1707=VERTEX_POINT('',#7079);
#1708=VERTEX_POINT('',#7081);
#1709=VERTEX_POINT('',#7085);
#1710=VERTEX_POINT('',#7087);
#1711=VERTEX_POINT('',#7091);
#1712=VERTEX_POINT('',#7093);
#1713=VERTEX_POINT('',#7097);
#1714=VERTEX_POINT('',#7099);
#1715=VERTEX_POINT('',#7103);
#1716=VERTEX_POINT('',#7105);
#1717=VERTEX_POINT('',#7109);
#1718=VERTEX_POINT('',#7111);
#1719=VERTEX_POINT('',#7115);
#1720=VERTEX_POINT('',#7117);
#1721=VERTEX_POINT('',#7121);
#1722=VERTEX_POINT('',#7123);
#1723=VERTEX_POINT('',#7127);
#1724=VERTEX_POINT('',#7128);
#1725=VERTEX_POINT('',#7130);
#1726=VERTEX_POINT('',#7135);
#1727=VERTEX_POINT('',#7137);
#1728=VERTEX_POINT('',#7141);
#1729=VERTEX_POINT('',#7142);
#1730=VERTEX_POINT('',#7144);
#1731=VERTEX_POINT('',#7146);
#1732=VERTEX_POINT('',#7153);
#1733=VERTEX_POINT('',#7155);
#1734=VERTEX_POINT('',#7159);
#1735=VERTEX_POINT('',#7161);
#1736=VERTEX_POINT('',#7163);
#1737=VERTEX_POINT('',#7168);
#1738=VERTEX_POINT('',#7170);
#1739=VERTEX_POINT('',#7176);
#1740=VERTEX_POINT('',#7178);
#1741=VERTEX_POINT('',#7180);
#1742=VERTEX_POINT('',#7184);
#1743=VERTEX_POINT('',#7186);
#1744=VERTEX_POINT('',#7188);
#1745=VERTEX_POINT('',#7190);
#1746=VERTEX_POINT('',#7196);
#1747=VERTEX_POINT('',#7198);
#1748=VERTEX_POINT('',#7200);
#1749=VERTEX_POINT('',#7205);
#1750=VERTEX_POINT('',#7207);
#1751=VERTEX_POINT('',#7213);
#1752=VERTEX_POINT('',#7215);
#1753=VERTEX_POINT('',#7217);
#1754=VERTEX_POINT('',#7222);
#1755=VERTEX_POINT('',#7224);
#1756=VERTEX_POINT('',#7230);
#1757=VERTEX_POINT('',#7232);
#1758=VERTEX_POINT('',#7234);
#1759=VERTEX_POINT('',#7239);
#1760=VERTEX_POINT('',#7241);
#1761=VERTEX_POINT('',#7247);
#1762=VERTEX_POINT('',#7249);
#1763=VERTEX_POINT('',#7251);
#1764=VERTEX_POINT('',#7256);
#1765=VERTEX_POINT('',#7258);
#1766=VERTEX_POINT('',#7264);
#1767=VERTEX_POINT('',#7266);
#1768=VERTEX_POINT('',#7268);
#1769=VERTEX_POINT('',#7273);
#1770=VERTEX_POINT('',#7275);
#1771=VERTEX_POINT('',#7281);
#1772=VERTEX_POINT('',#7283);
#1773=VERTEX_POINT('',#7285);
#1774=VERTEX_POINT('',#7290);
#1775=VERTEX_POINT('',#7292);
#1776=VERTEX_POINT('',#7298);
#1777=VERTEX_POINT('',#7300);
#1778=VERTEX_POINT('',#7302);
#1779=VERTEX_POINT('',#7307);
#1780=VERTEX_POINT('',#7309);
#1781=VERTEX_POINT('',#7315);
#1782=VERTEX_POINT('',#7317);
#1783=VERTEX_POINT('',#7319);
#1784=VERTEX_POINT('',#7324);
#1785=VERTEX_POINT('',#7326);
#1786=VERTEX_POINT('',#7334);
#1787=VERTEX_POINT('',#7336);
#1788=VERTEX_POINT('',#7338);
#1789=VERTEX_POINT('',#7343);
#1790=VERTEX_POINT('',#7345);
#1791=VERTEX_POINT('',#7349);
#1792=VERTEX_POINT('',#7351);
#1793=VERTEX_POINT('',#7353);
#1794=VERTEX_POINT('',#7358);
#1795=VERTEX_POINT('',#7360);
#1796=VERTEX_POINT('',#7366);
#1797=VERTEX_POINT('',#7368);
#1798=VERTEX_POINT('',#7370);
#1799=VERTEX_POINT('',#7375);
#1800=VERTEX_POINT('',#7377);
#1801=VERTEX_POINT('',#7383);
#1802=VERTEX_POINT('',#7385);
#1803=VERTEX_POINT('',#7387);
#1804=VERTEX_POINT('',#7392);
#1805=VERTEX_POINT('',#7394);
#1806=VERTEX_POINT('',#7400);
#1807=VERTEX_POINT('',#7402);
#1808=VERTEX_POINT('',#7404);
#1809=VERTEX_POINT('',#7409);
#1810=VERTEX_POINT('',#7411);
#1811=VERTEX_POINT('',#7420);
#1812=VERTEX_POINT('',#7423);
#1813=VERTEX_POINT('',#7437);
#1814=VERTEX_POINT('',#7451);
#1815=VERTEX_POINT('',#7465);
#1816=VERTEX_POINT('',#7479);
#1817=VERTEX_POINT('',#7493);
#1818=VERTEX_POINT('',#7509);
#1819=VERTEX_POINT('',#7525);
#1820=VERTEX_POINT('',#7617);
#1821=VERTEX_POINT('',#7649);
#1822=VERTEX_POINT('',#7651);
#1823=VERTEX_POINT('',#7692);
#1824=VERTEX_POINT('',#7694);
#1825=VERTEX_POINT('',#7737);
#1826=VERTEX_POINT('',#7739);
#1827=VERTEX_POINT('',#7782);
#1828=VERTEX_POINT('',#7784);
#1829=VERTEX_POINT('',#7827);
#1830=VERTEX_POINT('',#7829);
#1831=VERTEX_POINT('',#7872);
#1832=VERTEX_POINT('',#7874);
#1833=VERTEX_POINT('',#7900);
#1834=VERTEX_POINT('',#7931);
#1835=VERTEX_POINT('',#8036);
#1836=VERTEX_POINT('',#8060);
#1837=VERTEX_POINT('',#8073);
#1838=VERTEX_POINT('',#8084);
#1839=VERTEX_POINT('',#8095);
#1840=VERTEX_POINT('',#8108);
#1841=VERTEX_POINT('',#8117);
#1842=VERTEX_POINT('',#8126);
#1843=EDGE_CURVE('',#1445,#1446,#865,.T.);
#1844=EDGE_CURVE('',#1447,#1445,#866,.T.);
#1845=EDGE_CURVE('',#1447,#1448,#867,.T.);
#1846=EDGE_CURVE('',#1448,#1446,#868,.T.);
#1847=EDGE_CURVE('',#1446,#1449,#869,.T.);
#1848=EDGE_CURVE('',#1448,#1450,#870,.T.);
#1849=EDGE_CURVE('',#1451,#1450,#871,.T.);
#1850=EDGE_CURVE('',#1452,#1451,#872,.T.);
#1851=EDGE_CURVE('',#1453,#1452,#873,.T.);
#1852=EDGE_CURVE('',#1454,#1453,#874,.T.);
#1853=EDGE_CURVE('',#1454,#1455,#875,.T.);
#1854=EDGE_CURVE('',#1456,#1455,#876,.T.);
#1855=EDGE_CURVE('',#1449,#1456,#877,.T.);
#1856=EDGE_CURVE('',#1457,#1457,#321,.T.);
#1857=EDGE_CURVE('',#1458,#1452,#878,.T.);
#1858=EDGE_CURVE('',#1459,#1458,#879,.T.);
#1859=EDGE_CURVE('',#1459,#1453,#880,.T.);
#1860=EDGE_CURVE('',#1460,#1459,#881,.T.);
#1861=EDGE_CURVE('',#1460,#1454,#882,.T.);
#1862=EDGE_CURVE('',#1461,#1449,#883,.T.);
#1863=EDGE_CURVE('',#1445,#1461,#884,.T.);
#1864=EDGE_CURVE('',#1458,#1462,#885,.T.);
#1865=EDGE_CURVE('',#1462,#1463,#886,.T.);
#1866=EDGE_CURVE('',#1463,#1464,#322,.T.);
#1867=EDGE_CURVE('',#1464,#1465,#887,.T.);
#1868=EDGE_CURVE('',#1465,#1460,#888,.T.);
#1869=EDGE_CURVE('',#1466,#1467,#245,.T.);
#1870=EDGE_CURVE('',#1467,#1468,#246,.T.);
#1871=EDGE_CURVE('',#1468,#1466,#889,.T.);
#1872=EDGE_CURVE('',#1469,#1470,#247,.T.);
#1873=EDGE_CURVE('',#1470,#1469,#890,.T.);
#1874=EDGE_CURVE('',#1463,#1470,#891,.T.);
#1875=EDGE_CURVE('',#1462,#1451,#892,.T.);
#1876=EDGE_CURVE('',#1450,#1471,#893,.T.);
#1877=EDGE_CURVE('',#1472,#1471,#894,.T.);
#1878=EDGE_CURVE('',#1469,#1472,#895,.T.);
#1879=EDGE_CURVE('',#1473,#1468,#896,.T.);
#1880=EDGE_CURVE('',#1474,#1473,#897,.T.);
#1881=EDGE_CURVE('',#1474,#1456,#898,.T.);
#1882=EDGE_CURVE('',#1455,#1465,#899,.T.);
#1883=EDGE_CURVE('',#1466,#1464,#900,.T.);
#1884=EDGE_CURVE('',#1475,#1475,#323,.F.);
#1885=EDGE_CURVE('',#1476,#1476,#324,.F.);
#1886=EDGE_CURVE('',#1477,#1477,#325,.T.);
#1887=EDGE_CURVE('',#1477,#1475,#901,.T.);
#1888=EDGE_CURVE('',#1473,#1472,#326,.T.);
#1889=EDGE_CURVE('',#1467,#1476,#902,.T.);
#1890=EDGE_CURVE('',#1461,#1474,#903,.T.);
#1891=EDGE_CURVE('',#1471,#1447,#904,.T.);
#1892=EDGE_CURVE('',#1478,#1478,#327,.T.);
#1893=EDGE_CURVE('',#1478,#1479,#905,.T.);
#1894=EDGE_CURVE('',#1479,#1479,#328,.T.);
#1895=EDGE_CURVE('',#1480,#1480,#329,.T.);
#1896=EDGE_CURVE('',#1480,#1457,#906,.T.);
#1897=EDGE_CURVE('',#1481,#1482,#45,.T.);
#1898=EDGE_CURVE('',#1482,#1483,#46,.T.);
#1899=EDGE_CURVE('',#1483,#1484,#907,.T.);
#1900=EDGE_CURVE('',#1484,#1485,#47,.T.);
#1901=EDGE_CURVE('',#1486,#1485,#48,.T.);
#1902=EDGE_CURVE('',#1481,#1486,#49,.T.);
#1903=EDGE_CURVE('',#1487,#1488,#50,.T.);
#1904=EDGE_CURVE('',#1488,#1489,#51,.T.);
#1905=EDGE_CURVE('',#1490,#1489,#330,.T.);
#1906=EDGE_CURVE('',#1487,#1490,#908,.T.);
#1907=EDGE_CURVE('',#1483,#1482,#909,.F.);
#1908=EDGE_CURVE('',#1488,#1491,#52,.T.);
#1909=EDGE_CURVE('',#1491,#1492,#53,.T.);
#1910=EDGE_CURVE('',#1492,#1493,#910,.T.);
#1911=EDGE_CURVE('',#1493,#1494,#54,.T.);
#1912=EDGE_CURVE('',#1489,#1494,#55,.T.);
#1913=EDGE_CURVE('',#1482,#1495,#248,.T.);
#1914=EDGE_CURVE('',#1495,#1496,#911,.T.);
#1915=EDGE_CURVE('',#1497,#1496,#912,.T.);
#1916=EDGE_CURVE('',#1498,#1497,#913,.F.);
#1917=EDGE_CURVE('',#1498,#1499,#249,.T.);
#1918=EDGE_CURVE('',#1500,#1499,#914,.T.);
#1919=EDGE_CURVE('',#1500,#1483,#915,.T.);
#1920=EDGE_CURVE('',#1501,#1502,#56,.T.);
#1921=EDGE_CURVE('',#1502,#1503,#57,.T.);
#1922=EDGE_CURVE('',#1503,#1504,#916,.T.);
#1923=EDGE_CURVE('',#1504,#1505,#58,.T.);
#1924=EDGE_CURVE('',#1506,#1505,#59,.T.);
#1925=EDGE_CURVE('',#1501,#1506,#60,.T.);
#1926=EDGE_CURVE('',#1492,#1491,#917,.F.);
#1927=EDGE_CURVE('',#1507,#1508,#61,.T.);
#1928=EDGE_CURVE('',#1508,#1509,#62,.T.);
#1929=EDGE_CURVE('',#1510,#1509,#331,.T.);
#1930=EDGE_CURVE('',#1507,#1510,#918,.T.);
#1931=EDGE_CURVE('',#1503,#1502,#919,.F.);
#1932=EDGE_CURVE('',#1508,#1511,#63,.T.);
#1933=EDGE_CURVE('',#1511,#1512,#64,.T.);
#1934=EDGE_CURVE('',#1512,#1513,#920,.T.);
#1935=EDGE_CURVE('',#1513,#1514,#65,.T.);
#1936=EDGE_CURVE('',#1509,#1514,#66,.T.);
#1937=EDGE_CURVE('',#1491,#1515,#250,.T.);
#1938=EDGE_CURVE('',#1515,#1516,#921,.T.);
#1939=EDGE_CURVE('',#1517,#1516,#922,.T.);
#1940=EDGE_CURVE('',#1518,#1517,#923,.F.);
#1941=EDGE_CURVE('',#1518,#1519,#251,.T.);
#1942=EDGE_CURVE('',#1520,#1519,#924,.T.);
#1943=EDGE_CURVE('',#1520,#1492,#925,.T.);
#1944=EDGE_CURVE('',#1502,#1521,#252,.T.);
#1945=EDGE_CURVE('',#1521,#1522,#926,.T.);
#1946=EDGE_CURVE('',#1523,#1522,#927,.T.);
#1947=EDGE_CURVE('',#1524,#1523,#928,.F.);
#1948=EDGE_CURVE('',#1524,#1525,#253,.T.);
#1949=EDGE_CURVE('',#1526,#1525,#929,.T.);
#1950=EDGE_CURVE('',#1526,#1503,#930,.T.);
#1951=EDGE_CURVE('',#1527,#1528,#67,.T.);
#1952=EDGE_CURVE('',#1528,#1529,#68,.T.);
#1953=EDGE_CURVE('',#1529,#1530,#931,.T.);
#1954=EDGE_CURVE('',#1530,#1531,#69,.T.);
#1955=EDGE_CURVE('',#1532,#1531,#70,.T.);
#1956=EDGE_CURVE('',#1527,#1532,#71,.T.);
#1957=EDGE_CURVE('',#1512,#1511,#932,.F.);
#1958=EDGE_CURVE('',#1533,#1534,#72,.T.);
#1959=EDGE_CURVE('',#1534,#1535,#73,.T.);
#1960=EDGE_CURVE('',#1536,#1535,#332,.T.);
#1961=EDGE_CURVE('',#1533,#1536,#933,.T.);
#1962=EDGE_CURVE('',#1529,#1528,#934,.F.);
#1963=EDGE_CURVE('',#1534,#1537,#74,.T.);
#1964=EDGE_CURVE('',#1537,#1538,#75,.T.);
#1965=EDGE_CURVE('',#1538,#1539,#935,.T.);
#1966=EDGE_CURVE('',#1539,#1540,#76,.T.);
#1967=EDGE_CURVE('',#1535,#1540,#77,.T.);
#1968=EDGE_CURVE('',#1511,#1541,#254,.T.);
#1969=EDGE_CURVE('',#1541,#1542,#936,.T.);
#1970=EDGE_CURVE('',#1543,#1542,#937,.T.);
#1971=EDGE_CURVE('',#1544,#1543,#938,.F.);
#1972=EDGE_CURVE('',#1544,#1545,#255,.T.);
#1973=EDGE_CURVE('',#1546,#1545,#939,.T.);
#1974=EDGE_CURVE('',#1546,#1512,#940,.T.);
#1975=EDGE_CURVE('',#1528,#1547,#256,.T.);
#1976=EDGE_CURVE('',#1547,#1548,#941,.T.);
#1977=EDGE_CURVE('',#1549,#1548,#942,.T.);
#1978=EDGE_CURVE('',#1550,#1549,#943,.F.);
#1979=EDGE_CURVE('',#1550,#1551,#257,.T.);
#1980=EDGE_CURVE('',#1552,#1551,#944,.T.);
#1981=EDGE_CURVE('',#1552,#1529,#945,.T.);
#1982=EDGE_CURVE('',#1553,#1554,#78,.T.);
#1983=EDGE_CURVE('',#1554,#1555,#79,.T.);
#1984=EDGE_CURVE('',#1555,#1556,#946,.T.);
#1985=EDGE_CURVE('',#1556,#1557,#80,.T.);
#1986=EDGE_CURVE('',#1558,#1557,#81,.T.);
#1987=EDGE_CURVE('',#1553,#1558,#82,.T.);
#1988=EDGE_CURVE('',#1538,#1537,#947,.F.);
#1989=EDGE_CURVE('',#1559,#1560,#83,.T.);
#1990=EDGE_CURVE('',#1560,#1561,#84,.T.);
#1991=EDGE_CURVE('',#1562,#1561,#333,.T.);
#1992=EDGE_CURVE('',#1559,#1562,#948,.T.);
#1993=EDGE_CURVE('',#1555,#1554,#949,.F.);
#1994=EDGE_CURVE('',#1560,#1563,#85,.T.);
#1995=EDGE_CURVE('',#1563,#1564,#86,.T.);
#1996=EDGE_CURVE('',#1564,#1565,#950,.T.);
#1997=EDGE_CURVE('',#1565,#1566,#87,.T.);
#1998=EDGE_CURVE('',#1561,#1566,#88,.T.);
#1999=EDGE_CURVE('',#1537,#1567,#258,.T.);
#2000=EDGE_CURVE('',#1567,#1568,#951,.T.);
#2001=EDGE_CURVE('',#1569,#1568,#952,.T.);
#2002=EDGE_CURVE('',#1570,#1569,#953,.F.);
#2003=EDGE_CURVE('',#1570,#1571,#259,.T.);
#2004=EDGE_CURVE('',#1572,#1571,#954,.T.);
#2005=EDGE_CURVE('',#1572,#1538,#955,.T.);
#2006=EDGE_CURVE('',#1554,#1573,#260,.T.);
#2007=EDGE_CURVE('',#1573,#1574,#956,.T.);
#2008=EDGE_CURVE('',#1575,#1574,#957,.T.);
#2009=EDGE_CURVE('',#1576,#1575,#958,.F.);
#2010=EDGE_CURVE('',#1576,#1577,#261,.T.);
#2011=EDGE_CURVE('',#1578,#1577,#959,.T.);
#2012=EDGE_CURVE('',#1578,#1555,#960,.T.);
#2013=EDGE_CURVE('',#1579,#1580,#89,.T.);
#2014=EDGE_CURVE('',#1580,#1581,#90,.T.);
#2015=EDGE_CURVE('',#1581,#1582,#961,.T.);
#2016=EDGE_CURVE('',#1582,#1583,#91,.T.);
#2017=EDGE_CURVE('',#1584,#1583,#92,.T.);
#2018=EDGE_CURVE('',#1579,#1584,#93,.T.);
#2019=EDGE_CURVE('',#1564,#1563,#962,.F.);
#2020=EDGE_CURVE('',#1585,#1586,#94,.T.);
#2021=EDGE_CURVE('',#1586,#1587,#95,.T.);
#2022=EDGE_CURVE('',#1588,#1587,#334,.T.);
#2023=EDGE_CURVE('',#1585,#1588,#963,.T.);
#2024=EDGE_CURVE('',#1581,#1580,#964,.F.);
#2025=EDGE_CURVE('',#1563,#1589,#262,.T.);
#2026=EDGE_CURVE('',#1589,#1590,#965,.T.);
#2027=EDGE_CURVE('',#1591,#1590,#966,.T.);
#2028=EDGE_CURVE('',#1592,#1591,#967,.F.);
#2029=EDGE_CURVE('',#1592,#1593,#263,.T.);
#2030=EDGE_CURVE('',#1594,#1593,#968,.T.);
#2031=EDGE_CURVE('',#1594,#1564,#969,.T.);
#2032=EDGE_CURVE('',#1586,#1595,#96,.T.);
#2033=EDGE_CURVE('',#1595,#1596,#97,.T.);
#2034=EDGE_CURVE('',#1596,#1597,#970,.T.);
#2035=EDGE_CURVE('',#1597,#1598,#98,.T.);
#2036=EDGE_CURVE('',#1587,#1598,#99,.T.);
#2037=EDGE_CURVE('',#1580,#1599,#264,.T.);
#2038=EDGE_CURVE('',#1599,#1600,#971,.T.);
#2039=EDGE_CURVE('',#1601,#1600,#972,.T.);
#2040=EDGE_CURVE('',#1602,#1601,#973,.F.);
#2041=EDGE_CURVE('',#1602,#1603,#265,.T.);
#2042=EDGE_CURVE('',#1604,#1603,#974,.T.);
#2043=EDGE_CURVE('',#1604,#1581,#975,.T.);
#2044=EDGE_CURVE('',#1605,#1606,#100,.T.);
#2045=EDGE_CURVE('',#1606,#1607,#101,.T.);
#2046=EDGE_CURVE('',#1607,#1608,#976,.T.);
#2047=EDGE_CURVE('',#1608,#1609,#102,.T.);
#2048=EDGE_CURVE('',#1610,#1609,#103,.T.);
#2049=EDGE_CURVE('',#1605,#1610,#104,.T.);
#2050=EDGE_CURVE('',#1611,#1612,#105,.T.);
#2051=EDGE_CURVE('',#1612,#1613,#106,.T.);
#2052=EDGE_CURVE('',#1614,#1613,#335,.T.);
#2053=EDGE_CURVE('',#1611,#1614,#977,.T.);
#2054=EDGE_CURVE('',#1596,#1595,#978,.F.);
#2055=EDGE_CURVE('',#1607,#1606,#979,.F.);
#2056=EDGE_CURVE('',#1612,#1615,#107,.T.);
#2057=EDGE_CURVE('',#1615,#1616,#108,.T.);
#2058=EDGE_CURVE('',#1616,#1617,#980,.T.);
#2059=EDGE_CURVE('',#1617,#1618,#109,.T.);
#2060=EDGE_CURVE('',#1613,#1618,#110,.T.);
#2061=EDGE_CURVE('',#1595,#1619,#266,.T.);
#2062=EDGE_CURVE('',#1619,#1620,#981,.T.);
#2063=EDGE_CURVE('',#1621,#1620,#982,.T.);
#2064=EDGE_CURVE('',#1622,#1621,#983,.F.);
#2065=EDGE_CURVE('',#1622,#1623,#267,.T.);
#2066=EDGE_CURVE('',#1624,#1623,#984,.T.);
#2067=EDGE_CURVE('',#1624,#1596,#985,.T.);
#2068=EDGE_CURVE('',#1606,#1625,#268,.T.);
#2069=EDGE_CURVE('',#1625,#1626,#986,.T.);
#2070=EDGE_CURVE('',#1627,#1626,#987,.T.);
#2071=EDGE_CURVE('',#1628,#1627,#988,.F.);
#2072=EDGE_CURVE('',#1628,#1629,#269,.T.);
#2073=EDGE_CURVE('',#1630,#1629,#989,.T.);
#2074=EDGE_CURVE('',#1630,#1607,#990,.T.);
#2075=EDGE_CURVE('',#1631,#1632,#111,.T.);
#2076=EDGE_CURVE('',#1632,#1633,#112,.T.);
#2077=EDGE_CURVE('',#1633,#1634,#991,.T.);
#2078=EDGE_CURVE('',#1634,#1635,#113,.T.);
#2079=EDGE_CURVE('',#1636,#1635,#114,.T.);
#2080=EDGE_CURVE('',#1631,#1636,#115,.T.);
#2081=EDGE_CURVE('',#1616,#1615,#992,.F.);
#2082=EDGE_CURVE('',#1637,#1638,#116,.T.);
#2083=EDGE_CURVE('',#1638,#1639,#117,.T.);
#2084=EDGE_CURVE('',#1640,#1639,#336,.T.);
#2085=EDGE_CURVE('',#1637,#1640,#993,.T.);
#2086=EDGE_CURVE('',#1633,#1632,#994,.F.);
#2087=EDGE_CURVE('',#1638,#1641,#118,.T.);
#2088=EDGE_CURVE('',#1641,#1642,#119,.T.);
#2089=EDGE_CURVE('',#1642,#1643,#995,.T.);
#2090=EDGE_CURVE('',#1643,#1644,#120,.T.);
#2091=EDGE_CURVE('',#1639,#1644,#121,.T.);
#2092=EDGE_CURVE('',#1615,#1645,#270,.T.);
#2093=EDGE_CURVE('',#1645,#1646,#996,.T.);
#2094=EDGE_CURVE('',#1647,#1646,#997,.T.);
#2095=EDGE_CURVE('',#1648,#1647,#998,.F.);
#2096=EDGE_CURVE('',#1648,#1649,#271,.T.);
#2097=EDGE_CURVE('',#1650,#1649,#999,.T.);
#2098=EDGE_CURVE('',#1650,#1616,#1000,.T.);
#2099=EDGE_CURVE('',#1632,#1651,#272,.T.);
#2100=EDGE_CURVE('',#1651,#1652,#1001,.T.);
#2101=EDGE_CURVE('',#1653,#1652,#1002,.T.);
#2102=EDGE_CURVE('',#1654,#1653,#1003,.F.);
#2103=EDGE_CURVE('',#1654,#1655,#273,.T.);
#2104=EDGE_CURVE('',#1656,#1655,#1004,.T.);
#2105=EDGE_CURVE('',#1656,#1633,#1005,.T.);
#2106=EDGE_CURVE('',#1642,#1641,#1006,.F.);
#2107=EDGE_CURVE('',#1641,#1657,#274,.T.);
#2108=EDGE_CURVE('',#1657,#1658,#1007,.T.);
#2109=EDGE_CURVE('',#1659,#1658,#1008,.T.);
#2110=EDGE_CURVE('',#1660,#1659,#1009,.F.);
#2111=EDGE_CURVE('',#1660,#1661,#275,.T.);
#2112=EDGE_CURVE('',#1662,#1661,#1010,.T.);
#2113=EDGE_CURVE('',#1662,#1642,#1011,.T.);
#2114=EDGE_CURVE('',#1663,#1664,#276,.T.);
#2115=EDGE_CURVE('',#1664,#1665,#1012,.F.);
#2116=EDGE_CURVE('',#1665,#1666,#1013,.F.);
#2117=EDGE_CURVE('',#1666,#1667,#1014,.T.);
#2118=EDGE_CURVE('',#1667,#1668,#277,.T.);
#2119=EDGE_CURVE('',#1668,#1669,#1015,.T.);
#2120=EDGE_CURVE('',#1669,#1670,#1016,.T.);
#2121=EDGE_CURVE('',#1663,#1670,#1017,.T.);
#2122=EDGE_CURVE('',#1665,#1664,#122,.T.);
#2123=EDGE_CURVE('',#1664,#1671,#123,.T.);
#2124=EDGE_CURVE('',#1671,#1672,#1018,.T.);
#2125=EDGE_CURVE('',#1673,#1672,#124,.T.);
#2126=EDGE_CURVE('',#1673,#1674,#125,.T.);
#2127=EDGE_CURVE('',#1665,#1674,#1019,.T.);
#2128=EDGE_CURVE('',#1675,#1676,#126,.T.);
#2129=EDGE_CURVE('',#1676,#1675,#1020,.F.);
#2130=EDGE_CURVE('',#1677,#1678,#1021,.F.);
#2131=EDGE_CURVE('',#1678,#1677,#127,.T.);
#2132=EDGE_CURVE('',#1679,#1680,#128,.T.);
#2133=EDGE_CURVE('',#1680,#1679,#1022,.F.);
#2134=EDGE_CURVE('',#1681,#1682,#129,.T.);
#2135=EDGE_CURVE('',#1682,#1681,#1023,.F.);
#2136=EDGE_CURVE('',#1683,#1684,#130,.T.);
#2137=EDGE_CURVE('',#1684,#1683,#1024,.F.);
#2138=EDGE_CURVE('',#1685,#1686,#131,.T.);
#2139=EDGE_CURVE('',#1686,#1685,#1025,.F.);
#2140=EDGE_CURVE('',#1687,#1688,#132,.T.);
#2141=EDGE_CURVE('',#1688,#1687,#1026,.F.);
#2142=EDGE_CURVE('',#1689,#1690,#133,.T.);
#2143=EDGE_CURVE('',#1690,#1689,#1027,.F.);
#2144=EDGE_CURVE('',#1691,#1692,#134,.T.);
#2145=EDGE_CURVE('',#1692,#1691,#1028,.F.);
#2146=EDGE_CURVE('',#1693,#1694,#135,.T.);
#2147=EDGE_CURVE('',#1694,#1693,#1029,.F.);
#2148=EDGE_CURVE('',#1695,#1696,#136,.T.);
#2149=EDGE_CURVE('',#1696,#1695,#1030,.F.);
#2150=EDGE_CURVE('',#1697,#1698,#137,.T.);
#2151=EDGE_CURVE('',#1698,#1697,#1031,.F.);
#2152=EDGE_CURVE('',#1699,#1700,#138,.T.);
#2153=EDGE_CURVE('',#1700,#1699,#1032,.F.);
#2154=EDGE_CURVE('',#1701,#1702,#139,.T.);
#2155=EDGE_CURVE('',#1702,#1701,#1033,.F.);
#2156=EDGE_CURVE('',#1703,#1704,#140,.T.);
#2157=EDGE_CURVE('',#1704,#1703,#1034,.F.);
#2158=EDGE_CURVE('',#1705,#1521,#337,.T.);
#2159=EDGE_CURVE('',#1705,#1706,#1035,.T.);
#2160=EDGE_CURVE('',#1706,#1522,#338,.T.);
#2161=EDGE_CURVE('',#1707,#1589,#339,.T.);
#2162=EDGE_CURVE('',#1707,#1708,#1036,.T.);
#2163=EDGE_CURVE('',#1708,#1590,#340,.T.);
#2164=EDGE_CURVE('',#1709,#1547,#341,.T.);
#2165=EDGE_CURVE('',#1709,#1710,#1037,.T.);
#2166=EDGE_CURVE('',#1710,#1548,#342,.T.);
#2167=EDGE_CURVE('',#1711,#1567,#343,.T.);
#2168=EDGE_CURVE('',#1711,#1712,#1038,.T.);
#2169=EDGE_CURVE('',#1712,#1568,#344,.T.);
#2170=EDGE_CURVE('',#1713,#1573,#345,.T.);
#2171=EDGE_CURVE('',#1713,#1714,#1039,.T.);
#2172=EDGE_CURVE('',#1714,#1574,#346,.T.);
#2173=EDGE_CURVE('',#1715,#1541,#347,.T.);
#2174=EDGE_CURVE('',#1715,#1716,#1040,.T.);
#2175=EDGE_CURVE('',#1716,#1542,#348,.T.);
#2176=EDGE_CURVE('',#1717,#1599,#349,.T.);
#2177=EDGE_CURVE('',#1717,#1718,#1041,.T.);
#2178=EDGE_CURVE('',#1718,#1600,#350,.T.);
#2179=EDGE_CURVE('',#1719,#1515,#351,.T.);
#2180=EDGE_CURVE('',#1719,#1720,#1042,.T.);
#2181=EDGE_CURVE('',#1720,#1516,#352,.T.);
#2182=EDGE_CURVE('',#1721,#1625,#353,.T.);
#2183=EDGE_CURVE('',#1721,#1722,#1043,.T.);
#2184=EDGE_CURVE('',#1722,#1626,#354,.T.);
#2185=EDGE_CURVE('',#1723,#1724,#355,.T.);
#2186=EDGE_CURVE('',#1723,#1725,#1044,.T.);
#2187=EDGE_CURVE('',#1725,#1496,#356,.T.);
#2188=EDGE_CURVE('',#1724,#1495,#357,.T.);
#2189=EDGE_CURVE('',#1726,#1651,#358,.T.);
#2190=EDGE_CURVE('',#1726,#1727,#1045,.T.);
#2191=EDGE_CURVE('',#1727,#1652,#359,.T.);
#2192=EDGE_CURVE('',#1728,#1729,#1046,.T.);
#2193=EDGE_CURVE('',#1730,#1728,#360,.T.);
#2194=EDGE_CURVE('',#1730,#1731,#1047,.T.);
#2195=EDGE_CURVE('',#1731,#1729,#361,.T.);
#2196=EDGE_CURVE('',#1663,#1657,#362,.T.);
#2197=EDGE_CURVE('',#1670,#1658,#363,.T.);
#2198=EDGE_CURVE('',#1732,#1645,#364,.T.);
#2199=EDGE_CURVE('',#1732,#1733,#1048,.T.);
#2200=EDGE_CURVE('',#1733,#1646,#365,.T.);
#2201=EDGE_CURVE('',#1703,#1734,#1049,.F.);
#2202=EDGE_CURVE('',#1703,#1735,#1050,.T.);
#2203=EDGE_CURVE('',#1735,#1736,#1051,.T.);
#2204=EDGE_CURVE('',#1734,#1736,#1052,.T.);
#2205=EDGE_CURVE('',#1732,#1704,#278,.T.);
#2206=EDGE_CURVE('',#1736,#1737,#279,.T.);
#2207=EDGE_CURVE('',#1737,#1738,#1053,.T.);
#2208=EDGE_CURVE('',#1733,#1738,#1054,.T.);
#2209=EDGE_CURVE('',#1661,#1643,#1055,.T.);
#2210=EDGE_CURVE('',#1701,#1739,#1056,.F.);
#2211=EDGE_CURVE('',#1701,#1740,#1057,.T.);
#2212=EDGE_CURVE('',#1740,#1741,#1058,.T.);
#2213=EDGE_CURVE('',#1739,#1741,#1059,.T.);
#2214=EDGE_CURVE('',#1742,#1702,#280,.T.);
#2215=EDGE_CURVE('',#1741,#1743,#281,.T.);
#2216=EDGE_CURVE('',#1743,#1744,#1060,.T.);
#2217=EDGE_CURVE('',#1745,#1744,#1061,.T.);
#2218=EDGE_CURVE('',#1742,#1745,#1062,.T.);
#2219=EDGE_CURVE('',#1649,#1617,#1063,.T.);
#2220=EDGE_CURVE('',#1699,#1746,#1064,.F.);
#2221=EDGE_CURVE('',#1699,#1747,#1065,.T.);
#2222=EDGE_CURVE('',#1747,#1748,#282,.T.);
#2223=EDGE_CURVE('',#1746,#1748,#1066,.T.);
#2224=EDGE_CURVE('',#1707,#1700,#283,.T.);
#2225=EDGE_CURVE('',#1748,#1749,#284,.T.);
#2226=EDGE_CURVE('',#1749,#1750,#1067,.T.);
#2227=EDGE_CURVE('',#1708,#1750,#1068,.T.);
#2228=EDGE_CURVE('',#1623,#1597,#1069,.T.);
#2229=EDGE_CURVE('',#1697,#1751,#1070,.F.);
#2230=EDGE_CURVE('',#1697,#1752,#1071,.T.);
#2231=EDGE_CURVE('',#1752,#1753,#285,.T.);
#2232=EDGE_CURVE('',#1751,#1753,#1072,.T.);
#2233=EDGE_CURVE('',#1711,#1698,#286,.T.);
#2234=EDGE_CURVE('',#1753,#1754,#287,.T.);
#2235=EDGE_CURVE('',#1754,#1755,#1073,.T.);
#2236=EDGE_CURVE('',#1712,#1755,#1074,.T.);
#2237=EDGE_CURVE('',#1593,#1565,#1075,.T.);
#2238=EDGE_CURVE('',#1695,#1756,#1076,.F.);
#2239=EDGE_CURVE('',#1695,#1757,#1077,.T.);
#2240=EDGE_CURVE('',#1757,#1758,#288,.T.);
#2241=EDGE_CURVE('',#1756,#1758,#1078,.T.);
#2242=EDGE_CURVE('',#1715,#1696,#289,.T.);
#2243=EDGE_CURVE('',#1758,#1759,#290,.T.);
#2244=EDGE_CURVE('',#1759,#1760,#1079,.T.);
#2245=EDGE_CURVE('',#1716,#1760,#1080,.T.);
#2246=EDGE_CURVE('',#1571,#1539,#1081,.T.);
#2247=EDGE_CURVE('',#1693,#1761,#1082,.F.);
#2248=EDGE_CURVE('',#1693,#1762,#1083,.T.);
#2249=EDGE_CURVE('',#1762,#1763,#291,.T.);
#2250=EDGE_CURVE('',#1761,#1763,#1084,.T.);
#2251=EDGE_CURVE('',#1719,#1694,#292,.T.);
#2252=EDGE_CURVE('',#1763,#1764,#293,.T.);
#2253=EDGE_CURVE('',#1764,#1765,#1085,.T.);
#2254=EDGE_CURVE('',#1720,#1765,#1086,.T.);
#2255=EDGE_CURVE('',#1545,#1513,#1087,.T.);
#2256=EDGE_CURVE('',#1691,#1766,#1088,.F.);
#2257=EDGE_CURVE('',#1691,#1767,#1089,.T.);
#2258=EDGE_CURVE('',#1767,#1768,#294,.T.);
#2259=EDGE_CURVE('',#1766,#1768,#1090,.T.);
#2260=EDGE_CURVE('',#1723,#1692,#295,.T.);
#2261=EDGE_CURVE('',#1768,#1769,#296,.T.);
#2262=EDGE_CURVE('',#1769,#1770,#1091,.T.);
#2263=EDGE_CURVE('',#1725,#1770,#1092,.T.);
#2264=EDGE_CURVE('',#1519,#1493,#1093,.T.);
#2265=EDGE_CURVE('',#1689,#1771,#1094,.F.);
#2266=EDGE_CURVE('',#1689,#1772,#1095,.T.);
#2267=EDGE_CURVE('',#1772,#1773,#1096,.T.);
#2268=EDGE_CURVE('',#1771,#1773,#1097,.T.);
#2269=EDGE_CURVE('',#1705,#1690,#297,.T.);
#2270=EDGE_CURVE('',#1773,#1774,#298,.T.);
#2271=EDGE_CURVE('',#1774,#1775,#1098,.T.);
#2272=EDGE_CURVE('',#1706,#1775,#1099,.T.);
#2273=EDGE_CURVE('',#1499,#1484,#1100,.T.);
#2274=EDGE_CURVE('',#1687,#1776,#1101,.F.);
#2275=EDGE_CURVE('',#1687,#1777,#1102,.T.);
#2276=EDGE_CURVE('',#1777,#1778,#1103,.T.);
#2277=EDGE_CURVE('',#1776,#1778,#1104,.T.);
#2278=EDGE_CURVE('',#1709,#1688,#299,.T.);
#2279=EDGE_CURVE('',#1778,#1779,#300,.T.);
#2280=EDGE_CURVE('',#1779,#1780,#1105,.T.);
#2281=EDGE_CURVE('',#1710,#1780,#1106,.T.);
#2282=EDGE_CURVE('',#1525,#1504,#1107,.T.);
#2283=EDGE_CURVE('',#1685,#1781,#1108,.F.);
#2284=EDGE_CURVE('',#1685,#1782,#1109,.T.);
#2285=EDGE_CURVE('',#1782,#1783,#1110,.T.);
#2286=EDGE_CURVE('',#1781,#1783,#1111,.T.);
#2287=EDGE_CURVE('',#1713,#1686,#301,.T.);
#2288=EDGE_CURVE('',#1783,#1784,#302,.T.);
#2289=EDGE_CURVE('',#1784,#1785,#1112,.T.);
#2290=EDGE_CURVE('',#1714,#1785,#1113,.T.);
#2291=EDGE_CURVE('',#1551,#1530,#1114,.T.);
#2292=EDGE_CURVE('',#1674,#1667,#303,.T.);
#2293=EDGE_CURVE('',#1786,#1677,#1115,.T.);
#2294=EDGE_CURVE('',#1786,#1787,#1116,.T.);
#2295=EDGE_CURVE('',#1787,#1788,#1117,.T.);
#2296=EDGE_CURVE('',#1677,#1788,#1118,.T.);
#2297=EDGE_CURVE('',#1678,#1728,#304,.T.);
#2298=EDGE_CURVE('',#1729,#1789,#1119,.T.);
#2299=EDGE_CURVE('',#1790,#1789,#1120,.F.);
#2300=EDGE_CURVE('',#1790,#1787,#305,.T.);
#2301=EDGE_CURVE('',#1675,#1791,#1121,.F.);
#2302=EDGE_CURVE('',#1675,#1792,#1122,.T.);
#2303=EDGE_CURVE('',#1792,#1793,#1123,.T.);
#2304=EDGE_CURVE('',#1791,#1793,#1124,.T.);
#2305=EDGE_CURVE('',#1730,#1676,#306,.T.);
#2306=EDGE_CURVE('',#1793,#1794,#307,.T.);
#2307=EDGE_CURVE('',#1794,#1795,#1125,.T.);
#2308=EDGE_CURVE('',#1731,#1795,#1126,.T.);
#2309=EDGE_CURVE('',#1655,#1634,#1127,.T.);
#2310=EDGE_CURVE('',#1796,#1679,#1128,.T.);
#2311=EDGE_CURVE('',#1679,#1797,#1129,.T.);
#2312=EDGE_CURVE('',#1797,#1798,#1130,.T.);
#2313=EDGE_CURVE('',#1796,#1798,#1131,.T.);
#2314=EDGE_CURVE('',#1726,#1680,#308,.T.);
#2315=EDGE_CURVE('',#1798,#1799,#309,.T.);
#2316=EDGE_CURVE('',#1799,#1800,#1132,.T.);
#2317=EDGE_CURVE('',#1727,#1800,#1133,.T.);
#2318=EDGE_CURVE('',#1629,#1608,#1134,.T.);
#2319=EDGE_CURVE('',#1683,#1801,#1135,.F.);
#2320=EDGE_CURVE('',#1683,#1802,#1136,.T.);
#2321=EDGE_CURVE('',#1802,#1803,#310,.T.);
#2322=EDGE_CURVE('',#1801,#1803,#1137,.T.);
#2323=EDGE_CURVE('',#1717,#1684,#311,.T.);
#2324=EDGE_CURVE('',#1803,#1804,#312,.T.);
#2325=EDGE_CURVE('',#1804,#1805,#1138,.T.);
#2326=EDGE_CURVE('',#1718,#1805,#1139,.T.);
#2327=EDGE_CURVE('',#1577,#1556,#1140,.T.);
#2328=EDGE_CURVE('',#1806,#1681,#1141,.T.);
#2329=EDGE_CURVE('',#1681,#1807,#1142,.T.);
#2330=EDGE_CURVE('',#1807,#1808,#313,.T.);
#2331=EDGE_CURVE('',#1806,#1808,#1143,.T.);
#2332=EDGE_CURVE('',#1721,#1682,#314,.T.);
#2333=EDGE_CURVE('',#1808,#1809,#315,.T.);
#2334=EDGE_CURVE('',#1809,#1810,#1144,.T.);
#2335=EDGE_CURVE('',#1722,#1810,#1145,.T.);
#2336=EDGE_CURVE('',#1603,#1582,#1146,.T.);
#2337=EDGE_CURVE('',#1742,#1619,#366,.T.);
#2338=EDGE_CURVE('',#1745,#1620,#367,.T.);
#2339=EDGE_CURVE('',#1811,#1811,#368,.T.);
#2340=EDGE_CURVE('',#1811,#1724,#1147,.T.);
#2341=EDGE_CURVE('',#1812,#1481,#141,.T.);
#2342=EDGE_CURVE('',#1690,#1812,#142,.T.);
#2343=EDGE_CURVE('',#1813,#1501,#143,.T.);
#2344=EDGE_CURVE('',#1688,#1813,#144,.T.);
#2345=EDGE_CURVE('',#1814,#1527,#145,.T.);
#2346=EDGE_CURVE('',#1686,#1814,#146,.T.);
#2347=EDGE_CURVE('',#1815,#1553,#147,.T.);
#2348=EDGE_CURVE('',#1684,#1815,#148,.T.);
#2349=EDGE_CURVE('',#1816,#1579,#149,.T.);
#2350=EDGE_CURVE('',#1682,#1816,#150,.T.);
#2351=EDGE_CURVE('',#1817,#1605,#151,.T.);
#2352=EDGE_CURVE('',#1680,#1817,#152,.T.);
#2353=EDGE_CURVE('',#1818,#1631,#153,.T.);
#2354=EDGE_CURVE('',#1676,#1818,#154,.T.);
#2355=EDGE_CURVE('',#1819,#1678,#155,.T.);
#2356=EDGE_CURVE('',#1671,#1819,#156,.T.);
#2357=EDGE_CURVE('',#1704,#1637,#157,.T.);
#2358=EDGE_CURVE('',#1702,#1611,#158,.T.);
#2359=EDGE_CURVE('',#1700,#1585,#159,.T.);
#2360=EDGE_CURVE('',#1698,#1559,#160,.T.);
#2361=EDGE_CURVE('',#1696,#1533,#161,.T.);
#2362=EDGE_CURVE('',#1694,#1507,#162,.T.);
#2363=EDGE_CURVE('',#1692,#1487,#163,.T.);
#2364=EDGE_CURVE('',#1669,#1659,#369,.F.);
#2365=EDGE_CURVE('',#1795,#1789,#370,.F.);
#2366=EDGE_CURVE('',#1800,#1653,#371,.F.);
#2367=EDGE_CURVE('',#1810,#1627,#372,.F.);
#2368=EDGE_CURVE('',#1805,#1601,#373,.F.);
#2369=EDGE_CURVE('',#1785,#1575,#374,.F.);
#2370=EDGE_CURVE('',#1780,#1549,#375,.F.);
#2371=EDGE_CURVE('',#1775,#1523,#376,.F.);
#2372=EDGE_CURVE('',#1770,#1497,#377,.F.);
#2373=EDGE_CURVE('',#1765,#1517,#378,.F.);
#2374=EDGE_CURVE('',#1760,#1543,#379,.F.);
#2375=EDGE_CURVE('',#1755,#1569,#380,.F.);
#2376=EDGE_CURVE('',#1750,#1591,#381,.F.);
#2377=EDGE_CURVE('',#1744,#1621,#382,.F.);
#2378=EDGE_CURVE('',#1738,#1647,#383,.F.);
#2379=EDGE_CURVE('',#1819,#1820,#164,.T.);
#2380=EDGE_CURVE('',#1672,#1820,#384,.T.);
#2381=EDGE_CURVE('',#1817,#1821,#1148,.T.);
#2382=EDGE_CURVE('',#1822,#1821,#165,.T.);
#2383=EDGE_CURVE('',#1822,#1797,#166,.T.);
#2384=EDGE_CURVE('',#1816,#1823,#1149,.T.);
#2385=EDGE_CURVE('',#1824,#1823,#167,.T.);
#2386=EDGE_CURVE('',#1824,#1807,#168,.T.);
#2387=EDGE_CURVE('',#1815,#1825,#1150,.T.);
#2388=EDGE_CURVE('',#1826,#1825,#169,.T.);
#2389=EDGE_CURVE('',#1826,#1802,#170,.T.);
#2390=EDGE_CURVE('',#1814,#1827,#1151,.T.);
#2391=EDGE_CURVE('',#1828,#1827,#171,.T.);
#2392=EDGE_CURVE('',#1828,#1782,#172,.T.);
#2393=EDGE_CURVE('',#1813,#1829,#1152,.T.);
#2394=EDGE_CURVE('',#1830,#1829,#173,.T.);
#2395=EDGE_CURVE('',#1830,#1777,#174,.T.);
#2396=EDGE_CURVE('',#1812,#1831,#1153,.T.);
#2397=EDGE_CURVE('',#1832,#1831,#175,.T.);
#2398=EDGE_CURVE('',#1832,#1772,#176,.T.);
#2399=EDGE_CURVE('',#1829,#1506,#385,.T.);
#2400=EDGE_CURVE('',#1827,#1532,#386,.T.);
#2401=EDGE_CURVE('',#1825,#1558,#387,.T.);
#2402=EDGE_CURVE('',#1823,#1584,#388,.T.);
#2403=EDGE_CURVE('',#1821,#1610,#389,.T.);
#2404=EDGE_CURVE('',#1833,#1636,#390,.T.);
#2405=EDGE_CURVE('',#1818,#1833,#1154,.T.);
#2406=EDGE_CURVE('',#1788,#1834,#177,.T.);
#2407=EDGE_CURVE('',#1820,#1834,#178,.T.);
#2408=EDGE_CURVE('',#1794,#1790,#391,.T.);
#2409=EDGE_CURVE('',#1799,#1654,#392,.T.);
#2410=EDGE_CURVE('',#1809,#1628,#393,.T.);
#2411=EDGE_CURVE('',#1804,#1602,#394,.T.);
#2412=EDGE_CURVE('',#1784,#1576,#395,.T.);
#2413=EDGE_CURVE('',#1779,#1550,#396,.T.);
#2414=EDGE_CURVE('',#1774,#1524,#397,.T.);
#2415=EDGE_CURVE('',#1769,#1498,#398,.T.);
#2416=EDGE_CURVE('',#1764,#1518,#399,.T.);
#2417=EDGE_CURVE('',#1759,#1544,#400,.T.);
#2418=EDGE_CURVE('',#1754,#1570,#401,.T.);
#2419=EDGE_CURVE('',#1749,#1592,#402,.T.);
#2420=EDGE_CURVE('',#1743,#1622,#403,.T.);
#2421=EDGE_CURVE('',#1737,#1648,#404,.T.);
#2422=EDGE_CURVE('',#1668,#1660,#405,.T.);
#2423=EDGE_CURVE('',#1835,#1833,#179,.T.);
#2424=EDGE_CURVE('',#1835,#1792,#180,.T.);
#2425=EDGE_CURVE('',#1834,#1835,#406,.T.);
#2426=EDGE_CURVE('',#1635,#1822,#407,.T.);
#2427=EDGE_CURVE('',#1644,#1673,#408,.T.);
#2428=EDGE_CURVE('',#1609,#1824,#409,.T.);
#2429=EDGE_CURVE('',#1836,#1735,#181,.T.);
#2430=EDGE_CURVE('',#1618,#1836,#410,.T.);
#2431=EDGE_CURVE('',#1583,#1826,#411,.T.);
#2432=EDGE_CURVE('',#1837,#1740,#182,.T.);
#2433=EDGE_CURVE('',#1598,#1837,#412,.T.);
#2434=EDGE_CURVE('',#1557,#1828,#413,.T.);
#2435=EDGE_CURVE('',#1838,#1747,#183,.T.);
#2436=EDGE_CURVE('',#1566,#1838,#414,.T.);
#2437=EDGE_CURVE('',#1531,#1830,#415,.T.);
#2438=EDGE_CURVE('',#1839,#1752,#184,.T.);
#2439=EDGE_CURVE('',#1540,#1839,#416,.T.);
#2440=EDGE_CURVE('',#1505,#1832,#417,.T.);
#2441=EDGE_CURVE('',#1840,#1757,#185,.T.);
#2442=EDGE_CURVE('',#1514,#1840,#418,.T.);
#2443=EDGE_CURVE('',#1841,#1767,#186,.T.);
#2444=EDGE_CURVE('',#1485,#1841,#419,.T.);
#2445=EDGE_CURVE('',#1842,#1762,#187,.T.);
#2446=EDGE_CURVE('',#1494,#1842,#420,.T.);
#2447=EDGE_CURVE('',#1831,#1486,#421,.T.);
#2448=EDGE_CURVE('',#1841,#1490,#188,.T.);
#2449=EDGE_CURVE('',#1842,#1510,#189,.T.);
#2450=EDGE_CURVE('',#1840,#1536,#190,.T.);
#2451=EDGE_CURVE('',#1839,#1562,#191,.T.);
#2452=EDGE_CURVE('',#1838,#1588,#192,.T.);
#2453=EDGE_CURVE('',#1837,#1614,#193,.T.);
#2454=EDGE_CURVE('',#1836,#1640,#194,.T.);
#2455=ORIENTED_EDGE('',*,*,#1843,.F.);
#2456=ORIENTED_EDGE('',*,*,#1844,.F.);
#2457=ORIENTED_EDGE('',*,*,#1845,.T.);
#2458=ORIENTED_EDGE('',*,*,#1846,.T.);
#2459=ORIENTED_EDGE('',*,*,#1847,.F.);
#2460=ORIENTED_EDGE('',*,*,#1846,.F.);
#2461=ORIENTED_EDGE('',*,*,#1848,.T.);
#2462=ORIENTED_EDGE('',*,*,#1849,.F.);
#2463=ORIENTED_EDGE('',*,*,#1850,.F.);
#2464=ORIENTED_EDGE('',*,*,#1851,.F.);
#2465=ORIENTED_EDGE('',*,*,#1852,.F.);
#2466=ORIENTED_EDGE('',*,*,#1853,.T.);
#2467=ORIENTED_EDGE('',*,*,#1854,.F.);
#2468=ORIENTED_EDGE('',*,*,#1855,.F.);
#2469=ORIENTED_EDGE('',*,*,#1856,.T.);
#2470=ORIENTED_EDGE('',*,*,#1851,.T.);
#2471=ORIENTED_EDGE('',*,*,#1857,.F.);
#2472=ORIENTED_EDGE('',*,*,#1858,.F.);
#2473=ORIENTED_EDGE('',*,*,#1859,.T.);
#2474=ORIENTED_EDGE('',*,*,#1859,.F.);
#2475=ORIENTED_EDGE('',*,*,#1860,.F.);
#2476=ORIENTED_EDGE('',*,*,#1861,.T.);
#2477=ORIENTED_EDGE('',*,*,#1852,.T.);
#2478=ORIENTED_EDGE('',*,*,#1843,.T.);
#2479=ORIENTED_EDGE('',*,*,#1847,.T.);
#2480=ORIENTED_EDGE('',*,*,#1862,.F.);
#2481=ORIENTED_EDGE('',*,*,#1863,.F.);
#2482=ORIENTED_EDGE('',*,*,#1858,.T.);
#2483=ORIENTED_EDGE('',*,*,#1864,.T.);
#2484=ORIENTED_EDGE('',*,*,#1865,.T.);
#2485=ORIENTED_EDGE('',*,*,#1866,.T.);
#2486=ORIENTED_EDGE('',*,*,#1867,.T.);
#2487=ORIENTED_EDGE('',*,*,#1868,.T.);
#2488=ORIENTED_EDGE('',*,*,#1860,.T.);
#2489=ORIENTED_EDGE('',*,*,#1869,.T.);
#2490=ORIENTED_EDGE('',*,*,#1870,.T.);
#2491=ORIENTED_EDGE('',*,*,#1871,.T.);
#2492=ORIENTED_EDGE('',*,*,#1872,.T.);
#2493=ORIENTED_EDGE('',*,*,#1873,.T.);
#2494=ORIENTED_EDGE('',*,*,#1873,.F.);
#2495=ORIENTED_EDGE('',*,*,#1874,.F.);
#2496=ORIENTED_EDGE('',*,*,#1865,.F.);
#2497=ORIENTED_EDGE('',*,*,#1875,.T.);
#2498=ORIENTED_EDGE('',*,*,#1849,.T.);
#2499=ORIENTED_EDGE('',*,*,#1876,.T.);
#2500=ORIENTED_EDGE('',*,*,#1877,.F.);
#2501=ORIENTED_EDGE('',*,*,#1878,.F.);
#2502=ORIENTED_EDGE('',*,*,#1871,.F.);
#2503=ORIENTED_EDGE('',*,*,#1879,.F.);
#2504=ORIENTED_EDGE('',*,*,#1880,.F.);
#2505=ORIENTED_EDGE('',*,*,#1881,.T.);
#2506=ORIENTED_EDGE('',*,*,#1854,.T.);
#2507=ORIENTED_EDGE('',*,*,#1882,.T.);
#2508=ORIENTED_EDGE('',*,*,#1867,.F.);
#2509=ORIENTED_EDGE('',*,*,#1883,.F.);
#2510=ORIENTED_EDGE('',*,*,#1884,.T.);
#2511=ORIENTED_EDGE('',*,*,#1885,.T.);
#2512=ORIENTED_EDGE('',*,*,#1886,.F.);
#2513=ORIENTED_EDGE('',*,*,#1887,.T.);
#2514=ORIENTED_EDGE('',*,*,#1884,.F.);
#2515=ORIENTED_EDGE('',*,*,#1887,.F.);
#2516=ORIENTED_EDGE('',*,*,#1869,.F.);
#2517=ORIENTED_EDGE('',*,*,#1883,.T.);
#2518=ORIENTED_EDGE('',*,*,#1866,.F.);
#2519=ORIENTED_EDGE('',*,*,#1874,.T.);
#2520=ORIENTED_EDGE('',*,*,#1872,.F.);
#2521=ORIENTED_EDGE('',*,*,#1878,.T.);
#2522=ORIENTED_EDGE('',*,*,#1888,.F.);
#2523=ORIENTED_EDGE('',*,*,#1879,.T.);
#2524=ORIENTED_EDGE('',*,*,#1870,.F.);
#2525=ORIENTED_EDGE('',*,*,#1889,.T.);
#2526=ORIENTED_EDGE('',*,*,#1885,.F.);
#2527=ORIENTED_EDGE('',*,*,#1889,.F.);
#2528=ORIENTED_EDGE('',*,*,#1882,.F.);
#2529=ORIENTED_EDGE('',*,*,#1853,.F.);
#2530=ORIENTED_EDGE('',*,*,#1861,.F.);
#2531=ORIENTED_EDGE('',*,*,#1868,.F.);
#2532=ORIENTED_EDGE('',*,*,#1881,.F.);
#2533=ORIENTED_EDGE('',*,*,#1890,.F.);
#2534=ORIENTED_EDGE('',*,*,#1862,.T.);
#2535=ORIENTED_EDGE('',*,*,#1855,.T.);
#2536=ORIENTED_EDGE('',*,*,#1876,.F.);
#2537=ORIENTED_EDGE('',*,*,#1848,.F.);
#2538=ORIENTED_EDGE('',*,*,#1845,.F.);
#2539=ORIENTED_EDGE('',*,*,#1891,.F.);
#2540=ORIENTED_EDGE('',*,*,#1875,.F.);
#2541=ORIENTED_EDGE('',*,*,#1864,.F.);
#2542=ORIENTED_EDGE('',*,*,#1857,.T.);
#2543=ORIENTED_EDGE('',*,*,#1850,.T.);
#2544=ORIENTED_EDGE('',*,*,#1888,.T.);
#2545=ORIENTED_EDGE('',*,*,#1877,.T.);
#2546=ORIENTED_EDGE('',*,*,#1891,.T.);
#2547=ORIENTED_EDGE('',*,*,#1844,.T.);
#2548=ORIENTED_EDGE('',*,*,#1863,.T.);
#2549=ORIENTED_EDGE('',*,*,#1890,.T.);
#2550=ORIENTED_EDGE('',*,*,#1880,.T.);
#2551=ORIENTED_EDGE('',*,*,#1892,.F.);
#2552=ORIENTED_EDGE('',*,*,#1893,.T.);
#2553=ORIENTED_EDGE('',*,*,#1894,.T.);
#2554=ORIENTED_EDGE('',*,*,#1893,.F.);
#2555=ORIENTED_EDGE('',*,*,#1894,.F.);
#2556=ORIENTED_EDGE('',*,*,#1895,.F.);
#2557=ORIENTED_EDGE('',*,*,#1895,.T.);
#2558=ORIENTED_EDGE('',*,*,#1896,.T.);
#2559=ORIENTED_EDGE('',*,*,#1856,.F.);
#2560=ORIENTED_EDGE('',*,*,#1896,.F.);
#2561=ORIENTED_EDGE('',*,*,#1897,.T.);
#2562=ORIENTED_EDGE('',*,*,#1898,.T.);
#2563=ORIENTED_EDGE('',*,*,#1899,.T.);
#2564=ORIENTED_EDGE('',*,*,#1900,.T.);
#2565=ORIENTED_EDGE('',*,*,#1901,.F.);
#2566=ORIENTED_EDGE('',*,*,#1902,.F.);
#2567=ORIENTED_EDGE('',*,*,#1903,.T.);
#2568=ORIENTED_EDGE('',*,*,#1904,.T.);
#2569=ORIENTED_EDGE('',*,*,#1905,.F.);
#2570=ORIENTED_EDGE('',*,*,#1906,.F.);
#2571=ORIENTED_EDGE('',*,*,#1907,.F.);
#2572=ORIENTED_EDGE('',*,*,#1898,.F.);
#2573=ORIENTED_EDGE('',*,*,#1908,.T.);
#2574=ORIENTED_EDGE('',*,*,#1909,.T.);
#2575=ORIENTED_EDGE('',*,*,#1910,.T.);
#2576=ORIENTED_EDGE('',*,*,#1911,.T.);
#2577=ORIENTED_EDGE('',*,*,#1912,.F.);
#2578=ORIENTED_EDGE('',*,*,#1904,.F.);
#2579=ORIENTED_EDGE('',*,*,#1913,.T.);
#2580=ORIENTED_EDGE('',*,*,#1914,.T.);
#2581=ORIENTED_EDGE('',*,*,#1915,.F.);
#2582=ORIENTED_EDGE('',*,*,#1916,.F.);
#2583=ORIENTED_EDGE('',*,*,#1917,.T.);
#2584=ORIENTED_EDGE('',*,*,#1918,.F.);
#2585=ORIENTED_EDGE('',*,*,#1919,.T.);
#2586=ORIENTED_EDGE('',*,*,#1907,.T.);
#2587=ORIENTED_EDGE('',*,*,#1920,.T.);
#2588=ORIENTED_EDGE('',*,*,#1921,.T.);
#2589=ORIENTED_EDGE('',*,*,#1922,.T.);
#2590=ORIENTED_EDGE('',*,*,#1923,.T.);
#2591=ORIENTED_EDGE('',*,*,#1924,.F.);
#2592=ORIENTED_EDGE('',*,*,#1925,.F.);
#2593=ORIENTED_EDGE('',*,*,#1926,.F.);
#2594=ORIENTED_EDGE('',*,*,#1909,.F.);
#2595=ORIENTED_EDGE('',*,*,#1927,.T.);
#2596=ORIENTED_EDGE('',*,*,#1928,.T.);
#2597=ORIENTED_EDGE('',*,*,#1929,.F.);
#2598=ORIENTED_EDGE('',*,*,#1930,.F.);
#2599=ORIENTED_EDGE('',*,*,#1931,.F.);
#2600=ORIENTED_EDGE('',*,*,#1921,.F.);
#2601=ORIENTED_EDGE('',*,*,#1932,.T.);
#2602=ORIENTED_EDGE('',*,*,#1933,.T.);
#2603=ORIENTED_EDGE('',*,*,#1934,.T.);
#2604=ORIENTED_EDGE('',*,*,#1935,.T.);
#2605=ORIENTED_EDGE('',*,*,#1936,.F.);
#2606=ORIENTED_EDGE('',*,*,#1928,.F.);
#2607=ORIENTED_EDGE('',*,*,#1937,.T.);
#2608=ORIENTED_EDGE('',*,*,#1938,.T.);
#2609=ORIENTED_EDGE('',*,*,#1939,.F.);
#2610=ORIENTED_EDGE('',*,*,#1940,.F.);
#2611=ORIENTED_EDGE('',*,*,#1941,.T.);
#2612=ORIENTED_EDGE('',*,*,#1942,.F.);
#2613=ORIENTED_EDGE('',*,*,#1943,.T.);
#2614=ORIENTED_EDGE('',*,*,#1926,.T.);
#2615=ORIENTED_EDGE('',*,*,#1944,.T.);
#2616=ORIENTED_EDGE('',*,*,#1945,.T.);
#2617=ORIENTED_EDGE('',*,*,#1946,.F.);
#2618=ORIENTED_EDGE('',*,*,#1947,.F.);
#2619=ORIENTED_EDGE('',*,*,#1948,.T.);
#2620=ORIENTED_EDGE('',*,*,#1949,.F.);
#2621=ORIENTED_EDGE('',*,*,#1950,.T.);
#2622=ORIENTED_EDGE('',*,*,#1931,.T.);
#2623=ORIENTED_EDGE('',*,*,#1951,.T.);
#2624=ORIENTED_EDGE('',*,*,#1952,.T.);
#2625=ORIENTED_EDGE('',*,*,#1953,.T.);
#2626=ORIENTED_EDGE('',*,*,#1954,.T.);
#2627=ORIENTED_EDGE('',*,*,#1955,.F.);
#2628=ORIENTED_EDGE('',*,*,#1956,.F.);
#2629=ORIENTED_EDGE('',*,*,#1957,.F.);
#2630=ORIENTED_EDGE('',*,*,#1933,.F.);
#2631=ORIENTED_EDGE('',*,*,#1958,.T.);
#2632=ORIENTED_EDGE('',*,*,#1959,.T.);
#2633=ORIENTED_EDGE('',*,*,#1960,.F.);
#2634=ORIENTED_EDGE('',*,*,#1961,.F.);
#2635=ORIENTED_EDGE('',*,*,#1962,.F.);
#2636=ORIENTED_EDGE('',*,*,#1952,.F.);
#2637=ORIENTED_EDGE('',*,*,#1963,.T.);
#2638=ORIENTED_EDGE('',*,*,#1964,.T.);
#2639=ORIENTED_EDGE('',*,*,#1965,.T.);
#2640=ORIENTED_EDGE('',*,*,#1966,.T.);
#2641=ORIENTED_EDGE('',*,*,#1967,.F.);
#2642=ORIENTED_EDGE('',*,*,#1959,.F.);
#2643=ORIENTED_EDGE('',*,*,#1968,.T.);
#2644=ORIENTED_EDGE('',*,*,#1969,.T.);
#2645=ORIENTED_EDGE('',*,*,#1970,.F.);
#2646=ORIENTED_EDGE('',*,*,#1971,.F.);
#2647=ORIENTED_EDGE('',*,*,#1972,.T.);
#2648=ORIENTED_EDGE('',*,*,#1973,.F.);
#2649=ORIENTED_EDGE('',*,*,#1974,.T.);
#2650=ORIENTED_EDGE('',*,*,#1957,.T.);
#2651=ORIENTED_EDGE('',*,*,#1975,.T.);
#2652=ORIENTED_EDGE('',*,*,#1976,.T.);
#2653=ORIENTED_EDGE('',*,*,#1977,.F.);
#2654=ORIENTED_EDGE('',*,*,#1978,.F.);
#2655=ORIENTED_EDGE('',*,*,#1979,.T.);
#2656=ORIENTED_EDGE('',*,*,#1980,.F.);
#2657=ORIENTED_EDGE('',*,*,#1981,.T.);
#2658=ORIENTED_EDGE('',*,*,#1962,.T.);
#2659=ORIENTED_EDGE('',*,*,#1982,.T.);
#2660=ORIENTED_EDGE('',*,*,#1983,.T.);
#2661=ORIENTED_EDGE('',*,*,#1984,.T.);
#2662=ORIENTED_EDGE('',*,*,#1985,.T.);
#2663=ORIENTED_EDGE('',*,*,#1986,.F.);
#2664=ORIENTED_EDGE('',*,*,#1987,.F.);
#2665=ORIENTED_EDGE('',*,*,#1988,.F.);
#2666=ORIENTED_EDGE('',*,*,#1964,.F.);
#2667=ORIENTED_EDGE('',*,*,#1989,.T.);
#2668=ORIENTED_EDGE('',*,*,#1990,.T.);
#2669=ORIENTED_EDGE('',*,*,#1991,.F.);
#2670=ORIENTED_EDGE('',*,*,#1992,.F.);
#2671=ORIENTED_EDGE('',*,*,#1993,.F.);
#2672=ORIENTED_EDGE('',*,*,#1983,.F.);
#2673=ORIENTED_EDGE('',*,*,#1994,.T.);
#2674=ORIENTED_EDGE('',*,*,#1995,.T.);
#2675=ORIENTED_EDGE('',*,*,#1996,.T.);
#2676=ORIENTED_EDGE('',*,*,#1997,.T.);
#2677=ORIENTED_EDGE('',*,*,#1998,.F.);
#2678=ORIENTED_EDGE('',*,*,#1990,.F.);
#2679=ORIENTED_EDGE('',*,*,#1999,.T.);
#2680=ORIENTED_EDGE('',*,*,#2000,.T.);
#2681=ORIENTED_EDGE('',*,*,#2001,.F.);
#2682=ORIENTED_EDGE('',*,*,#2002,.F.);
#2683=ORIENTED_EDGE('',*,*,#2003,.T.);
#2684=ORIENTED_EDGE('',*,*,#2004,.F.);
#2685=ORIENTED_EDGE('',*,*,#2005,.T.);
#2686=ORIENTED_EDGE('',*,*,#1988,.T.);
#2687=ORIENTED_EDGE('',*,*,#2006,.T.);
#2688=ORIENTED_EDGE('',*,*,#2007,.T.);
#2689=ORIENTED_EDGE('',*,*,#2008,.F.);
#2690=ORIENTED_EDGE('',*,*,#2009,.F.);
#2691=ORIENTED_EDGE('',*,*,#2010,.T.);
#2692=ORIENTED_EDGE('',*,*,#2011,.F.);
#2693=ORIENTED_EDGE('',*,*,#2012,.T.);
#2694=ORIENTED_EDGE('',*,*,#1993,.T.);
#2695=ORIENTED_EDGE('',*,*,#2013,.T.);
#2696=ORIENTED_EDGE('',*,*,#2014,.T.);
#2697=ORIENTED_EDGE('',*,*,#2015,.T.);
#2698=ORIENTED_EDGE('',*,*,#2016,.T.);
#2699=ORIENTED_EDGE('',*,*,#2017,.F.);
#2700=ORIENTED_EDGE('',*,*,#2018,.F.);
#2701=ORIENTED_EDGE('',*,*,#2019,.F.);
#2702=ORIENTED_EDGE('',*,*,#1995,.F.);
#2703=ORIENTED_EDGE('',*,*,#2020,.T.);
#2704=ORIENTED_EDGE('',*,*,#2021,.T.);
#2705=ORIENTED_EDGE('',*,*,#2022,.F.);
#2706=ORIENTED_EDGE('',*,*,#2023,.F.);
#2707=ORIENTED_EDGE('',*,*,#2024,.F.);
#2708=ORIENTED_EDGE('',*,*,#2014,.F.);
#2709=ORIENTED_EDGE('',*,*,#2025,.T.);
#2710=ORIENTED_EDGE('',*,*,#2026,.T.);
#2711=ORIENTED_EDGE('',*,*,#2027,.F.);
#2712=ORIENTED_EDGE('',*,*,#2028,.F.);
#2713=ORIENTED_EDGE('',*,*,#2029,.T.);
#2714=ORIENTED_EDGE('',*,*,#2030,.F.);
#2715=ORIENTED_EDGE('',*,*,#2031,.T.);
#2716=ORIENTED_EDGE('',*,*,#2019,.T.);
#2717=ORIENTED_EDGE('',*,*,#2032,.T.);
#2718=ORIENTED_EDGE('',*,*,#2033,.T.);
#2719=ORIENTED_EDGE('',*,*,#2034,.T.);
#2720=ORIENTED_EDGE('',*,*,#2035,.T.);
#2721=ORIENTED_EDGE('',*,*,#2036,.F.);
#2722=ORIENTED_EDGE('',*,*,#2021,.F.);
#2723=ORIENTED_EDGE('',*,*,#2037,.T.);
#2724=ORIENTED_EDGE('',*,*,#2038,.T.);
#2725=ORIENTED_EDGE('',*,*,#2039,.F.);
#2726=ORIENTED_EDGE('',*,*,#2040,.F.);
#2727=ORIENTED_EDGE('',*,*,#2041,.T.);
#2728=ORIENTED_EDGE('',*,*,#2042,.F.);
#2729=ORIENTED_EDGE('',*,*,#2043,.T.);
#2730=ORIENTED_EDGE('',*,*,#2024,.T.);
#2731=ORIENTED_EDGE('',*,*,#2044,.T.);
#2732=ORIENTED_EDGE('',*,*,#2045,.T.);
#2733=ORIENTED_EDGE('',*,*,#2046,.T.);
#2734=ORIENTED_EDGE('',*,*,#2047,.T.);
#2735=ORIENTED_EDGE('',*,*,#2048,.F.);
#2736=ORIENTED_EDGE('',*,*,#2049,.F.);
#2737=ORIENTED_EDGE('',*,*,#2050,.T.);
#2738=ORIENTED_EDGE('',*,*,#2051,.T.);
#2739=ORIENTED_EDGE('',*,*,#2052,.F.);
#2740=ORIENTED_EDGE('',*,*,#2053,.F.);
#2741=ORIENTED_EDGE('',*,*,#2054,.F.);
#2742=ORIENTED_EDGE('',*,*,#2033,.F.);
#2743=ORIENTED_EDGE('',*,*,#2055,.F.);
#2744=ORIENTED_EDGE('',*,*,#2045,.F.);
#2745=ORIENTED_EDGE('',*,*,#2056,.T.);
#2746=ORIENTED_EDGE('',*,*,#2057,.T.);
#2747=ORIENTED_EDGE('',*,*,#2058,.T.);
#2748=ORIENTED_EDGE('',*,*,#2059,.T.);
#2749=ORIENTED_EDGE('',*,*,#2060,.F.);
#2750=ORIENTED_EDGE('',*,*,#2051,.F.);
#2751=ORIENTED_EDGE('',*,*,#2061,.T.);
#2752=ORIENTED_EDGE('',*,*,#2062,.T.);
#2753=ORIENTED_EDGE('',*,*,#2063,.F.);
#2754=ORIENTED_EDGE('',*,*,#2064,.F.);
#2755=ORIENTED_EDGE('',*,*,#2065,.T.);
#2756=ORIENTED_EDGE('',*,*,#2066,.F.);
#2757=ORIENTED_EDGE('',*,*,#2067,.T.);
#2758=ORIENTED_EDGE('',*,*,#2054,.T.);
#2759=ORIENTED_EDGE('',*,*,#2068,.T.);
#2760=ORIENTED_EDGE('',*,*,#2069,.T.);
#2761=ORIENTED_EDGE('',*,*,#2070,.F.);
#2762=ORIENTED_EDGE('',*,*,#2071,.F.);
#2763=ORIENTED_EDGE('',*,*,#2072,.T.);
#2764=ORIENTED_EDGE('',*,*,#2073,.F.);
#2765=ORIENTED_EDGE('',*,*,#2074,.T.);
#2766=ORIENTED_EDGE('',*,*,#2055,.T.);
#2767=ORIENTED_EDGE('',*,*,#2075,.T.);
#2768=ORIENTED_EDGE('',*,*,#2076,.T.);
#2769=ORIENTED_EDGE('',*,*,#2077,.T.);
#2770=ORIENTED_EDGE('',*,*,#2078,.T.);
#2771=ORIENTED_EDGE('',*,*,#2079,.F.);
#2772=ORIENTED_EDGE('',*,*,#2080,.F.);
#2773=ORIENTED_EDGE('',*,*,#2081,.F.);
#2774=ORIENTED_EDGE('',*,*,#2057,.F.);
#2775=ORIENTED_EDGE('',*,*,#2082,.T.);
#2776=ORIENTED_EDGE('',*,*,#2083,.T.);
#2777=ORIENTED_EDGE('',*,*,#2084,.F.);
#2778=ORIENTED_EDGE('',*,*,#2085,.F.);
#2779=ORIENTED_EDGE('',*,*,#2086,.F.);
#2780=ORIENTED_EDGE('',*,*,#2076,.F.);
#2781=ORIENTED_EDGE('',*,*,#2087,.T.);
#2782=ORIENTED_EDGE('',*,*,#2088,.T.);
#2783=ORIENTED_EDGE('',*,*,#2089,.T.);
#2784=ORIENTED_EDGE('',*,*,#2090,.T.);
#2785=ORIENTED_EDGE('',*,*,#2091,.F.);
#2786=ORIENTED_EDGE('',*,*,#2083,.F.);
#2787=ORIENTED_EDGE('',*,*,#2092,.T.);
#2788=ORIENTED_EDGE('',*,*,#2093,.T.);
#2789=ORIENTED_EDGE('',*,*,#2094,.F.);
#2790=ORIENTED_EDGE('',*,*,#2095,.F.);
#2791=ORIENTED_EDGE('',*,*,#2096,.T.);
#2792=ORIENTED_EDGE('',*,*,#2097,.F.);
#2793=ORIENTED_EDGE('',*,*,#2098,.T.);
#2794=ORIENTED_EDGE('',*,*,#2081,.T.);
#2795=ORIENTED_EDGE('',*,*,#2099,.T.);
#2796=ORIENTED_EDGE('',*,*,#2100,.T.);
#2797=ORIENTED_EDGE('',*,*,#2101,.F.);
#2798=ORIENTED_EDGE('',*,*,#2102,.F.);
#2799=ORIENTED_EDGE('',*,*,#2103,.T.);
#2800=ORIENTED_EDGE('',*,*,#2104,.F.);
#2801=ORIENTED_EDGE('',*,*,#2105,.T.);
#2802=ORIENTED_EDGE('',*,*,#2086,.T.);
#2803=ORIENTED_EDGE('',*,*,#2106,.F.);
#2804=ORIENTED_EDGE('',*,*,#2088,.F.);
#2805=ORIENTED_EDGE('',*,*,#2107,.T.);
#2806=ORIENTED_EDGE('',*,*,#2108,.T.);
#2807=ORIENTED_EDGE('',*,*,#2109,.F.);
#2808=ORIENTED_EDGE('',*,*,#2110,.F.);
#2809=ORIENTED_EDGE('',*,*,#2111,.T.);
#2810=ORIENTED_EDGE('',*,*,#2112,.F.);
#2811=ORIENTED_EDGE('',*,*,#2113,.T.);
#2812=ORIENTED_EDGE('',*,*,#2106,.T.);
#2813=ORIENTED_EDGE('',*,*,#2114,.T.);
#2814=ORIENTED_EDGE('',*,*,#2115,.T.);
#2815=ORIENTED_EDGE('',*,*,#2116,.T.);
#2816=ORIENTED_EDGE('',*,*,#2117,.T.);
#2817=ORIENTED_EDGE('',*,*,#2118,.T.);
#2818=ORIENTED_EDGE('',*,*,#2119,.T.);
#2819=ORIENTED_EDGE('',*,*,#2120,.T.);
#2820=ORIENTED_EDGE('',*,*,#2121,.F.);
#2821=ORIENTED_EDGE('',*,*,#2122,.F.);
#2822=ORIENTED_EDGE('',*,*,#2115,.F.);
#2823=ORIENTED_EDGE('',*,*,#2123,.T.);
#2824=ORIENTED_EDGE('',*,*,#2124,.T.);
#2825=ORIENTED_EDGE('',*,*,#2125,.F.);
#2826=ORIENTED_EDGE('',*,*,#2126,.T.);
#2827=ORIENTED_EDGE('',*,*,#2127,.F.);
#2828=ORIENTED_EDGE('',*,*,#2122,.T.);
#2829=ORIENTED_EDGE('',*,*,#2128,.F.);
#2830=ORIENTED_EDGE('',*,*,#2129,.F.);
#2831=ORIENTED_EDGE('',*,*,#2130,.F.);
#2832=ORIENTED_EDGE('',*,*,#2131,.F.);
#2833=ORIENTED_EDGE('',*,*,#2132,.F.);
#2834=ORIENTED_EDGE('',*,*,#2133,.F.);
#2835=ORIENTED_EDGE('',*,*,#2134,.F.);
#2836=ORIENTED_EDGE('',*,*,#2135,.F.);
#2837=ORIENTED_EDGE('',*,*,#2136,.F.);
#2838=ORIENTED_EDGE('',*,*,#2137,.F.);
#2839=ORIENTED_EDGE('',*,*,#2138,.F.);
#2840=ORIENTED_EDGE('',*,*,#2139,.F.);
#2841=ORIENTED_EDGE('',*,*,#2140,.F.);
#2842=ORIENTED_EDGE('',*,*,#2141,.F.);
#2843=ORIENTED_EDGE('',*,*,#2142,.F.);
#2844=ORIENTED_EDGE('',*,*,#2143,.F.);
#2845=ORIENTED_EDGE('',*,*,#2144,.F.);
#2846=ORIENTED_EDGE('',*,*,#2145,.F.);
#2847=ORIENTED_EDGE('',*,*,#2146,.F.);
#2848=ORIENTED_EDGE('',*,*,#2147,.F.);
#2849=ORIENTED_EDGE('',*,*,#2148,.F.);
#2850=ORIENTED_EDGE('',*,*,#2149,.F.);
#2851=ORIENTED_EDGE('',*,*,#2150,.F.);
#2852=ORIENTED_EDGE('',*,*,#2151,.F.);
#2853=ORIENTED_EDGE('',*,*,#2152,.F.);
#2854=ORIENTED_EDGE('',*,*,#2153,.F.);
#2855=ORIENTED_EDGE('',*,*,#2154,.F.);
#2856=ORIENTED_EDGE('',*,*,#2155,.F.);
#2857=ORIENTED_EDGE('',*,*,#2156,.F.);
#2858=ORIENTED_EDGE('',*,*,#2157,.F.);
#2859=ORIENTED_EDGE('',*,*,#1945,.F.);
#2860=ORIENTED_EDGE('',*,*,#2158,.F.);
#2861=ORIENTED_EDGE('',*,*,#2159,.T.);
#2862=ORIENTED_EDGE('',*,*,#2160,.T.);
#2863=ORIENTED_EDGE('',*,*,#2026,.F.);
#2864=ORIENTED_EDGE('',*,*,#2161,.F.);
#2865=ORIENTED_EDGE('',*,*,#2162,.T.);
#2866=ORIENTED_EDGE('',*,*,#2163,.T.);
#2867=ORIENTED_EDGE('',*,*,#1976,.F.);
#2868=ORIENTED_EDGE('',*,*,#2164,.F.);
#2869=ORIENTED_EDGE('',*,*,#2165,.T.);
#2870=ORIENTED_EDGE('',*,*,#2166,.T.);
#2871=ORIENTED_EDGE('',*,*,#2000,.F.);
#2872=ORIENTED_EDGE('',*,*,#2167,.F.);
#2873=ORIENTED_EDGE('',*,*,#2168,.T.);
#2874=ORIENTED_EDGE('',*,*,#2169,.T.);
#2875=ORIENTED_EDGE('',*,*,#2007,.F.);
#2876=ORIENTED_EDGE('',*,*,#2170,.F.);
#2877=ORIENTED_EDGE('',*,*,#2171,.T.);
#2878=ORIENTED_EDGE('',*,*,#2172,.T.);
#2879=ORIENTED_EDGE('',*,*,#1969,.F.);
#2880=ORIENTED_EDGE('',*,*,#2173,.F.);
#2881=ORIENTED_EDGE('',*,*,#2174,.T.);
#2882=ORIENTED_EDGE('',*,*,#2175,.T.);
#2883=ORIENTED_EDGE('',*,*,#2038,.F.);
#2884=ORIENTED_EDGE('',*,*,#2176,.F.);
#2885=ORIENTED_EDGE('',*,*,#2177,.T.);
#2886=ORIENTED_EDGE('',*,*,#2178,.T.);
#2887=ORIENTED_EDGE('',*,*,#1938,.F.);
#2888=ORIENTED_EDGE('',*,*,#2179,.F.);
#2889=ORIENTED_EDGE('',*,*,#2180,.T.);
#2890=ORIENTED_EDGE('',*,*,#2181,.T.);
#2891=ORIENTED_EDGE('',*,*,#2069,.F.);
#2892=ORIENTED_EDGE('',*,*,#2182,.F.);
#2893=ORIENTED_EDGE('',*,*,#2183,.T.);
#2894=ORIENTED_EDGE('',*,*,#2184,.T.);
#2895=ORIENTED_EDGE('',*,*,#2185,.F.);
#2896=ORIENTED_EDGE('',*,*,#2186,.T.);
#2897=ORIENTED_EDGE('',*,*,#2187,.T.);
#2898=ORIENTED_EDGE('',*,*,#1914,.F.);
#2899=ORIENTED_EDGE('',*,*,#2188,.F.);
#2900=ORIENTED_EDGE('',*,*,#2100,.F.);
#2901=ORIENTED_EDGE('',*,*,#2189,.F.);
#2902=ORIENTED_EDGE('',*,*,#2190,.T.);
#2903=ORIENTED_EDGE('',*,*,#2191,.T.);
#2904=ORIENTED_EDGE('',*,*,#2192,.F.);
#2905=ORIENTED_EDGE('',*,*,#2193,.F.);
#2906=ORIENTED_EDGE('',*,*,#2194,.T.);
#2907=ORIENTED_EDGE('',*,*,#2195,.T.);
#2908=ORIENTED_EDGE('',*,*,#2108,.F.);
#2909=ORIENTED_EDGE('',*,*,#2196,.F.);
#2910=ORIENTED_EDGE('',*,*,#2121,.T.);
#2911=ORIENTED_EDGE('',*,*,#2197,.T.);
#2912=ORIENTED_EDGE('',*,*,#2198,.F.);
#2913=ORIENTED_EDGE('',*,*,#2199,.T.);
#2914=ORIENTED_EDGE('',*,*,#2200,.T.);
#2915=ORIENTED_EDGE('',*,*,#2093,.F.);
#2916=ORIENTED_EDGE('',*,*,#2201,.F.);
#2917=ORIENTED_EDGE('',*,*,#2202,.T.);
#2918=ORIENTED_EDGE('',*,*,#2203,.T.);
#2919=ORIENTED_EDGE('',*,*,#2204,.F.);
#2920=ORIENTED_EDGE('',*,*,#2205,.T.);
#2921=ORIENTED_EDGE('',*,*,#2157,.T.);
#2922=ORIENTED_EDGE('',*,*,#2201,.T.);
#2923=ORIENTED_EDGE('',*,*,#2204,.T.);
#2924=ORIENTED_EDGE('',*,*,#2206,.T.);
#2925=ORIENTED_EDGE('',*,*,#2207,.T.);
#2926=ORIENTED_EDGE('',*,*,#2208,.F.);
#2927=ORIENTED_EDGE('',*,*,#2199,.F.);
#2928=ORIENTED_EDGE('',*,*,#2113,.F.);
#2929=ORIENTED_EDGE('',*,*,#2112,.T.);
#2930=ORIENTED_EDGE('',*,*,#2209,.T.);
#2931=ORIENTED_EDGE('',*,*,#2089,.F.);
#2932=ORIENTED_EDGE('',*,*,#2210,.F.);
#2933=ORIENTED_EDGE('',*,*,#2211,.T.);
#2934=ORIENTED_EDGE('',*,*,#2212,.T.);
#2935=ORIENTED_EDGE('',*,*,#2213,.F.);
#2936=ORIENTED_EDGE('',*,*,#2214,.T.);
#2937=ORIENTED_EDGE('',*,*,#2155,.T.);
#2938=ORIENTED_EDGE('',*,*,#2210,.T.);
#2939=ORIENTED_EDGE('',*,*,#2213,.T.);
#2940=ORIENTED_EDGE('',*,*,#2215,.T.);
#2941=ORIENTED_EDGE('',*,*,#2216,.T.);
#2942=ORIENTED_EDGE('',*,*,#2217,.F.);
#2943=ORIENTED_EDGE('',*,*,#2218,.F.);
#2944=ORIENTED_EDGE('',*,*,#2098,.F.);
#2945=ORIENTED_EDGE('',*,*,#2097,.T.);
#2946=ORIENTED_EDGE('',*,*,#2219,.T.);
#2947=ORIENTED_EDGE('',*,*,#2058,.F.);
#2948=ORIENTED_EDGE('',*,*,#2220,.F.);
#2949=ORIENTED_EDGE('',*,*,#2221,.T.);
#2950=ORIENTED_EDGE('',*,*,#2222,.T.);
#2951=ORIENTED_EDGE('',*,*,#2223,.F.);
#2952=ORIENTED_EDGE('',*,*,#2224,.T.);
#2953=ORIENTED_EDGE('',*,*,#2153,.T.);
#2954=ORIENTED_EDGE('',*,*,#2220,.T.);
#2955=ORIENTED_EDGE('',*,*,#2223,.T.);
#2956=ORIENTED_EDGE('',*,*,#2225,.T.);
#2957=ORIENTED_EDGE('',*,*,#2226,.T.);
#2958=ORIENTED_EDGE('',*,*,#2227,.F.);
#2959=ORIENTED_EDGE('',*,*,#2162,.F.);
#2960=ORIENTED_EDGE('',*,*,#2067,.F.);
#2961=ORIENTED_EDGE('',*,*,#2066,.T.);
#2962=ORIENTED_EDGE('',*,*,#2228,.T.);
#2963=ORIENTED_EDGE('',*,*,#2034,.F.);
#2964=ORIENTED_EDGE('',*,*,#2229,.F.);
#2965=ORIENTED_EDGE('',*,*,#2230,.T.);
#2966=ORIENTED_EDGE('',*,*,#2231,.T.);
#2967=ORIENTED_EDGE('',*,*,#2232,.F.);
#2968=ORIENTED_EDGE('',*,*,#2233,.T.);
#2969=ORIENTED_EDGE('',*,*,#2151,.T.);
#2970=ORIENTED_EDGE('',*,*,#2229,.T.);
#2971=ORIENTED_EDGE('',*,*,#2232,.T.);
#2972=ORIENTED_EDGE('',*,*,#2234,.T.);
#2973=ORIENTED_EDGE('',*,*,#2235,.T.);
#2974=ORIENTED_EDGE('',*,*,#2236,.F.);
#2975=ORIENTED_EDGE('',*,*,#2168,.F.);
#2976=ORIENTED_EDGE('',*,*,#2031,.F.);
#2977=ORIENTED_EDGE('',*,*,#2030,.T.);
#2978=ORIENTED_EDGE('',*,*,#2237,.T.);
#2979=ORIENTED_EDGE('',*,*,#1996,.F.);
#2980=ORIENTED_EDGE('',*,*,#2238,.F.);
#2981=ORIENTED_EDGE('',*,*,#2239,.T.);
#2982=ORIENTED_EDGE('',*,*,#2240,.T.);
#2983=ORIENTED_EDGE('',*,*,#2241,.F.);
#2984=ORIENTED_EDGE('',*,*,#2242,.T.);
#2985=ORIENTED_EDGE('',*,*,#2149,.T.);
#2986=ORIENTED_EDGE('',*,*,#2238,.T.);
#2987=ORIENTED_EDGE('',*,*,#2241,.T.);
#2988=ORIENTED_EDGE('',*,*,#2243,.T.);
#2989=ORIENTED_EDGE('',*,*,#2244,.T.);
#2990=ORIENTED_EDGE('',*,*,#2245,.F.);
#2991=ORIENTED_EDGE('',*,*,#2174,.F.);
#2992=ORIENTED_EDGE('',*,*,#2005,.F.);
#2993=ORIENTED_EDGE('',*,*,#2004,.T.);
#2994=ORIENTED_EDGE('',*,*,#2246,.T.);
#2995=ORIENTED_EDGE('',*,*,#1965,.F.);
#2996=ORIENTED_EDGE('',*,*,#2247,.F.);
#2997=ORIENTED_EDGE('',*,*,#2248,.T.);
#2998=ORIENTED_EDGE('',*,*,#2249,.T.);
#2999=ORIENTED_EDGE('',*,*,#2250,.F.);
#3000=ORIENTED_EDGE('',*,*,#2251,.T.);
#3001=ORIENTED_EDGE('',*,*,#2147,.T.);
#3002=ORIENTED_EDGE('',*,*,#2247,.T.);
#3003=ORIENTED_EDGE('',*,*,#2250,.T.);
#3004=ORIENTED_EDGE('',*,*,#2252,.T.);
#3005=ORIENTED_EDGE('',*,*,#2253,.T.);
#3006=ORIENTED_EDGE('',*,*,#2254,.F.);
#3007=ORIENTED_EDGE('',*,*,#2180,.F.);
#3008=ORIENTED_EDGE('',*,*,#1974,.F.);
#3009=ORIENTED_EDGE('',*,*,#1973,.T.);
#3010=ORIENTED_EDGE('',*,*,#2255,.T.);
#3011=ORIENTED_EDGE('',*,*,#1934,.F.);
#3012=ORIENTED_EDGE('',*,*,#2256,.F.);
#3013=ORIENTED_EDGE('',*,*,#2257,.T.);
#3014=ORIENTED_EDGE('',*,*,#2258,.T.);
#3015=ORIENTED_EDGE('',*,*,#2259,.F.);
#3016=ORIENTED_EDGE('',*,*,#2260,.T.);
#3017=ORIENTED_EDGE('',*,*,#2145,.T.);
#3018=ORIENTED_EDGE('',*,*,#2256,.T.);
#3019=ORIENTED_EDGE('',*,*,#2259,.T.);
#3020=ORIENTED_EDGE('',*,*,#2261,.T.);
#3021=ORIENTED_EDGE('',*,*,#2262,.T.);
#3022=ORIENTED_EDGE('',*,*,#2263,.F.);
#3023=ORIENTED_EDGE('',*,*,#2186,.F.);
#3024=ORIENTED_EDGE('',*,*,#1943,.F.);
#3025=ORIENTED_EDGE('',*,*,#1942,.T.);
#3026=ORIENTED_EDGE('',*,*,#2264,.T.);
#3027=ORIENTED_EDGE('',*,*,#1910,.F.);
#3028=ORIENTED_EDGE('',*,*,#2265,.F.);
#3029=ORIENTED_EDGE('',*,*,#2266,.T.);
#3030=ORIENTED_EDGE('',*,*,#2267,.T.);
#3031=ORIENTED_EDGE('',*,*,#2268,.F.);
#3032=ORIENTED_EDGE('',*,*,#2269,.T.);
#3033=ORIENTED_EDGE('',*,*,#2143,.T.);
#3034=ORIENTED_EDGE('',*,*,#2265,.T.);
#3035=ORIENTED_EDGE('',*,*,#2268,.T.);
#3036=ORIENTED_EDGE('',*,*,#2270,.T.);
#3037=ORIENTED_EDGE('',*,*,#2271,.T.);
#3038=ORIENTED_EDGE('',*,*,#2272,.F.);
#3039=ORIENTED_EDGE('',*,*,#2159,.F.);
#3040=ORIENTED_EDGE('',*,*,#1919,.F.);
#3041=ORIENTED_EDGE('',*,*,#1918,.T.);
#3042=ORIENTED_EDGE('',*,*,#2273,.T.);
#3043=ORIENTED_EDGE('',*,*,#1899,.F.);
#3044=ORIENTED_EDGE('',*,*,#2274,.F.);
#3045=ORIENTED_EDGE('',*,*,#2275,.T.);
#3046=ORIENTED_EDGE('',*,*,#2276,.T.);
#3047=ORIENTED_EDGE('',*,*,#2277,.F.);
#3048=ORIENTED_EDGE('',*,*,#2278,.T.);
#3049=ORIENTED_EDGE('',*,*,#2141,.T.);
#3050=ORIENTED_EDGE('',*,*,#2274,.T.);
#3051=ORIENTED_EDGE('',*,*,#2277,.T.);
#3052=ORIENTED_EDGE('',*,*,#2279,.T.);
#3053=ORIENTED_EDGE('',*,*,#2280,.T.);
#3054=ORIENTED_EDGE('',*,*,#2281,.F.);
#3055=ORIENTED_EDGE('',*,*,#2165,.F.);
#3056=ORIENTED_EDGE('',*,*,#1950,.F.);
#3057=ORIENTED_EDGE('',*,*,#1949,.T.);
#3058=ORIENTED_EDGE('',*,*,#2282,.T.);
#3059=ORIENTED_EDGE('',*,*,#1922,.F.);
#3060=ORIENTED_EDGE('',*,*,#2283,.F.);
#3061=ORIENTED_EDGE('',*,*,#2284,.T.);
#3062=ORIENTED_EDGE('',*,*,#2285,.T.);
#3063=ORIENTED_EDGE('',*,*,#2286,.F.);
#3064=ORIENTED_EDGE('',*,*,#2287,.T.);
#3065=ORIENTED_EDGE('',*,*,#2139,.T.);
#3066=ORIENTED_EDGE('',*,*,#2283,.T.);
#3067=ORIENTED_EDGE('',*,*,#2286,.T.);
#3068=ORIENTED_EDGE('',*,*,#2288,.T.);
#3069=ORIENTED_EDGE('',*,*,#2289,.T.);
#3070=ORIENTED_EDGE('',*,*,#2290,.F.);
#3071=ORIENTED_EDGE('',*,*,#2171,.F.);
#3072=ORIENTED_EDGE('',*,*,#1981,.F.);
#3073=ORIENTED_EDGE('',*,*,#1980,.T.);
#3074=ORIENTED_EDGE('',*,*,#2291,.T.);
#3075=ORIENTED_EDGE('',*,*,#1953,.F.);
#3076=ORIENTED_EDGE('',*,*,#2116,.F.);
#3077=ORIENTED_EDGE('',*,*,#2127,.T.);
#3078=ORIENTED_EDGE('',*,*,#2292,.T.);
#3079=ORIENTED_EDGE('',*,*,#2117,.F.);
#3080=ORIENTED_EDGE('',*,*,#2293,.F.);
#3081=ORIENTED_EDGE('',*,*,#2294,.T.);
#3082=ORIENTED_EDGE('',*,*,#2295,.T.);
#3083=ORIENTED_EDGE('',*,*,#2296,.F.);
#3084=ORIENTED_EDGE('',*,*,#2297,.T.);
#3085=ORIENTED_EDGE('',*,*,#2192,.T.);
#3086=ORIENTED_EDGE('',*,*,#2298,.T.);
#3087=ORIENTED_EDGE('',*,*,#2299,.F.);
#3088=ORIENTED_EDGE('',*,*,#2300,.T.);
#3089=ORIENTED_EDGE('',*,*,#2294,.F.);
#3090=ORIENTED_EDGE('',*,*,#2293,.T.);
#3091=ORIENTED_EDGE('',*,*,#2130,.T.);
#3092=ORIENTED_EDGE('',*,*,#2301,.F.);
#3093=ORIENTED_EDGE('',*,*,#2302,.T.);
#3094=ORIENTED_EDGE('',*,*,#2303,.T.);
#3095=ORIENTED_EDGE('',*,*,#2304,.F.);
#3096=ORIENTED_EDGE('',*,*,#2305,.T.);
#3097=ORIENTED_EDGE('',*,*,#2129,.T.);
#3098=ORIENTED_EDGE('',*,*,#2301,.T.);
#3099=ORIENTED_EDGE('',*,*,#2304,.T.);
#3100=ORIENTED_EDGE('',*,*,#2306,.T.);
#3101=ORIENTED_EDGE('',*,*,#2307,.T.);
#3102=ORIENTED_EDGE('',*,*,#2308,.F.);
#3103=ORIENTED_EDGE('',*,*,#2194,.F.);
#3104=ORIENTED_EDGE('',*,*,#2105,.F.);
#3105=ORIENTED_EDGE('',*,*,#2104,.T.);
#3106=ORIENTED_EDGE('',*,*,#2309,.T.);
#3107=ORIENTED_EDGE('',*,*,#2077,.F.);
#3108=ORIENTED_EDGE('',*,*,#2310,.T.);
#3109=ORIENTED_EDGE('',*,*,#2311,.T.);
#3110=ORIENTED_EDGE('',*,*,#2312,.T.);
#3111=ORIENTED_EDGE('',*,*,#2313,.F.);
#3112=ORIENTED_EDGE('',*,*,#2314,.T.);
#3113=ORIENTED_EDGE('',*,*,#2133,.T.);
#3114=ORIENTED_EDGE('',*,*,#2310,.F.);
#3115=ORIENTED_EDGE('',*,*,#2313,.T.);
#3116=ORIENTED_EDGE('',*,*,#2315,.T.);
#3117=ORIENTED_EDGE('',*,*,#2316,.T.);
#3118=ORIENTED_EDGE('',*,*,#2317,.F.);
#3119=ORIENTED_EDGE('',*,*,#2190,.F.);
#3120=ORIENTED_EDGE('',*,*,#2074,.F.);
#3121=ORIENTED_EDGE('',*,*,#2073,.T.);
#3122=ORIENTED_EDGE('',*,*,#2318,.T.);
#3123=ORIENTED_EDGE('',*,*,#2046,.F.);
#3124=ORIENTED_EDGE('',*,*,#2319,.F.);
#3125=ORIENTED_EDGE('',*,*,#2320,.T.);
#3126=ORIENTED_EDGE('',*,*,#2321,.T.);
#3127=ORIENTED_EDGE('',*,*,#2322,.F.);
#3128=ORIENTED_EDGE('',*,*,#2323,.T.);
#3129=ORIENTED_EDGE('',*,*,#2137,.T.);
#3130=ORIENTED_EDGE('',*,*,#2319,.T.);
#3131=ORIENTED_EDGE('',*,*,#2322,.T.);
#3132=ORIENTED_EDGE('',*,*,#2324,.T.);
#3133=ORIENTED_EDGE('',*,*,#2325,.T.);
#3134=ORIENTED_EDGE('',*,*,#2326,.F.);
#3135=ORIENTED_EDGE('',*,*,#2177,.F.);
#3136=ORIENTED_EDGE('',*,*,#2012,.F.);
#3137=ORIENTED_EDGE('',*,*,#2011,.T.);
#3138=ORIENTED_EDGE('',*,*,#2327,.T.);
#3139=ORIENTED_EDGE('',*,*,#1984,.F.);
#3140=ORIENTED_EDGE('',*,*,#2328,.T.);
#3141=ORIENTED_EDGE('',*,*,#2329,.T.);
#3142=ORIENTED_EDGE('',*,*,#2330,.T.);
#3143=ORIENTED_EDGE('',*,*,#2331,.F.);
#3144=ORIENTED_EDGE('',*,*,#2332,.T.);
#3145=ORIENTED_EDGE('',*,*,#2135,.T.);
#3146=ORIENTED_EDGE('',*,*,#2328,.F.);
#3147=ORIENTED_EDGE('',*,*,#2331,.T.);
#3148=ORIENTED_EDGE('',*,*,#2333,.T.);
#3149=ORIENTED_EDGE('',*,*,#2334,.T.);
#3150=ORIENTED_EDGE('',*,*,#2335,.F.);
#3151=ORIENTED_EDGE('',*,*,#2183,.F.);
#3152=ORIENTED_EDGE('',*,*,#2043,.F.);
#3153=ORIENTED_EDGE('',*,*,#2042,.T.);
#3154=ORIENTED_EDGE('',*,*,#2336,.T.);
#3155=ORIENTED_EDGE('',*,*,#2015,.F.);
#3156=ORIENTED_EDGE('',*,*,#2062,.F.);
#3157=ORIENTED_EDGE('',*,*,#2337,.F.);
#3158=ORIENTED_EDGE('',*,*,#2218,.T.);
#3159=ORIENTED_EDGE('',*,*,#2338,.T.);
#3160=ORIENTED_EDGE('',*,*,#2339,.F.);
#3161=ORIENTED_EDGE('',*,*,#2340,.T.);
#3162=ORIENTED_EDGE('',*,*,#2188,.T.);
#3163=ORIENTED_EDGE('',*,*,#1913,.F.);
#3164=ORIENTED_EDGE('',*,*,#1897,.F.);
#3165=ORIENTED_EDGE('',*,*,#2341,.F.);
#3166=ORIENTED_EDGE('',*,*,#2342,.F.);
#3167=ORIENTED_EDGE('',*,*,#2269,.F.);
#3168=ORIENTED_EDGE('',*,*,#2158,.T.);
#3169=ORIENTED_EDGE('',*,*,#1944,.F.);
#3170=ORIENTED_EDGE('',*,*,#1920,.F.);
#3171=ORIENTED_EDGE('',*,*,#2343,.F.);
#3172=ORIENTED_EDGE('',*,*,#2344,.F.);
#3173=ORIENTED_EDGE('',*,*,#2278,.F.);
#3174=ORIENTED_EDGE('',*,*,#2164,.T.);
#3175=ORIENTED_EDGE('',*,*,#1975,.F.);
#3176=ORIENTED_EDGE('',*,*,#1951,.F.);
#3177=ORIENTED_EDGE('',*,*,#2345,.F.);
#3178=ORIENTED_EDGE('',*,*,#2346,.F.);
#3179=ORIENTED_EDGE('',*,*,#2287,.F.);
#3180=ORIENTED_EDGE('',*,*,#2170,.T.);
#3181=ORIENTED_EDGE('',*,*,#2006,.F.);
#3182=ORIENTED_EDGE('',*,*,#1982,.F.);
#3183=ORIENTED_EDGE('',*,*,#2347,.F.);
#3184=ORIENTED_EDGE('',*,*,#2348,.F.);
#3185=ORIENTED_EDGE('',*,*,#2323,.F.);
#3186=ORIENTED_EDGE('',*,*,#2176,.T.);
#3187=ORIENTED_EDGE('',*,*,#2037,.F.);
#3188=ORIENTED_EDGE('',*,*,#2013,.F.);
#3189=ORIENTED_EDGE('',*,*,#2349,.F.);
#3190=ORIENTED_EDGE('',*,*,#2350,.F.);
#3191=ORIENTED_EDGE('',*,*,#2332,.F.);
#3192=ORIENTED_EDGE('',*,*,#2182,.T.);
#3193=ORIENTED_EDGE('',*,*,#2068,.F.);
#3194=ORIENTED_EDGE('',*,*,#2044,.F.);
#3195=ORIENTED_EDGE('',*,*,#2351,.F.);
#3196=ORIENTED_EDGE('',*,*,#2352,.F.);
#3197=ORIENTED_EDGE('',*,*,#2314,.F.);
#3198=ORIENTED_EDGE('',*,*,#2189,.T.);
#3199=ORIENTED_EDGE('',*,*,#2099,.F.);
#3200=ORIENTED_EDGE('',*,*,#2075,.F.);
#3201=ORIENTED_EDGE('',*,*,#2353,.F.);
#3202=ORIENTED_EDGE('',*,*,#2354,.F.);
#3203=ORIENTED_EDGE('',*,*,#2305,.F.);
#3204=ORIENTED_EDGE('',*,*,#2193,.T.);
#3205=ORIENTED_EDGE('',*,*,#2297,.F.);
#3206=ORIENTED_EDGE('',*,*,#2355,.F.);
#3207=ORIENTED_EDGE('',*,*,#2356,.F.);
#3208=ORIENTED_EDGE('',*,*,#2123,.F.);
#3209=ORIENTED_EDGE('',*,*,#2114,.F.);
#3210=ORIENTED_EDGE('',*,*,#2196,.T.);
#3211=ORIENTED_EDGE('',*,*,#2107,.F.);
#3212=ORIENTED_EDGE('',*,*,#2087,.F.);
#3213=ORIENTED_EDGE('',*,*,#2082,.F.);
#3214=ORIENTED_EDGE('',*,*,#2357,.F.);
#3215=ORIENTED_EDGE('',*,*,#2205,.F.);
#3216=ORIENTED_EDGE('',*,*,#2198,.T.);
#3217=ORIENTED_EDGE('',*,*,#2092,.F.);
#3218=ORIENTED_EDGE('',*,*,#2056,.F.);
#3219=ORIENTED_EDGE('',*,*,#2050,.F.);
#3220=ORIENTED_EDGE('',*,*,#2358,.F.);
#3221=ORIENTED_EDGE('',*,*,#2214,.F.);
#3222=ORIENTED_EDGE('',*,*,#2337,.T.);
#3223=ORIENTED_EDGE('',*,*,#2061,.F.);
#3224=ORIENTED_EDGE('',*,*,#2032,.F.);
#3225=ORIENTED_EDGE('',*,*,#2020,.F.);
#3226=ORIENTED_EDGE('',*,*,#2359,.F.);
#3227=ORIENTED_EDGE('',*,*,#2224,.F.);
#3228=ORIENTED_EDGE('',*,*,#2161,.T.);
#3229=ORIENTED_EDGE('',*,*,#2025,.F.);
#3230=ORIENTED_EDGE('',*,*,#1994,.F.);
#3231=ORIENTED_EDGE('',*,*,#1989,.F.);
#3232=ORIENTED_EDGE('',*,*,#2360,.F.);
#3233=ORIENTED_EDGE('',*,*,#2233,.F.);
#3234=ORIENTED_EDGE('',*,*,#2167,.T.);
#3235=ORIENTED_EDGE('',*,*,#1999,.F.);
#3236=ORIENTED_EDGE('',*,*,#1963,.F.);
#3237=ORIENTED_EDGE('',*,*,#1958,.F.);
#3238=ORIENTED_EDGE('',*,*,#2361,.F.);
#3239=ORIENTED_EDGE('',*,*,#2242,.F.);
#3240=ORIENTED_EDGE('',*,*,#2173,.T.);
#3241=ORIENTED_EDGE('',*,*,#1968,.F.);
#3242=ORIENTED_EDGE('',*,*,#1932,.F.);
#3243=ORIENTED_EDGE('',*,*,#1927,.F.);
#3244=ORIENTED_EDGE('',*,*,#2362,.F.);
#3245=ORIENTED_EDGE('',*,*,#2251,.F.);
#3246=ORIENTED_EDGE('',*,*,#2179,.T.);
#3247=ORIENTED_EDGE('',*,*,#1937,.F.);
#3248=ORIENTED_EDGE('',*,*,#1908,.F.);
#3249=ORIENTED_EDGE('',*,*,#1903,.F.);
#3250=ORIENTED_EDGE('',*,*,#2363,.F.);
#3251=ORIENTED_EDGE('',*,*,#2260,.F.);
#3252=ORIENTED_EDGE('',*,*,#2185,.T.);
#3253=ORIENTED_EDGE('',*,*,#2340,.F.);
#3254=ORIENTED_EDGE('',*,*,#2339,.T.);
#3255=ORIENTED_EDGE('',*,*,#1886,.T.);
#3256=ORIENTED_EDGE('',*,*,#2109,.T.);
#3257=ORIENTED_EDGE('',*,*,#2197,.F.);
#3258=ORIENTED_EDGE('',*,*,#2120,.F.);
#3259=ORIENTED_EDGE('',*,*,#2364,.T.);
#3260=ORIENTED_EDGE('',*,*,#2308,.T.);
#3261=ORIENTED_EDGE('',*,*,#2365,.T.);
#3262=ORIENTED_EDGE('',*,*,#2298,.F.);
#3263=ORIENTED_EDGE('',*,*,#2195,.F.);
#3264=ORIENTED_EDGE('',*,*,#2317,.T.);
#3265=ORIENTED_EDGE('',*,*,#2366,.T.);
#3266=ORIENTED_EDGE('',*,*,#2101,.T.);
#3267=ORIENTED_EDGE('',*,*,#2191,.F.);
#3268=ORIENTED_EDGE('',*,*,#2335,.T.);
#3269=ORIENTED_EDGE('',*,*,#2367,.T.);
#3270=ORIENTED_EDGE('',*,*,#2070,.T.);
#3271=ORIENTED_EDGE('',*,*,#2184,.F.);
#3272=ORIENTED_EDGE('',*,*,#2326,.T.);
#3273=ORIENTED_EDGE('',*,*,#2368,.T.);
#3274=ORIENTED_EDGE('',*,*,#2039,.T.);
#3275=ORIENTED_EDGE('',*,*,#2178,.F.);
#3276=ORIENTED_EDGE('',*,*,#2290,.T.);
#3277=ORIENTED_EDGE('',*,*,#2369,.T.);
#3278=ORIENTED_EDGE('',*,*,#2008,.T.);
#3279=ORIENTED_EDGE('',*,*,#2172,.F.);
#3280=ORIENTED_EDGE('',*,*,#2281,.T.);
#3281=ORIENTED_EDGE('',*,*,#2370,.T.);
#3282=ORIENTED_EDGE('',*,*,#1977,.T.);
#3283=ORIENTED_EDGE('',*,*,#2166,.F.);
#3284=ORIENTED_EDGE('',*,*,#2272,.T.);
#3285=ORIENTED_EDGE('',*,*,#2371,.T.);
#3286=ORIENTED_EDGE('',*,*,#1946,.T.);
#3287=ORIENTED_EDGE('',*,*,#2160,.F.);
#3288=ORIENTED_EDGE('',*,*,#2263,.T.);
#3289=ORIENTED_EDGE('',*,*,#2372,.T.);
#3290=ORIENTED_EDGE('',*,*,#1915,.T.);
#3291=ORIENTED_EDGE('',*,*,#2187,.F.);
#3292=ORIENTED_EDGE('',*,*,#2254,.T.);
#3293=ORIENTED_EDGE('',*,*,#2373,.T.);
#3294=ORIENTED_EDGE('',*,*,#1939,.T.);
#3295=ORIENTED_EDGE('',*,*,#2181,.F.);
#3296=ORIENTED_EDGE('',*,*,#2245,.T.);
#3297=ORIENTED_EDGE('',*,*,#2374,.T.);
#3298=ORIENTED_EDGE('',*,*,#1970,.T.);
#3299=ORIENTED_EDGE('',*,*,#2175,.F.);
#3300=ORIENTED_EDGE('',*,*,#2236,.T.);
#3301=ORIENTED_EDGE('',*,*,#2375,.T.);
#3302=ORIENTED_EDGE('',*,*,#2001,.T.);
#3303=ORIENTED_EDGE('',*,*,#2169,.F.);
#3304=ORIENTED_EDGE('',*,*,#2227,.T.);
#3305=ORIENTED_EDGE('',*,*,#2376,.T.);
#3306=ORIENTED_EDGE('',*,*,#2027,.T.);
#3307=ORIENTED_EDGE('',*,*,#2163,.F.);
#3308=ORIENTED_EDGE('',*,*,#2217,.T.);
#3309=ORIENTED_EDGE('',*,*,#2377,.T.);
#3310=ORIENTED_EDGE('',*,*,#2063,.T.);
#3311=ORIENTED_EDGE('',*,*,#2338,.F.);
#3312=ORIENTED_EDGE('',*,*,#2208,.T.);
#3313=ORIENTED_EDGE('',*,*,#2378,.T.);
#3314=ORIENTED_EDGE('',*,*,#2094,.T.);
#3315=ORIENTED_EDGE('',*,*,#2200,.F.);
#3316=ORIENTED_EDGE('',*,*,#2356,.T.);
#3317=ORIENTED_EDGE('',*,*,#2379,.T.);
#3318=ORIENTED_EDGE('',*,*,#2380,.F.);
#3319=ORIENTED_EDGE('',*,*,#2124,.F.);
#3320=ORIENTED_EDGE('',*,*,#2352,.T.);
#3321=ORIENTED_EDGE('',*,*,#2381,.T.);
#3322=ORIENTED_EDGE('',*,*,#2382,.F.);
#3323=ORIENTED_EDGE('',*,*,#2383,.T.);
#3324=ORIENTED_EDGE('',*,*,#2311,.F.);
#3325=ORIENTED_EDGE('',*,*,#2132,.T.);
#3326=ORIENTED_EDGE('',*,*,#2350,.T.);
#3327=ORIENTED_EDGE('',*,*,#2384,.T.);
#3328=ORIENTED_EDGE('',*,*,#2385,.F.);
#3329=ORIENTED_EDGE('',*,*,#2386,.T.);
#3330=ORIENTED_EDGE('',*,*,#2329,.F.);
#3331=ORIENTED_EDGE('',*,*,#2134,.T.);
#3332=ORIENTED_EDGE('',*,*,#2348,.T.);
#3333=ORIENTED_EDGE('',*,*,#2387,.T.);
#3334=ORIENTED_EDGE('',*,*,#2388,.F.);
#3335=ORIENTED_EDGE('',*,*,#2389,.T.);
#3336=ORIENTED_EDGE('',*,*,#2320,.F.);
#3337=ORIENTED_EDGE('',*,*,#2136,.T.);
#3338=ORIENTED_EDGE('',*,*,#2346,.T.);
#3339=ORIENTED_EDGE('',*,*,#2390,.T.);
#3340=ORIENTED_EDGE('',*,*,#2391,.F.);
#3341=ORIENTED_EDGE('',*,*,#2392,.T.);
#3342=ORIENTED_EDGE('',*,*,#2284,.F.);
#3343=ORIENTED_EDGE('',*,*,#2138,.T.);
#3344=ORIENTED_EDGE('',*,*,#2344,.T.);
#3345=ORIENTED_EDGE('',*,*,#2393,.T.);
#3346=ORIENTED_EDGE('',*,*,#2394,.F.);
#3347=ORIENTED_EDGE('',*,*,#2395,.T.);
#3348=ORIENTED_EDGE('',*,*,#2275,.F.);
#3349=ORIENTED_EDGE('',*,*,#2140,.T.);
#3350=ORIENTED_EDGE('',*,*,#2342,.T.);
#3351=ORIENTED_EDGE('',*,*,#2396,.T.);
#3352=ORIENTED_EDGE('',*,*,#2397,.F.);
#3353=ORIENTED_EDGE('',*,*,#2398,.T.);
#3354=ORIENTED_EDGE('',*,*,#2266,.F.);
#3355=ORIENTED_EDGE('',*,*,#2142,.T.);
#3356=ORIENTED_EDGE('',*,*,#2343,.T.);
#3357=ORIENTED_EDGE('',*,*,#1925,.T.);
#3358=ORIENTED_EDGE('',*,*,#2399,.F.);
#3359=ORIENTED_EDGE('',*,*,#2393,.F.);
#3360=ORIENTED_EDGE('',*,*,#2345,.T.);
#3361=ORIENTED_EDGE('',*,*,#1956,.T.);
#3362=ORIENTED_EDGE('',*,*,#2400,.F.);
#3363=ORIENTED_EDGE('',*,*,#2390,.F.);
#3364=ORIENTED_EDGE('',*,*,#2347,.T.);
#3365=ORIENTED_EDGE('',*,*,#1987,.T.);
#3366=ORIENTED_EDGE('',*,*,#2401,.F.);
#3367=ORIENTED_EDGE('',*,*,#2387,.F.);
#3368=ORIENTED_EDGE('',*,*,#2349,.T.);
#3369=ORIENTED_EDGE('',*,*,#2018,.T.);
#3370=ORIENTED_EDGE('',*,*,#2402,.F.);
#3371=ORIENTED_EDGE('',*,*,#2384,.F.);
#3372=ORIENTED_EDGE('',*,*,#2351,.T.);
#3373=ORIENTED_EDGE('',*,*,#2049,.T.);
#3374=ORIENTED_EDGE('',*,*,#2403,.F.);
#3375=ORIENTED_EDGE('',*,*,#2381,.F.);
#3376=ORIENTED_EDGE('',*,*,#2353,.T.);
#3377=ORIENTED_EDGE('',*,*,#2080,.T.);
#3378=ORIENTED_EDGE('',*,*,#2404,.F.);
#3379=ORIENTED_EDGE('',*,*,#2405,.F.);
#3380=ORIENTED_EDGE('',*,*,#2355,.T.);
#3381=ORIENTED_EDGE('',*,*,#2131,.T.);
#3382=ORIENTED_EDGE('',*,*,#2296,.T.);
#3383=ORIENTED_EDGE('',*,*,#2406,.T.);
#3384=ORIENTED_EDGE('',*,*,#2407,.F.);
#3385=ORIENTED_EDGE('',*,*,#2379,.F.);
#3386=ORIENTED_EDGE('',*,*,#2408,.T.);
#3387=ORIENTED_EDGE('',*,*,#2299,.T.);
#3388=ORIENTED_EDGE('',*,*,#2365,.F.);
#3389=ORIENTED_EDGE('',*,*,#2307,.F.);
#3390=ORIENTED_EDGE('',*,*,#2409,.T.);
#3391=ORIENTED_EDGE('',*,*,#2102,.T.);
#3392=ORIENTED_EDGE('',*,*,#2366,.F.);
#3393=ORIENTED_EDGE('',*,*,#2316,.F.);
#3394=ORIENTED_EDGE('',*,*,#2410,.T.);
#3395=ORIENTED_EDGE('',*,*,#2071,.T.);
#3396=ORIENTED_EDGE('',*,*,#2367,.F.);
#3397=ORIENTED_EDGE('',*,*,#2334,.F.);
#3398=ORIENTED_EDGE('',*,*,#2411,.T.);
#3399=ORIENTED_EDGE('',*,*,#2040,.T.);
#3400=ORIENTED_EDGE('',*,*,#2368,.F.);
#3401=ORIENTED_EDGE('',*,*,#2325,.F.);
#3402=ORIENTED_EDGE('',*,*,#2412,.T.);
#3403=ORIENTED_EDGE('',*,*,#2009,.T.);
#3404=ORIENTED_EDGE('',*,*,#2369,.F.);
#3405=ORIENTED_EDGE('',*,*,#2289,.F.);
#3406=ORIENTED_EDGE('',*,*,#2413,.T.);
#3407=ORIENTED_EDGE('',*,*,#1978,.T.);
#3408=ORIENTED_EDGE('',*,*,#2370,.F.);
#3409=ORIENTED_EDGE('',*,*,#2280,.F.);
#3410=ORIENTED_EDGE('',*,*,#2414,.T.);
#3411=ORIENTED_EDGE('',*,*,#1947,.T.);
#3412=ORIENTED_EDGE('',*,*,#2371,.F.);
#3413=ORIENTED_EDGE('',*,*,#2271,.F.);
#3414=ORIENTED_EDGE('',*,*,#2415,.T.);
#3415=ORIENTED_EDGE('',*,*,#1916,.T.);
#3416=ORIENTED_EDGE('',*,*,#2372,.F.);
#3417=ORIENTED_EDGE('',*,*,#2262,.F.);
#3418=ORIENTED_EDGE('',*,*,#2416,.T.);
#3419=ORIENTED_EDGE('',*,*,#1940,.T.);
#3420=ORIENTED_EDGE('',*,*,#2373,.F.);
#3421=ORIENTED_EDGE('',*,*,#2253,.F.);
#3422=ORIENTED_EDGE('',*,*,#2417,.T.);
#3423=ORIENTED_EDGE('',*,*,#1971,.T.);
#3424=ORIENTED_EDGE('',*,*,#2374,.F.);
#3425=ORIENTED_EDGE('',*,*,#2244,.F.);
#3426=ORIENTED_EDGE('',*,*,#2418,.T.);
#3427=ORIENTED_EDGE('',*,*,#2002,.T.);
#3428=ORIENTED_EDGE('',*,*,#2375,.F.);
#3429=ORIENTED_EDGE('',*,*,#2235,.F.);
#3430=ORIENTED_EDGE('',*,*,#2419,.T.);
#3431=ORIENTED_EDGE('',*,*,#2028,.T.);
#3432=ORIENTED_EDGE('',*,*,#2376,.F.);
#3433=ORIENTED_EDGE('',*,*,#2226,.F.);
#3434=ORIENTED_EDGE('',*,*,#2420,.T.);
#3435=ORIENTED_EDGE('',*,*,#2064,.T.);
#3436=ORIENTED_EDGE('',*,*,#2377,.F.);
#3437=ORIENTED_EDGE('',*,*,#2216,.F.);
#3438=ORIENTED_EDGE('',*,*,#2421,.T.);
#3439=ORIENTED_EDGE('',*,*,#2095,.T.);
#3440=ORIENTED_EDGE('',*,*,#2378,.F.);
#3441=ORIENTED_EDGE('',*,*,#2207,.F.);
#3442=ORIENTED_EDGE('',*,*,#2422,.T.);
#3443=ORIENTED_EDGE('',*,*,#2110,.T.);
#3444=ORIENTED_EDGE('',*,*,#2364,.F.);
#3445=ORIENTED_EDGE('',*,*,#2119,.F.);
#3446=ORIENTED_EDGE('',*,*,#2354,.T.);
#3447=ORIENTED_EDGE('',*,*,#2405,.T.);
#3448=ORIENTED_EDGE('',*,*,#2423,.F.);
#3449=ORIENTED_EDGE('',*,*,#2424,.T.);
#3450=ORIENTED_EDGE('',*,*,#2302,.F.);
#3451=ORIENTED_EDGE('',*,*,#2128,.T.);
#3452=ORIENTED_EDGE('',*,*,#2424,.F.);
#3453=ORIENTED_EDGE('',*,*,#2425,.F.);
#3454=ORIENTED_EDGE('',*,*,#2406,.F.);
#3455=ORIENTED_EDGE('',*,*,#2295,.F.);
#3456=ORIENTED_EDGE('',*,*,#2300,.F.);
#3457=ORIENTED_EDGE('',*,*,#2408,.F.);
#3458=ORIENTED_EDGE('',*,*,#2306,.F.);
#3459=ORIENTED_EDGE('',*,*,#2303,.F.);
#3460=ORIENTED_EDGE('',*,*,#2078,.F.);
#3461=ORIENTED_EDGE('',*,*,#2309,.F.);
#3462=ORIENTED_EDGE('',*,*,#2103,.F.);
#3463=ORIENTED_EDGE('',*,*,#2409,.F.);
#3464=ORIENTED_EDGE('',*,*,#2315,.F.);
#3465=ORIENTED_EDGE('',*,*,#2312,.F.);
#3466=ORIENTED_EDGE('',*,*,#2383,.F.);
#3467=ORIENTED_EDGE('',*,*,#2426,.F.);
#3468=ORIENTED_EDGE('',*,*,#2126,.F.);
#3469=ORIENTED_EDGE('',*,*,#2427,.F.);
#3470=ORIENTED_EDGE('',*,*,#2090,.F.);
#3471=ORIENTED_EDGE('',*,*,#2209,.F.);
#3472=ORIENTED_EDGE('',*,*,#2111,.F.);
#3473=ORIENTED_EDGE('',*,*,#2422,.F.);
#3474=ORIENTED_EDGE('',*,*,#2118,.F.);
#3475=ORIENTED_EDGE('',*,*,#2292,.F.);
#3476=ORIENTED_EDGE('',*,*,#2047,.F.);
#3477=ORIENTED_EDGE('',*,*,#2318,.F.);
#3478=ORIENTED_EDGE('',*,*,#2072,.F.);
#3479=ORIENTED_EDGE('',*,*,#2410,.F.);
#3480=ORIENTED_EDGE('',*,*,#2333,.F.);
#3481=ORIENTED_EDGE('',*,*,#2330,.F.);
#3482=ORIENTED_EDGE('',*,*,#2386,.F.);
#3483=ORIENTED_EDGE('',*,*,#2428,.F.);
#3484=ORIENTED_EDGE('',*,*,#2429,.F.);
#3485=ORIENTED_EDGE('',*,*,#2430,.F.);
#3486=ORIENTED_EDGE('',*,*,#2059,.F.);
#3487=ORIENTED_EDGE('',*,*,#2219,.F.);
#3488=ORIENTED_EDGE('',*,*,#2096,.F.);
#3489=ORIENTED_EDGE('',*,*,#2421,.F.);
#3490=ORIENTED_EDGE('',*,*,#2206,.F.);
#3491=ORIENTED_EDGE('',*,*,#2203,.F.);
#3492=ORIENTED_EDGE('',*,*,#2016,.F.);
#3493=ORIENTED_EDGE('',*,*,#2336,.F.);
#3494=ORIENTED_EDGE('',*,*,#2041,.F.);
#3495=ORIENTED_EDGE('',*,*,#2411,.F.);
#3496=ORIENTED_EDGE('',*,*,#2324,.F.);
#3497=ORIENTED_EDGE('',*,*,#2321,.F.);
#3498=ORIENTED_EDGE('',*,*,#2389,.F.);
#3499=ORIENTED_EDGE('',*,*,#2431,.F.);
#3500=ORIENTED_EDGE('',*,*,#2432,.F.);
#3501=ORIENTED_EDGE('',*,*,#2433,.F.);
#3502=ORIENTED_EDGE('',*,*,#2035,.F.);
#3503=ORIENTED_EDGE('',*,*,#2228,.F.);
#3504=ORIENTED_EDGE('',*,*,#2065,.F.);
#3505=ORIENTED_EDGE('',*,*,#2420,.F.);
#3506=ORIENTED_EDGE('',*,*,#2215,.F.);
#3507=ORIENTED_EDGE('',*,*,#2212,.F.);
#3508=ORIENTED_EDGE('',*,*,#1985,.F.);
#3509=ORIENTED_EDGE('',*,*,#2327,.F.);
#3510=ORIENTED_EDGE('',*,*,#2010,.F.);
#3511=ORIENTED_EDGE('',*,*,#2412,.F.);
#3512=ORIENTED_EDGE('',*,*,#2288,.F.);
#3513=ORIENTED_EDGE('',*,*,#2285,.F.);
#3514=ORIENTED_EDGE('',*,*,#2392,.F.);
#3515=ORIENTED_EDGE('',*,*,#2434,.F.);
#3516=ORIENTED_EDGE('',*,*,#2435,.F.);
#3517=ORIENTED_EDGE('',*,*,#2436,.F.);
#3518=ORIENTED_EDGE('',*,*,#1997,.F.);
#3519=ORIENTED_EDGE('',*,*,#2237,.F.);
#3520=ORIENTED_EDGE('',*,*,#2029,.F.);
#3521=ORIENTED_EDGE('',*,*,#2419,.F.);
#3522=ORIENTED_EDGE('',*,*,#2225,.F.);
#3523=ORIENTED_EDGE('',*,*,#2222,.F.);
#3524=ORIENTED_EDGE('',*,*,#1954,.F.);
#3525=ORIENTED_EDGE('',*,*,#2291,.F.);
#3526=ORIENTED_EDGE('',*,*,#1979,.F.);
#3527=ORIENTED_EDGE('',*,*,#2413,.F.);
#3528=ORIENTED_EDGE('',*,*,#2279,.F.);
#3529=ORIENTED_EDGE('',*,*,#2276,.F.);
#3530=ORIENTED_EDGE('',*,*,#2395,.F.);
#3531=ORIENTED_EDGE('',*,*,#2437,.F.);
#3532=ORIENTED_EDGE('',*,*,#2438,.F.);
#3533=ORIENTED_EDGE('',*,*,#2439,.F.);
#3534=ORIENTED_EDGE('',*,*,#1966,.F.);
#3535=ORIENTED_EDGE('',*,*,#2246,.F.);
#3536=ORIENTED_EDGE('',*,*,#2003,.F.);
#3537=ORIENTED_EDGE('',*,*,#2418,.F.);
#3538=ORIENTED_EDGE('',*,*,#2234,.F.);
#3539=ORIENTED_EDGE('',*,*,#2231,.F.);
#3540=ORIENTED_EDGE('',*,*,#1923,.F.);
#3541=ORIENTED_EDGE('',*,*,#2282,.F.);
#3542=ORIENTED_EDGE('',*,*,#1948,.F.);
#3543=ORIENTED_EDGE('',*,*,#2414,.F.);
#3544=ORIENTED_EDGE('',*,*,#2270,.F.);
#3545=ORIENTED_EDGE('',*,*,#2267,.F.);
#3546=ORIENTED_EDGE('',*,*,#2398,.F.);
#3547=ORIENTED_EDGE('',*,*,#2440,.F.);
#3548=ORIENTED_EDGE('',*,*,#2441,.F.);
#3549=ORIENTED_EDGE('',*,*,#2442,.F.);
#3550=ORIENTED_EDGE('',*,*,#1935,.F.);
#3551=ORIENTED_EDGE('',*,*,#2255,.F.);
#3552=ORIENTED_EDGE('',*,*,#1972,.F.);
#3553=ORIENTED_EDGE('',*,*,#2417,.F.);
#3554=ORIENTED_EDGE('',*,*,#2243,.F.);
#3555=ORIENTED_EDGE('',*,*,#2240,.F.);
#3556=ORIENTED_EDGE('',*,*,#1900,.F.);
#3557=ORIENTED_EDGE('',*,*,#2273,.F.);
#3558=ORIENTED_EDGE('',*,*,#1917,.F.);
#3559=ORIENTED_EDGE('',*,*,#2415,.F.);
#3560=ORIENTED_EDGE('',*,*,#2261,.F.);
#3561=ORIENTED_EDGE('',*,*,#2258,.F.);
#3562=ORIENTED_EDGE('',*,*,#2443,.F.);
#3563=ORIENTED_EDGE('',*,*,#2444,.F.);
#3564=ORIENTED_EDGE('',*,*,#2445,.F.);
#3565=ORIENTED_EDGE('',*,*,#2446,.F.);
#3566=ORIENTED_EDGE('',*,*,#1911,.F.);
#3567=ORIENTED_EDGE('',*,*,#2264,.F.);
#3568=ORIENTED_EDGE('',*,*,#1941,.F.);
#3569=ORIENTED_EDGE('',*,*,#2416,.F.);
#3570=ORIENTED_EDGE('',*,*,#2252,.F.);
#3571=ORIENTED_EDGE('',*,*,#2249,.F.);
#3572=ORIENTED_EDGE('',*,*,#2426,.T.);
#3573=ORIENTED_EDGE('',*,*,#2382,.T.);
#3574=ORIENTED_EDGE('',*,*,#2403,.T.);
#3575=ORIENTED_EDGE('',*,*,#2048,.T.);
#3576=ORIENTED_EDGE('',*,*,#2428,.T.);
#3577=ORIENTED_EDGE('',*,*,#2385,.T.);
#3578=ORIENTED_EDGE('',*,*,#2402,.T.);
#3579=ORIENTED_EDGE('',*,*,#2017,.T.);
#3580=ORIENTED_EDGE('',*,*,#2431,.T.);
#3581=ORIENTED_EDGE('',*,*,#2388,.T.);
#3582=ORIENTED_EDGE('',*,*,#2401,.T.);
#3583=ORIENTED_EDGE('',*,*,#1986,.T.);
#3584=ORIENTED_EDGE('',*,*,#2434,.T.);
#3585=ORIENTED_EDGE('',*,*,#2391,.T.);
#3586=ORIENTED_EDGE('',*,*,#2400,.T.);
#3587=ORIENTED_EDGE('',*,*,#1955,.T.);
#3588=ORIENTED_EDGE('',*,*,#2437,.T.);
#3589=ORIENTED_EDGE('',*,*,#2394,.T.);
#3590=ORIENTED_EDGE('',*,*,#2399,.T.);
#3591=ORIENTED_EDGE('',*,*,#1924,.T.);
#3592=ORIENTED_EDGE('',*,*,#2440,.T.);
#3593=ORIENTED_EDGE('',*,*,#2397,.T.);
#3594=ORIENTED_EDGE('',*,*,#2447,.T.);
#3595=ORIENTED_EDGE('',*,*,#1901,.T.);
#3596=ORIENTED_EDGE('',*,*,#2444,.T.);
#3597=ORIENTED_EDGE('',*,*,#2448,.T.);
#3598=ORIENTED_EDGE('',*,*,#1905,.T.);
#3599=ORIENTED_EDGE('',*,*,#1912,.T.);
#3600=ORIENTED_EDGE('',*,*,#2446,.T.);
#3601=ORIENTED_EDGE('',*,*,#2449,.T.);
#3602=ORIENTED_EDGE('',*,*,#1929,.T.);
#3603=ORIENTED_EDGE('',*,*,#1936,.T.);
#3604=ORIENTED_EDGE('',*,*,#2442,.T.);
#3605=ORIENTED_EDGE('',*,*,#2450,.T.);
#3606=ORIENTED_EDGE('',*,*,#1960,.T.);
#3607=ORIENTED_EDGE('',*,*,#1967,.T.);
#3608=ORIENTED_EDGE('',*,*,#2439,.T.);
#3609=ORIENTED_EDGE('',*,*,#2451,.T.);
#3610=ORIENTED_EDGE('',*,*,#1991,.T.);
#3611=ORIENTED_EDGE('',*,*,#1998,.T.);
#3612=ORIENTED_EDGE('',*,*,#2436,.T.);
#3613=ORIENTED_EDGE('',*,*,#2452,.T.);
#3614=ORIENTED_EDGE('',*,*,#2022,.T.);
#3615=ORIENTED_EDGE('',*,*,#2036,.T.);
#3616=ORIENTED_EDGE('',*,*,#2433,.T.);
#3617=ORIENTED_EDGE('',*,*,#2453,.T.);
#3618=ORIENTED_EDGE('',*,*,#2052,.T.);
#3619=ORIENTED_EDGE('',*,*,#2060,.T.);
#3620=ORIENTED_EDGE('',*,*,#2430,.T.);
#3621=ORIENTED_EDGE('',*,*,#2454,.T.);
#3622=ORIENTED_EDGE('',*,*,#2084,.T.);
#3623=ORIENTED_EDGE('',*,*,#2091,.T.);
#3624=ORIENTED_EDGE('',*,*,#2427,.T.);
#3625=ORIENTED_EDGE('',*,*,#2125,.T.);
#3626=ORIENTED_EDGE('',*,*,#2380,.T.);
#3627=ORIENTED_EDGE('',*,*,#2407,.T.);
#3628=ORIENTED_EDGE('',*,*,#2425,.T.);
#3629=ORIENTED_EDGE('',*,*,#2423,.T.);
#3630=ORIENTED_EDGE('',*,*,#2404,.T.);
#3631=ORIENTED_EDGE('',*,*,#2079,.T.);
#3632=ORIENTED_EDGE('',*,*,#1892,.T.);
#3633=ORIENTED_EDGE('',*,*,#2341,.T.);
#3634=ORIENTED_EDGE('',*,*,#1902,.T.);
#3635=ORIENTED_EDGE('',*,*,#2447,.F.);
#3636=ORIENTED_EDGE('',*,*,#2396,.F.);
#3637=ORIENTED_EDGE('',*,*,#2363,.T.);
#3638=ORIENTED_EDGE('',*,*,#1906,.T.);
#3639=ORIENTED_EDGE('',*,*,#2448,.F.);
#3640=ORIENTED_EDGE('',*,*,#2443,.T.);
#3641=ORIENTED_EDGE('',*,*,#2257,.F.);
#3642=ORIENTED_EDGE('',*,*,#2144,.T.);
#3643=ORIENTED_EDGE('',*,*,#2362,.T.);
#3644=ORIENTED_EDGE('',*,*,#1930,.T.);
#3645=ORIENTED_EDGE('',*,*,#2449,.F.);
#3646=ORIENTED_EDGE('',*,*,#2445,.T.);
#3647=ORIENTED_EDGE('',*,*,#2248,.F.);
#3648=ORIENTED_EDGE('',*,*,#2146,.T.);
#3649=ORIENTED_EDGE('',*,*,#2361,.T.);
#3650=ORIENTED_EDGE('',*,*,#1961,.T.);
#3651=ORIENTED_EDGE('',*,*,#2450,.F.);
#3652=ORIENTED_EDGE('',*,*,#2441,.T.);
#3653=ORIENTED_EDGE('',*,*,#2239,.F.);
#3654=ORIENTED_EDGE('',*,*,#2148,.T.);
#3655=ORIENTED_EDGE('',*,*,#2360,.T.);
#3656=ORIENTED_EDGE('',*,*,#1992,.T.);
#3657=ORIENTED_EDGE('',*,*,#2451,.F.);
#3658=ORIENTED_EDGE('',*,*,#2438,.T.);
#3659=ORIENTED_EDGE('',*,*,#2230,.F.);
#3660=ORIENTED_EDGE('',*,*,#2150,.T.);
#3661=ORIENTED_EDGE('',*,*,#2359,.T.);
#3662=ORIENTED_EDGE('',*,*,#2023,.T.);
#3663=ORIENTED_EDGE('',*,*,#2452,.F.);
#3664=ORIENTED_EDGE('',*,*,#2435,.T.);
#3665=ORIENTED_EDGE('',*,*,#2221,.F.);
#3666=ORIENTED_EDGE('',*,*,#2152,.T.);
#3667=ORIENTED_EDGE('',*,*,#2358,.T.);
#3668=ORIENTED_EDGE('',*,*,#2053,.T.);
#3669=ORIENTED_EDGE('',*,*,#2453,.F.);
#3670=ORIENTED_EDGE('',*,*,#2432,.T.);
#3671=ORIENTED_EDGE('',*,*,#2211,.F.);
#3672=ORIENTED_EDGE('',*,*,#2154,.T.);
#3673=ORIENTED_EDGE('',*,*,#2357,.T.);
#3674=ORIENTED_EDGE('',*,*,#2085,.T.);
#3675=ORIENTED_EDGE('',*,*,#2454,.F.);
#3676=ORIENTED_EDGE('',*,*,#2429,.T.);
#3677=ORIENTED_EDGE('',*,*,#2202,.F.);
#3678=ORIENTED_EDGE('',*,*,#2156,.T.);
#3679=PLANE('',#4051);
#3680=PLANE('',#4052);
#3681=PLANE('',#4054);
#3682=PLANE('',#4055);
#3683=PLANE('',#4056);
#3684=PLANE('',#4057);
#3685=PLANE('',#4059);
#3686=PLANE('',#4062);
#3687=PLANE('',#4064);
#3688=PLANE('',#4065);
#3689=PLANE('',#4066);
#3690=PLANE('',#4073);
#3691=PLANE('',#4074);
#3692=PLANE('',#4075);
#3693=PLANE('',#4076);
#3694=PLANE('',#4077);
#3695=PLANE('',#4081);
#3696=PLANE('',#4086);
#3697=PLANE('',#4087);
#3698=PLANE('',#4090);
#3699=PLANE('',#4093);
#3700=PLANE('',#4094);
#3701=PLANE('',#4097);
#3702=PLANE('',#4100);
#3703=PLANE('',#4103);
#3704=PLANE('',#4104);
#3705=PLANE('',#4107);
#3706=PLANE('',#4110);
#3707=PLANE('',#4113);
#3708=PLANE('',#4114);
#3709=PLANE('',#4117);
#3710=PLANE('',#4120);
#3711=PLANE('',#4123);
#3712=PLANE('',#4124);
#3713=PLANE('',#4127);
#3714=PLANE('',#4132);
#3715=PLANE('',#4133);
#3716=PLANE('',#4134);
#3717=PLANE('',#4137);
#3718=PLANE('',#4140);
#3719=PLANE('',#4143);
#3720=PLANE('',#4144);
#3721=PLANE('',#4147);
#3722=PLANE('',#4150);
#3723=PLANE('',#4151);
#3724=PLANE('',#4154);
#3725=PLANE('',#4157);
#3726=PLANE('',#4158);
#3727=PLANE('',#4159);
#3728=PLANE('',#4160);
#3729=PLANE('',#4161);
#3730=PLANE('',#4162);
#3731=PLANE('',#4163);
#3732=PLANE('',#4164);
#3733=PLANE('',#4165);
#3734=PLANE('',#4166);
#3735=PLANE('',#4167);
#3736=PLANE('',#4168);
#3737=PLANE('',#4169);
#3738=PLANE('',#4170);
#3739=PLANE('',#4171);
#3740=PLANE('',#4172);
#3741=PLANE('',#4173);
#3742=PLANE('',#4176);
#3743=PLANE('',#4179);
#3744=PLANE('',#4182);
#3745=PLANE('',#4185);
#3746=PLANE('',#4188);
#3747=PLANE('',#4191);
#3748=PLANE('',#4194);
#3749=PLANE('',#4197);
#3750=PLANE('',#4200);
#3751=PLANE('',#4204);
#3752=PLANE('',#4207);
#3753=PLANE('',#4210);
#3754=PLANE('',#4213);
#3755=PLANE('',#4216);
#3756=PLANE('',#4217);
#3757=PLANE('',#4220);
#3758=PLANE('',#4221);
#3759=PLANE('',#4222);
#3760=PLANE('',#4225);
#3761=PLANE('',#4226);
#3762=PLANE('',#4228);
#3763=PLANE('',#4231);
#3764=PLANE('',#4232);
#3765=PLANE('',#4234);
#3766=PLANE('',#4237);
#3767=PLANE('',#4238);
#3768=PLANE('',#4240);
#3769=PLANE('',#4243);
#3770=PLANE('',#4244);
#3771=PLANE('',#4246);
#3772=PLANE('',#4249);
#3773=PLANE('',#4250);
#3774=PLANE('',#4252);
#3775=PLANE('',#4255);
#3776=PLANE('',#4256);
#3777=PLANE('',#4257);
#3778=PLANE('',#4260);
#3779=PLANE('',#4261);
#3780=PLANE('',#4262);
#3781=PLANE('',#4265);
#3782=PLANE('',#4266);
#3783=PLANE('',#4267);
#3784=PLANE('',#4270);
#3785=PLANE('',#4271);
#3786=PLANE('',#4273);
#3787=PLANE('',#4274);
#3788=PLANE('',#4277);
#3789=PLANE('',#4278);
#3790=PLANE('',#4281);
#3791=PLANE('',#4282);
#3792=PLANE('',#4283);
#3793=PLANE('',#4286);
#3794=PLANE('',#4287);
#3795=PLANE('',#4289);
#3796=PLANE('',#4292);
#3797=PLANE('',#4293);
#3798=PLANE('',#4295);
#3799=PLANE('',#4298);
#3800=PLANE('',#4299);
#3801=PLANE('',#4304);
#3802=PLANE('',#4349);
#3803=PLANE('',#4351);
#3804=PLANE('',#4353);
#3805=PLANE('',#4355);
#3806=PLANE('',#4357);
#3807=PLANE('',#4359);
#3808=PLANE('',#4361);
#3809=PLANE('',#4363);
#3810=PLANE('',#4365);
#3811=PLANE('',#4367);
#3812=PLANE('',#4369);
#3813=PLANE('',#4371);
#3814=PLANE('',#4373);
#3815=PLANE('',#4375);
#3816=PLANE('',#4377);
#3817=PLANE('',#4409);
#3818=ADVANCED_FACE('',(#422),#3679,.F.);
#3819=ADVANCED_FACE('',(#423,#316),#3680,.F.);
#3820=ADVANCED_FACE('',(#424),#3681,.F.);
#3821=ADVANCED_FACE('',(#425),#3682,.F.);
#3822=ADVANCED_FACE('',(#426),#3683,.F.);
#3823=ADVANCED_FACE('',(#427),#3684,.T.);
#3824=ADVANCED_FACE('',(#428),#3685,.T.);
#3825=ADVANCED_FACE('',(#429),#3686,.T.);
#3826=ADVANCED_FACE('',(#430),#3687,.F.);
#3827=ADVANCED_FACE('',(#431),#3688,.F.);
#3828=ADVANCED_FACE('',(#432,#317),#3689,.T.);
#3829=ADVANCED_FACE('',(#433),#225,.T.);
#3830=ADVANCED_FACE('',(#434),#226,.T.);
#3831=ADVANCED_FACE('',(#435),#3690,.F.);
#3832=ADVANCED_FACE('',(#436),#3691,.F.);
#3833=ADVANCED_FACE('',(#437),#3692,.F.);
#3834=ADVANCED_FACE('',(#438),#3693,.F.);
#3835=ADVANCED_FACE('',(#439),#3694,.T.);
#3836=ADVANCED_FACE('',(#440),#227,.F.);
#3837=ADVANCED_FACE('',(#441,#318),#3695,.F.);
#3838=ADVANCED_FACE('',(#442),#228,.F.);
#3839=ADVANCED_FACE('',(#443),#195,.T.);
#3840=ADVANCED_FACE('',(#444),#15,.T.);
#3841=ADVANCED_FACE('',(#445),#3696,.F.);
#3842=ADVANCED_FACE('',(#446),#196,.T.);
#3843=ADVANCED_FACE('',(#447),#3697,.T.);
#3844=ADVANCED_FACE('',(#448),#197,.T.);
#3845=ADVANCED_FACE('',(#449),#3698,.F.);
#3846=ADVANCED_FACE('',(#450),#16,.T.);
#3847=ADVANCED_FACE('',(#451),#3699,.F.);
#3848=ADVANCED_FACE('',(#452),#198,.T.);
#3849=ADVANCED_FACE('',(#453),#3700,.T.);
#3850=ADVANCED_FACE('',(#454),#3701,.T.);
#3851=ADVANCED_FACE('',(#455),#199,.T.);
#3852=ADVANCED_FACE('',(#456),#3702,.F.);
#3853=ADVANCED_FACE('',(#457),#17,.T.);
#3854=ADVANCED_FACE('',(#458),#3703,.F.);
#3855=ADVANCED_FACE('',(#459),#200,.T.);
#3856=ADVANCED_FACE('',(#460),#3704,.T.);
#3857=ADVANCED_FACE('',(#461),#3705,.T.);
#3858=ADVANCED_FACE('',(#462),#201,.T.);
#3859=ADVANCED_FACE('',(#463),#3706,.F.);
#3860=ADVANCED_FACE('',(#464),#18,.T.);
#3861=ADVANCED_FACE('',(#465),#3707,.F.);
#3862=ADVANCED_FACE('',(#466),#202,.T.);
#3863=ADVANCED_FACE('',(#467),#3708,.T.);
#3864=ADVANCED_FACE('',(#468),#3709,.T.);
#3865=ADVANCED_FACE('',(#469),#203,.T.);
#3866=ADVANCED_FACE('',(#470),#3710,.F.);
#3867=ADVANCED_FACE('',(#471),#19,.T.);
#3868=ADVANCED_FACE('',(#472),#3711,.F.);
#3869=ADVANCED_FACE('',(#473),#3712,.T.);
#3870=ADVANCED_FACE('',(#474),#204,.T.);
#3871=ADVANCED_FACE('',(#475),#3713,.T.);
#3872=ADVANCED_FACE('',(#476),#205,.T.);
#3873=ADVANCED_FACE('',(#477),#20,.T.);
#3874=ADVANCED_FACE('',(#478),#3714,.F.);
#3875=ADVANCED_FACE('',(#479),#3715,.F.);
#3876=ADVANCED_FACE('',(#480),#206,.T.);
#3877=ADVANCED_FACE('',(#481),#3716,.T.);
#3878=ADVANCED_FACE('',(#482),#3717,.T.);
#3879=ADVANCED_FACE('',(#483),#207,.T.);
#3880=ADVANCED_FACE('',(#484),#3718,.F.);
#3881=ADVANCED_FACE('',(#485),#21,.T.);
#3882=ADVANCED_FACE('',(#486),#3719,.F.);
#3883=ADVANCED_FACE('',(#487),#208,.T.);
#3884=ADVANCED_FACE('',(#488),#3720,.T.);
#3885=ADVANCED_FACE('',(#489),#3721,.T.);
#3886=ADVANCED_FACE('',(#490),#3722,.F.);
#3887=ADVANCED_FACE('',(#491),#3723,.T.);
#3888=ADVANCED_FACE('',(#492),#3724,.T.);
#3889=ADVANCED_FACE('',(#493),#3725,.F.);
#3890=ADVANCED_FACE('',(#494),#209,.T.);
#3891=ADVANCED_FACE('',(#495),#3726,.F.);
#3892=ADVANCED_FACE('',(#496),#3727,.F.);
#3893=ADVANCED_FACE('',(#497),#3728,.F.);
#3894=ADVANCED_FACE('',(#498),#3729,.F.);
#3895=ADVANCED_FACE('',(#499),#3730,.F.);
#3896=ADVANCED_FACE('',(#500),#3731,.F.);
#3897=ADVANCED_FACE('',(#501),#3732,.F.);
#3898=ADVANCED_FACE('',(#502),#3733,.F.);
#3899=ADVANCED_FACE('',(#503),#3734,.F.);
#3900=ADVANCED_FACE('',(#504),#3735,.F.);
#3901=ADVANCED_FACE('',(#505),#3736,.F.);
#3902=ADVANCED_FACE('',(#506),#3737,.F.);
#3903=ADVANCED_FACE('',(#507),#3738,.F.);
#3904=ADVANCED_FACE('',(#508),#3739,.F.);
#3905=ADVANCED_FACE('',(#509),#3740,.F.);
#3906=ADVANCED_FACE('',(#510),#3741,.F.);
#3907=ADVANCED_FACE('',(#511),#3742,.F.);
#3908=ADVANCED_FACE('',(#512),#3743,.F.);
#3909=ADVANCED_FACE('',(#513),#3744,.F.);
#3910=ADVANCED_FACE('',(#514),#3745,.F.);
#3911=ADVANCED_FACE('',(#515),#3746,.F.);
#3912=ADVANCED_FACE('',(#516),#3747,.F.);
#3913=ADVANCED_FACE('',(#517),#3748,.F.);
#3914=ADVANCED_FACE('',(#518),#3749,.F.);
#3915=ADVANCED_FACE('',(#519),#3750,.F.);
#3916=ADVANCED_FACE('',(#520),#3751,.F.);
#3917=ADVANCED_FACE('',(#521),#3752,.F.);
#3918=ADVANCED_FACE('',(#522),#3753,.F.);
#3919=ADVANCED_FACE('',(#523),#3754,.F.);
#3920=ADVANCED_FACE('',(#524),#3755,.T.);
#3921=ADVANCED_FACE('',(#525),#3756,.T.);
#3922=ADVANCED_FACE('',(#526),#3757,.T.);
#3923=ADVANCED_FACE('',(#527),#3758,.T.);
#3924=ADVANCED_FACE('',(#528),#3759,.T.);
#3925=ADVANCED_FACE('',(#529),#3760,.T.);
#3926=ADVANCED_FACE('',(#530),#3761,.T.);
#3927=ADVANCED_FACE('',(#531),#3762,.T.);
#3928=ADVANCED_FACE('',(#532),#3763,.T.);
#3929=ADVANCED_FACE('',(#533),#3764,.T.);
#3930=ADVANCED_FACE('',(#534),#3765,.T.);
#3931=ADVANCED_FACE('',(#535),#3766,.T.);
#3932=ADVANCED_FACE('',(#536),#3767,.T.);
#3933=ADVANCED_FACE('',(#537),#3768,.T.);
#3934=ADVANCED_FACE('',(#538),#3769,.T.);
#3935=ADVANCED_FACE('',(#539),#3770,.T.);
#3936=ADVANCED_FACE('',(#540),#3771,.T.);
#3937=ADVANCED_FACE('',(#541),#3772,.T.);
#3938=ADVANCED_FACE('',(#542),#3773,.T.);
#3939=ADVANCED_FACE('',(#543),#3774,.T.);
#3940=ADVANCED_FACE('',(#544),#3775,.T.);
#3941=ADVANCED_FACE('',(#545),#3776,.T.);
#3942=ADVANCED_FACE('',(#546),#3777,.T.);
#3943=ADVANCED_FACE('',(#547),#3778,.T.);
#3944=ADVANCED_FACE('',(#548),#3779,.T.);
#3945=ADVANCED_FACE('',(#549),#3780,.T.);
#3946=ADVANCED_FACE('',(#550),#3781,.T.);
#3947=ADVANCED_FACE('',(#551),#3782,.T.);
#3948=ADVANCED_FACE('',(#552),#3783,.T.);
#3949=ADVANCED_FACE('',(#553),#3784,.T.);
#3950=ADVANCED_FACE('',(#554),#3785,.T.);
#3951=ADVANCED_FACE('',(#555),#3786,.T.);
#3952=ADVANCED_FACE('',(#556),#3787,.T.);
#3953=ADVANCED_FACE('',(#557),#3788,.T.);
#3954=ADVANCED_FACE('',(#558),#3789,.T.);
#3955=ADVANCED_FACE('',(#559),#3790,.T.);
#3956=ADVANCED_FACE('',(#560),#3791,.T.);
#3957=ADVANCED_FACE('',(#561),#3792,.T.);
#3958=ADVANCED_FACE('',(#562),#3793,.T.);
#3959=ADVANCED_FACE('',(#563),#3794,.T.);
#3960=ADVANCED_FACE('',(#564),#3795,.T.);
#3961=ADVANCED_FACE('',(#565),#3796,.T.);
#3962=ADVANCED_FACE('',(#566),#3797,.T.);
#3963=ADVANCED_FACE('',(#567),#3798,.T.);
#3964=ADVANCED_FACE('',(#568),#3799,.T.);
#3965=ADVANCED_FACE('',(#569),#3800,.F.);
#3966=ADVANCED_FACE('',(#570),#229,.T.);
#3967=ADVANCED_FACE('',(#571,#319),#3801,.T.);
#3968=ADVANCED_FACE('',(#572),#22,.T.);
#3969=ADVANCED_FACE('',(#573),#23,.T.);
#3970=ADVANCED_FACE('',(#574),#24,.T.);
#3971=ADVANCED_FACE('',(#575),#25,.T.);
#3972=ADVANCED_FACE('',(#576),#26,.T.);
#3973=ADVANCED_FACE('',(#577),#27,.T.);
#3974=ADVANCED_FACE('',(#578),#28,.T.);
#3975=ADVANCED_FACE('',(#579),#29,.T.);
#3976=ADVANCED_FACE('',(#580),#30,.T.);
#3977=ADVANCED_FACE('',(#581),#31,.T.);
#3978=ADVANCED_FACE('',(#582),#32,.T.);
#3979=ADVANCED_FACE('',(#583),#33,.T.);
#3980=ADVANCED_FACE('',(#584),#34,.T.);
#3981=ADVANCED_FACE('',(#585),#35,.T.);
#3982=ADVANCED_FACE('',(#586),#36,.T.);
#3983=ADVANCED_FACE('',(#587),#37,.T.);
#3984=ADVANCED_FACE('',(#588),#210,.T.);
#3985=ADVANCED_FACE('',(#589),#211,.T.);
#3986=ADVANCED_FACE('',(#590),#212,.T.);
#3987=ADVANCED_FACE('',(#591),#213,.T.);
#3988=ADVANCED_FACE('',(#592),#214,.T.);
#3989=ADVANCED_FACE('',(#593),#215,.T.);
#3990=ADVANCED_FACE('',(#594),#38,.T.);
#3991=ADVANCED_FACE('',(#595),#39,.T.);
#3992=ADVANCED_FACE('',(#596),#40,.T.);
#3993=ADVANCED_FACE('',(#597),#41,.T.);
#3994=ADVANCED_FACE('',(#598),#42,.T.);
#3995=ADVANCED_FACE('',(#599),#43,.T.);
#3996=ADVANCED_FACE('',(#600),#216,.T.);
#3997=ADVANCED_FACE('',(#601),#3802,.T.);
#3998=ADVANCED_FACE('',(#602),#3803,.T.);
#3999=ADVANCED_FACE('',(#603),#3804,.T.);
#4000=ADVANCED_FACE('',(#604),#3805,.T.);
#4001=ADVANCED_FACE('',(#605),#3806,.T.);
#4002=ADVANCED_FACE('',(#606),#3807,.T.);
#4003=ADVANCED_FACE('',(#607),#3808,.T.);
#4004=ADVANCED_FACE('',(#608),#3809,.T.);
#4005=ADVANCED_FACE('',(#609),#3810,.T.);
#4006=ADVANCED_FACE('',(#610),#3811,.T.);
#4007=ADVANCED_FACE('',(#611),#3812,.T.);
#4008=ADVANCED_FACE('',(#612),#3813,.T.);
#4009=ADVANCED_FACE('',(#613),#3814,.T.);
#4010=ADVANCED_FACE('',(#614),#3815,.T.);
#4011=ADVANCED_FACE('',(#615),#3816,.T.);
#4012=ADVANCED_FACE('',(#616),#217,.T.);
#4013=ADVANCED_FACE('',(#617),#230,.T.);
#4014=ADVANCED_FACE('',(#618),#231,.T.);
#4015=ADVANCED_FACE('',(#619),#232,.T.);
#4016=ADVANCED_FACE('',(#620),#233,.T.);
#4017=ADVANCED_FACE('',(#621),#234,.T.);
#4018=ADVANCED_FACE('',(#622),#235,.T.);
#4019=ADVANCED_FACE('',(#623),#236,.T.);
#4020=ADVANCED_FACE('',(#624),#237,.T.);
#4021=ADVANCED_FACE('',(#625),#238,.T.);
#4022=ADVANCED_FACE('',(#626),#239,.T.);
#4023=ADVANCED_FACE('',(#627),#240,.T.);
#4024=ADVANCED_FACE('',(#628),#241,.T.);
#4025=ADVANCED_FACE('',(#629),#242,.T.);
#4026=ADVANCED_FACE('',(#630),#243,.T.);
#4027=ADVANCED_FACE('',(#631),#244,.T.);
#4028=ADVANCED_FACE('',(#632,#320),#3817,.T.);
#4029=ADVANCED_FACE('',(#633),#44,.T.);
#4030=ADVANCED_FACE('',(#634),#218,.T.);
#4031=ADVANCED_FACE('',(#635),#219,.T.);
#4032=ADVANCED_FACE('',(#636),#220,.T.);
#4033=ADVANCED_FACE('',(#637),#221,.T.);
#4034=ADVANCED_FACE('',(#638),#222,.T.);
#4035=ADVANCED_FACE('',(#639),#223,.T.);
#4036=ADVANCED_FACE('',(#640),#224,.T.);
#4037=CLOSED_SHELL('',(#3818,#3819,#3820,#3821,#3822,#3823,#3824,#3825,
#3826,#3827,#3828,#3829,#3830,#3831,#3832,#3833,#3834,#3835,#3836,#3837,
#3838,#3839,#3840,#3841,#3842,#3843,#3844,#3845,#3846,#3847,#3848,#3849,
#3850,#3851,#3852,#3853,#3854,#3855,#3856,#3857,#3858,#3859,#3860,#3861,
#3862,#3863,#3864,#3865,#3866,#3867,#3868,#3869,#3870,#3871,#3872,#3873,
#3874,#3875,#3876,#3877,#3878,#3879,#3880,#3881,#3882,#3883,#3884,#3885,
#3886,#3887,#3888,#3889,#3890,#3891,#3892,#3893,#3894,#3895,#3896,#3897,
#3898,#3899,#3900,#3901,#3902,#3903,#3904,#3905,#3906,#3907,#3908,#3909,
#3910,#3911,#3912,#3913,#3914,#3915,#3916,#3917,#3918,#3919,#3920,#3921,
#3922,#3923,#3924,#3925,#3926,#3927,#3928,#3929,#3930,#3931,#3932,#3933,
#3934,#3935,#3936,#3937,#3938,#3939,#3940,#3941,#3942,#3943,#3944,#3945,
#3946,#3947,#3948,#3949,#3950,#3951,#3952,#3953,#3954,#3955,#3956,#3957,
#3958,#3959,#3960,#3961,#3962,#3963,#3964,#3965,#3966,#3967,#3968,#3969,
#3970,#3971,#3972,#3973,#3974,#3975,#3976,#3977,#3978,#3979,#3980,#3981,
#3982,#3983,#3984,#3985,#3986,#3987,#3988,#3989,#3990,#3991,#3992,#3993,
#3994,#3995,#3996,#3997,#3998,#3999,#4000,#4001,#4002,#4003,#4004,#4005,
#4006,#4007,#4008,#4009,#4010,#4011,#4012,#4013,#4014,#4015,#4016,#4017,
#4018,#4019,#4020,#4021,#4022,#4023,#4024,#4025,#4026,#4027,#4028,#4029,
#4030,#4031,#4032,#4033,#4034,#4035,#4036));
#4038=DERIVED_UNIT_ELEMENT(#4040,1.);
#4039=DERIVED_UNIT_ELEMENT(#8392,-3.);
#4040=(
MASS_UNIT()
NAMED_UNIT(*)
SI_UNIT(.KILO.,.GRAM.)
);
#4041=DERIVED_UNIT((#4038,#4039));
#4042=MEASURE_REPRESENTATION_ITEM('density measure',
POSITIVE_RATIO_MEASURE(7850.),#4041);
#4043=PROPERTY_DEFINITION_REPRESENTATION(#4048,#4045);
#4044=PROPERTY_DEFINITION_REPRESENTATION(#4049,#4046);
#4045=REPRESENTATION('material name',(#4047),#8389);
#4046=REPRESENTATION('density',(#4042),#8389);
#4047=DESCRIPTIVE_REPRESENTATION_ITEM('Stahl','Stahl');
#4048=PROPERTY_DEFINITION('material property','material name',#8399);
#4049=PROPERTY_DEFINITION('material property','density of part',#8399);
#4050=AXIS2_PLACEMENT_3D('',#5426,#4412,#4413);
#4051=AXIS2_PLACEMENT_3D('',#5427,#4414,#4415);
#4052=AXIS2_PLACEMENT_3D('',#5436,#4420,#4421);
#4053=AXIS2_PLACEMENT_3D('',#5455,#4431,#4432);
#4054=AXIS2_PLACEMENT_3D('',#5456,#4433,#4434);
#4055=AXIS2_PLACEMENT_3D('',#5462,#4438,#4439);
#4056=AXIS2_PLACEMENT_3D('',#5466,#4442,#4443);
#4057=AXIS2_PLACEMENT_3D('',#5470,#4446,#4447);
#4058=AXIS2_PLACEMENT_3D('',#5476,#4450,#4451);
#4059=AXIS2_PLACEMENT_3D('',#5480,#4454,#4455);
#4060=AXIS2_PLACEMENT_3D('',#5483,#4456,#4457);
#4061=AXIS2_PLACEMENT_3D('',#5485,#4458,#4459);
#4062=AXIS2_PLACEMENT_3D('',#5487,#4461,#4462);
#4063=AXIS2_PLACEMENT_3D('',#5490,#4463,#4464);
#4064=AXIS2_PLACEMENT_3D('',#5492,#4466,#4467);
#4065=AXIS2_PLACEMENT_3D('',#5500,#4473,#4474);
#4066=AXIS2_PLACEMENT_3D('',#5508,#4480,#4481);
#4067=AXIS2_PLACEMENT_3D('',#5510,#4482,#4483);
#4068=AXIS2_PLACEMENT_3D('',#5512,#4484,#4485);
#4069=AXIS2_PLACEMENT_3D('',#5513,#4486,#4487);
#4070=AXIS2_PLACEMENT_3D('',#5515,#4488,#4489);
#4071=AXIS2_PLACEMENT_3D('',#5517,#4491,#4492);
#4072=AXIS2_PLACEMENT_3D('',#5518,#4493,#4494);
#4073=AXIS2_PLACEMENT_3D('',#5520,#4496,#4497);
#4074=AXIS2_PLACEMENT_3D('',#5521,#4498,#4499);
#4075=AXIS2_PLACEMENT_3D('',#5523,#4501,#4502);
#4076=AXIS2_PLACEMENT_3D('',#5525,#4504,#4505);
#4077=AXIS2_PLACEMENT_3D('',#5526,#4506,#4507);
#4078=AXIS2_PLACEMENT_3D('',#5527,#4508,#4509);
#4079=AXIS2_PLACEMENT_3D('',#5529,#4510,#4511);
#4080=AXIS2_PLACEMENT_3D('',#5532,#4513,#4514);
#4081=AXIS2_PLACEMENT_3D('',#5533,#4515,#4516);
#4082=AXIS2_PLACEMENT_3D('',#5535,#4517,#4518);
#4083=AXIS2_PLACEMENT_3D('',#5536,#4519,#4520);
#4084=AXIS2_PLACEMENT_3D('',#5605,#4523,#4524);
#4085=AXIS2_PLACEMENT_3D('',#5623,#4525,#4526);
#4086=AXIS2_PLACEMENT_3D('',#5625,#4528,#4529);
#4087=AXIS2_PLACEMENT_3D('',#5684,#4532,#4533);
#4088=AXIS2_PLACEMENT_3D('',#5686,#4534,#4535);
#4089=AXIS2_PLACEMENT_3D('',#5694,#4539,#4540);
#4090=AXIS2_PLACEMENT_3D('',#5765,#4544,#4545);
#4091=AXIS2_PLACEMENT_3D('',#5767,#4547,#4548);
#4092=AXIS2_PLACEMENT_3D('',#5785,#4549,#4550);
#4093=AXIS2_PLACEMENT_3D('',#5787,#4552,#4553);
#4094=AXIS2_PLACEMENT_3D('',#5848,#4556,#4557);
#4095=AXIS2_PLACEMENT_3D('',#5850,#4558,#4559);
#4096=AXIS2_PLACEMENT_3D('',#5858,#4563,#4564);
#4097=AXIS2_PLACEMENT_3D('',#5862,#4567,#4568);
#4098=AXIS2_PLACEMENT_3D('',#5864,#4569,#4570);
#4099=AXIS2_PLACEMENT_3D('',#5872,#4574,#4575);
#4100=AXIS2_PLACEMENT_3D('',#5943,#4579,#4580);
#4101=AXIS2_PLACEMENT_3D('',#5945,#4582,#4583);
#4102=AXIS2_PLACEMENT_3D('',#5963,#4584,#4585);
#4103=AXIS2_PLACEMENT_3D('',#5965,#4587,#4588);
#4104=AXIS2_PLACEMENT_3D('',#6026,#4591,#4592);
#4105=AXIS2_PLACEMENT_3D('',#6028,#4593,#4594);
#4106=AXIS2_PLACEMENT_3D('',#6036,#4598,#4599);
#4107=AXIS2_PLACEMENT_3D('',#6040,#4602,#4603);
#4108=AXIS2_PLACEMENT_3D('',#6042,#4604,#4605);
#4109=AXIS2_PLACEMENT_3D('',#6050,#4609,#4610);
#4110=AXIS2_PLACEMENT_3D('',#6121,#4614,#4615);
#4111=AXIS2_PLACEMENT_3D('',#6123,#4617,#4618);
#4112=AXIS2_PLACEMENT_3D('',#6141,#4619,#4620);
#4113=AXIS2_PLACEMENT_3D('',#6143,#4622,#4623);
#4114=AXIS2_PLACEMENT_3D('',#6204,#4626,#4627);
#4115=AXIS2_PLACEMENT_3D('',#6206,#4628,#4629);
#4116=AXIS2_PLACEMENT_3D('',#6214,#4633,#4634);
#4117=AXIS2_PLACEMENT_3D('',#6218,#4637,#4638);
#4118=AXIS2_PLACEMENT_3D('',#6220,#4639,#4640);
#4119=AXIS2_PLACEMENT_3D('',#6228,#4644,#4645);
#4120=AXIS2_PLACEMENT_3D('',#6299,#4649,#4650);
#4121=AXIS2_PLACEMENT_3D('',#6301,#4652,#4653);
#4122=AXIS2_PLACEMENT_3D('',#6319,#4654,#4655);
#4123=AXIS2_PLACEMENT_3D('',#6321,#4657,#4658);
#4124=AXIS2_PLACEMENT_3D('',#6323,#4660,#4661);
#4125=AXIS2_PLACEMENT_3D('',#6325,#4662,#4663);
#4126=AXIS2_PLACEMENT_3D('',#6333,#4667,#4668);
#4127=AXIS2_PLACEMENT_3D('',#6430,#4672,#4673);
#4128=AXIS2_PLACEMENT_3D('',#6432,#4674,#4675);
#4129=AXIS2_PLACEMENT_3D('',#6440,#4679,#4680);
#4130=AXIS2_PLACEMENT_3D('',#6511,#4684,#4685);
#4131=AXIS2_PLACEMENT_3D('',#6529,#4686,#4687);
#4132=AXIS2_PLACEMENT_3D('',#6531,#4689,#4690);
#4133=AXIS2_PLACEMENT_3D('',#6533,#4692,#4693);
#4134=AXIS2_PLACEMENT_3D('',#6592,#4696,#4697);
#4135=AXIS2_PLACEMENT_3D('',#6594,#4698,#4699);
#4136=AXIS2_PLACEMENT_3D('',#6602,#4703,#4704);
#4137=AXIS2_PLACEMENT_3D('',#6606,#4707,#4708);
#4138=AXIS2_PLACEMENT_3D('',#6608,#4709,#4710);
#4139=AXIS2_PLACEMENT_3D('',#6616,#4714,#4715);
#4140=AXIS2_PLACEMENT_3D('',#6685,#4719,#4720);
#4141=AXIS2_PLACEMENT_3D('',#6687,#4722,#4723);
#4142=AXIS2_PLACEMENT_3D('',#6705,#4724,#4725);
#4143=AXIS2_PLACEMENT_3D('',#6707,#4727,#4728);
#4144=AXIS2_PLACEMENT_3D('',#6766,#4731,#4732);
#4145=AXIS2_PLACEMENT_3D('',#6768,#4733,#4734);
#4146=AXIS2_PLACEMENT_3D('',#6776,#4738,#4739);
#4147=AXIS2_PLACEMENT_3D('',#6780,#4742,#4743);
#4148=AXIS2_PLACEMENT_3D('',#6782,#4744,#4745);
#4149=AXIS2_PLACEMENT_3D('',#6790,#4749,#4750);
#4150=AXIS2_PLACEMENT_3D('',#6794,#4753,#4754);
#4151=AXIS2_PLACEMENT_3D('',#6796,#4756,#4757);
#4152=AXIS2_PLACEMENT_3D('',#6798,#4758,#4759);
#4153=AXIS2_PLACEMENT_3D('',#6806,#4763,#4764);
#4154=AXIS2_PLACEMENT_3D('',#6810,#4767,#4768);
#4155=AXIS2_PLACEMENT_3D('',#6813,#4769,#4770);
#4156=AXIS2_PLACEMENT_3D('',#6821,#4774,#4775);
#4157=AXIS2_PLACEMENT_3D('',#6827,#4779,#4780);
#4158=AXIS2_PLACEMENT_3D('',#6922,#4783,#4784);
#4159=AXIS2_PLACEMENT_3D('',#6932,#4786,#4787);
#4160=AXIS2_PLACEMENT_3D('',#6942,#4789,#4790);
#4161=AXIS2_PLACEMENT_3D('',#6952,#4792,#4793);
#4162=AXIS2_PLACEMENT_3D('',#6962,#4795,#4796);
#4163=AXIS2_PLACEMENT_3D('',#6972,#4798,#4799);
#4164=AXIS2_PLACEMENT_3D('',#6982,#4801,#4802);
#4165=AXIS2_PLACEMENT_3D('',#6992,#4804,#4805);
#4166=AXIS2_PLACEMENT_3D('',#7002,#4807,#4808);
#4167=AXIS2_PLACEMENT_3D('',#7012,#4810,#4811);
#4168=AXIS2_PLACEMENT_3D('',#7022,#4813,#4814);
#4169=AXIS2_PLACEMENT_3D('',#7032,#4816,#4817);
#4170=AXIS2_PLACEMENT_3D('',#7042,#4819,#4820);
#4171=AXIS2_PLACEMENT_3D('',#7052,#4822,#4823);
#4172=AXIS2_PLACEMENT_3D('',#7062,#4825,#4826);
#4173=AXIS2_PLACEMENT_3D('',#7072,#4828,#4829);
#4174=AXIS2_PLACEMENT_3D('',#7074,#4830,#4831);
#4175=AXIS2_PLACEMENT_3D('',#7077,#4833,#4834);
#4176=AXIS2_PLACEMENT_3D('',#7078,#4835,#4836);
#4177=AXIS2_PLACEMENT_3D('',#7080,#4837,#4838);
#4178=AXIS2_PLACEMENT_3D('',#7083,#4840,#4841);
#4179=AXIS2_PLACEMENT_3D('',#7084,#4842,#4843);
#4180=AXIS2_PLACEMENT_3D('',#7086,#4844,#4845);
#4181=AXIS2_PLACEMENT_3D('',#7089,#4847,#4848);
#4182=AXIS2_PLACEMENT_3D('',#7090,#4849,#4850);
#4183=AXIS2_PLACEMENT_3D('',#7092,#4851,#4852);
#4184=AXIS2_PLACEMENT_3D('',#7095,#4854,#4855);
#4185=AXIS2_PLACEMENT_3D('',#7096,#4856,#4857);
#4186=AXIS2_PLACEMENT_3D('',#7098,#4858,#4859);
#4187=AXIS2_PLACEMENT_3D('',#7101,#4861,#4862);
#4188=AXIS2_PLACEMENT_3D('',#7102,#4863,#4864);
#4189=AXIS2_PLACEMENT_3D('',#7104,#4865,#4866);
#4190=AXIS2_PLACEMENT_3D('',#7107,#4868,#4869);
#4191=AXIS2_PLACEMENT_3D('',#7108,#4870,#4871);
#4192=AXIS2_PLACEMENT_3D('',#7110,#4872,#4873);
#4193=AXIS2_PLACEMENT_3D('',#7113,#4875,#4876);
#4194=AXIS2_PLACEMENT_3D('',#7114,#4877,#4878);
#4195=AXIS2_PLACEMENT_3D('',#7116,#4879,#4880);
#4196=AXIS2_PLACEMENT_3D('',#7119,#4882,#4883);
#4197=AXIS2_PLACEMENT_3D('',#7120,#4884,#4885);
#4198=AXIS2_PLACEMENT_3D('',#7122,#4886,#4887);
#4199=AXIS2_PLACEMENT_3D('',#7125,#4889,#4890);
#4200=AXIS2_PLACEMENT_3D('',#7126,#4891,#4892);
#4201=AXIS2_PLACEMENT_3D('',#7129,#4893,#4894);
#4202=AXIS2_PLACEMENT_3D('',#7132,#4896,#4897);
#4203=AXIS2_PLACEMENT_3D('',#7133,#4898,#4899);
#4204=AXIS2_PLACEMENT_3D('',#7134,#4900,#4901);
#4205=AXIS2_PLACEMENT_3D('',#7136,#4902,#4903);
#4206=AXIS2_PLACEMENT_3D('',#7139,#4905,#4906);
#4207=AXIS2_PLACEMENT_3D('',#7140,#4907,#4908);
#4208=AXIS2_PLACEMENT_3D('',#7145,#4910,#4911);
#4209=AXIS2_PLACEMENT_3D('',#7148,#4913,#4914);
#4210=AXIS2_PLACEMENT_3D('',#7149,#4915,#4916);
#4211=AXIS2_PLACEMENT_3D('',#7150,#4917,#4918);
#4212=AXIS2_PLACEMENT_3D('',#7151,#4919,#4920);
#4213=AXIS2_PLACEMENT_3D('',#7152,#4921,#4922);
#4214=AXIS2_PLACEMENT_3D('',#7154,#4923,#4924);
#4215=AXIS2_PLACEMENT_3D('',#7157,#4926,#4927);
#4216=AXIS2_PLACEMENT_3D('',#7158,#4928,#4929);
#4217=AXIS2_PLACEMENT_3D('',#7166,#4934,#4935);
#4218=AXIS2_PLACEMENT_3D('',#7167,#4936,#4937);
#4219=AXIS2_PLACEMENT_3D('',#7169,#4938,#4939);
#4220=AXIS2_PLACEMENT_3D('',#7173,#4942,#4943);
#4221=AXIS2_PLACEMENT_3D('',#7175,#4945,#4946);
#4222=AXIS2_PLACEMENT_3D('',#7183,#4951,#4952);
#4223=AXIS2_PLACEMENT_3D('',#7185,#4953,#4954);
#4224=AXIS2_PLACEMENT_3D('',#7187,#4955,#4956);
#4225=AXIS2_PLACEMENT_3D('',#7193,#4960,#4961);
#4226=AXIS2_PLACEMENT_3D('',#7195,#4963,#4964);
#4227=AXIS2_PLACEMENT_3D('',#7201,#4967,#4968);
#4228=AXIS2_PLACEMENT_3D('',#7203,#4970,#4971);
#4229=AXIS2_PLACEMENT_3D('',#7204,#4972,#4973);
#4230=AXIS2_PLACEMENT_3D('',#7206,#4974,#4975);
#4231=AXIS2_PLACEMENT_3D('',#7210,#4978,#4979);
#4232=AXIS2_PLACEMENT_3D('',#7212,#4981,#4982);
#4233=AXIS2_PLACEMENT_3D('',#7218,#4985,#4986);
#4234=AXIS2_PLACEMENT_3D('',#7220,#4988,#4989);
#4235=AXIS2_PLACEMENT_3D('',#7221,#4990,#4991);
#4236=AXIS2_PLACEMENT_3D('',#7223,#4992,#4993);
#4237=AXIS2_PLACEMENT_3D('',#7227,#4996,#4997);
#4238=AXIS2_PLACEMENT_3D('',#7229,#4999,#5000);
#4239=AXIS2_PLACEMENT_3D('',#7235,#5003,#5004);
#4240=AXIS2_PLACEMENT_3D('',#7237,#5006,#5007);
#4241=AXIS2_PLACEMENT_3D('',#7238,#5008,#5009);
#4242=AXIS2_PLACEMENT_3D('',#7240,#5010,#5011);
#4243=AXIS2_PLACEMENT_3D('',#7244,#5014,#5015);
#4244=AXIS2_PLACEMENT_3D('',#7246,#5017,#5018);
#4245=AXIS2_PLACEMENT_3D('',#7252,#5021,#5022);
#4246=AXIS2_PLACEMENT_3D('',#7254,#5024,#5025);
#4247=AXIS2_PLACEMENT_3D('',#7255,#5026,#5027);
#4248=AXIS2_PLACEMENT_3D('',#7257,#5028,#5029);
#4249=AXIS2_PLACEMENT_3D('',#7261,#5032,#5033);
#4250=AXIS2_PLACEMENT_3D('',#7263,#5035,#5036);
#4251=AXIS2_PLACEMENT_3D('',#7269,#5039,#5040);
#4252=AXIS2_PLACEMENT_3D('',#7271,#5042,#5043);
#4253=AXIS2_PLACEMENT_3D('',#7272,#5044,#5045);
#4254=AXIS2_PLACEMENT_3D('',#7274,#5046,#5047);
#4255=AXIS2_PLACEMENT_3D('',#7278,#5050,#5051);
#4256=AXIS2_PLACEMENT_3D('',#7280,#5053,#5054);
#4257=AXIS2_PLACEMENT_3D('',#7288,#5059,#5060);
#4258=AXIS2_PLACEMENT_3D('',#7289,#5061,#5062);
#4259=AXIS2_PLACEMENT_3D('',#7291,#5063,#5064);
#4260=AXIS2_PLACEMENT_3D('',#7295,#5067,#5068);
#4261=AXIS2_PLACEMENT_3D('',#7297,#5070,#5071);
#4262=AXIS2_PLACEMENT_3D('',#7305,#5076,#5077);
#4263=AXIS2_PLACEMENT_3D('',#7306,#5078,#5079);
#4264=AXIS2_PLACEMENT_3D('',#7308,#5080,#5081);
#4265=AXIS2_PLACEMENT_3D('',#7312,#5084,#5085);
#4266=AXIS2_PLACEMENT_3D('',#7314,#5087,#5088);
#4267=AXIS2_PLACEMENT_3D('',#7322,#5093,#5094);
#4268=AXIS2_PLACEMENT_3D('',#7323,#5095,#5096);
#4269=AXIS2_PLACEMENT_3D('',#7325,#5097,#5098);
#4270=AXIS2_PLACEMENT_3D('',#7329,#5101,#5102);
#4271=AXIS2_PLACEMENT_3D('',#7331,#5104,#5105);
#4272=AXIS2_PLACEMENT_3D('',#7332,#5106,#5107);
#4273=AXIS2_PLACEMENT_3D('',#7333,#5108,#5109);
#4274=AXIS2_PLACEMENT_3D('',#7341,#5114,#5115);
#4275=AXIS2_PLACEMENT_3D('',#7342,#5116,#5117);
#4276=AXIS2_PLACEMENT_3D('',#7347,#5120,#5121);
#4277=AXIS2_PLACEMENT_3D('',#7348,#5122,#5123);
#4278=AXIS2_PLACEMENT_3D('',#7356,#5128,#5129);
#4279=AXIS2_PLACEMENT_3D('',#7357,#5130,#5131);
#4280=AXIS2_PLACEMENT_3D('',#7359,#5132,#5133);
#4281=AXIS2_PLACEMENT_3D('',#7363,#5136,#5137);
#4282=AXIS2_PLACEMENT_3D('',#7365,#5139,#5140);
#4283=AXIS2_PLACEMENT_3D('',#7373,#5145,#5146);
#4284=AXIS2_PLACEMENT_3D('',#7374,#5147,#5148);
#4285=AXIS2_PLACEMENT_3D('',#7376,#5149,#5150);
#4286=AXIS2_PLACEMENT_3D('',#7380,#5153,#5154);
#4287=AXIS2_PLACEMENT_3D('',#7382,#5156,#5157);
#4288=AXIS2_PLACEMENT_3D('',#7388,#5160,#5161);
#4289=AXIS2_PLACEMENT_3D('',#7390,#5163,#5164);
#4290=AXIS2_PLACEMENT_3D('',#7391,#5165,#5166);
#4291=AXIS2_PLACEMENT_3D('',#7393,#5167,#5168);
#4292=AXIS2_PLACEMENT_3D('',#7397,#5171,#5172);
#4293=AXIS2_PLACEMENT_3D('',#7399,#5174,#5175);
#4294=AXIS2_PLACEMENT_3D('',#7405,#5178,#5179);
#4295=AXIS2_PLACEMENT_3D('',#7407,#5181,#5182);
#4296=AXIS2_PLACEMENT_3D('',#7408,#5183,#5184);
#4297=AXIS2_PLACEMENT_3D('',#7410,#5185,#5186);
#4298=AXIS2_PLACEMENT_3D('',#7414,#5189,#5190);
#4299=AXIS2_PLACEMENT_3D('',#7416,#5192,#5193);
#4300=AXIS2_PLACEMENT_3D('',#7417,#5194,#5195);
#4301=AXIS2_PLACEMENT_3D('',#7418,#5196,#5197);
#4302=AXIS2_PLACEMENT_3D('',#7419,#5198,#5199);
#4303=AXIS2_PLACEMENT_3D('',#7421,#5200,#5201);
#4304=AXIS2_PLACEMENT_3D('',#7585,#5203,#5204);
#4305=AXIS2_PLACEMENT_3D('',#7586,#5205,#5206);
#4306=AXIS2_PLACEMENT_3D('',#7587,#5207,#5208);
#4307=AXIS2_PLACEMENT_3D('',#7588,#5209,#5210);
#4308=AXIS2_PLACEMENT_3D('',#7589,#5211,#5212);
#4309=AXIS2_PLACEMENT_3D('',#7590,#5213,#5214);
#4310=AXIS2_PLACEMENT_3D('',#7591,#5215,#5216);
#4311=AXIS2_PLACEMENT_3D('',#7592,#5217,#5218);
#4312=AXIS2_PLACEMENT_3D('',#7593,#5219,#5220);
#4313=AXIS2_PLACEMENT_3D('',#7594,#5221,#5222);
#4314=AXIS2_PLACEMENT_3D('',#7595,#5223,#5224);
#4315=AXIS2_PLACEMENT_3D('',#7596,#5225,#5226);
#4316=AXIS2_PLACEMENT_3D('',#7597,#5227,#5228);
#4317=AXIS2_PLACEMENT_3D('',#7598,#5229,#5230);
#4318=AXIS2_PLACEMENT_3D('',#7599,#5231,#5232);
#4319=AXIS2_PLACEMENT_3D('',#7600,#5233,#5234);
#4320=AXIS2_PLACEMENT_3D('',#7601,#5235,#5236);
#4321=AXIS2_PLACEMENT_3D('',#7602,#5237,#5238);
#4322=AXIS2_PLACEMENT_3D('',#7603,#5239,#5240);
#4323=AXIS2_PLACEMENT_3D('',#7604,#5241,#5242);
#4324=AXIS2_PLACEMENT_3D('',#7605,#5243,#5244);
#4325=AXIS2_PLACEMENT_3D('',#7606,#5245,#5246);
#4326=AXIS2_PLACEMENT_3D('',#7607,#5247,#5248);
#4327=AXIS2_PLACEMENT_3D('',#7608,#5249,#5250);
#4328=AXIS2_PLACEMENT_3D('',#7609,#5251,#5252);
#4329=AXIS2_PLACEMENT_3D('',#7610,#5253,#5254);
#4330=AXIS2_PLACEMENT_3D('',#7611,#5255,#5256);
#4331=AXIS2_PLACEMENT_3D('',#7612,#5257,#5258);
#4332=AXIS2_PLACEMENT_3D('',#7613,#5259,#5260);
#4333=AXIS2_PLACEMENT_3D('',#7614,#5261,#5262);
#4334=AXIS2_PLACEMENT_3D('',#7615,#5263,#5264);
#4335=AXIS2_PLACEMENT_3D('',#7616,#5265,#5266);
#4336=AXIS2_PLACEMENT_3D('',#7624,#5267,#5268);
#4337=AXIS2_PLACEMENT_3D('',#7889,#5275,#5276);
#4338=AXIS2_PLACEMENT_3D('',#7890,#5277,#5278);
#4339=AXIS2_PLACEMENT_3D('',#7891,#5279,#5280);
#4340=AXIS2_PLACEMENT_3D('',#7892,#5281,#5282);
#4341=AXIS2_PLACEMENT_3D('',#7893,#5283,#5284);
#4342=AXIS2_PLACEMENT_3D('',#7894,#5285,#5286);
#4343=AXIS2_PLACEMENT_3D('',#7895,#5287,#5288);
#4344=AXIS2_PLACEMENT_3D('',#7896,#5289,#5290);
#4345=AXIS2_PLACEMENT_3D('',#7897,#5291,#5292);
#4346=AXIS2_PLACEMENT_3D('',#7898,#5293,#5294);
#4347=AXIS2_PLACEMENT_3D('',#7899,#5295,#5296);
#4348=AXIS2_PLACEMENT_3D('',#7901,#5297,#5298);
#4349=AXIS2_PLACEMENT_3D('',#7946,#5300,#5301);
#4350=AXIS2_PLACEMENT_3D('',#7947,#5302,#5303);
#4351=AXIS2_PLACEMENT_3D('',#7948,#5304,#5305);
#4352=AXIS2_PLACEMENT_3D('',#7949,#5306,#5307);
#4353=AXIS2_PLACEMENT_3D('',#7950,#5308,#5309);
#4354=AXIS2_PLACEMENT_3D('',#7951,#5310,#5311);
#4355=AXIS2_PLACEMENT_3D('',#7952,#5312,#5313);
#4356=AXIS2_PLACEMENT_3D('',#7953,#5314,#5315);
#4357=AXIS2_PLACEMENT_3D('',#7954,#5316,#5317);
#4358=AXIS2_PLACEMENT_3D('',#7955,#5318,#5319);
#4359=AXIS2_PLACEMENT_3D('',#7956,#5320,#5321);
#4360=AXIS2_PLACEMENT_3D('',#7957,#5322,#5323);
#4361=AXIS2_PLACEMENT_3D('',#7958,#5324,#5325);
#4362=AXIS2_PLACEMENT_3D('',#7959,#5326,#5327);
#4363=AXIS2_PLACEMENT_3D('',#7960,#5328,#5329);
#4364=AXIS2_PLACEMENT_3D('',#7961,#5330,#5331);
#4365=AXIS2_PLACEMENT_3D('',#7962,#5332,#5333);
#4366=AXIS2_PLACEMENT_3D('',#7963,#5334,#5335);
#4367=AXIS2_PLACEMENT_3D('',#7964,#5336,#5337);
#4368=AXIS2_PLACEMENT_3D('',#7965,#5338,#5339);
#4369=AXIS2_PLACEMENT_3D('',#7966,#5340,#5341);
#4370=AXIS2_PLACEMENT_3D('',#7967,#5342,#5343);
#4371=AXIS2_PLACEMENT_3D('',#7968,#5344,#5345);
#4372=AXIS2_PLACEMENT_3D('',#7969,#5346,#5347);
#4373=AXIS2_PLACEMENT_3D('',#7970,#5348,#5349);
#4374=AXIS2_PLACEMENT_3D('',#7971,#5350,#5351);
#4375=AXIS2_PLACEMENT_3D('',#7972,#5352,#5353);
#4376=AXIS2_PLACEMENT_3D('',#7973,#5354,#5355);
#4377=AXIS2_PLACEMENT_3D('',#7974,#5356,#5357);
#4378=AXIS2_PLACEMENT_3D('',#7975,#5358,#5359);
#4379=AXIS2_PLACEMENT_3D('',#8051,#5360,#5361);
#4380=AXIS2_PLACEMENT_3D('',#8052,#5362,#5363);
#4381=AXIS2_PLACEMENT_3D('',#8053,#5364,#5365);
#4382=AXIS2_PLACEMENT_3D('',#8054,#5366,#5367);
#4383=AXIS2_PLACEMENT_3D('',#8055,#5368,#5369);
#4384=AXIS2_PLACEMENT_3D('',#8056,#5370,#5371);
#4385=AXIS2_PLACEMENT_3D('',#8057,#5372,#5373);
#4386=AXIS2_PLACEMENT_3D('',#8058,#5374,#5375);
#4387=AXIS2_PLACEMENT_3D('',#8059,#5376,#5377);
#4388=AXIS2_PLACEMENT_3D('',#8069,#5378,#5379);
#4389=AXIS2_PLACEMENT_3D('',#8070,#5380,#5381);
#4390=AXIS2_PLACEMENT_3D('',#8071,#5382,#5383);
#4391=AXIS2_PLACEMENT_3D('',#8072,#5384,#5385);
#4392=AXIS2_PLACEMENT_3D('',#8080,#5386,#5387);
#4393=AXIS2_PLACEMENT_3D('',#8081,#5388,#5389);
#4394=AXIS2_PLACEMENT_3D('',#8082,#5390,#5391);
#4395=AXIS2_PLACEMENT_3D('',#8083,#5392,#5393);
#4396=AXIS2_PLACEMENT_3D('',#8091,#5394,#5395);
#4397=AXIS2_PLACEMENT_3D('',#8092,#5396,#5397);
#4398=AXIS2_PLACEMENT_3D('',#8093,#5398,#5399);
#4399=AXIS2_PLACEMENT_3D('',#8094,#5400,#5401);
#4400=AXIS2_PLACEMENT_3D('',#8104,#5402,#5403);
#4401=AXIS2_PLACEMENT_3D('',#8105,#5404,#5405);
#4402=AXIS2_PLACEMENT_3D('',#8106,#5406,#5407);
#4403=AXIS2_PLACEMENT_3D('',#8107,#5408,#5409);
#4404=AXIS2_PLACEMENT_3D('',#8115,#5410,#5411);
#4405=AXIS2_PLACEMENT_3D('',#8116,#5412,#5413);
#4406=AXIS2_PLACEMENT_3D('',#8124,#5414,#5415);
#4407=AXIS2_PLACEMENT_3D('',#8125,#5416,#5417);
#4408=AXIS2_PLACEMENT_3D('',#8133,#5418,#5419);
#4409=AXIS2_PLACEMENT_3D('',#8134,#5420,#5421);
#4410=AXIS2_PLACEMENT_3D('',#8135,#5422,#5423);
#4411=AXIS2_PLACEMENT_3D('',#8178,#5424,#5425);
#4412=DIRECTION('axis',(0.,0.,1.));
#4413=DIRECTION('refdir',(1.,0.,0.));
#4414=DIRECTION('center_axis',(0.480356522068831,0.500087230435145,-0.720534783103247));
#4415=DIRECTION('ref_axis',(-0.277398484852106,0.86597503541136,0.416097727278159));
#4416=DIRECTION('',(0.832050294337844,4.20366403659158E-16,0.554700196225229));
#4417=DIRECTION('',(-0.277398484852107,0.86597503541136,0.416097727278159));
#4418=DIRECTION('',(0.832050294337844,4.99600361081321E-16,0.554700196225229));
#4419=DIRECTION('',(-0.277398484852107,0.86597503541136,0.41609772727816));
#4420=DIRECTION('center_axis',(0.832050294337844,4.05455417729637E-16,0.554700196225229));
#4421=DIRECTION('ref_axis',(0.480384461415261,-0.5,-0.720576692122892));
#4422=DIRECTION('',(-0.554700193411201,-0.000100727959291319,0.832050290116802));
#4423=DIRECTION('',(0.480412395887597,-0.499912764491968,-0.720618593831395));
#4424=DIRECTION('',(0.277350098112614,0.866025403784439,-0.416025147168922));
#4425=DIRECTION('',(0.480412395887597,-0.499912764491968,-0.720618593831395));
#4426=DIRECTION('',(0.554700193411201,0.000100727959427099,-0.832050290116802));
#4427=DIRECTION('',(0.27739848485201,-0.865975035411461,-0.416097727278014));
#4428=DIRECTION('',(-0.480412395887634,0.499912764491853,0.72061859383145));
#4429=DIRECTION('',(-0.277350098112614,-0.866025403784439,0.416025147168922));
#4430=DIRECTION('',(-0.480412395887634,0.499912764491853,0.72061859383145));
#4431=DIRECTION('center_axis',(0.832050294337844,4.05455417729637E-16,0.554700196225229));
#4432=DIRECTION('ref_axis',(0.277350098112614,0.866025403784439,-0.416025147168922));
#4433=DIRECTION('center_axis',(5.58738188599592E-5,-0.999999994926939,-8.38107282892088E-5));
#4434=DIRECTION('ref_axis',(0.554700193411201,0.000100727959427178,-0.832050290116802));
#4435=DIRECTION('',(0.832050294337844,4.99600361081321E-16,0.554700196225229));
#4436=DIRECTION('',(0.554700193411201,0.000100727959427099,-0.832050290116802));
#4437=DIRECTION('',(0.832050294337844,4.04928556246013E-16,0.554700196225229));
#4438=DIRECTION('center_axis',(-0.480356522068887,-0.50008723043497,0.720534783103331));
#4439=DIRECTION('ref_axis',(0.27739848485201,-0.865975035411461,-0.416097727278013));
#4440=DIRECTION('',(0.27739848485201,-0.865975035411461,-0.416097727278014));
#4441=DIRECTION('',(0.832050294337844,4.99600361081321E-16,0.554700196225229));
#4442=DIRECTION('center_axis',(-5.58738187846306E-5,0.999999994926939,8.38107281761881E-5));
#4443=DIRECTION('ref_axis',(-0.554700193411201,-0.000100727959291354,0.832050290116802));
#4444=DIRECTION('',(0.832050294337844,4.99600361081321E-16,0.554700196225229));
#4445=DIRECTION('',(-0.554700193411201,-0.000100727959291319,0.832050290116802));
#4446=DIRECTION('center_axis',(-0.832050294337844,-3.49944266498379E-16,
-0.554700196225229));
#4447=DIRECTION('ref_axis',(0.480384461415261,-0.5,-0.720576692122892));
#4448=DIRECTION('',(0.480412395887597,-0.499912764491968,-0.720618593831395));
#4449=DIRECTION('',(-0.277350098112614,-0.866025403784439,0.416025147168922));
#4450=DIRECTION('center_axis',(-0.832050294337844,-3.49944266498379E-16,
-0.554700196225229));
#4451=DIRECTION('ref_axis',(0.480384461415261,-0.5,-0.720576692122892));
#4452=DIRECTION('',(0.277350098112614,0.866025403784439,-0.416025147168922));
#4453=DIRECTION('',(0.480412395887634,-0.499912764491853,-0.72061859383145));
#4454=DIRECTION('center_axis',(-0.928031515657931,0.353553390593273,0.117292395088699));
#4455=DIRECTION('ref_axis',(0.248665295171172,0.353553390593274,0.901756935641436));
#4456=DIRECTION('center_axis',(-0.928031515657931,0.353553390593273,0.117292395088699));
#4457=DIRECTION('ref_axis',(-0.248665295171172,-0.353553390593274,-0.901756935641436));
#4458=DIRECTION('center_axis',(-0.928031515657931,0.353553390593273,0.117292395088699));
#4459=DIRECTION('ref_axis',(-0.248665295171172,-0.353553390593274,-0.901756935641436));
#4460=DIRECTION('',(-0.277350098112614,-0.866025403784439,0.416025147168922));
#4461=DIRECTION('center_axis',(-0.248665295171173,-0.353553390593274,-0.901756935641436));
#4462=DIRECTION('ref_axis',(-0.928031515657931,0.353553390593273,0.1172923950887));
#4463=DIRECTION('center_axis',(-0.248665295171173,-0.353553390593274,-0.901756935641436));
#4464=DIRECTION('ref_axis',(0.928031515657931,-0.353553390593273,-0.1172923950887));
#4465=DIRECTION('',(0.277350098112614,0.866025403784439,-0.416025147168922));
#4466=DIRECTION('center_axis',(-0.480384461415262,0.5,0.720576692122892));
#4467=DIRECTION('ref_axis',(-0.277350098112614,-0.866025403784439,0.416025147168922));
#4468=DIRECTION('',(0.832050294337844,3.33066907387547E-16,0.554700196225229));
#4469=DIRECTION('',(0.832050294337844,4.44106815099356E-16,0.554700196225229));
#4470=DIRECTION('',(-0.832050294337844,-4.44106815099356E-16,-0.554700196225229));
#4471=DIRECTION('',(-0.277350098112614,-0.866025403784439,0.416025147168922));
#4472=DIRECTION('',(-0.832050294337844,-3.88578058618805E-16,-0.554700196225229));
#4473=DIRECTION('center_axis',(0.480384461415262,-0.5,-0.720576692122892));
#4474=DIRECTION('ref_axis',(0.277350098112614,0.866025403784439,-0.416025147168922));
#4475=DIRECTION('',(0.832050294337844,3.88578058618805E-16,0.554700196225229));
#4476=DIRECTION('',(0.277350098112614,0.866025403784439,-0.416025147168922));
#4477=DIRECTION('',(0.832050294337844,3.33107986302565E-16,0.554700196225229));
#4478=DIRECTION('',(-0.832050294337844,-3.33107986302565E-16,-0.554700196225229));
#4479=DIRECTION('',(-0.832050294337844,-3.88578058618805E-16,-0.554700196225229));
#4480=DIRECTION('center_axis',(-0.832050294337844,-3.88578058618805E-16,
-0.554700196225229));
#4481=DIRECTION('ref_axis',(0.480384461415261,-0.5,-0.720576692122892));
#4482=DIRECTION('center_axis',(0.832050294337844,3.88578058618805E-16,0.554700196225229));
#4483=DIRECTION('ref_axis',(0.480384461415261,-0.5,-0.720576692122892));
#4484=DIRECTION('center_axis',(-0.832050294337844,-3.88578058618805E-16,
-0.554700196225229));
#4485=DIRECTION('ref_axis',(0.480384461415261,-0.5,-0.720576692122892));
#4486=DIRECTION('center_axis',(0.832050294337843,4.9960036108132E-16,0.554700196225229));
#4487=DIRECTION('ref_axis',(0.480384461415262,-0.5,-0.720576692122892));
#4488=DIRECTION('center_axis',(0.832050294337844,0.,0.554700196225229));
#4489=DIRECTION('ref_axis',(0.480384461415261,-0.5,-0.720576692122892));
#4490=DIRECTION('',(-0.832050294337844,-4.9960036108132E-16,-0.554700196225229));
#4491=DIRECTION('center_axis',(-0.832050294337844,-3.88578058618805E-16,
-0.554700196225229));
#4492=DIRECTION('ref_axis',(0.480384461415261,-0.5,-0.720576692122892));
#4493=DIRECTION('center_axis',(-0.832050294337844,-3.49944266498379E-16,
-0.554700196225229));
#4494=DIRECTION('ref_axis',(0.480384461415261,-0.5,-0.720576692122892));
#4495=DIRECTION('',(0.832050294337844,3.88578058618805E-16,0.554700196225229));
#4496=DIRECTION('center_axis',(-0.277301708559127,-0.866075763370684,0.415952562838692));
#4497=DIRECTION('ref_axis',(0.832050294337844,6.93889390390723E-16,0.554700196225229));
#4498=DIRECTION('center_axis',(0.277301708559127,0.866075763370684,-0.415952562838692));
#4499=DIRECTION('ref_axis',(-0.832050294337844,-6.93889390390723E-16,-0.554700196225229));
#4500=DIRECTION('',(-0.480412395887634,0.499912764491853,0.72061859383145));
#4501=DIRECTION('center_axis',(0.277301708559191,0.866075763370618,-0.415952562838787));
#4502=DIRECTION('ref_axis',(0.832050294337844,2.22044604925031E-16,0.554700196225229));
#4503=DIRECTION('',(-0.480412395887597,0.499912764491968,0.720618593831395));
#4504=DIRECTION('center_axis',(-0.277301708559191,-0.866075763370618,0.415952562838787));
#4505=DIRECTION('ref_axis',(-0.832050294337844,-2.22044604925031E-16,-0.554700196225229));
#4506=DIRECTION('center_axis',(-0.832050294337844,-3.49944266498379E-16,
-0.554700196225229));
#4507=DIRECTION('ref_axis',(0.480384461415261,-0.5,-0.720576692122892));
#4508=DIRECTION('center_axis',(-0.832050294337844,0.,-0.554700196225229));
#4509=DIRECTION('ref_axis',(0.,1.,0.));
#4510=DIRECTION('center_axis',(-0.832050294337844,0.,-0.554700196225229));
#4511=DIRECTION('ref_axis',(0.,1.,0.));
#4512=DIRECTION('',(-0.832050294337844,0.,-0.554700196225229));
#4513=DIRECTION('center_axis',(-0.832050294337844,0.,-0.554700196225229));
#4514=DIRECTION('ref_axis',(0.,1.,0.));
#4515=DIRECTION('center_axis',(-0.832050294337844,0.,-0.554700196225229));
#4516=DIRECTION('ref_axis',(0.,1.,0.));
#4517=DIRECTION('center_axis',(0.832050294337844,0.,0.554700196225229));
#4518=DIRECTION('ref_axis',(0.,1.,0.));
#4519=DIRECTION('center_axis',(-0.832050294337844,0.,-0.554700196225229));
#4520=DIRECTION('ref_axis',(0.,1.,0.));
#4521=DIRECTION('',(-0.832050294337844,0.,-0.554700196225229));
#4522=DIRECTION('',(0.940013699736528,-0.0748525385235844,-0.332823289125355));
#4523=DIRECTION('center_axis',(-0.964737799527303,-0.0688104931631374,-0.254059233632362));
#4524=DIRECTION('ref_axis',(-0.241257428296708,-0.154760974236581,0.95804169749808));
#4525=DIRECTION('center_axis',(0.832022773240596,-1.05454485100397E-5,0.554741475552189));
#4526=DIRECTION('ref_axis',(-0.531117483170079,-0.288732384481822,0.796585104820899));
#4527=DIRECTION('',(0.868218118238032,0.149099515554016,-0.47325113166771));
#4528=DIRECTION('center_axis',(-0.832050294337844,0.,-0.554700196225229));
#4529=DIRECTION('ref_axis',(0.554700196225229,0.,-0.832050294337844));
#4530=DIRECTION('',(0.553679988536288,-0.0606220147055835,-0.830519982678016));
#4531=DIRECTION('',(0.918615671881656,0.256337612330846,-0.300726247404402));
#4532=DIRECTION('center_axis',(-0.0702048095888022,-0.997194100227391,0.0259848260006683));
#4533=DIRECTION('ref_axis',(0.,-0.0260490995927719,-0.999660664630957));
#4534=DIRECTION('center_axis',(-0.0702048095888022,-0.997194100227391,0.0259848260006683));
#4535=DIRECTION('ref_axis',(-0.829764879390271,0.0439192190856931,-0.556382374923355));
#4536=DIRECTION('',(0.553679988478061,-0.0606220147024834,-0.83051998271706));
#4537=DIRECTION('',(-0.96476883468198,0.0744972379110129,0.252331641238281));
#4538=DIRECTION('',(0.553679988476854,-0.0606220147023318,-0.830519982717876));
#4539=DIRECTION('center_axis',(0.0702048095843104,0.997194100227879,-0.0259848259940519));
#4540=DIRECTION('ref_axis',(0.829764643618427,-0.043919193271144,0.556382728580962));
#4541=DIRECTION('',(0.940038284199015,-0.0748517905198412,-0.332754013794191));
#4542=DIRECTION('',(-0.553879661407304,0.0606325824269655,0.830386061195374));
#4543=DIRECTION('',(0.884839677144936,-0.393100005412571,-0.250062255237933));
#4544=DIRECTION('center_axis',(-0.832050294337844,0.,-0.554700196225229));
#4545=DIRECTION('ref_axis',(0.554700196225229,0.,-0.832050294337844));
#4546=DIRECTION('',(0.519489189290095,0.350607604567302,-0.779233783809647));
#4547=DIRECTION('center_axis',(-0.933687111923696,-0.19454257768432,-0.30063526489008));
#4548=DIRECTION('ref_axis',(-0.161695080453572,-0.52003852768042,0.838698176154625));
#4549=DIRECTION('center_axis',(0.832027531704175,-2.98129403516132E-5,0.554734337856822));
#4550=DIRECTION('ref_axis',(-0.420060695816867,-0.653183823933663,0.629999923794635));
#4551=DIRECTION('',(0.792599220664042,0.492254038659764,-0.359822785306746));
#4552=DIRECTION('center_axis',(-0.832050294337844,0.,-0.554700196225229));
#4553=DIRECTION('ref_axis',(0.554700196225229,0.,-0.832050294337844));
#4554=DIRECTION('',(0.492134487762259,-0.461369536903081,-0.738201731488633));
#4555=DIRECTION('',(0.82434550705105,0.543204661184714,-0.159321000097121));
#4556=DIRECTION('center_axis',(0.157683422831527,-0.935615455522585,-0.31584752262983));
#4557=DIRECTION('ref_axis',(0.,0.319848923670737,-0.947468556748281));
#4558=DIRECTION('center_axis',(0.157683422831527,-0.935615455522585,-0.31584752262983));
#4559=DIRECTION('ref_axis',(0.83980171495161,-0.0412071232287567,0.541327121581345));
#4560=DIRECTION('',(0.519489189231615,0.350607604570265,-0.779233783847299));
#4561=DIRECTION('',(-0.945843909337659,-0.235006958658235,0.223944253221779));
#4562=DIRECTION('',(0.519489189231025,0.350607604569603,-0.779233783847991));
#4563=DIRECTION('center_axis',(-0.157683422812668,0.935615455535292,0.315847522601603));
#4564=DIRECTION('ref_axis',(0.839801193812252,-0.0412074749498034,0.541327903289474));
#4565=DIRECTION('',(0.918642197852841,0.256320397767876,-0.300659884274938));
#4566=DIRECTION('',(-0.519691278555811,-0.350597677624261,0.779103486988411));
#4567=DIRECTION('center_axis',(-0.292284251827929,-0.886348825778885,0.359103989359321));
#4568=DIRECTION('ref_axis',(0.,-0.375501584577217,-0.926821751999811));
#4569=DIRECTION('center_axis',(-0.292284251827929,-0.886348825778885,0.359103989359321));
#4570=DIRECTION('ref_axis',(-0.819983879205943,0.0390372829691548,-0.571053875199844));
#4571=DIRECTION('',(0.492134487691911,-0.461369536899446,-0.738201731537804));
#4572=DIRECTION('',(-0.912228238222352,0.371120185259287,0.173520746548809));
#4573=DIRECTION('',(0.492134487691935,-0.46136953689969,-0.738201731537635));
#4574=DIRECTION('center_axis',(0.292284252108568,0.886348825516454,-0.35910398977864));
#4575=DIRECTION('ref_axis',(0.819983395093935,-0.0390368291219943,0.571054601366913));
#4576=DIRECTION('',(0.884866540619587,-0.39308142421951,-0.24999639842503));
#4577=DIRECTION('',(-0.492331808527365,0.461378918144905,0.738064281891225));
#4578=DIRECTION('',(0.762633693874308,-0.643376910164287,-0.0667532803320083));
#4579=DIRECTION('center_axis',(-0.832050294337844,0.,-0.554700196225229));
#4580=DIRECTION('ref_axis',(0.554700196225229,0.,-0.832050294337844));
#4581=DIRECTION('',(0.395473989828076,0.701213983839657,-0.593210984589109));
#4582=DIRECTION('center_axis',(-0.876953614659467,-0.286636483046011,-0.385735510839629));
#4583=DIRECTION('ref_axis',(-0.00659847158992027,-0.795396695325282,0.606053262707411));
#4584=DIRECTION('center_axis',(0.832036225847384,-4.39255054762072E-5,0.554721296642009));
#4585=DIRECTION('ref_axis',(-0.236378869780692,-0.904693846238267,0.354477184738049));
#4586=DIRECTION('',(0.646096462015887,0.75029336649369,-0.14006864733451));
#4587=DIRECTION('center_axis',(-0.832050294337844,0.,-0.554700196225229));
#4588=DIRECTION('ref_axis',(0.554700196225229,0.,-0.832050294337844));
#4589=DIRECTION('',(0.345494463186706,-0.782342074759319,-0.518241694548609));
#4590=DIRECTION('',(0.673503373101832,0.736146689301073,0.066942200826708));
#4591=DIRECTION('center_axis',(0.351976499748021,-0.712260398758352,-0.607287138004523));
#4592=DIRECTION('ref_axis',(-0.865185750796307,0.,-0.50145150973851));
#4593=DIRECTION('center_axis',(0.351976499748021,-0.712260398758352,-0.607287138004523));
#4594=DIRECTION('ref_axis',(0.848358925839614,-0.0313699414105849,0.528491305249341));
#4595=DIRECTION('',(0.395473989755827,0.701213983842662,-0.593210984633723));
#4596=DIRECTION('',(-0.858725753708959,-0.50387631710428,0.0932670197787342));
#4597=DIRECTION('',(0.395473989756133,0.701213983842563,-0.593210984633636));
#4598=DIRECTION('center_axis',(-0.351976499733617,0.712260398783791,0.607287137983036));
#4599=DIRECTION('ref_axis',(0.848358427490097,-0.031370825031788,0.528492052772181));
#4600=DIRECTION('',(0.82437785928766,0.543172460683817,-0.159263376427166));
#4601=DIRECTION('',(-0.395678142024466,-0.701206414133055,0.593083782195003));
#4602=DIRECTION('center_axis',(-0.470155350794279,-0.62224578712691,0.625910637808881));
#4603=DIRECTION('ref_axis',(0.799556847601918,0.,0.600590415718469));
#4604=DIRECTION('center_axis',(-0.470155350794279,-0.62224578712691,0.625910637808881));
#4605=DIRECTION('ref_axis',(-0.812149938188111,0.0274054459846339,-0.582804786726594));
#4606=DIRECTION('',(0.345494463082342,-0.782342074755792,-0.51824169462351));
#4607=DIRECTION('',(-0.797306866402964,0.603573081055193,0.00113868881973972));
#4608=DIRECTION('',(0.345494463082467,-0.782342074755984,-0.518241694623137));
#4609=DIRECTION('center_axis',(0.470155350770646,0.622245787180257,-0.625910637773599));
#4610=DIRECTION('ref_axis',(0.812149920492669,-0.0274054059146927,0.582804813269763));
#4611=DIRECTION('',(0.762666662798988,-0.643343708638991,-0.0666965816941474));
#4612=DIRECTION('',(-0.345689902866133,0.782348647420382,0.51810142340656));
#4613=DIRECTION('',(0.594526274638652,-0.782408102252861,0.185407848521475));
#4614=DIRECTION('center_axis',(-0.832050294337844,0.,-0.554700196225229));
#4615=DIRECTION('ref_axis',(0.554700196225229,0.,-0.832050294337844));
#4616=DIRECTION('',(0.203077744792547,0.930574094977616,-0.304616616957387));
#4617=DIRECTION('center_axis',(-0.804347044869887,-0.329168336647323,-0.494645365446715));
#4618=DIRECTION('ref_axis',(0.197214786108029,-0.933223548337693,0.30033337638093));
#4619=DIRECTION('center_axis',(0.83204735237595,-5.04429507732856E-5,0.55470460684916));
#4620=DIRECTION('ref_axis',(-0.0118322614762425,-0.999774083642864,0.0176572722816876));
#4621=DIRECTION('',(0.454041500199604,0.878600155059607,0.148013795389914));
#4622=DIRECTION('center_axis',(-0.832050294337844,0.,-0.554700196225229));
#4623=DIRECTION('ref_axis',(0.554700196225229,0.,-0.832050294337844));
#4624=DIRECTION('',(0.1391153072889,-0.968040560535001,-0.208672960483612));
#4625=DIRECTION('',(0.492171245372687,0.801802267154557,0.338940392420424));
#4626=DIRECTION('center_axis',(0.47907938306457,-0.365749048366215,-0.797941462979384));
#4627=DIRECTION('ref_axis',(-0.857343808039629,0.,-0.514744203285582));
#4628=DIRECTION('center_axis',(0.47907938306457,-0.365749048366215,-0.797941462979384));
#4629=DIRECTION('ref_axis',(0.85395689255195,-0.0161086117355842,0.520094355180836));
#4630=DIRECTION('',(0.203077744682889,0.930574094979633,-0.304616617024331));
#4631=DIRECTION('',(-0.718477888347685,-0.68562088275036,-0.117104778263177));
#4632=DIRECTION('',(0.203077744683067,0.930574094979651,-0.304616617024156));
#4633=DIRECTION('center_axis',(-0.479079383056775,0.365749048401711,0.797941462967794));
#4634=DIRECTION('ref_axis',(0.853956944379866,-0.016108374241748,0.520094277438899));
#4635=DIRECTION('',(0.673544429006022,0.736105070580635,0.0669867689952991));
#4636=DIRECTION('',(-0.203283249742067,-0.930570191377252,0.30449144371297));
#4637=DIRECTION('center_axis',(-0.573062577568399,-0.250550798955191,0.780271477970058));
#4638=DIRECTION('ref_axis',(0.805979438412146,0.,0.591943531814346));
#4639=DIRECTION('center_axis',(-0.573062577568399,-0.250550798955191,0.780271477970058));
#4640=DIRECTION('ref_axis',(-0.807617615907861,0.0110349584187272,-0.589603270146969));
#4641=DIRECTION('',(0.139115307087196,-0.968040560532261,-0.208672960630793));
#4642=DIRECTION('',(-0.639875668439284,0.731662707847353,-0.23500810812578));
#4643=DIRECTION('',(0.139115307087309,-0.968040560532256,-0.208672960630742));
#4644=DIRECTION('center_axis',(0.573062577566485,0.250550798968471,-0.780271477967199));
#4645=DIRECTION('ref_axis',(0.807617636792235,-0.0110351037436844,0.589603238820388));
#4646=DIRECTION('',(0.594568119763444,-0.782366021240684,0.185451232859168));
#4647=DIRECTION('',(-0.139309662116141,0.968043188143086,0.208531062268565));
#4648=DIRECTION('',(0.409584719431771,-0.786153825507451,0.462820181331797));
#4649=DIRECTION('center_axis',(-0.832050294337844,0.,-0.554700196225229));
#4650=DIRECTION('ref_axis',(0.554700196225229,0.,-0.832050294337844));
#4651=DIRECTION('',(-0.0244324871355641,0.999029491094861,0.0366487311528397));
#4652=DIRECTION('center_axis',(-0.728421738086117,-0.314783994342126,-0.608533325619573));
#4653=DIRECTION('ref_axis',(0.414503528516827,-0.909687571807567,-0.0255997372242823));
#4654=DIRECTION('center_axis',(0.83205898741129,-4.82383514286659E-5,0.554687154296149));
#4655=DIRECTION('ref_axis',(0.214752980577648,-0.921984299323199,-0.322220590798486));
#4656=DIRECTION('',(0.249642382877784,0.854988994983887,0.454612471372646));
#4657=DIRECTION('center_axis',(-0.832050294337844,0.,-0.554700196225229));
#4658=DIRECTION('ref_axis',(0.554700196225229,0.,-0.832050294337844));
#4659=DIRECTION('',(-0.0913181492983391,-0.986356039020056,0.13697722400966));
#4660=DIRECTION('center_axis',(0.517014829562349,0.0440036352142349,-0.854844632726057));
#4661=DIRECTION('ref_axis',(-0.855673462922814,0.,-0.517516110715096));
#4662=DIRECTION('center_axis',(0.517014829562349,0.0440036352142349,-0.854844632726057));
#4663=DIRECTION('ref_axis',(0.855627675788103,0.00193804325065721,0.517588180326606));
#4664=DIRECTION('',(-0.0244324873491137,0.999029491094377,0.0366487310236701));
#4665=DIRECTION('',(-0.549350443286659,-0.748815369098723,-0.370795945854717));
#4666=DIRECTION('',(-0.0244324873491173,0.999029491094359,0.0366487310241654));
#4667=DIRECTION('center_axis',(-0.517014829565337,-0.0440036350850104,0.854844632730902));
#4668=DIRECTION('ref_axis',(0.855627676162747,0.00193802793597727,0.517588179764624));
#4669=DIRECTION('',(0.492222377382317,0.801758426469433,0.338969846430857));
#4670=DIRECTION('',(0.0242265736177607,-0.999029928568699,-0.0367732913235169));
#4671=DIRECTION('',(0.311703096059706,0.728818948877538,0.609642616344883));
#4672=DIRECTION('center_axis',(-0.583212337758223,0.164466698538442,0.795496118254799));
#4673=DIRECTION('ref_axis',(0.806478225619172,0.,0.5912637918917));
#4674=DIRECTION('center_axis',(-0.583212337758223,0.164466698538442,0.795496118254799));
#4675=DIRECTION('ref_axis',(-0.807170592062312,-0.00724357370722854,-0.590273805915293));
#4676=DIRECTION('',(-0.0913181493262177,-0.986356039020298,0.136977223989328));
#4677=DIRECTION('',(-0.467155928676764,0.733241205505677,-0.494087717769559));
#4678=DIRECTION('',(-0.0913181493265587,-0.986356039020266,0.136977223989334));
#4679=DIRECTION('center_axis',(0.583212337765685,-0.164466698456887,-0.79549611826619));
#4680=DIRECTION('ref_axis',(0.8071705906783,0.00724355875737052,0.590273807991319));
#4681=DIRECTION('',(0.409636676731123,-0.786110141197689,0.462848397407651));
#4682=DIRECTION('',(0.091123895207478,0.986354267238696,-0.13711927370808));
#4683=DIRECTION('',(0.239787103290215,-0.65396641034851,0.717516605544131));
#4684=DIRECTION('center_axis',(-0.662305869613122,-0.245970639688289,-0.70770712832876));
#4685=DIRECTION('ref_axis',(0.607696558175913,-0.728858349861143,-0.315389281712047));
#4686=DIRECTION('center_axis',(0.832069119150679,-3.76929042388684E-5,0.554671956687066));
#4687=DIRECTION('ref_axis',(0.404198209566039,-0.684775053686133,-0.606388434283473));
#4688=DIRECTION('',(0.068241574343056,0.683542470344279,0.726713684174738));
#4689=DIRECTION('center_axis',(-0.832050294337844,0.,-0.554700196225229));
#4690=DIRECTION('ref_axis',(0.554700196225229,0.,-0.832050294337844));
#4691=DIRECTION('',(-0.247718120326631,0.894743612301608,0.371577180552454));
#4692=DIRECTION('center_axis',(-0.832050294337844,0.,-0.554700196225229));
#4693=DIRECTION('ref_axis',(0.554700196225229,0.,-0.832050294337844));
#4694=DIRECTION('',(-0.305961868093714,-0.834121597597623,0.458942802202837));
#4695=DIRECTION('',(0.163303507739365,0.529816213208254,0.832241998809051));
#4696=DIRECTION('center_axis',(0.459223455909161,0.44614769050567,-0.768157572246283));
#4697=DIRECTION('ref_axis',(-0.858315600810691,0.,-0.513122138876293));
#4698=DIRECTION('center_axis',(0.459223455909161,0.44614769050567,-0.768157572246283));
#4699=DIRECTION('ref_axis',(0.85308238194796,0.0196495929522928,0.52140612108682));
#4700=DIRECTION('',(-0.24771812035627,0.894743612300903,0.37157718053439));
#4701=DIRECTION('',(-0.380587090251535,-0.682532875355852,-0.623940975407404));
#4702=DIRECTION('',(-0.247718120356101,0.894743612301111,0.371577180534003));
#4703=DIRECTION('center_axis',(-0.459223455940638,-0.44614769039143,0.768157572293817));
#4704=DIRECTION('ref_axis',(0.853082376951618,0.0196496109991646,0.521406128581319));
#4705=DIRECTION('',(0.311763934401411,0.728780466675023,0.609657510902218));
#4706=DIRECTION('',(0.247512812707084,-0.894748315208253,-0.371702649947267));
#4707=DIRECTION('center_axis',(-0.498849645619255,0.551046409721726,0.668952080046351));
#4708=DIRECTION('ref_axis',(0.801644629841947,0.,0.597800876082971));
#4709=DIRECTION('center_axis',(-0.498849645619255,0.551046409721726,0.668952080046351));
#4710=DIRECTION('ref_axis',(-0.810886161135441,-0.0242696261334011,-0.5847004523056));
#4711=DIRECTION('',(-0.305961868121783,-0.834121597598427,0.458942802182665));
#4712=DIRECTION('',(-0.309012459229921,0.608035637444839,-0.731302921939824));
#4713=DIRECTION('',(-0.305961868122063,-0.834121597598251,0.458942802182797));
#4714=DIRECTION('center_axis',(0.49884964564644,-0.551046409647401,-0.668952080087303));
#4715=DIRECTION('ref_axis',(0.810886135890467,0.0242695573096877,0.584700490173062));
#4716=DIRECTION('',(0.239848660251729,-0.653928676155183,0.717530422126742));
#4717=DIRECTION('',(0.305766713607967,0.834115732782045,-0.459083501309789));
#4718=DIRECTION('',(0.114492976577096,-0.408702261784556,0.905457795552451));
#4719=DIRECTION('center_axis',(-0.832050294337844,0.,-0.554700196225229));
#4720=DIRECTION('ref_axis',(0.554700196225229,0.,-0.832050294337844));
#4721=DIRECTION('',(-0.428171039876038,0.635748434451272,0.64225655987637));
#4722=DIRECTION('center_axis',(-0.61743147374612,-0.134626726862855,-0.775018722123465));
#4723=DIRECTION('ref_axis',(0.743389045162746,-0.422002897752304,-0.518928012175754));
#4724=DIRECTION('center_axis',(0.832075995723206,-2.06300098933098E-5,0.554661641828275));
#4725=DIRECTION('ref_axis',(0.523746624343938,-0.329161980280719,-0.785711056448874));
#4726=DIRECTION('',(-0.0587950776343161,0.393905242793749,0.9172686621408));
#4727=DIRECTION('center_axis',(-0.832050294337844,0.,-0.554700196225229));
#4728=DIRECTION('ref_axis',(0.554700196225229,0.,-0.832050294337844));
#4729=DIRECTION('',(-0.46770200031448,-0.537659954193703,0.701553000534001));
#4730=DIRECTION('',(0.0726321173882456,0.239203441042828,0.968249084335725));
#4731=DIRECTION('center_axis',(0.315697915627795,0.771148756984143,-0.552869261824237));
#4732=DIRECTION('ref_axis',(-0.86839694657366,0.,-0.495869683668546));
#4733=DIRECTION('center_axis',(0.315697915627795,0.771148756984143,-0.552869261824237));
#4734=DIRECTION('ref_axis',(0.846761115459749,0.0339635495215295,0.530888020819137));
#4735=DIRECTION('',(-0.428171039905345,0.635748434450071,0.64225655985802));
#4736=DIRECTION('',(-0.241368546149017,-0.498234246847443,-0.832768791561182));
#4737=DIRECTION('',(-0.428171039905054,0.635748434449931,0.642256559858353));
#4738=DIRECTION('center_axis',(-0.315697915633358,-0.771148756975813,0.552869261832679));
#4739=DIRECTION('ref_axis',(0.846761114153688,0.0339635514608358,0.530888022778224));
#4740=DIRECTION('',(0.163372004268188,0.529789743429814,0.832245406102051));
#4741=DIRECTION('',(0.427967248291409,-0.635756589614898,-0.642384303319371));
#4742=DIRECTION('center_axis',(-0.334561577033325,0.842345190564646,0.422519977167453));
#4743=DIRECTION('ref_axis',(0.783985685621995,0.,0.620778901654857));
#4744=DIRECTION('center_axis',(-0.334561577033325,0.842345190564646,0.422519977167453));
#4745=DIRECTION('ref_axis',(-0.818121867479617,-0.0370992397184782,-0.573846892789336));
#4746=DIRECTION('',(-0.467702000342777,-0.537659954194954,0.701553000514176));
#4747=DIRECTION('',(-0.192789702654429,0.377695183839436,-0.905637056803061));
#4748=DIRECTION('',(-0.467702000342721,-0.537659954195205,0.701553000514022));
#4749=DIRECTION('center_axis',(0.334561577064776,-0.842345190528366,-0.422519977214878));
#4750=DIRECTION('ref_axis',(0.818121791808087,0.037099152727991,0.573847006296618));
#4751=DIRECTION('',(0.114561960850253,-0.408677002249925,0.905460471228954));
#4752=DIRECTION('',(0.467505099824246,0.537651010423929,-0.701691080624836));
#4753=DIRECTION('center_axis',(-0.832050294337844,0.,-0.554700196225229));
#4754=DIRECTION('ref_axis',(0.554700196225229,0.,-0.832050294337844));
#4755=DIRECTION('',(-0.534589296814046,0.266826576691039,0.801883945283359));
#4756=DIRECTION('center_axis',(0.111255078521507,0.962811197713534,-0.246205006164789));
#4757=DIRECTION('ref_axis',(0.,0.247743023744094,0.968825781132053));
#4758=DIRECTION('center_axis',(0.111255078521507,0.962811197713534,-0.246205006164789));
#4759=DIRECTION('ref_axis',(0.837756880726183,0.0424048998293241,0.544394372919486));
#4760=DIRECTION('',(-0.534589296843013,0.2668265766896,0.801883945264526));
#4761=DIRECTION('',(-0.155766962015194,-0.227786390743073,-0.961171167761914));
#4762=DIRECTION('',(-0.534589296843457,0.266826576689139,0.801883945264384));
#4763=DIRECTION('center_axis',(-0.111255078473286,-0.962811197737692,0.246205006092107));
#4764=DIRECTION('ref_axis',(0.837756850008012,0.0424049151613149,0.544394418996755));
#4765=DIRECTION('',(0.0727048998010476,0.239193560556866,0.968246062802761));
#4766=DIRECTION('',(0.534387669076103,-0.266836774010187,-0.802014934508857));
#4767=DIRECTION('center_axis',(-0.118755031569186,-0.987994835493121,0.0988101589712408));
#4768=DIRECTION('ref_axis',(0.,-0.0995143640688201,-0.995036125647697));
#4769=DIRECTION('center_axis',(-0.118755031569186,-0.987994835493121,0.0988101589712408));
#4770=DIRECTION('ref_axis',(-0.827626591733605,0.04351405772022,-0.559589806408352));
#4771=DIRECTION('',(0.548572207735236,-0.148232020174856,-0.822858311676664));
#4772=DIRECTION('',(0.549179708122439,-0.142828112409492,-0.823408633967421));
#4773=DIRECTION('',(0.0554397870471943,0.0927613619416365,0.994143731933615));
#4774=DIRECTION('center_axis',(0.118755031561236,0.987994835495278,-0.0988101589592308));
#4775=DIRECTION('ref_axis',(0.827626590375504,-0.0435140573532898,0.559589808445501));
#4776=DIRECTION('',(0.548572207765336,-0.148232020223873,-0.822858311647767));
#4777=DIRECTION('',(-0.13858362941279,-0.0820478016951672,-0.986946166665522));
#4778=DIRECTION('',(-0.548572207765225,0.148232020223843,0.822858311647847));
#4779=DIRECTION('center_axis',(-0.832050294337844,0.,-0.554700196225229));
#4780=DIRECTION('ref_axis',(0.554700196225229,0.,-0.832050294337844));
#4781=DIRECTION('',(-0.109501781837599,0.0361582202008716,0.993328718444351));
#4782=DIRECTION('',(0.0553668321199948,0.0927697791662579,0.994147012254445));
#4783=DIRECTION('center_axis',(-0.832050294337844,0.,-0.554700196225229));
#4784=DIRECTION('ref_axis',(0.554700196225229,0.,-0.832050294337844));
#4785=DIRECTION('',(0.53458929680815,0.266826576742083,-0.801883945270304));
#4786=DIRECTION('center_axis',(-0.832050294337844,0.,-0.554700196225229));
#4787=DIRECTION('ref_axis',(0.554700196225229,0.,-0.832050294337844));
#4788=DIRECTION('',(-0.548572207736604,-0.148232020222327,0.822858311667201));
#4789=DIRECTION('center_axis',(-0.832050294337844,0.,-0.554700196225229));
#4790=DIRECTION('ref_axis',(0.554700196225229,0.,-0.832050294337844));
#4791=DIRECTION('',(0.42817103985927,0.635748434492139,-0.642256559847095));
#4792=DIRECTION('center_axis',(-0.832050294337844,0.,-0.554700196225229));
#4793=DIRECTION('ref_axis',(0.554700196225229,0.,-0.832050294337844));
#4794=DIRECTION('',(0.247718120302355,0.894743612325292,-0.371577180511607));
#4795=DIRECTION('center_axis',(-0.832050294337844,0.,-0.554700196225229));
#4796=DIRECTION('ref_axis',(0.554700196225229,0.,-0.832050294337844));
#4797=DIRECTION('',(0.0244324869373505,0.999029491111725,-0.0366487308252906));
#4798=DIRECTION('center_axis',(-0.832050294337844,0.,-0.554700196225229));
#4799=DIRECTION('ref_axis',(0.554700196225229,0.,-0.832050294337844));
#4800=DIRECTION('',(-0.203077744887262,0.930574094905361,0.304616617114978));
#4801=DIRECTION('center_axis',(-0.832050294337844,0.,-0.554700196225229));
#4802=DIRECTION('ref_axis',(0.554700196225229,0.,-0.832050294337844));
#4803=DIRECTION('',(-0.395473989890843,0.701213983755734,0.593210984646466));
#4804=DIRECTION('center_axis',(-0.832050294337844,0.,-0.554700196225229));
#4805=DIRECTION('ref_axis',(0.554700196225229,0.,-0.832050294337844));
#4806=DIRECTION('',(-0.519489189306956,0.350607604467046,0.779233783843515));
#4807=DIRECTION('center_axis',(-0.832050294337844,0.,-0.554700196225229));
#4808=DIRECTION('ref_axis',(0.554700196225229,0.,-0.832050294337844));
#4809=DIRECTION('',(-0.553679988545405,-0.060622014802412,0.83051998266487));
#4810=DIRECTION('center_axis',(-0.832050294337844,0.,-0.554700196225229));
#4811=DIRECTION('ref_axis',(0.554700196225229,0.,-0.832050294337844));
#4812=DIRECTION('',(-0.492134487747382,-0.461369537007976,0.738201731432992));
#4813=DIRECTION('center_axis',(-0.832050294337844,0.,-0.554700196225229));
#4814=DIRECTION('ref_axis',(0.554700196225229,0.,-0.832050294337844));
#4815=DIRECTION('',(-0.345494463134314,-0.782342074870727,0.518241694415355));
#4816=DIRECTION('center_axis',(-0.832050294337844,0.,-0.554700196225229));
#4817=DIRECTION('ref_axis',(0.554700196225229,0.,-0.832050294337844));
#4818=DIRECTION('',(-0.139115307069137,-0.968040560631053,0.208672960184536));
#4819=DIRECTION('center_axis',(-0.832050294337844,0.,-0.554700196225229));
#4820=DIRECTION('ref_axis',(0.554700196225229,0.,-0.832050294337844));
#4821=DIRECTION('',(0.0913181493292596,-0.986356039011312,-0.136977224052012));
#4822=DIRECTION('center_axis',(-0.832050294337844,0.,-0.554700196225229));
#4823=DIRECTION('ref_axis',(0.554700196225229,0.,-0.832050294337844));
#4824=DIRECTION('',(0.305961868120167,-0.834121597568329,-0.458942802238445));
#4825=DIRECTION('center_axis',(-0.832050294337844,0.,-0.554700196225229));
#4826=DIRECTION('ref_axis',(0.554700196225229,0.,-0.832050294337844));
#4827=DIRECTION('',(0.467702000323388,-0.537659954153217,-0.701553000559089));
#4828=DIRECTION('center_axis',(-0.832050294337844,0.,-0.554700196225229));
#4829=DIRECTION('ref_axis',(0.554700196225229,0.,-0.832050294337844));
#4830=DIRECTION('center_axis',(-0.832050294337844,0.,-0.554700196225229));
#4831=DIRECTION('ref_axis',(0.554700196225229,0.,-0.832050294337844));
#4832=DIRECTION('',(0.519489189231601,-0.350607604570262,-0.77923378384731));
#4833=DIRECTION('center_axis',(-0.832050294337844,0.,-0.554700196225229));
#4834=DIRECTION('ref_axis',(0.554700196225229,0.,-0.832050294337844));
#4835=DIRECTION('center_axis',(-0.832050294337844,0.,-0.554700196225229));
#4836=DIRECTION('ref_axis',(0.554700196225229,0.,-0.832050294337844));
#4837=DIRECTION('center_axis',(-0.832050294337844,0.,-0.554700196225229));
#4838=DIRECTION('ref_axis',(0.554700196225229,0.,-0.832050294337844));
#4839=DIRECTION('',(-0.0913181493262231,0.986356039020297,0.136977223989336));
#4840=DIRECTION('center_axis',(-0.832050294337844,0.,-0.554700196225229));
#4841=DIRECTION('ref_axis',(0.554700196225229,0.,-0.832050294337844));
#4842=DIRECTION('center_axis',(-0.832050294337844,0.,-0.554700196225229));
#4843=DIRECTION('ref_axis',(0.554700196225229,0.,-0.832050294337844));
#4844=DIRECTION('center_axis',(-0.832050294337844,0.,-0.554700196225229));
#4845=DIRECTION('ref_axis',(0.554700196225229,0.,-0.832050294337844));
#4846=DIRECTION('',(0.395473989755835,-0.70121398384268,-0.593210984633696));
#4847=DIRECTION('center_axis',(-0.832050294337844,0.,-0.554700196225229));
#4848=DIRECTION('ref_axis',(0.554700196225229,0.,-0.832050294337844));
#4849=DIRECTION('center_axis',(-0.832050294337844,0.,-0.554700196225229));
#4850=DIRECTION('ref_axis',(0.554700196225229,0.,-0.832050294337844));
#4851=DIRECTION('center_axis',(-0.832050294337844,0.,-0.554700196225229));
#4852=DIRECTION('ref_axis',(0.554700196225229,0.,-0.832050294337844));
#4853=DIRECTION('',(0.1391153070872,0.968040560532263,-0.208672960630784));
#4854=DIRECTION('center_axis',(-0.832050294337844,0.,-0.554700196225229));
#4855=DIRECTION('ref_axis',(0.554700196225229,0.,-0.832050294337844));
#4856=DIRECTION('center_axis',(-0.832050294337844,0.,-0.554700196225229));
#4857=DIRECTION('ref_axis',(0.554700196225229,0.,-0.832050294337844));
#4858=DIRECTION('center_axis',(-0.832050294337844,0.,-0.554700196225229));
#4859=DIRECTION('ref_axis',(0.554700196225229,0.,-0.832050294337844));
#4860=DIRECTION('',(0.20307774468289,-0.930574094979632,-0.304616617024335));
#4861=DIRECTION('center_axis',(-0.832050294337844,0.,-0.554700196225229));
#4862=DIRECTION('ref_axis',(0.554700196225229,0.,-0.832050294337844));
#4863=DIRECTION('center_axis',(-0.832050294337844,0.,-0.554700196225229));
#4864=DIRECTION('ref_axis',(0.554700196225229,0.,-0.832050294337844));
#4865=DIRECTION('center_axis',(-0.832050294337844,0.,-0.554700196225229));
#4866=DIRECTION('ref_axis',(0.554700196225229,0.,-0.832050294337844));
#4867=DIRECTION('',(0.345494463082345,0.782342074755791,-0.518241694623508));
#4868=DIRECTION('center_axis',(-0.832050294337844,0.,-0.554700196225229));
#4869=DIRECTION('ref_axis',(0.554700196225229,0.,-0.832050294337844));
#4870=DIRECTION('center_axis',(-0.832050294337844,0.,-0.554700196225229));
#4871=DIRECTION('ref_axis',(0.554700196225229,0.,-0.832050294337844));
#4872=DIRECTION('center_axis',(-0.832050294337844,0.,-0.554700196225229));
#4873=DIRECTION('ref_axis',(0.554700196225229,0.,-0.832050294337844));
#4874=DIRECTION('',(-0.0244324873491152,-0.999029491094377,0.0366487310236656));
#4875=DIRECTION('center_axis',(-0.832050294337844,0.,-0.554700196225229));
#4876=DIRECTION('ref_axis',(0.554700196225229,0.,-0.832050294337844));
#4877=DIRECTION('center_axis',(-0.832050294337844,0.,-0.554700196225229));
#4878=DIRECTION('ref_axis',(0.554700196225229,0.,-0.832050294337844));
#4879=DIRECTION('center_axis',(-0.832050294337844,0.,-0.554700196225229));
#4880=DIRECTION('ref_axis',(0.554700196225229,0.,-0.832050294337844));
#4881=DIRECTION('',(0.492134487691852,0.461369536899382,-0.738201731537883));
#4882=DIRECTION('center_axis',(-0.832050294337844,0.,-0.554700196225229));
#4883=DIRECTION('ref_axis',(0.554700196225229,0.,-0.832050294337844));
#4884=DIRECTION('center_axis',(-0.832050294337844,0.,-0.554700196225229));
#4885=DIRECTION('ref_axis',(0.554700196225229,0.,-0.832050294337844));
#4886=DIRECTION('center_axis',(-0.832050294337844,0.,-0.554700196225229));
#4887=DIRECTION('ref_axis',(0.554700196225229,0.,-0.832050294337844));
#4888=DIRECTION('',(-0.247718120356257,-0.894743612300907,0.371577180534392));
#4889=DIRECTION('center_axis',(-0.832050294337844,0.,-0.554700196225229));
#4890=DIRECTION('ref_axis',(0.554700196225229,0.,-0.832050294337844));
#4891=DIRECTION('center_axis',(-0.832050294337844,0.,-0.554700196225229));
#4892=DIRECTION('ref_axis',(0.554700196225229,0.,-0.832050294337844));
#4893=DIRECTION('center_axis',(-0.832050294337844,0.,-0.554700196225229));
#4894=DIRECTION('ref_axis',(0.554700196225229,0.,-0.832050294337844));
#4895=DIRECTION('',(0.553679988478111,0.0606220147024868,-0.830519982717027));
#4896=DIRECTION('center_axis',(-0.832050294337844,0.,-0.554700196225229));
#4897=DIRECTION('ref_axis',(0.554700196225229,0.,-0.832050294337844));
#4898=DIRECTION('center_axis',(-0.832050294337844,0.,-0.554700196225229));
#4899=DIRECTION('ref_axis',(0.554700196225229,0.,-0.832050294337844));
#4900=DIRECTION('center_axis',(-0.832050294337844,0.,-0.554700196225229));
#4901=DIRECTION('ref_axis',(0.554700196225229,0.,-0.832050294337844));
#4902=DIRECTION('center_axis',(-0.832050294337844,0.,-0.554700196225229));
#4903=DIRECTION('ref_axis',(0.554700196225229,0.,-0.832050294337844));
#4904=DIRECTION('',(-0.428171039905339,-0.635748434450066,0.64225655985803));
#4905=DIRECTION('center_axis',(-0.832050294337844,0.,-0.554700196225229));
#4906=DIRECTION('ref_axis',(0.554700196225229,0.,-0.832050294337844));
#4907=DIRECTION('center_axis',(-0.832050294337844,0.,-0.554700196225229));
#4908=DIRECTION('ref_axis',(0.554700196225229,0.,-0.832050294337844));
#4909=DIRECTION('',(-0.548572207765236,-0.148232020223842,0.82285831164784));
#4910=DIRECTION('center_axis',(-0.832050294337844,0.,-0.554700196225229));
#4911=DIRECTION('ref_axis',(0.554700196225229,0.,-0.832050294337844));
#4912=DIRECTION('',(-0.534589296843016,-0.266826576689594,0.801883945264526));
#4913=DIRECTION('center_axis',(-0.832050294337844,0.,-0.554700196225229));
#4914=DIRECTION('ref_axis',(0.554700196225229,0.,-0.832050294337844));
#4915=DIRECTION('center_axis',(-0.832050294337844,0.,-0.554700196225229));
#4916=DIRECTION('ref_axis',(0.554700196225229,0.,-0.832050294337844));
#4917=DIRECTION('center_axis',(-0.832050294337844,0.,-0.554700196225229));
#4918=DIRECTION('ref_axis',(0.554700196225229,0.,-0.832050294337844));
#4919=DIRECTION('center_axis',(-0.832050294337844,0.,-0.554700196225229));
#4920=DIRECTION('ref_axis',(0.554700196225229,0.,-0.832050294337844));
#4921=DIRECTION('center_axis',(-0.832050294337844,0.,-0.554700196225229));
#4922=DIRECTION('ref_axis',(0.554700196225229,0.,-0.832050294337844));
#4923=DIRECTION('center_axis',(-0.832050294337844,0.,-0.554700196225229));
#4924=DIRECTION('ref_axis',(0.554700196225229,0.,-0.832050294337844));
#4925=DIRECTION('',(-0.467702000342771,0.537659954194969,0.70155300051417));
#4926=DIRECTION('center_axis',(-0.832050294337844,0.,-0.554700196225229));
#4927=DIRECTION('ref_axis',(0.554700196225229,0.,-0.832050294337844));
#4928=DIRECTION('center_axis',(-0.326000505672438,-0.845520376776474,0.422869912333669));
#4929=DIRECTION('ref_axis',(0.791975528870138,0.,0.61055283282519));
#4930=DIRECTION('',(0.469490594248698,-0.533046544116502,-0.703874963127301));
#4931=DIRECTION('',(0.114492976585898,0.408702261775131,0.905457795555592));
#4932=DIRECTION('',(-0.821208632596782,0.0316788634627415,-0.569748041995963));
#4933=DIRECTION('',(0.114561960850253,0.408677002249925,0.905460471228954));
#4934=DIRECTION('center_axis',(-0.334561577033333,-0.842345190564642,0.422519977167454));
#4935=DIRECTION('ref_axis',(0.783985685621988,0.,0.620778901654865));
#4936=DIRECTION('center_axis',(-0.334561577033333,-0.842345190564642,0.422519977167454));
#4937=DIRECTION('ref_axis',(-0.818121867479614,0.0370992397184831,-0.573846892789339));
#4938=DIRECTION('center_axis',(0.334561577046649,0.842345190549252,-0.422519977187592));
#4939=DIRECTION('ref_axis',(0.818121837063981,-0.0370992047532294,0.573846938412792));
#4940=DIRECTION('',(0.467702000342701,-0.537659954194796,-0.701553000514348));
#4941=DIRECTION('',(0.192789702654429,0.377695183839435,0.905637056803062));
#4942=DIRECTION('center_axis',(0.120306903894512,0.961623121761489,-0.246591201321143));
#4943=DIRECTION('ref_axis',(0.,0.248395359658469,0.968658735210776));
#4944=DIRECTION('',(0.837669062002452,0.0349710676635139,0.545057397886137));
#4945=DIRECTION('center_axis',(-0.491218723298987,-0.555760182037098,0.670697238657358));
#4946=DIRECTION('ref_axis',(0.806763889416871,0.,0.590873951645326));
#4947=DIRECTION('',(0.30865109501477,-0.831096385784163,-0.462615714262589));
#4948=DIRECTION('',(0.239787103275909,0.653966410379599,0.717516605520576));
#4949=DIRECTION('',(-0.81495018949056,0.0214014467946302,-0.579135706656391));
#4950=DIRECTION('',(0.23984866025173,0.653928676155182,0.717530422126743));
#4951=DIRECTION('center_axis',(-0.49884964561926,-0.55104640972172,0.668952080046351));
#4952=DIRECTION('ref_axis',(0.801644629841944,0.,0.597800876082975));
#4953=DIRECTION('center_axis',(-0.49884964561926,-0.55104640972172,0.668952080046351));
#4954=DIRECTION('ref_axis',(-0.810886161135438,0.0242696261334033,-0.584700452305603));
#4955=DIRECTION('center_axis',(0.49884964565558,0.551046409622297,-0.668952080101167));
#4956=DIRECTION('ref_axis',(0.810886174419776,-0.0242696623491736,0.584700432379109));
#4957=DIRECTION('',(0.305961868121646,-0.834121597598455,-0.458942802182706));
#4958=DIRECTION('',(0.309012459229922,0.608035637444839,0.731302921939824));
#4959=DIRECTION('',(-0.305961868121785,0.834121597598419,0.458942802182677));
#4960=DIRECTION('center_axis',(0.324225489790541,0.767890452624827,-0.552469080164422));
#4961=DIRECTION('ref_axis',(-0.86244974769556,0.,-0.506142699937344));
#4962=DIRECTION('',(0.845024890770806,0.0274166037288863,0.534023654736155));
#4963=DIRECTION('center_axis',(-0.576778279629108,-0.169904003094539,0.799036573556266));
#4964=DIRECTION('ref_axis',(0.810825474827531,0.,0.58528800549021));
#4965=DIRECTION('',(0.0944718210297785,-0.985442112064493,-0.14134680329314));
#4966=DIRECTION('',(0.409584719423919,0.78615382553111,0.46282018129856));
#4967=DIRECTION('center_axis',(0.576778279629108,0.169904003094539,-0.799036573556266));
#4968=DIRECTION('ref_axis',(0.811438586737407,-0.00623675099153817,0.584404417240894));
#4969=DIRECTION('',(0.409636676731122,0.78611014119769,0.462848397407651));
#4970=DIRECTION('center_axis',(-0.583212337758223,-0.164466698538445,0.795496118254799));
#4971=DIRECTION('ref_axis',(0.806478225619172,0.,0.591263791891701));
#4972=DIRECTION('center_axis',(-0.583212337758223,-0.164466698538445,0.795496118254799));
#4973=DIRECTION('ref_axis',(-0.807170592062312,0.00724357370722875,-0.590273805915293));
#4974=DIRECTION('center_axis',(0.583212337745376,0.164466698679255,-0.795496118235105));
#4975=DIRECTION('ref_axis',(0.807170586137277,-0.0072435097106013,0.590273814802823));
#4976=DIRECTION('',(0.0913181493262871,-0.986356039020323,-0.136977223989104));
#4977=DIRECTION('',(0.467155928676765,0.733241205505677,0.494087717769559));
#4978=DIRECTION('center_axis',(0.46680502425186,0.441382548164333,-0.766338381858289));
#4979=DIRECTION('ref_axis',(-0.854031123892192,0.,-0.520221913632481));
#4980=DIRECTION('',(0.850040360056082,0.0151215599671061,0.526500450806918));
#4981=DIRECTION('center_axis',(-0.567885150572587,0.245330121664492,0.785696879950046));
#4982=DIRECTION('ref_axis',(0.810465017859096,0.,0.585787038800497));
#4983=DIRECTION('',(-0.136013685661406,-0.969395944714371,0.204381456311801));
#4984=DIRECTION('',(0.594526274635021,0.782408102264997,0.185407848481904));
#4985=DIRECTION('center_axis',(0.567885150572587,-0.245330121664492,-0.785696879950046));
#4986=DIRECTION('ref_axis',(0.81176503125527,0.00900545515216918,0.583914750463312));
#4987=DIRECTION('',(0.594568119763444,0.782366021240684,0.185451232859166));
#4988=DIRECTION('center_axis',(-0.573062577568393,0.25055079895518,0.780271477970065));
#4989=DIRECTION('ref_axis',(0.805979438412152,0.,0.591943531814338));
#4990=DIRECTION('center_axis',(-0.573062577568393,0.25055079895518,0.780271477970065));
#4991=DIRECTION('ref_axis',(-0.807617615907866,-0.0110349584187244,-0.589603270146962));
#4992=DIRECTION('center_axis',(0.573062577582302,-0.250550798859337,-0.780271477990626));
#4993=DIRECTION('ref_axis',(0.807617619169703,0.011034981117088,0.589603265254192));
#4994=DIRECTION('',(-0.139115307087147,-0.968040560532172,0.20867296063124));
#4995=DIRECTION('',(0.639875668439285,0.731662707847353,0.235008108125778));
#4996=DIRECTION('center_axis',(0.523392210478452,0.0385555912911264,-0.851219161198026));
#4997=DIRECTION('ref_axis',(-0.851852550401802,0.,-0.523781664793591));
#4998=DIRECTION('',(0.851848249619798,0.000211861102835702,0.523788616461412));
#4999=DIRECTION('center_axis',(-0.466077038156285,0.618144439093802,0.632984713023051));
#5000=DIRECTION('ref_axis',(0.805257946685125,0.,0.592924648922994));
#5001=DIRECTION('',(-0.342952386653647,-0.785732411838325,0.514789507930471));
#5002=DIRECTION('',(0.762633693871933,0.643376910162801,-0.0667532803734603));
#5003=DIRECTION('center_axis',(0.466077038156285,-0.618144439093802,-0.632984713023051));
#5004=DIRECTION('ref_axis',(0.815502152832871,0.0226905356870772,0.578309068159221));
#5005=DIRECTION('',(0.762666662798988,0.643343708638991,-0.066696581694148));
#5006=DIRECTION('center_axis',(-0.470155350794276,0.62224578712691,0.625910637808883));
#5007=DIRECTION('ref_axis',(0.799556847601921,0.,0.600590415718465));
#5008=DIRECTION('center_axis',(-0.470155350794276,0.62224578712691,0.625910637808883));
#5009=DIRECTION('ref_axis',(-0.812149938188113,-0.0274054459846316,-0.582804786726591));
#5010=DIRECTION('center_axis',(0.470155350797622,-0.62224578711931,-0.625910637813926));
#5011=DIRECTION('ref_axis',(0.81214988054732,0.0274053154620853,0.582804873187757));
#5012=DIRECTION('',(-0.345494463082504,-0.782342074755675,0.518241694623578));
#5013=DIRECTION('',(0.797306866402965,0.603573081055191,-0.00113868881973973));
#5014=DIRECTION('center_axis',(0.4842026098997,-0.370937977590695,-0.792434760309796));
#5015=DIRECTION('ref_axis',(-0.853312054014937,0.,-0.521400554730056));
#5016=DIRECTION('',(0.850135958945356,-0.0147344704574756,0.526357052473317));
#5017=DIRECTION('center_axis',(-0.288957491490966,0.884075968360027,0.367305391029765));
#5018=DIRECTION('ref_axis',(0.,-0.383672103023656,0.923469391675439));
#5019=DIRECTION('',(-0.490562700806758,-0.466208606808272,0.736204979278916));
#5020=DIRECTION('',(0.88483967714063,0.393100005397723,-0.250062255276511));
#5021=DIRECTION('center_axis',(0.288957491490966,-0.884075968360027,-0.367305391029765));
#5022=DIRECTION('ref_axis',(0.82200376792984,0.0324522177141016,0.568556645440525));
#5023=DIRECTION('',(0.884866540619587,0.393081424219509,-0.249996398425032));
#5024=DIRECTION('center_axis',(-0.292284251827925,0.886348825778882,0.359103989359332));
#5025=DIRECTION('ref_axis',(0.,-0.375501584577228,0.926821751999806));
#5026=DIRECTION('center_axis',(-0.292284251827925,0.886348825778882,0.359103989359332));
#5027=DIRECTION('ref_axis',(-0.819983879205946,-0.0390372829691462,-0.571053875199841));
#5028=DIRECTION('center_axis',(0.292284251729037,-0.886348825871338,-0.359103989211617));
#5029=DIRECTION('ref_axis',(0.819983184149657,0.03903663136345,0.571054917782505));
#5030=DIRECTION('',(-0.492134487691867,-0.461369536899593,0.738201731537741));
#5031=DIRECTION('',(0.912228238222352,0.371120185259287,-0.173520746548809));
#5032=DIRECTION('center_axis',(0.356012460456798,-0.716293000263643,-0.600149536176449));
#5033=DIRECTION('ref_axis',(-0.860059968015839,0.,-0.510192955083266));
#5034=DIRECTION('',(0.845199558656897,-0.0271330782315392,0.533761652904991));
#5035=DIRECTION('center_axis',(-0.0671520874608105,0.997142730489223,0.0345972857627905));
#5036=DIRECTION('ref_axis',(0.,-0.0346755571298528,0.999398622041142));
#5037=DIRECTION('',(-0.553321463868072,-0.0660730982728858,0.830343123839486));
#5038=DIRECTION('',(0.940013699727461,0.0748525384979401,-0.332823289156731));
#5039=DIRECTION('center_axis',(0.0671520874608105,-0.997142730489223,-0.0345972857627905));
#5040=DIRECTION('ref_axis',(0.830145689589708,0.0366026153392257,0.556343762979291));
#5041=DIRECTION('',(0.940038284199052,0.0748517905198401,-0.332754013794089));
#5042=DIRECTION('center_axis',(-0.0702048095888027,0.997194100227391,0.0259848260006671));
#5043=DIRECTION('ref_axis',(0.,-0.0260490995927706,0.999660664630957));
#5044=DIRECTION('center_axis',(-0.0702048095888027,0.997194100227391,0.0259848260006671));
#5045=DIRECTION('ref_axis',(-0.829764879390271,-0.0439192190856942,-0.556382374923355));
#5046=DIRECTION('center_axis',(0.0702048095906026,-0.997194100227193,-0.0259848260033882));
#5047=DIRECTION('ref_axis',(0.829764610836126,0.0439191896818921,0.556382777754361));
#5048=DIRECTION('',(-0.553679988476852,-0.0606220147023872,0.830519982717873));
#5049=DIRECTION('',(0.96476883468198,0.0744972379110131,-0.252331641238281));
#5050=DIRECTION('center_axis',(0.160987003587014,-0.937794455884894,-0.307611350875793));
#5051=DIRECTION('ref_axis',(0.,0.311676697705762,-0.95018821088626));
#5052=DIRECTION('',(0.837892597217226,-0.0348401302567466,0.544722095065239));
#5053=DIRECTION('center_axis',(0.160987003601942,0.937794455894582,-0.307611350838447));
#5054=DIRECTION('ref_axis',(0.,0.311676697668691,0.95018821089842));
#5055=DIRECTION('',(-0.520377115445836,0.345487049212962,0.780926601254172));
#5056=DIRECTION('',(0.918615671886889,-0.256337612322101,-0.300726247395874));
#5057=DIRECTION('',(-0.837892598082697,-0.0348401297018732,-0.544722093769461));
#5058=DIRECTION('',(0.918642197852842,-0.256320397767875,-0.300659884274937));
#5059=DIRECTION('center_axis',(0.157683422831534,0.935615455522588,-0.315847522629816));
#5060=DIRECTION('ref_axis',(0.,0.319848923670723,0.947468556748286));
#5061=DIRECTION('center_axis',(0.157683422831534,0.935615455522588,-0.315847522629816));
#5062=DIRECTION('ref_axis',(0.839801714951608,0.0412071232287443,0.54132712158135));
#5063=DIRECTION('center_axis',(-0.157683422879499,-0.935615455490294,0.315847522701532));
#5064=DIRECTION('ref_axis',(0.839801320117942,0.0412073897049822,0.541327713831339));
#5065=DIRECTION('',(-0.519489189231317,0.350607604569974,0.779233783847629));
#5066=DIRECTION('',(0.945843909337659,-0.235006958658235,-0.223944253221779));
#5067=DIRECTION('center_axis',(-0.0671520874720977,-0.997142730489566,0.0345972857309868));
#5068=DIRECTION('ref_axis',(0.,-0.0346755570980035,-0.999398622042247));
#5069=DIRECTION('',(0.829478514574737,-0.0365230072816676,0.557343219029344));
#5070=DIRECTION('center_axis',(0.356012460604443,0.71629300041061,-0.600149535913456));
#5071=DIRECTION('ref_axis',(-0.860059967824892,0.,-0.510192955405154));
#5072=DIRECTION('',(-0.395473989865366,0.701213983837882,0.593210984566346));
#5073=DIRECTION('',(0.824345507027533,-0.543204661217549,-0.159321000106853));
#5074=DIRECTION('',(-0.845199558828382,-0.0271330779266068,-0.533761652648949));
#5075=DIRECTION('',(0.82437785928766,-0.543172460683818,-0.159263376427167));
#5076=DIRECTION('center_axis',(0.351976499748001,0.712260398758337,-0.607287138004553));
#5077=DIRECTION('ref_axis',(-0.865185750796329,0.,-0.501451509738471));
#5078=DIRECTION('center_axis',(0.351976499748001,0.712260398758337,-0.607287138004553));
#5079=DIRECTION('ref_axis',(0.848358925839626,0.0313699414106078,0.528491305249321));
#5080=DIRECTION('center_axis',(-0.35197649979972,-0.712260398667001,0.607287138081701));
#5081=DIRECTION('ref_axis',(0.84835832492225,0.0313710068936763,0.528492206623325));
#5082=DIRECTION('',(-0.395473989755893,0.701213983842777,0.593210984633542));
#5083=DIRECTION('',(0.85872575370896,-0.50387631710428,-0.0932670197787323));
#5084=DIRECTION('center_axis',(-0.288957491294908,-0.88407596822443,0.367305391510374));
#5085=DIRECTION('ref_axis',(0.,-0.383672103501964,-0.923469391476717));
#5086=DIRECTION('',(0.821412182133728,-0.0318907244745374,0.569442717694059));
#5087=DIRECTION('center_axis',(0.484202609076239,0.370937976755946,-0.792434761203702));
#5088=DIRECTION('ref_axis',(-0.85331205467114,0.,-0.521400553656129));
#5089=DIRECTION('',(-0.205727574903055,0.928560524240772,0.308952290404539));
#5090=DIRECTION('',(0.673503373071139,-0.736146689329062,0.0669422008277254));
#5091=DIRECTION('',(-0.850135958882886,-0.0147344707514317,-0.526357052565986));
#5092=DIRECTION('',(0.673544429006024,-0.736105070580634,0.0669867689952985));
#5093=DIRECTION('center_axis',(0.479079383064568,0.365749048366211,-0.797941462979387));
#5094=DIRECTION('ref_axis',(-0.85734380803963,0.,-0.514744203285579));
#5095=DIRECTION('center_axis',(0.479079383064568,0.365749048366211,-0.797941462979387));
#5096=DIRECTION('ref_axis',(0.853956892551951,0.016108611735585,0.520094355180834));
#5097=DIRECTION('center_axis',(-0.479079383089691,-0.365749048251905,0.797941463016697));
#5098=DIRECTION('ref_axis',(0.853956896730832,0.0161085925859408,0.520094348912528));
#5099=DIRECTION('',(-0.203077744683012,0.930574094979623,0.304616617024281));
#5100=DIRECTION('',(0.718477888347686,-0.685620882750359,0.117104778263177));
#5101=DIRECTION('center_axis',(-0.466077038547684,-0.618144439487959,0.632984712349941));
#5102=DIRECTION('ref_axis',(0.805257946146347,0.,0.592924649654716));
#5103=DIRECTION('',(0.81508834202649,-0.021744245805815,0.578928477850973));
#5104=DIRECTION('center_axis',(-0.109691357429992,-0.989082417069043,0.0984061906082433));
#5105=DIRECTION('ref_axis',(0.,-0.0990036084147479,-0.995087074341165));
#5106=DIRECTION('center_axis',(0.109691357429992,0.989082417069043,-0.0984061906082433));
#5107=DIRECTION('ref_axis',(0.828584179393988,-0.0363067414555452,0.558686028268894));
#5108=DIRECTION('center_axis',(-0.109691357387234,0.989082417073976,0.0984061906063207));
#5109=DIRECTION('ref_axis',(0.,-0.0990036084123436,0.995087074341404));
#5110=DIRECTION('',(0.548373017522229,0.148221543956845,-0.822992957175585));
#5111=DIRECTION('',(0.0554397870471434,-0.0927613619416428,0.994143731933617));
#5112=DIRECTION('',(0.829244763348111,0.0364787162544848,0.557693845869003));
#5113=DIRECTION('',(0.0553668321199969,-0.0927697791662578,0.994147012254445));
#5114=DIRECTION('center_axis',(-0.118755031569186,0.987994835493121,0.098810158971241));
#5115=DIRECTION('ref_axis',(0.,-0.0995143640688202,0.995036125647696));
#5116=DIRECTION('center_axis',(-0.118755031569186,0.987994835493121,0.098810158971241));
#5117=DIRECTION('ref_axis',(-0.827626591733605,-0.04351405772022,-0.559589806408353));
#5118=DIRECTION('',(0.13858362941279,-0.0820478016951672,0.986946166665522));
#5119=DIRECTION('',(-0.548572207765091,-0.148232020223859,0.822858311647933));
#5120=DIRECTION('center_axis',(0.118755031553658,-0.98799483549733,-0.0988101589478215));
#5121=DIRECTION('ref_axis',(0.827626549307502,0.043514046256155,0.559589870047497));
#5122=DIRECTION('center_axis',(0.120306903370486,-0.961623121832628,-0.246591201299387));
#5123=DIRECTION('ref_axis',(0.,0.248395359620663,-0.96865873522047));
#5124=DIRECTION('',(0.53393946494536,0.272086597495218,-0.800548269148924));
#5125=DIRECTION('',(0.0726321174005174,-0.239203441047448,0.968249084333663));
#5126=DIRECTION('',(-0.837669061722714,0.0349710677979682,-0.545057398307424));
#5127=DIRECTION('',(0.0727048998010505,-0.239193560556867,0.968246062802761));
#5128=DIRECTION('center_axis',(0.111255078521494,-0.962811197713535,-0.246205006164789));
#5129=DIRECTION('ref_axis',(0.,0.247743023744094,-0.968825781132053));
#5130=DIRECTION('center_axis',(0.111255078521494,-0.962811197713535,-0.246205006164789));
#5131=DIRECTION('ref_axis',(0.837756880726184,-0.0424048998293348,0.544394372919484));
#5132=DIRECTION('center_axis',(-0.111255078579768,0.962811197684362,0.246205006252542));
#5133=DIRECTION('ref_axis',(0.837756928132768,-0.0424048761677432,0.544394301809587));
#5134=DIRECTION('',(0.534589296842783,0.266826576689604,-0.801883945264679));
#5135=DIRECTION('',(0.155766962015194,-0.227786390743073,0.961171167761914));
#5136=DIRECTION('center_axis',(-0.326000505214362,0.845520376944204,0.422869912351437));
#5137=DIRECTION('ref_axis',(0.79197552929738,0.,0.610552832270995));
#5138=DIRECTION('',(0.821208632561362,0.0316788634263727,0.569748042049037));
#5139=DIRECTION('center_axis',(0.324225489424752,-0.767890452766184,-0.552469080182615));
#5140=DIRECTION('ref_axis',(-0.862449747952102,0.,-0.506142699500206));
#5141=DIRECTION('',(0.426405288915665,0.639955054542267,-0.639246476525723));
#5142=DIRECTION('',(0.163303507752266,-0.529816213209009,0.832241998806039));
#5143=DIRECTION('',(-0.845024890867023,0.0274166035933765,-0.534023654590862));
#5144=DIRECTION('',(0.163372004268189,-0.529789743429814,0.83224540610205));
#5145=DIRECTION('center_axis',(0.315697915627803,-0.771148756984142,-0.552869261824234));
#5146=DIRECTION('ref_axis',(-0.868396946573654,0.,-0.495869683668557));
#5147=DIRECTION('center_axis',(0.315697915627803,-0.771148756984142,-0.552869261824234));
#5148=DIRECTION('ref_axis',(0.846761115459746,-0.0339635495215233,0.530888020819142));
#5149=DIRECTION('center_axis',(-0.315697915577858,0.771148757058567,0.552869261748944));
#5150=DIRECTION('ref_axis',(0.846761122962807,-0.0339635383807207,0.530888009564566));
#5151=DIRECTION('',(0.428171039905294,0.635748434449857,-0.642256559858267));
#5152=DIRECTION('',(0.241368546149016,-0.498234246847441,0.832768791561183));
#5153=DIRECTION('center_axis',(-0.491218722823407,0.555760182328629,0.670697238764102));
#5154=DIRECTION('ref_axis',(0.8067638897344,0.,0.59087395121178));
#5155=DIRECTION('',(0.814950189680492,0.0214014473317041,0.579135706369275));
#5156=DIRECTION('center_axis',(0.523392210495988,-0.0385555912760928,-0.851219161187925));
#5157=DIRECTION('ref_axis',(-0.851852550391199,0.,-0.523781664810835));
#5158=DIRECTION('',(0.0215718530908668,0.999255150914679,-0.0319968517937077));
#5159=DIRECTION('',(0.49217124533654,-0.801802267172854,0.338940392429629));
#5160=DIRECTION('center_axis',(-0.523392210495988,0.0385555912760928,0.851219161187925));
#5161=DIRECTION('ref_axis',(-0.851823093558791,0.00141527931141256,-0.523827657025096));
#5162=DIRECTION('',(0.49222237738232,-0.801758426469431,0.338969846430857));
#5163=DIRECTION('center_axis',(0.51701482956235,-0.044003635214239,-0.854844632726057));
#5164=DIRECTION('ref_axis',(-0.855673462922814,0.,-0.517516110715097));
#5165=DIRECTION('center_axis',(0.51701482956235,-0.044003635214239,-0.854844632726057));
#5166=DIRECTION('ref_axis',(0.855627675788102,-0.00193804325065732,0.517588180326607));
#5167=DIRECTION('center_axis',(-0.517014829562229,0.044003635219578,0.854844632725855));
#5168=DIRECTION('ref_axis',(0.855627676604211,-0.00193800988021258,0.517588179102444));
#5169=DIRECTION('',(0.0244324873490526,0.999029491094383,-0.0366487310235344));
#5170=DIRECTION('',(0.549350443286659,-0.748815369098723,0.370795945854716));
#5171=DIRECTION('center_axis',(-0.567885150402116,-0.245330121493058,0.785696880126788));
#5172=DIRECTION('ref_axis',(0.81046501800514,0.,0.585787038598438));
#5173=DIRECTION('',(0.811600443659435,-0.00783798939463445,0.584160325402245));
#5174=DIRECTION('center_axis',(0.466805023215242,-0.441382548820031,-0.766338382112074));
#5175=DIRECTION('ref_axis',(-0.854031124481989,0.,-0.520221912664229));
#5176=DIRECTION('',(0.245170364897107,0.897169479239806,-0.367394090448928));
#5177=DIRECTION('',(0.311703096059705,-0.72881894887754,0.609642616344881));
#5178=DIRECTION('center_axis',(-0.466805023215242,0.441382548820031,0.766338382112074));
#5179=DIRECTION('ref_axis',(-0.849745919973004,0.0162020497298138,-0.526943417336041));
#5180=DIRECTION('',(0.311763934401414,-0.728780466675023,0.609657510902217));
#5181=DIRECTION('center_axis',(0.459223455909164,-0.446147690505665,-0.768157572246284));
#5182=DIRECTION('ref_axis',(-0.85831560081069,0.,-0.513122138876295));
#5183=DIRECTION('center_axis',(0.459223455909164,-0.446147690505665,-0.768157572246284));
#5184=DIRECTION('ref_axis',(0.853082381947959,-0.0196495929522915,0.521406121086822));
#5185=DIRECTION('center_axis',(-0.459223455913978,0.446147690488275,0.768157572253506));
#5186=DIRECTION('ref_axis',(0.853082348045813,-0.0196497154048674,0.521406171940024));
#5187=DIRECTION('',(0.247718120356154,0.894743612300977,-0.37157718053429));
#5188=DIRECTION('',(0.380587090251535,-0.682532875355852,0.623940975407404));
#5189=DIRECTION('center_axis',(-0.576778279424255,0.169904003266775,0.799036573667514));
#5190=DIRECTION('ref_axis',(0.810825474964854,0.,0.585288005299971));
#5191=DIRECTION('',(0.811551576347415,0.00742352652571243,0.584233626370433));
#5192=DIRECTION('center_axis',(-0.832050294337844,0.,-0.554700196225229));
#5193=DIRECTION('ref_axis',(0.554700196225229,0.,-0.832050294337844));
#5194=DIRECTION('center_axis',(-0.832050294337844,0.,-0.554700196225229));
#5195=DIRECTION('ref_axis',(0.554700196225229,0.,-0.832050294337844));
#5196=DIRECTION('center_axis',(-0.832050294337844,0.,-0.554700196225229));
#5197=DIRECTION('ref_axis',(0.554700196225229,0.,-0.832050294337844));
#5198=DIRECTION('center_axis',(-0.832050294337844,0.,-0.554700196225229));
#5199=DIRECTION('ref_axis',(0.554700196225229,0.,-0.832050294337844));
#5200=DIRECTION('center_axis',(-0.832050294337844,0.,-0.554700196225229));
#5201=DIRECTION('ref_axis',(0.554700196225229,0.,-0.832050294337844));
#5202=DIRECTION('',(0.832050294337844,0.,0.554700196225229));
#5203=DIRECTION('center_axis',(-0.832050294337844,0.,-0.554700196225229));
#5204=DIRECTION('ref_axis',(0.554700196225229,0.,-0.832050294337844));
#5205=DIRECTION('center_axis',(-0.832050294337844,0.,-0.554700196225229));
#5206=DIRECTION('ref_axis',(0.554700196225229,0.,-0.832050294337844));
#5207=DIRECTION('center_axis',(0.832050294337844,0.,0.554700196225229));
#5208=DIRECTION('ref_axis',(0.554700196225229,0.,-0.832050294337844));
#5209=DIRECTION('center_axis',(-0.832050294337844,0.,-0.554700196225229));
#5210=DIRECTION('ref_axis',(0.554700196225229,0.,-0.832050294337844));
#5211=DIRECTION('center_axis',(0.832050294337844,0.,0.554700196225229));
#5212=DIRECTION('ref_axis',(0.554700196225229,0.,-0.832050294337844));
#5213=DIRECTION('center_axis',(-0.832050294337844,0.,-0.554700196225229));
#5214=DIRECTION('ref_axis',(0.554700196225229,0.,-0.832050294337844));
#5215=DIRECTION('center_axis',(0.832050294337844,0.,0.554700196225229));
#5216=DIRECTION('ref_axis',(0.554700196225229,0.,-0.832050294337844));
#5217=DIRECTION('center_axis',(-0.832050294337844,0.,-0.554700196225229));
#5218=DIRECTION('ref_axis',(0.554700196225229,0.,-0.832050294337844));
#5219=DIRECTION('center_axis',(0.832050294337844,0.,0.554700196225229));
#5220=DIRECTION('ref_axis',(0.554700196225229,0.,-0.832050294337844));
#5221=DIRECTION('center_axis',(-0.832050294337844,0.,-0.554700196225229));
#5222=DIRECTION('ref_axis',(0.554700196225229,0.,-0.832050294337844));
#5223=DIRECTION('center_axis',(0.832050294337844,0.,0.554700196225229));
#5224=DIRECTION('ref_axis',(0.554700196225229,0.,-0.832050294337844));
#5225=DIRECTION('center_axis',(-0.832050294337844,0.,-0.554700196225229));
#5226=DIRECTION('ref_axis',(0.554700196225229,0.,-0.832050294337844));
#5227=DIRECTION('center_axis',(0.832050294337844,0.,0.554700196225229));
#5228=DIRECTION('ref_axis',(0.554700196225229,0.,-0.832050294337844));
#5229=DIRECTION('center_axis',(-0.832050294337844,0.,-0.554700196225229));
#5230=DIRECTION('ref_axis',(0.554700196225229,0.,-0.832050294337844));
#5231=DIRECTION('center_axis',(0.832050294337844,0.,0.554700196225229));
#5232=DIRECTION('ref_axis',(0.554700196225229,0.,-0.832050294337844));
#5233=DIRECTION('center_axis',(-0.832050294337844,0.,-0.554700196225229));
#5234=DIRECTION('ref_axis',(0.554700196225229,0.,-0.832050294337844));
#5235=DIRECTION('center_axis',(0.832050294337844,0.,0.554700196225229));
#5236=DIRECTION('ref_axis',(0.554700196225229,0.,-0.832050294337844));
#5237=DIRECTION('center_axis',(-0.832050294337844,0.,-0.554700196225229));
#5238=DIRECTION('ref_axis',(-0.554700196225229,3.21624529935327E-16,0.832050294337844));
#5239=DIRECTION('center_axis',(0.832050294337844,0.,0.554700196225229));
#5240=DIRECTION('ref_axis',(0.554700196225229,0.,-0.832050294337844));
#5241=DIRECTION('center_axis',(-0.832050294337844,0.,-0.554700196225229));
#5242=DIRECTION('ref_axis',(0.554700196225229,0.,-0.832050294337844));
#5243=DIRECTION('center_axis',(0.832050294337844,0.,0.554700196225229));
#5244=DIRECTION('ref_axis',(0.554700196225229,0.,-0.832050294337844));
#5245=DIRECTION('center_axis',(-0.832050294337844,0.,-0.554700196225229));
#5246=DIRECTION('ref_axis',(0.554700196225229,0.,-0.832050294337844));
#5247=DIRECTION('center_axis',(0.832050294337844,0.,0.554700196225229));
#5248=DIRECTION('ref_axis',(0.554700196225229,0.,-0.832050294337844));
#5249=DIRECTION('center_axis',(-0.832050294337844,0.,-0.554700196225229));
#5250=DIRECTION('ref_axis',(0.554700196225229,0.,-0.832050294337844));
#5251=DIRECTION('center_axis',(0.832050294337844,0.,0.554700196225229));
#5252=DIRECTION('ref_axis',(0.554700196225229,0.,-0.832050294337844));
#5253=DIRECTION('center_axis',(-0.832050294337844,0.,-0.554700196225229));
#5254=DIRECTION('ref_axis',(0.554700196225229,0.,-0.832050294337844));
#5255=DIRECTION('center_axis',(0.832050294337844,0.,0.554700196225229));
#5256=DIRECTION('ref_axis',(0.554700196225229,0.,-0.832050294337844));
#5257=DIRECTION('center_axis',(-0.832050294337844,0.,-0.554700196225229));
#5258=DIRECTION('ref_axis',(0.554700196225229,0.,-0.832050294337844));
#5259=DIRECTION('center_axis',(0.832050294337844,0.,0.554700196225229));
#5260=DIRECTION('ref_axis',(0.554700196225229,0.,-0.832050294337844));
#5261=DIRECTION('center_axis',(-0.832050294337844,0.,-0.554700196225229));
#5262=DIRECTION('ref_axis',(0.554700196225229,0.,-0.832050294337844));
#5263=DIRECTION('center_axis',(0.832050294337844,0.,0.554700196225229));
#5264=DIRECTION('ref_axis',(0.554700196225229,0.,-0.832050294337844));
#5265=DIRECTION('center_axis',(-0.601557741205644,-4.62991056745324E-6,
-0.798829320927898));
#5266=DIRECTION('ref_axis',(0.798118525745337,-0.0421793108483586,-0.60102223303173));
#5267=DIRECTION('center_axis',(0.832078428107959,-5.7595834590167E-15,0.554657993251147));
#5268=DIRECTION('ref_axis',(0.552727217930699,0.0833661898579632,-0.829181946829015));
#5269=DIRECTION('',(0.0384311046462579,-0.63515332669912,0.771429388718572));
#5270=DIRECTION('',(0.211491755319906,-0.832641985914851,0.511838412708033));
#5271=DIRECTION('',(0.414147304872913,-0.886159281450947,0.207855088378523));
#5272=DIRECTION('',(0.61135676771964,-0.786451586719837,-0.0879591058915671));
#5273=DIRECTION('',(0.769020836142163,-0.5507592679565,-0.32445520852535));
#5274=DIRECTION('',(0.859877960377135,-0.219835668272613,-0.460740894877795));
#5275=DIRECTION('center_axis',(-0.933684092838842,0.194550069150797,-0.300639793395899));
#5276=DIRECTION('ref_axis',(-0.134190407636188,0.588286086214449,0.797441167275003));
#5277=DIRECTION('center_axis',(0.832027531704661,2.98129396785266E-5,0.554734337856093));
#5278=DIRECTION('ref_axis',(-0.474422886998115,0.518294495230495,0.711543210568508));
#5279=DIRECTION('center_axis',(-0.876949166385613,0.286641113069685,-0.385742183166102));
#5280=DIRECTION('ref_axis',(0.0339260995845249,0.837576006134215,0.545266406186222));
#5281=DIRECTION('center_axis',(0.832036225847187,4.39255060679331E-5,0.554721296642304));
#5282=DIRECTION('ref_axis',(-0.316474514211635,0.82132765638025,0.474620651383224));
#5283=DIRECTION('center_axis',(-0.804341936587143,0.329169304549235,-0.494653027878954));
#5284=DIRECTION('ref_axis',(0.243752189080174,0.942041425431588,0.230527271899542));
#5285=DIRECTION('center_axis',(0.832047352375928,5.04429511391649E-5,0.554704606849192));
#5286=DIRECTION('ref_axis',(-0.103812094587136,0.982345804214191,0.155627021947365));
#5287=DIRECTION('center_axis',(-0.728416853057945,0.314781132897549,-0.608540653163695));
#5288=DIRECTION('ref_axis',(0.459007023675996,0.88361932408201,-0.092354979968353));
#5289=DIRECTION('center_axis',(0.83205898741143,4.82383521932211E-5,0.55468715429594));
#5290=DIRECTION('ref_axis',(0.126793107541532,0.973507438168021,-0.190280781245763));
#5291=DIRECTION('center_axis',(-0.662302052510305,0.245964443654855,-0.707712853986837));
#5292=DIRECTION('ref_axis',(0.642471086896495,0.672411414174783,-0.367551074803904));
#5293=DIRECTION('center_axis',(0.832069119150321,3.76929035209976E-5,0.554671956687603));
#5294=DIRECTION('ref_axis',(0.335467357744722,0.796340792025165,-0.50329215654976));
#5295=DIRECTION('center_axis',(-0.617429384581722,0.134618267592149,-0.775021855876029));
#5296=DIRECTION('ref_axis',(0.76242177551162,0.344937462089194,-0.547477107716089));
#5297=DIRECTION('center_axis',(0.832075995723444,2.06300100626761E-5,0.554661641827919));
#5298=DIRECTION('ref_axis',(0.486128982415008,0.481479588412182,-0.729284593556305));
#5299=DIRECTION('',(-0.0751108884487136,-0.327840887066858,0.941742378362395));
#5300=DIRECTION('center_axis',(0.832050294337844,0.,0.554700196225229));
#5301=DIRECTION('ref_axis',(0.554700196225229,0.,-0.832050294337844));
#5302=DIRECTION('center_axis',(-0.832050294337844,0.,-0.554700196225229));
#5303=DIRECTION('ref_axis',(-0.554700196225229,0.,0.832050294337844));
#5304=DIRECTION('center_axis',(0.832050294337844,0.,0.554700196225229));
#5305=DIRECTION('ref_axis',(0.554700196225229,0.,-0.832050294337844));
#5306=DIRECTION('center_axis',(-0.832050294337844,0.,-0.554700196225229));
#5307=DIRECTION('ref_axis',(-0.554700196225229,0.,0.832050294337844));
#5308=DIRECTION('center_axis',(0.832050294337844,0.,0.554700196225229));
#5309=DIRECTION('ref_axis',(0.554700196225229,0.,-0.832050294337844));
#5310=DIRECTION('center_axis',(-0.832050294337844,0.,-0.554700196225229));
#5311=DIRECTION('ref_axis',(-0.554700196225229,0.,0.832050294337844));
#5312=DIRECTION('center_axis',(0.832050294337844,0.,0.554700196225229));
#5313=DIRECTION('ref_axis',(0.554700196225229,0.,-0.832050294337844));
#5314=DIRECTION('center_axis',(-0.832050294337844,0.,-0.554700196225229));
#5315=DIRECTION('ref_axis',(-0.554700196225229,0.,0.832050294337844));
#5316=DIRECTION('center_axis',(0.832050294337844,0.,0.554700196225229));
#5317=DIRECTION('ref_axis',(0.554700196225229,0.,-0.832050294337844));
#5318=DIRECTION('center_axis',(-0.832050294337844,0.,-0.554700196225229));
#5319=DIRECTION('ref_axis',(-0.554700196225229,0.,0.832050294337844));
#5320=DIRECTION('center_axis',(0.832050294337844,0.,0.554700196225229));
#5321=DIRECTION('ref_axis',(0.554700196225229,0.,-0.832050294337844));
#5322=DIRECTION('center_axis',(-0.832050294337844,0.,-0.554700196225229));
#5323=DIRECTION('ref_axis',(-0.554700196225229,0.,0.832050294337844));
#5324=DIRECTION('center_axis',(0.832050294337844,0.,0.554700196225229));
#5325=DIRECTION('ref_axis',(0.554700196225229,0.,-0.832050294337844));
#5326=DIRECTION('center_axis',(-0.832050294337844,0.,-0.554700196225229));
#5327=DIRECTION('ref_axis',(-0.554700196225229,0.,0.832050294337844));
#5328=DIRECTION('center_axis',(0.832050294337844,0.,0.554700196225229));
#5329=DIRECTION('ref_axis',(0.554700196225229,0.,-0.832050294337844));
#5330=DIRECTION('center_axis',(-0.832050294337844,0.,-0.554700196225229));
#5331=DIRECTION('ref_axis',(-0.554700196225229,0.,0.832050294337844));
#5332=DIRECTION('center_axis',(0.832050294337844,0.,0.554700196225229));
#5333=DIRECTION('ref_axis',(0.554700196225229,0.,-0.832050294337844));
#5334=DIRECTION('center_axis',(-0.832050294337844,0.,-0.554700196225229));
#5335=DIRECTION('ref_axis',(-0.554700196225229,0.,0.832050294337844));
#5336=DIRECTION('center_axis',(0.832050294337844,0.,0.554700196225229));
#5337=DIRECTION('ref_axis',(0.554700196225229,0.,-0.832050294337844));
#5338=DIRECTION('center_axis',(-0.832050294337844,0.,-0.554700196225229));
#5339=DIRECTION('ref_axis',(-0.554700196225229,0.,0.832050294337844));
#5340=DIRECTION('center_axis',(0.832050294337844,0.,0.554700196225229));
#5341=DIRECTION('ref_axis',(0.554700196225229,0.,-0.832050294337844));
#5342=DIRECTION('center_axis',(-0.832050294337844,0.,-0.554700196225229));
#5343=DIRECTION('ref_axis',(-0.554700196225229,0.,0.832050294337844));
#5344=DIRECTION('center_axis',(0.832050294337844,0.,0.554700196225229));
#5345=DIRECTION('ref_axis',(0.554700196225229,0.,-0.832050294337844));
#5346=DIRECTION('center_axis',(-0.832050294337844,0.,-0.554700196225229));
#5347=DIRECTION('ref_axis',(-0.554700196225229,0.,0.832050294337844));
#5348=DIRECTION('center_axis',(0.832050294337844,0.,0.554700196225229));
#5349=DIRECTION('ref_axis',(0.554700196225229,0.,-0.832050294337844));
#5350=DIRECTION('center_axis',(-0.832050294337844,0.,-0.554700196225229));
#5351=DIRECTION('ref_axis',(-0.554700196225229,0.,0.832050294337844));
#5352=DIRECTION('center_axis',(0.832050294337844,0.,0.554700196225229));
#5353=DIRECTION('ref_axis',(0.554700196225229,0.,-0.832050294337844));
#5354=DIRECTION('center_axis',(-0.832050294337844,0.,-0.554700196225229));
#5355=DIRECTION('ref_axis',(-0.554700196225229,0.,0.832050294337844));
#5356=DIRECTION('center_axis',(0.832050294337844,0.,0.554700196225229));
#5357=DIRECTION('ref_axis',(0.554700196225229,0.,-0.832050294337844));
#5358=DIRECTION('center_axis',(-0.832050294337844,0.,-0.554700196225229));
#5359=DIRECTION('ref_axis',(-0.554700196225229,0.,0.832050294337844));
#5360=DIRECTION('center_axis',(0.832050294337844,0.,0.554700196225229));
#5361=DIRECTION('ref_axis',(-0.554700196225229,0.,0.832050294337844));
#5362=DIRECTION('center_axis',(0.832050294337844,0.,0.554700196225229));
#5363=DIRECTION('ref_axis',(-0.554700196225229,0.,0.832050294337844));
#5364=DIRECTION('center_axis',(0.832050294337844,0.,0.554700196225229));
#5365=DIRECTION('ref_axis',(-0.554700196225229,0.,0.832050294337844));
#5366=DIRECTION('center_axis',(0.832050294337844,0.,0.554700196225229));
#5367=DIRECTION('ref_axis',(-0.554700196225229,0.,0.832050294337844));
#5368=DIRECTION('center_axis',(0.832050294337844,0.,0.554700196225229));
#5369=DIRECTION('ref_axis',(-0.554700196225229,0.,0.832050294337844));
#5370=DIRECTION('center_axis',(0.832050294337844,0.,0.554700196225229));
#5371=DIRECTION('ref_axis',(-0.554700196225229,0.,0.832050294337844));
#5372=DIRECTION('center_axis',(0.832050294337844,0.,0.554700196225229));
#5373=DIRECTION('ref_axis',(-0.554700196225229,0.,0.832050294337844));
#5374=DIRECTION('center_axis',(0.832050294337844,0.,0.554700196225229));
#5375=DIRECTION('ref_axis',(-0.554700196225229,0.,0.832050294337844));
#5376=DIRECTION('center_axis',(0.832050294337844,0.,0.554700196225229));
#5377=DIRECTION('ref_axis',(-0.554700196225229,0.,0.832050294337844));
#5378=DIRECTION('center_axis',(0.832050294337844,0.,0.554700196225229));
#5379=DIRECTION('ref_axis',(-0.554700196225229,0.,0.832050294337844));
#5380=DIRECTION('center_axis',(0.832050294337844,0.,0.554700196225229));
#5381=DIRECTION('ref_axis',(-0.554700196225229,0.,0.832050294337844));
#5382=DIRECTION('center_axis',(0.832050294337844,0.,0.554700196225229));
#5383=DIRECTION('ref_axis',(-0.554700196225229,0.,0.832050294337844));
#5384=DIRECTION('center_axis',(0.832050294337844,0.,0.554700196225229));
#5385=DIRECTION('ref_axis',(-0.554700196225229,0.,0.832050294337844));
#5386=DIRECTION('center_axis',(0.832050294337844,0.,0.554700196225229));
#5387=DIRECTION('ref_axis',(-0.554700196225229,0.,0.832050294337844));
#5388=DIRECTION('center_axis',(0.832050294337844,0.,0.554700196225229));
#5389=DIRECTION('ref_axis',(-0.554700196225229,0.,0.832050294337844));
#5390=DIRECTION('center_axis',(0.832050294337844,0.,0.554700196225229));
#5391=DIRECTION('ref_axis',(-0.554700196225229,0.,0.832050294337844));
#5392=DIRECTION('center_axis',(0.832050294337844,0.,0.554700196225229));
#5393=DIRECTION('ref_axis',(-0.554700196225229,0.,0.832050294337844));
#5394=DIRECTION('center_axis',(0.832050294337844,0.,0.554700196225229));
#5395=DIRECTION('ref_axis',(-0.554700196225229,0.,0.832050294337844));
#5396=DIRECTION('center_axis',(0.832050294337844,0.,0.554700196225229));
#5397=DIRECTION('ref_axis',(-0.554700196225229,0.,0.832050294337844));
#5398=DIRECTION('center_axis',(0.832050294337844,0.,0.554700196225229));
#5399=DIRECTION('ref_axis',(-0.554700196225229,0.,0.832050294337844));
#5400=DIRECTION('center_axis',(0.832050294337844,0.,0.554700196225229));
#5401=DIRECTION('ref_axis',(-0.554700196225229,0.,0.832050294337844));
#5402=DIRECTION('center_axis',(0.832050294337844,0.,0.554700196225229));
#5403=DIRECTION('ref_axis',(-0.554700196225229,0.,0.832050294337844));
#5404=DIRECTION('center_axis',(0.832050294337844,0.,0.554700196225229));
#5405=DIRECTION('ref_axis',(-0.554700196225229,0.,0.832050294337844));
#5406=DIRECTION('center_axis',(0.832050294337844,0.,0.554700196225229));
#5407=DIRECTION('ref_axis',(-0.554700196225229,0.,0.832050294337844));
#5408=DIRECTION('center_axis',(0.832050294337844,0.,0.554700196225229));
#5409=DIRECTION('ref_axis',(-0.554700196225229,0.,0.832050294337844));
#5410=DIRECTION('center_axis',(0.832050294337844,0.,0.554700196225229));
#5411=DIRECTION('ref_axis',(-0.554700196225229,0.,0.832050294337844));
#5412=DIRECTION('center_axis',(0.832050294337844,0.,0.554700196225229));
#5413=DIRECTION('ref_axis',(-0.554700196225229,0.,0.832050294337844));
#5414=DIRECTION('center_axis',(0.832050294337844,0.,0.554700196225229));
#5415=DIRECTION('ref_axis',(-0.554700196225229,0.,0.832050294337844));
#5416=DIRECTION('center_axis',(0.832050294337844,0.,0.554700196225229));
#5417=DIRECTION('ref_axis',(-0.554700196225229,0.,0.832050294337844));
#5418=DIRECTION('center_axis',(0.832050294337844,0.,0.554700196225229));
#5419=DIRECTION('ref_axis',(-0.554700196225229,0.,0.832050294337844));
#5420=DIRECTION('center_axis',(0.832050294337844,0.,0.554700196225229));
#5421=DIRECTION('ref_axis',(-0.554700196225229,0.,0.832050294337844));
#5422=DIRECTION('center_axis',(0.832022773241233,1.0545448099072E-5,0.554741475551236));
#5423=DIRECTION('ref_axis',(-0.550346504382378,0.125643507298332,0.825428636641516));
#5424=DIRECTION('center_axis',(-0.964736731657461,0.0688195506661863,-0.254060835307186));
#5425=DIRECTION('ref_axis',(-0.23152846164958,0.237276157639872,0.943448247898017));
#5426=CARTESIAN_POINT('',(0.,0.,0.));
#5427=CARTESIAN_POINT('Origin',(-10.709106071636,0.000325669760600222,-7.01130237172188));
#5428=CARTESIAN_POINT('',(-13.2700807637638,2.80016282067567,-6.77539160899415));
#5429=CARTESIAN_POINT('',(-10.7739298807503,2.80016282067568,-5.11129102031848));
#5430=CARTESIAN_POINT('',(-11.6059801750881,2.80016282067567,-5.66599121654372));
#5431=CARTESIAN_POINT('',(-12.3732066603117,0.0003256697605974,-8.12070276417234));
#5432=CARTESIAN_POINT('',(-12.5974251861748,0.700284957489529,-7.78437497537773));
#5433=CARTESIAN_POINT('',(-9.87705577729816,0.000325669760598394,-6.45660217549666));
#5434=CARTESIAN_POINT('',(-10.709106071636,0.000325669760600222,-7.01130237172188));
#5435=CARTESIAN_POINT('',(-10.7739298807503,2.80016282067567,-5.11129102031848));
#5436=CARTESIAN_POINT('Origin',(-11.670491090817,1.07386499853257E-13,-3.7664492052184));
#5437=CARTESIAN_POINT('',(-12.5673651942689,2.79983715091497,-2.42113805004054));
#5438=CARTESIAN_POINT('',(-12.5673651942689,2.79983715091497,-2.42113805004054));
#5439=CARTESIAN_POINT('',(-9.78089506291386,-0.0997382939815568,-6.60084324707311));
#5440=CARTESIAN_POINT('',(-9.87705577729816,0.000325669760598394,-6.45660217549666));
#5441=CARTESIAN_POINT('',(-10.6776127287714,-2.89973830818591,-5.25576674828683));
#5442=CARTESIAN_POINT('',(-9.63821948785557,0.345766046348135,-6.81485660966056));
#5443=CARTESIAN_POINT('',(-10.7736169873651,-2.79983715091475,-5.11176036039626));
#5444=CARTESIAN_POINT('',(-10.7736169873651,-2.79983715091475,-5.11176036039626));
#5445=CARTESIAN_POINT('',(-12.5670523008839,-2.8001628206759,-2.4216073901181));
#5446=CARTESIAN_POINT('',(-10.7736169873651,-2.79983715091475,-5.11176036039626));
#5447=CARTESIAN_POINT('',(-13.4639264043356,-0.000325669760595674,-1.07629623494045));
#5448=CARTESIAN_POINT('',(-12.5670523008839,-2.8001628206759,-2.42160739011811));
#5449=CARTESIAN_POINT('',(-13.5600871187202,0.0997382939817505,-0.932055163363683));
#5450=CARTESIAN_POINT('',(-13.4639264043356,-0.000325669760595674,-1.07629623494045));
#5451=CARTESIAN_POINT('',(-12.6633694528626,2.89973830818611,-2.27713166214997));
#5452=CARTESIAN_POINT('',(-13.7027626937784,-0.345766046347918,-0.718041800776252));
#5453=CARTESIAN_POINT('',(-12.5673651942689,2.79983715091497,-2.42113805004054));
#5454=CARTESIAN_POINT('',(-11.6704910908172,-1.60000000000001,-3.76644920521819));
#5455=CARTESIAN_POINT('Origin',(-11.6704910908171,2.01755456946395E-13,
-3.76644920521828));
#5456=CARTESIAN_POINT('Origin',(-13.140478266673,-2.80011585710678,-3.36424407916644));
#5457=CARTESIAN_POINT('',(-13.2697678703786,-2.79983715091475,-6.77586094907196));
#5458=CARTESIAN_POINT('',(-11.6056672817029,-2.79983715091475,-5.66646055662149));
#5459=CARTESIAN_POINT('',(-15.0632031838974,-2.8001628206759,-4.08570797879377));
#5460=CARTESIAN_POINT('',(-14.4855321912432,-2.80005792145105,-4.9522144677751));
#5461=CARTESIAN_POINT('',(-13.3991025952217,-2.8001628206759,-2.97630758634334));
#5462=CARTESIAN_POINT('Origin',(-14.2959766986735,-0.000325669760595781,
-1.63099643116568));
#5463=CARTESIAN_POINT('',(-15.9600772873492,-0.000325669760596668,-2.74039682361614));
#5464=CARTESIAN_POINT('',(-15.7358587614863,-0.700284957489203,-3.07672461241045));
#5465=CARTESIAN_POINT('',(-14.2959766986735,-0.000325669760594671,-1.63099643116568));
#5466=CARTESIAN_POINT('Origin',(-11.8646045036364,2.80011585710662,-5.27805472372136));
#5467=CARTESIAN_POINT('',(-15.0635160772824,2.79983715091497,-4.08523863871623));
#5468=CARTESIAN_POINT('',(-13.3994154886068,2.79983715091497,-2.97583824626577));
#5469=CARTESIAN_POINT('',(-13.8477517564176,2.80005792145097,-5.90888512001351));
#5470=CARTESIAN_POINT('Origin',(-14.1666419738305,1.06392178204993E-13,
-5.43054979389409));
#5471=CARTESIAN_POINT('',(-13.1737636117849,-2.89973830818591,-6.91986733696251));
#5472=CARTESIAN_POINT('',(-13.9423452246213,-2.099959280626,-5.766994917708));
#5473=CARTESIAN_POINT('',(-13.4592879752901,-3.79128784747781,-6.49158079170475));
#5474=CARTESIAN_POINT('',(-12.3585888967321,-0.354356076260934,-8.14262940954177));
#5475=CARTESIAN_POINT('',(-16.3415947437817,-0.79128784747781,-2.1681206389674));
#5476=CARTESIAN_POINT('Origin',(-14.1666419738305,1.06392178204993E-13,
-5.43054979389409));
#5477=CARTESIAN_POINT('',(-16.0562380017337,0.0997382939817495,-2.59615575203937));
#5478=CARTESIAN_POINT('',(-15.974695050929,0.354356076261148,-2.71847017824641));
#5479=CARTESIAN_POINT('',(-15.2874999331065,-0.700203540049137,-3.74926285498009));
#5480=CARTESIAN_POINT('Origin',(-8.30384731164834,0.601856076261152,2.91064064947523));
#5481=CARTESIAN_POINT('',(-8.84482159179769,-0.79128784747781,2.82972812902192));
#5482=CARTESIAN_POINT('',(-7.75935637316977,2.00000000000011,3.00430593881202));
#5483=CARTESIAN_POINT('Origin',(-9.16601970486009,1.0991207943789E-13,-2.09680161458046));
#5484=CARTESIAN_POINT('',(-7.377222820387,3.79128784747803,0.628329971905885));
#5485=CARTESIAN_POINT('Origin',(-9.16601970486009,1.0991207943789E-13,-2.09680161458046));
#5486=CARTESIAN_POINT('',(-8.47792189894502,0.354356076261151,2.27937858974291));
#5487=CARTESIAN_POINT('Origin',(-4.21216054065032,-0.601856076260928,-3.2268895070218));
#5488=CARTESIAN_POINT('',(-4.49491605189544,0.791287847478034,-3.69513018083147));
#5489=CARTESIAN_POINT('',(-5.96251482330612,-3.79128784747781,-1.49373202371543));
#5490=CARTESIAN_POINT('Origin',(-9.16601970486009,1.0991207943789E-13,-2.09680161458046));
#5491=CARTESIAN_POINT('',(-4.8618157447481,-0.354356076260929,-3.14478064155246));
#5492=CARTESIAN_POINT('Origin',(-10.3275886152037,0.791287847478028,-7.58357855637032));
#5493=CARTESIAN_POINT('',(-6.80288562058734,-3.79128784747781,-2.05397922190291));
#5494=CARTESIAN_POINT('',(-10.2615875816025,-2.89973830818591,-4.97841665017421));
#5495=CARTESIAN_POINT('',(-12.2770459459274,-0.0997382939815578,-8.2649438357488));
#5496=CARTESIAN_POINT('',(-10.6129453572517,-0.099738293981555,-7.15554344329834));
#5497=CARTESIAN_POINT('',(-11.9916892038794,0.791287847478025,-8.69297894882078));
#5498=CARTESIAN_POINT('',(-12.3585888967321,-0.354356076260934,-8.14262940954177));
#5499=CARTESIAN_POINT('',(2.15316579986393,0.791287847478038,0.736924387008118));
#5500=CARTESIAN_POINT('Origin',(-14.677494155106,-0.791287847477808,-1.05872024651694));
#5501=CARTESIAN_POINT('',(-14.873995972371,3.79128784747802,-4.36951879608343));
#5502=CARTESIAN_POINT('',(-0.729140968627635,3.79128784747803,5.06038453974547));
#5503=CARTESIAN_POINT('',(-15.1595203358762,2.89973830818611,-3.94123225082566));
#5504=CARTESIAN_POINT('',(-15.974695050929,0.354356076261148,-2.71847017824641));
#5505=CARTESIAN_POINT('',(-12.2473443056937,2.89973830818611,-1.99978156403735));
#5506=CARTESIAN_POINT('',(-14.392137413058,0.0997382939817526,-1.48675535958891));
#5507=CARTESIAN_POINT('',(-2.19673974003832,-0.791287847477806,7.2617826968615));
#5508=CARTESIAN_POINT('Origin',(1.30949350085336,1.17683640610267E-13,4.88687385589518));
#5509=CARTESIAN_POINT('',(-1.09242880622295,2.50000000000011,8.48975731650964));
#5510=CARTESIAN_POINT('Origin',(1.30949350085336,1.15463194561016E-13,4.88687385589517));
#5511=CARTESIAN_POINT('',(-0.612044344807688,2.00000000000012,7.76918062438674));
#5512=CARTESIAN_POINT('Origin',(1.30949350085336,1.15463194561016E-13,4.88687385589517));
#5513=CARTESIAN_POINT('Origin',(0.810263324250652,1.14352971536391E-13,
4.55405373816004));
#5514=CARTESIAN_POINT('',(-0.759608688487813,2.50000000000012,8.71163739499973));
#5515=CARTESIAN_POINT('Origin',(1.6423136185885,1.14852571897472E-13,5.10875393438527));
#5516=CARTESIAN_POINT('',(-1.59165898282566,2.50000000000011,8.1569371987745));
#5517=CARTESIAN_POINT('Origin',(1.6423136185885,1.15463194561016E-13,5.10875393438527));
#5518=CARTESIAN_POINT('Origin',(-14.1666419738305,1.06392178204993E-13,
-5.43054979389409));
#5519=CARTESIAN_POINT('',(-0.279224227072546,2.00000000000012,7.99106070287684));
#5520=CARTESIAN_POINT('Origin',(-14.2959766986735,-0.000325669760594671,
-1.63099643116568));
#5521=CARTESIAN_POINT('Origin',(-10.9032646055932,2.79983715091497,-1.31173765759008));
#5522=CARTESIAN_POINT('',(-14.3909387230398,2.09995928062643,-5.09410467008018));
#5523=CARTESIAN_POINT('Origin',(-10.709106071636,0.000325669760600222,-7.01130237172188));
#5524=CARTESIAN_POINT('',(-13.0457840145543,0.700203540049353,-7.11183673280839));
#5525=CARTESIAN_POINT('Origin',(-9.10951639868941,-2.79983715091475,-4.0023599679458));
#5526=CARTESIAN_POINT('Origin',(-14.1666419738305,1.06392178204993E-13,
-5.43054979389409));
#5527=CARTESIAN_POINT('Origin',(4.55454629187461,-6.06039790061272E-15,
7.05024238324299));
#5528=CARTESIAN_POINT('',(5.80262173338138,-3.00000000000001,7.88229267758083));
#5529=CARTESIAN_POINT('Origin',(5.80262173338138,-6.06039790061272E-15,
7.88229267758083));
#5530=CARTESIAN_POINT('',(3.30647085036785,-3.00000000000001,6.21819208890514));
#5531=CARTESIAN_POINT('',(4.55454629187461,-3.00000000000001,7.05024238324299));
#5532=CARTESIAN_POINT('Origin',(3.30647085036785,-6.06039790061272E-15,
6.21819208890514));
#5533=CARTESIAN_POINT('Origin',(3.30647085036785,-6.06039790061272E-15,
6.21819208890514));
#5534=CARTESIAN_POINT('',(3.30647085036785,-1.60000000000001,6.21819208890514));
#5535=CARTESIAN_POINT('Origin',(3.30647085036785,-6.06039790061272E-15,
6.21819208890514));
#5536=CARTESIAN_POINT('Origin',(3.51448342395231,-6.06039790061272E-15,
6.35686713796145));
#5537=CARTESIAN_POINT('',(3.51448342395231,-1.60000000000001,6.35686713796145));
#5538=CARTESIAN_POINT('Ctrl Pts',(-0.603839059881005,1.39167618536761,13.4311449169669));
#5539=CARTESIAN_POINT('Ctrl Pts',(0.9216084442883,1.1297103506695,12.5996490720772));
#5540=CARTESIAN_POINT('Ctrl Pts',(2.4470559484576,0.867744515971389,11.7681532271875));
#5541=CARTESIAN_POINT('Ctrl Pts',(3.97250345262691,0.605778681273278,10.9366573822978));
#5542=CARTESIAN_POINT('Ctrl Pts',(-0.755873516839994,1.15474470152587,13.1664030183857));
#5543=CARTESIAN_POINT('Ctrl Pts',(0.798174001835514,0.937433255941073,12.3846698863927));
#5544=CARTESIAN_POINT('Ctrl Pts',(2.3522772971298,0.719956909991357,11.6031517828341));
#5545=CARTESIAN_POINT('Ctrl Pts',(3.90632481580531,0.502645464406558,10.8214186508411));
#5546=CARTESIAN_POINT('Ctrl Pts',(-0.986486254603809,0.869335629060269,
12.7301935703967));
#5547=CARTESIAN_POINT('Ctrl Pts',(0.610994695616484,0.70567967893254,12.030661795845));
#5548=CARTESIAN_POINT('Ctrl Pts',(2.20846111733063,0.542066529034703,11.3310740827923));
#5549=CARTESIAN_POINT('Ctrl Pts',(3.80594206755092,0.378410578906973,10.6315423082406));
#5550=CARTESIAN_POINT('Ctrl Pts',(-1.17482220385427,0.730203158437667,12.3299624309641));
#5551=CARTESIAN_POINT('Ctrl Pts',(0.458100671773922,0.592767134438443,11.7057305121393));
#5552=CARTESIAN_POINT('Ctrl Pts',(2.09103898404617,0.455284034212252,11.0815587778113));
#5553=CARTESIAN_POINT('Ctrl Pts',(3.72396185967436,0.317848010213029,10.4573268589866));
#5554=CARTESIAN_POINT('Ctrl Pts',(-1.24904288433435,0.69958055505952,12.160902717455));
#5555=CARTESIAN_POINT('Ctrl Pts',(0.397858783400943,0.567885193895562,11.5685242228326));
#5556=CARTESIAN_POINT('Ctrl Pts',(2.04475288768456,0.43621374736918,10.9761158423542));
#5557=CARTESIAN_POINT('Ctrl Pts',(3.69165455541985,0.304518386205222,10.3837373477319));
#5558=CARTESIAN_POINT('Ctrl Pts',(-1.26521826937542,0.6981166379248,12.1216192118146));
#5559=CARTESIAN_POINT('Ctrl Pts',(0.384718031884438,0.566728743878762,11.5365952533932));
#5560=CARTESIAN_POINT('Ctrl Pts',(2.0346773178256,0.43526905601714,10.9516617031761));
#5561=CARTESIAN_POINT('Ctrl Pts',(3.68461361908545,0.303881161971102,10.3666377447547));
#5562=CARTESIAN_POINT('Ctrl Pts',(-1.26674810681825,0.698089130135279,12.1178519068209));
#5563=CARTESIAN_POINT('Ctrl Pts',(0.383483828985176,0.566682482818641,11.5335672330523));
#5564=CARTESIAN_POINT('Ctrl Pts',(2.03371576478861,0.435275835502002,10.9492825592837));
#5565=CARTESIAN_POINT('Ctrl Pts',(3.68394770059204,0.303869188185364,10.3649978855151));
#5566=CARTESIAN_POINT('',(0.166880610431228,1.25931782258901,13.011035509709));
#5567=CARTESIAN_POINT('',(-1.25171719093261,0.699567059873117,12.1539467307403));
#5568=CARTESIAN_POINT('Ctrl Pts',(0.166880610362601,1.25931782237089,13.0110355101006));
#5569=CARTESIAN_POINT('Ctrl Pts',(-0.0566624351305198,1.11509711988909,
12.8915299297697));
#5570=CARTESIAN_POINT('Ctrl Pts',(-0.28998916893306,0.988784720703324,12.7565222432027));
#5571=CARTESIAN_POINT('Ctrl Pts',(-0.871899672899236,0.746087583370164,
12.4035119899987));
#5572=CARTESIAN_POINT('Ctrl Pts',(-1.12737434908264,0.706631036942393,12.2360792713887));
#5573=CARTESIAN_POINT('Ctrl Pts',(-1.25166015995489,0.700792131731347,12.153880652427));
#5574=CARTESIAN_POINT('',(-1.21556051465686,0.69400998590247,12.0997284886854));
#5575=CARTESIAN_POINT('Ctrl Pts',(-1.25161455841348,0.70078167794465,12.1538096564862));
#5576=CARTESIAN_POINT('Ctrl Pts',(-1.24547489030257,0.699417906627052,12.1446001543199));
#5577=CARTESIAN_POINT('Ctrl Pts',(-1.23922299475658,0.698113938559604,12.1352223110045));
#5578=CARTESIAN_POINT('Ctrl Pts',(-1.2235917750857,0.695132999461039,12.1117754814982));
#5579=CARTESIAN_POINT('Ctrl Pts',(-1.2175537087585,0.694251380493425,12.1027183820038));
#5580=CARTESIAN_POINT('Ctrl Pts',(-1.21556035320478,0.69401309338341,12.0997283486732));
#5581=CARTESIAN_POINT('',(3.39694305146277,0.326723140924527,10.4666154409519));
#5582=CARTESIAN_POINT('',(-1.2155603894462,0.694013097671901,12.0997284017763));
#5583=CARTESIAN_POINT('',(3.87898387329028,0.473029065629868,10.767749467198));
#5584=CARTESIAN_POINT('Ctrl Pts',(3.39694307144451,0.32672313852209,10.466615411046));
#5585=CARTESIAN_POINT('Ctrl Pts',(3.39949569379549,0.326606044325662,10.4683303539393));
#5586=CARTESIAN_POINT('Ctrl Pts',(3.42382794685421,0.325991355337102,10.4846275220128));
#5587=CARTESIAN_POINT('Ctrl Pts',(3.51830201839515,0.339246791797318,10.5460917554729));
#5588=CARTESIAN_POINT('Ctrl Pts',(3.57210874918671,0.35242396878806,10.5804207065055));
#5589=CARTESIAN_POINT('Ctrl Pts',(3.69778488956675,0.390661795897621,10.6593536526569));
#5590=CARTESIAN_POINT('Ctrl Pts',(3.78339100425714,0.424531699448532,10.7119713325281));
#5591=CARTESIAN_POINT('Ctrl Pts',(3.87898387306864,0.473029065998115,10.7677494672577));
#5592=CARTESIAN_POINT('',(3.648719014233,0.661381832305814,11.1131461788292));
#5593=CARTESIAN_POINT('Ctrl Pts',(3.64871932463173,0.661381991719609,11.1131462907053));
#5594=CARTESIAN_POINT('Ctrl Pts',(3.68652272252833,0.627569462880049,11.0564411938604));
#5595=CARTESIAN_POINT('Ctrl Pts',(3.72472832516563,0.594764531960381,10.9991327902301));
#5596=CARTESIAN_POINT('Ctrl Pts',(3.80138146136955,0.531947692874656,10.8841530859242));
#5597=CARTESIAN_POINT('Ctrl Pts',(3.84011836313014,0.501686407306222,10.8260477329577));
#5598=CARTESIAN_POINT('Ctrl Pts',(3.87898387362747,0.47302906605936,10.7677494672117));
#5599=CARTESIAN_POINT('Ctrl Pts',(0.166880610133997,1.25931782179602,13.0110355094135));
#5600=CARTESIAN_POINT('Ctrl Pts',(0.747187075946488,1.1596617026975,12.694720440385));
#5601=CARTESIAN_POINT('Ctrl Pts',(1.32749354172847,1.06000558330308,12.3784053713936));
#5602=CARTESIAN_POINT('Ctrl Pts',(2.48810619541404,0.860693392329775,11.7457753848699));
#5603=CARTESIAN_POINT('Ctrl Pts',(3.06841238331791,0.761037320753653,11.4294604673373));
#5604=CARTESIAN_POINT('Ctrl Pts',(3.64871857126032,0.661381249545549,11.1131455497594));
#5605=CARTESIAN_POINT('Origin',(1.85159204242949,-0.402910905112906,7.52653420839599));
#5606=CARTESIAN_POINT('',(0.166883668644948,-1.25931963805796,13.0110371948296));
#5607=CARTESIAN_POINT('',(0.237323414412258,-1.85677089521733,12.9053713037636));
#5608=CARTESIAN_POINT('Ctrl Pts',(0.166883943104386,-1.25931962863408,13.0110373621719));
#5609=CARTESIAN_POINT('Ctrl Pts',(0.169159126811161,-1.27942640868679,13.008438128581));
#5610=CARTESIAN_POINT('Ctrl Pts',(0.171437582168071,-1.29947853697018,13.0057508214117));
#5611=CARTESIAN_POINT('Ctrl Pts',(0.173718970753521,-1.31947393034991,13.0029769057793));
#5612=CARTESIAN_POINT('Ctrl Pts',(0.193951577114511,-1.49680405546126,12.9783762991899));
#5613=CARTESIAN_POINT('Ctrl Pts',(0.215196397356443,-1.67647739101332,12.9459883605464));
#5614=CARTESIAN_POINT('Ctrl Pts',(0.237323413679594,-1.85677089528262,12.9053713036543));
#5615=CARTESIAN_POINT('',(3.68571474918876,-0.975157182931931,11.0576525763888));
#5616=CARTESIAN_POINT('Ctrl Pts',(0.237323414290167,-1.85677089590785,12.9053713032063));
#5617=CARTESIAN_POINT('Ctrl Pts',(0.812055386855891,-1.70983531139405,12.5974179740476));
#5618=CARTESIAN_POINT('Ctrl Pts',(1.38678735954846,-1.5628997278387,12.2894646446684));
#5619=CARTESIAN_POINT('Ctrl Pts',(2.53625102968332,-1.26902863078237,11.6735581334423));
#5620=CARTESIAN_POINT('Ctrl Pts',(3.11098272712442,-1.12209311727234,11.3656049515974));
#5621=CARTESIAN_POINT('Ctrl Pts',(3.68571442440852,-0.975157602571734,11.0576517700277));
#5622=CARTESIAN_POINT('',(3.64871891940668,-0.661382354269747,11.1131468991018));
#5623=CARTESIAN_POINT('Origin',(4.70755730161619,-0.419650705833147,9.5250646352979));
#5624=CARTESIAN_POINT('',(0.16688342859578,-1.25931964022633,13.0110370168024));
#5625=CARTESIAN_POINT('Origin',(2.89038906009535,-2.14273043752655E-13,
5.94080422872298));
#5626=CARTESIAN_POINT('',(-1.25175744897386,0.69797004170224,12.1540239970733));
#5627=CARTESIAN_POINT('Ctrl Pts',(-0.525993072230631,-2.05191856475508,
13.3143759354913));
#5628=CARTESIAN_POINT('Ctrl Pts',(0.984800887279985,-1.66567026561743,12.5048604075896));
#5629=CARTESIAN_POINT('Ctrl Pts',(2.4955948467906,-1.27942196647978,11.695344879688));
#5630=CARTESIAN_POINT('Ctrl Pts',(4.00638880630122,-0.893173667342122,10.8858293517863));
#5631=CARTESIAN_POINT('Ctrl Pts',(-0.666123923972687,-2.26679037151351,
12.867514101078));
#5632=CARTESIAN_POINT('Ctrl Pts',(0.870904451173533,-1.83977991470919,12.1419078166163));
#5633=CARTESIAN_POINT('Ctrl Pts',(2.40836328004575,-1.41371504830071,11.4169224473264));
#5634=CARTESIAN_POINT('Ctrl Pts',(3.94539165519197,-0.986704591496395,10.6913161628647));
#5635=CARTESIAN_POINT('Ctrl Pts',(-0.881570864447763,-2.42018252405083,
12.2633330407372));
#5636=CARTESIAN_POINT('Ctrl Pts',(0.696205194838201,-1.96471919061779,11.6517346856905));
#5637=CARTESIAN_POINT('Ctrl Pts',(2.27383432346807,-1.50893754911266,11.039922300446));
#5638=CARTESIAN_POINT('Ctrl Pts',(3.85161038275403,-1.05347421567961,10.4283239453993));
#5639=CARTESIAN_POINT('Ctrl Pts',(-1.03996952011441,-2.40423842068634,11.8793995401002));
#5640=CARTESIAN_POINT('Ctrl Pts',(0.567550686389649,-1.95161987240571,11.3399661900388));
#5641=CARTESIAN_POINT('Ctrl Pts',(2.17514128587297,-1.49915250155452,10.8006359980225));
#5642=CARTESIAN_POINT('Ctrl Pts',(3.78266149237703,-1.0465339532739,10.2612026479611));
#5643=CARTESIAN_POINT('Ctrl Pts',(-1.06555273930201,-2.39155837636498,11.8221209167044));
#5644=CARTESIAN_POINT('Ctrl Pts',(0.546811268876887,-1.94138517606312,11.2935115534732));
#5645=CARTESIAN_POINT('Ctrl Pts',(2.15916143908568,-1.49118769394267,10.7648793657172));
#5646=CARTESIAN_POINT('Ctrl Pts',(3.77152544726457,-1.04101449364081,10.236270002486));
#5647=CARTESIAN_POINT('Ctrl Pts',(-1.06718599807591,-2.39065371166906,11.8185087437072));
#5648=CARTESIAN_POINT('Ctrl Pts',(0.545480838216258,-1.94064270937106,11.2905717192056));
#5649=CARTESIAN_POINT('Ctrl Pts',(2.15814767450842,-1.49063170707307,10.7626346947039));
#5650=CARTESIAN_POINT('Ctrl Pts',(3.77081451080059,-1.04062070477508,10.2346976702023));
#5651=CARTESIAN_POINT('',(-1.05149059335496,-2.3978866148951,11.8536162848375));
#5652=CARTESIAN_POINT('Ctrl Pts',(0.237323414410223,-1.85677089556423,12.9053713040549));
#5653=CARTESIAN_POINT('Ctrl Pts',(0.0473535023780381,-1.99856541349241,
12.735179390413));
#5654=CARTESIAN_POINT('Ctrl Pts',(-0.156690236463988,-2.11980954612591,
12.5565636575122));
#5655=CARTESIAN_POINT('Ctrl Pts',(-0.691480242116648,-2.35785951302951,
12.1116651285733));
#5656=CARTESIAN_POINT('Ctrl Pts',(-0.928670334114202,-2.39139745668695,
11.9381590360533));
#5657=CARTESIAN_POINT('Ctrl Pts',(-1.05166696964987,-2.39700168289131,11.8538894801435));
#5658=CARTESIAN_POINT('',(-1.01716290620109,-2.37669798587263,11.8021320759293));
#5659=CARTESIAN_POINT('Ctrl Pts',(-1.05162264264401,-2.39697703117676,11.853821782832));
#5660=CARTESIAN_POINT('Ctrl Pts',(-1.0457024314096,-2.39372156933755,11.8449414659804));
#5661=CARTESIAN_POINT('Ctrl Pts',(-1.03970170193932,-2.39032953296213,11.8359403717761));
#5662=CARTESIAN_POINT('Ctrl Pts',(-1.0247707455452,-2.38158805912749,11.8135439371849));
#5663=CARTESIAN_POINT('Ctrl Pts',(-1.01905338798944,-2.37794959105462,11.8049679008502));
#5664=CARTESIAN_POINT('Ctrl Pts',(-1.01716345591556,-2.37669506339018,11.8021330027393));
#5665=CARTESIAN_POINT('',(3.49034310199334,-1.11888563408038,10.3265153649346));
#5666=CARTESIAN_POINT('',(-1.0171634895669,-2.37669508533126,11.802133052008));
#5667=CARTESIAN_POINT('',(3.93851914314698,-0.978082299556692,10.6784465620961));
#5668=CARTESIAN_POINT('Ctrl Pts',(3.49034312077447,-1.11888562163143,10.3265153368279));
#5669=CARTESIAN_POINT('Ctrl Pts',(3.49202448834969,-1.11895475731083,10.3276082148967));
#5670=CARTESIAN_POINT('Ctrl Pts',(3.4996972293019,-1.11910516038314,10.3326624583234));
#5671=CARTESIAN_POINT('Ctrl Pts',(3.52761916547992,-1.11765464191363,10.351865011489));
#5672=CARTESIAN_POINT('Ctrl Pts',(3.5444375485559,-1.11578995932277,10.3638324837469));
#5673=CARTESIAN_POINT('Ctrl Pts',(3.59684080370475,-1.10850750797841,10.4017057114983));
#5674=CARTESIAN_POINT('Ctrl Pts',(3.64510239958611,-1.09924840460568,10.4376465165745));
#5675=CARTESIAN_POINT('Ctrl Pts',(3.78503303405124,-1.05483799790225,10.5482500573824));
#5676=CARTESIAN_POINT('Ctrl Pts',(3.86441761303396,-1.01921315308291,10.6146581512722));
#5677=CARTESIAN_POINT('Ctrl Pts',(3.93851914267062,-0.97808229912788,10.6784465623729));
#5678=CARTESIAN_POINT('Ctrl Pts',(3.6857150198441,-0.975157005061876,11.0576527478867));
#5679=CARTESIAN_POINT('Ctrl Pts',(3.72788556447195,-0.978335966215475,10.994396930945));
#5680=CARTESIAN_POINT('Ctrl Pts',(3.77017426633212,-0.980250939498428,10.9309638781589));
#5681=CARTESIAN_POINT('Ctrl Pts',(3.85437748588764,-0.981308847800025,10.8046590488256));
#5682=CARTESIAN_POINT('Ctrl Pts',(3.89655250537286,-0.980467145110053,10.7413965195936));
#5683=CARTESIAN_POINT('Ctrl Pts',(3.93851914351995,-0.978082298810742,10.678446562373));
#5684=CARTESIAN_POINT('Origin',(-1.68530617805517,0.720021703208002,11.8289335300966));
#5685=CARTESIAN_POINT('',(-1.66667750645594,0.719911022015111,11.8750162596839));
#5686=CARTESIAN_POINT('Origin',(7.5000000000038,-2.14273043752655E-13,9.01387818866196));
#5687=CARTESIAN_POINT('',(-1.28250313572204,0.677848052726723,11.2987547035831));
#5688=CARTESIAN_POINT('',(-1.66667750645593,0.719911022015111,11.8750162596839));
#5689=CARTESIAN_POINT('',(2.95358537590158,0.350747008085288,10.1908217686438));
#5690=CARTESIAN_POINT('',(2.95358537589614,0.35074700808513,10.190821768623));
#5691=CARTESIAN_POINT('',(2.96394628415859,0.34961259986151,10.1752804062871));
#5692=CARTESIAN_POINT('',(2.95358537591489,0.350747008084583,10.1908217686527));
#5693=CARTESIAN_POINT('',(3.39661121759441,0.326737753903078,10.4663925281871));
#5694=CARTESIAN_POINT('Origin',(7.49884918607013,8.99190961656249E-5,9.01421969916888));
#5695=CARTESIAN_POINT('',(-1.21492951642931,0.693937778382409,12.0987820954642));
#5696=CARTESIAN_POINT('',(-1.21492951496422,0.693937778294973,12.0987820960671));
#5697=CARTESIAN_POINT('',(-1.21492951715305,0.693937778410817,12.0987820945989));
#5698=CARTESIAN_POINT('Ctrl Pts',(0.101978249366736,4.59463748005897,12.3724189530953));
#5699=CARTESIAN_POINT('Ctrl Pts',(1.49456437205553,3.7297537842293,11.7402151804264));
#5700=CARTESIAN_POINT('Ctrl Pts',(2.88715049474433,2.86487008839964,11.1080114077574));
#5701=CARTESIAN_POINT('Ctrl Pts',(4.27973661743312,1.99998639256997,10.4758076350885));
#5702=CARTESIAN_POINT('Ctrl Pts',(-0.110031381208111,4.32289597345552,12.1976398149379));
#5703=CARTESIAN_POINT('Ctrl Pts',(1.3224543768513,3.50919440868351,11.5982493238691));
#5704=CARTESIAN_POINT('Ctrl Pts',(2.75496580357035,2.69540238685637,10.9991190231733));
#5705=CARTESIAN_POINT('Ctrl Pts',(4.18745156162976,1.88170082208436,10.3997285321044));
#5706=CARTESIAN_POINT('Ctrl Pts',(-0.416308942610532,3.96657007027356,11.8749196397908));
#5707=CARTESIAN_POINT('Ctrl Pts',(1.07384044982837,3.21990494629362,11.3363852019111));
#5708=CARTESIAN_POINT('Ctrl Pts',(2.56398349980446,2.47326187946992,10.7977870430576));
#5709=CARTESIAN_POINT('Ctrl Pts',(4.05413289224336,1.72659675548998,10.259252605178));
#5710=CARTESIAN_POINT('Ctrl Pts',(-0.646995107205491,3.74650788384922,11.5382195575459));
#5711=CARTESIAN_POINT('Ctrl Pts',(0.886573686336992,3.04128293664123,11.0630187618497));
#5712=CARTESIAN_POINT('Ctrl Pts',(2.4201493886946,2.3360314732668,10.5878922008253));
#5713=CARTESIAN_POINT('Ctrl Pts',(3.95371818223708,1.63080652605881,10.1126914051291));
#5714=CARTESIAN_POINT('Ctrl Pts',(-0.732896240777176,3.67806411979164,11.3866804053698));
#5715=CARTESIAN_POINT('Ctrl Pts',(0.816845698398722,2.98570968338965,10.9400415035865));
#5716=CARTESIAN_POINT('Ctrl Pts',(2.36658458833427,2.29336827536296,10.49336726987));
#5717=CARTESIAN_POINT('Ctrl Pts',(3.91632652751017,1.60101383896097,10.0467283680867));
#5718=CARTESIAN_POINT('Ctrl Pts',(-0.750538921895176,3.6670809433268,11.3496001905943));
#5719=CARTESIAN_POINT('Ctrl Pts',(0.802519756501879,2.97681168895903,10.9098926664671));
#5720=CARTESIAN_POINT('Ctrl Pts',(2.35558821773467,2.28650225837229,10.4702953533125));
#5721=CARTESIAN_POINT('Ctrl Pts',(3.90864689613172,1.59623300400452,10.0305878291853));
#5722=CARTESIAN_POINT('Ctrl Pts',(-0.752184593113239,3.66612601939854,11.3460066362634));
#5723=CARTESIAN_POINT('Ctrl Pts',(0.801187123488175,2.97602312558024,10.9070122912978));
#5724=CARTESIAN_POINT('Ctrl Pts',(2.35455884008959,2.28592023176194,10.4680179463322));
#5725=CARTESIAN_POINT('Ctrl Pts',(3.907930556691,1.59581733794365,10.0290236013667));
#5726=CARTESIAN_POINT('',(0.805570170221959,4.15765904897406,12.0530011700219));
#5727=CARTESIAN_POINT('',(-0.735779784701799,3.67630044230943,11.3800406152184));
#5728=CARTESIAN_POINT('Ctrl Pts',(0.805570170121569,4.1576590489228,12.0530011704611));
#5729=CARTESIAN_POINT('Ctrl Pts',(0.550666120167096,4.0358980556192,11.9805363625457));
#5730=CARTESIAN_POINT('Ctrl Pts',(0.289661858296398,3.92746096055236,11.8870450979702));
#5731=CARTESIAN_POINT('Ctrl Pts',(-0.345584630007417,3.71757833016847,11.6140891670465));
#5732=CARTESIAN_POINT('Ctrl Pts',(-0.609843604530003,3.68249932500848,11.4598456754147));
#5733=CARTESIAN_POINT('Ctrl Pts',(-0.735450294956485,3.67738501130173,11.379565893846));
#5734=CARTESIAN_POINT('',(-0.704002148542678,3.64471732604646,11.3323909398043));
#5735=CARTESIAN_POINT('Ctrl Pts',(-0.735411093578057,3.67734111972038,11.3795044592331));
#5736=CARTESIAN_POINT('Ctrl Pts',(-0.730110020941172,3.67159328261599,11.3715528502778));
#5737=CARTESIAN_POINT('Ctrl Pts',(-0.724692811715572,3.66581763260227,11.3634270364431));
#5738=CARTESIAN_POINT('Ctrl Pts',(-0.711085516588733,3.65163227137439,11.3430160937528));
#5739=CARTESIAN_POINT('Ctrl Pts',(-0.705768445302656,3.64639930038814,11.33504048682));
#5740=CARTESIAN_POINT('Ctrl Pts',(-0.704001296004118,3.64472008106773,11.3323897628722));
#5741=CARTESIAN_POINT('',(3.63777162373262,1.71583851676659,10.1053725825472));
#5742=CARTESIAN_POINT('',(-0.704001328203711,3.64472011114187,11.3323898099125));
#5743=CARTESIAN_POINT('',(4.15201474952923,1.84265132399602,10.3582031528359));
#5744=CARTESIAN_POINT('Ctrl Pts',(3.63777164144748,1.71583849994271,10.1053725560416));
#5745=CARTESIAN_POINT('Ctrl Pts',(3.64030122232133,1.71573587884539,10.1071283153098));
#5746=CARTESIAN_POINT('Ctrl Pts',(3.66450075904965,1.71520126142572,10.1236300519365));
#5747=CARTESIAN_POINT('Ctrl Pts',(3.7618999096438,1.72679645006929,10.1806961175602));
#5748=CARTESIAN_POINT('Ctrl Pts',(3.81861872807754,1.73831312877449,10.2106578510748));
#5749=CARTESIAN_POINT('Ctrl Pts',(3.95272546136671,1.77160313486839,10.2769386866722));
#5750=CARTESIAN_POINT('Ctrl Pts',(4.0457967750344,1.80103773612023,10.318361325809));
#5751=CARTESIAN_POINT('Ctrl Pts',(4.15201474939802,1.84265132440554,10.3582031527579));
#5752=CARTESIAN_POINT('',(3.9841525809515,2.18356192010817,10.6099958287524));
#5753=CARTESIAN_POINT('Ctrl Pts',(3.98415292352318,2.18356203357021,10.6099958923681));
#5754=CARTESIAN_POINT('Ctrl Pts',(4.01105937405803,2.12495321143048,10.5696362165659));
#5755=CARTESIAN_POINT('Ctrl Pts',(4.03856061133737,2.06697007085599,10.5283843609708));
#5756=CARTESIAN_POINT('Ctrl Pts',(4.09441433290144,1.9533780007658,10.4446037786247));
#5757=CARTESIAN_POINT('Ctrl Pts',(4.12297482942544,1.89732922249805,10.4017630335147));
#5758=CARTESIAN_POINT('Ctrl Pts',(4.15201474995795,1.84265132431924,10.358203152716));
#5759=CARTESIAN_POINT('Ctrl Pts',(0.805570169741935,4.15765904821669,12.0530011700006));
#5760=CARTESIAN_POINT('Ctrl Pts',(1.33533393386854,3.8286426739834,11.8125001535016));
#5761=CARTESIAN_POINT('Ctrl Pts',(1.86509769790018,3.49962629949929,11.5719991371366));
#5762=CARTESIAN_POINT('Ctrl Pts',(2.92462497230827,2.84159370816454,11.0909972195305));
#5763=CARTESIAN_POINT('Ctrl Pts',(3.4543884826856,2.51257749131623,10.8504963182882));
#5764=CARTESIAN_POINT('Ctrl Pts',(3.98415199318167,2.18356127478011,10.6099954168803));
#5765=CARTESIAN_POINT('Origin',(2.89038906009535,-2.14273043752655E-13,
5.94080422872298));
#5766=CARTESIAN_POINT('',(-1.05112390208433,-2.39962191075038,11.853073676739));
#5767=CARTESIAN_POINT('Origin',(2.03340295217509,-1.13909879846611,7.25381784075151));
#5768=CARTESIAN_POINT('',(0.80557362392366,-4.15766058779066,12.0530022619114));
#5769=CARTESIAN_POINT('',(1.00471838163048,-4.65180705819052,11.7542788529098));
#5770=CARTESIAN_POINT('Ctrl Pts',(0.805573895633206,-4.15766057389173,12.0530024333785));
#5771=CARTESIAN_POINT('Ctrl Pts',(0.812221270702748,-4.17463606507105,12.0438449127435));
#5772=CARTESIAN_POINT('Ctrl Pts',(0.818855985708997,-4.19153108490417,12.0346232161002));
#5773=CARTESIAN_POINT('Ctrl Pts',(0.825477299703718,-4.208344302539,12.025339412354));
#5774=CARTESIAN_POINT('Ctrl Pts',(0.884198747096867,-4.35745314643926,11.9430055442234));
#5775=CARTESIAN_POINT('Ctrl Pts',(0.94412341906013,-4.50583881651173,11.8525978279894));
#5776=CARTESIAN_POINT('Ctrl Pts',(1.00471838092692,-4.65180705837865,11.7542788527555));
#5777=CARTESIAN_POINT('',(4.08874288707457,-2.44308266191341,10.453110369567));
#5778=CARTESIAN_POINT('Ctrl Pts',(1.00471838164528,-4.65180705866096,11.7542788521463));
#5779=CARTESIAN_POINT('Ctrl Pts',(1.5187225466184,-4.28368626821819,11.5374172343746));
#5780=CARTESIAN_POINT('Ctrl Pts',(2.03272671169179,-3.91556547800904,11.320555616444));
#5781=CARTESIAN_POINT('Ctrl Pts',(3.06073479567258,-3.17932407379282,10.8868324844777));
#5782=CARTESIAN_POINT('Ctrl Pts',(3.57473871457906,-2.81120345978358,10.6699709704435));
#5783=CARTESIAN_POINT('Ctrl Pts',(4.08874263336155,-2.44308284548423,10.4531094566079));
#5784=CARTESIAN_POINT('',(3.98415263515185,-2.1835626620977,10.6099963254841));
#5785=CARTESIAN_POINT('Origin',(4.89691788068774,-1.18639069806005,9.24102376668373));
#5786=CARTESIAN_POINT('',(0.805573383645707,-4.15766058368182,12.0530020842274));
#5787=CARTESIAN_POINT('Origin',(2.89038906009535,-2.14273043752655E-13,
5.94080422872298));
#5788=CARTESIAN_POINT('',(-0.736176233362682,3.67487663306268,11.38065217472));
#5789=CARTESIAN_POINT('Ctrl Pts',(0.322055933844543,-5.14071795393676,12.0423024263784));
#5790=CARTESIAN_POINT('Ctrl Pts',(1.67321515355203,-4.17304136083986,11.4722390081815));
#5791=CARTESIAN_POINT('Ctrl Pts',(3.02437437325951,-3.20536476774295,10.9021755899846));
#5792=CARTESIAN_POINT('Ctrl Pts',(4.375533592967,-2.23768817464605,10.3321121717876));
#5793=CARTESIAN_POINT('Ctrl Pts',(0.242739541915406,-5.19822921465445,11.6684834302524));
#5794=CARTESIAN_POINT('Ctrl Pts',(1.60877878815754,-4.21965340219667,11.1687627069095));
#5795=CARTESIAN_POINT('Ctrl Pts',(2.9749689450464,-3.24129789660249,10.6691143109591));
#5796=CARTESIAN_POINT('Ctrl Pts',(4.34100819128852,-2.2627220841447,10.1693935876162));
#5797=CARTESIAN_POINT('Ctrl Pts',(0.0866384297988297,-5.2145383844599,11.1204964907283));
#5798=CARTESIAN_POINT('Ctrl Pts',(1.48212420133745,-4.23298368008995,10.7239574841992));
#5799=CARTESIAN_POINT('Ctrl Pts',(2.87757362042609,-3.25137595963024,10.32740095218));
#5800=CARTESIAN_POINT('Ctrl Pts',(4.27305939196471,-2.26982125526029,9.93086194565084));
#5801=CARTESIAN_POINT('Ctrl Pts',(-0.0862854653006913,-5.13780139908723,
10.6971544933035));
#5802=CARTESIAN_POINT('Ctrl Pts',(1.34172454850982,-4.1706526289585,10.3802918672053));
#5803=CARTESIAN_POINT('Ctrl Pts',(2.7697778385278,-3.20356740609243,10.0634492643003));
#5804=CARTESIAN_POINT('Ctrl Pts',(4.19778785233831,-2.23641863596371,9.74658663820215));
#5805=CARTESIAN_POINT('Ctrl Pts',(-0.166143704746702,-5.08435192381501,
10.5365509834872));
#5806=CARTESIAN_POINT('Ctrl Pts',(1.27691984886418,-4.12729557781201,10.2499296600516));
#5807=CARTESIAN_POINT('Ctrl Pts',(2.71996303781843,-3.17020911524743,9.9632993267073));
#5808=CARTESIAN_POINT('Ctrl Pts',(4.16302659142931,-2.21315276924443,9.67667800327164));
#5809=CARTESIAN_POINT('Ctrl Pts',(-0.186066315729008,-5.06771122075558,
10.5028912813447));
#5810=CARTESIAN_POINT('Ctrl Pts',(1.26071928622406,-4.113745753468,10.2225933718836));
#5811=CARTESIAN_POINT('Ctrl Pts',(2.70756893405467,-3.15987475327003,9.94232427883236));
#5812=CARTESIAN_POINT('Ctrl Pts',(4.15435453600774,-2.20590928598246,9.66202636937123));
#5813=CARTESIAN_POINT('Ctrl Pts',(-0.18800436845258,-5.06603080831875,10.4997362992721));
#5814=CARTESIAN_POINT('Ctrl Pts',(1.25916739658875,-4.11241314692503,10.2200418816467));
#5815=CARTESIAN_POINT('Ctrl Pts',(2.70633916163008,-3.15879548553132,9.94034746402139));
#5816=CARTESIAN_POINT('Ctrl Pts',(4.15351092667141,-2.20517782413761,9.66065304639603));
#5817=CARTESIAN_POINT('',(-0.169600975344605,-5.08116433967798,10.5307723994149));
#5818=CARTESIAN_POINT('Ctrl Pts',(1.00471838171856,-4.65180705860691,11.7542788530664));
#5819=CARTESIAN_POINT('Ctrl Pts',(0.845134485533458,-4.76656492139502,11.5388336225213));
#5820=CARTESIAN_POINT('Ctrl Pts',(0.667012444650223,-4.86378418584976,11.3210190600487));
#5821=CARTESIAN_POINT('Ctrl Pts',(0.190504654924255,-5.04776671376576,10.8099681561586));
#5822=CARTESIAN_POINT('Ctrl Pts',(-0.0482522249394555,-5.07596205415058,
10.6174748168311));
#5823=CARTESIAN_POINT('Ctrl Pts',(-0.170065167246824,-5.08027956740036,
10.5314882125539));
#5824=CARTESIAN_POINT('',(-0.143114071288182,-5.03645328394661,10.4910588239225));
#5825=CARTESIAN_POINT('Ctrl Pts',(-0.170030737111026,-5.08022382708798,
10.5314339245325));
#5826=CARTESIAN_POINT('Ctrl Pts',(-0.165360341487568,-5.07291114649788,
10.5244283310974));
#5827=CARTESIAN_POINT('Ctrl Pts',(-0.16063935373955,-5.06540789826681,10.5173468494791));
#5828=CARTESIAN_POINT('Ctrl Pts',(-0.148950897023121,-5.04646117503083,
10.4998141644044));
#5829=CARTESIAN_POINT('Ctrl Pts',(-0.14454715879734,-5.03896195407124,10.493208557062));
#5830=CARTESIAN_POINT('Ctrl Pts',(-0.14311522876442,-5.03645105150249,10.4910606620126));
#5831=CARTESIAN_POINT('',(3.90182205837071,-2.37102891835957,9.70929693058993));
#5832=CARTESIAN_POINT('',(-0.143115254981831,-5.03645109642031,10.4910607000797));
#5833=CARTESIAN_POINT('',(4.3204630448488,-2.26062342558317,10.1055307098555));
#5834=CARTESIAN_POINT('Ctrl Pts',(3.90182207274164,-2.37102889323835,9.70929690910026));
#5835=CARTESIAN_POINT('Ctrl Pts',(3.90442868128273,-2.3711155263001,9.7109387583286));
#5836=CARTESIAN_POINT('Ctrl Pts',(3.92902835367526,-2.3715722113711,9.72684171922162));
#5837=CARTESIAN_POINT('Ctrl Pts',(4.01780040601947,-2.36176404560757,9.79684567882758));
#5838=CARTESIAN_POINT('Ctrl Pts',(4.06593988026981,-2.35199249207859,9.83967666652185));
#5839=CARTESIAN_POINT('Ctrl Pts',(4.17510922571987,-2.32340699454044,9.94336196761838));
#5840=CARTESIAN_POINT('Ctrl Pts',(4.24607502476006,-2.29799017338582,10.0179435994956));
#5841=CARTESIAN_POINT('Ctrl Pts',(4.32046304450395,-2.26062342546394,10.1055307100975));
#5842=CARTESIAN_POINT('Ctrl Pts',(4.08874311724332,-2.4430824964682,10.4531106017879));
#5843=CARTESIAN_POINT('Ctrl Pts',(4.12797682653379,-2.41506139039108,10.3942600378522));
#5844=CARTESIAN_POINT('Ctrl Pts',(4.16706424224665,-2.38582713204417,10.3356289146065));
#5845=CARTESIAN_POINT('Ctrl Pts',(4.24424960397973,-2.32516540490733,10.2198508720069));
#5846=CARTESIAN_POINT('Ctrl Pts',(4.28264384535937,-2.29351723280883,10.1622595096138));
#5847=CARTESIAN_POINT('Ctrl Pts',(4.32046304497787,-2.26062342516146,10.1055307101861));
#5848=CARTESIAN_POINT('Origin',(-1.4910866476136,-2.36727378096552,11.5376042344343));
#5849=CARTESIAN_POINT('',(-1.47108975564636,-2.37876751380292,11.5816346334695));
#5850=CARTESIAN_POINT('Origin',(7.5000000000071,-2.14273043752655E-13,9.01387818866415));
#5851=CARTESIAN_POINT('',(-1.11063888776378,-2.13549620426805,11.0409583316457));
#5852=CARTESIAN_POINT('',(-1.47108975564636,-2.37876751380292,11.5816346334695));
#5853=CARTESIAN_POINT('',(3.0423544243138,-1.10363215359607,10.0576681960254));
#5854=CARTESIAN_POINT('',(3.04235442430772,-1.10363215359043,10.0576681960057));
#5855=CARTESIAN_POINT('',(3.05207552665213,-1.09707130022279,10.0430865425468));
#5856=CARTESIAN_POINT('',(3.04235442432727,-1.10363215359673,10.0576681960341));
#5857=CARTESIAN_POINT('',(3.49000790385283,-1.11887171254801,10.3262974987994));
#5858=CARTESIAN_POINT('Origin',(7.49732910600545,-0.000701385665641679,
9.01462244472762));
#5859=CARTESIAN_POINT('',(-1.01657016497235,-2.3763013032409,11.8012430682787));
#5860=CARTESIAN_POINT('',(-1.01657016350242,-2.37630130319428,11.8012430688744));
#5861=CARTESIAN_POINT('',(-1.01657016571776,-2.37630130308541,11.8012430674459));
#5862=CARTESIAN_POINT('Origin',(-1.16618852444874,3.68281889376064,11.0502570500518));
#5863=CARTESIAN_POINT('',(-1.14624157567412,3.69411040194036,11.0943623635112));
#5864=CARTESIAN_POINT('Origin',(7.49999999999902,-2.14273043752655E-13,
9.01387818865877));
#5865=CARTESIAN_POINT('',(-0.804770940903359,3.37398622334881,10.582156411355));
#5866=CARTESIAN_POINT('',(-1.14624157567412,3.69411040194036,11.0943623635112));
#5867=CARTESIAN_POINT('',(3.20062332661267,1.74447882563217,9.82026484257713));
#5868=CARTESIAN_POINT('',(3.20062332660651,1.74447882562624,9.82026484255747));
#5869=CARTESIAN_POINT('',(3.20983254562713,1.73584530529899,9.80645101408433));
#5870=CARTESIAN_POINT('',(3.20062332662582,1.74447882563155,9.82026484258629));
#5871=CARTESIAN_POINT('',(3.63744301935714,1.71585129438502,10.105144825543));
#5872=CARTESIAN_POINT('Origin',(7.49749287771258,0.00105439986789552,9.01444007524284));
#5873=CARTESIAN_POINT('',(-0.703441989646443,3.64418871355413,11.3315508057274));
#5874=CARTESIAN_POINT('',(-0.703441987895383,3.64418871330151,11.3315508065291));
#5875=CARTESIAN_POINT('',(-0.703441990543256,3.64418871342733,11.3315508046845));
#5876=CARTESIAN_POINT('Ctrl Pts',(1.46941663059471,7.00314421347707,10.3212613812533));
#5877=CARTESIAN_POINT('Ctrl Pts',(2.60459938552954,5.68488890474649,10.0751626602153));
#5878=CARTESIAN_POINT('Ctrl Pts',(3.73978214046437,4.36663359601593,9.82906393917734));
#5879=CARTESIAN_POINT('Ctrl Pts',(4.8749648953992,3.04837828728535,9.58296521813935));
#5880=CARTESIAN_POINT('Ctrl Pts',(1.1947632233161,6.74357925929772,10.2404479081515));
#5881=CARTESIAN_POINT('Ctrl Pts',(2.38164109980889,5.47418396813421,10.0094692394326));
#5882=CARTESIAN_POINT('Ctrl Pts',(3.5685339356405,4.20478830407198,9.778766825068));
#5883=CARTESIAN_POINT('Ctrl Pts',(4.75541181213328,2.93539301290848,9.54778815634908));
#5884=CARTESIAN_POINT('Ctrl Pts',(0.80336234937867,6.37794409624773,10.0454047614515));
#5885=CARTESIAN_POINT('Ctrl Pts',(2.0639227647603,5.1773749815914,9.85125378915772));
#5886=CARTESIAN_POINT('Ctrl Pts',(3.32447964809634,3.97680586030351,9.65703936428554));
#5887=CARTESIAN_POINT('Ctrl Pts',(4.58504006347798,2.77623674564717,9.4628883919918));
#5888=CARTESIAN_POINT('Ctrl Pts',(0.515728239374405,6.11500611831589,9.79413221903662));
#5889=CARTESIAN_POINT('Ctrl Pts',(1.8304297882472,4.9639320480389,9.64723229034497));
#5890=CARTESIAN_POINT('Ctrl Pts',(3.14513509898334,3.81285730784309,9.50041262611839));
#5891=CARTESIAN_POINT('Ctrl Pts',(4.45983664785614,2.66178323756609,9.35351269742674));
#5892=CARTESIAN_POINT('Ctrl Pts',(0.410623390436905,6.02057568134234,9.67139860782465));
#5893=CARTESIAN_POINT('Ctrl Pts',(1.74511134080572,4.8872765415988,9.54764068925201));
#5894=CARTESIAN_POINT('Ctrl Pts',(3.079597913322,3.75397802689871,9.42384625914854));
#5895=CARTESIAN_POINT('Ctrl Pts',(4.41408586369081,2.62067888715517,9.30008834057589));
#5896=CARTESIAN_POINT('Ctrl Pts',(0.389492568244301,6.00197363924312,9.639552955385));
#5897=CARTESIAN_POINT('Ctrl Pts',(1.72795605673286,4.87217684953311,9.52173821612057));
#5898=CARTESIAN_POINT('Ctrl Pts',(3.0664244010351,3.74237844803398,9.40404107836181));
#5899=CARTESIAN_POINT('Ctrl Pts',(4.40488788952365,2.61258165832397,9.28622633909738));
#5900=CARTESIAN_POINT('Ctrl Pts',(0.387531836856768,6.00025641419853,9.6364319913083));
#5901=CARTESIAN_POINT('Ctrl Pts',(1.72636602739038,4.87078233360772,9.51924393544445));
#5902=CARTESIAN_POINT('Ctrl Pts',(3.065200217924,3.74130825301691,9.4020558795806));
#5903=CARTESIAN_POINT('Ctrl Pts',(4.40403440845761,2.61183417242609,9.28486782371674));
#5904=CARTESIAN_POINT('',(2.04295686666543,6.3371032546453,10.1969211253571));
#5905=CARTESIAN_POINT('',(0.407153856132732,6.01736803502853,9.66564014918722));
#5906=CARTESIAN_POINT('Ctrl Pts',(2.04295686657367,6.33710325476978,10.1969211257834));
#5907=CARTESIAN_POINT('Ctrl Pts',(1.7644703392239,6.25885565997073,10.1598293050422));
#5908=CARTESIAN_POINT('Ctrl Pts',(1.48221487366324,6.18704230819471,10.0982149708566));
#5909=CARTESIAN_POINT('Ctrl Pts',(0.805650702263681,6.04625946673901,9.88728492799161));
#5910=CARTESIAN_POINT('Ctrl Pts',(0.534353041306841,6.02162827381735,9.74361185455767));
#5911=CARTESIAN_POINT('Ctrl Pts',(0.407700676986217,6.01812428222666,9.66483947507183));
#5912=CARTESIAN_POINT('',(0.429059103667715,5.96521992925735,9.632799062288));
#5913=CARTESIAN_POINT('Ctrl Pts',(0.407726478000708,6.0180545090673,9.66479810186494));
#5914=CARTESIAN_POINT('Ctrl Pts',(0.411272337960851,6.00891661115836,9.65947931192473));
#5915=CARTESIAN_POINT('Ctrl Pts',(0.414918093317955,5.99966791762911,9.65401067889288));
#5916=CARTESIAN_POINT('Ctrl Pts',(0.424148425802589,5.97673088895549,9.64016518016592));
#5917=CARTESIAN_POINT('Ctrl Pts',(0.427825073305396,5.96805149436337,9.63465020890791));
#5918=CARTESIAN_POINT('Ctrl Pts',(0.42906050778432,5.96522185545568,9.63279705718953));
#5919=CARTESIAN_POINT('',(4.17118737090319,2.80826982515615,9.30524896179124));
#5920=CARTESIAN_POINT('',(0.429060485086705,5.96522190615269,9.6327970899769));
#5921=CARTESIAN_POINT('',(4.71045095684036,2.89366199364845,9.52054884186544));
#5922=CARTESIAN_POINT('Ctrl Pts',(4.17118738329343,2.80826979681985,9.30524894327259));
#5923=CARTESIAN_POINT('Ctrl Pts',(4.173699371032,2.80819944684849,9.30703726752925));
#5924=CARTESIAN_POINT('Ctrl Pts',(4.19779616246998,2.80783673095232,9.32369851523673));
#5925=CARTESIAN_POINT('Ctrl Pts',(4.29749250106374,2.81576693781843,9.37730837272766));
#5926=CARTESIAN_POINT('Ctrl Pts',(4.35649716027918,2.82363146621764,9.40384224415126));
#5927=CARTESIAN_POINT('Ctrl Pts',(4.49718907134141,2.84621760351492,9.46023920945247));
#5928=CARTESIAN_POINT('Ctrl Pts',(4.59607958509832,2.86612740231707,9.49293578012545));
#5929=CARTESIAN_POINT('Ctrl Pts',(4.71045095680166,2.89366199402848,9.52054884164679));
#5930=CARTESIAN_POINT('',(4.63401593831385,3.32818431488491,9.63520079270831));
#5931=CARTESIAN_POINT('Ctrl Pts',(4.63401629991036,3.32818436277692,9.63520082778736));
#5932=CARTESIAN_POINT('Ctrl Pts',(4.64537342752882,3.25491323664181,9.61816513635967));
#5933=CARTESIAN_POINT('Ctrl Pts',(4.6574151310483,3.18177765497018,9.60010258140283));
#5934=CARTESIAN_POINT('Ctrl Pts',(4.68281193743771,3.03705125340387,9.56200737181872));
#5935=CARTESIAN_POINT('Ctrl Pts',(4.696257797089,2.96490627583284,9.5418385820194));
#5936=CARTESIAN_POINT('Ctrl Pts',(4.71045095732927,2.89366199380755,9.52054884165899));
#5937=CARTESIAN_POINT('Ctrl Pts',(2.04295686602645,6.33710325405452,10.1969211255743));
#5938=CARTESIAN_POINT('Ctrl Pts',(2.47480002584383,5.83561654481083,10.1033010155387));
#5939=CARTESIAN_POINT('Ctrl Pts',(2.90664318551752,5.33412983540476,10.0096809057102));
#5940=CARTESIAN_POINT('Ctrl Pts',(3.77032929811587,4.33115665678753,9.82244073081786));
#5941=CARTESIAN_POINT('Ctrl Pts',(4.20217225104189,3.82967018757789,9.72882066575218));
#5942=CARTESIAN_POINT('Ctrl Pts',(4.63401520414732,3.32818371857065,9.63520060042996));
#5943=CARTESIAN_POINT('Origin',(2.89038906009535,-2.14273043752655E-13,
5.94080422872298));
#5944=CARTESIAN_POINT('',(-0.168966955633167,-5.08229743497225,10.5298382581258));
#5945=CARTESIAN_POINT('Origin',(2.36559191149579,-1.67832616149562,6.75553440287027));
#5946=CARTESIAN_POINT('',(2.04296061924511,-6.33710425073383,10.196921768929));
#5947=CARTESIAN_POINT('',(2.33637595046366,-6.6425035198143,9.75679249966003));
#5948=CARTESIAN_POINT('Ctrl Pts',(2.04296088743288,-6.3371042347631,10.1969219456789));
#5949=CARTESIAN_POINT('Ctrl Pts',(2.0528959863862,-6.34801322042581,10.1828328392181));
#5950=CARTESIAN_POINT('Ctrl Pts',(2.06279804559902,-6.35882982939227,10.168710126265));
#5951=CARTESIAN_POINT('Ctrl Pts',(2.07266612612429,-6.36955371320903,10.1545561727229));
#5952=CARTESIAN_POINT('Ctrl Pts',(2.16018168148176,-6.46465900196393,10.0290311426457));
#5953=CARTESIAN_POINT('Ctrl Pts',(2.24838313025432,-6.55609977594271,9.89620826119787));
#5954=CARTESIAN_POINT('Ctrl Pts',(2.3363759498151,-6.64250352009269,9.75679249942323));
#5955=CARTESIAN_POINT('',(4.78811620152895,-3.48857695410616,9.40405039788509));
#5956=CARTESIAN_POINT('Ctrl Pts',(2.33637595055374,-6.64250351998234,9.75679249878361));
#5957=CARTESIAN_POINT('Ctrl Pts',(2.74499938315594,-6.11684895241227,9.69800197956805));
#5958=CARTESIAN_POINT('Ctrl Pts',(3.1536228159021,-5.59119438497922,9.63921146012804));
#5959=CARTESIAN_POINT('Ctrl Pts',(3.97086948567668,-4.53988550178153,9.52163044947071));
#5960=CARTESIAN_POINT('Ctrl Pts',(4.37949272270375,-4.01423118601562,9.4628399582555));
#5961=CARTESIAN_POINT('Ctrl Pts',(4.7881159595526,-3.48857687007985,9.4040494673202));
#5962=CARTESIAN_POINT('',(4.63401617829865,-3.32818514860496,9.63520101076386));
#5963=CARTESIAN_POINT('Origin',(5.24289687444064,-1.74799296056558,8.72205527605887));
#5964=CARTESIAN_POINT('',(2.0429603773419,-6.33710424105823,10.1969215936829));
#5965=CARTESIAN_POINT('Origin',(2.89038906009535,-2.14273043752655E-13,
5.94080422872298));
#5966=CARTESIAN_POINT('',(0.406471069093513,6.01636366934186,9.66668122396552));
#5967=CARTESIAN_POINT('Ctrl Pts',(1.7936725809108,-7.3406405069264,9.83487745577886));
#5968=CARTESIAN_POINT('Ctrl Pts',(2.86781816241875,-5.95885569388254,9.68033449488129));
#5969=CARTESIAN_POINT('Ctrl Pts',(3.94196374392669,-4.57707088083868,9.52579153398372));
#5970=CARTESIAN_POINT('Ctrl Pts',(5.01610932543464,-3.19528606779481,9.37124857308616));
#5971=CARTESIAN_POINT('Ctrl Pts',(1.7145254663291,-7.28456495384147,9.46080454363166));
#5972=CARTESIAN_POINT('Ctrl Pts',(2.80350301782699,-5.91327177373853,9.37667636240518));
#5973=CARTESIAN_POINT('Ctrl Pts',(3.89268005650276,-4.54217028340112,9.29254764377445));
#5974=CARTESIAN_POINT('Ctrl Pts',(4.98165760800066,-3.17087710329817,9.20841946254798));
#5975=CARTESIAN_POINT('Ctrl Pts',(1.54438621896542,-7.14922623389196,8.93386819665696));
#5976=CARTESIAN_POINT('Ctrl Pts',(2.66547205550362,-5.80348737495134,8.9489290926285));
#5977=CARTESIAN_POINT('Ctrl Pts',(3.78651235305432,-4.45770476424731,8.96398997585002));
#5978=CARTESIAN_POINT('Ctrl Pts',(4.90759818959251,-3.11196590530669,8.97905087182156));
#5979=CARTESIAN_POINT('Ctrl Pts',(1.34186007630238,-6.97487140842877,8.55493423680849));
#5980=CARTESIAN_POINT('Ctrl Pts',(2.50103444159267,-5.6619195131234,8.64132508349072));
#5981=CARTESIAN_POINT('Ctrl Pts',(3.66026680838449,-4.34902339546721,8.72771496327782));
#5982=CARTESIAN_POINT('Ctrl Pts',(4.81944117367478,-3.03607150016184,8.81410580996005));
#5983=CARTESIAN_POINT('Ctrl Pts',(1.24565865030895,-6.88970794780447,8.41884549233313));
#5984=CARTESIAN_POINT('Ctrl Pts',(2.42296982297925,-5.59281403104045,8.53085274030838));
#5985=CARTESIAN_POINT('Ctrl Pts',(3.60025476193116,-4.29589486171187,8.6428608879977));
#5986=CARTESIAN_POINT('Ctrl Pts',(4.77756593460147,-2.99900094494785,8.75486813597294));
#5987=CARTESIAN_POINT('Ctrl Pts',(1.22116980882451,-6.8676107563665,8.39203709451426));
#5988=CARTESIAN_POINT('Ctrl Pts',(2.40305369008428,-5.57484074436736,8.50909176609313));
#5989=CARTESIAN_POINT('Ctrl Pts',(3.58502237671841,-4.28215233472016,8.62614411483667));
#5990=CARTESIAN_POINT('Ctrl Pts',(4.76690625797818,-2.98938232272102,8.74319878641554));
#5991=CARTESIAN_POINT('Ctrl Pts',(1.21877829117554,-6.86544515476516,8.38956230982973));
#5992=CARTESIAN_POINT('Ctrl Pts',(2.40114061452124,-5.57310999127516,8.50708205474787));
#5993=CARTESIAN_POINT('Ctrl Pts',(3.58350293786694,-4.28077482778515,8.62460179966601));
#5994=CARTESIAN_POINT('Ctrl Pts',(4.76586526121264,-2.98843966429515,8.74212154458415));
#5995=CARTESIAN_POINT('',(1.24134486340165,-6.88562156451722,8.41435363765656));
#5996=CARTESIAN_POINT('Ctrl Pts',(2.33637595064959,-6.6425035202278,9.75679249966981));
#5997=CARTESIAN_POINT('Ctrl Pts',(2.19833162142535,-6.7104328321824,9.50903731212459));
#5998=CARTESIAN_POINT('Ctrl Pts',(2.03818971001368,-6.76571931556018,9.26425265846667));
#5999=CARTESIAN_POINT('Ctrl Pts',(1.59548887986215,-6.86834704403328,8.70253228889827));
#6000=CARTESIAN_POINT('Ctrl Pts',(1.36177305836041,-6.8828316038484,8.50248762522225));
#6001=CARTESIAN_POINT('Ctrl Pts',(1.24072166957358,-6.88516002982481,8.41530798995615));
#6002=CARTESIAN_POINT('',(1.25545500539291,-6.82536005461709,8.3932052097002));
#6003=CARTESIAN_POINT('Ctrl Pts',(1.24074043682283,-6.88508293212084,8.41527716363176));
#6004=CARTESIAN_POINT('Ctrl Pts',(1.24335721359667,-6.87497802877823,8.411351998471));
#6005=CARTESIAN_POINT('Ctrl Pts',(1.24597727418967,-6.86466174377529,8.40742190758531));
#6006=CARTESIAN_POINT('Ctrl Pts',(1.25238072490523,-6.8387823703789,8.39781673151197));
#6007=CARTESIAN_POINT('Ctrl Pts',(1.2547118550618,-6.82870251949393,8.3943200362733));
#6008=CARTESIAN_POINT('Ctrl Pts',(1.25545344799486,-6.82535889837323,8.39320764687372));
#6009=CARTESIAN_POINT('',(4.56023147057234,-3.21319976244334,8.72168281228745));
#6010=CARTESIAN_POINT('',(1.25545343411796,-6.82535895825113,8.39320766643002));
#6011=CARTESIAN_POINT('',(4.95863681447686,-3.15198203261332,9.14827005541033));
#6012=CARTESIAN_POINT('Ctrl Pts',(4.56023147803573,-3.213199728979,8.72168280115908));
#6013=CARTESIAN_POINT('Ctrl Pts',(4.56285623041254,-3.21324646384205,8.72330256685134));
#6014=CARTESIAN_POINT('Ctrl Pts',(4.5875405418701,-3.21349503117136,8.73908304700467));
#6015=CARTESIAN_POINT('Ctrl Pts',(4.67452771412463,-3.20819759055156,8.81175566046601));
#6016=CARTESIAN_POINT('Ctrl Pts',(4.72089106372291,-3.20290459379996,8.85725158205415));
#6017=CARTESIAN_POINT('Ctrl Pts',(4.82484201542997,-3.18724980175139,8.96875940671157));
#6018=CARTESIAN_POINT('Ctrl Pts',(4.8911626073506,-3.17325962317867,9.05031112049795));
#6019=CARTESIAN_POINT('Ctrl Pts',(4.95863681412186,-3.15198203266441,9.14827005566596));
#6020=CARTESIAN_POINT('Ctrl Pts',(4.78811639751388,-3.48857682962384,9.40405068138208));
#6021=CARTESIAN_POINT('Ctrl Pts',(4.81763614478069,-3.43420995562088,9.35977106048186));
#6022=CARTESIAN_POINT('Ctrl Pts',(4.84674848466847,-3.37884205740951,9.31610255097242));
#6023=CARTESIAN_POINT('Ctrl Pts',(4.90357438101274,-3.26682808440715,9.23086370645601));
#6024=CARTESIAN_POINT('Ctrl Pts',(4.93150876073886,-3.20976325103516,9.18896213654461));
#6025=CARTESIAN_POINT('Ctrl Pts',(4.9586368145208,-3.15198203230903,9.1482700558717));
#6026=CARTESIAN_POINT('Origin',(-0.617112254347322,-5.04524612250602,10.2266426448996));
#6027=CARTESIAN_POINT('',(-0.593297222219268,-5.06613553606013,10.2649458333289));
#6028=CARTESIAN_POINT('Origin',(7.5000000000115,-2.14273043752655E-13,9.01387818866709));
#6029=CARTESIAN_POINT('',(-0.318895086838231,-4.57959376717091,9.85334263025735));
#6030=CARTESIAN_POINT('',(-0.593297222219268,-5.06613553606012,10.2649458333289));
#6031=CARTESIAN_POINT('',(3.45158149693737,-2.36718328973732,9.44382758709007));
#6032=CARTESIAN_POINT('',(3.45158149692939,-2.36718328972684,9.44382758707315));
#6033=CARTESIAN_POINT('',(3.45898192645158,-2.35406160591871,9.43272694284765));
#6034=CARTESIAN_POINT('',(3.45158149695098,-2.36718328973782,9.44382758709854));
#6035=CARTESIAN_POINT('',(3.9014839425961,-2.37101809526917,9.70908344068447));
#6036=CARTESIAN_POINT('Origin',(7.49703685171194,-0.00175997317523602,9.01422497767101));
#6037=CARTESIAN_POINT('',(-0.142662069243421,-5.0356563010158,10.4903809251229));
#6038=CARTESIAN_POINT('',(-0.142662067475675,-5.03565630080449,10.4903809258996));
#6039=CARTESIAN_POINT('',(-0.142662070215249,-5.03565630070278,10.4903809241925));
#6040=CARTESIAN_POINT('Origin',(-0.0234938449775898,6.00882324050496,9.33621503185011));
#6041=CARTESIAN_POINT('',(0.000229936254899422,6.02956453343074,9.37465509561766));
#6042=CARTESIAN_POINT('Origin',(7.499999999996,-2.14273043752655E-13,9.01387818865675));
#6043=CARTESIAN_POINT('',(0.239953460147383,5.48673152425132,9.01506980977893));
#6044=CARTESIAN_POINT('',(0.000229936254898854,6.02956453343075,9.37465509561766));
#6045=CARTESIAN_POINT('',(3.74075317049979,2.83657440613465,9.01007007674643));
#6046=CARTESIAN_POINT('',(3.74075317049168,2.83657440612396,9.01007007672972));
#6047=CARTESIAN_POINT('',(3.74721834264328,2.82193458779076,9.0003723185601));
#6048=CARTESIAN_POINT('',(3.74075317051282,2.83657440613421,9.01007007675578));
#6049=CARTESIAN_POINT('',(4.17086130272803,2.80827855804815,9.30501740048661));
#6050=CARTESIAN_POINT('Origin',(7.49987730040526,0.000110359248755021,9.0138957350431));
#6051=CARTESIAN_POINT('',(0.42945157538705,5.96432631221784,9.63221045938273));
#6052=CARTESIAN_POINT('',(0.429451577913698,5.96432631168446,9.63221046075037));
#6053=CARTESIAN_POINT('',(0.429451573968152,5.96432631181695,9.63221045791836));
#6054=CARTESIAN_POINT('Ctrl Pts',(3.26203356490095,8.20074369081719,7.63233597979386));
#6055=CARTESIAN_POINT('Ctrl Pts',(4.05977834652919,6.65705508803872,7.89239421871579));
#6056=CARTESIAN_POINT('Ctrl Pts',(4.85752312815743,5.11336648526025,8.15245245763771));
#6057=CARTESIAN_POINT('Ctrl Pts',(5.65526790978567,3.56967788248177,8.41251069655964));
#6058=CARTESIAN_POINT('Ctrl Pts',(2.93289945592363,7.99823642771314,7.63324355924016));
#6059=CARTESIAN_POINT('Ctrl Pts',(3.79259116389969,6.49263738809448,7.89304414329636));
#6060=CARTESIAN_POINT('Ctrl Pts',(4.65230837227089,4.98712812421106,8.15310517012238));
#6061=CARTESIAN_POINT('Ctrl Pts',(5.51200008024695,3.48152908459239,8.41290575417858));
#6062=CARTESIAN_POINT('Ctrl Pts',(2.46163418587311,7.68651080148459,7.55799570527929));
#6063=CARTESIAN_POINT('Ctrl Pts',(3.41004622480516,6.23962700290393,7.83206729765996));
#6064=CARTESIAN_POINT('Ctrl Pts',(4.35845235183288,4.79272274148543,8.10607974218484));
#6065=CARTESIAN_POINT('Ctrl Pts',(5.30686439076493,3.34583894290477,8.3801513345655));
#6066=CARTESIAN_POINT('Ctrl Pts',(2.11230206873715,7.42616339839907,7.39927108627328));
#6067=CARTESIAN_POINT('Ctrl Pts',(3.12646734530616,6.02827136898359,7.70317556603732));
#6068=CARTESIAN_POINT('Ctrl Pts',(4.14063935239929,4.63040510803352,8.00715607679));
#6069=CARTESIAN_POINT('Ctrl Pts',(5.15480462896831,3.23251307861803,8.31106055655404));
#6070=CARTESIAN_POINT('Ctrl Pts',(1.98379072458347,7.32207416739863,7.31164722029257));
#6071=CARTESIAN_POINT('Ctrl Pts',(3.02214979608332,5.94378804127465,7.6320826200234));
#6072=CARTESIAN_POINT('Ctrl Pts',(4.06050622804068,4.56549050595621,7.95248361891378));
#6073=CARTESIAN_POINT('Ctrl Pts',(5.09886529954053,3.18720437983223,8.27291901864461));
#6074=CARTESIAN_POINT('Ctrl Pts',(1.95775439953699,7.29907056671564,7.28716020844584));
#6075=CARTESIAN_POINT('Ctrl Pts',(3.00101058894261,5.92509837048583,7.61215641780584));
#6076=CARTESIAN_POINT('Ctrl Pts',(4.04427583389026,4.55116340558977,7.937263929079));
#6077=CARTESIAN_POINT('Ctrl Pts',(5.08753202329589,3.17719120935996,8.262260138439));
#6078=CARTESIAN_POINT('Ctrl Pts',(1.95533385835127,7.29688796436542,7.28472895906641));
#6079=CARTESIAN_POINT('Ctrl Pts',(2.99904870322066,5.92333902648612,7.61021992169895));
#6080=CARTESIAN_POINT('Ctrl Pts',(4.04276354809004,4.54979008860683,7.93571088433148));
#6081=CARTESIAN_POINT('Ctrl Pts',(5.08647839295942,3.17624115072753,8.26120184696401));
#6082=CARTESIAN_POINT('',(3.66508529864034,7.42080473681261,7.76372847739477));
#6083=CARTESIAN_POINT('',(1.97946005505126,7.31797793142191,7.30718085498702));
#6084=CARTESIAN_POINT('Ctrl Pts',(3.66508529859612,7.4208047370913,7.76372847774977));
#6085=CARTESIAN_POINT('Ctrl Pts',(3.37487280520501,7.39960045035861,7.74422548688307));
#6086=CARTESIAN_POINT('Ctrl Pts',(3.08146516458889,7.3768255260454,7.69933943530102));
#6087=CARTESIAN_POINT('Ctrl Pts',(2.38272382032707,7.32947465276506,7.52168316597329));
#6088=CARTESIAN_POINT('Ctrl Pts',(2.10735293273975,7.31955932470778,7.38412193137904));
#6089=CARTESIAN_POINT('Ctrl Pts',(1.98013106851808,7.31827448584174,7.30619389422019));
#6090=CARTESIAN_POINT('',(1.98770665839713,7.25428181427103,7.29482773244011));
#6091=CARTESIAN_POINT('Ctrl Pts',(1.98013878801404,7.31819091410769,7.30617963684495));
#6092=CARTESIAN_POINT('Ctrl Pts',(1.98131641464736,7.3072430295763,7.30441319689496));
#6093=CARTESIAN_POINT('Ctrl Pts',(1.9825603055795,7.29612063591877,7.30254736050056));
#6094=CARTESIAN_POINT('Ctrl Pts',(1.98581762230409,7.26839837615976,7.29766138541369));
#6095=CARTESIAN_POINT('Ctrl Pts',(1.98721817248437,7.25777343538799,7.29556056013946));
#6096=CARTESIAN_POINT('Ctrl Pts',(1.9877083787299,7.25428257858548,7.29482525077115));
#6097=CARTESIAN_POINT('',(4.90495786435879,3.4151257684458,8.2045932216078));
#6098=CARTESIAN_POINT('',(1.98770836936373,7.25428264124997,7.29482526356137));
#6099=CARTESIAN_POINT('',(5.45773320842903,3.44433138524503,8.39962546448183));
#6100=CARTESIAN_POINT('Ctrl Pts',(4.90495786928736,3.41512573349666,8.20459321428166));
#6101=CARTESIAN_POINT('Ctrl Pts',(4.90745897345523,3.41509992830089,8.20639887058732));
#6102=CARTESIAN_POINT('Ctrl Pts',(4.93149827869974,3.41497056997114,8.2231472240728));
#6103=CARTESIAN_POINT('Ctrl Pts',(5.03247007155908,3.4178649166302,8.27484219962865));
#6104=CARTESIAN_POINT('Ctrl Pts',(5.09273838481024,3.42071683198666,8.29948073633766));
#6105=CARTESIAN_POINT('Ctrl Pts',(5.23703338553185,3.42869397370118,8.35047207567989));
#6106=CARTESIAN_POINT('Ctrl Pts',(5.33909012138062,3.43563645189346,8.37841975918672));
#6107=CARTESIAN_POINT('Ctrl Pts',(5.45773320846841,3.44433138552727,8.39962546414572));
#6108=CARTESIAN_POINT('',(5.48594180800888,3.89733340601334,8.35731198816567));
#6109=CARTESIAN_POINT('Ctrl Pts',(5.48594217219145,3.89733338005422,8.35731201936572));
#6110=CARTESIAN_POINT('Ctrl Pts',(5.47978622029538,3.82206920331852,8.36654594720983));
#6111=CARTESIAN_POINT('Ctrl Pts',(5.47428625093159,3.74642689131513,8.37479590157763));
#6112=CARTESIAN_POINT('Ctrl Pts',(5.46483469896203,3.59559040961928,8.38897322953197));
#6113=CARTESIAN_POINT('Ctrl Pts',(5.46084100132003,3.51982347638345,8.39496377567286));
#6114=CARTESIAN_POINT('Ctrl Pts',(5.45773320893317,3.44433138521015,8.39962546425314));
#6115=CARTESIAN_POINT('Ctrl Pts',(3.66508529789374,7.42080473649056,7.76372847777337));
#6116=CARTESIAN_POINT('Ctrl Pts',(3.96856131284511,6.83355930012859,7.86265908503671));
#6117=CARTESIAN_POINT('Ctrl Pts',(4.27203732762825,6.24631386372076,7.96158969254392));
#6118=CARTESIAN_POINT('Ctrl Pts',(4.87898921192357,5.07182327212967,8.15945086010606));
#6119=CARTESIAN_POINT('Ctrl Pts',(5.18246508143733,4.48457811694683,8.25838142015872));
#6120=CARTESIAN_POINT('Ctrl Pts',(5.48594095116117,3.89733296182158,8.35731197990885));
#6121=CARTESIAN_POINT('Origin',(2.89038906009535,-2.14273043752655E-13,
5.94080422872298));
#6122=CARTESIAN_POINT('',(1.24218044067127,-6.88619756146671,8.41311716659888));
#6123=CARTESIAN_POINT('Origin',(2.79072042900775,-1.92735568359959,6.11784162501306));
#6124=CARTESIAN_POINT('',(3.66508920181034,-7.42080501794047,7.76372889508097));
#6125=CARTESIAN_POINT('',(4.002040429611,-7.48465077761231,7.25829578093827));
#6126=CARTESIAN_POINT('Ctrl Pts',(3.66508946631335,-7.42080500265942,7.76372907735794));
#6127=CARTESIAN_POINT('Ctrl Pts',(3.67665934434445,-7.4237612200797,7.74718780228058));
#6128=CARTESIAN_POINT('Ctrl Pts',(3.68817487882537,-7.42662912822367,7.73064487642528));
#6129=CARTESIAN_POINT('Ctrl Pts',(3.6996351715739,-7.42940942128729,7.71410260454834));
#6130=CARTESIAN_POINT('Ctrl Pts',(3.80127133899917,-7.45406658646672,7.56739665636954));
#6131=CARTESIAN_POINT('Ctrl Pts',(3.90245717809807,-7.47275152381717,7.41509718943194));
#6132=CARTESIAN_POINT('Ctrl Pts',(4.00204042903305,-7.48465077793281,7.25829578059555));
#6133=CARTESIAN_POINT('',(5.66290669284905,-3.93086459820799,8.09186466090546));
#6134=CARTESIAN_POINT('Ctrl Pts',(4.00204042970162,-7.48465077744889,7.25829578006103));
#6135=CARTESIAN_POINT('Ctrl Pts',(4.27885149115599,-6.89235288290622,7.3972238175677));
#6136=CARTESIAN_POINT('Ctrl Pts',(4.55566255277246,-6.30005498838029,7.53615185482273));
#6137=CARTESIAN_POINT('Ctrl Pts',(5.1092845434007,-5.11545948294762,7.81400786288571));
#6138=CARTESIAN_POINT('Ctrl Pts',(5.38609547241098,-4.52316187204075,7.95293583369601));
#6139=CARTESIAN_POINT('Ctrl Pts',(5.66290640122062,-3.93086426111365,8.09186380481985));
#6140=CARTESIAN_POINT('',(5.48594223841204,-3.89733418730553,8.35731192059377));
#6141=CARTESIAN_POINT('Origin',(5.68567137171931,-2.00735136017385,8.05789353014027));
#6142=CARTESIAN_POINT('',(3.66508895716641,-7.42080500437109,7.76372872394593));
#6143=CARTESIAN_POINT('Origin',(2.89038906009535,-2.14273043752655E-13,
5.94080422872298));
#6144=CARTESIAN_POINT('',(1.97861036093589,7.31756677025697,7.30847229443506));
#6145=CARTESIAN_POINT('Ctrl Pts',(3.63440098147289,-8.2712996286431,7.07378485493559));
#6146=CARTESIAN_POINT('Ctrl Pts',(4.36205220101947,-6.71432974294848,7.4389834369801));
#6147=CARTESIAN_POINT('Ctrl Pts',(5.08970342056606,-5.15735985725386,7.80418201902461));
#6148=CARTESIAN_POINT('Ctrl Pts',(5.81735464011265,-3.60038997155924,8.16938060106912));
#6149=CARTESIAN_POINT('Ctrl Pts',(3.52978140511746,-8.11133323431435,6.73792063544901));
#6150=CARTESIAN_POINT('Ctrl Pts',(4.27704683050915,-6.58443173521348,7.16636064338188));
#6151=CARTESIAN_POINT('Ctrl Pts',(5.02454966344725,-5.05766016387813,7.59474323335768));
#6152=CARTESIAN_POINT('Ctrl Pts',(5.77181508883894,-3.53075866477726,8.02318324129056));
#6153=CARTESIAN_POINT('Ctrl Pts',(3.31260749723848,-7.84775281667391,6.28153623485992));
#6154=CARTESIAN_POINT('Ctrl Pts',(4.10085042115272,-6.37052027752717,6.79586149976744));
#6155=CARTESIAN_POINT('Ctrl Pts',(4.88903916586563,-4.89325805012968,7.31019973731178));
#6156=CARTESIAN_POINT('Ctrl Pts',(5.67728208977987,-3.41602551098293,7.8245250022193));
#6157=CARTESIAN_POINT('Ctrl Pts',(3.06101120396373,-7.60592423546109,5.97620753205014));
#6158=CARTESIAN_POINT('Ctrl Pts',(3.89657295606121,-6.17419052547086,6.54801729852163));
#6159=CARTESIAN_POINT('Ctrl Pts',(4.73220371854662,-4.74249436082713,7.11980959225997));
#6160=CARTESIAN_POINT('Ctrl Pts',(5.5677654706441,-3.3107606508369,7.69161935873146));
#6161=CARTESIAN_POINT('Ctrl Pts',(2.94272432863149,-7.50377232988443,5.87324696167243));
#6162=CARTESIAN_POINT('Ctrl Pts',(3.80058552306961,-6.09128558247922,6.464429176996));
#6163=CARTESIAN_POINT('Ctrl Pts',(4.65841552609005,-4.67878199220842,7.05561973602365));
#6164=CARTESIAN_POINT('Ctrl Pts',(5.51627672052816,-3.26629524480322,7.64680195134722));
#6165=CARTESIAN_POINT('Ctrl Pts',(2.91283172408444,-7.48003800191664,5.85454422162419));
#6166=CARTESIAN_POINT('Ctrl Pts',(3.7762758120474,-6.07199512472742,6.44925858314833));
#6167=CARTESIAN_POINT('Ctrl Pts',(4.63982076762655,-4.66400687536451,7.04394652847437));
#6168=CARTESIAN_POINT('Ctrl Pts',(5.50326485558952,-3.2559639981753,7.63866088999851));
#6169=CARTESIAN_POINT('Ctrl Pts',(2.90991647873952,-7.47776166334154,5.85285502848357));
#6170=CARTESIAN_POINT('Ctrl Pts',(3.77394294813223,-6.07016548801903,6.44787855433126));
#6171=CARTESIAN_POINT('Ctrl Pts',(4.63796941752493,-4.66256931269652,7.04290208017895));
#6172=CARTESIAN_POINT('Ctrl Pts',(5.50199588691764,-3.25497313737402,7.63792560602664));
#6173=CARTESIAN_POINT('',(2.93742411555335,-7.49949234302738,5.87023476464276));
#6174=CARTESIAN_POINT('Ctrl Pts',(4.00204042988567,-7.48465077795142,7.25829578081495));
#6175=CARTESIAN_POINT('Ctrl Pts',(3.87310832065684,-7.4940057909763,6.99687225905657));
#6176=CARTESIAN_POINT('Ctrl Pts',(3.71993254262232,-7.49780189657218,6.74163840583576));
#6177=CARTESIAN_POINT('Ctrl Pts',(3.28974898977192,-7.50133736934368,6.16114239373589));
#6178=CARTESIAN_POINT('Ctrl Pts',(3.05753616115483,-7.49959972838032,5.95884330905974));
#6179=CARTESIAN_POINT('Ctrl Pts',(2.93675144559436,-7.49953429168004,5.87126332614486));
#6180=CARTESIAN_POINT('',(2.93671902564322,-7.43410006527554,5.87130918157097));
#6181=CARTESIAN_POINT('Ctrl Pts',(2.93675108893585,-7.49944919252777,5.87126118546224));
#6182=CARTESIAN_POINT('Ctrl Pts',(2.93686179691878,-7.4882991403976,5.87109512348784));
#6183=CARTESIAN_POINT('Ctrl Pts',(2.93692781362779,-7.47695357215146,5.87099609842813));
#6184=CARTESIAN_POINT('Ctrl Pts',(2.93693883428254,-7.44861622501291,5.870979567446));
#6185=CARTESIAN_POINT('Ctrl Pts',(2.93679424352571,-7.43769851047739,5.87119645357744));
#6186=CARTESIAN_POINT('Ctrl Pts',(2.93671734498759,-7.43410018517291,5.87131180138462));
#6187=CARTESIAN_POINT('',(5.35172636987151,-3.49977917659724,7.53444046333864));
#6188=CARTESIAN_POINT('',(2.93671734577258,-7.43410024976082,5.87131179894808));
#6189=CARTESIAN_POINT('',(5.74274354281836,-3.49833495480131,7.97210996289806));
#6190=CARTESIAN_POINT('Ctrl Pts',(5.35172636914219,-3.49977914057606,7.53444046449933));
#6191=CARTESIAN_POINT('Ctrl Pts',(5.35435649190303,-3.49977781626736,7.53605220893612));
#6192=CARTESIAN_POINT('Ctrl Pts',(5.3790699304897,-3.49977621060533,7.55178902820151));
#6193=CARTESIAN_POINT('Ctrl Pts',(5.46544769420566,-3.49990523616253,7.62537569622002));
#6194=CARTESIAN_POINT('Ctrl Pts',(5.51119890703437,-3.50000646089369,7.67178982780063));
#6195=CARTESIAN_POINT('Ctrl Pts',(5.6133020137673,-3.4999890794726,7.78606938616859));
#6196=CARTESIAN_POINT('Ctrl Pts',(5.67795605628349,-3.49984453597423,7.87012093947989));
#6197=CARTESIAN_POINT('Ctrl Pts',(5.74274354249451,-3.4983349550146,7.97210996310694));
#6198=CARTESIAN_POINT('Ctrl Pts',(5.66290686684715,-3.93086453621285,8.09186497738217));
#6199=CARTESIAN_POINT('Ctrl Pts',(5.67760841255367,-3.85955242565133,8.06981265882239));
#6200=CARTESIAN_POINT('Ctrl Pts',(5.69171192476927,-3.78762456765161,8.04865739082121));
#6201=CARTESIAN_POINT('Ctrl Pts',(5.7183527183111,-3.64362684337132,8.00869620050846));
#6202=CARTESIAN_POINT('Ctrl Pts',(5.73099725253248,-3.57101250340612,7.98972939885418));
#6203=CARTESIAN_POINT('Ctrl Pts',(5.74274354281089,-3.49833495466955,7.97210996343657));
#6204=CARTESIAN_POINT('Origin',(0.785498889552518,-6.85084957514872,8.12272593005477));
#6205=CARTESIAN_POINT('',(0.814921790301023,-6.87752269973619,8.15261731454848));
#6206=CARTESIAN_POINT('Origin',(7.50000000000981,-2.14273043752655E-13,
9.01387818866596));
#6207=CARTESIAN_POINT('',(0.955828571107954,-6.23183796342665,7.94125714333807));
#6208=CARTESIAN_POINT('',(0.814921790301022,-6.87752269973619,8.15261731454848));
#6209=CARTESIAN_POINT('',(4.11050751520444,-3.22142692989792,8.45543855968947));
#6210=CARTESIAN_POINT('',(4.11050751519363,-3.22142692988442,8.45543855967679));
#6211=CARTESIAN_POINT('',(4.11430767040304,-3.204013273973,8.44973832692046));
#6212=CARTESIAN_POINT('',(4.11050751521814,-3.22142692989817,8.45543855969781));
#6213=CARTESIAN_POINT('',(4.55989138858304,-3.21319390929512,8.72147227170403));
#6214=CARTESIAN_POINT('Origin',(7.50050247788157,0.000491883979913399,9.01395441049473));
#6215=CARTESIAN_POINT('',(1.25568812173991,-6.82430057524738,8.39285563985344));
#6216=CARTESIAN_POINT('',(1.25568812430347,-6.82430057475242,8.39285564116571));
#6217=CARTESIAN_POINT('',(1.25568812015468,-6.82430057467336,8.39285563863857));
#6218=CARTESIAN_POINT('Origin',(1.54519556991969,7.29584746138237,6.98318091232839));
#6219=CARTESIAN_POINT('',(1.57450168955195,7.32245218021691,7.01324746567209));
#6220=CARTESIAN_POINT('Origin',(7.49999999999349,-2.14273043752655E-13,
9.01387818865508));
#6221=CARTESIAN_POINT('',(1.67102772746528,6.6507710992197,6.86845840880208));
#6222=CARTESIAN_POINT('',(1.57450168955195,7.32245218021691,7.01324746567209));
#6223=CARTESIAN_POINT('',(4.48058155062929,3.43820050234696,7.90032750655219));
#6224=CARTESIAN_POINT('',(4.48058155061831,3.43820050233337,7.90032750653977));
#6225=CARTESIAN_POINT('',(4.48318478890625,3.42008574358261,7.89642264916564));
#6226=CARTESIAN_POINT('',(4.48058155064224,3.43820050234678,7.90032750656165));
#6227=CARTESIAN_POINT('',(4.90463320055929,3.415128946615,8.20435955373968));
#6228=CARTESIAN_POINT('Origin',(7.50026189065693,-0.000301999849345869,
9.01397355724059));
#6229=CARTESIAN_POINT('',(1.98786358949791,7.25317770280968,7.29459244160422));
#6230=CARTESIAN_POINT('',(1.98786359414693,7.25317770165507,7.2945924446479));
#6231=CARTESIAN_POINT('',(1.98786358652626,7.25317770175748,7.29459243908387));
#6232=CARTESIAN_POINT('Ctrl Pts',(5.16986929893036,7.98036008259751,4.77058237874962));
#6233=CARTESIAN_POINT('Ctrl Pts',(5.60848759281182,6.47815596916221,5.56933034929174));
#6234=CARTESIAN_POINT('Ctrl Pts',(6.04710588669329,4.97595185572691,6.36807831983386));
#6235=CARTESIAN_POINT('Ctrl Pts',(6.48572418057476,3.47374774229162,7.16682629037598));
#6236=CARTESIAN_POINT('Ctrl Pts',(4.80383777152468,7.86992585608017,4.82683608583843));
#6237=CARTESIAN_POINT('Ctrl Pts',(5.31133848496347,6.38845481989428,5.61492316170058));
#6238=CARTESIAN_POINT('Ctrl Pts',(5.81889466758647,4.90714818503739,6.40322572714895));
#6239=CARTESIAN_POINT('Ctrl Pts',(6.32639538102526,3.42567714885149,7.19131280301109));
#6240=CARTESIAN_POINT('Ctrl Pts',(4.2717766475498,7.66601283398953,4.84278722487129));
#6241=CARTESIAN_POINT('Ctrl Pts',(4.87945420070706,6.22299370478578,5.6279605459142));
#6242=CARTESIAN_POINT('Ctrl Pts',(5.48711848785836,4.77993557142299,6.41308280690952));
#6243=CARTESIAN_POINT('Ctrl Pts',(6.09479604101562,3.33691644221923,7.19825612795243));
#6244=CARTESIAN_POINT('Ctrl Pts',(3.86666436423804,7.45327041442602,4.76772918526453));
#6245=CARTESIAN_POINT('Ctrl Pts',(4.55058979263681,6.05026865720838,5.56699343728398));
#6246=CARTESIAN_POINT('Ctrl Pts',(5.2345304644326,4.64731417004478,6.36632008005833));
#6247=CARTESIAN_POINT('Ctrl Pts',(5.91845589283138,3.24431241282713,7.16558433207778));
#6248=CARTESIAN_POINT('Ctrl Pts',(3.71459094017885,7.35752036365873,4.71544844229664));
#6249=CARTESIAN_POINT('Ctrl Pts',(4.42714961615071,5.97256544369749,5.52458443531951));
#6250=CARTESIAN_POINT('Ctrl Pts',(5.13970161816214,4.58758857152514,6.33369120642301));
#6251=CARTESIAN_POINT('Ctrl Pts',(5.852260294134,3.2026336515639,7.14282719944588));
#6252=CARTESIAN_POINT('Ctrl Pts',(3.68307985414095,7.33409188322869,4.69917202653973));
#6253=CARTESIAN_POINT('Ctrl Pts',(4.40156065917476,5.95351655535276,5.51133131245749));
#6254=CARTESIAN_POINT('Ctrl Pts',(5.12006312005814,4.57301086429756,6.3235829998271));
#6255=CARTESIAN_POINT('Ctrl Pts',(5.83854392509196,3.19243553642163,7.13574228574487));
#6256=CARTESIAN_POINT('Ctrl Pts',(3.68013425881969,7.33182129534752,4.69752835836361));
#6257=CARTESIAN_POINT('Ctrl Pts',(4.39917675436883,5.95169658983941,5.51002784497656));
#6258=CARTESIAN_POINT('Ctrl Pts',(5.11821924991797,4.5715718843313,6.32252733158951));
#6259=CARTESIAN_POINT('Ctrl Pts',(5.8372617454671,3.19144717882319,7.13502681820246));
#6260=CARTESIAN_POINT('',(5.39147472368421,7.22138166409047,5.17414433982866));
#6261=CARTESIAN_POINT('',(3.70927275117455,7.35324297476299,4.71246180580372));
#6262=CARTESIAN_POINT('Ctrl Pts',(5.39147472371821,7.22138166447518,5.17414434006633));
#6263=CARTESIAN_POINT('Ctrl Pts',(5.10342033523771,7.2608870786334,5.15140466954534));
#6264=CARTESIAN_POINT('Ctrl Pts',(4.8108871794988,7.29108877437395,5.1052068096115));
#6265=CARTESIAN_POINT('Ctrl Pts',(4.11294198064739,7.34535782226064,4.92632409783134));
#6266=CARTESIAN_POINT('Ctrl Pts',(3.8371704677017,7.3518722107686,4.78935574329811));
#6267=CARTESIAN_POINT('Ctrl Pts',(3.70995317066941,7.35302857294116,4.71146071522939));
#6268=CARTESIAN_POINT('',(3.7024361902796,7.28901247088202,4.72273343062788));
#6269=CARTESIAN_POINT('Ctrl Pts',(3.70994127724108,7.35294569045054,4.71147590300438));
#6270=CARTESIAN_POINT('Ctrl Pts',(3.70854709623425,7.34208068794146,4.71356717451463));
#6271=CARTESIAN_POINT('Ctrl Pts',(3.70717410794779,7.33100784148511,4.71562665694809));
#6272=CARTESIAN_POINT('Ctrl Pts',(3.70389536503939,7.30329396489507,4.72054477131068));
#6273=CARTESIAN_POINT('Ctrl Pts',(3.70277772443958,7.29256058772266,4.72222123220664));
#6274=CARTESIAN_POINT('Ctrl Pts',(3.70243794005591,7.28901194113854,4.72273090878214));
#6275=CARTESIAN_POINT('',(5.7122075196853,3.43147544092756,6.99371873861799));
#6276=CARTESIAN_POINT('',(3.70243794556435,7.28901200458628,4.72273089926043));
#6277=CARTESIAN_POINT('',(6.26464938476393,3.39944465436978,7.18925119998191));
#6278=CARTESIAN_POINT('Ctrl Pts',(5.71220751630532,3.43147540540863,6.99371874375468));
#6279=CARTESIAN_POINT('Ctrl Pts',(5.71470649663803,3.43149860280816,6.99552354504743));
#6280=CARTESIAN_POINT('Ctrl Pts',(5.73874326775988,3.43162501743433,7.01227217724464));
#6281=CARTESIAN_POINT('Ctrl Pts',(5.83974810743365,3.42898303412414,7.06392440740625));
#6282=CARTESIAN_POINT('Ctrl Pts',(5.90003923576193,3.42632924582063,7.08852813402767));
#6283=CARTESIAN_POINT('Ctrl Pts',(6.04433215991775,3.41831807457248,7.13952657374271));
#6284=CARTESIAN_POINT('Ctrl Pts',(6.14635475796766,3.4110928254974,7.16752367452535));
#6285=CARTESIAN_POINT('Ctrl Pts',(6.26464938485213,3.39944465450436,7.18925119957388));
#6286=CARTESIAN_POINT('',(6.39262446766287,3.7925981450798,6.99728799868474));
#6287=CARTESIAN_POINT('Ctrl Pts',(6.39262481754577,3.79259804975813,6.99728805133423));
#6288=CARTESIAN_POINT('Ctrl Pts',(6.37002020895682,3.72835469408402,7.03119496421767));
#6289=CARTESIAN_POINT('Ctrl Pts',(6.34792951269171,3.66328489576954,7.06433100893851));
#6290=CARTESIAN_POINT('Ctrl Pts',(6.30526371493587,3.53241941211535,7.12832970557228));
#6291=CARTESIAN_POINT('Ctrl Pts',(6.28452087808976,3.46613124856895,7.15944396051826));
#6292=CARTESIAN_POINT('Ctrl Pts',(6.26464938523548,3.39944465414781,7.18925119979967));
#6293=CARTESIAN_POINT('Ctrl Pts',(5.39147472289991,7.22138166409284,5.1741443402638));
#6294=CARTESIAN_POINT('Ctrl Pts',(5.55833289795465,6.6499175715169,5.47800170737219));
#6295=CARTESIAN_POINT('Ctrl Pts',(5.72519107284501,6.07845347901956,5.78185907471866));
#6296=CARTESIAN_POINT('Ctrl Pts',(6.05890734277474,4.93552556765285,6.38957366382936));
#6297=CARTESIAN_POINT('Ctrl Pts',(6.22576543781566,4.36406174878274,6.69343088559136));
#6298=CARTESIAN_POINT('Ctrl Pts',(6.39262353306198,3.79259792981548,6.99728810705784));
#6299=CARTESIAN_POINT('Origin',(2.89038906009535,-2.14273043752655E-13,
5.94080422872298));
#6300=CARTESIAN_POINT('',(2.93831808400819,-7.49941157038286,5.86891070982661));
#6301=CARTESIAN_POINT('Origin',(3.23527992342897,-1.84312789881866,5.45100238332496));
#6302=CARTESIAN_POINT('',(5.39147860311826,-7.22138118164803,5.17414479311891));
#6303=CARTESIAN_POINT('',(5.7137032982374,-7.03263392025392,4.69080147802141));
#6304=CARTESIAN_POINT('Ctrl Pts',(5.3914788644107,-7.22138116969889,5.17414498021175));
#6305=CARTESIAN_POINT('Ctrl Pts',(5.40274790855909,-7.21587346202823,5.15805495595845));
#6306=CARTESIAN_POINT('Ctrl Pts',(5.4139440648374,-7.21029678197733,5.14199109740707));
#6307=CARTESIAN_POINT('Ctrl Pts',(5.42506670754326,-7.20465274635878,5.12595530059412));
#6308=CARTESIAN_POINT('Ctrl Pts',(5.52379564722427,-7.15455407225072,4.98361527780011));
#6309=CARTESIAN_POINT('Ctrl Pts',(5.62040806534259,-7.09725028793108,4.83816553438256));
#6310=CARTESIAN_POINT('Ctrl Pts',(5.71370329773397,-7.03263392056084,4.69080147756811));
#6311=CARTESIAN_POINT('',(6.56185513793569,-3.69347004243744,6.74344199327052));
#6312=CARTESIAN_POINT('Ctrl Pts',(5.71370329825363,-7.03263391978786,4.69080147725652));
#6313=CARTESIAN_POINT('Ctrl Pts',(5.855061905903,-6.47610638533038,5.03290819548973));
#6314=CARTESIAN_POINT('Ctrl Pts',(5.99642051362579,-5.91957885082159,5.37501491360915));
#6315=CARTESIAN_POINT('Ctrl Pts',(6.27913833245084,-4.80652141118536,6.05922980408651));
#6316=CARTESIAN_POINT('Ctrl Pts',(6.42049553433559,-4.24999941457101,6.40133311603656));
#6317=CARTESIAN_POINT('Ctrl Pts',(6.5618547439469,-3.69346951049739,6.7434412907249));
#6318=CARTESIAN_POINT('',(6.39262506019309,-3.79259873885144,6.99728768792219));
#6319=CARTESIAN_POINT('Origin',(6.14868163946793,-1.9196204733935,7.36337812851606));
#6320=CARTESIAN_POINT('',(5.39147835509207,-7.22138116653117,5.17414462705725));
#6321=CARTESIAN_POINT('Origin',(2.89038906009535,-2.14273043752655E-13,
5.94080422872298));
#6322=CARTESIAN_POINT('',(3.70840446420245,7.35349609865403,4.71378112491615));
#6323=CARTESIAN_POINT('Origin',(2.47422257580723,-7.47187889901248,5.5896404034969));
#6324=CARTESIAN_POINT('',(2.5100734213817,-7.49972370829568,5.60988986792747));
#6325=CARTESIAN_POINT('Origin',(7.50000000000871,-2.14273043752655E-13,
9.01387818866523));
#6326=CARTESIAN_POINT('',(2.493120785115,-6.80654076133536,5.63531882232751));
#6327=CARTESIAN_POINT('',(2.5100734213817,-7.49972370829568,5.60988986792746));
#6328=CARTESIAN_POINT('',(4.90519818440167,-3.51865658813427,7.26340255589362));
#6329=CARTESIAN_POINT('',(4.9051981843876,-3.51865658812009,7.26340255588584));
#6330=CARTESIAN_POINT('',(4.90474098392982,-3.49996193941056,7.26408835663029));
#6331=CARTESIAN_POINT('',(4.9051981844154,-3.51865658813423,7.26340255590192));
#6332=CARTESIAN_POINT('',(5.35138561295864,-3.49977930545371,7.53423093514057));
#6333=CARTESIAN_POINT('Origin',(7.49997790285591,-6.37632185396253E-5,9.01386154140379));
#6334=CARTESIAN_POINT('',(2.93669295616251,-7.43296127898207,5.87134839160732));
#6335=CARTESIAN_POINT('',(2.93669296089386,-7.43296127784307,5.87134839452749));
#6336=CARTESIAN_POINT('',(2.93669295281987,-7.43296127785958,5.87134838964345));
#6337=CARTESIAN_POINT('Ctrl Pts',(5.52596247258108,-7.77177590216925,4.23644261827318));
#6338=CARTESIAN_POINT('Ctrl Pts',(5.5392334781814,-7.71952801929491,4.26856023170714));
#6339=CARTESIAN_POINT('Ctrl Pts',(5.56577548938204,-7.61503225354624,4.33279545857506));
#6340=CARTESIAN_POINT('Ctrl Pts',(5.61885951178332,-7.40604072204889,4.46126591231091));
#6341=CARTESIAN_POINT('Ctrl Pts',(5.68521453978493,-7.14480130767721,4.62185397948072));
#6342=CARTESIAN_POINT('Ctrl Pts',(5.75156956778653,-6.88356189330553,4.78244204665053));
#6343=CARTESIAN_POINT('Ctrl Pts',(5.80465359018781,-6.67457036180818,4.91091250038638));
#6344=CARTESIAN_POINT('Ctrl Pts',(6.09661571339488,-5.52511693857279,5.61749999593355));
#6345=CARTESIAN_POINT('Ctrl Pts',(6.37530683100162,-4.42791139821174,6.29196987804677));
#6346=CARTESIAN_POINT('Ctrl Pts',(6.64072694300804,-3.38295374072502,6.93432214672602));
#6347=CARTESIAN_POINT('Ctrl Pts',(5.32418999631492,-7.45684577851047,3.88204322064607));
#6348=CARTESIAN_POINT('Ctrl Pts',(5.33880372205944,-7.40671288459612,3.91654842769475));
#6349=CARTESIAN_POINT('Ctrl Pts',(5.36804592776691,-7.30644947313181,3.985553426307));
#6350=CARTESIAN_POINT('Ctrl Pts',(5.42651164566172,-7.10591963936153,4.12357028492374));
#6351=CARTESIAN_POINT('Ctrl Pts',(5.49964311538703,-6.85526529117447,4.2960732545933));
#6352=CARTESIAN_POINT('Ctrl Pts',(5.57273658856807,-6.60460482313534,4.4685901707637));
#6353=CARTESIAN_POINT('Ctrl Pts',(5.63120567187,-6.40407553140893,4.60660579411934));
#6354=CARTESIAN_POINT('Ctrl Pts',(5.95277562418738,-5.30116281533868,5.3656953951857));
#6355=CARTESIAN_POINT('Ctrl Pts',(6.26062347345494,-4.24852660095305,6.08995252216087));
#6356=CARTESIAN_POINT('Ctrl Pts',(6.55289798834539,-3.24586872266614,6.78005666313446));
#6357=CARTESIAN_POINT('Ctrl Pts',(5.01849276890736,-7.12571445280566,3.56660410339042));
#6358=CARTESIAN_POINT('Ctrl Pts',(5.03517079860916,-7.07780910116206,3.60322648558958));
#6359=CARTESIAN_POINT('Ctrl Pts',(5.06853177170627,-6.98199924881668,3.67646953673619));
#6360=CARTESIAN_POINT('Ctrl Pts',(5.13524749227567,-6.79037846598693,3.82295780971064));
#6361=CARTESIAN_POINT('Ctrl Pts',(5.21865856913331,-6.55085533209083,4.00606242364386));
#6362=CARTESIAN_POINT('Ctrl Pts',(5.3020569917542,-6.31133000676395,4.18917144971484));
#6363=CARTESIAN_POINT('Ctrl Pts',(5.36877383312707,-6.1197094180323,4.33565933190008));
#6364=CARTESIAN_POINT('Ctrl Pts',(5.73571312836663,-5.06579560292646,5.1413438457919));
#6365=CARTESIAN_POINT('Ctrl Pts',(6.0862713368206,-4.05983856333579,5.91030244274929));
#6366=CARTESIAN_POINT('Ctrl Pts',(6.41983193085664,-3.10173153046382,6.64275008673239));
#6367=CARTESIAN_POINT('Ctrl Pts',(4.69099900732376,-6.85816699743834,3.36095005174716));
#6368=CARTESIAN_POINT('Ctrl Pts',(4.70988263620779,-6.81206098119584,3.39895361827493));
#6369=CARTESIAN_POINT('Ctrl Pts',(4.74765058746751,-6.7198490757252,3.47496052002508));
#6370=CARTESIAN_POINT('Ctrl Pts',(4.82318561133651,-6.53542510385734,3.62697461658815));
#6371=CARTESIAN_POINT('Ctrl Pts',(4.91760670946867,-6.304895563623,3.81699146405362));
#6372=CARTESIAN_POINT('Ctrl Pts',(5.01202602165144,-6.07436569628851,4.00700890719999));
#6373=CARTESIAN_POINT('Ctrl Pts',(5.08756120370448,-5.88994175339238,4.15902295100276));
#6374=CARTESIAN_POINT('Ctrl Pts',(5.50300423469211,-4.87560998132654,4.99510034878204));
#6375=CARTESIAN_POINT('Ctrl Pts',(5.89960554568619,-3.90739190119926,5.79316020185166));
#6376=CARTESIAN_POINT('Ctrl Pts',(6.27727812336663,-2.98527157634913,6.55323153240717));
#6377=CARTESIAN_POINT('Ctrl Pts',(4.59983439517114,-6.80109219885278,3.33010227615197));
#6378=CARTESIAN_POINT('Ctrl Pts',(4.6193179717145,-6.75536763836551,3.36831772531484));
#6379=CARTESIAN_POINT('Ctrl Pts',(4.65829969367109,-6.66392105345835,3.44474356374998));
#6380=CARTESIAN_POINT('Ctrl Pts',(4.73624467889981,-6.48102467045949,3.59760165147606));
#6381=CARTESIAN_POINT('Ctrl Pts',(4.8337246131848,-6.25241266961304,3.78865734626071));
#6382=CARTESIAN_POINT('Ctrl Pts',(4.93116702825372,-6.02379413763134,3.97972607178357));
#6383=CARTESIAN_POINT('Ctrl Pts',(5.00911533661194,-5.84089833310427,4.13258300535892));
#6384=CARTESIAN_POINT('Ctrl Pts',(5.43782115243642,-4.83496968832492,4.97329957148081));
#6385=CARTESIAN_POINT('Ctrl Pts',(5.84792381348143,-3.87491886292854,5.7754949105821));
#6386=CARTESIAN_POINT('Ctrl Pts',(6.2375953443486,-2.96042765318322,6.53980389383955));
#6387=CARTESIAN_POINT('Ctrl Pts',(4.59299703810144,-6.79710524699409,3.32823418944052));
#6388=CARTESIAN_POINT('Ctrl Pts',(4.61254015825577,-6.75140985339295,3.36645748170677));
#6389=CARTESIAN_POINT('Ctrl Pts',(4.65162639856443,-6.66001906619067,3.44290406623927));
#6390=CARTESIAN_POINT('Ctrl Pts',(4.72979887918175,-6.47723749178611,3.59579723530425));
#6391=CARTESIAN_POINT('Ctrl Pts',(4.8275144799534,-6.2487605237804,3.78691369663548));
#6392=CARTESIAN_POINT('Ctrl Pts',(4.92523008072506,-6.0202835557747,3.97803015796672));
#6393=CARTESIAN_POINT('Ctrl Pts',(5.00340256134238,-5.83750198137014,4.1309233270317));
#6394=CARTESIAN_POINT('Ctrl Pts',(5.43335120473765,-4.83220332214505,4.97183575688913));
#6395=CARTESIAN_POINT('Ctrl Pts',(5.84375672797859,-3.8726000565211,5.77452489448032));
#6396=CARTESIAN_POINT('Ctrl Pts',(6.2346191310652,-2.9586921844983,6.53899073980526));
#6397=CARTESIAN_POINT('',(4.62530574336913,-6.81673417989251,3.33848128356358));
#6398=CARTESIAN_POINT('Ctrl Pts',(5.71370329857595,-7.03263392045983,4.69080147780185));
#6399=CARTESIAN_POINT('Ctrl Pts',(5.57971040746675,-6.98175842882618,4.43647579167859));
#6400=CARTESIAN_POINT('Ctrl Pts',(5.42072033661864,-6.93398059007196,4.19042150984308));
#6401=CARTESIAN_POINT('Ctrl Pts',(5.04344137673946,-6.85171905961379,3.70780619150339));
#6402=CARTESIAN_POINT('Ctrl Pts',(4.84352525071853,-6.82573469600974,3.5075487769206));
#6403=CARTESIAN_POINT('Ctrl Pts',(4.64988347806464,-6.81811837833782,3.35847212991419));
#6404=CARTESIAN_POINT('Ctrl Pts',(4.63717397819217,-6.81770168032989,3.34890668533509));
#6405=CARTESIAN_POINT('Ctrl Pts',(4.62458090026867,-6.81739230949625,3.3397004687169));
#6406=CARTESIAN_POINT('',(4.60997216294237,-6.75741663717661,3.36142947188672));
#6407=CARTESIAN_POINT('Ctrl Pts',(4.62447369484764,-6.81728333504921,3.33967727659455));
#6408=CARTESIAN_POINT('Ctrl Pts',(4.62209711779721,-6.80700650639412,3.34324214217019));
#6409=CARTESIAN_POINT('Ctrl Pts',(4.61963149738144,-6.7965217564567,3.34694057279385));
#6410=CARTESIAN_POINT('Ctrl Pts',(4.6133731337517,-6.7705262696398,3.35632811823847));
#6411=CARTESIAN_POINT('Ctrl Pts',(4.61084872888489,-6.76063727174036,3.36011472553868));
#6412=CARTESIAN_POINT('Ctrl Pts',(4.60997066003424,-6.75741801139735,3.36143182881465));
#6413=CARTESIAN_POINT('',(6.1394500976223,-3.18121497657869,6.35285487153763));
#6414=CARTESIAN_POINT('',(4.60997067588299,-6.75741807140977,3.36143180381352));
#6415=CARTESIAN_POINT('',(6.53698483383944,-3.2399552800168,6.78074802636805));
#6416=CARTESIAN_POINT('Ctrl Pts',(6.1394500889469,-3.18121494414956,6.35285488460861));
#6417=CARTESIAN_POINT('Ctrl Pts',(6.14290735141131,-3.18114150912421,6.35496734179296));
#6418=CARTESIAN_POINT('Ctrl Pts',(6.16903098954486,-3.1812519300963,6.37265956742809));
#6419=CARTESIAN_POINT('Ctrl Pts',(6.25406437665923,-3.18651423726464,6.44319365059595));
#6420=CARTESIAN_POINT('Ctrl Pts',(6.29890018835101,-3.19169582909637,6.4867723826646));
#6421=CARTESIAN_POINT('Ctrl Pts',(6.41153030901424,-3.20892914201301,6.60844138679627));
#6422=CARTESIAN_POINT('Ctrl Pts',(6.4781660002414,-3.2237693934612,6.69392818630751));
#6423=CARTESIAN_POINT('Ctrl Pts',(6.53698483358198,-3.23995528035407,6.78074802647959));
#6424=CARTESIAN_POINT('Ctrl Pts',(6.56185530591545,-3.69347005363548,6.74344231877972));
#6425=CARTESIAN_POINT('Ctrl Pts',(6.55920016075732,-3.61752815719936,6.74742503651691));
#6426=CARTESIAN_POINT('Ctrl Pts',(6.55583015663153,-3.54151493898608,6.75248004270576));
#6427=CARTESIAN_POINT('Ctrl Pts',(6.54759063749284,-3.39044283039951,6.7648393214138));
#6428=CARTESIAN_POINT('Ctrl Pts',(6.54270384604903,-3.31493946605941,6.77216950857935));
#6429=CARTESIAN_POINT('Ctrl Pts',(6.53698483382441,-3.23995528008067,6.78074802691629));
#6430=CARTESIAN_POINT('Origin',(3.26863906536404,7.32135337281421,4.39801566414696));
#6431=CARTESIAN_POINT('',(3.30436779626212,7.34922132265397,4.41844830560683));
#6432=CARTESIAN_POINT('Origin',(7.4999999999911,-2.14273043752655E-13,9.01387818865349));
#6433=CARTESIAN_POINT('',(3.2410061193295,6.66483193077437,4.51349082100575));
#6434=CARTESIAN_POINT('',(3.30436779626212,7.34922132265397,4.41844830560683));
#6435=CARTESIAN_POINT('',(5.29218541894693,3.4453304966325,6.68292170407573));
#6436=CARTESIAN_POINT('',(5.29218541893268,3.44533049661836,6.68292170406821));
#6437=CARTESIAN_POINT('',(5.29047659981193,3.42687300380547,6.68548493280713));
#6438=CARTESIAN_POINT('',(5.29218541895988,3.44533049663262,6.6829217040852));
#6439=CARTESIAN_POINT('',(5.71188288560749,3.43147251483965,6.99348502616734));
#6440=CARTESIAN_POINT('Origin',(7.50002146545552,-6.76312752301289E-6,9.01389532380107));
#6441=CARTESIAN_POINT('',(3.70233045205101,7.28788878956502,4.72289214196969));
#6442=CARTESIAN_POINT('',(3.70233045257883,7.28788878956991,4.72289214235564));
#6443=CARTESIAN_POINT('',(3.70233045152321,7.2878887895603,4.72289214158371));
#6444=CARTESIAN_POINT('Ctrl Pts',(6.86304170212572,6.38009971680136,2.23082377395641));
#6445=CARTESIAN_POINT('Ctrl Pts',(6.98294122611337,5.17912483101814,3.5076498993393));
#6446=CARTESIAN_POINT('Ctrl Pts',(7.10284075010102,3.97814994523493,4.78447602472219));
#6447=CARTESIAN_POINT('Ctrl Pts',(7.22274027408867,2.77717505945171,6.06130215010507));
#6448=CARTESIAN_POINT('Ctrl Pts',(6.48407593841082,6.38083360789902,2.30647883550899));
#6449=CARTESIAN_POINT('Ctrl Pts',(6.67527785380202,5.17965037604428,3.56901410844257));
#6450=CARTESIAN_POINT('Ctrl Pts',(6.86657945302339,3.97867774462901,4.83169854899346));
#6451=CARTESIAN_POINT('Ctrl Pts',(7.05778136841459,2.77749451277427,6.09423382192704));
#6452=CARTESIAN_POINT('Ctrl Pts',(5.92080165199876,6.31999650298318,2.36925881565173));
#6453=CARTESIAN_POINT('Ctrl Pts',(6.21807469812208,5.13035316001291,3.62003889724559));
#6454=CARTESIAN_POINT('Ctrl Pts',(6.51532229553771,3.94065624919275,4.87078105539475));
#6455=CARTESIAN_POINT('Ctrl Pts',(6.81259534166103,2.75101290622248,6.12156113698861));
#6456=CARTESIAN_POINT('Ctrl Pts',(5.47547050859596,6.19164065676632,2.35452256380023));
#6457=CARTESIAN_POINT('Ctrl Pts',(5.8565539828415,5.02612092144027,3.60804974704959));
#6458=CARTESIAN_POINT('Ctrl Pts',(6.2376649685342,3.86066099836565,4.86161945350753));
#6459=CARTESIAN_POINT('Ctrl Pts',(6.61874844277974,2.6951412630396,6.1151466367569));
#6460=CARTESIAN_POINT('Ctrl Pts',(5.30375354459977,6.12078589549815,2.33170722207983));
#6461=CARTESIAN_POINT('Ctrl Pts',(5.71717415657508,4.96863346928142,3.58955031109759));
#6462=CARTESIAN_POINT('Ctrl Pts',(6.13058165270958,3.81645152619121,4.84737232396345));
#6463=CARTESIAN_POINT('Ctrl Pts',(6.54400226468488,2.66429909997448,6.10521541298121));
#6464=CARTESIAN_POINT('Ctrl Pts',(5.26714448686548,6.10098208499842,2.32307507745273));
#6465=CARTESIAN_POINT('Ctrl Pts',(5.68743843668822,4.95251764179922,3.58251464618716));
#6466=CARTESIAN_POINT('Ctrl Pts',(6.10777286453963,3.80414320006883,4.84201838310479));
#6467=CARTESIAN_POINT('Ctrl Pts',(6.52806681436238,2.65567875686963,6.10145795183921));
#6468=CARTESIAN_POINT('Ctrl Pts',(5.26369937970132,6.0990161168586,2.32218067704097));
#6469=CARTESIAN_POINT('Ctrl Pts',(5.68465532102736,4.95095174334337,3.58180999498862));
#6470=CARTESIAN_POINT('Ctrl Pts',(6.10561126235341,3.80288736982814,4.84143931293626));
#6471=CARTESIAN_POINT('Ctrl Pts',(6.52656720367945,2.65482299631291,6.10106863088391));
#6472=CARTESIAN_POINT('',(6.92361672645165,5.77331609745419,2.87593133567734));
#6473=CARTESIAN_POINT('',(5.2974916636314,6.11706559784585,2.33013344485395));
#6474=CARTESIAN_POINT('Ctrl Pts',(6.92361672658103,5.7733160978784,2.87593133577194));
#6475=CARTESIAN_POINT('Ctrl Pts',(6.65123121729628,5.86670017374114,2.82968918383797));
#6476=CARTESIAN_POINT('Ctrl Pts',(6.37144887961477,5.94465883588595,2.76436495094039));
#6477=CARTESIAN_POINT('Ctrl Pts',(5.6971433812164,6.09117445297067,2.54996559398219));
#6478=CARTESIAN_POINT('Ctrl Pts',(5.42471117936462,6.11298313655918,2.40797385324184));
#6479=CARTESIAN_POINT('Ctrl Pts',(5.29806526076978,6.11637789889179,2.32929253544918));
#6480=CARTESIAN_POINT('',(5.27675538975369,6.06340665241756,2.36125463141676));
#6481=CARTESIAN_POINT('Ctrl Pts',(5.2980356299681,6.11631004800477,2.32933437391386));
#6482=CARTESIAN_POINT('Ctrl Pts',(5.29431065966445,6.10740644814828,2.33492182936933));
#6483=CARTESIAN_POINT('Ctrl Pts',(5.29055826874415,6.09829766007982,2.34055041575347));
#6484=CARTESIAN_POINT('Ctrl Pts',(5.28131056752491,6.07538390310136,2.35442196758233));
#6485=CARTESIAN_POINT('Ctrl Pts',(5.27786799486959,6.06639783424037,2.35958582656161));
#6486=CARTESIAN_POINT('Ctrl Pts',(5.27675687283749,6.06340492023721,2.36125250960977));
#6487=CARTESIAN_POINT('',(6.45335553784387,2.85449183569724,5.8819967113801));
#6488=CARTESIAN_POINT('',(5.27675689213434,6.0634049737344,2.36125247940544));
#6489=CARTESIAN_POINT('',(6.99167663750548,2.76676388769852,6.09871032087385));
#6490=CARTESIAN_POINT('Ctrl Pts',(6.4533555267451,2.85449180575004,5.88199672809498));
#6491=CARTESIAN_POINT('Ctrl Pts',(6.45586206462018,2.85455988861483,5.88378307895277));
#6492=CARTESIAN_POINT('Ctrl Pts',(6.47995259113238,2.85492143662371,5.90044484475863));
#6493=CARTESIAN_POINT('Ctrl Pts',(6.57974126696744,2.84719962495139,5.9539333247792));
#6494=CARTESIAN_POINT('Ctrl Pts',(6.63881070668542,2.83949959937936,5.98036854609406));
#6495=CARTESIAN_POINT('Ctrl Pts',(6.77949612385496,2.81688511339652,6.03678530315268));
#6496=CARTESIAN_POINT('Ctrl Pts',(6.87829037540196,2.79674139633916,6.06962178268965));
#6497=CARTESIAN_POINT('Ctrl Pts',(6.9916766376046,2.76676388766376,6.09871032045167));
#6498=CARTESIAN_POINT('',(7.19729024846813,3.03208821018939,5.79028932747683));
#6499=CARTESIAN_POINT('Ctrl Pts',(7.19729056963831,3.03208806198713,5.79028942319542));
#6500=CARTESIAN_POINT('Ctrl Pts',(7.16214585442906,2.98997378699575,5.84300649600931));
#6501=CARTESIAN_POINT('Ctrl Pts',(7.12728409336487,2.94672775184612,5.89529913793065));
#6502=CARTESIAN_POINT('Ctrl Pts',(7.05878133803276,2.8584614015416,5.99805327092881));
#6503=CARTESIAN_POINT('Ctrl Pts',(7.0248758955213,2.81311404241212,6.04891143437095));
#6504=CARTESIAN_POINT('Ctrl Pts',(6.99167663790387,2.76676388733068,6.09871032079709));
#6505=CARTESIAN_POINT('Ctrl Pts',(6.92361672570612,5.77331609778056,2.87593133605434));
#6506=CARTESIAN_POINT('Ctrl Pts',(6.96922883148567,5.31644468218534,3.36165780707552));
#6507=CARTESIAN_POINT('Ctrl Pts',(7.01484093713245,4.85957326677957,3.84738427828738));
#6508=CARTESIAN_POINT('Ctrl Pts',(7.10606512662523,3.94583065468661,4.81883698805353));
#6509=CARTESIAN_POINT('Ctrl Pts',(7.15167721047248,3.48895945799766,5.30456322660606));
#6510=CARTESIAN_POINT('Ctrl Pts',(7.19728929448596,3.03208826107359,5.79028946492183));
#6511=CARTESIAN_POINT('Origin',(3.62240201889462,-1.44020655604998,4.87031924012003));
#6512=CARTESIAN_POINT('',(6.92362041192737,-5.77331493486008,2.87593207990511));
#6513=CARTESIAN_POINT('',(7.17540249699451,-5.36461076869283,2.49825267988806));
#6514=CARTESIAN_POINT('Ctrl Pts',(6.92362067103853,-5.77331492830897,2.87593227026986));
#6515=CARTESIAN_POINT('Ctrl Pts',(6.9327052852552,-5.76029562823956,2.86311889091416));
#6516=CARTESIAN_POINT('Ctrl Pts',(6.94170443325304,-5.74723861863713,2.85035054478348));
#6517=CARTESIAN_POINT('Ctrl Pts',(6.95061794641033,-5.73414615936929,2.8376284422934));
#6518=CARTESIAN_POINT('Ctrl Pts',(7.02973778564477,-5.61793235520745,2.72470207016858));
#6519=CARTESIAN_POINT('Ctrl Pts',(7.10504772677751,-5.49456147009587,2.61120604223021));
#6520=CARTESIAN_POINT('Ctrl Pts',(7.17540249655568,-5.36461076893337,2.49825267933799));
#6521=CARTESIAN_POINT('',(7.32952518380191,-2.81744096218594,5.59193692447025));
#6522=CARTESIAN_POINT('Ctrl Pts',(7.17540249687464,-5.36461076800462,2.4982526793274));
#6523=CARTESIAN_POINT('Ctrl Pts',(7.20108952874812,-4.94008225990932,3.01386676120828));
#6524=CARTESIAN_POINT('Ctrl Pts',(7.22677656099762,-4.51555375111492,3.52948084249483));
#6525=CARTESIAN_POINT('Ctrl Pts',(7.27815061307569,-3.66649693703351,4.56070875835583));
#6526=CARTESIAN_POINT('Ctrl Pts',(7.30383763290072,-3.24196863175312,5.07632259293591));
#6527=CARTESIAN_POINT('Ctrl Pts',(7.32952465225971,-2.81744032734162,5.59193642825461));
#6528=CARTESIAN_POINT('',(7.19729094680107,-3.03208851377202,5.79028885801023));
#6529=CARTESIAN_POINT('Origin',(6.55186899607977,-1.49996976755946,6.75859709360291));
#6530=CARTESIAN_POINT('',(6.92362016046221,-5.77331492080957,2.87593191900192));
#6531=CARTESIAN_POINT('Origin',(2.89038906009535,-2.14273043752655E-13,
5.94080422872298));
#6532=CARTESIAN_POINT('',(4.62616835421536,-6.81590918885031,3.33713528989677));
#6533=CARTESIAN_POINT('Origin',(2.89038906009535,-2.14273043752655E-13,
5.94080422872298));
#6534=CARTESIAN_POINT('',(5.29675627940561,6.11793914708944,2.3312534021114));
#6535=CARTESIAN_POINT('Ctrl Pts',(7.14128888812606,-5.9284415178427,1.81345299495561));
#6536=CARTESIAN_POINT('Ctrl Pts',(7.20881181969992,-4.81248570354497,3.16884400895927));
#6537=CARTESIAN_POINT('Ctrl Pts',(7.27633475127378,-3.69652988924724,4.52423502296293));
#6538=CARTESIAN_POINT('Ctrl Pts',(7.34385768284764,-2.58057407494952,5.87962603696659));
#6539=CARTESIAN_POINT('Ctrl Pts',(6.85968900591104,-5.56632407572777,1.57879470625176));
#6540=CARTESIAN_POINT('Ctrl Pts',(6.97984766882105,-4.5186097797142,2.97849299014454));
#6541=CARTESIAN_POINT('Ctrl Pts',(7.10112222578933,-3.47066332222197,4.37778402871073));
#6542=CARTESIAN_POINT('Ctrl Pts',(7.22128088869933,-2.4229490262084,5.77748231260351));
#6543=CARTESIAN_POINT('Ctrl Pts',(6.39908816696462,-5.15776634999466,1.3423456709909));
#6544=CARTESIAN_POINT('Ctrl Pts',(6.60644813726836,-4.18685539464974,2.78637144941776));
#6545=CARTESIAN_POINT('Ctrl Pts',(6.81342731812851,-3.21602007675305,4.23053332095029));
#6546=CARTESIAN_POINT('Ctrl Pts',(7.02078728843225,-2.24510912140812,5.67455909937714));
#6547=CARTESIAN_POINT('Ctrl Pts',(6.04033618067909,-4.96517733258107,1.25894104946684));
#6548=CARTESIAN_POINT('Ctrl Pts',(6.31503920890412,-4.03055577909763,2.71873346682416));
#6549=CARTESIAN_POINT('Ctrl Pts',(6.58992415095105,-3.0958991613375,4.17846172676501));
#6550=CARTESIAN_POINT('Ctrl Pts',(6.86462717917608,-2.16127760785405,5.63825414412234));
#6551=CARTESIAN_POINT('Ctrl Pts',(5.98081481928741,-4.94253350686392,1.25256957881947));
#6552=CARTESIAN_POINT('Ctrl Pts',(6.26679428493007,-4.01216190495808,2.71353702939289));
#6553=CARTESIAN_POINT('Ctrl Pts',(6.55273883315554,-3.08179264468668,4.17451327461202));
#6554=CARTESIAN_POINT('Ctrl Pts',(6.8387182987982,-2.15142104278084,5.63548072518544));
#6555=CARTESIAN_POINT('Ctrl Pts',(5.97700005024072,-4.94116758367868,1.2522296712315));
#6556=CARTESIAN_POINT('Ctrl Pts',(6.26368595985015,-4.0110538804685,2.71326403675418));
#6557=CARTESIAN_POINT('Ctrl Pts',(6.55037186945957,-3.08094017725831,4.17429840227686));
#6558=CARTESIAN_POINT('Ctrl Pts',(6.837057779069,-2.15082647404813,5.63533276779954));
#6559=CARTESIAN_POINT('',(6.01323120575027,-4.95530900448521,1.25653358627136));
#6560=CARTESIAN_POINT('Ctrl Pts',(7.17540249736172,-5.36461076873025,2.49825267962549));
#6561=CARTESIAN_POINT('Ctrl Pts',(7.02340173196067,-5.26233578659939,2.27110708660633));
#6562=CARTESIAN_POINT('Ctrl Pts',(6.84811889442876,-5.17102662701965,2.04935002056192));
#6563=CARTESIAN_POINT('Ctrl Pts',(6.36650413208339,-4.9883226298932,1.5246888546863));
#6564=CARTESIAN_POINT('Ctrl Pts',(6.13477930431595,-4.96047207849892,1.34298839193588));
#6565=CARTESIAN_POINT('Ctrl Pts',(6.01290028477933,-4.95603300613719,1.25703859690452));
#6566=CARTESIAN_POINT('',(5.98589375406311,-4.91231448547015,1.29754708488016));
#6567=CARTESIAN_POINT('Ctrl Pts',(6.01286544522675,-4.95597525868931,1.25708965102588));
#6568=CARTESIAN_POINT('Ctrl Pts',(6.00834146126703,-4.94836006521614,1.26387562696546));
#6569=CARTESIAN_POINT('Ctrl Pts',(6.00371161306902,-4.94068745439459,1.27082039926354));
#6570=CARTESIAN_POINT('Ctrl Pts',(5.99204686199551,-4.92174725646376,1.28831752587382));
#6571=CARTESIAN_POINT('Ctrl Pts',(5.98744031926911,-4.91464027260194,1.29522733996234));
#6572=CARTESIAN_POINT('Ctrl Pts',(5.98589269609247,-4.91231687861131,1.2975487747273));
#6573=CARTESIAN_POINT('',(6.78719806505334,-2.31258980680631,5.38123292034444));
#6574=CARTESIAN_POINT('',(5.98589272260465,-4.91231691928255,1.29754873375062));
#6575=CARTESIAN_POINT('',(7.20452860679115,-2.42128801021883,5.77943236663));
#6576=CARTESIAN_POINT('Ctrl Pts',(6.78719804972749,-2.31258978375559,5.3812329433982));
#6577=CARTESIAN_POINT('Ctrl Pts',(6.78889322061195,-2.31253501553819,5.38230511546521));
#6578=CARTESIAN_POINT('Ctrl Pts',(6.79659603983452,-2.31241591540959,5.38731423915778));
#6579=CARTESIAN_POINT('Ctrl Pts',(6.82422822411567,-2.31356479880235,5.40695145310333));
#6580=CARTESIAN_POINT('Ctrl Pts',(6.84067368572857,-2.315041308866,5.41947828461379));
#6581=CARTESIAN_POINT('Ctrl Pts',(6.89161254549003,-2.32079934437126,5.4595484290263));
#6582=CARTESIAN_POINT('Ctrl Pts',(6.93803370378385,-2.32814282471293,5.49824978280532));
#6583=CARTESIAN_POINT('Ctrl Pts',(7.06861852686492,-2.36282582905706,5.6228718852071));
#6584=CARTESIAN_POINT('Ctrl Pts',(7.14022525782648,-2.3903553301946,5.7009467750693));
#6585=CARTESIAN_POINT('Ctrl Pts',(7.20452860652039,-2.42128801086144,5.77943236659856));
#6586=CARTESIAN_POINT('Ctrl Pts',(7.32952536282236,-2.81744104467957,5.59193723341935));
#6587=CARTESIAN_POINT('Ctrl Pts',(7.30996721427466,-2.75001282317879,5.62127445624091));
#6588=CARTESIAN_POINT('Ctrl Pts',(7.28974279100952,-2.68303211490179,5.65161109114277));
#6589=CARTESIAN_POINT('Ctrl Pts',(7.24814939970304,-2.55104090402853,5.71400117810249));
#6590=CARTESIAN_POINT('Ctrl Pts',(7.22665755680902,-2.48561600060195,5.74623894243937));
#6591=CARTESIAN_POINT('Ctrl Pts',(7.20452860682533,-2.42128801061208,5.7794323674149));
#6592=CARTESIAN_POINT('Origin',(4.15706313270423,-6.80095247869095,3.06537956313647));
#6593=CARTESIAN_POINT('',(4.1990505540398,-6.82515435483986,3.07642416894031));
#6594=CARTESIAN_POINT('Origin',(7.50000000000631,-2.14273043752655E-13,
9.01387818866363));
#6595=CARTESIAN_POINT('',(4.02716976551976,-6.2043308261276,3.33424535172036));
#6596=CARTESIAN_POINT('',(4.1990505540398,-6.82515435483986,3.07642416894031));
#6597=CARTESIAN_POINT('',(5.69824426828679,-3.20747855629062,6.07383343006594));
#6598=CARTESIAN_POINT('',(5.69824426826958,-3.20747855627821,6.07383343006286));
#6599=CARTESIAN_POINT('',(5.69360876626193,-3.19073538936801,6.08078668313214));
#6600=CARTESIAN_POINT('',(5.69824426830047,-3.20747855629031,6.07383343007431));
#6601=CARTESIAN_POINT('',(6.13911007382909,-3.1812210652025,6.35264424383488));
#6602=CARTESIAN_POINT('Origin',(7.5000259227662,1.93686289240436E-5,9.01390493468841));
#6603=CARTESIAN_POINT('',(4.60969142378305,-6.75639546521607,3.36185068437162));
#6604=CARTESIAN_POINT('',(4.60969142434092,-6.75639546520335,3.36185068471251));
#6605=CARTESIAN_POINT('',(4.60969142322523,-6.75639546522893,3.36185068403067));
#6606=CARTESIAN_POINT('Origin',(4.84883760891119,6.08093077548146,2.02771784882616));
#6607=CARTESIAN_POINT('',(4.89071869119504,6.10524333282445,2.03892196320746));
#6608=CARTESIAN_POINT('Origin',(7.49999999999057,-2.14273043752655E-13,
9.01387818865313));
#6609=CARTESIAN_POINT('',(4.67842510898078,5.52648277340088,2.35736233652883));
#6610=CARTESIAN_POINT('',(4.89071869119504,6.10524333282445,2.03892196320746));
#6611=CARTESIAN_POINT('',(6.03523109343092,2.85673154820534,5.56835319234975));
#6612=CARTESIAN_POINT('',(6.03523109341356,2.85673154819308,5.5683531923469));
#6613=CARTESIAN_POINT('',(6.02950568723885,2.84112278950647,5.57694130166675));
#6614=CARTESIAN_POINT('',(6.03523109344393,2.85673154820572,5.56835319235912));
#6615=CARTESIAN_POINT('',(6.45302955369463,2.85448331129938,5.88176502403659));
#6616=CARTESIAN_POINT('Origin',(7.50007227038045,-0.000128738446484866,
9.01403812926505));
#6617=CARTESIAN_POINT('',(5.27640527573451,6.06245768672585,2.36177990644445));
#6618=CARTESIAN_POINT('',(5.27640527626478,6.06245768674185,2.36177990682671));
#6619=CARTESIAN_POINT('',(5.27640527520428,6.06245768670999,2.36177990606211));
#6620=CARTESIAN_POINT('Ctrl Pts',(8.04878588398618,3.67666214858386,0.45220750116559));
#6621=CARTESIAN_POINT('Ctrl Pts',(7.94548372671673,2.98457595871898,2.06383614843416));
#6622=CARTESIAN_POINT('Ctrl Pts',(7.84218156944729,2.29248976885411,3.67546479570273));
#6623=CARTESIAN_POINT('Ctrl Pts',(7.73887941217785,1.60040357898924,5.2870934429713));
#6624=CARTESIAN_POINT('Ctrl Pts',(7.56118538939525,3.8256956316168,0.526550131025647));
#6625=CARTESIAN_POINT('Ctrl Pts',(7.5494592330818,3.10522816551073,2.12407564375355));
#6626=CARTESIAN_POINT('Ctrl Pts',(7.53835936660385,2.38574339670015,3.72192831748902));
#6627=CARTESIAN_POINT('Ctrl Pts',(7.5266332102904,1.66527593059408,5.31945383021693));
#6628=CARTESIAN_POINT('Ctrl Pts',(6.90757880578099,3.89607782913783,0.579626298916145));
#6629=CARTESIAN_POINT('Ctrl Pts',(7.01916848390843,3.16280244624577,2.16730751560738));
#6630=CARTESIAN_POINT('Ctrl Pts',(7.1305370223467,2.42918777565148,3.75487598435994));
#6631=CARTESIAN_POINT('Ctrl Pts',(7.24212670047413,1.69591239275941,5.34255720105118));
#6632=CARTESIAN_POINT('Ctrl Pts',(6.49689375525048,3.83231899171394,0.574105446586878));
#6633=CARTESIAN_POINT('Ctrl Pts',(6.68568141342479,3.11087991559955,2.16277091902022));
#6634=CARTESIAN_POINT('Ctrl Pts',(6.87457314047239,2.38959806987175,3.75148857285597));
#6635=CARTESIAN_POINT('Ctrl Pts',(7.06336079864669,1.66815899375736,5.34015404528931));
#6636=CARTESIAN_POINT('Ctrl Pts',(6.4360491319371,3.81295705858962,0.56971810984513));
#6637=CARTESIAN_POINT('Ctrl Pts',(6.63633254561624,3.09522373837359,2.15922963836376));
#6638=CARTESIAN_POINT('Ctrl Pts',(6.83659250575434,2.37746431438679,3.74873276571389));
#6639=CARTESIAN_POINT('Ctrl Pts',(7.03687591943349,1.65973099417077,5.33824429423252));
#6640=CARTESIAN_POINT('Ctrl Pts',(6.43221642535823,3.81163564394278,0.569405108555424));
#6641=CARTESIAN_POINT('Ctrl Pts',(6.63321348081484,3.09414236243864,2.15897275530728));
#6642=CARTESIAN_POINT('Ctrl Pts',(6.83421053627145,2.3766490809345,3.74854040205913));
#6643=CARTESIAN_POINT('Ctrl Pts',(7.03520759172805,1.65915579943036,5.33810804881098));
#6644=CARTESIAN_POINT('',(7.99659003576724,3.32699172803876,1.26647137172909));
#6645=CARTESIAN_POINT('',(6.46957752911537,3.82297328139863,0.572014124547273));
#6646=CARTESIAN_POINT('Ctrl Pts',(7.99659003599238,3.3269917284287,1.26647137167962));
#6647=CARTESIAN_POINT('Ctrl Pts',(7.750511003392,3.45815448697716,1.18044375189234));
#6648=CARTESIAN_POINT('Ctrl Pts',(7.4936022072656,3.5693856925584,1.08112588481839));
#6649=CARTESIAN_POINT('Ctrl Pts',(6.85067569350806,3.78695117808135,0.798436322525699));
#6650=CARTESIAN_POINT('Ctrl Pts',(6.59560374048119,3.81708811471874,0.651806840770091));
#6651=CARTESIAN_POINT('Ctrl Pts',(6.46985967694282,3.82217615343377,0.57159948730675));
#6652=CARTESIAN_POINT('',(6.43845016334814,3.78938273968734,0.618712470952619));
#6653=CARTESIAN_POINT('Ctrl Pts',(6.46981808872264,3.82213523373277,0.571660685782049));
#6654=CARTESIAN_POINT('Ctrl Pts',(6.46440269310771,3.81673177179259,0.579783779204441));
#6655=CARTESIAN_POINT('Ctrl Pts',(6.4589243362832,3.81116459841498,0.588001314442261));
#6656=CARTESIAN_POINT('Ctrl Pts',(6.44532787570982,3.79701757474777,0.608396005302328));
#6657=CARTESIAN_POINT('Ctrl Pts',(6.44015510212016,3.79131562252729,0.616155165685766));
#6658=CARTESIAN_POINT('Ctrl Pts',(6.43845113173537,3.78938010481091,0.618711121262942));
#6659=CARTESIAN_POINT('',(7.00025069328709,1.78394065974395,5.06165397799385));
#6660=CARTESIAN_POINT('',(6.43845116099888,3.78938013865529,0.618711076159298));
#6661=CARTESIAN_POINT('',(7.51318787777794,1.65540969448317,5.31644346015239));
#6662=CARTESIAN_POINT('Ctrl Pts',(7.00025067641143,1.78394064053878,5.06165400337232));
#6663=CARTESIAN_POINT('Ctrl Pts',(7.00189846841153,1.78400341551794,5.06279722774511));
#6664=CARTESIAN_POINT('Ctrl Pts',(7.00949820710458,1.78414004132891,5.06796092275052));
#6665=CARTESIAN_POINT('Ctrl Pts',(7.03812428827127,1.78282333027332,5.08610772807729));
#6666=CARTESIAN_POINT('Ctrl Pts',(7.05584692779838,1.78113044047094,5.09671844532363));
#6667=CARTESIAN_POINT('Ctrl Pts',(7.11177953110354,1.77451549802424,5.12931370226389));
#6668=CARTESIAN_POINT('Ctrl Pts',(7.16454632647753,1.76611065150174,5.15849407406301));
#6669=CARTESIAN_POINT('Ctrl Pts',(7.32540219757906,1.72566822054174,5.23769729644948));
#6670=CARTESIAN_POINT('Ctrl Pts',(7.42120765302074,1.69315343966753,5.27947445300961));
#6671=CARTESIAN_POINT('Ctrl Pts',(7.51318787789338,1.65540969416761,5.31644345954301));
#6672=CARTESIAN_POINT('',(7.7608051267144,1.74730267825144,4.94501701010151));
#6673=CARTESIAN_POINT('Ctrl Pts',(7.76080540972149,1.74730250272224,4.94501716307066));
#6674=CARTESIAN_POINT('Ctrl Pts',(7.71918977471196,1.73460571347201,5.00744061558496));
#6675=CARTESIAN_POINT('Ctrl Pts',(7.67760429517529,1.72062841057537,5.06981883489424));
#6676=CARTESIAN_POINT('Ctrl Pts',(7.59511900678098,1.6901028193647,5.19354676748571));
#6677=CARTESIAN_POINT('Ctrl Pts',(7.55396250848854,1.67347187249918,5.25528151492008));
#6678=CARTESIAN_POINT('Ctrl Pts',(7.51318787826114,1.6554096937608,5.31644346026119));
#6679=CARTESIAN_POINT('Ctrl Pts',(7.99659003513099,3.32699172863186,1.26647137194301));
#6680=CARTESIAN_POINT('Ctrl Pts',(7.95729238915876,3.06371020819281,1.87956247059473));
#6681=CARTESIAN_POINT('Ctrl Pts',(7.91799474292426,2.80042868863849,2.49265356960957));
#6682=CARTESIAN_POINT('Ctrl Pts',(7.83939946935579,2.27386577532201,3.71883547394033));
#6683=CARTESIAN_POINT('Ctrl Pts',(7.80010184202432,2.0105843815515,4.33192627925283));
#6684=CARTESIAN_POINT('Ctrl Pts',(7.76080421501984,1.74730298668213,4.94501708411441));
#6685=CARTESIAN_POINT('Origin',(2.89038906009535,-2.14273043752655E-13,
5.94080422872298));
#6686=CARTESIAN_POINT('',(6.01388662254238,-4.95387418795868,1.25555788740625));
#6687=CARTESIAN_POINT('Origin',(3.88514978811786,-0.7882604158632,4.47619758616546));
#6688=CARTESIAN_POINT('',(7.99659339042318,-3.3269900869151,1.26647261216136));
#6689=CARTESIAN_POINT('',(8.13439695502846,-2.76899767924373,1.05976099283705));
#6690=CARTESIAN_POINT('Ctrl Pts',(7.99659364875953,-3.32699008689476,1.26647280368832));
#6691=CARTESIAN_POINT('Ctrl Pts',(8.00198794477556,-3.30871034968523,1.25919490163357));
#6692=CARTESIAN_POINT('Ctrl Pts',(8.00729233710595,-3.29043068611072,1.25196868900408));
#6693=CARTESIAN_POINT('Ctrl Pts',(8.01250721977697,-3.27215360834227,1.2447945322434));
#6694=CARTESIAN_POINT('Ctrl Pts',(8.05875566205066,-3.11006244935933,1.18117017178511));
#6695=CARTESIAN_POINT('Ctrl Pts',(8.09971500587178,-2.94193704015884,1.11921044777234));
#6696=CARTESIAN_POINT('Ctrl Pts',(8.13439695463362,-2.76899767937632,1.05976099222099));
#6697=CARTESIAN_POINT('',(7.83317970550931,-1.45425074393582,4.83645514190919));
#6698=CARTESIAN_POINT('Ctrl Pts',(8.13439695473414,-2.76899767845233,1.05976099253807));
#6699=CARTESIAN_POINT('Ctrl Pts',(8.08419395435252,-2.54987303267035,1.68921012280164));
#6700=CARTESIAN_POINT('Ctrl Pts',(8.03399095415547,-2.33074838596374,2.31865925275805));
#6701=CARTESIAN_POINT('Ctrl Pts',(7.93358497774125,-1.89249919777252,3.57755721135759));
#6702=CARTESIAN_POINT('Ctrl Pts',(7.88338200152233,-1.67337465629666,4.20700604000362));
#6703=CARTESIAN_POINT('Ctrl Pts',(7.83317902507528,-1.45425011596968,4.8364548690314));
#6704=CARTESIAN_POINT('',(7.76080585628135,-1.74730263900183,4.94501649378983));
#6705=CARTESIAN_POINT('Origin',(6.82551868474798,-0.820960662116026,6.34812256059782));
#6706=CARTESIAN_POINT('',(7.99659313605692,-3.32699007636039,1.2664724556098));
#6707=CARTESIAN_POINT('Origin',(2.89038906009535,-2.14273043752655E-13,
5.94080422872298));
#6708=CARTESIAN_POINT('',(6.46902534141802,3.82453493726067,0.572849809092788));
#6709=CARTESIAN_POINT('Ctrl Pts',(8.2010756160803,-3.06002573688071,0.223772903024256));
#6710=CARTESIAN_POINT('Ctrl Pts',(8.06910679971052,-2.48401372719906,1.87840153894338));
#6711=CARTESIAN_POINT('Ctrl Pts',(7.93713798334074,-1.90800171751741,3.5330301748625));
#6712=CARTESIAN_POINT('Ctrl Pts',(7.80516916697096,-1.33198970783576,5.18765881078162));
#6713=CARTESIAN_POINT('Ctrl Pts',(7.83590351345763,-2.71333437178501,0.114472944931917));
#6714=CARTESIAN_POINT('Ctrl Pts',(7.77233463687667,-2.20278328388188,1.78976253806114));
#6715=CARTESIAN_POINT('Ctrl Pts',(7.70978334051796,-1.6916305192215,3.4647923566178));
#6716=CARTESIAN_POINT('Ctrl Pts',(7.646214463937,-1.18107943131837,5.14008194974702));
#6717=CARTESIAN_POINT('Ctrl Pts',(7.28595996187413,-2.3639871217053,0.0120590912360815));
#6718=CARTESIAN_POINT('Ctrl Pts',(7.3263696072998,-1.91892683609249,1.70651035698003));
#6719=CARTESIAN_POINT('Ctrl Pts',(7.36642148857027,-1.47407336795948,3.40105125533405));
#6720=CARTESIAN_POINT('Ctrl Pts',(7.40683113399593,-1.02901308234666,5.095502521078));
#6721=CARTESIAN_POINT('Ctrl Pts',(6.88995568221916,-2.24077228390826,-0.0154872678254121));
#6722=CARTESIAN_POINT('Ctrl Pts',(7.00473359024689,-1.81900611504695,1.68419282982784));
#6723=CARTESIAN_POINT('Ctrl Pts',(7.11967767421973,-1.39714542263579,3.38383184886322));
#6724=CARTESIAN_POINT('Ctrl Pts',(7.23445558224746,-0.975379253774482,5.08351194651647));
#6725=CARTESIAN_POINT('Ctrl Pts',(6.82665385031838,-2.23135934596028,-0.0161889677269901));
#6726=CARTESIAN_POINT('Ctrl Pts',(6.95341397393861,-1.81132920727277,1.68360749588006));
#6727=CARTESIAN_POINT('Ctrl Pts',(7.08014098823086,-1.39131206206504,3.38341004199903));
#6728=CARTESIAN_POINT('Ctrl Pts',(7.2069011118511,-0.971281923377523,5.08320650560608));
#6729=CARTESIAN_POINT('Ctrl Pts',(6.82261882108582,-2.2308571560469,-0.01619848503615));
#6730=CARTESIAN_POINT('Ctrl Pts',(6.95012745262583,-1.81092587956124,1.68360179759065));
#6731=CARTESIAN_POINT('Ctrl Pts',(7.07763608416585,-1.39099460307559,3.38340208021745));
#6732=CARTESIAN_POINT('Ctrl Pts',(7.20514471570586,-0.971063326589938,5.08320236284424));
#6733=CARTESIAN_POINT('',(6.86124837298493,-2.2370587782304,-0.015492134677582));
#6734=CARTESIAN_POINT('Ctrl Pts',(8.13439695538387,-2.76899767910621,1.05976099259218));
#6735=CARTESIAN_POINT('Ctrl Pts',(7.95430136185844,-2.63298716699643,0.874758370639122));
#6736=CARTESIAN_POINT('Ctrl Pts',(7.75423293830309,-2.5140659469884,0.690180014537352));
#6737=CARTESIAN_POINT('Ctrl Pts',(7.22327721680838,-2.27825250609853,0.239535604690902));
#6738=CARTESIAN_POINT('Ctrl Pts',(6.98421064821959,-2.24360861604308,0.0689119768657721));
#6739=CARTESIAN_POINT('Ctrl Pts',(6.86110991931143,-2.23796460570038,-0.0152758817036692));
#6740=CARTESIAN_POINT('',(6.82657445331767,-2.21782853067628,0.0365260359983273));
#6741=CARTESIAN_POINT('Ctrl Pts',(6.86106504968599,-2.2379370048623,-0.0152097556629879));
#6742=CARTESIAN_POINT('Ctrl Pts',(6.85521399966861,-2.23429751604591,-0.0064331806369169));
#6743=CARTESIAN_POINT('Ctrl Pts',(6.8492533476595,-2.23068322592334,0.00250779737780556));
#6744=CARTESIAN_POINT('Ctrl Pts',(6.83432381005741,-2.22193398785949,0.0249021037809353));
#6745=CARTESIAN_POINT('Ctrl Pts',(6.82851207783425,-2.21881926444272,0.0336197021146249));
#6746=CARTESIAN_POINT('Ctrl Pts',(6.82657403085204,-2.21783152750268,0.0365267725879366));
#6747=CARTESIAN_POINT('',(7.18296876412174,-1.04409685016135,4.78757687174181));
#6748=CARTESIAN_POINT('',(6.82657406420004,-2.21783154480855,0.036526721357553));
#6749=CARTESIAN_POINT('',(7.62961122618442,-1.18399979764298,5.14180843754338));
#6750=CARTESIAN_POINT('Ctrl Pts',(7.18296874492284,-1.04409684036322,4.78757690060515));
#6751=CARTESIAN_POINT('Ctrl Pts',(7.1846492375039,-1.04402719851395,4.78867106933285));
#6752=CARTESIAN_POINT('Ctrl Pts',(7.19232013356389,-1.0438756629859,4.79372800977405));
#6753=CARTESIAN_POINT('Ctrl Pts',(7.22026038115914,-1.04533613731416,4.81290367734592));
#6754=CARTESIAN_POINT('Ctrl Pts',(7.2371012269928,-1.04721349548527,4.82483698345042));
#6755=CARTESIAN_POINT('Ctrl Pts',(7.28959095725279,-1.05454146560798,4.86259785420771));
#6756=CARTESIAN_POINT('Ctrl Pts',(7.33797707148576,-1.06387357547319,4.89834882844942));
#6757=CARTESIAN_POINT('Ctrl Pts',(7.47788036243511,-1.10826906618735,5.0089802993645));
#6758=CARTESIAN_POINT('Ctrl Pts',(7.55690865451402,-1.14368699449971,5.07592329798532));
#6759=CARTESIAN_POINT('Ctrl Pts',(7.62961122606507,-1.18399979827798,5.14180843728655));
#6760=CARTESIAN_POINT('Ctrl Pts',(7.83317991070723,-1.45425088346366,4.83645541159205));
#6761=CARTESIAN_POINT('Ctrl Pts',(7.80009971387486,-1.40699325640025,4.8860757068406));
#6762=CARTESIAN_POINT('Ctrl Pts',(7.76651184569875,-1.36063282140659,4.93645750910908));
#6763=CARTESIAN_POINT('Ctrl Pts',(7.698735112701,-1.27055083617186,5.03812260860571));
#6764=CARTESIAN_POINT('Ctrl Pts',(7.66434039215902,-1.22654067286098,5.08971468941437));
#6765=CARTESIAN_POINT('Ctrl Pts',(7.62961122633713,-1.18399979825773,5.1418084381472));
#6766=CARTESIAN_POINT('Origin',(5.54304214582499,-4.95407959197639,0.98641104345532));
#6767=CARTESIAN_POINT('',(5.58981369816314,-4.97045380885135,0.990279452755303));
#6768=CARTESIAN_POINT('Origin',(7.50000000000248,-2.14273043752655E-13,
9.01387818866107));
#6769=CARTESIAN_POINT('',(5.29272450721278,-4.52933572650632,1.43591323918083));
#6770=CARTESIAN_POINT('',(5.58981369816313,-4.97045380885135,0.990279452755303));
#6771=CARTESIAN_POINT('',(6.35252089435856,-2.34169834303643,5.09241849095829));
#6772=CARTESIAN_POINT('',(6.35252089433889,-2.34169834302793,5.0924184909589));
#6773=CARTESIAN_POINT('',(6.34450861119531,-2.32980170358271,5.10443691573206));
#6774=CARTESIAN_POINT('',(6.35252089437214,-2.34169834303588,5.0924184909668));
#6775=CARTESIAN_POINT('',(6.78686005565779,-2.31260080229167,5.38101927109179));
#6776=CARTESIAN_POINT('Origin',(7.50001319572284,-1.24465396625362E-5,9.01386836297828));
#6777=CARTESIAN_POINT('',(5.98540689596371,-4.91158748582747,1.29827747610065));
#6778=CARTESIAN_POINT('',(5.98540689651747,-4.91158748580536,1.29827747644769));
#6779=CARTESIAN_POINT('',(5.98540689541002,-4.9115874858497,1.29827747575349));
#6780=CARTESIAN_POINT('Origin',(6.0125605147434,3.78906000354608,0.282133490077783));
#6781=CARTESIAN_POINT('',(6.05925989307132,3.80561330635502,0.286110160393019));
#6782=CARTESIAN_POINT('Origin',(7.49999999999202,-2.14273043752655E-13,
9.0138781886541));
#6783=CARTESIAN_POINT('',(5.73474189456686,3.43255453798655,0.772887158149713));
#6784=CARTESIAN_POINT('',(6.05925989307132,3.80561330635502,0.286110160393019));
#6785=CARTESIAN_POINT('',(6.58123922660495,1.77417776250209,4.74934099258871));
#6786=CARTESIAN_POINT('',(6.58123922658517,1.77417776249385,4.74934099258948));
#6787=CARTESIAN_POINT('',(6.57248720810241,1.76411663411154,4.76246902037141));
#6788=CARTESIAN_POINT('',(6.58123922661807,1.77417776250269,4.74934099259791));
#6789=CARTESIAN_POINT('',(6.99992221280234,1.78392801106866,5.06142603537499));
#6790=CARTESIAN_POINT('Origin',(7.50008486411347,-0.000166367335241446,
9.01427705917255));
#6791=CARTESIAN_POINT('',(6.4379162195513,3.78877257415271,0.619513490719253));
#6792=CARTESIAN_POINT('',(6.43791622008634,3.78877257417706,0.619513491094374));
#6793=CARTESIAN_POINT('',(6.43791621901635,3.78877257412846,0.619513490344001));
#6794=CARTESIAN_POINT('Origin',(2.89038906009535,-2.14273043752655E-13,
5.94080422872298));
#6795=CARTESIAN_POINT('',(6.86152378642555,-2.23526933543476,-0.0158978584185107));
#6796=CARTESIAN_POINT('Origin',(6.39251125014809,-2.25060133740885,-0.287792613029343));
#6797=CARTESIAN_POINT('',(6.44188727144622,-2.25631664415708,-0.287830907169327));
#6798=CARTESIAN_POINT('Origin',(7.49999999999865,-2.14273043752655E-13,
9.01387818865852));
#6799=CARTESIAN_POINT('',(6.07095909815145,-2.07117733204879,0.268561352772828));
#6800=CARTESIAN_POINT('',(6.44188727144622,-2.25631664415708,-0.287830907169327));
#6801=CARTESIAN_POINT('',(6.75489769005263,-1.07101721260965,4.48885329741718));
#6802=CARTESIAN_POINT('',(6.75489769003158,-1.07101721260653,4.48885329741985));
#6803=CARTESIAN_POINT('',(6.74489402230153,-1.06602413766393,4.50385879907273));
#6804=CARTESIAN_POINT('',(6.75489769006607,-1.07101721260896,4.48885329742592));
#6805=CARTESIAN_POINT('',(7.18263370196272,-1.04411085134587,4.78735880163439));
#6806=CARTESIAN_POINT('Origin',(7.50003635870507,2.9647572966085E-5,9.01401055974162));
#6807=CARTESIAN_POINT('',(6.82596566706254,-2.21752140976781,0.0374393194524033));
#6808=CARTESIAN_POINT('',(6.82596566761042,-2.21752140974012,0.0374393198082521));
#6809=CARTESIAN_POINT('',(6.82596566651474,-2.21752140979554,0.0374393190964134));
#6810=CARTESIAN_POINT('Origin',(6.5585892013142,-0.842026619824718,-0.536913255028805));
#6811=CARTESIAN_POINT('',(6.607940012223,-0.847958166305158,-0.536910018334499));
#6812=CARTESIAN_POINT('',(7.02270568226376,-0.868006208226045,-0.25761716024725));
#6813=CARTESIAN_POINT('Origin',(7.50000000000294,-2.14273043752655E-13,
9.01387818866138));
#6814=CARTESIAN_POINT('',(6.98665303434824,-0.860139099647182,-0.203591813938408));
#6815=CARTESIAN_POINT('',(6.98665274872423,-0.860143217515931,-0.203591301867502));
#6816=CARTESIAN_POINT('',(6.98602748986103,-0.859974263618857,-0.202653413568657));
#6817=CARTESIAN_POINT('',(6.98602748986058,-0.859974263618804,-0.202653413568637));
#6818=CARTESIAN_POINT('',(7.25799815380705,-0.404915351246943,4.6743121238679));
#6819=CARTESIAN_POINT('',(6.98602748986058,-0.859974263618806,-0.202653413568657));
#6820=CARTESIAN_POINT('',(6.82553472461304,-0.382078686182217,4.38289774560545));
#6821=CARTESIAN_POINT('Origin',(7.50001897633927,-4.31652948038042E-6,9.01385783526699));
#6822=CARTESIAN_POINT('',(6.83580005191506,-0.384852523763271,4.36749975462354));
#6823=CARTESIAN_POINT('',(6.82553472461304,-0.382078686182217,4.38289774560545));
#6824=CARTESIAN_POINT('',(6.22730970752316,-0.745106439175334,0.0340354387152576));
#6825=CARTESIAN_POINT('',(6.83580005189398,-0.384852523760465,4.36749975462627));
#6826=CARTESIAN_POINT('',(6.607940012223,-0.847958166305158,-0.536910018334499));
#6827=CARTESIAN_POINT('Origin',(2.89038906009535,-2.14273043752655E-13,
5.94080422872298));
#6828=CARTESIAN_POINT('Ctrl Pts',(6.98665323571119,-0.860137045768034,-0.203592034700781));
#6829=CARTESIAN_POINT('Ctrl Pts',(6.9885766515784,-0.860635727236744,-0.206477158501594));
#6830=CARTESIAN_POINT('Ctrl Pts',(6.9943339582549,-0.861861441570416,-0.215113118516121));
#6831=CARTESIAN_POINT('Ctrl Pts',(7.00979441889147,-0.864551884271372,-0.238303809470972));
#6832=CARTESIAN_POINT('Ctrl Pts',(7.01633351287162,-0.865583213180537,-0.248112450441429));
#6833=CARTESIAN_POINT('Ctrl Pts',(7.02271660526149,-0.866518123905541,-0.257687089026234));
#6834=CARTESIAN_POINT('Ctrl Pts',(6.98363818295251,-0.865188740565924,-0.257727527830321));
#6835=CARTESIAN_POINT('Ctrl Pts',(6.9871095660797,-0.859372273320129,-0.195396630030365));
#6836=CARTESIAN_POINT('Ctrl Pts',(6.99405233233408,-0.84773933882854,-0.0707348344304528));
#6837=CARTESIAN_POINT('Ctrl Pts',(7.00793786484285,-0.824473469845362,0.178588756769372));
#6838=CARTESIAN_POINT('Ctrl Pts',(7.0252947804788,-0.79539113361639,0.490243245769153));
#6839=CARTESIAN_POINT('Ctrl Pts',(7.04265169611475,-0.766308797387417,0.801897734768934));
#6840=CARTESIAN_POINT('Ctrl Pts',(7.05653722862352,-0.743042928404239,1.05122132596876));
#6841=CARTESIAN_POINT('Ctrl Pts',(7.1329076574217,-0.615080648996758,2.42250107756779));
#6842=CARTESIAN_POINT('Ctrl Pts',(7.2058067030927,-0.492934836835072,3.73144993136687));
#6843=CARTESIAN_POINT('Ctrl Pts',(7.27523436563651,-0.376605491919181,4.97806788736599));
#6844=CARTESIAN_POINT('Ctrl Pts',(6.99172093116356,-0.866085493679453,-0.257727527830321));
#6845=CARTESIAN_POINT('Ctrl Pts',(6.9951275419442,-0.860252833649888,-0.195396630030365));
#6846=CARTESIAN_POINT('Ctrl Pts',(7.0019517100321,-0.848598177112276,-0.0707348344304528));
#6847=CARTESIAN_POINT('Ctrl Pts',(7.01558617002052,-0.825275346596521,0.178588756769372));
#6848=CARTESIAN_POINT('Ctrl Pts',(7.03266593818274,-0.796157552984559,0.490243245769153));
#6849=CARTESIAN_POINT('Ctrl Pts',(7.04971744049929,-0.767012224295602,0.801897734768934));
#6850=CARTESIAN_POINT('Ctrl Pts',(7.06335452968529,-0.743691955003679,1.05122132596876));
#6851=CARTESIAN_POINT('Ctrl Pts',(7.13835021186007,-0.615422380349116,2.42250107756779));
#6852=CARTESIAN_POINT('Ctrl Pts',(7.21062046599731,-0.493649037566543,3.73144993136687));
#6853=CARTESIAN_POINT('Ctrl Pts',(7.27875268161007,-0.376995836975255,4.97806788736599));
#6854=CARTESIAN_POINT('Ctrl Pts',(7.10351037010349,-0.87218988057472,-0.257727527830321));
#6855=CARTESIAN_POINT('Ctrl Pts',(7.10617577813474,-0.866326262145902,-0.195396630030365));
#6856=CARTESIAN_POINT('Ctrl Pts',(7.1115067008193,-0.854599113531044,-0.0707348344304527));
#6857=CARTESIAN_POINT('Ctrl Pts',(7.12216841103068,-0.831144704441796,0.178588756769372));
#6858=CARTESIAN_POINT('Ctrl Pts',(7.13549590619613,-0.801826988873411,0.490243245769153));
#6859=CARTESIAN_POINT('Ctrl Pts',(7.14882312604479,-0.772509045446744,0.801897734768934));
#6860=CARTESIAN_POINT('Ctrl Pts',(7.15948486186525,-0.749054657552138,1.05122132596876));
#6861=CARTESIAN_POINT('Ctrl Pts',(7.21812432795227,-0.620055457156062,2.42250107756779));
#6862=CARTESIAN_POINT('Ctrl Pts',(7.27410502090771,-0.49692536637881,3.73144993136687));
#6863=CARTESIAN_POINT('Ctrl Pts',(7.32741318153267,-0.379652997802445,4.978067887366));
#6864=CARTESIAN_POINT('Ctrl Pts',(7.56813612236386,-0.799573685489267,-0.257727527830321));
#6865=CARTESIAN_POINT('Ctrl Pts',(7.56767514166055,-0.794195493952825,-0.195396630030365));
#6866=CARTESIAN_POINT('Ctrl Pts',(7.56675624062014,-0.783442089782655,-0.0707348344304528));
#6867=CARTESIAN_POINT('Ctrl Pts',(7.5649145591156,-0.761931505284483,0.178588756769372));
#6868=CARTESIAN_POINT('Ctrl Pts',(7.56262271569975,-0.735053260057816,0.490243245769153));
#6869=CARTESIAN_POINT('Ctrl Pts',(7.56032296988324,-0.708167322783499,0.801897734768934));
#6870=CARTESIAN_POINT('Ctrl Pts',(7.55848202343446,-0.686657453774728,1.05122132596876));
#6871=CARTESIAN_POINT('Ctrl Pts',(7.5483544951665,-0.568350913257163,2.42250107756779));
#6872=CARTESIAN_POINT('Ctrl Pts',(7.5388783887095,-0.455607936055917,3.73144993136687));
#6873=CARTESIAN_POINT('Ctrl Pts',(7.52965877464323,-0.348044105327066,4.97806788736599));
#6874=CARTESIAN_POINT('Ctrl Pts',(8.08403716205921,-0.608815494852126,-0.257727527830321));
#6875=CARTESIAN_POINT('Ctrl Pts',(8.08010042729841,-0.604712003180354,-0.195396630030365));
#6876=CARTESIAN_POINT('Ctrl Pts',(8.07223785373951,-0.596516102347842,-0.070734834430453));
#6877=CARTESIAN_POINT('Ctrl Pts',(8.05649889453086,-0.580110252117008,0.178588756769371));
#6878=CARTESIAN_POINT('Ctrl Pts',(8.03686171920454,-0.559640088330103,0.490243245769152));
#6879=CARTESIAN_POINT('Ctrl Pts',(8.01719640859745,-0.53914130756202,0.801897734768933));
#6880=CARTESIAN_POINT('Ctrl Pts',(8.00146006644165,-0.522738119190246,1.05122132596876));
#6881=CARTESIAN_POINT('Ctrl Pts',(7.91490191461431,-0.432512171585973,2.42250107756779));
#6882=CARTESIAN_POINT('Ctrl Pts',(7.83295853378855,-0.347079360462829,3.73144993136687));
#6883=CARTESIAN_POINT('Ctrl Pts',(7.75422383857252,-0.265009527027397,4.97806788736599));
#6884=CARTESIAN_POINT('Ctrl Pts',(8.52207590343104,-0.337496293379906,-0.257727527830321));
#6885=CARTESIAN_POINT('Ctrl Pts',(8.51520471944969,-0.335227382512276,-0.195396630030365));
#6886=CARTESIAN_POINT('Ctrl Pts',(8.50146235148698,-0.330689560777015,-0.0707348344304529));
#6887=CARTESIAN_POINT('Ctrl Pts',(8.47397761556158,-0.321613917306495,0.178588756769372));
#6888=CARTESIAN_POINT('Ctrl Pts',(8.43962169565482,-0.310269362968344,0.490243245769153));
#6889=CARTESIAN_POINT('Ctrl Pts',(8.40526577574806,-0.298924808630193,0.801897734768934));
#6890=CARTESIAN_POINT('Ctrl Pts',(8.37778103982266,-0.289849165159672,1.05122132596876));
#6891=CARTESIAN_POINT('Ctrl Pts',(8.22661499223292,-0.239933126071808,2.42250107756779));
#6892=CARTESIAN_POINT('Ctrl Pts',(8.08232012862452,-0.192285997851574,3.73144993136687));
#6893=CARTESIAN_POINT('Ctrl Pts',(7.94489644899749,-0.146907780498971,4.97806788736599));
#6894=CARTESIAN_POINT('',(8.4248707629702,-0.305398428186374,0.62405655334086));
#6895=CARTESIAN_POINT('Ctrl Pts',(7.02286318679513,-0.866522743535302,-0.257727527830321));
#6896=CARTESIAN_POINT('Ctrl Pts',(7.05527245131148,-0.864699191299446,-0.236376272405138));
#6897=CARTESIAN_POINT('Ctrl Pts',(7.08952762381118,-0.861314685326154,-0.214011925667097));
#6898=CARTESIAN_POINT('Ctrl Pts',(7.39522573177779,-0.821668457421453,-0.0156937707453826));
#6899=CARTESIAN_POINT('Ctrl Pts',(7.66984872301304,-0.71503087470973,0.153609744581928));
#6900=CARTESIAN_POINT('Ctrl Pts',(8.05891516652456,-0.534529007029113,0.394893732916501));
#6901=CARTESIAN_POINT('Ctrl Pts',(8.24700110550387,-0.427298910155293,0.511447450492107));
#6902=CARTESIAN_POINT('Ctrl Pts',(8.42487050748658,-0.305398422059738,0.624056400043182));
#6903=CARTESIAN_POINT('',(7.98573294142015,-0.160392264109242,4.60762586608381));
#6904=CARTESIAN_POINT('',(8.42487050675742,-0.305398422559453,0.624056399581629));
#6905=CARTESIAN_POINT('',(7.73879423966781,-0.257909053098669,4.97803391763786));
#6906=CARTESIAN_POINT('Ctrl Pts',(7.73879423985986,-0.257909052648001,4.9780339178631));
#6907=CARTESIAN_POINT('Ctrl Pts',(7.78011961635145,-0.244538910810149,4.91604585312571));
#6908=CARTESIAN_POINT('Ctrl Pts',(7.82146224646669,-0.229581911651209,4.85403190795287));
#6909=CARTESIAN_POINT('Ctrl Pts',(7.90370663777138,-0.197020121996699,4.73066532099583));
#6910=CARTESIAN_POINT('Ctrl Pts',(7.94484922923968,-0.179307224251287,4.66895143379337));
#6911=CARTESIAN_POINT('Ctrl Pts',(7.98573294115761,-0.160392264084307,4.60762586591647));
#6912=CARTESIAN_POINT('',(7.25832983507795,-0.404929932729424,4.67453528494456));
#6913=CARTESIAN_POINT('Ctrl Pts',(7.73879423967832,-0.257909052778084,4.97803391735386));
#6914=CARTESIAN_POINT('Ctrl Pts',(7.63833743773928,-0.309858250095072,4.91567599930479));
#6915=CARTESIAN_POINT('Ctrl Pts',(7.52608362411432,-0.355761621994555,4.84645796450503));
#6916=CARTESIAN_POINT('Ctrl Pts',(7.38225688516851,-0.390883626640405,4.7552076084822));
#6917=CARTESIAN_POINT('Ctrl Pts',(7.34464236779001,-0.397928668203797,4.73110272512888));
#6918=CARTESIAN_POINT('Ctrl Pts',(7.27901416939272,-0.404939390305681,4.68832453677286));
#6919=CARTESIAN_POINT('Ctrl Pts',(7.2610662799966,-0.405072484902688,4.67637953799644));
#6920=CARTESIAN_POINT('Ctrl Pts',(7.25832983461489,-0.404929932918142,4.67453528561705));
#6921=CARTESIAN_POINT('',(6.98665325935807,-0.860137052122801,-0.203592071399091));
#6922=CARTESIAN_POINT('Origin',(2.89038906009535,-2.14273043752655E-13,
5.94080422872298));
#6923=CARTESIAN_POINT('',(6.82657431739644,2.21782953640919,0.0365262614958517));
#6924=CARTESIAN_POINT('',(6.86128717250017,2.23706234229458,-0.0154887044149534));
#6925=CARTESIAN_POINT('Ctrl Pts',(6.82657404120295,2.21783153286471,0.0365267570615726));
#6926=CARTESIAN_POINT('Ctrl Pts',(6.82844381954941,2.21878638393179,0.0337220895418877));
#6927=CARTESIAN_POINT('Ctrl Pts',(6.8339795281662,2.22188875295755,0.0254185266169348));
#6928=CARTESIAN_POINT('Ctrl Pts',(6.84870951633034,2.2307690043752,0.00332354437072574));
#6929=CARTESIAN_POINT('Ctrl Pts',(6.85491618189952,2.23462273128529,-0.00598645398328362));
#6930=CARTESIAN_POINT('Ctrl Pts',(6.86095832614475,2.2384499562002,-0.0150496703511314));
#6931=CARTESIAN_POINT('',(6.82657498885832,2.21782553680866,0.0365253379314564));
#6932=CARTESIAN_POINT('Origin',(2.89038906009535,-2.14273043752655E-13,
5.94080422872298));
#6933=CARTESIAN_POINT('',(6.98665293053712,0.860140125339894,-0.203591679750307));
#6934=CARTESIAN_POINT('',(7.02264507537305,0.868253941589659,-0.257596657289193));
#6935=CARTESIAN_POINT('',(7.02251567968758,0.869833891970249,-0.257385698311545));
#6936=CARTESIAN_POINT('Ctrl Pts',(7.02270012160083,0.867031636975399,-0.257662363535238));
#6937=CARTESIAN_POINT('Ctrl Pts',(7.01653720467181,0.866064112041392,-0.248417988141707));
#6938=CARTESIAN_POINT('Ctrl Pts',(7.01027167309244,0.86499602719069,-0.239019690769102));
#6939=CARTESIAN_POINT('Ctrl Pts',(6.99463854633341,0.86205231128286,-0.215570000630555));
#6940=CARTESIAN_POINT('Ctrl Pts',(6.98863072613239,0.86065116708913,-0.20655827033258));
#6941=CARTESIAN_POINT('Ctrl Pts',(6.98665322456809,0.86013704293368,-0.203592017986126));
#6942=CARTESIAN_POINT('Origin',(2.89038906009535,-2.14273043752655E-13,
5.94080422872298));
#6943=CARTESIAN_POINT('',(5.9858934054459,4.91231529814206,1.29754763146148));
#6944=CARTESIAN_POINT('',(6.01315606921957,4.95547373827318,1.25665407657042));
#6945=CARTESIAN_POINT('Ctrl Pts',(5.98589270545811,4.91231689267164,1.29754876067884));
#6946=CARTESIAN_POINT('Ctrl Pts',(5.98740891039741,4.91459312032883,1.29527445326988));
#6947=CARTESIAN_POINT('Ctrl Pts',(5.99186058081427,4.92145998648171,1.28859694764478));
#6948=CARTESIAN_POINT('Ctrl Pts',(6.00342085053413,4.94020564130947,1.27125654306499));
#6949=CARTESIAN_POINT('Ctrl Pts',(6.00820016318473,4.94812221905265,1.26408757408891));
#6950=CARTESIAN_POINT('Ctrl Pts',(6.01286544522582,4.95597525868914,1.25708965102727));
#6951=CARTESIAN_POINT('',(5.98589492297043,4.91231210750652,1.2975454367633));
#6952=CARTESIAN_POINT('Origin',(2.89038906009535,-2.14273043752655E-13,
5.94080422872298));
#6953=CARTESIAN_POINT('',(4.60997166199833,6.7574171172016,3.36143024610546));
#6954=CARTESIAN_POINT('',(4.62530834782011,6.81668633493419,3.33841293086071));
#6955=CARTESIAN_POINT('Ctrl Pts',(4.6099706661121,6.75741803353889,3.36143181969785));
#6956=CARTESIAN_POINT('Ctrl Pts',(4.61083480771427,6.76058313082068,3.3601356072946));
#6957=CARTESIAN_POINT('Ctrl Pts',(4.61334170844125,6.77011223528356,3.35637525620429));
#6958=CARTESIAN_POINT('Ctrl Pts',(4.61967125501783,6.79574403038429,3.34688093633942));
#6959=CARTESIAN_POINT('Ctrl Pts',(4.6222533698915,6.80649443158169,3.34300776402875));
#6960=CARTESIAN_POINT('Ctrl Pts',(4.62474568551666,6.81709230695377,3.33926929059102));
#6961=CARTESIAN_POINT('',(4.60997377179124,6.75741528786201,3.36142716353208));
#6962=CARTESIAN_POINT('Origin',(2.89038906009535,-2.14273043752655E-13,
5.94080422872298));
#6963=CARTESIAN_POINT('',(2.93671845881247,7.4341001277145,5.87131005088424));
#6964=CARTESIAN_POINT('',(2.93735661043139,7.49949509758836,5.87034054144189));
#6965=CARTESIAN_POINT('Ctrl Pts',(2.93671734546684,7.43410020759796,5.87131180066575));
#6966=CARTESIAN_POINT('Ctrl Pts',(2.93679267465108,7.4376251155616,5.87119880688939));
#6967=CARTESIAN_POINT('Ctrl Pts',(2.93693283783891,7.4481684693425,5.8709885621078));
#6968=CARTESIAN_POINT('Ctrl Pts',(2.93693202358395,7.47622553994539,5.87098978349025));
#6969=CARTESIAN_POINT('Ctrl Pts',(2.93686536279903,7.48793999962297,5.87108977466746));
#6970=CARTESIAN_POINT('Ctrl Pts',(2.93675108893594,7.49944919251987,5.8712611854621));
#6971=CARTESIAN_POINT('',(2.9367208093287,7.43409997572612,5.87130662184672));
#6972=CARTESIAN_POINT('Origin',(2.89038906009535,-2.14273043752655E-13,
5.94080422872298));
#6973=CARTESIAN_POINT('',(1.2554544753339,6.82535968946612,8.3932060261021));
#6974=CARTESIAN_POINT('',(1.24128275113332,6.88557305439043,8.41445132243881));
#6975=CARTESIAN_POINT('Ctrl Pts',(1.25545344340153,6.82535891908317,8.39320765376371));
#6976=CARTESIAN_POINT('Ctrl Pts',(1.25472698097903,6.82863431942715,8.39429734739746));
#6977=CARTESIAN_POINT('Ctrl Pts',(1.25247626798136,6.838368928823,8.39767341689413));
#6978=CARTESIAN_POINT('Ctrl Pts',(1.24614537618945,6.86399974150406,8.407169754582));
#6979=CARTESIAN_POINT('Ctrl Pts',(1.24344149912999,6.87465255311065,8.41122557017103));
#6980=CARTESIAN_POINT('Ctrl Pts',(1.24074043682383,6.885082932117,8.41527716363027));
#6981=CARTESIAN_POINT('',(1.25545665679426,6.82536124126951,8.39320284241484));
#6982=CARTESIAN_POINT('Origin',(2.89038906009535,-2.14273043752655E-13,
5.94080422872298));
#6983=CARTESIAN_POINT('',(-0.143114019522648,5.03645329347689,10.4910588650704));
#6984=CARTESIAN_POINT('',(-0.169646640875098,5.0810728558959,10.5308454174916));
#6985=CARTESIAN_POINT('Ctrl Pts',(-0.143115232980693,5.03645105889576,10.491060668337));
#6986=CARTESIAN_POINT('Ctrl Pts',(-0.144517950969757,5.03891073742691,10.4931647453206));
#6987=CARTESIAN_POINT('Ctrl Pts',(-0.148770371546523,5.04615358968856,10.499543376186));
#6988=CARTESIAN_POINT('Ctrl Pts',(-0.160336516012897,5.06492652407326,10.5168925928855));
#6989=CARTESIAN_POINT('Ctrl Pts',(-0.165209983981127,5.07267572395393,10.5242027948377));
#6990=CARTESIAN_POINT('Ctrl Pts',(-0.170030737109823,5.0802238270861,10.5314339245307));
#6991=CARTESIAN_POINT('',(-0.143112827013431,5.03645554162531,10.4910570651962));
#6992=CARTESIAN_POINT('Origin',(2.89038906009535,-2.14273043752655E-13,
5.94080422872298));
#6993=CARTESIAN_POINT('',(-1.01716310628592,2.37669701805763,11.8021323985318));
#6994=CARTESIAN_POINT('',(-1.0514690407139,2.3980089634628,11.8535790284616));
#6995=CARTESIAN_POINT('Ctrl Pts',(-1.01716346703362,2.37669507074701,11.8021330194164));
#6996=CARTESIAN_POINT('Ctrl Pts',(-1.01899998009372,2.37791362920835,11.8048877890066));
#6997=CARTESIAN_POINT('Ctrl Pts',(-1.02451890753495,2.38141239863668,11.8131661801686));
#6998=CARTESIAN_POINT('Ctrl Pts',(-1.03932047154227,2.39008173181787,11.8353685261796));
#6999=CARTESIAN_POINT('Ctrl Pts',(-1.04552084584999,2.39358757647008,11.844669087641));
#7000=CARTESIAN_POINT('Ctrl Pts',(-1.05162774891072,2.3969483729104,11.8538294422321));
#7001=CARTESIAN_POINT('',(-1.01716227465573,2.37670092407532,11.8021312355963));
#7002=CARTESIAN_POINT('Origin',(2.89038906009535,-2.14273043752655E-13,
5.94080422872298));
#7003=CARTESIAN_POINT('',(-1.21556047845005,-0.694011024385093,12.0997284573054));
#7004=CARTESIAN_POINT('',(-1.25170860091964,-0.699703879647573,12.153939068108));
#7005=CARTESIAN_POINT('Ctrl Pts',(-1.21556036587947,-0.69401309487658,12.0997283676852));
#7006=CARTESIAN_POINT('Ctrl Pts',(-1.21752916014923,-0.694247963685587,
12.1026815590898));
#7007=CARTESIAN_POINT('Ctrl Pts',(-1.22336954420277,-0.695086175107708,
12.1114421351703));
#7008=CARTESIAN_POINT('Ctrl Pts',(-1.2388339240953,-0.698001898530142,12.1346387050091));
#7009=CARTESIAN_POINT('Ctrl Pts',(-1.24528162353981,-0.699342144507183,
12.1443102541757));
#7010=CARTESIAN_POINT('Ctrl Pts',(-1.25161635542889,-0.700751816734483,
12.1538123520093));
#7011=CARTESIAN_POINT('',(-1.21556059664182,-0.694006874862645,12.0997287185753));
#7012=CARTESIAN_POINT('Origin',(2.89038906009535,-2.14273043752655E-13,
5.94080422872298));
#7013=CARTESIAN_POINT('',(-0.704001880392795,-3.64471825597328,11.3323905602195));
#7014=CARTESIAN_POINT('',(-0.73574098938555,-3.67642050208404,11.3799876313536));
#7015=CARTESIAN_POINT('Ctrl Pts',(-0.704001307254895,-3.64472009173391,
11.3323897797484));
#7016=CARTESIAN_POINT('Ctrl Pts',(-0.705746862961236,-3.64637824800454,
11.3350081133079));
#7017=CARTESIAN_POINT('Ctrl Pts',(-0.710893178635712,-3.65142652259127,
11.3427275868198));
#7018=CARTESIAN_POINT('Ctrl Pts',(-0.724362673127335,-3.66542972009232,
11.3629318285572));
#7019=CARTESIAN_POINT('Ctrl Pts',(-0.729950543450764,-3.67138203986506,
11.3713136340422));
#7020=CARTESIAN_POINT('Ctrl Pts',(-0.735419538706249,-3.67731495319329,
11.3795171269254));
#7021=CARTESIAN_POINT('',(-0.704002920739185,-3.64471458023932,11.3323922057848));
#7022=CARTESIAN_POINT('Origin',(2.89038906009535,-2.14273043752655E-13,
5.94080422872298));
#7023=CARTESIAN_POINT('',(0.429059558968213,-5.96522058987811,9.63279840117801));
#7024=CARTESIAN_POINT('',(0.407254552592658,-6.01750119638781,9.66549728406637));
#7025=CARTESIAN_POINT('Ctrl Pts',(0.429060499895889,-5.96522187348789,9.63279706902217));
#7026=CARTESIAN_POINT('Ctrl Pts',(0.427839997431546,-5.96801653417331,9.63462782271869));
#7027=CARTESIAN_POINT('Ctrl Pts',(0.424277620083398,-5.97640194104792,9.63997138874109));
#7028=CARTESIAN_POINT('Ctrl Pts',(0.415132111871358,-5.99907123675135,9.65368965105915));
#7029=CARTESIAN_POINT('Ctrl Pts',(0.411370326273929,-6.00860641149916,9.65933232945511));
#7030=CARTESIAN_POINT('Ctrl Pts',(0.407712771442254,-6.01803668151643,9.66481866170263));
#7031=CARTESIAN_POINT('',(0.429057783944332,-5.96521802346529,9.63280115168931));
#7032=CARTESIAN_POINT('Origin',(2.89038906009535,-2.14273043752655E-13,
5.94080422872298));
#7033=CARTESIAN_POINT('',(1.98770722253135,-7.25428209005433,7.29482690378103));
#7034=CARTESIAN_POINT('',(1.97963220838211,-7.31805669802996,7.30699592459558));
#7035=CARTESIAN_POINT('Ctrl Pts',(1.98770837596855,-7.25428259850347,7.29482525491318));
#7036=CARTESIAN_POINT('Ctrl Pts',(1.98723208382904,-7.25767996341281,7.29553969312244));
#7037=CARTESIAN_POINT('Ctrl Pts',(1.98595596021336,-7.26787298586233,7.29745387854623));
#7038=CARTESIAN_POINT('Ctrl Pts',(1.98286070638332,-7.29530846041546,7.3020967592913));
#7039=CARTESIAN_POINT('Ctrl Pts',(1.98160990994877,-7.3069281460676,7.30397295394286));
#7040=CARTESIAN_POINT('Ctrl Pts',(1.98042873559453,-7.31827630111992,7.30574471547421));
#7041=CARTESIAN_POINT('',(1.98770502974507,-7.25428107815411,7.29483029122216));
#7042=CARTESIAN_POINT('Origin',(2.89038906009535,-2.14273043752655E-13,
5.94080422872298));
#7043=CARTESIAN_POINT('',(3.70243677136415,-7.28901231635373,4.7227325825841));
#7044=CARTESIAN_POINT('',(3.70939613931131,-7.3532022731247,4.71228489139082));
#7045=CARTESIAN_POINT('Ctrl Pts',(3.70243794220073,-7.28901196366756,4.72273090556491));
#7046=CARTESIAN_POINT('Ctrl Pts',(3.7027732937421,-7.29251714312444,4.72222787825285));
#7047=CARTESIAN_POINT('Ctrl Pts',(3.70384623485994,-7.30290069753973,4.72061846657627));
#7048=CARTESIAN_POINT('Ctrl Pts',(3.7070714131961,-7.33032189785803,4.71578069907204));
#7049=CARTESIAN_POINT('Ctrl Pts',(3.70848486079976,-7.34174191366959,4.71366052766637));
#7050=CARTESIAN_POINT('Ctrl Pts',(3.70992480683552,-7.35295210571317,4.71150060861273));
#7051=CARTESIAN_POINT('',(3.70243453635457,-7.28901303147954,4.72273601668709));
#7052=CARTESIAN_POINT('Origin',(2.89038906009535,-2.14273043752655E-13,
5.94080422872298));
#7053=CARTESIAN_POINT('',(5.27675588667762,-6.06340609314697,2.3612539096139));
#7054=CARTESIAN_POINT('',(5.29771526667924,-6.11679620135333,2.32981528149501));
#7055=CARTESIAN_POINT('Ctrl Pts',(5.2767568798798,-6.06340493924578,2.3612524990463));
#7056=CARTESIAN_POINT('Ctrl Pts',(5.27785409680216,-6.06636126359603,2.35960667366276));
#7057=CARTESIAN_POINT('Ctrl Pts',(5.2811769593519,-6.07506043765056,2.35462237983834));
#7058=CARTESIAN_POINT('Ctrl Pts',(5.2903098564101,-6.09774626879483,2.34092303425103));
#7059=CARTESIAN_POINT('Ctrl Pts',(5.29417756555926,-6.10714259858267,2.33512147052711));
#7060=CARTESIAN_POINT('Ctrl Pts',(5.29802214288391,-6.11632783832037,2.32935460454014));
#7061=CARTESIAN_POINT('',(5.27675400949482,-6.06340841289027,2.36125680697672));
#7062=CARTESIAN_POINT('Origin',(2.89038906009535,-2.14273043752655E-13,
5.94080422872298));
#7063=CARTESIAN_POINT('',(6.43845049147506,-3.78938187189703,0.618712001890371));
#7064=CARTESIAN_POINT('',(6.46953769894152,-3.82308442501389,0.572068927500564));
#7065=CARTESIAN_POINT('Ctrl Pts',(6.43845114174326,-3.78938011615295,0.618711106251109));
#7066=CARTESIAN_POINT('Ctrl Pts',(6.44010708279034,-3.79126051236461,0.616227194680499));
#7067=CARTESIAN_POINT('Ctrl Pts',(6.445101916889,-3.7967516079196,0.608734943532667));
#7068=CARTESIAN_POINT('Ctrl Pts',(6.45858006852974,-3.81077963105874,0.588517716071554));
#7069=CARTESIAN_POINT('Ctrl Pts',(6.46424052310653,-3.81653291899662,0.580027034206203));
#7070=CARTESIAN_POINT('Ctrl Pts',(6.46982632445607,-3.82210931990748,0.571648332181893));
#7071=CARTESIAN_POINT('',(6.43844930362662,-3.78938539537618,0.618713865778923));
#7072=CARTESIAN_POINT('Origin',(2.47436391292642,-2.14273043752655E-13,
5.66345413061037));
#7073=CARTESIAN_POINT('',(-1.47108975564628,2.37876751380288,11.5816346334694));
#7074=CARTESIAN_POINT('Origin',(2.47436391292642,-2.14273043752655E-13,
5.66345413061037));
#7075=CARTESIAN_POINT('',(-1.11063888776378,2.13549620426805,11.0409583316457));
#7076=CARTESIAN_POINT('',(-1.47108975564628,2.37876751380288,11.5816346334694));
#7077=CARTESIAN_POINT('Origin',(2.47436391292617,0.,5.66345413061075));
#7078=CARTESIAN_POINT('Origin',(2.47436391292642,-2.14273043752655E-13,
5.66345413061037));
#7079=CARTESIAN_POINT('',(3.30436779626216,-7.34922132265438,4.41844830560677));
#7080=CARTESIAN_POINT('Origin',(2.47436391292642,-2.14273043752655E-13,
5.66345413061037));
#7081=CARTESIAN_POINT('',(3.2410061193295,-6.66483193077437,4.51349082100575));
#7082=CARTESIAN_POINT('',(3.30436779626216,-7.34922132265438,4.41844830560677));
#7083=CARTESIAN_POINT('Origin',(2.47436391292617,0.,5.66345413061075));
#7084=CARTESIAN_POINT('Origin',(2.47436391292642,-2.14273043752655E-13,
5.66345413061037));
#7085=CARTESIAN_POINT('',(-0.593297222219153,5.06613553605992,10.2649458333287));
#7086=CARTESIAN_POINT('Origin',(2.47436391292642,-2.14273043752655E-13,
5.66345413061037));
#7087=CARTESIAN_POINT('',(-0.318895086838227,4.57959376717091,9.85334263025734));
#7088=CARTESIAN_POINT('',(-0.593297222219153,5.06613553605992,10.2649458333287));
#7089=CARTESIAN_POINT('Origin',(2.47436391292617,0.,5.66345413061075));
#7090=CARTESIAN_POINT('Origin',(2.47436391292642,-2.14273043752655E-13,
5.66345413061037));
#7091=CARTESIAN_POINT('',(1.57450168955188,-7.32245218021731,7.01324746567218));
#7092=CARTESIAN_POINT('Origin',(2.47436391292642,-2.14273043752655E-13,
5.66345413061037));
#7093=CARTESIAN_POINT('',(1.67102772746528,-6.65077109921969,6.86845840880209));
#7094=CARTESIAN_POINT('',(1.57450168955188,-7.32245218021731,7.01324746567218));
#7095=CARTESIAN_POINT('Origin',(2.47436391292617,0.,5.66345413061075));
#7096=CARTESIAN_POINT('Origin',(2.47436391292642,-2.14273043752655E-13,
5.66345413061037));
#7097=CARTESIAN_POINT('',(0.814921790301105,6.87752269973582,8.15261731454835));
#7098=CARTESIAN_POINT('Origin',(2.47436391292642,-2.14273043752655E-13,
5.66345413061037));
#7099=CARTESIAN_POINT('',(0.955828571107957,6.23183796342665,7.94125714333807));
#7100=CARTESIAN_POINT('',(0.814921790301105,6.87752269973582,8.15261731454835));
#7101=CARTESIAN_POINT('Origin',(2.47436391292617,0.,5.66345413061075));
#7102=CARTESIAN_POINT('Origin',(2.47436391292642,-2.14273043752655E-13,
5.66345413061037));
#7103=CARTESIAN_POINT('',(0.000229936254776803,-6.02956453343101,9.37465509561784));
#7104=CARTESIAN_POINT('Origin',(2.47436391292642,-2.14273043752655E-13,
5.66345413061037));
#7105=CARTESIAN_POINT('',(0.239953460147383,-5.48673152425131,9.01506980977893));
#7106=CARTESIAN_POINT('',(0.00022993625477642,-6.02956453343101,9.37465509561784));
#7107=CARTESIAN_POINT('Origin',(2.47436391292617,0.,5.66345413061075));
#7108=CARTESIAN_POINT('Origin',(2.47436391292642,-2.14273043752655E-13,
5.66345413061037));
#7109=CARTESIAN_POINT('',(2.51007342138169,7.49972370829525,5.60988986792747));
#7110=CARTESIAN_POINT('Origin',(2.47436391292642,-2.14273043752655E-13,
5.66345413061037));
#7111=CARTESIAN_POINT('',(2.493120785115,6.80654076133536,5.6353188223275));
#7112=CARTESIAN_POINT('',(2.51007342138169,7.49972370829525,5.60988986792747));
#7113=CARTESIAN_POINT('Origin',(2.47436391292617,0.,5.66345413061075));
#7114=CARTESIAN_POINT('Origin',(2.47436391292642,-2.14273043752655E-13,
5.66345413061037));
#7115=CARTESIAN_POINT('',(-1.14624157567423,-3.69411040194046,11.0943623635114));
#7116=CARTESIAN_POINT('Origin',(2.47436391292642,-2.14273043752655E-13,
5.66345413061037));
#7117=CARTESIAN_POINT('',(-0.804770940903357,-3.37398622334881,10.582156411355));
#7118=CARTESIAN_POINT('',(-1.14624157567423,-3.69411040194046,11.0943623635114));
#7119=CARTESIAN_POINT('Origin',(2.47436391292617,0.,5.66345413061075));
#7120=CARTESIAN_POINT('Origin',(2.47436391292642,-2.14273043752655E-13,
5.66345413061037));
#7121=CARTESIAN_POINT('',(4.1990505540397,6.82515435483951,3.07642416894046));
#7122=CARTESIAN_POINT('Origin',(2.47436391292642,-2.14273043752655E-13,
5.66345413061037));
#7123=CARTESIAN_POINT('',(4.02716976551976,6.2043308261276,3.33424535172036));
#7124=CARTESIAN_POINT('',(4.1990505540397,6.82515435483951,3.07642416894046));
#7125=CARTESIAN_POINT('Origin',(2.47436391292617,0.,5.66345413061075));
#7126=CARTESIAN_POINT('Origin',(2.47436391292642,-2.14273043752655E-13,
5.66345413061037));
#7127=CARTESIAN_POINT('',(-1.66667750645596,-0.71991102201511,11.8750162596839));
#7128=CARTESIAN_POINT('',(-1.6858875587628,-2.13354558653295E-13,11.9038313381442));
#7129=CARTESIAN_POINT('Origin',(2.47436391292642,-2.14273043752655E-13,
5.66345413061037));
#7130=CARTESIAN_POINT('',(-1.28250313572204,-0.677848052726723,11.2987547035831));
#7131=CARTESIAN_POINT('',(-1.66667750645596,-0.719911022015111,11.8750162596839));
#7132=CARTESIAN_POINT('Origin',(2.47436391292617,0.,5.66345413061075));
#7133=CARTESIAN_POINT('Origin',(2.47436391292642,-2.14273043752655E-13,
5.66345413061037));
#7134=CARTESIAN_POINT('Origin',(2.47436391292642,-2.14273043752655E-13,
5.66345413061037));
#7135=CARTESIAN_POINT('',(5.58981369816301,4.97045380885116,0.990279452755484));
#7136=CARTESIAN_POINT('Origin',(2.47436391292642,-2.14273043752655E-13,
5.66345413061037));
#7137=CARTESIAN_POINT('',(5.29272450721278,4.52933572650632,1.43591323918083));
#7138=CARTESIAN_POINT('',(5.58981369816301,4.97045380885116,0.990279452755484));
#7139=CARTESIAN_POINT('Origin',(2.47436391292617,0.,5.66345413061075));
#7140=CARTESIAN_POINT('Origin',(2.47436391292642,-2.14273043752655E-13,
5.66345413061037));
#7141=CARTESIAN_POINT('',(6.60794001222298,0.84795816630515,-0.53691001833446));
#7142=CARTESIAN_POINT('',(6.22730970752316,0.745106439175334,0.0340354387152564));
#7143=CARTESIAN_POINT('',(6.60794001222298,0.84795816630515,-0.53691001833446));
#7144=CARTESIAN_POINT('',(6.44188727144615,2.25631664415705,-0.287830907169225));
#7145=CARTESIAN_POINT('Origin',(2.47436391292642,-2.14273043752655E-13,
5.66345413061037));
#7146=CARTESIAN_POINT('',(6.07095909815145,2.07117733204879,0.268561352772828));
#7147=CARTESIAN_POINT('',(6.44188727144615,2.25631664415704,-0.287830907169226));
#7148=CARTESIAN_POINT('Origin',(2.47436391292617,0.,5.66345413061075));
#7149=CARTESIAN_POINT('Origin',(2.47436391292642,-2.14273043752655E-13,
5.66345413061037));
#7150=CARTESIAN_POINT('Origin',(2.47436391292642,-2.14273043752655E-13,
5.66345413061037));
#7151=CARTESIAN_POINT('Origin',(2.47436391292617,0.,5.66345413061075));
#7152=CARTESIAN_POINT('Origin',(2.47436391292642,-2.14273043752655E-13,
5.66345413061037));
#7153=CARTESIAN_POINT('',(6.05925989307142,-3.80561330635515,0.286110160392867));
#7154=CARTESIAN_POINT('Origin',(2.47436391292642,-2.14273043752655E-13,
5.66345413061037));
#7155=CARTESIAN_POINT('',(5.73474189456686,-3.43255453798655,0.772887158149716));
#7156=CARTESIAN_POINT('',(6.05925989307142,-3.80561330635515,0.286110160392867));
#7157=CARTESIAN_POINT('Origin',(2.47436391292617,0.,5.66345413061075));
#7158=CARTESIAN_POINT('Origin',(6.43812968414435,-3.78926931696105,0.618684827845587));
#7159=CARTESIAN_POINT('',(6.43791622008624,-3.78877257417744,0.619513491093531));
#7160=CARTESIAN_POINT('',(6.43791622008582,-3.78877257417729,0.619513491093517));
#7161=CARTESIAN_POINT('',(7.00025069330113,-1.78394065978747,5.0616539780256));
#7162=CARTESIAN_POINT('',(6.43845116098781,-3.7893801386459,0.618711076156293));
#7163=CARTESIAN_POINT('',(6.99992221280233,-1.78392801106867,5.06142603537497));
#7164=CARTESIAN_POINT('',(7.00025070407594,-1.78394068291574,5.06165394001762));
#7165=CARTESIAN_POINT('',(6.43791622008624,-3.78877257417744,0.619513491093535));
#7166=CARTESIAN_POINT('Origin',(6.01256001066075,-3.78906128763171,0.282130530951348));
#7167=CARTESIAN_POINT('Origin',(7.49999999999895,-2.14273043752655E-13,
9.01387818865872));
#7168=CARTESIAN_POINT('',(6.57248720810242,-1.76411663411156,4.76246902037139));
#7169=CARTESIAN_POINT('Origin',(7.500043840539,5.57040059082081E-5,9.01402395516635));
#7170=CARTESIAN_POINT('',(6.58123922660495,-1.7741777625021,4.7493409925887));
#7171=CARTESIAN_POINT('',(6.57248720810242,-1.76411663411156,4.76246902037139));
#7172=CARTESIAN_POINT('',(5.73474189456686,-3.43255453798655,0.772887158149715));
#7173=CARTESIAN_POINT('Origin',(6.82623557032544,-2.21778940251031,0.0365259178590467));
#7174=CARTESIAN_POINT('',(7.18263370196269,-1.04411085134587,4.78735880163436));
#7175=CARTESIAN_POINT('Origin',(5.27646792291499,-6.06324008559885,2.36117746969008));
#7176=CARTESIAN_POINT('',(5.27640527626456,-6.06245768674245,2.36177990682605));
#7177=CARTESIAN_POINT('',(5.27640527626418,-6.06245768674221,2.36177990682596));
#7178=CARTESIAN_POINT('',(6.4533555377952,-2.8544918356379,5.88199671128569));
#7179=CARTESIAN_POINT('',(5.27675689214293,-6.06340497375928,2.36125247942362));
#7180=CARTESIAN_POINT('',(6.45302955369462,-2.85448331129942,5.88176502403656));
#7181=CARTESIAN_POINT('',(6.45335554153108,-2.85449187208193,5.88199668383426));
#7182=CARTESIAN_POINT('',(5.27640527626455,-6.06245768674245,2.36177990682605));
#7183=CARTESIAN_POINT('Origin',(4.84883671045131,-6.08093283626609,2.02771548126591));
#7184=CARTESIAN_POINT('',(4.89071869119514,-6.10524333282474,2.0389219632073));
#7185=CARTESIAN_POINT('Origin',(7.49999999999538,-2.14273043752655E-13,
9.01387818865634));
#7186=CARTESIAN_POINT('',(6.02950568723886,-2.84112278950651,5.57694130166674));
#7187=CARTESIAN_POINT('Origin',(7.49997344840005,-9.89534527118252E-5,9.0137768755457));
#7188=CARTESIAN_POINT('',(6.03523109343092,-2.85673154820534,5.56835319234975));
#7189=CARTESIAN_POINT('',(6.02950568723886,-2.84112278950651,5.57694130166674));
#7190=CARTESIAN_POINT('',(4.67842510898078,-5.52648277340088,2.35736233652883));
#7191=CARTESIAN_POINT('',(4.67842510898078,-5.52648277340088,2.35736233652883));
#7192=CARTESIAN_POINT('',(4.89071869119514,-6.10524333282474,2.0389219632073));
#7193=CARTESIAN_POINT('Origin',(5.98557270913046,-4.91220232237772,1.29752020971033));
#7194=CARTESIAN_POINT('',(6.78686005569669,-2.31260080229041,5.38101927111637));
#7195=CARTESIAN_POINT('Origin',(3.7021908718351,-7.28882156062959,4.72259304631111));
#7196=CARTESIAN_POINT('',(3.70233045257845,-7.28788878957064,4.72289214235522));
#7197=CARTESIAN_POINT('',(3.70233045257813,-7.28788878957037,4.72289214235504));
#7198=CARTESIAN_POINT('',(5.71220752515202,-3.43147540624497,6.99371874984724));
#7199=CARTESIAN_POINT('',(3.70243794556783,-7.28901200460481,4.72273089928628));
#7200=CARTESIAN_POINT('',(5.71188288560747,-3.43147251483969,6.99348502616732));
#7201=CARTESIAN_POINT('Origin',(7.49999999999674,-2.23432383705813E-14,
9.01387818865771));
#7202=CARTESIAN_POINT('',(3.70233045257845,-7.28788878957064,4.72289214235521));
#7203=CARTESIAN_POINT('Origin',(3.268637631386,-7.32135585396937,4.39801409986392));
#7204=CARTESIAN_POINT('Origin',(7.49999999999201,-2.14273043752655E-13,
9.01387818865409));
#7205=CARTESIAN_POINT('',(5.29047659981193,-3.42687300380551,6.68548493280713));
#7206=CARTESIAN_POINT('Origin',(7.50008395331708,0.000113899941411311,9.01396328757639));
#7207=CARTESIAN_POINT('',(5.29218541894693,-3.4453304966325,6.68292170407573));
#7208=CARTESIAN_POINT('',(5.29047659981193,-3.42687300380551,6.68548493280712));
#7209=CARTESIAN_POINT('',(3.2410061193295,-6.66483193077437,4.51349082100575));
#7210=CARTESIAN_POINT('Origin',(4.60968389205741,-6.75725083474402,3.36135343531989));
#7211=CARTESIAN_POINT('',(6.13911007386821,-3.1812210652018,6.35264424385911));
#7212=CARTESIAN_POINT('Origin',(1.98750533683309,-7.25409957271226,7.29462135367154));
#7213=CARTESIAN_POINT('',(1.98786359414693,-7.25317770165506,7.29459244464791));
#7214=CARTESIAN_POINT('',(1.98786359414505,-7.25317770165318,7.29459244464597));
#7215=CARTESIAN_POINT('',(4.90495787786088,-3.41512573416113,8.2045932207703));
#7216=CARTESIAN_POINT('',(1.98770836936396,-7.25428264125894,7.29482526359209));
#7217=CARTESIAN_POINT('',(4.90463320055926,-3.41512894661504,8.20435955373967));
#7218=CARTESIAN_POINT('Origin',(7.49999999999641,-2.23432383705813E-14,
9.01387818865749));
#7219=CARTESIAN_POINT('',(1.98786359414693,-7.25317770165506,7.29459244464791));
#7220=CARTESIAN_POINT('Origin',(1.54519355188059,-7.2958499338954,6.98318022414155));
#7221=CARTESIAN_POINT('Origin',(7.49999999999079,-2.14273043752655E-13,
9.01387818865328));
#7222=CARTESIAN_POINT('',(4.48318478890624,-3.42008574358265,7.89642264916566));
#7223=CARTESIAN_POINT('Origin',(7.50003722748257,2.14322517705368E-5,9.01389864840577));
#7224=CARTESIAN_POINT('',(4.48058155062929,-3.43820050234696,7.9003275065522));
#7225=CARTESIAN_POINT('',(4.48318478890624,-3.42008574358265,7.89642264916565));
#7226=CARTESIAN_POINT('',(1.67102772746528,-6.65077109921969,6.86845840880209));
#7227=CARTESIAN_POINT('Origin',(2.9364727928085,-7.43390928823863,5.87117007927239));
#7228=CARTESIAN_POINT('',(5.35138561295861,-3.49977930545371,7.53423093514056));
#7229=CARTESIAN_POINT('Origin',(0.42889601954351,-5.96507786465128,9.63253532686934));
#7230=CARTESIAN_POINT('',(0.429451577913694,-5.96432631168446,9.63221046075038));
#7231=CARTESIAN_POINT('',(0.429451577912933,-5.9643263116837,9.63221046074908));
#7232=CARTESIAN_POINT('',(4.17118739182521,-2.80826979725915,9.30524894983755));
#7233=CARTESIAN_POINT('',(0.429060485086137,-5.96522190615053,9.63279709000882));
#7234=CARTESIAN_POINT('',(4.170861302728,-2.80827855804817,9.30501740048661));
#7235=CARTESIAN_POINT('Origin',(7.50000000000576,-2.23432383705813E-14,
9.01387818866372));
#7236=CARTESIAN_POINT('',(0.429451577913692,-5.96432631168446,9.63221046075038));
#7237=CARTESIAN_POINT('Origin',(-0.0234963946361079,-6.00882527685297,9.33621514108836));
#7238=CARTESIAN_POINT('Origin',(7.49999999999126,-2.14273043752655E-13,
9.0138781886536));
#7239=CARTESIAN_POINT('',(3.74721834264327,-2.82193458779078,9.00037231856012));
#7240=CARTESIAN_POINT('Origin',(7.49961917788783,-0.000316681452339762,
9.01390695982744));
#7241=CARTESIAN_POINT('',(3.74075317049979,-2.83657440613465,9.01007007674644));
#7242=CARTESIAN_POINT('',(3.74721834264327,-2.82193458779078,9.00037231856012));
#7243=CARTESIAN_POINT('',(0.239953460147381,-5.48673152425131,9.01506980977893));
#7244=CARTESIAN_POINT('Origin',(1.25525281691839,-6.82517729344745,8.39300004584577));
#7245=CARTESIAN_POINT('',(4.55989138858301,-3.21319390929512,8.72147227170401));
#7246=CARTESIAN_POINT('Origin',(-0.704139365698255,-3.64464000359278,11.332088403758));
#7247=CARTESIAN_POINT('',(-0.703441987895367,-3.6441887133015,11.3315508065291));
#7248=CARTESIAN_POINT('',(-0.703441987895777,-3.64418871330121,11.3315508065281));
#7249=CARTESIAN_POINT('',(3.63777164991505,-1.71583850004698,10.1053725627028));
#7250=CARTESIAN_POINT('',(-0.704001328202514,-3.64472011112898,11.3323898099418));
#7251=CARTESIAN_POINT('',(3.63744301935712,-1.71585129438503,10.105144825543));
#7252=CARTESIAN_POINT('Origin',(7.49999999999287,-2.23432383705813E-14,
9.01387818865513));
#7253=CARTESIAN_POINT('',(-0.703441987895371,-3.6441887133015,11.3315508065291));
#7254=CARTESIAN_POINT('Origin',(-1.16619146135845,-3.682820141842,11.0502577401667));
#7255=CARTESIAN_POINT('Origin',(7.49999999999175,-2.14273043752655E-13,
9.01387818865392));
#7256=CARTESIAN_POINT('',(3.20983254562712,-1.735845305299,9.80645101408434));
#7257=CARTESIAN_POINT('Origin',(7.49641264543691,-0.0015023706212719,9.01466652991699));
#7258=CARTESIAN_POINT('',(3.20062332661267,-1.74447882563217,9.82026484257713));
#7259=CARTESIAN_POINT('',(3.20983254562712,-1.735845305299,9.80645101408434));
#7260=CARTESIAN_POINT('',(-0.804770940903359,-3.37398622334881,10.582156411355));
#7261=CARTESIAN_POINT('Origin',(-0.143277833019516,-5.03631013907193,10.490796021727));
#7262=CARTESIAN_POINT('',(3.90148394259606,-2.37101809526917,9.70908344068445));
#7263=CARTESIAN_POINT('Origin',(-1.21568870816077,-0.694010775673341,12.0994124171004));
#7264=CARTESIAN_POINT('',(-1.21492951496423,-0.693937778294971,12.0987820960671));
#7265=CARTESIAN_POINT('',(-1.21492951496453,-0.693937778294959,12.0987820960662));
#7266=CARTESIAN_POINT('',(3.39694307992917,-0.326723138273549,10.4666154176817));
#7267=CARTESIAN_POINT('',(-1.21556038944094,-0.694013097650488,12.0997284017994));
#7268=CARTESIAN_POINT('',(3.3966112175944,-0.326737753903077,10.4663925281871));
#7269=CARTESIAN_POINT('Origin',(7.49999999999993,-2.23432383705813E-14,
9.01387818865984));
#7270=CARTESIAN_POINT('',(-1.21492951496457,-0.693937778294963,12.0987820960662));
#7271=CARTESIAN_POINT('Origin',(-1.6853092908901,-0.720021947218242,11.8289344840992));
#7272=CARTESIAN_POINT('Origin',(7.49999999999563,-2.14273043752655E-13,
9.01387818865651));
#7273=CARTESIAN_POINT('',(2.96394628415859,-0.349612599861509,10.1752804062871));
#7274=CARTESIAN_POINT('Origin',(7.49865483906315,-0.000106184058193889,
9.01431880582378));
#7275=CARTESIAN_POINT('',(2.95358537590158,-0.350747008085287,10.1908217686438));
#7276=CARTESIAN_POINT('',(2.96394628415859,-0.349612599861509,10.1752804062871));
#7277=CARTESIAN_POINT('',(-1.28250313572204,-0.677848052726723,11.2987547035831));
#7278=CARTESIAN_POINT('Origin',(-1.01730050158491,-2.37661920791431,11.8018300249287));
#7279=CARTESIAN_POINT('',(3.49000790385277,-1.11887171254802,10.3262974987994));
#7280=CARTESIAN_POINT('Origin',(-1.01730047940991,2.37661922019451,11.8018300739718));
#7281=CARTESIAN_POINT('',(-1.01657016350242,2.37630130319428,11.8012430688744));
#7282=CARTESIAN_POINT('',(-1.01657016350275,2.37630130319407,11.8012430688736));
#7283=CARTESIAN_POINT('',(3.49034310202313,1.11888563412672,10.326515364943));
#7284=CARTESIAN_POINT('',(-1.01716348957288,2.37669508532283,11.8021330519973));
#7285=CARTESIAN_POINT('',(3.49000790385285,1.11887171254801,10.3262974987994));
#7286=CARTESIAN_POINT('',(3.49034306887072,1.11888564893166,10.3265153928239));
#7287=CARTESIAN_POINT('',(-1.01657016350242,2.37630130319428,11.8012430688744));
#7288=CARTESIAN_POINT('Origin',(-1.49108969462856,2.36727458321798,11.5376050897078));
#7289=CARTESIAN_POINT('Origin',(7.49999999999966,-2.14273043752655E-13,
9.01387818865919));
#7290=CARTESIAN_POINT('',(3.05207552665213,1.09707130022279,10.0430865425468));
#7291=CARTESIAN_POINT('Origin',(7.49799357997678,0.000519803402651009,9.01441628768157));
#7292=CARTESIAN_POINT('',(3.0423544243138,1.10363215359608,10.0576681960254));
#7293=CARTESIAN_POINT('',(3.05207552665213,1.09707130022279,10.0430865425468));
#7294=CARTESIAN_POINT('',(-1.11063888776378,2.13549620426805,11.0409583316457));
#7295=CARTESIAN_POINT('Origin',(-1.21568872893192,0.694010775297397,12.0994123659493));
#7296=CARTESIAN_POINT('',(3.39661121759433,0.326737753903081,10.466392528187));
#7297=CARTESIAN_POINT('Origin',(-0.143277806480729,5.03631016208096,10.490796064932));
#7298=CARTESIAN_POINT('',(-0.142662067475672,5.03565630080449,10.4903809258996));
#7299=CARTESIAN_POINT('',(-0.142662067475666,5.03565630080452,10.4903809258996));
#7300=CARTESIAN_POINT('',(3.90182205828568,2.37102891831817,9.70929693054902));
#7301=CARTESIAN_POINT('',(-0.143115254964734,5.0364510964468,10.4910607000851));
#7302=CARTESIAN_POINT('',(3.90148394259614,2.37101809526914,9.70908344068446));
#7303=CARTESIAN_POINT('',(3.90182203046846,2.3710289487587,9.7092969504285));
#7304=CARTESIAN_POINT('',(-0.142662067475682,5.0356563008045,10.4903809258996));
#7305=CARTESIAN_POINT('Origin',(-0.617115005178673,5.04524783230412,10.226643055897));
#7306=CARTESIAN_POINT('Origin',(7.50000000000487,-2.14273043752655E-13,
9.01387818866267));
#7307=CARTESIAN_POINT('',(3.45898192645159,2.35406160591869,9.43272694284764));
#7308=CARTESIAN_POINT('Origin',(7.49641660289662,0.00214065724937984,9.0143119773175));
#7309=CARTESIAN_POINT('',(3.45158149693737,2.36718328973732,9.44382758709007));
#7310=CARTESIAN_POINT('',(3.45898192645159,2.35406160591869,9.43272694284763));
#7311=CARTESIAN_POINT('',(-0.318895086838229,4.57959376717091,9.85334263025734));
#7312=CARTESIAN_POINT('Origin',(-0.704139388234744,3.6446399905145,11.3320883545498));
#7313=CARTESIAN_POINT('',(3.63744301935708,1.71585129438501,10.1051448255429));
#7314=CARTESIAN_POINT('Origin',(1.25525285043508,6.8251773237983,8.3930000805321));
#7315=CARTESIAN_POINT('',(1.25568812430347,6.82430057475242,8.39285564116571));
#7316=CARTESIAN_POINT('',(1.25568812430252,6.82430057475146,8.39285564116469));
#7317=CARTESIAN_POINT('',(4.56023147047854,3.21319976241097,8.72168281225962));
#7318=CARTESIAN_POINT('',(1.25545343414078,6.82535895827334,8.39320766642685));
#7319=CARTESIAN_POINT('',(4.55989138858308,3.21319390929508,8.72147227170403));
#7320=CARTESIAN_POINT('',(4.56023145106278,3.2131998032237,8.72168281953774));
#7321=CARTESIAN_POINT('',(1.25568812430346,6.82430057475242,8.39285564116571));
#7322=CARTESIAN_POINT('Origin',(0.785496614056931,6.85085189685361,8.12272562805057));
#7323=CARTESIAN_POINT('Origin',(7.50000000000702,-2.14273043752655E-13,
9.0138781886641));
#7324=CARTESIAN_POINT('',(4.11430767040305,3.20401327397296,8.44973832692045));
#7325=CARTESIAN_POINT('Origin',(7.50003425450136,-1.08493563100165E-5,9.01389378242776));
#7326=CARTESIAN_POINT('',(4.11050751520444,3.22142692989792,8.45543855968947));
#7327=CARTESIAN_POINT('',(4.11430767040305,3.20401327397296,8.44973832692045));
#7328=CARTESIAN_POINT('',(0.955828571107955,6.23183796342665,7.94125714333807));
#7329=CARTESIAN_POINT('Origin',(0.428895992062094,5.96507784058239,9.63253528313019));
#7330=CARTESIAN_POINT('',(4.17086130272799,2.80827855804815,9.30501740048658));
#7331=CARTESIAN_POINT('Origin',(6.98631428364042,-0.860099458989698,-0.203592071399085));
#7332=CARTESIAN_POINT('Origin',(7.50000000000028,-2.23432383705813E-14,
9.01387818866007));
#7333=CARTESIAN_POINT('Origin',(6.98631422983085,0.860099453022086,-0.203592071399076));
#7334=CARTESIAN_POINT('',(6.98602748931983,0.859974263590297,-0.202653413933532));
#7335=CARTESIAN_POINT('',(6.98602748877866,0.859974263561846,-0.202653414299459));
#7336=CARTESIAN_POINT('',(7.25799815380705,0.404915351246942,4.6743121238679));
#7337=CARTESIAN_POINT('',(6.9860274898611,0.859974263618774,-0.20265341356775));
#7338=CARTESIAN_POINT('',(7.25832984541977,0.404929937245956,4.67453524984763));
#7339=CARTESIAN_POINT('',(7.25799815380701,0.404915351246939,4.67431212386788));
#7340=CARTESIAN_POINT('',(6.98665325935806,0.860137052122799,-0.203592071399075));
#7341=CARTESIAN_POINT('Origin',(6.55858952035153,0.842026334467969,-0.53691001833446));
#7342=CARTESIAN_POINT('Origin',(7.49999999999496,-2.14273043752655E-13,
9.01387818865606));
#7343=CARTESIAN_POINT('',(6.83580005191506,0.384852523763272,4.36749975462354));
#7344=CARTESIAN_POINT('',(6.22730970752316,0.745106439175334,0.0340354387152566));
#7345=CARTESIAN_POINT('',(6.82553472461304,0.382078686182217,4.38289774560546));
#7346=CARTESIAN_POINT('',(6.83580005192833,0.38485252376397,4.36749975463252));
#7347=CARTESIAN_POINT('Origin',(7.50003383994925,-1.60112563201559E-5,9.01407895549));
#7348=CARTESIAN_POINT('Origin',(6.82623562405021,2.21778940919882,0.0365259179865752));
#7349=CARTESIAN_POINT('',(6.82596566761035,2.21752140974033,0.0374393198073628));
#7350=CARTESIAN_POINT('',(6.82596566760991,2.21752140974027,0.0374393198073824));
#7351=CARTESIAN_POINT('',(7.18296876417205,1.04409685001856,4.78757687171304));
#7352=CARTESIAN_POINT('',(6.82657406418576,2.21783154481213,0.03652672135937));
#7353=CARTESIAN_POINT('',(7.18263370196272,1.04411085134586,4.7873588016344));
#7354=CARTESIAN_POINT('',(7.18296877756446,1.04409686258572,4.78757682978426));
#7355=CARTESIAN_POINT('',(6.82596566761034,2.21752140974033,0.0374393198073624));
#7356=CARTESIAN_POINT('Origin',(6.39251087482822,2.25060210012165,-0.287795765299428));
#7357=CARTESIAN_POINT('Origin',(7.5000000000061,-2.14273043752655E-13,9.01387818866348));
#7358=CARTESIAN_POINT('',(6.74489402230152,1.06602413766392,4.50385879907274));
#7359=CARTESIAN_POINT('Origin',(7.49998521460784,6.63452041821389E-5,9.01361205581673));
#7360=CARTESIAN_POINT('',(6.75489769005262,1.07101721260964,4.48885329741719));
#7361=CARTESIAN_POINT('',(6.74489402230152,1.06602413766392,4.50385879907274));
#7362=CARTESIAN_POINT('',(6.07095909815145,2.07117733204879,0.268561352772827));
#7363=CARTESIAN_POINT('Origin',(6.43812963311226,3.78926929936874,0.618684823678825));
#7364=CARTESIAN_POINT('',(6.9999222128023,1.78392801106866,5.06142603537497));
#7365=CARTESIAN_POINT('Origin',(5.98557275988526,4.91220234055286,1.29752021423429));
#7366=CARTESIAN_POINT('',(5.98540689651732,4.91158748580585,1.29827747644691));
#7367=CARTESIAN_POINT('',(5.98540689651689,4.9115874858057,1.29827747644689));
#7368=CARTESIAN_POINT('',(6.78719806508435,2.31258980680278,5.3812329203519));
#7369=CARTESIAN_POINT('',(5.98589272259003,4.91231691928198,1.29754873375297));
#7370=CARTESIAN_POINT('',(6.7868600556578,2.31260080229165,5.38101927109182));
#7371=CARTESIAN_POINT('',(6.78719807366159,2.31258983538911,5.38123288563933));
#7372=CARTESIAN_POINT('',(5.98540689651732,4.91158748580585,1.29827747644692));
#7373=CARTESIAN_POINT('Origin',(5.54304148262603,4.9540812708787,0.986408323003912));
#7374=CARTESIAN_POINT('Origin',(7.5000000000092,-2.14273043752655E-13,9.01387818866555));
#7375=CARTESIAN_POINT('',(6.3445086111953,2.32980170358269,5.10443691573208));
#7376=CARTESIAN_POINT('Origin',(7.50000440487961,4.73501415046429E-5,9.01381466011197));
#7377=CARTESIAN_POINT('',(6.35252089435856,2.34169834303643,5.09241849095829));
#7378=CARTESIAN_POINT('',(6.34450861119529,2.32980170358269,5.10443691573208));
#7379=CARTESIAN_POINT('',(5.29272450721278,4.52933572650632,1.43591323918083));
#7380=CARTESIAN_POINT('Origin',(5.27646787707642,6.06324005944273,2.36117745779138));
#7381=CARTESIAN_POINT('',(6.45302955373215,2.85448331130037,5.88176502406325));
#7382=CARTESIAN_POINT('Origin',(2.93647283629725,7.43390932219731,5.87117010447433));
#7383=CARTESIAN_POINT('',(2.93669296089387,7.43296127784306,5.87134839452749));
#7384=CARTESIAN_POINT('',(2.93669296089159,7.4329612778411,5.87134839452617));
#7385=CARTESIAN_POINT('',(5.35172637828475,3.49977914136012,7.53444047014507));
#7386=CARTESIAN_POINT('',(2.93671734579968,7.43410024977487,5.87131179893849));
#7387=CARTESIAN_POINT('',(5.35138561295867,3.49977930545366,7.53423093514059));
#7388=CARTESIAN_POINT('Origin',(7.50000000000239,-2.23432383705813E-14,
9.01387818866148));
#7389=CARTESIAN_POINT('',(2.93669296089386,7.43296127784305,5.87134839452749));
#7390=CARTESIAN_POINT('Origin',(2.47422087260942,7.47188143118069,5.58963924304844));
#7391=CARTESIAN_POINT('Origin',(7.50000000000962,-2.14273043752655E-13,
9.01387818866584));
#7392=CARTESIAN_POINT('',(4.90474098392982,3.49996193941052,7.26408835663029));
#7393=CARTESIAN_POINT('Origin',(7.49995095815585,0.000103731675140106,9.01384318824984));
#7394=CARTESIAN_POINT('',(4.90519818440167,3.51865658813427,7.26340255589361));
#7395=CARTESIAN_POINT('',(4.90474098392982,3.49996193941052,7.26408835663029));
#7396=CARTESIAN_POINT('',(2.493120785115,6.80654076133536,5.6353188223275));
#7397=CARTESIAN_POINT('Origin',(1.98750530072129,7.25409954015028,7.29462131740322));
#7398=CARTESIAN_POINT('',(4.90463320055925,3.415128946615,8.20435955373964));
#7399=CARTESIAN_POINT('Origin',(4.60968393754175,6.75725086126754,3.36135344774895));
#7400=CARTESIAN_POINT('',(4.60969142434063,6.75639546520403,3.36185068471195));
#7401=CARTESIAN_POINT('',(4.60969142434025,6.75639546520379,3.36185068471185));
#7402=CARTESIAN_POINT('',(6.13945009818502,3.18121494483631,6.3528548902946));
#7403=CARTESIAN_POINT('',(4.609970675883,6.75741807140977,3.36143180381353));
#7404=CARTESIAN_POINT('',(6.1391100738291,3.18122106520246,6.3526442438349));
#7405=CARTESIAN_POINT('Origin',(7.49999999999286,-2.23432383705813E-14,
9.01387818865512));
#7406=CARTESIAN_POINT('',(4.60969142434062,6.75639546520403,3.36185068471194));
#7407=CARTESIAN_POINT('Origin',(4.15706199980685,6.80095478348527,3.06537754723275));
#7408=CARTESIAN_POINT('Origin',(7.50000000000942,-2.14273043752655E-13,
9.0138781886657));
#7409=CARTESIAN_POINT('',(5.69360876626192,3.19073538936798,6.08078668313215));
#7410=CARTESIAN_POINT('Origin',(7.50014463920276,-0.000243913934662721,
9.01410632321401));
#7411=CARTESIAN_POINT('',(5.69824426828679,3.20747855629062,6.07383343006594));
#7412=CARTESIAN_POINT('',(5.69360876626191,3.19073538936798,6.08078668313215));
#7413=CARTESIAN_POINT('',(4.02716976551976,6.2043308261276,3.33424535172036));
#7414=CARTESIAN_POINT('Origin',(3.70219083261321,7.28882153039753,4.72259302442739));
#7415=CARTESIAN_POINT('',(5.71188288560746,3.43147251483965,6.99348502616732));
#7416=CARTESIAN_POINT('Origin',(2.47436391292642,-2.14273043752655E-13,
5.66345413061037));
#7417=CARTESIAN_POINT('Origin',(2.47436391292642,-2.14273043752655E-13,
5.66345413061037));
#7418=CARTESIAN_POINT('Origin',(2.47436391292617,0.,5.66345413061075));
#7419=CARTESIAN_POINT('Origin',(2.47436391292642,-2.14273043752655E-13,
5.66345413061037));
#7420=CARTESIAN_POINT('',(-2.51793785310063,-2.13354558653295E-13,11.349131141919));
#7421=CARTESIAN_POINT('Origin',(1.64231361858858,-2.14273043752655E-13,
5.10875393438514));
#7422=CARTESIAN_POINT('',(-1.6858875587628,-2.13354558653295E-13,11.9038313381442));
#7423=CARTESIAN_POINT('',(0.237326048992687,1.85676911765462,12.9053736243081));
#7424=CARTESIAN_POINT('Ctrl Pts',(0.237326324954617,1.85676912097397,12.9053737893967));
#7425=CARTESIAN_POINT('Ctrl Pts',(0.234900841426791,1.83700769698224,12.9098255566577));
#7426=CARTESIAN_POINT('Ctrl Pts',(0.232487358560748,1.81726565539554,12.9141761568228));
#7427=CARTESIAN_POINT('Ctrl Pts',(0.230086075388856,1.79754547143758,12.9184262488265));
#7428=CARTESIAN_POINT('Ctrl Pts',(0.208790177993352,1.6226560543521,12.9561183978788));
#7429=CARTESIAN_POINT('Ctrl Pts',(0.187640169434546,1.44276220492135,12.9873227024279));
#7430=CARTESIAN_POINT('Ctrl Pts',(0.166880609698171,1.25931782265774,13.0110355095989));
#7431=CARTESIAN_POINT('Ctrl Pts',(-1.0516716649991,2.39697314129907,11.8538979198089));
#7432=CARTESIAN_POINT('Ctrl Pts',(-0.920717956305557,2.39105347320453,11.9436000307839));
#7433=CARTESIAN_POINT('Ctrl Pts',(-0.633886933285437,2.34912099032135,12.1547325642579));
#7434=CARTESIAN_POINT('Ctrl Pts',(-0.0884713392750207,2.07919372404642,
12.6161400210006));
#7435=CARTESIAN_POINT('Ctrl Pts',(0.0790849755673068,1.97492789695328,12.7635928592698));
#7436=CARTESIAN_POINT('Ctrl Pts',(0.23732580834592,1.85676910871671,12.9053734487551));
#7437=CARTESIAN_POINT('',(1.00472063745578,4.65180562470684,11.7542817416133));
#7438=CARTESIAN_POINT('Ctrl Pts',(1.004720913413,4.65180562134772,11.754281906709));
#7439=CARTESIAN_POINT('Ctrl Pts',(0.998079074847405,4.63580648315214,11.7650582065267));
#7440=CARTESIAN_POINT('Ctrl Pts',(0.991449253928043,4.61978810660339,11.7757333137719));
#7441=CARTESIAN_POINT('Ctrl Pts',(0.984832229137897,4.60375293102588,11.786307018203));
#7442=CARTESIAN_POINT('Ctrl Pts',(0.92614882076688,4.46154419121314,11.8800804337188));
#7443=CARTESIAN_POINT('Ctrl Pts',(0.866219457297747,4.31253510897237,11.969453770633));
#7444=CARTESIAN_POINT('Ctrl Pts',(0.805570169519517,4.15765904916499,12.0530011698659));
#7445=CARTESIAN_POINT('Ctrl Pts',(-0.17006516723866,5.08027956739989,10.5314882125595));
#7446=CARTESIAN_POINT('Ctrl Pts',(-0.0402979415108896,5.0756801241388,10.6230896702995));
#7447=CARTESIAN_POINT('Ctrl Pts',(0.237854313887554,5.04409236580261,10.8472327478481));
#7448=CARTESIAN_POINT('Ctrl Pts',(0.726230674174628,4.83062058393466,11.394086354933));
#7449=CARTESIAN_POINT('Ctrl Pts',(0.871690131205995,4.74746879264858,11.5746847445711));
#7450=CARTESIAN_POINT('Ctrl Pts',(1.00472039418908,4.65180561142405,11.7542815699903));
#7451=CARTESIAN_POINT('',(2.33637793812809,6.6425026789199,9.75679579060484));
#7452=CARTESIAN_POINT('Ctrl Pts',(2.33637821257426,6.64250266946312,9.75679595796709));
#7453=CARTESIAN_POINT('Ctrl Pts',(2.32673337725862,6.63303221340608,9.77207675290984));
#7454=CARTESIAN_POINT('Ctrl Pts',(2.31709186160971,6.62350722472371,9.78726940224928));
#7455=CARTESIAN_POINT('Ctrl Pts',(2.30745496536552,6.61392968505978,9.80237291386142));
#7456=CARTESIAN_POINT('Ctrl Pts',(2.22198967912674,6.52899080555963,9.93631914617873));
#7457=CARTESIAN_POINT('Ctrl Pts',(2.13360173742741,6.43663151453256,10.0683803504385));
#7458=CARTESIAN_POINT('Ctrl Pts',(2.04295686601853,6.33710325492541,10.1969211251178));
#7459=CARTESIAN_POINT('Ctrl Pts',(1.24072166958168,6.8851600298243,8.41530798996178));
#7460=CARTESIAN_POINT('Ctrl Pts',(1.36969690642075,6.88267918846545,8.50819427750375));
#7461=CARTESIAN_POINT('Ctrl Pts',(1.64225393986278,6.86691335417055,8.74072422500337));
#7462=CARTESIAN_POINT('Ctrl Pts',(2.09126630965748,6.74679038314819,9.34653236947455));
#7463=CARTESIAN_POINT('Ctrl Pts',(2.22130306474741,6.69912913253724,9.55026503187947));
#7464=CARTESIAN_POINT('Ctrl Pts',(2.33637769148768,6.64250266358896,9.75679562404235));
#7465=CARTESIAN_POINT('',(4.00204230599657,7.48465067470544,7.25829923880198));
#7466=CARTESIAN_POINT('Ctrl Pts',(4.00204257768658,7.48465066078617,7.25829941029846));
#7467=CARTESIAN_POINT('Ctrl Pts',(3.99112734932774,7.48334641475599,7.27548579480601));
#7468=CARTESIAN_POINT('Ctrl Pts',(3.98019953165185,7.48196177101464,7.29260789718593));
#7469=CARTESIAN_POINT('Ctrl Pts',(3.96926079732653,7.48049791088107,7.30966416591976));
#7470=CARTESIAN_POINT('Ctrl Pts',(3.87225009631693,7.46751559560446,7.46092852039328));
#7471=CARTESIAN_POINT('Ctrl Pts',(3.77064509978173,7.44777585626781,7.61281530690688));
#7472=CARTESIAN_POINT('Ctrl Pts',(3.6650852980643,7.42080473713347,7.76372847704919));
#7473=CARTESIAN_POINT('Ctrl Pts',(2.93675144560235,7.49953429167962,5.87126332615063));
#7474=CARTESIAN_POINT('Ctrl Pts',(3.06544268173906,7.4996040118409,5.96457626073912));
#7475=CARTESIAN_POINT('Ctrl Pts',(3.3364706168223,7.50240175756789,6.1993998165578));
#7476=CARTESIAN_POINT('Ctrl Pts',(3.77060967950786,7.49638001824026,6.82751731109614));
#7477=CARTESIAN_POINT('Ctrl Pts',(3.8945634589068,7.49244910695816,7.04037443853381));
#7478=CARTESIAN_POINT('Ctrl Pts',(4.00204205581203,7.4846506599772,7.25829907755568));
#7479=CARTESIAN_POINT('',(5.71370523977109,7.03263457291771,4.69080483814001));
#7480=CARTESIAN_POINT('Ctrl Pts',(5.71370550793642,7.03263455694273,4.69080501492351));
#7481=CARTESIAN_POINT('Ctrl Pts',(5.7034721527396,7.0397220369267,4.70696858968802));
#7482=CARTESIAN_POINT('Ctrl Pts',(5.6932058390455,7.04671715560834,4.72309843609526));
#7483=CARTESIAN_POINT('Ctrl Pts',(5.68290839964309,7.05362008972094,4.73919276244472));
#7484=CARTESIAN_POINT('Ctrl Pts',(5.59158505406021,7.11483909891983,4.88192608377818));
#7485=CARTESIAN_POINT('Ctrl Pts',(5.4942898749377,7.17113209153483,5.02734814417269));
#7486=CARTESIAN_POINT('Ctrl Pts',(5.39147472318209,7.22138166439661,5.17414433937219));
#7487=CARTESIAN_POINT('Ctrl Pts',(4.62476529520992,6.81717065566796,3.33924251956276));
#7488=CARTESIAN_POINT('Ctrl Pts',(4.75373024192718,6.81977721794179,3.43204942278113));
#7489=CARTESIAN_POINT('Ctrl Pts',(5.02756270577432,6.84064709835957,3.66267206114291));
#7490=CARTESIAN_POINT('Ctrl Pts',(5.47388730630693,6.94977688815487,4.27260139577266));
#7491=CARTESIAN_POINT('Ctrl Pts',(5.60214937253475,6.99025659813721,4.4789958761174));
#7492=CARTESIAN_POINT('Ctrl Pts',(5.7137049864848,7.03263456133883,4.69080468154633));
#7493=CARTESIAN_POINT('',(7.17540466823247,5.36461206399309,2.49825569544774));
#7494=CARTESIAN_POINT('Ctrl Pts',(7.17540493271403,5.3646120487246,2.49825587775689));
#7495=CARTESIAN_POINT('Ctrl Pts',(7.16768781482019,5.37886576504577,2.51064509656695));
#7496=CARTESIAN_POINT('Ctrl Pts',(7.15991643106867,5.39303112658168,2.52303254806032));
#7497=CARTESIAN_POINT('Ctrl Pts',(7.15209253387511,5.4071072749212,2.53541656109651));
#7498=CARTESIAN_POINT('Ctrl Pts',(7.08270591849526,5.53194228574786,2.64524478712542));
#7499=CARTESIAN_POINT('Ctrl Pts',(7.00650222244991,5.65453444048561,2.7590296229042));
#7500=CARTESIAN_POINT('Ctrl Pts',(6.92361672601375,5.77331609769266,2.87593133512455));
#7501=CARTESIAN_POINT('Ctrl Pts',(6.01290028478692,4.95603300613805,1.25703859691094));
#7502=CARTESIAN_POINT('Ctrl Pts',(6.09424897320565,4.95899588453995,1.31440616618137));
#7503=CARTESIAN_POINT('Ctrl Pts',(6.20656595757986,4.97292235405013,1.40395030995987));
#7504=CARTESIAN_POINT('Ctrl Pts',(6.4750925490397,5.0314596644984,1.64585536786366));
#7505=CARTESIAN_POINT('Ctrl Pts',(6.62255352723961,5.08173164641643,1.79890824859502));
#7506=CARTESIAN_POINT('Ctrl Pts',(6.90624288490154,5.20200981599489,2.12392481290589));
#7507=CARTESIAN_POINT('Ctrl Pts',(7.04872567480089,5.27937502605332,2.30895018080977));
#7508=CARTESIAN_POINT('Ctrl Pts',(7.17540441282315,5.36461205756565,2.49825554203862));
#7509=CARTESIAN_POINT('',(8.13439948107727,2.76899939323333,1.05976347618037));
#7510=CARTESIAN_POINT('Ctrl Pts',(8.13439974235294,2.7689993813114,1.05976366329836));
#7511=CARTESIAN_POINT('Ctrl Pts',(8.13059814561401,2.78795473692691,1.06627960037605));
#7512=CARTESIAN_POINT('Ctrl Pts',(8.12672372171304,2.80684102161927,1.07282161209358));
#7513=CARTESIAN_POINT('Ctrl Pts',(8.12277791609492,2.82565649026004,1.07938848776662));
#7514=CARTESIAN_POINT('Ctrl Pts',(8.08778434579524,2.99252239505228,1.13762714616839));
#7515=CARTESIAN_POINT('Ctrl Pts',(8.04580688951605,3.16021641444205,1.20007262230611));
#7516=CARTESIAN_POINT('Ctrl Pts',(7.99659003537318,3.32699172816821,1.26647137111187));
#7517=CARTESIAN_POINT('Ctrl Pts',(6.86110126124917,2.238492657526,-0.015083215468169));
#7518=CARTESIAN_POINT('Ctrl Pts',(6.89308409997295,2.24024829510268,0.00689851908529433));
#7519=CARTESIAN_POINT('Ctrl Pts',(6.92655318929636,2.24350321897364,0.0304353120447941));
#7520=CARTESIAN_POINT('Ctrl Pts',(7.22316195810114,2.28161140332168,0.242561481140643));
#7521=CARTESIAN_POINT('Ctrl Pts',(7.47319463213601,2.38371334212953,0.448801306182186));
#7522=CARTESIAN_POINT('Ctrl Pts',(7.82072821076167,2.55467298940292,0.752172015997919));
#7523=CARTESIAN_POINT('Ctrl Pts',(7.98427112347603,2.65561602855011,0.905542434995021));
#7524=CARTESIAN_POINT('Ctrl Pts',(8.13439922489071,2.76899939306869,1.05976332393712));
#7525=CARTESIAN_POINT('',(8.42486781829519,0.3054002651688,0.624054697911635));
#7526=CARTESIAN_POINT('Ctrl Pts',(8.42486781860071,0.305400265457822,0.624054697742018));
#7527=CARTESIAN_POINT('Ctrl Pts',(8.21164696713518,0.451576261080441,0.489067166050924));
#7528=CARTESIAN_POINT('Ctrl Pts',(7.98250846625767,0.578687838429615,0.347776879981893));
#7529=CARTESIAN_POINT('Ctrl Pts',(7.40445437388175,0.822147497738782,-0.0111116377262433));
#7530=CARTESIAN_POINT('Ctrl Pts',(7.14705187040367,0.861220090623033,-0.175676818352773));
#7531=CARTESIAN_POINT('Ctrl Pts',(7.02274822056977,0.867038948342578,-0.257731988070598));
#7532=CARTESIAN_POINT('Ctrl Pts',(8.42487102207218,-0.305398434700329,0.62405674371938));
#7533=CARTESIAN_POINT('Ctrl Pts',(8.42570720116105,-0.285018992980366,0.623616017055383));
#7534=CARTESIAN_POINT('Ctrl Pts',(8.4264579472577,-0.26467739533132,0.623220273776492));
#7535=CARTESIAN_POINT('Ctrl Pts',(8.42712422531686,-0.24437597185042,0.622869023933601));
#7536=CARTESIAN_POINT('Ctrl Pts',(8.43303314491069,-0.0643318035952585,
0.619753947502012));
#7537=CARTESIAN_POINT('Ctrl Pts',(8.4324986571295,0.119468261410344,0.620034970884511));
#7538=CARTESIAN_POINT('Ctrl Pts',(8.42486781791576,0.305400265167075,0.624054697271139));
#7539=CARTESIAN_POINT('Ctrl Pts',(6.46986876505176,-3.82215043915528,0.571587240904938));
#7540=CARTESIAN_POINT('Ctrl Pts',(6.60364621685682,-3.81677896121131,0.656948449406383));
#7541=CARTESIAN_POINT('Ctrl Pts',(6.91348993257709,-3.7792268752759,0.833568871298814));
#7542=CARTESIAN_POINT('Ctrl Pts',(7.57937627431583,-3.53209401128887,1.11436915894796));
#7543=CARTESIAN_POINT('Ctrl Pts',(7.79159595059541,-3.43628937054115,1.19482672824906));
#7544=CARTESIAN_POINT('Ctrl Pts',(7.99659313700116,-3.32699007555654,1.26647245577128));
#7545=CARTESIAN_POINT('Ctrl Pts',(5.29805097734022,-6.11639534682724,2.32931256272653));
#7546=CARTESIAN_POINT('Ctrl Pts',(5.38263297577446,-6.11411059708921,2.38183112696753));
#7547=CARTESIAN_POINT('Ctrl Pts',(5.51010954640167,-6.10342964992072,2.44863574327159));
#7548=CARTESIAN_POINT('Ctrl Pts',(5.8429865431511,-6.05750954231096,2.59401231958846));
#7549=CARTESIAN_POINT('Ctrl Pts',(6.04608866235209,-6.0174631761192,2.66360337567928));
#7550=CARTESIAN_POINT('Ctrl Pts',(6.46540603218935,-5.9175877645502,2.78517989947326));
#7551=CARTESIAN_POINT('Ctrl Pts',(6.69646725291856,-5.85117017280531,2.83733774875153));
#7552=CARTESIAN_POINT('Ctrl Pts',(6.92362016156913,-5.77331492023359,2.87593191891938));
#7553=CARTESIAN_POINT('Ctrl Pts',(3.70993598843543,-7.35303456136988,4.71148507913162));
#7554=CARTESIAN_POINT('Ctrl Pts',(3.80938398093283,-7.35212361136118,4.77233499722489));
#7555=CARTESIAN_POINT('Ctrl Pts',(4.12381537853445,-7.34864318692347,4.94400597611887));
#7556=CARTESIAN_POINT('Ctrl Pts',(4.90928299638644,-7.28051205981004,5.11936317209691));
#7557=CARTESIAN_POINT('Ctrl Pts',(5.15126231180401,-7.25431722711034,5.15514473092683));
#7558=CARTESIAN_POINT('Ctrl Pts',(5.3914783562962,-7.22138116628267,5.17414462682888));
#7559=CARTESIAN_POINT('Ctrl Pts',(1.98050503342787,-7.31839156338073,7.30581558165114));
#7560=CARTESIAN_POINT('Ctrl Pts',(2.01378109876291,-7.31879639373452,7.32582907123917));
#7561=CARTESIAN_POINT('Ctrl Pts',(2.04965738499518,-7.31954405499763,7.34573465946229));
#7562=CARTESIAN_POINT('Ctrl Pts',(2.37482608485895,-7.32825511550572,7.51552586858303));
#7563=CARTESIAN_POINT('Ctrl Pts',(2.70136933789282,-7.35081245662847,7.60711075302317));
#7564=CARTESIAN_POINT('Ctrl Pts',(3.18029048371957,-7.38460610166976,7.7128187496358));
#7565=CARTESIAN_POINT('Ctrl Pts',(3.42301587018863,-7.40312240399316,7.74742500558069));
#7566=CARTESIAN_POINT('Ctrl Pts',(3.66508895838546,-7.42080500449305,7.76372872369519));
#7567=CARTESIAN_POINT('Ctrl Pts',(0.407686453074018,-6.01810608638857,9.66485939722753));
#7568=CARTESIAN_POINT('Ctrl Pts',(0.506665339542332,-6.02086592852036,9.72638539178426));
#7569=CARTESIAN_POINT('Ctrl Pts',(0.816753810966094,-6.04200656386361,9.90460263087266));
#7570=CARTESIAN_POINT('Ctrl Pts',(1.57711508358049,-6.21177273231873,10.1176144988475));
#7571=CARTESIAN_POINT('Ctrl Pts',(1.81072120790706,-6.27186853822249,10.1659562059642));
#7572=CARTESIAN_POINT('Ctrl Pts',(2.042960378491,-6.33710424152953,10.1969215935371));
#7573=CARTESIAN_POINT('Ctrl Pts',(-0.735459182677048,-3.67735860835655,
11.3795778208053));
#7574=CARTESIAN_POINT('Ctrl Pts',(-0.594639884308208,-3.68313725858538,
11.4695501908427));
#7575=CARTESIAN_POINT('Ctrl Pts',(-0.292435244859153,-3.72491355325871,
11.6458794677563));
#7576=CARTESIAN_POINT('Ctrl Pts',(0.377232257429489,-3.9648990616536,11.9174398443739));
#7577=CARTESIAN_POINT('Ctrl Pts',(0.592995000578244,-4.05614729403156,11.9925458863192));
#7578=CARTESIAN_POINT('Ctrl Pts',(0.805573384652075,-4.15766058442098,12.0530020842956));
#7579=CARTESIAN_POINT('Ctrl Pts',(-1.25166236102695,-0.700762205934228,
12.1538825603967));
#7580=CARTESIAN_POINT('Ctrl Pts',(-1.11227453207246,-0.707362081084955,
12.2460633913149));
#7581=CARTESIAN_POINT('Ctrl Pts',(-0.8205292866199,-0.754023546801866,12.4380166618983));
#7582=CARTESIAN_POINT('Ctrl Pts',(-0.211981907449814,-1.03245698205423,
12.8012622226182));
#7583=CARTESIAN_POINT('Ctrl Pts',(-0.0195491011328299,-1.13908139083991,
12.9113624193535));
#7584=CARTESIAN_POINT('Ctrl Pts',(0.166883429411337,-1.25931964110556,13.0110370171569));
#7585=CARTESIAN_POINT('Origin',(1.64231361858858,-2.14273043752655E-13,
5.10875393438514));
#7586=CARTESIAN_POINT('Origin',(3.3106027802876,0.,6.22094670885171));
#7587=CARTESIAN_POINT('Origin',(4.8956869125531,0.,7.27766946369537));
#7588=CARTESIAN_POINT('Origin',(3.3106027802876,0.,6.22094670885171));
#7589=CARTESIAN_POINT('Origin',(4.8956869125531,0.,7.27766946369537));
#7590=CARTESIAN_POINT('Origin',(3.3106027802876,0.,6.22094670885171));
#7591=CARTESIAN_POINT('Origin',(4.8956869125531,0.,7.27766946369537));
#7592=CARTESIAN_POINT('Origin',(3.3106027802876,0.,6.22094670885171));
#7593=CARTESIAN_POINT('Origin',(4.8956869125531,0.,7.27766946369537));
#7594=CARTESIAN_POINT('Origin',(3.3106027802876,0.,6.22094670885171));
#7595=CARTESIAN_POINT('Origin',(4.8956869125531,0.,7.27766946369537));
#7596=CARTESIAN_POINT('Origin',(3.3106027802876,0.,6.22094670885171));
#7597=CARTESIAN_POINT('Origin',(4.8956869125531,0.,7.27766946369537));
#7598=CARTESIAN_POINT('Origin',(3.3106027802876,0.,6.22094670885171));
#7599=CARTESIAN_POINT('Origin',(4.8956869125531,0.,7.27766946369537));
#7600=CARTESIAN_POINT('Origin',(3.3106027802876,0.,6.22094670885171));
#7601=CARTESIAN_POINT('Origin',(4.8956869125531,0.,7.27766946369537));
#7602=CARTESIAN_POINT('Origin',(3.3106027802876,0.,6.22094670885171));
#7603=CARTESIAN_POINT('Origin',(4.8956869125531,0.,7.27766946369537));
#7604=CARTESIAN_POINT('Origin',(3.3106027802876,0.,6.22094670885171));
#7605=CARTESIAN_POINT('Origin',(4.8956869125531,0.,7.27766946369537));
#7606=CARTESIAN_POINT('Origin',(3.3106027802876,0.,6.22094670885171));
#7607=CARTESIAN_POINT('Origin',(4.8956869125531,0.,7.27766946369537));
#7608=CARTESIAN_POINT('Origin',(3.3106027802876,0.,6.22094670885171));
#7609=CARTESIAN_POINT('Origin',(4.8956869125531,0.,7.27766946369537));
#7610=CARTESIAN_POINT('Origin',(3.3106027802876,0.,6.22094670885171));
#7611=CARTESIAN_POINT('Origin',(4.8956869125531,0.,7.27766946369537));
#7612=CARTESIAN_POINT('Origin',(3.3106027802876,0.,6.22094670885171));
#7613=CARTESIAN_POINT('Origin',(4.8956869125531,0.,7.27766946369537));
#7614=CARTESIAN_POINT('Origin',(3.3106027802876,0.,6.22094670885171));
#7615=CARTESIAN_POINT('Origin',(4.8956869125531,0.,7.27766946369537));
#7616=CARTESIAN_POINT('Origin',(3.97809175485629,-1.68886727610132E-5,4.3367846359288));
#7617=CARTESIAN_POINT('',(7.98573226072231,0.160392639221674,4.60762630909567));
#7618=CARTESIAN_POINT('Ctrl Pts',(8.42486781781767,0.305400265927626,0.624054697886616));
#7619=CARTESIAN_POINT('Ctrl Pts',(8.35167840496806,0.281232407599186,1.28798344684937));
#7620=CARTESIAN_POINT('Ctrl Pts',(8.27848899210641,0.257064549570147,1.9519121958217));
#7621=CARTESIAN_POINT('Ctrl Pts',(8.13211020143304,0.2087288449899,3.27976937583733));
#7622=CARTESIAN_POINT('Ctrl Pts',(8.05892082362143,0.184560998435898,3.94369780688056));
#7623=CARTESIAN_POINT('Ctrl Pts',(7.98573144582606,0.160393151509652,4.60762623791202));
#7624=CARTESIAN_POINT('Origin',(6.9223141882779,2.42861286636753E-14,6.20292930530293));
#7625=CARTESIAN_POINT('Ctrl Pts',(5.97700005024165,4.94116758367568,1.25222967123621));
#7626=CARTESIAN_POINT('Ctrl Pts',(6.26368595982061,4.01105388056432,2.71326403660365));
#7627=CARTESIAN_POINT('Ctrl Pts',(6.55037186939958,3.08094017745296,4.1742984019711));
#7628=CARTESIAN_POINT('Ctrl Pts',(6.83705777897854,2.15082647434161,5.63533276733854));
#7629=CARTESIAN_POINT('Ctrl Pts',(5.98081481928852,4.94253350686098,1.25256957882419));
#7630=CARTESIAN_POINT('Ctrl Pts',(6.26679428490076,4.01216190505398,2.71353702924238));
#7631=CARTESIAN_POINT('Ctrl Pts',(6.55273883309581,3.08179264488143,4.17451327430628));
#7632=CARTESIAN_POINT('Ctrl Pts',(6.83871829870805,2.15142104307443,5.63548072472446));
#7633=CARTESIAN_POINT('Ctrl Pts',(6.0403361806846,4.96517733258241,1.25894104947412));
#7634=CARTESIAN_POINT('Ctrl Pts',(6.31503920887943,4.03055577919788,2.71873346667623));
#7635=CARTESIAN_POINT('Ctrl Pts',(6.58992415089657,3.09589916153538,4.17846172646075));
#7636=CARTESIAN_POINT('Ctrl Pts',(6.8646271790914,2.16127760815085,5.63825414366286));
#7637=CARTESIAN_POINT('Ctrl Pts',(6.39908816700027,5.15776635000758,1.3423456710015));
#7638=CARTESIAN_POINT('Ctrl Pts',(6.6064481372756,4.18685539476193,2.78637144927306));
#7639=CARTESIAN_POINT('Ctrl Pts',(6.81342731810675,3.2160200769671,4.23053332065251));
#7640=CARTESIAN_POINT('Ctrl Pts',(7.02078728838208,2.24510912172145,5.67455909892408));
#7641=CARTESIAN_POINT('Ctrl Pts',(6.85968900596941,5.56632407579892,1.57879470630456));
#7642=CARTESIAN_POINT('Ctrl Pts',(6.97984766885505,4.51860977988548,2.97849299004195));
#7643=CARTESIAN_POINT('Ctrl Pts',(7.1011222258009,3.47066332248489,4.37778402844554));
#7644=CARTESIAN_POINT('Ctrl Pts',(7.22128088868654,2.42294902657145,5.77748231218293));
#7645=CARTESIAN_POINT('Ctrl Pts',(7.14128888819787,5.92844151793115,1.81345299501963));
#7646=CARTESIAN_POINT('Ctrl Pts',(7.20881181975108,4.81248570373467,3.16884400886805));
#7647=CARTESIAN_POINT('Ctrl Pts',(7.27633475130429,3.69652988953819,4.52423502271647));
#7648=CARTESIAN_POINT('Ctrl Pts',(7.3438576828575,2.58057407534171,5.87962603656489));
#7649=CARTESIAN_POINT('',(7.32952557285681,2.81744176784111,5.59193691892883));
#7650=CARTESIAN_POINT('',(7.17540441230372,5.36461205721608,2.49825554126246));
#7651=CARTESIAN_POINT('',(7.2045286067897,2.42128801022152,5.77943236663217));
#7652=CARTESIAN_POINT('Ctrl Pts',(7.20452860682388,2.42128801061477,5.77943236741708));
#7653=CARTESIAN_POINT('Ctrl Pts',(7.22665755679713,2.48561600057439,5.74623894245719));
#7654=CARTESIAN_POINT('Ctrl Pts',(7.24814939968164,2.55104090397002,5.71400117813458));
#7655=CARTESIAN_POINT('Ctrl Pts',(7.28974279100081,2.68303211487597,5.65161109115583));
#7656=CARTESIAN_POINT('Ctrl Pts',(7.30996742848776,2.75001354207372,5.62127413492126));
#7657=CARTESIAN_POINT('Ctrl Pts',(7.32952557258517,2.81744176785304,5.59193691877514));
#7658=CARTESIAN_POINT('Ctrl Pts',(7.20452860651894,2.42128801086413,5.77943236660074));
#7659=CARTESIAN_POINT('Ctrl Pts',(7.1411888022039,2.39081883654931,5.70212283125));
#7660=CARTESIAN_POINT('Ctrl Pts',(7.04757554079629,2.35199864709572,5.59693885116388));
#7661=CARTESIAN_POINT('Ctrl Pts',(6.85203782558418,2.31248251831067,5.42422698556162));
#7662=CARTESIAN_POINT('Ctrl Pts',(6.7937456542775,2.31237824129443,5.38537421244532));
#7663=CARTESIAN_POINT('Ctrl Pts',(6.78719804975304,2.31258978375475,5.38123294341438));
#7664=CARTESIAN_POINT('Ctrl Pts',(4.59299703810324,6.7971052469899,3.32823418944403));
#7665=CARTESIAN_POINT('Ctrl Pts',(5.14020440236634,5.51763422629393,4.39848637278521));
#7666=CARTESIAN_POINT('Ctrl Pts',(5.68741176662944,4.23816320559797,5.46873855612639));
#7667=CARTESIAN_POINT('Ctrl Pts',(6.23461913089255,2.958692184902,6.53899073946757));
#7668=CARTESIAN_POINT('Ctrl Pts',(4.59641571663825,6.79909872291934,3.3291682327998));
#7669=CARTESIAN_POINT('Ctrl Pts',(5.14294307183849,5.51924638581003,4.39925769326717));
#7670=CARTESIAN_POINT('Ctrl Pts',(5.68957988233428,4.23941225635393,5.46930785601742));
#7671=CARTESIAN_POINT('Ctrl Pts',(6.23610723753452,2.95955991924462,6.53939731648479));
#7672=CARTESIAN_POINT('Ctrl Pts',(4.63161595811625,6.82036660502133,3.33991144855603));
#7673=CARTESIAN_POINT('Ctrl Pts',(5.17156538032088,5.53651881777663,4.40796132202922));
#7674=CARTESIAN_POINT('Ctrl Pts',(5.71148002612157,4.25266534106727,5.47602382616937));
#7675=CARTESIAN_POINT('Ctrl Pts',(6.2514294483262,2.96881755382258,6.54407369964257));
#7676=CARTESIAN_POINT('Ctrl Pts',(4.77391176809912,6.92184395868869,3.40685860346822));
#7677=CARTESIAN_POINT('Ctrl Pts',(5.28703950302328,5.61888819949976,4.46231939550024));
#7678=CARTESIAN_POINT('Ctrl Pts',(5.80024124289912,4.31594509531151,5.51775414006797));
#7679=CARTESIAN_POINT('Ctrl Pts',(6.31336897782327,3.01298933612257,6.57321493209999));
#7680=CARTESIAN_POINT('Ctrl Pts',(5.08556310569392,7.18933265299878,3.62210933952746));
#7681=CARTESIAN_POINT('Ctrl Pts',(5.54007170268123,5.8360333600381,4.63703609462935));
#7682=CARTESIAN_POINT('Ctrl Pts',(5.99451818565872,4.48272300528411,5.65198404419905));
#7683=CARTESIAN_POINT('Ctrl Pts',(6.44902678264604,3.12942371232344,6.66691079930094));
#7684=CARTESIAN_POINT('Ctrl Pts',(5.37463311542673,7.53557830948913,3.97064307013317));
#7685=CARTESIAN_POINT('Ctrl Pts',(5.77462111425954,6.11708363218855,4.91999921771387));
#7686=CARTESIAN_POINT('Ctrl Pts',(6.17486722807113,4.69863465495886,5.86926688618574));
#7687=CARTESIAN_POINT('Ctrl Pts',(6.57485522690395,3.28013997765829,6.81862303376643));
#7688=CARTESIAN_POINT('Ctrl Pts',(5.52596247263358,7.7717759022445,4.23644261836621));
#7689=CARTESIAN_POINT('Ctrl Pts',(5.89755062939343,6.30883518190348,5.13573579440463));
#7690=CARTESIAN_POINT('Ctrl Pts',(6.26913878615327,4.84589446156247,6.03502897044305));
#7691=CARTESIAN_POINT('Ctrl Pts',(6.64072694291312,3.38295374122146,6.93432214648148));
#7692=CARTESIAN_POINT('',(6.561855334664,3.69347086808187,6.74344227621805));
#7693=CARTESIAN_POINT('',(5.71370498602723,7.03263456116497,4.69080468067755));
#7694=CARTESIAN_POINT('',(6.5372041838725,3.23979366988611,6.78041900131991));
#7695=CARTESIAN_POINT('Ctrl Pts',(6.53720418385707,3.2397936699493,6.78041900186729));
#7696=CARTESIAN_POINT('Ctrl Pts',(6.54287057981321,3.31480100215081,6.77191940793308));
#7697=CARTESIAN_POINT('Ctrl Pts',(6.54770214134476,3.39040934269476,6.76467206595932));
#7698=CARTESIAN_POINT('Ctrl Pts',(6.55585272535984,3.54149235350152,6.75244618993669));
#7699=CARTESIAN_POINT('Ctrl Pts',(6.55919665300141,3.61754404579239,6.74743029815079));
#7700=CARTESIAN_POINT('Ctrl Pts',(6.56185533439074,3.69347086808349,6.74344227606679));
#7701=CARTESIAN_POINT('Ctrl Pts',(6.53720418361522,3.23979367022275,6.78041900143054));
#7702=CARTESIAN_POINT('Ctrl Pts',(6.45040114777601,3.21572571937687,6.65178430882303));
#7703=CARTESIAN_POINT('Ctrl Pts',(6.363859922034,3.19978963178658,6.5517531043029));
#7704=CARTESIAN_POINT('Ctrl Pts',(6.25423960433072,3.18698892078721,6.44455504856898));
#7705=CARTESIAN_POINT('Ctrl Pts',(6.22085562934599,3.18397748208639,6.41437433088298));
#7706=CARTESIAN_POINT('Ctrl Pts',(6.15819544099353,3.18096954579619,6.36470452263569));
#7707=CARTESIAN_POINT('Ctrl Pts',(6.14131928570217,3.18117993166219,6.3540092903605));
#7708=CARTESIAN_POINT('Ctrl Pts',(6.13945009802415,3.18121494410091,6.35285489053278));
#7709=CARTESIAN_POINT('Ctrl Pts',(2.90991647874237,7.47776166333691,5.85285502848552));
#7710=CARTESIAN_POINT('Ctrl Pts',(3.77394294804325,6.07016548816399,6.44787855426998));
#7711=CARTESIAN_POINT('Ctrl Pts',(4.63796941734414,4.66256931299107,7.04290208005443));
#7712=CARTESIAN_POINT('Ctrl Pts',(5.50199588664502,3.25497313781815,7.63792560583889));
#7713=CARTESIAN_POINT('Ctrl Pts',(2.91283172408743,7.48003800191212,5.85454422162622));
#7714=CARTESIAN_POINT('Ctrl Pts',(3.7762758119586,6.07199512487251,6.44925858308715));
#7715=CARTESIAN_POINT('Ctrl Pts',(4.63982076744597,4.66400687565922,7.04394652834998));
#7716=CARTESIAN_POINT('Ctrl Pts',(5.50326485531713,3.25596399861961,7.6386608898109));
#7717=CARTESIAN_POINT('Ctrl Pts',(2.94272432863713,7.50377232988194,5.87324696167587));
#7718=CARTESIAN_POINT('Ctrl Pts',(3.80058552298357,6.09128558262643,6.46442917693629));
#7719=CARTESIAN_POINT('Ctrl Pts',(4.65841552591228,4.67878199250534,7.05561973590092));
#7720=CARTESIAN_POINT('Ctrl Pts',(5.51627672025871,3.26629524524983,7.64680195116134));
#7721=CARTESIAN_POINT('Ctrl Pts',(3.0610112039779,7.60592423546719,5.97620753206535));
#7722=CARTESIAN_POINT('Ctrl Pts',(3.89657295598432,6.17419052562711,6.54801729847389));
#7723=CARTESIAN_POINT('Ctrl Pts',(4.732203718379,4.74249436113344,7.11980959214829));
#7724=CARTESIAN_POINT('Ctrl Pts',(5.56776547038543,3.31076065129335,7.69161935855684));
#7725=CARTESIAN_POINT('Ctrl Pts',(3.31260749727086,7.84775281669821,6.28153623489964));
#7726=CARTESIAN_POINT('Ctrl Pts',(4.10085042109597,6.37052027770296,6.79586149974478));
#7727=CARTESIAN_POINT('Ctrl Pts',(4.88903916571903,4.89325805045699,7.31019973722842));
#7728=CARTESIAN_POINT('Ctrl Pts',(5.67728208954413,3.41602551146173,7.82452500207356));
#7729=CARTESIAN_POINT('Ctrl Pts',(3.52978140515031,8.11133323435579,6.73792063554799));
#7730=CARTESIAN_POINT('Ctrl Pts',(4.27704683045582,6.58443173540854,7.16636064341959));
#7731=CARTESIAN_POINT('Ctrl Pts',(5.02454966331085,5.0576601642265,7.59474323332625));
#7732=CARTESIAN_POINT('Ctrl Pts',(5.77181508861636,3.53075866527924,8.02318324119785));
#7733=CARTESIAN_POINT('Ctrl Pts',(3.63440098151074,8.27129962869219,7.07378485505061));
#7734=CARTESIAN_POINT('Ctrl Pts',(4.36205220097332,6.71432974315282,7.43898343703489));
#7735=CARTESIAN_POINT('Ctrl Pts',(5.08970342043591,5.15735985761346,7.80418201901916));
#7736=CARTESIAN_POINT('Ctrl Pts',(5.81735463989849,3.6003899720741,8.16938060100344));
#7737=CARTESIAN_POINT('',(5.66290670943358,3.93086530110176,8.09186521406368));
#7738=CARTESIAN_POINT('',(4.00204205537118,7.48465066000916,7.25829907666181));
#7739=CARTESIAN_POINT('',(5.74274354281683,3.49833495480118,7.97210996290036));
#7740=CARTESIAN_POINT('Ctrl Pts',(5.74274354280935,3.49833495466942,7.97210996343887));
#7741=CARTESIAN_POINT('Ctrl Pts',(5.7309972525288,3.57101250341838,7.9897293988597));
#7742=CARTESIAN_POINT('Ctrl Pts',(5.71835271830496,3.64362684339711,8.00869620051768));
#7743=CARTESIAN_POINT('Ctrl Pts',(5.69171192475605,3.78762456771511,8.04865739084103));
#7744=CARTESIAN_POINT('Ctrl Pts',(5.6776082594268,3.85955319355924,8.0698128885127));
#7745=CARTESIAN_POINT('Ctrl Pts',(5.66290670916119,3.93086530109278,8.09186521391111));
#7746=CARTESIAN_POINT('Ctrl Pts',(5.74274354249298,3.49833495501447,7.97210996310924));
#7747=CARTESIAN_POINT('Ctrl Pts',(5.65854748769824,3.50029676536756,7.8395678022066));
#7748=CARTESIAN_POINT('Ctrl Pts',(5.57390928564777,3.50006641170373,7.73667368213162));
#7749=CARTESIAN_POINT('Ctrl Pts',(5.46581812776862,3.49991873174489,7.62718713136697));
#7750=CARTESIAN_POINT('Ctrl Pts',(5.43279795948086,3.49984957724559,7.59646187348133));
#7751=CARTESIAN_POINT('Ctrl Pts',(5.37050482223391,3.4997740179805,7.54624922111057));
#7752=CARTESIAN_POINT('Ctrl Pts',(5.35360289591528,3.49977819572407,7.53559040480408));
#7753=CARTESIAN_POINT('Ctrl Pts',(5.35172637830369,3.4997791405714,7.53444047011351));
#7754=CARTESIAN_POINT('Ctrl Pts',(1.21877829117942,6.86544515476093,8.38956230983012));
#7755=CARTESIAN_POINT('Ctrl Pts',(2.40114061439947,5.57310999140826,8.50708205473577));
#7756=CARTESIAN_POINT('Ctrl Pts',(3.58350293761953,4.28077482805559,8.62460179964142));
#7757=CARTESIAN_POINT('Ctrl Pts',(4.76586526083958,2.98843966470291,8.74212154454707));
#7758=CARTESIAN_POINT('Ctrl Pts',(1.22116980882851,6.86761075636237,8.39203709451477));
#7759=CARTESIAN_POINT('Ctrl Pts',(2.40305368996265,5.57484074450058,8.50909176608117));
#7760=CARTESIAN_POINT('Ctrl Pts',(3.58502237647116,4.28215233499075,8.62614411481226));
#7761=CARTESIAN_POINT('Ctrl Pts',(4.76690625760531,2.98938232312896,8.74319878637866));
#7762=CARTESIAN_POINT('Ctrl Pts',(1.24565865031512,6.88970794780231,8.41884549233578));
#7763=CARTESIAN_POINT('Ctrl Pts',(2.4229698228599,5.59281403117574,8.53085274029866));
#7764=CARTESIAN_POINT('Ctrl Pts',(3.60025476168623,4.29589486198455,8.64286088797572));
#7765=CARTESIAN_POINT('Ctrl Pts',(4.777565934231,2.99900094535797,8.7548681359386));
#7766=CARTESIAN_POINT('Ctrl Pts',(1.34186007631522,6.97487140843227,8.55493423682522));
#7767=CARTESIAN_POINT('Ctrl Pts',(2.5010344414805,5.66191951326481,8.64132508349545));
#7768=CARTESIAN_POINT('Ctrl Pts',(3.66026680814769,4.34902339574696,8.72771496326972));
#7769=CARTESIAN_POINT('Ctrl Pts',(4.81944117331296,3.0360715005795,8.81410580993994));
#7770=CARTESIAN_POINT('Ctrl Pts',(1.54438621899297,7.149226233908,8.9338681967037));
#7771=CARTESIAN_POINT('Ctrl Pts',(2.66547205540774,5.80348737510676,8.94892909266432));
#7772=CARTESIAN_POINT('Ctrl Pts',(3.78651235283441,4.45770476454144,8.96398997587652));
#7773=CARTESIAN_POINT('Ctrl Pts',(4.90759818924918,3.1119659057402,8.97905087183713));
#7774=CARTESIAN_POINT('Ctrl Pts',(1.71452546635567,7.28456495385328,9.46080454374007));
#7775=CARTESIAN_POINT('Ctrl Pts',(2.80350301773257,5.91327177389195,9.37667636250454));
#7776=CARTESIAN_POINT('Ctrl Pts',(3.89268005629014,4.54217028369924,9.29254764385736));
#7777=CARTESIAN_POINT('Ctrl Pts',(4.98165760766705,3.17087710373792,9.20841946262183));
#7778=CARTESIAN_POINT('Ctrl Pts',(1.79367258094115,7.34064050694088,9.83487745590513));
#7779=CARTESIAN_POINT('Ctrl Pts',(2.8678181623299,5.95885569404028,9.68033449500012));
#7780=CARTESIAN_POINT('Ctrl Pts',(3.94196374371865,4.57707088113968,9.52579153409512));
#7781=CARTESIAN_POINT('Ctrl Pts',(5.0161093251074,3.19528606823907,9.37124857319011));
#7782=CARTESIAN_POINT('',(4.78811608115966,3.48857741277098,9.40405115647456));
#7783=CARTESIAN_POINT('',(2.33637769101569,6.64250266382119,9.7567956231952));
#7784=CARTESIAN_POINT('',(4.95863681447549,3.15198203261208,9.14827005541239));
#7785=CARTESIAN_POINT('Ctrl Pts',(4.95863681451942,3.15198203230779,9.14827005587376));
#7786=CARTESIAN_POINT('Ctrl Pts',(4.93150876074264,3.20976325102254,9.18896213653893));
#7787=CARTESIAN_POINT('Ctrl Pts',(4.90357438102176,3.26682808438442,9.23086370644249));
#7788=CARTESIAN_POINT('Ctrl Pts',(4.84674848466329,3.37884205741748,9.31610255098018));
#7789=CARTESIAN_POINT('Ctrl Pts',(4.81763583164975,3.43421054483944,9.35977153017826));
#7790=CARTESIAN_POINT('Ctrl Pts',(4.78811608089046,3.48857741275295,9.40405115631721));
#7791=CARTESIAN_POINT('Ctrl Pts',(4.95863681412048,3.15198203266317,9.14827005566802));
#7792=CARTESIAN_POINT('Ctrl Pts',(4.87094915916368,3.17963381405704,9.02096527183929));
#7793=CARTESIAN_POINT('Ctrl Pts',(4.78450875322669,3.19514954075211,8.92077451367804));
#7794=CARTESIAN_POINT('Ctrl Pts',(4.67495753134237,3.20768045998729,8.81347802523069));
#7795=CARTESIAN_POINT('Ctrl Pts',(4.64160534214601,3.21056558201515,8.78325079132896));
#7796=CARTESIAN_POINT('Ctrl Pts',(4.57898272339947,3.21343540539613,8.73353230966791));
#7797=CARTESIAN_POINT('Ctrl Pts',(4.56210415503416,3.21323307281412,8.72283845224471));
#7798=CARTESIAN_POINT('Ctrl Pts',(4.560231477955,3.21319972897752,8.72168280110925));
#7799=CARTESIAN_POINT('Ctrl Pts',(-0.188004368447903,5.06603080831567,10.4997362992712));
#7800=CARTESIAN_POINT('Ctrl Pts',(1.25916739643966,4.11241314702328,10.2200418816756));
#7801=CARTESIAN_POINT('Ctrl Pts',(2.70633916132722,3.1587954857309,9.94034746407992));
#7802=CARTESIAN_POINT('Ctrl Pts',(4.15351092621478,2.20517782443851,9.66065304648428));
#7803=CARTESIAN_POINT('Ctrl Pts',(-0.186066315724238,5.06771122075258,10.502891281344));
#7804=CARTESIAN_POINT('Ctrl Pts',(1.26071928607508,4.11374575356635,10.2225933719126));
#7805=CARTESIAN_POINT('Ctrl Pts',(2.70756893375195,3.15987475346972,9.94232427889112));
#7806=CARTESIAN_POINT('Ctrl Pts',(4.15435453555127,2.20590928628349,9.66202636945974));
#7807=CARTESIAN_POINT('Ctrl Pts',(-0.166143704740235,5.08435192381355,10.5365509834891));
#7808=CARTESIAN_POINT('Ctrl Pts',(1.27691984871696,4.12729557791196,10.2499296600833));
#7809=CARTESIAN_POINT('Ctrl Pts',(2.71996303751756,3.17020911544871,9.9632993267691));
#7810=CARTESIAN_POINT('Ctrl Pts',(4.16302659097476,2.21315276954713,9.67667800336331));
#7811=CARTESIAN_POINT('Ctrl Pts',(-0.0862854652883407,5.13780139908777,
10.6971544933209));
#7812=CARTESIAN_POINT('Ctrl Pts',(1.34172454836891,4.17065262906088,10.3802918672532));
#7813=CARTESIAN_POINT('Ctrl Pts',(2.76977783823384,3.20356740629736,10.0634492643779));
#7814=CARTESIAN_POINT('Ctrl Pts',(4.19778785189109,2.23641863627046,9.74658663831019));
#7815=CARTESIAN_POINT('Ctrl Pts',(0.0866384298237948,5.21453838446505,11.1204964907786));
#7816=CARTESIAN_POINT('Ctrl Pts',(1.4821242012104,4.23298368019826,10.7239574842814));
#7817=CARTESIAN_POINT('Ctrl Pts',(2.8775736201467,3.25137595984041,10.3274009522956));
#7818=CARTESIAN_POINT('Ctrl Pts',(4.2730593915333,2.26982125557362,9.9308619457984));
#7819=CARTESIAN_POINT('Ctrl Pts',(0.242739541942869,5.19822921463459,11.6684834303594));
#7820=CARTESIAN_POINT('Ctrl Pts',(1.60877878803494,4.21965340228194,11.1687627070511));
#7821=CARTESIAN_POINT('Ctrl Pts',(2.97496894477545,3.24129789679883,10.6691143111294));
#7822=CARTESIAN_POINT('Ctrl Pts',(4.34100819086751,2.26272208444618,10.1693935878212));
#7823=CARTESIAN_POINT('Ctrl Pts',(0.322055933875789,5.14071795391415,12.0423024265032));
#7824=CARTESIAN_POINT('Ctrl Pts',(1.67321515343465,4.17304136092373,11.472239008343));
#7825=CARTESIAN_POINT('Ctrl Pts',(3.02437437299351,3.20536476793331,10.9021755901829));
#7826=CARTESIAN_POINT('Ctrl Pts',(4.37553359255237,2.2376881749429,10.3321121720227));
#7827=CARTESIAN_POINT('',(4.08874269669417,2.44308279704124,10.4531112331728));
#7828=CARTESIAN_POINT('',(1.00472039364347,4.6518056118164,11.7542815692536));
#7829=CARTESIAN_POINT('',(4.32046304484782,2.26062342558104,10.105530709857));
#7830=CARTESIAN_POINT('Ctrl Pts',(4.32046304497689,2.26062342515932,10.1055307101876));
#7831=CARTESIAN_POINT('Ctrl Pts',(4.28264384534255,2.29351723282019,10.1622595096391));
#7832=CARTESIAN_POINT('Ctrl Pts',(4.24424960394607,2.32516540493194,10.2198508720574));
#7833=CARTESIAN_POINT('Ctrl Pts',(4.16706424219242,2.38582713208334,10.3356289146879));
#7834=CARTESIAN_POINT('Ctrl Pts',(4.12797640751307,2.41506169908049,10.3942606663833));
#7835=CARTESIAN_POINT('Ctrl Pts',(4.08874269642992,2.44308279701729,10.453111233008));
#7836=CARTESIAN_POINT('Ctrl Pts',(4.32046304450297,2.26062342546181,10.105530710099));
#7837=CARTESIAN_POINT('Ctrl Pts',(4.22378871205235,2.30918508127274,9.99170289914334));
#7838=CARTESIAN_POINT('Ctrl Pts',(4.13215272883622,2.33776298431989,9.89931400813839));
#7839=CARTESIAN_POINT('Ctrl Pts',(4.01840468954235,2.36080571155032,9.79830742287511));
#7840=CARTESIAN_POINT('Ctrl Pts',(3.98408207217985,2.36614617954228,9.76953464406295));
#7841=CARTESIAN_POINT('Ctrl Pts',(3.9204903839958,2.37146527165808,9.72126192216465));
#7842=CARTESIAN_POINT('Ctrl Pts',(3.90368041394514,2.37109065694377,9.71046744008234));
#7843=CARTESIAN_POINT('Ctrl Pts',(3.90182207266143,2.37102889323567,9.7092969090497));
#7844=CARTESIAN_POINT('Ctrl Pts',(-1.06718599807082,2.39065371166764,11.8185087437056));
#7845=CARTESIAN_POINT('Ctrl Pts',(0.54548083805003,1.94064270941746,11.29057171926));
#7846=CARTESIAN_POINT('Ctrl Pts',(2.15814767417088,1.49063170716727,10.7626346948144));
#7847=CARTESIAN_POINT('Ctrl Pts',(3.77081451029173,1.04062070491708,10.2346976703689));
#7848=CARTESIAN_POINT('Ctrl Pts',(-1.06555273929684,2.39155837636361,11.8221209167029));
#7849=CARTESIAN_POINT('Ctrl Pts',(0.546792596510277,1.94134674963361,11.2934834062598));
#7850=CARTESIAN_POINT('Ctrl Pts',(2.15918011094873,1.49122612051288,10.7649075130959));
#7851=CARTESIAN_POINT('Ctrl Pts',(3.77152544675584,1.04101449378288,10.2362700026529));
#7852=CARTESIAN_POINT('Ctrl Pts',(-1.04857063120257,2.39986569232231,11.8601937459921));
#7853=CARTESIAN_POINT('Ctrl Pts',(0.560596704936811,1.94813065393603,11.324416748563));
#7854=CARTESIAN_POINT('Ctrl Pts',(2.16975020308463,1.49636559958482,10.7886196112718));
#7855=CARTESIAN_POINT('Ctrl Pts',(3.77891753922402,1.04463056119855,10.2528426138428));
#7856=CARTESIAN_POINT('Ctrl Pts',(-0.976487451653137,2.41235922904936,12.0324597493788));
#7857=CARTESIAN_POINT('Ctrl Pts',(0.619097119909764,1.95824239277141,11.4642352864526));
#7858=CARTESIAN_POINT('Ctrl Pts',(2.21470984535332,1.50418567276177,10.8960522446344));
#7859=CARTESIAN_POINT('Ctrl Pts',(3.81029441691622,1.05006883648382,10.3278277817082));
#7860=CARTESIAN_POINT('Ctrl Pts',(-0.808582565803389,2.37821094460337,12.4633360260548));
#7861=CARTESIAN_POINT('Ctrl Pts',(0.755413921335474,1.93056012038328,11.8140309459293));
#7862=CARTESIAN_POINT('Ctrl Pts',(2.31938475946717,1.48285535323082,11.164687743822));
#7863=CARTESIAN_POINT('Ctrl Pts',(3.88338124660604,1.03520452901074,10.5153826636965));
#7864=CARTESIAN_POINT('Ctrl Pts',(-0.63109121100181,2.21307241977577,12.9792295597764));
#7865=CARTESIAN_POINT('Ctrl Pts',(0.899452814406457,1.79641862306971,12.2327516674938));
#7866=CARTESIAN_POINT('Ctrl Pts',(2.43009691709136,1.37997565727496,11.4864223526556));
#7867=CARTESIAN_POINT('Ctrl Pts',(3.96064094249962,0.963321860568897,10.739944460373));
#7868=CARTESIAN_POINT('Ctrl Pts',(-0.525993072190245,2.05191856469925,13.3143759356023));
#7869=CARTESIAN_POINT('Ctrl Pts',(0.984800887153173,1.66567026561291,12.5048604077653));
#7870=CARTESIAN_POINT('Ctrl Pts',(2.49559484649659,1.27942196652657,11.6953448799282));
#7871=CARTESIAN_POINT('Ctrl Pts',(4.00638880584001,0.893173667440226,10.8858293520912));
#7872=CARTESIAN_POINT('',(3.68571456781893,0.97515697099264,11.0576534264857));
#7873=CARTESIAN_POINT('',(0.237325807696883,1.85676910920136,12.9053734481735));
#7874=CARTESIAN_POINT('',(3.93856771507169,0.978383108009443,10.678373704525));
#7875=CARTESIAN_POINT('Ctrl Pts',(3.93856771530398,0.978383107544793,10.6783737046969));
#7876=CARTESIAN_POINT('Ctrl Pts',(3.89659673116792,0.980701716414446,10.741330180901));
#7877=CARTESIAN_POINT('Ctrl Pts',(3.85438137941442,0.981460742803436,10.8046532088565));
#7878=CARTESIAN_POINT('Ctrl Pts',(3.770182718224,0.980281083179028,10.9309512006421));
#7879=CARTESIAN_POINT('Ctrl Pts',(3.72787836994701,0.978326734862873,10.9944077227324));
#7880=CARTESIAN_POINT('Ctrl Pts',(3.68571456756052,0.97515697096689,11.0576534263121));
#7881=CARTESIAN_POINT('Ctrl Pts',(3.93856771477471,0.978383107742741,10.6783737046971));
#7882=CARTESIAN_POINT('Ctrl Pts',(3.8289653919567,1.039458977473,10.5839342922093));
#7883=CARTESIAN_POINT('Ctrl Pts',(3.72963744521137,1.07615663081127,10.5030937959736));
#7884=CARTESIAN_POINT('Ctrl Pts',(3.60968294935404,1.10572681873693,10.4113901825373));
#7885=CARTESIAN_POINT('Ctrl Pts',(3.57391967172395,1.11259915454926,10.3847769242801));
#7886=CARTESIAN_POINT('Ctrl Pts',(3.5088889434953,1.11944792310313,10.3386531362409));
#7887=CARTESIAN_POINT('Ctrl Pts',(3.49218101185817,1.11896501789858,10.3277084033631));
#7888=CARTESIAN_POINT('Ctrl Pts',(3.49034312081752,1.1188856217321,10.3265153368158));
#7889=CARTESIAN_POINT('Origin',(2.03341396418522,1.13912612459903,7.25380132025804));
#7890=CARTESIAN_POINT('Origin',(4.89691788068604,1.18639069806005,9.24102376668244));
#7891=CARTESIAN_POINT('Origin',(2.36560813692552,1.67834304984773,6.75551006299338));
#7892=CARTESIAN_POINT('Origin',(5.24289687444189,1.74799296056515,8.72205527605938));
#7893=CARTESIAN_POINT('Origin',(2.7907390627476,1.92735921432778,6.11781367456864));
#7894=CARTESIAN_POINT('Origin',(5.68567137171986,2.00735136017392,8.0578935301407));
#7895=CARTESIAN_POINT('Origin',(3.23529774273056,1.84311746104923,5.45097565441007));
#7896=CARTESIAN_POINT('Origin',(6.14868163946922,1.91962047339356,7.3633781285169));
#7897=CARTESIAN_POINT('Origin',(3.62241594272415,1.44018395460241,4.87029835445461));
#7898=CARTESIAN_POINT('Origin',(6.55186899607815,1.49996976755937,6.758597093602));
#7899=CARTESIAN_POINT('Origin',(3.88515740892983,0.788229558730631,4.47618615507104));
#7900=CARTESIAN_POINT('',(7.83318026577701,1.45425139019572,4.83645487954632));
#7901=CARTESIAN_POINT('Origin',(6.82551868474907,0.820960662116343,6.34812256059777));
#7902=CARTESIAN_POINT('',(8.1343992243493,2.76899939224143,1.05976332317137));
#7903=CARTESIAN_POINT('Ctrl Pts',(8.52207590332028,0.337496293449071,-0.257727527835675));
#7904=CARTESIAN_POINT('Ctrl Pts',(8.32968275186296,0.273966789142301,1.48753761056699));
#7905=CARTESIAN_POINT('Ctrl Pts',(8.13728960040564,0.210437284835532,3.23280274896965));
#7906=CARTESIAN_POINT('Ctrl Pts',(7.94489644894832,0.146907780528762,4.97806788737232));
#7907=CARTESIAN_POINT('Ctrl Pts',(8.1935468473071,0.540985694543519,-0.257727527835675));
#7908=CARTESIAN_POINT('Ctrl Pts',(8.06292885228086,0.439087805614489,1.48753761056699));
#7909=CARTESIAN_POINT('Ctrl Pts',(7.93250998616297,0.337381979349692,3.23280274896966));
#7910=CARTESIAN_POINT('Ctrl Pts',(7.80189199113673,0.235484090420662,4.97806788737232));
#7911=CARTESIAN_POINT('Ctrl Pts',(7.67213743849679,0.7713023717479,-0.257727527835675));
#7912=CARTESIAN_POINT('Ctrl Pts',(7.63975377996623,0.6261326274784,1.48753761056699));
#7913=CARTESIAN_POINT('Ctrl Pts',(7.60731286375836,0.480907711617438,3.23280274896965));
#7914=CARTESIAN_POINT('Ctrl Pts',(7.57492920522781,0.335737967347938,4.97806788737232));
#7915=CARTESIAN_POINT('Ctrl Pts',(7.21697361487565,0.859870900670388,-0.257727527835675));
#7916=CARTESIAN_POINT('Ctrl Pts',(7.2702317855623,0.697993075658491,1.48753761056699));
#7917=CARTESIAN_POINT('Ctrl Pts',(7.32354409684411,0.536168529860237,3.23280274896966));
#7918=CARTESIAN_POINT('Ctrl Pts',(7.37680226753077,0.374290704848339,4.97806788737232));
#7919=CARTESIAN_POINT('Ctrl Pts',(7.03004676653941,0.869138233949122,-0.257727527835675));
#7920=CARTESIAN_POINT('Ctrl Pts',(7.11851934546452,0.705543456945298,1.48753761056699));
#7921=CARTESIAN_POINT('Ctrl Pts',(7.20696284415923,0.541919432416437,3.23280274896965));
#7922=CARTESIAN_POINT('Ctrl Pts',(7.29543542308434,0.378324655412613,4.97806788737232));
#7923=CARTESIAN_POINT('Ctrl Pts',(6.98767955705754,0.865637117123165,-0.257727527835675));
#7924=CARTESIAN_POINT('Ctrl Pts',(7.08408979364039,0.702663894850634,1.48753761056699));
#7925=CARTESIAN_POINT('Ctrl Pts',(7.1805832870407,0.539773886719149,3.23280274896966));
#7926=CARTESIAN_POINT('Ctrl Pts',(7.27699352362355,0.376800664446618,4.97806788737232));
#7927=CARTESIAN_POINT('Ctrl Pts',(6.98363818295221,0.865188740566422,-0.257727527835675));
#7928=CARTESIAN_POINT('Ctrl Pts',(7.08083691051376,0.702327657683812,1.48753761056699));
#7929=CARTESIAN_POINT('Ctrl Pts',(7.17803563807531,0.539466574801201,3.23280274896966));
#7930=CARTESIAN_POINT('Ctrl Pts',(7.27523436563686,0.37660549191859,4.97806788737232));
#7931=CARTESIAN_POINT('',(7.73877722159972,0.258323930721111,4.9780594447406));
#7932=CARTESIAN_POINT('Ctrl Pts',(7.25832982566516,0.404929932155513,4.67453527954381));
#7933=CARTESIAN_POINT('Ctrl Pts',(7.2608468162662,0.405045185335692,4.6762294072519));
#7934=CARTESIAN_POINT('Ctrl Pts',(7.2849136075107,0.40566163833255,4.69235401881842));
#7935=CARTESIAN_POINT('Ctrl Pts',(7.37869876118976,0.392640642171378,4.75307871214566));
#7936=CARTESIAN_POINT('Ctrl Pts',(7.43211897512928,0.379682190223145,4.78693383273024));
#7937=CARTESIAN_POINT('Ctrl Pts',(7.55795505718677,0.341619797761417,4.86602902022493));
#7938=CARTESIAN_POINT('Ctrl Pts',(7.64408222736484,0.307537087441868,4.91930682956187));
#7939=CARTESIAN_POINT('Ctrl Pts',(7.73877722160979,0.258323930401005,4.97805944445624));
#7940=CARTESIAN_POINT('Ctrl Pts',(7.98573250272017,0.160392466847482,4.60762652357263));
#7941=CARTESIAN_POINT('Ctrl Pts',(7.94485566266534,0.179296704281047,4.66894178365488));
#7942=CARTESIAN_POINT('Ctrl Pts',(7.90370157877999,0.197064820259169,4.73067290981152));
#7943=CARTESIAN_POINT('Ctrl Pts',(7.82147896641105,0.229778614604437,4.85400682836493));
#7944=CARTESIAN_POINT('Ctrl Pts',(7.78009843290837,0.244859836213918,4.91607762829034));
#7945=CARTESIAN_POINT('Ctrl Pts',(7.73877722179117,0.258323930270411,4.97805944496613));
#7946=CARTESIAN_POINT('Origin',(7.4115623953571,0.,3.50385623948936));
#7947=CARTESIAN_POINT('Origin',(4.89568691255314,-2.23432383705813E-14,
7.27766946369531));
#7948=CARTESIAN_POINT('Origin',(7.4115623953571,0.,3.50385623948936));
#7949=CARTESIAN_POINT('Origin',(4.89568691255314,-2.23432383705813E-14,
7.27766946369531));
#7950=CARTESIAN_POINT('Origin',(7.4115623953571,0.,3.50385623948936));
#7951=CARTESIAN_POINT('Origin',(4.89568691255314,-2.23432383705813E-14,
7.27766946369531));
#7952=CARTESIAN_POINT('Origin',(7.4115623953571,0.,3.50385623948936));
#7953=CARTESIAN_POINT('Origin',(4.89568691255314,-2.23432383705813E-14,
7.27766946369531));
#7954=CARTESIAN_POINT('Origin',(7.4115623953571,0.,3.50385623948936));
#7955=CARTESIAN_POINT('Origin',(4.89568691255314,-2.23432383705813E-14,
7.27766946369531));
#7956=CARTESIAN_POINT('Origin',(7.4115623953571,0.,3.50385623948936));
#7957=CARTESIAN_POINT('Origin',(4.89568691255314,-2.23432383705813E-14,
7.27766946369531));
#7958=CARTESIAN_POINT('Origin',(7.4115623953571,0.,3.50385623948936));
#7959=CARTESIAN_POINT('Origin',(4.89568691255314,-2.23432383705813E-14,
7.27766946369531));
#7960=CARTESIAN_POINT('Origin',(7.4115623953571,0.,3.50385623948936));
#7961=CARTESIAN_POINT('Origin',(4.89568691255314,-2.23432383705813E-14,
7.27766946369531));
#7962=CARTESIAN_POINT('Origin',(7.4115623953571,0.,3.50385623948936));
#7963=CARTESIAN_POINT('Origin',(4.89568691255314,-2.23432383705813E-14,
7.27766946369531));
#7964=CARTESIAN_POINT('Origin',(7.4115623953571,0.,3.50385623948936));
#7965=CARTESIAN_POINT('Origin',(4.89568691255314,-2.23432383705813E-14,
7.27766946369531));
#7966=CARTESIAN_POINT('Origin',(7.4115623953571,0.,3.50385623948936));
#7967=CARTESIAN_POINT('Origin',(4.89568691255314,-2.23432383705813E-14,
7.27766946369531));
#7968=CARTESIAN_POINT('Origin',(7.4115623953571,0.,3.50385623948936));
#7969=CARTESIAN_POINT('Origin',(4.89568691255314,-2.23432383705813E-14,
7.27766946369531));
#7970=CARTESIAN_POINT('Origin',(7.4115623953571,0.,3.50385623948936));
#7971=CARTESIAN_POINT('Origin',(4.89568691255314,-2.23432383705813E-14,
7.27766946369531));
#7972=CARTESIAN_POINT('Origin',(7.4115623953571,0.,3.50385623948936));
#7973=CARTESIAN_POINT('Origin',(4.89568691255314,-2.23432383705813E-14,
7.27766946369531));
#7974=CARTESIAN_POINT('Origin',(7.4115623953571,0.,3.50385623948936));
#7975=CARTESIAN_POINT('Origin',(4.89568691255314,-2.23432383705813E-14,
7.27766946369531));
#7976=CARTESIAN_POINT('Ctrl Pts',(6.82261882108623,2.23085715604557,-0.0161984850307972));
#7977=CARTESIAN_POINT('Ctrl Pts',(6.8271727007836,2.21585961045839,0.044508667913711));
#7978=CARTESIAN_POINT('Ctrl Pts',(6.83628046017835,2.18586451928403,0.165922973802727));
#7979=CARTESIAN_POINT('Ctrl Pts',(6.85449597896784,2.12587433693531,0.40875158558076));
#7980=CARTESIAN_POINT('Ctrl Pts',(6.87726537745472,2.05088660899941,0.712287350303302));
#7981=CARTESIAN_POINT('Ctrl Pts',(6.90003477594159,1.97589888106351,1.01582311502584));
#7982=CARTESIAN_POINT('Ctrl Pts',(6.91825029473108,1.91590869871479,1.25865172680388));
#7983=CARTESIAN_POINT('Ctrl Pts',(7.01843564807331,1.58596269579683,2.59420909158306));
#7984=CARTESIAN_POINT('Ctrl Pts',(7.11406712171815,1.27101423846604,3.86905930341773));
#7985=CARTESIAN_POINT('Ctrl Pts',(7.20514471566563,0.971063326722441,5.08320236230789));
#7986=CARTESIAN_POINT('Ctrl Pts',(6.83068887955173,2.23186153587239,-0.0161794504124765));
#7987=CARTESIAN_POINT('Ctrl Pts',(6.83517605657189,2.21686416939351,0.0445305980280218));
#7988=CARTESIAN_POINT('Ctrl Pts',(6.84416376194184,2.18686200301677,0.16594745243323));
#7989=CARTESIAN_POINT('Ctrl Pts',(6.86212225641802,2.12686708847701,0.408785269491818));
#7990=CARTESIAN_POINT('Ctrl Pts',(6.8846150099571,2.05184859429758,0.712321700745184));
#7991=CARTESIAN_POINT('Ctrl Pts',(6.9070733776623,1.9768492446017,1.01586648286973));
#7992=CARTESIAN_POINT('Ctrl Pts',(6.92503492129436,1.91685263242928,1.25870355941675));
#7993=CARTESIAN_POINT('Ctrl Pts',(7.02381433182926,1.58687632050502,2.59430968543935));
#7994=CARTESIAN_POINT('Ctrl Pts',(7.11891396755352,1.27144784987526,3.8690096790216));
#7995=CARTESIAN_POINT('Ctrl Pts',(7.20865750795675,0.971500520297692,5.08321064783157));
#7996=CARTESIAN_POINT('Ctrl Pts',(6.94085963033735,2.25151883573612,-0.0137793099222898));
#7997=CARTESIAN_POINT('Ctrl Pts',(6.94461833689926,2.23638252329883,0.046911640081501));
#7998=CARTESIAN_POINT('Ctrl Pts',(6.95213603641875,2.20610975157951,0.168293475073949));
#7999=CARTESIAN_POINT('Ctrl Pts',(6.96717107259166,2.14556439419458,0.411057227433647));
#8000=CARTESIAN_POINT('Ctrl Pts',(6.98596582527032,2.06988220653998,0.714511700528188));
#8001=CARTESIAN_POINT('Ctrl Pts',(7.004759840348,1.99420039707837,1.01796634106669));
#8002=CARTESIAN_POINT('Ctrl Pts',(7.0197949419275,1.93365500615727,1.26073007857834));
#8003=CARTESIAN_POINT('Ctrl Pts',(7.10248780585418,1.60065545595156,2.59593067910528));
#8004=CARTESIAN_POINT('Ctrl Pts',(7.18143928257984,1.28278333796055,3.87043639793291));
#8005=CARTESIAN_POINT('Ctrl Pts',(7.25661341381808,0.980057089214855,5.08425539800873));
#8006=CARTESIAN_POINT('Ctrl Pts',(7.37673060893697,2.42269141146586,0.0293383920500595));
#8007=CARTESIAN_POINT('Ctrl Pts',(7.37755561358282,2.40640627337491,0.0897403118261139));
#8008=CARTESIAN_POINT('Ctrl Pts',(7.37920959888714,2.3738337819735,0.210543185212507));
#8009=CARTESIAN_POINT('Ctrl Pts',(7.38251253184935,2.30869160587521,0.452150156126596));
#8010=CARTESIAN_POINT('Ctrl Pts',(7.38665449044271,2.2272564799502,0.754155639736188));
#8011=CARTESIAN_POINT('Ctrl Pts',(7.39078620896908,2.14582705923747,1.05616361166827));
#8012=CARTESIAN_POINT('Ctrl Pts',(7.39409004996687,2.08068437723079,1.29777036193094));
#8013=CARTESIAN_POINT('Ctrl Pts',(7.4122584716061,1.72240113263249,2.62660814540717));
#8014=CARTESIAN_POINT('Ctrl Pts',(7.42984233217091,1.38026906395299,3.89498558164316));
#8015=CARTESIAN_POINT('Ctrl Pts',(7.44634242508789,1.0545663021339,5.10302397716425));
#8016=CARTESIAN_POINT('Ctrl Pts',(7.83590351353261,2.71333437185476,0.114472944959689));
#8017=CARTESIAN_POINT('Ctrl Pts',(7.83363281786324,2.69510054865183,0.174304784122354));
#8018=CARTESIAN_POINT('Ctrl Pts',(7.8291048241729,2.65862506589724,0.293965072963107));
#8019=CARTESIAN_POINT('Ctrl Pts',(7.82003186184217,2.58568402911765,0.533289945154339));
#8020=CARTESIAN_POINT('Ctrl Pts',(7.80873544922302,2.49448153508553,0.832434703851675));
#8021=CARTESIAN_POINT('Ctrl Pts',(7.79740453147778,2.40329922326692,1.13158819203565));
#8022=CARTESIAN_POINT('Ctrl Pts',(7.78833462888113,2.33035639683421,1.37091229014167));
#8023=CARTESIAN_POINT('Ctrl Pts',(7.73844105365952,1.92917618048678,2.6871971347107));
#8024=CARTESIAN_POINT('Ctrl Pts',(7.69162837737707,1.54575589556929,3.94344516597493));
#8025=CARTESIAN_POINT('Ctrl Pts',(7.64621446398967,1.18107943151059,5.14008194922822));
#8026=CARTESIAN_POINT('Ctrl Pts',(8.20107561617271,3.06002573696702,0.223772903057249));
#8027=CARTESIAN_POINT('Ctrl Pts',(8.19636244415938,3.03945387947998,0.282866782905039));
#8028=CARTESIAN_POINT('Ctrl Pts',(8.18693610013272,2.9983101645059,0.40105454260062));
#8029=CARTESIAN_POINT('Ctrl Pts',(8.1680834120794,2.91602273455776,0.63743006199178));
#8030=CARTESIAN_POINT('Ctrl Pts',(8.14451755201276,2.81316344712257,0.932899461230731));
#8031=CARTESIAN_POINT('Ctrl Pts',(8.12095169194611,2.71030415968738,1.22836886046968));
#8032=CARTESIAN_POINT('Ctrl Pts',(8.10209900389279,2.62801672973923,1.46474437986084));
#8033=CARTESIAN_POINT('Ctrl Pts',(7.99840921959954,2.17543586502441,2.76480973651223));
#8034=CARTESIAN_POINT('Ctrl Pts',(7.8994326073196,1.74342685779662,4.00578121331581));
#8035=CARTESIAN_POINT('Ctrl Pts',(7.805169167053,1.33198970805587,5.18765881027162));
#8036=CARTESIAN_POINT('',(7.62959111972817,1.18410062706735,5.14183859754339));
#8037=CARTESIAN_POINT('Ctrl Pts',(7.62959111982315,1.18410062744905,5.14183859791817));
#8038=CARTESIAN_POINT('Ctrl Pts',(7.66432746824788,1.2266156382905,5.08973407528108));
#8039=CARTESIAN_POINT('Ctrl Pts',(7.69872138560248,1.2705929863637,5.03814319924922));
#8040=CARTESIAN_POINT('Ctrl Pts',(7.76650924450855,1.36064432543274,4.93646141089011));
#8041=CARTESIAN_POINT('Ctrl Pts',(7.80009867716653,1.40699351367419,4.8860772619031));
#8042=CARTESIAN_POINT('Ctrl Pts',(7.8331802654801,1.45425139028432,4.83645487943275));
#8043=CARTESIAN_POINT('Ctrl Pts',(7.62959111965418,1.1841006274617,5.1418385973841));
#8044=CARTESIAN_POINT('Ctrl Pts',(7.54065936890734,1.1348752168181,5.06128135420334));
#8045=CARTESIAN_POINT('Ctrl Pts',(7.43836838901807,1.09080877303484,4.97569756706101));
#8046=CARTESIAN_POINT('Ctrl Pts',(7.30232026168631,1.05733746414349,4.87213875940832));
#8047=CARTESIAN_POINT('Ctrl Pts',(7.26672898712491,1.05070368943108,4.84590466413349));
#8048=CARTESIAN_POINT('Ctrl Pts',(7.20342162841057,1.04408878853842,4.8012074962841));
#8049=CARTESIAN_POINT('Ctrl Pts',(7.18572022180022,1.04396071250169,4.7893600846353));
#8050=CARTESIAN_POINT('Ctrl Pts',(7.18296874500794,1.04409683997769,4.78757690051709));
#8051=CARTESIAN_POINT('Origin',(4.89568691255314,-2.23432383705813E-14,
7.27766946369531));
#8052=CARTESIAN_POINT('Origin',(5.80262173338139,-2.23432383705813E-14,
7.88229267758081));
#8053=CARTESIAN_POINT('Origin',(4.89568691255314,-2.23432383705813E-14,
7.27766946369531));
#8054=CARTESIAN_POINT('Origin',(5.80262173338139,-2.23432383705813E-14,
7.88229267758081));
#8055=CARTESIAN_POINT('Origin',(4.89568691255314,-2.23432383705813E-14,
7.27766946369531));
#8056=CARTESIAN_POINT('Origin',(5.80262173338139,-2.23432383705813E-14,
7.88229267758081));
#8057=CARTESIAN_POINT('Origin',(4.89568691255314,-2.23432383705813E-14,
7.27766946369531));
#8058=CARTESIAN_POINT('Origin',(5.80262173338139,-2.23432383705813E-14,
7.88229267758081));
#8059=CARTESIAN_POINT('Origin',(4.89568691255314,-2.23432383705813E-14,
7.27766946369531));
#8060=CARTESIAN_POINT('',(7.51310585762445,-1.65568511291348,5.31656649069907));
#8061=CARTESIAN_POINT('Ctrl Pts',(7.51310585769574,-1.65568511271787,5.31656649032056));
#8062=CARTESIAN_POINT('Ctrl Pts',(7.37694623170542,-1.71173060911665,5.26196004581171));
#8063=CARTESIAN_POINT('Ctrl Pts',(7.26004097676632,-1.74509550916882,5.20749466282586));
#8064=CARTESIAN_POINT('Ctrl Pts',(7.12596042216829,-1.77198956573826,5.13697409273989));
#8065=CARTESIAN_POINT('Ctrl Pts',(7.08687402599415,-1.77823227317966,5.11534421344564));
#8066=CARTESIAN_POINT('Ctrl Pts',(7.01852054274586,-1.78445235418735,5.07419614016052));
#8067=CARTESIAN_POINT('Ctrl Pts',(7.00204677151295,-1.78401260237632,5.06290263760851));
#8068=CARTESIAN_POINT('Ctrl Pts',(7.00025067640547,-1.7839406406302,5.06165400343341));
#8069=CARTESIAN_POINT('Origin',(5.80262173338139,-2.23432383705813E-14,
7.88229267758081));
#8070=CARTESIAN_POINT('Origin',(4.89568691255314,-2.23432383705813E-14,
7.27766946369531));
#8071=CARTESIAN_POINT('Origin',(5.80262173338139,-2.23432383705813E-14,
7.88229267758081));
#8072=CARTESIAN_POINT('Origin',(4.89568691255314,-2.23432383705813E-14,
7.27766946369531));
#8073=CARTESIAN_POINT('',(6.99181404739734,-2.76657194474607,6.09850420572017));
#8074=CARTESIAN_POINT('Ctrl Pts',(6.99181404755718,-2.76657194468986,6.09850420504256));
#8075=CARTESIAN_POINT('Ctrl Pts',(6.89377773352859,-2.79241869238591,6.07323375124319));
#8076=CARTESIAN_POINT('Ctrl Pts',(6.75694463116087,-2.8237560894096,6.03288198351758));
#8077=CARTESIAN_POINT('Ctrl Pts',(6.51801678044954,-2.85467289120886,5.92525661093995));
#8078=CARTESIAN_POINT('Ctrl Pts',(6.45967224047555,-2.85465488416473,5.88648410921166));
#8079=CARTESIAN_POINT('Ctrl Pts',(6.4533555267165,-2.85449180568713,5.88199672796927));
#8080=CARTESIAN_POINT('Origin',(5.80262173338139,-2.23432383705813E-14,
7.88229267758081));
#8081=CARTESIAN_POINT('Origin',(4.89568691255314,-2.23432383705813E-14,
7.27766946369531));
#8082=CARTESIAN_POINT('Origin',(5.80262173338139,-2.23432383705813E-14,
7.88229267758081));
#8083=CARTESIAN_POINT('Origin',(4.89568691255314,-2.23432383705813E-14,
7.27766946369531));
#8084=CARTESIAN_POINT('',(6.26481868254552,-3.39936985806693,7.18899725299438));
#8085=CARTESIAN_POINT('Ctrl Pts',(6.26481868268735,-3.39936985828186,7.18899725234194));
#8086=CARTESIAN_POINT('Ctrl Pts',(6.16257134908242,-3.40941327936663,7.17007731958655));
#8087=CARTESIAN_POINT('Ctrl Pts',(6.02069421117816,-3.4208264107845,7.13728623513284));
#8088=CARTESIAN_POINT('Ctrl Pts',(5.77682859776949,-3.43158910099571,7.03702608863833));
#8089=CARTESIAN_POINT('Ctrl Pts',(5.71849766531676,-3.43153089130154,6.99824420679978));
#8090=CARTESIAN_POINT('Ctrl Pts',(5.7122075250878,-3.43147540546489,6.99371874994606));
#8091=CARTESIAN_POINT('Origin',(5.80262173338139,-2.23432383705813E-14,
7.88229267758081));
#8092=CARTESIAN_POINT('Origin',(4.89568691255314,-2.23432383705813E-14,
7.27766946369531));
#8093=CARTESIAN_POINT('Origin',(5.80262173338139,-2.23432383705813E-14,
7.88229267758081));
#8094=CARTESIAN_POINT('Origin',(4.89568691255314,-2.23432383705813E-14,
7.27766946369531));
#8095=CARTESIAN_POINT('',(5.45796809544219,-3.4444077975764,8.39927313396047));
#8096=CARTESIAN_POINT('Ctrl Pts',(5.45796809548245,-3.44440779785915,8.39927313362366));
#8097=CARTESIAN_POINT('Ctrl Pts',(5.33065615764549,-3.43512252784392,8.37626207801083));
#8098=CARTESIAN_POINT('Ctrl Pts',(5.19517678602977,-3.42562494264798,8.34047712905158));
#8099=CARTESIAN_POINT('Ctrl Pts',(5.0341375523677,-3.41815420453856,8.27439727904462));
#8100=CARTESIAN_POINT('Ctrl Pts',(4.99361592821459,-3.41664218070426,8.25554831432892));
#8101=CARTESIAN_POINT('Ctrl Pts',(4.92540218860226,-3.41512667491453,8.21822488549083));
#8102=CARTESIAN_POINT('Ctrl Pts',(4.90760867622795,-3.41509452835914,8.20652760308221));
#8103=CARTESIAN_POINT('Ctrl Pts',(4.90495787779416,-3.41512573332957,8.20459322084832));
#8104=CARTESIAN_POINT('Origin',(5.80262173338139,-2.23432383705813E-14,
7.88229267758081));
#8105=CARTESIAN_POINT('Origin',(4.89568691255314,-2.23432383705813E-14,
7.27766946369531));
#8106=CARTESIAN_POINT('Origin',(5.80262173338139,-2.23432383705813E-14,
7.88229267758081));
#8107=CARTESIAN_POINT('Origin',(4.89568691255314,-2.23432383705813E-14,
7.27766946369531));
#8108=CARTESIAN_POINT('',(4.71059523406683,-2.89383895644511,9.52033242571091));
#8109=CARTESIAN_POINT('Ctrl Pts',(4.7105952340059,-2.8938389570519,9.52033242536186));
#8110=CARTESIAN_POINT('Ctrl Pts',(4.61173019289068,-2.87011029930473,9.49634257373732));
#8111=CARTESIAN_POINT('Ctrl Pts',(4.474585582743,-2.83953861554621,9.45645369222101));
#8112=CARTESIAN_POINT('Ctrl Pts',(4.23579392405611,-2.80820600479112,9.34857275456785));
#8113=CARTESIAN_POINT('Ctrl Pts',(4.17750495486785,-2.80810162939167,9.30973236891404));
#8114=CARTESIAN_POINT('Ctrl Pts',(4.1711873921041,-2.80826979664948,9.30524894942171));
#8115=CARTESIAN_POINT('Origin',(5.80262173338139,-2.23432383705813E-14,
7.88229267758081));
#8116=CARTESIAN_POINT('Origin',(4.89568691255314,-2.23432383705813E-14,
7.27766946369531));
#8117=CARTESIAN_POINT('',(3.87900735327156,-0.473339287827944,10.76771424691));
#8118=CARTESIAN_POINT('Ctrl Pts',(3.87900735291601,-0.473339288420297,10.7677142470061));
#8119=CARTESIAN_POINT('Ctrl Pts',(3.79630713541773,-0.43152962029275,10.7194394401303));
#8120=CARTESIAN_POINT('Ctrl Pts',(3.67963718498847,-0.379203894087287,10.6488414231855));
#8121=CARTESIAN_POINT('Ctrl Pts',(3.46162474780776,-0.326522515735867,10.5098488419195));
#8122=CARTESIAN_POINT('Ctrl Pts',(3.40337291107925,-0.326442540856157,10.4709335897103));
#8123=CARTESIAN_POINT('Ctrl Pts',(3.3969430803675,-0.326723138237838,10.4666154170267));
#8124=CARTESIAN_POINT('Origin',(5.80262173338139,-2.23432383705813E-14,
7.88229267758081));
#8125=CARTESIAN_POINT('Origin',(4.89568691255314,-2.23432383705813E-14,
7.27766946369531));
#8126=CARTESIAN_POINT('',(4.15210641499176,-1.84291816120094,10.3580656543266));
#8127=CARTESIAN_POINT('Ctrl Pts',(4.15210641478236,-1.84291816185726,10.3580656542018));
#8128=CARTESIAN_POINT('Ctrl Pts',(4.06025749522398,-1.80704928322249,10.3235331499754));
#8129=CARTESIAN_POINT('Ctrl Pts',(3.93206771986744,-1.76167789382067,10.2702133855037));
#8130=CARTESIAN_POINT('Ctrl Pts',(3.70240749194925,-1.71569392722021,10.1486633514348));
#8131=CARTESIAN_POINT('Ctrl Pts',(3.64413879491348,-1.71559288656279,10.10978336004));
#8132=CARTESIAN_POINT('Ctrl Pts',(3.63777165030755,-1.71583849969389,10.1053725621165));
#8133=CARTESIAN_POINT('Origin',(5.80262173338139,-2.23432383705813E-14,
7.88229267758081));
#8134=CARTESIAN_POINT('Origin',(5.80262173338139,-2.22044604925031E-14,
7.88229267758081));
#8135=CARTESIAN_POINT('Origin',(4.70755730161559,0.419650705832906,9.52506463529462));
#8136=CARTESIAN_POINT('Ctrl Pts',(3.87900735381344,-0.473339288518313,10.7677142469327));
#8137=CARTESIAN_POINT('Ctrl Pts',(3.84013087452128,-0.501932993677217,10.826028965871));
#8138=CARTESIAN_POINT('Ctrl Pts',(3.80141216409174,-0.532089229233319,10.8841070315195));
#8139=CARTESIAN_POINT('Ctrl Pts',(3.72472740100847,-0.594798251320278,10.9991341761444));
#8140=CARTESIAN_POINT('Ctrl Pts',(3.68652639718496,-0.627556463446705,11.0564356818755));
#8141=CARTESIAN_POINT('Ctrl Pts',(3.64871891917657,-0.661382354371012,11.113146898888));
#8142=CARTESIAN_POINT('Ctrl Pts',(4.15210641567844,-1.84291816171899,10.3580656541352));
#8143=CARTESIAN_POINT('Ctrl Pts',(4.12304204471649,-1.89754576417375,10.4016622105782));
#8144=CARTESIAN_POINT('Ctrl Pts',(4.09447442250305,-1.95348504713726,10.4445136439024));
#8145=CARTESIAN_POINT('Ctrl Pts',(4.03856740208106,-2.06700159658998,10.5283741745353));
#8146=CARTESIAN_POINT('Ctrl Pts',(4.01105979757927,-2.12493864259749,10.569635581284));
#8147=CARTESIAN_POINT('Ctrl Pts',(3.98415263494218,-2.18356266216975,10.6099963252396));
#8148=CARTESIAN_POINT('Ctrl Pts',(4.71059523484732,-2.89383895669962,9.52033242538191));
#8149=CARTESIAN_POINT('Ctrl Pts',(4.69636828346585,-2.96505509206718,9.54167285245413));
#8150=CARTESIAN_POINT('Ctrl Pts',(4.68289113218336,-3.03710513408764,9.56188857938175));
#8151=CARTESIAN_POINT('Ctrl Pts',(4.65742848040851,-3.18180149422692,9.60008255704402));
#8152=CARTESIAN_POINT('Ctrl Pts',(4.64537052717001,-3.25489961866251,9.61816948689788));
#8153=CARTESIAN_POINT('Ctrl Pts',(4.63401617810106,-3.32818514863537,9.63520101050131));
#8154=CARTESIAN_POINT('Ctrl Pts',(5.4579680959475,-3.44440779754208,8.39927313373165));
#8155=CARTESIAN_POINT('Ctrl Pts',(5.46102123389418,-3.51989684398008,8.39469342681163));
#8156=CARTESIAN_POINT('Ctrl Pts',(5.46494837393599,-3.59558144322418,8.38880271674914));
#8157=CARTESIAN_POINT('Ctrl Pts',(5.47431110692463,-3.74644051626767,8.37475861726619));
#8158=CARTESIAN_POINT('Ctrl Pts',(5.47978110000239,-3.82205657129261,8.36655362764931));
#8159=CARTESIAN_POINT('Ctrl Pts',(5.4859422382161,-3.89733418728903,8.35731192032875));
#8160=CARTESIAN_POINT('Ctrl Pts',(6.26481868329988,-3.39936985771269,7.18899725270308));
#8161=CARTESIAN_POINT('Ctrl Pts',(6.28465602327098,-3.46608286101665,7.15924124274643));
#8162=CARTESIAN_POINT('Ctrl Pts',(6.30533883895584,-3.53234941403298,7.12821701922309));
#8163=CARTESIAN_POINT('Ctrl Pts',(6.34794825781711,-3.6632829782532,7.06430289093119));
#8164=CARTESIAN_POINT('Ctrl Pts',(6.37001265431596,-3.72834946674802,7.03120629617896));
#8165=CARTESIAN_POINT('Ctrl Pts',(6.39262505998806,-3.79259873879088,6.9972876876708));
#8166=CARTESIAN_POINT('Ctrl Pts',(6.99181404803738,-2.76657194415616,6.09850420559682));
#8167=CARTESIAN_POINT('Ctrl Pts',(7.02498818156142,-2.8129710981848,6.04874300531077));
#8168=CARTESIAN_POINT('Ctrl Pts',(7.05883402699622,-2.8583426166661,5.99797423716269));
#8169=CARTESIAN_POINT('Ctrl Pts',(7.12730076143904,-2.94671231496019,5.89527413549846));
#8170=CARTESIAN_POINT('Ctrl Pts',(7.1621377726184,-2.98997454994944,5.84301861872529));
#8171=CARTESIAN_POINT('Ctrl Pts',(7.1972909465778,-3.03208851367789,5.7902888577862));
#8172=CARTESIAN_POINT('Ctrl Pts',(7.51310585792407,-1.65568511246477,5.31656649076679));
#8173=CARTESIAN_POINT('Ctrl Pts',(7.55389232273977,-1.6736843243487,5.25538679354324));
#8174=CARTESIAN_POINT('Ctrl Pts',(7.59509774433335,-1.6902496649328,5.19357866147953));
#8175=CARTESIAN_POINT('Ctrl Pts',(7.67759255880714,-1.72065466895597,5.06983643976885));
#8176=CARTESIAN_POINT('Ctrl Pts',(7.7191978772643,-1.73459938066994,5.00742846175644));
#8177=CARTESIAN_POINT('Ctrl Pts',(7.76080585603384,-1.74730263889033,4.94501649360213));
#8178=CARTESIAN_POINT('Origin',(1.85159593701989,0.402943944274133,7.52652836383993));
#8179=CARTESIAN_POINT('Ctrl Pts',(-1.26674810681318,-0.698089130134872,
12.1178519068191));
#8180=CARTESIAN_POINT('Ctrl Pts',(0.383483828814982,-0.56668248283219,11.5335672331126));
#8181=CARTESIAN_POINT('Ctrl Pts',(2.03371576444315,-0.435275835529508,10.949282559406));
#8182=CARTESIAN_POINT('Ctrl Pts',(3.68394770007131,-0.303869188226827,10.3649978856995));
#8183=CARTESIAN_POINT('Ctrl Pts',(-1.26521826937027,-0.698116637924394,
12.121619211813));
#8184=CARTESIAN_POINT('Ctrl Pts',(0.384728660680971,-0.566698952544702,
11.5366354655725));
#8185=CARTESIAN_POINT('Ctrl Pts',(2.03466668851361,-0.43529884739226,10.9516214911799));
#8186=CARTESIAN_POINT('Ctrl Pts',(3.68461361856485,-0.303881162012567,10.3666377449394));
#8187=CARTESIAN_POINT('Ctrl Pts',(-1.2408908488654,-0.700145214221362,12.1807817890739));
#8188=CARTESIAN_POINT('Ctrl Pts',(0.404460943458796,-0.568391197415361,
11.5846010600818));
#8189=CARTESIAN_POINT('Ctrl Pts',(2.04985123839644,-0.43651819189814,10.9885711802116));
#8190=CARTESIAN_POINT('Ctrl Pts',(3.69520303072063,-0.304764175092139,10.3923904512195));
#8191=CARTESIAN_POINT('Ctrl Pts',(-1.07498244948499,-0.779772062422279,
12.5534555150825));
#8192=CARTESIAN_POINT('Ctrl Pts',(0.539178728113814,-0.632905201724022,
11.8872794823687));
#8193=CARTESIAN_POINT('Ctrl Pts',(2.15325963801985,-0.486291575081702,11.2207865468267));
#8194=CARTESIAN_POINT('Ctrl Pts',(3.76742081561866,-0.339424714383445,10.5546105141129));
#8195=CARTESIAN_POINT('Ctrl Pts',(-0.806551669113113,-1.07576754030971,
13.0781557189289));
#8196=CARTESIAN_POINT('Ctrl Pts',(0.756977164598801,-0.873517876729201,
12.3127987464268));
#8197=CARTESIAN_POINT('Ctrl Pts',(2.32073643601097,-0.670517389123707,11.5483627131307));
#8198=CARTESIAN_POINT('Ctrl Pts',(3.88426526972288,-0.468267725543194,10.7830057406285));
#8199=CARTESIAN_POINT('Ctrl Pts',(-0.603839059824796,-1.3916761854471,13.4311449170541));
#8200=CARTESIAN_POINT('Ctrl Pts',(0.921608444172797,-1.1297103507617,12.5996490722358));
#8201=CARTESIAN_POINT('Ctrl Pts',(2.44705594817039,-0.867744516076294,11.7681532274175));
#8202=CARTESIAN_POINT('Ctrl Pts',(3.97250345216798,-0.605778681390891,10.9366573825992));
#8203=CARTESIAN_POINT('Ctrl Pts',(-0.752184593108596,-3.66612601939648,
11.3460066362621));
#8204=CARTESIAN_POINT('Ctrl Pts',(0.801187123327878,-2.97602312565146,10.9070122913431));
#8205=CARTESIAN_POINT('Ctrl Pts',(2.35455883976435,-2.28592023190643,10.4680179464242));
#8206=CARTESIAN_POINT('Ctrl Pts',(3.90793055620083,-1.59581733816141,10.0290236015052));
#8207=CARTESIAN_POINT('Ctrl Pts',(-0.750538921890455,-3.66708094332479,
11.3496001905931));
#8208=CARTESIAN_POINT('Ctrl Pts',(0.802524985679425,-2.97679568400568,10.9099409780747));
#8209=CARTESIAN_POINT('Ctrl Pts',(2.3555829880718,-2.28651826354147,10.4702470418425));
#8210=CARTESIAN_POINT('Ctrl Pts',(3.90864689564168,-1.59623300422236,10.0305878293241));
#8211=CARTESIAN_POINT('Ctrl Pts',(-0.724040323631825,-3.68346796934227,
11.4055049032868));
#8212=CARTESIAN_POINT('Ctrl Pts',(0.824028018158636,-2.99012285395092,10.9552493500953));
#8213=CARTESIAN_POINT('Ctrl Pts',(2.37211305166017,-2.29671118053448,10.5051779823982));
#8214=CARTESIAN_POINT('Ctrl Pts',(3.92018139345064,-1.60336606514314,10.0549224292068));
#8215=CARTESIAN_POINT('Ctrl Pts',(-0.529711020413665,-3.84490768369312,
11.7355283545057));
#8216=CARTESIAN_POINT('Ctrl Pts',(0.981793748310324,-3.12110524337043,11.2233369351041));
#8217=CARTESIAN_POINT('Ctrl Pts',(2.49326566224136,-2.39744112944707,10.7107687973658));
#8218=CARTESIAN_POINT('Ctrl Pts',(4.00477043096534,-1.67363868912438,10.1985773779643));
#8219=CARTESIAN_POINT('Ctrl Pts',(-0.180701258003924,-4.23231547132653,
12.1393801022649));
#8220=CARTESIAN_POINT('Ctrl Pts',(1.26506523445619,-3.43577649162496,11.5506666416405));
#8221=CARTESIAN_POINT('Ctrl Pts',(2.71092338347094,-2.63881127857457,10.9630822919406));
#8222=CARTESIAN_POINT('Ctrl Pts',(4.15668987593105,-1.842272298873,10.3743688313162));
#8223=CARTESIAN_POINT('Ctrl Pts',(0.101978249442746,-4.59463748014848,12.3724189531527));
#8224=CARTESIAN_POINT('Ctrl Pts',(1.49456437197015,-3.72975378439331,11.7402151805397));
#8225=CARTESIAN_POINT('Ctrl Pts',(2.88715049449756,-2.86487008863815,11.1080114079267));
#8226=CARTESIAN_POINT('Ctrl Pts',(4.27973661702496,-1.99998639288298,10.4758076353138));
#8227=CARTESIAN_POINT('Ctrl Pts',(0.387531836860689,-6.00025641419522,9.63643199130797));
#8228=CARTESIAN_POINT('Ctrl Pts',(1.72636602725217,-4.87078233372432,9.51924393545656));
#8229=CARTESIAN_POINT('Ctrl Pts',(3.06520021764365,-3.74130825325342,9.40205587960514));
#8230=CARTESIAN_POINT('Ctrl Pts',(4.40403440803513,-2.61183417278252,9.28486782375373));
#8231=CARTESIAN_POINT('Ctrl Pts',(0.389492568248316,-6.0019736392399,9.63955295538481));
#8232=CARTESIAN_POINT('Ctrl Pts',(1.72795946355345,-4.87217739836233,9.52178926126357));
#8233=CARTESIAN_POINT('Ctrl Pts',(3.06642099379619,-3.7423778995581,9.40399003325586));
#8234=CARTESIAN_POINT('Ctrl Pts',(4.40488788910133,-2.61258165868052,9.28622633913461));
#8235=CARTESIAN_POINT('Ctrl Pts',(0.421214145714762,-6.02988501495203,9.68762189341645));
#8236=CARTESIAN_POINT('Ctrl Pts',(1.75370519283607,-4.8948344702691,9.56073228222873));
#8237=CARTESIAN_POINT('Ctrl Pts',(3.08620483522601,-3.75978166496344,9.43403973862967));
#8238=CARTESIAN_POINT('Ctrl Pts',(4.41869588234732,-2.62473112028051,9.30715012744195));
#8239=CARTESIAN_POINT('Ctrl Pts',(0.65996568563247,-6.24521232453603,9.95099375987752));
#8240=CARTESIAN_POINT('Ctrl Pts',(1.94752274382213,-5.0696263220594,9.7747239062775));
#8241=CARTESIAN_POINT('Ctrl Pts',(3.23506428795722,-3.8940463214251,9.59806235521538));
#8242=CARTESIAN_POINT('Ctrl Pts',(4.52262134614688,-2.71846031894847,9.42179250161536));
#8243=CARTESIAN_POINT('Ctrl Pts',(1.10321208763546,-6.65705760797216,10.2135100838058));
#8244=CARTESIAN_POINT('Ctrl Pts',(2.30731561749717,-5.40395813806935,9.98729106707897));
#8245=CARTESIAN_POINT('Ctrl Pts',(3.5114572541691,-4.1508307251121,9.76228148589338));
#8246=CARTESIAN_POINT('Ctrl Pts',(4.71556078403081,-2.89773125520929,9.53606246916658));
#8247=CARTESIAN_POINT('Ctrl Pts',(1.46941663069111,-7.00314421356117,10.32126138128));
#8248=CARTESIAN_POINT('Ctrl Pts',(2.60459938548791,-5.68488890495399,10.075162660263));
#8249=CARTESIAN_POINT('Ctrl Pts',(3.7397821402847,-4.36663359634681,9.82906393924595));
#8250=CARTESIAN_POINT('Ctrl Pts',(4.8749648950815,-3.04837828773964,9.58296521822893));
#8251=CARTESIAN_POINT('Ctrl Pts',(1.95533385835429,-7.29688796436145,7.28472895906736));
#8252=CARTESIAN_POINT('Ctrl Pts',(1.99260938852424,-7.24783264515668,7.296353636303));
#8253=CARTESIAN_POINT('Ctrl Pts',(2.06716044886414,-7.14972200674715,7.31960299077429));
#8254=CARTESIAN_POINT('Ctrl Pts',(2.21626256954394,-6.95350072992808,7.36610169971686));
#8255=CARTESIAN_POINT('Ctrl Pts',(2.40264022039369,-6.70822413390424,7.42422508589507));
#8256=CARTESIAN_POINT('Ctrl Pts',(2.58901787124344,-6.46294753788041,7.48234847207329));
#8257=CARTESIAN_POINT('Ctrl Pts',(2.73811999192323,-6.26672626106134,7.52884718101586));
#8258=CARTESIAN_POINT('Ctrl Pts',(3.55818165566212,-5.18750923855645,7.78459008019998));
#8259=CARTESIAN_POINT('Ctrl Pts',(4.34096778923106,-4.15734753525632,8.02870830214846));
#8260=CARTESIAN_POINT('Ctrl Pts',(5.08647839263006,-3.17624115116097,8.2612018468613));
#8261=CARTESIAN_POINT('Ctrl Pts',(1.96017494072595,-7.30125316906209,7.28959145782645));
#8262=CARTESIAN_POINT('Ctrl Pts',(1.9974166446847,-7.25216381005489,7.30116971585907));
#8263=CARTESIAN_POINT('Ctrl Pts',(2.07190137007607,-7.15398992027746,7.32434035572419));
#8264=CARTESIAN_POINT('Ctrl Pts',(2.22086915001874,-6.9576360174802,7.37066372344));
#8265=CARTESIAN_POINT('Ctrl Pts',(2.40708330175665,-6.71220986221668,7.42861539009609));
#8266=CARTESIAN_POINT('Ctrl Pts',(2.59329404354244,-6.46677121026749,7.48653050082336));
#8267=CARTESIAN_POINT('Ctrl Pts',(2.74226215423668,-6.27041851959822,7.5328574143165));
#8268=CARTESIAN_POINT('Ctrl Pts',(3.56158566706439,-5.19047470436528,7.7876436891105));
#8269=CARTESIAN_POINT('Ctrl Pts',(4.34375157412838,-4.15992844857032,8.03175326915941));
#8270=CARTESIAN_POINT('Ctrl Pts',(5.08858565330339,-3.17814126842619,8.26331842981167));
#8271=CARTESIAN_POINT('Ctrl Pts',(2.03059524930493,-7.36225047963294,7.35152996645397));
#8272=CARTESIAN_POINT('Ctrl Pts',(2.06736473046597,-7.31275546364613,7.36270475455907));
#8273=CARTESIAN_POINT('Ctrl Pts',(2.14090377897726,-7.213765719142,7.38505515490536));
#8274=CARTESIAN_POINT('Ctrl Pts',(2.28798176669339,-7.01578586556064,7.42975491041622));
#8275=CARTESIAN_POINT('Ctrl Pts',(2.47182954094069,-6.76831201450264,7.48563237396299));
#8276=CARTESIAN_POINT('Ctrl Pts',(2.65567709210873,-6.52083741940168,7.54150770443928));
#8277=CARTESIAN_POINT('Ctrl Pts',(2.80275510146265,-6.32285763798948,7.58620766684935));
#8278=CARTESIAN_POINT('Ctrl Pts',(3.61168408120944,-5.23396860108,7.83205677451588));
#8279=CARTESIAN_POINT('Ctrl Pts',(4.38384908150377,-4.19459293017159,8.06678370108518));
#8280=CARTESIAN_POINT('Ctrl Pts',(5.11923870472455,-3.20469261043548,8.29027946318714));
#8281=CARTESIAN_POINT('Ctrl Pts',(2.37737193724147,-7.62614069742391,7.52824816177094));
#8282=CARTESIAN_POINT('Ctrl Pts',(2.41180975691253,-7.57487023224079,7.53823085900918));
#8283=CARTESIAN_POINT('Ctrl Pts',(2.48068585343411,-7.47233100406055,7.55820124860486));
#8284=CARTESIAN_POINT('Ctrl Pts',(2.61843746667543,-7.26725038896232,7.59813569291127));
#8285=CARTESIAN_POINT('Ctrl Pts',(2.79062851938387,-7.01090533956024,7.6480705322639));
#8286=CARTESIAN_POINT('Ctrl Pts',(2.96281838879744,-6.75455588447482,7.69799244299795));
#8287=CARTESIAN_POINT('Ctrl Pts',(3.10057011681359,-6.54947569671006,7.73792814132811));
#8288=CARTESIAN_POINT('Ctrl Pts',(3.85820424058032,-5.42153324797596,7.95757032676472));
#8289=CARTESIAN_POINT('Ctrl Pts',(4.58142972777281,-4.34496991991482,8.16754866797136));
#8290=CARTESIAN_POINT('Ctrl Pts',(5.27018612119399,-3.31956061625251,8.36720261273612));
#8291=CARTESIAN_POINT('Ctrl Pts',(2.82318808635733,-7.93073400672968,7.63354608572276));
#8292=CARTESIAN_POINT('Ctrl Pts',(2.85462820123217,-7.87741285946458,7.64281170906911));
#8293=CARTESIAN_POINT('Ctrl Pts',(2.9175094890874,-7.77077532287707,7.66135739424542));
#8294=CARTESIAN_POINT('Ctrl Pts',(3.04327072289256,-7.55749421560792,7.69843045349701));
#8295=CARTESIAN_POINT('Ctrl Pts',(3.20047582046188,-7.29090881856048,7.74482029193334));
#8296=CARTESIAN_POINT('Ctrl Pts',(3.3576781793892,-7.02431110676664,7.79117275996065));
#8297=CARTESIAN_POINT('Ctrl Pts',(3.48343967883157,-6.81103119397812,7.82824944399087));
#8298=CARTESIAN_POINT('Ctrl Pts',(4.17512704553936,-5.63798771556628,8.03215919495715));
#8299=CARTESIAN_POINT('Ctrl Pts',(4.83544183933209,-4.51856909775978,8.22772497304245));
#8300=CARTESIAN_POINT('Ctrl Pts',(5.46424413682886,-3.45214615245787,8.41303743996946));
#8301=CARTESIAN_POINT('Ctrl Pts',(3.26203356501481,-8.20074369088136,7.63233597979431));
#8302=CARTESIAN_POINT('Ctrl Pts',(3.29052445006918,-8.14561195507323,7.64162377404054));
#8303=CARTESIAN_POINT('Ctrl Pts',(3.34750622017794,-8.03534848345698,7.66019936253299));
#8304=CARTESIAN_POINT('Ctrl Pts',(3.46146976039545,-7.81482154022448,7.69735053951791));
#8305=CARTESIAN_POINT('Ctrl Pts',(3.60392418566733,-7.53916286118386,7.74378951074905));
#8306=CARTESIAN_POINT('Ctrl Pts',(3.74637861093922,-7.26350418214323,7.79022848198019));
#8307=CARTESIAN_POINT('Ctrl Pts',(3.86034215115673,-7.04297723891073,7.8273796589651));
#8308=CARTESIAN_POINT('Ctrl Pts',(4.48714162235302,-5.83007905113195,8.03171113238211));
#8309=CARTESIAN_POINT('Ctrl Pts',(5.08545020849494,-4.6723125991613,8.22675481155289));
#8310=CARTESIAN_POINT('Ctrl Pts',(5.65526790958248,-3.56967788299878,8.41251069647744));
#8311=CARTESIAN_POINT('Ctrl Pts',(3.68013425882177,-7.33182129534354,4.69752835836596));
#8312=CARTESIAN_POINT('Ctrl Pts',(4.39917675429458,-5.95169658998193,5.51002784489266));
#8313=CARTESIAN_POINT('Ctrl Pts',(5.11821924976739,-4.57157188462032,6.32252733141936));
#8314=CARTESIAN_POINT('Ctrl Pts',(5.8372617452402,-3.19144717925871,7.13502681794606));
#8315=CARTESIAN_POINT('Ctrl Pts',(3.68307985414317,-7.33409188322481,4.69917202654216));
#8316=CARTESIAN_POINT('Ctrl Pts',(4.40157174045071,-5.9535470811637,5.51137084591741));
#8317=CARTESIAN_POINT('Ctrl Pts',(5.12005203855776,-4.57298033891844,6.32354346611335));
#8318=CARTESIAN_POINT('Ctrl Pts',(5.83854392486529,-3.19243553685733,7.1357422854886));
#8319=CARTESIAN_POINT('Ctrl Pts',(3.73041834439371,-7.36941492130569,4.72381626322571));
#8320=CARTESIAN_POINT('Ctrl Pts',(4.43998320762728,-5.98217481968833,5.53131592786971));
#8321=CARTESIAN_POINT('Ctrl Pts',(5.14958489544773,-4.59505130104268,6.33896993899386));
#8322=CARTESIAN_POINT('Ctrl Pts',(5.85914975868129,-3.20781119942533,7.14646960363787));
#8323=CARTESIAN_POINT('Ctrl Pts',(4.07384699797901,-7.57793501722491,4.8301813601496));
#8324=CARTESIAN_POINT('Ctrl Pts',(4.71880198445895,-6.15156072859475,5.61781461411425));
#8325=CARTESIAN_POINT('Ctrl Pts',(5.36368483253023,-4.72495159447475,6.40513570352747));
#8326=CARTESIAN_POINT('Ctrl Pts',(6.00863981901017,-3.29857730584459,7.19276895749213));
#8327=CARTESIAN_POINT('Ctrl Pts',(4.68182726249141,-7.83311444726709,4.84558732152153));
#8328=CARTESIAN_POINT('Ctrl Pts',(5.21224430195011,-6.35838969459946,5.62989804039933));
#8329=CARTESIAN_POINT('Ctrl Pts',(5.74286874159304,-4.88437837085089,6.41516425475734));
#8330=CARTESIAN_POINT('Ctrl Pts',(6.27328578105173,-3.40965361818327,7.19947497363514));
#8331=CARTESIAN_POINT('Ctrl Pts',(5.16986929905567,-7.9803600826306,4.77058237873286));
#8332=CARTESIAN_POINT('Ctrl Pts',(5.60848759286723,-6.47815596934771,5.56933034919378));
#8333=CARTESIAN_POINT('Ctrl Pts',(6.04710588667879,-4.97595185606484,6.3680783196547));
#8334=CARTESIAN_POINT('Ctrl Pts',(6.48572418049034,-3.47374774278195,7.16682629011562));
#8335=CARTESIAN_POINT('Ctrl Pts',(5.26369937970255,-6.09901611685524,2.32218067704466));
#8336=CARTESIAN_POINT('Ctrl Pts',(5.6846553209839,-4.9509517434619,3.58180999485858));
#8337=CARTESIAN_POINT('Ctrl Pts',(6.10561126226526,-3.80288737006855,4.8414393126725));
#8338=CARTESIAN_POINT('Ctrl Pts',(6.52656720354661,-2.6548229966752,6.10106863048641));
#8339=CARTESIAN_POINT('Ctrl Pts',(5.26714448686687,-6.10098208499516,2.32307507745646));
#8340=CARTESIAN_POINT('Ctrl Pts',(5.68745768779338,-4.9525564075168,3.5825419249033));
#8341=CARTESIAN_POINT('Ctrl Pts',(6.1077536133033,-3.80410443471043,4.84199110399495));
#8342=CARTESIAN_POINT('Ctrl Pts',(6.52806681422981,-2.65567875723208,6.10145795144179));
#8343=CARTESIAN_POINT('Ctrl Pts',(5.32217695687184,-6.13091217655182,2.33617970752574));
#8344=CARTESIAN_POINT('Ctrl Pts',(5.73210252718773,-4.97679381275583,3.59313831154631));
#8345=CARTESIAN_POINT('Ctrl Pts',(6.1420961678121,-3.82282530357995,4.85020362375109));
#8346=CARTESIAN_POINT('Ctrl Pts',(6.55202173812799,-2.66870693978395,6.10716222777166));
#8347=CARTESIAN_POINT('Ctrl Pts',(5.70776645504404,-6.27993380686059,2.37932483111593));
#8348=CARTESIAN_POINT('Ctrl Pts',(6.04517881640376,-5.09791836724687,3.62827202276098));
#8349=CARTESIAN_POINT('Ctrl Pts',(6.38245150858277,-3.91558957167356,4.87699555155845));
#8350=CARTESIAN_POINT('Ctrl Pts',(6.71986386994249,-2.73357413205983,6.1259427432035));
#8351=CARTESIAN_POINT('Ctrl Pts',(6.35775401727712,-6.3810782382612,2.33169718934278));
#8352=CARTESIAN_POINT('Ctrl Pts',(6.57263404337152,-5.17960971782256,3.58931342826707));
#8353=CARTESIAN_POINT('Ctrl Pts',(6.78791504040624,-3.97906951803272,4.84759480653744));
#8354=CARTESIAN_POINT('Ctrl Pts',(7.00279506650064,-2.77760099759408,6.10521104546174));
#8355=CARTESIAN_POINT('Ctrl Pts',(6.86304170225451,-6.3800997167976,2.23082377393451));
#8356=CARTESIAN_POINT('Ctrl Pts',(6.98294122620525,-5.17912483114193,3.50764989918667));
#8357=CARTESIAN_POINT('Ctrl Pts',(7.102840750156,-3.97814994548626,4.78447602443883));
#8358=CARTESIAN_POINT('Ctrl Pts',(7.22274027410675,-2.77717505983059,6.061302149691));
#8359=CARTESIAN_POINT('Ctrl Pts',(6.43221642535884,-3.81163564394065,0.569405108560176));
#8360=CARTESIAN_POINT('Ctrl Pts',(6.6332134807941,-3.09414236251269,2.15897275514325));
#8361=CARTESIAN_POINT('Ctrl Pts',(6.83421053622937,-2.37664908108473,3.74854040172631));
#8362=CARTESIAN_POINT('Ctrl Pts',(7.03520759166463,-1.65915579965677,5.33810804830938));
#8363=CARTESIAN_POINT('Ctrl Pts',(6.43604913193788,-3.81295705858755,0.569718109849897));
#8364=CARTESIAN_POINT('Ctrl Pts',(6.63630397189752,-3.09518343584237,2.1592163431783));
#8365=CARTESIAN_POINT('Ctrl Pts',(6.83662107941074,-2.37750461714247,3.74874606040254));
#8366=CARTESIAN_POINT('Ctrl Pts',(7.03687591937038,-1.65973099439728,5.33824429373094));
#8367=CARTESIAN_POINT('Ctrl Pts',(6.47649800981316,-3.82571217484119,0.57259283049408));
#8368=CARTESIAN_POINT('Ctrl Pts',(6.66916657815118,-3.1055798639143,2.16156398476732));
#8369=CARTESIAN_POINT('Ctrl Pts',(6.8618142255045,-2.38541544280121,3.75052446825057));
#8370=CARTESIAN_POINT('Ctrl Pts',(7.05448279384251,-1.66528313187432,5.33949562252381));
#8371=CARTESIAN_POINT('Ctrl Pts',(6.66054338403896,-3.85942014154444,0.576915382776915));
#8372=CARTESIAN_POINT('Ctrl Pts',(6.81854692323367,-3.13291137883889,2.16506246840321));
#8373=CARTESIAN_POINT('Ctrl Pts',(6.9765918306051,-2.40646453742265,3.75323008811577));
#8374=CARTESIAN_POINT('Ctrl Pts',(7.13459536979981,-1.67995577471709,5.34137717374206));
#8375=CARTESIAN_POINT('Ctrl Pts',(7.12357822411429,-3.8811961762325,0.565101804105606));
#8376=CARTESIAN_POINT('Ctrl Pts',(7.19444850112873,-3.15062876114357,2.15548603916691));
#8377=CARTESIAN_POINT('Ctrl Pts',(7.26527818235609,-2.42000201664605,3.74585064036105));
#8378=CARTESIAN_POINT('Ctrl Pts',(7.33614845937053,-1.68943460155713,5.33623487542235));
#8379=CARTESIAN_POINT('Ctrl Pts',(7.68308551314914,-3.78843726082396,0.507964473549215));
#8380=CARTESIAN_POINT('Ctrl Pts',(7.6485717626342,-3.07523732657467,2.10907324515164));
#8381=CARTESIAN_POINT('Ctrl Pts',(7.61420851133434,-2.36225777715306,3.7102549612908));
#8382=CARTESIAN_POINT('Ctrl Pts',(7.5796947608194,-1.64905784290377,5.31136373289322));
#8383=CARTESIAN_POINT('Ctrl Pts',(8.04878588410981,-3.67666214854391,0.452207501151509));
#8384=CARTESIAN_POINT('Ctrl Pts',(7.945483726828,-2.98457595875966,2.06383614825251));
#8385=CARTESIAN_POINT('Ctrl Pts',(7.8421815695462,-2.2924897689754,3.67546479535352));
#8386=CARTESIAN_POINT('Ctrl Pts',(7.73887941226439,-1.60040357919114,5.28709344245452));
#8387=UNCERTAINTY_MEASURE_WITH_UNIT(LENGTH_MEASURE(0.01),#8391,
'DISTANCE_ACCURACY_VALUE',
'Maximum model space distance between geometric entities at asserted c
onnectivities');
#8388=UNCERTAINTY_MEASURE_WITH_UNIT(LENGTH_MEASURE(0.01),#8391,
'DISTANCE_ACCURACY_VALUE',
'Maximum model space distance between geometric entities at asserted c
onnectivities');
#8389=(
GEOMETRIC_REPRESENTATION_CONTEXT(3)
GLOBAL_UNCERTAINTY_ASSIGNED_CONTEXT((#8387))
GLOBAL_UNIT_ASSIGNED_CONTEXT((#8391,#8393,#8394))
REPRESENTATION_CONTEXT('','3D')
);
#8390=(
GEOMETRIC_REPRESENTATION_CONTEXT(3)
GLOBAL_UNCERTAINTY_ASSIGNED_CONTEXT((#8388))
GLOBAL_UNIT_ASSIGNED_CONTEXT((#8391,#8393,#8394))
REPRESENTATION_CONTEXT('','3D')
);
#8391=(
LENGTH_UNIT()
NAMED_UNIT(*)
SI_UNIT(.MILLI.,.METRE.)
);
#8392=(
LENGTH_UNIT()
NAMED_UNIT(*)
SI_UNIT($,.METRE.)
);
#8393=(
NAMED_UNIT(*)
PLANE_ANGLE_UNIT()
SI_UNIT($,.RADIAN.)
);
#8394=(
NAMED_UNIT(*)
SI_UNIT($,.STERADIAN.)
SOLID_ANGLE_UNIT()
);
#8395=SHAPE_DEFINITION_REPRESENTATION(#8396,#8397);
#8396=PRODUCT_DEFINITION_SHAPE('',$,#8399);
#8397=SHAPE_REPRESENTATION('',(#4050),#8389);
#8398=PRODUCT_DEFINITION_CONTEXT('part definition',#8403,'design');
#8399=PRODUCT_DEFINITION('15teeth (1)','15 teeth crown gear',#8400,#8398);
#8400=PRODUCT_DEFINITION_FORMATION('',$,#8405);
#8401=PRODUCT_RELATED_PRODUCT_CATEGORY('15 teeth crown gear',
'15 teeth crown gear',(#8405));
#8402=APPLICATION_PROTOCOL_DEFINITION('international standard',
'automotive_design',2009,#8403);
#8403=APPLICATION_CONTEXT(
'Core Data for Automotive Mechanical Design Process');
#8404=PRODUCT_CONTEXT('part definition',#8403,'mechanical');
#8405=PRODUCT('15teeth (1)','15 teeth crown gear',$,(#8404));
#8406=PRESENTATION_STYLE_ASSIGNMENT((#8408));
#8407=PRESENTATION_STYLE_ASSIGNMENT((#8409));
#8408=SURFACE_STYLE_USAGE(.BOTH.,#8410);
#8409=SURFACE_STYLE_USAGE(.BOTH.,#8411);
#8410=SURFACE_SIDE_STYLE('',(#8412));
#8411=SURFACE_SIDE_STYLE('',(#8413));
#8412=SURFACE_STYLE_FILL_AREA(#8414);
#8413=SURFACE_STYLE_FILL_AREA(#8415);
#8414=FILL_AREA_STYLE('Stahl - satiniert',(#8416));
#8415=FILL_AREA_STYLE('Opaque(160,160,160)',(#8417));
#8416=FILL_AREA_STYLE_COLOUR('Stahl - satiniert',#8418);
#8417=FILL_AREA_STYLE_COLOUR('Opaque(160,160,160)',#8419);
#8418=COLOUR_RGB('Stahl - satiniert',0.627450980392157,0.627450980392157,
0.627450980392157);
#8419=COLOUR_RGB('Opaque(160,160,160)',0.392156862745098,0.392156862745098,
0.392156862745098);
ENDSEC;
END-ISO-10303-21;
