ISO-10303-21;
HEADER;
/* Generated by software containing ST-Developer
 * from STEP Tools, Inc. (www.steptools.com) 
 */

FILE_DESCRIPTION(
/* description */ (''),
/* implementation_level */ '2;1');

FILE_NAME(
/* name */ 'Chassis top.step',
/* time_stamp */ '2026-01-02T21:48:39+01:00',
/* author */ (''),
/* organization */ (''),
/* preprocessor_version */ 'ST-DEVELOPER v20.1',
/* originating_system */ 'Autodesk Translation Framework v14.21.0.0',
/* authorisation */ '');

FILE_SCHEMA (('AUTOMOTIVE_DESIGN { 1 0 10303 214 3 1 1 }'));
ENDSEC;

DATA;
#10=MECHANICAL_DESIGN_GEOMETRIC_PRESENTATION_REPRESENTATION('',(#13),#9518);
#11=SHAPE_REPRESENTATION_RELATIONSHIP('SRR','None',#9525,#12);
#12=ADVANCED_BREP_SHAPE_REPRESENTATION('',(#14),#9517);
#13=STYLED_ITEM('',(#9534),#14);
#14=MANIFOLD_SOLID_BREP('Chassis top',#5647);
#15=B_SPLINE_CURVE_WITH_KNOTS('',3,(#8326,#8327,#8328,#8329,#8330,#8331,
#8332,#8333),.UNSPECIFIED.,.F.,.F.,(4,2,2,4),(0.,0.169731269097909,0.339462538195818,
0.431306942980256),.UNSPECIFIED.);
#16=FACE_BOUND('',#670,.T.);
#17=FACE_BOUND('',#671,.T.);
#18=FACE_BOUND('',#672,.T.);
#19=FACE_BOUND('',#673,.T.);
#20=FACE_BOUND('',#674,.T.);
#21=FACE_BOUND('',#675,.T.);
#22=FACE_BOUND('',#676,.T.);
#23=FACE_BOUND('',#677,.T.);
#24=FACE_BOUND('',#678,.T.);
#25=FACE_BOUND('',#679,.T.);
#26=FACE_BOUND('',#680,.T.);
#27=FACE_BOUND('',#681,.T.);
#28=FACE_BOUND('',#682,.T.);
#29=FACE_BOUND('',#700,.T.);
#30=FACE_BOUND('',#701,.T.);
#31=FACE_BOUND('',#702,.T.);
#32=FACE_BOUND('',#703,.T.);
#33=FACE_BOUND('',#704,.T.);
#34=FACE_BOUND('',#705,.T.);
#35=FACE_BOUND('',#706,.T.);
#36=FACE_BOUND('',#726,.T.);
#37=FACE_BOUND('',#727,.T.);
#38=FACE_BOUND('',#765,.T.);
#39=FACE_BOUND('',#767,.T.);
#40=FACE_BOUND('',#833,.T.);
#41=FACE_BOUND('',#834,.T.);
#42=FACE_BOUND('',#869,.T.);
#43=FACE_BOUND('',#877,.T.);
#44=FACE_BOUND('',#885,.T.);
#45=FACE_BOUND('',#886,.T.);
#46=FACE_BOUND('',#887,.T.);
#47=FACE_BOUND('',#888,.T.);
#48=(
BOUNDED_CURVE()
B_SPLINE_CURVE(2,(#7764,#7765,#7766),.UNSPECIFIED.,.F.,.F.)
B_SPLINE_CURVE_WITH_KNOTS((3,3),(0.404442878239372,0.589915248150103),
 .UNSPECIFIED.)
CURVE()
GEOMETRIC_REPRESENTATION_ITEM()
RATIONAL_B_SPLINE_CURVE((1.48275862068919,1.53571428571429,1.53571428571429))
REPRESENTATION_ITEM('')
);
#49=(
BOUNDED_CURVE()
B_SPLINE_CURVE(2,(#7770,#7771,#7772),.UNSPECIFIED.,.F.,.F.)
B_SPLINE_CURVE_WITH_KNOTS((3,3),(0.40444287823938,0.775387618060835),
 .UNSPECIFIED.)
CURVE()
GEOMETRIC_REPRESENTATION_ITEM()
RATIONAL_B_SPLINE_CURVE((1.48275862068918,1.58866995073937,1.48275862068918))
REPRESENTATION_ITEM('')
);
#50=(
BOUNDED_CURVE()
B_SPLINE_CURVE(2,(#7776,#7777,#7778),.UNSPECIFIED.,.F.,.F.)
B_SPLINE_CURVE_WITH_KNOTS((3,3),(0.404442878239379,0.77538761806083),
 .UNSPECIFIED.)
CURVE()
GEOMETRIC_REPRESENTATION_ITEM()
RATIONAL_B_SPLINE_CURVE((1.48275862068918,1.58866995073937,1.48275862068918))
REPRESENTATION_ITEM('')
);
#51=(
BOUNDED_CURVE()
B_SPLINE_CURVE(2,(#7782,#7783,#7784),.UNSPECIFIED.,.F.,.F.)
B_SPLINE_CURVE_WITH_KNOTS((3,3),(0.404442878239375,0.775387618060837),
 .UNSPECIFIED.)
CURVE()
GEOMETRIC_REPRESENTATION_ITEM()
RATIONAL_B_SPLINE_CURVE((1.48275862068919,1.58866995073939,1.48275862068919))
REPRESENTATION_ITEM('')
);
#52=(
BOUNDED_CURVE()
B_SPLINE_CURVE(2,(#7788,#7789,#7790),.UNSPECIFIED.,.F.,.F.)
B_SPLINE_CURVE_WITH_KNOTS((3,3),(0.404442878239372,0.775387618060841),
 .UNSPECIFIED.)
CURVE()
GEOMETRIC_REPRESENTATION_ITEM()
RATIONAL_B_SPLINE_CURVE((1.48275862068919,1.58866995073938,1.48275862068919))
REPRESENTATION_ITEM('')
);
#53=(
BOUNDED_CURVE()
B_SPLINE_CURVE(2,(#7794,#7795,#7796),.UNSPECIFIED.,.F.,.F.)
B_SPLINE_CURVE_WITH_KNOTS((3,3),(0.404442878239371,0.775387618060842),
 .UNSPECIFIED.)
CURVE()
GEOMETRIC_REPRESENTATION_ITEM()
RATIONAL_B_SPLINE_CURVE((1.48275862068918,1.58866995073938,1.48275862068918))
REPRESENTATION_ITEM('')
);
#54=(
BOUNDED_CURVE()
B_SPLINE_CURVE(2,(#7799,#7800,#7801),.UNSPECIFIED.,.F.,.F.)
B_SPLINE_CURVE_WITH_KNOTS((3,3),(0.589915248150103,0.775387618060836),
 .UNSPECIFIED.)
CURVE()
GEOMETRIC_REPRESENTATION_ITEM()
RATIONAL_B_SPLINE_CURVE((1.53571428571429,1.53571428571429,1.48275862068919))
REPRESENTATION_ITEM('')
);
#55=(
BOUNDED_CURVE()
B_SPLINE_CURVE(2,(#7832,#7833,#7834),.UNSPECIFIED.,.F.,.F.)
B_SPLINE_CURVE_WITH_KNOTS((3,3),(0.404442878239372,0.589914838860235),
 .UNSPECIFIED.)
CURVE()
GEOMETRIC_REPRESENTATION_ITEM()
RATIONAL_B_SPLINE_CURVE((1.48275862068919,1.53571416885474,1.53571428571403))
REPRESENTATION_ITEM('')
);
#56=(
BOUNDED_CURVE()
B_SPLINE_CURVE(2,(#7838,#7839,#7840),.UNSPECIFIED.,.F.,.F.)
B_SPLINE_CURVE_WITH_KNOTS((3,3),(0.404442878239368,0.77538761806084),
 .UNSPECIFIED.)
CURVE()
GEOMETRIC_REPRESENTATION_ITEM()
RATIONAL_B_SPLINE_CURVE((1.48275862068918,1.58866995073939,1.48275862068919))
REPRESENTATION_ITEM('')
);
#57=(
BOUNDED_CURVE()
B_SPLINE_CURVE(2,(#7844,#7845,#7846),.UNSPECIFIED.,.F.,.F.)
B_SPLINE_CURVE_WITH_KNOTS((3,3),(0.404442878239372,0.775387618060853),
 .UNSPECIFIED.)
CURVE()
GEOMETRIC_REPRESENTATION_ITEM()
RATIONAL_B_SPLINE_CURVE((1.4827586206892,1.5886699507394,1.48275862068919))
REPRESENTATION_ITEM('')
);
#58=(
BOUNDED_CURVE()
B_SPLINE_CURVE(2,(#7850,#7851,#7852),.UNSPECIFIED.,.F.,.F.)
B_SPLINE_CURVE_WITH_KNOTS((3,3),(0.404442878239372,0.775387618060846),
 .UNSPECIFIED.)
CURVE()
GEOMETRIC_REPRESENTATION_ITEM()
RATIONAL_B_SPLINE_CURVE((1.48275862068919,1.58866995073939,1.48275862068919))
REPRESENTATION_ITEM('')
);
#59=(
BOUNDED_CURVE()
B_SPLINE_CURVE(2,(#7856,#7857,#7858),.UNSPECIFIED.,.F.,.F.)
B_SPLINE_CURVE_WITH_KNOTS((3,3),(0.404442878239371,0.775387618060848),
 .UNSPECIFIED.)
CURVE()
GEOMETRIC_REPRESENTATION_ITEM()
RATIONAL_B_SPLINE_CURVE((1.48275862068921,1.58866995073941,1.48275862068921))
REPRESENTATION_ITEM('')
);
#60=(
BOUNDED_CURVE()
B_SPLINE_CURVE(2,(#7862,#7863,#7864),.UNSPECIFIED.,.F.,.F.)
B_SPLINE_CURVE_WITH_KNOTS((3,3),(0.404442878239369,0.775387618060849),
 .UNSPECIFIED.)
CURVE()
GEOMETRIC_REPRESENTATION_ITEM()
RATIONAL_B_SPLINE_CURVE((1.48275862068919,1.58866995073939,1.48275862068919))
REPRESENTATION_ITEM('')
);
#61=(
BOUNDED_CURVE()
B_SPLINE_CURVE(2,(#7867,#7868,#7869),.UNSPECIFIED.,.F.,.F.)
B_SPLINE_CURVE_WITH_KNOTS((3,3),(0.589914838860235,0.775387618060847),
 .UNSPECIFIED.)
CURVE()
GEOMETRIC_REPRESENTATION_ITEM()
RATIONAL_B_SPLINE_CURVE((1.53571428571403,1.53571440257383,1.48275862068919))
REPRESENTATION_ITEM('')
);
#62=(
BOUNDED_CURVE()
B_SPLINE_CURVE(2,(#8554,#8555,#8556),.UNSPECIFIED.,.F.,.F.)
B_SPLINE_CURVE_WITH_KNOTS((3,3),(0.404442878239373,0.775387618060834),
 .UNSPECIFIED.)
CURVE()
GEOMETRIC_REPRESENTATION_ITEM()
RATIONAL_B_SPLINE_CURVE((1.48275862068918,1.58866995073937,1.48275862068918))
REPRESENTATION_ITEM('')
);
#63=(
BOUNDED_CURVE()
B_SPLINE_CURVE(2,(#8557,#8558,#8559),.UNSPECIFIED.,.F.,.F.)
B_SPLINE_CURVE_WITH_KNOTS((3,3),(0.404442878239386,0.775387618060829),
 .UNSPECIFIED.)
CURVE()
GEOMETRIC_REPRESENTATION_ITEM()
RATIONAL_B_SPLINE_CURVE((1.4827586206892,1.58866995073939,1.4827586206892))
REPRESENTATION_ITEM('')
);
#64=(
BOUNDED_CURVE()
B_SPLINE_CURVE(2,(#8560,#8561,#8562),.UNSPECIFIED.,.F.,.F.)
B_SPLINE_CURVE_WITH_KNOTS((3,3),(0.404442878239386,0.775387618060825),
 .UNSPECIFIED.)
CURVE()
GEOMETRIC_REPRESENTATION_ITEM()
RATIONAL_B_SPLINE_CURVE((1.48275862068918,1.58866995073936,1.48275862068918))
REPRESENTATION_ITEM('')
);
#65=(
BOUNDED_CURVE()
B_SPLINE_CURVE(2,(#8563,#8564,#8565),.UNSPECIFIED.,.F.,.F.)
B_SPLINE_CURVE_WITH_KNOTS((3,3),(0.404442878239372,0.775387618060846),
 .UNSPECIFIED.)
CURVE()
GEOMETRIC_REPRESENTATION_ITEM()
RATIONAL_B_SPLINE_CURVE((1.48275862068921,1.58866995073942,1.48275862068921))
REPRESENTATION_ITEM('')
);
#66=(
BOUNDED_CURVE()
B_SPLINE_CURVE(2,(#8566,#8567,#8568),.UNSPECIFIED.,.F.,.F.)
B_SPLINE_CURVE_WITH_KNOTS((3,3),(0.404442878239371,0.775387618060847),
 .UNSPECIFIED.)
CURVE()
GEOMETRIC_REPRESENTATION_ITEM()
RATIONAL_B_SPLINE_CURVE((1.48275862068919,1.58866995073939,1.48275862068919))
REPRESENTATION_ITEM('')
);
#67=(
BOUNDED_CURVE()
B_SPLINE_CURVE(2,(#8569,#8570,#8571),.UNSPECIFIED.,.F.,.F.)
B_SPLINE_CURVE_WITH_KNOTS((3,3),(0.404442878239368,0.775387618060856),
 .UNSPECIFIED.)
CURVE()
GEOMETRIC_REPRESENTATION_ITEM()
RATIONAL_B_SPLINE_CURVE((1.48275862068919,1.5886699507394,1.48275862068919))
REPRESENTATION_ITEM('')
);
#68=(
BOUNDED_CURVE()
B_SPLINE_CURVE(2,(#8576,#8577,#8578),.UNSPECIFIED.,.F.,.F.)
B_SPLINE_CURVE_WITH_KNOTS((3,3),(0.428853350779197,0.810501320007182),
 .UNSPECIFIED.)
CURVE()
GEOMETRIC_REPRESENTATION_ITEM()
RATIONAL_B_SPLINE_CURVE((1.51724137930959,1.62561576354757,1.51724137930959))
REPRESENTATION_ITEM('')
);
#69=(
BOUNDED_CURVE()
B_SPLINE_CURVE(2,(#8579,#8580,#8581),.UNSPECIFIED.,.F.,.F.)
B_SPLINE_CURVE_WITH_KNOTS((3,3),(0.404442878239378,0.775387618060845),
 .UNSPECIFIED.)
CURVE()
GEOMETRIC_REPRESENTATION_ITEM()
RATIONAL_B_SPLINE_CURVE((1.4827586206892,1.58866995073939,1.48275862068919))
REPRESENTATION_ITEM('')
);
#70=(
BOUNDED_CURVE()
B_SPLINE_CURVE(2,(#8582,#8583,#8584),.UNSPECIFIED.,.F.,.F.)
B_SPLINE_CURVE_WITH_KNOTS((3,3),(0.428853350779196,0.810501320007192),
 .UNSPECIFIED.)
CURVE()
GEOMETRIC_REPRESENTATION_ITEM()
RATIONAL_B_SPLINE_CURVE((1.5172413793096,1.62561576354759,1.5172413793096))
REPRESENTATION_ITEM('')
);
#71=(
BOUNDED_CURVE()
B_SPLINE_CURVE(2,(#8585,#8586,#8587),.UNSPECIFIED.,.F.,.F.)
B_SPLINE_CURVE_WITH_KNOTS((3,3),(0.404442878239373,0.775387618060844),
 .UNSPECIFIED.)
CURVE()
GEOMETRIC_REPRESENTATION_ITEM()
RATIONAL_B_SPLINE_CURVE((1.4827586206892,1.5886699507394,1.4827586206892))
REPRESENTATION_ITEM('')
);
#72=(
BOUNDED_CURVE()
B_SPLINE_CURVE(2,(#8588,#8589,#8590),.UNSPECIFIED.,.F.,.F.)
B_SPLINE_CURVE_WITH_KNOTS((3,3),(0.404442878239376,0.775387618060844),
 .UNSPECIFIED.)
CURVE()
GEOMETRIC_REPRESENTATION_ITEM()
RATIONAL_B_SPLINE_CURVE((1.48275862068919,1.58866995073938,1.48275862068919))
REPRESENTATION_ITEM('')
);
#73=(
BOUNDED_CURVE()
B_SPLINE_CURVE(2,(#8591,#8592,#8593),.UNSPECIFIED.,.F.,.F.)
B_SPLINE_CURVE_WITH_KNOTS((3,3),(0.404442878239374,0.77538761806085),
 .UNSPECIFIED.)
CURVE()
GEOMETRIC_REPRESENTATION_ITEM()
RATIONAL_B_SPLINE_CURVE((1.4827586206892,1.5886699507394,1.4827586206892))
REPRESENTATION_ITEM('')
);
#74=(
BOUNDED_CURVE()
B_SPLINE_CURVE(2,(#8655,#8656,#8657),.UNSPECIFIED.,.F.,.F.)
B_SPLINE_CURVE_WITH_KNOTS((3,3),(0.428853350779194,0.619677846977193),
 .UNSPECIFIED.)
CURVE()
GEOMETRIC_REPRESENTATION_ITEM()
RATIONAL_B_SPLINE_CURVE((1.51724137930968,1.57142871670026,1.57142857142831))
REPRESENTATION_ITEM('')
);
#75=(
BOUNDED_CURVE()
B_SPLINE_CURVE(2,(#8661,#8662,#8663),.UNSPECIFIED.,.F.,.F.)
B_SPLINE_CURVE_WITH_KNOTS((3,3),(0.404443153510471,0.775387196719667),
 .UNSPECIFIED.)
CURVE()
GEOMETRIC_REPRESENTATION_ITEM()
RATIONAL_B_SPLINE_CURVE((1.48275855885983,1.58866946302197,1.48275855885983))
REPRESENTATION_ITEM('')
);
#76=(
BOUNDED_CURVE()
B_SPLINE_CURVE(2,(#8667,#8668,#8669),.UNSPECIFIED.,.F.,.F.)
B_SPLINE_CURVE_WITH_KNOTS((3,3),(0.404442602968245,0.77538803940237),
 .UNSPECIFIED.)
CURVE()
GEOMETRIC_REPRESENTATION_ITEM()
RATIONAL_B_SPLINE_CURVE((1.48275868251873,1.58867043845824,1.48275868251873))
REPRESENTATION_ITEM('')
);
#77=(
BOUNDED_CURVE()
B_SPLINE_CURVE(2,(#8673,#8674,#8675),.UNSPECIFIED.,.F.,.F.)
B_SPLINE_CURVE_WITH_KNOTS((3,3),(0.404442878239377,0.775387618060839),
 .UNSPECIFIED.)
CURVE()
GEOMETRIC_REPRESENTATION_ITEM()
RATIONAL_B_SPLINE_CURVE((1.48275862068918,1.58866995073937,1.48275862068918))
REPRESENTATION_ITEM('')
);
#78=(
BOUNDED_CURVE()
B_SPLINE_CURVE(2,(#8679,#8680,#8681),.UNSPECIFIED.,.F.,.F.)
B_SPLINE_CURVE_WITH_KNOTS((3,3),(0.404442878239385,0.775387618060859),
 .UNSPECIFIED.)
CURVE()
GEOMETRIC_REPRESENTATION_ITEM()
RATIONAL_B_SPLINE_CURVE((1.48275862068919,1.58866995073939,1.48275862068918))
REPRESENTATION_ITEM('')
);
#79=(
BOUNDED_CURVE()
B_SPLINE_CURVE(2,(#8685,#8686,#8687),.UNSPECIFIED.,.F.,.F.)
B_SPLINE_CURVE_WITH_KNOTS((3,3),(0.404442878239372,0.775387618060849),
 .UNSPECIFIED.)
CURVE()
GEOMETRIC_REPRESENTATION_ITEM()
RATIONAL_B_SPLINE_CURVE((1.4827586206892,1.5886699507394,1.48275862068919))
REPRESENTATION_ITEM('')
);
#80=(
BOUNDED_CURVE()
B_SPLINE_CURVE(2,(#8690,#8691,#8692),.UNSPECIFIED.,.F.,.F.)
B_SPLINE_CURVE_WITH_KNOTS((3,3),(0.619677846977193,0.810501320007246),
 .UNSPECIFIED.)
CURVE()
GEOMETRIC_REPRESENTATION_ITEM()
RATIONAL_B_SPLINE_CURVE((1.57142857142831,1.57142842615713,1.51724137930968))
REPRESENTATION_ITEM('')
);
#81=(
BOUNDED_CURVE()
B_SPLINE_CURVE(2,(#8724,#8725,#8726),.UNSPECIFIED.,.F.,.F.)
B_SPLINE_CURVE_WITH_KNOTS((3,3),(0.428853350779194,0.619677822747295),
 .UNSPECIFIED.)
CURVE()
GEOMETRIC_REPRESENTATION_ITEM()
RATIONAL_B_SPLINE_CURVE((1.51724137930961,1.57142870981976,1.57142857142826))
REPRESENTATION_ITEM('')
);
#82=(
BOUNDED_CURVE()
B_SPLINE_CURVE(2,(#8730,#8731,#8732),.UNSPECIFIED.,.F.,.F.)
B_SPLINE_CURVE_WITH_KNOTS((3,3),(0.404443162343328,0.775387183199754),
 .UNSPECIFIED.)
CURVE()
GEOMETRIC_REPRESENTATION_ITEM()
RATIONAL_B_SPLINE_CURVE((1.48275855687586,1.5886694473722,1.48275855687586))
REPRESENTATION_ITEM('')
);
#83=(
BOUNDED_CURVE()
B_SPLINE_CURVE(2,(#8736,#8737,#8738),.UNSPECIFIED.,.F.,.F.)
B_SPLINE_CURVE_WITH_KNOTS((3,3),(0.404442594135367,0.77538805292236),
 .UNSPECIFIED.)
CURVE()
GEOMETRIC_REPRESENTATION_ITEM()
RATIONAL_B_SPLINE_CURVE((1.48275868450273,1.58867045410818,1.48275868450273))
REPRESENTATION_ITEM('')
);
#84=(
BOUNDED_CURVE()
B_SPLINE_CURVE(2,(#8742,#8743,#8744),.UNSPECIFIED.,.F.,.F.)
B_SPLINE_CURVE_WITH_KNOTS((3,3),(0.404442878239384,0.775387618060859),
 .UNSPECIFIED.)
CURVE()
GEOMETRIC_REPRESENTATION_ITEM()
RATIONAL_B_SPLINE_CURVE((1.48275862068921,1.58866995073941,1.4827586206892))
REPRESENTATION_ITEM('')
);
#85=(
BOUNDED_CURVE()
B_SPLINE_CURVE(2,(#8748,#8749,#8750),.UNSPECIFIED.,.F.,.F.)
B_SPLINE_CURVE_WITH_KNOTS((3,3),(0.404442878239381,0.775387618060837),
 .UNSPECIFIED.)
CURVE()
GEOMETRIC_REPRESENTATION_ITEM()
RATIONAL_B_SPLINE_CURVE((1.48275862068916,1.58866995073934,1.48275862068916))
REPRESENTATION_ITEM('')
);
#86=(
BOUNDED_CURVE()
B_SPLINE_CURVE(2,(#8754,#8755,#8756),.UNSPECIFIED.,.F.,.F.)
B_SPLINE_CURVE_WITH_KNOTS((3,3),(0.404442878239362,0.775387618060859),
 .UNSPECIFIED.)
CURVE()
GEOMETRIC_REPRESENTATION_ITEM()
RATIONAL_B_SPLINE_CURVE((1.4827586206892,1.58866995073942,1.48275862068921))
REPRESENTATION_ITEM('')
);
#87=(
BOUNDED_CURVE()
B_SPLINE_CURVE(2,(#8759,#8760,#8761),.UNSPECIFIED.,.F.,.F.)
B_SPLINE_CURVE_WITH_KNOTS((3,3),(0.619677822747295,0.810501320007229),
 .UNSPECIFIED.)
CURVE()
GEOMETRIC_REPRESENTATION_ITEM()
RATIONAL_B_SPLINE_CURVE((1.57142857142826,1.57142843303747,1.5172413793096))
REPRESENTATION_ITEM('')
);
#88=(
BOUNDED_CURVE()
B_SPLINE_CURVE(2,(#8791,#8792,#8793),.UNSPECIFIED.,.F.,.F.)
B_SPLINE_CURVE_WITH_KNOTS((3,3),(0.428853350779206,0.619678007064661),
 .UNSPECIFIED.)
CURVE()
GEOMETRIC_REPRESENTATION_ITEM()
RATIONAL_B_SPLINE_CURVE((1.51724137930936,1.57142876215901,1.57142857142762))
REPRESENTATION_ITEM('')
);
#89=(
BOUNDED_CURVE()
B_SPLINE_CURVE(2,(#8797,#8798,#8799),.UNSPECIFIED.,.F.,.F.)
B_SPLINE_CURVE_WITH_KNOTS((3,3),(0.404442878239373,0.775387618060831),
 .UNSPECIFIED.)
CURVE()
GEOMETRIC_REPRESENTATION_ITEM()
RATIONAL_B_SPLINE_CURVE((1.48275862068917,1.58866995073936,1.48275862068917))
REPRESENTATION_ITEM('')
);
#90=(
BOUNDED_CURVE()
B_SPLINE_CURVE(2,(#8803,#8804,#8805),.UNSPECIFIED.,.F.,.F.)
B_SPLINE_CURVE_WITH_KNOTS((3,3),(0.404442878239376,0.775387618060847),
 .UNSPECIFIED.)
CURVE()
GEOMETRIC_REPRESENTATION_ITEM()
RATIONAL_B_SPLINE_CURVE((1.48275862068919,1.58866995073938,1.48275862068919))
REPRESENTATION_ITEM('')
);
#91=(
BOUNDED_CURVE()
B_SPLINE_CURVE(2,(#8809,#8810,#8811),.UNSPECIFIED.,.F.,.F.)
B_SPLINE_CURVE_WITH_KNOTS((3,3),(0.404442878239372,0.775387618060843),
 .UNSPECIFIED.)
CURVE()
GEOMETRIC_REPRESENTATION_ITEM()
RATIONAL_B_SPLINE_CURVE((1.48275862068919,1.58866995073939,1.48275862068919))
REPRESENTATION_ITEM('')
);
#92=(
BOUNDED_CURVE()
B_SPLINE_CURVE(2,(#8815,#8816,#8817),.UNSPECIFIED.,.F.,.F.)
B_SPLINE_CURVE_WITH_KNOTS((3,3),(0.404442878239372,0.775387618060846),
 .UNSPECIFIED.)
CURVE()
GEOMETRIC_REPRESENTATION_ITEM()
RATIONAL_B_SPLINE_CURVE((1.48275862068919,1.58866995073939,1.48275862068919))
REPRESENTATION_ITEM('')
);
#93=(
BOUNDED_CURVE()
B_SPLINE_CURVE(2,(#8821,#8822,#8823),.UNSPECIFIED.,.F.,.F.)
B_SPLINE_CURVE_WITH_KNOTS((3,3),(0.404442878239376,0.775387618060847),
 .UNSPECIFIED.)
CURVE()
GEOMETRIC_REPRESENTATION_ITEM()
RATIONAL_B_SPLINE_CURVE((1.4827586206892,1.58866995073939,1.48275862068919))
REPRESENTATION_ITEM('')
);
#94=(
BOUNDED_CURVE()
B_SPLINE_CURVE(2,(#8826,#8827,#8828),.UNSPECIFIED.,.F.,.F.)
B_SPLINE_CURVE_WITH_KNOTS((3,3),(0.619678007064661,0.810501320007031),
 .UNSPECIFIED.)
CURVE()
GEOMETRIC_REPRESENTATION_ITEM()
RATIONAL_B_SPLINE_CURVE((1.57142857142762,1.57142838069758,1.51724137930936))
REPRESENTATION_ITEM('')
);
#95=(
BOUNDED_CURVE()
B_SPLINE_CURVE(2,(#9263,#9264,#9265),.UNSPECIFIED.,.F.,.F.)
B_SPLINE_CURVE_WITH_KNOTS((3,3),(-0.810501320007148,-0.619677335393146),
 .UNSPECIFIED.)
CURVE()
GEOMETRIC_REPRESENTATION_ITEM()
RATIONAL_B_SPLINE_CURVE((1.5172413793095,1.57142857142849,1.57142857142848))
REPRESENTATION_ITEM('')
);
#96=(
BOUNDED_CURVE()
B_SPLINE_CURVE(2,(#9267,#9268,#9269),.UNSPECIFIED.,.F.,.F.)
B_SPLINE_CURVE_WITH_KNOTS((3,3),(-0.619677335393146,-0.428853350779199),
 .UNSPECIFIED.)
CURVE()
GEOMETRIC_REPRESENTATION_ITEM()
RATIONAL_B_SPLINE_CURVE((1.57142857142848,1.57142857142847,1.5172413793095))
REPRESENTATION_ITEM('')
);
#97=(
BOUNDED_CURVE()
B_SPLINE_CURVE(2,(#9277,#9278,#9279),.UNSPECIFIED.,.F.,.F.)
B_SPLINE_CURVE_WITH_KNOTS((3,3),(0.404442878239371,0.775387618060856),
 .UNSPECIFIED.)
CURVE()
GEOMETRIC_REPRESENTATION_ITEM()
RATIONAL_B_SPLINE_CURVE((1.48275862068919,1.58866995073939,1.48275862068919))
REPRESENTATION_ITEM('')
);
#98=(
BOUNDED_CURVE()
B_SPLINE_CURVE(2,(#9286,#9287,#9288),.UNSPECIFIED.,.F.,.F.)
B_SPLINE_CURVE_WITH_KNOTS((3,3),(0.404442878239374,0.775387618060865),
 .UNSPECIFIED.)
CURVE()
GEOMETRIC_REPRESENTATION_ITEM()
RATIONAL_B_SPLINE_CURVE((1.4827586206892,1.58866995073941,1.4827586206892))
REPRESENTATION_ITEM('')
);
#99=(
BOUNDED_CURVE()
B_SPLINE_CURVE(2,(#9292,#9293,#9294),.UNSPECIFIED.,.F.,.F.)
B_SPLINE_CURVE_WITH_KNOTS((3,3),(0.404442878239355,0.775387618060885),
 .UNSPECIFIED.)
CURVE()
GEOMETRIC_REPRESENTATION_ITEM()
RATIONAL_B_SPLINE_CURVE((1.48275862068922,1.58866995073946,1.48275862068922))
REPRESENTATION_ITEM('')
);
#100=(
BOUNDED_CURVE()
B_SPLINE_CURVE(2,(#9302,#9303,#9304),.UNSPECIFIED.,.F.,.F.)
B_SPLINE_CURVE_WITH_KNOTS((3,3),(0.404442878239362,0.775387618060881),
 .UNSPECIFIED.)
CURVE()
GEOMETRIC_REPRESENTATION_ITEM()
RATIONAL_B_SPLINE_CURVE((1.48275862068922,1.58866995073945,1.48275862068922))
REPRESENTATION_ITEM('')
);
#101=(
BOUNDED_CURVE()
B_SPLINE_CURVE(2,(#9312,#9313,#9314),.UNSPECIFIED.,.F.,.F.)
B_SPLINE_CURVE_WITH_KNOTS((3,3),(0.404442878239375,0.775387618060884),
 .UNSPECIFIED.)
CURVE()
GEOMETRIC_REPRESENTATION_ITEM()
RATIONAL_B_SPLINE_CURVE((1.48275862068919,1.58866995073941,1.48275862068919))
REPRESENTATION_ITEM('')
);
#102=(
BOUNDED_CURVE()
B_SPLINE_CURVE(2,(#9329,#9330,#9331),.UNSPECIFIED.,.F.,.F.)
B_SPLINE_CURVE_WITH_KNOTS((3,3),(-0.810501320007153,-0.619677907825294),
 .UNSPECIFIED.)
CURVE()
GEOMETRIC_REPRESENTATION_ITEM()
RATIONAL_B_SPLINE_CURVE((1.51724137930957,1.57142840887829,1.57142857142806))
REPRESENTATION_ITEM('')
);
#103=(
BOUNDED_CURVE()
B_SPLINE_CURVE(2,(#9333,#9334,#9335),.UNSPECIFIED.,.F.,.F.)
B_SPLINE_CURVE_WITH_KNOTS((3,3),(-0.619677907825294,-0.428853350779214),
 .UNSPECIFIED.)
CURVE()
GEOMETRIC_REPRESENTATION_ITEM()
RATIONAL_B_SPLINE_CURVE((1.57142857142806,1.57142873397881,1.51724137930957))
REPRESENTATION_ITEM('')
);
#104=(
BOUNDED_CURVE()
B_SPLINE_CURVE(2,(#9343,#9344,#9345),.UNSPECIFIED.,.F.,.F.)
B_SPLINE_CURVE_WITH_KNOTS((3,3),(0.404443037919648,0.775387373647679),
 .UNSPECIFIED.)
CURVE()
GEOMETRIC_REPRESENTATION_ITEM()
RATIONAL_B_SPLINE_CURVE((1.48275858482298,1.58866966782233,1.48275858482297))
REPRESENTATION_ITEM('')
);
#105=(
BOUNDED_CURVE()
B_SPLINE_CURVE(2,(#9352,#9353,#9354),.UNSPECIFIED.,.F.,.F.)
B_SPLINE_CURVE_WITH_KNOTS((3,3),(0.404442718559097,0.775387862474129),
 .UNSPECIFIED.)
CURVE()
GEOMETRIC_REPRESENTATION_ITEM()
RATIONAL_B_SPLINE_CURVE((1.48275865655549,1.58867023365696,1.48275865655549))
REPRESENTATION_ITEM('')
);
#106=(
BOUNDED_CURVE()
B_SPLINE_CURVE(2,(#9358,#9359,#9360),.UNSPECIFIED.,.F.,.F.)
B_SPLINE_CURVE_WITH_KNOTS((3,3),(0.404442878239381,0.775387618060839),
 .UNSPECIFIED.)
CURVE()
GEOMETRIC_REPRESENTATION_ITEM()
RATIONAL_B_SPLINE_CURVE((1.4827586206892,1.58866995073939,1.4827586206892))
REPRESENTATION_ITEM('')
);
#107=(
BOUNDED_CURVE()
B_SPLINE_CURVE(2,(#9368,#9369,#9370),.UNSPECIFIED.,.F.,.F.)
B_SPLINE_CURVE_WITH_KNOTS((3,3),(0.404442878239386,0.775387618060837),
 .UNSPECIFIED.)
CURVE()
GEOMETRIC_REPRESENTATION_ITEM()
RATIONAL_B_SPLINE_CURVE((1.48275862068917,1.58866995073935,1.48275862068917))
REPRESENTATION_ITEM('')
);
#108=(
BOUNDED_CURVE()
B_SPLINE_CURVE(2,(#9378,#9379,#9380),.UNSPECIFIED.,.F.,.F.)
B_SPLINE_CURVE_WITH_KNOTS((3,3),(0.40444287823937,0.775387618060839),
 .UNSPECIFIED.)
CURVE()
GEOMETRIC_REPRESENTATION_ITEM()
RATIONAL_B_SPLINE_CURVE((1.4827586206892,1.5886699507394,1.4827586206892))
REPRESENTATION_ITEM('')
);
#109=(
BOUNDED_CURVE()
B_SPLINE_CURVE(2,(#9395,#9396,#9397),.UNSPECIFIED.,.F.,.F.)
B_SPLINE_CURVE_WITH_KNOTS((3,3),(0.404442878239367,0.775387618060844),
 .UNSPECIFIED.)
CURVE()
GEOMETRIC_REPRESENTATION_ITEM()
RATIONAL_B_SPLINE_CURVE((1.48275862068923,1.58866995073945,1.48275862068924))
REPRESENTATION_ITEM('')
);
#110=(
BOUNDED_CURVE()
B_SPLINE_CURVE(2,(#9405,#9406,#9407),.UNSPECIFIED.,.F.,.F.)
B_SPLINE_CURVE_WITH_KNOTS((3,3),(-0.810501320007105,-0.619677974274271),
 .UNSPECIFIED.)
CURVE()
GEOMETRIC_REPRESENTATION_ITEM()
RATIONAL_B_SPLINE_CURVE((1.5172413793095,1.57142839000905,1.57142857142785))
REPRESENTATION_ITEM('')
);
#111=(
BOUNDED_CURVE()
B_SPLINE_CURVE(2,(#9409,#9410,#9411),.UNSPECIFIED.,.F.,.F.)
B_SPLINE_CURVE_WITH_KNOTS((3,3),(-0.619677974274271,-0.428853350779223),
 .UNSPECIFIED.)
CURVE()
GEOMETRIC_REPRESENTATION_ITEM()
RATIONAL_B_SPLINE_CURVE((1.57142857142785,1.57142875284786,1.5172413793095))
REPRESENTATION_ITEM('')
);
#112=(
BOUNDED_CURVE()
B_SPLINE_CURVE(2,(#9419,#9420,#9421),.UNSPECIFIED.,.F.,.F.)
B_SPLINE_CURVE_WITH_KNOTS((3,3),(0.404442878239391,0.775387618060806),
 .UNSPECIFIED.)
CURVE()
GEOMETRIC_REPRESENTATION_ITEM()
RATIONAL_B_SPLINE_CURVE((1.4827586206892,1.58866995073937,1.4827586206892))
REPRESENTATION_ITEM('')
);
#113=(
BOUNDED_CURVE()
B_SPLINE_CURVE(2,(#9428,#9429,#9430),.UNSPECIFIED.,.F.,.F.)
B_SPLINE_CURVE_WITH_KNOTS((3,3),(0.404442878239398,0.775387618060829),
 .UNSPECIFIED.)
CURVE()
GEOMETRIC_REPRESENTATION_ITEM()
RATIONAL_B_SPLINE_CURVE((1.48275862068923,1.5886699507394,1.48275862068922))
REPRESENTATION_ITEM('')
);
#114=(
BOUNDED_CURVE()
B_SPLINE_CURVE(2,(#9434,#9435,#9436),.UNSPECIFIED.,.F.,.F.)
B_SPLINE_CURVE_WITH_KNOTS((3,3),(0.40444287823939,0.775387618060838),
 .UNSPECIFIED.)
CURVE()
GEOMETRIC_REPRESENTATION_ITEM()
RATIONAL_B_SPLINE_CURVE((1.48275862068922,1.58866995073941,1.48275862068922))
REPRESENTATION_ITEM('')
);
#115=(
BOUNDED_CURVE()
B_SPLINE_CURVE(2,(#9444,#9445,#9446),.UNSPECIFIED.,.F.,.F.)
B_SPLINE_CURVE_WITH_KNOTS((3,3),(0.404442878239374,0.775387618060837),
 .UNSPECIFIED.)
CURVE()
GEOMETRIC_REPRESENTATION_ITEM()
RATIONAL_B_SPLINE_CURVE((1.48275862068921,1.58866995073941,1.48275862068922))
REPRESENTATION_ITEM('')
);
#116=CONICAL_SURFACE('',#5680,2.3,0.785398163397449);
#117=CONICAL_SURFACE('',#5695,2.3,0.785398163397451);
#118=CONICAL_SURFACE('',#5850,2.3,0.785398163397451);
#119=CONICAL_SURFACE('',#5852,2.3,0.785398163397451);
#120=CONICAL_SURFACE('',#5875,3.98492424049175,0.538633210603852);
#121=CONICAL_SURFACE('',#5876,3.98492424049175,0.538633210603853);
#122=CONICAL_SURFACE('',#5884,2.3,0.785398163397451);
#123=CONICAL_SURFACE('',#5899,2.3,0.785398163397451);
#124=CONICAL_SURFACE('',#5914,2.3,0.785398163397451);
#125=CONICAL_SURFACE('',#5966,4.5,0.477345382373672);
#126=CONICAL_SURFACE('',#5998,13.5,0.785398163397447);
#127=CONICAL_SURFACE('',#6001,13.5,0.785398163397447);
#128=CONICAL_SURFACE('',#6041,4.5,0.477345382373672);
#129=CONICAL_SURFACE('',#6114,2.3,0.785398163397451);
#130=CONICAL_SURFACE('',#6127,2.3,0.785398163397451);
#131=CONICAL_SURFACE('',#6140,2.3,0.785398163397451);
#132=PLANE('',#5665);
#133=PLANE('',#5670);
#134=PLANE('',#5671);
#135=PLANE('',#5675);
#136=PLANE('',#5679);
#137=PLANE('',#5688);
#138=PLANE('',#5689);
#139=PLANE('',#5690);
#140=PLANE('',#5691);
#141=PLANE('',#5692);
#142=PLANE('',#5703);
#143=PLANE('',#5704);
#144=PLANE('',#5705);
#145=PLANE('',#5706);
#146=PLANE('',#5707);
#147=PLANE('',#5710);
#148=PLANE('',#5711);
#149=PLANE('',#5712);
#150=PLANE('',#5713);
#151=PLANE('',#5714);
#152=PLANE('',#5715);
#153=PLANE('',#5716);
#154=PLANE('',#5717);
#155=PLANE('',#5718);
#156=PLANE('',#5719);
#157=PLANE('',#5720);
#158=PLANE('',#5721);
#159=PLANE('',#5722);
#160=PLANE('',#5723);
#161=PLANE('',#5727);
#162=PLANE('',#5728);
#163=PLANE('',#5753);
#164=PLANE('',#5754);
#165=PLANE('',#5757);
#166=PLANE('',#5761);
#167=PLANE('',#5765);
#168=PLANE('',#5766);
#169=PLANE('',#5771);
#170=PLANE('',#5772);
#171=PLANE('',#5776);
#172=PLANE('',#5791);
#173=PLANE('',#5792);
#174=PLANE('',#5795);
#175=PLANE('',#5799);
#176=PLANE('',#5800);
#177=PLANE('',#5801);
#178=PLANE('',#5802);
#179=PLANE('',#5803);
#180=PLANE('',#5804);
#181=PLANE('',#5807);
#182=PLANE('',#5810);
#183=PLANE('',#5811);
#184=PLANE('',#5812);
#185=PLANE('',#5815);
#186=PLANE('',#5816);
#187=PLANE('',#5817);
#188=PLANE('',#5818);
#189=PLANE('',#5819);
#190=PLANE('',#5820);
#191=PLANE('',#5821);
#192=PLANE('',#5822);
#193=PLANE('',#5824);
#194=PLANE('',#5826);
#195=PLANE('',#5828);
#196=PLANE('',#5830);
#197=PLANE('',#5832);
#198=PLANE('',#5834);
#199=PLANE('',#5837);
#200=PLANE('',#5839);
#201=PLANE('',#5841);
#202=PLANE('',#5843);
#203=PLANE('',#5845);
#204=PLANE('',#5847);
#205=PLANE('',#5854);
#206=PLANE('',#5855);
#207=PLANE('',#5856);
#208=PLANE('',#5857);
#209=PLANE('',#5858);
#210=PLANE('',#5859);
#211=PLANE('',#5860);
#212=PLANE('',#5861);
#213=PLANE('',#5862);
#214=PLANE('',#5863);
#215=PLANE('',#5864);
#216=PLANE('',#5865);
#217=PLANE('',#5870);
#218=PLANE('',#5872);
#219=PLANE('',#5874);
#220=PLANE('',#5877);
#221=PLANE('',#5878);
#222=PLANE('',#5882);
#223=PLANE('',#5883);
#224=PLANE('',#5892);
#225=PLANE('',#5893);
#226=PLANE('',#5894);
#227=PLANE('',#5895);
#228=PLANE('',#5896);
#229=PLANE('',#5908);
#230=PLANE('',#5909);
#231=PLANE('',#5910);
#232=PLANE('',#5911);
#233=PLANE('',#5912);
#234=PLANE('',#5922);
#235=PLANE('',#5923);
#236=PLANE('',#5924);
#237=PLANE('',#5925);
#238=PLANE('',#5926);
#239=PLANE('',#5928);
#240=PLANE('',#5929);
#241=PLANE('',#5930);
#242=PLANE('',#5931);
#243=PLANE('',#5932);
#244=PLANE('',#5933);
#245=PLANE('',#5934);
#246=PLANE('',#5935);
#247=PLANE('',#5936);
#248=PLANE('',#5937);
#249=PLANE('',#5938);
#250=PLANE('',#5939);
#251=PLANE('',#5940);
#252=PLANE('',#5941);
#253=PLANE('',#5942);
#254=PLANE('',#5943);
#255=PLANE('',#5944);
#256=PLANE('',#5945);
#257=PLANE('',#5946);
#258=PLANE('',#5947);
#259=PLANE('',#5948);
#260=PLANE('',#5955);
#261=PLANE('',#5962);
#262=PLANE('',#5963);
#263=PLANE('',#5968);
#264=PLANE('',#5969);
#265=PLANE('',#5972);
#266=PLANE('',#5975);
#267=PLANE('',#5980);
#268=PLANE('',#5984);
#269=PLANE('',#5988);
#270=PLANE('',#5992);
#271=PLANE('',#5996);
#272=PLANE('',#6004);
#273=PLANE('',#6008);
#274=PLANE('',#6012);
#275=PLANE('',#6016);
#276=PLANE('',#6020);
#277=PLANE('',#6024);
#278=PLANE('',#6030);
#279=PLANE('',#6050);
#280=PLANE('',#6051);
#281=PLANE('',#6052);
#282=PLANE('',#6053);
#283=PLANE('',#6054);
#284=PLANE('',#6055);
#285=PLANE('',#6056);
#286=PLANE('',#6057);
#287=PLANE('',#6058);
#288=PLANE('',#6059);
#289=PLANE('',#6060);
#290=PLANE('',#6061);
#291=PLANE('',#6062);
#292=PLANE('',#6063);
#293=PLANE('',#6064);
#294=PLANE('',#6069);
#295=PLANE('',#6070);
#296=PLANE('',#6071);
#297=PLANE('',#6072);
#298=PLANE('',#6074);
#299=PLANE('',#6077);
#300=PLANE('',#6078);
#301=PLANE('',#6080);
#302=PLANE('',#6081);
#303=PLANE('',#6082);
#304=PLANE('',#6083);
#305=PLANE('',#6084);
#306=PLANE('',#6085);
#307=PLANE('',#6086);
#308=PLANE('',#6088);
#309=PLANE('',#6089);
#310=PLANE('',#6090);
#311=PLANE('',#6091);
#312=PLANE('',#6092);
#313=PLANE('',#6093);
#314=PLANE('',#6094);
#315=PLANE('',#6096);
#316=PLANE('',#6097);
#317=PLANE('',#6098);
#318=PLANE('',#6099);
#319=PLANE('',#6100);
#320=PLANE('',#6101);
#321=PLANE('',#6104);
#322=PLANE('',#6106);
#323=PLANE('',#6108);
#324=PLANE('',#6110);
#325=PLANE('',#6112);
#326=PLANE('',#6117);
#327=PLANE('',#6119);
#328=PLANE('',#6121);
#329=PLANE('',#6123);
#330=PLANE('',#6125);
#331=PLANE('',#6130);
#332=PLANE('',#6132);
#333=PLANE('',#6134);
#334=PLANE('',#6136);
#335=PLANE('',#6138);
#336=PLANE('',#6143);
#337=PLANE('',#6147);
#338=PLANE('',#6148);
#339=PLANE('',#6149);
#340=PLANE('',#6153);
#341=PLANE('',#6157);
#342=FACE_OUTER_BOUND('',#630,.T.);
#343=FACE_OUTER_BOUND('',#631,.T.);
#344=FACE_OUTER_BOUND('',#632,.T.);
#345=FACE_OUTER_BOUND('',#633,.T.);
#346=FACE_OUTER_BOUND('',#634,.T.);
#347=FACE_OUTER_BOUND('',#635,.T.);
#348=FACE_OUTER_BOUND('',#636,.T.);
#349=FACE_OUTER_BOUND('',#637,.T.);
#350=FACE_OUTER_BOUND('',#638,.T.);
#351=FACE_OUTER_BOUND('',#639,.T.);
#352=FACE_OUTER_BOUND('',#640,.T.);
#353=FACE_OUTER_BOUND('',#641,.T.);
#354=FACE_OUTER_BOUND('',#642,.T.);
#355=FACE_OUTER_BOUND('',#643,.T.);
#356=FACE_OUTER_BOUND('',#644,.T.);
#357=FACE_OUTER_BOUND('',#645,.T.);
#358=FACE_OUTER_BOUND('',#646,.T.);
#359=FACE_OUTER_BOUND('',#647,.T.);
#360=FACE_OUTER_BOUND('',#648,.T.);
#361=FACE_OUTER_BOUND('',#649,.T.);
#362=FACE_OUTER_BOUND('',#650,.T.);
#363=FACE_OUTER_BOUND('',#651,.T.);
#364=FACE_OUTER_BOUND('',#652,.T.);
#365=FACE_OUTER_BOUND('',#653,.T.);
#366=FACE_OUTER_BOUND('',#654,.T.);
#367=FACE_OUTER_BOUND('',#655,.T.);
#368=FACE_OUTER_BOUND('',#656,.T.);
#369=FACE_OUTER_BOUND('',#657,.T.);
#370=FACE_OUTER_BOUND('',#658,.T.);
#371=FACE_OUTER_BOUND('',#659,.T.);
#372=FACE_OUTER_BOUND('',#660,.T.);
#373=FACE_OUTER_BOUND('',#661,.T.);
#374=FACE_OUTER_BOUND('',#662,.T.);
#375=FACE_OUTER_BOUND('',#663,.T.);
#376=FACE_OUTER_BOUND('',#664,.T.);
#377=FACE_OUTER_BOUND('',#665,.T.);
#378=FACE_OUTER_BOUND('',#666,.T.);
#379=FACE_OUTER_BOUND('',#667,.T.);
#380=FACE_OUTER_BOUND('',#668,.T.);
#381=FACE_OUTER_BOUND('',#669,.T.);
#382=FACE_OUTER_BOUND('',#683,.T.);
#383=FACE_OUTER_BOUND('',#684,.T.);
#384=FACE_OUTER_BOUND('',#685,.T.);
#385=FACE_OUTER_BOUND('',#686,.T.);
#386=FACE_OUTER_BOUND('',#687,.T.);
#387=FACE_OUTER_BOUND('',#688,.T.);
#388=FACE_OUTER_BOUND('',#689,.T.);
#389=FACE_OUTER_BOUND('',#690,.T.);
#390=FACE_OUTER_BOUND('',#691,.T.);
#391=FACE_OUTER_BOUND('',#692,.T.);
#392=FACE_OUTER_BOUND('',#693,.T.);
#393=FACE_OUTER_BOUND('',#694,.T.);
#394=FACE_OUTER_BOUND('',#695,.T.);
#395=FACE_OUTER_BOUND('',#696,.T.);
#396=FACE_OUTER_BOUND('',#697,.T.);
#397=FACE_OUTER_BOUND('',#698,.T.);
#398=FACE_OUTER_BOUND('',#699,.T.);
#399=FACE_OUTER_BOUND('',#707,.T.);
#400=FACE_OUTER_BOUND('',#708,.T.);
#401=FACE_OUTER_BOUND('',#709,.T.);
#402=FACE_OUTER_BOUND('',#710,.T.);
#403=FACE_OUTER_BOUND('',#711,.T.);
#404=FACE_OUTER_BOUND('',#712,.T.);
#405=FACE_OUTER_BOUND('',#713,.T.);
#406=FACE_OUTER_BOUND('',#714,.T.);
#407=FACE_OUTER_BOUND('',#715,.T.);
#408=FACE_OUTER_BOUND('',#716,.T.);
#409=FACE_OUTER_BOUND('',#717,.T.);
#410=FACE_OUTER_BOUND('',#718,.T.);
#411=FACE_OUTER_BOUND('',#719,.T.);
#412=FACE_OUTER_BOUND('',#720,.T.);
#413=FACE_OUTER_BOUND('',#721,.T.);
#414=FACE_OUTER_BOUND('',#722,.T.);
#415=FACE_OUTER_BOUND('',#723,.T.);
#416=FACE_OUTER_BOUND('',#724,.T.);
#417=FACE_OUTER_BOUND('',#725,.T.);
#418=FACE_OUTER_BOUND('',#728,.T.);
#419=FACE_OUTER_BOUND('',#729,.T.);
#420=FACE_OUTER_BOUND('',#730,.T.);
#421=FACE_OUTER_BOUND('',#731,.T.);
#422=FACE_OUTER_BOUND('',#732,.T.);
#423=FACE_OUTER_BOUND('',#733,.T.);
#424=FACE_OUTER_BOUND('',#734,.T.);
#425=FACE_OUTER_BOUND('',#735,.T.);
#426=FACE_OUTER_BOUND('',#736,.T.);
#427=FACE_OUTER_BOUND('',#737,.T.);
#428=FACE_OUTER_BOUND('',#738,.T.);
#429=FACE_OUTER_BOUND('',#739,.T.);
#430=FACE_OUTER_BOUND('',#740,.T.);
#431=FACE_OUTER_BOUND('',#741,.T.);
#432=FACE_OUTER_BOUND('',#742,.T.);
#433=FACE_OUTER_BOUND('',#743,.T.);
#434=FACE_OUTER_BOUND('',#744,.T.);
#435=FACE_OUTER_BOUND('',#745,.T.);
#436=FACE_OUTER_BOUND('',#746,.T.);
#437=FACE_OUTER_BOUND('',#747,.T.);
#438=FACE_OUTER_BOUND('',#748,.T.);
#439=FACE_OUTER_BOUND('',#749,.T.);
#440=FACE_OUTER_BOUND('',#750,.T.);
#441=FACE_OUTER_BOUND('',#751,.T.);
#442=FACE_OUTER_BOUND('',#752,.T.);
#443=FACE_OUTER_BOUND('',#753,.T.);
#444=FACE_OUTER_BOUND('',#754,.T.);
#445=FACE_OUTER_BOUND('',#755,.T.);
#446=FACE_OUTER_BOUND('',#756,.T.);
#447=FACE_OUTER_BOUND('',#757,.T.);
#448=FACE_OUTER_BOUND('',#758,.T.);
#449=FACE_OUTER_BOUND('',#759,.T.);
#450=FACE_OUTER_BOUND('',#760,.T.);
#451=FACE_OUTER_BOUND('',#761,.T.);
#452=FACE_OUTER_BOUND('',#762,.T.);
#453=FACE_OUTER_BOUND('',#763,.T.);
#454=FACE_OUTER_BOUND('',#764,.T.);
#455=FACE_OUTER_BOUND('',#766,.T.);
#456=FACE_OUTER_BOUND('',#768,.T.);
#457=FACE_OUTER_BOUND('',#769,.T.);
#458=FACE_OUTER_BOUND('',#770,.T.);
#459=FACE_OUTER_BOUND('',#771,.T.);
#460=FACE_OUTER_BOUND('',#772,.T.);
#461=FACE_OUTER_BOUND('',#773,.T.);
#462=FACE_OUTER_BOUND('',#774,.T.);
#463=FACE_OUTER_BOUND('',#775,.T.);
#464=FACE_OUTER_BOUND('',#776,.T.);
#465=FACE_OUTER_BOUND('',#777,.T.);
#466=FACE_OUTER_BOUND('',#778,.T.);
#467=FACE_OUTER_BOUND('',#779,.T.);
#468=FACE_OUTER_BOUND('',#780,.T.);
#469=FACE_OUTER_BOUND('',#781,.T.);
#470=FACE_OUTER_BOUND('',#782,.T.);
#471=FACE_OUTER_BOUND('',#783,.T.);
#472=FACE_OUTER_BOUND('',#784,.T.);
#473=FACE_OUTER_BOUND('',#785,.T.);
#474=FACE_OUTER_BOUND('',#786,.T.);
#475=FACE_OUTER_BOUND('',#787,.T.);
#476=FACE_OUTER_BOUND('',#788,.T.);
#477=FACE_OUTER_BOUND('',#789,.T.);
#478=FACE_OUTER_BOUND('',#790,.T.);
#479=FACE_OUTER_BOUND('',#791,.T.);
#480=FACE_OUTER_BOUND('',#792,.T.);
#481=FACE_OUTER_BOUND('',#793,.T.);
#482=FACE_OUTER_BOUND('',#794,.T.);
#483=FACE_OUTER_BOUND('',#795,.T.);
#484=FACE_OUTER_BOUND('',#796,.T.);
#485=FACE_OUTER_BOUND('',#797,.T.);
#486=FACE_OUTER_BOUND('',#798,.T.);
#487=FACE_OUTER_BOUND('',#799,.T.);
#488=FACE_OUTER_BOUND('',#800,.T.);
#489=FACE_OUTER_BOUND('',#801,.T.);
#490=FACE_OUTER_BOUND('',#802,.T.);
#491=FACE_OUTER_BOUND('',#803,.T.);
#492=FACE_OUTER_BOUND('',#804,.T.);
#493=FACE_OUTER_BOUND('',#805,.T.);
#494=FACE_OUTER_BOUND('',#806,.T.);
#495=FACE_OUTER_BOUND('',#807,.T.);
#496=FACE_OUTER_BOUND('',#808,.T.);
#497=FACE_OUTER_BOUND('',#809,.T.);
#498=FACE_OUTER_BOUND('',#810,.T.);
#499=FACE_OUTER_BOUND('',#811,.T.);
#500=FACE_OUTER_BOUND('',#812,.T.);
#501=FACE_OUTER_BOUND('',#813,.T.);
#502=FACE_OUTER_BOUND('',#814,.T.);
#503=FACE_OUTER_BOUND('',#815,.T.);
#504=FACE_OUTER_BOUND('',#816,.T.);
#505=FACE_OUTER_BOUND('',#817,.T.);
#506=FACE_OUTER_BOUND('',#818,.T.);
#507=FACE_OUTER_BOUND('',#819,.T.);
#508=FACE_OUTER_BOUND('',#820,.T.);
#509=FACE_OUTER_BOUND('',#821,.T.);
#510=FACE_OUTER_BOUND('',#822,.T.);
#511=FACE_OUTER_BOUND('',#823,.T.);
#512=FACE_OUTER_BOUND('',#824,.T.);
#513=FACE_OUTER_BOUND('',#825,.T.);
#514=FACE_OUTER_BOUND('',#826,.T.);
#515=FACE_OUTER_BOUND('',#827,.T.);
#516=FACE_OUTER_BOUND('',#828,.T.);
#517=FACE_OUTER_BOUND('',#829,.T.);
#518=FACE_OUTER_BOUND('',#830,.T.);
#519=FACE_OUTER_BOUND('',#831,.T.);
#520=FACE_OUTER_BOUND('',#832,.T.);
#521=FACE_OUTER_BOUND('',#835,.T.);
#522=FACE_OUTER_BOUND('',#836,.T.);
#523=FACE_OUTER_BOUND('',#837,.T.);
#524=FACE_OUTER_BOUND('',#838,.T.);
#525=FACE_OUTER_BOUND('',#839,.T.);
#526=FACE_OUTER_BOUND('',#840,.T.);
#527=FACE_OUTER_BOUND('',#841,.T.);
#528=FACE_OUTER_BOUND('',#842,.T.);
#529=FACE_OUTER_BOUND('',#843,.T.);
#530=FACE_OUTER_BOUND('',#844,.T.);
#531=FACE_OUTER_BOUND('',#845,.T.);
#532=FACE_OUTER_BOUND('',#846,.T.);
#533=FACE_OUTER_BOUND('',#847,.T.);
#534=FACE_OUTER_BOUND('',#848,.T.);
#535=FACE_OUTER_BOUND('',#849,.T.);
#536=FACE_OUTER_BOUND('',#850,.T.);
#537=FACE_OUTER_BOUND('',#851,.T.);
#538=FACE_OUTER_BOUND('',#852,.T.);
#539=FACE_OUTER_BOUND('',#853,.T.);
#540=FACE_OUTER_BOUND('',#854,.T.);
#541=FACE_OUTER_BOUND('',#855,.T.);
#542=FACE_OUTER_BOUND('',#856,.T.);
#543=FACE_OUTER_BOUND('',#857,.T.);
#544=FACE_OUTER_BOUND('',#858,.T.);
#545=FACE_OUTER_BOUND('',#859,.T.);
#546=FACE_OUTER_BOUND('',#860,.T.);
#547=FACE_OUTER_BOUND('',#861,.T.);
#548=FACE_OUTER_BOUND('',#862,.T.);
#549=FACE_OUTER_BOUND('',#863,.T.);
#550=FACE_OUTER_BOUND('',#864,.T.);
#551=FACE_OUTER_BOUND('',#865,.T.);
#552=FACE_OUTER_BOUND('',#866,.T.);
#553=FACE_OUTER_BOUND('',#867,.T.);
#554=FACE_OUTER_BOUND('',#868,.T.);
#555=FACE_OUTER_BOUND('',#870,.T.);
#556=FACE_OUTER_BOUND('',#871,.T.);
#557=FACE_OUTER_BOUND('',#872,.T.);
#558=FACE_OUTER_BOUND('',#873,.T.);
#559=FACE_OUTER_BOUND('',#874,.T.);
#560=FACE_OUTER_BOUND('',#875,.T.);
#561=FACE_OUTER_BOUND('',#876,.T.);
#562=FACE_OUTER_BOUND('',#878,.T.);
#563=FACE_OUTER_BOUND('',#879,.T.);
#564=FACE_OUTER_BOUND('',#880,.T.);
#565=FACE_OUTER_BOUND('',#881,.T.);
#566=FACE_OUTER_BOUND('',#882,.T.);
#567=FACE_OUTER_BOUND('',#883,.T.);
#568=FACE_OUTER_BOUND('',#884,.T.);
#569=FACE_OUTER_BOUND('',#889,.T.);
#570=FACE_OUTER_BOUND('',#890,.T.);
#571=FACE_OUTER_BOUND('',#891,.T.);
#572=FACE_OUTER_BOUND('',#892,.T.);
#573=FACE_OUTER_BOUND('',#893,.T.);
#574=FACE_OUTER_BOUND('',#894,.T.);
#575=FACE_OUTER_BOUND('',#895,.T.);
#576=FACE_OUTER_BOUND('',#896,.T.);
#577=FACE_OUTER_BOUND('',#897,.T.);
#578=FACE_OUTER_BOUND('',#898,.T.);
#579=FACE_OUTER_BOUND('',#899,.T.);
#580=FACE_OUTER_BOUND('',#900,.T.);
#581=FACE_OUTER_BOUND('',#901,.T.);
#582=FACE_OUTER_BOUND('',#902,.T.);
#583=FACE_OUTER_BOUND('',#903,.T.);
#584=FACE_OUTER_BOUND('',#904,.T.);
#585=FACE_OUTER_BOUND('',#905,.T.);
#586=FACE_OUTER_BOUND('',#906,.T.);
#587=FACE_OUTER_BOUND('',#907,.T.);
#588=FACE_OUTER_BOUND('',#908,.T.);
#589=FACE_OUTER_BOUND('',#909,.T.);
#590=FACE_OUTER_BOUND('',#910,.T.);
#591=FACE_OUTER_BOUND('',#911,.T.);
#592=FACE_OUTER_BOUND('',#912,.T.);
#593=FACE_OUTER_BOUND('',#913,.T.);
#594=FACE_OUTER_BOUND('',#914,.T.);
#595=FACE_OUTER_BOUND('',#915,.T.);
#596=FACE_OUTER_BOUND('',#916,.T.);
#597=FACE_OUTER_BOUND('',#917,.T.);
#598=FACE_OUTER_BOUND('',#918,.T.);
#599=FACE_OUTER_BOUND('',#919,.T.);
#600=FACE_OUTER_BOUND('',#920,.T.);
#601=FACE_OUTER_BOUND('',#921,.T.);
#602=FACE_OUTER_BOUND('',#922,.T.);
#603=FACE_OUTER_BOUND('',#923,.T.);
#604=FACE_OUTER_BOUND('',#924,.T.);
#605=FACE_OUTER_BOUND('',#925,.T.);
#606=FACE_OUTER_BOUND('',#926,.T.);
#607=FACE_OUTER_BOUND('',#927,.T.);
#608=FACE_OUTER_BOUND('',#928,.T.);
#609=FACE_OUTER_BOUND('',#929,.T.);
#610=FACE_OUTER_BOUND('',#930,.T.);
#611=FACE_OUTER_BOUND('',#931,.T.);
#612=FACE_OUTER_BOUND('',#932,.T.);
#613=FACE_OUTER_BOUND('',#933,.T.);
#614=FACE_OUTER_BOUND('',#934,.T.);
#615=FACE_OUTER_BOUND('',#935,.T.);
#616=FACE_OUTER_BOUND('',#936,.T.);
#617=FACE_OUTER_BOUND('',#937,.T.);
#618=FACE_OUTER_BOUND('',#938,.T.);
#619=FACE_OUTER_BOUND('',#939,.T.);
#620=FACE_OUTER_BOUND('',#940,.T.);
#621=FACE_OUTER_BOUND('',#941,.T.);
#622=FACE_OUTER_BOUND('',#942,.T.);
#623=FACE_OUTER_BOUND('',#943,.T.);
#624=FACE_OUTER_BOUND('',#944,.T.);
#625=FACE_OUTER_BOUND('',#945,.T.);
#626=FACE_OUTER_BOUND('',#946,.T.);
#627=FACE_OUTER_BOUND('',#947,.T.);
#628=FACE_OUTER_BOUND('',#948,.T.);
#629=FACE_OUTER_BOUND('',#949,.T.);
#630=EDGE_LOOP('',(#3639,#3640,#3641,#3642,#3643));
#631=EDGE_LOOP('',(#3644,#3645,#3646,#3647));
#632=EDGE_LOOP('',(#3648,#3649,#3650,#3651,#3652));
#633=EDGE_LOOP('',(#3653,#3654,#3655,#3656));
#634=EDGE_LOOP('',(#3657,#3658,#3659,#3660,#3661,#3662,#3663,#3664));
#635=EDGE_LOOP('',(#3665,#3666,#3667,#3668));
#636=EDGE_LOOP('',(#3669));
#637=EDGE_LOOP('',(#3670,#3671,#3672,#3673));
#638=EDGE_LOOP('',(#3674));
#639=EDGE_LOOP('',(#3675,#3676,#3677,#3678,#3679,#3680,#3681,#3682,#3683,
#3684,#3685,#3686,#3687,#3688,#3689,#3690));
#640=EDGE_LOOP('',(#3691,#3692,#3693));
#641=EDGE_LOOP('',(#3694,#3695,#3696));
#642=EDGE_LOOP('',(#3697,#3698,#3699));
#643=EDGE_LOOP('',(#3700,#3701,#3702));
#644=EDGE_LOOP('',(#3703,#3704,#3705));
#645=EDGE_LOOP('',(#3706,#3707,#3708,#3709));
#646=EDGE_LOOP('',(#3710,#3711,#3712,#3713,#3714,#3715,#3716,#3717,#3718,
#3719,#3720,#3721,#3722,#3723,#3724,#3725));
#647=EDGE_LOOP('',(#3726,#3727,#3728));
#648=EDGE_LOOP('',(#3729,#3730,#3731));
#649=EDGE_LOOP('',(#3732,#3733,#3734));
#650=EDGE_LOOP('',(#3735,#3736,#3737));
#651=EDGE_LOOP('',(#3738,#3739,#3740));
#652=EDGE_LOOP('',(#3741,#3742,#3743,#3744));
#653=EDGE_LOOP('',(#3745,#3746,#3747,#3748,#3749,#3750));
#654=EDGE_LOOP('',(#3751,#3752,#3753,#3754,#3755,#3756));
#655=EDGE_LOOP('',(#3757,#3758,#3759,#3760,#3761,#3762,#3763));
#656=EDGE_LOOP('',(#3764,#3765,#3766,#3767,#3768,#3769));
#657=EDGE_LOOP('',(#3770,#3771,#3772,#3773,#3774,#3775));
#658=EDGE_LOOP('',(#3776,#3777,#3778,#3779,#3780,#3781));
#659=EDGE_LOOP('',(#3782,#3783,#3784));
#660=EDGE_LOOP('',(#3785,#3786,#3787,#3788,#3789,#3790));
#661=EDGE_LOOP('',(#3791,#3792,#3793,#3794,#3795,#3796));
#662=EDGE_LOOP('',(#3797,#3798,#3799,#3800,#3801,#3802));
#663=EDGE_LOOP('',(#3803,#3804,#3805,#3806,#3807,#3808,#3809));
#664=EDGE_LOOP('',(#3810,#3811,#3812,#3813,#3814,#3815));
#665=EDGE_LOOP('',(#3816,#3817,#3818,#3819,#3820,#3821));
#666=EDGE_LOOP('',(#3822,#3823,#3824));
#667=EDGE_LOOP('',(#3825,#3826,#3827,#3828));
#668=EDGE_LOOP('',(#3829,#3830,#3831,#3832));
#669=EDGE_LOOP('',(#3833,#3834,#3835,#3836,#3837,#3838,#3839,#3840,#3841,
#3842,#3843,#3844,#3845,#3846,#3847,#3848,#3849,#3850,#3851,#3852,#3853,
#3854,#3855,#3856,#3857,#3858,#3859,#3860,#3861,#3862,#3863,#3864,#3865,
#3866));
#670=EDGE_LOOP('',(#3867,#3868,#3869,#3870));
#671=EDGE_LOOP('',(#3871,#3872,#3873,#3874,#3875,#3876));
#672=EDGE_LOOP('',(#3877,#3878,#3879,#3880,#3881,#3882));
#673=EDGE_LOOP('',(#3883,#3884,#3885,#3886,#3887,#3888));
#674=EDGE_LOOP('',(#3889,#3890,#3891,#3892,#3893,#3894));
#675=EDGE_LOOP('',(#3895));
#676=EDGE_LOOP('',(#3896));
#677=EDGE_LOOP('',(#3897,#3898,#3899,#3900,#3901,#3902));
#678=EDGE_LOOP('',(#3903,#3904,#3905,#3906,#3907,#3908));
#679=EDGE_LOOP('',(#3909,#3910,#3911,#3912,#3913,#3914));
#680=EDGE_LOOP('',(#3915,#3916,#3917,#3918,#3919,#3920));
#681=EDGE_LOOP('',(#3921,#3922,#3923,#3924,#3925,#3926));
#682=EDGE_LOOP('',(#3927,#3928,#3929,#3930,#3931,#3932));
#683=EDGE_LOOP('',(#3933,#3934,#3935,#3936));
#684=EDGE_LOOP('',(#3937,#3938,#3939,#3940));
#685=EDGE_LOOP('',(#3941,#3942,#3943,#3944));
#686=EDGE_LOOP('',(#3945,#3946,#3947,#3948,#3949,#3950));
#687=EDGE_LOOP('',(#3951,#3952,#3953,#3954));
#688=EDGE_LOOP('',(#3955,#3956,#3957,#3958));
#689=EDGE_LOOP('',(#3959,#3960,#3961,#3962,#3963,#3964));
#690=EDGE_LOOP('',(#3965,#3966,#3967,#3968));
#691=EDGE_LOOP('',(#3969,#3970,#3971,#3972));
#692=EDGE_LOOP('',(#3973,#3974,#3975,#3976));
#693=EDGE_LOOP('',(#3977,#3978,#3979,#3980));
#694=EDGE_LOOP('',(#3981,#3982,#3983,#3984,#3985,#3986,#3987,#3988));
#695=EDGE_LOOP('',(#3989,#3990,#3991,#3992));
#696=EDGE_LOOP('',(#3993,#3994,#3995,#3996));
#697=EDGE_LOOP('',(#3997,#3998,#3999,#4000,#4001,#4002));
#698=EDGE_LOOP('',(#4003,#4004,#4005,#4006,#4007,#4008));
#699=EDGE_LOOP('',(#4009,#4010,#4011,#4012,#4013,#4014,#4015,#4016,#4017,
#4018,#4019,#4020,#4021,#4022,#4023,#4024,#4025,#4026,#4027,#4028,#4029,
#4030,#4031,#4032,#4033,#4034,#4035,#4036,#4037,#4038,#4039,#4040,#4041,
#4042,#4043,#4044,#4045,#4046,#4047,#4048,#4049,#4050,#4051,#4052,#4053,
#4054,#4055,#4056,#4057,#4058,#4059,#4060,#4061,#4062,#4063));
#700=EDGE_LOOP('',(#4064));
#701=EDGE_LOOP('',(#4065));
#702=EDGE_LOOP('',(#4066));
#703=EDGE_LOOP('',(#4067));
#704=EDGE_LOOP('',(#4068));
#705=EDGE_LOOP('',(#4069,#4070,#4071,#4072,#4073,#4074,#4075,#4076));
#706=EDGE_LOOP('',(#4077));
#707=EDGE_LOOP('',(#4078,#4079,#4080,#4081,#4082,#4083));
#708=EDGE_LOOP('',(#4084,#4085,#4086,#4087));
#709=EDGE_LOOP('',(#4088,#4089,#4090,#4091));
#710=EDGE_LOOP('',(#4092,#4093,#4094,#4095));
#711=EDGE_LOOP('',(#4096,#4097,#4098,#4099,#4100));
#712=EDGE_LOOP('',(#4101,#4102,#4103,#4104,#4105));
#713=EDGE_LOOP('',(#4106,#4107,#4108,#4109));
#714=EDGE_LOOP('',(#4110,#4111,#4112,#4113,#4114));
#715=EDGE_LOOP('',(#4115,#4116,#4117,#4118,#4119,#4120,#4121,#4122));
#716=EDGE_LOOP('',(#4123,#4124,#4125,#4126,#4127,#4128,#4129,#4130));
#717=EDGE_LOOP('',(#4131,#4132,#4133,#4134,#4135));
#718=EDGE_LOOP('',(#4136,#4137,#4138,#4139));
#719=EDGE_LOOP('',(#4140,#4141,#4142,#4143,#4144,#4145,#4146,#4147));
#720=EDGE_LOOP('',(#4148,#4149,#4150,#4151));
#721=EDGE_LOOP('',(#4152,#4153,#4154,#4155,#4156,#4157,#4158,#4159));
#722=EDGE_LOOP('',(#4160,#4161,#4162,#4163));
#723=EDGE_LOOP('',(#4164,#4165,#4166,#4167));
#724=EDGE_LOOP('',(#4168,#4169,#4170,#4171,#4172));
#725=EDGE_LOOP('',(#4173,#4174,#4175,#4176,#4177,#4178,#4179,#4180,#4181,
#4182,#4183,#4184,#4185,#4186,#4187,#4188));
#726=EDGE_LOOP('',(#4189));
#727=EDGE_LOOP('',(#4190));
#728=EDGE_LOOP('',(#4191,#4192,#4193,#4194,#4195));
#729=EDGE_LOOP('',(#4196,#4197,#4198,#4199));
#730=EDGE_LOOP('',(#4200,#4201,#4202,#4203,#4204));
#731=EDGE_LOOP('',(#4205,#4206,#4207,#4208));
#732=EDGE_LOOP('',(#4209,#4210,#4211,#4212,#4213));
#733=EDGE_LOOP('',(#4214,#4215,#4216,#4217,#4218));
#734=EDGE_LOOP('',(#4219,#4220,#4221,#4222,#4223));
#735=EDGE_LOOP('',(#4224,#4225,#4226,#4227,#4228));
#736=EDGE_LOOP('',(#4229,#4230,#4231));
#737=EDGE_LOOP('',(#4232,#4233,#4234));
#738=EDGE_LOOP('',(#4235,#4236,#4237));
#739=EDGE_LOOP('',(#4238,#4239,#4240));
#740=EDGE_LOOP('',(#4241,#4242,#4243));
#741=EDGE_LOOP('',(#4244,#4245,#4246,#4247));
#742=EDGE_LOOP('',(#4248,#4249,#4250));
#743=EDGE_LOOP('',(#4251,#4252,#4253));
#744=EDGE_LOOP('',(#4254,#4255,#4256));
#745=EDGE_LOOP('',(#4257,#4258,#4259));
#746=EDGE_LOOP('',(#4260,#4261,#4262));
#747=EDGE_LOOP('',(#4263,#4264,#4265,#4266));
#748=EDGE_LOOP('',(#4267,#4268,#4269,#4270,#4271,#4272,#4273,#4274,#4275,
#4276,#4277,#4278,#4279,#4280,#4281,#4282));
#749=EDGE_LOOP('',(#4283,#4284,#4285,#4286,#4287,#4288,#4289,#4290,#4291,
#4292,#4293,#4294,#4295,#4296,#4297,#4298));
#750=EDGE_LOOP('',(#4299,#4300,#4301,#4302,#4303,#4304));
#751=EDGE_LOOP('',(#4305,#4306,#4307,#4308,#4309,#4310));
#752=EDGE_LOOP('',(#4311,#4312,#4313,#4314,#4315,#4316));
#753=EDGE_LOOP('',(#4317,#4318,#4319,#4320,#4321,#4322));
#754=EDGE_LOOP('',(#4323,#4324,#4325,#4326,#4327,#4328));
#755=EDGE_LOOP('',(#4329,#4330,#4331,#4332,#4333,#4334));
#756=EDGE_LOOP('',(#4335,#4336,#4337,#4338,#4339,#4340));
#757=EDGE_LOOP('',(#4341,#4342,#4343,#4344,#4345,#4346));
#758=EDGE_LOOP('',(#4347,#4348,#4349,#4350,#4351,#4352));
#759=EDGE_LOOP('',(#4353,#4354,#4355,#4356,#4357,#4358));
#760=EDGE_LOOP('',(#4359,#4360,#4361,#4362,#4363,#4364));
#761=EDGE_LOOP('',(#4365,#4366,#4367,#4368,#4369,#4370));
#762=EDGE_LOOP('',(#4371,#4372,#4373,#4374));
#763=EDGE_LOOP('',(#4375,#4376,#4377,#4378));
#764=EDGE_LOOP('',(#4379));
#765=EDGE_LOOP('',(#4380));
#766=EDGE_LOOP('',(#4381));
#767=EDGE_LOOP('',(#4382));
#768=EDGE_LOOP('',(#4383,#4384,#4385,#4386,#4387));
#769=EDGE_LOOP('',(#4388,#4389,#4390,#4391));
#770=EDGE_LOOP('',(#4392,#4393,#4394,#4395));
#771=EDGE_LOOP('',(#4396,#4397,#4398,#4399,#4400));
#772=EDGE_LOOP('',(#4401,#4402,#4403,#4404,#4405));
#773=EDGE_LOOP('',(#4406,#4407,#4408,#4409));
#774=EDGE_LOOP('',(#4410,#4411,#4412,#4413));
#775=EDGE_LOOP('',(#4414,#4415,#4416,#4417));
#776=EDGE_LOOP('',(#4418,#4419,#4420,#4421));
#777=EDGE_LOOP('',(#4422,#4423,#4424,#4425));
#778=EDGE_LOOP('',(#4426,#4427,#4428,#4429,#4430,#4431,#4432,#4433,#4434,
#4435,#4436,#4437,#4438,#4439,#4440,#4441));
#779=EDGE_LOOP('',(#4442,#4443,#4444));
#780=EDGE_LOOP('',(#4445,#4446,#4447));
#781=EDGE_LOOP('',(#4448,#4449,#4450));
#782=EDGE_LOOP('',(#4451,#4452,#4453));
#783=EDGE_LOOP('',(#4454,#4455,#4456));
#784=EDGE_LOOP('',(#4457,#4458,#4459,#4460));
#785=EDGE_LOOP('',(#4461,#4462,#4463,#4464,#4465,#4466,#4467,#4468,#4469,
#4470,#4471,#4472,#4473,#4474,#4475,#4476,#4477));
#786=EDGE_LOOP('',(#4478,#4479,#4480));
#787=EDGE_LOOP('',(#4481,#4482,#4483));
#788=EDGE_LOOP('',(#4484,#4485,#4486));
#789=EDGE_LOOP('',(#4487,#4488,#4489));
#790=EDGE_LOOP('',(#4490,#4491,#4492));
#791=EDGE_LOOP('',(#4493,#4494,#4495,#4496,#4497));
#792=EDGE_LOOP('',(#4498,#4499,#4500,#4501,#4502,#4503,#4504,#4505,#4506,
#4507,#4508,#4509,#4510,#4511,#4512,#4513));
#793=EDGE_LOOP('',(#4514,#4515,#4516));
#794=EDGE_LOOP('',(#4517,#4518,#4519));
#795=EDGE_LOOP('',(#4520,#4521,#4522));
#796=EDGE_LOOP('',(#4523,#4524,#4525));
#797=EDGE_LOOP('',(#4526,#4527,#4528));
#798=EDGE_LOOP('',(#4529,#4530,#4531,#4532));
#799=EDGE_LOOP('',(#4533,#4534,#4535,#4536,#4537,#4538));
#800=EDGE_LOOP('',(#4539,#4540,#4541,#4542,#4543,#4544));
#801=EDGE_LOOP('',(#4545,#4546,#4547,#4548,#4549,#4550));
#802=EDGE_LOOP('',(#4551,#4552,#4553,#4554,#4555,#4556));
#803=EDGE_LOOP('',(#4557,#4558,#4559,#4560,#4561,#4562));
#804=EDGE_LOOP('',(#4563,#4564,#4565,#4566,#4567,#4568,#4569));
#805=EDGE_LOOP('',(#4570,#4571,#4572));
#806=EDGE_LOOP('',(#4573,#4574,#4575,#4576,#4577,#4578));
#807=EDGE_LOOP('',(#4579,#4580,#4581,#4582,#4583,#4584));
#808=EDGE_LOOP('',(#4585,#4586,#4587,#4588,#4589,#4590));
#809=EDGE_LOOP('',(#4591,#4592,#4593,#4594,#4595,#4596));
#810=EDGE_LOOP('',(#4597,#4598,#4599,#4600,#4601,#4602));
#811=EDGE_LOOP('',(#4603,#4604,#4605,#4606,#4607,#4608,#4609));
#812=EDGE_LOOP('',(#4610,#4611,#4612));
#813=EDGE_LOOP('',(#4613,#4614,#4615,#4616,#4617,#4618));
#814=EDGE_LOOP('',(#4619,#4620,#4621,#4622,#4623,#4624));
#815=EDGE_LOOP('',(#4625,#4626,#4627,#4628,#4629,#4630));
#816=EDGE_LOOP('',(#4631,#4632,#4633,#4634,#4635,#4636));
#817=EDGE_LOOP('',(#4637,#4638,#4639,#4640,#4641,#4642));
#818=EDGE_LOOP('',(#4643,#4644,#4645,#4646,#4647,#4648,#4649));
#819=EDGE_LOOP('',(#4650,#4651,#4652));
#820=EDGE_LOOP('',(#4653,#4654,#4655,#4656));
#821=EDGE_LOOP('',(#4657,#4658,#4659,#4660));
#822=EDGE_LOOP('',(#4661,#4662,#4663,#4664));
#823=EDGE_LOOP('',(#4665,#4666,#4667,#4668,#4669));
#824=EDGE_LOOP('',(#4670,#4671,#4672,#4673));
#825=EDGE_LOOP('',(#4674,#4675,#4676,#4677));
#826=EDGE_LOOP('',(#4678,#4679,#4680,#4681));
#827=EDGE_LOOP('',(#4682,#4683,#4684,#4685));
#828=EDGE_LOOP('',(#4686,#4687,#4688,#4689));
#829=EDGE_LOOP('',(#4690,#4691,#4692,#4693));
#830=EDGE_LOOP('',(#4694,#4695));
#831=EDGE_LOOP('',(#4696,#4697,#4698,#4699,#4700));
#832=EDGE_LOOP('',(#4701,#4702,#4703,#4704,#4705,#4706,#4707,#4708,#4709,
#4710,#4711,#4712,#4713,#4714,#4715,#4716,#4717,#4718,#4719,#4720,#4721,
#4722,#4723,#4724,#4725,#4726,#4727,#4728,#4729,#4730));
#833=EDGE_LOOP('',(#4731));
#834=EDGE_LOOP('',(#4732));
#835=EDGE_LOOP('',(#4733,#4734));
#836=EDGE_LOOP('',(#4735,#4736,#4737,#4738));
#837=EDGE_LOOP('',(#4739,#4740,#4741,#4742));
#838=EDGE_LOOP('',(#4743,#4744,#4745,#4746));
#839=EDGE_LOOP('',(#4747,#4748,#4749,#4750));
#840=EDGE_LOOP('',(#4751,#4752,#4753,#4754));
#841=EDGE_LOOP('',(#4755,#4756,#4757,#4758));
#842=EDGE_LOOP('',(#4759,#4760,#4761,#4762));
#843=EDGE_LOOP('',(#4763,#4764,#4765,#4766));
#844=EDGE_LOOP('',(#4767,#4768,#4769,#4770));
#845=EDGE_LOOP('',(#4771,#4772,#4773,#4774));
#846=EDGE_LOOP('',(#4775,#4776,#4777,#4778,#4779));
#847=EDGE_LOOP('',(#4780,#4781,#4782,#4783,#4784));
#848=EDGE_LOOP('',(#4785,#4786,#4787,#4788));
#849=EDGE_LOOP('',(#4789,#4790,#4791,#4792));
#850=EDGE_LOOP('',(#4793,#4794,#4795,#4796));
#851=EDGE_LOOP('',(#4797,#4798,#4799,#4800));
#852=EDGE_LOOP('',(#4801,#4802,#4803,#4804));
#853=EDGE_LOOP('',(#4805,#4806,#4807,#4808));
#854=EDGE_LOOP('',(#4809,#4810,#4811,#4812));
#855=EDGE_LOOP('',(#4813,#4814,#4815,#4816));
#856=EDGE_LOOP('',(#4817,#4818,#4819,#4820));
#857=EDGE_LOOP('',(#4821,#4822,#4823,#4824));
#858=EDGE_LOOP('',(#4825,#4826,#4827,#4828));
#859=EDGE_LOOP('',(#4829,#4830,#4831,#4832,#4833,#4834,#4835,#4836));
#860=EDGE_LOOP('',(#4837,#4838,#4839,#4840));
#861=EDGE_LOOP('',(#4841,#4842,#4843,#4844));
#862=EDGE_LOOP('',(#4845,#4846,#4847,#4848));
#863=EDGE_LOOP('',(#4849,#4850,#4851,#4852));
#864=EDGE_LOOP('',(#4853,#4854,#4855,#4856));
#865=EDGE_LOOP('',(#4857,#4858,#4859,#4860));
#866=EDGE_LOOP('',(#4861,#4862,#4863,#4864,#4865));
#867=EDGE_LOOP('',(#4866,#4867,#4868,#4869,#4870));
#868=EDGE_LOOP('',(#4871,#4872,#4873,#4874,#4875,#4876));
#869=EDGE_LOOP('',(#4877));
#870=EDGE_LOOP('',(#4878,#4879,#4880,#4881));
#871=EDGE_LOOP('',(#4882,#4883,#4884,#4885));
#872=EDGE_LOOP('',(#4886,#4887,#4888,#4889));
#873=EDGE_LOOP('',(#4890,#4891,#4892,#4893));
#874=EDGE_LOOP('',(#4894,#4895,#4896,#4897));
#875=EDGE_LOOP('',(#4898,#4899,#4900,#4901));
#876=EDGE_LOOP('',(#4902,#4903,#4904,#4905,#4906,#4907));
#877=EDGE_LOOP('',(#4908));
#878=EDGE_LOOP('',(#4909,#4910,#4911,#4912));
#879=EDGE_LOOP('',(#4913,#4914,#4915,#4916));
#880=EDGE_LOOP('',(#4917,#4918,#4919,#4920));
#881=EDGE_LOOP('',(#4921,#4922,#4923,#4924));
#882=EDGE_LOOP('',(#4925,#4926,#4927,#4928));
#883=EDGE_LOOP('',(#4929,#4930,#4931,#4932));
#884=EDGE_LOOP('',(#4933,#4934,#4935,#4936,#4937,#4938,#4939,#4940,#4941,
#4942,#4943,#4944,#4945,#4946,#4947,#4948,#4949,#4950,#4951,#4952,#4953,
#4954,#4955,#4956,#4957,#4958,#4959,#4960,#4961,#4962,#4963,#4964,#4965,
#4966));
#885=EDGE_LOOP('',(#4967));
#886=EDGE_LOOP('',(#4968,#4969,#4970,#4971,#4972,#4973));
#887=EDGE_LOOP('',(#4974,#4975,#4976,#4977,#4978,#4979));
#888=EDGE_LOOP('',(#4980));
#889=EDGE_LOOP('',(#4981,#4982,#4983));
#890=EDGE_LOOP('',(#4984,#4985,#4986));
#891=EDGE_LOOP('',(#4987,#4988,#4989,#4990));
#892=EDGE_LOOP('',(#4991,#4992,#4993,#4994,#4995));
#893=EDGE_LOOP('',(#4996,#4997,#4998,#4999));
#894=EDGE_LOOP('',(#5000,#5001,#5002,#5003,#5004));
#895=EDGE_LOOP('',(#5005,#5006,#5007,#5008));
#896=EDGE_LOOP('',(#5009,#5010,#5011,#5012));
#897=EDGE_LOOP('',(#5013,#5014,#5015,#5016,#5017));
#898=EDGE_LOOP('',(#5018,#5019,#5020));
#899=EDGE_LOOP('',(#5021,#5022,#5023,#5024,#5025,#5026,#5027));
#900=EDGE_LOOP('',(#5028,#5029,#5030,#5031,#5032,#5033));
#901=EDGE_LOOP('',(#5034,#5035,#5036,#5037,#5038,#5039));
#902=EDGE_LOOP('',(#5040,#5041,#5042,#5043,#5044,#5045));
#903=EDGE_LOOP('',(#5046,#5047,#5048,#5049,#5050,#5051));
#904=EDGE_LOOP('',(#5052,#5053,#5054,#5055,#5056,#5057));
#905=EDGE_LOOP('',(#5058,#5059,#5060));
#906=EDGE_LOOP('',(#5061,#5062,#5063,#5064,#5065,#5066,#5067));
#907=EDGE_LOOP('',(#5068,#5069,#5070,#5071,#5072,#5073));
#908=EDGE_LOOP('',(#5074,#5075,#5076,#5077,#5078,#5079));
#909=EDGE_LOOP('',(#5080,#5081,#5082,#5083,#5084,#5085));
#910=EDGE_LOOP('',(#5086,#5087,#5088,#5089,#5090,#5091));
#911=EDGE_LOOP('',(#5092,#5093,#5094,#5095,#5096,#5097));
#912=EDGE_LOOP('',(#5098,#5099,#5100));
#913=EDGE_LOOP('',(#5101,#5102,#5103,#5104,#5105,#5106));
#914=EDGE_LOOP('',(#5107,#5108,#5109,#5110,#5111,#5112,#5113));
#915=EDGE_LOOP('',(#5114,#5115,#5116,#5117,#5118,#5119));
#916=EDGE_LOOP('',(#5120,#5121,#5122,#5123,#5124,#5125));
#917=EDGE_LOOP('',(#5126,#5127,#5128,#5129,#5130,#5131));
#918=EDGE_LOOP('',(#5132,#5133,#5134,#5135,#5136,#5137));
#919=EDGE_LOOP('',(#5138,#5139,#5140,#5141));
#920=EDGE_LOOP('',(#5142,#5143,#5144));
#921=EDGE_LOOP('',(#5145,#5146,#5147));
#922=EDGE_LOOP('',(#5148,#5149,#5150));
#923=EDGE_LOOP('',(#5151,#5152,#5153));
#924=EDGE_LOOP('',(#5154,#5155,#5156));
#925=EDGE_LOOP('',(#5157,#5158,#5159,#5160,#5161,#5162,#5163,#5164,#5165,
#5166,#5167,#5168,#5169,#5170,#5171,#5172));
#926=EDGE_LOOP('',(#5173,#5174,#5175,#5176));
#927=EDGE_LOOP('',(#5177,#5178,#5179));
#928=EDGE_LOOP('',(#5180,#5181,#5182));
#929=EDGE_LOOP('',(#5183,#5184,#5185));
#930=EDGE_LOOP('',(#5186,#5187,#5188));
#931=EDGE_LOOP('',(#5189,#5190,#5191));
#932=EDGE_LOOP('',(#5192,#5193,#5194,#5195,#5196,#5197,#5198,#5199,#5200,
#5201,#5202,#5203,#5204,#5205,#5206,#5207));
#933=EDGE_LOOP('',(#5208,#5209,#5210,#5211));
#934=EDGE_LOOP('',(#5212,#5213,#5214));
#935=EDGE_LOOP('',(#5215,#5216,#5217));
#936=EDGE_LOOP('',(#5218,#5219,#5220));
#937=EDGE_LOOP('',(#5221,#5222,#5223));
#938=EDGE_LOOP('',(#5224,#5225,#5226));
#939=EDGE_LOOP('',(#5227,#5228,#5229,#5230,#5231,#5232,#5233,#5234,#5235,
#5236,#5237,#5238,#5239,#5240,#5241,#5242));
#940=EDGE_LOOP('',(#5243,#5244,#5245,#5246));
#941=EDGE_LOOP('',(#5247,#5248,#5249,#5250));
#942=EDGE_LOOP('',(#5251,#5252,#5253,#5254));
#943=EDGE_LOOP('',(#5255,#5256,#5257,#5258,#5259,#5260,#5261,#5262));
#944=EDGE_LOOP('',(#5263,#5264,#5265,#5266));
#945=EDGE_LOOP('',(#5267,#5268,#5269,#5270,#5271,#5272,#5273,#5274,#5275,
#5276));
#946=EDGE_LOOP('',(#5277,#5278,#5279,#5280));
#947=EDGE_LOOP('',(#5281,#5282,#5283,#5284,#5285,#5286));
#948=EDGE_LOOP('',(#5287,#5288,#5289,#5290));
#949=EDGE_LOOP('',(#5291,#5292,#5293,#5294,#5295,#5296));
#950=ELLIPSE('',#5663,3.53553390593275,2.5);
#951=ELLIPSE('',#5667,3.53553390593275,2.5);
#952=ELLIPSE('',#5749,2.82842712474619,2.);
#953=ELLIPSE('',#5752,2.82842712474619,2.);
#954=ELLIPSE('',#5756,2.82842712474619,2.);
#955=ELLIPSE('',#5759,2.82842712474619,2.);
#956=ELLIPSE('',#5764,5.65685424949239,4.);
#957=ELLIPSE('',#5767,5.65685424949239,4.);
#958=ELLIPSE('',#5769,5.65685424949238,4.);
#959=ELLIPSE('',#5773,5.65685424949238,4.);
#960=ELLIPSE('',#6046,21.2132034355964,15.);
#961=ELLIPSE('',#6048,21.2132034355964,15.);
#962=LINE('',#7711,#1513);
#963=LINE('',#7716,#1514);
#964=LINE('',#7719,#1515);
#965=LINE('',#7721,#1516);
#966=LINE('',#7722,#1517);
#967=LINE('',#7729,#1518);
#968=LINE('',#7732,#1519);
#969=LINE('',#7733,#1520);
#970=LINE('',#7736,#1521);
#971=LINE('',#7738,#1522);
#972=LINE('',#7740,#1523);
#973=LINE('',#7742,#1524);
#974=LINE('',#7743,#1525);
#975=LINE('',#7748,#1526);
#976=LINE('',#7755,#1527);
#977=LINE('',#7762,#1528);
#978=LINE('',#7804,#1529);
#979=LINE('',#7805,#1530);
#980=LINE('',#7808,#1531);
#981=LINE('',#7809,#1532);
#982=LINE('',#7812,#1533);
#983=LINE('',#7813,#1534);
#984=LINE('',#7816,#1535);
#985=LINE('',#7817,#1536);
#986=LINE('',#7820,#1537);
#987=LINE('',#7821,#1538);
#988=LINE('',#7824,#1539);
#989=LINE('',#7830,#1540);
#990=LINE('',#7872,#1541);
#991=LINE('',#7873,#1542);
#992=LINE('',#7876,#1543);
#993=LINE('',#7877,#1544);
#994=LINE('',#7880,#1545);
#995=LINE('',#7881,#1546);
#996=LINE('',#7884,#1547);
#997=LINE('',#7885,#1548);
#998=LINE('',#7888,#1549);
#999=LINE('',#7889,#1550);
#1000=LINE('',#7892,#1551);
#1001=LINE('',#7897,#1552);
#1002=LINE('',#7898,#1553);
#1003=LINE('',#7900,#1554);
#1004=LINE('',#7901,#1555);
#1005=LINE('',#7904,#1556);
#1006=LINE('',#7905,#1557);
#1007=LINE('',#7908,#1558);
#1008=LINE('',#7909,#1559);
#1009=LINE('',#7912,#1560);
#1010=LINE('',#7913,#1561);
#1011=LINE('',#7916,#1562);
#1012=LINE('',#7917,#1563);
#1013=LINE('',#7919,#1564);
#1014=LINE('',#7920,#1565);
#1015=LINE('',#7925,#1566);
#1016=LINE('',#7927,#1567);
#1017=LINE('',#7928,#1568);
#1018=LINE('',#7929,#1569);
#1019=LINE('',#7932,#1570);
#1020=LINE('',#7933,#1571);
#1021=LINE('',#7934,#1572);
#1022=LINE('',#7937,#1573);
#1023=LINE('',#7938,#1574);
#1024=LINE('',#7941,#1575);
#1025=LINE('',#7942,#1576);
#1026=LINE('',#7945,#1577);
#1027=LINE('',#7946,#1578);
#1028=LINE('',#7948,#1579);
#1029=LINE('',#7955,#1580);
#1030=LINE('',#7958,#1581);
#1031=LINE('',#7961,#1582);
#1032=LINE('',#7963,#1583);
#1033=LINE('',#7964,#1584);
#1034=LINE('',#7967,#1585);
#1035=LINE('',#7975,#1586);
#1036=LINE('',#7979,#1587);
#1037=LINE('',#7983,#1588);
#1038=LINE('',#7987,#1589);
#1039=LINE('',#7991,#1590);
#1040=LINE('',#7995,#1591);
#1041=LINE('',#7999,#1592);
#1042=LINE('',#8001,#1593);
#1043=LINE('',#8003,#1594);
#1044=LINE('',#8007,#1595);
#1045=LINE('',#8011,#1596);
#1046=LINE('',#8013,#1597);
#1047=LINE('',#8015,#1598);
#1048=LINE('',#8019,#1599);
#1049=LINE('',#8023,#1600);
#1050=LINE('',#8027,#1601);
#1051=LINE('',#8031,#1602);
#1052=LINE('',#8033,#1603);
#1053=LINE('',#8035,#1604);
#1054=LINE('',#8037,#1605);
#1055=LINE('',#8039,#1606);
#1056=LINE('',#8040,#1607);
#1057=LINE('',#8043,#1608);
#1058=LINE('',#8045,#1609);
#1059=LINE('',#8047,#1610);
#1060=LINE('',#8049,#1611);
#1061=LINE('',#8051,#1612);
#1062=LINE('',#8052,#1613);
#1063=LINE('',#8059,#1614);
#1064=LINE('',#8061,#1615);
#1065=LINE('',#8063,#1616);
#1066=LINE('',#8065,#1617);
#1067=LINE('',#8067,#1618);
#1068=LINE('',#8068,#1619);
#1069=LINE('',#8071,#1620);
#1070=LINE('',#8073,#1621);
#1071=LINE('',#8075,#1622);
#1072=LINE('',#8077,#1623);
#1073=LINE('',#8079,#1624);
#1074=LINE('',#8080,#1625);
#1075=LINE('',#8083,#1626);
#1076=LINE('',#8085,#1627);
#1077=LINE('',#8087,#1628);
#1078=LINE('',#8089,#1629);
#1079=LINE('',#8091,#1630);
#1080=LINE('',#8092,#1631);
#1081=LINE('',#8095,#1632);
#1082=LINE('',#8097,#1633);
#1083=LINE('',#8099,#1634);
#1084=LINE('',#8101,#1635);
#1085=LINE('',#8103,#1636);
#1086=LINE('',#8104,#1637);
#1087=LINE('',#8107,#1638);
#1088=LINE('',#8109,#1639);
#1089=LINE('',#8111,#1640);
#1090=LINE('',#8113,#1641);
#1091=LINE('',#8115,#1642);
#1092=LINE('',#8116,#1643);
#1093=LINE('',#8119,#1644);
#1094=LINE('',#8121,#1645);
#1095=LINE('',#8123,#1646);
#1096=LINE('',#8125,#1647);
#1097=LINE('',#8127,#1648);
#1098=LINE('',#8128,#1649);
#1099=LINE('',#8133,#1650);
#1100=LINE('',#8134,#1651);
#1101=LINE('',#8140,#1652);
#1102=LINE('',#8143,#1653);
#1103=LINE('',#8148,#1654);
#1104=LINE('',#8149,#1655);
#1105=LINE('',#8152,#1656);
#1106=LINE('',#8153,#1657);
#1107=LINE('',#8154,#1658);
#1108=LINE('',#8157,#1659);
#1109=LINE('',#8159,#1660);
#1110=LINE('',#8160,#1661);
#1111=LINE('',#8164,#1662);
#1112=LINE('',#8167,#1663);
#1113=LINE('',#8169,#1664);
#1114=LINE('',#8171,#1665);
#1115=LINE('',#8172,#1666);
#1116=LINE('',#8177,#1667);
#1117=LINE('',#8181,#1668);
#1118=LINE('',#8183,#1669);
#1119=LINE('',#8184,#1670);
#1120=LINE('',#8190,#1671);
#1121=LINE('',#8193,#1672);
#1122=LINE('',#8195,#1673);
#1123=LINE('',#8196,#1674);
#1124=LINE('',#8203,#1675);
#1125=LINE('',#8207,#1676);
#1126=LINE('',#8209,#1677);
#1127=LINE('',#8210,#1678);
#1128=LINE('',#8219,#1679);
#1129=LINE('',#8223,#1680);
#1130=LINE('',#8227,#1681);
#1131=LINE('',#8231,#1682);
#1132=LINE('',#8233,#1683);
#1133=LINE('',#8235,#1684);
#1134=LINE('',#8237,#1685);
#1135=LINE('',#8239,#1686);
#1136=LINE('',#8241,#1687);
#1137=LINE('',#8243,#1688);
#1138=LINE('',#8245,#1689);
#1139=LINE('',#8247,#1690);
#1140=LINE('',#8249,#1691);
#1141=LINE('',#8251,#1692);
#1142=LINE('',#8253,#1693);
#1143=LINE('',#8255,#1694);
#1144=LINE('',#8257,#1695);
#1145=LINE('',#8259,#1696);
#1146=LINE('',#8261,#1697);
#1147=LINE('',#8263,#1698);
#1148=LINE('',#8265,#1699);
#1149=LINE('',#8267,#1700);
#1150=LINE('',#8269,#1701);
#1151=LINE('',#8271,#1702);
#1152=LINE('',#8273,#1703);
#1153=LINE('',#8275,#1704);
#1154=LINE('',#8277,#1705);
#1155=LINE('',#8279,#1706);
#1156=LINE('',#8281,#1707);
#1157=LINE('',#8283,#1708);
#1158=LINE('',#8285,#1709);
#1159=LINE('',#8287,#1710);
#1160=LINE('',#8289,#1711);
#1161=LINE('',#8294,#1712);
#1162=LINE('',#8296,#1713);
#1163=LINE('',#8303,#1714);
#1164=LINE('',#8307,#1715);
#1165=LINE('',#8311,#1716);
#1166=LINE('',#8315,#1717);
#1167=LINE('',#8318,#1718);
#1168=LINE('',#8320,#1719);
#1169=LINE('',#8323,#1720);
#1170=LINE('',#8334,#1721);
#1171=LINE('',#8339,#1722);
#1172=LINE('',#8340,#1723);
#1173=LINE('',#8345,#1724);
#1174=LINE('',#8346,#1725);
#1175=LINE('',#8349,#1726);
#1176=LINE('',#8351,#1727);
#1177=LINE('',#8353,#1728);
#1178=LINE('',#8354,#1729);
#1179=LINE('',#8357,#1730);
#1180=LINE('',#8359,#1731);
#1181=LINE('',#8360,#1732);
#1182=LINE('',#8361,#1733);
#1183=LINE('',#8364,#1734);
#1184=LINE('',#8366,#1735);
#1185=LINE('',#8368,#1736);
#1186=LINE('',#8370,#1737);
#1187=LINE('',#8371,#1738);
#1188=LINE('',#8374,#1739);
#1189=LINE('',#8375,#1740);
#1190=LINE('',#8377,#1741);
#1191=LINE('',#8380,#1742);
#1192=LINE('',#8382,#1743);
#1193=LINE('',#8384,#1744);
#1194=LINE('',#8386,#1745);
#1195=LINE('',#8388,#1746);
#1196=LINE('',#8390,#1747);
#1197=LINE('',#8391,#1748);
#1198=LINE('',#8394,#1749);
#1199=LINE('',#8399,#1750);
#1200=LINE('',#8401,#1751);
#1201=LINE('',#8402,#1752);
#1202=LINE('',#8404,#1753);
#1203=LINE('',#8406,#1754);
#1204=LINE('',#8407,#1755);
#1205=LINE('',#8412,#1756);
#1206=LINE('',#8414,#1757);
#1207=LINE('',#8415,#1758);
#1208=LINE('',#8418,#1759);
#1209=LINE('',#8420,#1760);
#1210=LINE('',#8421,#1761);
#1211=LINE('',#8423,#1762);
#1212=LINE('',#8425,#1763);
#1213=LINE('',#8427,#1764);
#1214=LINE('',#8429,#1765);
#1215=LINE('',#8431,#1766);
#1216=LINE('',#8433,#1767);
#1217=LINE('',#8435,#1768);
#1218=LINE('',#8436,#1769);
#1219=LINE('',#8442,#1770);
#1220=LINE('',#8444,#1771);
#1221=LINE('',#8445,#1772);
#1222=LINE('',#8448,#1773);
#1223=LINE('',#8449,#1774);
#1224=LINE('',#8452,#1775);
#1225=LINE('',#8453,#1776);
#1226=LINE('',#8456,#1777);
#1227=LINE('',#8457,#1778);
#1228=LINE('',#8459,#1779);
#1229=LINE('',#8467,#1780);
#1230=LINE('',#8468,#1781);
#1231=LINE('',#8474,#1782);
#1232=LINE('',#8475,#1783);
#1233=LINE('',#8481,#1784);
#1234=LINE('',#8482,#1785);
#1235=LINE('',#8488,#1786);
#1236=LINE('',#8489,#1787);
#1237=LINE('',#8495,#1788);
#1238=LINE('',#8496,#1789);
#1239=LINE('',#8504,#1790);
#1240=LINE('',#8505,#1791);
#1241=LINE('',#8511,#1792);
#1242=LINE('',#8512,#1793);
#1243=LINE('',#8518,#1794);
#1244=LINE('',#8519,#1795);
#1245=LINE('',#8525,#1796);
#1246=LINE('',#8526,#1797);
#1247=LINE('',#8532,#1798);
#1248=LINE('',#8533,#1799);
#1249=LINE('',#8539,#1800);
#1250=LINE('',#8540,#1801);
#1251=LINE('',#8548,#1802);
#1252=LINE('',#8549,#1803);
#1253=LINE('',#8553,#1804);
#1254=LINE('',#8575,#1805);
#1255=LINE('',#8595,#1806);
#1256=LINE('',#8596,#1807);
#1257=LINE('',#8598,#1808);
#1258=LINE('',#8600,#1809);
#1259=LINE('',#8602,#1810);
#1260=LINE('',#8604,#1811);
#1261=LINE('',#8607,#1812);
#1262=LINE('',#8608,#1813);
#1263=LINE('',#8610,#1814);
#1264=LINE('',#8612,#1815);
#1265=LINE('',#8614,#1816);
#1266=LINE('',#8616,#1817);
#1267=LINE('',#8620,#1818);
#1268=LINE('',#8624,#1819);
#1269=LINE('',#8633,#1820);
#1270=LINE('',#8635,#1821);
#1271=LINE('',#8637,#1822);
#1272=LINE('',#8643,#1823);
#1273=LINE('',#8644,#1824);
#1274=LINE('',#8646,#1825);
#1275=LINE('',#8648,#1826);
#1276=LINE('',#8653,#1827);
#1277=LINE('',#8695,#1828);
#1278=LINE('',#8696,#1829);
#1279=LINE('',#8699,#1830);
#1280=LINE('',#8700,#1831);
#1281=LINE('',#8703,#1832);
#1282=LINE('',#8704,#1833);
#1283=LINE('',#8707,#1834);
#1284=LINE('',#8708,#1835);
#1285=LINE('',#8711,#1836);
#1286=LINE('',#8712,#1837);
#1287=LINE('',#8715,#1838);
#1288=LINE('',#8722,#1839);
#1289=LINE('',#8765,#1840);
#1290=LINE('',#8766,#1841);
#1291=LINE('',#8769,#1842);
#1292=LINE('',#8770,#1843);
#1293=LINE('',#8773,#1844);
#1294=LINE('',#8774,#1845);
#1295=LINE('',#8777,#1846);
#1296=LINE('',#8778,#1847);
#1297=LINE('',#8781,#1848);
#1298=LINE('',#8782,#1849);
#1299=LINE('',#8784,#1850);
#1300=LINE('',#8789,#1851);
#1301=LINE('',#8831,#1852);
#1302=LINE('',#8832,#1853);
#1303=LINE('',#8835,#1854);
#1304=LINE('',#8836,#1855);
#1305=LINE('',#8839,#1856);
#1306=LINE('',#8840,#1857);
#1307=LINE('',#8843,#1858);
#1308=LINE('',#8844,#1859);
#1309=LINE('',#8847,#1860);
#1310=LINE('',#8848,#1861);
#1311=LINE('',#8850,#1862);
#1312=LINE('',#8852,#1863);
#1313=LINE('',#8853,#1864);
#1314=LINE('',#8855,#1865);
#1315=LINE('',#8858,#1866);
#1316=LINE('',#8859,#1867);
#1317=LINE('',#8861,#1868);
#1318=LINE('',#8862,#1869);
#1319=LINE('',#8864,#1870);
#1320=LINE('',#8868,#1871);
#1321=LINE('',#8869,#1872);
#1322=LINE('',#8871,#1873);
#1323=LINE('',#8874,#1874);
#1324=LINE('',#8875,#1875);
#1325=LINE('',#8877,#1876);
#1326=LINE('',#8878,#1877);
#1327=LINE('',#8880,#1878);
#1328=LINE('',#8884,#1879);
#1329=LINE('',#8885,#1880);
#1330=LINE('',#8887,#1881);
#1331=LINE('',#8890,#1882);
#1332=LINE('',#8891,#1883);
#1333=LINE('',#8893,#1884);
#1334=LINE('',#8894,#1885);
#1335=LINE('',#8896,#1886);
#1336=LINE('',#8900,#1887);
#1337=LINE('',#8904,#1888);
#1338=LINE('',#8909,#1889);
#1339=LINE('',#8913,#1890);
#1340=LINE('',#8917,#1891);
#1341=LINE('',#8923,#1892);
#1342=LINE('',#8926,#1893);
#1343=LINE('',#8927,#1894);
#1344=LINE('',#8938,#1895);
#1345=LINE('',#8940,#1896);
#1346=LINE('',#8945,#1897);
#1347=LINE('',#8947,#1898);
#1348=LINE('',#8949,#1899);
#1349=LINE('',#8951,#1900);
#1350=LINE('',#8953,#1901);
#1351=LINE('',#8955,#1902);
#1352=LINE('',#8957,#1903);
#1353=LINE('',#8959,#1904);
#1354=LINE('',#8961,#1905);
#1355=LINE('',#8963,#1906);
#1356=LINE('',#8965,#1907);
#1357=LINE('',#8967,#1908);
#1358=LINE('',#8969,#1909);
#1359=LINE('',#8971,#1910);
#1360=LINE('',#8973,#1911);
#1361=LINE('',#8974,#1912);
#1362=LINE('',#8977,#1913);
#1363=LINE('',#8979,#1914);
#1364=LINE('',#8981,#1915);
#1365=LINE('',#8983,#1916);
#1366=LINE('',#8985,#1917);
#1367=LINE('',#8986,#1918);
#1368=LINE('',#8995,#1919);
#1369=LINE('',#9000,#1920);
#1370=LINE('',#9004,#1921);
#1371=LINE('',#9008,#1922);
#1372=LINE('',#9012,#1923);
#1373=LINE('',#9016,#1924);
#1374=LINE('',#9019,#1925);
#1375=LINE('',#9024,#1926);
#1376=LINE('',#9028,#1927);
#1377=LINE('',#9032,#1928);
#1378=LINE('',#9037,#1929);
#1379=LINE('',#9043,#1930);
#1380=LINE('',#9048,#1931);
#1381=LINE('',#9052,#1932);
#1382=LINE('',#9056,#1933);
#1383=LINE('',#9060,#1934);
#1384=LINE('',#9064,#1935);
#1385=LINE('',#9068,#1936);
#1386=LINE('',#9072,#1937);
#1387=LINE('',#9076,#1938);
#1388=LINE('',#9080,#1939);
#1389=LINE('',#9084,#1940);
#1390=LINE('',#9088,#1941);
#1391=LINE('',#9092,#1942);
#1392=LINE('',#9095,#1943);
#1393=LINE('',#9099,#1944);
#1394=LINE('',#9103,#1945);
#1395=LINE('',#9105,#1946);
#1396=LINE('',#9106,#1947);
#1397=LINE('',#9112,#1948);
#1398=LINE('',#9115,#1949);
#1399=LINE('',#9121,#1950);
#1400=LINE('',#9124,#1951);
#1401=LINE('',#9128,#1952);
#1402=LINE('',#9138,#1953);
#1403=LINE('',#9141,#1954);
#1404=LINE('',#9148,#1955);
#1405=LINE('',#9150,#1956);
#1406=LINE('',#9152,#1957);
#1407=LINE('',#9154,#1958);
#1408=LINE('',#9156,#1959);
#1409=LINE('',#9157,#1960);
#1410=LINE('',#9161,#1961);
#1411=LINE('',#9162,#1962);
#1412=LINE('',#9163,#1963);
#1413=LINE('',#9166,#1964);
#1414=LINE('',#9167,#1965);
#1415=LINE('',#9170,#1966);
#1416=LINE('',#9171,#1967);
#1417=LINE('',#9174,#1968);
#1418=LINE('',#9175,#1969);
#1419=LINE('',#9178,#1970);
#1420=LINE('',#9179,#1971);
#1421=LINE('',#9181,#1972);
#1422=LINE('',#9185,#1973);
#1423=LINE('',#9187,#1974);
#1424=LINE('',#9189,#1975);
#1425=LINE('',#9191,#1976);
#1426=LINE('',#9193,#1977);
#1427=LINE('',#9194,#1978);
#1428=LINE('',#9198,#1979);
#1429=LINE('',#9199,#1980);
#1430=LINE('',#9200,#1981);
#1431=LINE('',#9203,#1982);
#1432=LINE('',#9204,#1983);
#1433=LINE('',#9207,#1984);
#1434=LINE('',#9208,#1985);
#1435=LINE('',#9211,#1986);
#1436=LINE('',#9212,#1987);
#1437=LINE('',#9215,#1988);
#1438=LINE('',#9216,#1989);
#1439=LINE('',#9218,#1990);
#1440=LINE('',#9223,#1991);
#1441=LINE('',#9224,#1992);
#1442=LINE('',#9225,#1993);
#1443=LINE('',#9227,#1994);
#1444=LINE('',#9230,#1995);
#1445=LINE('',#9236,#1996);
#1446=LINE('',#9238,#1997);
#1447=LINE('',#9240,#1998);
#1448=LINE('',#9241,#1999);
#1449=LINE('',#9245,#2000);
#1450=LINE('',#9248,#2001);
#1451=LINE('',#9255,#2002);
#1452=LINE('',#9256,#2003);
#1453=LINE('',#9259,#2004);
#1454=LINE('',#9261,#2005);
#1455=LINE('',#9271,#2006);
#1456=LINE('',#9272,#2007);
#1457=LINE('',#9275,#2008);
#1458=LINE('',#9281,#2009);
#1459=LINE('',#9282,#2010);
#1460=LINE('',#9285,#2011);
#1461=LINE('',#9289,#2012);
#1462=LINE('',#9296,#2013);
#1463=LINE('',#9297,#2014);
#1464=LINE('',#9300,#2015);
#1465=LINE('',#9306,#2016);
#1466=LINE('',#9307,#2017);
#1467=LINE('',#9310,#2018);
#1468=LINE('',#9315,#2019);
#1469=LINE('',#9321,#2020);
#1470=LINE('',#9322,#2021);
#1471=LINE('',#9325,#2022);
#1472=LINE('',#9327,#2023);
#1473=LINE('',#9337,#2024);
#1474=LINE('',#9338,#2025);
#1475=LINE('',#9341,#2026);
#1476=LINE('',#9347,#2027);
#1477=LINE('',#9348,#2028);
#1478=LINE('',#9351,#2029);
#1479=LINE('',#9355,#2030);
#1480=LINE('',#9362,#2031);
#1481=LINE('',#9363,#2032);
#1482=LINE('',#9366,#2033);
#1483=LINE('',#9372,#2034);
#1484=LINE('',#9373,#2035);
#1485=LINE('',#9376,#2036);
#1486=LINE('',#9381,#2037);
#1487=LINE('',#9387,#2038);
#1488=LINE('',#9388,#2039);
#1489=LINE('',#9391,#2040);
#1490=LINE('',#9393,#2041);
#1491=LINE('',#9399,#2042);
#1492=LINE('',#9400,#2043);
#1493=LINE('',#9403,#2044);
#1494=LINE('',#9413,#2045);
#1495=LINE('',#9414,#2046);
#1496=LINE('',#9417,#2047);
#1497=LINE('',#9423,#2048);
#1498=LINE('',#9424,#2049);
#1499=LINE('',#9427,#2050);
#1500=LINE('',#9431,#2051);
#1501=LINE('',#9438,#2052);
#1502=LINE('',#9439,#2053);
#1503=LINE('',#9442,#2054);
#1504=LINE('',#9447,#2055);
#1505=LINE('',#9450,#2056);
#1506=LINE('',#9463,#2057);
#1507=LINE('',#9466,#2058);
#1508=LINE('',#9479,#2059);
#1509=LINE('',#9482,#2060);
#1510=LINE('',#9495,#2061);
#1511=LINE('',#9503,#2062);
#1512=LINE('',#9505,#2063);
#1513=VECTOR('',#6164,10.);
#1514=VECTOR('',#6169,10.);
#1515=VECTOR('',#6172,10.);
#1516=VECTOR('',#6173,10.);
#1517=VECTOR('',#6174,10.);
#1518=VECTOR('',#6181,10.);
#1519=VECTOR('',#6186,10.);
#1520=VECTOR('',#6187,10.);
#1521=VECTOR('',#6190,10.);
#1522=VECTOR('',#6191,10.);
#1523=VECTOR('',#6192,10.);
#1524=VECTOR('',#6193,10.);
#1525=VECTOR('',#6194,10.);
#1526=VECTOR('',#6199,1.6);
#1527=VECTOR('',#6208,1.6);
#1528=VECTOR('',#6217,2.3);
#1529=VECTOR('',#6232,10.);
#1530=VECTOR('',#6233,10.);
#1531=VECTOR('',#6236,10.);
#1532=VECTOR('',#6237,10.);
#1533=VECTOR('',#6240,10.);
#1534=VECTOR('',#6241,10.);
#1535=VECTOR('',#6244,10.);
#1536=VECTOR('',#6245,10.);
#1537=VECTOR('',#6248,10.);
#1538=VECTOR('',#6249,10.);
#1539=VECTOR('',#6252,1.6);
#1540=VECTOR('',#6259,2.3);
#1541=VECTOR('',#6274,10.);
#1542=VECTOR('',#6275,10.);
#1543=VECTOR('',#6278,10.);
#1544=VECTOR('',#6279,10.);
#1545=VECTOR('',#6282,10.);
#1546=VECTOR('',#6283,10.);
#1547=VECTOR('',#6286,10.);
#1548=VECTOR('',#6287,10.);
#1549=VECTOR('',#6290,10.);
#1550=VECTOR('',#6291,10.);
#1551=VECTOR('',#6294,1.6);
#1552=VECTOR('',#6299,10.);
#1553=VECTOR('',#6300,10.);
#1554=VECTOR('',#6301,10.);
#1555=VECTOR('',#6302,10.);
#1556=VECTOR('',#6305,10.);
#1557=VECTOR('',#6306,10.);
#1558=VECTOR('',#6309,10.);
#1559=VECTOR('',#6310,10.);
#1560=VECTOR('',#6313,10.);
#1561=VECTOR('',#6314,10.);
#1562=VECTOR('',#6317,10.);
#1563=VECTOR('',#6318,10.);
#1564=VECTOR('',#6321,10.);
#1565=VECTOR('',#6322,10.);
#1566=VECTOR('',#6327,10.);
#1567=VECTOR('',#6328,10.);
#1568=VECTOR('',#6329,10.);
#1569=VECTOR('',#6330,10.);
#1570=VECTOR('',#6333,10.);
#1571=VECTOR('',#6334,10.);
#1572=VECTOR('',#6335,10.);
#1573=VECTOR('',#6338,10.);
#1574=VECTOR('',#6339,10.);
#1575=VECTOR('',#6342,10.);
#1576=VECTOR('',#6343,10.);
#1577=VECTOR('',#6346,10.);
#1578=VECTOR('',#6347,10.);
#1579=VECTOR('',#6350,10.);
#1580=VECTOR('',#6357,10.);
#1581=VECTOR('',#6360,10.);
#1582=VECTOR('',#6363,10.);
#1583=VECTOR('',#6364,10.);
#1584=VECTOR('',#6365,10.);
#1585=VECTOR('',#6368,10.);
#1586=VECTOR('',#6375,10.);
#1587=VECTOR('',#6378,10.);
#1588=VECTOR('',#6381,10.);
#1589=VECTOR('',#6384,10.);
#1590=VECTOR('',#6387,10.);
#1591=VECTOR('',#6390,10.);
#1592=VECTOR('',#6393,10.);
#1593=VECTOR('',#6394,10.);
#1594=VECTOR('',#6395,10.);
#1595=VECTOR('',#6398,10.);
#1596=VECTOR('',#6401,10.);
#1597=VECTOR('',#6402,10.);
#1598=VECTOR('',#6403,10.);
#1599=VECTOR('',#6406,10.);
#1600=VECTOR('',#6409,10.);
#1601=VECTOR('',#6412,10.);
#1602=VECTOR('',#6415,9.99999999999999);
#1603=VECTOR('',#6416,10.);
#1604=VECTOR('',#6417,10.);
#1605=VECTOR('',#6418,10.);
#1606=VECTOR('',#6419,10.);
#1607=VECTOR('',#6420,10.);
#1608=VECTOR('',#6421,9.99999999999999);
#1609=VECTOR('',#6422,10.);
#1610=VECTOR('',#6423,10.);
#1611=VECTOR('',#6424,10.);
#1612=VECTOR('',#6425,10.);
#1613=VECTOR('',#6426,10.);
#1614=VECTOR('',#6431,10.);
#1615=VECTOR('',#6432,10.);
#1616=VECTOR('',#6433,10.);
#1617=VECTOR('',#6434,10.);
#1618=VECTOR('',#6435,10.);
#1619=VECTOR('',#6436,10.);
#1620=VECTOR('',#6437,10.);
#1621=VECTOR('',#6438,10.);
#1622=VECTOR('',#6439,10.);
#1623=VECTOR('',#6440,10.);
#1624=VECTOR('',#6441,10.);
#1625=VECTOR('',#6442,10.);
#1626=VECTOR('',#6443,10.);
#1627=VECTOR('',#6444,10.);
#1628=VECTOR('',#6445,10.);
#1629=VECTOR('',#6446,10.);
#1630=VECTOR('',#6447,10.);
#1631=VECTOR('',#6448,10.);
#1632=VECTOR('',#6449,10.);
#1633=VECTOR('',#6450,10.);
#1634=VECTOR('',#6451,10.);
#1635=VECTOR('',#6452,10.);
#1636=VECTOR('',#6453,10.);
#1637=VECTOR('',#6454,10.);
#1638=VECTOR('',#6455,10.);
#1639=VECTOR('',#6456,10.);
#1640=VECTOR('',#6457,10.);
#1641=VECTOR('',#6458,10.);
#1642=VECTOR('',#6459,10.);
#1643=VECTOR('',#6460,10.);
#1644=VECTOR('',#6461,9.99999999999999);
#1645=VECTOR('',#6462,10.);
#1646=VECTOR('',#6463,10.);
#1647=VECTOR('',#6464,10.);
#1648=VECTOR('',#6465,10.);
#1649=VECTOR('',#6466,10.);
#1650=VECTOR('',#6471,10.);
#1651=VECTOR('',#6472,10.);
#1652=VECTOR('',#6477,10.);
#1653=VECTOR('',#6480,10.);
#1654=VECTOR('',#6485,10.);
#1655=VECTOR('',#6486,10.);
#1656=VECTOR('',#6489,10.);
#1657=VECTOR('',#6490,10.);
#1658=VECTOR('',#6491,10.);
#1659=VECTOR('',#6494,10.);
#1660=VECTOR('',#6495,10.);
#1661=VECTOR('',#6496,10.);
#1662=VECTOR('',#6501,10.);
#1663=VECTOR('',#6504,10.);
#1664=VECTOR('',#6505,10.);
#1665=VECTOR('',#6506,10.);
#1666=VECTOR('',#6507,10.);
#1667=VECTOR('',#6512,10.);
#1668=VECTOR('',#6517,10.);
#1669=VECTOR('',#6518,10.);
#1670=VECTOR('',#6519,10.);
#1671=VECTOR('',#6526,10.);
#1672=VECTOR('',#6529,10.);
#1673=VECTOR('',#6530,10.);
#1674=VECTOR('',#6531,10.);
#1675=VECTOR('',#6540,10.);
#1676=VECTOR('',#6545,10.);
#1677=VECTOR('',#6546,10.);
#1678=VECTOR('',#6547,10.);
#1679=VECTOR('',#6560,10.);
#1680=VECTOR('',#6563,10.);
#1681=VECTOR('',#6566,10.);
#1682=VECTOR('',#6569,10.);
#1683=VECTOR('',#6570,10.);
#1684=VECTOR('',#6571,10.);
#1685=VECTOR('',#6572,10.);
#1686=VECTOR('',#6573,10.);
#1687=VECTOR('',#6574,10.);
#1688=VECTOR('',#6575,10.);
#1689=VECTOR('',#6576,10.);
#1690=VECTOR('',#6577,10.);
#1691=VECTOR('',#6578,10.);
#1692=VECTOR('',#6579,10.);
#1693=VECTOR('',#6580,10.);
#1694=VECTOR('',#6581,10.);
#1695=VECTOR('',#6582,10.);
#1696=VECTOR('',#6583,10.);
#1697=VECTOR('',#6584,10.);
#1698=VECTOR('',#6585,10.);
#1699=VECTOR('',#6586,10.);
#1700=VECTOR('',#6587,10.);
#1701=VECTOR('',#6588,10.);
#1702=VECTOR('',#6589,10.);
#1703=VECTOR('',#6590,10.);
#1704=VECTOR('',#6591,10.);
#1705=VECTOR('',#6592,10.);
#1706=VECTOR('',#6593,10.);
#1707=VECTOR('',#6594,10.);
#1708=VECTOR('',#6595,10.);
#1709=VECTOR('',#6596,10.);
#1710=VECTOR('',#6597,10.);
#1711=VECTOR('',#6598,10.);
#1712=VECTOR('',#6603,10.);
#1713=VECTOR('',#6606,10.);
#1714=VECTOR('',#6611,10.);
#1715=VECTOR('',#6614,10.);
#1716=VECTOR('',#6617,10.);
#1717=VECTOR('',#6620,10.);
#1718=VECTOR('',#6625,10.);
#1719=VECTOR('',#6628,10.);
#1720=VECTOR('',#6633,10.);
#1721=VECTOR('',#6636,10.);
#1722=VECTOR('',#6641,10.);
#1723=VECTOR('',#6642,10.);
#1724=VECTOR('',#6647,10.);
#1725=VECTOR('',#6648,10.);
#1726=VECTOR('',#6651,10.);
#1727=VECTOR('',#6652,10.);
#1728=VECTOR('',#6653,10.);
#1729=VECTOR('',#6654,10.);
#1730=VECTOR('',#6657,10.);
#1731=VECTOR('',#6658,10.);
#1732=VECTOR('',#6659,10.);
#1733=VECTOR('',#6660,10.);
#1734=VECTOR('',#6663,10.);
#1735=VECTOR('',#6664,10.);
#1736=VECTOR('',#6665,10.);
#1737=VECTOR('',#6666,10.);
#1738=VECTOR('',#6667,10.);
#1739=VECTOR('',#6670,10.);
#1740=VECTOR('',#6671,10.);
#1741=VECTOR('',#6674,10.);
#1742=VECTOR('',#6677,10.);
#1743=VECTOR('',#6678,10.);
#1744=VECTOR('',#6679,10.);
#1745=VECTOR('',#6680,10.);
#1746=VECTOR('',#6681,10.);
#1747=VECTOR('',#6682,10.);
#1748=VECTOR('',#6683,10.);
#1749=VECTOR('',#6686,10.);
#1750=VECTOR('',#6691,10.);
#1751=VECTOR('',#6692,10.);
#1752=VECTOR('',#6693,10.);
#1753=VECTOR('',#6694,10.);
#1754=VECTOR('',#6695,10.);
#1755=VECTOR('',#6696,10.);
#1756=VECTOR('',#6703,10.);
#1757=VECTOR('',#6704,10.);
#1758=VECTOR('',#6705,10.);
#1759=VECTOR('',#6708,10.);
#1760=VECTOR('',#6709,10.);
#1761=VECTOR('',#6710,10.);
#1762=VECTOR('',#6713,10.);
#1763=VECTOR('',#6714,10.);
#1764=VECTOR('',#6715,10.);
#1765=VECTOR('',#6716,10.);
#1766=VECTOR('',#6717,10.);
#1767=VECTOR('',#6718,10.);
#1768=VECTOR('',#6719,10.);
#1769=VECTOR('',#6720,10.);
#1770=VECTOR('',#6727,10.);
#1771=VECTOR('',#6730,10.);
#1772=VECTOR('',#6731,10.);
#1773=VECTOR('',#6736,10.);
#1774=VECTOR('',#6737,10.);
#1775=VECTOR('',#6740,10.);
#1776=VECTOR('',#6741,10.);
#1777=VECTOR('',#6744,10.);
#1778=VECTOR('',#6745,10.);
#1779=VECTOR('',#6748,10.);
#1780=VECTOR('',#6757,10.);
#1781=VECTOR('',#6758,10.);
#1782=VECTOR('',#6763,10.);
#1783=VECTOR('',#6764,10.);
#1784=VECTOR('',#6769,10.);
#1785=VECTOR('',#6770,10.);
#1786=VECTOR('',#6775,10.);
#1787=VECTOR('',#6776,10.);
#1788=VECTOR('',#6781,9.99999999999999);
#1789=VECTOR('',#6782,10.);
#1790=VECTOR('',#6789,10.);
#1791=VECTOR('',#6790,9.99999999999999);
#1792=VECTOR('',#6795,10.);
#1793=VECTOR('',#6796,10.);
#1794=VECTOR('',#6801,9.99999999999999);
#1795=VECTOR('',#6802,10.);
#1796=VECTOR('',#6807,9.99999999999999);
#1797=VECTOR('',#6808,10.);
#1798=VECTOR('',#6813,10.);
#1799=VECTOR('',#6814,10.);
#1800=VECTOR('',#6819,9.99999999999999);
#1801=VECTOR('',#6820,10.);
#1802=VECTOR('',#6827,9.99999999999999);
#1803=VECTOR('',#6828,9.99999999999999);
#1804=VECTOR('',#6833,2.3);
#1805=VECTOR('',#6838,2.3);
#1806=VECTOR('',#6841,10.);
#1807=VECTOR('',#6842,10.);
#1808=VECTOR('',#6845,10.);
#1809=VECTOR('',#6848,10.);
#1810=VECTOR('',#6851,10.);
#1811=VECTOR('',#6854,10.);
#1812=VECTOR('',#6859,10.);
#1813=VECTOR('',#6860,10.);
#1814=VECTOR('',#6863,10.);
#1815=VECTOR('',#6866,10.);
#1816=VECTOR('',#6869,10.);
#1817=VECTOR('',#6872,10.);
#1818=VECTOR('',#6877,1.6);
#1819=VECTOR('',#6882,1.6);
#1820=VECTOR('',#6895,10.);
#1821=VECTOR('',#6898,3.98492424049175);
#1822=VECTOR('',#6901,3.98492424049175);
#1823=VECTOR('',#6912,10.);
#1824=VECTOR('',#6913,10.);
#1825=VECTOR('',#6916,10.);
#1826=VECTOR('',#6919,10.);
#1827=VECTOR('',#6924,2.3);
#1828=VECTOR('',#6939,10.);
#1829=VECTOR('',#6940,9.99999999999999);
#1830=VECTOR('',#6943,9.99999999999999);
#1831=VECTOR('',#6944,10.);
#1832=VECTOR('',#6947,10.);
#1833=VECTOR('',#6948,10.);
#1834=VECTOR('',#6951,10.);
#1835=VECTOR('',#6952,10.);
#1836=VECTOR('',#6955,10.);
#1837=VECTOR('',#6956,10.);
#1838=VECTOR('',#6959,1.6);
#1839=VECTOR('',#6966,2.3);
#1840=VECTOR('',#6983,10.);
#1841=VECTOR('',#6984,10.);
#1842=VECTOR('',#6987,10.);
#1843=VECTOR('',#6988,10.);
#1844=VECTOR('',#6991,10.);
#1845=VECTOR('',#6992,10.);
#1846=VECTOR('',#6995,10.);
#1847=VECTOR('',#6996,10.);
#1848=VECTOR('',#6999,10.);
#1849=VECTOR('',#7000,10.);
#1850=VECTOR('',#7003,1.6);
#1851=VECTOR('',#7008,2.3);
#1852=VECTOR('',#7023,10.);
#1853=VECTOR('',#7024,10.);
#1854=VECTOR('',#7027,10.);
#1855=VECTOR('',#7028,10.);
#1856=VECTOR('',#7031,10.);
#1857=VECTOR('',#7032,10.);
#1858=VECTOR('',#7035,10.);
#1859=VECTOR('',#7036,10.);
#1860=VECTOR('',#7039,10.);
#1861=VECTOR('',#7040,10.);
#1862=VECTOR('',#7043,1.6);
#1863=VECTOR('',#7046,10.);
#1864=VECTOR('',#7047,10.);
#1865=VECTOR('',#7050,10.);
#1866=VECTOR('',#7053,10.);
#1867=VECTOR('',#7054,10.);
#1868=VECTOR('',#7057,10.);
#1869=VECTOR('',#7058,10.);
#1870=VECTOR('',#7061,10.);
#1871=VECTOR('',#7068,10.);
#1872=VECTOR('',#7069,10.);
#1873=VECTOR('',#7072,10.);
#1874=VECTOR('',#7075,10.);
#1875=VECTOR('',#7076,10.);
#1876=VECTOR('',#7079,10.);
#1877=VECTOR('',#7080,10.);
#1878=VECTOR('',#7083,10.);
#1879=VECTOR('',#7090,10.);
#1880=VECTOR('',#7091,10.);
#1881=VECTOR('',#7094,10.);
#1882=VECTOR('',#7097,10.);
#1883=VECTOR('',#7098,10.);
#1884=VECTOR('',#7101,10.);
#1885=VECTOR('',#7102,10.);
#1886=VECTOR('',#7105,10.);
#1887=VECTOR('',#7112,10.);
#1888=VECTOR('',#7117,10.);
#1889=VECTOR('',#7124,10.);
#1890=VECTOR('',#7129,10.);
#1891=VECTOR('',#7134,10.);
#1892=VECTOR('',#7141,10.);
#1893=VECTOR('',#7144,10.);
#1894=VECTOR('',#7145,10.);
#1895=VECTOR('',#7162,10.);
#1896=VECTOR('',#7163,10.);
#1897=VECTOR('',#7168,10.);
#1898=VECTOR('',#7169,10.);
#1899=VECTOR('',#7170,10.);
#1900=VECTOR('',#7171,10.);
#1901=VECTOR('',#7172,10.);
#1902=VECTOR('',#7173,10.);
#1903=VECTOR('',#7174,10.);
#1904=VECTOR('',#7175,10.);
#1905=VECTOR('',#7176,10.);
#1906=VECTOR('',#7177,10.);
#1907=VECTOR('',#7178,10.);
#1908=VECTOR('',#7179,10.);
#1909=VECTOR('',#7180,10.);
#1910=VECTOR('',#7181,10.);
#1911=VECTOR('',#7182,10.);
#1912=VECTOR('',#7183,10.);
#1913=VECTOR('',#7186,10.);
#1914=VECTOR('',#7187,10.);
#1915=VECTOR('',#7188,10.);
#1916=VECTOR('',#7189,10.);
#1917=VECTOR('',#7190,10.);
#1918=VECTOR('',#7191,10.);
#1919=VECTOR('',#7202,10.);
#1920=VECTOR('',#7209,10.);
#1921=VECTOR('',#7214,10.);
#1922=VECTOR('',#7219,10.);
#1923=VECTOR('',#7224,10.);
#1924=VECTOR('',#7229,10.);
#1925=VECTOR('',#7232,10.);
#1926=VECTOR('',#7239,10.);
#1927=VECTOR('',#7244,10.);
#1928=VECTOR('',#7249,10.);
#1929=VECTOR('',#7254,10.);
#1930=VECTOR('',#7261,10.);
#1931=VECTOR('',#7268,10.);
#1932=VECTOR('',#7273,10.);
#1933=VECTOR('',#7278,10.);
#1934=VECTOR('',#7283,10.);
#1935=VECTOR('',#7288,10.);
#1936=VECTOR('',#7293,10.);
#1937=VECTOR('',#7298,10.);
#1938=VECTOR('',#7303,10.);
#1939=VECTOR('',#7308,10.);
#1940=VECTOR('',#7313,10.);
#1941=VECTOR('',#7318,10.);
#1942=VECTOR('',#7321,10.);
#1943=VECTOR('',#7324,10.);
#1944=VECTOR('',#7327,10.);
#1945=VECTOR('',#7332,10.);
#1946=VECTOR('',#7333,10.);
#1947=VECTOR('',#7334,10.);
#1948=VECTOR('',#7339,10.);
#1949=VECTOR('',#7342,10.);
#1950=VECTOR('',#7349,10.);
#1951=VECTOR('',#7352,1.6);
#1952=VECTOR('',#7357,1.6);
#1953=VECTOR('',#7372,10.);
#1954=VECTOR('',#7375,10.);
#1955=VECTOR('',#7382,10.);
#1956=VECTOR('',#7383,10.);
#1957=VECTOR('',#7384,10.);
#1958=VECTOR('',#7385,10.);
#1959=VECTOR('',#7386,10.);
#1960=VECTOR('',#7387,10.);
#1961=VECTOR('',#7390,10.);
#1962=VECTOR('',#7391,10.);
#1963=VECTOR('',#7392,10.);
#1964=VECTOR('',#7395,10.);
#1965=VECTOR('',#7396,10.);
#1966=VECTOR('',#7399,10.);
#1967=VECTOR('',#7400,10.);
#1968=VECTOR('',#7403,10.);
#1969=VECTOR('',#7404,10.);
#1970=VECTOR('',#7407,10.);
#1971=VECTOR('',#7408,10.);
#1972=VECTOR('',#7411,10.);
#1973=VECTOR('',#7414,10.);
#1974=VECTOR('',#7415,10.);
#1975=VECTOR('',#7416,10.);
#1976=VECTOR('',#7417,10.);
#1977=VECTOR('',#7418,9.99999999999999);
#1978=VECTOR('',#7419,10.);
#1979=VECTOR('',#7422,10.);
#1980=VECTOR('',#7423,10.);
#1981=VECTOR('',#7424,10.);
#1982=VECTOR('',#7427,10.);
#1983=VECTOR('',#7428,10.);
#1984=VECTOR('',#7431,9.99999999999999);
#1985=VECTOR('',#7432,10.);
#1986=VECTOR('',#7435,10.);
#1987=VECTOR('',#7436,10.);
#1988=VECTOR('',#7439,10.);
#1989=VECTOR('',#7440,10.);
#1990=VECTOR('',#7443,10.);
#1991=VECTOR('',#7448,10.);
#1992=VECTOR('',#7449,10.);
#1993=VECTOR('',#7450,10.);
#1994=VECTOR('',#7451,10.);
#1995=VECTOR('',#7454,10.);
#1996=VECTOR('',#7461,10.);
#1997=VECTOR('',#7464,10.);
#1998=VECTOR('',#7467,10.);
#1999=VECTOR('',#7468,10.);
#2000=VECTOR('',#7475,10.);
#2001=VECTOR('',#7480,10.);
#2002=VECTOR('',#7487,10.);
#2003=VECTOR('',#7488,10.);
#2004=VECTOR('',#7491,10.);
#2005=VECTOR('',#7492,10.);
#2006=VECTOR('',#7493,10.);
#2007=VECTOR('',#7494,10.);
#2008=VECTOR('',#7497,10.);
#2009=VECTOR('',#7498,10.);
#2010=VECTOR('',#7499,10.);
#2011=VECTOR('',#7502,10.);
#2012=VECTOR('',#7503,10.);
#2013=VECTOR('',#7506,10.);
#2014=VECTOR('',#7507,10.);
#2015=VECTOR('',#7510,10.);
#2016=VECTOR('',#7511,10.);
#2017=VECTOR('',#7512,10.);
#2018=VECTOR('',#7515,10.);
#2019=VECTOR('',#7516,10.);
#2020=VECTOR('',#7521,10.);
#2021=VECTOR('',#7522,10.);
#2022=VECTOR('',#7525,10.);
#2023=VECTOR('',#7526,10.);
#2024=VECTOR('',#7527,10.);
#2025=VECTOR('',#7528,10.);
#2026=VECTOR('',#7531,10.);
#2027=VECTOR('',#7532,10.);
#2028=VECTOR('',#7533,10.);
#2029=VECTOR('',#7536,10.);
#2030=VECTOR('',#7537,10.);
#2031=VECTOR('',#7540,10.);
#2032=VECTOR('',#7541,10.);
#2033=VECTOR('',#7544,10.);
#2034=VECTOR('',#7545,10.);
#2035=VECTOR('',#7546,10.);
#2036=VECTOR('',#7549,10.);
#2037=VECTOR('',#7550,10.);
#2038=VECTOR('',#7555,10.);
#2039=VECTOR('',#7556,10.);
#2040=VECTOR('',#7559,10.);
#2041=VECTOR('',#7560,10.);
#2042=VECTOR('',#7561,10.);
#2043=VECTOR('',#7562,10.);
#2044=VECTOR('',#7565,10.);
#2045=VECTOR('',#7566,10.);
#2046=VECTOR('',#7567,10.);
#2047=VECTOR('',#7570,10.);
#2048=VECTOR('',#7571,10.);
#2049=VECTOR('',#7572,10.);
#2050=VECTOR('',#7575,10.);
#2051=VECTOR('',#7576,10.);
#2052=VECTOR('',#7579,10.);
#2053=VECTOR('',#7580,10.);
#2054=VECTOR('',#7583,10.);
#2055=VECTOR('',#7584,10.);
#2056=VECTOR('',#7587,1.6);
#2057=VECTOR('',#7612,2.3);
#2058=VECTOR('',#7615,1.6);
#2059=VECTOR('',#7640,2.3);
#2060=VECTOR('',#7643,1.6);
#2061=VECTOR('',#7668,2.3);
#2062=VECTOR('',#7683,10.);
#2063=VECTOR('',#7686,10.);
#2064=CIRCLE('',#5662,2.5);
#2065=CIRCLE('',#5664,2.5);
#2066=CIRCLE('',#5668,2.5);
#2067=CIRCLE('',#5669,2.5);
#2068=CIRCLE('',#5673,1.6);
#2069=CIRCLE('',#5674,1.6);
#2070=CIRCLE('',#5677,1.6);
#2071=CIRCLE('',#5678,1.6);
#2072=CIRCLE('',#5681,1.6);
#2073=CIRCLE('',#5682,3.);
#2074=CIRCLE('',#5683,3.);
#2075=CIRCLE('',#5684,3.);
#2076=CIRCLE('',#5685,3.);
#2077=CIRCLE('',#5686,3.);
#2078=CIRCLE('',#5687,3.);
#2079=CIRCLE('',#5694,1.6);
#2080=CIRCLE('',#5696,1.6);
#2081=CIRCLE('',#5697,3.00000000000001);
#2082=CIRCLE('',#5698,3.00000000000001);
#2083=CIRCLE('',#5699,3.00000000000001);
#2084=CIRCLE('',#5700,3.00000000000001);
#2085=CIRCLE('',#5701,3.00000000000001);
#2086=CIRCLE('',#5702,3.00000000000001);
#2087=CIRCLE('',#5709,1.6);
#2088=CIRCLE('',#5725,4.);
#2089=CIRCLE('',#5726,4.);
#2090=CIRCLE('',#5729,2.);
#2091=CIRCLE('',#5730,4.);
#2092=CIRCLE('',#5731,2.);
#2093=CIRCLE('',#5732,5.);
#2094=CIRCLE('',#5733,4.);
#2095=CIRCLE('',#5734,2.);
#2096=CIRCLE('',#5735,2.);
#2097=CIRCLE('',#5736,2.);
#2098=CIRCLE('',#5737,2.);
#2099=CIRCLE('',#5738,6.5);
#2100=CIRCLE('',#5739,6.5);
#2101=CIRCLE('',#5740,2.);
#2102=CIRCLE('',#5741,2.);
#2103=CIRCLE('',#5742,2.);
#2104=CIRCLE('',#5743,2.);
#2105=CIRCLE('',#5744,1.6);
#2106=CIRCLE('',#5745,1.6);
#2107=CIRCLE('',#5747,2.);
#2108=CIRCLE('',#5750,2.);
#2109=CIRCLE('',#5760,2.);
#2110=CIRCLE('',#5763,4.);
#2111=CIRCLE('',#5770,4.);
#2112=CIRCLE('',#5775,4.);
#2113=CIRCLE('',#5777,2.);
#2114=CIRCLE('',#5778,2.);
#2115=CIRCLE('',#5779,2.);
#2116=CIRCLE('',#5780,2.);
#2117=CIRCLE('',#5781,2.);
#2118=CIRCLE('',#5782,4.);
#2119=CIRCLE('',#5783,5.);
#2120=CIRCLE('',#5784,1.6);
#2121=CIRCLE('',#5785,1.6);
#2122=CIRCLE('',#5786,4.);
#2123=CIRCLE('',#5787,4.);
#2124=CIRCLE('',#5788,5.);
#2125=CIRCLE('',#5789,1.);
#2126=CIRCLE('',#5796,12.5);
#2127=CIRCLE('',#5798,5.);
#2128=CIRCLE('',#5806,4.);
#2129=CIRCLE('',#5809,1.);
#2130=CIRCLE('',#5813,5.48786622202594);
#2131=CIRCLE('',#5814,5.48786622202595);
#2132=CIRCLE('',#5823,4.);
#2133=CIRCLE('',#5825,3.00000000000001);
#2134=CIRCLE('',#5827,3.00000000000001);
#2135=CIRCLE('',#5829,3.00000000000001);
#2136=CIRCLE('',#5831,3.00000000000001);
#2137=CIRCLE('',#5833,3.00000000000001);
#2138=CIRCLE('',#5835,3.00000000000001);
#2139=CIRCLE('',#5836,3.00000000000001);
#2140=CIRCLE('',#5838,3.00000000000001);
#2141=CIRCLE('',#5840,3.00000000000001);
#2142=CIRCLE('',#5842,3.00000000000001);
#2143=CIRCLE('',#5844,3.00000000000001);
#2144=CIRCLE('',#5846,3.00000000000001);
#2145=CIRCLE('',#5848,3.00000000000001);
#2146=CIRCLE('',#5849,3.00000000000001);
#2147=CIRCLE('',#5851,1.6);
#2148=CIRCLE('',#5853,1.6);
#2149=CIRCLE('',#5867,1.6);
#2150=CIRCLE('',#5869,1.6);
#2151=CIRCLE('',#5871,2.5);
#2152=CIRCLE('',#5873,2.5);
#2153=CIRCLE('',#5885,1.6);
#2154=CIRCLE('',#5886,3.00000000000001);
#2155=CIRCLE('',#5887,3.00000000000001);
#2156=CIRCLE('',#5888,3.00000000000001);
#2157=CIRCLE('',#5889,3.00000000000001);
#2158=CIRCLE('',#5890,3.00000000000001);
#2159=CIRCLE('',#5891,3.00000000000001);
#2160=CIRCLE('',#5898,1.6);
#2161=CIRCLE('',#5900,1.6);
#2162=CIRCLE('',#5901,3.00000000000001);
#2163=CIRCLE('',#5902,3.00000000000001);
#2164=CIRCLE('',#5903,3.00000000000001);
#2165=CIRCLE('',#5904,3.00000000000001);
#2166=CIRCLE('',#5905,3.00000000000001);
#2167=CIRCLE('',#5906,3.00000000000001);
#2168=CIRCLE('',#5907,1.6);
#2169=CIRCLE('',#5915,1.6);
#2170=CIRCLE('',#5916,3.00000000000001);
#2171=CIRCLE('',#5917,3.00000000000001);
#2172=CIRCLE('',#5918,3.00000000000001);
#2173=CIRCLE('',#5919,3.00000000000001);
#2174=CIRCLE('',#5920,3.00000000000001);
#2175=CIRCLE('',#5921,3.00000000000001);
#2176=CIRCLE('',#5951,2.);
#2177=CIRCLE('',#5954,12.5);
#2178=CIRCLE('',#5956,5.);
#2179=CIRCLE('',#5958,5.);
#2180=CIRCLE('',#5960,14.4);
#2181=CIRCLE('',#5961,14.4);
#2182=CIRCLE('',#5964,6.);
#2183=CIRCLE('',#5965,7.10000000000001);
#2184=CIRCLE('',#5967,3.);
#2185=CIRCLE('',#5970,15.);
#2186=CIRCLE('',#5971,15.0001000000001);
#2187=CIRCLE('',#5973,2.);
#2188=CIRCLE('',#5974,1.6);
#2189=CIRCLE('',#5976,3.);
#2190=CIRCLE('',#5978,11.);
#2191=CIRCLE('',#5979,11.);
#2192=CIRCLE('',#5981,12.1);
#2193=CIRCLE('',#5983,12.1);
#2194=CIRCLE('',#5985,10.);
#2195=CIRCLE('',#5987,10.);
#2196=CIRCLE('',#5989,11.1);
#2197=CIRCLE('',#5991,11.1);
#2198=CIRCLE('',#5993,10.);
#2199=CIRCLE('',#5995,10.);
#2200=CIRCLE('',#5997,12.);
#2201=CIRCLE('',#5999,15.);
#2202=CIRCLE('',#6000,15.0000999999999);
#2203=CIRCLE('',#6002,12.);
#2204=CIRCLE('',#6003,15.);
#2205=CIRCLE('',#6005,10.);
#2206=CIRCLE('',#6007,10.);
#2207=CIRCLE('',#6009,11.1);
#2208=CIRCLE('',#6011,11.1);
#2209=CIRCLE('',#6013,10.);
#2210=CIRCLE('',#6015,10.);
#2211=CIRCLE('',#6017,12.1);
#2212=CIRCLE('',#6019,12.1);
#2213=CIRCLE('',#6021,10.);
#2214=CIRCLE('',#6023,10.);
#2215=CIRCLE('',#6025,13.75);
#2216=CIRCLE('',#6027,13.75);
#2217=CIRCLE('',#6028,13.75);
#2218=CIRCLE('',#6029,13.75);
#2219=CIRCLE('',#6032,14.4);
#2220=CIRCLE('',#6033,14.4);
#2221=CIRCLE('',#6035,0.5);
#2222=CIRCLE('',#6036,0.5);
#2223=CIRCLE('',#6038,1.6);
#2224=CIRCLE('',#6040,1.6);
#2225=CIRCLE('',#6042,6.);
#2226=CIRCLE('',#6044,15.);
#2227=CIRCLE('',#6045,15.);
#2228=CIRCLE('',#6049,15.);
#2229=CIRCLE('',#6065,6.5);
#2230=CIRCLE('',#6066,6.5);
#2231=CIRCLE('',#6067,1.6);
#2232=CIRCLE('',#6068,1.6);
#2233=CIRCLE('',#6079,3.00000000000001);
#2234=CIRCLE('',#6087,3.00000000000001);
#2235=CIRCLE('',#6095,3.00000000000001);
#2236=CIRCLE('',#6103,1.6);
#2237=CIRCLE('',#6105,3.00000000000001);
#2238=CIRCLE('',#6107,3.00000000000001);
#2239=CIRCLE('',#6109,3.00000000000001);
#2240=CIRCLE('',#6111,3.00000000000001);
#2241=CIRCLE('',#6113,3.00000000000001);
#2242=CIRCLE('',#6116,1.6);
#2243=CIRCLE('',#6118,3.00000000000001);
#2244=CIRCLE('',#6120,3.00000000000001);
#2245=CIRCLE('',#6122,3.00000000000001);
#2246=CIRCLE('',#6124,3.00000000000001);
#2247=CIRCLE('',#6126,3.00000000000001);
#2248=CIRCLE('',#6129,1.6);
#2249=CIRCLE('',#6131,3.00000000000001);
#2250=CIRCLE('',#6133,3.00000000000001);
#2251=CIRCLE('',#6135,3.00000000000001);
#2252=CIRCLE('',#6137,3.00000000000001);
#2253=CIRCLE('',#6139,3.00000000000001);
#2254=CIRCLE('',#6142,7.10000000000001);
#2255=CIRCLE('',#6144,6.);
#2256=CIRCLE('',#6146,6.);
#2257=CIRCLE('',#6150,6.);
#2258=CIRCLE('',#6152,6.);
#2259=CIRCLE('',#6154,7.10000000000001);
#2260=CIRCLE('',#6156,7.10000000000001);
#2261=VERTEX_POINT('',#7707);
#2262=VERTEX_POINT('',#7708);
#2263=VERTEX_POINT('',#7710);
#2264=VERTEX_POINT('',#7712);
#2265=VERTEX_POINT('',#7714);
#2266=VERTEX_POINT('',#7718);
#2267=VERTEX_POINT('',#7720);
#2268=VERTEX_POINT('',#7724);
#2269=VERTEX_POINT('',#7726);
#2270=VERTEX_POINT('',#7728);
#2271=VERTEX_POINT('',#7735);
#2272=VERTEX_POINT('',#7737);
#2273=VERTEX_POINT('',#7739);
#2274=VERTEX_POINT('',#7741);
#2275=VERTEX_POINT('',#7745);
#2276=VERTEX_POINT('',#7747);
#2277=VERTEX_POINT('',#7752);
#2278=VERTEX_POINT('',#7754);
#2279=VERTEX_POINT('',#7759);
#2280=VERTEX_POINT('',#7761);
#2281=VERTEX_POINT('',#7763);
#2282=VERTEX_POINT('',#7767);
#2283=VERTEX_POINT('',#7769);
#2284=VERTEX_POINT('',#7773);
#2285=VERTEX_POINT('',#7775);
#2286=VERTEX_POINT('',#7779);
#2287=VERTEX_POINT('',#7781);
#2288=VERTEX_POINT('',#7785);
#2289=VERTEX_POINT('',#7787);
#2290=VERTEX_POINT('',#7791);
#2291=VERTEX_POINT('',#7793);
#2292=VERTEX_POINT('',#7797);
#2293=VERTEX_POINT('',#7803);
#2294=VERTEX_POINT('',#7807);
#2295=VERTEX_POINT('',#7811);
#2296=VERTEX_POINT('',#7815);
#2297=VERTEX_POINT('',#7819);
#2298=VERTEX_POINT('',#7823);
#2299=VERTEX_POINT('',#7827);
#2300=VERTEX_POINT('',#7829);
#2301=VERTEX_POINT('',#7831);
#2302=VERTEX_POINT('',#7835);
#2303=VERTEX_POINT('',#7837);
#2304=VERTEX_POINT('',#7841);
#2305=VERTEX_POINT('',#7843);
#2306=VERTEX_POINT('',#7847);
#2307=VERTEX_POINT('',#7849);
#2308=VERTEX_POINT('',#7853);
#2309=VERTEX_POINT('',#7855);
#2310=VERTEX_POINT('',#7859);
#2311=VERTEX_POINT('',#7861);
#2312=VERTEX_POINT('',#7865);
#2313=VERTEX_POINT('',#7871);
#2314=VERTEX_POINT('',#7875);
#2315=VERTEX_POINT('',#7879);
#2316=VERTEX_POINT('',#7883);
#2317=VERTEX_POINT('',#7887);
#2318=VERTEX_POINT('',#7891);
#2319=VERTEX_POINT('',#7895);
#2320=VERTEX_POINT('',#7896);
#2321=VERTEX_POINT('',#7899);
#2322=VERTEX_POINT('',#7903);
#2323=VERTEX_POINT('',#7907);
#2324=VERTEX_POINT('',#7911);
#2325=VERTEX_POINT('',#7915);
#2326=VERTEX_POINT('',#7923);
#2327=VERTEX_POINT('',#7924);
#2328=VERTEX_POINT('',#7926);
#2329=VERTEX_POINT('',#7931);
#2330=VERTEX_POINT('',#7936);
#2331=VERTEX_POINT('',#7940);
#2332=VERTEX_POINT('',#7944);
#2333=VERTEX_POINT('',#7951);
#2334=VERTEX_POINT('',#7952);
#2335=VERTEX_POINT('',#7954);
#2336=VERTEX_POINT('',#7956);
#2337=VERTEX_POINT('',#7960);
#2338=VERTEX_POINT('',#7962);
#2339=VERTEX_POINT('',#7966);
#2340=VERTEX_POINT('',#7968);
#2341=VERTEX_POINT('',#7970);
#2342=VERTEX_POINT('',#7972);
#2343=VERTEX_POINT('',#7974);
#2344=VERTEX_POINT('',#7976);
#2345=VERTEX_POINT('',#7978);
#2346=VERTEX_POINT('',#7980);
#2347=VERTEX_POINT('',#7982);
#2348=VERTEX_POINT('',#7984);
#2349=VERTEX_POINT('',#7986);
#2350=VERTEX_POINT('',#7988);
#2351=VERTEX_POINT('',#7990);
#2352=VERTEX_POINT('',#7992);
#2353=VERTEX_POINT('',#7994);
#2354=VERTEX_POINT('',#7996);
#2355=VERTEX_POINT('',#7998);
#2356=VERTEX_POINT('',#8000);
#2357=VERTEX_POINT('',#8002);
#2358=VERTEX_POINT('',#8004);
#2359=VERTEX_POINT('',#8006);
#2360=VERTEX_POINT('',#8008);
#2361=VERTEX_POINT('',#8010);
#2362=VERTEX_POINT('',#8012);
#2363=VERTEX_POINT('',#8014);
#2364=VERTEX_POINT('',#8016);
#2365=VERTEX_POINT('',#8018);
#2366=VERTEX_POINT('',#8020);
#2367=VERTEX_POINT('',#8022);
#2368=VERTEX_POINT('',#8024);
#2369=VERTEX_POINT('',#8026);
#2370=VERTEX_POINT('',#8029);
#2371=VERTEX_POINT('',#8030);
#2372=VERTEX_POINT('',#8032);
#2373=VERTEX_POINT('',#8034);
#2374=VERTEX_POINT('',#8036);
#2375=VERTEX_POINT('',#8038);
#2376=VERTEX_POINT('',#8041);
#2377=VERTEX_POINT('',#8042);
#2378=VERTEX_POINT('',#8044);
#2379=VERTEX_POINT('',#8046);
#2380=VERTEX_POINT('',#8048);
#2381=VERTEX_POINT('',#8050);
#2382=VERTEX_POINT('',#8053);
#2383=VERTEX_POINT('',#8055);
#2384=VERTEX_POINT('',#8057);
#2385=VERTEX_POINT('',#8058);
#2386=VERTEX_POINT('',#8060);
#2387=VERTEX_POINT('',#8062);
#2388=VERTEX_POINT('',#8064);
#2389=VERTEX_POINT('',#8066);
#2390=VERTEX_POINT('',#8069);
#2391=VERTEX_POINT('',#8070);
#2392=VERTEX_POINT('',#8072);
#2393=VERTEX_POINT('',#8074);
#2394=VERTEX_POINT('',#8076);
#2395=VERTEX_POINT('',#8078);
#2396=VERTEX_POINT('',#8081);
#2397=VERTEX_POINT('',#8082);
#2398=VERTEX_POINT('',#8084);
#2399=VERTEX_POINT('',#8086);
#2400=VERTEX_POINT('',#8088);
#2401=VERTEX_POINT('',#8090);
#2402=VERTEX_POINT('',#8093);
#2403=VERTEX_POINT('',#8094);
#2404=VERTEX_POINT('',#8096);
#2405=VERTEX_POINT('',#8098);
#2406=VERTEX_POINT('',#8100);
#2407=VERTEX_POINT('',#8102);
#2408=VERTEX_POINT('',#8105);
#2409=VERTEX_POINT('',#8106);
#2410=VERTEX_POINT('',#8108);
#2411=VERTEX_POINT('',#8110);
#2412=VERTEX_POINT('',#8112);
#2413=VERTEX_POINT('',#8114);
#2414=VERTEX_POINT('',#8117);
#2415=VERTEX_POINT('',#8118);
#2416=VERTEX_POINT('',#8120);
#2417=VERTEX_POINT('',#8122);
#2418=VERTEX_POINT('',#8124);
#2419=VERTEX_POINT('',#8126);
#2420=VERTEX_POINT('',#8130);
#2421=VERTEX_POINT('',#8131);
#2422=VERTEX_POINT('',#8136);
#2423=VERTEX_POINT('',#8137);
#2424=VERTEX_POINT('',#8139);
#2425=VERTEX_POINT('',#8141);
#2426=VERTEX_POINT('',#8145);
#2427=VERTEX_POINT('',#8146);
#2428=VERTEX_POINT('',#8151);
#2429=VERTEX_POINT('',#8156);
#2430=VERTEX_POINT('',#8158);
#2431=VERTEX_POINT('',#8162);
#2432=VERTEX_POINT('',#8166);
#2433=VERTEX_POINT('',#8168);
#2434=VERTEX_POINT('',#8170);
#2435=VERTEX_POINT('',#8174);
#2436=VERTEX_POINT('',#8176);
#2437=VERTEX_POINT('',#8180);
#2438=VERTEX_POINT('',#8182);
#2439=VERTEX_POINT('',#8186);
#2440=VERTEX_POINT('',#8188);
#2441=VERTEX_POINT('',#8192);
#2442=VERTEX_POINT('',#8194);
#2443=VERTEX_POINT('',#8200);
#2444=VERTEX_POINT('',#8202);
#2445=VERTEX_POINT('',#8206);
#2446=VERTEX_POINT('',#8208);
#2447=VERTEX_POINT('',#8216);
#2448=VERTEX_POINT('',#8218);
#2449=VERTEX_POINT('',#8220);
#2450=VERTEX_POINT('',#8222);
#2451=VERTEX_POINT('',#8224);
#2452=VERTEX_POINT('',#8226);
#2453=VERTEX_POINT('',#8228);
#2454=VERTEX_POINT('',#8230);
#2455=VERTEX_POINT('',#8232);
#2456=VERTEX_POINT('',#8234);
#2457=VERTEX_POINT('',#8236);
#2458=VERTEX_POINT('',#8238);
#2459=VERTEX_POINT('',#8240);
#2460=VERTEX_POINT('',#8242);
#2461=VERTEX_POINT('',#8244);
#2462=VERTEX_POINT('',#8246);
#2463=VERTEX_POINT('',#8248);
#2464=VERTEX_POINT('',#8250);
#2465=VERTEX_POINT('',#8252);
#2466=VERTEX_POINT('',#8254);
#2467=VERTEX_POINT('',#8256);
#2468=VERTEX_POINT('',#8258);
#2469=VERTEX_POINT('',#8260);
#2470=VERTEX_POINT('',#8262);
#2471=VERTEX_POINT('',#8264);
#2472=VERTEX_POINT('',#8266);
#2473=VERTEX_POINT('',#8268);
#2474=VERTEX_POINT('',#8270);
#2475=VERTEX_POINT('',#8272);
#2476=VERTEX_POINT('',#8274);
#2477=VERTEX_POINT('',#8276);
#2478=VERTEX_POINT('',#8278);
#2479=VERTEX_POINT('',#8280);
#2480=VERTEX_POINT('',#8282);
#2481=VERTEX_POINT('',#8284);
#2482=VERTEX_POINT('',#8286);
#2483=VERTEX_POINT('',#8288);
#2484=VERTEX_POINT('',#8291);
#2485=VERTEX_POINT('',#8293);
#2486=VERTEX_POINT('',#8297);
#2487=VERTEX_POINT('',#8299);
#2488=VERTEX_POINT('',#8301);
#2489=VERTEX_POINT('',#8302);
#2490=VERTEX_POINT('',#8304);
#2491=VERTEX_POINT('',#8306);
#2492=VERTEX_POINT('',#8308);
#2493=VERTEX_POINT('',#8310);
#2494=VERTEX_POINT('',#8312);
#2495=VERTEX_POINT('',#8314);
#2496=VERTEX_POINT('',#8325);
#2497=VERTEX_POINT('',#8336);
#2498=VERTEX_POINT('',#8338);
#2499=VERTEX_POINT('',#8342);
#2500=VERTEX_POINT('',#8343);
#2501=VERTEX_POINT('',#8348);
#2502=VERTEX_POINT('',#8350);
#2503=VERTEX_POINT('',#8352);
#2504=VERTEX_POINT('',#8356);
#2505=VERTEX_POINT('',#8358);
#2506=VERTEX_POINT('',#8363);
#2507=VERTEX_POINT('',#8365);
#2508=VERTEX_POINT('',#8367);
#2509=VERTEX_POINT('',#8369);
#2510=VERTEX_POINT('',#8373);
#2511=VERTEX_POINT('',#8379);
#2512=VERTEX_POINT('',#8381);
#2513=VERTEX_POINT('',#8383);
#2514=VERTEX_POINT('',#8385);
#2515=VERTEX_POINT('',#8387);
#2516=VERTEX_POINT('',#8389);
#2517=VERTEX_POINT('',#8393);
#2518=VERTEX_POINT('',#8397);
#2519=VERTEX_POINT('',#8398);
#2520=VERTEX_POINT('',#8400);
#2521=VERTEX_POINT('',#8403);
#2522=VERTEX_POINT('',#8405);
#2523=VERTEX_POINT('',#8411);
#2524=VERTEX_POINT('',#8413);
#2525=VERTEX_POINT('',#8417);
#2526=VERTEX_POINT('',#8419);
#2527=VERTEX_POINT('',#8424);
#2528=VERTEX_POINT('',#8426);
#2529=VERTEX_POINT('',#8428);
#2530=VERTEX_POINT('',#8430);
#2531=VERTEX_POINT('',#8432);
#2532=VERTEX_POINT('',#8434);
#2533=VERTEX_POINT('',#8437);
#2534=VERTEX_POINT('',#8439);
#2535=VERTEX_POINT('',#8451);
#2536=VERTEX_POINT('',#8455);
#2537=VERTEX_POINT('',#8463);
#2538=VERTEX_POINT('',#8464);
#2539=VERTEX_POINT('',#8466);
#2540=VERTEX_POINT('',#8470);
#2541=VERTEX_POINT('',#8471);
#2542=VERTEX_POINT('',#8473);
#2543=VERTEX_POINT('',#8477);
#2544=VERTEX_POINT('',#8478);
#2545=VERTEX_POINT('',#8480);
#2546=VERTEX_POINT('',#8484);
#2547=VERTEX_POINT('',#8485);
#2548=VERTEX_POINT('',#8487);
#2549=VERTEX_POINT('',#8491);
#2550=VERTEX_POINT('',#8492);
#2551=VERTEX_POINT('',#8494);
#2552=VERTEX_POINT('',#8498);
#2553=VERTEX_POINT('',#8499);
#2554=VERTEX_POINT('',#8501);
#2555=VERTEX_POINT('',#8503);
#2556=VERTEX_POINT('',#8507);
#2557=VERTEX_POINT('',#8508);
#2558=VERTEX_POINT('',#8510);
#2559=VERTEX_POINT('',#8514);
#2560=VERTEX_POINT('',#8515);
#2561=VERTEX_POINT('',#8517);
#2562=VERTEX_POINT('',#8521);
#2563=VERTEX_POINT('',#8522);
#2564=VERTEX_POINT('',#8524);
#2565=VERTEX_POINT('',#8528);
#2566=VERTEX_POINT('',#8529);
#2567=VERTEX_POINT('',#8531);
#2568=VERTEX_POINT('',#8535);
#2569=VERTEX_POINT('',#8536);
#2570=VERTEX_POINT('',#8538);
#2571=VERTEX_POINT('',#8542);
#2572=VERTEX_POINT('',#8543);
#2573=VERTEX_POINT('',#8545);
#2574=VERTEX_POINT('',#8547);
#2575=VERTEX_POINT('',#8551);
#2576=VERTEX_POINT('',#8573);
#2577=VERTEX_POINT('',#8619);
#2578=VERTEX_POINT('',#8623);
#2579=VERTEX_POINT('',#8627);
#2580=VERTEX_POINT('',#8630);
#2581=VERTEX_POINT('',#8650);
#2582=VERTEX_POINT('',#8652);
#2583=VERTEX_POINT('',#8654);
#2584=VERTEX_POINT('',#8658);
#2585=VERTEX_POINT('',#8660);
#2586=VERTEX_POINT('',#8664);
#2587=VERTEX_POINT('',#8666);
#2588=VERTEX_POINT('',#8670);
#2589=VERTEX_POINT('',#8672);
#2590=VERTEX_POINT('',#8676);
#2591=VERTEX_POINT('',#8678);
#2592=VERTEX_POINT('',#8682);
#2593=VERTEX_POINT('',#8684);
#2594=VERTEX_POINT('',#8688);
#2595=VERTEX_POINT('',#8694);
#2596=VERTEX_POINT('',#8698);
#2597=VERTEX_POINT('',#8702);
#2598=VERTEX_POINT('',#8706);
#2599=VERTEX_POINT('',#8710);
#2600=VERTEX_POINT('',#8714);
#2601=VERTEX_POINT('',#8718);
#2602=VERTEX_POINT('',#8719);
#2603=VERTEX_POINT('',#8721);
#2604=VERTEX_POINT('',#8723);
#2605=VERTEX_POINT('',#8727);
#2606=VERTEX_POINT('',#8729);
#2607=VERTEX_POINT('',#8733);
#2608=VERTEX_POINT('',#8735);
#2609=VERTEX_POINT('',#8739);
#2610=VERTEX_POINT('',#8741);
#2611=VERTEX_POINT('',#8745);
#2612=VERTEX_POINT('',#8747);
#2613=VERTEX_POINT('',#8751);
#2614=VERTEX_POINT('',#8753);
#2615=VERTEX_POINT('',#8757);
#2616=VERTEX_POINT('',#8764);
#2617=VERTEX_POINT('',#8768);
#2618=VERTEX_POINT('',#8772);
#2619=VERTEX_POINT('',#8776);
#2620=VERTEX_POINT('',#8780);
#2621=VERTEX_POINT('',#8786);
#2622=VERTEX_POINT('',#8788);
#2623=VERTEX_POINT('',#8790);
#2624=VERTEX_POINT('',#8794);
#2625=VERTEX_POINT('',#8796);
#2626=VERTEX_POINT('',#8800);
#2627=VERTEX_POINT('',#8802);
#2628=VERTEX_POINT('',#8806);
#2629=VERTEX_POINT('',#8808);
#2630=VERTEX_POINT('',#8812);
#2631=VERTEX_POINT('',#8814);
#2632=VERTEX_POINT('',#8818);
#2633=VERTEX_POINT('',#8820);
#2634=VERTEX_POINT('',#8824);
#2635=VERTEX_POINT('',#8830);
#2636=VERTEX_POINT('',#8834);
#2637=VERTEX_POINT('',#8838);
#2638=VERTEX_POINT('',#8842);
#2639=VERTEX_POINT('',#8846);
#2640=VERTEX_POINT('',#8857);
#2641=VERTEX_POINT('',#8873);
#2642=VERTEX_POINT('',#8889);
#2643=VERTEX_POINT('',#8902);
#2644=VERTEX_POINT('',#8907);
#2645=VERTEX_POINT('',#8911);
#2646=VERTEX_POINT('',#8915);
#2647=VERTEX_POINT('',#8919);
#2648=VERTEX_POINT('',#8921);
#2649=VERTEX_POINT('',#8925);
#2650=VERTEX_POINT('',#8935);
#2651=VERTEX_POINT('',#8937);
#2652=VERTEX_POINT('',#8939);
#2653=VERTEX_POINT('',#8943);
#2654=VERTEX_POINT('',#8944);
#2655=VERTEX_POINT('',#8946);
#2656=VERTEX_POINT('',#8948);
#2657=VERTEX_POINT('',#8950);
#2658=VERTEX_POINT('',#8952);
#2659=VERTEX_POINT('',#8954);
#2660=VERTEX_POINT('',#8956);
#2661=VERTEX_POINT('',#8958);
#2662=VERTEX_POINT('',#8960);
#2663=VERTEX_POINT('',#8962);
#2664=VERTEX_POINT('',#8964);
#2665=VERTEX_POINT('',#8966);
#2666=VERTEX_POINT('',#8968);
#2667=VERTEX_POINT('',#8970);
#2668=VERTEX_POINT('',#8972);
#2669=VERTEX_POINT('',#8976);
#2670=VERTEX_POINT('',#8978);
#2671=VERTEX_POINT('',#8980);
#2672=VERTEX_POINT('',#8982);
#2673=VERTEX_POINT('',#8984);
#2674=VERTEX_POINT('',#8987);
#2675=VERTEX_POINT('',#8992);
#2676=VERTEX_POINT('',#8994);
#2677=VERTEX_POINT('',#8998);
#2678=VERTEX_POINT('',#9002);
#2679=VERTEX_POINT('',#9006);
#2680=VERTEX_POINT('',#9010);
#2681=VERTEX_POINT('',#9014);
#2682=VERTEX_POINT('',#9018);
#2683=VERTEX_POINT('',#9022);
#2684=VERTEX_POINT('',#9026);
#2685=VERTEX_POINT('',#9030);
#2686=VERTEX_POINT('',#9034);
#2687=VERTEX_POINT('',#9035);
#2688=VERTEX_POINT('',#9040);
#2689=VERTEX_POINT('',#9042);
#2690=VERTEX_POINT('',#9046);
#2691=VERTEX_POINT('',#9050);
#2692=VERTEX_POINT('',#9054);
#2693=VERTEX_POINT('',#9058);
#2694=VERTEX_POINT('',#9062);
#2695=VERTEX_POINT('',#9066);
#2696=VERTEX_POINT('',#9070);
#2697=VERTEX_POINT('',#9074);
#2698=VERTEX_POINT('',#9078);
#2699=VERTEX_POINT('',#9082);
#2700=VERTEX_POINT('',#9086);
#2701=VERTEX_POINT('',#9090);
#2702=VERTEX_POINT('',#9091);
#2703=VERTEX_POINT('',#9093);
#2704=VERTEX_POINT('',#9096);
#2705=VERTEX_POINT('',#9098);
#2706=VERTEX_POINT('',#9102);
#2707=VERTEX_POINT('',#9104);
#2708=VERTEX_POINT('',#9108);
#2709=VERTEX_POINT('',#9109);
#2710=VERTEX_POINT('',#9111);
#2711=VERTEX_POINT('',#9113);
#2712=VERTEX_POINT('',#9117);
#2713=VERTEX_POINT('',#9119);
#2714=VERTEX_POINT('',#9123);
#2715=VERTEX_POINT('',#9127);
#2716=VERTEX_POINT('',#9134);
#2717=VERTEX_POINT('',#9136);
#2718=VERTEX_POINT('',#9140);
#2719=VERTEX_POINT('',#9142);
#2720=VERTEX_POINT('',#9146);
#2721=VERTEX_POINT('',#9147);
#2722=VERTEX_POINT('',#9149);
#2723=VERTEX_POINT('',#9151);
#2724=VERTEX_POINT('',#9153);
#2725=VERTEX_POINT('',#9155);
#2726=VERTEX_POINT('',#9159);
#2727=VERTEX_POINT('',#9160);
#2728=VERTEX_POINT('',#9165);
#2729=VERTEX_POINT('',#9169);
#2730=VERTEX_POINT('',#9173);
#2731=VERTEX_POINT('',#9177);
#2732=VERTEX_POINT('',#9183);
#2733=VERTEX_POINT('',#9184);
#2734=VERTEX_POINT('',#9186);
#2735=VERTEX_POINT('',#9188);
#2736=VERTEX_POINT('',#9190);
#2737=VERTEX_POINT('',#9192);
#2738=VERTEX_POINT('',#9196);
#2739=VERTEX_POINT('',#9197);
#2740=VERTEX_POINT('',#9202);
#2741=VERTEX_POINT('',#9206);
#2742=VERTEX_POINT('',#9210);
#2743=VERTEX_POINT('',#9214);
#2744=VERTEX_POINT('',#9220);
#2745=VERTEX_POINT('',#9221);
#2746=VERTEX_POINT('',#9226);
#2747=VERTEX_POINT('',#9228);
#2748=VERTEX_POINT('',#9231);
#2749=VERTEX_POINT('',#9233);
#2750=VERTEX_POINT('',#9251);
#2751=VERTEX_POINT('',#9252);
#2752=VERTEX_POINT('',#9254);
#2753=VERTEX_POINT('',#9258);
#2754=VERTEX_POINT('',#9260);
#2755=VERTEX_POINT('',#9262);
#2756=VERTEX_POINT('',#9266);
#2757=VERTEX_POINT('',#9270);
#2758=VERTEX_POINT('',#9274);
#2759=VERTEX_POINT('',#9276);
#2760=VERTEX_POINT('',#9280);
#2761=VERTEX_POINT('',#9284);
#2762=VERTEX_POINT('',#9291);
#2763=VERTEX_POINT('',#9295);
#2764=VERTEX_POINT('',#9299);
#2765=VERTEX_POINT('',#9301);
#2766=VERTEX_POINT('',#9305);
#2767=VERTEX_POINT('',#9309);
#2768=VERTEX_POINT('',#9311);
#2769=VERTEX_POINT('',#9317);
#2770=VERTEX_POINT('',#9318);
#2771=VERTEX_POINT('',#9320);
#2772=VERTEX_POINT('',#9324);
#2773=VERTEX_POINT('',#9326);
#2774=VERTEX_POINT('',#9328);
#2775=VERTEX_POINT('',#9332);
#2776=VERTEX_POINT('',#9336);
#2777=VERTEX_POINT('',#9340);
#2778=VERTEX_POINT('',#9342);
#2779=VERTEX_POINT('',#9346);
#2780=VERTEX_POINT('',#9350);
#2781=VERTEX_POINT('',#9357);
#2782=VERTEX_POINT('',#9361);
#2783=VERTEX_POINT('',#9365);
#2784=VERTEX_POINT('',#9367);
#2785=VERTEX_POINT('',#9371);
#2786=VERTEX_POINT('',#9375);
#2787=VERTEX_POINT('',#9377);
#2788=VERTEX_POINT('',#9383);
#2789=VERTEX_POINT('',#9384);
#2790=VERTEX_POINT('',#9386);
#2791=VERTEX_POINT('',#9390);
#2792=VERTEX_POINT('',#9392);
#2793=VERTEX_POINT('',#9394);
#2794=VERTEX_POINT('',#9398);
#2795=VERTEX_POINT('',#9402);
#2796=VERTEX_POINT('',#9404);
#2797=VERTEX_POINT('',#9408);
#2798=VERTEX_POINT('',#9412);
#2799=VERTEX_POINT('',#9416);
#2800=VERTEX_POINT('',#9418);
#2801=VERTEX_POINT('',#9422);
#2802=VERTEX_POINT('',#9426);
#2803=VERTEX_POINT('',#9433);
#2804=VERTEX_POINT('',#9437);
#2805=VERTEX_POINT('',#9441);
#2806=VERTEX_POINT('',#9443);
#2807=VERTEX_POINT('',#9449);
#2808=VERTEX_POINT('',#9465);
#2809=VERTEX_POINT('',#9481);
#2810=EDGE_CURVE('',#2261,#2262,#2064,.T.);
#2811=EDGE_CURVE('',#2262,#2263,#962,.T.);
#2812=EDGE_CURVE('',#2263,#2264,#950,.T.);
#2813=EDGE_CURVE('',#2264,#2265,#2065,.T.);
#2814=EDGE_CURVE('',#2265,#2261,#963,.T.);
#2815=EDGE_CURVE('',#2266,#2262,#964,.T.);
#2816=EDGE_CURVE('',#2267,#2266,#965,.T.);
#2817=EDGE_CURVE('',#2263,#2267,#966,.T.);
#2818=EDGE_CURVE('',#2267,#2268,#951,.F.);
#2819=EDGE_CURVE('',#2266,#2269,#2066,.T.);
#2820=EDGE_CURVE('',#2269,#2270,#967,.T.);
#2821=EDGE_CURVE('',#2268,#2270,#2067,.F.);
#2822=EDGE_CURVE('',#2270,#2265,#968,.T.);
#2823=EDGE_CURVE('',#2261,#2269,#969,.T.);
#2824=EDGE_CURVE('',#2268,#2271,#970,.T.);
#2825=EDGE_CURVE('',#2271,#2272,#971,.T.);
#2826=EDGE_CURVE('',#2272,#2273,#972,.T.);
#2827=EDGE_CURVE('',#2274,#2273,#973,.T.);
#2828=EDGE_CURVE('',#2274,#2264,#974,.T.);
#2829=EDGE_CURVE('',#2275,#2275,#2068,.T.);
#2830=EDGE_CURVE('',#2275,#2276,#975,.T.);
#2831=EDGE_CURVE('',#2276,#2276,#2069,.T.);
#2832=EDGE_CURVE('',#2277,#2277,#2070,.T.);
#2833=EDGE_CURVE('',#2277,#2278,#976,.T.);
#2834=EDGE_CURVE('',#2278,#2278,#2071,.T.);
#2835=EDGE_CURVE('',#2279,#2279,#2072,.T.);
#2836=EDGE_CURVE('',#2279,#2280,#977,.T.);
#2837=EDGE_CURVE('',#2281,#2280,#48,.T.);
#2838=EDGE_CURVE('',#2281,#2282,#2073,.T.);
#2839=EDGE_CURVE('',#2283,#2282,#49,.T.);
#2840=EDGE_CURVE('',#2283,#2284,#2074,.T.);
#2841=EDGE_CURVE('',#2285,#2284,#50,.T.);
#2842=EDGE_CURVE('',#2285,#2286,#2075,.T.);
#2843=EDGE_CURVE('',#2287,#2286,#51,.T.);
#2844=EDGE_CURVE('',#2287,#2288,#2076,.T.);
#2845=EDGE_CURVE('',#2289,#2288,#52,.T.);
#2846=EDGE_CURVE('',#2289,#2290,#2077,.T.);
#2847=EDGE_CURVE('',#2291,#2290,#53,.T.);
#2848=EDGE_CURVE('',#2291,#2292,#2078,.T.);
#2849=EDGE_CURVE('',#2280,#2292,#54,.T.);
#2850=EDGE_CURVE('',#2293,#2281,#978,.T.);
#2851=EDGE_CURVE('',#2282,#2293,#979,.T.);
#2852=EDGE_CURVE('',#2294,#2283,#980,.T.);
#2853=EDGE_CURVE('',#2284,#2294,#981,.T.);
#2854=EDGE_CURVE('',#2295,#2291,#982,.T.);
#2855=EDGE_CURVE('',#2292,#2295,#983,.T.);
#2856=EDGE_CURVE('',#2296,#2285,#984,.T.);
#2857=EDGE_CURVE('',#2286,#2296,#985,.T.);
#2858=EDGE_CURVE('',#2297,#2289,#986,.T.);
#2859=EDGE_CURVE('',#2290,#2297,#987,.T.);
#2860=EDGE_CURVE('',#2279,#2298,#988,.T.);
#2861=EDGE_CURVE('',#2298,#2298,#2079,.T.);
#2862=EDGE_CURVE('',#2299,#2299,#2080,.T.);
#2863=EDGE_CURVE('',#2299,#2300,#989,.T.);
#2864=EDGE_CURVE('',#2301,#2300,#55,.T.);
#2865=EDGE_CURVE('',#2301,#2302,#2081,.T.);
#2866=EDGE_CURVE('',#2303,#2302,#56,.T.);
#2867=EDGE_CURVE('',#2303,#2304,#2082,.T.);
#2868=EDGE_CURVE('',#2305,#2304,#57,.T.);
#2869=EDGE_CURVE('',#2305,#2306,#2083,.T.);
#2870=EDGE_CURVE('',#2307,#2306,#58,.T.);
#2871=EDGE_CURVE('',#2307,#2308,#2084,.T.);
#2872=EDGE_CURVE('',#2309,#2308,#59,.T.);
#2873=EDGE_CURVE('',#2309,#2310,#2085,.T.);
#2874=EDGE_CURVE('',#2311,#2310,#60,.T.);
#2875=EDGE_CURVE('',#2311,#2312,#2086,.T.);
#2876=EDGE_CURVE('',#2300,#2312,#61,.T.);
#2877=EDGE_CURVE('',#2313,#2301,#990,.T.);
#2878=EDGE_CURVE('',#2302,#2313,#991,.T.);
#2879=EDGE_CURVE('',#2314,#2303,#992,.T.);
#2880=EDGE_CURVE('',#2304,#2314,#993,.T.);
#2881=EDGE_CURVE('',#2315,#2311,#994,.T.);
#2882=EDGE_CURVE('',#2312,#2315,#995,.T.);
#2883=EDGE_CURVE('',#2316,#2305,#996,.T.);
#2884=EDGE_CURVE('',#2306,#2316,#997,.T.);
#2885=EDGE_CURVE('',#2317,#2309,#998,.T.);
#2886=EDGE_CURVE('',#2310,#2317,#999,.T.);
#2887=EDGE_CURVE('',#2299,#2318,#1000,.T.);
#2888=EDGE_CURVE('',#2318,#2318,#2087,.T.);
#2889=EDGE_CURVE('',#2319,#2320,#1001,.T.);
#2890=EDGE_CURVE('',#2319,#2317,#1002,.T.);
#2891=EDGE_CURVE('',#2308,#2321,#1003,.T.);
#2892=EDGE_CURVE('',#2320,#2321,#1004,.T.);
#2893=EDGE_CURVE('',#2322,#2319,#1005,.T.);
#2894=EDGE_CURVE('',#2322,#2315,#1006,.T.);
#2895=EDGE_CURVE('',#2323,#2322,#1007,.T.);
#2896=EDGE_CURVE('',#2323,#2313,#1008,.T.);
#2897=EDGE_CURVE('',#2324,#2323,#1009,.T.);
#2898=EDGE_CURVE('',#2324,#2314,#1010,.T.);
#2899=EDGE_CURVE('',#2325,#2324,#1011,.T.);
#2900=EDGE_CURVE('',#2325,#2316,#1012,.T.);
#2901=EDGE_CURVE('',#2320,#2325,#1013,.T.);
#2902=EDGE_CURVE('',#2321,#2307,#1014,.T.);
#2903=EDGE_CURVE('',#2326,#2327,#1015,.T.);
#2904=EDGE_CURVE('',#2326,#2328,#1016,.T.);
#2905=EDGE_CURVE('',#2328,#2287,#1017,.T.);
#2906=EDGE_CURVE('',#2327,#2296,#1018,.T.);
#2907=EDGE_CURVE('',#2329,#2326,#1019,.T.);
#2908=EDGE_CURVE('',#2329,#2297,#1020,.T.);
#2909=EDGE_CURVE('',#2288,#2328,#1021,.T.);
#2910=EDGE_CURVE('',#2330,#2329,#1022,.T.);
#2911=EDGE_CURVE('',#2330,#2295,#1023,.T.);
#2912=EDGE_CURVE('',#2331,#2330,#1024,.T.);
#2913=EDGE_CURVE('',#2331,#2293,#1025,.T.);
#2914=EDGE_CURVE('',#2332,#2331,#1026,.T.);
#2915=EDGE_CURVE('',#2332,#2294,#1027,.T.);
#2916=EDGE_CURVE('',#2327,#2332,#1028,.T.);
#2917=EDGE_CURVE('',#2333,#2334,#2088,.T.);
#2918=EDGE_CURVE('',#2334,#2335,#1029,.T.);
#2919=EDGE_CURVE('',#2335,#2336,#2089,.T.);
#2920=EDGE_CURVE('',#2336,#2333,#1030,.T.);
#2921=EDGE_CURVE('',#2334,#2337,#1031,.T.);
#2922=EDGE_CURVE('',#2338,#2337,#1032,.T.);
#2923=EDGE_CURVE('',#2338,#2335,#1033,.T.);
#2924=EDGE_CURVE('',#2339,#2333,#1034,.T.);
#2925=EDGE_CURVE('',#2340,#2339,#2090,.T.);
#2926=EDGE_CURVE('',#2341,#2340,#2091,.T.);
#2927=EDGE_CURVE('',#2342,#2341,#2092,.T.);
#2928=EDGE_CURVE('',#2343,#2342,#1035,.T.);
#2929=EDGE_CURVE('',#2344,#2343,#2093,.T.);
#2930=EDGE_CURVE('',#2344,#2345,#1036,.T.);
#2931=EDGE_CURVE('',#2346,#2345,#2094,.T.);
#2932=EDGE_CURVE('',#2346,#2347,#1037,.T.);
#2933=EDGE_CURVE('',#2348,#2347,#2095,.T.);
#2934=EDGE_CURVE('',#2349,#2348,#1038,.T.);
#2935=EDGE_CURVE('',#2350,#2349,#2096,.T.);
#2936=EDGE_CURVE('',#2351,#2350,#1039,.T.);
#2937=EDGE_CURVE('',#2352,#2351,#2097,.T.);
#2938=EDGE_CURVE('',#2353,#2352,#1040,.T.);
#2939=EDGE_CURVE('',#2354,#2353,#2098,.T.);
#2940=EDGE_CURVE('',#2354,#2355,#1041,.T.);
#2941=EDGE_CURVE('',#2355,#2356,#1042,.T.);
#2942=EDGE_CURVE('',#2357,#2356,#1043,.T.);
#2943=EDGE_CURVE('',#2358,#2357,#2099,.T.);
#2944=EDGE_CURVE('',#2359,#2358,#1044,.T.);
#2945=EDGE_CURVE('',#2360,#2359,#2100,.T.);
#2946=EDGE_CURVE('',#2361,#2360,#1045,.T.);
#2947=EDGE_CURVE('',#2361,#2362,#1046,.T.);
#2948=EDGE_CURVE('',#2362,#2363,#1047,.T.);
#2949=EDGE_CURVE('',#2364,#2363,#2101,.T.);
#2950=EDGE_CURVE('',#2364,#2365,#1048,.T.);
#2951=EDGE_CURVE('',#2366,#2365,#2102,.T.);
#2952=EDGE_CURVE('',#2366,#2367,#1049,.T.);
#2953=EDGE_CURVE('',#2368,#2367,#2103,.T.);
#2954=EDGE_CURVE('',#2368,#2369,#1050,.T.);
#2955=EDGE_CURVE('',#2337,#2369,#2104,.T.);
#2956=EDGE_CURVE('',#2370,#2371,#1051,.T.);
#2957=EDGE_CURVE('',#2372,#2370,#1052,.T.);
#2958=EDGE_CURVE('',#2373,#2372,#1053,.T.);
#2959=EDGE_CURVE('',#2374,#2373,#1054,.T.);
#2960=EDGE_CURVE('',#2375,#2374,#1055,.T.);
#2961=EDGE_CURVE('',#2371,#2375,#1056,.T.);
#2962=EDGE_CURVE('',#2376,#2377,#1057,.T.);
#2963=EDGE_CURVE('',#2378,#2376,#1058,.T.);
#2964=EDGE_CURVE('',#2379,#2378,#1059,.T.);
#2965=EDGE_CURVE('',#2380,#2379,#1060,.T.);
#2966=EDGE_CURVE('',#2381,#2380,#1061,.T.);
#2967=EDGE_CURVE('',#2377,#2381,#1062,.T.);
#2968=EDGE_CURVE('',#2382,#2382,#2105,.T.);
#2969=EDGE_CURVE('',#2383,#2383,#2106,.T.);
#2970=EDGE_CURVE('',#2384,#2385,#1063,.T.);
#2971=EDGE_CURVE('',#2385,#2386,#1064,.T.);
#2972=EDGE_CURVE('',#2386,#2387,#1065,.T.);
#2973=EDGE_CURVE('',#2387,#2388,#1066,.T.);
#2974=EDGE_CURVE('',#2388,#2389,#1067,.T.);
#2975=EDGE_CURVE('',#2389,#2384,#1068,.T.);
#2976=EDGE_CURVE('',#2390,#2391,#1069,.T.);
#2977=EDGE_CURVE('',#2391,#2392,#1070,.T.);
#2978=EDGE_CURVE('',#2392,#2393,#1071,.T.);
#2979=EDGE_CURVE('',#2393,#2394,#1072,.T.);
#2980=EDGE_CURVE('',#2394,#2395,#1073,.T.);
#2981=EDGE_CURVE('',#2395,#2390,#1074,.T.);
#2982=EDGE_CURVE('',#2396,#2397,#1075,.T.);
#2983=EDGE_CURVE('',#2397,#2398,#1076,.T.);
#2984=EDGE_CURVE('',#2398,#2399,#1077,.T.);
#2985=EDGE_CURVE('',#2399,#2400,#1078,.T.);
#2986=EDGE_CURVE('',#2400,#2401,#1079,.T.);
#2987=EDGE_CURVE('',#2401,#2396,#1080,.T.);
#2988=EDGE_CURVE('',#2402,#2403,#1081,.T.);
#2989=EDGE_CURVE('',#2403,#2404,#1082,.T.);
#2990=EDGE_CURVE('',#2404,#2405,#1083,.T.);
#2991=EDGE_CURVE('',#2405,#2406,#1084,.T.);
#2992=EDGE_CURVE('',#2406,#2407,#1085,.T.);
#2993=EDGE_CURVE('',#2407,#2402,#1086,.T.);
#2994=EDGE_CURVE('',#2408,#2409,#1087,.T.);
#2995=EDGE_CURVE('',#2409,#2410,#1088,.T.);
#2996=EDGE_CURVE('',#2410,#2411,#1089,.T.);
#2997=EDGE_CURVE('',#2411,#2412,#1090,.T.);
#2998=EDGE_CURVE('',#2412,#2413,#1091,.T.);
#2999=EDGE_CURVE('',#2413,#2408,#1092,.T.);
#3000=EDGE_CURVE('',#2414,#2415,#1093,.T.);
#3001=EDGE_CURVE('',#2415,#2416,#1094,.T.);
#3002=EDGE_CURVE('',#2416,#2417,#1095,.T.);
#3003=EDGE_CURVE('',#2417,#2418,#1096,.T.);
#3004=EDGE_CURVE('',#2418,#2419,#1097,.T.);
#3005=EDGE_CURVE('',#2419,#2414,#1098,.T.);
#3006=EDGE_CURVE('',#2420,#2421,#2107,.T.);
#3007=EDGE_CURVE('',#2340,#2421,#1099,.T.);
#3008=EDGE_CURVE('',#2339,#2420,#1100,.T.);
#3009=EDGE_CURVE('',#2422,#2423,#952,.T.);
#3010=EDGE_CURVE('',#2424,#2423,#1101,.T.);
#3011=EDGE_CURVE('',#2424,#2425,#2108,.T.);
#3012=EDGE_CURVE('',#2425,#2422,#1102,.T.);
#3013=EDGE_CURVE('',#2426,#2427,#953,.T.);
#3014=EDGE_CURVE('',#2426,#2342,#1103,.T.);
#3015=EDGE_CURVE('',#2427,#2341,#1104,.T.);
#3016=EDGE_CURVE('',#2425,#2428,#1105,.T.);
#3017=EDGE_CURVE('',#2343,#2428,#1106,.T.);
#3018=EDGE_CURVE('',#2426,#2422,#1107,.T.);
#3019=EDGE_CURVE('',#2429,#2346,#1108,.T.);
#3020=EDGE_CURVE('',#2429,#2430,#1109,.T.);
#3021=EDGE_CURVE('',#2347,#2430,#1110,.T.);
#3022=EDGE_CURVE('',#2431,#2430,#954,.T.);
#3023=EDGE_CURVE('',#2431,#2348,#1111,.T.);
#3024=EDGE_CURVE('',#2432,#2431,#1112,.T.);
#3025=EDGE_CURVE('',#2433,#2432,#1113,.T.);
#3026=EDGE_CURVE('',#2433,#2434,#1114,.T.);
#3027=EDGE_CURVE('',#2349,#2434,#1115,.T.);
#3028=EDGE_CURVE('',#2432,#2435,#955,.T.);
#3029=EDGE_CURVE('',#2435,#2436,#1116,.T.);
#3030=EDGE_CURVE('',#2436,#2433,#2109,.T.);
#3031=EDGE_CURVE('',#2437,#2435,#1117,.T.);
#3032=EDGE_CURVE('',#2438,#2437,#1118,.T.);
#3033=EDGE_CURVE('',#2436,#2438,#1119,.T.);
#3034=EDGE_CURVE('',#2439,#2438,#2110,.T.);
#3035=EDGE_CURVE('',#2437,#2440,#956,.T.);
#3036=EDGE_CURVE('',#2440,#2439,#1120,.T.);
#3037=EDGE_CURVE('',#2440,#2441,#1121,.T.);
#3038=EDGE_CURVE('',#2442,#2441,#1122,.T.);
#3039=EDGE_CURVE('',#2439,#2442,#1123,.T.);
#3040=EDGE_CURVE('',#2441,#2429,#957,.F.);
#3041=EDGE_CURVE('',#2423,#2443,#958,.T.);
#3042=EDGE_CURVE('',#2443,#2444,#1124,.T.);
#3043=EDGE_CURVE('',#2444,#2424,#2111,.T.);
#3044=EDGE_CURVE('',#2445,#2443,#1125,.T.);
#3045=EDGE_CURVE('',#2446,#2445,#1126,.T.);
#3046=EDGE_CURVE('',#2446,#2444,#1127,.T.);
#3047=EDGE_CURVE('',#2445,#2427,#959,.T.);
#3048=EDGE_CURVE('',#2421,#2446,#2112,.T.);
#3049=EDGE_CURVE('',#2447,#2338,#2113,.T.);
#3050=EDGE_CURVE('',#2447,#2448,#1128,.T.);
#3051=EDGE_CURVE('',#2449,#2448,#2114,.T.);
#3052=EDGE_CURVE('',#2450,#2449,#1129,.T.);
#3053=EDGE_CURVE('',#2451,#2450,#2115,.T.);
#3054=EDGE_CURVE('',#2452,#2451,#1130,.T.);
#3055=EDGE_CURVE('',#2453,#2452,#2116,.T.);
#3056=EDGE_CURVE('',#2454,#2453,#1131,.T.);
#3057=EDGE_CURVE('',#2454,#2455,#1132,.T.);
#3058=EDGE_CURVE('',#2456,#2455,#1133,.T.);
#3059=EDGE_CURVE('',#2457,#2456,#1134,.T.);
#3060=EDGE_CURVE('',#2458,#2457,#1135,.T.);
#3061=EDGE_CURVE('',#2459,#2458,#1136,.T.);
#3062=EDGE_CURVE('',#2460,#2459,#1137,.T.);
#3063=EDGE_CURVE('',#2461,#2460,#1138,.T.);
#3064=EDGE_CURVE('',#2462,#2461,#1139,.T.);
#3065=EDGE_CURVE('',#2462,#2463,#1140,.T.);
#3066=EDGE_CURVE('',#2463,#2464,#1141,.T.);
#3067=EDGE_CURVE('',#2464,#2465,#1142,.T.);
#3068=EDGE_CURVE('',#2465,#2466,#1143,.T.);
#3069=EDGE_CURVE('',#2466,#2467,#1144,.T.);
#3070=EDGE_CURVE('',#2467,#2468,#1145,.T.);
#3071=EDGE_CURVE('',#2469,#2468,#1146,.T.);
#3072=EDGE_CURVE('',#2470,#2469,#1147,.T.);
#3073=EDGE_CURVE('',#2470,#2471,#1148,.T.);
#3074=EDGE_CURVE('',#2472,#2471,#1149,.T.);
#3075=EDGE_CURVE('',#2472,#2473,#1150,.T.);
#3076=EDGE_CURVE('',#2474,#2473,#1151,.T.);
#3077=EDGE_CURVE('',#2475,#2474,#1152,.T.);
#3078=EDGE_CURVE('',#2475,#2476,#1153,.T.);
#3079=EDGE_CURVE('',#2477,#2476,#1154,.T.);
#3080=EDGE_CURVE('',#2477,#2478,#1155,.T.);
#3081=EDGE_CURVE('',#2479,#2478,#1156,.F.);
#3082=EDGE_CURVE('',#2479,#2480,#1157,.T.);
#3083=EDGE_CURVE('',#2481,#2480,#1158,.T.);
#3084=EDGE_CURVE('',#2481,#2482,#1159,.T.);
#3085=EDGE_CURVE('',#2483,#2482,#1160,.F.);
#3086=EDGE_CURVE('',#2434,#2483,#2117,.T.);
#3087=EDGE_CURVE('',#2484,#2442,#2118,.T.);
#3088=EDGE_CURVE('',#2485,#2484,#1161,.T.);
#3089=EDGE_CURVE('',#2428,#2485,#2119,.T.);
#3090=EDGE_CURVE('',#2336,#2420,#1162,.T.);
#3091=EDGE_CURVE('',#2486,#2486,#2120,.T.);
#3092=EDGE_CURVE('',#2487,#2487,#2121,.T.);
#3093=EDGE_CURVE('',#2488,#2489,#1163,.T.);
#3094=EDGE_CURVE('',#2490,#2488,#2122,.T.);
#3095=EDGE_CURVE('',#2491,#2490,#1164,.T.);
#3096=EDGE_CURVE('',#2492,#2491,#2123,.T.);
#3097=EDGE_CURVE('',#2493,#2492,#1165,.T.);
#3098=EDGE_CURVE('',#2494,#2493,#2124,.T.);
#3099=EDGE_CURVE('',#2495,#2494,#1166,.T.);
#3100=EDGE_CURVE('',#2489,#2495,#2125,.T.);
#3101=EDGE_CURVE('',#2345,#2484,#1167,.T.);
#3102=EDGE_CURVE('',#2485,#2344,#1168,.T.);
#3103=EDGE_CURVE('',#2369,#2447,#1169,.T.);
#3104=EDGE_CURVE('',#2496,#2483,#15,.F.);
#3105=EDGE_CURVE('',#2496,#2350,#1170,.T.);
#3106=EDGE_CURVE('',#2497,#2496,#2126,.T.);
#3107=EDGE_CURVE('',#2497,#2498,#1171,.T.);
#3108=EDGE_CURVE('',#2351,#2498,#1172,.T.);
#3109=EDGE_CURVE('',#2499,#2500,#2127,.T.);
#3110=EDGE_CURVE('',#2499,#2494,#1173,.T.);
#3111=EDGE_CURVE('',#2493,#2500,#1174,.T.);
#3112=EDGE_CURVE('',#2501,#2500,#1175,.T.);
#3113=EDGE_CURVE('',#2501,#2502,#1176,.T.);
#3114=EDGE_CURVE('',#2502,#2503,#1177,.T.);
#3115=EDGE_CURVE('',#2503,#2499,#1178,.T.);
#3116=EDGE_CURVE('',#2504,#2492,#1179,.T.);
#3117=EDGE_CURVE('',#2504,#2505,#1180,.T.);
#3118=EDGE_CURVE('',#2505,#2273,#1181,.T.);
#3119=EDGE_CURVE('',#2272,#2501,#1182,.T.);
#3120=EDGE_CURVE('',#2506,#2503,#1183,.T.);
#3121=EDGE_CURVE('',#2507,#2506,#1184,.T.);
#3122=EDGE_CURVE('',#2508,#2507,#1185,.T.);
#3123=EDGE_CURVE('',#2509,#2508,#1186,.T.);
#3124=EDGE_CURVE('',#2495,#2509,#1187,.T.);
#3125=EDGE_CURVE('',#2271,#2510,#1188,.T.);
#3126=EDGE_CURVE('',#2510,#2502,#1189,.T.);
#3127=EDGE_CURVE('',#2448,#2368,#1190,.T.);
#3128=EDGE_CURVE('',#2490,#2511,#1191,.T.);
#3129=EDGE_CURVE('',#2512,#2511,#1192,.T.);
#3130=EDGE_CURVE('',#2513,#2512,#1193,.T.);
#3131=EDGE_CURVE('',#2514,#2513,#1194,.T.);
#3132=EDGE_CURVE('',#2515,#2514,#1195,.T.);
#3133=EDGE_CURVE('',#2516,#2515,#1196,.T.);
#3134=EDGE_CURVE('',#2516,#2491,#1197,.T.);
#3135=EDGE_CURVE('',#2488,#2517,#1198,.T.);
#3136=EDGE_CURVE('',#2511,#2517,#2128,.T.);
#3137=EDGE_CURVE('',#2518,#2519,#1199,.T.);
#3138=EDGE_CURVE('',#2520,#2518,#1200,.T.);
#3139=EDGE_CURVE('',#2517,#2520,#1201,.T.);
#3140=EDGE_CURVE('',#2521,#2489,#1202,.T.);
#3141=EDGE_CURVE('',#2522,#2521,#1203,.T.);
#3142=EDGE_CURVE('',#2519,#2522,#1204,.T.);
#3143=EDGE_CURVE('',#2521,#2509,#2129,.T.);
#3144=EDGE_CURVE('',#2514,#2523,#1205,.T.);
#3145=EDGE_CURVE('',#2524,#2513,#1206,.T.);
#3146=EDGE_CURVE('',#2524,#2523,#1207,.T.);
#3147=EDGE_CURVE('',#2525,#2523,#1208,.T.);
#3148=EDGE_CURVE('',#2525,#2526,#1209,.T.);
#3149=EDGE_CURVE('',#2526,#2515,#1210,.T.);
#3150=EDGE_CURVE('',#2274,#2525,#1211,.T.);
#3151=EDGE_CURVE('',#2524,#2527,#1212,.T.);
#3152=EDGE_CURVE('',#2527,#2528,#1213,.T.);
#3153=EDGE_CURVE('',#2529,#2528,#1214,.T.);
#3154=EDGE_CURVE('',#2529,#2530,#1215,.T.);
#3155=EDGE_CURVE('',#2530,#2531,#1216,.T.);
#3156=EDGE_CURVE('',#2532,#2531,#1217,.T.);
#3157=EDGE_CURVE('',#2510,#2532,#1218,.T.);
#3158=EDGE_CURVE('',#2533,#2533,#2130,.T.);
#3159=EDGE_CURVE('',#2534,#2534,#2131,.T.);
#3160=EDGE_CURVE('',#2505,#2526,#1219,.T.);
#3161=EDGE_CURVE('',#2532,#2506,#1220,.T.);
#3162=EDGE_CURVE('',#2507,#2531,#1221,.T.);
#3163=EDGE_CURVE('',#2518,#2528,#1222,.T.);
#3164=EDGE_CURVE('',#2529,#2519,#1223,.T.);
#3165=EDGE_CURVE('',#2527,#2535,#1224,.T.);
#3166=EDGE_CURVE('',#2535,#2520,#1225,.T.);
#3167=EDGE_CURVE('',#2536,#2508,#1226,.T.);
#3168=EDGE_CURVE('',#2536,#2522,#1227,.T.);
#3169=EDGE_CURVE('',#2536,#2530,#1228,.T.);
#3170=EDGE_CURVE('',#2504,#2516,#2132,.T.);
#3171=EDGE_CURVE('',#2537,#2538,#2133,.T.);
#3172=EDGE_CURVE('',#2538,#2539,#1229,.T.);
#3173=EDGE_CURVE('',#2539,#2537,#1230,.T.);
#3174=EDGE_CURVE('',#2540,#2541,#2134,.T.);
#3175=EDGE_CURVE('',#2541,#2542,#1231,.T.);
#3176=EDGE_CURVE('',#2542,#2540,#1232,.T.);
#3177=EDGE_CURVE('',#2543,#2544,#2135,.T.);
#3178=EDGE_CURVE('',#2544,#2545,#1233,.T.);
#3179=EDGE_CURVE('',#2545,#2543,#1234,.T.);
#3180=EDGE_CURVE('',#2546,#2547,#2136,.T.);
#3181=EDGE_CURVE('',#2547,#2548,#1235,.T.);
#3182=EDGE_CURVE('',#2548,#2546,#1236,.T.);
#3183=EDGE_CURVE('',#2549,#2550,#2137,.T.);
#3184=EDGE_CURVE('',#2550,#2551,#1237,.T.);
#3185=EDGE_CURVE('',#2551,#2549,#1238,.T.);
#3186=EDGE_CURVE('',#2552,#2553,#2138,.T.);
#3187=EDGE_CURVE('',#2553,#2554,#2139,.T.);
#3188=EDGE_CURVE('',#2554,#2555,#1239,.T.);
#3189=EDGE_CURVE('',#2555,#2552,#1240,.T.);
#3190=EDGE_CURVE('',#2556,#2557,#2140,.T.);
#3191=EDGE_CURVE('',#2557,#2558,#1241,.T.);
#3192=EDGE_CURVE('',#2558,#2556,#1242,.T.);
#3193=EDGE_CURVE('',#2559,#2560,#2141,.T.);
#3194=EDGE_CURVE('',#2560,#2561,#1243,.T.);
#3195=EDGE_CURVE('',#2561,#2559,#1244,.T.);
#3196=EDGE_CURVE('',#2562,#2563,#2142,.T.);
#3197=EDGE_CURVE('',#2563,#2564,#1245,.T.);
#3198=EDGE_CURVE('',#2564,#2562,#1246,.T.);
#3199=EDGE_CURVE('',#2565,#2566,#2143,.T.);
#3200=EDGE_CURVE('',#2566,#2567,#1247,.T.);
#3201=EDGE_CURVE('',#2567,#2565,#1248,.T.);
#3202=EDGE_CURVE('',#2568,#2569,#2144,.T.);
#3203=EDGE_CURVE('',#2569,#2570,#1249,.T.);
#3204=EDGE_CURVE('',#2570,#2568,#1250,.T.);
#3205=EDGE_CURVE('',#2571,#2572,#2145,.T.);
#3206=EDGE_CURVE('',#2572,#2573,#2146,.T.);
#3207=EDGE_CURVE('',#2573,#2574,#1251,.T.);
#3208=EDGE_CURVE('',#2574,#2571,#1252,.T.);
#3209=EDGE_CURVE('',#2575,#2575,#2147,.T.);
#3210=EDGE_CURVE('',#2575,#2553,#1253,.T.);
#3211=EDGE_CURVE('',#2552,#2550,#62,.T.);
#3212=EDGE_CURVE('',#2549,#2547,#63,.T.);
#3213=EDGE_CURVE('',#2546,#2544,#64,.T.);
#3214=EDGE_CURVE('',#2543,#2541,#65,.T.);
#3215=EDGE_CURVE('',#2540,#2538,#66,.T.);
#3216=EDGE_CURVE('',#2537,#2554,#67,.T.);
#3217=EDGE_CURVE('',#2576,#2576,#2148,.T.);
#3218=EDGE_CURVE('',#2576,#2572,#1254,.T.);
#3219=EDGE_CURVE('',#2571,#2569,#68,.T.);
#3220=EDGE_CURVE('',#2568,#2566,#69,.T.);
#3221=EDGE_CURVE('',#2565,#2563,#70,.T.);
#3222=EDGE_CURVE('',#2562,#2560,#71,.T.);
#3223=EDGE_CURVE('',#2559,#2557,#72,.T.);
#3224=EDGE_CURVE('',#2556,#2573,#73,.T.);
#3225=EDGE_CURVE('',#2370,#2555,#1255,.T.);
#3226=EDGE_CURVE('',#2372,#2539,#1256,.T.);
#3227=EDGE_CURVE('',#2373,#2542,#1257,.T.);
#3228=EDGE_CURVE('',#2374,#2545,#1258,.T.);
#3229=EDGE_CURVE('',#2375,#2548,#1259,.T.);
#3230=EDGE_CURVE('',#2371,#2551,#1260,.T.);
#3231=EDGE_CURVE('',#2376,#2574,#1261,.T.);
#3232=EDGE_CURVE('',#2378,#2558,#1262,.T.);
#3233=EDGE_CURVE('',#2379,#2561,#1263,.T.);
#3234=EDGE_CURVE('',#2380,#2564,#1264,.T.);
#3235=EDGE_CURVE('',#2381,#2567,#1265,.T.);
#3236=EDGE_CURVE('',#2377,#2570,#1266,.T.);
#3237=EDGE_CURVE('',#2575,#2577,#1267,.T.);
#3238=EDGE_CURVE('',#2577,#2577,#2149,.T.);
#3239=EDGE_CURVE('',#2576,#2578,#1268,.T.);
#3240=EDGE_CURVE('',#2578,#2578,#2150,.T.);
#3241=EDGE_CURVE('',#2579,#2579,#2151,.T.);
#3242=EDGE_CURVE('',#2580,#2580,#2152,.T.);
#3243=EDGE_CURVE('',#2535,#2512,#1269,.T.);
#3244=EDGE_CURVE('',#2533,#2579,#1270,.T.);
#3245=EDGE_CURVE('',#2534,#2580,#1271,.T.);
#3246=EDGE_CURVE('',#2365,#2451,#1272,.T.);
#3247=EDGE_CURVE('',#2450,#2366,#1273,.T.);
#3248=EDGE_CURVE('',#2452,#2364,#1274,.T.);
#3249=EDGE_CURVE('',#2367,#2449,#1275,.T.);
#3250=EDGE_CURVE('',#2581,#2581,#2153,.T.);
#3251=EDGE_CURVE('',#2581,#2582,#1276,.T.);
#3252=EDGE_CURVE('',#2583,#2582,#74,.T.);
#3253=EDGE_CURVE('',#2583,#2584,#2154,.T.);
#3254=EDGE_CURVE('',#2585,#2584,#75,.T.);
#3255=EDGE_CURVE('',#2585,#2586,#2155,.T.);
#3256=EDGE_CURVE('',#2587,#2586,#76,.T.);
#3257=EDGE_CURVE('',#2587,#2588,#2156,.T.);
#3258=EDGE_CURVE('',#2589,#2588,#77,.T.);
#3259=EDGE_CURVE('',#2589,#2590,#2157,.T.);
#3260=EDGE_CURVE('',#2591,#2590,#78,.T.);
#3261=EDGE_CURVE('',#2591,#2592,#2158,.T.);
#3262=EDGE_CURVE('',#2593,#2592,#79,.T.);
#3263=EDGE_CURVE('',#2593,#2594,#2159,.T.);
#3264=EDGE_CURVE('',#2582,#2594,#80,.T.);
#3265=EDGE_CURVE('',#2595,#2583,#1277,.T.);
#3266=EDGE_CURVE('',#2584,#2595,#1278,.T.);
#3267=EDGE_CURVE('',#2596,#2585,#1279,.T.);
#3268=EDGE_CURVE('',#2586,#2596,#1280,.T.);
#3269=EDGE_CURVE('',#2597,#2593,#1281,.T.);
#3270=EDGE_CURVE('',#2594,#2597,#1282,.T.);
#3271=EDGE_CURVE('',#2598,#2587,#1283,.T.);
#3272=EDGE_CURVE('',#2588,#2598,#1284,.T.);
#3273=EDGE_CURVE('',#2599,#2591,#1285,.T.);
#3274=EDGE_CURVE('',#2592,#2599,#1286,.T.);
#3275=EDGE_CURVE('',#2581,#2600,#1287,.T.);
#3276=EDGE_CURVE('',#2600,#2600,#2160,.T.);
#3277=EDGE_CURVE('',#2601,#2602,#2161,.T.);
#3278=EDGE_CURVE('',#2602,#2603,#1288,.T.);
#3279=EDGE_CURVE('',#2604,#2603,#81,.T.);
#3280=EDGE_CURVE('',#2604,#2605,#2162,.T.);
#3281=EDGE_CURVE('',#2606,#2605,#82,.T.);
#3282=EDGE_CURVE('',#2606,#2607,#2163,.T.);
#3283=EDGE_CURVE('',#2608,#2607,#83,.T.);
#3284=EDGE_CURVE('',#2608,#2609,#2164,.T.);
#3285=EDGE_CURVE('',#2610,#2609,#84,.T.);
#3286=EDGE_CURVE('',#2610,#2611,#2165,.T.);
#3287=EDGE_CURVE('',#2612,#2611,#85,.T.);
#3288=EDGE_CURVE('',#2612,#2613,#2166,.T.);
#3289=EDGE_CURVE('',#2614,#2613,#86,.T.);
#3290=EDGE_CURVE('',#2614,#2615,#2167,.T.);
#3291=EDGE_CURVE('',#2603,#2615,#87,.T.);
#3292=EDGE_CURVE('',#2602,#2601,#2168,.T.);
#3293=EDGE_CURVE('',#2616,#2604,#1289,.T.);
#3294=EDGE_CURVE('',#2605,#2616,#1290,.T.);
#3295=EDGE_CURVE('',#2617,#2606,#1291,.T.);
#3296=EDGE_CURVE('',#2607,#2617,#1292,.T.);
#3297=EDGE_CURVE('',#2618,#2614,#1293,.T.);
#3298=EDGE_CURVE('',#2615,#2618,#1294,.T.);
#3299=EDGE_CURVE('',#2619,#2608,#1295,.T.);
#3300=EDGE_CURVE('',#2609,#2619,#1296,.T.);
#3301=EDGE_CURVE('',#2620,#2612,#1297,.T.);
#3302=EDGE_CURVE('',#2613,#2620,#1298,.T.);
#3303=EDGE_CURVE('',#2601,#2486,#1299,.T.);
#3304=EDGE_CURVE('',#2621,#2621,#2169,.T.);
#3305=EDGE_CURVE('',#2621,#2622,#1300,.T.);
#3306=EDGE_CURVE('',#2623,#2622,#88,.T.);
#3307=EDGE_CURVE('',#2623,#2624,#2170,.T.);
#3308=EDGE_CURVE('',#2625,#2624,#89,.T.);
#3309=EDGE_CURVE('',#2625,#2626,#2171,.T.);
#3310=EDGE_CURVE('',#2627,#2626,#90,.T.);
#3311=EDGE_CURVE('',#2627,#2628,#2172,.T.);
#3312=EDGE_CURVE('',#2629,#2628,#91,.T.);
#3313=EDGE_CURVE('',#2629,#2630,#2173,.T.);
#3314=EDGE_CURVE('',#2631,#2630,#92,.T.);
#3315=EDGE_CURVE('',#2631,#2632,#2174,.T.);
#3316=EDGE_CURVE('',#2633,#2632,#93,.T.);
#3317=EDGE_CURVE('',#2633,#2634,#2175,.T.);
#3318=EDGE_CURVE('',#2622,#2634,#94,.T.);
#3319=EDGE_CURVE('',#2635,#2623,#1301,.T.);
#3320=EDGE_CURVE('',#2624,#2635,#1302,.T.);
#3321=EDGE_CURVE('',#2636,#2625,#1303,.T.);
#3322=EDGE_CURVE('',#2626,#2636,#1304,.T.);
#3323=EDGE_CURVE('',#2637,#2633,#1305,.T.);
#3324=EDGE_CURVE('',#2634,#2637,#1306,.T.);
#3325=EDGE_CURVE('',#2638,#2627,#1307,.T.);
#3326=EDGE_CURVE('',#2628,#2638,#1308,.T.);
#3327=EDGE_CURVE('',#2639,#2631,#1309,.T.);
#3328=EDGE_CURVE('',#2632,#2639,#1310,.T.);
#3329=EDGE_CURVE('',#2621,#2487,#1311,.T.);
#3330=EDGE_CURVE('',#2414,#2596,#1312,.T.);
#3331=EDGE_CURVE('',#2415,#2595,#1313,.T.);
#3332=EDGE_CURVE('',#2419,#2598,#1314,.T.);
#3333=EDGE_CURVE('',#2418,#2640,#1315,.T.);
#3334=EDGE_CURVE('',#2640,#2589,#1316,.T.);
#3335=EDGE_CURVE('',#2417,#2599,#1317,.T.);
#3336=EDGE_CURVE('',#2590,#2640,#1318,.T.);
#3337=EDGE_CURVE('',#2416,#2597,#1319,.T.);
#3338=EDGE_CURVE('',#2408,#2636,#1320,.T.);
#3339=EDGE_CURVE('',#2409,#2635,#1321,.T.);
#3340=EDGE_CURVE('',#2413,#2638,#1322,.T.);
#3341=EDGE_CURVE('',#2412,#2641,#1323,.T.);
#3342=EDGE_CURVE('',#2641,#2629,#1324,.T.);
#3343=EDGE_CURVE('',#2411,#2639,#1325,.T.);
#3344=EDGE_CURVE('',#2630,#2641,#1326,.T.);
#3345=EDGE_CURVE('',#2410,#2637,#1327,.T.);
#3346=EDGE_CURVE('',#2402,#2617,#1328,.T.);
#3347=EDGE_CURVE('',#2403,#2616,#1329,.T.);
#3348=EDGE_CURVE('',#2407,#2619,#1330,.T.);
#3349=EDGE_CURVE('',#2406,#2642,#1331,.T.);
#3350=EDGE_CURVE('',#2642,#2610,#1332,.T.);
#3351=EDGE_CURVE('',#2405,#2620,#1333,.T.);
#3352=EDGE_CURVE('',#2611,#2642,#1334,.T.);
#3353=EDGE_CURVE('',#2404,#2618,#1335,.T.);
#3354=EDGE_CURVE('',#2363,#2453,#1336,.T.);
#3355=EDGE_CURVE('',#2498,#2643,#2176,.T.);
#3356=EDGE_CURVE('',#2643,#2352,#1337,.T.);
#3357=EDGE_CURVE('',#2644,#2482,#2177,.T.);
#3358=EDGE_CURVE('',#2644,#2497,#1338,.T.);
#3359=EDGE_CURVE('',#2645,#2481,#2178,.T.);
#3360=EDGE_CURVE('',#2644,#2645,#1339,.T.);
#3361=EDGE_CURVE('',#2480,#2646,#2179,.T.);
#3362=EDGE_CURVE('',#2646,#2645,#1340,.T.);
#3363=EDGE_CURVE('',#2479,#2647,#2180,.T.);
#3364=EDGE_CURVE('',#2648,#2478,#2181,.T.);
#3365=EDGE_CURVE('',#2647,#2648,#1341,.T.);
#3366=EDGE_CURVE('',#2643,#2649,#1342,.T.);
#3367=EDGE_CURVE('',#2353,#2649,#1343,.T.);
#3368=EDGE_CURVE('',#2473,#2470,#2182,.T.);
#3369=EDGE_CURVE('',#2469,#2474,#2183,.T.);
#3370=EDGE_CURVE('',#2471,#2472,#2184,.T.);
#3371=EDGE_CURVE('',#2355,#2650,#2185,.T.);
#3372=EDGE_CURVE('',#2651,#2354,#1344,.T.);
#3373=EDGE_CURVE('',#2652,#2651,#1345,.T.);
#3374=EDGE_CURVE('',#2650,#2652,#2186,.T.);
#3375=EDGE_CURVE('',#2653,#2654,#1346,.T.);
#3376=EDGE_CURVE('',#2653,#2655,#1347,.T.);
#3377=EDGE_CURVE('',#2656,#2655,#1348,.T.);
#3378=EDGE_CURVE('',#2657,#2656,#1349,.T.);
#3379=EDGE_CURVE('',#2657,#2658,#1350,.T.);
#3380=EDGE_CURVE('',#2659,#2658,#1351,.T.);
#3381=EDGE_CURVE('',#2660,#2659,#1352,.T.);
#3382=EDGE_CURVE('',#2661,#2660,#1353,.T.);
#3383=EDGE_CURVE('',#2661,#2662,#1354,.T.);
#3384=EDGE_CURVE('',#2663,#2662,#1355,.T.);
#3385=EDGE_CURVE('',#2663,#2664,#1356,.T.);
#3386=EDGE_CURVE('',#2664,#2665,#1357,.T.);
#3387=EDGE_CURVE('',#2665,#2666,#1358,.T.);
#3388=EDGE_CURVE('',#2666,#2667,#1359,.T.);
#3389=EDGE_CURVE('',#2667,#2668,#1360,.T.);
#3390=EDGE_CURVE('',#2652,#2668,#1361,.T.);
#3391=EDGE_CURVE('',#2649,#2651,#2187,.T.);
#3392=EDGE_CURVE('',#2646,#2669,#1362,.T.);
#3393=EDGE_CURVE('',#2670,#2669,#1363,.T.);
#3394=EDGE_CURVE('',#2671,#2670,#1364,.T.);
#3395=EDGE_CURVE('',#2672,#2671,#1365,.T.);
#3396=EDGE_CURVE('',#2673,#2672,#1366,.T.);
#3397=EDGE_CURVE('',#2673,#2654,#1367,.T.);
#3398=EDGE_CURVE('',#2674,#2674,#2188,.T.);
#3399=EDGE_CURVE('',#2654,#2653,#2189,.T.);
#3400=EDGE_CURVE('',#2464,#2675,#2190,.T.);
#3401=EDGE_CURVE('',#2675,#2676,#1368,.T.);
#3402=EDGE_CURVE('',#2676,#2465,#2191,.T.);
#3403=EDGE_CURVE('',#2677,#2463,#2192,.T.);
#3404=EDGE_CURVE('',#2677,#2675,#1369,.T.);
#3405=EDGE_CURVE('',#2462,#2678,#2193,.T.);
#3406=EDGE_CURVE('',#2678,#2677,#1370,.T.);
#3407=EDGE_CURVE('',#2679,#2461,#2194,.T.);
#3408=EDGE_CURVE('',#2679,#2678,#1371,.T.);
#3409=EDGE_CURVE('',#2680,#2460,#2195,.T.);
#3410=EDGE_CURVE('',#2680,#2679,#1372,.T.);
#3411=EDGE_CURVE('',#2681,#2459,#2196,.T.);
#3412=EDGE_CURVE('',#2681,#2680,#1373,.T.);
#3413=EDGE_CURVE('',#2682,#2681,#1374,.T.);
#3414=EDGE_CURVE('',#2458,#2682,#2197,.T.);
#3415=EDGE_CURVE('',#2457,#2683,#2198,.T.);
#3416=EDGE_CURVE('',#2683,#2682,#1375,.T.);
#3417=EDGE_CURVE('',#2684,#2456,#2199,.T.);
#3418=EDGE_CURVE('',#2684,#2683,#1376,.T.);
#3419=EDGE_CURVE('',#2455,#2685,#2200,.T.);
#3420=EDGE_CURVE('',#2685,#2684,#1377,.T.);
#3421=EDGE_CURVE('',#2686,#2687,#2201,.T.);
#3422=EDGE_CURVE('',#2685,#2686,#1378,.T.);
#3423=EDGE_CURVE('',#2454,#2687,#2202,.T.);
#3424=EDGE_CURVE('',#2668,#2688,#2203,.T.);
#3425=EDGE_CURVE('',#2688,#2689,#1379,.T.);
#3426=EDGE_CURVE('',#2689,#2650,#2204,.T.);
#3427=EDGE_CURVE('',#2690,#2667,#2205,.T.);
#3428=EDGE_CURVE('',#2688,#2690,#1380,.T.);
#3429=EDGE_CURVE('',#2666,#2691,#2206,.T.);
#3430=EDGE_CURVE('',#2690,#2691,#1381,.T.);
#3431=EDGE_CURVE('',#2665,#2692,#2207,.T.);
#3432=EDGE_CURVE('',#2691,#2692,#1382,.T.);
#3433=EDGE_CURVE('',#2664,#2693,#2208,.T.);
#3434=EDGE_CURVE('',#2692,#2693,#1383,.T.);
#3435=EDGE_CURVE('',#2694,#2663,#2209,.T.);
#3436=EDGE_CURVE('',#2693,#2694,#1384,.T.);
#3437=EDGE_CURVE('',#2662,#2695,#2210,.T.);
#3438=EDGE_CURVE('',#2694,#2695,#1385,.T.);
#3439=EDGE_CURVE('',#2696,#2661,#2211,.T.);
#3440=EDGE_CURVE('',#2695,#2696,#1386,.T.);
#3441=EDGE_CURVE('',#2660,#2697,#2212,.T.);
#3442=EDGE_CURVE('',#2696,#2697,#1387,.T.);
#3443=EDGE_CURVE('',#2698,#2659,#2213,.T.);
#3444=EDGE_CURVE('',#2697,#2698,#1388,.T.);
#3445=EDGE_CURVE('',#2658,#2699,#2214,.T.);
#3446=EDGE_CURVE('',#2698,#2699,#1389,.T.);
#3447=EDGE_CURVE('',#2657,#2700,#2215,.T.);
#3448=EDGE_CURVE('',#2699,#2700,#1390,.T.);
#3449=EDGE_CURVE('',#2701,#2702,#1391,.T.);
#3450=EDGE_CURVE('',#2701,#2703,#2216,.T.);
#3451=EDGE_CURVE('',#2703,#2700,#1392,.F.);
#3452=EDGE_CURVE('',#2704,#2656,#2217,.T.);
#3453=EDGE_CURVE('',#2704,#2705,#1393,.T.);
#3454=EDGE_CURVE('',#2705,#2702,#2218,.T.);
#3455=EDGE_CURVE('',#2706,#2701,#1394,.T.);
#3456=EDGE_CURVE('',#2702,#2707,#1395,.T.);
#3457=EDGE_CURVE('',#2707,#2706,#1396,.T.);
#3458=EDGE_CURVE('',#2708,#2709,#2219,.T.);
#3459=EDGE_CURVE('',#2708,#2710,#1397,.T.);
#3460=EDGE_CURVE('',#2711,#2710,#2220,.T.);
#3461=EDGE_CURVE('',#2711,#2709,#1398,.F.);
#3462=EDGE_CURVE('',#2705,#2712,#2221,.F.);
#3463=EDGE_CURVE('',#2713,#2704,#2222,.F.);
#3464=EDGE_CURVE('',#2712,#2713,#1399,.T.);
#3465=EDGE_CURVE('',#2382,#2714,#1400,.T.);
#3466=EDGE_CURVE('',#2714,#2714,#2223,.T.);
#3467=EDGE_CURVE('',#2383,#2715,#1401,.T.);
#3468=EDGE_CURVE('',#2715,#2715,#2224,.T.);
#3469=EDGE_CURVE('',#2655,#2673,#2225,.T.);
#3470=EDGE_CURVE('',#2687,#2362,#2226,.T.);
#3471=EDGE_CURVE('',#2362,#2716,#2227,.T.);
#3472=EDGE_CURVE('',#2716,#2717,#960,.T.);
#3473=EDGE_CURVE('',#2717,#2686,#1402,.T.);
#3474=EDGE_CURVE('',#2689,#2718,#1403,.T.);
#3475=EDGE_CURVE('',#2719,#2718,#961,.F.);
#3476=EDGE_CURVE('',#2719,#2355,#2228,.T.);
#3477=EDGE_CURVE('',#2720,#2721,#1404,.T.);
#3478=EDGE_CURVE('',#2722,#2720,#1405,.T.);
#3479=EDGE_CURVE('',#2723,#2722,#1406,.T.);
#3480=EDGE_CURVE('',#2724,#2723,#1407,.T.);
#3481=EDGE_CURVE('',#2725,#2724,#1408,.T.);
#3482=EDGE_CURVE('',#2721,#2725,#1409,.T.);
#3483=EDGE_CURVE('',#2726,#2727,#1410,.T.);
#3484=EDGE_CURVE('',#2726,#2720,#1411,.T.);
#3485=EDGE_CURVE('',#2727,#2721,#1412,.T.);
#3486=EDGE_CURVE('',#2727,#2728,#1413,.T.);
#3487=EDGE_CURVE('',#2728,#2725,#1414,.T.);
#3488=EDGE_CURVE('',#2728,#2729,#1415,.T.);
#3489=EDGE_CURVE('',#2729,#2724,#1416,.T.);
#3490=EDGE_CURVE('',#2729,#2730,#1417,.T.);
#3491=EDGE_CURVE('',#2730,#2723,#1418,.T.);
#3492=EDGE_CURVE('',#2730,#2731,#1419,.T.);
#3493=EDGE_CURVE('',#2731,#2722,#1420,.T.);
#3494=EDGE_CURVE('',#2731,#2726,#1421,.T.);
#3495=EDGE_CURVE('',#2732,#2733,#1422,.T.);
#3496=EDGE_CURVE('',#2734,#2732,#1423,.T.);
#3497=EDGE_CURVE('',#2735,#2734,#1424,.T.);
#3498=EDGE_CURVE('',#2736,#2735,#1425,.T.);
#3499=EDGE_CURVE('',#2737,#2736,#1426,.T.);
#3500=EDGE_CURVE('',#2733,#2737,#1427,.T.);
#3501=EDGE_CURVE('',#2738,#2739,#1428,.T.);
#3502=EDGE_CURVE('',#2738,#2732,#1429,.T.);
#3503=EDGE_CURVE('',#2739,#2733,#1430,.T.);
#3504=EDGE_CURVE('',#2739,#2740,#1431,.T.);
#3505=EDGE_CURVE('',#2740,#2737,#1432,.T.);
#3506=EDGE_CURVE('',#2740,#2741,#1433,.T.);
#3507=EDGE_CURVE('',#2741,#2736,#1434,.T.);
#3508=EDGE_CURVE('',#2741,#2742,#1435,.T.);
#3509=EDGE_CURVE('',#2742,#2735,#1436,.T.);
#3510=EDGE_CURVE('',#2742,#2743,#1437,.T.);
#3511=EDGE_CURVE('',#2743,#2734,#1438,.T.);
#3512=EDGE_CURVE('',#2743,#2738,#1439,.T.);
#3513=EDGE_CURVE('',#2744,#2745,#2229,.T.);
#3514=EDGE_CURVE('',#2718,#2744,#1440,.T.);
#3515=EDGE_CURVE('',#2703,#2709,#1441,.T.);
#3516=EDGE_CURVE('',#2711,#2676,#1442,.T.);
#3517=EDGE_CURVE('',#2746,#2717,#1443,.T.);
#3518=EDGE_CURVE('',#2747,#2746,#2230,.T.);
#3519=EDGE_CURVE('',#2747,#2745,#1444,.F.);
#3520=EDGE_CURVE('',#2748,#2748,#2231,.T.);
#3521=EDGE_CURVE('',#2749,#2749,#2232,.T.);
#3522=EDGE_CURVE('',#2716,#2361,#1445,.T.);
#3523=EDGE_CURVE('',#2356,#2719,#1446,.T.);
#3524=EDGE_CURVE('',#2745,#2358,#1447,.T.);
#3525=EDGE_CURVE('',#2359,#2747,#1448,.T.);
#3526=EDGE_CURVE('',#2357,#2744,#1449,.T.);
#3527=EDGE_CURVE('',#2746,#2360,#1450,.T.);
#3528=EDGE_CURVE('',#2750,#2751,#2233,.T.);
#3529=EDGE_CURVE('',#2752,#2750,#1451,.T.);
#3530=EDGE_CURVE('',#2751,#2752,#1452,.T.);
#3531=EDGE_CURVE('',#2385,#2753,#1453,.T.);
#3532=EDGE_CURVE('',#2753,#2754,#1454,.T.);
#3533=EDGE_CURVE('',#2754,#2755,#95,.T.);
#3534=EDGE_CURVE('',#2755,#2756,#96,.T.);
#3535=EDGE_CURVE('',#2756,#2757,#1455,.T.);
#3536=EDGE_CURVE('',#2386,#2757,#1456,.T.);
#3537=EDGE_CURVE('',#2757,#2758,#1457,.T.);
#3538=EDGE_CURVE('',#2758,#2759,#97,.T.);
#3539=EDGE_CURVE('',#2759,#2760,#1458,.T.);
#3540=EDGE_CURVE('',#2387,#2760,#1459,.T.);
#3541=EDGE_CURVE('',#2760,#2761,#1460,.T.);
#3542=EDGE_CURVE('',#2761,#2751,#98,.T.);
#3543=EDGE_CURVE('',#2388,#2752,#1461,.T.);
#3544=EDGE_CURVE('',#2750,#2762,#99,.T.);
#3545=EDGE_CURVE('',#2762,#2763,#1462,.T.);
#3546=EDGE_CURVE('',#2389,#2763,#1463,.T.);
#3547=EDGE_CURVE('',#2763,#2764,#1464,.T.);
#3548=EDGE_CURVE('',#2764,#2765,#100,.T.);
#3549=EDGE_CURVE('',#2765,#2766,#1465,.T.);
#3550=EDGE_CURVE('',#2384,#2766,#1466,.T.);
#3551=EDGE_CURVE('',#2766,#2767,#1467,.T.);
#3552=EDGE_CURVE('',#2767,#2768,#101,.T.);
#3553=EDGE_CURVE('',#2768,#2753,#1468,.T.);
#3554=EDGE_CURVE('',#2769,#2770,#2234,.T.);
#3555=EDGE_CURVE('',#2771,#2769,#1469,.T.);
#3556=EDGE_CURVE('',#2770,#2771,#1470,.T.);
#3557=EDGE_CURVE('',#2391,#2772,#1471,.T.);
#3558=EDGE_CURVE('',#2772,#2773,#1472,.T.);
#3559=EDGE_CURVE('',#2773,#2774,#102,.T.);
#3560=EDGE_CURVE('',#2774,#2775,#103,.T.);
#3561=EDGE_CURVE('',#2775,#2776,#1473,.T.);
#3562=EDGE_CURVE('',#2392,#2776,#1474,.T.);
#3563=EDGE_CURVE('',#2776,#2777,#1475,.T.);
#3564=EDGE_CURVE('',#2777,#2778,#104,.T.);
#3565=EDGE_CURVE('',#2778,#2779,#1476,.T.);
#3566=EDGE_CURVE('',#2393,#2779,#1477,.T.);
#3567=EDGE_CURVE('',#2779,#2780,#1478,.T.);
#3568=EDGE_CURVE('',#2780,#2770,#105,.T.);
#3569=EDGE_CURVE('',#2394,#2771,#1479,.T.);
#3570=EDGE_CURVE('',#2769,#2781,#106,.T.);
#3571=EDGE_CURVE('',#2781,#2782,#1480,.T.);
#3572=EDGE_CURVE('',#2395,#2782,#1481,.T.);
#3573=EDGE_CURVE('',#2782,#2783,#1482,.T.);
#3574=EDGE_CURVE('',#2783,#2784,#107,.T.);
#3575=EDGE_CURVE('',#2784,#2785,#1483,.T.);
#3576=EDGE_CURVE('',#2390,#2785,#1484,.T.);
#3577=EDGE_CURVE('',#2785,#2786,#1485,.T.);
#3578=EDGE_CURVE('',#2786,#2787,#108,.T.);
#3579=EDGE_CURVE('',#2787,#2772,#1486,.T.);
#3580=EDGE_CURVE('',#2788,#2789,#2235,.T.);
#3581=EDGE_CURVE('',#2790,#2788,#1487,.T.);
#3582=EDGE_CURVE('',#2789,#2790,#1488,.T.);
#3583=EDGE_CURVE('',#2397,#2791,#1489,.T.);
#3584=EDGE_CURVE('',#2791,#2792,#1490,.T.);
#3585=EDGE_CURVE('',#2792,#2793,#109,.T.);
#3586=EDGE_CURVE('',#2793,#2794,#1491,.T.);
#3587=EDGE_CURVE('',#2398,#2794,#1492,.T.);
#3588=EDGE_CURVE('',#2794,#2795,#1493,.T.);
#3589=EDGE_CURVE('',#2795,#2796,#110,.T.);
#3590=EDGE_CURVE('',#2796,#2797,#111,.T.);
#3591=EDGE_CURVE('',#2797,#2798,#1494,.T.);
#3592=EDGE_CURVE('',#2399,#2798,#1495,.T.);
#3593=EDGE_CURVE('',#2798,#2799,#1496,.T.);
#3594=EDGE_CURVE('',#2799,#2800,#112,.T.);
#3595=EDGE_CURVE('',#2800,#2801,#1497,.T.);
#3596=EDGE_CURVE('',#2400,#2801,#1498,.T.);
#3597=EDGE_CURVE('',#2801,#2802,#1499,.T.);
#3598=EDGE_CURVE('',#2802,#2789,#113,.T.);
#3599=EDGE_CURVE('',#2401,#2790,#1500,.T.);
#3600=EDGE_CURVE('',#2788,#2803,#114,.T.);
#3601=EDGE_CURVE('',#2803,#2804,#1501,.T.);
#3602=EDGE_CURVE('',#2396,#2804,#1502,.T.);
#3603=EDGE_CURVE('',#2804,#2805,#1503,.T.);
#3604=EDGE_CURVE('',#2805,#2806,#115,.T.);
#3605=EDGE_CURVE('',#2806,#2791,#1504,.T.);
#3606=EDGE_CURVE('',#2748,#2807,#1505,.T.);
#3607=EDGE_CURVE('',#2807,#2807,#2236,.T.);
#3608=EDGE_CURVE('',#2802,#2800,#2237,.T.);
#3609=EDGE_CURVE('',#2805,#2803,#2238,.T.);
#3610=EDGE_CURVE('',#2799,#2797,#2239,.T.);
#3611=EDGE_CURVE('',#2792,#2806,#2240,.T.);
#3612=EDGE_CURVE('',#2795,#2793,#2241,.T.);
#3613=EDGE_CURVE('',#2807,#2796,#1506,.T.);
#3614=EDGE_CURVE('',#2749,#2808,#1507,.T.);
#3615=EDGE_CURVE('',#2808,#2808,#2242,.T.);
#3616=EDGE_CURVE('',#2761,#2759,#2243,.T.);
#3617=EDGE_CURVE('',#2764,#2762,#2244,.T.);
#3618=EDGE_CURVE('',#2758,#2756,#2245,.T.);
#3619=EDGE_CURVE('',#2767,#2765,#2246,.T.);
#3620=EDGE_CURVE('',#2754,#2768,#2247,.T.);
#3621=EDGE_CURVE('',#2808,#2755,#1508,.T.);
#3622=EDGE_CURVE('',#2674,#2809,#1509,.T.);
#3623=EDGE_CURVE('',#2809,#2809,#2248,.T.);
#3624=EDGE_CURVE('',#2780,#2778,#2249,.T.);
#3625=EDGE_CURVE('',#2783,#2781,#2250,.T.);
#3626=EDGE_CURVE('',#2777,#2775,#2251,.T.);
#3627=EDGE_CURVE('',#2786,#2784,#2252,.T.);
#3628=EDGE_CURVE('',#2773,#2787,#2253,.T.);
#3629=EDGE_CURVE('',#2809,#2774,#1510,.T.);
#3630=EDGE_CURVE('',#2475,#2468,#2254,.T.);
#3631=EDGE_CURVE('',#2476,#2467,#2255,.T.);
#3632=EDGE_CURVE('',#2477,#2466,#2256,.T.);
#3633=EDGE_CURVE('',#2710,#2648,#1511,.T.);
#3634=EDGE_CURVE('',#2647,#2708,#1512,.T.);
#3635=EDGE_CURVE('',#2669,#2706,#2257,.T.);
#3636=EDGE_CURVE('',#2707,#2670,#2258,.T.);
#3637=EDGE_CURVE('',#2712,#2671,#2259,.T.);
#3638=EDGE_CURVE('',#2672,#2713,#2260,.T.);
#3639=ORIENTED_EDGE('',*,*,#2810,.T.);
#3640=ORIENTED_EDGE('',*,*,#2811,.T.);
#3641=ORIENTED_EDGE('',*,*,#2812,.T.);
#3642=ORIENTED_EDGE('',*,*,#2813,.T.);
#3643=ORIENTED_EDGE('',*,*,#2814,.T.);
#3644=ORIENTED_EDGE('',*,*,#2811,.F.);
#3645=ORIENTED_EDGE('',*,*,#2815,.F.);
#3646=ORIENTED_EDGE('',*,*,#2816,.F.);
#3647=ORIENTED_EDGE('',*,*,#2817,.F.);
#3648=ORIENTED_EDGE('',*,*,#2818,.F.);
#3649=ORIENTED_EDGE('',*,*,#2816,.T.);
#3650=ORIENTED_EDGE('',*,*,#2819,.T.);
#3651=ORIENTED_EDGE('',*,*,#2820,.T.);
#3652=ORIENTED_EDGE('',*,*,#2821,.F.);
#3653=ORIENTED_EDGE('',*,*,#2814,.F.);
#3654=ORIENTED_EDGE('',*,*,#2822,.F.);
#3655=ORIENTED_EDGE('',*,*,#2820,.F.);
#3656=ORIENTED_EDGE('',*,*,#2823,.F.);
#3657=ORIENTED_EDGE('',*,*,#2812,.F.);
#3658=ORIENTED_EDGE('',*,*,#2817,.T.);
#3659=ORIENTED_EDGE('',*,*,#2818,.T.);
#3660=ORIENTED_EDGE('',*,*,#2824,.T.);
#3661=ORIENTED_EDGE('',*,*,#2825,.T.);
#3662=ORIENTED_EDGE('',*,*,#2826,.T.);
#3663=ORIENTED_EDGE('',*,*,#2827,.F.);
#3664=ORIENTED_EDGE('',*,*,#2828,.T.);
#3665=ORIENTED_EDGE('',*,*,#2829,.F.);
#3666=ORIENTED_EDGE('',*,*,#2830,.T.);
#3667=ORIENTED_EDGE('',*,*,#2831,.T.);
#3668=ORIENTED_EDGE('',*,*,#2830,.F.);
#3669=ORIENTED_EDGE('',*,*,#2831,.F.);
#3670=ORIENTED_EDGE('',*,*,#2832,.F.);
#3671=ORIENTED_EDGE('',*,*,#2833,.T.);
#3672=ORIENTED_EDGE('',*,*,#2834,.T.);
#3673=ORIENTED_EDGE('',*,*,#2833,.F.);
#3674=ORIENTED_EDGE('',*,*,#2834,.F.);
#3675=ORIENTED_EDGE('',*,*,#2835,.T.);
#3676=ORIENTED_EDGE('',*,*,#2836,.T.);
#3677=ORIENTED_EDGE('',*,*,#2837,.F.);
#3678=ORIENTED_EDGE('',*,*,#2838,.T.);
#3679=ORIENTED_EDGE('',*,*,#2839,.F.);
#3680=ORIENTED_EDGE('',*,*,#2840,.T.);
#3681=ORIENTED_EDGE('',*,*,#2841,.F.);
#3682=ORIENTED_EDGE('',*,*,#2842,.T.);
#3683=ORIENTED_EDGE('',*,*,#2843,.F.);
#3684=ORIENTED_EDGE('',*,*,#2844,.T.);
#3685=ORIENTED_EDGE('',*,*,#2845,.F.);
#3686=ORIENTED_EDGE('',*,*,#2846,.T.);
#3687=ORIENTED_EDGE('',*,*,#2847,.F.);
#3688=ORIENTED_EDGE('',*,*,#2848,.T.);
#3689=ORIENTED_EDGE('',*,*,#2849,.F.);
#3690=ORIENTED_EDGE('',*,*,#2836,.F.);
#3691=ORIENTED_EDGE('',*,*,#2838,.F.);
#3692=ORIENTED_EDGE('',*,*,#2850,.F.);
#3693=ORIENTED_EDGE('',*,*,#2851,.F.);
#3694=ORIENTED_EDGE('',*,*,#2840,.F.);
#3695=ORIENTED_EDGE('',*,*,#2852,.F.);
#3696=ORIENTED_EDGE('',*,*,#2853,.F.);
#3697=ORIENTED_EDGE('',*,*,#2848,.F.);
#3698=ORIENTED_EDGE('',*,*,#2854,.F.);
#3699=ORIENTED_EDGE('',*,*,#2855,.F.);
#3700=ORIENTED_EDGE('',*,*,#2842,.F.);
#3701=ORIENTED_EDGE('',*,*,#2856,.F.);
#3702=ORIENTED_EDGE('',*,*,#2857,.F.);
#3703=ORIENTED_EDGE('',*,*,#2846,.F.);
#3704=ORIENTED_EDGE('',*,*,#2858,.F.);
#3705=ORIENTED_EDGE('',*,*,#2859,.F.);
#3706=ORIENTED_EDGE('',*,*,#2835,.F.);
#3707=ORIENTED_EDGE('',*,*,#2860,.T.);
#3708=ORIENTED_EDGE('',*,*,#2861,.T.);
#3709=ORIENTED_EDGE('',*,*,#2860,.F.);
#3710=ORIENTED_EDGE('',*,*,#2862,.T.);
#3711=ORIENTED_EDGE('',*,*,#2863,.T.);
#3712=ORIENTED_EDGE('',*,*,#2864,.F.);
#3713=ORIENTED_EDGE('',*,*,#2865,.T.);
#3714=ORIENTED_EDGE('',*,*,#2866,.F.);
#3715=ORIENTED_EDGE('',*,*,#2867,.T.);
#3716=ORIENTED_EDGE('',*,*,#2868,.F.);
#3717=ORIENTED_EDGE('',*,*,#2869,.T.);
#3718=ORIENTED_EDGE('',*,*,#2870,.F.);
#3719=ORIENTED_EDGE('',*,*,#2871,.T.);
#3720=ORIENTED_EDGE('',*,*,#2872,.F.);
#3721=ORIENTED_EDGE('',*,*,#2873,.T.);
#3722=ORIENTED_EDGE('',*,*,#2874,.F.);
#3723=ORIENTED_EDGE('',*,*,#2875,.T.);
#3724=ORIENTED_EDGE('',*,*,#2876,.F.);
#3725=ORIENTED_EDGE('',*,*,#2863,.F.);
#3726=ORIENTED_EDGE('',*,*,#2865,.F.);
#3727=ORIENTED_EDGE('',*,*,#2877,.F.);
#3728=ORIENTED_EDGE('',*,*,#2878,.F.);
#3729=ORIENTED_EDGE('',*,*,#2867,.F.);
#3730=ORIENTED_EDGE('',*,*,#2879,.F.);
#3731=ORIENTED_EDGE('',*,*,#2880,.F.);
#3732=ORIENTED_EDGE('',*,*,#2875,.F.);
#3733=ORIENTED_EDGE('',*,*,#2881,.F.);
#3734=ORIENTED_EDGE('',*,*,#2882,.F.);
#3735=ORIENTED_EDGE('',*,*,#2869,.F.);
#3736=ORIENTED_EDGE('',*,*,#2883,.F.);
#3737=ORIENTED_EDGE('',*,*,#2884,.F.);
#3738=ORIENTED_EDGE('',*,*,#2873,.F.);
#3739=ORIENTED_EDGE('',*,*,#2885,.F.);
#3740=ORIENTED_EDGE('',*,*,#2886,.F.);
#3741=ORIENTED_EDGE('',*,*,#2862,.F.);
#3742=ORIENTED_EDGE('',*,*,#2887,.T.);
#3743=ORIENTED_EDGE('',*,*,#2888,.T.);
#3744=ORIENTED_EDGE('',*,*,#2887,.F.);
#3745=ORIENTED_EDGE('',*,*,#2889,.F.);
#3746=ORIENTED_EDGE('',*,*,#2890,.T.);
#3747=ORIENTED_EDGE('',*,*,#2885,.T.);
#3748=ORIENTED_EDGE('',*,*,#2872,.T.);
#3749=ORIENTED_EDGE('',*,*,#2891,.T.);
#3750=ORIENTED_EDGE('',*,*,#2892,.F.);
#3751=ORIENTED_EDGE('',*,*,#2893,.F.);
#3752=ORIENTED_EDGE('',*,*,#2894,.T.);
#3753=ORIENTED_EDGE('',*,*,#2881,.T.);
#3754=ORIENTED_EDGE('',*,*,#2874,.T.);
#3755=ORIENTED_EDGE('',*,*,#2886,.T.);
#3756=ORIENTED_EDGE('',*,*,#2890,.F.);
#3757=ORIENTED_EDGE('',*,*,#2895,.F.);
#3758=ORIENTED_EDGE('',*,*,#2896,.T.);
#3759=ORIENTED_EDGE('',*,*,#2877,.T.);
#3760=ORIENTED_EDGE('',*,*,#2864,.T.);
#3761=ORIENTED_EDGE('',*,*,#2876,.T.);
#3762=ORIENTED_EDGE('',*,*,#2882,.T.);
#3763=ORIENTED_EDGE('',*,*,#2894,.F.);
#3764=ORIENTED_EDGE('',*,*,#2897,.F.);
#3765=ORIENTED_EDGE('',*,*,#2898,.T.);
#3766=ORIENTED_EDGE('',*,*,#2879,.T.);
#3767=ORIENTED_EDGE('',*,*,#2866,.T.);
#3768=ORIENTED_EDGE('',*,*,#2878,.T.);
#3769=ORIENTED_EDGE('',*,*,#2896,.F.);
#3770=ORIENTED_EDGE('',*,*,#2899,.F.);
#3771=ORIENTED_EDGE('',*,*,#2900,.T.);
#3772=ORIENTED_EDGE('',*,*,#2883,.T.);
#3773=ORIENTED_EDGE('',*,*,#2868,.T.);
#3774=ORIENTED_EDGE('',*,*,#2880,.T.);
#3775=ORIENTED_EDGE('',*,*,#2898,.F.);
#3776=ORIENTED_EDGE('',*,*,#2901,.F.);
#3777=ORIENTED_EDGE('',*,*,#2892,.T.);
#3778=ORIENTED_EDGE('',*,*,#2902,.T.);
#3779=ORIENTED_EDGE('',*,*,#2870,.T.);
#3780=ORIENTED_EDGE('',*,*,#2884,.T.);
#3781=ORIENTED_EDGE('',*,*,#2900,.F.);
#3782=ORIENTED_EDGE('',*,*,#2871,.F.);
#3783=ORIENTED_EDGE('',*,*,#2902,.F.);
#3784=ORIENTED_EDGE('',*,*,#2891,.F.);
#3785=ORIENTED_EDGE('',*,*,#2903,.F.);
#3786=ORIENTED_EDGE('',*,*,#2904,.T.);
#3787=ORIENTED_EDGE('',*,*,#2905,.T.);
#3788=ORIENTED_EDGE('',*,*,#2843,.T.);
#3789=ORIENTED_EDGE('',*,*,#2857,.T.);
#3790=ORIENTED_EDGE('',*,*,#2906,.F.);
#3791=ORIENTED_EDGE('',*,*,#2907,.F.);
#3792=ORIENTED_EDGE('',*,*,#2908,.T.);
#3793=ORIENTED_EDGE('',*,*,#2858,.T.);
#3794=ORIENTED_EDGE('',*,*,#2845,.T.);
#3795=ORIENTED_EDGE('',*,*,#2909,.T.);
#3796=ORIENTED_EDGE('',*,*,#2904,.F.);
#3797=ORIENTED_EDGE('',*,*,#2910,.F.);
#3798=ORIENTED_EDGE('',*,*,#2911,.T.);
#3799=ORIENTED_EDGE('',*,*,#2854,.T.);
#3800=ORIENTED_EDGE('',*,*,#2847,.T.);
#3801=ORIENTED_EDGE('',*,*,#2859,.T.);
#3802=ORIENTED_EDGE('',*,*,#2908,.F.);
#3803=ORIENTED_EDGE('',*,*,#2912,.F.);
#3804=ORIENTED_EDGE('',*,*,#2913,.T.);
#3805=ORIENTED_EDGE('',*,*,#2850,.T.);
#3806=ORIENTED_EDGE('',*,*,#2837,.T.);
#3807=ORIENTED_EDGE('',*,*,#2849,.T.);
#3808=ORIENTED_EDGE('',*,*,#2855,.T.);
#3809=ORIENTED_EDGE('',*,*,#2911,.F.);
#3810=ORIENTED_EDGE('',*,*,#2914,.F.);
#3811=ORIENTED_EDGE('',*,*,#2915,.T.);
#3812=ORIENTED_EDGE('',*,*,#2852,.T.);
#3813=ORIENTED_EDGE('',*,*,#2839,.T.);
#3814=ORIENTED_EDGE('',*,*,#2851,.T.);
#3815=ORIENTED_EDGE('',*,*,#2913,.F.);
#3816=ORIENTED_EDGE('',*,*,#2916,.F.);
#3817=ORIENTED_EDGE('',*,*,#2906,.T.);
#3818=ORIENTED_EDGE('',*,*,#2856,.T.);
#3819=ORIENTED_EDGE('',*,*,#2841,.T.);
#3820=ORIENTED_EDGE('',*,*,#2853,.T.);
#3821=ORIENTED_EDGE('',*,*,#2915,.F.);
#3822=ORIENTED_EDGE('',*,*,#2844,.F.);
#3823=ORIENTED_EDGE('',*,*,#2905,.F.);
#3824=ORIENTED_EDGE('',*,*,#2909,.F.);
#3825=ORIENTED_EDGE('',*,*,#2917,.T.);
#3826=ORIENTED_EDGE('',*,*,#2918,.T.);
#3827=ORIENTED_EDGE('',*,*,#2919,.T.);
#3828=ORIENTED_EDGE('',*,*,#2920,.T.);
#3829=ORIENTED_EDGE('',*,*,#2918,.F.);
#3830=ORIENTED_EDGE('',*,*,#2921,.T.);
#3831=ORIENTED_EDGE('',*,*,#2922,.F.);
#3832=ORIENTED_EDGE('',*,*,#2923,.T.);
#3833=ORIENTED_EDGE('',*,*,#2917,.F.);
#3834=ORIENTED_EDGE('',*,*,#2924,.F.);
#3835=ORIENTED_EDGE('',*,*,#2925,.F.);
#3836=ORIENTED_EDGE('',*,*,#2926,.F.);
#3837=ORIENTED_EDGE('',*,*,#2927,.F.);
#3838=ORIENTED_EDGE('',*,*,#2928,.F.);
#3839=ORIENTED_EDGE('',*,*,#2929,.F.);
#3840=ORIENTED_EDGE('',*,*,#2930,.T.);
#3841=ORIENTED_EDGE('',*,*,#2931,.F.);
#3842=ORIENTED_EDGE('',*,*,#2932,.T.);
#3843=ORIENTED_EDGE('',*,*,#2933,.F.);
#3844=ORIENTED_EDGE('',*,*,#2934,.F.);
#3845=ORIENTED_EDGE('',*,*,#2935,.F.);
#3846=ORIENTED_EDGE('',*,*,#2936,.F.);
#3847=ORIENTED_EDGE('',*,*,#2937,.F.);
#3848=ORIENTED_EDGE('',*,*,#2938,.F.);
#3849=ORIENTED_EDGE('',*,*,#2939,.F.);
#3850=ORIENTED_EDGE('',*,*,#2940,.T.);
#3851=ORIENTED_EDGE('',*,*,#2941,.T.);
#3852=ORIENTED_EDGE('',*,*,#2942,.F.);
#3853=ORIENTED_EDGE('',*,*,#2943,.F.);
#3854=ORIENTED_EDGE('',*,*,#2944,.F.);
#3855=ORIENTED_EDGE('',*,*,#2945,.F.);
#3856=ORIENTED_EDGE('',*,*,#2946,.F.);
#3857=ORIENTED_EDGE('',*,*,#2947,.T.);
#3858=ORIENTED_EDGE('',*,*,#2948,.T.);
#3859=ORIENTED_EDGE('',*,*,#2949,.F.);
#3860=ORIENTED_EDGE('',*,*,#2950,.T.);
#3861=ORIENTED_EDGE('',*,*,#2951,.F.);
#3862=ORIENTED_EDGE('',*,*,#2952,.T.);
#3863=ORIENTED_EDGE('',*,*,#2953,.F.);
#3864=ORIENTED_EDGE('',*,*,#2954,.T.);
#3865=ORIENTED_EDGE('',*,*,#2955,.F.);
#3866=ORIENTED_EDGE('',*,*,#2921,.F.);
#3867=ORIENTED_EDGE('',*,*,#2819,.F.);
#3868=ORIENTED_EDGE('',*,*,#2815,.T.);
#3869=ORIENTED_EDGE('',*,*,#2810,.F.);
#3870=ORIENTED_EDGE('',*,*,#2823,.T.);
#3871=ORIENTED_EDGE('',*,*,#2889,.T.);
#3872=ORIENTED_EDGE('',*,*,#2901,.T.);
#3873=ORIENTED_EDGE('',*,*,#2899,.T.);
#3874=ORIENTED_EDGE('',*,*,#2897,.T.);
#3875=ORIENTED_EDGE('',*,*,#2895,.T.);
#3876=ORIENTED_EDGE('',*,*,#2893,.T.);
#3877=ORIENTED_EDGE('',*,*,#2903,.T.);
#3878=ORIENTED_EDGE('',*,*,#2916,.T.);
#3879=ORIENTED_EDGE('',*,*,#2914,.T.);
#3880=ORIENTED_EDGE('',*,*,#2912,.T.);
#3881=ORIENTED_EDGE('',*,*,#2910,.T.);
#3882=ORIENTED_EDGE('',*,*,#2907,.T.);
#3883=ORIENTED_EDGE('',*,*,#2956,.F.);
#3884=ORIENTED_EDGE('',*,*,#2957,.F.);
#3885=ORIENTED_EDGE('',*,*,#2958,.F.);
#3886=ORIENTED_EDGE('',*,*,#2959,.F.);
#3887=ORIENTED_EDGE('',*,*,#2960,.F.);
#3888=ORIENTED_EDGE('',*,*,#2961,.F.);
#3889=ORIENTED_EDGE('',*,*,#2962,.F.);
#3890=ORIENTED_EDGE('',*,*,#2963,.F.);
#3891=ORIENTED_EDGE('',*,*,#2964,.F.);
#3892=ORIENTED_EDGE('',*,*,#2965,.F.);
#3893=ORIENTED_EDGE('',*,*,#2966,.F.);
#3894=ORIENTED_EDGE('',*,*,#2967,.F.);
#3895=ORIENTED_EDGE('',*,*,#2968,.T.);
#3896=ORIENTED_EDGE('',*,*,#2969,.T.);
#3897=ORIENTED_EDGE('',*,*,#2970,.T.);
#3898=ORIENTED_EDGE('',*,*,#2971,.T.);
#3899=ORIENTED_EDGE('',*,*,#2972,.T.);
#3900=ORIENTED_EDGE('',*,*,#2973,.T.);
#3901=ORIENTED_EDGE('',*,*,#2974,.T.);
#3902=ORIENTED_EDGE('',*,*,#2975,.T.);
#3903=ORIENTED_EDGE('',*,*,#2976,.T.);
#3904=ORIENTED_EDGE('',*,*,#2977,.T.);
#3905=ORIENTED_EDGE('',*,*,#2978,.T.);
#3906=ORIENTED_EDGE('',*,*,#2979,.T.);
#3907=ORIENTED_EDGE('',*,*,#2980,.T.);
#3908=ORIENTED_EDGE('',*,*,#2981,.T.);
#3909=ORIENTED_EDGE('',*,*,#2982,.T.);
#3910=ORIENTED_EDGE('',*,*,#2983,.T.);
#3911=ORIENTED_EDGE('',*,*,#2984,.T.);
#3912=ORIENTED_EDGE('',*,*,#2985,.T.);
#3913=ORIENTED_EDGE('',*,*,#2986,.T.);
#3914=ORIENTED_EDGE('',*,*,#2987,.T.);
#3915=ORIENTED_EDGE('',*,*,#2988,.T.);
#3916=ORIENTED_EDGE('',*,*,#2989,.T.);
#3917=ORIENTED_EDGE('',*,*,#2990,.T.);
#3918=ORIENTED_EDGE('',*,*,#2991,.T.);
#3919=ORIENTED_EDGE('',*,*,#2992,.T.);
#3920=ORIENTED_EDGE('',*,*,#2993,.T.);
#3921=ORIENTED_EDGE('',*,*,#2994,.T.);
#3922=ORIENTED_EDGE('',*,*,#2995,.T.);
#3923=ORIENTED_EDGE('',*,*,#2996,.T.);
#3924=ORIENTED_EDGE('',*,*,#2997,.T.);
#3925=ORIENTED_EDGE('',*,*,#2998,.T.);
#3926=ORIENTED_EDGE('',*,*,#2999,.T.);
#3927=ORIENTED_EDGE('',*,*,#3000,.T.);
#3928=ORIENTED_EDGE('',*,*,#3001,.T.);
#3929=ORIENTED_EDGE('',*,*,#3002,.T.);
#3930=ORIENTED_EDGE('',*,*,#3003,.T.);
#3931=ORIENTED_EDGE('',*,*,#3004,.T.);
#3932=ORIENTED_EDGE('',*,*,#3005,.T.);
#3933=ORIENTED_EDGE('',*,*,#3006,.T.);
#3934=ORIENTED_EDGE('',*,*,#3007,.F.);
#3935=ORIENTED_EDGE('',*,*,#2925,.T.);
#3936=ORIENTED_EDGE('',*,*,#3008,.T.);
#3937=ORIENTED_EDGE('',*,*,#3009,.T.);
#3938=ORIENTED_EDGE('',*,*,#3010,.F.);
#3939=ORIENTED_EDGE('',*,*,#3011,.T.);
#3940=ORIENTED_EDGE('',*,*,#3012,.T.);
#3941=ORIENTED_EDGE('',*,*,#3013,.F.);
#3942=ORIENTED_EDGE('',*,*,#3014,.T.);
#3943=ORIENTED_EDGE('',*,*,#2927,.T.);
#3944=ORIENTED_EDGE('',*,*,#3015,.F.);
#3945=ORIENTED_EDGE('',*,*,#3012,.F.);
#3946=ORIENTED_EDGE('',*,*,#3016,.T.);
#3947=ORIENTED_EDGE('',*,*,#3017,.F.);
#3948=ORIENTED_EDGE('',*,*,#2928,.T.);
#3949=ORIENTED_EDGE('',*,*,#3014,.F.);
#3950=ORIENTED_EDGE('',*,*,#3018,.T.);
#3951=ORIENTED_EDGE('',*,*,#3019,.F.);
#3952=ORIENTED_EDGE('',*,*,#3020,.T.);
#3953=ORIENTED_EDGE('',*,*,#3021,.F.);
#3954=ORIENTED_EDGE('',*,*,#2932,.F.);
#3955=ORIENTED_EDGE('',*,*,#3022,.F.);
#3956=ORIENTED_EDGE('',*,*,#3023,.T.);
#3957=ORIENTED_EDGE('',*,*,#2933,.T.);
#3958=ORIENTED_EDGE('',*,*,#3021,.T.);
#3959=ORIENTED_EDGE('',*,*,#3023,.F.);
#3960=ORIENTED_EDGE('',*,*,#3024,.F.);
#3961=ORIENTED_EDGE('',*,*,#3025,.F.);
#3962=ORIENTED_EDGE('',*,*,#3026,.T.);
#3963=ORIENTED_EDGE('',*,*,#3027,.F.);
#3964=ORIENTED_EDGE('',*,*,#2934,.T.);
#3965=ORIENTED_EDGE('',*,*,#3028,.T.);
#3966=ORIENTED_EDGE('',*,*,#3029,.T.);
#3967=ORIENTED_EDGE('',*,*,#3030,.T.);
#3968=ORIENTED_EDGE('',*,*,#3025,.T.);
#3969=ORIENTED_EDGE('',*,*,#3029,.F.);
#3970=ORIENTED_EDGE('',*,*,#3031,.F.);
#3971=ORIENTED_EDGE('',*,*,#3032,.F.);
#3972=ORIENTED_EDGE('',*,*,#3033,.F.);
#3973=ORIENTED_EDGE('',*,*,#3034,.T.);
#3974=ORIENTED_EDGE('',*,*,#3032,.T.);
#3975=ORIENTED_EDGE('',*,*,#3035,.T.);
#3976=ORIENTED_EDGE('',*,*,#3036,.T.);
#3977=ORIENTED_EDGE('',*,*,#3037,.T.);
#3978=ORIENTED_EDGE('',*,*,#3038,.F.);
#3979=ORIENTED_EDGE('',*,*,#3039,.F.);
#3980=ORIENTED_EDGE('',*,*,#3036,.F.);
#3981=ORIENTED_EDGE('',*,*,#3022,.T.);
#3982=ORIENTED_EDGE('',*,*,#3020,.F.);
#3983=ORIENTED_EDGE('',*,*,#3040,.F.);
#3984=ORIENTED_EDGE('',*,*,#3037,.F.);
#3985=ORIENTED_EDGE('',*,*,#3035,.F.);
#3986=ORIENTED_EDGE('',*,*,#3031,.T.);
#3987=ORIENTED_EDGE('',*,*,#3028,.F.);
#3988=ORIENTED_EDGE('',*,*,#3024,.T.);
#3989=ORIENTED_EDGE('',*,*,#3041,.T.);
#3990=ORIENTED_EDGE('',*,*,#3042,.T.);
#3991=ORIENTED_EDGE('',*,*,#3043,.T.);
#3992=ORIENTED_EDGE('',*,*,#3010,.T.);
#3993=ORIENTED_EDGE('',*,*,#3042,.F.);
#3994=ORIENTED_EDGE('',*,*,#3044,.F.);
#3995=ORIENTED_EDGE('',*,*,#3045,.F.);
#3996=ORIENTED_EDGE('',*,*,#3046,.T.);
#3997=ORIENTED_EDGE('',*,*,#3013,.T.);
#3998=ORIENTED_EDGE('',*,*,#3047,.F.);
#3999=ORIENTED_EDGE('',*,*,#3044,.T.);
#4000=ORIENTED_EDGE('',*,*,#3041,.F.);
#4001=ORIENTED_EDGE('',*,*,#3009,.F.);
#4002=ORIENTED_EDGE('',*,*,#3018,.F.);
#4003=ORIENTED_EDGE('',*,*,#3045,.T.);
#4004=ORIENTED_EDGE('',*,*,#3047,.T.);
#4005=ORIENTED_EDGE('',*,*,#3015,.T.);
#4006=ORIENTED_EDGE('',*,*,#2926,.T.);
#4007=ORIENTED_EDGE('',*,*,#3007,.T.);
#4008=ORIENTED_EDGE('',*,*,#3048,.T.);
#4009=ORIENTED_EDGE('',*,*,#2919,.F.);
#4010=ORIENTED_EDGE('',*,*,#2923,.F.);
#4011=ORIENTED_EDGE('',*,*,#3049,.F.);
#4012=ORIENTED_EDGE('',*,*,#3050,.T.);
#4013=ORIENTED_EDGE('',*,*,#3051,.F.);
#4014=ORIENTED_EDGE('',*,*,#3052,.F.);
#4015=ORIENTED_EDGE('',*,*,#3053,.F.);
#4016=ORIENTED_EDGE('',*,*,#3054,.F.);
#4017=ORIENTED_EDGE('',*,*,#3055,.F.);
#4018=ORIENTED_EDGE('',*,*,#3056,.F.);
#4019=ORIENTED_EDGE('',*,*,#3057,.T.);
#4020=ORIENTED_EDGE('',*,*,#3058,.F.);
#4021=ORIENTED_EDGE('',*,*,#3059,.F.);
#4022=ORIENTED_EDGE('',*,*,#3060,.F.);
#4023=ORIENTED_EDGE('',*,*,#3061,.F.);
#4024=ORIENTED_EDGE('',*,*,#3062,.F.);
#4025=ORIENTED_EDGE('',*,*,#3063,.F.);
#4026=ORIENTED_EDGE('',*,*,#3064,.F.);
#4027=ORIENTED_EDGE('',*,*,#3065,.T.);
#4028=ORIENTED_EDGE('',*,*,#3066,.T.);
#4029=ORIENTED_EDGE('',*,*,#3067,.T.);
#4030=ORIENTED_EDGE('',*,*,#3068,.T.);
#4031=ORIENTED_EDGE('',*,*,#3069,.T.);
#4032=ORIENTED_EDGE('',*,*,#3070,.T.);
#4033=ORIENTED_EDGE('',*,*,#3071,.F.);
#4034=ORIENTED_EDGE('',*,*,#3072,.F.);
#4035=ORIENTED_EDGE('',*,*,#3073,.T.);
#4036=ORIENTED_EDGE('',*,*,#3074,.F.);
#4037=ORIENTED_EDGE('',*,*,#3075,.T.);
#4038=ORIENTED_EDGE('',*,*,#3076,.F.);
#4039=ORIENTED_EDGE('',*,*,#3077,.F.);
#4040=ORIENTED_EDGE('',*,*,#3078,.T.);
#4041=ORIENTED_EDGE('',*,*,#3079,.F.);
#4042=ORIENTED_EDGE('',*,*,#3080,.T.);
#4043=ORIENTED_EDGE('',*,*,#3081,.F.);
#4044=ORIENTED_EDGE('',*,*,#3082,.T.);
#4045=ORIENTED_EDGE('',*,*,#3083,.F.);
#4046=ORIENTED_EDGE('',*,*,#3084,.T.);
#4047=ORIENTED_EDGE('',*,*,#3085,.F.);
#4048=ORIENTED_EDGE('',*,*,#3086,.F.);
#4049=ORIENTED_EDGE('',*,*,#3026,.F.);
#4050=ORIENTED_EDGE('',*,*,#3030,.F.);
#4051=ORIENTED_EDGE('',*,*,#3033,.T.);
#4052=ORIENTED_EDGE('',*,*,#3034,.F.);
#4053=ORIENTED_EDGE('',*,*,#3039,.T.);
#4054=ORIENTED_EDGE('',*,*,#3087,.F.);
#4055=ORIENTED_EDGE('',*,*,#3088,.F.);
#4056=ORIENTED_EDGE('',*,*,#3089,.F.);
#4057=ORIENTED_EDGE('',*,*,#3016,.F.);
#4058=ORIENTED_EDGE('',*,*,#3011,.F.);
#4059=ORIENTED_EDGE('',*,*,#3043,.F.);
#4060=ORIENTED_EDGE('',*,*,#3046,.F.);
#4061=ORIENTED_EDGE('',*,*,#3048,.F.);
#4062=ORIENTED_EDGE('',*,*,#3006,.F.);
#4063=ORIENTED_EDGE('',*,*,#3090,.F.);
#4064=ORIENTED_EDGE('',*,*,#2829,.T.);
#4065=ORIENTED_EDGE('',*,*,#2832,.T.);
#4066=ORIENTED_EDGE('',*,*,#3091,.F.);
#4067=ORIENTED_EDGE('',*,*,#3092,.F.);
#4068=ORIENTED_EDGE('',*,*,#2888,.F.);
#4069=ORIENTED_EDGE('',*,*,#3093,.F.);
#4070=ORIENTED_EDGE('',*,*,#3094,.F.);
#4071=ORIENTED_EDGE('',*,*,#3095,.F.);
#4072=ORIENTED_EDGE('',*,*,#3096,.F.);
#4073=ORIENTED_EDGE('',*,*,#3097,.F.);
#4074=ORIENTED_EDGE('',*,*,#3098,.F.);
#4075=ORIENTED_EDGE('',*,*,#3099,.F.);
#4076=ORIENTED_EDGE('',*,*,#3100,.F.);
#4077=ORIENTED_EDGE('',*,*,#2861,.F.);
#4078=ORIENTED_EDGE('',*,*,#2931,.T.);
#4079=ORIENTED_EDGE('',*,*,#3101,.T.);
#4080=ORIENTED_EDGE('',*,*,#3087,.T.);
#4081=ORIENTED_EDGE('',*,*,#3038,.T.);
#4082=ORIENTED_EDGE('',*,*,#3040,.T.);
#4083=ORIENTED_EDGE('',*,*,#3019,.T.);
#4084=ORIENTED_EDGE('',*,*,#3101,.F.);
#4085=ORIENTED_EDGE('',*,*,#2930,.F.);
#4086=ORIENTED_EDGE('',*,*,#3102,.F.);
#4087=ORIENTED_EDGE('',*,*,#3088,.T.);
#4088=ORIENTED_EDGE('',*,*,#2920,.F.);
#4089=ORIENTED_EDGE('',*,*,#3090,.T.);
#4090=ORIENTED_EDGE('',*,*,#3008,.F.);
#4091=ORIENTED_EDGE('',*,*,#2924,.T.);
#4092=ORIENTED_EDGE('',*,*,#3049,.T.);
#4093=ORIENTED_EDGE('',*,*,#2922,.T.);
#4094=ORIENTED_EDGE('',*,*,#2955,.T.);
#4095=ORIENTED_EDGE('',*,*,#3103,.T.);
#4096=ORIENTED_EDGE('',*,*,#3104,.F.);
#4097=ORIENTED_EDGE('',*,*,#3105,.T.);
#4098=ORIENTED_EDGE('',*,*,#2935,.T.);
#4099=ORIENTED_EDGE('',*,*,#3027,.T.);
#4100=ORIENTED_EDGE('',*,*,#3086,.T.);
#4101=ORIENTED_EDGE('',*,*,#3105,.F.);
#4102=ORIENTED_EDGE('',*,*,#3106,.F.);
#4103=ORIENTED_EDGE('',*,*,#3107,.T.);
#4104=ORIENTED_EDGE('',*,*,#3108,.F.);
#4105=ORIENTED_EDGE('',*,*,#2936,.T.);
#4106=ORIENTED_EDGE('',*,*,#3109,.F.);
#4107=ORIENTED_EDGE('',*,*,#3110,.T.);
#4108=ORIENTED_EDGE('',*,*,#3098,.T.);
#4109=ORIENTED_EDGE('',*,*,#3111,.T.);
#4110=ORIENTED_EDGE('',*,*,#3109,.T.);
#4111=ORIENTED_EDGE('',*,*,#3112,.F.);
#4112=ORIENTED_EDGE('',*,*,#3113,.T.);
#4113=ORIENTED_EDGE('',*,*,#3114,.T.);
#4114=ORIENTED_EDGE('',*,*,#3115,.T.);
#4115=ORIENTED_EDGE('',*,*,#3111,.F.);
#4116=ORIENTED_EDGE('',*,*,#3097,.T.);
#4117=ORIENTED_EDGE('',*,*,#3116,.F.);
#4118=ORIENTED_EDGE('',*,*,#3117,.T.);
#4119=ORIENTED_EDGE('',*,*,#3118,.T.);
#4120=ORIENTED_EDGE('',*,*,#2826,.F.);
#4121=ORIENTED_EDGE('',*,*,#3119,.T.);
#4122=ORIENTED_EDGE('',*,*,#3112,.T.);
#4123=ORIENTED_EDGE('',*,*,#3110,.F.);
#4124=ORIENTED_EDGE('',*,*,#3115,.F.);
#4125=ORIENTED_EDGE('',*,*,#3120,.F.);
#4126=ORIENTED_EDGE('',*,*,#3121,.F.);
#4127=ORIENTED_EDGE('',*,*,#3122,.F.);
#4128=ORIENTED_EDGE('',*,*,#3123,.F.);
#4129=ORIENTED_EDGE('',*,*,#3124,.F.);
#4130=ORIENTED_EDGE('',*,*,#3099,.T.);
#4131=ORIENTED_EDGE('',*,*,#2825,.F.);
#4132=ORIENTED_EDGE('',*,*,#3125,.T.);
#4133=ORIENTED_EDGE('',*,*,#3126,.T.);
#4134=ORIENTED_EDGE('',*,*,#3113,.F.);
#4135=ORIENTED_EDGE('',*,*,#3119,.F.);
#4136=ORIENTED_EDGE('',*,*,#3103,.F.);
#4137=ORIENTED_EDGE('',*,*,#2954,.F.);
#4138=ORIENTED_EDGE('',*,*,#3127,.F.);
#4139=ORIENTED_EDGE('',*,*,#3050,.F.);
#4140=ORIENTED_EDGE('',*,*,#3095,.T.);
#4141=ORIENTED_EDGE('',*,*,#3128,.T.);
#4142=ORIENTED_EDGE('',*,*,#3129,.F.);
#4143=ORIENTED_EDGE('',*,*,#3130,.F.);
#4144=ORIENTED_EDGE('',*,*,#3131,.F.);
#4145=ORIENTED_EDGE('',*,*,#3132,.F.);
#4146=ORIENTED_EDGE('',*,*,#3133,.F.);
#4147=ORIENTED_EDGE('',*,*,#3134,.T.);
#4148=ORIENTED_EDGE('',*,*,#3094,.T.);
#4149=ORIENTED_EDGE('',*,*,#3135,.T.);
#4150=ORIENTED_EDGE('',*,*,#3136,.F.);
#4151=ORIENTED_EDGE('',*,*,#3128,.F.);
#4152=ORIENTED_EDGE('',*,*,#3137,.F.);
#4153=ORIENTED_EDGE('',*,*,#3138,.F.);
#4154=ORIENTED_EDGE('',*,*,#3139,.F.);
#4155=ORIENTED_EDGE('',*,*,#3135,.F.);
#4156=ORIENTED_EDGE('',*,*,#3093,.T.);
#4157=ORIENTED_EDGE('',*,*,#3140,.F.);
#4158=ORIENTED_EDGE('',*,*,#3141,.F.);
#4159=ORIENTED_EDGE('',*,*,#3142,.F.);
#4160=ORIENTED_EDGE('',*,*,#3100,.T.);
#4161=ORIENTED_EDGE('',*,*,#3124,.T.);
#4162=ORIENTED_EDGE('',*,*,#3143,.F.);
#4163=ORIENTED_EDGE('',*,*,#3140,.T.);
#4164=ORIENTED_EDGE('',*,*,#3144,.F.);
#4165=ORIENTED_EDGE('',*,*,#3131,.T.);
#4166=ORIENTED_EDGE('',*,*,#3145,.F.);
#4167=ORIENTED_EDGE('',*,*,#3146,.T.);
#4168=ORIENTED_EDGE('',*,*,#3144,.T.);
#4169=ORIENTED_EDGE('',*,*,#3147,.F.);
#4170=ORIENTED_EDGE('',*,*,#3148,.T.);
#4171=ORIENTED_EDGE('',*,*,#3149,.T.);
#4172=ORIENTED_EDGE('',*,*,#3132,.T.);
#4173=ORIENTED_EDGE('',*,*,#2828,.F.);
#4174=ORIENTED_EDGE('',*,*,#3150,.T.);
#4175=ORIENTED_EDGE('',*,*,#3147,.T.);
#4176=ORIENTED_EDGE('',*,*,#3146,.F.);
#4177=ORIENTED_EDGE('',*,*,#3151,.T.);
#4178=ORIENTED_EDGE('',*,*,#3152,.T.);
#4179=ORIENTED_EDGE('',*,*,#3153,.F.);
#4180=ORIENTED_EDGE('',*,*,#3154,.T.);
#4181=ORIENTED_EDGE('',*,*,#3155,.T.);
#4182=ORIENTED_EDGE('',*,*,#3156,.F.);
#4183=ORIENTED_EDGE('',*,*,#3157,.F.);
#4184=ORIENTED_EDGE('',*,*,#3125,.F.);
#4185=ORIENTED_EDGE('',*,*,#2824,.F.);
#4186=ORIENTED_EDGE('',*,*,#2821,.T.);
#4187=ORIENTED_EDGE('',*,*,#2822,.T.);
#4188=ORIENTED_EDGE('',*,*,#2813,.F.);
#4189=ORIENTED_EDGE('',*,*,#3158,.T.);
#4190=ORIENTED_EDGE('',*,*,#3159,.T.);
#4191=ORIENTED_EDGE('',*,*,#2827,.T.);
#4192=ORIENTED_EDGE('',*,*,#3118,.F.);
#4193=ORIENTED_EDGE('',*,*,#3160,.T.);
#4194=ORIENTED_EDGE('',*,*,#3148,.F.);
#4195=ORIENTED_EDGE('',*,*,#3150,.F.);
#4196=ORIENTED_EDGE('',*,*,#3161,.F.);
#4197=ORIENTED_EDGE('',*,*,#3156,.T.);
#4198=ORIENTED_EDGE('',*,*,#3162,.F.);
#4199=ORIENTED_EDGE('',*,*,#3121,.T.);
#4200=ORIENTED_EDGE('',*,*,#3161,.T.);
#4201=ORIENTED_EDGE('',*,*,#3120,.T.);
#4202=ORIENTED_EDGE('',*,*,#3114,.F.);
#4203=ORIENTED_EDGE('',*,*,#3126,.F.);
#4204=ORIENTED_EDGE('',*,*,#3157,.T.);
#4205=ORIENTED_EDGE('',*,*,#3163,.F.);
#4206=ORIENTED_EDGE('',*,*,#3137,.T.);
#4207=ORIENTED_EDGE('',*,*,#3164,.F.);
#4208=ORIENTED_EDGE('',*,*,#3153,.T.);
#4209=ORIENTED_EDGE('',*,*,#3163,.T.);
#4210=ORIENTED_EDGE('',*,*,#3152,.F.);
#4211=ORIENTED_EDGE('',*,*,#3165,.T.);
#4212=ORIENTED_EDGE('',*,*,#3166,.T.);
#4213=ORIENTED_EDGE('',*,*,#3138,.T.);
#4214=ORIENTED_EDGE('',*,*,#3143,.T.);
#4215=ORIENTED_EDGE('',*,*,#3123,.T.);
#4216=ORIENTED_EDGE('',*,*,#3167,.F.);
#4217=ORIENTED_EDGE('',*,*,#3168,.T.);
#4218=ORIENTED_EDGE('',*,*,#3141,.T.);
#4219=ORIENTED_EDGE('',*,*,#3162,.T.);
#4220=ORIENTED_EDGE('',*,*,#3155,.F.);
#4221=ORIENTED_EDGE('',*,*,#3169,.F.);
#4222=ORIENTED_EDGE('',*,*,#3167,.T.);
#4223=ORIENTED_EDGE('',*,*,#3122,.T.);
#4224=ORIENTED_EDGE('',*,*,#3170,.T.);
#4225=ORIENTED_EDGE('',*,*,#3133,.T.);
#4226=ORIENTED_EDGE('',*,*,#3149,.F.);
#4227=ORIENTED_EDGE('',*,*,#3160,.F.);
#4228=ORIENTED_EDGE('',*,*,#3117,.F.);
#4229=ORIENTED_EDGE('',*,*,#3171,.T.);
#4230=ORIENTED_EDGE('',*,*,#3172,.T.);
#4231=ORIENTED_EDGE('',*,*,#3173,.T.);
#4232=ORIENTED_EDGE('',*,*,#3174,.T.);
#4233=ORIENTED_EDGE('',*,*,#3175,.T.);
#4234=ORIENTED_EDGE('',*,*,#3176,.T.);
#4235=ORIENTED_EDGE('',*,*,#3177,.T.);
#4236=ORIENTED_EDGE('',*,*,#3178,.T.);
#4237=ORIENTED_EDGE('',*,*,#3179,.T.);
#4238=ORIENTED_EDGE('',*,*,#3180,.T.);
#4239=ORIENTED_EDGE('',*,*,#3181,.T.);
#4240=ORIENTED_EDGE('',*,*,#3182,.T.);
#4241=ORIENTED_EDGE('',*,*,#3183,.T.);
#4242=ORIENTED_EDGE('',*,*,#3184,.T.);
#4243=ORIENTED_EDGE('',*,*,#3185,.T.);
#4244=ORIENTED_EDGE('',*,*,#3186,.T.);
#4245=ORIENTED_EDGE('',*,*,#3187,.T.);
#4246=ORIENTED_EDGE('',*,*,#3188,.T.);
#4247=ORIENTED_EDGE('',*,*,#3189,.T.);
#4248=ORIENTED_EDGE('',*,*,#3190,.T.);
#4249=ORIENTED_EDGE('',*,*,#3191,.T.);
#4250=ORIENTED_EDGE('',*,*,#3192,.T.);
#4251=ORIENTED_EDGE('',*,*,#3193,.T.);
#4252=ORIENTED_EDGE('',*,*,#3194,.T.);
#4253=ORIENTED_EDGE('',*,*,#3195,.T.);
#4254=ORIENTED_EDGE('',*,*,#3196,.T.);
#4255=ORIENTED_EDGE('',*,*,#3197,.T.);
#4256=ORIENTED_EDGE('',*,*,#3198,.T.);
#4257=ORIENTED_EDGE('',*,*,#3199,.T.);
#4258=ORIENTED_EDGE('',*,*,#3200,.T.);
#4259=ORIENTED_EDGE('',*,*,#3201,.T.);
#4260=ORIENTED_EDGE('',*,*,#3202,.T.);
#4261=ORIENTED_EDGE('',*,*,#3203,.T.);
#4262=ORIENTED_EDGE('',*,*,#3204,.T.);
#4263=ORIENTED_EDGE('',*,*,#3205,.T.);
#4264=ORIENTED_EDGE('',*,*,#3206,.T.);
#4265=ORIENTED_EDGE('',*,*,#3207,.T.);
#4266=ORIENTED_EDGE('',*,*,#3208,.T.);
#4267=ORIENTED_EDGE('',*,*,#3209,.F.);
#4268=ORIENTED_EDGE('',*,*,#3210,.T.);
#4269=ORIENTED_EDGE('',*,*,#3186,.F.);
#4270=ORIENTED_EDGE('',*,*,#3211,.T.);
#4271=ORIENTED_EDGE('',*,*,#3183,.F.);
#4272=ORIENTED_EDGE('',*,*,#3212,.T.);
#4273=ORIENTED_EDGE('',*,*,#3180,.F.);
#4274=ORIENTED_EDGE('',*,*,#3213,.T.);
#4275=ORIENTED_EDGE('',*,*,#3177,.F.);
#4276=ORIENTED_EDGE('',*,*,#3214,.T.);
#4277=ORIENTED_EDGE('',*,*,#3174,.F.);
#4278=ORIENTED_EDGE('',*,*,#3215,.T.);
#4279=ORIENTED_EDGE('',*,*,#3171,.F.);
#4280=ORIENTED_EDGE('',*,*,#3216,.T.);
#4281=ORIENTED_EDGE('',*,*,#3187,.F.);
#4282=ORIENTED_EDGE('',*,*,#3210,.F.);
#4283=ORIENTED_EDGE('',*,*,#3217,.F.);
#4284=ORIENTED_EDGE('',*,*,#3218,.T.);
#4285=ORIENTED_EDGE('',*,*,#3205,.F.);
#4286=ORIENTED_EDGE('',*,*,#3219,.T.);
#4287=ORIENTED_EDGE('',*,*,#3202,.F.);
#4288=ORIENTED_EDGE('',*,*,#3220,.T.);
#4289=ORIENTED_EDGE('',*,*,#3199,.F.);
#4290=ORIENTED_EDGE('',*,*,#3221,.T.);
#4291=ORIENTED_EDGE('',*,*,#3196,.F.);
#4292=ORIENTED_EDGE('',*,*,#3222,.T.);
#4293=ORIENTED_EDGE('',*,*,#3193,.F.);
#4294=ORIENTED_EDGE('',*,*,#3223,.T.);
#4295=ORIENTED_EDGE('',*,*,#3190,.F.);
#4296=ORIENTED_EDGE('',*,*,#3224,.T.);
#4297=ORIENTED_EDGE('',*,*,#3206,.F.);
#4298=ORIENTED_EDGE('',*,*,#3218,.F.);
#4299=ORIENTED_EDGE('',*,*,#2957,.T.);
#4300=ORIENTED_EDGE('',*,*,#3225,.T.);
#4301=ORIENTED_EDGE('',*,*,#3188,.F.);
#4302=ORIENTED_EDGE('',*,*,#3216,.F.);
#4303=ORIENTED_EDGE('',*,*,#3173,.F.);
#4304=ORIENTED_EDGE('',*,*,#3226,.F.);
#4305=ORIENTED_EDGE('',*,*,#2958,.T.);
#4306=ORIENTED_EDGE('',*,*,#3226,.T.);
#4307=ORIENTED_EDGE('',*,*,#3172,.F.);
#4308=ORIENTED_EDGE('',*,*,#3215,.F.);
#4309=ORIENTED_EDGE('',*,*,#3176,.F.);
#4310=ORIENTED_EDGE('',*,*,#3227,.F.);
#4311=ORIENTED_EDGE('',*,*,#2959,.T.);
#4312=ORIENTED_EDGE('',*,*,#3227,.T.);
#4313=ORIENTED_EDGE('',*,*,#3175,.F.);
#4314=ORIENTED_EDGE('',*,*,#3214,.F.);
#4315=ORIENTED_EDGE('',*,*,#3179,.F.);
#4316=ORIENTED_EDGE('',*,*,#3228,.F.);
#4317=ORIENTED_EDGE('',*,*,#2960,.T.);
#4318=ORIENTED_EDGE('',*,*,#3228,.T.);
#4319=ORIENTED_EDGE('',*,*,#3178,.F.);
#4320=ORIENTED_EDGE('',*,*,#3213,.F.);
#4321=ORIENTED_EDGE('',*,*,#3182,.F.);
#4322=ORIENTED_EDGE('',*,*,#3229,.F.);
#4323=ORIENTED_EDGE('',*,*,#2961,.T.);
#4324=ORIENTED_EDGE('',*,*,#3229,.T.);
#4325=ORIENTED_EDGE('',*,*,#3181,.F.);
#4326=ORIENTED_EDGE('',*,*,#3212,.F.);
#4327=ORIENTED_EDGE('',*,*,#3185,.F.);
#4328=ORIENTED_EDGE('',*,*,#3230,.F.);
#4329=ORIENTED_EDGE('',*,*,#2956,.T.);
#4330=ORIENTED_EDGE('',*,*,#3230,.T.);
#4331=ORIENTED_EDGE('',*,*,#3184,.F.);
#4332=ORIENTED_EDGE('',*,*,#3211,.F.);
#4333=ORIENTED_EDGE('',*,*,#3189,.F.);
#4334=ORIENTED_EDGE('',*,*,#3225,.F.);
#4335=ORIENTED_EDGE('',*,*,#2963,.T.);
#4336=ORIENTED_EDGE('',*,*,#3231,.T.);
#4337=ORIENTED_EDGE('',*,*,#3207,.F.);
#4338=ORIENTED_EDGE('',*,*,#3224,.F.);
#4339=ORIENTED_EDGE('',*,*,#3192,.F.);
#4340=ORIENTED_EDGE('',*,*,#3232,.F.);
#4341=ORIENTED_EDGE('',*,*,#2964,.T.);
#4342=ORIENTED_EDGE('',*,*,#3232,.T.);
#4343=ORIENTED_EDGE('',*,*,#3191,.F.);
#4344=ORIENTED_EDGE('',*,*,#3223,.F.);
#4345=ORIENTED_EDGE('',*,*,#3195,.F.);
#4346=ORIENTED_EDGE('',*,*,#3233,.F.);
#4347=ORIENTED_EDGE('',*,*,#2965,.T.);
#4348=ORIENTED_EDGE('',*,*,#3233,.T.);
#4349=ORIENTED_EDGE('',*,*,#3194,.F.);
#4350=ORIENTED_EDGE('',*,*,#3222,.F.);
#4351=ORIENTED_EDGE('',*,*,#3198,.F.);
#4352=ORIENTED_EDGE('',*,*,#3234,.F.);
#4353=ORIENTED_EDGE('',*,*,#3221,.F.);
#4354=ORIENTED_EDGE('',*,*,#3201,.F.);
#4355=ORIENTED_EDGE('',*,*,#3235,.F.);
#4356=ORIENTED_EDGE('',*,*,#2966,.T.);
#4357=ORIENTED_EDGE('',*,*,#3234,.T.);
#4358=ORIENTED_EDGE('',*,*,#3197,.F.);
#4359=ORIENTED_EDGE('',*,*,#2967,.T.);
#4360=ORIENTED_EDGE('',*,*,#3235,.T.);
#4361=ORIENTED_EDGE('',*,*,#3200,.F.);
#4362=ORIENTED_EDGE('',*,*,#3220,.F.);
#4363=ORIENTED_EDGE('',*,*,#3204,.F.);
#4364=ORIENTED_EDGE('',*,*,#3236,.F.);
#4365=ORIENTED_EDGE('',*,*,#2962,.T.);
#4366=ORIENTED_EDGE('',*,*,#3236,.T.);
#4367=ORIENTED_EDGE('',*,*,#3203,.F.);
#4368=ORIENTED_EDGE('',*,*,#3219,.F.);
#4369=ORIENTED_EDGE('',*,*,#3208,.F.);
#4370=ORIENTED_EDGE('',*,*,#3231,.F.);
#4371=ORIENTED_EDGE('',*,*,#3209,.T.);
#4372=ORIENTED_EDGE('',*,*,#3237,.T.);
#4373=ORIENTED_EDGE('',*,*,#3238,.T.);
#4374=ORIENTED_EDGE('',*,*,#3237,.F.);
#4375=ORIENTED_EDGE('',*,*,#3217,.T.);
#4376=ORIENTED_EDGE('',*,*,#3239,.T.);
#4377=ORIENTED_EDGE('',*,*,#3240,.T.);
#4378=ORIENTED_EDGE('',*,*,#3239,.F.);
#4379=ORIENTED_EDGE('',*,*,#3241,.F.);
#4380=ORIENTED_EDGE('',*,*,#3238,.F.);
#4381=ORIENTED_EDGE('',*,*,#3242,.F.);
#4382=ORIENTED_EDGE('',*,*,#3240,.F.);
#4383=ORIENTED_EDGE('',*,*,#3166,.F.);
#4384=ORIENTED_EDGE('',*,*,#3243,.T.);
#4385=ORIENTED_EDGE('',*,*,#3129,.T.);
#4386=ORIENTED_EDGE('',*,*,#3136,.T.);
#4387=ORIENTED_EDGE('',*,*,#3139,.T.);
#4388=ORIENTED_EDGE('',*,*,#3158,.F.);
#4389=ORIENTED_EDGE('',*,*,#3244,.T.);
#4390=ORIENTED_EDGE('',*,*,#3241,.T.);
#4391=ORIENTED_EDGE('',*,*,#3244,.F.);
#4392=ORIENTED_EDGE('',*,*,#3159,.F.);
#4393=ORIENTED_EDGE('',*,*,#3245,.T.);
#4394=ORIENTED_EDGE('',*,*,#3242,.T.);
#4395=ORIENTED_EDGE('',*,*,#3245,.F.);
#4396=ORIENTED_EDGE('',*,*,#3145,.T.);
#4397=ORIENTED_EDGE('',*,*,#3130,.T.);
#4398=ORIENTED_EDGE('',*,*,#3243,.F.);
#4399=ORIENTED_EDGE('',*,*,#3165,.F.);
#4400=ORIENTED_EDGE('',*,*,#3151,.F.);
#4401=ORIENTED_EDGE('',*,*,#3164,.T.);
#4402=ORIENTED_EDGE('',*,*,#3142,.T.);
#4403=ORIENTED_EDGE('',*,*,#3168,.F.);
#4404=ORIENTED_EDGE('',*,*,#3169,.T.);
#4405=ORIENTED_EDGE('',*,*,#3154,.F.);
#4406=ORIENTED_EDGE('',*,*,#3096,.T.);
#4407=ORIENTED_EDGE('',*,*,#3134,.F.);
#4408=ORIENTED_EDGE('',*,*,#3170,.F.);
#4409=ORIENTED_EDGE('',*,*,#3116,.T.);
#4410=ORIENTED_EDGE('',*,*,#3089,.T.);
#4411=ORIENTED_EDGE('',*,*,#3102,.T.);
#4412=ORIENTED_EDGE('',*,*,#2929,.T.);
#4413=ORIENTED_EDGE('',*,*,#3017,.T.);
#4414=ORIENTED_EDGE('',*,*,#2951,.T.);
#4415=ORIENTED_EDGE('',*,*,#3246,.T.);
#4416=ORIENTED_EDGE('',*,*,#3053,.T.);
#4417=ORIENTED_EDGE('',*,*,#3247,.T.);
#4418=ORIENTED_EDGE('',*,*,#3246,.F.);
#4419=ORIENTED_EDGE('',*,*,#2950,.F.);
#4420=ORIENTED_EDGE('',*,*,#3248,.F.);
#4421=ORIENTED_EDGE('',*,*,#3054,.T.);
#4422=ORIENTED_EDGE('',*,*,#3247,.F.);
#4423=ORIENTED_EDGE('',*,*,#3052,.T.);
#4424=ORIENTED_EDGE('',*,*,#3249,.F.);
#4425=ORIENTED_EDGE('',*,*,#2952,.F.);
#4426=ORIENTED_EDGE('',*,*,#3250,.T.);
#4427=ORIENTED_EDGE('',*,*,#3251,.T.);
#4428=ORIENTED_EDGE('',*,*,#3252,.F.);
#4429=ORIENTED_EDGE('',*,*,#3253,.T.);
#4430=ORIENTED_EDGE('',*,*,#3254,.F.);
#4431=ORIENTED_EDGE('',*,*,#3255,.T.);
#4432=ORIENTED_EDGE('',*,*,#3256,.F.);
#4433=ORIENTED_EDGE('',*,*,#3257,.T.);
#4434=ORIENTED_EDGE('',*,*,#3258,.F.);
#4435=ORIENTED_EDGE('',*,*,#3259,.T.);
#4436=ORIENTED_EDGE('',*,*,#3260,.F.);
#4437=ORIENTED_EDGE('',*,*,#3261,.T.);
#4438=ORIENTED_EDGE('',*,*,#3262,.F.);
#4439=ORIENTED_EDGE('',*,*,#3263,.T.);
#4440=ORIENTED_EDGE('',*,*,#3264,.F.);
#4441=ORIENTED_EDGE('',*,*,#3251,.F.);
#4442=ORIENTED_EDGE('',*,*,#3253,.F.);
#4443=ORIENTED_EDGE('',*,*,#3265,.F.);
#4444=ORIENTED_EDGE('',*,*,#3266,.F.);
#4445=ORIENTED_EDGE('',*,*,#3255,.F.);
#4446=ORIENTED_EDGE('',*,*,#3267,.F.);
#4447=ORIENTED_EDGE('',*,*,#3268,.F.);
#4448=ORIENTED_EDGE('',*,*,#3263,.F.);
#4449=ORIENTED_EDGE('',*,*,#3269,.F.);
#4450=ORIENTED_EDGE('',*,*,#3270,.F.);
#4451=ORIENTED_EDGE('',*,*,#3257,.F.);
#4452=ORIENTED_EDGE('',*,*,#3271,.F.);
#4453=ORIENTED_EDGE('',*,*,#3272,.F.);
#4454=ORIENTED_EDGE('',*,*,#3261,.F.);
#4455=ORIENTED_EDGE('',*,*,#3273,.F.);
#4456=ORIENTED_EDGE('',*,*,#3274,.F.);
#4457=ORIENTED_EDGE('',*,*,#3250,.F.);
#4458=ORIENTED_EDGE('',*,*,#3275,.T.);
#4459=ORIENTED_EDGE('',*,*,#3276,.T.);
#4460=ORIENTED_EDGE('',*,*,#3275,.F.);
#4461=ORIENTED_EDGE('',*,*,#3277,.T.);
#4462=ORIENTED_EDGE('',*,*,#3278,.T.);
#4463=ORIENTED_EDGE('',*,*,#3279,.F.);
#4464=ORIENTED_EDGE('',*,*,#3280,.T.);
#4465=ORIENTED_EDGE('',*,*,#3281,.F.);
#4466=ORIENTED_EDGE('',*,*,#3282,.T.);
#4467=ORIENTED_EDGE('',*,*,#3283,.F.);
#4468=ORIENTED_EDGE('',*,*,#3284,.T.);
#4469=ORIENTED_EDGE('',*,*,#3285,.F.);
#4470=ORIENTED_EDGE('',*,*,#3286,.T.);
#4471=ORIENTED_EDGE('',*,*,#3287,.F.);
#4472=ORIENTED_EDGE('',*,*,#3288,.T.);
#4473=ORIENTED_EDGE('',*,*,#3289,.F.);
#4474=ORIENTED_EDGE('',*,*,#3290,.T.);
#4475=ORIENTED_EDGE('',*,*,#3291,.F.);
#4476=ORIENTED_EDGE('',*,*,#3278,.F.);
#4477=ORIENTED_EDGE('',*,*,#3292,.T.);
#4478=ORIENTED_EDGE('',*,*,#3280,.F.);
#4479=ORIENTED_EDGE('',*,*,#3293,.F.);
#4480=ORIENTED_EDGE('',*,*,#3294,.F.);
#4481=ORIENTED_EDGE('',*,*,#3282,.F.);
#4482=ORIENTED_EDGE('',*,*,#3295,.F.);
#4483=ORIENTED_EDGE('',*,*,#3296,.F.);
#4484=ORIENTED_EDGE('',*,*,#3290,.F.);
#4485=ORIENTED_EDGE('',*,*,#3297,.F.);
#4486=ORIENTED_EDGE('',*,*,#3298,.F.);
#4487=ORIENTED_EDGE('',*,*,#3284,.F.);
#4488=ORIENTED_EDGE('',*,*,#3299,.F.);
#4489=ORIENTED_EDGE('',*,*,#3300,.F.);
#4490=ORIENTED_EDGE('',*,*,#3288,.F.);
#4491=ORIENTED_EDGE('',*,*,#3301,.F.);
#4492=ORIENTED_EDGE('',*,*,#3302,.F.);
#4493=ORIENTED_EDGE('',*,*,#3277,.F.);
#4494=ORIENTED_EDGE('',*,*,#3303,.T.);
#4495=ORIENTED_EDGE('',*,*,#3091,.T.);
#4496=ORIENTED_EDGE('',*,*,#3303,.F.);
#4497=ORIENTED_EDGE('',*,*,#3292,.F.);
#4498=ORIENTED_EDGE('',*,*,#3304,.T.);
#4499=ORIENTED_EDGE('',*,*,#3305,.T.);
#4500=ORIENTED_EDGE('',*,*,#3306,.F.);
#4501=ORIENTED_EDGE('',*,*,#3307,.T.);
#4502=ORIENTED_EDGE('',*,*,#3308,.F.);
#4503=ORIENTED_EDGE('',*,*,#3309,.T.);
#4504=ORIENTED_EDGE('',*,*,#3310,.F.);
#4505=ORIENTED_EDGE('',*,*,#3311,.T.);
#4506=ORIENTED_EDGE('',*,*,#3312,.F.);
#4507=ORIENTED_EDGE('',*,*,#3313,.T.);
#4508=ORIENTED_EDGE('',*,*,#3314,.F.);
#4509=ORIENTED_EDGE('',*,*,#3315,.T.);
#4510=ORIENTED_EDGE('',*,*,#3316,.F.);
#4511=ORIENTED_EDGE('',*,*,#3317,.T.);
#4512=ORIENTED_EDGE('',*,*,#3318,.F.);
#4513=ORIENTED_EDGE('',*,*,#3305,.F.);
#4514=ORIENTED_EDGE('',*,*,#3307,.F.);
#4515=ORIENTED_EDGE('',*,*,#3319,.F.);
#4516=ORIENTED_EDGE('',*,*,#3320,.F.);
#4517=ORIENTED_EDGE('',*,*,#3309,.F.);
#4518=ORIENTED_EDGE('',*,*,#3321,.F.);
#4519=ORIENTED_EDGE('',*,*,#3322,.F.);
#4520=ORIENTED_EDGE('',*,*,#3317,.F.);
#4521=ORIENTED_EDGE('',*,*,#3323,.F.);
#4522=ORIENTED_EDGE('',*,*,#3324,.F.);
#4523=ORIENTED_EDGE('',*,*,#3311,.F.);
#4524=ORIENTED_EDGE('',*,*,#3325,.F.);
#4525=ORIENTED_EDGE('',*,*,#3326,.F.);
#4526=ORIENTED_EDGE('',*,*,#3315,.F.);
#4527=ORIENTED_EDGE('',*,*,#3327,.F.);
#4528=ORIENTED_EDGE('',*,*,#3328,.F.);
#4529=ORIENTED_EDGE('',*,*,#3304,.F.);
#4530=ORIENTED_EDGE('',*,*,#3329,.T.);
#4531=ORIENTED_EDGE('',*,*,#3092,.T.);
#4532=ORIENTED_EDGE('',*,*,#3329,.F.);
#4533=ORIENTED_EDGE('',*,*,#3000,.F.);
#4534=ORIENTED_EDGE('',*,*,#3330,.T.);
#4535=ORIENTED_EDGE('',*,*,#3267,.T.);
#4536=ORIENTED_EDGE('',*,*,#3254,.T.);
#4537=ORIENTED_EDGE('',*,*,#3266,.T.);
#4538=ORIENTED_EDGE('',*,*,#3331,.F.);
#4539=ORIENTED_EDGE('',*,*,#3005,.F.);
#4540=ORIENTED_EDGE('',*,*,#3332,.T.);
#4541=ORIENTED_EDGE('',*,*,#3271,.T.);
#4542=ORIENTED_EDGE('',*,*,#3256,.T.);
#4543=ORIENTED_EDGE('',*,*,#3268,.T.);
#4544=ORIENTED_EDGE('',*,*,#3330,.F.);
#4545=ORIENTED_EDGE('',*,*,#3004,.F.);
#4546=ORIENTED_EDGE('',*,*,#3333,.T.);
#4547=ORIENTED_EDGE('',*,*,#3334,.T.);
#4548=ORIENTED_EDGE('',*,*,#3258,.T.);
#4549=ORIENTED_EDGE('',*,*,#3272,.T.);
#4550=ORIENTED_EDGE('',*,*,#3332,.F.);
#4551=ORIENTED_EDGE('',*,*,#3003,.F.);
#4552=ORIENTED_EDGE('',*,*,#3335,.T.);
#4553=ORIENTED_EDGE('',*,*,#3273,.T.);
#4554=ORIENTED_EDGE('',*,*,#3260,.T.);
#4555=ORIENTED_EDGE('',*,*,#3336,.T.);
#4556=ORIENTED_EDGE('',*,*,#3333,.F.);
#4557=ORIENTED_EDGE('',*,*,#3002,.F.);
#4558=ORIENTED_EDGE('',*,*,#3337,.T.);
#4559=ORIENTED_EDGE('',*,*,#3269,.T.);
#4560=ORIENTED_EDGE('',*,*,#3262,.T.);
#4561=ORIENTED_EDGE('',*,*,#3274,.T.);
#4562=ORIENTED_EDGE('',*,*,#3335,.F.);
#4563=ORIENTED_EDGE('',*,*,#3001,.F.);
#4564=ORIENTED_EDGE('',*,*,#3331,.T.);
#4565=ORIENTED_EDGE('',*,*,#3265,.T.);
#4566=ORIENTED_EDGE('',*,*,#3252,.T.);
#4567=ORIENTED_EDGE('',*,*,#3264,.T.);
#4568=ORIENTED_EDGE('',*,*,#3270,.T.);
#4569=ORIENTED_EDGE('',*,*,#3337,.F.);
#4570=ORIENTED_EDGE('',*,*,#3259,.F.);
#4571=ORIENTED_EDGE('',*,*,#3334,.F.);
#4572=ORIENTED_EDGE('',*,*,#3336,.F.);
#4573=ORIENTED_EDGE('',*,*,#2994,.F.);
#4574=ORIENTED_EDGE('',*,*,#3338,.T.);
#4575=ORIENTED_EDGE('',*,*,#3321,.T.);
#4576=ORIENTED_EDGE('',*,*,#3308,.T.);
#4577=ORIENTED_EDGE('',*,*,#3320,.T.);
#4578=ORIENTED_EDGE('',*,*,#3339,.F.);
#4579=ORIENTED_EDGE('',*,*,#2999,.F.);
#4580=ORIENTED_EDGE('',*,*,#3340,.T.);
#4581=ORIENTED_EDGE('',*,*,#3325,.T.);
#4582=ORIENTED_EDGE('',*,*,#3310,.T.);
#4583=ORIENTED_EDGE('',*,*,#3322,.T.);
#4584=ORIENTED_EDGE('',*,*,#3338,.F.);
#4585=ORIENTED_EDGE('',*,*,#2998,.F.);
#4586=ORIENTED_EDGE('',*,*,#3341,.T.);
#4587=ORIENTED_EDGE('',*,*,#3342,.T.);
#4588=ORIENTED_EDGE('',*,*,#3312,.T.);
#4589=ORIENTED_EDGE('',*,*,#3326,.T.);
#4590=ORIENTED_EDGE('',*,*,#3340,.F.);
#4591=ORIENTED_EDGE('',*,*,#2997,.F.);
#4592=ORIENTED_EDGE('',*,*,#3343,.T.);
#4593=ORIENTED_EDGE('',*,*,#3327,.T.);
#4594=ORIENTED_EDGE('',*,*,#3314,.T.);
#4595=ORIENTED_EDGE('',*,*,#3344,.T.);
#4596=ORIENTED_EDGE('',*,*,#3341,.F.);
#4597=ORIENTED_EDGE('',*,*,#2996,.F.);
#4598=ORIENTED_EDGE('',*,*,#3345,.T.);
#4599=ORIENTED_EDGE('',*,*,#3323,.T.);
#4600=ORIENTED_EDGE('',*,*,#3316,.T.);
#4601=ORIENTED_EDGE('',*,*,#3328,.T.);
#4602=ORIENTED_EDGE('',*,*,#3343,.F.);
#4603=ORIENTED_EDGE('',*,*,#2995,.F.);
#4604=ORIENTED_EDGE('',*,*,#3339,.T.);
#4605=ORIENTED_EDGE('',*,*,#3319,.T.);
#4606=ORIENTED_EDGE('',*,*,#3306,.T.);
#4607=ORIENTED_EDGE('',*,*,#3318,.T.);
#4608=ORIENTED_EDGE('',*,*,#3324,.T.);
#4609=ORIENTED_EDGE('',*,*,#3345,.F.);
#4610=ORIENTED_EDGE('',*,*,#3313,.F.);
#4611=ORIENTED_EDGE('',*,*,#3342,.F.);
#4612=ORIENTED_EDGE('',*,*,#3344,.F.);
#4613=ORIENTED_EDGE('',*,*,#2988,.F.);
#4614=ORIENTED_EDGE('',*,*,#3346,.T.);
#4615=ORIENTED_EDGE('',*,*,#3295,.T.);
#4616=ORIENTED_EDGE('',*,*,#3281,.T.);
#4617=ORIENTED_EDGE('',*,*,#3294,.T.);
#4618=ORIENTED_EDGE('',*,*,#3347,.F.);
#4619=ORIENTED_EDGE('',*,*,#2993,.F.);
#4620=ORIENTED_EDGE('',*,*,#3348,.T.);
#4621=ORIENTED_EDGE('',*,*,#3299,.T.);
#4622=ORIENTED_EDGE('',*,*,#3283,.T.);
#4623=ORIENTED_EDGE('',*,*,#3296,.T.);
#4624=ORIENTED_EDGE('',*,*,#3346,.F.);
#4625=ORIENTED_EDGE('',*,*,#2992,.F.);
#4626=ORIENTED_EDGE('',*,*,#3349,.T.);
#4627=ORIENTED_EDGE('',*,*,#3350,.T.);
#4628=ORIENTED_EDGE('',*,*,#3285,.T.);
#4629=ORIENTED_EDGE('',*,*,#3300,.T.);
#4630=ORIENTED_EDGE('',*,*,#3348,.F.);
#4631=ORIENTED_EDGE('',*,*,#2991,.F.);
#4632=ORIENTED_EDGE('',*,*,#3351,.T.);
#4633=ORIENTED_EDGE('',*,*,#3301,.T.);
#4634=ORIENTED_EDGE('',*,*,#3287,.T.);
#4635=ORIENTED_EDGE('',*,*,#3352,.T.);
#4636=ORIENTED_EDGE('',*,*,#3349,.F.);
#4637=ORIENTED_EDGE('',*,*,#2990,.F.);
#4638=ORIENTED_EDGE('',*,*,#3353,.T.);
#4639=ORIENTED_EDGE('',*,*,#3297,.T.);
#4640=ORIENTED_EDGE('',*,*,#3289,.T.);
#4641=ORIENTED_EDGE('',*,*,#3302,.T.);
#4642=ORIENTED_EDGE('',*,*,#3351,.F.);
#4643=ORIENTED_EDGE('',*,*,#2989,.F.);
#4644=ORIENTED_EDGE('',*,*,#3347,.T.);
#4645=ORIENTED_EDGE('',*,*,#3293,.T.);
#4646=ORIENTED_EDGE('',*,*,#3279,.T.);
#4647=ORIENTED_EDGE('',*,*,#3291,.T.);
#4648=ORIENTED_EDGE('',*,*,#3298,.T.);
#4649=ORIENTED_EDGE('',*,*,#3353,.F.);
#4650=ORIENTED_EDGE('',*,*,#3286,.F.);
#4651=ORIENTED_EDGE('',*,*,#3350,.F.);
#4652=ORIENTED_EDGE('',*,*,#3352,.F.);
#4653=ORIENTED_EDGE('',*,*,#2949,.T.);
#4654=ORIENTED_EDGE('',*,*,#3354,.T.);
#4655=ORIENTED_EDGE('',*,*,#3055,.T.);
#4656=ORIENTED_EDGE('',*,*,#3248,.T.);
#4657=ORIENTED_EDGE('',*,*,#2937,.T.);
#4658=ORIENTED_EDGE('',*,*,#3108,.T.);
#4659=ORIENTED_EDGE('',*,*,#3355,.T.);
#4660=ORIENTED_EDGE('',*,*,#3356,.T.);
#4661=ORIENTED_EDGE('',*,*,#3051,.T.);
#4662=ORIENTED_EDGE('',*,*,#3127,.T.);
#4663=ORIENTED_EDGE('',*,*,#2953,.T.);
#4664=ORIENTED_EDGE('',*,*,#3249,.T.);
#4665=ORIENTED_EDGE('',*,*,#3357,.F.);
#4666=ORIENTED_EDGE('',*,*,#3358,.T.);
#4667=ORIENTED_EDGE('',*,*,#3106,.T.);
#4668=ORIENTED_EDGE('',*,*,#3104,.T.);
#4669=ORIENTED_EDGE('',*,*,#3085,.T.);
#4670=ORIENTED_EDGE('',*,*,#3357,.T.);
#4671=ORIENTED_EDGE('',*,*,#3084,.F.);
#4672=ORIENTED_EDGE('',*,*,#3359,.F.);
#4673=ORIENTED_EDGE('',*,*,#3360,.F.);
#4674=ORIENTED_EDGE('',*,*,#3083,.T.);
#4675=ORIENTED_EDGE('',*,*,#3361,.T.);
#4676=ORIENTED_EDGE('',*,*,#3362,.T.);
#4677=ORIENTED_EDGE('',*,*,#3359,.T.);
#4678=ORIENTED_EDGE('',*,*,#3363,.F.);
#4679=ORIENTED_EDGE('',*,*,#3081,.T.);
#4680=ORIENTED_EDGE('',*,*,#3364,.F.);
#4681=ORIENTED_EDGE('',*,*,#3365,.F.);
#4682=ORIENTED_EDGE('',*,*,#3356,.F.);
#4683=ORIENTED_EDGE('',*,*,#3366,.T.);
#4684=ORIENTED_EDGE('',*,*,#3367,.F.);
#4685=ORIENTED_EDGE('',*,*,#2938,.T.);
#4686=ORIENTED_EDGE('',*,*,#3368,.T.);
#4687=ORIENTED_EDGE('',*,*,#3072,.T.);
#4688=ORIENTED_EDGE('',*,*,#3369,.T.);
#4689=ORIENTED_EDGE('',*,*,#3076,.T.);
#4690=ORIENTED_EDGE('',*,*,#3370,.F.);
#4691=ORIENTED_EDGE('',*,*,#3073,.F.);
#4692=ORIENTED_EDGE('',*,*,#3368,.F.);
#4693=ORIENTED_EDGE('',*,*,#3075,.F.);
#4694=ORIENTED_EDGE('',*,*,#3074,.T.);
#4695=ORIENTED_EDGE('',*,*,#3370,.T.);
#4696=ORIENTED_EDGE('',*,*,#3371,.F.);
#4697=ORIENTED_EDGE('',*,*,#2940,.F.);
#4698=ORIENTED_EDGE('',*,*,#3372,.F.);
#4699=ORIENTED_EDGE('',*,*,#3373,.F.);
#4700=ORIENTED_EDGE('',*,*,#3374,.F.);
#4701=ORIENTED_EDGE('',*,*,#3375,.F.);
#4702=ORIENTED_EDGE('',*,*,#3376,.T.);
#4703=ORIENTED_EDGE('',*,*,#3377,.F.);
#4704=ORIENTED_EDGE('',*,*,#3378,.F.);
#4705=ORIENTED_EDGE('',*,*,#3379,.T.);
#4706=ORIENTED_EDGE('',*,*,#3380,.F.);
#4707=ORIENTED_EDGE('',*,*,#3381,.F.);
#4708=ORIENTED_EDGE('',*,*,#3382,.F.);
#4709=ORIENTED_EDGE('',*,*,#3383,.T.);
#4710=ORIENTED_EDGE('',*,*,#3384,.F.);
#4711=ORIENTED_EDGE('',*,*,#3385,.T.);
#4712=ORIENTED_EDGE('',*,*,#3386,.T.);
#4713=ORIENTED_EDGE('',*,*,#3387,.T.);
#4714=ORIENTED_EDGE('',*,*,#3388,.T.);
#4715=ORIENTED_EDGE('',*,*,#3389,.T.);
#4716=ORIENTED_EDGE('',*,*,#3390,.F.);
#4717=ORIENTED_EDGE('',*,*,#3373,.T.);
#4718=ORIENTED_EDGE('',*,*,#3391,.F.);
#4719=ORIENTED_EDGE('',*,*,#3366,.F.);
#4720=ORIENTED_EDGE('',*,*,#3355,.F.);
#4721=ORIENTED_EDGE('',*,*,#3107,.F.);
#4722=ORIENTED_EDGE('',*,*,#3358,.F.);
#4723=ORIENTED_EDGE('',*,*,#3360,.T.);
#4724=ORIENTED_EDGE('',*,*,#3362,.F.);
#4725=ORIENTED_EDGE('',*,*,#3392,.T.);
#4726=ORIENTED_EDGE('',*,*,#3393,.F.);
#4727=ORIENTED_EDGE('',*,*,#3394,.F.);
#4728=ORIENTED_EDGE('',*,*,#3395,.F.);
#4729=ORIENTED_EDGE('',*,*,#3396,.F.);
#4730=ORIENTED_EDGE('',*,*,#3397,.T.);
#4731=ORIENTED_EDGE('',*,*,#3276,.F.);
#4732=ORIENTED_EDGE('',*,*,#3398,.T.);
#4733=ORIENTED_EDGE('',*,*,#3399,.T.);
#4734=ORIENTED_EDGE('',*,*,#3375,.T.);
#4735=ORIENTED_EDGE('',*,*,#3400,.T.);
#4736=ORIENTED_EDGE('',*,*,#3401,.T.);
#4737=ORIENTED_EDGE('',*,*,#3402,.T.);
#4738=ORIENTED_EDGE('',*,*,#3067,.F.);
#4739=ORIENTED_EDGE('',*,*,#3403,.F.);
#4740=ORIENTED_EDGE('',*,*,#3404,.T.);
#4741=ORIENTED_EDGE('',*,*,#3400,.F.);
#4742=ORIENTED_EDGE('',*,*,#3066,.F.);
#4743=ORIENTED_EDGE('',*,*,#3405,.T.);
#4744=ORIENTED_EDGE('',*,*,#3406,.T.);
#4745=ORIENTED_EDGE('',*,*,#3403,.T.);
#4746=ORIENTED_EDGE('',*,*,#3065,.F.);
#4747=ORIENTED_EDGE('',*,*,#3405,.F.);
#4748=ORIENTED_EDGE('',*,*,#3064,.T.);
#4749=ORIENTED_EDGE('',*,*,#3407,.F.);
#4750=ORIENTED_EDGE('',*,*,#3408,.T.);
#4751=ORIENTED_EDGE('',*,*,#3063,.T.);
#4752=ORIENTED_EDGE('',*,*,#3409,.F.);
#4753=ORIENTED_EDGE('',*,*,#3410,.T.);
#4754=ORIENTED_EDGE('',*,*,#3407,.T.);
#4755=ORIENTED_EDGE('',*,*,#3062,.T.);
#4756=ORIENTED_EDGE('',*,*,#3411,.F.);
#4757=ORIENTED_EDGE('',*,*,#3412,.T.);
#4758=ORIENTED_EDGE('',*,*,#3409,.T.);
#4759=ORIENTED_EDGE('',*,*,#3413,.T.);
#4760=ORIENTED_EDGE('',*,*,#3411,.T.);
#4761=ORIENTED_EDGE('',*,*,#3061,.T.);
#4762=ORIENTED_EDGE('',*,*,#3414,.T.);
#4763=ORIENTED_EDGE('',*,*,#3414,.F.);
#4764=ORIENTED_EDGE('',*,*,#3060,.T.);
#4765=ORIENTED_EDGE('',*,*,#3415,.T.);
#4766=ORIENTED_EDGE('',*,*,#3416,.T.);
#4767=ORIENTED_EDGE('',*,*,#3417,.F.);
#4768=ORIENTED_EDGE('',*,*,#3418,.T.);
#4769=ORIENTED_EDGE('',*,*,#3415,.F.);
#4770=ORIENTED_EDGE('',*,*,#3059,.T.);
#4771=ORIENTED_EDGE('',*,*,#3417,.T.);
#4772=ORIENTED_EDGE('',*,*,#3058,.T.);
#4773=ORIENTED_EDGE('',*,*,#3419,.T.);
#4774=ORIENTED_EDGE('',*,*,#3420,.T.);
#4775=ORIENTED_EDGE('',*,*,#3421,.F.);
#4776=ORIENTED_EDGE('',*,*,#3422,.F.);
#4777=ORIENTED_EDGE('',*,*,#3419,.F.);
#4778=ORIENTED_EDGE('',*,*,#3057,.F.);
#4779=ORIENTED_EDGE('',*,*,#3423,.T.);
#4780=ORIENTED_EDGE('',*,*,#3374,.T.);
#4781=ORIENTED_EDGE('',*,*,#3390,.T.);
#4782=ORIENTED_EDGE('',*,*,#3424,.T.);
#4783=ORIENTED_EDGE('',*,*,#3425,.T.);
#4784=ORIENTED_EDGE('',*,*,#3426,.T.);
#4785=ORIENTED_EDGE('',*,*,#3424,.F.);
#4786=ORIENTED_EDGE('',*,*,#3389,.F.);
#4787=ORIENTED_EDGE('',*,*,#3427,.F.);
#4788=ORIENTED_EDGE('',*,*,#3428,.F.);
#4789=ORIENTED_EDGE('',*,*,#3427,.T.);
#4790=ORIENTED_EDGE('',*,*,#3388,.F.);
#4791=ORIENTED_EDGE('',*,*,#3429,.T.);
#4792=ORIENTED_EDGE('',*,*,#3430,.F.);
#4793=ORIENTED_EDGE('',*,*,#3429,.F.);
#4794=ORIENTED_EDGE('',*,*,#3387,.F.);
#4795=ORIENTED_EDGE('',*,*,#3431,.T.);
#4796=ORIENTED_EDGE('',*,*,#3432,.F.);
#4797=ORIENTED_EDGE('',*,*,#3386,.F.);
#4798=ORIENTED_EDGE('',*,*,#3433,.T.);
#4799=ORIENTED_EDGE('',*,*,#3434,.F.);
#4800=ORIENTED_EDGE('',*,*,#3431,.F.);
#4801=ORIENTED_EDGE('',*,*,#3433,.F.);
#4802=ORIENTED_EDGE('',*,*,#3385,.F.);
#4803=ORIENTED_EDGE('',*,*,#3435,.F.);
#4804=ORIENTED_EDGE('',*,*,#3436,.F.);
#4805=ORIENTED_EDGE('',*,*,#3435,.T.);
#4806=ORIENTED_EDGE('',*,*,#3384,.T.);
#4807=ORIENTED_EDGE('',*,*,#3437,.T.);
#4808=ORIENTED_EDGE('',*,*,#3438,.F.);
#4809=ORIENTED_EDGE('',*,*,#3437,.F.);
#4810=ORIENTED_EDGE('',*,*,#3383,.F.);
#4811=ORIENTED_EDGE('',*,*,#3439,.F.);
#4812=ORIENTED_EDGE('',*,*,#3440,.F.);
#4813=ORIENTED_EDGE('',*,*,#3439,.T.);
#4814=ORIENTED_EDGE('',*,*,#3382,.T.);
#4815=ORIENTED_EDGE('',*,*,#3441,.T.);
#4816=ORIENTED_EDGE('',*,*,#3442,.F.);
#4817=ORIENTED_EDGE('',*,*,#3441,.F.);
#4818=ORIENTED_EDGE('',*,*,#3381,.T.);
#4819=ORIENTED_EDGE('',*,*,#3443,.F.);
#4820=ORIENTED_EDGE('',*,*,#3444,.F.);
#4821=ORIENTED_EDGE('',*,*,#3443,.T.);
#4822=ORIENTED_EDGE('',*,*,#3380,.T.);
#4823=ORIENTED_EDGE('',*,*,#3445,.T.);
#4824=ORIENTED_EDGE('',*,*,#3446,.F.);
#4825=ORIENTED_EDGE('',*,*,#3447,.T.);
#4826=ORIENTED_EDGE('',*,*,#3448,.F.);
#4827=ORIENTED_EDGE('',*,*,#3445,.F.);
#4828=ORIENTED_EDGE('',*,*,#3379,.F.);
#4829=ORIENTED_EDGE('',*,*,#3449,.F.);
#4830=ORIENTED_EDGE('',*,*,#3450,.T.);
#4831=ORIENTED_EDGE('',*,*,#3451,.T.);
#4832=ORIENTED_EDGE('',*,*,#3447,.F.);
#4833=ORIENTED_EDGE('',*,*,#3378,.T.);
#4834=ORIENTED_EDGE('',*,*,#3452,.F.);
#4835=ORIENTED_EDGE('',*,*,#3453,.T.);
#4836=ORIENTED_EDGE('',*,*,#3454,.T.);
#4837=ORIENTED_EDGE('',*,*,#3455,.T.);
#4838=ORIENTED_EDGE('',*,*,#3449,.T.);
#4839=ORIENTED_EDGE('',*,*,#3456,.T.);
#4840=ORIENTED_EDGE('',*,*,#3457,.T.);
#4841=ORIENTED_EDGE('',*,*,#3458,.F.);
#4842=ORIENTED_EDGE('',*,*,#3459,.T.);
#4843=ORIENTED_EDGE('',*,*,#3460,.F.);
#4844=ORIENTED_EDGE('',*,*,#3461,.T.);
#4845=ORIENTED_EDGE('',*,*,#3462,.F.);
#4846=ORIENTED_EDGE('',*,*,#3453,.F.);
#4847=ORIENTED_EDGE('',*,*,#3463,.F.);
#4848=ORIENTED_EDGE('',*,*,#3464,.F.);
#4849=ORIENTED_EDGE('',*,*,#2968,.F.);
#4850=ORIENTED_EDGE('',*,*,#3465,.T.);
#4851=ORIENTED_EDGE('',*,*,#3466,.T.);
#4852=ORIENTED_EDGE('',*,*,#3465,.F.);
#4853=ORIENTED_EDGE('',*,*,#2969,.F.);
#4854=ORIENTED_EDGE('',*,*,#3467,.T.);
#4855=ORIENTED_EDGE('',*,*,#3468,.T.);
#4856=ORIENTED_EDGE('',*,*,#3467,.F.);
#4857=ORIENTED_EDGE('',*,*,#3469,.F.);
#4858=ORIENTED_EDGE('',*,*,#3376,.F.);
#4859=ORIENTED_EDGE('',*,*,#3399,.F.);
#4860=ORIENTED_EDGE('',*,*,#3397,.F.);
#4861=ORIENTED_EDGE('',*,*,#3470,.T.);
#4862=ORIENTED_EDGE('',*,*,#3471,.T.);
#4863=ORIENTED_EDGE('',*,*,#3472,.T.);
#4864=ORIENTED_EDGE('',*,*,#3473,.T.);
#4865=ORIENTED_EDGE('',*,*,#3421,.T.);
#4866=ORIENTED_EDGE('',*,*,#3426,.F.);
#4867=ORIENTED_EDGE('',*,*,#3474,.T.);
#4868=ORIENTED_EDGE('',*,*,#3475,.F.);
#4869=ORIENTED_EDGE('',*,*,#3476,.T.);
#4870=ORIENTED_EDGE('',*,*,#3371,.T.);
#4871=ORIENTED_EDGE('',*,*,#3477,.F.);
#4872=ORIENTED_EDGE('',*,*,#3478,.F.);
#4873=ORIENTED_EDGE('',*,*,#3479,.F.);
#4874=ORIENTED_EDGE('',*,*,#3480,.F.);
#4875=ORIENTED_EDGE('',*,*,#3481,.F.);
#4876=ORIENTED_EDGE('',*,*,#3482,.F.);
#4877=ORIENTED_EDGE('',*,*,#3466,.F.);
#4878=ORIENTED_EDGE('',*,*,#3483,.F.);
#4879=ORIENTED_EDGE('',*,*,#3484,.T.);
#4880=ORIENTED_EDGE('',*,*,#3477,.T.);
#4881=ORIENTED_EDGE('',*,*,#3485,.F.);
#4882=ORIENTED_EDGE('',*,*,#3486,.F.);
#4883=ORIENTED_EDGE('',*,*,#3485,.T.);
#4884=ORIENTED_EDGE('',*,*,#3482,.T.);
#4885=ORIENTED_EDGE('',*,*,#3487,.F.);
#4886=ORIENTED_EDGE('',*,*,#3488,.F.);
#4887=ORIENTED_EDGE('',*,*,#3487,.T.);
#4888=ORIENTED_EDGE('',*,*,#3481,.T.);
#4889=ORIENTED_EDGE('',*,*,#3489,.F.);
#4890=ORIENTED_EDGE('',*,*,#3490,.F.);
#4891=ORIENTED_EDGE('',*,*,#3489,.T.);
#4892=ORIENTED_EDGE('',*,*,#3480,.T.);
#4893=ORIENTED_EDGE('',*,*,#3491,.F.);
#4894=ORIENTED_EDGE('',*,*,#3492,.F.);
#4895=ORIENTED_EDGE('',*,*,#3491,.T.);
#4896=ORIENTED_EDGE('',*,*,#3479,.T.);
#4897=ORIENTED_EDGE('',*,*,#3493,.F.);
#4898=ORIENTED_EDGE('',*,*,#3494,.F.);
#4899=ORIENTED_EDGE('',*,*,#3493,.T.);
#4900=ORIENTED_EDGE('',*,*,#3478,.T.);
#4901=ORIENTED_EDGE('',*,*,#3484,.F.);
#4902=ORIENTED_EDGE('',*,*,#3495,.F.);
#4903=ORIENTED_EDGE('',*,*,#3496,.F.);
#4904=ORIENTED_EDGE('',*,*,#3497,.F.);
#4905=ORIENTED_EDGE('',*,*,#3498,.F.);
#4906=ORIENTED_EDGE('',*,*,#3499,.F.);
#4907=ORIENTED_EDGE('',*,*,#3500,.F.);
#4908=ORIENTED_EDGE('',*,*,#3468,.F.);
#4909=ORIENTED_EDGE('',*,*,#3501,.F.);
#4910=ORIENTED_EDGE('',*,*,#3502,.T.);
#4911=ORIENTED_EDGE('',*,*,#3495,.T.);
#4912=ORIENTED_EDGE('',*,*,#3503,.F.);
#4913=ORIENTED_EDGE('',*,*,#3504,.F.);
#4914=ORIENTED_EDGE('',*,*,#3503,.T.);
#4915=ORIENTED_EDGE('',*,*,#3500,.T.);
#4916=ORIENTED_EDGE('',*,*,#3505,.F.);
#4917=ORIENTED_EDGE('',*,*,#3506,.F.);
#4918=ORIENTED_EDGE('',*,*,#3505,.T.);
#4919=ORIENTED_EDGE('',*,*,#3499,.T.);
#4920=ORIENTED_EDGE('',*,*,#3507,.F.);
#4921=ORIENTED_EDGE('',*,*,#3508,.F.);
#4922=ORIENTED_EDGE('',*,*,#3507,.T.);
#4923=ORIENTED_EDGE('',*,*,#3498,.T.);
#4924=ORIENTED_EDGE('',*,*,#3509,.F.);
#4925=ORIENTED_EDGE('',*,*,#3510,.F.);
#4926=ORIENTED_EDGE('',*,*,#3509,.T.);
#4927=ORIENTED_EDGE('',*,*,#3497,.T.);
#4928=ORIENTED_EDGE('',*,*,#3511,.F.);
#4929=ORIENTED_EDGE('',*,*,#3512,.F.);
#4930=ORIENTED_EDGE('',*,*,#3511,.T.);
#4931=ORIENTED_EDGE('',*,*,#3496,.T.);
#4932=ORIENTED_EDGE('',*,*,#3502,.F.);
#4933=ORIENTED_EDGE('',*,*,#3513,.F.);
#4934=ORIENTED_EDGE('',*,*,#3514,.F.);
#4935=ORIENTED_EDGE('',*,*,#3474,.F.);
#4936=ORIENTED_EDGE('',*,*,#3425,.F.);
#4937=ORIENTED_EDGE('',*,*,#3428,.T.);
#4938=ORIENTED_EDGE('',*,*,#3430,.T.);
#4939=ORIENTED_EDGE('',*,*,#3432,.T.);
#4940=ORIENTED_EDGE('',*,*,#3434,.T.);
#4941=ORIENTED_EDGE('',*,*,#3436,.T.);
#4942=ORIENTED_EDGE('',*,*,#3438,.T.);
#4943=ORIENTED_EDGE('',*,*,#3440,.T.);
#4944=ORIENTED_EDGE('',*,*,#3442,.T.);
#4945=ORIENTED_EDGE('',*,*,#3444,.T.);
#4946=ORIENTED_EDGE('',*,*,#3446,.T.);
#4947=ORIENTED_EDGE('',*,*,#3448,.T.);
#4948=ORIENTED_EDGE('',*,*,#3451,.F.);
#4949=ORIENTED_EDGE('',*,*,#3515,.T.);
#4950=ORIENTED_EDGE('',*,*,#3461,.F.);
#4951=ORIENTED_EDGE('',*,*,#3516,.T.);
#4952=ORIENTED_EDGE('',*,*,#3401,.F.);
#4953=ORIENTED_EDGE('',*,*,#3404,.F.);
#4954=ORIENTED_EDGE('',*,*,#3406,.F.);
#4955=ORIENTED_EDGE('',*,*,#3408,.F.);
#4956=ORIENTED_EDGE('',*,*,#3410,.F.);
#4957=ORIENTED_EDGE('',*,*,#3412,.F.);
#4958=ORIENTED_EDGE('',*,*,#3413,.F.);
#4959=ORIENTED_EDGE('',*,*,#3416,.F.);
#4960=ORIENTED_EDGE('',*,*,#3418,.F.);
#4961=ORIENTED_EDGE('',*,*,#3420,.F.);
#4962=ORIENTED_EDGE('',*,*,#3422,.T.);
#4963=ORIENTED_EDGE('',*,*,#3473,.F.);
#4964=ORIENTED_EDGE('',*,*,#3517,.F.);
#4965=ORIENTED_EDGE('',*,*,#3518,.F.);
#4966=ORIENTED_EDGE('',*,*,#3519,.T.);
#4967=ORIENTED_EDGE('',*,*,#3520,.F.);
#4968=ORIENTED_EDGE('',*,*,#3494,.T.);
#4969=ORIENTED_EDGE('',*,*,#3483,.T.);
#4970=ORIENTED_EDGE('',*,*,#3486,.T.);
#4971=ORIENTED_EDGE('',*,*,#3488,.T.);
#4972=ORIENTED_EDGE('',*,*,#3490,.T.);
#4973=ORIENTED_EDGE('',*,*,#3492,.T.);
#4974=ORIENTED_EDGE('',*,*,#3512,.T.);
#4975=ORIENTED_EDGE('',*,*,#3501,.T.);
#4976=ORIENTED_EDGE('',*,*,#3504,.T.);
#4977=ORIENTED_EDGE('',*,*,#3506,.T.);
#4978=ORIENTED_EDGE('',*,*,#3508,.T.);
#4979=ORIENTED_EDGE('',*,*,#3510,.T.);
#4980=ORIENTED_EDGE('',*,*,#3521,.F.);
#4981=ORIENTED_EDGE('',*,*,#3522,.F.);
#4982=ORIENTED_EDGE('',*,*,#3471,.F.);
#4983=ORIENTED_EDGE('',*,*,#2947,.F.);
#4984=ORIENTED_EDGE('',*,*,#3523,.F.);
#4985=ORIENTED_EDGE('',*,*,#2941,.F.);
#4986=ORIENTED_EDGE('',*,*,#3476,.F.);
#4987=ORIENTED_EDGE('',*,*,#3524,.F.);
#4988=ORIENTED_EDGE('',*,*,#3519,.F.);
#4989=ORIENTED_EDGE('',*,*,#3525,.F.);
#4990=ORIENTED_EDGE('',*,*,#2944,.T.);
#4991=ORIENTED_EDGE('',*,*,#3423,.F.);
#4992=ORIENTED_EDGE('',*,*,#3056,.T.);
#4993=ORIENTED_EDGE('',*,*,#3354,.F.);
#4994=ORIENTED_EDGE('',*,*,#2948,.F.);
#4995=ORIENTED_EDGE('',*,*,#3470,.F.);
#4996=ORIENTED_EDGE('',*,*,#2939,.T.);
#4997=ORIENTED_EDGE('',*,*,#3367,.T.);
#4998=ORIENTED_EDGE('',*,*,#3391,.T.);
#4999=ORIENTED_EDGE('',*,*,#3372,.T.);
#5000=ORIENTED_EDGE('',*,*,#2942,.T.);
#5001=ORIENTED_EDGE('',*,*,#3523,.T.);
#5002=ORIENTED_EDGE('',*,*,#3475,.T.);
#5003=ORIENTED_EDGE('',*,*,#3514,.T.);
#5004=ORIENTED_EDGE('',*,*,#3526,.F.);
#5005=ORIENTED_EDGE('',*,*,#2943,.T.);
#5006=ORIENTED_EDGE('',*,*,#3526,.T.);
#5007=ORIENTED_EDGE('',*,*,#3513,.T.);
#5008=ORIENTED_EDGE('',*,*,#3524,.T.);
#5009=ORIENTED_EDGE('',*,*,#2945,.T.);
#5010=ORIENTED_EDGE('',*,*,#3525,.T.);
#5011=ORIENTED_EDGE('',*,*,#3518,.T.);
#5012=ORIENTED_EDGE('',*,*,#3527,.T.);
#5013=ORIENTED_EDGE('',*,*,#2946,.T.);
#5014=ORIENTED_EDGE('',*,*,#3527,.F.);
#5015=ORIENTED_EDGE('',*,*,#3517,.T.);
#5016=ORIENTED_EDGE('',*,*,#3472,.F.);
#5017=ORIENTED_EDGE('',*,*,#3522,.T.);
#5018=ORIENTED_EDGE('',*,*,#3528,.F.);
#5019=ORIENTED_EDGE('',*,*,#3529,.F.);
#5020=ORIENTED_EDGE('',*,*,#3530,.F.);
#5021=ORIENTED_EDGE('',*,*,#2971,.F.);
#5022=ORIENTED_EDGE('',*,*,#3531,.T.);
#5023=ORIENTED_EDGE('',*,*,#3532,.T.);
#5024=ORIENTED_EDGE('',*,*,#3533,.T.);
#5025=ORIENTED_EDGE('',*,*,#3534,.T.);
#5026=ORIENTED_EDGE('',*,*,#3535,.T.);
#5027=ORIENTED_EDGE('',*,*,#3536,.F.);
#5028=ORIENTED_EDGE('',*,*,#2972,.F.);
#5029=ORIENTED_EDGE('',*,*,#3536,.T.);
#5030=ORIENTED_EDGE('',*,*,#3537,.T.);
#5031=ORIENTED_EDGE('',*,*,#3538,.T.);
#5032=ORIENTED_EDGE('',*,*,#3539,.T.);
#5033=ORIENTED_EDGE('',*,*,#3540,.F.);
#5034=ORIENTED_EDGE('',*,*,#2973,.F.);
#5035=ORIENTED_EDGE('',*,*,#3540,.T.);
#5036=ORIENTED_EDGE('',*,*,#3541,.T.);
#5037=ORIENTED_EDGE('',*,*,#3542,.T.);
#5038=ORIENTED_EDGE('',*,*,#3530,.T.);
#5039=ORIENTED_EDGE('',*,*,#3543,.F.);
#5040=ORIENTED_EDGE('',*,*,#2974,.F.);
#5041=ORIENTED_EDGE('',*,*,#3543,.T.);
#5042=ORIENTED_EDGE('',*,*,#3529,.T.);
#5043=ORIENTED_EDGE('',*,*,#3544,.T.);
#5044=ORIENTED_EDGE('',*,*,#3545,.T.);
#5045=ORIENTED_EDGE('',*,*,#3546,.F.);
#5046=ORIENTED_EDGE('',*,*,#2975,.F.);
#5047=ORIENTED_EDGE('',*,*,#3546,.T.);
#5048=ORIENTED_EDGE('',*,*,#3547,.T.);
#5049=ORIENTED_EDGE('',*,*,#3548,.T.);
#5050=ORIENTED_EDGE('',*,*,#3549,.T.);
#5051=ORIENTED_EDGE('',*,*,#3550,.F.);
#5052=ORIENTED_EDGE('',*,*,#2970,.F.);
#5053=ORIENTED_EDGE('',*,*,#3550,.T.);
#5054=ORIENTED_EDGE('',*,*,#3551,.T.);
#5055=ORIENTED_EDGE('',*,*,#3552,.T.);
#5056=ORIENTED_EDGE('',*,*,#3553,.T.);
#5057=ORIENTED_EDGE('',*,*,#3531,.F.);
#5058=ORIENTED_EDGE('',*,*,#3554,.F.);
#5059=ORIENTED_EDGE('',*,*,#3555,.F.);
#5060=ORIENTED_EDGE('',*,*,#3556,.F.);
#5061=ORIENTED_EDGE('',*,*,#2977,.F.);
#5062=ORIENTED_EDGE('',*,*,#3557,.T.);
#5063=ORIENTED_EDGE('',*,*,#3558,.T.);
#5064=ORIENTED_EDGE('',*,*,#3559,.T.);
#5065=ORIENTED_EDGE('',*,*,#3560,.T.);
#5066=ORIENTED_EDGE('',*,*,#3561,.T.);
#5067=ORIENTED_EDGE('',*,*,#3562,.F.);
#5068=ORIENTED_EDGE('',*,*,#2978,.F.);
#5069=ORIENTED_EDGE('',*,*,#3562,.T.);
#5070=ORIENTED_EDGE('',*,*,#3563,.T.);
#5071=ORIENTED_EDGE('',*,*,#3564,.T.);
#5072=ORIENTED_EDGE('',*,*,#3565,.T.);
#5073=ORIENTED_EDGE('',*,*,#3566,.F.);
#5074=ORIENTED_EDGE('',*,*,#2979,.F.);
#5075=ORIENTED_EDGE('',*,*,#3566,.T.);
#5076=ORIENTED_EDGE('',*,*,#3567,.T.);
#5077=ORIENTED_EDGE('',*,*,#3568,.T.);
#5078=ORIENTED_EDGE('',*,*,#3556,.T.);
#5079=ORIENTED_EDGE('',*,*,#3569,.F.);
#5080=ORIENTED_EDGE('',*,*,#2980,.F.);
#5081=ORIENTED_EDGE('',*,*,#3569,.T.);
#5082=ORIENTED_EDGE('',*,*,#3555,.T.);
#5083=ORIENTED_EDGE('',*,*,#3570,.T.);
#5084=ORIENTED_EDGE('',*,*,#3571,.T.);
#5085=ORIENTED_EDGE('',*,*,#3572,.F.);
#5086=ORIENTED_EDGE('',*,*,#2981,.F.);
#5087=ORIENTED_EDGE('',*,*,#3572,.T.);
#5088=ORIENTED_EDGE('',*,*,#3573,.T.);
#5089=ORIENTED_EDGE('',*,*,#3574,.T.);
#5090=ORIENTED_EDGE('',*,*,#3575,.T.);
#5091=ORIENTED_EDGE('',*,*,#3576,.F.);
#5092=ORIENTED_EDGE('',*,*,#2976,.F.);
#5093=ORIENTED_EDGE('',*,*,#3576,.T.);
#5094=ORIENTED_EDGE('',*,*,#3577,.T.);
#5095=ORIENTED_EDGE('',*,*,#3578,.T.);
#5096=ORIENTED_EDGE('',*,*,#3579,.T.);
#5097=ORIENTED_EDGE('',*,*,#3557,.F.);
#5098=ORIENTED_EDGE('',*,*,#3580,.F.);
#5099=ORIENTED_EDGE('',*,*,#3581,.F.);
#5100=ORIENTED_EDGE('',*,*,#3582,.F.);
#5101=ORIENTED_EDGE('',*,*,#2983,.F.);
#5102=ORIENTED_EDGE('',*,*,#3583,.T.);
#5103=ORIENTED_EDGE('',*,*,#3584,.T.);
#5104=ORIENTED_EDGE('',*,*,#3585,.T.);
#5105=ORIENTED_EDGE('',*,*,#3586,.T.);
#5106=ORIENTED_EDGE('',*,*,#3587,.F.);
#5107=ORIENTED_EDGE('',*,*,#2984,.F.);
#5108=ORIENTED_EDGE('',*,*,#3587,.T.);
#5109=ORIENTED_EDGE('',*,*,#3588,.T.);
#5110=ORIENTED_EDGE('',*,*,#3589,.T.);
#5111=ORIENTED_EDGE('',*,*,#3590,.T.);
#5112=ORIENTED_EDGE('',*,*,#3591,.T.);
#5113=ORIENTED_EDGE('',*,*,#3592,.F.);
#5114=ORIENTED_EDGE('',*,*,#2985,.F.);
#5115=ORIENTED_EDGE('',*,*,#3592,.T.);
#5116=ORIENTED_EDGE('',*,*,#3593,.T.);
#5117=ORIENTED_EDGE('',*,*,#3594,.T.);
#5118=ORIENTED_EDGE('',*,*,#3595,.T.);
#5119=ORIENTED_EDGE('',*,*,#3596,.F.);
#5120=ORIENTED_EDGE('',*,*,#2986,.F.);
#5121=ORIENTED_EDGE('',*,*,#3596,.T.);
#5122=ORIENTED_EDGE('',*,*,#3597,.T.);
#5123=ORIENTED_EDGE('',*,*,#3598,.T.);
#5124=ORIENTED_EDGE('',*,*,#3582,.T.);
#5125=ORIENTED_EDGE('',*,*,#3599,.F.);
#5126=ORIENTED_EDGE('',*,*,#2987,.F.);
#5127=ORIENTED_EDGE('',*,*,#3599,.T.);
#5128=ORIENTED_EDGE('',*,*,#3581,.T.);
#5129=ORIENTED_EDGE('',*,*,#3600,.T.);
#5130=ORIENTED_EDGE('',*,*,#3601,.T.);
#5131=ORIENTED_EDGE('',*,*,#3602,.F.);
#5132=ORIENTED_EDGE('',*,*,#2982,.F.);
#5133=ORIENTED_EDGE('',*,*,#3602,.T.);
#5134=ORIENTED_EDGE('',*,*,#3603,.T.);
#5135=ORIENTED_EDGE('',*,*,#3604,.T.);
#5136=ORIENTED_EDGE('',*,*,#3605,.T.);
#5137=ORIENTED_EDGE('',*,*,#3583,.F.);
#5138=ORIENTED_EDGE('',*,*,#3520,.T.);
#5139=ORIENTED_EDGE('',*,*,#3606,.T.);
#5140=ORIENTED_EDGE('',*,*,#3607,.F.);
#5141=ORIENTED_EDGE('',*,*,#3606,.F.);
#5142=ORIENTED_EDGE('',*,*,#3608,.F.);
#5143=ORIENTED_EDGE('',*,*,#3597,.F.);
#5144=ORIENTED_EDGE('',*,*,#3595,.F.);
#5145=ORIENTED_EDGE('',*,*,#3609,.F.);
#5146=ORIENTED_EDGE('',*,*,#3603,.F.);
#5147=ORIENTED_EDGE('',*,*,#3601,.F.);
#5148=ORIENTED_EDGE('',*,*,#3610,.F.);
#5149=ORIENTED_EDGE('',*,*,#3593,.F.);
#5150=ORIENTED_EDGE('',*,*,#3591,.F.);
#5151=ORIENTED_EDGE('',*,*,#3611,.F.);
#5152=ORIENTED_EDGE('',*,*,#3584,.F.);
#5153=ORIENTED_EDGE('',*,*,#3605,.F.);
#5154=ORIENTED_EDGE('',*,*,#3612,.F.);
#5155=ORIENTED_EDGE('',*,*,#3588,.F.);
#5156=ORIENTED_EDGE('',*,*,#3586,.F.);
#5157=ORIENTED_EDGE('',*,*,#3607,.T.);
#5158=ORIENTED_EDGE('',*,*,#3613,.T.);
#5159=ORIENTED_EDGE('',*,*,#3589,.F.);
#5160=ORIENTED_EDGE('',*,*,#3612,.T.);
#5161=ORIENTED_EDGE('',*,*,#3585,.F.);
#5162=ORIENTED_EDGE('',*,*,#3611,.T.);
#5163=ORIENTED_EDGE('',*,*,#3604,.F.);
#5164=ORIENTED_EDGE('',*,*,#3609,.T.);
#5165=ORIENTED_EDGE('',*,*,#3600,.F.);
#5166=ORIENTED_EDGE('',*,*,#3580,.T.);
#5167=ORIENTED_EDGE('',*,*,#3598,.F.);
#5168=ORIENTED_EDGE('',*,*,#3608,.T.);
#5169=ORIENTED_EDGE('',*,*,#3594,.F.);
#5170=ORIENTED_EDGE('',*,*,#3610,.T.);
#5171=ORIENTED_EDGE('',*,*,#3590,.F.);
#5172=ORIENTED_EDGE('',*,*,#3613,.F.);
#5173=ORIENTED_EDGE('',*,*,#3521,.T.);
#5174=ORIENTED_EDGE('',*,*,#3614,.T.);
#5175=ORIENTED_EDGE('',*,*,#3615,.F.);
#5176=ORIENTED_EDGE('',*,*,#3614,.F.);
#5177=ORIENTED_EDGE('',*,*,#3616,.F.);
#5178=ORIENTED_EDGE('',*,*,#3541,.F.);
#5179=ORIENTED_EDGE('',*,*,#3539,.F.);
#5180=ORIENTED_EDGE('',*,*,#3617,.F.);
#5181=ORIENTED_EDGE('',*,*,#3547,.F.);
#5182=ORIENTED_EDGE('',*,*,#3545,.F.);
#5183=ORIENTED_EDGE('',*,*,#3618,.F.);
#5184=ORIENTED_EDGE('',*,*,#3537,.F.);
#5185=ORIENTED_EDGE('',*,*,#3535,.F.);
#5186=ORIENTED_EDGE('',*,*,#3619,.F.);
#5187=ORIENTED_EDGE('',*,*,#3551,.F.);
#5188=ORIENTED_EDGE('',*,*,#3549,.F.);
#5189=ORIENTED_EDGE('',*,*,#3620,.F.);
#5190=ORIENTED_EDGE('',*,*,#3532,.F.);
#5191=ORIENTED_EDGE('',*,*,#3553,.F.);
#5192=ORIENTED_EDGE('',*,*,#3615,.T.);
#5193=ORIENTED_EDGE('',*,*,#3621,.T.);
#5194=ORIENTED_EDGE('',*,*,#3533,.F.);
#5195=ORIENTED_EDGE('',*,*,#3620,.T.);
#5196=ORIENTED_EDGE('',*,*,#3552,.F.);
#5197=ORIENTED_EDGE('',*,*,#3619,.T.);
#5198=ORIENTED_EDGE('',*,*,#3548,.F.);
#5199=ORIENTED_EDGE('',*,*,#3617,.T.);
#5200=ORIENTED_EDGE('',*,*,#3544,.F.);
#5201=ORIENTED_EDGE('',*,*,#3528,.T.);
#5202=ORIENTED_EDGE('',*,*,#3542,.F.);
#5203=ORIENTED_EDGE('',*,*,#3616,.T.);
#5204=ORIENTED_EDGE('',*,*,#3538,.F.);
#5205=ORIENTED_EDGE('',*,*,#3618,.T.);
#5206=ORIENTED_EDGE('',*,*,#3534,.F.);
#5207=ORIENTED_EDGE('',*,*,#3621,.F.);
#5208=ORIENTED_EDGE('',*,*,#3398,.F.);
#5209=ORIENTED_EDGE('',*,*,#3622,.T.);
#5210=ORIENTED_EDGE('',*,*,#3623,.F.);
#5211=ORIENTED_EDGE('',*,*,#3622,.F.);
#5212=ORIENTED_EDGE('',*,*,#3624,.F.);
#5213=ORIENTED_EDGE('',*,*,#3567,.F.);
#5214=ORIENTED_EDGE('',*,*,#3565,.F.);
#5215=ORIENTED_EDGE('',*,*,#3625,.F.);
#5216=ORIENTED_EDGE('',*,*,#3573,.F.);
#5217=ORIENTED_EDGE('',*,*,#3571,.F.);
#5218=ORIENTED_EDGE('',*,*,#3626,.F.);
#5219=ORIENTED_EDGE('',*,*,#3563,.F.);
#5220=ORIENTED_EDGE('',*,*,#3561,.F.);
#5221=ORIENTED_EDGE('',*,*,#3627,.F.);
#5222=ORIENTED_EDGE('',*,*,#3577,.F.);
#5223=ORIENTED_EDGE('',*,*,#3575,.F.);
#5224=ORIENTED_EDGE('',*,*,#3628,.F.);
#5225=ORIENTED_EDGE('',*,*,#3558,.F.);
#5226=ORIENTED_EDGE('',*,*,#3579,.F.);
#5227=ORIENTED_EDGE('',*,*,#3623,.T.);
#5228=ORIENTED_EDGE('',*,*,#3629,.T.);
#5229=ORIENTED_EDGE('',*,*,#3559,.F.);
#5230=ORIENTED_EDGE('',*,*,#3628,.T.);
#5231=ORIENTED_EDGE('',*,*,#3578,.F.);
#5232=ORIENTED_EDGE('',*,*,#3627,.T.);
#5233=ORIENTED_EDGE('',*,*,#3574,.F.);
#5234=ORIENTED_EDGE('',*,*,#3625,.T.);
#5235=ORIENTED_EDGE('',*,*,#3570,.F.);
#5236=ORIENTED_EDGE('',*,*,#3554,.T.);
#5237=ORIENTED_EDGE('',*,*,#3568,.F.);
#5238=ORIENTED_EDGE('',*,*,#3624,.T.);
#5239=ORIENTED_EDGE('',*,*,#3564,.F.);
#5240=ORIENTED_EDGE('',*,*,#3626,.T.);
#5241=ORIENTED_EDGE('',*,*,#3560,.F.);
#5242=ORIENTED_EDGE('',*,*,#3629,.F.);
#5243=ORIENTED_EDGE('',*,*,#3369,.F.);
#5244=ORIENTED_EDGE('',*,*,#3071,.T.);
#5245=ORIENTED_EDGE('',*,*,#3630,.F.);
#5246=ORIENTED_EDGE('',*,*,#3077,.T.);
#5247=ORIENTED_EDGE('',*,*,#3630,.T.);
#5248=ORIENTED_EDGE('',*,*,#3070,.F.);
#5249=ORIENTED_EDGE('',*,*,#3631,.F.);
#5250=ORIENTED_EDGE('',*,*,#3078,.F.);
#5251=ORIENTED_EDGE('',*,*,#3631,.T.);
#5252=ORIENTED_EDGE('',*,*,#3069,.F.);
#5253=ORIENTED_EDGE('',*,*,#3632,.F.);
#5254=ORIENTED_EDGE('',*,*,#3079,.T.);
#5255=ORIENTED_EDGE('',*,*,#3632,.T.);
#5256=ORIENTED_EDGE('',*,*,#3068,.F.);
#5257=ORIENTED_EDGE('',*,*,#3402,.F.);
#5258=ORIENTED_EDGE('',*,*,#3516,.F.);
#5259=ORIENTED_EDGE('',*,*,#3460,.T.);
#5260=ORIENTED_EDGE('',*,*,#3633,.T.);
#5261=ORIENTED_EDGE('',*,*,#3364,.T.);
#5262=ORIENTED_EDGE('',*,*,#3080,.F.);
#5263=ORIENTED_EDGE('',*,*,#3633,.F.);
#5264=ORIENTED_EDGE('',*,*,#3459,.F.);
#5265=ORIENTED_EDGE('',*,*,#3634,.F.);
#5266=ORIENTED_EDGE('',*,*,#3365,.T.);
#5267=ORIENTED_EDGE('',*,*,#3634,.T.);
#5268=ORIENTED_EDGE('',*,*,#3458,.T.);
#5269=ORIENTED_EDGE('',*,*,#3515,.F.);
#5270=ORIENTED_EDGE('',*,*,#3450,.F.);
#5271=ORIENTED_EDGE('',*,*,#3455,.F.);
#5272=ORIENTED_EDGE('',*,*,#3635,.F.);
#5273=ORIENTED_EDGE('',*,*,#3392,.F.);
#5274=ORIENTED_EDGE('',*,*,#3361,.F.);
#5275=ORIENTED_EDGE('',*,*,#3082,.F.);
#5276=ORIENTED_EDGE('',*,*,#3363,.T.);
#5277=ORIENTED_EDGE('',*,*,#3635,.T.);
#5278=ORIENTED_EDGE('',*,*,#3457,.F.);
#5279=ORIENTED_EDGE('',*,*,#3636,.T.);
#5280=ORIENTED_EDGE('',*,*,#3393,.T.);
#5281=ORIENTED_EDGE('',*,*,#3636,.F.);
#5282=ORIENTED_EDGE('',*,*,#3456,.F.);
#5283=ORIENTED_EDGE('',*,*,#3454,.F.);
#5284=ORIENTED_EDGE('',*,*,#3462,.T.);
#5285=ORIENTED_EDGE('',*,*,#3637,.T.);
#5286=ORIENTED_EDGE('',*,*,#3394,.T.);
#5287=ORIENTED_EDGE('',*,*,#3637,.F.);
#5288=ORIENTED_EDGE('',*,*,#3464,.T.);
#5289=ORIENTED_EDGE('',*,*,#3638,.F.);
#5290=ORIENTED_EDGE('',*,*,#3395,.T.);
#5291=ORIENTED_EDGE('',*,*,#3638,.T.);
#5292=ORIENTED_EDGE('',*,*,#3463,.T.);
#5293=ORIENTED_EDGE('',*,*,#3452,.T.);
#5294=ORIENTED_EDGE('',*,*,#3377,.T.);
#5295=ORIENTED_EDGE('',*,*,#3469,.T.);
#5296=ORIENTED_EDGE('',*,*,#3396,.T.);
#5297=CYLINDRICAL_SURFACE('',#5661,2.5);
#5298=CYLINDRICAL_SURFACE('',#5666,2.5);
#5299=CYLINDRICAL_SURFACE('',#5672,1.6);
#5300=CYLINDRICAL_SURFACE('',#5676,1.6);
#5301=CYLINDRICAL_SURFACE('',#5693,1.6);
#5302=CYLINDRICAL_SURFACE('',#5708,1.6);
#5303=CYLINDRICAL_SURFACE('',#5724,4.);
#5304=CYLINDRICAL_SURFACE('',#5746,2.);
#5305=CYLINDRICAL_SURFACE('',#5748,2.);
#5306=CYLINDRICAL_SURFACE('',#5751,2.);
#5307=CYLINDRICAL_SURFACE('',#5755,2.);
#5308=CYLINDRICAL_SURFACE('',#5758,2.);
#5309=CYLINDRICAL_SURFACE('',#5762,4.);
#5310=CYLINDRICAL_SURFACE('',#5768,4.);
#5311=CYLINDRICAL_SURFACE('',#5774,4.);
#5312=CYLINDRICAL_SURFACE('',#5790,4.);
#5313=CYLINDRICAL_SURFACE('',#5793,2.);
#5314=CYLINDRICAL_SURFACE('',#5794,2.);
#5315=CYLINDRICAL_SURFACE('',#5797,5.);
#5316=CYLINDRICAL_SURFACE('',#5805,4.);
#5317=CYLINDRICAL_SURFACE('',#5808,1.);
#5318=CYLINDRICAL_SURFACE('',#5866,1.6);
#5319=CYLINDRICAL_SURFACE('',#5868,1.6);
#5320=CYLINDRICAL_SURFACE('',#5879,4.);
#5321=CYLINDRICAL_SURFACE('',#5880,5.);
#5322=CYLINDRICAL_SURFACE('',#5881,2.);
#5323=CYLINDRICAL_SURFACE('',#5897,1.6);
#5324=CYLINDRICAL_SURFACE('',#5913,1.6);
#5325=CYLINDRICAL_SURFACE('',#5927,1.6);
#5326=CYLINDRICAL_SURFACE('',#5949,2.);
#5327=CYLINDRICAL_SURFACE('',#5950,2.);
#5328=CYLINDRICAL_SURFACE('',#5952,2.);
#5329=CYLINDRICAL_SURFACE('',#5953,12.5);
#5330=CYLINDRICAL_SURFACE('',#5957,5.);
#5331=CYLINDRICAL_SURFACE('',#5959,14.4);
#5332=CYLINDRICAL_SURFACE('',#5977,11.);
#5333=CYLINDRICAL_SURFACE('',#5982,12.1);
#5334=CYLINDRICAL_SURFACE('',#5986,10.);
#5335=CYLINDRICAL_SURFACE('',#5990,11.1);
#5336=CYLINDRICAL_SURFACE('',#5994,10.);
#5337=CYLINDRICAL_SURFACE('',#6006,10.);
#5338=CYLINDRICAL_SURFACE('',#6010,11.1);
#5339=CYLINDRICAL_SURFACE('',#6014,10.);
#5340=CYLINDRICAL_SURFACE('',#6018,12.1);
#5341=CYLINDRICAL_SURFACE('',#6022,10.);
#5342=CYLINDRICAL_SURFACE('',#6026,13.75);
#5343=CYLINDRICAL_SURFACE('',#6031,14.4);
#5344=CYLINDRICAL_SURFACE('',#6034,0.5);
#5345=CYLINDRICAL_SURFACE('',#6037,1.6);
#5346=CYLINDRICAL_SURFACE('',#6039,1.6);
#5347=CYLINDRICAL_SURFACE('',#6043,15.);
#5348=CYLINDRICAL_SURFACE('',#6047,15.);
#5349=CYLINDRICAL_SURFACE('',#6073,2.);
#5350=CYLINDRICAL_SURFACE('',#6075,6.5);
#5351=CYLINDRICAL_SURFACE('',#6076,6.5);
#5352=CYLINDRICAL_SURFACE('',#6102,1.6);
#5353=CYLINDRICAL_SURFACE('',#6115,1.6);
#5354=CYLINDRICAL_SURFACE('',#6128,1.6);
#5355=CYLINDRICAL_SURFACE('',#6141,7.10000000000001);
#5356=CYLINDRICAL_SURFACE('',#6145,6.);
#5357=CYLINDRICAL_SURFACE('',#6151,6.);
#5358=CYLINDRICAL_SURFACE('',#6155,7.10000000000001);
#5359=ADVANCED_FACE('',(#342),#5297,.F.);
#5360=ADVANCED_FACE('',(#343),#132,.F.);
#5361=ADVANCED_FACE('',(#344),#5298,.F.);
#5362=ADVANCED_FACE('',(#345),#133,.F.);
#5363=ADVANCED_FACE('',(#346),#134,.T.);
#5364=ADVANCED_FACE('',(#347),#5299,.F.);
#5365=ADVANCED_FACE('',(#348),#135,.F.);
#5366=ADVANCED_FACE('',(#349),#5300,.F.);
#5367=ADVANCED_FACE('',(#350),#136,.F.);
#5368=ADVANCED_FACE('',(#351),#116,.F.);
#5369=ADVANCED_FACE('',(#352),#137,.T.);
#5370=ADVANCED_FACE('',(#353),#138,.T.);
#5371=ADVANCED_FACE('',(#354),#139,.T.);
#5372=ADVANCED_FACE('',(#355),#140,.T.);
#5373=ADVANCED_FACE('',(#356),#141,.T.);
#5374=ADVANCED_FACE('',(#357),#5301,.F.);
#5375=ADVANCED_FACE('',(#358),#117,.F.);
#5376=ADVANCED_FACE('',(#359),#142,.T.);
#5377=ADVANCED_FACE('',(#360),#143,.T.);
#5378=ADVANCED_FACE('',(#361),#144,.T.);
#5379=ADVANCED_FACE('',(#362),#145,.T.);
#5380=ADVANCED_FACE('',(#363),#146,.T.);
#5381=ADVANCED_FACE('',(#364),#5302,.F.);
#5382=ADVANCED_FACE('',(#365),#147,.F.);
#5383=ADVANCED_FACE('',(#366),#148,.F.);
#5384=ADVANCED_FACE('',(#367),#149,.F.);
#5385=ADVANCED_FACE('',(#368),#150,.F.);
#5386=ADVANCED_FACE('',(#369),#151,.F.);
#5387=ADVANCED_FACE('',(#370),#152,.F.);
#5388=ADVANCED_FACE('',(#371),#153,.T.);
#5389=ADVANCED_FACE('',(#372),#154,.F.);
#5390=ADVANCED_FACE('',(#373),#155,.F.);
#5391=ADVANCED_FACE('',(#374),#156,.F.);
#5392=ADVANCED_FACE('',(#375),#157,.F.);
#5393=ADVANCED_FACE('',(#376),#158,.F.);
#5394=ADVANCED_FACE('',(#377),#159,.F.);
#5395=ADVANCED_FACE('',(#378),#160,.T.);
#5396=ADVANCED_FACE('',(#379),#5303,.T.);
#5397=ADVANCED_FACE('',(#380),#161,.T.);
#5398=ADVANCED_FACE('',(#381,#16,#17,#18,#19,#20,#21,#22,#23,#24,#25,#26,
#27,#28),#162,.F.);
#5399=ADVANCED_FACE('',(#382),#5304,.F.);
#5400=ADVANCED_FACE('',(#383),#5305,.F.);
#5401=ADVANCED_FACE('',(#384),#5306,.F.);
#5402=ADVANCED_FACE('',(#385),#163,.T.);
#5403=ADVANCED_FACE('',(#386),#164,.F.);
#5404=ADVANCED_FACE('',(#387),#5307,.F.);
#5405=ADVANCED_FACE('',(#388),#165,.T.);
#5406=ADVANCED_FACE('',(#389),#5308,.F.);
#5407=ADVANCED_FACE('',(#390),#166,.T.);
#5408=ADVANCED_FACE('',(#391),#5309,.T.);
#5409=ADVANCED_FACE('',(#392),#167,.T.);
#5410=ADVANCED_FACE('',(#393),#168,.T.);
#5411=ADVANCED_FACE('',(#394),#5310,.T.);
#5412=ADVANCED_FACE('',(#395),#169,.T.);
#5413=ADVANCED_FACE('',(#396),#170,.T.);
#5414=ADVANCED_FACE('',(#397),#5311,.T.);
#5415=ADVANCED_FACE('',(#398,#29,#30,#31,#32,#33,#34,#35),#171,.F.);
#5416=ADVANCED_FACE('',(#399),#5312,.T.);
#5417=ADVANCED_FACE('',(#400),#172,.T.);
#5418=ADVANCED_FACE('',(#401),#173,.T.);
#5419=ADVANCED_FACE('',(#402),#5313,.F.);
#5420=ADVANCED_FACE('',(#403),#5314,.F.);
#5421=ADVANCED_FACE('',(#404),#174,.F.);
#5422=ADVANCED_FACE('',(#405),#5315,.F.);
#5423=ADVANCED_FACE('',(#406),#175,.F.);
#5424=ADVANCED_FACE('',(#407),#176,.F.);
#5425=ADVANCED_FACE('',(#408),#177,.T.);
#5426=ADVANCED_FACE('',(#409),#178,.T.);
#5427=ADVANCED_FACE('',(#410),#179,.F.);
#5428=ADVANCED_FACE('',(#411),#180,.T.);
#5429=ADVANCED_FACE('',(#412),#5316,.F.);
#5430=ADVANCED_FACE('',(#413),#181,.T.);
#5431=ADVANCED_FACE('',(#414),#5317,.F.);
#5432=ADVANCED_FACE('',(#415),#182,.T.);
#5433=ADVANCED_FACE('',(#416),#183,.F.);
#5434=ADVANCED_FACE('',(#417,#36,#37),#184,.F.);
#5435=ADVANCED_FACE('',(#418),#185,.F.);
#5436=ADVANCED_FACE('',(#419),#186,.T.);
#5437=ADVANCED_FACE('',(#420),#187,.F.);
#5438=ADVANCED_FACE('',(#421),#188,.T.);
#5439=ADVANCED_FACE('',(#422),#189,.F.);
#5440=ADVANCED_FACE('',(#423),#190,.F.);
#5441=ADVANCED_FACE('',(#424),#191,.F.);
#5442=ADVANCED_FACE('',(#425),#192,.F.);
#5443=ADVANCED_FACE('',(#426),#193,.F.);
#5444=ADVANCED_FACE('',(#427),#194,.F.);
#5445=ADVANCED_FACE('',(#428),#195,.F.);
#5446=ADVANCED_FACE('',(#429),#196,.F.);
#5447=ADVANCED_FACE('',(#430),#197,.F.);
#5448=ADVANCED_FACE('',(#431),#198,.F.);
#5449=ADVANCED_FACE('',(#432),#199,.F.);
#5450=ADVANCED_FACE('',(#433),#200,.F.);
#5451=ADVANCED_FACE('',(#434),#201,.F.);
#5452=ADVANCED_FACE('',(#435),#202,.F.);
#5453=ADVANCED_FACE('',(#436),#203,.F.);
#5454=ADVANCED_FACE('',(#437),#204,.F.);
#5455=ADVANCED_FACE('',(#438),#118,.F.);
#5456=ADVANCED_FACE('',(#439),#119,.F.);
#5457=ADVANCED_FACE('',(#440),#205,.T.);
#5458=ADVANCED_FACE('',(#441),#206,.T.);
#5459=ADVANCED_FACE('',(#442),#207,.T.);
#5460=ADVANCED_FACE('',(#443),#208,.T.);
#5461=ADVANCED_FACE('',(#444),#209,.T.);
#5462=ADVANCED_FACE('',(#445),#210,.T.);
#5463=ADVANCED_FACE('',(#446),#211,.T.);
#5464=ADVANCED_FACE('',(#447),#212,.T.);
#5465=ADVANCED_FACE('',(#448),#213,.T.);
#5466=ADVANCED_FACE('',(#449),#214,.T.);
#5467=ADVANCED_FACE('',(#450),#215,.T.);
#5468=ADVANCED_FACE('',(#451),#216,.T.);
#5469=ADVANCED_FACE('',(#452),#5318,.F.);
#5470=ADVANCED_FACE('',(#453),#5319,.F.);
#5471=ADVANCED_FACE('',(#454,#38),#217,.F.);
#5472=ADVANCED_FACE('',(#455,#39),#218,.F.);
#5473=ADVANCED_FACE('',(#456),#219,.F.);
#5474=ADVANCED_FACE('',(#457),#120,.T.);
#5475=ADVANCED_FACE('',(#458),#121,.T.);
#5476=ADVANCED_FACE('',(#459),#220,.F.);
#5477=ADVANCED_FACE('',(#460),#221,.F.);
#5478=ADVANCED_FACE('',(#461),#5320,.F.);
#5479=ADVANCED_FACE('',(#462),#5321,.T.);
#5480=ADVANCED_FACE('',(#463),#5322,.F.);
#5481=ADVANCED_FACE('',(#464),#222,.T.);
#5482=ADVANCED_FACE('',(#465),#223,.T.);
#5483=ADVANCED_FACE('',(#466),#122,.F.);
#5484=ADVANCED_FACE('',(#467),#224,.T.);
#5485=ADVANCED_FACE('',(#468),#225,.T.);
#5486=ADVANCED_FACE('',(#469),#226,.T.);
#5487=ADVANCED_FACE('',(#470),#227,.T.);
#5488=ADVANCED_FACE('',(#471),#228,.T.);
#5489=ADVANCED_FACE('',(#472),#5323,.F.);
#5490=ADVANCED_FACE('',(#473),#123,.F.);
#5491=ADVANCED_FACE('',(#474),#229,.T.);
#5492=ADVANCED_FACE('',(#475),#230,.T.);
#5493=ADVANCED_FACE('',(#476),#231,.T.);
#5494=ADVANCED_FACE('',(#477),#232,.T.);
#5495=ADVANCED_FACE('',(#478),#233,.T.);
#5496=ADVANCED_FACE('',(#479),#5324,.F.);
#5497=ADVANCED_FACE('',(#480),#124,.F.);
#5498=ADVANCED_FACE('',(#481),#234,.T.);
#5499=ADVANCED_FACE('',(#482),#235,.T.);
#5500=ADVANCED_FACE('',(#483),#236,.T.);
#5501=ADVANCED_FACE('',(#484),#237,.T.);
#5502=ADVANCED_FACE('',(#485),#238,.T.);
#5503=ADVANCED_FACE('',(#486),#5325,.F.);
#5504=ADVANCED_FACE('',(#487),#239,.F.);
#5505=ADVANCED_FACE('',(#488),#240,.F.);
#5506=ADVANCED_FACE('',(#489),#241,.F.);
#5507=ADVANCED_FACE('',(#490),#242,.F.);
#5508=ADVANCED_FACE('',(#491),#243,.F.);
#5509=ADVANCED_FACE('',(#492),#244,.F.);
#5510=ADVANCED_FACE('',(#493),#245,.T.);
#5511=ADVANCED_FACE('',(#494),#246,.F.);
#5512=ADVANCED_FACE('',(#495),#247,.F.);
#5513=ADVANCED_FACE('',(#496),#248,.F.);
#5514=ADVANCED_FACE('',(#497),#249,.F.);
#5515=ADVANCED_FACE('',(#498),#250,.F.);
#5516=ADVANCED_FACE('',(#499),#251,.F.);
#5517=ADVANCED_FACE('',(#500),#252,.T.);
#5518=ADVANCED_FACE('',(#501),#253,.F.);
#5519=ADVANCED_FACE('',(#502),#254,.F.);
#5520=ADVANCED_FACE('',(#503),#255,.F.);
#5521=ADVANCED_FACE('',(#504),#256,.F.);
#5522=ADVANCED_FACE('',(#505),#257,.F.);
#5523=ADVANCED_FACE('',(#506),#258,.F.);
#5524=ADVANCED_FACE('',(#507),#259,.T.);
#5525=ADVANCED_FACE('',(#508),#5326,.T.);
#5526=ADVANCED_FACE('',(#509),#5327,.F.);
#5527=ADVANCED_FACE('',(#510),#5328,.T.);
#5528=ADVANCED_FACE('',(#511),#5329,.F.);
#5529=ADVANCED_FACE('',(#512),#260,.T.);
#5530=ADVANCED_FACE('',(#513),#5330,.F.);
#5531=ADVANCED_FACE('',(#514),#5331,.F.);
#5532=ADVANCED_FACE('',(#515),#261,.F.);
#5533=ADVANCED_FACE('',(#516),#262,.F.);
#5534=ADVANCED_FACE('',(#517),#125,.F.);
#5535=ADVANCED_FACE('',(#518),#263,.F.);
#5536=ADVANCED_FACE('',(#519),#264,.T.);
#5537=ADVANCED_FACE('',(#520,#40,#41),#265,.F.);
#5538=ADVANCED_FACE('',(#521),#266,.T.);
#5539=ADVANCED_FACE('',(#522),#5332,.F.);
#5540=ADVANCED_FACE('',(#523),#267,.T.);
#5541=ADVANCED_FACE('',(#524),#5333,.F.);
#5542=ADVANCED_FACE('',(#525),#268,.F.);
#5543=ADVANCED_FACE('',(#526),#5334,.F.);
#5544=ADVANCED_FACE('',(#527),#269,.T.);
#5545=ADVANCED_FACE('',(#528),#5335,.F.);
#5546=ADVANCED_FACE('',(#529),#270,.T.);
#5547=ADVANCED_FACE('',(#530),#5336,.F.);
#5548=ADVANCED_FACE('',(#531),#271,.F.);
#5549=ADVANCED_FACE('',(#532),#126,.T.);
#5550=ADVANCED_FACE('',(#533),#127,.T.);
#5551=ADVANCED_FACE('',(#534),#272,.T.);
#5552=ADVANCED_FACE('',(#535),#5337,.F.);
#5553=ADVANCED_FACE('',(#536),#273,.F.);
#5554=ADVANCED_FACE('',(#537),#5338,.F.);
#5555=ADVANCED_FACE('',(#538),#274,.T.);
#5556=ADVANCED_FACE('',(#539),#5339,.F.);
#5557=ADVANCED_FACE('',(#540),#275,.F.);
#5558=ADVANCED_FACE('',(#541),#5340,.F.);
#5559=ADVANCED_FACE('',(#542),#276,.T.);
#5560=ADVANCED_FACE('',(#543),#5341,.F.);
#5561=ADVANCED_FACE('',(#544),#277,.F.);
#5562=ADVANCED_FACE('',(#545),#5342,.F.);
#5563=ADVANCED_FACE('',(#546),#278,.T.);
#5564=ADVANCED_FACE('',(#547),#5343,.F.);
#5565=ADVANCED_FACE('',(#548),#5344,.T.);
#5566=ADVANCED_FACE('',(#549),#5345,.F.);
#5567=ADVANCED_FACE('',(#550),#5346,.F.);
#5568=ADVANCED_FACE('',(#551),#128,.F.);
#5569=ADVANCED_FACE('',(#552),#5347,.T.);
#5570=ADVANCED_FACE('',(#553),#5348,.T.);
#5571=ADVANCED_FACE('',(#554,#42),#279,.T.);
#5572=ADVANCED_FACE('',(#555),#280,.F.);
#5573=ADVANCED_FACE('',(#556),#281,.F.);
#5574=ADVANCED_FACE('',(#557),#282,.F.);
#5575=ADVANCED_FACE('',(#558),#283,.F.);
#5576=ADVANCED_FACE('',(#559),#284,.F.);
#5577=ADVANCED_FACE('',(#560),#285,.F.);
#5578=ADVANCED_FACE('',(#561,#43),#286,.T.);
#5579=ADVANCED_FACE('',(#562),#287,.F.);
#5580=ADVANCED_FACE('',(#563),#288,.F.);
#5581=ADVANCED_FACE('',(#564),#289,.F.);
#5582=ADVANCED_FACE('',(#565),#290,.F.);
#5583=ADVANCED_FACE('',(#566),#291,.F.);
#5584=ADVANCED_FACE('',(#567),#292,.F.);
#5585=ADVANCED_FACE('',(#568,#44,#45,#46,#47),#293,.F.);
#5586=ADVANCED_FACE('',(#569),#294,.T.);
#5587=ADVANCED_FACE('',(#570),#295,.T.);
#5588=ADVANCED_FACE('',(#571),#296,.F.);
#5589=ADVANCED_FACE('',(#572),#297,.T.);
#5590=ADVANCED_FACE('',(#573),#5349,.T.);
#5591=ADVANCED_FACE('',(#574),#298,.T.);
#5592=ADVANCED_FACE('',(#575),#5350,.T.);
#5593=ADVANCED_FACE('',(#576),#5351,.T.);
#5594=ADVANCED_FACE('',(#577),#299,.T.);
#5595=ADVANCED_FACE('',(#578),#300,.T.);
#5596=ADVANCED_FACE('',(#579),#301,.F.);
#5597=ADVANCED_FACE('',(#580),#302,.F.);
#5598=ADVANCED_FACE('',(#581),#303,.F.);
#5599=ADVANCED_FACE('',(#582),#304,.F.);
#5600=ADVANCED_FACE('',(#583),#305,.F.);
#5601=ADVANCED_FACE('',(#584),#306,.F.);
#5602=ADVANCED_FACE('',(#585),#307,.T.);
#5603=ADVANCED_FACE('',(#586),#308,.F.);
#5604=ADVANCED_FACE('',(#587),#309,.F.);
#5605=ADVANCED_FACE('',(#588),#310,.F.);
#5606=ADVANCED_FACE('',(#589),#311,.F.);
#5607=ADVANCED_FACE('',(#590),#312,.F.);
#5608=ADVANCED_FACE('',(#591),#313,.F.);
#5609=ADVANCED_FACE('',(#592),#314,.T.);
#5610=ADVANCED_FACE('',(#593),#315,.F.);
#5611=ADVANCED_FACE('',(#594),#316,.F.);
#5612=ADVANCED_FACE('',(#595),#317,.F.);
#5613=ADVANCED_FACE('',(#596),#318,.F.);
#5614=ADVANCED_FACE('',(#597),#319,.F.);
#5615=ADVANCED_FACE('',(#598),#320,.F.);
#5616=ADVANCED_FACE('',(#599),#5352,.F.);
#5617=ADVANCED_FACE('',(#600),#321,.T.);
#5618=ADVANCED_FACE('',(#601),#322,.T.);
#5619=ADVANCED_FACE('',(#602),#323,.T.);
#5620=ADVANCED_FACE('',(#603),#324,.T.);
#5621=ADVANCED_FACE('',(#604),#325,.T.);
#5622=ADVANCED_FACE('',(#605),#129,.F.);
#5623=ADVANCED_FACE('',(#606),#5353,.F.);
#5624=ADVANCED_FACE('',(#607),#326,.T.);
#5625=ADVANCED_FACE('',(#608),#327,.T.);
#5626=ADVANCED_FACE('',(#609),#328,.T.);
#5627=ADVANCED_FACE('',(#610),#329,.T.);
#5628=ADVANCED_FACE('',(#611),#330,.T.);
#5629=ADVANCED_FACE('',(#612),#130,.F.);
#5630=ADVANCED_FACE('',(#613),#5354,.F.);
#5631=ADVANCED_FACE('',(#614),#331,.T.);
#5632=ADVANCED_FACE('',(#615),#332,.T.);
#5633=ADVANCED_FACE('',(#616),#333,.T.);
#5634=ADVANCED_FACE('',(#617),#334,.T.);
#5635=ADVANCED_FACE('',(#618),#335,.T.);
#5636=ADVANCED_FACE('',(#619),#131,.F.);
#5637=ADVANCED_FACE('',(#620),#5355,.F.);
#5638=ADVANCED_FACE('',(#621),#336,.T.);
#5639=ADVANCED_FACE('',(#622),#5356,.F.);
#5640=ADVANCED_FACE('',(#623),#337,.F.);
#5641=ADVANCED_FACE('',(#624),#338,.F.);
#5642=ADVANCED_FACE('',(#625),#339,.F.);
#5643=ADVANCED_FACE('',(#626),#5357,.F.);
#5644=ADVANCED_FACE('',(#627),#340,.T.);
#5645=ADVANCED_FACE('',(#628),#5358,.F.);
#5646=ADVANCED_FACE('',(#629),#341,.T.);
#5647=CLOSED_SHELL('',(#5359,#5360,#5361,#5362,#5363,#5364,#5365,#5366,
#5367,#5368,#5369,#5370,#5371,#5372,#5373,#5374,#5375,#5376,#5377,#5378,
#5379,#5380,#5381,#5382,#5383,#5384,#5385,#5386,#5387,#5388,#5389,#5390,
#5391,#5392,#5393,#5394,#5395,#5396,#5397,#5398,#5399,#5400,#5401,#5402,
#5403,#5404,#5405,#5406,#5407,#5408,#5409,#5410,#5411,#5412,#5413,#5414,
#5415,#5416,#5417,#5418,#5419,#5420,#5421,#5422,#5423,#5424,#5425,#5426,
#5427,#5428,#5429,#5430,#5431,#5432,#5433,#5434,#5435,#5436,#5437,#5438,
#5439,#5440,#5441,#5442,#5443,#5444,#5445,#5446,#5447,#5448,#5449,#5450,
#5451,#5452,#5453,#5454,#5455,#5456,#5457,#5458,#5459,#5460,#5461,#5462,
#5463,#5464,#5465,#5466,#5467,#5468,#5469,#5470,#5471,#5472,#5473,#5474,
#5475,#5476,#5477,#5478,#5479,#5480,#5481,#5482,#5483,#5484,#5485,#5486,
#5487,#5488,#5489,#5490,#5491,#5492,#5493,#5494,#5495,#5496,#5497,#5498,
#5499,#5500,#5501,#5502,#5503,#5504,#5505,#5506,#5507,#5508,#5509,#5510,
#5511,#5512,#5513,#5514,#5515,#5516,#5517,#5518,#5519,#5520,#5521,#5522,
#5523,#5524,#5525,#5526,#5527,#5528,#5529,#5530,#5531,#5532,#5533,#5534,
#5535,#5536,#5537,#5538,#5539,#5540,#5541,#5542,#5543,#5544,#5545,#5546,
#5547,#5548,#5549,#5550,#5551,#5552,#5553,#5554,#5555,#5556,#5557,#5558,
#5559,#5560,#5561,#5562,#5563,#5564,#5565,#5566,#5567,#5568,#5569,#5570,
#5571,#5572,#5573,#5574,#5575,#5576,#5577,#5578,#5579,#5580,#5581,#5582,
#5583,#5584,#5585,#5586,#5587,#5588,#5589,#5590,#5591,#5592,#5593,#5594,
#5595,#5596,#5597,#5598,#5599,#5600,#5601,#5602,#5603,#5604,#5605,#5606,
#5607,#5608,#5609,#5610,#5611,#5612,#5613,#5614,#5615,#5616,#5617,#5618,
#5619,#5620,#5621,#5622,#5623,#5624,#5625,#5626,#5627,#5628,#5629,#5630,
#5631,#5632,#5633,#5634,#5635,#5636,#5637,#5638,#5639,#5640,#5641,#5642,
#5643,#5644,#5645,#5646));
#5648=DERIVED_UNIT_ELEMENT(#5650,1.);
#5649=DERIVED_UNIT_ELEMENT(#9520,-3.);
#5650=(
MASS_UNIT()
NAMED_UNIT(*)
SI_UNIT(.KILO.,.GRAM.)
);
#5651=DERIVED_UNIT((#5648,#5649));
#5652=MEASURE_REPRESENTATION_ITEM('density measure',
POSITIVE_RATIO_MEASURE(7850.),#5651);
#5653=PROPERTY_DEFINITION_REPRESENTATION(#5658,#5655);
#5654=PROPERTY_DEFINITION_REPRESENTATION(#5659,#5656);
#5655=REPRESENTATION('material name',(#5657),#9517);
#5656=REPRESENTATION('density',(#5652),#9517);
#5657=DESCRIPTIVE_REPRESENTATION_ITEM('Stahl','Stahl');
#5658=PROPERTY_DEFINITION('material property','material name',#9527);
#5659=PROPERTY_DEFINITION('material property','density of part',#9527);
#5660=AXIS2_PLACEMENT_3D('',#7705,#6158,#6159);
#5661=AXIS2_PLACEMENT_3D('',#7706,#6160,#6161);
#5662=AXIS2_PLACEMENT_3D('',#7709,#6162,#6163);
#5663=AXIS2_PLACEMENT_3D('',#7713,#6165,#6166);
#5664=AXIS2_PLACEMENT_3D('',#7715,#6167,#6168);
#5665=AXIS2_PLACEMENT_3D('',#7717,#6170,#6171);
#5666=AXIS2_PLACEMENT_3D('',#7723,#6175,#6176);
#5667=AXIS2_PLACEMENT_3D('',#7725,#6177,#6178);
#5668=AXIS2_PLACEMENT_3D('',#7727,#6179,#6180);
#5669=AXIS2_PLACEMENT_3D('',#7730,#6182,#6183);
#5670=AXIS2_PLACEMENT_3D('',#7731,#6184,#6185);
#5671=AXIS2_PLACEMENT_3D('',#7734,#6188,#6189);
#5672=AXIS2_PLACEMENT_3D('',#7744,#6195,#6196);
#5673=AXIS2_PLACEMENT_3D('',#7746,#6197,#6198);
#5674=AXIS2_PLACEMENT_3D('',#7749,#6200,#6201);
#5675=AXIS2_PLACEMENT_3D('',#7750,#6202,#6203);
#5676=AXIS2_PLACEMENT_3D('',#7751,#6204,#6205);
#5677=AXIS2_PLACEMENT_3D('',#7753,#6206,#6207);
#5678=AXIS2_PLACEMENT_3D('',#7756,#6209,#6210);
#5679=AXIS2_PLACEMENT_3D('',#7757,#6211,#6212);
#5680=AXIS2_PLACEMENT_3D('',#7758,#6213,#6214);
#5681=AXIS2_PLACEMENT_3D('',#7760,#6215,#6216);
#5682=AXIS2_PLACEMENT_3D('',#7768,#6218,#6219);
#5683=AXIS2_PLACEMENT_3D('',#7774,#6220,#6221);
#5684=AXIS2_PLACEMENT_3D('',#7780,#6222,#6223);
#5685=AXIS2_PLACEMENT_3D('',#7786,#6224,#6225);
#5686=AXIS2_PLACEMENT_3D('',#7792,#6226,#6227);
#5687=AXIS2_PLACEMENT_3D('',#7798,#6228,#6229);
#5688=AXIS2_PLACEMENT_3D('',#7802,#6230,#6231);
#5689=AXIS2_PLACEMENT_3D('',#7806,#6234,#6235);
#5690=AXIS2_PLACEMENT_3D('',#7810,#6238,#6239);
#5691=AXIS2_PLACEMENT_3D('',#7814,#6242,#6243);
#5692=AXIS2_PLACEMENT_3D('',#7818,#6246,#6247);
#5693=AXIS2_PLACEMENT_3D('',#7822,#6250,#6251);
#5694=AXIS2_PLACEMENT_3D('',#7825,#6253,#6254);
#5695=AXIS2_PLACEMENT_3D('',#7826,#6255,#6256);
#5696=AXIS2_PLACEMENT_3D('',#7828,#6257,#6258);
#5697=AXIS2_PLACEMENT_3D('',#7836,#6260,#6261);
#5698=AXIS2_PLACEMENT_3D('',#7842,#6262,#6263);
#5699=AXIS2_PLACEMENT_3D('',#7848,#6264,#6265);
#5700=AXIS2_PLACEMENT_3D('',#7854,#6266,#6267);
#5701=AXIS2_PLACEMENT_3D('',#7860,#6268,#6269);
#5702=AXIS2_PLACEMENT_3D('',#7866,#6270,#6271);
#5703=AXIS2_PLACEMENT_3D('',#7870,#6272,#6273);
#5704=AXIS2_PLACEMENT_3D('',#7874,#6276,#6277);
#5705=AXIS2_PLACEMENT_3D('',#7878,#6280,#6281);
#5706=AXIS2_PLACEMENT_3D('',#7882,#6284,#6285);
#5707=AXIS2_PLACEMENT_3D('',#7886,#6288,#6289);
#5708=AXIS2_PLACEMENT_3D('',#7890,#6292,#6293);
#5709=AXIS2_PLACEMENT_3D('',#7893,#6295,#6296);
#5710=AXIS2_PLACEMENT_3D('',#7894,#6297,#6298);
#5711=AXIS2_PLACEMENT_3D('',#7902,#6303,#6304);
#5712=AXIS2_PLACEMENT_3D('',#7906,#6307,#6308);
#5713=AXIS2_PLACEMENT_3D('',#7910,#6311,#6312);
#5714=AXIS2_PLACEMENT_3D('',#7914,#6315,#6316);
#5715=AXIS2_PLACEMENT_3D('',#7918,#6319,#6320);
#5716=AXIS2_PLACEMENT_3D('',#7921,#6323,#6324);
#5717=AXIS2_PLACEMENT_3D('',#7922,#6325,#6326);
#5718=AXIS2_PLACEMENT_3D('',#7930,#6331,#6332);
#5719=AXIS2_PLACEMENT_3D('',#7935,#6336,#6337);
#5720=AXIS2_PLACEMENT_3D('',#7939,#6340,#6341);
#5721=AXIS2_PLACEMENT_3D('',#7943,#6344,#6345);
#5722=AXIS2_PLACEMENT_3D('',#7947,#6348,#6349);
#5723=AXIS2_PLACEMENT_3D('',#7949,#6351,#6352);
#5724=AXIS2_PLACEMENT_3D('',#7950,#6353,#6354);
#5725=AXIS2_PLACEMENT_3D('',#7953,#6355,#6356);
#5726=AXIS2_PLACEMENT_3D('',#7957,#6358,#6359);
#5727=AXIS2_PLACEMENT_3D('',#7959,#6361,#6362);
#5728=AXIS2_PLACEMENT_3D('',#7965,#6366,#6367);
#5729=AXIS2_PLACEMENT_3D('',#7969,#6369,#6370);
#5730=AXIS2_PLACEMENT_3D('',#7971,#6371,#6372);
#5731=AXIS2_PLACEMENT_3D('',#7973,#6373,#6374);
#5732=AXIS2_PLACEMENT_3D('',#7977,#6376,#6377);
#5733=AXIS2_PLACEMENT_3D('',#7981,#6379,#6380);
#5734=AXIS2_PLACEMENT_3D('',#7985,#6382,#6383);
#5735=AXIS2_PLACEMENT_3D('',#7989,#6385,#6386);
#5736=AXIS2_PLACEMENT_3D('',#7993,#6388,#6389);
#5737=AXIS2_PLACEMENT_3D('',#7997,#6391,#6392);
#5738=AXIS2_PLACEMENT_3D('',#8005,#6396,#6397);
#5739=AXIS2_PLACEMENT_3D('',#8009,#6399,#6400);
#5740=AXIS2_PLACEMENT_3D('',#8017,#6404,#6405);
#5741=AXIS2_PLACEMENT_3D('',#8021,#6407,#6408);
#5742=AXIS2_PLACEMENT_3D('',#8025,#6410,#6411);
#5743=AXIS2_PLACEMENT_3D('',#8028,#6413,#6414);
#5744=AXIS2_PLACEMENT_3D('',#8054,#6427,#6428);
#5745=AXIS2_PLACEMENT_3D('',#8056,#6429,#6430);
#5746=AXIS2_PLACEMENT_3D('',#8129,#6467,#6468);
#5747=AXIS2_PLACEMENT_3D('',#8132,#6469,#6470);
#5748=AXIS2_PLACEMENT_3D('',#8135,#6473,#6474);
#5749=AXIS2_PLACEMENT_3D('',#8138,#6475,#6476);
#5750=AXIS2_PLACEMENT_3D('',#8142,#6478,#6479);
#5751=AXIS2_PLACEMENT_3D('',#8144,#6481,#6482);
#5752=AXIS2_PLACEMENT_3D('',#8147,#6483,#6484);
#5753=AXIS2_PLACEMENT_3D('',#8150,#6487,#6488);
#5754=AXIS2_PLACEMENT_3D('',#8155,#6492,#6493);
#5755=AXIS2_PLACEMENT_3D('',#8161,#6497,#6498);
#5756=AXIS2_PLACEMENT_3D('',#8163,#6499,#6500);
#5757=AXIS2_PLACEMENT_3D('',#8165,#6502,#6503);
#5758=AXIS2_PLACEMENT_3D('',#8173,#6508,#6509);
#5759=AXIS2_PLACEMENT_3D('',#8175,#6510,#6511);
#5760=AXIS2_PLACEMENT_3D('',#8178,#6513,#6514);
#5761=AXIS2_PLACEMENT_3D('',#8179,#6515,#6516);
#5762=AXIS2_PLACEMENT_3D('',#8185,#6520,#6521);
#5763=AXIS2_PLACEMENT_3D('',#8187,#6522,#6523);
#5764=AXIS2_PLACEMENT_3D('',#8189,#6524,#6525);
#5765=AXIS2_PLACEMENT_3D('',#8191,#6527,#6528);
#5766=AXIS2_PLACEMENT_3D('',#8197,#6532,#6533);
#5767=AXIS2_PLACEMENT_3D('',#8198,#6534,#6535);
#5768=AXIS2_PLACEMENT_3D('',#8199,#6536,#6537);
#5769=AXIS2_PLACEMENT_3D('',#8201,#6538,#6539);
#5770=AXIS2_PLACEMENT_3D('',#8204,#6541,#6542);
#5771=AXIS2_PLACEMENT_3D('',#8205,#6543,#6544);
#5772=AXIS2_PLACEMENT_3D('',#8211,#6548,#6549);
#5773=AXIS2_PLACEMENT_3D('',#8212,#6550,#6551);
#5774=AXIS2_PLACEMENT_3D('',#8213,#6552,#6553);
#5775=AXIS2_PLACEMENT_3D('',#8214,#6554,#6555);
#5776=AXIS2_PLACEMENT_3D('',#8215,#6556,#6557);
#5777=AXIS2_PLACEMENT_3D('',#8217,#6558,#6559);
#5778=AXIS2_PLACEMENT_3D('',#8221,#6561,#6562);
#5779=AXIS2_PLACEMENT_3D('',#8225,#6564,#6565);
#5780=AXIS2_PLACEMENT_3D('',#8229,#6567,#6568);
#5781=AXIS2_PLACEMENT_3D('',#8290,#6599,#6600);
#5782=AXIS2_PLACEMENT_3D('',#8292,#6601,#6602);
#5783=AXIS2_PLACEMENT_3D('',#8295,#6604,#6605);
#5784=AXIS2_PLACEMENT_3D('',#8298,#6607,#6608);
#5785=AXIS2_PLACEMENT_3D('',#8300,#6609,#6610);
#5786=AXIS2_PLACEMENT_3D('',#8305,#6612,#6613);
#5787=AXIS2_PLACEMENT_3D('',#8309,#6615,#6616);
#5788=AXIS2_PLACEMENT_3D('',#8313,#6618,#6619);
#5789=AXIS2_PLACEMENT_3D('',#8316,#6621,#6622);
#5790=AXIS2_PLACEMENT_3D('',#8317,#6623,#6624);
#5791=AXIS2_PLACEMENT_3D('',#8319,#6626,#6627);
#5792=AXIS2_PLACEMENT_3D('',#8321,#6629,#6630);
#5793=AXIS2_PLACEMENT_3D('',#8322,#6631,#6632);
#5794=AXIS2_PLACEMENT_3D('',#8324,#6634,#6635);
#5795=AXIS2_PLACEMENT_3D('',#8335,#6637,#6638);
#5796=AXIS2_PLACEMENT_3D('',#8337,#6639,#6640);
#5797=AXIS2_PLACEMENT_3D('',#8341,#6643,#6644);
#5798=AXIS2_PLACEMENT_3D('',#8344,#6645,#6646);
#5799=AXIS2_PLACEMENT_3D('',#8347,#6649,#6650);
#5800=AXIS2_PLACEMENT_3D('',#8355,#6655,#6656);
#5801=AXIS2_PLACEMENT_3D('',#8362,#6661,#6662);
#5802=AXIS2_PLACEMENT_3D('',#8372,#6668,#6669);
#5803=AXIS2_PLACEMENT_3D('',#8376,#6672,#6673);
#5804=AXIS2_PLACEMENT_3D('',#8378,#6675,#6676);
#5805=AXIS2_PLACEMENT_3D('',#8392,#6684,#6685);
#5806=AXIS2_PLACEMENT_3D('',#8395,#6687,#6688);
#5807=AXIS2_PLACEMENT_3D('',#8396,#6689,#6690);
#5808=AXIS2_PLACEMENT_3D('',#8408,#6697,#6698);
#5809=AXIS2_PLACEMENT_3D('',#8409,#6699,#6700);
#5810=AXIS2_PLACEMENT_3D('',#8410,#6701,#6702);
#5811=AXIS2_PLACEMENT_3D('',#8416,#6706,#6707);
#5812=AXIS2_PLACEMENT_3D('',#8422,#6711,#6712);
#5813=AXIS2_PLACEMENT_3D('',#8438,#6721,#6722);
#5814=AXIS2_PLACEMENT_3D('',#8440,#6723,#6724);
#5815=AXIS2_PLACEMENT_3D('',#8441,#6725,#6726);
#5816=AXIS2_PLACEMENT_3D('',#8443,#6728,#6729);
#5817=AXIS2_PLACEMENT_3D('',#8446,#6732,#6733);
#5818=AXIS2_PLACEMENT_3D('',#8447,#6734,#6735);
#5819=AXIS2_PLACEMENT_3D('',#8450,#6738,#6739);
#5820=AXIS2_PLACEMENT_3D('',#8454,#6742,#6743);
#5821=AXIS2_PLACEMENT_3D('',#8458,#6746,#6747);
#5822=AXIS2_PLACEMENT_3D('',#8460,#6749,#6750);
#5823=AXIS2_PLACEMENT_3D('',#8461,#6751,#6752);
#5824=AXIS2_PLACEMENT_3D('',#8462,#6753,#6754);
#5825=AXIS2_PLACEMENT_3D('',#8465,#6755,#6756);
#5826=AXIS2_PLACEMENT_3D('',#8469,#6759,#6760);
#5827=AXIS2_PLACEMENT_3D('',#8472,#6761,#6762);
#5828=AXIS2_PLACEMENT_3D('',#8476,#6765,#6766);
#5829=AXIS2_PLACEMENT_3D('',#8479,#6767,#6768);
#5830=AXIS2_PLACEMENT_3D('',#8483,#6771,#6772);
#5831=AXIS2_PLACEMENT_3D('',#8486,#6773,#6774);
#5832=AXIS2_PLACEMENT_3D('',#8490,#6777,#6778);
#5833=AXIS2_PLACEMENT_3D('',#8493,#6779,#6780);
#5834=AXIS2_PLACEMENT_3D('',#8497,#6783,#6784);
#5835=AXIS2_PLACEMENT_3D('',#8500,#6785,#6786);
#5836=AXIS2_PLACEMENT_3D('',#8502,#6787,#6788);
#5837=AXIS2_PLACEMENT_3D('',#8506,#6791,#6792);
#5838=AXIS2_PLACEMENT_3D('',#8509,#6793,#6794);
#5839=AXIS2_PLACEMENT_3D('',#8513,#6797,#6798);
#5840=AXIS2_PLACEMENT_3D('',#8516,#6799,#6800);
#5841=AXIS2_PLACEMENT_3D('',#8520,#6803,#6804);
#5842=AXIS2_PLACEMENT_3D('',#8523,#6805,#6806);
#5843=AXIS2_PLACEMENT_3D('',#8527,#6809,#6810);
#5844=AXIS2_PLACEMENT_3D('',#8530,#6811,#6812);
#5845=AXIS2_PLACEMENT_3D('',#8534,#6815,#6816);
#5846=AXIS2_PLACEMENT_3D('',#8537,#6817,#6818);
#5847=AXIS2_PLACEMENT_3D('',#8541,#6821,#6822);
#5848=AXIS2_PLACEMENT_3D('',#8544,#6823,#6824);
#5849=AXIS2_PLACEMENT_3D('',#8546,#6825,#6826);
#5850=AXIS2_PLACEMENT_3D('',#8550,#6829,#6830);
#5851=AXIS2_PLACEMENT_3D('',#8552,#6831,#6832);
#5852=AXIS2_PLACEMENT_3D('',#8572,#6834,#6835);
#5853=AXIS2_PLACEMENT_3D('',#8574,#6836,#6837);
#5854=AXIS2_PLACEMENT_3D('',#8594,#6839,#6840);
#5855=AXIS2_PLACEMENT_3D('',#8597,#6843,#6844);
#5856=AXIS2_PLACEMENT_3D('',#8599,#6846,#6847);
#5857=AXIS2_PLACEMENT_3D('',#8601,#6849,#6850);
#5858=AXIS2_PLACEMENT_3D('',#8603,#6852,#6853);
#5859=AXIS2_PLACEMENT_3D('',#8605,#6855,#6856);
#5860=AXIS2_PLACEMENT_3D('',#8606,#6857,#6858);
#5861=AXIS2_PLACEMENT_3D('',#8609,#6861,#6862);
#5862=AXIS2_PLACEMENT_3D('',#8611,#6864,#6865);
#5863=AXIS2_PLACEMENT_3D('',#8613,#6867,#6868);
#5864=AXIS2_PLACEMENT_3D('',#8615,#6870,#6871);
#5865=AXIS2_PLACEMENT_3D('',#8617,#6873,#6874);
#5866=AXIS2_PLACEMENT_3D('',#8618,#6875,#6876);
#5867=AXIS2_PLACEMENT_3D('',#8621,#6878,#6879);
#5868=AXIS2_PLACEMENT_3D('',#8622,#6880,#6881);
#5869=AXIS2_PLACEMENT_3D('',#8625,#6883,#6884);
#5870=AXIS2_PLACEMENT_3D('',#8626,#6885,#6886);
#5871=AXIS2_PLACEMENT_3D('',#8628,#6887,#6888);
#5872=AXIS2_PLACEMENT_3D('',#8629,#6889,#6890);
#5873=AXIS2_PLACEMENT_3D('',#8631,#6891,#6892);
#5874=AXIS2_PLACEMENT_3D('',#8632,#6893,#6894);
#5875=AXIS2_PLACEMENT_3D('',#8634,#6896,#6897);
#5876=AXIS2_PLACEMENT_3D('',#8636,#6899,#6900);
#5877=AXIS2_PLACEMENT_3D('',#8638,#6902,#6903);
#5878=AXIS2_PLACEMENT_3D('',#8639,#6904,#6905);
#5879=AXIS2_PLACEMENT_3D('',#8640,#6906,#6907);
#5880=AXIS2_PLACEMENT_3D('',#8641,#6908,#6909);
#5881=AXIS2_PLACEMENT_3D('',#8642,#6910,#6911);
#5882=AXIS2_PLACEMENT_3D('',#8645,#6914,#6915);
#5883=AXIS2_PLACEMENT_3D('',#8647,#6917,#6918);
#5884=AXIS2_PLACEMENT_3D('',#8649,#6920,#6921);
#5885=AXIS2_PLACEMENT_3D('',#8651,#6922,#6923);
#5886=AXIS2_PLACEMENT_3D('',#8659,#6925,#6926);
#5887=AXIS2_PLACEMENT_3D('',#8665,#6927,#6928);
#5888=AXIS2_PLACEMENT_3D('',#8671,#6929,#6930);
#5889=AXIS2_PLACEMENT_3D('',#8677,#6931,#6932);
#5890=AXIS2_PLACEMENT_3D('',#8683,#6933,#6934);
#5891=AXIS2_PLACEMENT_3D('',#8689,#6935,#6936);
#5892=AXIS2_PLACEMENT_3D('',#8693,#6937,#6938);
#5893=AXIS2_PLACEMENT_3D('',#8697,#6941,#6942);
#5894=AXIS2_PLACEMENT_3D('',#8701,#6945,#6946);
#5895=AXIS2_PLACEMENT_3D('',#8705,#6949,#6950);
#5896=AXIS2_PLACEMENT_3D('',#8709,#6953,#6954);
#5897=AXIS2_PLACEMENT_3D('',#8713,#6957,#6958);
#5898=AXIS2_PLACEMENT_3D('',#8716,#6960,#6961);
#5899=AXIS2_PLACEMENT_3D('',#8717,#6962,#6963);
#5900=AXIS2_PLACEMENT_3D('',#8720,#6964,#6965);
#5901=AXIS2_PLACEMENT_3D('',#8728,#6967,#6968);
#5902=AXIS2_PLACEMENT_3D('',#8734,#6969,#6970);
#5903=AXIS2_PLACEMENT_3D('',#8740,#6971,#6972);
#5904=AXIS2_PLACEMENT_3D('',#8746,#6973,#6974);
#5905=AXIS2_PLACEMENT_3D('',#8752,#6975,#6976);
#5906=AXIS2_PLACEMENT_3D('',#8758,#6977,#6978);
#5907=AXIS2_PLACEMENT_3D('',#8762,#6979,#6980);
#5908=AXIS2_PLACEMENT_3D('',#8763,#6981,#6982);
#5909=AXIS2_PLACEMENT_3D('',#8767,#6985,#6986);
#5910=AXIS2_PLACEMENT_3D('',#8771,#6989,#6990);
#5911=AXIS2_PLACEMENT_3D('',#8775,#6993,#6994);
#5912=AXIS2_PLACEMENT_3D('',#8779,#6997,#6998);
#5913=AXIS2_PLACEMENT_3D('',#8783,#7001,#7002);
#5914=AXIS2_PLACEMENT_3D('',#8785,#7004,#7005);
#5915=AXIS2_PLACEMENT_3D('',#8787,#7006,#7007);
#5916=AXIS2_PLACEMENT_3D('',#8795,#7009,#7010);
#5917=AXIS2_PLACEMENT_3D('',#8801,#7011,#7012);
#5918=AXIS2_PLACEMENT_3D('',#8807,#7013,#7014);
#5919=AXIS2_PLACEMENT_3D('',#8813,#7015,#7016);
#5920=AXIS2_PLACEMENT_3D('',#8819,#7017,#7018);
#5921=AXIS2_PLACEMENT_3D('',#8825,#7019,#7020);
#5922=AXIS2_PLACEMENT_3D('',#8829,#7021,#7022);
#5923=AXIS2_PLACEMENT_3D('',#8833,#7025,#7026);
#5924=AXIS2_PLACEMENT_3D('',#8837,#7029,#7030);
#5925=AXIS2_PLACEMENT_3D('',#8841,#7033,#7034);
#5926=AXIS2_PLACEMENT_3D('',#8845,#7037,#7038);
#5927=AXIS2_PLACEMENT_3D('',#8849,#7041,#7042);
#5928=AXIS2_PLACEMENT_3D('',#8851,#7044,#7045);
#5929=AXIS2_PLACEMENT_3D('',#8854,#7048,#7049);
#5930=AXIS2_PLACEMENT_3D('',#8856,#7051,#7052);
#5931=AXIS2_PLACEMENT_3D('',#8860,#7055,#7056);
#5932=AXIS2_PLACEMENT_3D('',#8863,#7059,#7060);
#5933=AXIS2_PLACEMENT_3D('',#8865,#7062,#7063);
#5934=AXIS2_PLACEMENT_3D('',#8866,#7064,#7065);
#5935=AXIS2_PLACEMENT_3D('',#8867,#7066,#7067);
#5936=AXIS2_PLACEMENT_3D('',#8870,#7070,#7071);
#5937=AXIS2_PLACEMENT_3D('',#8872,#7073,#7074);
#5938=AXIS2_PLACEMENT_3D('',#8876,#7077,#7078);
#5939=AXIS2_PLACEMENT_3D('',#8879,#7081,#7082);
#5940=AXIS2_PLACEMENT_3D('',#8881,#7084,#7085);
#5941=AXIS2_PLACEMENT_3D('',#8882,#7086,#7087);
#5942=AXIS2_PLACEMENT_3D('',#8883,#7088,#7089);
#5943=AXIS2_PLACEMENT_3D('',#8886,#7092,#7093);
#5944=AXIS2_PLACEMENT_3D('',#8888,#7095,#7096);
#5945=AXIS2_PLACEMENT_3D('',#8892,#7099,#7100);
#5946=AXIS2_PLACEMENT_3D('',#8895,#7103,#7104);
#5947=AXIS2_PLACEMENT_3D('',#8897,#7106,#7107);
#5948=AXIS2_PLACEMENT_3D('',#8898,#7108,#7109);
#5949=AXIS2_PLACEMENT_3D('',#8899,#7110,#7111);
#5950=AXIS2_PLACEMENT_3D('',#8901,#7113,#7114);
#5951=AXIS2_PLACEMENT_3D('',#8903,#7115,#7116);
#5952=AXIS2_PLACEMENT_3D('',#8905,#7118,#7119);
#5953=AXIS2_PLACEMENT_3D('',#8906,#7120,#7121);
#5954=AXIS2_PLACEMENT_3D('',#8908,#7122,#7123);
#5955=AXIS2_PLACEMENT_3D('',#8910,#7125,#7126);
#5956=AXIS2_PLACEMENT_3D('',#8912,#7127,#7128);
#5957=AXIS2_PLACEMENT_3D('',#8914,#7130,#7131);
#5958=AXIS2_PLACEMENT_3D('',#8916,#7132,#7133);
#5959=AXIS2_PLACEMENT_3D('',#8918,#7135,#7136);
#5960=AXIS2_PLACEMENT_3D('',#8920,#7137,#7138);
#5961=AXIS2_PLACEMENT_3D('',#8922,#7139,#7140);
#5962=AXIS2_PLACEMENT_3D('',#8924,#7142,#7143);
#5963=AXIS2_PLACEMENT_3D('',#8928,#7146,#7147);
#5964=AXIS2_PLACEMENT_3D('',#8929,#7148,#7149);
#5965=AXIS2_PLACEMENT_3D('',#8930,#7150,#7151);
#5966=AXIS2_PLACEMENT_3D('',#8931,#7152,#7153);
#5967=AXIS2_PLACEMENT_3D('',#8932,#7154,#7155);
#5968=AXIS2_PLACEMENT_3D('',#8933,#7156,#7157);
#5969=AXIS2_PLACEMENT_3D('',#8934,#7158,#7159);
#5970=AXIS2_PLACEMENT_3D('',#8936,#7160,#7161);
#5971=AXIS2_PLACEMENT_3D('',#8941,#7164,#7165);
#5972=AXIS2_PLACEMENT_3D('',#8942,#7166,#7167);
#5973=AXIS2_PLACEMENT_3D('',#8975,#7184,#7185);
#5974=AXIS2_PLACEMENT_3D('',#8988,#7192,#7193);
#5975=AXIS2_PLACEMENT_3D('',#8989,#7194,#7195);
#5976=AXIS2_PLACEMENT_3D('',#8990,#7196,#7197);
#5977=AXIS2_PLACEMENT_3D('',#8991,#7198,#7199);
#5978=AXIS2_PLACEMENT_3D('',#8993,#7200,#7201);
#5979=AXIS2_PLACEMENT_3D('',#8996,#7203,#7204);
#5980=AXIS2_PLACEMENT_3D('',#8997,#7205,#7206);
#5981=AXIS2_PLACEMENT_3D('',#8999,#7207,#7208);
#5982=AXIS2_PLACEMENT_3D('',#9001,#7210,#7211);
#5983=AXIS2_PLACEMENT_3D('',#9003,#7212,#7213);
#5984=AXIS2_PLACEMENT_3D('',#9005,#7215,#7216);
#5985=AXIS2_PLACEMENT_3D('',#9007,#7217,#7218);
#5986=AXIS2_PLACEMENT_3D('',#9009,#7220,#7221);
#5987=AXIS2_PLACEMENT_3D('',#9011,#7222,#7223);
#5988=AXIS2_PLACEMENT_3D('',#9013,#7225,#7226);
#5989=AXIS2_PLACEMENT_3D('',#9015,#7227,#7228);
#5990=AXIS2_PLACEMENT_3D('',#9017,#7230,#7231);
#5991=AXIS2_PLACEMENT_3D('',#9020,#7233,#7234);
#5992=AXIS2_PLACEMENT_3D('',#9021,#7235,#7236);
#5993=AXIS2_PLACEMENT_3D('',#9023,#7237,#7238);
#5994=AXIS2_PLACEMENT_3D('',#9025,#7240,#7241);
#5995=AXIS2_PLACEMENT_3D('',#9027,#7242,#7243);
#5996=AXIS2_PLACEMENT_3D('',#9029,#7245,#7246);
#5997=AXIS2_PLACEMENT_3D('',#9031,#7247,#7248);
#5998=AXIS2_PLACEMENT_3D('',#9033,#7250,#7251);
#5999=AXIS2_PLACEMENT_3D('',#9036,#7252,#7253);
#6000=AXIS2_PLACEMENT_3D('',#9038,#7255,#7256);
#6001=AXIS2_PLACEMENT_3D('',#9039,#7257,#7258);
#6002=AXIS2_PLACEMENT_3D('',#9041,#7259,#7260);
#6003=AXIS2_PLACEMENT_3D('',#9044,#7262,#7263);
#6004=AXIS2_PLACEMENT_3D('',#9045,#7264,#7265);
#6005=AXIS2_PLACEMENT_3D('',#9047,#7266,#7267);
#6006=AXIS2_PLACEMENT_3D('',#9049,#7269,#7270);
#6007=AXIS2_PLACEMENT_3D('',#9051,#7271,#7272);
#6008=AXIS2_PLACEMENT_3D('',#9053,#7274,#7275);
#6009=AXIS2_PLACEMENT_3D('',#9055,#7276,#7277);
#6010=AXIS2_PLACEMENT_3D('',#9057,#7279,#7280);
#6011=AXIS2_PLACEMENT_3D('',#9059,#7281,#7282);
#6012=AXIS2_PLACEMENT_3D('',#9061,#7284,#7285);
#6013=AXIS2_PLACEMENT_3D('',#9063,#7286,#7287);
#6014=AXIS2_PLACEMENT_3D('',#9065,#7289,#7290);
#6015=AXIS2_PLACEMENT_3D('',#9067,#7291,#7292);
#6016=AXIS2_PLACEMENT_3D('',#9069,#7294,#7295);
#6017=AXIS2_PLACEMENT_3D('',#9071,#7296,#7297);
#6018=AXIS2_PLACEMENT_3D('',#9073,#7299,#7300);
#6019=AXIS2_PLACEMENT_3D('',#9075,#7301,#7302);
#6020=AXIS2_PLACEMENT_3D('',#9077,#7304,#7305);
#6021=AXIS2_PLACEMENT_3D('',#9079,#7306,#7307);
#6022=AXIS2_PLACEMENT_3D('',#9081,#7309,#7310);
#6023=AXIS2_PLACEMENT_3D('',#9083,#7311,#7312);
#6024=AXIS2_PLACEMENT_3D('',#9085,#7314,#7315);
#6025=AXIS2_PLACEMENT_3D('',#9087,#7316,#7317);
#6026=AXIS2_PLACEMENT_3D('',#9089,#7319,#7320);
#6027=AXIS2_PLACEMENT_3D('',#9094,#7322,#7323);
#6028=AXIS2_PLACEMENT_3D('',#9097,#7325,#7326);
#6029=AXIS2_PLACEMENT_3D('',#9100,#7328,#7329);
#6030=AXIS2_PLACEMENT_3D('',#9101,#7330,#7331);
#6031=AXIS2_PLACEMENT_3D('',#9107,#7335,#7336);
#6032=AXIS2_PLACEMENT_3D('',#9110,#7337,#7338);
#6033=AXIS2_PLACEMENT_3D('',#9114,#7340,#7341);
#6034=AXIS2_PLACEMENT_3D('',#9116,#7343,#7344);
#6035=AXIS2_PLACEMENT_3D('',#9118,#7345,#7346);
#6036=AXIS2_PLACEMENT_3D('',#9120,#7347,#7348);
#6037=AXIS2_PLACEMENT_3D('',#9122,#7350,#7351);
#6038=AXIS2_PLACEMENT_3D('',#9125,#7353,#7354);
#6039=AXIS2_PLACEMENT_3D('',#9126,#7355,#7356);
#6040=AXIS2_PLACEMENT_3D('',#9129,#7358,#7359);
#6041=AXIS2_PLACEMENT_3D('',#9130,#7360,#7361);
#6042=AXIS2_PLACEMENT_3D('',#9131,#7362,#7363);
#6043=AXIS2_PLACEMENT_3D('',#9132,#7364,#7365);
#6044=AXIS2_PLACEMENT_3D('',#9133,#7366,#7367);
#6045=AXIS2_PLACEMENT_3D('',#9135,#7368,#7369);
#6046=AXIS2_PLACEMENT_3D('',#9137,#7370,#7371);
#6047=AXIS2_PLACEMENT_3D('',#9139,#7373,#7374);
#6048=AXIS2_PLACEMENT_3D('',#9143,#7376,#7377);
#6049=AXIS2_PLACEMENT_3D('',#9144,#7378,#7379);
#6050=AXIS2_PLACEMENT_3D('',#9145,#7380,#7381);
#6051=AXIS2_PLACEMENT_3D('',#9158,#7388,#7389);
#6052=AXIS2_PLACEMENT_3D('',#9164,#7393,#7394);
#6053=AXIS2_PLACEMENT_3D('',#9168,#7397,#7398);
#6054=AXIS2_PLACEMENT_3D('',#9172,#7401,#7402);
#6055=AXIS2_PLACEMENT_3D('',#9176,#7405,#7406);
#6056=AXIS2_PLACEMENT_3D('',#9180,#7409,#7410);
#6057=AXIS2_PLACEMENT_3D('',#9182,#7412,#7413);
#6058=AXIS2_PLACEMENT_3D('',#9195,#7420,#7421);
#6059=AXIS2_PLACEMENT_3D('',#9201,#7425,#7426);
#6060=AXIS2_PLACEMENT_3D('',#9205,#7429,#7430);
#6061=AXIS2_PLACEMENT_3D('',#9209,#7433,#7434);
#6062=AXIS2_PLACEMENT_3D('',#9213,#7437,#7438);
#6063=AXIS2_PLACEMENT_3D('',#9217,#7441,#7442);
#6064=AXIS2_PLACEMENT_3D('',#9219,#7444,#7445);
#6065=AXIS2_PLACEMENT_3D('',#9222,#7446,#7447);
#6066=AXIS2_PLACEMENT_3D('',#9229,#7452,#7453);
#6067=AXIS2_PLACEMENT_3D('',#9232,#7455,#7456);
#6068=AXIS2_PLACEMENT_3D('',#9234,#7457,#7458);
#6069=AXIS2_PLACEMENT_3D('',#9235,#7459,#7460);
#6070=AXIS2_PLACEMENT_3D('',#9237,#7462,#7463);
#6071=AXIS2_PLACEMENT_3D('',#9239,#7465,#7466);
#6072=AXIS2_PLACEMENT_3D('',#9242,#7469,#7470);
#6073=AXIS2_PLACEMENT_3D('',#9243,#7471,#7472);
#6074=AXIS2_PLACEMENT_3D('',#9244,#7473,#7474);
#6075=AXIS2_PLACEMENT_3D('',#9246,#7476,#7477);
#6076=AXIS2_PLACEMENT_3D('',#9247,#7478,#7479);
#6077=AXIS2_PLACEMENT_3D('',#9249,#7481,#7482);
#6078=AXIS2_PLACEMENT_3D('',#9250,#7483,#7484);
#6079=AXIS2_PLACEMENT_3D('',#9253,#7485,#7486);
#6080=AXIS2_PLACEMENT_3D('',#9257,#7489,#7490);
#6081=AXIS2_PLACEMENT_3D('',#9273,#7495,#7496);
#6082=AXIS2_PLACEMENT_3D('',#9283,#7500,#7501);
#6083=AXIS2_PLACEMENT_3D('',#9290,#7504,#7505);
#6084=AXIS2_PLACEMENT_3D('',#9298,#7508,#7509);
#6085=AXIS2_PLACEMENT_3D('',#9308,#7513,#7514);
#6086=AXIS2_PLACEMENT_3D('',#9316,#7517,#7518);
#6087=AXIS2_PLACEMENT_3D('',#9319,#7519,#7520);
#6088=AXIS2_PLACEMENT_3D('',#9323,#7523,#7524);
#6089=AXIS2_PLACEMENT_3D('',#9339,#7529,#7530);
#6090=AXIS2_PLACEMENT_3D('',#9349,#7534,#7535);
#6091=AXIS2_PLACEMENT_3D('',#9356,#7538,#7539);
#6092=AXIS2_PLACEMENT_3D('',#9364,#7542,#7543);
#6093=AXIS2_PLACEMENT_3D('',#9374,#7547,#7548);
#6094=AXIS2_PLACEMENT_3D('',#9382,#7551,#7552);
#6095=AXIS2_PLACEMENT_3D('',#9385,#7553,#7554);
#6096=AXIS2_PLACEMENT_3D('',#9389,#7557,#7558);
#6097=AXIS2_PLACEMENT_3D('',#9401,#7563,#7564);
#6098=AXIS2_PLACEMENT_3D('',#9415,#7568,#7569);
#6099=AXIS2_PLACEMENT_3D('',#9425,#7573,#7574);
#6100=AXIS2_PLACEMENT_3D('',#9432,#7577,#7578);
#6101=AXIS2_PLACEMENT_3D('',#9440,#7581,#7582);
#6102=AXIS2_PLACEMENT_3D('',#9448,#7585,#7586);
#6103=AXIS2_PLACEMENT_3D('',#9451,#7588,#7589);
#6104=AXIS2_PLACEMENT_3D('',#9452,#7590,#7591);
#6105=AXIS2_PLACEMENT_3D('',#9453,#7592,#7593);
#6106=AXIS2_PLACEMENT_3D('',#9454,#7594,#7595);
#6107=AXIS2_PLACEMENT_3D('',#9455,#7596,#7597);
#6108=AXIS2_PLACEMENT_3D('',#9456,#7598,#7599);
#6109=AXIS2_PLACEMENT_3D('',#9457,#7600,#7601);
#6110=AXIS2_PLACEMENT_3D('',#9458,#7602,#7603);
#6111=AXIS2_PLACEMENT_3D('',#9459,#7604,#7605);
#6112=AXIS2_PLACEMENT_3D('',#9460,#7606,#7607);
#6113=AXIS2_PLACEMENT_3D('',#9461,#7608,#7609);
#6114=AXIS2_PLACEMENT_3D('',#9462,#7610,#7611);
#6115=AXIS2_PLACEMENT_3D('',#9464,#7613,#7614);
#6116=AXIS2_PLACEMENT_3D('',#9467,#7616,#7617);
#6117=AXIS2_PLACEMENT_3D('',#9468,#7618,#7619);
#6118=AXIS2_PLACEMENT_3D('',#9469,#7620,#7621);
#6119=AXIS2_PLACEMENT_3D('',#9470,#7622,#7623);
#6120=AXIS2_PLACEMENT_3D('',#9471,#7624,#7625);
#6121=AXIS2_PLACEMENT_3D('',#9472,#7626,#7627);
#6122=AXIS2_PLACEMENT_3D('',#9473,#7628,#7629);
#6123=AXIS2_PLACEMENT_3D('',#9474,#7630,#7631);
#6124=AXIS2_PLACEMENT_3D('',#9475,#7632,#7633);
#6125=AXIS2_PLACEMENT_3D('',#9476,#7634,#7635);
#6126=AXIS2_PLACEMENT_3D('',#9477,#7636,#7637);
#6127=AXIS2_PLACEMENT_3D('',#9478,#7638,#7639);
#6128=AXIS2_PLACEMENT_3D('',#9480,#7641,#7642);
#6129=AXIS2_PLACEMENT_3D('',#9483,#7644,#7645);
#6130=AXIS2_PLACEMENT_3D('',#9484,#7646,#7647);
#6131=AXIS2_PLACEMENT_3D('',#9485,#7648,#7649);
#6132=AXIS2_PLACEMENT_3D('',#9486,#7650,#7651);
#6133=AXIS2_PLACEMENT_3D('',#9487,#7652,#7653);
#6134=AXIS2_PLACEMENT_3D('',#9488,#7654,#7655);
#6135=AXIS2_PLACEMENT_3D('',#9489,#7656,#7657);
#6136=AXIS2_PLACEMENT_3D('',#9490,#7658,#7659);
#6137=AXIS2_PLACEMENT_3D('',#9491,#7660,#7661);
#6138=AXIS2_PLACEMENT_3D('',#9492,#7662,#7663);
#6139=AXIS2_PLACEMENT_3D('',#9493,#7664,#7665);
#6140=AXIS2_PLACEMENT_3D('',#9494,#7666,#7667);
#6141=AXIS2_PLACEMENT_3D('',#9496,#7669,#7670);
#6142=AXIS2_PLACEMENT_3D('',#9497,#7671,#7672);
#6143=AXIS2_PLACEMENT_3D('',#9498,#7673,#7674);
#6144=AXIS2_PLACEMENT_3D('',#9499,#7675,#7676);
#6145=AXIS2_PLACEMENT_3D('',#9500,#7677,#7678);
#6146=AXIS2_PLACEMENT_3D('',#9501,#7679,#7680);
#6147=AXIS2_PLACEMENT_3D('',#9502,#7681,#7682);
#6148=AXIS2_PLACEMENT_3D('',#9504,#7684,#7685);
#6149=AXIS2_PLACEMENT_3D('',#9506,#7687,#7688);
#6150=AXIS2_PLACEMENT_3D('',#9507,#7689,#7690);
#6151=AXIS2_PLACEMENT_3D('',#9508,#7691,#7692);
#6152=AXIS2_PLACEMENT_3D('',#9509,#7693,#7694);
#6153=AXIS2_PLACEMENT_3D('',#9510,#7695,#7696);
#6154=AXIS2_PLACEMENT_3D('',#9511,#7697,#7698);
#6155=AXIS2_PLACEMENT_3D('',#9512,#7699,#7700);
#6156=AXIS2_PLACEMENT_3D('',#9513,#7701,#7702);
#6157=AXIS2_PLACEMENT_3D('',#9514,#7703,#7704);
#6158=DIRECTION('axis',(0.,0.,1.));
#6159=DIRECTION('refdir',(1.,0.,0.));
#6160=DIRECTION('center_axis',(0.,0.,-1.));
#6161=DIRECTION('ref_axis',(0.707106781186547,-0.707106781186547,0.));
#6162=DIRECTION('center_axis',(9.51443809068936E-47,2.06356670881412E-16,
1.));
#6163=DIRECTION('ref_axis',(-0.707106781186547,-0.707106781186547,0.));
#6164=DIRECTION('',(0.,0.,-1.));
#6165=DIRECTION('center_axis',(-0.70710678118655,0.,-0.707106781186545));
#6166=DIRECTION('ref_axis',(0.707106781186545,0.,-0.70710678118655));
#6167=DIRECTION('center_axis',(0.,0.,-1.));
#6168=DIRECTION('ref_axis',(-0.707106781186547,-0.707106781186547,0.));
#6169=DIRECTION('',(0.,0.,1.));
#6170=DIRECTION('center_axis',(1.,0.,0.));
#6171=DIRECTION('ref_axis',(0.,-1.,0.));
#6172=DIRECTION('',(0.,-1.,2.06356670881412E-16));
#6173=DIRECTION('',(0.,0.,1.));
#6174=DIRECTION('',(0.,1.,0.));
#6175=DIRECTION('center_axis',(0.,0.,-1.));
#6176=DIRECTION('ref_axis',(-0.707106781186547,0.707106781186547,0.));
#6177=DIRECTION('center_axis',(-0.70710678118655,0.,-0.707106781186545));
#6178=DIRECTION('ref_axis',(-0.707106781186545,0.,0.70710678118655));
#6179=DIRECTION('center_axis',(9.51443809068936E-47,2.06356670881412E-16,
1.));
#6180=DIRECTION('ref_axis',(0.707106781186547,0.707106781186547,0.));
#6181=DIRECTION('',(0.,0.,-1.));
#6182=DIRECTION('center_axis',(0.,0.,-1.));
#6183=DIRECTION('ref_axis',(-0.707106781186547,0.707106781186547,0.));
#6184=DIRECTION('center_axis',(-1.,0.,0.));
#6185=DIRECTION('ref_axis',(0.,1.,0.));
#6186=DIRECTION('',(0.,-1.,0.));
#6187=DIRECTION('',(0.,1.,-2.06356670881412E-16));
#6188=DIRECTION('center_axis',(-0.70710678118655,0.,-0.707106781186545));
#6189=DIRECTION('ref_axis',(-0.707106781186545,0.,0.70710678118655));
#6190=DIRECTION('',(0.,1.,0.));
#6191=DIRECTION('',(0.577350269189621,0.577350269189631,-0.577350269189625));
#6192=DIRECTION('',(0.,-1.,0.));
#6193=DIRECTION('',(0.577350269189623,-0.577350269189627,-0.577350269189627));
#6194=DIRECTION('',(0.,1.,0.));
#6195=DIRECTION('center_axis',(0.,0.,1.));
#6196=DIRECTION('ref_axis',(-1.,0.,0.));
#6197=DIRECTION('center_axis',(0.,0.,1.));
#6198=DIRECTION('ref_axis',(-1.,0.,0.));
#6199=DIRECTION('',(0.,0.,1.));
#6200=DIRECTION('center_axis',(0.,0.,1.));
#6201=DIRECTION('ref_axis',(-1.,0.,0.));
#6202=DIRECTION('center_axis',(0.,0.,1.));
#6203=DIRECTION('ref_axis',(-1.,0.,0.));
#6204=DIRECTION('center_axis',(0.,0.,1.));
#6205=DIRECTION('ref_axis',(-1.,0.,0.));
#6206=DIRECTION('center_axis',(0.,0.,1.));
#6207=DIRECTION('ref_axis',(-1.,0.,0.));
#6208=DIRECTION('',(0.,0.,1.));
#6209=DIRECTION('center_axis',(0.,0.,1.));
#6210=DIRECTION('ref_axis',(-1.,0.,0.));
#6211=DIRECTION('center_axis',(0.,0.,1.));
#6212=DIRECTION('ref_axis',(-1.,0.,0.));
#6213=DIRECTION('center_axis',(0.,0.,1.));
#6214=DIRECTION('ref_axis',(-1.,0.,0.));
#6215=DIRECTION('center_axis',(0.,0.,-1.));
#6216=DIRECTION('ref_axis',(-1.,0.,0.));
#6217=DIRECTION('',(0.707106781186548,-8.65956056235494E-17,0.707106781186547));
#6218=DIRECTION('center_axis',(0.,0.,1.));
#6219=DIRECTION('ref_axis',(-1.,0.,0.));
#6220=DIRECTION('center_axis',(0.,0.,1.));
#6221=DIRECTION('ref_axis',(-1.,0.,0.));
#6222=DIRECTION('center_axis',(0.,0.,1.));
#6223=DIRECTION('ref_axis',(-1.,0.,0.));
#6224=DIRECTION('center_axis',(0.,0.,1.));
#6225=DIRECTION('ref_axis',(-1.,0.,0.));
#6226=DIRECTION('center_axis',(0.,0.,1.));
#6227=DIRECTION('ref_axis',(-1.,0.,0.));
#6228=DIRECTION('center_axis',(0.,0.,1.));
#6229=DIRECTION('ref_axis',(-1.,0.,0.));
#6230=DIRECTION('center_axis',(0.,0.,1.));
#6231=DIRECTION('ref_axis',(-1.,0.,0.));
#6232=DIRECTION('',(1.37354477598826E-15,-1.,0.));
#6233=DIRECTION('',(0.866025403784439,-0.5,0.));
#6234=DIRECTION('center_axis',(0.,0.,1.));
#6235=DIRECTION('ref_axis',(-1.,0.,0.));
#6236=DIRECTION('',(0.866025403784439,-0.5,0.));
#6237=DIRECTION('',(0.866025403784439,0.5,0.));
#6238=DIRECTION('center_axis',(0.,0.,1.));
#6239=DIRECTION('ref_axis',(-1.,0.,0.));
#6240=DIRECTION('',(-0.866025403784439,-0.5,0.));
#6241=DIRECTION('',(1.37354477598826E-15,-1.,0.));
#6242=DIRECTION('center_axis',(0.,0.,1.));
#6243=DIRECTION('ref_axis',(-1.,0.,0.));
#6244=DIRECTION('',(0.866025403784439,0.5,0.));
#6245=DIRECTION('',(-1.37354477598825E-15,1.,0.));
#6246=DIRECTION('center_axis',(0.,0.,1.));
#6247=DIRECTION('ref_axis',(-1.,0.,0.));
#6248=DIRECTION('',(-0.86602540378444,0.499999999999998,0.));
#6249=DIRECTION('',(-0.866025403784439,-0.5,0.));
#6250=DIRECTION('center_axis',(0.,0.,1.));
#6251=DIRECTION('ref_axis',(-1.,0.,0.));
#6252=DIRECTION('',(0.,0.,-1.));
#6253=DIRECTION('center_axis',(0.,0.,-1.));
#6254=DIRECTION('ref_axis',(-1.,0.,0.));
#6255=DIRECTION('center_axis',(0.,0.,1.));
#6256=DIRECTION('ref_axis',(-1.,0.,0.));
#6257=DIRECTION('center_axis',(0.,0.,-1.));
#6258=DIRECTION('ref_axis',(-1.,0.,0.));
#6259=DIRECTION('',(0.707106781186549,-8.65956056235496E-17,0.707106781186546));
#6260=DIRECTION('center_axis',(0.,0.,1.));
#6261=DIRECTION('ref_axis',(-1.,0.,0.));
#6262=DIRECTION('center_axis',(0.,0.,1.));
#6263=DIRECTION('ref_axis',(-1.,0.,0.));
#6264=DIRECTION('center_axis',(0.,0.,1.));
#6265=DIRECTION('ref_axis',(-1.,0.,0.));
#6266=DIRECTION('center_axis',(0.,0.,1.));
#6267=DIRECTION('ref_axis',(-1.,0.,0.));
#6268=DIRECTION('center_axis',(0.,0.,1.));
#6269=DIRECTION('ref_axis',(-1.,0.,0.));
#6270=DIRECTION('center_axis',(0.,0.,1.));
#6271=DIRECTION('ref_axis',(-1.,0.,0.));
#6272=DIRECTION('center_axis',(0.,0.,1.));
#6273=DIRECTION('ref_axis',(-1.,0.,0.));
#6274=DIRECTION('',(-8.19563817986827E-7,-0.999999999999664,0.));
#6275=DIRECTION('',(0.86602499400224,-0.500000709762917,0.));
#6276=DIRECTION('center_axis',(0.,0.,1.));
#6277=DIRECTION('ref_axis',(-1.,0.,0.));
#6278=DIRECTION('',(0.86602499400224,-0.500000709762917,0.));
#6279=DIRECTION('',(0.866025813566056,0.499999290236747,0.));
#6280=DIRECTION('center_axis',(0.,0.,1.));
#6281=DIRECTION('ref_axis',(-1.,0.,0.));
#6282=DIRECTION('',(-0.866025813566054,-0.49999929023675,0.));
#6283=DIRECTION('',(-8.19563817986827E-7,-0.999999999999664,0.));
#6284=DIRECTION('center_axis',(0.,0.,1.));
#6285=DIRECTION('ref_axis',(-1.,0.,0.));
#6286=DIRECTION('',(0.866025813566056,0.499999290236747,0.));
#6287=DIRECTION('',(8.19563817986827E-7,0.999999999999664,0.));
#6288=DIRECTION('center_axis',(0.,0.,1.));
#6289=DIRECTION('ref_axis',(-1.,0.,0.));
#6290=DIRECTION('',(-0.866024994002241,0.500000709762915,0.));
#6291=DIRECTION('',(-0.866025813566054,-0.49999929023675,0.));
#6292=DIRECTION('center_axis',(0.,0.,1.));
#6293=DIRECTION('ref_axis',(-1.,0.,0.));
#6294=DIRECTION('',(0.,0.,-1.));
#6295=DIRECTION('center_axis',(0.,0.,-1.));
#6296=DIRECTION('ref_axis',(-1.,0.,0.));
#6297=DIRECTION('center_axis',(-0.500000709762915,-0.866024994002241,0.));
#6298=DIRECTION('ref_axis',(-0.866024994002241,0.500000709762915,0.));
#6299=DIRECTION('',(-0.866024994002241,0.500000709762915,-1.03178481905018E-16));
#6300=DIRECTION('',(0.,0.,-1.));
#6301=DIRECTION('',(-0.866024994002241,0.500000709762915,0.));
#6302=DIRECTION('',(0.,0.,-1.));
#6303=DIRECTION('center_axis',(0.49999929023675,-0.866025813566054,0.));
#6304=DIRECTION('ref_axis',(-0.866025813566054,-0.49999929023675,0.));
#6305=DIRECTION('',(-0.866025813566054,-0.49999929023675,1.03178188976325E-16));
#6306=DIRECTION('',(0.,0.,-1.));
#6307=DIRECTION('center_axis',(0.999999999999664,-8.19563817986827E-7,0.));
#6308=DIRECTION('ref_axis',(-8.19563817986827E-7,-0.999999999999664,0.));
#6309=DIRECTION('',(-8.19563817986827E-7,-0.999999999999664,2.06356670881343E-16));
#6310=DIRECTION('',(0.,0.,-1.));
#6311=DIRECTION('center_axis',(0.500000709762917,0.86602499400224,0.));
#6312=DIRECTION('ref_axis',(0.86602499400224,-0.500000709762917,0.));
#6313=DIRECTION('',(0.86602499400224,-0.500000709762917,1.03178481905019E-16));
#6314=DIRECTION('',(0.,0.,-1.));
#6315=DIRECTION('center_axis',(-0.499999290236747,0.866025813566056,0.));
#6316=DIRECTION('ref_axis',(0.866025813566056,0.499999290236747,0.));
#6317=DIRECTION('',(0.866025813566056,0.499999290236747,-1.03178188976324E-16));
#6318=DIRECTION('',(0.,0.,-1.));
#6319=DIRECTION('center_axis',(-0.999999999999664,8.19563817986827E-7,0.));
#6320=DIRECTION('ref_axis',(8.19563817986827E-7,0.999999999999664,0.));
#6321=DIRECTION('',(8.19563817986827E-7,0.999999999999664,-2.06356670881343E-16));
#6322=DIRECTION('',(8.19563817986827E-7,0.999999999999664,0.));
#6323=DIRECTION('center_axis',(0.,0.,1.));
#6324=DIRECTION('ref_axis',(-1.,0.,0.));
#6325=DIRECTION('center_axis',(-1.,-1.37354477598825E-15,0.));
#6326=DIRECTION('ref_axis',(-1.37354477598825E-15,1.,0.));
#6327=DIRECTION('',(-1.37354477598825E-15,1.,-2.06356670881412E-16));
#6328=DIRECTION('',(0.,0.,-1.));
#6329=DIRECTION('',(-1.37354477598825E-15,1.,0.));
#6330=DIRECTION('',(0.,0.,-1.));
#6331=DIRECTION('center_axis',(-0.499999999999998,-0.86602540378444,0.));
#6332=DIRECTION('ref_axis',(-0.86602540378444,0.499999999999998,0.));
#6333=DIRECTION('',(-0.86602540378444,0.499999999999998,-1.03178335440706E-16));
#6334=DIRECTION('',(0.,0.,-1.));
#6335=DIRECTION('',(-0.86602540378444,0.499999999999998,0.));
#6336=DIRECTION('center_axis',(0.5,-0.866025403784439,0.));
#6337=DIRECTION('ref_axis',(-0.866025403784439,-0.5,0.));
#6338=DIRECTION('',(-0.866025403784439,-0.5,1.03178335440706E-16));
#6339=DIRECTION('',(0.,0.,-1.));
#6340=DIRECTION('center_axis',(1.,1.37354477598826E-15,0.));
#6341=DIRECTION('ref_axis',(1.37354477598826E-15,-1.,0.));
#6342=DIRECTION('',(1.37354477598826E-15,-1.,2.06356670881412E-16));
#6343=DIRECTION('',(0.,0.,-1.));
#6344=DIRECTION('center_axis',(0.5,0.866025403784439,0.));
#6345=DIRECTION('ref_axis',(0.866025403784439,-0.5,0.));
#6346=DIRECTION('',(0.866025403784439,-0.5,1.03178335440706E-16));
#6347=DIRECTION('',(0.,0.,-1.));
#6348=DIRECTION('center_axis',(-0.5,0.866025403784439,0.));
#6349=DIRECTION('ref_axis',(0.866025403784439,0.5,0.));
#6350=DIRECTION('',(0.866025403784439,0.5,-1.03178335440706E-16));
#6351=DIRECTION('center_axis',(0.,0.,1.));
#6352=DIRECTION('ref_axis',(-1.,0.,0.));
#6353=DIRECTION('center_axis',(0.,0.,1.));
#6354=DIRECTION('ref_axis',(-0.707106781186548,0.707106781186548,0.));
#6355=DIRECTION('center_axis',(-9.51443809068936E-47,-2.06356670881412E-16,
-1.));
#6356=DIRECTION('ref_axis',(-0.707106781186548,0.707106781186548,0.));
#6357=DIRECTION('',(0.,0.,-1.));
#6358=DIRECTION('center_axis',(0.,0.,1.));
#6359=DIRECTION('ref_axis',(-0.707106781186548,0.707106781186548,0.));
#6360=DIRECTION('',(0.,0.,1.));
#6361=DIRECTION('center_axis',(0.,1.,0.));
#6362=DIRECTION('ref_axis',(0.,0.,1.));
#6363=DIRECTION('',(1.,-2.95882166973914E-33,0.));
#6364=DIRECTION('',(3.68935645813387E-14,0.,1.));
#6365=DIRECTION('',(-1.,0.,0.));
#6366=DIRECTION('center_axis',(-9.51443809068936E-47,-2.06356670881412E-16,
-1.));
#6367=DIRECTION('ref_axis',(1.,-6.26345912331102E-33,-9.38518743340053E-47));
#6368=DIRECTION('',(0.,1.,0.));
#6369=DIRECTION('center_axis',(9.51443809068936E-47,2.06356670881412E-16,
1.));
#6370=DIRECTION('ref_axis',(0.707106781186548,-0.707106781186548,0.));
#6371=DIRECTION('center_axis',(-9.51443809068936E-47,-2.06356670881412E-16,
-1.));
#6372=DIRECTION('ref_axis',(-0.707106781186547,-0.707106781186548,0.));
#6373=DIRECTION('center_axis',(9.51443809068936E-47,2.06356670881412E-16,
1.));
#6374=DIRECTION('ref_axis',(0.707106781186549,0.707106781186546,0.));
#6375=DIRECTION('',(0.,1.,0.));
#6376=DIRECTION('center_axis',(-9.51443809068936E-47,-2.06356670881412E-16,
-1.));
#6377=DIRECTION('ref_axis',(-0.707106781186548,-0.707106781186548,1.45916201323327E-16));
#6378=DIRECTION('',(1.,0.,0.));
#6379=DIRECTION('center_axis',(-9.51443809068936E-47,-2.06356670881412E-16,
-1.));
#6380=DIRECTION('ref_axis',(0.707106781186546,0.707106781186549,0.));
#6381=DIRECTION('',(-1.,0.,9.51443809068936E-47));
#6382=DIRECTION('center_axis',(9.51443809068936E-47,2.06356670881412E-16,
1.));
#6383=DIRECTION('ref_axis',(-0.707106781186546,-0.707106781186549,0.));
#6384=DIRECTION('',(0.,-1.,0.));
#6385=DIRECTION('center_axis',(9.51443809068936E-47,2.06356670881412E-16,
1.));
#6386=DIRECTION('ref_axis',(-0.707106781186544,0.707106781186551,0.));
#6387=DIRECTION('',(-1.,1.28189897098416E-30,-1.69384023151705E-46));
#6388=DIRECTION('center_axis',(9.51443809068936E-47,2.06356670881412E-16,
1.));
#6389=DIRECTION('ref_axis',(0.707106781186538,0.707106781186557,-1.45916201323329E-16));
#6390=DIRECTION('',(0.,1.,-2.06356670881412E-16));
#6391=DIRECTION('center_axis',(-9.51443809068936E-47,-2.06356670881412E-16,
-1.));
#6392=DIRECTION('ref_axis',(-0.707106781186552,-0.707106781186543,1.45916201323326E-16));
#6393=DIRECTION('',(1.,1.55575381946529E-61,-9.51443809068936E-47));
#6394=DIRECTION('',(1.,1.55575381946529E-61,-9.51443809068936E-47));
#6395=DIRECTION('',(-0.707106781186547,-0.707106781186547,1.45916201323327E-16));
#6396=DIRECTION('center_axis',(-9.51443809068936E-47,-2.06356670881412E-16,
-1.));
#6397=DIRECTION('ref_axis',(0.923879532511287,-0.38268343236509,7.8969279104332E-17));
#6398=DIRECTION('',(0.,-1.,2.06356670881412E-16));
#6399=DIRECTION('center_axis',(-9.51443809068936E-47,-2.06356670881412E-16,
-1.));
#6400=DIRECTION('ref_axis',(0.923879532511287,0.382683432365088,-7.89692791043316E-17));
#6401=DIRECTION('',(0.707106781186547,-0.707106781186547,1.45916201323327E-16));
#6402=DIRECTION('',(-1.,-1.87970762572214E-31,1.33933401694336E-46));
#6403=DIRECTION('',(-1.,-1.87970762572214E-31,1.33933401694336E-46));
#6404=DIRECTION('center_axis',(-9.51443809068936E-47,-2.06356670881412E-16,
-1.));
#6405=DIRECTION('ref_axis',(-0.707106781186548,0.707106781186548,-1.45916201323327E-16));
#6406=DIRECTION('',(0.,-1.,2.06356670881412E-16));
#6407=DIRECTION('center_axis',(9.51443809068936E-47,2.06356670881412E-16,
1.));
#6408=DIRECTION('ref_axis',(0.707106781186548,-0.707106781186548,1.45916201323327E-16));
#6409=DIRECTION('',(-1.,0.,9.51443809068936E-47));
#6410=DIRECTION('center_axis',(-9.51443809068936E-47,-2.06356670881412E-16,
-1.));
#6411=DIRECTION('ref_axis',(-0.707106781186554,0.707106781186541,-1.45916201323326E-16));
#6412=DIRECTION('',(7.61323316395343E-30,-1.,2.06356670881412E-16));
#6413=DIRECTION('center_axis',(9.51443809068936E-47,2.06356670881412E-16,
1.));
#6414=DIRECTION('ref_axis',(0.707106781186548,-0.707106781186548,-2.59065255682824E-14));
#6415=DIRECTION('',(0.499999999999988,-0.866025403784445,1.78710119223689E-16));
#6416=DIRECTION('',(-0.500000000000004,-0.866025403784436,1.78710119223687E-16));
#6417=DIRECTION('',(-1.,8.24126865592955E-15,-1.70064076367695E-30));
#6418=DIRECTION('',(-0.499999999999989,0.866025403784445,-1.78710119223689E-16));
#6419=DIRECTION('',(0.500000000000012,0.866025403784432,-1.78710119223686E-16));
#6420=DIRECTION('',(1.,-8.24126865592955E-15,1.70064076367695E-30));
#6421=DIRECTION('',(0.5,-0.866025403784438,1.78710119223687E-16));
#6422=DIRECTION('',(-0.5,-0.866025403784439,1.78710119223687E-16));
#6423=DIRECTION('',(-1.,0.,9.51443809068936E-47));
#6424=DIRECTION('',(-0.5,0.866025403784439,-1.78710119223687E-16));
#6425=DIRECTION('',(0.5,0.866025403784439,-1.78710119223687E-16));
#6426=DIRECTION('',(1.,-6.86772387994129E-16,1.41720063639746E-31));
#6427=DIRECTION('center_axis',(-9.51443809068936E-47,-2.06356670881412E-16,
-1.));
#6428=DIRECTION('ref_axis',(1.,-1.96336776970195E-62,-9.51443809068936E-47));
#6429=DIRECTION('center_axis',(-9.51443809068936E-47,-2.06356670881412E-16,
-1.));
#6430=DIRECTION('ref_axis',(1.,-1.96336776970195E-62,-9.51443809068936E-47));
#6431=DIRECTION('',(0.866025403784451,-0.499999999999979,1.03178335440702E-16));
#6432=DIRECTION('',(4.39534328316248E-14,-1.,2.06356670881412E-16));
#6433=DIRECTION('',(-0.866025403784422,-0.500000000000029,1.03178335440712E-16));
#6434=DIRECTION('',(-0.866025403784453,0.499999999999974,-1.03178335440701E-16));
#6435=DIRECTION('',(-3.29650746237186E-14,1.,-2.06356670881412E-16));
#6436=DIRECTION('',(0.866025403784422,0.500000000000029,-1.03178335440712E-16));
#6437=DIRECTION('',(0.866024846736661,-0.500000964833812,1.03178534540599E-16));
#6438=DIRECTION('',(-1.11409447476527E-6,-0.999999999999379,2.06356670881284E-16));
#6439=DIRECTION('',(-0.866025827554003,-0.499999266008866,1.03178183976739E-16));
#6440=DIRECTION('',(-0.866024980014378,0.500000733990558,-1.03178486904554E-16));
#6441=DIRECTION('',(1.1140944912478E-6,0.999999999999379,-2.06356670881284E-16));
#6442=DIRECTION('',(0.866025960831143,0.499999035165565,-1.03178136340684E-16));
#6443=DIRECTION('',(0.866026025494117,0.499998923165703,-1.03178113228765E-16));
#6444=DIRECTION('',(0.866024782073428,-0.500001076833512,1.03178557652484E-16));
#6445=DIRECTION('',(-1.2434206710553E-6,-0.999999999999227,2.06356670881252E-16));
#6446=DIRECTION('',(-0.866026025494115,-0.499998923165707,1.03178113228766E-16));
#6447=DIRECTION('',(-0.866024782073431,0.500001076833507,-1.03178557652483E-16));
#6448=DIRECTION('',(1.24342068204366E-6,0.999999999999227,-2.06356670881252E-16));
#6449=DIRECTION('',(0.866025640912435,-0.499999589282038,1.03178250686315E-16));
#6450=DIRECTION('',(9.48511613679443E-7,-0.99999999999955,2.06356670881319E-16));
#6451=DIRECTION('',(-0.866024929528245,-0.500000821434923,1.03178504949282E-16));
#6452=DIRECTION('',(-0.866025878039855,0.499999178564624,-1.03178165932036E-16));
#6453=DIRECTION('',(-9.48511613679443E-7,0.99999999999955,-2.06356670881319E-16));
#6454=DIRECTION('',(0.866025166656634,0.50000041071718,-1.03178420194936E-16));
#6455=DIRECTION('',(0.866026057403177,-0.499998867897428,1.03178101823788E-16));
#6456=DIRECTION('',(1.30723896224459E-6,-0.999999999999146,2.06356670881236E-16));
#6457=DIRECTION('',(-0.866024750164219,-0.50000113210172,1.03178569057448E-16));
#6458=DIRECTION('',(-0.866026057403179,0.499998867897425,-1.03178101823787E-16));
#6459=DIRECTION('',(-1.30723896224459E-6,0.999999999999146,-2.06356670881236E-16));
#6460=DIRECTION('',(0.866024750164218,0.500001132101722,-1.03178569057448E-16));
#6461=DIRECTION('',(0.866025671863434,-0.499999535673271,1.03178239623788E-16));
#6462=DIRECTION('',(9.95668966067175E-7,-0.999999999999504,2.0635667088131E-16));
#6463=DIRECTION('',(-0.866024905949526,-0.500000862274371,1.03178513376775E-16));
#6464=DIRECTION('',(-0.866025901618492,0.499999137725134,-1.03178157504535E-16));
#6465=DIRECTION('',(-9.95668966067175E-7,0.999999999999504,-2.0635667088131E-16));
#6466=DIRECTION('',(0.866025135705547,0.500000464325974,-1.03178431257468E-16));
#6467=DIRECTION('center_axis',(0.,0.,1.));
#6468=DIRECTION('ref_axis',(0.707106781186548,-0.707106781186548,0.));
#6469=DIRECTION('center_axis',(0.,0.,-1.));
#6470=DIRECTION('ref_axis',(0.707106781186548,-0.707106781186548,0.));
#6471=DIRECTION('',(0.,0.,-1.));
#6472=DIRECTION('',(0.,0.,-1.));
#6473=DIRECTION('center_axis',(0.,0.,-1.));
#6474=DIRECTION('ref_axis',(0.707106781186544,0.707106781186551,0.));
#6475=DIRECTION('center_axis',(-0.707106781186547,0.,0.707106781186548));
#6476=DIRECTION('ref_axis',(0.707106781186548,-4.9065389333868E-17,0.707106781186547));
#6477=DIRECTION('',(0.,0.,1.));
#6478=DIRECTION('center_axis',(0.,0.,-1.));
#6479=DIRECTION('ref_axis',(0.707106781186544,0.707106781186551,0.));
#6480=DIRECTION('',(0.,0.,1.));
#6481=DIRECTION('center_axis',(0.,0.,-1.));
#6482=DIRECTION('ref_axis',(0.707106781186549,0.707106781186546,0.));
#6483=DIRECTION('center_axis',(-0.707106781186547,0.,0.707106781186548));
#6484=DIRECTION('ref_axis',(0.707106781186548,0.,0.707106781186547));
#6485=DIRECTION('',(0.,0.,1.));
#6486=DIRECTION('',(0.,0.,1.));
#6487=DIRECTION('center_axis',(-1.,0.,0.));
#6488=DIRECTION('ref_axis',(0.,-1.,0.));
#6489=DIRECTION('',(0.,-1.,0.));
#6490=DIRECTION('',(0.,0.,-1.));
#6491=DIRECTION('',(0.,-1.,0.));
#6492=DIRECTION('center_axis',(0.,-1.,0.));
#6493=DIRECTION('ref_axis',(-1.,0.,0.));
#6494=DIRECTION('',(0.,0.,1.));
#6495=DIRECTION('',(-0.707106781186546,0.,0.707106781186548));
#6496=DIRECTION('',(0.,0.,-1.));
#6497=DIRECTION('center_axis',(0.,0.,-1.));
#6498=DIRECTION('ref_axis',(-0.707106781186546,-0.707106781186549,0.));
#6499=DIRECTION('center_axis',(0.707106781186549,0.,0.707106781186547));
#6500=DIRECTION('ref_axis',(-0.707106781186547,-4.90653893338679E-17,0.707106781186549));
#6501=DIRECTION('',(0.,0.,1.));
#6502=DIRECTION('center_axis',(1.,0.,0.));
#6503=DIRECTION('ref_axis',(0.,0.,-1.));
#6504=DIRECTION('',(0.,-1.,0.));
#6505=DIRECTION('',(0.,0.,1.));
#6506=DIRECTION('',(0.,1.,0.));
#6507=DIRECTION('',(0.,-4.9303805728598E-31,-1.));
#6508=DIRECTION('center_axis',(0.,0.,-1.));
#6509=DIRECTION('ref_axis',(-0.707106781186546,-0.707106781186549,0.));
#6510=DIRECTION('center_axis',(0.707106781186549,0.,0.707106781186547));
#6511=DIRECTION('ref_axis',(-0.707106781186547,-4.90653893338679E-17,0.707106781186549));
#6512=DIRECTION('',(0.,0.,-1.));
#6513=DIRECTION('center_axis',(0.,0.,-1.));
#6514=DIRECTION('ref_axis',(-0.707106781186546,-0.707106781186549,0.));
#6515=DIRECTION('center_axis',(0.,1.,0.));
#6516=DIRECTION('ref_axis',(-1.,0.,0.));
#6517=DIRECTION('',(-0.707106781186546,0.,0.707106781186548));
#6518=DIRECTION('',(0.,0.,1.));
#6519=DIRECTION('',(1.,0.,0.));
#6520=DIRECTION('center_axis',(0.,0.,-1.));
#6521=DIRECTION('ref_axis',(0.70710678118655,0.707106781186545,0.));
#6522=DIRECTION('center_axis',(0.,0.,1.));
#6523=DIRECTION('ref_axis',(0.70710678118655,0.707106781186545,0.));
#6524=DIRECTION('center_axis',(-0.707106781186549,0.,-0.707106781186547));
#6525=DIRECTION('ref_axis',(0.707106781186546,0.,-0.707106781186549));
#6526=DIRECTION('',(0.,0.,-1.));
#6527=DIRECTION('center_axis',(1.,0.,0.));
#6528=DIRECTION('ref_axis',(0.,1.,0.));
#6529=DIRECTION('',(0.,-1.,0.));
#6530=DIRECTION('',(0.,0.,1.));
#6531=DIRECTION('',(0.,-1.,0.));
#6532=DIRECTION('center_axis',(0.707106781186549,0.,0.707106781186547));
#6533=DIRECTION('ref_axis',(0.707106781186546,0.,-0.707106781186548));
#6534=DIRECTION('center_axis',(-0.707106781186549,0.,-0.707106781186547));
#6535=DIRECTION('ref_axis',(0.707106781186547,4.90653893338679E-17,-0.707106781186549));
#6536=DIRECTION('center_axis',(0.,0.,1.));
#6537=DIRECTION('ref_axis',(-0.707106781186548,-0.707106781186548,0.));
#6538=DIRECTION('center_axis',(0.707106781186547,0.,-0.707106781186548));
#6539=DIRECTION('ref_axis',(-0.707106781186548,0.,-0.707106781186547));
#6540=DIRECTION('',(0.,0.,-1.));
#6541=DIRECTION('center_axis',(0.,0.,1.));
#6542=DIRECTION('ref_axis',(-0.707106781186548,-0.707106781186548,0.));
#6543=DIRECTION('center_axis',(-1.,0.,0.));
#6544=DIRECTION('ref_axis',(0.,-1.,0.));
#6545=DIRECTION('',(0.,-1.,0.));
#6546=DIRECTION('',(0.,0.,1.));
#6547=DIRECTION('',(0.,-1.,0.));
#6548=DIRECTION('center_axis',(-0.707106781186547,0.,0.707106781186548));
#6549=DIRECTION('ref_axis',(0.707106781186548,0.,0.707106781186547));
#6550=DIRECTION('center_axis',(-0.707106781186547,0.,0.707106781186548));
#6551=DIRECTION('ref_axis',(-0.707106781186548,0.,-0.707106781186547));
#6552=DIRECTION('center_axis',(0.,0.,1.));
#6553=DIRECTION('ref_axis',(-0.707106781186547,-0.707106781186548,0.));
#6554=DIRECTION('center_axis',(0.,0.,1.));
#6555=DIRECTION('ref_axis',(-0.707106781186547,0.707106781186548,0.));
#6556=DIRECTION('center_axis',(0.,0.,1.));
#6557=DIRECTION('ref_axis',(1.,0.,0.));
#6558=DIRECTION('center_axis',(0.,0.,-1.));
#6559=DIRECTION('ref_axis',(0.707106781186548,-0.707106781186548,-2.59065255682824E-14));
#6560=DIRECTION('',(0.,1.,0.));
#6561=DIRECTION('center_axis',(0.,0.,1.));
#6562=DIRECTION('ref_axis',(-0.707106781186554,0.707106781186541,0.));
#6563=DIRECTION('',(-1.,0.,0.));
#6564=DIRECTION('center_axis',(0.,0.,-1.));
#6565=DIRECTION('ref_axis',(0.707106781186548,-0.707106781186548,0.));
#6566=DIRECTION('',(0.,-1.,0.));
#6567=DIRECTION('center_axis',(0.,0.,1.));
#6568=DIRECTION('ref_axis',(-0.707106781186548,0.707106781186548,0.));
#6569=DIRECTION('',(-1.,-1.87970762572214E-31,0.));
#6570=DIRECTION('',(0.707106781186547,0.707106781186548,0.));
#6571=DIRECTION('',(-1.,2.18952885050753E-47,0.));
#6572=DIRECTION('',(0.,1.,0.));
#6573=DIRECTION('',(1.,-2.18952885050753E-47,0.));
#6574=DIRECTION('',(0.,1.,-4.38256058456117E-30));
#6575=DIRECTION('',(-1.,-1.87970762572214E-31,0.));
#6576=DIRECTION('',(0.,1.,0.));
#6577=DIRECTION('',(1.,1.87970762572214E-31,0.));
#6578=DIRECTION('',(0.,-1.,0.));
#6579=DIRECTION('',(1.,-3.06558120204968E-49,6.12323399573685E-17));
#6580=DIRECTION('',(0.,-1.,0.));
#6581=DIRECTION('',(-1.,-4.36079629356264E-48,1.07972901318522E-14));
#6582=DIRECTION('',(0.,1.,0.));
#6583=DIRECTION('',(1.,4.36079629356264E-48,-1.07972901318522E-14));
#6584=DIRECTION('',(0.,-1.,0.));
#6585=DIRECTION('',(1.,0.,0.));
#6586=DIRECTION('',(-0.459422918873766,0.888217643155949,0.));
#6587=DIRECTION('',(1.,-4.36079629356265E-48,0.));
#6588=DIRECTION('',(-0.459422918873766,-0.888217643155949,0.));
#6589=DIRECTION('',(1.,0.,0.));
#6590=DIRECTION('',(0.,1.,0.));
#6591=DIRECTION('',(1.,4.36079629356264E-48,-1.07972901318522E-14));
#6592=DIRECTION('',(0.,1.,0.));
#6593=DIRECTION('',(-1.,0.,0.));
#6594=DIRECTION('',(0.,-1.,0.));
#6595=DIRECTION('',(1.,7.53197924574589E-45,0.));
#6596=DIRECTION('',(0.,1.,0.));
#6597=DIRECTION('',(-1.,-7.53197924574589E-45,0.));
#6598=DIRECTION('',(0.,-1.,2.06356670881412E-16));
#6599=DIRECTION('center_axis',(0.,0.,-1.));
#6600=DIRECTION('ref_axis',(-0.707106781186544,0.707106781186551,0.));
#6601=DIRECTION('center_axis',(0.,0.,1.));
#6602=DIRECTION('ref_axis',(0.707106781186549,-0.707106781186546,0.));
#6603=DIRECTION('',(1.,0.,0.));
#6604=DIRECTION('center_axis',(0.,0.,1.));
#6605=DIRECTION('ref_axis',(-0.707106781186548,-0.707106781186548,0.));
#6606=DIRECTION('',(0.,-1.,0.));
#6607=DIRECTION('center_axis',(0.,0.,-1.));
#6608=DIRECTION('ref_axis',(1.,0.,0.));
#6609=DIRECTION('center_axis',(0.,0.,-1.));
#6610=DIRECTION('ref_axis',(-1.,0.,0.));
#6611=DIRECTION('',(0.,1.,0.));
#6612=DIRECTION('center_axis',(0.,0.,-1.));
#6613=DIRECTION('ref_axis',(-0.707106781186547,-0.707106781186548,0.));
#6614=DIRECTION('',(-1.,0.,0.));
#6615=DIRECTION('center_axis',(0.,0.,-1.));
#6616=DIRECTION('ref_axis',(0.707106781186546,-0.707106781186549,0.));
#6617=DIRECTION('',(0.,-1.,0.));
#6618=DIRECTION('center_axis',(0.,0.,-1.));
#6619=DIRECTION('ref_axis',(0.707106781186547,0.707106781186547,0.));
#6620=DIRECTION('',(1.,0.,0.));
#6621=DIRECTION('center_axis',(0.,0.,-1.));
#6622=DIRECTION('ref_axis',(-0.707106781186548,0.707106781186548,0.));
#6623=DIRECTION('center_axis',(0.,0.,1.));
#6624=DIRECTION('ref_axis',(0.707106781186549,-0.707106781186546,0.));
#6625=DIRECTION('',(0.,0.,-1.));
#6626=DIRECTION('center_axis',(0.,-1.,0.));
#6627=DIRECTION('ref_axis',(1.,0.,3.67765951608804E-30));
#6628=DIRECTION('',(0.,0.,1.));
#6629=DIRECTION('center_axis',(-1.,0.,0.));
#6630=DIRECTION('ref_axis',(0.,-1.,0.));
#6631=DIRECTION('center_axis',(3.68935645813387E-14,0.,1.));
#6632=DIRECTION('ref_axis',(0.707106781186548,-0.707106781186548,-2.59065255682824E-14));
#6633=DIRECTION('',(-3.68935645813387E-14,0.,-1.));
#6634=DIRECTION('center_axis',(0.,-4.9303805728598E-31,-1.));
#6635=DIRECTION('ref_axis',(-0.707106781186544,0.707106781186551,0.));
#6636=DIRECTION('',(0.,4.9303805728598E-31,1.));
#6637=DIRECTION('center_axis',(1.28189897098416E-30,1.,-4.9303805728598E-31));
#6638=DIRECTION('ref_axis',(1.,-1.28189897098416E-30,0.));
#6639=DIRECTION('center_axis',(1.40129846432482E-45,-1.,6.33254034675165E-59));
#6640=DIRECTION('ref_axis',(-1.,-1.40129846432482E-45,1.90527290126938E-15));
#6641=DIRECTION('',(1.,5.25486907256359E-45,0.));
#6642=DIRECTION('',(0.,-4.9303805728598E-31,-1.));
#6643=DIRECTION('center_axis',(0.,0.,-1.));
#6644=DIRECTION('ref_axis',(0.707106781186547,0.707106781186547,0.));
#6645=DIRECTION('center_axis',(0.,0.,-1.));
#6646=DIRECTION('ref_axis',(0.707106781186547,0.707106781186547,0.));
#6647=DIRECTION('',(0.,0.,-1.));
#6648=DIRECTION('',(0.,0.,1.));
#6649=DIRECTION('center_axis',(0.,0.,1.));
#6650=DIRECTION('ref_axis',(1.,0.,0.));
#6651=DIRECTION('',(0.,1.,0.));
#6652=DIRECTION('',(-1.,0.,0.));
#6653=DIRECTION('',(0.,1.,0.));
#6654=DIRECTION('',(1.,0.,0.));
#6655=DIRECTION('center_axis',(1.,0.,0.));
#6656=DIRECTION('ref_axis',(0.,0.,-1.));
#6657=DIRECTION('',(0.,0.,-1.));
#6658=DIRECTION('',(0.,1.,0.));
#6659=DIRECTION('',(0.,0.707106781186547,0.707106781186547));
#6660=DIRECTION('',(0.,0.707106781186551,-0.707106781186544));
#6661=DIRECTION('center_axis',(0.,-1.,0.));
#6662=DIRECTION('ref_axis',(0.,0.,-1.));
#6663=DIRECTION('',(0.707106781186547,0.,-0.707106781186547));
#6664=DIRECTION('',(1.,0.,0.));
#6665=DIRECTION('',(0.707106781186547,0.,0.707106781186547));
#6666=DIRECTION('',(1.,0.,0.));
#6667=DIRECTION('',(0.,0.,1.));
#6668=DIRECTION('center_axis',(-4.42893441977795E-33,-0.707106781186544,
-0.707106781186551));
#6669=DIRECTION('ref_axis',(-1.,0.,6.26345912331096E-33));
#6670=DIRECTION('',(-1.,6.26345912331102E-33,0.));
#6671=DIRECTION('',(0.577350269189624,0.577350269189629,-0.577350269189624));
#6672=DIRECTION('center_axis',(1.,0.,-3.68935645813387E-14));
#6673=DIRECTION('ref_axis',(-3.68935645813387E-14,0.,-1.));
#6674=DIRECTION('',(3.68935645813387E-14,0.,1.));
#6675=DIRECTION('center_axis',(0.,1.,0.));
#6676=DIRECTION('ref_axis',(-1.,0.,0.));
#6677=DIRECTION('',(0.,0.,1.));
#6678=DIRECTION('',(-1.,0.,0.));
#6679=DIRECTION('',(-0.707106781186547,0.,-0.707106781186547));
#6680=DIRECTION('',(-1.,0.,0.));
#6681=DIRECTION('',(-0.707106781186547,0.,0.707106781186547));
#6682=DIRECTION('',(-1.,0.,0.));
#6683=DIRECTION('',(0.,0.,-1.));
#6684=DIRECTION('center_axis',(0.,0.,-1.));
#6685=DIRECTION('ref_axis',(-0.707106781186547,-0.707106781186548,0.));
#6686=DIRECTION('',(0.,0.,1.));
#6687=DIRECTION('center_axis',(0.,0.,-1.));
#6688=DIRECTION('ref_axis',(-0.707106781186548,-0.707106781186547,0.));
#6689=DIRECTION('center_axis',(1.,0.,0.));
#6690=DIRECTION('ref_axis',(0.,0.,-1.));
#6691=DIRECTION('',(0.,1.,0.));
#6692=DIRECTION('',(0.,0.707106781186547,0.707106781186547));
#6693=DIRECTION('',(0.,1.,0.));
#6694=DIRECTION('',(0.,0.,-1.));
#6695=DIRECTION('',(0.,1.,0.));
#6696=DIRECTION('',(0.,0.707106781186547,-0.707106781186547));
#6697=DIRECTION('center_axis',(0.,0.,1.));
#6698=DIRECTION('ref_axis',(-0.707106781186548,0.707106781186548,0.));
#6699=DIRECTION('center_axis',(0.,0.,-1.));
#6700=DIRECTION('ref_axis',(-0.707106781186548,0.707106781186548,0.));
#6701=DIRECTION('center_axis',(0.,0.707106781186548,-0.707106781186547));
#6702=DIRECTION('ref_axis',(-1.,0.,0.));
#6703=DIRECTION('',(-0.577350269189626,0.577350269189626,0.577350269189626));
#6704=DIRECTION('',(-0.577350269189626,-0.577350269189626,-0.577350269189626));
#6705=DIRECTION('',(1.,0.,0.));
#6706=DIRECTION('center_axis',(0.707106781186548,0.,0.707106781186548));
#6707=DIRECTION('ref_axis',(0.707106781186548,0.,-0.707106781186548));
#6708=DIRECTION('',(0.,-1.,0.));
#6709=DIRECTION('',(0.577350269189626,-0.577350269189626,-0.577350269189626));
#6710=DIRECTION('',(0.,-1.,0.));
#6711=DIRECTION('center_axis',(0.,0.,1.));
#6712=DIRECTION('ref_axis',(0.,1.,0.));
#6713=DIRECTION('',(-1.,0.,0.));
#6714=DIRECTION('',(0.,1.,0.));
#6715=DIRECTION('',(-1.,0.,0.));
#6716=DIRECTION('',(0.,-1.,0.));
#6717=DIRECTION('',(1.,0.,0.));
#6718=DIRECTION('',(0.,1.,0.));
#6719=DIRECTION('',(-1.,0.,0.));
#6720=DIRECTION('',(0.,1.,0.));
#6721=DIRECTION('center_axis',(0.,0.,1.));
#6722=DIRECTION('ref_axis',(-1.,0.,0.));
#6723=DIRECTION('center_axis',(0.,0.,1.));
#6724=DIRECTION('ref_axis',(1.,0.,0.));
#6725=DIRECTION('center_axis',(0.,-0.707106781186548,0.707106781186548));
#6726=DIRECTION('ref_axis',(1.,0.,0.));
#6727=DIRECTION('',(-1.,0.,0.));
#6728=DIRECTION('center_axis',(0.,-0.707106781186547,-0.707106781186548));
#6729=DIRECTION('ref_axis',(-1.,0.,0.));
#6730=DIRECTION('',(0.577350269189626,0.577350269189626,-0.577350269189626));
#6731=DIRECTION('',(0.577350269189626,-0.577350269189626,0.577350269189626));
#6732=DIRECTION('center_axis',(0.707106781186548,0.,0.707106781186548));
#6733=DIRECTION('ref_axis',(0.707106781186548,0.,-0.707106781186548));
#6734=DIRECTION('center_axis',(0.707106781186546,0.,-0.707106781186549));
#6735=DIRECTION('ref_axis',(-0.707106781186549,0.,-0.707106781186546));
#6736=DIRECTION('',(0.577350269189628,0.577350269189625,0.577350269189625));
#6737=DIRECTION('',(-0.577350269189628,0.577350269189625,-0.577350269189625));
#6738=DIRECTION('center_axis',(0.,-0.707106781186548,0.707106781186548));
#6739=DIRECTION('ref_axis',(1.,0.,0.));
#6740=DIRECTION('',(-0.577350269189626,-0.577350269189626,-0.577350269189626));
#6741=DIRECTION('',(-1.,0.,0.));
#6742=DIRECTION('center_axis',(0.,0.,1.));
#6743=DIRECTION('ref_axis',(1.,0.,0.));
#6744=DIRECTION('',(0.,1.,0.));
#6745=DIRECTION('',(-1.,0.,0.));
#6746=DIRECTION('center_axis',(-0.707106781186548,0.,0.707106781186548));
#6747=DIRECTION('ref_axis',(0.707106781186548,0.,0.707106781186548));
#6748=DIRECTION('',(0.577350269189626,-0.577350269189626,0.577350269189626));
#6749=DIRECTION('center_axis',(0.,0.,1.));
#6750=DIRECTION('ref_axis',(1.,0.,0.));
#6751=DIRECTION('center_axis',(0.,0.,-1.));
#6752=DIRECTION('ref_axis',(0.707106781186546,-0.707106781186549,0.));
#6753=DIRECTION('center_axis',(0.,0.,-1.));
#6754=DIRECTION('ref_axis',(1.,0.,0.));
#6755=DIRECTION('center_axis',(0.,0.,-1.));
#6756=DIRECTION('ref_axis',(1.,0.,0.));
#6757=DIRECTION('',(-1.,8.24126865592955E-15,0.));
#6758=DIRECTION('',(-0.500000000000004,-0.866025403784436,0.));
#6759=DIRECTION('center_axis',(0.,0.,-1.));
#6760=DIRECTION('ref_axis',(1.,0.,0.));
#6761=DIRECTION('center_axis',(0.,0.,-1.));
#6762=DIRECTION('ref_axis',(1.,0.,0.));
#6763=DIRECTION('',(-0.499999999999989,0.866025403784445,0.));
#6764=DIRECTION('',(-1.,8.24126865592955E-15,0.));
#6765=DIRECTION('center_axis',(0.,0.,-1.));
#6766=DIRECTION('ref_axis',(1.,0.,0.));
#6767=DIRECTION('center_axis',(0.,0.,-1.));
#6768=DIRECTION('ref_axis',(1.,0.,0.));
#6769=DIRECTION('',(0.500000000000012,0.866025403784432,0.));
#6770=DIRECTION('',(-0.499999999999989,0.866025403784445,0.));
#6771=DIRECTION('center_axis',(0.,0.,-1.));
#6772=DIRECTION('ref_axis',(1.,0.,0.));
#6773=DIRECTION('center_axis',(0.,0.,-1.));
#6774=DIRECTION('ref_axis',(1.,0.,0.));
#6775=DIRECTION('',(1.,-8.24126865592955E-15,0.));
#6776=DIRECTION('',(0.500000000000012,0.866025403784432,0.));
#6777=DIRECTION('center_axis',(0.,0.,-1.));
#6778=DIRECTION('ref_axis',(1.,0.,0.));
#6779=DIRECTION('center_axis',(0.,0.,-1.));
#6780=DIRECTION('ref_axis',(1.,0.,0.));
#6781=DIRECTION('',(0.499999999999988,-0.866025403784445,0.));
#6782=DIRECTION('',(1.,-8.24126865592955E-15,0.));
#6783=DIRECTION('center_axis',(0.,0.,-1.));
#6784=DIRECTION('ref_axis',(1.,0.,0.));
#6785=DIRECTION('center_axis',(0.,0.,-1.));
#6786=DIRECTION('ref_axis',(1.,0.,0.));
#6787=DIRECTION('center_axis',(0.,0.,-1.));
#6788=DIRECTION('ref_axis',(1.,0.,0.));
#6789=DIRECTION('',(-0.500000000000004,-0.866025403784436,0.));
#6790=DIRECTION('',(0.499999999999988,-0.866025403784445,0.));
#6791=DIRECTION('center_axis',(0.,0.,-1.));
#6792=DIRECTION('ref_axis',(1.,0.,0.));
#6793=DIRECTION('center_axis',(0.,0.,-1.));
#6794=DIRECTION('ref_axis',(1.,0.,0.));
#6795=DIRECTION('',(-1.,0.,0.));
#6796=DIRECTION('',(-0.5,-0.866025403784439,0.));
#6797=DIRECTION('center_axis',(0.,0.,-1.));
#6798=DIRECTION('ref_axis',(1.,0.,0.));
#6799=DIRECTION('center_axis',(0.,0.,-1.));
#6800=DIRECTION('ref_axis',(1.,0.,0.));
#6801=DIRECTION('',(-0.5,0.866025403784438,0.));
#6802=DIRECTION('',(-1.,0.,0.));
#6803=DIRECTION('center_axis',(0.,0.,-1.));
#6804=DIRECTION('ref_axis',(1.,0.,0.));
#6805=DIRECTION('center_axis',(0.,0.,-1.));
#6806=DIRECTION('ref_axis',(1.,0.,0.));
#6807=DIRECTION('',(0.5,0.866025403784438,0.));
#6808=DIRECTION('',(-0.5,0.866025403784439,0.));
#6809=DIRECTION('center_axis',(0.,0.,-1.));
#6810=DIRECTION('ref_axis',(1.,0.,0.));
#6811=DIRECTION('center_axis',(0.,0.,-1.));
#6812=DIRECTION('ref_axis',(1.,0.,0.));
#6813=DIRECTION('',(1.,-6.86772387994129E-16,0.));
#6814=DIRECTION('',(0.5,0.866025403784439,0.));
#6815=DIRECTION('center_axis',(0.,0.,-1.));
#6816=DIRECTION('ref_axis',(1.,0.,0.));
#6817=DIRECTION('center_axis',(0.,0.,-1.));
#6818=DIRECTION('ref_axis',(1.,0.,0.));
#6819=DIRECTION('',(0.5,-0.866025403784438,0.));
#6820=DIRECTION('',(1.,-6.86772387994129E-16,0.));
#6821=DIRECTION('center_axis',(0.,0.,-1.));
#6822=DIRECTION('ref_axis',(1.,0.,0.));
#6823=DIRECTION('center_axis',(0.,0.,-1.));
#6824=DIRECTION('ref_axis',(1.,0.,0.));
#6825=DIRECTION('center_axis',(0.,0.,-1.));
#6826=DIRECTION('ref_axis',(1.,0.,0.));
#6827=DIRECTION('',(-0.5,-0.866025403784438,0.));
#6828=DIRECTION('',(0.5,-0.866025403784438,0.));
#6829=DIRECTION('center_axis',(0.,0.,1.));
#6830=DIRECTION('ref_axis',(1.,0.,0.));
#6831=DIRECTION('center_axis',(0.,0.,1.));
#6832=DIRECTION('ref_axis',(1.,0.,0.));
#6833=DIRECTION('',(-0.707106781186549,-8.65956056235496E-17,0.707106781186546));
#6834=DIRECTION('center_axis',(0.,0.,1.));
#6835=DIRECTION('ref_axis',(1.,0.,0.));
#6836=DIRECTION('center_axis',(0.,0.,1.));
#6837=DIRECTION('ref_axis',(1.,0.,0.));
#6838=DIRECTION('',(-0.707106781186549,-8.65956056235496E-17,0.707106781186546));
#6839=DIRECTION('center_axis',(0.866025403784436,-0.500000000000004,0.));
#6840=DIRECTION('ref_axis',(-0.500000000000004,-0.866025403784436,0.));
#6841=DIRECTION('',(0.,0.,-1.));
#6842=DIRECTION('',(0.,0.,-1.));
#6843=DIRECTION('center_axis',(-8.24126865592955E-15,-1.,0.));
#6844=DIRECTION('ref_axis',(-1.,8.24126865592955E-15,0.));
#6845=DIRECTION('',(0.,0.,-1.));
#6846=DIRECTION('center_axis',(-0.866025403784445,-0.499999999999989,0.));
#6847=DIRECTION('ref_axis',(-0.499999999999989,0.866025403784445,0.));
#6848=DIRECTION('',(0.,0.,-1.));
#6849=DIRECTION('center_axis',(-0.866025403784432,0.500000000000012,0.));
#6850=DIRECTION('ref_axis',(0.500000000000012,0.866025403784432,0.));
#6851=DIRECTION('',(0.,0.,-1.));
#6852=DIRECTION('center_axis',(8.24126865592955E-15,1.,0.));
#6853=DIRECTION('ref_axis',(1.,-8.24126865592955E-15,0.));
#6854=DIRECTION('',(0.,0.,-1.));
#6855=DIRECTION('center_axis',(0.866025403784445,0.499999999999988,0.));
#6856=DIRECTION('ref_axis',(0.499999999999988,-0.866025403784445,0.));
#6857=DIRECTION('center_axis',(0.866025403784439,-0.5,0.));
#6858=DIRECTION('ref_axis',(-0.5,-0.866025403784439,0.));
#6859=DIRECTION('',(0.,0.,-1.));
#6860=DIRECTION('',(0.,0.,-1.));
#6861=DIRECTION('center_axis',(0.,-1.,0.));
#6862=DIRECTION('ref_axis',(-1.,0.,0.));
#6863=DIRECTION('',(0.,0.,-1.));
#6864=DIRECTION('center_axis',(-0.866025403784439,-0.5,0.));
#6865=DIRECTION('ref_axis',(-0.5,0.866025403784439,0.));
#6866=DIRECTION('',(0.,0.,-1.));
#6867=DIRECTION('center_axis',(-0.866025403784439,0.5,0.));
#6868=DIRECTION('ref_axis',(0.5,0.866025403784439,0.));
#6869=DIRECTION('',(0.,0.,-1.));
#6870=DIRECTION('center_axis',(6.86772387994129E-16,1.,0.));
#6871=DIRECTION('ref_axis',(1.,-6.86772387994129E-16,0.));
#6872=DIRECTION('',(0.,0.,-1.));
#6873=DIRECTION('center_axis',(0.866025403784438,0.5,0.));
#6874=DIRECTION('ref_axis',(0.5,-0.866025403784438,0.));
#6875=DIRECTION('center_axis',(0.,0.,-1.));
#6876=DIRECTION('ref_axis',(1.,0.,0.));
#6877=DIRECTION('',(0.,0.,-1.));
#6878=DIRECTION('center_axis',(0.,0.,-1.));
#6879=DIRECTION('ref_axis',(-1.,0.,0.));
#6880=DIRECTION('center_axis',(0.,0.,-1.));
#6881=DIRECTION('ref_axis',(1.,0.,0.));
#6882=DIRECTION('',(0.,0.,-1.));
#6883=DIRECTION('center_axis',(0.,0.,-1.));
#6884=DIRECTION('ref_axis',(-1.,0.,0.));
#6885=DIRECTION('center_axis',(0.,0.,1.));
#6886=DIRECTION('ref_axis',(-1.,0.,0.));
#6887=DIRECTION('center_axis',(0.,0.,1.));
#6888=DIRECTION('ref_axis',(-1.,0.,0.));
#6889=DIRECTION('center_axis',(0.,0.,1.));
#6890=DIRECTION('ref_axis',(-1.,0.,0.));
#6891=DIRECTION('center_axis',(0.,0.,1.));
#6892=DIRECTION('ref_axis',(-1.,0.,0.));
#6893=DIRECTION('center_axis',(0.,0.,1.));
#6894=DIRECTION('ref_axis',(1.,0.,0.));
#6895=DIRECTION('',(0.,-1.,0.));
#6896=DIRECTION('center_axis',(0.,0.,1.));
#6897=DIRECTION('ref_axis',(-1.,0.,0.));
#6898=DIRECTION('',(-0.512963204655386,-6.28198746661587E-17,-0.858410595618249));
#6899=DIRECTION('center_axis',(0.,0.,1.));
#6900=DIRECTION('ref_axis',(1.,0.,0.));
#6901=DIRECTION('',(0.512963204655387,6.28198746661588E-17,-0.858410595618248));
#6902=DIRECTION('center_axis',(-0.707106781186548,0.,0.707106781186548));
#6903=DIRECTION('ref_axis',(0.707106781186548,0.,0.707106781186548));
#6904=DIRECTION('center_axis',(0.,0.707106781186548,0.707106781186548));
#6905=DIRECTION('ref_axis',(1.,0.,0.));
#6906=DIRECTION('center_axis',(0.,0.,1.));
#6907=DIRECTION('ref_axis',(0.707106781186546,-0.707106781186549,0.));
#6908=DIRECTION('center_axis',(0.,0.,1.));
#6909=DIRECTION('ref_axis',(-0.707106781186548,-0.707106781186548,0.));
#6910=DIRECTION('center_axis',(0.,0.,-1.));
#6911=DIRECTION('ref_axis',(0.707106781186548,-0.707106781186548,0.));
#6912=DIRECTION('',(0.,0.,-1.));
#6913=DIRECTION('',(0.,0.,1.));
#6914=DIRECTION('center_axis',(-1.,0.,0.));
#6915=DIRECTION('ref_axis',(0.,0.,1.));
#6916=DIRECTION('',(0.,2.67010927489846E-30,1.));
#6917=DIRECTION('center_axis',(0.,1.,0.));
#6918=DIRECTION('ref_axis',(-1.,0.,0.));
#6919=DIRECTION('',(-3.68935645813387E-14,0.,-1.));
#6920=DIRECTION('center_axis',(0.,0.,1.));
#6921=DIRECTION('ref_axis',(-1.,0.,0.));
#6922=DIRECTION('center_axis',(0.,0.,-1.));
#6923=DIRECTION('ref_axis',(-1.,0.,0.));
#6924=DIRECTION('',(0.707106781186549,8.65956056235496E-17,0.707106781186546));
#6925=DIRECTION('center_axis',(0.,0.,1.));
#6926=DIRECTION('ref_axis',(-1.,0.,0.));
#6927=DIRECTION('center_axis',(0.,0.,1.));
#6928=DIRECTION('ref_axis',(-1.,0.,0.));
#6929=DIRECTION('center_axis',(0.,0.,1.));
#6930=DIRECTION('ref_axis',(-1.,0.,0.));
#6931=DIRECTION('center_axis',(0.,0.,1.));
#6932=DIRECTION('ref_axis',(-1.,0.,0.));
#6933=DIRECTION('center_axis',(0.,0.,1.));
#6934=DIRECTION('ref_axis',(-1.,0.,0.));
#6935=DIRECTION('center_axis',(0.,0.,1.));
#6936=DIRECTION('ref_axis',(-1.,0.,0.));
#6937=DIRECTION('center_axis',(0.,0.,1.));
#6938=DIRECTION('ref_axis',(-1.,0.,0.));
#6939=DIRECTION('',(9.95668966067175E-7,-0.999999999999504,0.));
#6940=DIRECTION('',(0.866025671863434,-0.499999535673271,0.));
#6941=DIRECTION('center_axis',(0.,0.,1.));
#6942=DIRECTION('ref_axis',(-1.,0.,0.));
#6943=DIRECTION('',(0.866025671863434,-0.499999535673271,0.));
#6944=DIRECTION('',(0.866025135705547,0.500000464325974,0.));
#6945=DIRECTION('center_axis',(0.,0.,1.));
#6946=DIRECTION('ref_axis',(-1.,0.,0.));
#6947=DIRECTION('',(-0.866024905949526,-0.500000862274371,0.));
#6948=DIRECTION('',(9.95668966067175E-7,-0.999999999999504,0.));
#6949=DIRECTION('center_axis',(0.,0.,1.));
#6950=DIRECTION('ref_axis',(-1.,0.,0.));
#6951=DIRECTION('',(0.866025135705547,0.500000464325974,0.));
#6952=DIRECTION('',(-9.95668966067175E-7,0.999999999999504,0.));
#6953=DIRECTION('center_axis',(0.,0.,1.));
#6954=DIRECTION('ref_axis',(-1.,0.,0.));
#6955=DIRECTION('',(-0.866025901618492,0.499999137725134,0.));
#6956=DIRECTION('',(-0.866024905949526,-0.500000862274371,0.));
#6957=DIRECTION('center_axis',(0.,0.,-1.));
#6958=DIRECTION('ref_axis',(-1.,0.,0.));
#6959=DIRECTION('',(0.,0.,-1.));
#6960=DIRECTION('center_axis',(0.,0.,-1.));
#6961=DIRECTION('ref_axis',(-1.,0.,0.));
#6962=DIRECTION('center_axis',(0.,0.,1.));
#6963=DIRECTION('ref_axis',(-1.,0.,0.));
#6964=DIRECTION('center_axis',(0.,0.,-1.));
#6965=DIRECTION('ref_axis',(-1.,0.,0.));
#6966=DIRECTION('',(0.707106781186549,8.65956056235496E-17,0.707106781186546));
#6967=DIRECTION('center_axis',(0.,0.,1.));
#6968=DIRECTION('ref_axis',(-1.,0.,0.));
#6969=DIRECTION('center_axis',(0.,0.,1.));
#6970=DIRECTION('ref_axis',(-1.,0.,0.));
#6971=DIRECTION('center_axis',(0.,0.,1.));
#6972=DIRECTION('ref_axis',(-1.,0.,0.));
#6973=DIRECTION('center_axis',(0.,0.,1.));
#6974=DIRECTION('ref_axis',(-1.,0.,0.));
#6975=DIRECTION('center_axis',(0.,0.,1.));
#6976=DIRECTION('ref_axis',(-1.,0.,0.));
#6977=DIRECTION('center_axis',(0.,0.,1.));
#6978=DIRECTION('ref_axis',(-1.,0.,0.));
#6979=DIRECTION('center_axis',(0.,0.,-1.));
#6980=DIRECTION('ref_axis',(-1.,0.,0.));
#6981=DIRECTION('center_axis',(0.,0.,1.));
#6982=DIRECTION('ref_axis',(-1.,0.,0.));
#6983=DIRECTION('',(9.48511613679443E-7,-0.99999999999955,0.));
#6984=DIRECTION('',(0.866025640912435,-0.499999589282038,0.));
#6985=DIRECTION('center_axis',(0.,0.,1.));
#6986=DIRECTION('ref_axis',(-1.,0.,0.));
#6987=DIRECTION('',(0.866025640912435,-0.499999589282038,0.));
#6988=DIRECTION('',(0.866025166656634,0.50000041071718,0.));
#6989=DIRECTION('center_axis',(0.,0.,1.));
#6990=DIRECTION('ref_axis',(-1.,0.,0.));
#6991=DIRECTION('',(-0.866024929528245,-0.500000821434923,0.));
#6992=DIRECTION('',(9.48511613679443E-7,-0.99999999999955,0.));
#6993=DIRECTION('center_axis',(0.,0.,1.));
#6994=DIRECTION('ref_axis',(-1.,0.,0.));
#6995=DIRECTION('',(0.866025166656634,0.50000041071718,0.));
#6996=DIRECTION('',(-9.48511613679443E-7,0.99999999999955,0.));
#6997=DIRECTION('center_axis',(0.,0.,1.));
#6998=DIRECTION('ref_axis',(-1.,0.,0.));
#6999=DIRECTION('',(-0.866025878039855,0.499999178564624,0.));
#7000=DIRECTION('',(-0.866024929528245,-0.500000821434923,0.));
#7001=DIRECTION('center_axis',(0.,0.,-1.));
#7002=DIRECTION('ref_axis',(1.,0.,0.));
#7003=DIRECTION('',(0.,0.,-1.));
#7004=DIRECTION('center_axis',(0.,0.,1.));
#7005=DIRECTION('ref_axis',(-1.,0.,0.));
#7006=DIRECTION('center_axis',(0.,0.,-1.));
#7007=DIRECTION('ref_axis',(-1.,0.,0.));
#7008=DIRECTION('',(0.707106781186549,8.65956056235496E-17,0.707106781186546));
#7009=DIRECTION('center_axis',(0.,0.,1.));
#7010=DIRECTION('ref_axis',(-1.,0.,0.));
#7011=DIRECTION('center_axis',(0.,0.,1.));
#7012=DIRECTION('ref_axis',(-1.,0.,0.));
#7013=DIRECTION('center_axis',(0.,0.,1.));
#7014=DIRECTION('ref_axis',(-1.,0.,0.));
#7015=DIRECTION('center_axis',(0.,0.,1.));
#7016=DIRECTION('ref_axis',(-1.,0.,0.));
#7017=DIRECTION('center_axis',(0.,0.,1.));
#7018=DIRECTION('ref_axis',(-1.,0.,0.));
#7019=DIRECTION('center_axis',(0.,0.,1.));
#7020=DIRECTION('ref_axis',(-1.,0.,0.));
#7021=DIRECTION('center_axis',(0.,0.,1.));
#7022=DIRECTION('ref_axis',(-1.,0.,0.));
#7023=DIRECTION('',(1.30723896224459E-6,-0.999999999999146,0.));
#7024=DIRECTION('',(0.866026057403177,-0.499998867897427,0.));
#7025=DIRECTION('center_axis',(0.,0.,1.));
#7026=DIRECTION('ref_axis',(-1.,0.,0.));
#7027=DIRECTION('',(0.866026057403177,-0.499998867897428,0.));
#7028=DIRECTION('',(0.866024750164218,0.500001132101722,0.));
#7029=DIRECTION('center_axis',(0.,0.,1.));
#7030=DIRECTION('ref_axis',(-1.,0.,0.));
#7031=DIRECTION('',(-0.866024750164219,-0.50000113210172,0.));
#7032=DIRECTION('',(1.30723896224459E-6,-0.999999999999146,0.));
#7033=DIRECTION('center_axis',(0.,0.,1.));
#7034=DIRECTION('ref_axis',(-1.,0.,0.));
#7035=DIRECTION('',(0.866024750164218,0.500001132101722,0.));
#7036=DIRECTION('',(-1.30723896224459E-6,0.999999999999146,0.));
#7037=DIRECTION('center_axis',(0.,0.,1.));
#7038=DIRECTION('ref_axis',(-1.,0.,0.));
#7039=DIRECTION('',(-0.866026057403179,0.499998867897425,0.));
#7040=DIRECTION('',(-0.866024750164219,-0.50000113210172,0.));
#7041=DIRECTION('center_axis',(0.,0.,-1.));
#7042=DIRECTION('ref_axis',(-1.,0.,0.));
#7043=DIRECTION('',(0.,0.,-1.));
#7044=DIRECTION('center_axis',(0.499999535673271,0.866025671863434,0.));
#7045=DIRECTION('ref_axis',(0.866025671863435,-0.499999535673271,0.));
#7046=DIRECTION('',(0.,0.,-1.));
#7047=DIRECTION('',(0.,0.,-1.));
#7048=DIRECTION('center_axis',(-0.500000464325974,0.866025135705546,0.));
#7049=DIRECTION('ref_axis',(0.866025135705547,0.500000464325974,0.));
#7050=DIRECTION('',(0.,0.,-1.));
#7051=DIRECTION('center_axis',(-0.999999999999504,-9.95668966067175E-7,
0.));
#7052=DIRECTION('ref_axis',(-9.95668966067175E-7,0.999999999999504,0.));
#7053=DIRECTION('',(0.,0.,-1.));
#7054=DIRECTION('',(-9.95668966067175E-7,0.999999999999504,0.));
#7055=DIRECTION('center_axis',(-0.499999137725134,-0.866025901618492,0.));
#7056=DIRECTION('ref_axis',(-0.866025901618492,0.499999137725134,0.));
#7057=DIRECTION('',(0.,0.,-1.));
#7058=DIRECTION('',(-0.866025901618492,0.499999137725134,0.));
#7059=DIRECTION('center_axis',(0.500000862274371,-0.866024905949526,0.));
#7060=DIRECTION('ref_axis',(-0.866024905949526,-0.500000862274371,0.));
#7061=DIRECTION('',(0.,0.,-1.));
#7062=DIRECTION('center_axis',(0.999999999999504,9.95668966067175E-7,0.));
#7063=DIRECTION('ref_axis',(9.95668966067175E-7,-0.999999999999504,0.));
#7064=DIRECTION('center_axis',(0.,0.,1.));
#7065=DIRECTION('ref_axis',(-1.,0.,0.));
#7066=DIRECTION('center_axis',(0.499998867897427,0.866026057403177,0.));
#7067=DIRECTION('ref_axis',(0.866026057403177,-0.499998867897427,0.));
#7068=DIRECTION('',(0.,0.,-1.));
#7069=DIRECTION('',(0.,0.,-1.));
#7070=DIRECTION('center_axis',(-0.500001132101722,0.866024750164218,0.));
#7071=DIRECTION('ref_axis',(0.866024750164218,0.500001132101722,0.));
#7072=DIRECTION('',(0.,0.,-1.));
#7073=DIRECTION('center_axis',(-0.999999999999146,-1.30723896224459E-6,
0.));
#7074=DIRECTION('ref_axis',(-1.30723896224459E-6,0.999999999999146,0.));
#7075=DIRECTION('',(0.,0.,-1.));
#7076=DIRECTION('',(-1.30723896224459E-6,0.999999999999146,0.));
#7077=DIRECTION('center_axis',(-0.499998867897425,-0.866026057403178,0.));
#7078=DIRECTION('ref_axis',(-0.866026057403178,0.499998867897425,0.));
#7079=DIRECTION('',(0.,0.,-1.));
#7080=DIRECTION('',(-0.866026057403179,0.499998867897425,0.));
#7081=DIRECTION('center_axis',(0.50000113210172,-0.866024750164219,0.));
#7082=DIRECTION('ref_axis',(-0.866024750164219,-0.50000113210172,0.));
#7083=DIRECTION('',(0.,0.,-1.));
#7084=DIRECTION('center_axis',(0.999999999999146,1.30723896224459E-6,0.));
#7085=DIRECTION('ref_axis',(1.30723896224459E-6,-0.999999999999146,0.));
#7086=DIRECTION('center_axis',(0.,0.,1.));
#7087=DIRECTION('ref_axis',(-1.,0.,0.));
#7088=DIRECTION('center_axis',(0.499999589282038,0.866025640912435,0.));
#7089=DIRECTION('ref_axis',(0.866025640912435,-0.499999589282038,0.));
#7090=DIRECTION('',(0.,0.,-1.));
#7091=DIRECTION('',(0.,0.,-1.));
#7092=DIRECTION('center_axis',(-0.50000041071718,0.866025166656635,0.));
#7093=DIRECTION('ref_axis',(0.866025166656635,0.50000041071718,0.));
#7094=DIRECTION('',(0.,0.,-1.));
#7095=DIRECTION('center_axis',(-0.99999999999955,-9.48511613679443E-7,0.));
#7096=DIRECTION('ref_axis',(-9.48511613679443E-7,0.99999999999955,0.));
#7097=DIRECTION('',(0.,0.,-1.));
#7098=DIRECTION('',(-9.48511613679443E-7,0.99999999999955,0.));
#7099=DIRECTION('center_axis',(-0.499999178564624,-0.866025878039855,0.));
#7100=DIRECTION('ref_axis',(-0.866025878039855,0.499999178564624,0.));
#7101=DIRECTION('',(0.,0.,-1.));
#7102=DIRECTION('',(-0.866025878039855,0.499999178564624,0.));
#7103=DIRECTION('center_axis',(0.500000821434923,-0.866024929528245,0.));
#7104=DIRECTION('ref_axis',(-0.866024929528245,-0.500000821434923,0.));
#7105=DIRECTION('',(0.,0.,-1.));
#7106=DIRECTION('center_axis',(0.99999999999955,9.48511613679443E-7,0.));
#7107=DIRECTION('ref_axis',(9.48511613679443E-7,-0.99999999999955,0.));
#7108=DIRECTION('center_axis',(0.,0.,1.));
#7109=DIRECTION('ref_axis',(-1.,0.,0.));
#7110=DIRECTION('center_axis',(0.,2.67010927489846E-30,1.));
#7111=DIRECTION('ref_axis',(-0.707106781186548,0.707106781186548,-1.8880523747898E-30));
#7112=DIRECTION('',(0.,-2.67010927489846E-30,-1.));
#7113=DIRECTION('center_axis',(0.,-4.9303805728598E-31,-1.));
#7114=DIRECTION('ref_axis',(0.707106781186538,0.707106781186557,-3.48630553689963E-31));
#7115=DIRECTION('center_axis',(0.,0.,-1.));
#7116=DIRECTION('ref_axis',(0.707106781186538,0.707106781186557,0.));
#7117=DIRECTION('',(0.,4.9303805728598E-31,1.));
#7118=DIRECTION('center_axis',(-3.68935645813387E-14,0.,-1.));
#7119=DIRECTION('ref_axis',(-0.707106781186554,0.707106781186541,2.60876896976087E-14));
#7120=DIRECTION('center_axis',(0.,1.,-2.06356670881412E-16));
#7121=DIRECTION('ref_axis',(1.,-1.96336776970195E-62,-9.51443809068936E-47));
#7122=DIRECTION('center_axis',(7.53197924574589E-45,-1.,2.47289404859321E-30));
#7123=DIRECTION('ref_axis',(1.,7.53197924574589E-45,-9.51443809068936E-47));
#7124=DIRECTION('',(0.,-1.,0.));
#7125=DIRECTION('center_axis',(7.53197924574589E-45,-1.,2.47289404859321E-30));
#7126=DIRECTION('ref_axis',(-1.,-7.53197924574589E-45,1.57772181044202E-30));
#7127=DIRECTION('center_axis',(7.53197924574589E-45,-1.,2.47289404859321E-30));
#7128=DIRECTION('ref_axis',(-1.,-7.53197924574589E-45,1.57772181044202E-30));
#7129=DIRECTION('',(-1.,-7.53197924574589E-45,0.));
#7130=DIRECTION('center_axis',(0.,-1.,0.));
#7131=DIRECTION('ref_axis',(-1.,0.,1.57772181044202E-30));
#7132=DIRECTION('center_axis',(-7.53197924574589E-45,1.,-2.47289404859321E-30));
#7133=DIRECTION('ref_axis',(-1.,-7.53197924574589E-45,1.57772181044202E-30));
#7134=DIRECTION('',(0.,-1.,2.4713533046377E-30));
#7135=DIRECTION('center_axis',(0.,-1.,0.));
#7136=DIRECTION('ref_axis',(1.52259157662879E-14,0.,1.));
#7137=DIRECTION('center_axis',(-7.53197924574589E-45,1.,-2.47289404859321E-30));
#7138=DIRECTION('ref_axis',(1.52259157662879E-14,2.47289404859321E-30,1.));
#7139=DIRECTION('center_axis',(0.,-1.,0.));
#7140=DIRECTION('ref_axis',(1.52259157662879E-14,0.,1.));
#7141=DIRECTION('',(0.,1.,0.));
#7142=DIRECTION('center_axis',(1.,0.,0.));
#7143=DIRECTION('ref_axis',(0.,0.,-1.));
#7144=DIRECTION('',(0.,-1.,0.));
#7145=DIRECTION('',(0.,-1.68672309660717E-75,-1.));
#7146=DIRECTION('center_axis',(0.,1.,0.));
#7147=DIRECTION('ref_axis',(1.,0.,0.));
#7148=DIRECTION('center_axis',(0.,1.,0.));
#7149=DIRECTION('ref_axis',(1.,0.,0.));
#7150=DIRECTION('center_axis',(0.,-1.,0.));
#7151=DIRECTION('ref_axis',(1.,0.,0.));
#7152=DIRECTION('center_axis',(0.,-1.,0.));
#7153=DIRECTION('ref_axis',(1.,0.,-8.36375791585763E-97));
#7154=DIRECTION('center_axis',(-4.36079629356265E-48,-1.,-5.75382844289524E-49));
#7155=DIRECTION('ref_axis',(1.,-4.36079629356265E-48,-2.50912737475729E-96));
#7156=DIRECTION('center_axis',(4.36079629356265E-48,1.,5.75382844289524E-49));
#7157=DIRECTION('ref_axis',(1.,-4.36079629356265E-48,0.));
#7158=DIRECTION('center_axis',(1.55575381946529E-61,-1.,1.68672309660717E-75));
#7159=DIRECTION('ref_axis',(-1.,-1.55575381946529E-61,0.));
#7160=DIRECTION('center_axis',(1.55575381946529E-61,-1.,1.68672309660717E-75));
#7161=DIRECTION('ref_axis',(9.51443809068936E-47,1.68672309660717E-75,1.));
#7162=DIRECTION('',(0.,1.68672309660717E-75,1.));
#7163=DIRECTION('',(-1.,-1.55575381946529E-61,0.));
#7164=DIRECTION('center_axis',(1.55575381946529E-61,-1.,1.68672309660717E-75));
#7165=DIRECTION('ref_axis',(9.62932756383498E-47,1.68672309660717E-75,1.));
#7166=DIRECTION('center_axis',(0.,0.,1.));
#7167=DIRECTION('ref_axis',(1.,0.,0.));
#7168=DIRECTION('',(-1.,0.,0.));
#7169=DIRECTION('',(0.459422918873766,0.888217643155949,0.));
#7170=DIRECTION('',(-1.,0.,0.));
#7171=DIRECTION('',(0.,1.,-2.47289404859319E-30));
#7172=DIRECTION('',(1.,-1.02866607751653E-105,5.70407969496031E-13));
#7173=DIRECTION('',(0.,1.,0.));
#7174=DIRECTION('',(1.,-1.02866607751653E-105,5.70407969496031E-13));
#7175=DIRECTION('',(0.,1.,0.));
#7176=DIRECTION('',(1.,1.55575381946529E-61,0.));
#7177=DIRECTION('',(0.,1.,0.));
#7178=DIRECTION('',(-1.,0.,1.71963892401177E-16));
#7179=DIRECTION('',(-1.2526918246622E-32,-1.,4.12713341762818E-16));
#7180=DIRECTION('',(1.,-1.2526918246622E-32,2.58501314577652E-48));
#7181=DIRECTION('',(-1.2526918246622E-32,-1.,4.12713341762822E-16));
#7182=DIRECTION('',(-1.,1.2526918246622E-32,-2.58501314577652E-48));
#7183=DIRECTION('',(0.707106781186547,-0.707106781186548,2.91832402646653E-16));
#7184=DIRECTION('center_axis',(0.,0.,1.));
#7185=DIRECTION('ref_axis',(-0.707106781186552,-0.707106781186543,0.));
#7186=DIRECTION('',(1.,7.53197924574589E-45,0.));
#7187=DIRECTION('',(1.84238387837831E-103,1.,-2.47289404859321E-30));
#7188=DIRECTION('',(1.,2.67049153042851E-44,1.07972901318522E-14));
#7189=DIRECTION('',(0.,1.,0.));
#7190=DIRECTION('',(-1.,0.,0.));
#7191=DIRECTION('',(0.459422918873766,-0.888217643155949,0.));
#7192=DIRECTION('center_axis',(0.,0.,1.));
#7193=DIRECTION('ref_axis',(-1.,0.,0.));
#7194=DIRECTION('center_axis',(0.,1.,0.));
#7195=DIRECTION('ref_axis',(1.,0.,0.));
#7196=DIRECTION('center_axis',(0.,1.,0.));
#7197=DIRECTION('ref_axis',(1.,0.,0.));
#7198=DIRECTION('center_axis',(0.,1.,0.));
#7199=DIRECTION('ref_axis',(1.,0.,0.));
#7200=DIRECTION('center_axis',(0.,1.,0.));
#7201=DIRECTION('ref_axis',(1.,0.,0.));
#7202=DIRECTION('',(0.,-1.,0.));
#7203=DIRECTION('center_axis',(0.,-1.,0.));
#7204=DIRECTION('ref_axis',(1.,0.,0.));
#7205=DIRECTION('center_axis',(4.36079629356265E-48,1.,5.75382844289524E-49));
#7206=DIRECTION('ref_axis',(1.,-4.36079629356265E-48,0.));
#7207=DIRECTION('center_axis',(0.,-1.,0.));
#7208=DIRECTION('ref_axis',(1.,0.,0.));
#7209=DIRECTION('',(-1.,5.85526532408517E-47,-2.24208736770652E-13));
#7210=DIRECTION('center_axis',(0.,1.,0.));
#7211=DIRECTION('ref_axis',(1.,0.,0.));
#7212=DIRECTION('center_axis',(-1.87970762572214E-31,1.,-2.67010927489846E-30));
#7213=DIRECTION('ref_axis',(1.,1.87970762572214E-31,-5.01902476553805E-61));
#7214=DIRECTION('',(0.,-1.,0.));
#7215=DIRECTION('center_axis',(-1.87970762572214E-31,1.,-2.67010927489846E-30));
#7216=DIRECTION('ref_axis',(1.,1.87970762572214E-31,-5.01902476553806E-61));
#7217=DIRECTION('center_axis',(1.87970762572214E-31,-1.,2.67010927489846E-30));
#7218=DIRECTION('ref_axis',(1.,1.87970762572214E-31,-5.01902476553806E-61));
#7219=DIRECTION('',(1.,1.87970762572214E-31,0.));
#7220=DIRECTION('center_axis',(0.,1.,0.));
#7221=DIRECTION('ref_axis',(1.,0.,-5.01902476553806E-61));
#7222=DIRECTION('center_axis',(1.87970762572214E-31,-1.,2.67010927489846E-30));
#7223=DIRECTION('ref_axis',(1.,1.87970762572214E-31,-1.00380495310761E-60));
#7224=DIRECTION('',(0.,-1.,0.));
#7225=DIRECTION('center_axis',(-1.87970762572214E-31,1.,-2.67010927489846E-30));
#7226=DIRECTION('ref_axis',(1.,1.87970762572214E-31,-5.01902476553806E-61));
#7227=DIRECTION('center_axis',(1.87970762572214E-31,-1.,2.67010927489846E-30));
#7228=DIRECTION('ref_axis',(1.,1.87970762572214E-31,-1.80011698008718E-61));
#7229=DIRECTION('',(-1.,-1.87970762572214E-31,0.));
#7230=DIRECTION('center_axis',(0.,-1.,4.38256058456117E-30));
#7231=DIRECTION('ref_axis',(1.,1.41070583858541E-90,3.21890778545087E-61));
#7232=DIRECTION('',(0.,-1.,4.38256058456117E-30));
#7233=DIRECTION('center_axis',(-1.87970762572214E-31,1.,-2.67010927489846E-30));
#7234=DIRECTION('ref_axis',(1.,1.87970762572214E-31,-5.01902476553806E-61));
#7235=DIRECTION('center_axis',(-2.18952885050753E-47,-1.,-3.50324616081204E-46));
#7236=DIRECTION('ref_axis',(-1.,2.18952885050753E-47,0.));
#7237=DIRECTION('center_axis',(0.,1.,0.));
#7238=DIRECTION('ref_axis',(-1.,0.,0.));
#7239=DIRECTION('',(1.,-2.18952885050753E-47,0.));
#7240=DIRECTION('center_axis',(0.,-1.,0.));
#7241=DIRECTION('ref_axis',(-1.,0.,0.));
#7242=DIRECTION('center_axis',(-2.18952885050753E-47,-1.,-3.50324616081204E-46));
#7243=DIRECTION('ref_axis',(-1.,2.18952885050753E-47,7.6704585395277E-93));
#7244=DIRECTION('',(0.,-1.,0.));
#7245=DIRECTION('center_axis',(-2.18952885050753E-47,-1.,-3.50324616081204E-46));
#7246=DIRECTION('ref_axis',(-1.,2.18952885050753E-47,0.));
#7247=DIRECTION('center_axis',(2.18952885050753E-47,1.,3.50324616081204E-46));
#7248=DIRECTION('ref_axis',(9.51443809068936E-47,-3.50324616081204E-46,
1.));
#7249=DIRECTION('',(-1.,2.18952885050753E-47,0.));
#7250=DIRECTION('center_axis',(0.,-1.,0.));
#7251=DIRECTION('ref_axis',(9.51443809068936E-47,0.,1.));
#7252=DIRECTION('center_axis',(-2.18952885050753E-47,-1.,-3.50324616081204E-46));
#7253=DIRECTION('ref_axis',(9.51443809068936E-47,-3.50324616081204E-46,
1.));
#7254=DIRECTION('',(0.707106781186548,-0.707106781186547,0.));
#7255=DIRECTION('center_axis',(-1.87970762572214E-31,1.,-2.67010927489846E-30));
#7256=DIRECTION('ref_axis',(1.16693836899917E-46,2.67010927489846E-30,1.));
#7257=DIRECTION('center_axis',(1.2526918246622E-32,1.,-4.12713341762822E-16));
#7258=DIRECTION('ref_axis',(9.77293940526701E-47,4.12713341762822E-16,1.));
#7259=DIRECTION('center_axis',(1.2526918246622E-32,1.,-4.12713341762822E-16));
#7260=DIRECTION('ref_axis',(9.77293940526701E-47,4.12713341762822E-16,1.));
#7261=DIRECTION('',(0.707106781186548,0.707106781186547,-2.91832402646653E-16));
#7262=DIRECTION('center_axis',(-1.2526918246622E-32,-1.,4.12713341762822E-16));
#7263=DIRECTION('ref_axis',(9.77293940526701E-47,4.12713341762822E-16,1.));
#7264=DIRECTION('center_axis',(-1.2526918246622E-32,-1.,4.12713341762822E-16));
#7265=DIRECTION('ref_axis',(-1.,1.2526918246622E-32,-2.58501314577652E-48));
#7266=DIRECTION('center_axis',(-1.2526918246622E-32,-1.,4.12713341762822E-16));
#7267=DIRECTION('ref_axis',(-1.,1.2526918246622E-32,-2.58501314577653E-48));
#7268=DIRECTION('',(-1.,1.2526918246622E-32,-2.58501314577652E-48));
#7269=DIRECTION('center_axis',(-1.2526918246622E-32,-1.,4.12713341762822E-16));
#7270=DIRECTION('ref_axis',(-1.,1.2526918246622E-32,-2.58501314577653E-48));
#7271=DIRECTION('center_axis',(1.2526918246622E-32,1.,-4.12713341762822E-16));
#7272=DIRECTION('ref_axis',(-1.,1.2526918246622E-32,-2.58501314577653E-48));
#7273=DIRECTION('',(1.2526918246622E-32,1.,-4.12713341762822E-16));
#7274=DIRECTION('center_axis',(-1.2526918246622E-32,-1.,4.12713341762822E-16));
#7275=DIRECTION('ref_axis',(-1.,1.2526918246622E-32,-2.58501314577652E-48));
#7276=DIRECTION('center_axis',(2.00497680818836E-31,1.,-4.1271334176282E-16));
#7277=DIRECTION('ref_axis',(1.,-2.00497680818836E-31,8.01630547206607E-47));
#7278=DIRECTION('',(1.,-1.2526918246622E-32,2.58501314577652E-48));
#7279=DIRECTION('center_axis',(-1.2526918246622E-32,-1.,4.12713341762818E-16));
#7280=DIRECTION('ref_axis',(1.,-1.2526918246622E-32,2.58501314577685E-48));
#7281=DIRECTION('center_axis',(2.00497680818836E-31,1.,-4.1271334176282E-16));
#7282=DIRECTION('ref_axis',(1.,-2.00497680818836E-31,8.01630547206609E-47));
#7283=DIRECTION('',(1.2526918246622E-32,1.,-4.12713341762818E-16));
#7284=DIRECTION('center_axis',(5.20002788997331E-46,-1.,-4.9303806576313E-32));
#7285=DIRECTION('ref_axis',(-1.,-5.20002788997331E-46,0.));
#7286=DIRECTION('center_axis',(0.,-1.,0.));
#7287=DIRECTION('ref_axis',(-1.,0.,0.));
#7288=DIRECTION('',(-1.,0.,1.71963892401177E-16));
#7289=DIRECTION('center_axis',(0.,-1.,0.));
#7290=DIRECTION('ref_axis',(-1.,0.,0.));
#7291=DIRECTION('center_axis',(-1.55575381946529E-61,1.,-1.68672309660717E-75));
#7292=DIRECTION('ref_axis',(-1.,-1.55575381946529E-61,2.62412589992693E-136));
#7293=DIRECTION('',(0.,1.,0.));
#7294=DIRECTION('center_axis',(1.55575381946529E-61,-1.,1.68672309660717E-75));
#7295=DIRECTION('ref_axis',(-1.,-1.55575381946529E-61,0.));
#7296=DIRECTION('center_axis',(1.55575381946529E-61,-1.,1.68672309660717E-75));
#7297=DIRECTION('ref_axis',(-1.,-1.55575381946529E-61,2.62412589992693E-136));
#7298=DIRECTION('',(1.,1.55575381946529E-61,0.));
#7299=DIRECTION('center_axis',(0.,-1.,0.));
#7300=DIRECTION('ref_axis',(-1.,0.,0.));
#7301=DIRECTION('center_axis',(0.,1.,0.));
#7302=DIRECTION('ref_axis',(-1.,0.,0.));
#7303=DIRECTION('',(0.,1.,0.));
#7304=DIRECTION('center_axis',(-1.49805781710154E-107,-1.,6.39767717200022E-120));
#7305=DIRECTION('ref_axis',(-1.,1.49805781710154E-107,0.));
#7306=DIRECTION('center_axis',(0.,-1.,0.));
#7307=DIRECTION('ref_axis',(-1.,0.,0.));
#7308=DIRECTION('',(-1.,-1.81921435595779E-108,6.12323399573678E-17));
#7309=DIRECTION('center_axis',(0.,-1.,0.));
#7310=DIRECTION('ref_axis',(-1.,0.,0.));
#7311=DIRECTION('center_axis',(0.,1.,0.));
#7312=DIRECTION('ref_axis',(-1.,0.,0.));
#7313=DIRECTION('',(0.,1.,0.));
#7314=DIRECTION('center_axis',(-1.49805781710154E-107,-1.,6.39767717200022E-120));
#7315=DIRECTION('ref_axis',(-1.,1.49805781710154E-107,0.));
#7316=DIRECTION('center_axis',(1.49805781710154E-107,1.,-6.39767717200022E-120));
#7317=DIRECTION('ref_axis',(1.,-1.49805781710154E-107,-9.51443809068936E-47));
#7318=DIRECTION('',(1.,1.81921435595779E-108,-6.12323399573678E-17));
#7319=DIRECTION('center_axis',(0.,-1.,2.06356670881413E-16));
#7320=DIRECTION('ref_axis',(1.,-1.96336776970196E-62,-9.51443809068936E-47));
#7321=DIRECTION('',(0.,-1.,2.06356670881413E-16));
#7322=DIRECTION('center_axis',(-7.53197924574589E-45,1.,-2.47289404859321E-30));
#7323=DIRECTION('ref_axis',(1.,7.53197924574589E-45,-9.51443809068936E-47));
#7324=DIRECTION('',(0.,1.,-2.06356670881413E-16));
#7325=DIRECTION('center_axis',(0.,-1.,0.));
#7326=DIRECTION('ref_axis',(1.,0.,-9.51443809068936E-47));
#7327=DIRECTION('',(0.,1.,-2.06356670881413E-16));
#7328=DIRECTION('center_axis',(-1.84238387837831E-103,-1.,2.47289404859321E-30));
#7329=DIRECTION('ref_axis',(1.,-2.35281973301743E-76,-9.51443809068936E-47));
#7330=DIRECTION('center_axis',(8.88178419700125E-15,0.,-1.));
#7331=DIRECTION('ref_axis',(-1.,0.,-8.88178419700125E-15));
#7332=DIRECTION('',(1.,2.94956905273995E-44,8.88178419700125E-15));
#7333=DIRECTION('',(-1.,-2.19637112816536E-44,-8.88178419700125E-15));
#7334=DIRECTION('',(1.84238387837831E-103,1.,-2.47289404859321E-30));
#7335=DIRECTION('center_axis',(0.,-1.,0.));
#7336=DIRECTION('ref_axis',(-1.52259157662879E-14,0.,-1.));
#7337=DIRECTION('center_axis',(-7.53197924574589E-45,1.,-2.47289404859321E-30));
#7338=DIRECTION('ref_axis',(-1.52259157662879E-14,-2.47289404859321E-30,
-1.));
#7339=DIRECTION('',(0.,1.,0.));
#7340=DIRECTION('center_axis',(-4.36079629356265E-48,-1.,-5.75382844289524E-49));
#7341=DIRECTION('ref_axis',(-1.52259157662879E-14,5.7538284428959E-49,-1.));
#7342=DIRECTION('',(0.,1.,0.));
#7343=DIRECTION('center_axis',(0.,1.,-2.06356670881413E-16));
#7344=DIRECTION('ref_axis',(0.117846735132214,-2.04918735413809E-16,-0.99303179557287));
#7345=DIRECTION('center_axis',(-1.84238387837831E-103,-1.,2.47289404859321E-30));
#7346=DIRECTION('ref_axis',(0.117846735132214,-2.45566241733598E-30,-0.99303179557287));
#7347=DIRECTION('center_axis',(0.,1.,0.));
#7348=DIRECTION('ref_axis',(0.117846735132214,0.,-0.99303179557287));
#7349=DIRECTION('',(0.,-1.,0.));
#7350=DIRECTION('center_axis',(0.,0.,-1.));
#7351=DIRECTION('ref_axis',(1.,0.,0.));
#7352=DIRECTION('',(0.,0.,-1.));
#7353=DIRECTION('center_axis',(0.,0.,-1.));
#7354=DIRECTION('ref_axis',(1.,0.,0.));
#7355=DIRECTION('center_axis',(0.,0.,-1.));
#7356=DIRECTION('ref_axis',(1.,0.,0.));
#7357=DIRECTION('',(0.,0.,-1.));
#7358=DIRECTION('center_axis',(0.,0.,-1.));
#7359=DIRECTION('ref_axis',(1.,0.,0.));
#7360=DIRECTION('center_axis',(0.,1.,0.));
#7361=DIRECTION('ref_axis',(1.,0.,0.));
#7362=DIRECTION('center_axis',(0.,-1.,0.));
#7363=DIRECTION('ref_axis',(1.,0.,0.));
#7364=DIRECTION('center_axis',(0.,1.,-2.06356670881412E-16));
#7365=DIRECTION('ref_axis',(9.51443809068936E-47,2.06356670881412E-16,1.));
#7366=DIRECTION('center_axis',(-1.87970762572214E-31,1.,-2.67010927489846E-30));
#7367=DIRECTION('ref_axis',(1.33933401694336E-46,2.67010927489846E-30,1.));
#7368=DIRECTION('center_axis',(-1.87970762572214E-31,1.,-2.67010927489846E-30));
#7369=DIRECTION('ref_axis',(1.33933401694336E-46,2.67010927489846E-30,1.));
#7370=DIRECTION('center_axis',(0.707106781186548,0.707106781186548,-1.8880523747898E-30));
#7371=DIRECTION('ref_axis',(0.707106781186548,-0.707106781186548,1.45916201323327E-16));
#7372=DIRECTION('',(0.,1.,-2.06356670881412E-16));
#7373=DIRECTION('center_axis',(0.,1.,-2.06356670881412E-16));
#7374=DIRECTION('ref_axis',(9.51443809068936E-47,2.06356670881412E-16,1.));
#7375=DIRECTION('',(0.,1.,-2.06356670881412E-16));
#7376=DIRECTION('center_axis',(0.707106781186548,-0.707106781186548,1.19269333959491E-75));
#7377=DIRECTION('ref_axis',(0.707106781186548,0.707106781186548,-1.45916201323327E-16));
#7378=DIRECTION('center_axis',(1.55575381946529E-61,-1.,1.68672309660717E-75));
#7379=DIRECTION('ref_axis',(9.51443809068936E-47,1.68672309660717E-75,1.));
#7380=DIRECTION('center_axis',(0.,0.,-1.));
#7381=DIRECTION('ref_axis',(1.,0.,0.));
#7382=DIRECTION('',(8.3928576725181E-7,0.999999999999648,0.));
#7383=DIRECTION('',(0.866025823427023,0.499999273157018,0.));
#7384=DIRECTION('',(0.866024984141246,-0.500000726842627,0.));
#7385=DIRECTION('',(-8.39285778240168E-7,-0.999999999999648,0.));
#7386=DIRECTION('',(-0.866025823427022,-0.49999927315702,0.));
#7387=DIRECTION('',(-0.866024984141242,0.500000726842634,0.));
#7388=DIRECTION('center_axis',(0.999999999999648,-8.3928576725181E-7,0.));
#7389=DIRECTION('ref_axis',(8.3928576725181E-7,0.999999999999648,0.));
#7390=DIRECTION('',(8.3928576725181E-7,0.999999999999648,0.));
#7391=DIRECTION('',(0.,0.,1.));
#7392=DIRECTION('',(0.,0.,1.));
#7393=DIRECTION('center_axis',(0.500000726842634,0.866024984141242,0.));
#7394=DIRECTION('ref_axis',(-0.866024984141242,0.500000726842634,0.));
#7395=DIRECTION('',(-0.866024984141242,0.500000726842634,0.));
#7396=DIRECTION('',(0.,0.,1.));
#7397=DIRECTION('center_axis',(-0.49999927315702,0.866025823427022,0.));
#7398=DIRECTION('ref_axis',(-0.866025823427022,-0.49999927315702,0.));
#7399=DIRECTION('',(-0.866025823427022,-0.49999927315702,0.));
#7400=DIRECTION('',(0.,0.,1.));
#7401=DIRECTION('center_axis',(-0.999999999999648,8.39285778240169E-7,0.));
#7402=DIRECTION('ref_axis',(-8.39285778240169E-7,-0.999999999999648,0.));
#7403=DIRECTION('',(-8.39285778240168E-7,-0.999999999999648,0.));
#7404=DIRECTION('',(0.,0.,1.));
#7405=DIRECTION('center_axis',(-0.500000726842627,-0.866024984141246,0.));
#7406=DIRECTION('ref_axis',(0.866024984141246,-0.500000726842627,0.));
#7407=DIRECTION('',(0.866024984141246,-0.500000726842627,0.));
#7408=DIRECTION('',(0.,0.,1.));
#7409=DIRECTION('center_axis',(0.499999273157018,-0.866025823427023,0.));
#7410=DIRECTION('ref_axis',(0.866025823427023,0.499999273157018,0.));
#7411=DIRECTION('',(0.866025823427023,0.499999273157018,0.));
#7412=DIRECTION('center_axis',(0.,0.,-1.));
#7413=DIRECTION('ref_axis',(1.,0.,0.));
#7414=DIRECTION('',(1.29707771424152E-6,0.999999999999159,0.));
#7415=DIRECTION('',(0.866025728054042,0.499999438348151,0.));
#7416=DIRECTION('',(0.866025079515187,-0.500000561650399,0.));
#7417=DIRECTION('',(-1.29707771424152E-6,-0.999999999999159,0.));
#7418=DIRECTION('',(-0.866026052322561,-0.499998876697338,0.));
#7419=DIRECTION('',(-0.86602475524486,0.500001123301818,0.));
#7420=DIRECTION('center_axis',(0.999999999999159,-1.29707771424153E-6,0.));
#7421=DIRECTION('ref_axis',(1.29707771424153E-6,0.999999999999159,0.));
#7422=DIRECTION('',(1.29707771424153E-6,0.999999999999159,0.));
#7423=DIRECTION('',(0.,0.,1.));
#7424=DIRECTION('',(0.,0.,1.));
#7425=DIRECTION('center_axis',(0.500001123301818,0.86602475524486,0.));
#7426=DIRECTION('ref_axis',(-0.86602475524486,0.500001123301818,0.));
#7427=DIRECTION('',(-0.86602475524486,0.500001123301818,0.));
#7428=DIRECTION('',(0.,0.,1.));
#7429=DIRECTION('center_axis',(-0.499998876697338,0.866026052322561,0.));
#7430=DIRECTION('ref_axis',(-0.866026052322562,-0.499998876697338,0.));
#7431=DIRECTION('',(-0.866026052322561,-0.499998876697338,0.));
#7432=DIRECTION('',(0.,0.,1.));
#7433=DIRECTION('center_axis',(-0.999999999999159,1.29707771424153E-6,0.));
#7434=DIRECTION('ref_axis',(-1.29707771424153E-6,-0.999999999999159,0.));
#7435=DIRECTION('',(-1.29707771424153E-6,-0.999999999999159,0.));
#7436=DIRECTION('',(0.,0.,1.));
#7437=DIRECTION('center_axis',(-0.500000561650399,-0.866025079515187,0.));
#7438=DIRECTION('ref_axis',(0.866025079515187,-0.500000561650399,0.));
#7439=DIRECTION('',(0.866025079515187,-0.500000561650399,0.));
#7440=DIRECTION('',(0.,0.,1.));
#7441=DIRECTION('center_axis',(0.499999438348151,-0.866025728054042,0.));
#7442=DIRECTION('ref_axis',(0.866025728054042,0.499999438348151,0.));
#7443=DIRECTION('',(0.866025728054042,0.499999438348151,0.));
#7444=DIRECTION('center_axis',(0.,0.,1.));
#7445=DIRECTION('ref_axis',(1.,0.,0.));
#7446=DIRECTION('center_axis',(0.,0.,1.));
#7447=DIRECTION('ref_axis',(0.923879532511287,-0.38268343236509,0.));
#7448=DIRECTION('',(0.707106781186547,0.707106781186547,0.));
#7449=DIRECTION('',(1.,7.53197924574589E-45,0.));
#7450=DIRECTION('',(-1.,5.85526532408517E-47,-2.24208736770652E-13));
#7451=DIRECTION('',(-0.707106781186547,0.707106781186547,0.));
#7452=DIRECTION('center_axis',(0.,0.,1.));
#7453=DIRECTION('ref_axis',(0.923879532511287,0.382683432365088,0.));
#7454=DIRECTION('',(0.,1.,0.));
#7455=DIRECTION('center_axis',(0.,0.,-1.));
#7456=DIRECTION('ref_axis',(-1.,0.,0.));
#7457=DIRECTION('center_axis',(0.,0.,-1.));
#7458=DIRECTION('ref_axis',(-1.,0.,0.));
#7459=DIRECTION('center_axis',(-1.87970762572214E-31,1.,-2.67010927489846E-30));
#7460=DIRECTION('ref_axis',(1.,1.87970762572214E-31,-5.01902476553806E-61));
#7461=DIRECTION('',(0.,2.67010927489846E-30,1.));
#7462=DIRECTION('center_axis',(1.55575381946529E-61,-1.,1.68672309660717E-75));
#7463=DIRECTION('ref_axis',(-1.,-1.55575381946529E-61,0.));
#7464=DIRECTION('',(0.,-1.68672309660717E-75,-1.));
#7465=DIRECTION('center_axis',(-1.,0.,0.));
#7466=DIRECTION('ref_axis',(0.,-1.,0.));
#7467=DIRECTION('',(0.,1.68672309660717E-75,1.));
#7468=DIRECTION('',(0.,-2.67010927489846E-30,-1.));
#7469=DIRECTION('center_axis',(-1.87970762572214E-31,1.,-2.67010927489846E-30));
#7470=DIRECTION('ref_axis',(1.,1.87970762572214E-31,-5.01902476553806E-61));
#7471=DIRECTION('center_axis',(0.,1.68672309660717E-75,1.));
#7472=DIRECTION('ref_axis',(-0.707106781186552,-0.707106781186543,1.19269333959489E-75));
#7473=DIRECTION('center_axis',(0.707106781186548,-0.707106781186548,1.19269333959491E-75));
#7474=DIRECTION('ref_axis',(1.68672309660718E-75,-5.15454813856261E-90,
-1.));
#7475=DIRECTION('',(0.,-1.68672309660717E-75,-1.));
#7476=DIRECTION('center_axis',(0.,1.68672309660717E-75,1.));
#7477=DIRECTION('ref_axis',(0.923879532511287,-0.38268343236509,6.45480984059105E-76));
#7478=DIRECTION('center_axis',(0.,-2.67010927489846E-30,-1.));
#7479=DIRECTION('ref_axis',(0.923879532511287,0.382683432365088,-1.021806582108E-30));
#7480=DIRECTION('',(0.,2.67010927489846E-30,1.));
#7481=DIRECTION('center_axis',(0.707106781186548,0.707106781186548,-1.8880523747898E-30));
#7482=DIRECTION('ref_axis',(-2.67010927489846E-30,-1.40129846432482E-45,
-1.));
#7483=DIRECTION('center_axis',(0.,0.,1.));
#7484=DIRECTION('ref_axis',(-1.,0.,0.));
#7485=DIRECTION('center_axis',(0.,0.,1.));
#7486=DIRECTION('ref_axis',(-1.,0.,0.));
#7487=DIRECTION('',(-3.29650746237186E-14,1.,0.));
#7488=DIRECTION('',(-0.866025403784453,0.499999999999974,0.));
#7489=DIRECTION('center_axis',(1.,4.39534328316248E-14,0.));
#7490=DIRECTION('ref_axis',(4.39534328316248E-14,-1.,0.));
#7491=DIRECTION('',(0.,0.,-1.));
#7492=DIRECTION('',(4.39534328316248E-14,-1.,0.));
#7493=DIRECTION('',(4.39534328316248E-14,-1.,0.));
#7494=DIRECTION('',(0.,0.,-1.));
#7495=DIRECTION('center_axis',(0.500000000000029,-0.866025403784422,0.));
#7496=DIRECTION('ref_axis',(-0.866025403784422,-0.500000000000029,0.));
#7497=DIRECTION('',(-0.866025403784422,-0.500000000000029,0.));
#7498=DIRECTION('',(-0.866025403784422,-0.500000000000029,0.));
#7499=DIRECTION('',(0.,0.,-1.));
#7500=DIRECTION('center_axis',(-0.499999999999974,-0.866025403784454,0.));
#7501=DIRECTION('ref_axis',(-0.866025403784454,0.499999999999974,0.));
#7502=DIRECTION('',(-0.866025403784453,0.499999999999974,0.));
#7503=DIRECTION('',(0.,0.,-1.));
#7504=DIRECTION('center_axis',(-1.,-3.29650746237186E-14,0.));
#7505=DIRECTION('ref_axis',(-3.29650746237186E-14,1.,0.));
#7506=DIRECTION('',(-3.29650746237186E-14,1.,0.));
#7507=DIRECTION('',(0.,0.,-1.));
#7508=DIRECTION('center_axis',(-0.500000000000029,0.866025403784422,0.));
#7509=DIRECTION('ref_axis',(0.866025403784422,0.500000000000029,0.));
#7510=DIRECTION('',(0.866025403784422,0.500000000000029,0.));
#7511=DIRECTION('',(0.866025403784422,0.500000000000029,0.));
#7512=DIRECTION('',(0.,0.,-1.));
#7513=DIRECTION('center_axis',(0.499999999999979,0.866025403784451,0.));
#7514=DIRECTION('ref_axis',(0.866025403784451,-0.499999999999979,0.));
#7515=DIRECTION('',(0.866025403784451,-0.499999999999979,0.));
#7516=DIRECTION('',(0.866025403784451,-0.499999999999979,0.));
#7517=DIRECTION('center_axis',(0.,0.,1.));
#7518=DIRECTION('ref_axis',(-1.,0.,0.));
#7519=DIRECTION('center_axis',(0.,0.,1.));
#7520=DIRECTION('ref_axis',(-1.,0.,0.));
#7521=DIRECTION('',(1.1140944912478E-6,0.999999999999379,0.));
#7522=DIRECTION('',(-0.866024980014378,0.500000733990558,0.));
#7523=DIRECTION('center_axis',(0.999999999999379,-1.11409447476527E-6,0.));
#7524=DIRECTION('ref_axis',(-1.11409447476527E-6,-0.999999999999379,0.));
#7525=DIRECTION('',(0.,0.,-1.));
#7526=DIRECTION('',(-1.11409447476527E-6,-0.999999999999379,0.));
#7527=DIRECTION('',(-1.11409447476527E-6,-0.999999999999379,0.));
#7528=DIRECTION('',(0.,0.,-1.));
#7529=DIRECTION('center_axis',(0.499999266008866,-0.866025827554003,0.));
#7530=DIRECTION('ref_axis',(-0.866025827554003,-0.499999266008866,0.));
#7531=DIRECTION('',(-0.866025827554003,-0.499999266008866,0.));
#7532=DIRECTION('',(-0.866025827554003,-0.499999266008866,0.));
#7533=DIRECTION('',(0.,0.,-1.));
#7534=DIRECTION('center_axis',(-0.500000733990558,-0.866024980014378,0.));
#7535=DIRECTION('ref_axis',(-0.866024980014378,0.500000733990558,0.));
#7536=DIRECTION('',(-0.866024980014378,0.500000733990558,0.));
#7537=DIRECTION('',(0.,0.,-1.));
#7538=DIRECTION('center_axis',(-0.999999999999379,1.1140944912478E-6,0.));
#7539=DIRECTION('ref_axis',(1.1140944912478E-6,0.999999999999379,0.));
#7540=DIRECTION('',(1.1140944912478E-6,0.999999999999379,0.));
#7541=DIRECTION('',(0.,0.,-1.));
#7542=DIRECTION('center_axis',(-0.499999035165565,0.866025960831143,0.));
#7543=DIRECTION('ref_axis',(0.866025960831143,0.499999035165565,0.));
#7544=DIRECTION('',(0.866025960831143,0.499999035165565,0.));
#7545=DIRECTION('',(0.866025960831143,0.499999035165565,0.));
#7546=DIRECTION('',(0.,0.,-1.));
#7547=DIRECTION('center_axis',(0.500000964833812,0.866024846736661,0.));
#7548=DIRECTION('ref_axis',(0.866024846736661,-0.500000964833812,0.));
#7549=DIRECTION('',(0.866024846736661,-0.500000964833812,0.));
#7550=DIRECTION('',(0.866024846736661,-0.500000964833812,0.));
#7551=DIRECTION('center_axis',(0.,0.,1.));
#7552=DIRECTION('ref_axis',(-1.,0.,0.));
#7553=DIRECTION('center_axis',(0.,0.,1.));
#7554=DIRECTION('ref_axis',(-1.,0.,0.));
#7555=DIRECTION('',(1.24342068204366E-6,0.999999999999227,0.));
#7556=DIRECTION('',(-0.866024782073431,0.500001076833507,0.));
#7557=DIRECTION('center_axis',(0.500001076833512,0.866024782073428,0.));
#7558=DIRECTION('ref_axis',(0.866024782073428,-0.500001076833512,0.));
#7559=DIRECTION('',(0.,0.,-1.));
#7560=DIRECTION('',(0.866024782073428,-0.500001076833512,0.));
#7561=DIRECTION('',(0.866024782073428,-0.500001076833512,0.));
#7562=DIRECTION('',(0.,0.,-1.));
#7563=DIRECTION('center_axis',(0.999999999999227,-1.2434206710553E-6,0.));
#7564=DIRECTION('ref_axis',(-1.2434206710553E-6,-0.999999999999227,0.));
#7565=DIRECTION('',(-1.2434206710553E-6,-0.999999999999227,0.));
#7566=DIRECTION('',(-1.2434206710553E-6,-0.999999999999227,0.));
#7567=DIRECTION('',(0.,0.,-1.));
#7568=DIRECTION('center_axis',(0.499998923165707,-0.866026025494115,0.));
#7569=DIRECTION('ref_axis',(-0.866026025494115,-0.499998923165707,0.));
#7570=DIRECTION('',(-0.866026025494115,-0.499998923165707,0.));
#7571=DIRECTION('',(-0.866026025494115,-0.499998923165707,0.));
#7572=DIRECTION('',(0.,0.,-1.));
#7573=DIRECTION('center_axis',(-0.500001076833507,-0.866024782073431,0.));
#7574=DIRECTION('ref_axis',(-0.866024782073431,0.500001076833507,0.));
#7575=DIRECTION('',(-0.866024782073431,0.500001076833507,0.));
#7576=DIRECTION('',(0.,0.,-1.));
#7577=DIRECTION('center_axis',(-0.999999999999227,1.24342068204366E-6,0.));
#7578=DIRECTION('ref_axis',(1.24342068204366E-6,0.999999999999227,0.));
#7579=DIRECTION('',(1.24342068204366E-6,0.999999999999227,0.));
#7580=DIRECTION('',(0.,0.,-1.));
#7581=DIRECTION('center_axis',(-0.499998923165703,0.866026025494117,0.));
#7582=DIRECTION('ref_axis',(0.866026025494117,0.499998923165703,0.));
#7583=DIRECTION('',(0.866026025494117,0.499998923165703,0.));
#7584=DIRECTION('',(0.866026025494117,0.499998923165703,0.));
#7585=DIRECTION('center_axis',(9.51443809068936E-47,2.06356670881412E-16,
1.));
#7586=DIRECTION('ref_axis',(-1.,0.,9.51443809068936E-47));
#7587=DIRECTION('',(9.51443809068936E-47,2.06356670881412E-16,1.));
#7588=DIRECTION('center_axis',(0.,0.,-1.));
#7589=DIRECTION('ref_axis',(-1.,0.,0.));
#7590=DIRECTION('center_axis',(0.,0.,1.));
#7591=DIRECTION('ref_axis',(-1.,0.,0.));
#7592=DIRECTION('center_axis',(0.,0.,1.));
#7593=DIRECTION('ref_axis',(-1.,0.,0.));
#7594=DIRECTION('center_axis',(0.,0.,1.));
#7595=DIRECTION('ref_axis',(-1.,0.,0.));
#7596=DIRECTION('center_axis',(0.,0.,1.));
#7597=DIRECTION('ref_axis',(-1.,0.,0.));
#7598=DIRECTION('center_axis',(0.,0.,1.));
#7599=DIRECTION('ref_axis',(-1.,0.,0.));
#7600=DIRECTION('center_axis',(0.,0.,1.));
#7601=DIRECTION('ref_axis',(-1.,0.,0.));
#7602=DIRECTION('center_axis',(0.,0.,1.));
#7603=DIRECTION('ref_axis',(-1.,0.,0.));
#7604=DIRECTION('center_axis',(0.,0.,1.));
#7605=DIRECTION('ref_axis',(-1.,0.,0.));
#7606=DIRECTION('center_axis',(0.,0.,1.));
#7607=DIRECTION('ref_axis',(-1.,0.,0.));
#7608=DIRECTION('center_axis',(0.,0.,1.));
#7609=DIRECTION('ref_axis',(-1.,0.,0.));
#7610=DIRECTION('center_axis',(0.,0.,1.));
#7611=DIRECTION('ref_axis',(-1.,0.,0.));
#7612=DIRECTION('',(0.707106781186549,8.65956056235496E-17,0.707106781186546));
#7613=DIRECTION('center_axis',(0.,0.,1.));
#7614=DIRECTION('ref_axis',(-1.,0.,0.));
#7615=DIRECTION('',(0.,0.,1.));
#7616=DIRECTION('center_axis',(0.,0.,-1.));
#7617=DIRECTION('ref_axis',(-1.,0.,0.));
#7618=DIRECTION('center_axis',(0.,0.,1.));
#7619=DIRECTION('ref_axis',(-1.,0.,0.));
#7620=DIRECTION('center_axis',(0.,0.,1.));
#7621=DIRECTION('ref_axis',(-1.,0.,0.));
#7622=DIRECTION('center_axis',(0.,0.,1.));
#7623=DIRECTION('ref_axis',(-1.,0.,0.));
#7624=DIRECTION('center_axis',(0.,0.,1.));
#7625=DIRECTION('ref_axis',(-1.,0.,0.));
#7626=DIRECTION('center_axis',(0.,0.,1.));
#7627=DIRECTION('ref_axis',(-1.,0.,0.));
#7628=DIRECTION('center_axis',(0.,0.,1.));
#7629=DIRECTION('ref_axis',(-1.,0.,0.));
#7630=DIRECTION('center_axis',(0.,0.,1.));
#7631=DIRECTION('ref_axis',(-1.,0.,0.));
#7632=DIRECTION('center_axis',(0.,0.,1.));
#7633=DIRECTION('ref_axis',(-1.,0.,0.));
#7634=DIRECTION('center_axis',(0.,0.,1.));
#7635=DIRECTION('ref_axis',(-1.,0.,0.));
#7636=DIRECTION('center_axis',(0.,0.,1.));
#7637=DIRECTION('ref_axis',(-1.,0.,0.));
#7638=DIRECTION('center_axis',(0.,0.,1.));
#7639=DIRECTION('ref_axis',(-1.,0.,0.));
#7640=DIRECTION('',(0.707106781186549,8.65956056235496E-17,0.707106781186546));
#7641=DIRECTION('center_axis',(0.,0.,1.));
#7642=DIRECTION('ref_axis',(-1.,0.,0.));
#7643=DIRECTION('',(0.,0.,1.));
#7644=DIRECTION('center_axis',(0.,0.,-1.));
#7645=DIRECTION('ref_axis',(-1.,0.,0.));
#7646=DIRECTION('center_axis',(0.,0.,1.));
#7647=DIRECTION('ref_axis',(-1.,0.,0.));
#7648=DIRECTION('center_axis',(0.,0.,1.));
#7649=DIRECTION('ref_axis',(-1.,0.,0.));
#7650=DIRECTION('center_axis',(0.,0.,1.));
#7651=DIRECTION('ref_axis',(-1.,0.,0.));
#7652=DIRECTION('center_axis',(0.,0.,1.));
#7653=DIRECTION('ref_axis',(-1.,0.,0.));
#7654=DIRECTION('center_axis',(0.,0.,1.));
#7655=DIRECTION('ref_axis',(-1.,0.,0.));
#7656=DIRECTION('center_axis',(0.,0.,1.));
#7657=DIRECTION('ref_axis',(-1.,0.,0.));
#7658=DIRECTION('center_axis',(0.,0.,1.));
#7659=DIRECTION('ref_axis',(-1.,0.,0.));
#7660=DIRECTION('center_axis',(0.,0.,1.));
#7661=DIRECTION('ref_axis',(-1.,0.,0.));
#7662=DIRECTION('center_axis',(0.,0.,1.));
#7663=DIRECTION('ref_axis',(-1.,0.,0.));
#7664=DIRECTION('center_axis',(0.,0.,1.));
#7665=DIRECTION('ref_axis',(-1.,0.,0.));
#7666=DIRECTION('center_axis',(0.,0.,1.));
#7667=DIRECTION('ref_axis',(-1.,0.,0.));
#7668=DIRECTION('',(0.707106781186549,8.65956056235496E-17,0.707106781186546));
#7669=DIRECTION('center_axis',(0.,-1.,0.));
#7670=DIRECTION('ref_axis',(1.,0.,0.));
#7671=DIRECTION('center_axis',(0.,1.,0.));
#7672=DIRECTION('ref_axis',(1.,0.,0.));
#7673=DIRECTION('center_axis',(0.,1.,0.));
#7674=DIRECTION('ref_axis',(1.,0.,0.));
#7675=DIRECTION('center_axis',(0.,1.,0.));
#7676=DIRECTION('ref_axis',(1.,0.,0.));
#7677=DIRECTION('center_axis',(0.,-1.,0.));
#7678=DIRECTION('ref_axis',(1.,0.,0.));
#7679=DIRECTION('center_axis',(0.,1.,0.));
#7680=DIRECTION('ref_axis',(1.,0.,0.));
#7681=DIRECTION('center_axis',(4.36079629356265E-48,1.,5.75382844289524E-49));
#7682=DIRECTION('ref_axis',(1.,-4.36079629356265E-48,0.));
#7683=DIRECTION('',(-1.,4.36079629356264E-48,1.4832579608992E-14));
#7684=DIRECTION('center_axis',(1.4832579608992E-14,0.,1.));
#7685=DIRECTION('ref_axis',(1.,0.,-1.4832579608992E-14));
#7686=DIRECTION('',(1.,-2.91474185946154E-44,-1.4832579608992E-14));
#7687=DIRECTION('center_axis',(7.53197924574589E-45,-1.,2.47289404859321E-30));
#7688=DIRECTION('ref_axis',(-1.,-7.53197924574589E-45,1.57772181044202E-30));
#7689=DIRECTION('center_axis',(1.84238387837831E-103,1.,-2.47289404859321E-30));
#7690=DIRECTION('ref_axis',(-1.,1.84238387837831E-103,7.85454954447636E-90));
#7691=DIRECTION('center_axis',(-1.84238387837831E-103,-1.,2.47289404859321E-30));
#7692=DIRECTION('ref_axis',(-1.,1.84238387837831E-103,7.85454954447636E-90));
#7693=DIRECTION('center_axis',(-1.84238387837831E-103,-1.,2.47289404859321E-30));
#7694=DIRECTION('ref_axis',(-1.,1.84238387837831E-103,7.85454954447636E-90));
#7695=DIRECTION('center_axis',(-1.84238387837831E-103,-1.,2.47289404859321E-30));
#7696=DIRECTION('ref_axis',(-1.,1.84238387837831E-103,7.85454954447636E-90));
#7697=DIRECTION('center_axis',(-1.84238387837831E-103,-1.,2.47289404859321E-30));
#7698=DIRECTION('ref_axis',(1.,-1.84238387837831E-103,4.5560201280658E-133));
#7699=DIRECTION('center_axis',(0.,1.,0.));
#7700=DIRECTION('ref_axis',(1.,0.,0.));
#7701=DIRECTION('center_axis',(0.,1.,0.));
#7702=DIRECTION('ref_axis',(1.,0.,0.));
#7703=DIRECTION('center_axis',(0.,1.,0.));
#7704=DIRECTION('ref_axis',(1.,0.,0.));
#7705=CARTESIAN_POINT('',(0.,0.,0.));
#7706=CARTESIAN_POINT('Origin',(113.8,48.7000000000001,14.9999995529616));
#7707=CARTESIAN_POINT('',(111.3,48.7000000000001,14.9999995529616));
#7708=CARTESIAN_POINT('',(116.3,48.7000000000001,14.9999995529616));
#7709=CARTESIAN_POINT('Origin',(113.8,48.7000000000001,14.9999995529616));
#7710=CARTESIAN_POINT('',(116.3,48.7000000000001,9.49999977648097));
#7711=CARTESIAN_POINT('',(116.3,48.7000000000001,14.9999995529616));
#7712=CARTESIAN_POINT('',(112.8,46.4087121525222,12.999999776481));
#7713=CARTESIAN_POINT('Origin',(113.8,48.7000000000001,11.999999776481));
#7714=CARTESIAN_POINT('',(111.3,48.7000000000001,12.999999776481));
#7715=CARTESIAN_POINT('Origin',(113.8,48.7000000000001,12.999999776481));
#7716=CARTESIAN_POINT('',(111.3,48.7000000000001,14.9999995529616));
#7717=CARTESIAN_POINT('Origin',(116.3,56.2000000000001,14.9999995529616));
#7718=CARTESIAN_POINT('',(116.3,53.7000000000001,14.9999995529616));
#7719=CARTESIAN_POINT('',(116.3,71.6000000000001,14.9999995529616));
#7720=CARTESIAN_POINT('',(116.3,53.7000000000001,9.49999977648097));
#7721=CARTESIAN_POINT('',(116.3,53.7000000000001,14.9999995529616));
#7722=CARTESIAN_POINT('',(116.3,54.7000000000001,9.49999977648097));
#7723=CARTESIAN_POINT('Origin',(113.8,53.7000000000001,14.9999995529616));
#7724=CARTESIAN_POINT('',(112.8,55.991287847478,12.999999776481));
#7725=CARTESIAN_POINT('Origin',(113.8,53.7000000000001,11.999999776481));
#7726=CARTESIAN_POINT('',(111.3,53.7000000000001,14.9999995529616));
#7727=CARTESIAN_POINT('Origin',(113.8,53.7000000000001,14.9999995529616));
#7728=CARTESIAN_POINT('',(111.3,53.7000000000001,12.999999776481));
#7729=CARTESIAN_POINT('',(111.3,53.7000000000001,14.9999995529616));
#7730=CARTESIAN_POINT('Origin',(113.8,53.7000000000001,12.999999776481));
#7731=CARTESIAN_POINT('Origin',(111.3,46.2000000000001,14.9999995529616));
#7732=CARTESIAN_POINT('',(111.3,38.2000000000002,12.999999776481));
#7733=CARTESIAN_POINT('',(111.3,66.6000000000001,14.9999995529616));
#7734=CARTESIAN_POINT('Origin',(114.8,53.2000000000002,10.999999776481));
#7735=CARTESIAN_POINT('',(112.8,63.2000000000001,12.999999776481));
#7736=CARTESIAN_POINT('',(112.8,53.2000000000002,12.999999776481));
#7737=CARTESIAN_POINT('',(116.8,67.2,8.99999977648105));
#7738=CARTESIAN_POINT('',(119.25,69.6500000000001,6.54999977648105));
#7739=CARTESIAN_POINT('',(116.8,19.2000000000002,8.99999977648105));
#7740=CARTESIAN_POINT('',(116.8,53.2000000000002,8.99999977648105));
#7741=CARTESIAN_POINT('',(112.8,23.2000000000002,12.999999776481));
#7742=CARTESIAN_POINT('',(112.083333333333,23.9166666666669,13.7166664431477));
#7743=CARTESIAN_POINT('',(112.8,53.2000000000002,12.999999776481));
#7744=CARTESIAN_POINT('Origin',(33.0000000000003,58.1,0.));
#7745=CARTESIAN_POINT('',(34.6000000000003,58.1,0.));
#7746=CARTESIAN_POINT('Origin',(33.0000000000003,58.1,0.));
#7747=CARTESIAN_POINT('',(34.6000000000003,58.1,2.));
#7748=CARTESIAN_POINT('',(34.6000000000003,58.1,0.));
#7749=CARTESIAN_POINT('Origin',(33.0000000000003,58.1,2.));
#7750=CARTESIAN_POINT('Origin',(33.0000000000003,58.1,2.));
#7751=CARTESIAN_POINT('Origin',(121.,21.2000000000002,0.));
#7752=CARTESIAN_POINT('',(122.6,21.2000000000002,0.));
#7753=CARTESIAN_POINT('Origin',(121.,21.2000000000002,0.));
#7754=CARTESIAN_POINT('',(122.6,21.2000000000002,2.));
#7755=CARTESIAN_POINT('',(122.6,21.2000000000002,0.));
#7756=CARTESIAN_POINT('Origin',(121.,21.2000000000002,2.));
#7757=CARTESIAN_POINT('Origin',(121.,21.2000000000002,2.));
#7758=CARTESIAN_POINT('Origin',(33.0000000000003,66.1,12.2999995529616));
#7759=CARTESIAN_POINT('',(34.6000000000003,66.1,11.5999995529616));
#7760=CARTESIAN_POINT('Origin',(33.0000000000003,66.1,11.5999995529616));
#7761=CARTESIAN_POINT('',(35.8000000000003,66.1,12.7999995529616));
#7762=CARTESIAN_POINT('',(35.3000000000003,66.1,12.2999995529616));
#7763=CARTESIAN_POINT('',(35.8000000000003,67.1770329614269,12.9999995529616));
#7764=CARTESIAN_POINT('Ctrl Pts',(35.8000000000003,67.177032961432,12.9999995529634));
#7765=CARTESIAN_POINT('Ctrl Pts',(35.8000000000003,66.619946946898,12.7999995529616));
#7766=CARTESIAN_POINT('Ctrl Pts',(35.8000000000003,66.1,12.7999995529616));
#7767=CARTESIAN_POINT('',(35.3327379053092,67.986354649883,12.9999995529616));
#7768=CARTESIAN_POINT('Origin',(33.0000000000003,66.1,12.9999995529616));
#7769=CARTESIAN_POINT('',(33.4672620946914,69.0633876113098,12.9999995529616));
#7770=CARTESIAN_POINT('Ctrl Pts',(33.467262094687,69.0633876113124,12.9999995529634));
#7771=CARTESIAN_POINT('Ctrl Pts',(34.4000000000003,68.5248711305964,12.6133328862934));
#7772=CARTESIAN_POINT('Ctrl Pts',(35.3327379053136,67.9863546498804,12.9999995529634));
#7773=CARTESIAN_POINT('',(32.5327379053092,69.0633876113099,12.9999995529616));
#7774=CARTESIAN_POINT('Origin',(33.0000000000003,66.1,12.9999995529616));
#7775=CARTESIAN_POINT('',(30.6672620946914,67.986354649883,12.9999995529616));
#7776=CARTESIAN_POINT('Ctrl Pts',(30.667262094687,67.9863546498804,12.9999995529634));
#7777=CARTESIAN_POINT('Ctrl Pts',(31.6000000000003,68.5248711305964,12.6133328862934));
#7778=CARTESIAN_POINT('Ctrl Pts',(32.5327379053135,69.0633876113124,12.9999995529634));
#7779=CARTESIAN_POINT('',(30.2000000000003,67.1770329614269,12.9999995529616));
#7780=CARTESIAN_POINT('Origin',(33.0000000000003,66.1,12.9999995529616));
#7781=CARTESIAN_POINT('',(30.2000000000003,65.0229670385731,12.9999995529616));
#7782=CARTESIAN_POINT('Ctrl Pts',(30.2000000000003,65.022967038568,12.9999995529634));
#7783=CARTESIAN_POINT('Ctrl Pts',(30.2000000000003,66.1,12.6133328862934));
#7784=CARTESIAN_POINT('Ctrl Pts',(30.2000000000003,67.177032961432,12.9999995529634));
#7785=CARTESIAN_POINT('',(30.6672620946914,64.213645350117,12.9999995529616));
#7786=CARTESIAN_POINT('Origin',(33.0000000000003,66.1,12.9999995529616));
#7787=CARTESIAN_POINT('',(32.5327379053092,63.1366123886901,12.9999995529616));
#7788=CARTESIAN_POINT('Ctrl Pts',(32.5327379053136,63.1366123886875,12.9999995529634));
#7789=CARTESIAN_POINT('Ctrl Pts',(31.6000000000003,63.6751288694035,12.6133328862933));
#7790=CARTESIAN_POINT('Ctrl Pts',(30.667262094687,64.2136453501196,12.9999995529634));
#7791=CARTESIAN_POINT('',(33.4672620946914,63.1366123886901,12.9999995529616));
#7792=CARTESIAN_POINT('Origin',(33.0000000000003,66.1,12.9999995529616));
#7793=CARTESIAN_POINT('',(35.3327379053092,64.213645350117,12.9999995529616));
#7794=CARTESIAN_POINT('Ctrl Pts',(35.3327379053136,64.2136453501196,12.9999995529635));
#7795=CARTESIAN_POINT('Ctrl Pts',(34.4000000000003,63.6751288694036,12.6133328862934));
#7796=CARTESIAN_POINT('Ctrl Pts',(33.467262094687,63.1366123886876,12.9999995529635));
#7797=CARTESIAN_POINT('',(35.8000000000003,65.0229670385731,12.9999995529616));
#7798=CARTESIAN_POINT('Origin',(33.0000000000003,66.1,12.9999995529616));
#7799=CARTESIAN_POINT('Ctrl Pts',(35.8000000000003,66.1,12.7999995529616));
#7800=CARTESIAN_POINT('Ctrl Pts',(35.8000000000003,65.580053053102,12.7999995529616));
#7801=CARTESIAN_POINT('Ctrl Pts',(35.8000000000003,65.022967038568,12.9999995529634));
#7802=CARTESIAN_POINT('Origin',(33.0000000000003,66.1,12.9999995529616));
#7803=CARTESIAN_POINT('',(35.8000000000003,67.716580753731,12.9999995529616));
#7804=CARTESIAN_POINT('',(35.8000000000003,64.483419246269,12.9999995529616));
#7805=CARTESIAN_POINT('',(35.8000000000003,67.716580753731,12.9999995529616));
#7806=CARTESIAN_POINT('Origin',(33.0000000000003,66.1,12.9999995529616));
#7807=CARTESIAN_POINT('',(33.0000000000003,69.3331615074619,12.9999995529616));
#7808=CARTESIAN_POINT('',(35.8000000000003,67.716580753731,12.9999995529616));
#7809=CARTESIAN_POINT('',(33.0000000000003,69.3331615074619,12.9999995529616));
#7810=CARTESIAN_POINT('Origin',(33.0000000000003,66.1,12.9999995529616));
#7811=CARTESIAN_POINT('',(35.8000000000003,64.483419246269,12.9999995529616));
#7812=CARTESIAN_POINT('',(33.0000000000003,62.8668384925381,12.9999995529616));
#7813=CARTESIAN_POINT('',(35.8000000000003,64.483419246269,12.9999995529616));
#7814=CARTESIAN_POINT('Origin',(33.0000000000003,66.1,12.9999995529616));
#7815=CARTESIAN_POINT('',(30.2000000000003,67.716580753731,12.9999995529616));
#7816=CARTESIAN_POINT('',(33.0000000000003,69.3331615074619,12.9999995529616));
#7817=CARTESIAN_POINT('',(30.2000000000003,67.716580753731,12.9999995529616));
#7818=CARTESIAN_POINT('Origin',(33.0000000000003,66.1,12.9999995529616));
#7819=CARTESIAN_POINT('',(33.0000000000003,62.8668384925381,12.9999995529616));
#7820=CARTESIAN_POINT('',(30.2000000000003,64.483419246269,12.9999995529616));
#7821=CARTESIAN_POINT('',(33.0000000000003,62.8668384925381,12.9999995529616));
#7822=CARTESIAN_POINT('Origin',(33.0000000000003,66.1,0.));
#7823=CARTESIAN_POINT('',(34.6000000000003,66.1,0.));
#7824=CARTESIAN_POINT('',(34.6000000000003,66.1,0.));
#7825=CARTESIAN_POINT('Origin',(33.0000000000003,66.1,0.));
#7826=CARTESIAN_POINT('Origin',(121.,13.2000000000002,12.2999995529616));
#7827=CARTESIAN_POINT('',(122.6,13.2000000000002,11.5999995529616));
#7828=CARTESIAN_POINT('Origin',(121.,13.2000000000002,11.5999995529616));
#7829=CARTESIAN_POINT('',(123.800000000001,13.2000000000002,12.7999995529625));
#7830=CARTESIAN_POINT('',(123.3,13.2000000000002,12.2999995529616));
#7831=CARTESIAN_POINT('',(123.800000882696,14.2770306666481,12.9999995529616));
#7832=CARTESIAN_POINT('Ctrl Pts',(123.800000882696,14.2770306666532,12.9999995529634));
#7833=CARTESIAN_POINT('Ctrl Pts',(123.80000042613,13.719945839074,12.7999999790913));
#7834=CARTESIAN_POINT('Ctrl Pts',(123.800000000001,13.2000000000002,12.7999995529625));
#7835=CARTESIAN_POINT('',(123.332739451296,15.0863527380549,12.9999995529616));
#7836=CARTESIAN_POINT('Origin',(121.,13.2000000000002,12.9999995529616));
#7837=CARTESIAN_POINT('',(121.467264523376,16.163387228358,12.9999995529616));
#7838=CARTESIAN_POINT('Ctrl Pts',(121.467264523372,16.1633872283605,12.9999995529635));
#7839=CARTESIAN_POINT('Ctrl Pts',(122.400001987336,15.6248699832065,12.6133328862933));
#7840=CARTESIAN_POINT('Ctrl Pts',(123.332739451301,15.0863527380524,12.9999995529634));
#7841=CARTESIAN_POINT('',(120.532740333994,16.1633879942602,12.9999995529616));
#7842=CARTESIAN_POINT('Origin',(121.,13.2000000000002,12.9999995529616));
#7843=CARTESIAN_POINT('',(118.66726364068,15.0863565617101,12.9999995529616));
#7844=CARTESIAN_POINT('Ctrl Pts',(118.667263640675,15.0863565617075,12.9999995529634));
#7845=CARTESIAN_POINT('Ctrl Pts',(119.600001987337,15.6248722779851,12.6133328862933));
#7846=CARTESIAN_POINT('Ctrl Pts',(120.532740333999,16.1633879942627,12.9999995529634));
#7847=CARTESIAN_POINT('',(118.200000882698,14.2770352562055,12.9999995529616));
#7848=CARTESIAN_POINT('Origin',(121.,13.2000000000002,12.9999995529616));
#7849=CARTESIAN_POINT('',(118.199999117304,12.1229693333523,12.9999995529616));
#7850=CARTESIAN_POINT('Ctrl Pts',(118.199999117304,12.1229693333472,12.9999995529634));
#7851=CARTESIAN_POINT('Ctrl Pts',(118.200000000001,13.2000022947789,12.6133328862933));
#7852=CARTESIAN_POINT('Ctrl Pts',(118.200000882698,14.2770352562105,12.9999995529634));
#7853=CARTESIAN_POINT('',(118.667260548704,11.3136472619455,12.9999995529616));
#7854=CARTESIAN_POINT('Origin',(121.,13.2000000000002,12.9999995529616));
#7855=CARTESIAN_POINT('',(120.532735476624,10.2366127716424,12.9999995529616));
#7856=CARTESIAN_POINT('Ctrl Pts',(120.532735476628,10.2366127716399,12.9999995529634));
#7857=CARTESIAN_POINT('Ctrl Pts',(119.599998012664,10.7751300167939,12.6133328862933));
#7858=CARTESIAN_POINT('Ctrl Pts',(118.6672605487,11.313647261948,12.9999995529634));
#7859=CARTESIAN_POINT('',(121.467259666006,10.2366120057402,12.9999995529616));
#7860=CARTESIAN_POINT('Origin',(121.,13.2000000000002,12.9999995529616));
#7861=CARTESIAN_POINT('',(123.33273635932,11.3136434382903,12.9999995529616));
#7862=CARTESIAN_POINT('Ctrl Pts',(123.332736359325,11.3136434382929,12.9999995529634));
#7863=CARTESIAN_POINT('Ctrl Pts',(122.399998012663,10.7751277220153,12.6133328862933));
#7864=CARTESIAN_POINT('Ctrl Pts',(121.467259666001,10.2366120057377,12.9999995529634));
#7865=CARTESIAN_POINT('',(123.799999117302,12.1229647437949,12.9999995529616));
#7866=CARTESIAN_POINT('Origin',(121.,13.2000000000002,12.9999995529616));
#7867=CARTESIAN_POINT('Ctrl Pts',(123.800000000001,13.2000000000002,12.7999995529625));
#7868=CARTESIAN_POINT('Ctrl Pts',(123.79999957387,12.680051945278,12.7999991268319));
#7869=CARTESIAN_POINT('Ctrl Pts',(123.799999117302,12.1229647437898,12.9999995529634));
#7870=CARTESIAN_POINT('Origin',(121.,13.2000000000002,12.9999995529616));
#7871=CARTESIAN_POINT('',(123.80000132489,14.8165784589519,12.9999995529616));
#7872=CARTESIAN_POINT('',(123.799998675108,11.5834169514911,12.9999995529616));
#7873=CARTESIAN_POINT('',(123.80000132489,14.8165784589519,12.9999995529616));
#7874=CARTESIAN_POINT('Origin',(121.,13.2000000000002,12.9999995529616));
#7875=CARTESIAN_POINT('',(121.000002649782,16.433161507461,12.9999995529616));
#7876=CARTESIAN_POINT('',(123.80000132489,14.8165784589519,12.9999995529616));
#7877=CARTESIAN_POINT('',(121.000002649782,16.433161507461,12.9999995529616));
#7878=CARTESIAN_POINT('Origin',(121.,13.2000000000002,12.9999995529616));
#7879=CARTESIAN_POINT('',(123.799998675108,11.5834169514911,12.9999995529616));
#7880=CARTESIAN_POINT('',(120.999997350218,9.96683849253939,12.9999995529616));
#7881=CARTESIAN_POINT('',(123.799998675108,11.5834169514911,12.9999995529616));
#7882=CARTESIAN_POINT('Origin',(121.,13.2000000000002,12.9999995529616));
#7883=CARTESIAN_POINT('',(118.200001324892,14.8165830485093,12.9999995529616));
#7884=CARTESIAN_POINT('',(121.000002649782,16.433161507461,12.9999995529616));
#7885=CARTESIAN_POINT('',(118.200001324892,14.8165830485093,12.9999995529616));
#7886=CARTESIAN_POINT('Origin',(121.,13.2000000000002,12.9999995529616));
#7887=CARTESIAN_POINT('',(120.999997350218,9.96683849253939,12.9999995529616));
#7888=CARTESIAN_POINT('',(118.19999867511,11.5834215410485,12.9999995529616));
#7889=CARTESIAN_POINT('',(120.999997350218,9.96683849253939,12.9999995529616));
#7890=CARTESIAN_POINT('Origin',(121.,13.2000000000002,0.));
#7891=CARTESIAN_POINT('',(122.6,13.2000000000002,0.));
#7892=CARTESIAN_POINT('',(122.6,13.2000000000002,0.));
#7893=CARTESIAN_POINT('Origin',(121.,13.2000000000002,0.));
#7894=CARTESIAN_POINT('Origin',(120.999997350218,9.96683849253939,14.9999995529616));
#7895=CARTESIAN_POINT('',(120.999997350218,9.96683849253939,14.9999995529616));
#7896=CARTESIAN_POINT('',(118.19999867511,11.5834215410485,14.9999995529616));
#7897=CARTESIAN_POINT('',(114.63430410144,13.6420801594256,14.9999995529616));
#7898=CARTESIAN_POINT('',(120.999997350218,9.96683849253939,14.9999995529616));
#7899=CARTESIAN_POINT('',(118.19999867511,11.5834215410485,12.9999995529616));
#7900=CARTESIAN_POINT('',(118.19999867511,11.5834215410485,12.9999995529616));
#7901=CARTESIAN_POINT('',(118.19999867511,11.5834215410485,14.9999995529616));
#7902=CARTESIAN_POINT('Origin',(123.799998675108,11.5834169514911,14.9999995529616));
#7903=CARTESIAN_POINT('',(123.799998675108,11.5834169514911,14.9999995529616));
#7904=CARTESIAN_POINT('',(149.390661681972,26.3581651630166,14.9999995529616));
#7905=CARTESIAN_POINT('',(123.799998675108,11.5834169514911,14.9999995529616));
#7906=CARTESIAN_POINT('Origin',(123.80000132489,14.8165784589519,14.9999995529616));
#7907=CARTESIAN_POINT('',(123.80000132489,14.8165784589519,14.9999995529616));
#7908=CARTESIAN_POINT('',(123.800030904359,50.9082993510644,14.9999995529616));
#7909=CARTESIAN_POINT('',(123.80000132489,14.8165784589519,14.9999995529616));
#7910=CARTESIAN_POINT('Origin',(121.000002649782,16.433161507461,14.9999995529616));
#7911=CARTESIAN_POINT('',(121.000002649782,16.433161507461,14.9999995529616));
#7912=CARTESIAN_POINT('',(116.034308738558,19.3001116500927,14.9999995529616));
#7913=CARTESIAN_POINT('',(121.000002649782,16.433161507461,14.9999995529616));
#7914=CARTESIAN_POINT('Origin',(118.200001324892,14.8165830485093,14.9999995529616));
#7915=CARTESIAN_POINT('',(118.200001324892,14.8165830485093,14.9999995529616));
#7916=CARTESIAN_POINT('',(145.190664994201,30.3996204895105,14.9999995529616));
#7917=CARTESIAN_POINT('',(118.200001324892,14.8165830485093,14.9999995529616));
#7918=CARTESIAN_POINT('Origin',(118.19999867511,11.5834215410485,14.9999995529616));
#7919=CARTESIAN_POINT('',(118.20002957947,49.2917231868913,14.9999995529616));
#7920=CARTESIAN_POINT('',(118.200001324892,14.8165830485093,12.9999995529616));
#7921=CARTESIAN_POINT('Origin',(121.,13.2000000000002,12.9999995529616));
#7922=CARTESIAN_POINT('Origin',(30.2000000000003,64.483419246269,14.9999995529616));
#7923=CARTESIAN_POINT('',(30.2000000000003,64.483419246269,14.9999995529616));
#7924=CARTESIAN_POINT('',(30.2000000000003,67.716580753731,14.9999995529616));
#7925=CARTESIAN_POINT('',(30.2000000000003,75.7417096231345,14.9999995529616));
#7926=CARTESIAN_POINT('',(30.2000000000003,64.483419246269,12.9999995529616));
#7927=CARTESIAN_POINT('',(30.2000000000003,64.483419246269,14.9999995529616));
#7928=CARTESIAN_POINT('',(30.2000000000003,67.716580753731,12.9999995529616));
#7929=CARTESIAN_POINT('',(30.2000000000003,67.716580753731,14.9999995529616));
#7930=CARTESIAN_POINT('Origin',(33.0000000000003,62.8668384925381,14.9999995529616));
#7931=CARTESIAN_POINT('',(33.0000000000003,62.8668384925381,14.9999995529616));
#7932=CARTESIAN_POINT('',(71.0875172652266,40.8770001466953,14.9999995529616));
#7933=CARTESIAN_POINT('',(33.0000000000003,62.8668384925381,14.9999995529616));
#7934=CARTESIAN_POINT('',(30.2000000000003,64.483419246269,12.9999995529616));
#7935=CARTESIAN_POINT('Origin',(35.8000000000003,64.483419246269,14.9999995529616));
#7936=CARTESIAN_POINT('',(35.8000000000003,64.483419246269,14.9999995529616));
#7937=CARTESIAN_POINT('',(82.9374827347739,91.6982575921119,14.9999995529616));
#7938=CARTESIAN_POINT('',(35.8000000000003,64.483419246269,14.9999995529616));
#7939=CARTESIAN_POINT('Origin',(35.8000000000003,67.716580753731,14.9999995529616));
#7940=CARTESIAN_POINT('',(35.8000000000003,67.716580753731,14.9999995529616));
#7941=CARTESIAN_POINT('',(35.8000000000003,77.3582903768654,14.9999995529616));
#7942=CARTESIAN_POINT('',(35.8000000000003,67.716580753731,14.9999995529616));
#7943=CARTESIAN_POINT('Origin',(33.0000000000003,69.3331615074619,14.9999995529616));
#7944=CARTESIAN_POINT('',(33.0000000000003,69.3331615074619,14.9999995529616));
#7945=CARTESIAN_POINT('',(72.4875172652265,46.5350327847536,14.9999995529616));
#7946=CARTESIAN_POINT('',(33.0000000000003,69.3331615074619,14.9999995529616));
#7947=CARTESIAN_POINT('Origin',(30.2000000000003,67.716580753731,14.9999995529616));
#7948=CARTESIAN_POINT('',(78.7374827347739,95.7397094764393,14.9999995529616));
#7949=CARTESIAN_POINT('Origin',(33.0000000000003,66.1,12.9999995529616));
#7950=CARTESIAN_POINT('Origin',(39.0000000000001,74.2000000000001,-14.0000001117593));
#7951=CARTESIAN_POINT('',(35.0000000000003,74.2000000000001,14.9999995529616));
#7952=CARTESIAN_POINT('',(39.0000000000001,78.2000000000001,14.9999995529616));
#7953=CARTESIAN_POINT('Origin',(39.0000000000001,74.2000000000001,14.9999995529616));
#7954=CARTESIAN_POINT('',(39.0000000000001,78.2000000000001,0.));
#7955=CARTESIAN_POINT('',(39.0000000000001,78.2000000000001,-14.0000001117593));
#7956=CARTESIAN_POINT('',(35.0000000000001,74.2000000000001,0.));
#7957=CARTESIAN_POINT('Origin',(39.0000000000001,74.2000000000001,0.));
#7958=CARTESIAN_POINT('',(35.0000000000001,74.2000000000001,-14.0000001117593));
#7959=CARTESIAN_POINT('Origin',(42.0000000000003,78.2000000000001,-13.000000223519));
#7960=CARTESIAN_POINT('',(111.000000000001,78.2000000000001,14.9999995529616));
#7961=CARTESIAN_POINT('',(116.8,78.2000000000001,14.9999995529616));
#7962=CARTESIAN_POINT('',(111.,78.2000000000001,0.));
#7963=CARTESIAN_POINT('',(111.,78.2000000000001,-6.50000033527969));
#7964=CARTESIAN_POINT('',(64.3749999254945,78.2000000000001,0.));
#7965=CARTESIAN_POINT('Origin',(148.5,87.0000000000001,14.9999995529616));
#7966=CARTESIAN_POINT('',(35.0000000000003,72.1,14.9999995529616));
#7967=CARTESIAN_POINT('',(35.0000000000003,76.2000000000001,14.9999995529616));
#7968=CARTESIAN_POINT('',(33.0000000000003,70.1,15.));
#7969=CARTESIAN_POINT('Origin',(33.0000000000001,72.1,14.9999995529616));
#7970=CARTESIAN_POINT('',(33.0000000000003,62.1,15.));
#7971=CARTESIAN_POINT('Origin',(33.0000000000003,66.1,14.9999995529616));
#7972=CARTESIAN_POINT('',(35.0000000000003,60.1,14.9999995529616));
#7973=CARTESIAN_POINT('Origin',(33.0000000000001,60.1,14.9999995529616));
#7974=CARTESIAN_POINT('',(35.0000000000001,14.2000000000003,14.9999995529616));
#7975=CARTESIAN_POINT('',(35.0000000000003,76.2000000000001,14.9999995529616));
#7976=CARTESIAN_POINT('',(40.0000000000001,9.20000000000031,14.9999995529616));
#7977=CARTESIAN_POINT('Origin',(40.0000000000001,14.2000000000003,14.9999995529616));
#7978=CARTESIAN_POINT('',(121.,9.20000000000022,14.9999995529616));
#7979=CARTESIAN_POINT('',(116.8,9.20000000000022,14.9999995529616));
#7980=CARTESIAN_POINT('',(121.,17.2000000000003,14.9999995529616));
#7981=CARTESIAN_POINT('Origin',(121.,13.2000000000003,14.9999995529616));
#7982=CARTESIAN_POINT('',(120.3,17.2000000000003,14.9999995529616));
#7983=CARTESIAN_POINT('',(136.75,17.2000000000003,14.9999995529616));
#7984=CARTESIAN_POINT('',(118.3,19.2000000000003,14.9999995529616));
#7985=CARTESIAN_POINT('Origin',(120.3,19.2000000000003,14.9999995529616));
#7986=CARTESIAN_POINT('',(118.3,61.2000000000001,14.9999995529616));
#7987=CARTESIAN_POINT('',(118.3,9.20000000000022,14.9999995529616));
#7988=CARTESIAN_POINT('',(120.3,63.2000000000001,14.9999995529616));
#7989=CARTESIAN_POINT('Origin',(120.3,61.2000000000001,14.9999995529616));
#7990=CARTESIAN_POINT('',(153.5,63.2000000000001,14.9999995529616));
#7991=CARTESIAN_POINT('',(140.875,63.2000000000001,14.9999995529616));
#7992=CARTESIAN_POINT('',(155.5,61.2000000000001,14.9999995529616));
#7993=CARTESIAN_POINT('Origin',(153.5,61.2000000000001,14.9999995529616));
#7994=CARTESIAN_POINT('',(155.5,25.0001000000003,14.9999995529616));
#7995=CARTESIAN_POINT('',(155.5,76.5500000000001,14.9999995529616));
#7996=CARTESIAN_POINT('',(157.5,23.0001000000003,14.9999995529616));
#7997=CARTESIAN_POINT('Origin',(157.5,25.0001000000003,14.9999995529616));
#7998=CARTESIAN_POINT('',(173.5,23.0001000000002,14.9999995529616));
#7999=CARTESIAN_POINT('',(150.875,23.0001000000003,14.9999995529616));
#8000=CARTESIAN_POINT('',(184.9,23.0001000000003,14.9999995529616));
#8001=CARTESIAN_POINT('',(150.875,23.0001000000003,14.9999995529616));
#8002=CARTESIAN_POINT('',(193.596194077713,31.6962940777129,14.9999995529616));
#8003=CARTESIAN_POINT('',(194.149975,32.2500750000003,14.9999995529616));
#8004=CARTESIAN_POINT('',(195.5,36.2924881554254,14.9999995529616));
#8005=CARTESIAN_POINT('Origin',(189.,36.2924881554254,14.9999995529616));
#8006=CARTESIAN_POINT('',(195.5,95.9075118445749,14.9999995529616));
#8007=CARTESIAN_POINT('',(195.5,101.5,14.9999995529616));
#8008=CARTESIAN_POINT('',(193.596194077713,100.503705922287,14.9999995529616));
#8009=CARTESIAN_POINT('Origin',(189.,95.9075118445749,14.9999995529616));
#8010=CARTESIAN_POINT('',(184.9,109.1999,14.9999995529616));
#8011=CARTESIAN_POINT('',(183.699975,110.399925,14.9999995529616));
#8012=CARTESIAN_POINT('',(173.5,109.1999,14.9999995529616));
#8013=CARTESIAN_POINT('',(150.875,109.1999,14.9999995529616));
#8014=CARTESIAN_POINT('',(137.5,109.1999,14.9999995529616));
#8015=CARTESIAN_POINT('',(150.875,109.1999,14.9999995529616));
#8016=CARTESIAN_POINT('',(135.5,107.1999,14.9999995529616));
#8017=CARTESIAN_POINT('Origin',(137.5,107.1999,14.9999995529616));
#8018=CARTESIAN_POINT('',(135.5,100.2,14.9999995529616));
#8019=CARTESIAN_POINT('',(135.5,104.,14.9999995529616));
#8020=CARTESIAN_POINT('',(133.5,98.2000000000002,14.9999995529616));
#8021=CARTESIAN_POINT('Origin',(133.5,100.2,14.9999995529616));
#8022=CARTESIAN_POINT('',(115.000000000001,98.2000000000002,14.9999995529616));
#8023=CARTESIAN_POINT('',(131.25,98.2000000000002,14.9999995529616));
#8024=CARTESIAN_POINT('',(113.000000000001,96.2000000000002,14.9999995529616));
#8025=CARTESIAN_POINT('Origin',(115.000000000001,96.2000000000002,14.9999995529628));
#8026=CARTESIAN_POINT('',(113.000000000001,80.2000000000001,14.9999995529616));
#8027=CARTESIAN_POINT('',(113.000000000001,108.,14.9999995529616));
#8028=CARTESIAN_POINT('Origin',(111.000000000001,80.2000000000001,14.999999552963));
#8029=CARTESIAN_POINT('',(73.7668384925382,63.5000000000002,14.9999995529616));
#8030=CARTESIAN_POINT('',(75.3834192462691,60.7000000000002,14.9999995529616));
#8031=CARTESIAN_POINT('',(75.5830844337371,60.3541697508028,14.9999995529616));
#8032=CARTESIAN_POINT('',(75.3834192462691,66.3000000000002,14.9999995529616));
#8033=CARTESIAN_POINT('',(86.5671733050701,85.6708302491979,14.9999995529616));
#8034=CARTESIAN_POINT('',(78.6165807537311,66.3000000000002,14.9999995529616));
#8035=CARTESIAN_POINT('',(103.808290376865,66.3,14.9999995529616));
#8036=CARTESIAN_POINT('',(80.233161507462,63.5000000000002,14.9999995529616));
#8037=CARTESIAN_POINT('',(81.2411170717955,61.7541697508027,14.9999995529616));
#8038=CARTESIAN_POINT('',(78.616580753731,60.7000000000002,14.9999995529616));
#8039=CARTESIAN_POINT('',(90.6086251893977,81.4708302491979,14.9999995529616));
#8040=CARTESIAN_POINT('',(102.191709623134,60.7,14.9999995529616));
#8041=CARTESIAN_POINT('',(73.7668384925382,23.9000000000002,14.9999995529616));
#8042=CARTESIAN_POINT('',(75.3834192462691,21.1000000000002,14.9999995529616));
#8043=CARTESIAN_POINT('',(67.0094329362714,35.6041697508025,14.9999995529616));
#8044=CARTESIAN_POINT('',(75.3834192462691,26.7000000000002,14.9999995529616));
#8045=CARTESIAN_POINT('',(95.1408248025359,60.9208302491979,14.9999995529616));
#8046=CARTESIAN_POINT('',(78.616580753731,26.7000000000002,14.9999995529616));
#8047=CARTESIAN_POINT('',(103.808290376866,26.7000000000002,14.9999995529616));
#8048=CARTESIAN_POINT('',(80.233161507462,23.9000000000002,14.9999995529616));
#8049=CARTESIAN_POINT('',(72.6674655743297,37.0041697508025,14.9999995529616));
#8050=CARTESIAN_POINT('',(78.616580753731,21.1000000000002,14.9999995529616));
#8051=CARTESIAN_POINT('',(99.1822766868632,56.7208302491979,14.9999995529616));
#8052=CARTESIAN_POINT('',(102.191709623135,21.1000000000002,14.9999995529616));
#8053=CARTESIAN_POINT('',(189.9,56.1,14.9999995529616));
#8054=CARTESIAN_POINT('Origin',(191.5,56.1,14.9999995529616));
#8055=CARTESIAN_POINT('',(189.9,76.0999999999996,14.9999995529616));
#8056=CARTESIAN_POINT('Origin',(191.5,76.0999999999996,14.9999995529616));
#8057=CARTESIAN_POINT('',(189.5,37.2331615074621,14.9999995529616));
#8058=CARTESIAN_POINT('',(192.3,35.6165807537312,14.9999995529616));
#8059=CARTESIAN_POINT('',(163.350163399856,52.3307767078191,14.9999995529616));
#8060=CARTESIAN_POINT('',(192.3,32.3834192462694,14.9999995529616));
#8061=CARTESIAN_POINT('',(192.299999999999,61.3082903768666,14.9999995529616));
#8062=CARTESIAN_POINT('',(189.5,30.7668384925383,14.9999995529616));
#8063=CARTESIAN_POINT('',(187.699836600145,29.7275136690465,14.9999995529616));
#8064=CARTESIAN_POINT('',(186.7,32.3834192462692,14.9999995529616));
#8065=CARTESIAN_POINT('',(161.950163399856,46.6727440697606,14.9999995529616));
#8066=CARTESIAN_POINT('',(186.7,35.616580753731,14.9999995529616));
#8067=CARTESIAN_POINT('',(186.699999999999,59.6917096231353,14.9999995529616));
#8068=CARTESIAN_POINT('',(183.499836600145,33.7689655533737,14.9999995529616));
#8069=CARTESIAN_POINT('',(159.500003602048,32.43316150746,14.9999995529616));
#8070=CARTESIAN_POINT('',(162.300001801022,30.8165776342655,14.9999995529616));
#8071=CARTESIAN_POINT('',(143.560925275063,41.6356163470466,14.9999995529616));
#8072=CARTESIAN_POINT('',(162.299998198975,27.5834161268056,14.9999995529616));
#8073=CARTESIAN_POINT('',(162.300033097834,58.9082811298451,14.9999995529616));
#8074=CARTESIAN_POINT('',(159.499998121583,25.9668384925392,14.9999995529616));
#8075=CARTESIAN_POINT('',(169.989048980396,32.0226829762411,14.9999995529616));
#8076=CARTESIAN_POINT('',(156.699998198978,27.5834223657347,14.9999995529616));
#8077=CARTESIAN_POINT('',(142.16092284627,35.9775778643181,14.9999995529616));
#8078=CARTESIAN_POINT('',(156.700001801026,30.8165838731946,14.9999995529616));
#8079=CARTESIAN_POINT('',(156.700031296814,57.2917066150441,14.9999995529616));
#8080=CARTESIAN_POINT('',(165.789047930686,36.0641336014312,14.9999995529616));
#8081=CARTESIAN_POINT('',(186.700002010092,99.8165842353077,14.9999995529616));
#8082=CARTESIAN_POINT('',(189.50000402018,101.433161507459,14.9999995529616));
#8083=CARTESIAN_POINT('',(169.600112788524,89.9439869399103,14.9999995529616));
#8084=CARTESIAN_POINT('',(192.300002010088,99.8165772721519,14.9999995529616));
#8085=CARTESIAN_POINT('',(177.249900204934,108.505782552183,14.9999995529616));
#8086=CARTESIAN_POINT('',(192.299997989908,96.5834157646925,14.9999995529616));
#8087=CARTESIAN_POINT('',(192.299994041855,93.4082614051719,14.9999995529616));
#8088=CARTESIAN_POINT('',(189.49999597982,94.9668384925407,14.9999995529616));
#8089=CARTESIAN_POINT('',(173.800107763296,85.9025298332191,14.9999995529616));
#8090=CARTESIAN_POINT('',(186.699997989912,96.5834227278483,14.9999995529616));
#8091=CARTESIAN_POINT('',(175.849893169621,102.847751654918,14.9999995529616));
#8092=CARTESIAN_POINT('',(186.69999203177,91.7916876145978,14.9999995529616));
#8093=CARTESIAN_POINT('',(139.5,106.43316150746,14.9999995529616));
#8094=CARTESIAN_POINT('',(142.299998466653,104.816583409563,14.9999995529616));
#8095=CARTESIAN_POINT('',(147.08240242948,102.055464218363,14.9999995529616));
#8096=CARTESIAN_POINT('',(142.300001533344,101.583421902102,14.9999995529616));
#8097=CARTESIAN_POINT('',(142.300006916274,95.9082887644027,14.9999995529616));
#8098=CARTESIAN_POINT('',(139.500003066691,99.9668384925395,14.9999995529616));
#8099=CARTESIAN_POINT('',(141.467591493428,101.102828688746,14.9999995529616));
#8100=CARTESIAN_POINT('',(136.700001533347,101.583416590437,14.9999995529616));
#8101=CARTESIAN_POINT('',(145.68240542366,96.3974346462746,14.9999995529616));
#8102=CARTESIAN_POINT('',(136.699998466656,104.816578097898,14.9999995529616));
#8103=CARTESIAN_POINT('',(136.700008449622,94.2917026990074,14.9999995529616));
#8104=CARTESIAN_POINT('',(137.267592195704,105.144278849067,14.9999995529616));
#8105=CARTESIAN_POINT('',(116.999997472218,82.4331615074593,14.9999995529616));
#8106=CARTESIAN_POINT('',(119.799999585473,80.8165844139988,14.9999995529616));
#8107=CARTESIAN_POINT('',(127.823768205843,76.1840734264125,14.9999995529616));
#8108=CARTESIAN_POINT('',(119.800003811987,77.5834229065396,14.9999995529616));
#8109=CARTESIAN_POINT('',(119.799995543896,83.9082734481148,14.9999995529616));
#8110=CARTESIAN_POINT('',(117.000005925247,75.966838492541,14.9999995529616));
#8111=CARTESIAN_POINT('',(132.601237959146,84.9742411997407,14.9999995529616));
#8112=CARTESIAN_POINT('',(114.200003811992,77.5834155860015,14.9999995529616));
#8113=CARTESIAN_POINT('',(126.423775602245,70.5260389582245,14.9999995529616));
#8114=CARTESIAN_POINT('',(114.199999585477,80.8165770934606,14.9999995529616));
#8115=CARTESIAN_POINT('',(114.199997657158,82.291685373847,14.9999995529616));
#8116=CARTESIAN_POINT('',(128.401232676006,89.015687593661,14.9999995529616));
#8117=CARTESIAN_POINT('',(146.999999752188,70.4331615074607,14.9999995529616));
#8118=CARTESIAN_POINT('',(149.799998390419,68.8165835416034,14.9999995529616));
#8119=CARTESIAN_POINT('',(143.975676665243,72.1792530938046,14.9999995529616));
#8120=CARTESIAN_POINT('',(149.800001609578,65.5834220341431,14.9999995529616));
#8121=CARTESIAN_POINT('',(149.799989338087,77.9082924179768,14.9999995529616));
#8122=CARTESIAN_POINT('',(147.000003219159,63.9668384925398,14.9999995529616));
#8123=CARTESIAN_POINT('',(153.949332042553,67.9790445850603,14.9999995529616));
#8124=CARTESIAN_POINT('',(144.200001609581,65.5834164583969,14.9999995529616));
#8125=CARTESIAN_POINT('',(142.575682643307,66.5212152944476,14.9999995529616));
#8126=CARTESIAN_POINT('',(144.199998390422,68.8165779658572,14.9999995529616));
#8127=CARTESIAN_POINT('',(144.199990947669,76.2917060885004,14.9999995529616));
#8128=CARTESIAN_POINT('',(149.74932678533,72.0204881755657,14.9999995529616));
#8129=CARTESIAN_POINT('Origin',(33.0000000000001,72.1,-7.49999999999975));
#8130=CARTESIAN_POINT('',(35.0000000000001,72.1,0.));
#8131=CARTESIAN_POINT('',(33.0000000000003,70.1,0.));
#8132=CARTESIAN_POINT('Origin',(33.0000000000001,72.1,0.));
#8133=CARTESIAN_POINT('',(33.0000000000003,70.1,0.));
#8134=CARTESIAN_POINT('',(35.0000000000001,72.1,-7.49999999999975));
#8135=CARTESIAN_POINT('Origin',(33.0000000000001,52.1,-7.49999999999975));
#8136=CARTESIAN_POINT('',(35.0000000000001,52.1,7.));
#8137=CARTESIAN_POINT('',(33.0000000000001,54.1,5.00000000000001));
#8138=CARTESIAN_POINT('Origin',(33.0000000000001,52.1,5.));
#8139=CARTESIAN_POINT('',(33.0000000000001,54.1,0.));
#8140=CARTESIAN_POINT('',(33.0000000000001,54.1,0.));
#8141=CARTESIAN_POINT('',(35.0000000000001,52.1,0.));
#8142=CARTESIAN_POINT('Origin',(33.0000000000001,52.1,0.));
#8143=CARTESIAN_POINT('',(35.0000000000001,52.1,-7.49999999999975));
#8144=CARTESIAN_POINT('Origin',(33.0000000000001,60.1,-7.49999999999975));
#8145=CARTESIAN_POINT('',(35.0000000000001,60.1,7.));
#8146=CARTESIAN_POINT('',(33.0000000000003,62.1,5.00000000000019));
#8147=CARTESIAN_POINT('Origin',(33.0000000000001,60.1,5.));
#8148=CARTESIAN_POINT('',(35.0000000000001,60.1,-7.49999999999975));
#8149=CARTESIAN_POINT('',(33.0000000000003,62.1,0.));
#8150=CARTESIAN_POINT('Origin',(35.0000000000001,24.2000000000002,-14.9999999999995));
#8151=CARTESIAN_POINT('',(35.0000000000001,14.2000000000003,0.));
#8152=CARTESIAN_POINT('',(35.0000000000001,45.1500000000002,0.));
#8153=CARTESIAN_POINT('',(35.0000000000001,14.2000000000003,-14.9999999999995));
#8154=CARTESIAN_POINT('',(35.0000000000001,42.6500000000001,7.));
#8155=CARTESIAN_POINT('Origin',(125.,17.2000000000003,14.9999995529616));
#8156=CARTESIAN_POINT('',(121.,17.2000000000003,4.9999995529616));
#8157=CARTESIAN_POINT('',(121.,17.2000000000003,7.4999997764808));
#8158=CARTESIAN_POINT('',(120.3,17.2000000000003,5.69999955296161));
#8159=CARTESIAN_POINT('',(120.075,17.2000000000003,5.92499955296162));
#8160=CARTESIAN_POINT('',(120.3,17.2000000000003,11.2499996647212));
#8161=CARTESIAN_POINT('Origin',(120.3,19.2000000000003,11.2499996647212));
#8162=CARTESIAN_POINT('',(118.3,19.2000000000003,7.69999955296161));
#8163=CARTESIAN_POINT('Origin',(120.3,19.2000000000003,5.69999955296161));
#8164=CARTESIAN_POINT('',(118.3,19.2000000000003,11.2499996647212));
#8165=CARTESIAN_POINT('Origin',(118.3,43.7000000000002,7.4999997764808));
#8166=CARTESIAN_POINT('',(118.3,27.2000000000003,7.69999955296161));
#8167=CARTESIAN_POINT('',(118.3,32.4500000000003,7.69999955296161));
#8168=CARTESIAN_POINT('',(118.3,27.2000000000003,0.));
#8169=CARTESIAN_POINT('',(118.3,27.2000000000003,3.7499998882404));
#8170=CARTESIAN_POINT('',(118.3,61.2000000000001,0.));
#8171=CARTESIAN_POINT('',(118.3,54.9000000000002,0.));
#8172=CARTESIAN_POINT('',(118.3,61.2000000000001,6.99999972060109));
#8173=CARTESIAN_POINT('Origin',(120.3,27.2000000000003,3.7499998882404));
#8174=CARTESIAN_POINT('',(120.3,25.2000000000003,5.69999955296161));
#8175=CARTESIAN_POINT('Origin',(120.3,27.2000000000003,5.69999955296161));
#8176=CARTESIAN_POINT('',(120.3,25.2000000000003,0.));
#8177=CARTESIAN_POINT('',(120.3,25.2000000000003,3.7499998882404));
#8178=CARTESIAN_POINT('Origin',(120.3,27.2000000000003,0.));
#8179=CARTESIAN_POINT('Origin',(121.,25.2000000000003,0.));
#8180=CARTESIAN_POINT('',(121.,25.2000000000003,4.99999955296162));
#8181=CARTESIAN_POINT('',(122.82499988824,25.2000000000003,3.1749996647212));
#8182=CARTESIAN_POINT('',(121.,25.2000000000003,0.));
#8183=CARTESIAN_POINT('',(121.,25.2000000000003,0.));
#8184=CARTESIAN_POINT('',(117.,25.2000000000003,0.));
#8185=CARTESIAN_POINT('Origin',(121.,21.2000000000003,0.));
#8186=CARTESIAN_POINT('',(125.,21.2000000000003,0.));
#8187=CARTESIAN_POINT('Origin',(121.,21.2000000000003,0.));
#8188=CARTESIAN_POINT('',(125.,21.2000000000003,0.999999552961609));
#8189=CARTESIAN_POINT('Origin',(121.,21.2000000000003,4.99999955296162));
#8190=CARTESIAN_POINT('',(125.,21.2000000000003,0.));
#8191=CARTESIAN_POINT('Origin',(125.,7.2000000000003,0.));
#8192=CARTESIAN_POINT('',(125.,13.2000000000003,0.999999552961608));
#8193=CARTESIAN_POINT('',(125.,14.2000000000003,0.999999552961609));
#8194=CARTESIAN_POINT('',(125.,13.2000000000003,0.));
#8195=CARTESIAN_POINT('',(125.,13.2000000000003,-7.49999999999975));
#8196=CARTESIAN_POINT('',(125.,25.2000000000003,0.));
#8197=CARTESIAN_POINT('Origin',(121.65,32.4500000000003,4.34999955296161));
#8198=CARTESIAN_POINT('Origin',(121.,13.2000000000003,4.99999955296161));
#8199=CARTESIAN_POINT('Origin',(33.0000000000001,58.1,0.));
#8200=CARTESIAN_POINT('',(29.0000000000001,58.1,1.));
#8201=CARTESIAN_POINT('Origin',(33.0000000000001,58.1,5.));
#8202=CARTESIAN_POINT('',(29.0000000000001,58.1,0.));
#8203=CARTESIAN_POINT('',(29.0000000000001,58.1,0.));
#8204=CARTESIAN_POINT('Origin',(33.0000000000001,58.1,0.));
#8205=CARTESIAN_POINT('Origin',(29.0000000000001,62.1,0.));
#8206=CARTESIAN_POINT('',(29.0000000000001,66.1,1.));
#8207=CARTESIAN_POINT('',(29.0000000000001,62.1,1.));
#8208=CARTESIAN_POINT('',(29.0000000000001,66.1,0.));
#8209=CARTESIAN_POINT('',(29.0000000000001,66.1,0.));
#8210=CARTESIAN_POINT('',(29.0000000000001,62.1,0.));
#8211=CARTESIAN_POINT('Origin',(32.0000000000001,41.1500000000001,4.));
#8212=CARTESIAN_POINT('Origin',(33.0000000000003,66.1,5.00000000000019));
#8213=CARTESIAN_POINT('Origin',(33.0000000000003,66.1,0.));
#8214=CARTESIAN_POINT('Origin',(33.0000000000003,66.1,0.));
#8215=CARTESIAN_POINT('Origin',(86.7499998509886,66.1000000000003,0.));
#8216=CARTESIAN_POINT('',(113.,80.2000000000001,-4.4703790447187E-7));
#8217=CARTESIAN_POINT('Origin',(111.,80.2000000000001,-8.94839757847876E-13));
#8218=CARTESIAN_POINT('',(113.,96.2000000000002,-4.4703790447187E-7));
#8219=CARTESIAN_POINT('',(113.,116.05,-4.4703790447187E-7));
#8220=CARTESIAN_POINT('',(115.,98.2000000000002,-4.4703790447187E-7));
#8221=CARTESIAN_POINT('Origin',(115.,96.2000000000002,-4.47036170474334E-7));
#8222=CARTESIAN_POINT('',(133.5,98.2000000000002,-4.4703790447187E-7));
#8223=CARTESIAN_POINT('',(148.25,98.2000000000002,-4.4703790447187E-7));
#8224=CARTESIAN_POINT('',(135.5,100.2,-4.4703790447187E-7));
#8225=CARTESIAN_POINT('Origin',(133.5,100.2,-4.4703790447187E-7));
#8226=CARTESIAN_POINT('',(135.5,107.1999,-4.4703790447187E-7));
#8227=CARTESIAN_POINT('',(135.5,112.05,-4.4703790447187E-7));
#8228=CARTESIAN_POINT('',(137.5,109.1999,-4.4703790447187E-7));
#8229=CARTESIAN_POINT('Origin',(137.5,107.1999,-4.4703790447187E-7));
#8230=CARTESIAN_POINT('',(158.4999,109.1999,-4.4703790447187E-7));
#8231=CARTESIAN_POINT('',(147.375,109.1999,-4.4703790447187E-7));
#8232=CARTESIAN_POINT('',(161.5,112.2,-4.4703790447187E-7));
#8233=CARTESIAN_POINT('',(160.,110.7,-4.4703790447187E-7));
#8234=CARTESIAN_POINT('',(163.5,112.2,-4.4703790447187E-7));
#8235=CARTESIAN_POINT('',(167.25,112.2,-4.4703790447187E-7));
#8236=CARTESIAN_POINT('',(163.5,111.2,-4.4703790447187E-7));
#8237=CARTESIAN_POINT('',(163.5,111.2,-4.4703790447187E-7));
#8238=CARTESIAN_POINT('',(162.4,111.2,-4.47038066592852E-7));
#8239=CARTESIAN_POINT('',(167.25,111.2,-4.4703790447187E-7));
#8240=CARTESIAN_POINT('',(162.4,104.,-4.4703790447187E-7));
#8241=CARTESIAN_POINT('',(162.4,104.,-4.4703790447187E-7));
#8242=CARTESIAN_POINT('',(163.5,104.,-4.4703790447187E-7));
#8243=CARTESIAN_POINT('',(167.25,104.,-4.4703790447187E-7));
#8244=CARTESIAN_POINT('',(163.5,102.4,-4.47038066727563E-7));
#8245=CARTESIAN_POINT('',(163.5,104.,-4.4703790447187E-7));
#8246=CARTESIAN_POINT('',(161.4,102.4,-4.47038423638621E-7));
#8247=CARTESIAN_POINT('',(167.25,102.4,-4.4703790447187E-7));
#8248=CARTESIAN_POINT('',(161.4,97.2,-4.47038423638621E-7));
#8249=CARTESIAN_POINT('',(161.4,102.5,-4.47038423638621E-7));
#8250=CARTESIAN_POINT('',(162.5,97.2,-4.47038423571266E-7));
#8251=CARTESIAN_POINT('',(161.4,97.2,-4.47038423638621E-7));
#8252=CARTESIAN_POINT('',(162.5,96.2,-4.47038423571266E-7));
#8253=CARTESIAN_POINT('',(162.5,97.3,-4.47038423571266E-7));
#8254=CARTESIAN_POINT('',(159.000002279878,96.2,-4.47038319087811E-7));
#8255=CARTESIAN_POINT('',(162.5,96.2,-4.47038421662067E-7));
#8256=CARTESIAN_POINT('',(159.000002279878,97.2,-4.47038319087811E-7));
#8257=CARTESIAN_POINT('',(159.000002279878,96.2,-4.47038319087811E-7));
#8258=CARTESIAN_POINT('',(160.100002279878,97.2,-4.47038319087811E-7));
#8259=CARTESIAN_POINT('',(162.5,97.2,-4.47038421662067E-7));
#8260=CARTESIAN_POINT('',(160.100002279878,102.4,-4.47038319087811E-7));
#8261=CARTESIAN_POINT('',(160.100002279878,96.2,-4.4703790447187E-7));
#8262=CARTESIAN_POINT('',(159.000002279878,102.4,-4.47038319087811E-7));
#8263=CARTESIAN_POINT('',(157.000001139939,102.4,-4.4703790447187E-7));
#8264=CARTESIAN_POINT('',(156.000002279878,108.2,-4.4703790447187E-7));
#8265=CARTESIAN_POINT('',(157.500002279878,105.3,-4.4703790447187E-7));
#8266=CARTESIAN_POINT('',(150.000002279878,108.2,-4.4703790447187E-7));
#8267=CARTESIAN_POINT('',(167.35,108.2,-4.4703790447187E-7));
#8268=CARTESIAN_POINT('',(147.000002279878,102.4,-4.47038319822599E-7));
#8269=CARTESIAN_POINT('',(148.500002279878,105.3,-4.4703790447187E-7));
#8270=CARTESIAN_POINT('',(145.900002279878,102.4,-4.4703831995731E-7));
#8271=CARTESIAN_POINT('',(157.000001139939,102.4,-4.4703790447187E-7));
#8272=CARTESIAN_POINT('',(145.900002279878,97.2,-4.4703831995731E-7));
#8273=CARTESIAN_POINT('',(145.900002279878,96.2,-4.4703790447187E-7));
#8274=CARTESIAN_POINT('',(147.000002279878,97.2,-4.47038319822599E-7));
#8275=CARTESIAN_POINT('',(162.5,97.2,-4.47038421662067E-7));
#8276=CARTESIAN_POINT('',(147.000002279878,96.2,-4.47038319822599E-7));
#8277=CARTESIAN_POINT('',(147.000002279878,96.2,-4.47038319822599E-7));
#8278=CARTESIAN_POINT('',(116.6,96.1999999999999,-4.4703790447187E-7));
#8279=CARTESIAN_POINT('',(133.,96.1999999999999,-4.4703790447187E-7));
#8280=CARTESIAN_POINT('',(116.6,83.7999999999999,-4.4703790447187E-7));
#8281=CARTESIAN_POINT('',(116.6,95.4999999999999,-4.4703790447187E-7));
#8282=CARTESIAN_POINT('',(127.,83.7999999999999,-4.4703790447187E-7));
#8283=CARTESIAN_POINT('',(161.,83.7999999999999,-4.4703790447187E-7));
#8284=CARTESIAN_POINT('',(127.,81.4999999999999,-4.4703790447187E-7));
#8285=CARTESIAN_POINT('',(127.,86.4999999999999,-4.4703790447187E-7));
#8286=CARTESIAN_POINT('',(119.5,81.4999999999999,-4.47037904368691E-7));
#8287=CARTESIAN_POINT('',(145.5,81.4999999999999,-4.4703790447187E-7));
#8288=CARTESIAN_POINT('',(119.5,63.0330302779824,1.11022302462516E-15));
#8289=CARTESIAN_POINT('',(119.5,87.0000000000001,-4.4703790447187E-7));
#8290=CARTESIAN_POINT('Origin',(120.3,61.2000000000001,0.));
#8291=CARTESIAN_POINT('',(121.,9.20000000000031,0.));
#8292=CARTESIAN_POINT('Origin',(121.,13.2000000000003,0.));
#8293=CARTESIAN_POINT('',(40.0000000000001,9.20000000000031,0.));
#8294=CARTESIAN_POINT('',(73.1249999254943,9.20000000000031,0.));
#8295=CARTESIAN_POINT('Origin',(40.0000000000001,14.2000000000003,0.));
#8296=CARTESIAN_POINT('',(35.0000000000001,45.1500000000002,0.));
#8297=CARTESIAN_POINT('',(137.9,103.2,-4.4703790447187E-7));
#8298=CARTESIAN_POINT('Origin',(139.5,103.2,-4.4703790447187E-7));
#8299=CARTESIAN_POINT('',(118.600001698732,79.2000000000001,-4.4703790447187E-7));
#8300=CARTESIAN_POINT('Origin',(117.000001698732,79.2000000000001,-4.4703790447187E-7));
#8301=CARTESIAN_POINT('',(37.0000000000003,15.2000000000002,0.));
#8302=CARTESIAN_POINT('',(37.0000000000003,74.7000000000001,0.));
#8303=CARTESIAN_POINT('',(37.0000000000003,57.4498838890241,0.));
#8304=CARTESIAN_POINT('',(41.0000000000003,11.2000000000002,0.));
#8305=CARTESIAN_POINT('Origin',(41.0000000000003,15.2000000000002,0.));
#8306=CARTESIAN_POINT('',(112.8,11.2000000000002,0.));
#8307=CARTESIAN_POINT('',(109.124999925494,11.2000000000002,0.));
#8308=CARTESIAN_POINT('',(116.8,15.2000000000002,0.));
#8309=CARTESIAN_POINT('Origin',(112.8,15.2000000000002,0.));
#8310=CARTESIAN_POINT('',(116.8,70.7000000000001,0.));
#8311=CARTESIAN_POINT('',(116.8,71.1500000000002,0.));
#8312=CARTESIAN_POINT('',(111.8,75.7000000000001,0.));
#8313=CARTESIAN_POINT('Origin',(111.8,70.7000000000001,0.));
#8314=CARTESIAN_POINT('',(38.0000000000003,75.7000000000001,0.));
#8315=CARTESIAN_POINT('',(114.124999925494,75.7000000000001,0.));
#8316=CARTESIAN_POINT('Origin',(38.0000000000003,74.7000000000001,0.));
#8317=CARTESIAN_POINT('Origin',(121.,13.2000000000003,-7.49999999999975));
#8318=CARTESIAN_POINT('',(121.,9.20000000000031,-7.49999999999975));
#8319=CARTESIAN_POINT('Origin',(59.5,9.20000000000031,-14.9999999999995));
#8320=CARTESIAN_POINT('',(40.0000000000001,9.20000000000031,-14.9999999999995));
#8321=CARTESIAN_POINT('Origin',(35.0000000000001,24.2000000000002,-14.9999999999995));
#8322=CARTESIAN_POINT('Origin',(111.,80.2000000000001,-6.50000033527969));
#8323=CARTESIAN_POINT('',(113.,80.2000000000001,-6.50000033527976));
#8324=CARTESIAN_POINT('Origin',(120.3,61.2000000000001,6.99999972060109));
#8325=CARTESIAN_POINT('',(120.3,63.2000000000001,4.39999955296158));
#8326=CARTESIAN_POINT('Ctrl Pts',(119.5,63.0330302779824,5.41233724504764E-15));
#8327=CARTESIAN_POINT('Ctrl Pts',(119.500000020234,63.0330302868131,0.565770896993034));
#8328=CARTESIAN_POINT('Ctrl Pts',(119.539065856576,63.0516672312299,1.15186028690961));
#8329=CARTESIAN_POINT('Ctrl Pts',(119.704075433801,63.1111687261465,2.32634911049388));
#8330=CARTESIAN_POINT('Ctrl Pts',(119.829985501661,63.1512567807764,2.91479203425753));
#8331=CARTESIAN_POINT('Ctrl Pts',(120.086248628247,63.1906255954118,3.79691484255364));
#8332=CARTESIAN_POINT('Ctrl Pts',(120.187913814151,63.2000000000001,4.10195219513653));
#8333=CARTESIAN_POINT('Ctrl Pts',(120.3,63.2000000000001,4.39999955296184));
#8334=CARTESIAN_POINT('',(120.3,63.2000000000001,6.99999972060109));
#8335=CARTESIAN_POINT('Origin',(132.15,63.2000000000001,6.49999966472138));
#8336=CARTESIAN_POINT('',(144.5,63.2000000000001,-4.47038447451571E-7));
#8337=CARTESIAN_POINT('Origin',(132.,63.2000000000001,-4.47038425166468E-7));
#8338=CARTESIAN_POINT('',(153.5,63.2000000000001,-4.4703790447187E-7));
#8339=CARTESIAN_POINT('',(155.25,63.2000000000001,-4.4703790447187E-7));
#8340=CARTESIAN_POINT('',(153.5,63.2000000000001,9.74999972060122));
#8341=CARTESIAN_POINT('Origin',(111.8,70.7000000000001,2.66453525910038E-13));
#8342=CARTESIAN_POINT('',(111.8,75.7000000000001,7.99999977648105));
#8343=CARTESIAN_POINT('',(116.8,70.7000000000001,7.99999977648105));
#8344=CARTESIAN_POINT('Origin',(111.8,70.7000000000001,7.99999977648105));
#8345=CARTESIAN_POINT('',(111.8,75.7000000000001,2.66453525910038E-13));
#8346=CARTESIAN_POINT('',(116.8,70.7000000000001,2.66453525910038E-13));
#8347=CARTESIAN_POINT('Origin',(112.5,72.7000000000002,7.99999977648105));
#8348=CARTESIAN_POINT('',(116.8,68.2000000000001,7.99999977648105));
#8349=CARTESIAN_POINT('',(116.8,74.9746368081331,7.99999977648105));
#8350=CARTESIAN_POINT('',(109.,68.2000000000002,7.99999977648105));
#8351=CARTESIAN_POINT('',(114.399998739362,68.2000000000001,7.99999977648105));
#8352=CARTESIAN_POINT('',(109.,75.7000000000002,7.99999977648105));
#8353=CARTESIAN_POINT('',(109.,74.2000000000002,7.99999977648105));
#8354=CARTESIAN_POINT('',(127.,75.7000000000001,7.99999977648105));
#8355=CARTESIAN_POINT('Origin',(116.8,76.2000000000001,0.));
#8356=CARTESIAN_POINT('',(116.8,15.2000000000002,7.99999977648105));
#8357=CARTESIAN_POINT('',(116.8,15.2000000000002,-8.00000022351895));
#8358=CARTESIAN_POINT('',(116.8,18.2000000000002,7.99999977648105));
#8359=CARTESIAN_POINT('',(116.8,28.7000000000002,7.99999977648105));
#8360=CARTESIAN_POINT('',(116.8,25.4499999441204,15.2499997206012));
#8361=CARTESIAN_POINT('',(116.8,70.9499999441204,5.24999983236077));
#8362=CARTESIAN_POINT('Origin',(141.5,75.7000000000001,5.32907051820075E-13));
#8363=CARTESIAN_POINT('',(108.,75.7000000000001,8.99999977648105));
#8364=CARTESIAN_POINT('',(117.87499994412,75.7000000000001,-0.875000167639053));
#8365=CARTESIAN_POINT('',(45.0000000000001,75.7000000000001,8.99999977648105));
#8366=CARTESIAN_POINT('',(142.75,75.7000000000001,8.99999977648105));
#8367=CARTESIAN_POINT('',(44.0000000000001,75.7000000000002,7.99999977648105));
#8368=CARTESIAN_POINT('',(67.6250000558799,75.7000000000001,31.6249998323609));
#8369=CARTESIAN_POINT('',(38.0000000000003,75.7000000000001,7.99999977648105));
#8370=CARTESIAN_POINT('',(91.5,75.7000000000001,7.99999977648105));
#8371=CARTESIAN_POINT('',(38.0000000000003,75.7000000000001,-2.60000011175921));
#8372=CARTESIAN_POINT('Origin',(152.5,65.7000000000001,10.499999776481));
#8373=CARTESIAN_POINT('',(104.,63.2000000000001,12.999999776481));
#8374=CARTESIAN_POINT('',(152.5,63.2000000000001,12.999999776481));
#8375=CARTESIAN_POINT('',(111.916666666667,71.1166666666668,5.08333310981437));
#8376=CARTESIAN_POINT('Origin',(113.,129.,-4.47037911389413E-7));
#8377=CARTESIAN_POINT('',(113.,96.2000000000002,-4.47037511324822E-7));
#8378=CARTESIAN_POINT('Origin',(131.5,11.2000000000002,-13.000000223519));
#8379=CARTESIAN_POINT('',(41.0000000000003,11.2000000000002,7.99999977648105));
#8380=CARTESIAN_POINT('',(41.0000000000003,11.2000000000002,9.09999977648105));
#8381=CARTESIAN_POINT('',(44.0000000000001,11.2000000000002,7.99999977648105));
#8382=CARTESIAN_POINT('',(87.7500000000001,11.2000000000002,7.99999977648105));
#8383=CARTESIAN_POINT('',(45.0000000000001,11.2000000000002,8.99999977648105));
#8384=CARTESIAN_POINT('',(68.3750000000001,11.2000000000002,32.374999776481));
#8385=CARTESIAN_POINT('',(109.,11.2000000000002,8.99999977648105));
#8386=CARTESIAN_POINT('',(137.75,11.2000000000002,8.99999977648105));
#8387=CARTESIAN_POINT('',(110.,11.2000000000002,7.99999977648105));
#8388=CARTESIAN_POINT('',(112.875,11.2000000000002,5.12499977648105));
#8389=CARTESIAN_POINT('',(112.8,11.2000000000002,7.99999977648105));
#8390=CARTESIAN_POINT('',(123.25,11.2000000000002,7.99999977648105));
#8391=CARTESIAN_POINT('',(112.8,11.2000000000002,-8.00000022351895));
#8392=CARTESIAN_POINT('Origin',(41.0000000000003,15.2000000000002,-9.10000022351895));
#8393=CARTESIAN_POINT('',(37.0000000000003,15.2000000000002,7.99999977648105));
#8394=CARTESIAN_POINT('',(37.0000000000003,15.2000000000002,-9.10000022351895));
#8395=CARTESIAN_POINT('Origin',(41.0000000000003,15.2000000000002,7.99999977648105));
#8396=CARTESIAN_POINT('Origin',(37.0000000000003,48.7997677780478,-5.20000022351895));
#8397=CARTESIAN_POINT('',(37.0000000000003,19.2000000000002,8.99999977648105));
#8398=CARTESIAN_POINT('',(37.0000000000003,68.2000000000002,8.99999977648105));
#8399=CARTESIAN_POINT('',(37.0000000000003,39.499883889024,8.99999977648105));
#8400=CARTESIAN_POINT('',(37.0000000000001,18.2000000000002,7.99999977648105));
#8401=CARTESIAN_POINT('',(37.0000000000003,26.8999419445121,16.6999417209929));
#8402=CARTESIAN_POINT('',(37.0000000000003,30.999883889024,7.99999977648105));
#8403=CARTESIAN_POINT('',(37.0000000000003,74.7000000000001,7.99999977648105));
#8404=CARTESIAN_POINT('',(37.0000000000003,74.7000000000001,-2.60000011175921));
#8405=CARTESIAN_POINT('',(37.0000000000001,69.2000000000002,7.99999977648105));
#8406=CARTESIAN_POINT('',(37.0000000000003,59.999883889024,7.99999977648105));
#8407=CARTESIAN_POINT('',(37.0000000000003,63.0499419445121,14.1500578319692));
#8408=CARTESIAN_POINT('Origin',(38.0000000000003,74.7000000000001,-2.60000011175921));
#8409=CARTESIAN_POINT('Origin',(38.0000000000003,74.7000000000001,7.99999977648105));
#8410=CARTESIAN_POINT('Origin',(137.75,13.2000000000002,10.999999776481));
#8411=CARTESIAN_POINT('',(105.,15.2000000000002,12.999999776481));
#8412=CARTESIAN_POINT('',(105.791666666667,14.4083333333335,12.2083331098144));
#8413=CARTESIAN_POINT('',(49.0000000000001,15.2000000000002,12.999999776481));
#8414=CARTESIAN_POINT('',(63.3750000000001,29.5750000000002,27.3749997764811));
#8415=CARTESIAN_POINT('',(137.75,15.2000000000002,12.999999776481));
#8416=CARTESIAN_POINT('Origin',(107.5,52.2000000000002,10.499999776481));
#8417=CARTESIAN_POINT('',(105.,23.2000000000002,12.999999776481));
#8418=CARTESIAN_POINT('',(105.,52.2000000000002,12.999999776481));
#8419=CARTESIAN_POINT('',(110.,18.2000000000002,7.99999977648105));
#8420=CARTESIAN_POINT('',(105.,23.2000000000002,12.999999776481));
#8421=CARTESIAN_POINT('',(110.,13.2000000000002,7.99999977648105));
#8422=CARTESIAN_POINT('Origin',(144.,30.2000000000002,12.999999776481));
#8423=CARTESIAN_POINT('',(129.5,23.2000000000002,12.999999776481));
#8424=CARTESIAN_POINT('',(49.0000000000001,23.2000000000002,12.999999776481));
#8425=CARTESIAN_POINT('',(49.0000000000001,21.7000000000002,12.999999776481));
#8426=CARTESIAN_POINT('',(41.0000000000003,23.2000000000002,12.999999776481));
#8427=CARTESIAN_POINT('',(129.5,23.2000000000002,12.999999776481));
#8428=CARTESIAN_POINT('',(41.0000000000003,64.2000000000002,12.999999776481));
#8429=CARTESIAN_POINT('',(41.0000000000003,39.499883889024,12.999999776481));
#8430=CARTESIAN_POINT('',(49.0000000000001,64.2000000000002,12.999999776481));
#8431=CARTESIAN_POINT('',(127.,64.2000000000002,12.999999776481));
#8432=CARTESIAN_POINT('',(49.0000000000001,71.7000000000001,12.999999776481));
#8433=CARTESIAN_POINT('',(49.0000000000001,21.7000000000002,12.999999776481));
#8434=CARTESIAN_POINT('',(104.,71.7000000000001,12.999999776481));
#8435=CARTESIAN_POINT('',(142.75,71.7000000000001,12.999999776481));
#8436=CARTESIAN_POINT('',(104.,50.7000000000002,12.999999776481));
#8437=CARTESIAN_POINT('',(82.487866222026,63.5000000000002,12.9999997764811));
#8438=CARTESIAN_POINT('Origin',(77.0000000000001,63.5000000000002,12.999999776481));
#8439=CARTESIAN_POINT('',(71.5121337779741,23.9000000000002,12.999999776481));
#8440=CARTESIAN_POINT('Origin',(77.0000000000001,23.9000000000002,12.999999776481));
#8441=CARTESIAN_POINT('Origin',(129.5,20.7000000000002,10.499999776481));
#8442=CARTESIAN_POINT('',(110.,18.2000000000002,7.99999977648105));
#8443=CARTESIAN_POINT('Origin',(142.75,73.7000000000001,10.999999776481));
#8444=CARTESIAN_POINT('',(108.708333333333,76.4083333333335,8.2916664431477));
#8445=CARTESIAN_POINT('',(71.4583333333334,49.2416666666668,35.4583331098144));
#8446=CARTESIAN_POINT('Origin',(106.5,52.2000000000002,10.499999776481));
#8447=CARTESIAN_POINT('Origin',(39.0000000000003,39.499883889024,10.999999776481));
#8448=CARTESIAN_POINT('',(56.9666473148377,39.1666473148375,28.9666470913183));
#8449=CARTESIAN_POINT('',(57.9500193518297,47.2499806481709,29.9500191283104));
#8450=CARTESIAN_POINT('Origin',(129.5,20.7000000000002,10.499999776481));
#8451=CARTESIAN_POINT('',(44.0000000000001,18.2000000000002,7.99999977648105));
#8452=CARTESIAN_POINT('',(49.0000000000001,23.2000000000002,12.999999776481));
#8453=CARTESIAN_POINT('',(44.0000000000001,18.2000000000002,7.99999977648105));
#8454=CARTESIAN_POINT('Origin',(41.5000000000001,72.7000000000002,7.99999977648105));
#8455=CARTESIAN_POINT('',(44.0000000000001,69.2000000000002,7.99999977648105));
#8456=CARTESIAN_POINT('',(44.0000000000001,74.2000000000002,7.99999977648105));
#8457=CARTESIAN_POINT('',(39.0000000000001,69.2000000000002,7.99999977648105));
#8458=CARTESIAN_POINT('Origin',(46.5000000000001,21.7000000000002,10.499999776481));
#8459=CARTESIAN_POINT('',(44.0000000000001,69.2000000000002,7.99999977648105));
#8460=CARTESIAN_POINT('Origin',(112.5,14.7000000000002,7.99999977648105));
#8461=CARTESIAN_POINT('Origin',(112.8,15.2000000000002,7.99999977648105));
#8462=CARTESIAN_POINT('Origin',(76.0000000000001,64.5000000000002,12.9999995529616));
#8463=CARTESIAN_POINT('',(75.1136453501172,65.8327379053092,12.9999995529616));
#8464=CARTESIAN_POINT('',(75.9229670385732,66.3000000000002,12.9999995529616));
#8465=CARTESIAN_POINT('Origin',(77.0000000000001,63.5000000000002,12.9999995529616));
#8466=CARTESIAN_POINT('',(75.3834192462691,66.3000000000002,12.9999995529616));
#8467=CARTESIAN_POINT('',(75.3834192462691,66.3000000000002,12.9999995529616));
#8468=CARTESIAN_POINT('',(73.7668384925382,63.5000000000002,12.9999995529616));
#8469=CARTESIAN_POINT('Origin',(76.0000000000001,64.5000000000002,12.9999995529616));
#8470=CARTESIAN_POINT('',(78.077032961427,66.3000000000002,12.9999995529616));
#8471=CARTESIAN_POINT('',(78.8863546498831,65.8327379053091,12.9999995529616));
#8472=CARTESIAN_POINT('Origin',(77.0000000000001,63.5000000000002,12.9999995529616));
#8473=CARTESIAN_POINT('',(78.6165807537311,66.3000000000002,12.9999995529616));
#8474=CARTESIAN_POINT('',(78.6165807537311,66.3000000000002,12.9999995529616));
#8475=CARTESIAN_POINT('',(75.3834192462691,66.3000000000002,12.9999995529616));
#8476=CARTESIAN_POINT('Origin',(76.0000000000001,64.5000000000002,12.9999995529616));
#8477=CARTESIAN_POINT('',(79.96338761131,63.9672620946913,12.9999995529616));
#8478=CARTESIAN_POINT('',(79.9633876113099,63.032737905309,12.9999995529616));
#8479=CARTESIAN_POINT('Origin',(77.0000000000001,63.5000000000002,12.9999995529616));
#8480=CARTESIAN_POINT('',(80.233161507462,63.5000000000002,12.9999995529616));
#8481=CARTESIAN_POINT('',(80.233161507462,63.5000000000002,12.9999995529616));
#8482=CARTESIAN_POINT('',(78.6165807537311,66.3000000000002,12.9999995529616));
#8483=CARTESIAN_POINT('Origin',(76.0000000000001,64.5000000000002,12.9999995529616));
#8484=CARTESIAN_POINT('',(78.8863546498831,61.1672620946914,12.9999995529616));
#8485=CARTESIAN_POINT('',(78.0770329614269,60.7000000000002,12.9999995529616));
#8486=CARTESIAN_POINT('Origin',(77.0000000000001,63.5000000000002,12.9999995529616));
#8487=CARTESIAN_POINT('',(78.616580753731,60.7000000000002,12.9999995529616));
#8488=CARTESIAN_POINT('',(78.616580753731,60.7000000000002,12.9999995529616));
#8489=CARTESIAN_POINT('',(80.233161507462,63.5000000000002,12.9999995529616));
#8490=CARTESIAN_POINT('Origin',(76.0000000000001,64.5000000000002,12.9999995529616));
#8491=CARTESIAN_POINT('',(75.9229670385732,60.7000000000002,12.9999995529616));
#8492=CARTESIAN_POINT('',(75.1136453501171,61.1672620946914,12.9999995529616));
#8493=CARTESIAN_POINT('Origin',(77.0000000000001,63.5000000000002,12.9999995529616));
#8494=CARTESIAN_POINT('',(75.3834192462691,60.7000000000002,12.9999995529616));
#8495=CARTESIAN_POINT('',(75.3834192462691,60.7000000000002,12.9999995529616));
#8496=CARTESIAN_POINT('',(78.616580753731,60.7000000000002,12.9999995529616));
#8497=CARTESIAN_POINT('Origin',(76.0000000000001,64.5000000000002,12.9999995529616));
#8498=CARTESIAN_POINT('',(74.0366123886902,63.0327379053092,12.9999995529616));
#8499=CARTESIAN_POINT('',(73.9999999999982,63.5000000000002,12.9999995529635));
#8500=CARTESIAN_POINT('Origin',(77.0000000000001,63.5000000000002,12.9999995529616));
#8501=CARTESIAN_POINT('',(74.0366123886902,63.9672620946913,12.9999995529616));
#8502=CARTESIAN_POINT('Origin',(77.0000000000001,63.5000000000002,12.9999995529616));
#8503=CARTESIAN_POINT('',(73.7668384925382,63.5000000000002,12.9999995529616));
#8504=CARTESIAN_POINT('',(73.7668384925382,63.5000000000002,12.9999995529616));
#8505=CARTESIAN_POINT('',(75.3834192462691,60.7000000000002,12.9999995529616));
#8506=CARTESIAN_POINT('Origin',(76.0000000000001,24.9000000000002,12.9999995529616));
#8507=CARTESIAN_POINT('',(75.1136453501171,26.2327379053091,12.9999995529616));
#8508=CARTESIAN_POINT('',(75.9229670385731,26.7000000000002,12.9999995529616));
#8509=CARTESIAN_POINT('Origin',(77.0000000000001,23.9000000000002,12.9999995529616));
#8510=CARTESIAN_POINT('',(75.3834192462691,26.7000000000002,12.9999995529616));
#8511=CARTESIAN_POINT('',(75.3834192462691,26.7000000000002,12.9999995529616));
#8512=CARTESIAN_POINT('',(73.7668384925382,23.9000000000002,12.9999995529616));
#8513=CARTESIAN_POINT('Origin',(76.0000000000001,24.9000000000002,12.9999995529616));
#8514=CARTESIAN_POINT('',(78.077032961427,26.7000000000002,12.9999995529616));
#8515=CARTESIAN_POINT('',(78.886354649883,26.2327379053091,12.9999995529616));
#8516=CARTESIAN_POINT('Origin',(77.0000000000001,23.9000000000002,12.9999995529616));
#8517=CARTESIAN_POINT('',(78.616580753731,26.7000000000002,12.9999995529616));
#8518=CARTESIAN_POINT('',(78.616580753731,26.7000000000002,12.9999995529616));
#8519=CARTESIAN_POINT('',(75.3834192462691,26.7000000000002,12.9999995529616));
#8520=CARTESIAN_POINT('Origin',(76.0000000000001,24.9000000000002,12.9999995529616));
#8521=CARTESIAN_POINT('',(79.96338761131,24.3672620946913,12.9999995529616));
#8522=CARTESIAN_POINT('',(79.96338761131,23.4327379053091,12.9999995529616));
#8523=CARTESIAN_POINT('Origin',(77.0000000000001,23.9000000000002,12.9999995529616));
#8524=CARTESIAN_POINT('',(80.233161507462,23.9000000000002,12.9999995529616));
#8525=CARTESIAN_POINT('',(80.233161507462,23.9000000000002,12.9999995529616));
#8526=CARTESIAN_POINT('',(78.616580753731,26.7000000000002,12.9999995529616));
#8527=CARTESIAN_POINT('Origin',(76.0000000000001,24.9000000000002,12.9999995529616));
#8528=CARTESIAN_POINT('',(78.886354649883,21.5672620946913,12.9999995529616));
#8529=CARTESIAN_POINT('',(78.077032961427,21.1000000000002,12.9999995529616));
#8530=CARTESIAN_POINT('Origin',(77.0000000000001,23.9000000000002,12.9999995529616));
#8531=CARTESIAN_POINT('',(78.616580753731,21.1000000000002,12.9999995529616));
#8532=CARTESIAN_POINT('',(78.616580753731,21.1000000000002,12.9999995529616));
#8533=CARTESIAN_POINT('',(80.233161507462,23.9000000000002,12.9999995529616));
#8534=CARTESIAN_POINT('Origin',(76.0000000000001,24.9000000000002,12.9999995529616));
#8535=CARTESIAN_POINT('',(75.9229670385732,21.1000000000002,12.9999995529616));
#8536=CARTESIAN_POINT('',(75.1136453501171,21.5672620946913,12.9999995529616));
#8537=CARTESIAN_POINT('Origin',(77.0000000000001,23.9000000000002,12.9999995529616));
#8538=CARTESIAN_POINT('',(75.3834192462691,21.1000000000002,12.9999995529616));
#8539=CARTESIAN_POINT('',(75.3834192462691,21.1000000000002,12.9999995529616));
#8540=CARTESIAN_POINT('',(78.616580753731,21.1000000000002,12.9999995529616));
#8541=CARTESIAN_POINT('Origin',(76.0000000000001,24.9000000000002,12.9999995529616));
#8542=CARTESIAN_POINT('',(74.0366123886902,23.4327379053091,12.9999995529616));
#8543=CARTESIAN_POINT('',(73.9999999999972,23.9000000000002,12.9999995529645));
#8544=CARTESIAN_POINT('Origin',(77.0000000000001,23.9000000000002,12.9999995529616));
#8545=CARTESIAN_POINT('',(74.0366123886902,24.3672620946913,12.9999995529616));
#8546=CARTESIAN_POINT('Origin',(77.0000000000001,23.9000000000002,12.9999995529616));
#8547=CARTESIAN_POINT('',(73.7668384925382,23.9000000000002,12.9999995529616));
#8548=CARTESIAN_POINT('',(73.7668384925382,23.9000000000002,12.9999995529616));
#8549=CARTESIAN_POINT('',(75.3834192462691,21.1000000000002,12.9999995529616));
#8550=CARTESIAN_POINT('Origin',(77.0000000000001,63.5000000000002,12.2999995529616));
#8551=CARTESIAN_POINT('',(75.4000000000001,63.5000000000002,11.5999995529616));
#8552=CARTESIAN_POINT('Origin',(77.0000000000001,63.5000000000002,11.5999995529616));
#8553=CARTESIAN_POINT('',(74.7000000000001,63.5000000000002,12.2999995529616));
#8554=CARTESIAN_POINT('Ctrl Pts',(74.0366123886876,63.0327379053135,12.9999995529634));
#8555=CARTESIAN_POINT('Ctrl Pts',(74.5751288694036,62.1000000000003,12.6133328862933));
#8556=CARTESIAN_POINT('Ctrl Pts',(75.1136453501196,61.167262094687,12.9999995529634));
#8557=CARTESIAN_POINT('Ctrl Pts',(75.9229670385681,60.7000000000002,12.9999995529634));
#8558=CARTESIAN_POINT('Ctrl Pts',(77.,60.7000000000002,12.6133328862933));
#8559=CARTESIAN_POINT('Ctrl Pts',(78.077032961432,60.7000000000002,12.9999995529634));
#8560=CARTESIAN_POINT('Ctrl Pts',(78.8863546498805,61.167262094687,12.9999995529634));
#8561=CARTESIAN_POINT('Ctrl Pts',(79.4248711305965,62.1000000000002,12.6133328862934));
#8562=CARTESIAN_POINT('Ctrl Pts',(79.9633876113125,63.0327379053134,12.9999995529634));
#8563=CARTESIAN_POINT('Ctrl Pts',(79.9633876113125,63.9672620946869,12.9999995529634));
#8564=CARTESIAN_POINT('Ctrl Pts',(79.4248711305965,64.9000000000002,12.6133328862933));
#8565=CARTESIAN_POINT('Ctrl Pts',(78.8863546498805,65.8327379053135,12.9999995529634));
#8566=CARTESIAN_POINT('Ctrl Pts',(78.0770329614321,66.3000000000002,12.9999995529634));
#8567=CARTESIAN_POINT('Ctrl Pts',(77.0000000000001,66.3000000000003,12.6133328862933));
#8568=CARTESIAN_POINT('Ctrl Pts',(75.9229670385681,66.3000000000003,12.9999995529634));
#8569=CARTESIAN_POINT('Ctrl Pts',(75.1136453501197,65.8327379053136,12.9999995529634));
#8570=CARTESIAN_POINT('Ctrl Pts',(74.5751288694037,64.9000000000002,12.6133328862933));
#8571=CARTESIAN_POINT('Ctrl Pts',(74.0366123886876,63.9672620946869,12.9999995529634));
#8572=CARTESIAN_POINT('Origin',(77.0000000000001,23.9000000000002,12.2999995529616));
#8573=CARTESIAN_POINT('',(75.4000000000001,23.9000000000002,11.5999995529616));
#8574=CARTESIAN_POINT('Origin',(77.0000000000001,23.9000000000002,11.5999995529616));
#8575=CARTESIAN_POINT('',(74.7000000000001,23.9000000000002,12.2999995529616));
#8576=CARTESIAN_POINT('Ctrl Pts',(74.0366123886862,23.4327379053161,12.9999995529645));
#8577=CARTESIAN_POINT('Ctrl Pts',(74.5751288694037,22.5000000000002,12.6133328862924));
#8578=CARTESIAN_POINT('Ctrl Pts',(75.1136453501212,21.5672620946843,12.9999995529645));
#8579=CARTESIAN_POINT('Ctrl Pts',(75.9229670385681,21.1000000000002,12.9999995529634));
#8580=CARTESIAN_POINT('Ctrl Pts',(77.0000000000001,21.1000000000002,12.6133328862933));
#8581=CARTESIAN_POINT('Ctrl Pts',(78.0770329614321,21.1000000000002,12.9999995529634));
#8582=CARTESIAN_POINT('Ctrl Pts',(78.886354649879,21.5672620946843,12.9999995529645));
#8583=CARTESIAN_POINT('Ctrl Pts',(79.4248711305965,22.5000000000002,12.6133328862923));
#8584=CARTESIAN_POINT('Ctrl Pts',(79.963387611314,23.4327379053162,12.9999995529645));
#8585=CARTESIAN_POINT('Ctrl Pts',(79.9633876113125,24.3672620946869,12.9999995529634));
#8586=CARTESIAN_POINT('Ctrl Pts',(79.4248711305965,25.3000000000002,12.6133328862933));
#8587=CARTESIAN_POINT('Ctrl Pts',(78.8863546498805,26.2327379053135,12.9999995529634));
#8588=CARTESIAN_POINT('Ctrl Pts',(78.0770329614321,26.7000000000002,12.9999995529634));
#8589=CARTESIAN_POINT('Ctrl Pts',(77.0000000000001,26.7000000000002,12.6133328862933));
#8590=CARTESIAN_POINT('Ctrl Pts',(75.9229670385681,26.7000000000002,12.9999995529634));
#8591=CARTESIAN_POINT('Ctrl Pts',(75.1136453501197,26.2327379053135,12.9999995529634));
#8592=CARTESIAN_POINT('Ctrl Pts',(74.5751288694036,25.3000000000002,12.6133328862933));
#8593=CARTESIAN_POINT('Ctrl Pts',(74.0366123886876,24.3672620946869,12.9999995529634));
#8594=CARTESIAN_POINT('Origin',(75.3834192462691,66.3000000000002,14.9999995529616));
#8595=CARTESIAN_POINT('',(73.7668384925382,63.5000000000002,14.9999995529616));
#8596=CARTESIAN_POINT('',(75.3834192462691,66.3000000000002,14.9999995529616));
#8597=CARTESIAN_POINT('Origin',(78.6165807537311,66.3000000000002,14.9999995529616));
#8598=CARTESIAN_POINT('',(78.6165807537311,66.3000000000002,14.9999995529616));
#8599=CARTESIAN_POINT('Origin',(80.233161507462,63.5000000000002,14.9999995529616));
#8600=CARTESIAN_POINT('',(80.233161507462,63.5000000000002,14.9999995529616));
#8601=CARTESIAN_POINT('Origin',(78.616580753731,60.7000000000002,14.9999995529616));
#8602=CARTESIAN_POINT('',(78.616580753731,60.7000000000002,14.9999995529616));
#8603=CARTESIAN_POINT('Origin',(75.3834192462691,60.7000000000002,14.9999995529616));
#8604=CARTESIAN_POINT('',(75.3834192462691,60.7000000000002,14.9999995529616));
#8605=CARTESIAN_POINT('Origin',(73.7668384925382,63.5000000000002,14.9999995529616));
#8606=CARTESIAN_POINT('Origin',(75.3834192462691,26.7000000000002,14.9999995529616));
#8607=CARTESIAN_POINT('',(73.7668384925382,23.9000000000002,14.9999995529616));
#8608=CARTESIAN_POINT('',(75.3834192462691,26.7000000000002,14.9999995529616));
#8609=CARTESIAN_POINT('Origin',(78.616580753731,26.7000000000002,14.9999995529616));
#8610=CARTESIAN_POINT('',(78.616580753731,26.7000000000002,14.9999995529616));
#8611=CARTESIAN_POINT('Origin',(80.233161507462,23.9000000000002,14.9999995529616));
#8612=CARTESIAN_POINT('',(80.233161507462,23.9000000000002,14.9999995529616));
#8613=CARTESIAN_POINT('Origin',(78.616580753731,21.1000000000002,14.9999995529616));
#8614=CARTESIAN_POINT('',(78.616580753731,21.1000000000002,14.9999995529616));
#8615=CARTESIAN_POINT('Origin',(75.3834192462691,21.1000000000002,14.9999995529616));
#8616=CARTESIAN_POINT('',(75.3834192462691,21.1000000000002,14.9999995529616));
#8617=CARTESIAN_POINT('Origin',(73.7668384925382,23.9000000000002,14.9999995529616));
#8618=CARTESIAN_POINT('Origin',(77.0000000000001,63.5000000000002,12.999999776481));
#8619=CARTESIAN_POINT('',(75.4000000000001,63.5000000000002,7.99999977648105));
#8620=CARTESIAN_POINT('',(75.4000000000001,63.5000000000002,12.999999776481));
#8621=CARTESIAN_POINT('Origin',(77.0000000000001,63.5000000000002,7.99999977648105));
#8622=CARTESIAN_POINT('Origin',(77.0000000000001,23.9000000000002,12.999999776481));
#8623=CARTESIAN_POINT('',(75.4000000000001,23.9000000000002,7.99999977648105));
#8624=CARTESIAN_POINT('',(75.4000000000001,23.9000000000002,12.999999776481));
#8625=CARTESIAN_POINT('Origin',(77.0000000000001,23.9000000000002,7.99999977648105));
#8626=CARTESIAN_POINT('Origin',(77.0000000000001,63.5000000000002,7.99999977648105));
#8627=CARTESIAN_POINT('',(79.5000000000001,63.5000000000002,7.99999977648105));
#8628=CARTESIAN_POINT('Origin',(77.0000000000001,63.5000000000002,7.99999977648105));
#8629=CARTESIAN_POINT('Origin',(77.0000000000001,23.9000000000002,7.99999977648105));
#8630=CARTESIAN_POINT('',(74.5000000000001,23.9000000000002,7.99999977648104));
#8631=CARTESIAN_POINT('Origin',(77.0000000000001,23.9000000000002,7.99999977648105));
#8632=CARTESIAN_POINT('Origin',(41.5000000000001,14.7000000000002,7.99999977648105));
#8633=CARTESIAN_POINT('',(44.0000000000001,13.2000000000002,7.99999977648105));
#8634=CARTESIAN_POINT('Origin',(77.0000000000001,63.5000000000002,10.4849240169728));
#8635=CARTESIAN_POINT('',(80.9849242404918,63.5000000000002,10.4849240169728));
#8636=CARTESIAN_POINT('Origin',(77.0000000000001,23.9000000000002,10.4849240169728));
#8637=CARTESIAN_POINT('',(73.0150757595083,23.9000000000002,10.4849240169728));
#8638=CARTESIAN_POINT('Origin',(46.5000000000001,21.7000000000002,10.499999776481));
#8639=CARTESIAN_POINT('Origin',(127.,66.7000000000002,10.499999776481));
#8640=CARTESIAN_POINT('Origin',(112.8,15.2000000000002,-6.50000011175948));
#8641=CARTESIAN_POINT('Origin',(40.0000000000001,14.2000000000003,-14.9999999999995));
#8642=CARTESIAN_POINT('Origin',(133.5,100.2,-4.4703790447187E-7));
#8643=CARTESIAN_POINT('',(135.5,100.2,-4.4703790447187E-7));
#8644=CARTESIAN_POINT('',(133.5,98.2000000000002,-4.4703790447187E-7));
#8645=CARTESIAN_POINT('Origin',(135.5,121.,-4.4703790447187E-7));
#8646=CARTESIAN_POINT('',(135.5,107.1999,-4.47037986628374E-7));
#8647=CARTESIAN_POINT('Origin',(134.5,98.2000000000002,-4.4703790447187E-7));
#8648=CARTESIAN_POINT('',(115.,98.2000000000002,-4.47037585111951E-7));
#8649=CARTESIAN_POINT('Origin',(147.,67.2000000000001,12.2999995529616));
#8650=CARTESIAN_POINT('',(148.6,67.2000000000001,11.5999995529616));
#8651=CARTESIAN_POINT('Origin',(147.,67.2000000000001,11.5999995529616));
#8652=CARTESIAN_POINT('',(149.800000000001,67.2000000000001,12.7999995529627));
#8653=CARTESIAN_POINT('',(149.3,67.2000000000001,12.2999995529616));
#8654=CARTESIAN_POINT('',(149.79999892763,68.2770357492996,12.9999995529616));
#8655=CARTESIAN_POINT('Ctrl Pts',(149.79999892763,68.2770357493078,12.9999995529643));
#8656=CARTESIAN_POINT('Ctrl Pts',(149.799999482305,67.7199482927692,12.7999990352663));
#8657=CARTESIAN_POINT('Ctrl Pts',(149.800000000001,67.2000000000001,12.7999995529627));
#8658=CARTESIAN_POINT('',(149.332735592892,69.0863575095026,12.9999995529616));
#8659=CARTESIAN_POINT('Origin',(147.,67.2000000000001,12.9999995529616));
#8660=CARTESIAN_POINT('',(147.467262549714,70.1633875395627,12.9999995529616));
#8661=CARTESIAN_POINT('Ctrl Pts',(147.467262549709,70.1633875395652,12.9999995529634));
#8662=CARTESIAN_POINT('Ctrl Pts',(148.399999071303,69.6248725245326,12.6133342729205));
#8663=CARTESIAN_POINT('Ctrl Pts',(149.332735592896,69.0863575095001,12.9999995529634));
#8664=CARTESIAN_POINT('',(146.532738360335,70.1633876830577,12.9999995529616));
#8665=CARTESIAN_POINT('Origin',(147.,67.2000000000001,12.9999995529616));
#8666=CARTESIAN_POINT('',(144.667259782278,69.0863517902615,12.9999995529616));
#8667=CARTESIAN_POINT('Ctrl Pts',(144.667259782274,69.0863517902589,12.9999995529634));
#8668=CARTESIAN_POINT('Ctrl Pts',(145.599999071306,69.6248697366596,12.6133314996633));
#8669=CARTESIAN_POINT('Ctrl Pts',(146.532738360339,70.1633876830603,12.9999995529634));
#8670=CARTESIAN_POINT('',(144.199998927633,68.2770301735534,12.9999995529616));
#8671=CARTESIAN_POINT('Origin',(147.,67.2000000000001,12.9999995529616));
#8672=CARTESIAN_POINT('',(144.20000107237,66.1229642507006,12.9999995529616));
#8673=CARTESIAN_POINT('Ctrl Pts',(144.20000107237,66.1229642506955,12.9999995529634));
#8674=CARTESIAN_POINT('Ctrl Pts',(144.200000000001,67.199997212127,12.6133328862933));
#8675=CARTESIAN_POINT('Ctrl Pts',(144.199998927633,68.2770301735584,12.9999995529634));
#8676=CARTESIAN_POINT('',(144.667263972877,65.3136430274833,12.9999995529616));
#8677=CARTESIAN_POINT('Origin',(147.,67.2000000000001,12.9999995529616));
#8678=CARTESIAN_POINT('',(146.532740855862,64.2366119234533,12.9999995529616));
#8679=CARTESIAN_POINT('Ctrl Pts',(146.532740855867,64.2366119234508,12.9999995529634));
#8680=CARTESIAN_POINT('Ctrl Pts',(145.60000241437,64.7751274754684,12.6133328862933));
#8681=CARTESIAN_POINT('Ctrl Pts',(144.667263972873,65.3136430274859,12.9999995529634));
#8682=CARTESIAN_POINT('',(147.467265045244,64.2366128539301,12.9999995529616));
#8683=CARTESIAN_POINT('Origin',(147.,67.2000000000001,12.9999995529616));
#8684=CARTESIAN_POINT('',(149.332739783493,65.3136476727528,12.9999995529616));
#8685=CARTESIAN_POINT('Ctrl Pts',(149.332739783497,65.3136476727554,12.9999995529634));
#8686=CARTESIAN_POINT('Ctrl Pts',(148.400002414368,64.7751302633414,12.6133328862933));
#8687=CARTESIAN_POINT('Ctrl Pts',(147.467265045239,64.2366128539275,12.9999995529634));
#8688=CARTESIAN_POINT('',(149.800001072367,66.1229698264468,12.9999995529616));
#8689=CARTESIAN_POINT('Origin',(147.,67.2000000000001,12.9999995529616));
#8690=CARTESIAN_POINT('Ctrl Pts',(149.800000000001,67.2000000000001,12.7999995529627));
#8691=CARTESIAN_POINT('Ctrl Pts',(149.800000517695,66.6800543989706,12.8000000706564));
#8692=CARTESIAN_POINT('Ctrl Pts',(149.800001072367,66.1229698264386,12.9999995529643));
#8693=CARTESIAN_POINT('Origin',(147.,67.2000000000003,12.9999995529616));
#8694=CARTESIAN_POINT('',(149.799998390419,68.8165835416034,12.9999995529616));
#8695=CARTESIAN_POINT('',(149.800001609578,65.5834220341431,12.9999995529616));
#8696=CARTESIAN_POINT('',(149.799998390419,68.8165835416034,12.9999995529616));
#8697=CARTESIAN_POINT('Origin',(147.,67.2000000000003,12.9999995529616));
#8698=CARTESIAN_POINT('',(146.999999752188,70.4331615074607,12.9999995529616));
#8699=CARTESIAN_POINT('',(149.799998390419,68.8165835416034,12.9999995529616));
#8700=CARTESIAN_POINT('',(146.999999752188,70.4331615074607,12.9999995529616));
#8701=CARTESIAN_POINT('Origin',(147.,67.2000000000003,12.9999995529616));
#8702=CARTESIAN_POINT('',(149.800001609578,65.5834220341431,12.9999995529616));
#8703=CARTESIAN_POINT('',(147.000003219159,63.9668384925398,12.9999995529616));
#8704=CARTESIAN_POINT('',(149.800001609578,65.5834220341431,12.9999995529616));
#8705=CARTESIAN_POINT('Origin',(147.,67.2000000000003,12.9999995529616));
#8706=CARTESIAN_POINT('',(144.199998390422,68.8165779658572,12.9999995529616));
#8707=CARTESIAN_POINT('',(146.999999752188,70.4331615074607,12.9999995529616));
#8708=CARTESIAN_POINT('',(144.199998390422,68.8165779658572,12.9999995529616));
#8709=CARTESIAN_POINT('Origin',(147.,67.2000000000003,12.9999995529616));
#8710=CARTESIAN_POINT('',(147.000003219159,63.9668384925398,12.9999995529616));
#8711=CARTESIAN_POINT('',(144.200001609581,65.5834164583969,12.9999995529616));
#8712=CARTESIAN_POINT('',(147.000003219159,63.9668384925398,12.9999995529616));
#8713=CARTESIAN_POINT('Origin',(147.,67.2000000000001,-4.4703790447187E-7));
#8714=CARTESIAN_POINT('',(148.6,67.2000000000001,-4.4703790447187E-7));
#8715=CARTESIAN_POINT('',(148.6,67.2000000000001,-4.4703790447187E-7));
#8716=CARTESIAN_POINT('Origin',(147.,67.2000000000001,-4.4703790447187E-7));
#8717=CARTESIAN_POINT('Origin',(139.5,103.2,12.2999995529616));
#8718=CARTESIAN_POINT('',(137.9,103.2,11.5999995529616));
#8719=CARTESIAN_POINT('',(141.1,103.2,11.5999995529616));
#8720=CARTESIAN_POINT('Origin',(139.5,103.2,11.5999995529616));
#8721=CARTESIAN_POINT('',(142.300000000001,103.2,12.7999995529627));
#8722=CARTESIAN_POINT('',(141.8,103.2,12.2999995529616));
#8723=CARTESIAN_POINT('',(142.29999897842,104.277035617259,12.9999995529616));
#8724=CARTESIAN_POINT('Ctrl Pts',(142.29999897842,104.277035617267,12.9999995529644));
#8725=CARTESIAN_POINT('Ctrl Pts',(142.299999506824,103.719948229025,12.7999990597858));
#8726=CARTESIAN_POINT('Ctrl Pts',(142.300000000001,103.2,12.7999995529627));
#8727=CARTESIAN_POINT('',(141.832735667914,105.086357416727,12.9999995529616));
#8728=CARTESIAN_POINT('Origin',(139.5,103.2,12.9999995529616));
#8729=CARTESIAN_POINT('',(139.967262798737,106.163387500297,12.9999995529616));
#8730=CARTESIAN_POINT('Ctrl Pts',(139.967262798732,106.163387500299,12.9999995529634));
#8731=CARTESIAN_POINT('Ctrl Pts',(140.899999233325,105.624872458512,12.6133343174143));
#8732=CARTESIAN_POINT('Ctrl Pts',(141.832735667918,105.086357416725,12.9999995529634));
#8733=CARTESIAN_POINT('',(139.032738609358,106.163387722323,12.9999995529616));
#8734=CARTESIAN_POINT('Origin',(139.5,103.2,12.9999995529616));
#8735=CARTESIAN_POINT('',(137.1672598573,105.086351883036,12.9999995529616));
#8736=CARTESIAN_POINT('Ctrl Pts',(137.167259857295,105.086351883034,12.9999995529634));
#8737=CARTESIAN_POINT('Ctrl Pts',(138.099999233329,105.62486980268,12.6133314551691));
#8738=CARTESIAN_POINT('Ctrl Pts',(139.032738609363,106.163387722326,12.9999995529634));
#8739=CARTESIAN_POINT('',(136.699998978423,104.277030305594,12.9999995529616));
#8740=CARTESIAN_POINT('Origin',(139.5,103.2,12.9999995529616));
#8741=CARTESIAN_POINT('',(136.700001021579,102.122964382741,12.9999995529616));
#8742=CARTESIAN_POINT('Ctrl Pts',(136.700001021579,102.122964382736,12.9999995529634));
#8743=CARTESIAN_POINT('Ctrl Pts',(136.700000000001,103.199997344167,12.6133328862933));
#8744=CARTESIAN_POINT('Ctrl Pts',(136.699998978423,104.277030305599,12.9999995529634));
#8745=CARTESIAN_POINT('',(137.167263883921,101.313643137489,12.9999995529616));
#8746=CARTESIAN_POINT('Origin',(139.5,103.2,12.9999995529616));
#8747=CARTESIAN_POINT('',(139.032740716117,100.236611945488,12.9999995529616));
#8748=CARTESIAN_POINT('Ctrl Pts',(139.032740716121,100.236611945485,12.9999995529634));
#8749=CARTESIAN_POINT('Ctrl Pts',(138.100002300019,100.775127541488,12.6133328862933));
#8750=CARTESIAN_POINT('Ctrl Pts',(137.167263883917,101.313643137491,12.9999995529634));
#8751=CARTESIAN_POINT('',(139.967264905498,100.236612831895,12.9999995529616));
#8752=CARTESIAN_POINT('Origin',(139.5,103.2,12.9999995529616));
#8753=CARTESIAN_POINT('',(141.832739694537,101.313647562747,12.9999995529616));
#8754=CARTESIAN_POINT('Ctrl Pts',(141.832739694541,101.313647562749,12.9999995529634));
#8755=CARTESIAN_POINT('Ctrl Pts',(140.900002300018,100.775130197321,12.6133328862932));
#8756=CARTESIAN_POINT('Ctrl Pts',(139.967264905494,100.236612831892,12.9999995529634));
#8757=CARTESIAN_POINT('',(142.300001021577,102.122969694406,12.9999995529616));
#8758=CARTESIAN_POINT('Origin',(139.5,103.2,12.9999995529616));
#8759=CARTESIAN_POINT('Ctrl Pts',(142.300000000001,103.2,12.7999995529627));
#8760=CARTESIAN_POINT('Ctrl Pts',(142.300000493176,102.680054335227,12.8000000461372));
#8761=CARTESIAN_POINT('Ctrl Pts',(142.300001021577,102.122969694398,12.9999995529645));
#8762=CARTESIAN_POINT('Origin',(139.5,103.2,11.5999995529616));
#8763=CARTESIAN_POINT('Origin',(139.5,103.2,12.9999995529616));
#8764=CARTESIAN_POINT('',(142.299998466653,104.816583409563,12.9999995529616));
#8765=CARTESIAN_POINT('',(142.300001533344,101.583421902102,12.9999995529616));
#8766=CARTESIAN_POINT('',(142.299998466653,104.816583409563,12.9999995529616));
#8767=CARTESIAN_POINT('Origin',(139.5,103.2,12.9999995529616));
#8768=CARTESIAN_POINT('',(139.5,106.43316150746,12.9999995529616));
#8769=CARTESIAN_POINT('',(142.299998466653,104.816583409563,12.9999995529616));
#8770=CARTESIAN_POINT('',(139.5,106.43316150746,12.9999995529616));
#8771=CARTESIAN_POINT('Origin',(139.5,103.2,12.9999995529616));
#8772=CARTESIAN_POINT('',(142.300001533344,101.583421902102,12.9999995529616));
#8773=CARTESIAN_POINT('',(139.500003066691,99.9668384925395,12.9999995529616));
#8774=CARTESIAN_POINT('',(142.300001533344,101.583421902102,12.9999995529616));
#8775=CARTESIAN_POINT('Origin',(139.5,103.2,12.9999995529616));
#8776=CARTESIAN_POINT('',(136.699998466656,104.816578097898,12.9999995529616));
#8777=CARTESIAN_POINT('',(139.5,106.43316150746,12.9999995529616));
#8778=CARTESIAN_POINT('',(136.699998466656,104.816578097898,12.9999995529616));
#8779=CARTESIAN_POINT('Origin',(139.5,103.2,12.9999995529616));
#8780=CARTESIAN_POINT('',(139.500003066691,99.9668384925395,12.9999995529616));
#8781=CARTESIAN_POINT('',(136.700001533347,101.583416590437,12.9999995529616));
#8782=CARTESIAN_POINT('',(139.500003066691,99.9668384925395,12.9999995529616));
#8783=CARTESIAN_POINT('Origin',(139.5,103.2,11.9999995529621));
#8784=CARTESIAN_POINT('',(137.9,103.2,11.9999995529621));
#8785=CARTESIAN_POINT('Origin',(117.000001698732,79.2000000000001,12.2999995529616));
#8786=CARTESIAN_POINT('',(118.600001698732,79.2000000000001,11.5999995529616));
#8787=CARTESIAN_POINT('Origin',(117.000001698732,79.2000000000001,11.5999995529616));
#8788=CARTESIAN_POINT('',(119.800001698735,79.2000000000001,12.7999995529647));
#8789=CARTESIAN_POINT('',(119.300001698732,79.2000000000001,12.2999995529616));
#8790=CARTESIAN_POINT('',(119.800000290791,80.2770366216952,12.9999995529616));
#8791=CARTESIAN_POINT('Ctrl Pts',(119.800000290791,80.2770366217031,12.9999995529651));
#8792=CARTESIAN_POINT('Ctrl Pts',(119.800001019038,79.7199487139257,12.7999988732675));
#8793=CARTESIAN_POINT('Ctrl Pts',(119.800001698735,79.2000000000001,12.7999995529647));
#8794=CARTESIAN_POINT('',(119.332737138123,81.0863576993273,12.9999995529616));
#8795=CARTESIAN_POINT('Origin',(117.000001698732,79.2000000000001,12.9999995529616));
#8796=CARTESIAN_POINT('',(117.467259919567,82.1633882221307,12.9999995529616));
#8797=CARTESIAN_POINT('Ctrl Pts',(117.467259919563,82.1633882221332,12.9999995529634));
#8798=CARTESIAN_POINT('Ctrl Pts',(118.399998528845,81.624872960729,12.6133328862933));
#8799=CARTESIAN_POINT('Ctrl Pts',(119.332737138127,81.0863576993248,12.9999995529634));
#8800=CARTESIAN_POINT('',(116.532735730186,82.1633870004842,12.9999995529616));
#8801=CARTESIAN_POINT('Origin',(117.000001698732,79.2000000000001,12.9999995529616));
#8802=CARTESIAN_POINT('',(114.667261327509,81.0863516004356,12.9999995529616));
#8803=CARTESIAN_POINT('Ctrl Pts',(114.667261327505,81.086351600433,12.9999995529634));
#8804=CARTESIAN_POINT('Ctrl Pts',(115.599998528848,81.6248693004599,12.6133328862933));
#8805=CARTESIAN_POINT('Ctrl Pts',(116.53273573019,82.1633870004868,12.9999995529634));
#8806=CARTESIAN_POINT('',(114.200000290795,80.277029301157,12.9999995529616));
#8807=CARTESIAN_POINT('Origin',(117.000001698732,79.2000000000001,12.9999995529616));
#8808=CARTESIAN_POINT('',(114.200003106674,78.122963378305,12.9999995529616));
#8809=CARTESIAN_POINT('Ctrl Pts',(114.200003106674,78.1229633782999,12.9999995529634));
#8810=CARTESIAN_POINT('Ctrl Pts',(114.200001698735,79.199996339731,12.6133328862933));
#8811=CARTESIAN_POINT('Ctrl Pts',(114.200000290795,80.2770293011621,12.9999995529634));
#8812=CARTESIAN_POINT('',(114.667266259342,77.3136423006729,12.9999995529616));
#8813=CARTESIAN_POINT('Origin',(117.000001698732,79.2000000000001,12.9999995529616));
#8814=CARTESIAN_POINT('',(116.532743477897,76.2366117778695,12.9999995529616));
#8815=CARTESIAN_POINT('Ctrl Pts',(116.532743477902,76.236611777867,12.9999995529634));
#8816=CARTESIAN_POINT('Ctrl Pts',(115.60000486862,76.7751270392712,12.6133328862933));
#8817=CARTESIAN_POINT('Ctrl Pts',(114.667266259337,77.3136423006754,12.9999995529634));
#8818=CARTESIAN_POINT('',(117.467267667279,76.236612999516,12.9999995529616));
#8819=CARTESIAN_POINT('Origin',(117.000001698732,79.2000000000001,12.9999995529616));
#8820=CARTESIAN_POINT('',(119.332742069956,77.3136483995646,12.9999995529616));
#8821=CARTESIAN_POINT('Ctrl Pts',(119.33274206996,77.3136483995672,12.9999995529634));
#8822=CARTESIAN_POINT('Ctrl Pts',(118.400004868617,76.7751306995403,12.6133328862933));
#8823=CARTESIAN_POINT('Ctrl Pts',(117.467267667274,76.2366129995134,12.9999995529634));
#8824=CARTESIAN_POINT('',(119.800003106669,78.1229706988432,12.9999995529616));
#8825=CARTESIAN_POINT('Origin',(117.000001698732,79.2000000000001,12.9999995529616));
#8826=CARTESIAN_POINT('Ctrl Pts',(119.800001698735,79.2000000000001,12.7999995529647));
#8827=CARTESIAN_POINT('Ctrl Pts',(119.800002378428,78.6800548201275,12.8000002326573));
#8828=CARTESIAN_POINT('Ctrl Pts',(119.80000310667,78.1229706988354,12.9999995529651));
#8829=CARTESIAN_POINT('Origin',(117.000001698732,79.2000000000001,12.9999995529616));
#8830=CARTESIAN_POINT('',(119.799999585473,80.8165844139988,12.9999995529616));
#8831=CARTESIAN_POINT('',(119.800003811987,77.5834229065396,12.9999995529616));
#8832=CARTESIAN_POINT('',(119.799999585473,80.8165844139988,12.9999995529616));
#8833=CARTESIAN_POINT('Origin',(117.000001698732,79.2000000000001,12.9999995529616));
#8834=CARTESIAN_POINT('',(116.999997472218,82.4331615074593,12.9999995529616));
#8835=CARTESIAN_POINT('',(119.799999585473,80.8165844139988,12.9999995529616));
#8836=CARTESIAN_POINT('',(116.999997472218,82.4331615074593,12.9999995529616));
#8837=CARTESIAN_POINT('Origin',(117.000001698732,79.2000000000001,12.9999995529616));
#8838=CARTESIAN_POINT('',(119.800003811987,77.5834229065396,12.9999995529616));
#8839=CARTESIAN_POINT('',(117.000005925247,75.966838492541,12.9999995529616));
#8840=CARTESIAN_POINT('',(119.800003811987,77.5834229065396,12.9999995529616));
#8841=CARTESIAN_POINT('Origin',(117.000001698732,79.2000000000001,12.9999995529616));
#8842=CARTESIAN_POINT('',(114.199999585477,80.8165770934606,12.9999995529616));
#8843=CARTESIAN_POINT('',(116.999997472218,82.4331615074593,12.9999995529616));
#8844=CARTESIAN_POINT('',(114.199999585477,80.8165770934606,12.9999995529616));
#8845=CARTESIAN_POINT('Origin',(117.000001698732,79.2000000000001,12.9999995529616));
#8846=CARTESIAN_POINT('',(117.000005925247,75.966838492541,12.9999995529616));
#8847=CARTESIAN_POINT('',(114.200003811992,77.5834155860015,12.9999995529616));
#8848=CARTESIAN_POINT('',(117.000005925247,75.966838492541,12.9999995529616));
#8849=CARTESIAN_POINT('Origin',(117.000001698732,79.2000000000001,-4.4703790447187E-7));
#8850=CARTESIAN_POINT('',(118.600001698732,79.2000000000001,-4.4703790447187E-7));
#8851=CARTESIAN_POINT('Origin',(146.999999752188,70.4331615074607,14.9999995529616));
#8852=CARTESIAN_POINT('',(146.999999752188,70.4331615074607,14.9999995529616));
#8853=CARTESIAN_POINT('',(149.799998390419,68.8165835416034,14.9999995529616));
#8854=CARTESIAN_POINT('Origin',(144.199998390422,68.8165779658572,14.9999995529616));
#8855=CARTESIAN_POINT('',(144.199998390422,68.8165779658572,14.9999995529616));
#8856=CARTESIAN_POINT('Origin',(144.200001609581,65.5834164583969,14.9999995529616));
#8857=CARTESIAN_POINT('',(144.200001609581,65.5834164583969,12.9999995529616));
#8858=CARTESIAN_POINT('',(144.200001609581,65.5834164583969,14.9999995529616));
#8859=CARTESIAN_POINT('',(144.199998390422,68.8165779658572,12.9999995529616));
#8860=CARTESIAN_POINT('Origin',(147.000003219159,63.9668384925398,14.9999995529616));
#8861=CARTESIAN_POINT('',(147.000003219159,63.9668384925398,14.9999995529616));
#8862=CARTESIAN_POINT('',(144.200001609581,65.5834164583969,12.9999995529616));
#8863=CARTESIAN_POINT('Origin',(149.800001609578,65.5834220341431,14.9999995529616));
#8864=CARTESIAN_POINT('',(149.800001609578,65.5834220341431,14.9999995529616));
#8865=CARTESIAN_POINT('Origin',(149.799998390419,68.8165835416034,14.9999995529616));
#8866=CARTESIAN_POINT('Origin',(147.,67.2000000000003,12.9999995529616));
#8867=CARTESIAN_POINT('Origin',(116.999997472218,82.4331615074593,14.9999995529616));
#8868=CARTESIAN_POINT('',(116.999997472218,82.4331615074593,14.9999995529616));
#8869=CARTESIAN_POINT('',(119.799999585473,80.8165844139988,14.9999995529616));
#8870=CARTESIAN_POINT('Origin',(114.199999585477,80.8165770934606,14.9999995529616));
#8871=CARTESIAN_POINT('',(114.199999585477,80.8165770934606,14.9999995529616));
#8872=CARTESIAN_POINT('Origin',(114.200003811992,77.5834155860015,14.9999995529616));
#8873=CARTESIAN_POINT('',(114.200003811992,77.5834155860015,12.9999995529616));
#8874=CARTESIAN_POINT('',(114.200003811992,77.5834155860015,14.9999995529616));
#8875=CARTESIAN_POINT('',(114.199999585477,80.8165770934606,12.9999995529616));
#8876=CARTESIAN_POINT('Origin',(117.000005925247,75.966838492541,14.9999995529616));
#8877=CARTESIAN_POINT('',(117.000005925247,75.966838492541,14.9999995529616));
#8878=CARTESIAN_POINT('',(114.200003811992,77.5834155860015,12.9999995529616));
#8879=CARTESIAN_POINT('Origin',(119.800003811987,77.5834229065396,14.9999995529616));
#8880=CARTESIAN_POINT('',(119.800003811987,77.5834229065396,14.9999995529616));
#8881=CARTESIAN_POINT('Origin',(119.799999585473,80.8165844139988,14.9999995529616));
#8882=CARTESIAN_POINT('Origin',(117.000001698732,79.2000000000001,12.9999995529616));
#8883=CARTESIAN_POINT('Origin',(139.5,106.43316150746,14.9999995529616));
#8884=CARTESIAN_POINT('',(139.5,106.43316150746,14.9999995529616));
#8885=CARTESIAN_POINT('',(142.299998466653,104.816583409563,14.9999995529616));
#8886=CARTESIAN_POINT('Origin',(136.699998466656,104.816578097898,14.9999995529616));
#8887=CARTESIAN_POINT('',(136.699998466656,104.816578097898,14.9999995529616));
#8888=CARTESIAN_POINT('Origin',(136.700001533347,101.583416590437,14.9999995529616));
#8889=CARTESIAN_POINT('',(136.700001533347,101.583416590437,12.9999995529616));
#8890=CARTESIAN_POINT('',(136.700001533347,101.583416590437,14.9999995529616));
#8891=CARTESIAN_POINT('',(136.699998466656,104.816578097898,12.9999995529616));
#8892=CARTESIAN_POINT('Origin',(139.500003066691,99.9668384925395,14.9999995529616));
#8893=CARTESIAN_POINT('',(139.500003066691,99.9668384925395,14.9999995529616));
#8894=CARTESIAN_POINT('',(136.700001533347,101.583416590437,12.9999995529616));
#8895=CARTESIAN_POINT('Origin',(142.300001533344,101.583421902102,14.9999995529616));
#8896=CARTESIAN_POINT('',(142.300001533344,101.583421902102,14.9999995529616));
#8897=CARTESIAN_POINT('Origin',(142.299998466653,104.816583409563,14.9999995529616));
#8898=CARTESIAN_POINT('Origin',(139.5,103.2,12.9999995529616));
#8899=CARTESIAN_POINT('Origin',(137.5,107.1999,-4.47037986628374E-7));
#8900=CARTESIAN_POINT('',(137.5,109.1999,-4.47037986628374E-7));
#8901=CARTESIAN_POINT('Origin',(153.5,61.2000000000001,9.74999972060122));
#8902=CARTESIAN_POINT('',(155.5,61.2000000000001,-4.4703790447187E-7));
#8903=CARTESIAN_POINT('Origin',(153.5,61.2000000000001,-4.4703790447187E-7));
#8904=CARTESIAN_POINT('',(155.5,61.2000000000001,9.74999972060121));
#8905=CARTESIAN_POINT('Origin',(115.,96.2000000000002,-4.47037585111951E-7));
#8906=CARTESIAN_POINT('Origin',(132.,87.0000000000001,-4.47038439284402E-7));
#8907=CARTESIAN_POINT('',(144.5,81.4999999999999,-4.4703790447187E-7));
#8908=CARTESIAN_POINT('Origin',(132.,81.4999999999999,-4.4703843814944E-7));
#8909=CARTESIAN_POINT('',(144.5,68.2000000000001,-4.47038447451571E-7));
#8910=CARTESIAN_POINT('Origin',(145.5,81.4999999999999,-4.47038051021309E-7));
#8911=CARTESIAN_POINT('',(137.,81.4999999999999,-4.47038050408986E-7));
#8912=CARTESIAN_POINT('Origin',(132.,81.4999999999999,-4.47038051021309E-7));
#8913=CARTESIAN_POINT('',(145.5,81.4999999999999,-4.4703790447187E-7));
#8914=CARTESIAN_POINT('Origin',(132.,86.4999999999999,-4.47038051021309E-7));
#8915=CARTESIAN_POINT('',(137.,83.7999999999999,-4.47038050408986E-7));
#8916=CARTESIAN_POINT('Origin',(132.,83.7999999999999,-4.47038051021309E-7));
#8917=CARTESIAN_POINT('',(137.,86.4999999999999,-4.47038050408986E-7));
#8918=CARTESIAN_POINT('Origin',(131.,95.4999999999999,-4.47038051021309E-7));
#8919=CARTESIAN_POINT('',(131.,83.7999999999999,14.399999552962));
#8920=CARTESIAN_POINT('Origin',(131.,83.7999999999999,-4.47038051021309E-7));
#8921=CARTESIAN_POINT('',(131.,96.1999999999999,14.399999552962));
#8922=CARTESIAN_POINT('Origin',(131.,96.1999999999999,-4.47038051021309E-7));
#8923=CARTESIAN_POINT('',(131.,87.4999999999999,14.399999552962));
#8924=CARTESIAN_POINT('Origin',(155.5,26.2000000000002,12.999999776481));
#8925=CARTESIAN_POINT('',(155.5,25.0001000000003,-4.4703790447187E-7));
#8926=CARTESIAN_POINT('',(155.5,84.6000000000001,-4.4703790447187E-7));
#8927=CARTESIAN_POINT('',(155.5,25.0001000000003,10.2499997206009));
#8928=CARTESIAN_POINT('Origin',(153.000002279878,102.4,3.54999955296165));
#8929=CARTESIAN_POINT('Origin',(153.000002279878,102.4,-4.47038319087811E-7));
#8930=CARTESIAN_POINT('Origin',(153.000002279878,102.4,-4.47038319087811E-7));
#8931=CARTESIAN_POINT('Origin',(153.000002279878,105.3,-4.47038319087811E-7));
#8932=CARTESIAN_POINT('Origin',(153.000002279878,108.2,-4.47038319087811E-7));
#8933=CARTESIAN_POINT('Origin',(173.7,108.2,7.19999955296173));
#8934=CARTESIAN_POINT('Origin',(195.5,23.0001000000003,7.49999966472073));
#8935=CARTESIAN_POINT('',(160.999940000088,23.0000500000003,8.29156152885034));
#8936=CARTESIAN_POINT('Origin',(173.5,23.0001000000003,-4.47038426077596E-7));
#8937=CARTESIAN_POINT('',(157.5,23.0001000000003,-4.4703790447187E-7));
#8938=CARTESIAN_POINT('',(157.5,23.0001000000003,10.2499997206009));
#8939=CARTESIAN_POINT('',(158.4999,23.0001000000002,-4.4703790447187E-7));
#8940=CARTESIAN_POINT('',(157.125,23.0001000000003,-4.4703790447187E-7));
#8941=CARTESIAN_POINT('Origin',(173.5,23.0001000000003,-4.47038429883509E-7));
#8942=CARTESIAN_POINT('Origin',(161.,103.1,-4.4703790447187E-7));
#8943=CARTESIAN_POINT('',(156.000002279878,71.8,-4.4703790447187E-7));
#8944=CARTESIAN_POINT('',(150.000002279878,71.8,-4.4703790447187E-7));
#8945=CARTESIAN_POINT('',(157.000001139939,71.8,-4.4703790447187E-7));
#8946=CARTESIAN_POINT('',(159.000002279878,77.6,-4.47038319140169E-7));
#8947=CARTESIAN_POINT('',(157.500002279878,74.7,-4.4703790447187E-7));
#8948=CARTESIAN_POINT('',(159.75,77.6,-4.47038391859778E-7));
#8949=CARTESIAN_POINT('',(157.000001139939,77.6,-4.4703790447187E-7));
#8950=CARTESIAN_POINT('',(159.75,49.2000000000002,-4.47038984978009E-7));
#8951=CARTESIAN_POINT('',(159.75,82.4999999999999,-4.47037904407233E-7));
#8952=CARTESIAN_POINT('',(163.5,49.2000000000002,-4.47038043933447E-7));
#8953=CARTESIAN_POINT('',(159.75,49.2000000000002,-4.47038984978009E-7));
#8954=CARTESIAN_POINT('',(163.5,48.2000000000002,-4.47038043933447E-7));
#8955=CARTESIAN_POINT('',(163.5,48.2000000000002,-4.47038043933447E-7));
#8956=CARTESIAN_POINT('',(161.4,48.2000000000002,-4.47038043804859E-7));
#8957=CARTESIAN_POINT('',(159.75,48.2000000000002,-4.47038984978009E-7));
#8958=CARTESIAN_POINT('',(161.4,43.0000000000002,-4.47038043804859E-7));
#8959=CARTESIAN_POINT('',(161.4,43.0000000000002,-4.47038043804859E-7));
#8960=CARTESIAN_POINT('',(163.5,43.0000000000002,-4.4703788185723E-7));
#8961=CARTESIAN_POINT('',(168.5,43.0000000000002,-4.4703790447187E-7));
#8962=CARTESIAN_POINT('',(163.5,28.2000000000002,-4.4703788185723E-7));
#8963=CARTESIAN_POINT('',(163.5,28.2000000000002,-4.4703788185723E-7));
#8964=CARTESIAN_POINT('',(162.4,28.2000000000002,-4.47037890985074E-7));
#8965=CARTESIAN_POINT('',(188.5,28.2000000000002,-4.47037886156327E-7));
#8966=CARTESIAN_POINT('',(162.4,21.0000000000002,-4.4703805013452E-7));
#8967=CARTESIAN_POINT('',(162.4,28.2000000000002,-4.47037890985074E-7));
#8968=CARTESIAN_POINT('',(163.5,21.0000000000002,-4.47037888013537E-7));
#8969=CARTESIAN_POINT('',(167.25,21.0000000000002,-4.47037888013537E-7));
#8970=CARTESIAN_POINT('',(163.5,20.0000000000002,-4.47037887600824E-7));
#8971=CARTESIAN_POINT('',(163.5,21.0000000000002,-4.47037888013537E-7));
#8972=CARTESIAN_POINT('',(161.5,20.0000000000002,-4.47037887600824E-7));
#8973=CARTESIAN_POINT('',(167.25,20.0000000000002,-4.47037887600824E-7));
#8974=CARTESIAN_POINT('',(160.,21.5000000000002,-4.47037888219894E-7));
#8975=CARTESIAN_POINT('Origin',(157.5,25.0001000000003,-4.4703790447187E-7));
#8976=CARTESIAN_POINT('',(147.000002279878,83.7999999999999,-4.47038319087811E-7));
#8977=CARTESIAN_POINT('',(161.,83.7999999999999,-4.4703790447187E-7));
#8978=CARTESIAN_POINT('',(147.000002279878,82.7999999999999,-4.47038319087811E-7));
#8979=CARTESIAN_POINT('',(147.000002279878,82.7999999999999,-4.47038319087811E-7));
#8980=CARTESIAN_POINT('',(145.900002279878,82.7999999999999,-4.47038319087811E-7));
#8981=CARTESIAN_POINT('',(143.500004559755,82.7999999999999,-4.47038421662067E-7));
#8982=CARTESIAN_POINT('',(145.900002279878,77.6,-4.47038319972837E-7));
#8983=CARTESIAN_POINT('',(145.900002279878,96.2,-4.4703790447187E-7));
#8984=CARTESIAN_POINT('',(147.000002279878,77.6,-4.47038319695281E-7));
#8985=CARTESIAN_POINT('',(157.000001139939,77.6,-4.4703790447187E-7));
#8986=CARTESIAN_POINT('',(148.500002279878,74.7,-4.4703790447187E-7));
#8987=CARTESIAN_POINT('',(161.1,29.2000000000001,-4.4703790447187E-7));
#8988=CARTESIAN_POINT('Origin',(159.5,29.2000000000001,-4.4703790447187E-7));
#8989=CARTESIAN_POINT('Origin',(153.000002279878,71.8,2.99999955296165));
#8990=CARTESIAN_POINT('Origin',(153.000002279878,71.8,-4.47038319087811E-7));
#8991=CARTESIAN_POINT('Origin',(173.5,97.3,-4.4703842960736E-7));
#8992=CARTESIAN_POINT('',(184.5,97.2,-4.47038422224154E-7));
#8993=CARTESIAN_POINT('Origin',(173.5,97.2,-4.4703842960736E-7));
#8994=CARTESIAN_POINT('',(184.5,96.2,-4.47038422224154E-7));
#8995=CARTESIAN_POINT('',(184.5,97.3,-4.47038422224154E-7));
#8996=CARTESIAN_POINT('Origin',(173.5,96.2,-4.4703842960736E-7));
#8997=CARTESIAN_POINT('Origin',(173.7,97.2,7.19999955296173));
#8998=CARTESIAN_POINT('',(185.6,97.2,-4.47038422156799E-7));
#8999=CARTESIAN_POINT('Origin',(173.5,97.2,-4.47038422156799E-7));
#9000=CARTESIAN_POINT('',(187.9,97.2,-4.47037906476704E-7));
#9001=CARTESIAN_POINT('Origin',(173.5,102.5,-4.47038422156799E-7));
#9002=CARTESIAN_POINT('',(185.6,102.4,-4.47038422156799E-7));
#9003=CARTESIAN_POINT('Origin',(173.5,102.4,-4.47038422156799E-7));
#9004=CARTESIAN_POINT('',(185.6,102.5,-4.47038422156799E-7));
#9005=CARTESIAN_POINT('Origin',(173.5,102.4,-4.47038068784877E-7));
#9006=CARTESIAN_POINT('',(183.5,102.4,-4.4703790447187E-7));
#9007=CARTESIAN_POINT('Origin',(173.5,102.4,-4.4703806795221E-7));
#9008=CARTESIAN_POINT('',(167.25,102.4,-4.4703790447187E-7));
#9009=CARTESIAN_POINT('Origin',(173.5,104.,-4.4703806795221E-7));
#9010=CARTESIAN_POINT('',(183.5,104.,-4.4703790447187E-7));
#9011=CARTESIAN_POINT('Origin',(173.5,104.,-4.4703806795221E-7));
#9012=CARTESIAN_POINT('',(183.5,104.,-4.4703790447187E-7));
#9013=CARTESIAN_POINT('Origin',(173.5,104.,-4.47038068784877E-7));
#9014=CARTESIAN_POINT('',(184.6,104.,-4.4703790447187E-7));
#9015=CARTESIAN_POINT('Origin',(173.5,104.,-4.4703806795221E-7));
#9016=CARTESIAN_POINT('',(167.25,104.,-4.4703790447187E-7));
#9017=CARTESIAN_POINT('Origin',(173.5,104.,-4.4703806795221E-7));
#9018=CARTESIAN_POINT('',(184.6,111.2,-4.4703790447187E-7));
#9019=CARTESIAN_POINT('',(184.6,104.,-4.4703790447187E-7));
#9020=CARTESIAN_POINT('Origin',(173.5,111.2,-4.4703806795221E-7));
#9021=CARTESIAN_POINT('Origin',(173.5,111.2,-4.47038068784877E-7));
#9022=CARTESIAN_POINT('',(183.5,111.2,-4.47038066727563E-7));
#9023=CARTESIAN_POINT('Origin',(173.5,111.2,-4.4703806795221E-7));
#9024=CARTESIAN_POINT('',(167.25,111.2,-4.4703790447187E-7));
#9025=CARTESIAN_POINT('Origin',(173.5,111.2,-4.4703806795221E-7));
#9026=CARTESIAN_POINT('',(183.5,112.2,-4.47038066727563E-7));
#9027=CARTESIAN_POINT('Origin',(173.5,112.2,-4.4703806795221E-7));
#9028=CARTESIAN_POINT('',(183.5,111.2,-4.4703790447187E-7));
#9029=CARTESIAN_POINT('Origin',(173.5,112.2,-4.47038068784877E-7));
#9030=CARTESIAN_POINT('',(185.5,112.2,-4.4703790447187E-7));
#9031=CARTESIAN_POINT('Origin',(173.5,112.2,-4.47038445516374E-7));
#9032=CARTESIAN_POINT('',(167.25,112.2,-4.4703790447187E-7));
#9033=CARTESIAN_POINT('Origin',(173.5,110.7,-4.47038445516374E-7));
#9034=CARTESIAN_POINT('',(188.5,109.2,-4.47037910703841E-7));
#9035=CARTESIAN_POINT('',(160.999940000088,109.19995,8.29156152885026));
#9036=CARTESIAN_POINT('Origin',(173.5,109.2,-4.47038445516374E-7));
#9037=CARTESIAN_POINT('',(187.,110.7,-4.4703790447187E-7));
#9038=CARTESIAN_POINT('Origin',(173.5,109.1999,-4.47038445516374E-7));
#9039=CARTESIAN_POINT('Origin',(173.5,21.5000000000002,-4.47038429264398E-7));
#9040=CARTESIAN_POINT('',(185.5,20.0000000000002,-4.47037887600824E-7));
#9041=CARTESIAN_POINT('Origin',(173.5,20.0000000000002,-4.47038428645328E-7));
#9042=CARTESIAN_POINT('',(188.5,23.0000000000002,-4.47037895070936E-7));
#9043=CARTESIAN_POINT('',(187.,21.5000000000002,-4.47037888219894E-7));
#9044=CARTESIAN_POINT('Origin',(173.5,23.0000000000002,-4.47038429883468E-7));
#9045=CARTESIAN_POINT('Origin',(173.5,20.0000000000002,-4.47038051913832E-7));
#9046=CARTESIAN_POINT('',(183.5,20.0000000000002,-4.47038049856518E-7));
#9047=CARTESIAN_POINT('Origin',(173.5,20.0000000000002,-4.47038051081165E-7));
#9048=CARTESIAN_POINT('',(167.25,20.0000000000002,-4.47037887600824E-7));
#9049=CARTESIAN_POINT('Origin',(173.5,21.0000000000002,-4.47038051493878E-7));
#9050=CARTESIAN_POINT('',(183.5,21.0000000000002,-4.47038050269231E-7));
#9051=CARTESIAN_POINT('Origin',(173.5,21.0000000000002,-4.47038051493878E-7));
#9052=CARTESIAN_POINT('',(183.5,21.0000000000002,-4.47037888013537E-7));
#9053=CARTESIAN_POINT('Origin',(173.5,21.0000000000002,-4.47038052326545E-7));
#9054=CARTESIAN_POINT('',(184.6,21.0000000000002,-4.47037888013537E-7));
#9055=CARTESIAN_POINT('Origin',(173.5,21.0000000000002,-4.47038051493878E-7));
#9056=CARTESIAN_POINT('',(167.25,21.0000000000002,-4.47037888013537E-7));
#9057=CARTESIAN_POINT('Origin',(173.5,28.2000000000002,-4.47038054465414E-7));
#9058=CARTESIAN_POINT('',(184.6,28.2000000000002,-4.47037890985074E-7));
#9059=CARTESIAN_POINT('Origin',(173.5,28.2000000000002,-4.47038054465414E-7));
#9060=CARTESIAN_POINT('',(184.6,28.2000000000002,-4.47037890985074E-7));
#9061=CARTESIAN_POINT('Origin',(173.5,28.2000000000002,7.49999955296185));
#9062=CARTESIAN_POINT('',(183.5,28.2000000000002,-4.47037885296508E-7));
#9063=CARTESIAN_POINT('Origin',(173.5,28.2000000000002,-4.47038044359971E-7));
#9064=CARTESIAN_POINT('',(188.5,28.2000000000002,-4.47037886156327E-7));
#9065=CARTESIAN_POINT('Origin',(173.5,28.2000000000002,-4.47038044359971E-7));
#9066=CARTESIAN_POINT('',(183.5,43.0000000000002,-4.47037885296508E-7));
#9067=CARTESIAN_POINT('Origin',(173.5,43.0000000000002,-4.47038044359971E-7));
#9068=CARTESIAN_POINT('',(183.5,28.2000000000002,-4.47037885296508E-7));
#9069=CARTESIAN_POINT('Origin',(176.,43.0000000000002,7.49999966472073));
#9070=CARTESIAN_POINT('',(185.6,43.0000000000002,-4.47038045286682E-7));
#9071=CARTESIAN_POINT('Origin',(173.5,43.0000000000002,-4.47038043804859E-7));
#9072=CARTESIAN_POINT('',(168.5,43.0000000000002,-4.4703790447187E-7));
#9073=CARTESIAN_POINT('Origin',(173.5,43.0000000000002,-4.47038043804859E-7));
#9074=CARTESIAN_POINT('',(185.6,48.2000000000002,-4.47038045286682E-7));
#9075=CARTESIAN_POINT('Origin',(173.5,48.2000000000002,-4.47038043804859E-7));
#9076=CARTESIAN_POINT('',(185.6,43.0000000000002,-4.47038045286682E-7));
#9077=CARTESIAN_POINT('Origin',(173.5,48.2000000000002,6.87499955296129));
#9078=CARTESIAN_POINT('',(183.5,48.2000000000002,-4.47038045158094E-7));
#9079=CARTESIAN_POINT('Origin',(173.5,48.2000000000002,-4.47038438489145E-7));
#9080=CARTESIAN_POINT('',(185.6,48.2000000000002,-4.47038045286682E-7));
#9081=CARTESIAN_POINT('Origin',(173.5,48.2000000000002,-4.47038438489145E-7));
#9082=CARTESIAN_POINT('',(183.5,49.2000000000002,-4.47038045158094E-7));
#9083=CARTESIAN_POINT('Origin',(173.5,49.2000000000002,-4.47038438489145E-7));
#9084=CARTESIAN_POINT('',(183.5,48.2000000000002,-4.47038045158094E-7));
#9085=CARTESIAN_POINT('Origin',(173.5,49.2000000000002,6.87499955296129));
#9086=CARTESIAN_POINT('',(187.25,49.2000000000002,-4.4703789173059E-7));
#9087=CARTESIAN_POINT('Origin',(173.5,49.2000000000002,-4.47038433134973E-7));
#9088=CARTESIAN_POINT('',(185.6,49.2000000000002,-4.47038045286682E-7));
#9089=CARTESIAN_POINT('Origin',(173.5,79.0000000000001,-4.47038439284402E-7));
#9090=CARTESIAN_POINT('',(159.896232139587,83.7999999999999,1.99999955296176));
#9091=CARTESIAN_POINT('',(159.896232139587,82.7999999999999,1.99999955296176));
#9092=CARTESIAN_POINT('',(159.896232139587,79.0000000000001,1.99999955296169));
#9093=CARTESIAN_POINT('',(187.25,83.7999999999999,-4.4703790447187E-7));
#9094=CARTESIAN_POINT('Origin',(173.5,83.7999999999999,-4.4703844000665E-7));
#9095=CARTESIAN_POINT('',(187.25,79.0000000000001,-4.4703790447187E-7));
#9096=CARTESIAN_POINT('',(160.190036021302,77.6,3.45070366745359));
#9097=CARTESIAN_POINT('Origin',(173.5,77.6,-4.47038438995503E-7));
#9098=CARTESIAN_POINT('',(160.190036021302,82.7999999999999,3.45070366745359));
#9099=CARTESIAN_POINT('',(160.190036021302,79.0000000000001,3.45070366745359));
#9100=CARTESIAN_POINT('Origin',(173.5,82.7999999999999,-4.47038440068557E-7));
#9101=CARTESIAN_POINT('Origin',(159.000002279878,82.7999999999999,1.99999955296168));
#9102=CARTESIAN_POINT('',(158.65685652937,83.8,1.99999955296168));
#9103=CARTESIAN_POINT('',(160.000001139939,83.7999999999999,1.99999955296169));
#9104=CARTESIAN_POINT('',(158.65685652937,82.7999999999999,1.99999955296168));
#9105=CARTESIAN_POINT('',(156.000002279878,82.7999999999999,1.99999955296165));
#9106=CARTESIAN_POINT('',(158.65685652937,82.7999999999999,1.99999955296168));
#9107=CARTESIAN_POINT('Origin',(173.5,87.4999999999999,-4.47038422156799E-7));
#9108=CARTESIAN_POINT('',(173.5,83.7999999999999,14.3999995529616));
#9109=CARTESIAN_POINT('',(187.9,83.7999999999999,-4.4703790447187E-7));
#9110=CARTESIAN_POINT('Origin',(173.5,83.7999999999999,-4.47038422156799E-7));
#9111=CARTESIAN_POINT('',(173.5,96.2,14.3999995529616));
#9112=CARTESIAN_POINT('',(173.5,87.4999999999999,14.3999995529616));
#9113=CARTESIAN_POINT('',(187.9,96.2,-4.47037906476704E-7));
#9114=CARTESIAN_POINT('Origin',(173.5,96.2,-4.47038422156799E-7));
#9115=CARTESIAN_POINT('',(187.9,87.4999999999999,-4.4703790447187E-7));
#9116=CARTESIAN_POINT('Origin',(159.706037331168,79.0000000000001,3.57618381707148));
#9117=CARTESIAN_POINT('',(159.264850814636,82.7999999999999,3.34090853653794));
#9118=CARTESIAN_POINT('Origin',(159.706037331168,82.7999999999999,3.57618381707148));
#9119=CARTESIAN_POINT('',(159.264850814636,77.6,3.34090853653794));
#9120=CARTESIAN_POINT('Origin',(159.706037331168,77.6,3.57618381707148));
#9121=CARTESIAN_POINT('',(159.264850814636,79.0000000000001,3.34090853653794));
#9122=CARTESIAN_POINT('Origin',(191.5,56.1,-15.5000004470379));
#9123=CARTESIAN_POINT('',(189.9,56.1,2.9999995529621));
#9124=CARTESIAN_POINT('',(189.9,56.1,-15.5000004470379));
#9125=CARTESIAN_POINT('Origin',(191.5,56.1,2.9999995529621));
#9126=CARTESIAN_POINT('Origin',(191.5,76.0999999999996,-15.5000004470384));
#9127=CARTESIAN_POINT('',(189.9,76.0999999999996,2.9999995529621));
#9128=CARTESIAN_POINT('',(189.9,76.0999999999996,-15.5000004470384));
#9129=CARTESIAN_POINT('Origin',(191.5,76.0999999999996,2.9999995529621));
#9130=CARTESIAN_POINT('Origin',(153.000002279878,74.7,-4.47038319087811E-7));
#9131=CARTESIAN_POINT('Origin',(153.000002279878,77.6,-4.47038319087811E-7));
#9132=CARTESIAN_POINT('Origin',(173.5,79.0000000000001,-4.47038439284402E-7));
#9133=CARTESIAN_POINT('Origin',(173.5,109.1999,-4.47038445516353E-7));
#9134=CARTESIAN_POINT('',(184.9,109.1999,9.74884563852467));
#9135=CARTESIAN_POINT('Origin',(173.5,109.1999,-4.47038445516353E-7));
#9136=CARTESIAN_POINT('',(188.5,105.5999,-4.4703790447187E-7));
#9137=CARTESIAN_POINT('Origin',(173.5,120.5999,-4.47038447868819E-7));
#9138=CARTESIAN_POINT('',(188.5,79.0000000000001,-4.4703790447187E-7));
#9139=CARTESIAN_POINT('Origin',(173.5,79.0000000000001,-4.47038439284402E-7));
#9140=CARTESIAN_POINT('',(188.5,26.6001000000003,-4.47037904749425E-7));
#9141=CARTESIAN_POINT('',(188.5,79.0000000000001,-4.4703790447187E-7));
#9142=CARTESIAN_POINT('',(184.9,23.0001000000003,9.74884563852469));
#9143=CARTESIAN_POINT('Origin',(173.5,11.6001000000003,-4.47038425375983E-7));
#9144=CARTESIAN_POINT('Origin',(173.5,23.0001000000003,-4.47038426077596E-7));
#9145=CARTESIAN_POINT('Origin',(191.5,56.1,2.9999995529621));
#9146=CARTESIAN_POINT('',(194.299998643226,54.4834168962694,2.9999995529621));
#9147=CARTESIAN_POINT('',(194.300001356772,57.7165784037302,2.9999995529621));
#9148=CARTESIAN_POINT('',(194.300001356772,57.7165784037302,2.9999995529621));
#9149=CARTESIAN_POINT('',(191.499997286454,52.8668384925392,2.9999995529621));
#9150=CARTESIAN_POINT('',(194.299998643226,54.4834168962694,2.9999995529621));
#9151=CARTESIAN_POINT('',(188.699998643228,54.4834215962697,2.9999995529621));
#9152=CARTESIAN_POINT('',(191.499997286454,52.8668384925392,2.9999995529621));
#9153=CARTESIAN_POINT('',(188.700001356774,57.7165831037305,2.9999995529621));
#9154=CARTESIAN_POINT('',(188.699998643228,54.4834215962697,2.9999995529621));
#9155=CARTESIAN_POINT('',(191.500002713547,59.3331615074607,2.9999995529621));
#9156=CARTESIAN_POINT('',(188.700001356774,57.7165831037305,2.9999995529621));
#9157=CARTESIAN_POINT('',(191.500002713547,59.3331615074607,2.9999995529621));
#9158=CARTESIAN_POINT('Origin',(194.299998643226,54.4834168962694,-4.4703790447187E-7));
#9159=CARTESIAN_POINT('',(194.299998643226,54.4834168962694,-4.4703790447187E-7));
#9160=CARTESIAN_POINT('',(194.300001356772,57.7165784037302,-4.4703790447187E-7));
#9161=CARTESIAN_POINT('',(194.300019044817,78.7916944740101,-4.4703790447187E-7));
#9162=CARTESIAN_POINT('',(194.299998643226,54.4834168962694,-4.4703790447187E-7));
#9163=CARTESIAN_POINT('',(194.300001356772,57.7165784037302,-4.4703790447187E-7));
#9164=CARTESIAN_POINT('Origin',(194.300001356772,57.7165784037302,-4.4703790447187E-7));
#9165=CARTESIAN_POINT('',(191.500002713547,59.3331615074607,-4.4703790447187E-7));
#9166=CARTESIAN_POINT('',(171.986704424263,70.5991913638782,-4.4703790447187E-7));
#9167=CARTESIAN_POINT('',(191.500002713547,59.3331615074607,-4.4703790447187E-7));
#9168=CARTESIAN_POINT('Origin',(191.500002713547,59.3331615074607,-4.4703790447187E-7));
#9169=CARTESIAN_POINT('',(188.700001356774,57.7165831037305,-4.4703790447187E-7));
#9170=CARTESIAN_POINT('',(189.538279922851,58.2005625214376,-4.4703790447187E-7));
#9171=CARTESIAN_POINT('',(188.700001356774,57.7165831037305,-4.4703790447187E-7));
#9172=CARTESIAN_POINT('Origin',(188.700001356774,57.7165831037305,-4.4703790447187E-7));
#9173=CARTESIAN_POINT('',(188.699998643228,54.4834215962697,-4.4703790447187E-7));
#9174=CARTESIAN_POINT('',(188.700020401593,80.4082799277407,-4.4703790447187E-7));
#9175=CARTESIAN_POINT('',(188.699998643228,54.4834215962697,-4.4703790447187E-7));
#9176=CARTESIAN_POINT('Origin',(188.699998643228,54.4834215962697,-4.4703790447187E-7));
#9177=CARTESIAN_POINT('',(191.499997286454,52.8668384925392,-4.4703790447187E-7));
#9178=CARTESIAN_POINT('',(167.786701032332,66.5577430045523,-4.4703790447187E-7));
#9179=CARTESIAN_POINT('',(191.499997286454,52.8668384925392,-4.4703790447187E-7));
#9180=CARTESIAN_POINT('Origin',(191.499997286454,52.8668384925392,-4.4703790447187E-7));
#9181=CARTESIAN_POINT('',(190.938275174144,52.5425287083811,-4.4703790447187E-7));
#9182=CARTESIAN_POINT('Origin',(191.5,76.0999999999995,2.9999995529621));
#9183=CARTESIAN_POINT('',(194.299997903167,74.4834156144524,2.9999995529621));
#9184=CARTESIAN_POINT('',(194.300002096829,77.7165771219116,2.9999995529621));
#9185=CARTESIAN_POINT('',(194.300002096829,77.7165771219116,2.9999995529621));
#9186=CARTESIAN_POINT('',(191.5,72.8668384925403,2.9999995529621));
#9187=CARTESIAN_POINT('',(194.299997903167,74.4834156144524,2.9999995529621));
#9188=CARTESIAN_POINT('',(188.699997903172,74.4834228780875,2.9999995529621));
#9189=CARTESIAN_POINT('',(191.5,72.8668384925403,2.9999995529621));
#9190=CARTESIAN_POINT('',(188.700002096833,77.7165843855467,2.9999995529621));
#9191=CARTESIAN_POINT('',(188.699997903172,74.4834228780875,2.9999995529621));
#9192=CARTESIAN_POINT('',(191.500004193662,79.3331615074588,2.9999995529621));
#9193=CARTESIAN_POINT('',(188.700002096833,77.7165843855467,2.9999995529621));
#9194=CARTESIAN_POINT('',(191.500004193662,79.3331615074588,2.9999995529621));
#9195=CARTESIAN_POINT('Origin',(194.299997903167,74.4834156144524,-4.4703790447187E-7));
#9196=CARTESIAN_POINT('',(194.299997903167,74.4834156144524,-4.4703790447187E-7));
#9197=CARTESIAN_POINT('',(194.300002096829,77.7165771219116,-4.4703790447187E-7));
#9198=CARTESIAN_POINT('',(194.300016462106,88.7916862108596,-4.4703790447187E-7));
#9199=CARTESIAN_POINT('',(194.299997903167,74.4834156144524,-4.4703790447187E-7));
#9200=CARTESIAN_POINT('',(194.300002096829,77.7165771219116,-4.4703790447187E-7));
#9201=CARTESIAN_POINT('Origin',(194.300002096829,77.7165771219116,-4.4703790447187E-7));
#9202=CARTESIAN_POINT('',(191.500004193662,79.3331615074588,-4.4703790447187E-7));
#9203=CARTESIAN_POINT('',(176.316839520609,88.0991919769416,-4.4703790447187E-7));
#9204=CARTESIAN_POINT('',(191.500004193662,79.3331615074588,-4.4703790447187E-7));
#9205=CARTESIAN_POINT('Origin',(191.500004193662,79.3331615074588,-4.4703790447187E-7));
#9206=CARTESIAN_POINT('',(188.700002096833,77.7165843855467,-4.4703790447187E-7));
#9207=CARTESIAN_POINT('',(185.208149259359,75.7005682487953,-4.4703790447187E-7));
#9208=CARTESIAN_POINT('',(188.700002096833,77.7165843855467,-4.4703790447187E-7));
#9209=CARTESIAN_POINT('Origin',(188.700002096833,77.7165843855467,-4.4703790447187E-7));
#9210=CARTESIAN_POINT('',(188.699997903172,74.4834228780875,-4.4703790447187E-7));
#9211=CARTESIAN_POINT('',(188.700018558941,90.4082742282243,-4.4703790447187E-7));
#9212=CARTESIAN_POINT('',(188.699997903172,74.4834228780875,-4.4703790447187E-7));
#9213=CARTESIAN_POINT('Origin',(188.699997903172,74.4834228780875,-4.4703790447187E-7));
#9214=CARTESIAN_POINT('',(191.5,72.8668384925403,-4.4703790447187E-7));
#9215=CARTESIAN_POINT('',(172.116831139381,84.0577330129389,-4.4703790447187E-7));
#9216=CARTESIAN_POINT('',(191.5,72.8668384925403,-4.4703790447187E-7));
#9217=CARTESIAN_POINT('Origin',(191.5,72.8668384925403,-4.4703790447187E-7));
#9218=CARTESIAN_POINT('',(186.608158008503,70.0425364319855,-4.4703790447187E-7));
#9219=CARTESIAN_POINT('Origin',(161.,103.1,-4.4703790447187E-7));
#9220=CARTESIAN_POINT('',(193.596194077713,31.6962940777129,-4.47037904749426E-7));
#9221=CARTESIAN_POINT('',(195.5,36.2924881554254,-4.4703790447187E-7));
#9222=CARTESIAN_POINT('Origin',(189.,36.2924881554254,-4.4703790447187E-7));
#9223=CARTESIAN_POINT('',(201.299975,39.4000750000003,-4.47037904749426E-7));
#9224=CARTESIAN_POINT('',(161.,83.7999999999999,-4.4703790447187E-7));
#9225=CARTESIAN_POINT('',(187.9,96.2,-4.47037906476704E-7));
#9226=CARTESIAN_POINT('',(193.596194077713,100.503705922288,-4.4703790447187E-7));
#9227=CARTESIAN_POINT('',(182.799975,111.299925,-4.4703790447187E-7));
#9228=CARTESIAN_POINT('',(195.5,95.9075118445749,-4.4703790447187E-7));
#9229=CARTESIAN_POINT('Origin',(189.,95.9075118445749,-4.4703790447187E-7));
#9230=CARTESIAN_POINT('',(195.5,109.55,-4.4703790447187E-7));
#9231=CARTESIAN_POINT('',(191.1,98.2000000000001,-4.47037903361647E-7));
#9232=CARTESIAN_POINT('Origin',(189.5,98.2000000000001,-4.47037903361647E-7));
#9233=CARTESIAN_POINT('',(191.1,34.0000000000002,-4.4703790447187E-7));
#9234=CARTESIAN_POINT('Origin',(189.5,34.0000000000002,-4.4703790447187E-7));
#9235=CARTESIAN_POINT('Origin',(193.,109.1999,-4.47038068784877E-7));
#9236=CARTESIAN_POINT('',(184.9,109.1999,-4.47037986628374E-7));
#9237=CARTESIAN_POINT('Origin',(195.5,23.0001000000003,7.49999966472073));
#9238=CARTESIAN_POINT('',(184.9,23.0001000000003,3.74999960884141));
#9239=CARTESIAN_POINT('Origin',(195.5,116.,-4.4703790447187E-7));
#9240=CARTESIAN_POINT('',(195.5,36.2924881554254,1.87499958090176));
#9241=CARTESIAN_POINT('',(195.5,95.9075118445749,-4.47037945550122E-7));
#9242=CARTESIAN_POINT('Origin',(193.,109.1999,-4.47038068784877E-7));
#9243=CARTESIAN_POINT('Origin',(157.5,25.0001000000003,10.2499997206009));
#9244=CARTESIAN_POINT('Origin',(189.9,28.0001000000003,3.74999960884141));
#9245=CARTESIAN_POINT('',(193.596194077713,31.6962940777129,1.87499958090176));
#9246=CARTESIAN_POINT('Origin',(189.,36.2924881554254,1.87499958090176));
#9247=CARTESIAN_POINT('Origin',(189.,95.9075118445749,-4.47037945550122E-7));
#9248=CARTESIAN_POINT('',(193.596194077713,100.503705922287,-4.47037945550122E-7));
#9249=CARTESIAN_POINT('Origin',(189.9,104.1999,-4.47037986628374E-7));
#9250=CARTESIAN_POINT('Origin',(189.5,34.0000000000002,12.9999995529616));
#9251=CARTESIAN_POINT('',(186.7,32.9229670385731,12.9999995529616));
#9252=CARTESIAN_POINT('',(187.167262094691,32.1136453501172,12.9999995529616));
#9253=CARTESIAN_POINT('Origin',(189.5,34.0000000000002,12.9999995529616));
#9254=CARTESIAN_POINT('',(186.7,32.3834192462692,12.9999995529616));
#9255=CARTESIAN_POINT('',(186.7,35.616580753731,12.9999995529616));
#9256=CARTESIAN_POINT('',(186.7,32.3834192462692,12.9999995529616));
#9257=CARTESIAN_POINT('Origin',(192.3,35.6165807537312,14.9999995529616));
#9258=CARTESIAN_POINT('',(192.3,35.6165807537312,12.9999995529616));
#9259=CARTESIAN_POINT('',(192.3,35.6165807537312,14.9999995529616));
#9260=CARTESIAN_POINT('',(192.3,35.0770329614273,12.9999995529616));
#9261=CARTESIAN_POINT('',(192.3,32.3834192462694,12.9999995529616));
#9262=CARTESIAN_POINT('',(192.3,34.0000000000002,12.7999995529618));
#9263=CARTESIAN_POINT('Ctrl Pts',(192.3,35.0770329614353,12.9999995529647));
#9264=CARTESIAN_POINT('Ctrl Pts',(192.3,34.5199469468997,12.7999995529618));
#9265=CARTESIAN_POINT('Ctrl Pts',(192.3,34.0000000000002,12.7999995529618));
#9266=CARTESIAN_POINT('',(192.3,32.9229670385734,12.9999995529616));
#9267=CARTESIAN_POINT('Ctrl Pts',(192.3,34.0000000000002,12.7999995529618));
#9268=CARTESIAN_POINT('Ctrl Pts',(192.3,33.4800530531009,12.7999995529618));
#9269=CARTESIAN_POINT('Ctrl Pts',(192.3,32.9229670385654,12.9999995529647));
#9270=CARTESIAN_POINT('',(192.3,32.3834192462694,12.9999995529616));
#9271=CARTESIAN_POINT('',(192.3,32.3834192462694,12.9999995529616));
#9272=CARTESIAN_POINT('',(192.3,32.3834192462694,14.9999995529616));
#9273=CARTESIAN_POINT('Origin',(192.3,32.3834192462694,14.9999995529616));
#9274=CARTESIAN_POINT('',(191.832737905309,32.1136453501173,12.9999995529616));
#9275=CARTESIAN_POINT('',(189.5,30.7668384925383,12.9999995529616));
#9276=CARTESIAN_POINT('',(189.967262094691,31.0366123886904,12.9999995529616));
#9277=CARTESIAN_POINT('Ctrl Pts',(191.832737905314,32.1136453501199,12.9999995529634));
#9278=CARTESIAN_POINT('Ctrl Pts',(190.9,31.5751288694039,12.6133328862933));
#9279=CARTESIAN_POINT('Ctrl Pts',(189.967262094687,31.0366123886878,12.9999995529634));
#9280=CARTESIAN_POINT('',(189.5,30.7668384925383,12.9999995529616));
#9281=CARTESIAN_POINT('',(189.5,30.7668384925383,12.9999995529616));
#9282=CARTESIAN_POINT('',(189.5,30.7668384925383,14.9999995529616));
#9283=CARTESIAN_POINT('Origin',(189.5,30.7668384925383,14.9999995529616));
#9284=CARTESIAN_POINT('',(189.032737905309,31.0366123886903,12.9999995529616));
#9285=CARTESIAN_POINT('',(186.7,32.3834192462692,12.9999995529616));
#9286=CARTESIAN_POINT('Ctrl Pts',(189.032737905314,31.0366123886878,12.9999995529634));
#9287=CARTESIAN_POINT('Ctrl Pts',(188.1,31.5751288694038,12.6133328862932));
#9288=CARTESIAN_POINT('Ctrl Pts',(187.167262094687,32.1136453501198,12.9999995529634));
#9289=CARTESIAN_POINT('',(186.7,32.3834192462692,14.9999995529616));
#9290=CARTESIAN_POINT('Origin',(186.7,32.3834192462692,14.9999995529616));
#9291=CARTESIAN_POINT('',(186.7,35.0770329614272,12.9999995529616));
#9292=CARTESIAN_POINT('Ctrl Pts',(186.7,32.922967038568,12.9999995529634));
#9293=CARTESIAN_POINT('Ctrl Pts',(186.7,34.0000000000001,12.6133328862931));
#9294=CARTESIAN_POINT('Ctrl Pts',(186.7,35.0770329614323,12.9999995529634));
#9295=CARTESIAN_POINT('',(186.7,35.616580753731,12.9999995529616));
#9296=CARTESIAN_POINT('',(186.7,35.616580753731,12.9999995529616));
#9297=CARTESIAN_POINT('',(186.7,35.616580753731,14.9999995529616));
#9298=CARTESIAN_POINT('Origin',(186.7,35.616580753731,14.9999995529616));
#9299=CARTESIAN_POINT('',(187.167262094691,35.886354649883,12.9999995529616));
#9300=CARTESIAN_POINT('',(189.5,37.2331615074621,12.9999995529616));
#9301=CARTESIAN_POINT('',(189.032737905309,36.9633876113101,12.9999995529616));
#9302=CARTESIAN_POINT('Ctrl Pts',(187.167262094687,35.8863546498805,12.9999995529634));
#9303=CARTESIAN_POINT('Ctrl Pts',(188.1,36.4248711305966,12.6133328862932));
#9304=CARTESIAN_POINT('Ctrl Pts',(189.032737905313,36.9633876113127,12.9999995529634));
#9305=CARTESIAN_POINT('',(189.5,37.2331615074621,12.9999995529616));
#9306=CARTESIAN_POINT('',(189.5,37.2331615074621,12.9999995529616));
#9307=CARTESIAN_POINT('',(189.5,37.2331615074621,14.9999995529616));
#9308=CARTESIAN_POINT('Origin',(189.5,37.2331615074621,14.9999995529616));
#9309=CARTESIAN_POINT('',(189.967262094691,36.9633876113101,12.9999995529616));
#9310=CARTESIAN_POINT('',(192.3,35.6165807537312,12.9999995529616));
#9311=CARTESIAN_POINT('',(191.832737905309,35.8863546498832,12.9999995529616));
#9312=CARTESIAN_POINT('Ctrl Pts',(189.967262094687,36.9633876113127,12.9999995529634));
#9313=CARTESIAN_POINT('Ctrl Pts',(190.9,36.4248711305966,12.6133328862932));
#9314=CARTESIAN_POINT('Ctrl Pts',(191.832737905314,35.8863546498806,12.9999995529634));
#9315=CARTESIAN_POINT('',(192.3,35.6165807537312,12.9999995529616));
#9316=CARTESIAN_POINT('Origin',(159.5,29.1999999999996,12.9999995529616));
#9317=CARTESIAN_POINT('',(156.699998800085,28.1229701580385,12.9999995529616));
#9318=CARTESIAN_POINT('',(157.167259741226,27.3136482605056,12.9999995529616));
#9319=CARTESIAN_POINT('Origin',(159.5,29.2000000000001,12.9999995529616));
#9320=CARTESIAN_POINT('',(156.699998198978,27.5834223657347,12.9999995529616));
#9321=CARTESIAN_POINT('',(156.700001801026,30.8165838731946,12.9999995529616));
#9322=CARTESIAN_POINT('',(156.699998198978,27.5834223657347,12.9999995529616));
#9323=CARTESIAN_POINT('Origin',(162.300001801022,30.8165776342655,14.9999995529616));
#9324=CARTESIAN_POINT('',(162.300001801022,30.8165776342655,12.9999995529616));
#9325=CARTESIAN_POINT('',(162.300001801022,30.8165776342655,14.9999995529616));
#9326=CARTESIAN_POINT('',(162.300001199915,30.2770298419617,12.9999995529616));
#9327=CARTESIAN_POINT('',(162.299998198975,27.5834161268056,12.9999995529616));
#9328=CARTESIAN_POINT('',(162.300000000002,29.2000000000001,12.7999995529634));
#9329=CARTESIAN_POINT('Ctrl Pts',(162.300001199915,30.2770298419698,12.9999995529645));
#9330=CARTESIAN_POINT('Ctrl Pts',(162.30000057927,29.7199454409509,12.8000001322317));
#9331=CARTESIAN_POINT('Ctrl Pts',(162.300000000002,29.2000000000001,12.7999995529634));
#9332=CARTESIAN_POINT('',(162.299998800082,28.1229639191094,12.9999995529616));
#9333=CARTESIAN_POINT('Ctrl Pts',(162.300000000002,29.2000000000001,12.7999995529634));
#9334=CARTESIAN_POINT('Ctrl Pts',(162.29999942073,28.6800515471525,12.7999989736917));
#9335=CARTESIAN_POINT('Ctrl Pts',(162.299998800082,28.1229639191013,12.9999995529645));
#9336=CARTESIAN_POINT('',(162.299998198975,27.5834161268056,12.9999995529616));
#9337=CARTESIAN_POINT('',(162.299998198975,27.5834161268056,12.9999995529616));
#9338=CARTESIAN_POINT('',(162.299998198975,27.5834161268056,14.9999995529616));
#9339=CARTESIAN_POINT('Origin',(162.299998198975,27.5834161268056,14.9999995529616));
#9340=CARTESIAN_POINT('',(161.83273555184,27.3136424397313,12.9999995529616));
#9341=CARTESIAN_POINT('',(159.499998121583,25.9668384925392,12.9999995529616));
#9342=CARTESIAN_POINT('',(159.967260768717,26.236612179613,12.9999995529616));
#9343=CARTESIAN_POINT('Ctrl Pts',(161.832735551844,27.3136424397338,12.9999995529634));
#9344=CARTESIAN_POINT('Ctrl Pts',(160.899998160278,26.7751273096721,12.6133336906534));
#9345=CARTESIAN_POINT('Ctrl Pts',(159.967260768712,26.2366121796104,12.9999995529634));
#9346=CARTESIAN_POINT('',(159.499998121583,25.9668384925392,12.9999995529616));
#9347=CARTESIAN_POINT('',(159.499998121583,25.9668384925392,12.9999995529616));
#9348=CARTESIAN_POINT('',(159.499998121583,25.9668384925392,14.9999995529616));
#9349=CARTESIAN_POINT('Origin',(159.499998121583,25.9668384925392,14.9999995529616));
#9350=CARTESIAN_POINT('',(159.032736579336,26.2366125977678,12.9999995529616));
#9351=CARTESIAN_POINT('',(156.699998198978,27.5834223657347,12.9999995529616));
#9352=CARTESIAN_POINT('Ctrl Pts',(159.03273657934,26.2366125977653,12.9999995529634));
#9353=CARTESIAN_POINT('Ctrl Pts',(158.099998160281,26.7751304291367,12.6133320819322));
#9354=CARTESIAN_POINT('Ctrl Pts',(157.167259741222,27.3136482605082,12.9999995529634));
#9355=CARTESIAN_POINT('',(156.699998198978,27.5834223657347,14.9999995529616));
#9356=CARTESIAN_POINT('Origin',(156.699998198978,27.5834223657347,14.9999995529616));
#9357=CARTESIAN_POINT('',(156.700001199918,30.2770360808909,12.9999995529616));
#9358=CARTESIAN_POINT('Ctrl Pts',(156.699998800085,28.1229701580334,12.9999995529634));
#9359=CARTESIAN_POINT('Ctrl Pts',(156.700000000002,29.2000031194647,12.6133328862933));
#9360=CARTESIAN_POINT('Ctrl Pts',(156.700001199918,30.277036080896,12.9999995529634));
#9361=CARTESIAN_POINT('',(156.700001801026,30.8165838731946,12.9999995529616));
#9362=CARTESIAN_POINT('',(156.700001801026,30.8165838731946,12.9999995529616));
#9363=CARTESIAN_POINT('',(156.700001801026,30.8165838731946,14.9999995529616));
#9364=CARTESIAN_POINT('Origin',(156.700001801026,30.8165838731946,14.9999995529616));
#9365=CARTESIAN_POINT('',(157.16726419627,31.0863572487724,12.9999995529616));
#9366=CARTESIAN_POINT('',(159.500003602048,32.43316150746,12.9999995529616));
#9367=CARTESIAN_POINT('',(159.032741206803,32.1633881318823,12.9999995529616));
#9368=CARTESIAN_POINT('Ctrl Pts',(157.167264196266,31.0863572487699,12.9999995529634));
#9369=CARTESIAN_POINT('Ctrl Pts',(158.100002701537,31.6248726903273,12.6133328862934));
#9370=CARTESIAN_POINT('Ctrl Pts',(159.032741206808,32.1633881318848,12.9999995529634));
#9371=CARTESIAN_POINT('',(159.500003602048,32.43316150746,12.9999995529616));
#9372=CARTESIAN_POINT('',(159.500003602048,32.43316150746,12.9999995529616));
#9373=CARTESIAN_POINT('',(159.500003602048,32.43316150746,14.9999995529616));
#9374=CARTESIAN_POINT('Origin',(159.500003602048,32.43316150746,14.9999995529616));
#9375=CARTESIAN_POINT('',(159.967265396185,32.163387090734,12.9999995529616));
#9376=CARTESIAN_POINT('',(162.300001801022,30.8165776342655,12.9999995529616));
#9377=CARTESIAN_POINT('',(161.832740006885,31.0863520509915,12.9999995529616));
#9378=CARTESIAN_POINT('Ctrl Pts',(159.96726539618,32.1633870907366,12.9999995529634));
#9379=CARTESIAN_POINT('Ctrl Pts',(160.900002701535,31.6248695708628,12.6133328862933));
#9380=CARTESIAN_POINT('Ctrl Pts',(161.832740006889,31.086352050989,12.9999995529634));
#9381=CARTESIAN_POINT('',(162.300001801022,30.8165776342655,12.9999995529616));
#9382=CARTESIAN_POINT('Origin',(189.5,98.2000000000001,12.9999995529616));
#9383=CARTESIAN_POINT('',(186.699998660797,97.122970520152,12.9999995529616));
#9384=CARTESIAN_POINT('',(187.167259749161,96.313648250693,12.9999995529616));
#9385=CARTESIAN_POINT('Origin',(189.5,98.2000000000001,12.9999995529616));
#9386=CARTESIAN_POINT('',(186.699997989912,96.5834227278483,12.9999995529616));
#9387=CARTESIAN_POINT('',(186.700002010092,99.8165842353077,12.9999995529616));
#9388=CARTESIAN_POINT('',(186.699997989912,96.5834227278483,12.9999995529616));
#9389=CARTESIAN_POINT('Origin',(189.50000402018,101.433161507459,14.9999995529616));
#9390=CARTESIAN_POINT('',(189.50000402018,101.433161507459,12.9999995529616));
#9391=CARTESIAN_POINT('',(189.50000402018,101.433161507459,14.9999995529616));
#9392=CARTESIAN_POINT('',(189.967265779428,101.163387030304,12.9999995529616));
#9393=CARTESIAN_POINT('',(192.300002010088,99.8165772721519,12.9999995529616));
#9394=CARTESIAN_POINT('',(191.832740250839,100.086351749307,12.9999995529616));
#9395=CARTESIAN_POINT('Ctrl Pts',(189.967265779424,101.163387030307,12.9999995529634));
#9396=CARTESIAN_POINT('Ctrl Pts',(190.900003015134,100.624869389806,12.6133328862933));
#9397=CARTESIAN_POINT('Ctrl Pts',(191.832740250844,100.086351749304,12.9999995529634));
#9398=CARTESIAN_POINT('',(192.300002010088,99.8165772721519,12.9999995529616));
#9399=CARTESIAN_POINT('',(192.300002010088,99.8165772721519,12.9999995529616));
#9400=CARTESIAN_POINT('',(192.300002010088,99.8165772721519,14.9999995529616));
#9401=CARTESIAN_POINT('Origin',(192.300002010088,99.8165772721519,14.9999995529616));
#9402=CARTESIAN_POINT('',(192.300001339203,99.2770294798481,12.9999995529616));
#9403=CARTESIAN_POINT('',(192.299997989908,96.5834157646925,12.9999995529616));
#9404=CARTESIAN_POINT('',(192.300000000002,98.2000000000001,12.799999552964));
#9405=CARTESIAN_POINT('Ctrl Pts',(192.300001339203,99.2770294798562,12.9999995529647));
#9406=CARTESIAN_POINT('Ctrl Pts',(192.300000646513,98.7199452661375,12.8000001994747));
#9407=CARTESIAN_POINT('Ctrl Pts',(192.300000000002,98.2000000000001,12.799999552964));
#9408=CARTESIAN_POINT('',(192.299998660793,97.1229635569963,12.9999995529616));
#9409=CARTESIAN_POINT('Ctrl Pts',(192.300000000002,98.2000000000001,12.799999552964));
#9410=CARTESIAN_POINT('Ctrl Pts',(192.299999353488,97.6800513723393,12.7999989064492));
#9411=CARTESIAN_POINT('Ctrl Pts',(192.299998660793,97.1229635569883,12.9999995529647));
#9412=CARTESIAN_POINT('',(192.299997989908,96.5834157646925,12.9999995529616));
#9413=CARTESIAN_POINT('',(192.299997989908,96.5834157646925,12.9999995529616));
#9414=CARTESIAN_POINT('',(192.299997989908,96.5834157646925,14.9999995529616));
#9415=CARTESIAN_POINT('Origin',(192.299997989908,96.5834157646925,14.9999995529616));
#9416=CARTESIAN_POINT('',(191.832735559775,96.3136424495439,12.9999995529616));
#9417=CARTESIAN_POINT('',(189.49999597982,94.9668384925407,12.9999995529616));
#9418=CARTESIAN_POINT('',(189.967258409953,95.2366118076892,12.9999995529616));
#9419=CARTESIAN_POINT('Ctrl Pts',(191.832735559779,96.3136424495464,12.9999995529634));
#9420=CARTESIAN_POINT('Ctrl Pts',(190.899996984864,95.7751271286165,12.6133328862934));
#9421=CARTESIAN_POINT('Ctrl Pts',(189.967258409949,95.2366118076866,12.9999995529634));
#9422=CARTESIAN_POINT('',(189.49999597982,94.9668384925407,12.9999995529616));
#9423=CARTESIAN_POINT('',(189.49999597982,94.9668384925407,12.9999995529616));
#9424=CARTESIAN_POINT('',(189.49999597982,94.9668384925407,14.9999995529616));
#9425=CARTESIAN_POINT('Origin',(189.49999597982,94.9668384925407,14.9999995529616));
#9426=CARTESIAN_POINT('',(189.032734220572,95.2366129696959,12.9999995529616));
#9427=CARTESIAN_POINT('',(186.699997989912,96.5834227278483,12.9999995529616));
#9428=CARTESIAN_POINT('Ctrl Pts',(189.032734220576,95.2366129696934,12.9999995529634));
#9429=CARTESIAN_POINT('Ctrl Pts',(188.099996984866,95.7751306101945,12.6133328862934));
#9430=CARTESIAN_POINT('Ctrl Pts',(187.167259749156,96.3136482506956,12.9999995529634));
#9431=CARTESIAN_POINT('',(186.699997989912,96.5834227278483,14.9999995529616));
#9432=CARTESIAN_POINT('Origin',(186.699997989912,96.5834227278483,14.9999995529616));
#9433=CARTESIAN_POINT('',(186.700001339207,99.277036443004,12.9999995529616));
#9434=CARTESIAN_POINT('Ctrl Pts',(186.699998660797,97.1229705201469,12.9999995529634));
#9435=CARTESIAN_POINT('Ctrl Pts',(186.700000000002,98.200003481578,12.6133328862933));
#9436=CARTESIAN_POINT('Ctrl Pts',(186.700001339207,99.2770364430091,12.9999995529634));
#9437=CARTESIAN_POINT('',(186.700002010092,99.8165842353077,12.9999995529616));
#9438=CARTESIAN_POINT('',(186.700002010092,99.8165842353077,12.9999995529616));
#9439=CARTESIAN_POINT('',(186.700002010092,99.8165842353077,14.9999995529616));
#9440=CARTESIAN_POINT('Origin',(186.700002010092,99.8165842353077,14.9999995529616));
#9441=CARTESIAN_POINT('',(187.167264440225,100.086357550456,12.9999995529616));
#9442=CARTESIAN_POINT('',(189.50000402018,101.433161507459,12.9999995529616));
#9443=CARTESIAN_POINT('',(189.032741590047,101.163388192311,12.9999995529616));
#9444=CARTESIAN_POINT('Ctrl Pts',(187.167264440221,100.086357550454,12.9999995529634));
#9445=CARTESIAN_POINT('Ctrl Pts',(188.100003015136,100.624872871384,12.6133328862933));
#9446=CARTESIAN_POINT('Ctrl Pts',(189.032741590051,101.163388192314,12.9999995529633));
#9447=CARTESIAN_POINT('',(189.50000402018,101.433161507459,12.9999995529616));
#9448=CARTESIAN_POINT('Origin',(189.5,98.2000000000001,4.99999955296156));
#9449=CARTESIAN_POINT('',(191.1,98.2000000000001,11.5999995529616));
#9450=CARTESIAN_POINT('',(191.1,98.2000000000001,4.99999955296156));
#9451=CARTESIAN_POINT('Origin',(189.5,98.2000000000001,11.5999995529616));
#9452=CARTESIAN_POINT('Origin',(189.5,98.2000000000001,12.9999995529616));
#9453=CARTESIAN_POINT('Origin',(189.5,98.2000000000001,12.9999995529616));
#9454=CARTESIAN_POINT('Origin',(189.5,98.2000000000001,12.9999995529616));
#9455=CARTESIAN_POINT('Origin',(189.5,98.2000000000001,12.9999995529616));
#9456=CARTESIAN_POINT('Origin',(189.5,98.2000000000001,12.9999995529616));
#9457=CARTESIAN_POINT('Origin',(189.5,98.2000000000001,12.9999995529616));
#9458=CARTESIAN_POINT('Origin',(189.5,98.2000000000001,12.9999995529616));
#9459=CARTESIAN_POINT('Origin',(189.5,98.2000000000001,12.9999995529616));
#9460=CARTESIAN_POINT('Origin',(189.5,98.2000000000001,12.9999995529616));
#9461=CARTESIAN_POINT('Origin',(189.5,98.2000000000001,12.9999995529616));
#9462=CARTESIAN_POINT('Origin',(189.5,98.2000000000001,12.2999995529616));
#9463=CARTESIAN_POINT('',(191.8,98.2000000000001,12.2999995529616));
#9464=CARTESIAN_POINT('Origin',(189.5,34.0000000000002,-4.4703790447187E-7));
#9465=CARTESIAN_POINT('',(191.1,34.0000000000002,11.5999995529616));
#9466=CARTESIAN_POINT('',(191.1,34.0000000000002,-4.4703790447187E-7));
#9467=CARTESIAN_POINT('Origin',(189.5,34.0000000000002,11.5999995529616));
#9468=CARTESIAN_POINT('Origin',(189.5,34.0000000000002,12.9999995529616));
#9469=CARTESIAN_POINT('Origin',(189.5,34.0000000000002,12.9999995529616));
#9470=CARTESIAN_POINT('Origin',(189.5,34.0000000000002,12.9999995529616));
#9471=CARTESIAN_POINT('Origin',(189.5,34.0000000000002,12.9999995529616));
#9472=CARTESIAN_POINT('Origin',(189.5,34.0000000000002,12.9999995529616));
#9473=CARTESIAN_POINT('Origin',(189.5,34.0000000000002,12.9999995529616));
#9474=CARTESIAN_POINT('Origin',(189.5,34.0000000000002,12.9999995529616));
#9475=CARTESIAN_POINT('Origin',(189.5,34.0000000000002,12.9999995529616));
#9476=CARTESIAN_POINT('Origin',(189.5,34.0000000000002,12.9999995529616));
#9477=CARTESIAN_POINT('Origin',(189.5,34.0000000000002,12.9999995529616));
#9478=CARTESIAN_POINT('Origin',(189.5,34.0000000000002,12.2999995529616));
#9479=CARTESIAN_POINT('',(191.8,34.0000000000002,12.2999995529616));
#9480=CARTESIAN_POINT('Origin',(159.5,29.2000000000001,-4.4703790447187E-7));
#9481=CARTESIAN_POINT('',(161.1,29.2000000000001,11.5999995529616));
#9482=CARTESIAN_POINT('',(161.1,29.2000000000001,-4.4703790447187E-7));
#9483=CARTESIAN_POINT('Origin',(159.5,29.2000000000001,11.5999995529616));
#9484=CARTESIAN_POINT('Origin',(159.5,29.1999999999996,12.9999995529616));
#9485=CARTESIAN_POINT('Origin',(159.5,29.2000000000001,12.9999995529616));
#9486=CARTESIAN_POINT('Origin',(159.5,29.1999999999996,12.9999995529616));
#9487=CARTESIAN_POINT('Origin',(159.5,29.2000000000001,12.9999995529616));
#9488=CARTESIAN_POINT('Origin',(159.5,29.1999999999996,12.9999995529616));
#9489=CARTESIAN_POINT('Origin',(159.5,29.2000000000001,12.9999995529616));
#9490=CARTESIAN_POINT('Origin',(159.5,29.1999999999996,12.9999995529616));
#9491=CARTESIAN_POINT('Origin',(159.5,29.2000000000001,12.9999995529616));
#9492=CARTESIAN_POINT('Origin',(159.5,29.1999999999996,12.9999995529616));
#9493=CARTESIAN_POINT('Origin',(159.5,29.2000000000001,12.9999995529616));
#9494=CARTESIAN_POINT('Origin',(159.5,29.2000000000001,12.2999995529616));
#9495=CARTESIAN_POINT('',(161.8,29.2000000000001,12.2999995529616));
#9496=CARTESIAN_POINT('Origin',(153.000002279878,96.2,-4.47038319087811E-7));
#9497=CARTESIAN_POINT('Origin',(153.000002279878,97.2,-4.47038319087811E-7));
#9498=CARTESIAN_POINT('Origin',(153.000002279878,97.2,3.54999955296165));
#9499=CARTESIAN_POINT('Origin',(153.000002279878,97.2,-4.47038319087811E-7));
#9500=CARTESIAN_POINT('Origin',(153.000002279878,96.2,-4.47038319087811E-7));
#9501=CARTESIAN_POINT('Origin',(153.000002279878,96.2,-4.47038319087811E-7));
#9502=CARTESIAN_POINT('Origin',(173.7,96.2,7.19999955296173));
#9503=CARTESIAN_POINT('',(161.1,96.2,14.3999995529618));
#9504=CARTESIAN_POINT('Origin',(148.5,87.4999999999999,14.399999552962));
#9505=CARTESIAN_POINT('',(156.75,83.8,14.3999995529619));
#9506=CARTESIAN_POINT('Origin',(161.,83.7999999999999,-4.47038051021309E-7));
#9507=CARTESIAN_POINT('Origin',(153.000002279878,83.7999999999999,-4.47038319087811E-7));
#9508=CARTESIAN_POINT('Origin',(153.000002279878,82.7999999999999,-4.47038319087811E-7));
#9509=CARTESIAN_POINT('Origin',(153.000002279878,82.7999999999999,-4.47038319087811E-7));
#9510=CARTESIAN_POINT('Origin',(153.000002279878,82.7999999999999,3.54999955296165));
#9511=CARTESIAN_POINT('Origin',(153.000002279878,82.7999999999999,-4.47038319087811E-7));
#9512=CARTESIAN_POINT('Origin',(153.000002279878,96.2,-4.47038319087811E-7));
#9513=CARTESIAN_POINT('Origin',(153.000002279878,77.6,-4.47038319087811E-7));
#9514=CARTESIAN_POINT('Origin',(153.000002279878,77.6,3.54999955296165));
#9515=UNCERTAINTY_MEASURE_WITH_UNIT(LENGTH_MEASURE(0.01),#9519,
'DISTANCE_ACCURACY_VALUE',
'Maximum model space distance between geometric entities at asserted c
onnectivities');
#9516=UNCERTAINTY_MEASURE_WITH_UNIT(LENGTH_MEASURE(0.01),#9519,
'DISTANCE_ACCURACY_VALUE',
'Maximum model space distance between geometric entities at asserted c
onnectivities');
#9517=(
GEOMETRIC_REPRESENTATION_CONTEXT(3)
GLOBAL_UNCERTAINTY_ASSIGNED_CONTEXT((#9515))
GLOBAL_UNIT_ASSIGNED_CONTEXT((#9519,#9521,#9522))
REPRESENTATION_CONTEXT('','3D')
);
#9518=(
GEOMETRIC_REPRESENTATION_CONTEXT(3)
GLOBAL_UNCERTAINTY_ASSIGNED_CONTEXT((#9516))
GLOBAL_UNIT_ASSIGNED_CONTEXT((#9519,#9521,#9522))
REPRESENTATION_CONTEXT('','3D')
);
#9519=(
LENGTH_UNIT()
NAMED_UNIT(*)
SI_UNIT(.MILLI.,.METRE.)
);
#9520=(
LENGTH_UNIT()
NAMED_UNIT(*)
SI_UNIT($,.METRE.)
);
#9521=(
NAMED_UNIT(*)
PLANE_ANGLE_UNIT()
SI_UNIT($,.RADIAN.)
);
#9522=(
NAMED_UNIT(*)
SI_UNIT($,.STERADIAN.)
SOLID_ANGLE_UNIT()
);
#9523=SHAPE_DEFINITION_REPRESENTATION(#9524,#9525);
#9524=PRODUCT_DEFINITION_SHAPE('',$,#9527);
#9525=SHAPE_REPRESENTATION('',(#5660),#9517);
#9526=PRODUCT_DEFINITION_CONTEXT('part definition',#9531,'design');
#9527=PRODUCT_DEFINITION('Chassis top','Chassis top',#9528,#9526);
#9528=PRODUCT_DEFINITION_FORMATION('',$,#9533);
#9529=PRODUCT_RELATED_PRODUCT_CATEGORY('Chassis top','Chassis top',(#9533));
#9530=APPLICATION_PROTOCOL_DEFINITION('international standard',
'automotive_design',2009,#9531);
#9531=APPLICATION_CONTEXT(
'Core Data for Automotive Mechanical Design Process');
#9532=PRODUCT_CONTEXT('part definition',#9531,'mechanical');
#9533=PRODUCT('Chassis top','Chassis top',$,(#9532));
#9534=PRESENTATION_STYLE_ASSIGNMENT((#9535));
#9535=SURFACE_STYLE_USAGE(.BOTH.,#9536);
#9536=SURFACE_SIDE_STYLE('',(#9537));
#9537=SURFACE_STYLE_FILL_AREA(#9538);
#9538=FILL_AREA_STYLE('Stahl - satiniert',(#9539));
#9539=FILL_AREA_STYLE_COLOUR('Stahl - satiniert',#9540);
#9540=COLOUR_RGB('Stahl - satiniert',0.627450980392157,0.627450980392157,
0.627450980392157);
ENDSEC;
END-ISO-10303-21;
