ISO-10303-21;
HEADER;
/* Generated by software containing ST-Developer
 * from STEP Tools, Inc. (www.steptools.com) 
 */

FILE_DESCRIPTION(
/* description */ (''),
/* implementation_level */ '2;1');

FILE_NAME(
/* name */ 'Differential case.step',
/* time_stamp */ '2026-01-02T22:13:14+01:00',
/* author */ (''),
/* organization */ (''),
/* preprocessor_version */ 'ST-DEVELOPER v20.1',
/* originating_system */ 'Autodesk Translation Framework v14.21.0.0',
/* authorisation */ '');

FILE_SCHEMA (('AUTOMOTIVE_DESIGN { 1 0 10303 214 3 1 1 }'));
ENDSEC;

DATA;
#10=MECHANICAL_DESIGN_GEOMETRIC_PRESENTATION_REPRESENTATION('',(#13),#2985);
#11=SHAPE_REPRESENTATION_RELATIONSHIP('SRR','None',#2992,#12);
#12=ADVANCED_BREP_SHAPE_REPRESENTATION('',(#14),#2984);
#13=STYLED_ITEM('',(#3002),#14);
#14=MANIFOLD_SOLID_BREP('Differential case',#1618);
#15=CONICAL_SURFACE('',#1808,12.25,0.785398163397513);
#16=CONICAL_SURFACE('',#1816,12.25,0.785398163397513);
#17=CONICAL_SURFACE('',#1820,8.9,0.78539816339745);
#18=FACE_BOUND('',#497,.T.);
#19=PLANE('',#1648);
#20=PLANE('',#1651);
#21=PLANE('',#1670);
#22=PLANE('',#1673);
#23=PLANE('',#1692);
#24=PLANE('',#1695);
#25=PLANE('',#1714);
#26=PLANE('',#1717);
#27=PLANE('',#1736);
#28=PLANE('',#1739);
#29=PLANE('',#1742);
#30=PLANE('',#1744);
#31=PLANE('',#1746);
#32=PLANE('',#1748);
#33=PLANE('',#1750);
#34=PLANE('',#1760);
#35=PLANE('',#1762);
#36=PLANE('',#1768);
#37=PLANE('',#1771);
#38=PLANE('',#1776);
#39=PLANE('',#1780);
#40=PLANE('',#1784);
#41=PLANE('',#1789);
#42=PLANE('',#1793);
#43=PLANE('',#1798);
#44=PLANE('',#1801);
#45=PLANE('',#1804);
#46=PLANE('',#1806);
#47=PLANE('',#1814);
#48=PLANE('',#1822);
#49=PLANE('',#1823);
#50=PLANE('',#1824);
#51=(
BOUNDED_SURFACE()
B_SPLINE_SURFACE(2,2,((#2361,#2362,#2363,#2364,#2365),(#2366,#2367,#2368,
#2369,#2370),(#2371,#2372,#2373,#2374,#2375)),.UNSPECIFIED.,.F.,.F.,.F.)
B_SPLINE_SURFACE_WITH_KNOTS((3,3),(3,2,3),(-1.4584514385719E-14,1.570796326795),
(-1.57079632679515,-4.44089209850063E-16,1.57079632679515),
 .UNSPECIFIED.)
GEOMETRIC_REPRESENTATION_ITEM()
RATIONAL_B_SPLINE_SURFACE(((1.,0.707106781186457,1.,0.707106781186457,1.),
(0.707106781186492,0.499999999999897,0.707106781186492,0.499999999999897,
0.707106781186492),(1.,0.707106781186457,1.,0.707106781186457,1.)))
REPRESENTATION_ITEM('')
SURFACE()
);
#52=(
BOUNDED_SURFACE()
B_SPLINE_SURFACE(2,2,((#2448,#2449,#2450,#2451,#2452),(#2453,#2454,#2455,
#2456,#2457),(#2458,#2459,#2460,#2461,#2462)),.UNSPECIFIED.,.F.,.F.,.F.)
B_SPLINE_SURFACE_WITH_KNOTS((3,3),(3,2,3),(-1.94099210059219E-14,1.57079632679503),
(-1.57079632679496,0.,1.57079632679496),.UNSPECIFIED.)
GEOMETRIC_REPRESENTATION_ITEM()
RATIONAL_B_SPLINE_SURFACE(((1.,0.707106781186525,1.,0.707106781186525,1.),
(0.707106781186494,0.499999999999946,0.707106781186494,0.499999999999946,
0.707106781186494),(1.,0.707106781186525,1.,0.707106781186525,1.)))
REPRESENTATION_ITEM('')
SURFACE()
);
#53=(
BOUNDED_SURFACE()
B_SPLINE_SURFACE(2,2,((#2535,#2536,#2537,#2538,#2539),(#2540,#2541,#2542,
#2543,#2544),(#2545,#2546,#2547,#2548,#2549)),.UNSPECIFIED.,.F.,.F.,.F.)
B_SPLINE_SURFACE_WITH_KNOTS((3,3),(3,2,3),(-3.15844104267572E-14,1.57079632679506),
(-1.57079632679501,-8.88178419700125E-16,1.57079632679501),
 .UNSPECIFIED.)
GEOMETRIC_REPRESENTATION_ITEM()
RATIONAL_B_SPLINE_SURFACE(((1.,0.707106781186507,1.,0.707106781186507,1.),
(0.707106781186464,0.499999999999912,0.707106781186464,0.499999999999912,
0.707106781186464),(1.,0.707106781186507,1.,0.707106781186507,1.)))
REPRESENTATION_ITEM('')
SURFACE()
);
#54=(
BOUNDED_SURFACE()
B_SPLINE_SURFACE(2,2,((#2622,#2623,#2624,#2625,#2626),(#2627,#2628,#2629,
#2630,#2631),(#2632,#2633,#2634,#2635,#2636)),.UNSPECIFIED.,.F.,.F.,.F.)
B_SPLINE_SURFACE_WITH_KNOTS((3,3),(3,2,3),(-7.9556409115021E-14,1.57079632679506),
(-1.57079632679515,-2.22044604925031E-16,1.57079632679515),
 .UNSPECIFIED.)
GEOMETRIC_REPRESENTATION_ITEM()
RATIONAL_B_SPLINE_SURFACE(((1.,0.707106781186456,1.,0.707106781186456,1.),
(0.707106781186475,0.499999999999884,0.707106781186475,0.499999999999884,
0.707106781186475),(1.,0.707106781186456,1.,0.707106781186456,1.)))
REPRESENTATION_ITEM('')
SURFACE()
);
#55=(
BOUNDED_SURFACE()
B_SPLINE_SURFACE(2,2,((#2709,#2710,#2711,#2712,#2713),(#2714,#2715,#2716,
#2717,#2718),(#2719,#2720,#2721,#2722,#2723)),.UNSPECIFIED.,.F.,.F.,.F.)
B_SPLINE_SURFACE_WITH_KNOTS((3,3),(3,2,3),(-1.64635261191533E-15,1.57079632679488),
(-1.5707963267949,-2.22044604925031E-16,1.5707963267949),.UNSPECIFIED.)
GEOMETRIC_REPRESENTATION_ITEM()
RATIONAL_B_SPLINE_SURFACE(((1.,0.707106781186546,1.,0.707106781186546,1.),
(0.707106781186551,0.500000000000002,0.707106781186551,0.500000000000002,
0.707106781186551),(1.,0.707106781186546,1.,0.707106781186546,1.)))
REPRESENTATION_ITEM('')
SURFACE()
);
#56=LINE('',#2359,#179);
#57=LINE('',#2360,#180);
#58=LINE('',#2385,#181);
#59=LINE('',#2386,#182);
#60=LINE('',#2404,#183);
#61=LINE('',#2407,#184);
#62=LINE('',#2410,#185);
#63=LINE('',#2411,#186);
#64=LINE('',#2414,#187);
#65=LINE('',#2418,#188);
#66=LINE('',#2419,#189);
#67=LINE('',#2422,#190);
#68=LINE('',#2446,#191);
#69=LINE('',#2447,#192);
#70=LINE('',#2472,#193);
#71=LINE('',#2473,#194);
#72=LINE('',#2491,#195);
#73=LINE('',#2494,#196);
#74=LINE('',#2497,#197);
#75=LINE('',#2498,#198);
#76=LINE('',#2501,#199);
#77=LINE('',#2505,#200);
#78=LINE('',#2506,#201);
#79=LINE('',#2509,#202);
#80=LINE('',#2533,#203);
#81=LINE('',#2534,#204);
#82=LINE('',#2559,#205);
#83=LINE('',#2560,#206);
#84=LINE('',#2578,#207);
#85=LINE('',#2581,#208);
#86=LINE('',#2584,#209);
#87=LINE('',#2585,#210);
#88=LINE('',#2588,#211);
#89=LINE('',#2592,#212);
#90=LINE('',#2593,#213);
#91=LINE('',#2596,#214);
#92=LINE('',#2620,#215);
#93=LINE('',#2621,#216);
#94=LINE('',#2646,#217);
#95=LINE('',#2647,#218);
#96=LINE('',#2665,#219);
#97=LINE('',#2668,#220);
#98=LINE('',#2671,#221);
#99=LINE('',#2672,#222);
#100=LINE('',#2675,#223);
#101=LINE('',#2679,#224);
#102=LINE('',#2680,#225);
#103=LINE('',#2683,#226);
#104=LINE('',#2707,#227);
#105=LINE('',#2708,#228);
#106=LINE('',#2733,#229);
#107=LINE('',#2734,#230);
#108=LINE('',#2752,#231);
#109=LINE('',#2755,#232);
#110=LINE('',#2758,#233);
#111=LINE('',#2759,#234);
#112=LINE('',#2762,#235);
#113=LINE('',#2766,#236);
#114=LINE('',#2767,#237);
#115=LINE('',#2770,#238);
#116=LINE('',#2790,#239);
#117=LINE('',#2794,#240);
#118=LINE('',#2798,#241);
#119=LINE('',#2801,#242);
#120=LINE('',#2805,#243);
#121=LINE('',#2809,#244);
#122=LINE('',#2814,#245);
#123=LINE('',#2818,#246);
#124=LINE('',#2822,#247);
#125=LINE('',#2826,#248);
#126=LINE('',#2829,#249);
#127=LINE('',#2833,#250);
#128=LINE('',#2837,#251);
#129=LINE('',#2841,#252);
#130=LINE('',#2844,#253);
#131=LINE('',#2845,#254);
#132=LINE('',#2852,#255);
#133=LINE('',#2855,#256);
#134=LINE('',#2857,#257);
#135=LINE('',#2859,#258);
#136=LINE('',#2861,#259);
#137=LINE('',#2862,#260);
#138=LINE('',#2864,#261);
#139=LINE('',#2866,#262);
#140=LINE('',#2867,#263);
#141=LINE('',#2871,#264);
#142=LINE('',#2875,#265);
#143=LINE('',#2879,#266);
#144=LINE('',#2881,#267);
#145=LINE('',#2884,#268);
#146=LINE('',#2885,#269);
#147=LINE('',#2888,#270);
#148=LINE('',#2892,#271);
#149=LINE('',#2896,#272);
#150=LINE('',#2900,#273);
#151=LINE('',#2903,#274);
#152=LINE('',#2906,#275);
#153=LINE('',#2910,#276);
#154=LINE('',#2913,#277);
#155=LINE('',#2916,#278);
#156=LINE('',#2918,#279);
#157=LINE('',#2921,#280);
#158=LINE('',#2922,#281);
#159=LINE('',#2925,#282);
#160=LINE('',#2928,#283);
#161=LINE('',#2931,#284);
#162=LINE('',#2934,#285);
#163=LINE('',#2937,#286);
#164=LINE('',#2939,#287);
#165=LINE('',#2943,#288);
#166=LINE('',#2946,#289);
#167=LINE('',#2949,#290);
#168=LINE('',#2951,#291);
#169=LINE('',#2955,#292);
#170=LINE('',#2958,#293);
#171=LINE('',#2961,#294);
#172=LINE('',#2963,#295);
#173=LINE('',#2967,#296);
#174=LINE('',#2970,#297);
#175=LINE('',#2973,#298);
#176=LINE('',#2976,#299);
#177=LINE('',#2978,#300);
#178=LINE('',#2979,#301);
#179=VECTOR('',#1839,10.);
#180=VECTOR('',#1840,10.);
#181=VECTOR('',#1851,10.);
#182=VECTOR('',#1852,10.);
#183=VECTOR('',#1861,10.);
#184=VECTOR('',#1864,10.);
#185=VECTOR('',#1867,10.);
#186=VECTOR('',#1868,10.);
#187=VECTOR('',#1871,10.);
#188=VECTOR('',#1876,10.);
#189=VECTOR('',#1877,10.);
#190=VECTOR('',#1880,10.);
#191=VECTOR('',#1895,10.);
#192=VECTOR('',#1896,10.);
#193=VECTOR('',#1907,10.);
#194=VECTOR('',#1908,10.);
#195=VECTOR('',#1917,10.);
#196=VECTOR('',#1920,10.);
#197=VECTOR('',#1923,10.);
#198=VECTOR('',#1924,10.);
#199=VECTOR('',#1927,10.);
#200=VECTOR('',#1932,10.);
#201=VECTOR('',#1933,10.);
#202=VECTOR('',#1936,10.);
#203=VECTOR('',#1951,10.);
#204=VECTOR('',#1952,10.);
#205=VECTOR('',#1963,10.);
#206=VECTOR('',#1964,10.);
#207=VECTOR('',#1973,10.);
#208=VECTOR('',#1976,10.);
#209=VECTOR('',#1979,10.);
#210=VECTOR('',#1980,10.);
#211=VECTOR('',#1983,10.);
#212=VECTOR('',#1988,10.);
#213=VECTOR('',#1989,10.);
#214=VECTOR('',#1992,10.);
#215=VECTOR('',#2007,10.);
#216=VECTOR('',#2008,10.);
#217=VECTOR('',#2019,10.);
#218=VECTOR('',#2020,10.);
#219=VECTOR('',#2029,10.);
#220=VECTOR('',#2032,10.);
#221=VECTOR('',#2035,10.);
#222=VECTOR('',#2036,10.);
#223=VECTOR('',#2039,10.);
#224=VECTOR('',#2044,10.);
#225=VECTOR('',#2045,10.);
#226=VECTOR('',#2048,10.);
#227=VECTOR('',#2063,10.);
#228=VECTOR('',#2064,10.);
#229=VECTOR('',#2075,10.);
#230=VECTOR('',#2076,10.);
#231=VECTOR('',#2085,10.);
#232=VECTOR('',#2088,10.);
#233=VECTOR('',#2091,10.);
#234=VECTOR('',#2092,10.);
#235=VECTOR('',#2095,10.);
#236=VECTOR('',#2100,10.);
#237=VECTOR('',#2101,10.);
#238=VECTOR('',#2104,10.);
#239=VECTOR('',#2139,10.);
#240=VECTOR('',#2142,10.);
#241=VECTOR('',#2147,10.);
#242=VECTOR('',#2150,10.);
#243=VECTOR('',#2153,10.);
#244=VECTOR('',#2156,10.);
#245=VECTOR('',#2161,10.);
#246=VECTOR('',#2164,10.);
#247=VECTOR('',#2169,10.);
#248=VECTOR('',#2172,10.);
#249=VECTOR('',#2175,10.);
#250=VECTOR('',#2178,10.);
#251=VECTOR('',#2181,10.);
#252=VECTOR('',#2184,10.);
#253=VECTOR('',#2189,10.);
#254=VECTOR('',#2190,10.);
#255=VECTOR('',#2199,3.);
#256=VECTOR('',#2202,10.);
#257=VECTOR('',#2203,10.);
#258=VECTOR('',#2204,10.);
#259=VECTOR('',#2205,10.);
#260=VECTOR('',#2206,10.);
#261=VECTOR('',#2207,10.);
#262=VECTOR('',#2208,10.);
#263=VECTOR('',#2209,10.);
#264=VECTOR('',#2212,10.);
#265=VECTOR('',#2215,10.);
#266=VECTOR('',#2220,10.);
#267=VECTOR('',#2221,10.);
#268=VECTOR('',#2226,10.);
#269=VECTOR('',#2227,10.);
#270=VECTOR('',#2230,10.);
#271=VECTOR('',#2235,10.);
#272=VECTOR('',#2240,10.);
#273=VECTOR('',#2245,10.);
#274=VECTOR('',#2250,10.);
#275=VECTOR('',#2253,10.);
#276=VECTOR('',#2258,10.);
#277=VECTOR('',#2263,10.);
#278=VECTOR('',#2266,10.);
#279=VECTOR('',#2267,10.);
#280=VECTOR('',#2272,10.);
#281=VECTOR('',#2273,10.);
#282=VECTOR('',#2276,10.);
#283=VECTOR('',#2279,10.);
#284=VECTOR('',#2282,10.);
#285=VECTOR('',#2285,10.);
#286=VECTOR('',#2288,10.);
#287=VECTOR('',#2289,10.);
#288=VECTOR('',#2294,10.);
#289=VECTOR('',#2297,10.);
#290=VECTOR('',#2300,10.);
#291=VECTOR('',#2301,10.);
#292=VECTOR('',#2306,10.);
#293=VECTOR('',#2309,10.);
#294=VECTOR('',#2312,10.);
#295=VECTOR('',#2313,10.);
#296=VECTOR('',#2318,10.);
#297=VECTOR('',#2321,10.);
#298=VECTOR('',#2324,10.);
#299=VECTOR('',#2327,10.);
#300=VECTOR('',#2330,10.);
#301=VECTOR('',#2331,10.);
#302=CYLINDRICAL_SURFACE('',#1636,0.5);
#303=CYLINDRICAL_SURFACE('',#1641,0.5);
#304=CYLINDRICAL_SURFACE('',#1646,0.5);
#305=CYLINDRICAL_SURFACE('',#1649,0.750000000000001);
#306=CYLINDRICAL_SURFACE('',#1652,0.5);
#307=CYLINDRICAL_SURFACE('',#1658,0.5);
#308=CYLINDRICAL_SURFACE('',#1663,0.5);
#309=CYLINDRICAL_SURFACE('',#1668,0.5);
#310=CYLINDRICAL_SURFACE('',#1671,0.750000000000002);
#311=CYLINDRICAL_SURFACE('',#1674,0.5);
#312=CYLINDRICAL_SURFACE('',#1680,0.5);
#313=CYLINDRICAL_SURFACE('',#1685,0.5);
#314=CYLINDRICAL_SURFACE('',#1690,0.5);
#315=CYLINDRICAL_SURFACE('',#1693,0.750000000000001);
#316=CYLINDRICAL_SURFACE('',#1696,0.5);
#317=CYLINDRICAL_SURFACE('',#1702,0.5);
#318=CYLINDRICAL_SURFACE('',#1707,0.5);
#319=CYLINDRICAL_SURFACE('',#1712,0.5);
#320=CYLINDRICAL_SURFACE('',#1715,0.750000000000001);
#321=CYLINDRICAL_SURFACE('',#1718,0.5);
#322=CYLINDRICAL_SURFACE('',#1724,0.5);
#323=CYLINDRICAL_SURFACE('',#1729,0.5);
#324=CYLINDRICAL_SURFACE('',#1734,0.5);
#325=CYLINDRICAL_SURFACE('',#1737,0.750000000000001);
#326=CYLINDRICAL_SURFACE('',#1740,0.5);
#327=CYLINDRICAL_SURFACE('',#1752,7.4);
#328=CYLINDRICAL_SURFACE('',#1765,11.3);
#329=CYLINDRICAL_SURFACE('',#1775,10.0000000000005);
#330=CYLINDRICAL_SURFACE('',#1778,3.);
#331=CYLINDRICAL_SURFACE('',#1781,6.);
#332=CYLINDRICAL_SURFACE('',#1786,11.3);
#333=CYLINDRICAL_SURFACE('',#1787,10.0000000000005);
#334=CYLINDRICAL_SURFACE('',#1791,11.);
#335=CYLINDRICAL_SURFACE('',#1795,10.0000000000005);
#336=CYLINDRICAL_SURFACE('',#1796,11.);
#337=CYLINDRICAL_SURFACE('',#1800,10.0000000000005);
#338=CYLINDRICAL_SURFACE('',#1803,6.);
#339=CYLINDRICAL_SURFACE('',#1810,7.4);
#340=CYLINDRICAL_SURFACE('',#1812,12.5);
#341=CYLINDRICAL_SURFACE('',#1818,8.5);
#342=FACE_OUTER_BOUND('',#432,.T.);
#343=FACE_OUTER_BOUND('',#433,.T.);
#344=FACE_OUTER_BOUND('',#434,.T.);
#345=FACE_OUTER_BOUND('',#435,.T.);
#346=FACE_OUTER_BOUND('',#436,.T.);
#347=FACE_OUTER_BOUND('',#437,.T.);
#348=FACE_OUTER_BOUND('',#438,.T.);
#349=FACE_OUTER_BOUND('',#439,.T.);
#350=FACE_OUTER_BOUND('',#440,.T.);
#351=FACE_OUTER_BOUND('',#441,.T.);
#352=FACE_OUTER_BOUND('',#442,.T.);
#353=FACE_OUTER_BOUND('',#443,.T.);
#354=FACE_OUTER_BOUND('',#444,.T.);
#355=FACE_OUTER_BOUND('',#445,.T.);
#356=FACE_OUTER_BOUND('',#446,.T.);
#357=FACE_OUTER_BOUND('',#447,.T.);
#358=FACE_OUTER_BOUND('',#448,.T.);
#359=FACE_OUTER_BOUND('',#449,.T.);
#360=FACE_OUTER_BOUND('',#450,.T.);
#361=FACE_OUTER_BOUND('',#451,.T.);
#362=FACE_OUTER_BOUND('',#452,.T.);
#363=FACE_OUTER_BOUND('',#453,.T.);
#364=FACE_OUTER_BOUND('',#454,.T.);
#365=FACE_OUTER_BOUND('',#455,.T.);
#366=FACE_OUTER_BOUND('',#456,.T.);
#367=FACE_OUTER_BOUND('',#457,.T.);
#368=FACE_OUTER_BOUND('',#458,.T.);
#369=FACE_OUTER_BOUND('',#459,.T.);
#370=FACE_OUTER_BOUND('',#460,.T.);
#371=FACE_OUTER_BOUND('',#461,.T.);
#372=FACE_OUTER_BOUND('',#462,.T.);
#373=FACE_OUTER_BOUND('',#463,.T.);
#374=FACE_OUTER_BOUND('',#464,.T.);
#375=FACE_OUTER_BOUND('',#465,.T.);
#376=FACE_OUTER_BOUND('',#466,.T.);
#377=FACE_OUTER_BOUND('',#467,.T.);
#378=FACE_OUTER_BOUND('',#468,.T.);
#379=FACE_OUTER_BOUND('',#469,.T.);
#380=FACE_OUTER_BOUND('',#470,.T.);
#381=FACE_OUTER_BOUND('',#471,.T.);
#382=FACE_OUTER_BOUND('',#472,.T.);
#383=FACE_OUTER_BOUND('',#473,.T.);
#384=FACE_OUTER_BOUND('',#474,.T.);
#385=FACE_OUTER_BOUND('',#475,.T.);
#386=FACE_OUTER_BOUND('',#476,.T.);
#387=FACE_OUTER_BOUND('',#477,.T.);
#388=FACE_OUTER_BOUND('',#478,.T.);
#389=FACE_OUTER_BOUND('',#479,.T.);
#390=FACE_OUTER_BOUND('',#480,.T.);
#391=FACE_OUTER_BOUND('',#481,.T.);
#392=FACE_OUTER_BOUND('',#482,.T.);
#393=FACE_OUTER_BOUND('',#483,.T.);
#394=FACE_OUTER_BOUND('',#484,.T.);
#395=FACE_OUTER_BOUND('',#485,.T.);
#396=FACE_OUTER_BOUND('',#486,.T.);
#397=FACE_OUTER_BOUND('',#487,.T.);
#398=FACE_OUTER_BOUND('',#488,.T.);
#399=FACE_OUTER_BOUND('',#489,.T.);
#400=FACE_OUTER_BOUND('',#490,.T.);
#401=FACE_OUTER_BOUND('',#491,.T.);
#402=FACE_OUTER_BOUND('',#492,.T.);
#403=FACE_OUTER_BOUND('',#493,.T.);
#404=FACE_OUTER_BOUND('',#494,.T.);
#405=FACE_OUTER_BOUND('',#495,.T.);
#406=FACE_OUTER_BOUND('',#496,.T.);
#407=FACE_OUTER_BOUND('',#498,.T.);
#408=FACE_OUTER_BOUND('',#499,.T.);
#409=FACE_OUTER_BOUND('',#500,.T.);
#410=FACE_OUTER_BOUND('',#501,.T.);
#411=FACE_OUTER_BOUND('',#502,.T.);
#412=FACE_OUTER_BOUND('',#503,.T.);
#413=FACE_OUTER_BOUND('',#504,.T.);
#414=FACE_OUTER_BOUND('',#505,.T.);
#415=FACE_OUTER_BOUND('',#506,.T.);
#416=FACE_OUTER_BOUND('',#507,.T.);
#417=FACE_OUTER_BOUND('',#508,.T.);
#418=FACE_OUTER_BOUND('',#509,.T.);
#419=FACE_OUTER_BOUND('',#510,.T.);
#420=FACE_OUTER_BOUND('',#511,.T.);
#421=FACE_OUTER_BOUND('',#512,.T.);
#422=FACE_OUTER_BOUND('',#513,.T.);
#423=FACE_OUTER_BOUND('',#514,.T.);
#424=FACE_OUTER_BOUND('',#515,.T.);
#425=FACE_OUTER_BOUND('',#516,.T.);
#426=FACE_OUTER_BOUND('',#517,.T.);
#427=FACE_OUTER_BOUND('',#518,.T.);
#428=FACE_OUTER_BOUND('',#519,.T.);
#429=FACE_OUTER_BOUND('',#520,.T.);
#430=FACE_OUTER_BOUND('',#521,.T.);
#431=FACE_OUTER_BOUND('',#522,.T.);
#432=EDGE_LOOP('',(#1036,#1037,#1038,#1039));
#433=EDGE_LOOP('',(#1040,#1041,#1042,#1043));
#434=EDGE_LOOP('',(#1044,#1045,#1046,#1047));
#435=EDGE_LOOP('',(#1048,#1049,#1050,#1051));
#436=EDGE_LOOP('',(#1052,#1053,#1054,#1055));
#437=EDGE_LOOP('',(#1056,#1057,#1058,#1059));
#438=EDGE_LOOP('',(#1060,#1061,#1062,#1063));
#439=EDGE_LOOP('',(#1064,#1065,#1066,#1067));
#440=EDGE_LOOP('',(#1068,#1069,#1070,#1071));
#441=EDGE_LOOP('',(#1072,#1073,#1074,#1075));
#442=EDGE_LOOP('',(#1076,#1077,#1078,#1079));
#443=EDGE_LOOP('',(#1080,#1081,#1082,#1083));
#444=EDGE_LOOP('',(#1084,#1085,#1086,#1087));
#445=EDGE_LOOP('',(#1088,#1089,#1090,#1091));
#446=EDGE_LOOP('',(#1092,#1093,#1094,#1095));
#447=EDGE_LOOP('',(#1096,#1097,#1098,#1099));
#448=EDGE_LOOP('',(#1100,#1101,#1102,#1103));
#449=EDGE_LOOP('',(#1104,#1105,#1106,#1107));
#450=EDGE_LOOP('',(#1108,#1109,#1110,#1111));
#451=EDGE_LOOP('',(#1112,#1113,#1114,#1115));
#452=EDGE_LOOP('',(#1116,#1117,#1118,#1119));
#453=EDGE_LOOP('',(#1120,#1121,#1122,#1123));
#454=EDGE_LOOP('',(#1124,#1125,#1126,#1127));
#455=EDGE_LOOP('',(#1128,#1129,#1130,#1131));
#456=EDGE_LOOP('',(#1132,#1133,#1134,#1135));
#457=EDGE_LOOP('',(#1136,#1137,#1138,#1139));
#458=EDGE_LOOP('',(#1140,#1141,#1142,#1143));
#459=EDGE_LOOP('',(#1144,#1145,#1146,#1147));
#460=EDGE_LOOP('',(#1148,#1149,#1150,#1151));
#461=EDGE_LOOP('',(#1152,#1153,#1154,#1155));
#462=EDGE_LOOP('',(#1156,#1157,#1158,#1159));
#463=EDGE_LOOP('',(#1160,#1161,#1162,#1163));
#464=EDGE_LOOP('',(#1164,#1165,#1166,#1167));
#465=EDGE_LOOP('',(#1168,#1169,#1170,#1171));
#466=EDGE_LOOP('',(#1172,#1173,#1174,#1175));
#467=EDGE_LOOP('',(#1176,#1177,#1178,#1179));
#468=EDGE_LOOP('',(#1180,#1181,#1182,#1183));
#469=EDGE_LOOP('',(#1184,#1185,#1186,#1187));
#470=EDGE_LOOP('',(#1188,#1189,#1190,#1191));
#471=EDGE_LOOP('',(#1192,#1193,#1194,#1195));
#472=EDGE_LOOP('',(#1196,#1197,#1198,#1199));
#473=EDGE_LOOP('',(#1200,#1201,#1202,#1203));
#474=EDGE_LOOP('',(#1204,#1205,#1206,#1207));
#475=EDGE_LOOP('',(#1208,#1209,#1210,#1211));
#476=EDGE_LOOP('',(#1212,#1213,#1214,#1215));
#477=EDGE_LOOP('',(#1216,#1217,#1218,#1219));
#478=EDGE_LOOP('',(#1220,#1221,#1222,#1223));
#479=EDGE_LOOP('',(#1224,#1225,#1226,#1227));
#480=EDGE_LOOP('',(#1228,#1229,#1230,#1231));
#481=EDGE_LOOP('',(#1232,#1233,#1234,#1235));
#482=EDGE_LOOP('',(#1236,#1237,#1238,#1239,#1240,#1241));
#483=EDGE_LOOP('',(#1242,#1243,#1244,#1245,#1246,#1247));
#484=EDGE_LOOP('',(#1248,#1249,#1250,#1251,#1252,#1253));
#485=EDGE_LOOP('',(#1254,#1255,#1256,#1257,#1258,#1259));
#486=EDGE_LOOP('',(#1260,#1261,#1262,#1263,#1264,#1265));
#487=EDGE_LOOP('',(#1266,#1267,#1268,#1269,#1270,#1271,#1272,#1273,#1274,
#1275,#1276,#1277,#1278,#1279,#1280,#1281,#1282,#1283,#1284,#1285,#1286,
#1287,#1288,#1289,#1290,#1291,#1292,#1293,#1294,#1295,#1296,#1297,#1298,
#1299));
#488=EDGE_LOOP('',(#1300,#1301,#1302,#1303));
#489=EDGE_LOOP('',(#1304,#1305,#1306,#1307));
#490=EDGE_LOOP('',(#1308,#1309,#1310,#1311));
#491=EDGE_LOOP('',(#1312,#1313,#1314,#1315,#1316,#1317));
#492=EDGE_LOOP('',(#1318,#1319,#1320,#1321,#1322,#1323));
#493=EDGE_LOOP('',(#1324,#1325,#1326,#1327));
#494=EDGE_LOOP('',(#1328));
#495=EDGE_LOOP('',(#1329,#1330,#1331,#1332));
#496=EDGE_LOOP('',(#1333,#1334,#1335,#1336,#1337,#1338,#1339,#1340,#1341,
#1342,#1343,#1344));
#497=EDGE_LOOP('',(#1345));
#498=EDGE_LOOP('',(#1346,#1347,#1348,#1349));
#499=EDGE_LOOP('',(#1350,#1351,#1352,#1353));
#500=EDGE_LOOP('',(#1354,#1355,#1356,#1357));
#501=EDGE_LOOP('',(#1358,#1359,#1360,#1361));
#502=EDGE_LOOP('',(#1362,#1363,#1364,#1365));
#503=EDGE_LOOP('',(#1366,#1367,#1368,#1369));
#504=EDGE_LOOP('',(#1370,#1371,#1372,#1373));
#505=EDGE_LOOP('',(#1374,#1375,#1376,#1377));
#506=EDGE_LOOP('',(#1378,#1379,#1380,#1381));
#507=EDGE_LOOP('',(#1382,#1383,#1384,#1385));
#508=EDGE_LOOP('',(#1386,#1387,#1388,#1389));
#509=EDGE_LOOP('',(#1390,#1391,#1392,#1393));
#510=EDGE_LOOP('',(#1394,#1395,#1396,#1397));
#511=EDGE_LOOP('',(#1398,#1399,#1400,#1401,#1402,#1403,#1404,#1405,#1406,
#1407,#1408,#1409,#1410,#1411,#1412,#1413,#1414,#1415,#1416,#1417,#1418,
#1419,#1420,#1421,#1422,#1423,#1424,#1425,#1426,#1427,#1428,#1429,#1430,
#1431));
#512=EDGE_LOOP('',(#1432,#1433,#1434,#1435));
#513=EDGE_LOOP('',(#1436,#1437,#1438,#1439));
#514=EDGE_LOOP('',(#1440,#1441,#1442,#1443));
#515=EDGE_LOOP('',(#1444,#1445,#1446,#1447));
#516=EDGE_LOOP('',(#1448,#1449,#1450,#1451));
#517=EDGE_LOOP('',(#1452,#1453,#1454,#1455));
#518=EDGE_LOOP('',(#1456,#1457,#1458,#1459));
#519=EDGE_LOOP('',(#1460,#1461,#1462,#1463));
#520=EDGE_LOOP('',(#1464,#1465,#1466,#1467));
#521=EDGE_LOOP('',(#1468,#1469,#1470,#1471,#1472,#1473,#1474,#1475,#1476,
#1477,#1478,#1479,#1480,#1481,#1482,#1483,#1484,#1485,#1486,#1487,#1488,
#1489,#1490,#1491,#1492));
#522=EDGE_LOOP('',(#1493,#1494,#1495,#1496,#1497,#1498,#1499,#1500,#1501,
#1502,#1503,#1504,#1505,#1506,#1507,#1508,#1509,#1510,#1511,#1512,#1513,
#1514,#1515,#1516,#1517));
#523=B_SPLINE_CURVE_WITH_KNOTS('',3,(#2344,#2345,#2346,#2347,#2348,#2349,
#2350,#2351,#2352,#2353),.UNSPECIFIED.,.F.,.F.,(4,2,2,2,4),(-0.000316227867265507,
3.08591043343687E-15,0.0371464309215355,0.0558098250461615,0.0679387983905565),
 .UNSPECIFIED.);
#524=B_SPLINE_CURVE_WITH_KNOTS('',3,(#2390,#2391,#2392,#2393,#2394,#2395,
#2396,#2397,#2398,#2399),.UNSPECIFIED.,.F.,.F.,(4,2,2,2,4),(0.159014217908275,
0.171143189278805,0.189806580366096,0.226952953866056,0.227269181405611),
 .UNSPECIFIED.);
#525=B_SPLINE_CURVE_WITH_KNOTS('',3,(#2431,#2432,#2433,#2434,#2435,#2436,
#2437,#2438,#2439,#2440),.UNSPECIFIED.,.F.,.F.,(4,2,2,2,4),(-0.000316227904750382,
0.,0.037146437402448,0.055809831869688,0.0679388054367307),
 .UNSPECIFIED.);
#526=B_SPLINE_CURVE_WITH_KNOTS('',3,(#2477,#2478,#2479,#2480,#2481,#2482,
#2483,#2484,#2485,#2486),.UNSPECIFIED.,.F.,.F.,(4,2,2,2,4),(0.159014278662345,
0.171143251584607,0.1898066450597,0.226953063679624,0.227269291479013),
 .UNSPECIFIED.);
#527=B_SPLINE_CURVE_WITH_KNOTS('',3,(#2518,#2519,#2520,#2521,#2522,#2523,
#2524,#2525,#2526,#2527),.UNSPECIFIED.,.F.,.F.,(4,2,2,2,4),(-0.000316227547836888,
0.,0.0371463750447801,0.0558097662152745,0.0679387376398322),
 .UNSPECIFIED.);
#528=B_SPLINE_CURVE_WITH_KNOTS('',3,(#2564,#2565,#2566,#2567,#2568,#2569,
#2570,#2571,#2572,#2573),.UNSPECIFIED.,.F.,.F.,(4,2,2,2,4),(0.159014120059717,
0.171143088931941,0.189806476175049,0.226952776893942,0.227269004018931),
 .UNSPECIFIED.);
#529=B_SPLINE_CURVE_WITH_KNOTS('',3,(#2605,#2606,#2607,#2608,#2609,#2610,
#2611,#2612,#2613,#2614),.UNSPECIFIED.,.F.,.F.,(4,2,2,2,4),(-0.000316228284342331,
0.,0.0371465039004009,0.0558099018845783,0.0679388777372164),
 .UNSPECIFIED.);
#530=B_SPLINE_CURVE_WITH_KNOTS('',3,(#2651,#2652,#2653,#2654,#2655,#2656,
#2657,#2658,#2659,#2660),.UNSPECIFIED.,.F.,.F.,(4,2,2,2,4),(0.159014386247278,
0.171143361917867,0.189806759621963,0.226953258229468,0.227269486481254),
 .UNSPECIFIED.);
#531=B_SPLINE_CURVE_WITH_KNOTS('',3,(#2692,#2693,#2694,#2695,#2696,#2697,
#2698,#2699,#2700,#2701),.UNSPECIFIED.,.F.,.F.,(4,2,2,2,4),(-0.00031622843255873,
0.,0.0371465299641671,0.0558099293273097,0.0679389060761331),
 .UNSPECIFIED.);
#532=B_SPLINE_CURVE_WITH_KNOTS('',3,(#2738,#2739,#2740,#2741,#2742,#2743,
#2744,#2745,#2746,#2747),.UNSPECIFIED.,.F.,.F.,(4,2,2,2,4),(0.159014373699203,
0.17114334904922,0.189806746259954,0.226953235548509,0.227269463751104),
 .UNSPECIFIED.);
#533=CIRCLE('',#1633,0.500000000000005);
#534=CIRCLE('',#1634,1.);
#535=CIRCLE('',#1635,0.5);
#536=CIRCLE('',#1637,0.500000000000001);
#537=CIRCLE('',#1638,0.499999999999999);
#538=CIRCLE('',#1639,0.250000000000001);
#539=CIRCLE('',#1640,0.750000000000001);
#540=CIRCLE('',#1642,0.500000000000003);
#541=CIRCLE('',#1644,1.);
#542=CIRCLE('',#1645,0.5);
#543=CIRCLE('',#1647,0.5);
#544=CIRCLE('',#1650,0.750000000000001);
#545=CIRCLE('',#1653,0.5);
#546=CIRCLE('',#1655,0.500000000000001);
#547=CIRCLE('',#1656,1.);
#548=CIRCLE('',#1657,0.5);
#549=CIRCLE('',#1659,0.500000000000001);
#550=CIRCLE('',#1660,0.499999999999999);
#551=CIRCLE('',#1661,0.250000000000002);
#552=CIRCLE('',#1662,0.750000000000002);
#553=CIRCLE('',#1664,0.499999999999999);
#554=CIRCLE('',#1666,1.);
#555=CIRCLE('',#1667,0.5);
#556=CIRCLE('',#1669,0.5);
#557=CIRCLE('',#1672,0.750000000000002);
#558=CIRCLE('',#1675,0.5);
#559=CIRCLE('',#1677,0.500000000000005);
#560=CIRCLE('',#1678,1.);
#561=CIRCLE('',#1679,0.5);
#562=CIRCLE('',#1681,0.500000000000001);
#563=CIRCLE('',#1682,0.500000000000001);
#564=CIRCLE('',#1683,0.250000000000001);
#565=CIRCLE('',#1684,0.750000000000001);
#566=CIRCLE('',#1686,0.500000000000003);
#567=CIRCLE('',#1688,1.);
#568=CIRCLE('',#1689,0.5);
#569=CIRCLE('',#1691,0.5);
#570=CIRCLE('',#1694,0.750000000000001);
#571=CIRCLE('',#1697,0.5);
#572=CIRCLE('',#1699,0.500000000000005);
#573=CIRCLE('',#1700,1.);
#574=CIRCLE('',#1701,0.5);
#575=CIRCLE('',#1703,0.500000000000001);
#576=CIRCLE('',#1704,0.5);
#577=CIRCLE('',#1705,0.250000000000001);
#578=CIRCLE('',#1706,0.750000000000001);
#579=CIRCLE('',#1708,0.500000000000002);
#580=CIRCLE('',#1710,1.);
#581=CIRCLE('',#1711,0.5);
#582=CIRCLE('',#1713,0.5);
#583=CIRCLE('',#1716,0.750000000000001);
#584=CIRCLE('',#1719,0.5);
#585=CIRCLE('',#1721,0.500000000000005);
#586=CIRCLE('',#1722,1.);
#587=CIRCLE('',#1723,0.5);
#588=CIRCLE('',#1725,0.5);
#589=CIRCLE('',#1726,0.499999999999999);
#590=CIRCLE('',#1727,0.250000000000001);
#591=CIRCLE('',#1728,0.750000000000001);
#592=CIRCLE('',#1730,0.500000000000002);
#593=CIRCLE('',#1732,1.);
#594=CIRCLE('',#1733,0.5);
#595=CIRCLE('',#1735,0.5);
#596=CIRCLE('',#1738,0.750000000000001);
#597=CIRCLE('',#1741,0.5);
#598=CIRCLE('',#1743,7.4);
#599=CIRCLE('',#1745,7.4);
#600=CIRCLE('',#1747,7.4);
#601=CIRCLE('',#1749,7.4);
#602=CIRCLE('',#1751,7.4);
#603=CIRCLE('',#1753,7.4);
#604=CIRCLE('',#1754,7.4);
#605=CIRCLE('',#1755,7.4);
#606=CIRCLE('',#1756,7.4);
#607=CIRCLE('',#1757,7.4);
#608=CIRCLE('',#1758,7.4);
#609=CIRCLE('',#1759,7.4);
#610=CIRCLE('',#1761,6.);
#611=CIRCLE('',#1763,10.0000000000005);
#612=CIRCLE('',#1764,11.);
#613=CIRCLE('',#1766,11.3);
#614=CIRCLE('',#1767,11.3);
#615=CIRCLE('',#1769,10.);
#616=CIRCLE('',#1770,10.);
#617=CIRCLE('',#1772,11.3);
#618=CIRCLE('',#1773,10.0000000000005);
#619=CIRCLE('',#1774,10.0000000000005);
#620=CIRCLE('',#1777,3.);
#621=CIRCLE('',#1779,3.);
#622=CIRCLE('',#1782,6.);
#623=CIRCLE('',#1783,6.);
#624=CIRCLE('',#1785,11.3);
#625=CIRCLE('',#1788,10.0000000000005);
#626=CIRCLE('',#1790,11.);
#627=CIRCLE('',#1792,11.);
#628=CIRCLE('',#1794,10.0000000000005);
#629=CIRCLE('',#1797,11.);
#630=CIRCLE('',#1799,10.0000000000005);
#631=CIRCLE('',#1802,6.);
#632=CIRCLE('',#1805,10.7999999999999);
#633=CIRCLE('',#1807,7.4);
#634=CIRCLE('',#1809,12.5);
#635=CIRCLE('',#1811,7.4);
#636=CIRCLE('',#1813,12.5);
#637=CIRCLE('',#1815,8.5);
#638=CIRCLE('',#1817,11.6);
#639=CIRCLE('',#1819,8.5);
#640=CIRCLE('',#1821,9.3);
#641=VERTEX_POINT('',#2338);
#642=VERTEX_POINT('',#2339);
#643=VERTEX_POINT('',#2341);
#644=VERTEX_POINT('',#2343);
#645=VERTEX_POINT('',#2356);
#646=VERTEX_POINT('',#2357);
#647=VERTEX_POINT('',#2376);
#648=VERTEX_POINT('',#2377);
#649=VERTEX_POINT('',#2382);
#650=VERTEX_POINT('',#2383);
#651=VERTEX_POINT('',#2388);
#652=VERTEX_POINT('',#2389);
#653=VERTEX_POINT('',#2403);
#654=VERTEX_POINT('',#2405);
#655=VERTEX_POINT('',#2409);
#656=VERTEX_POINT('',#2413);
#657=VERTEX_POINT('',#2417);
#658=VERTEX_POINT('',#2421);
#659=VERTEX_POINT('',#2425);
#660=VERTEX_POINT('',#2426);
#661=VERTEX_POINT('',#2428);
#662=VERTEX_POINT('',#2430);
#663=VERTEX_POINT('',#2443);
#664=VERTEX_POINT('',#2444);
#665=VERTEX_POINT('',#2463);
#666=VERTEX_POINT('',#2464);
#667=VERTEX_POINT('',#2469);
#668=VERTEX_POINT('',#2470);
#669=VERTEX_POINT('',#2475);
#670=VERTEX_POINT('',#2476);
#671=VERTEX_POINT('',#2490);
#672=VERTEX_POINT('',#2492);
#673=VERTEX_POINT('',#2496);
#674=VERTEX_POINT('',#2500);
#675=VERTEX_POINT('',#2504);
#676=VERTEX_POINT('',#2508);
#677=VERTEX_POINT('',#2512);
#678=VERTEX_POINT('',#2513);
#679=VERTEX_POINT('',#2515);
#680=VERTEX_POINT('',#2517);
#681=VERTEX_POINT('',#2530);
#682=VERTEX_POINT('',#2531);
#683=VERTEX_POINT('',#2550);
#684=VERTEX_POINT('',#2551);
#685=VERTEX_POINT('',#2556);
#686=VERTEX_POINT('',#2557);
#687=VERTEX_POINT('',#2562);
#688=VERTEX_POINT('',#2563);
#689=VERTEX_POINT('',#2577);
#690=VERTEX_POINT('',#2579);
#691=VERTEX_POINT('',#2583);
#692=VERTEX_POINT('',#2587);
#693=VERTEX_POINT('',#2591);
#694=VERTEX_POINT('',#2595);
#695=VERTEX_POINT('',#2599);
#696=VERTEX_POINT('',#2600);
#697=VERTEX_POINT('',#2602);
#698=VERTEX_POINT('',#2604);
#699=VERTEX_POINT('',#2617);
#700=VERTEX_POINT('',#2618);
#701=VERTEX_POINT('',#2637);
#702=VERTEX_POINT('',#2638);
#703=VERTEX_POINT('',#2643);
#704=VERTEX_POINT('',#2644);
#705=VERTEX_POINT('',#2649);
#706=VERTEX_POINT('',#2650);
#707=VERTEX_POINT('',#2664);
#708=VERTEX_POINT('',#2666);
#709=VERTEX_POINT('',#2670);
#710=VERTEX_POINT('',#2674);
#711=VERTEX_POINT('',#2678);
#712=VERTEX_POINT('',#2682);
#713=VERTEX_POINT('',#2686);
#714=VERTEX_POINT('',#2687);
#715=VERTEX_POINT('',#2689);
#716=VERTEX_POINT('',#2691);
#717=VERTEX_POINT('',#2704);
#718=VERTEX_POINT('',#2705);
#719=VERTEX_POINT('',#2724);
#720=VERTEX_POINT('',#2725);
#721=VERTEX_POINT('',#2730);
#722=VERTEX_POINT('',#2731);
#723=VERTEX_POINT('',#2736);
#724=VERTEX_POINT('',#2737);
#725=VERTEX_POINT('',#2751);
#726=VERTEX_POINT('',#2753);
#727=VERTEX_POINT('',#2757);
#728=VERTEX_POINT('',#2761);
#729=VERTEX_POINT('',#2765);
#730=VERTEX_POINT('',#2769);
#731=VERTEX_POINT('',#2787);
#732=VERTEX_POINT('',#2789);
#733=VERTEX_POINT('',#2791);
#734=VERTEX_POINT('',#2793);
#735=VERTEX_POINT('',#2797);
#736=VERTEX_POINT('',#2799);
#737=VERTEX_POINT('',#2803);
#738=VERTEX_POINT('',#2804);
#739=VERTEX_POINT('',#2806);
#740=VERTEX_POINT('',#2808);
#741=VERTEX_POINT('',#2812);
#742=VERTEX_POINT('',#2813);
#743=VERTEX_POINT('',#2815);
#744=VERTEX_POINT('',#2817);
#745=VERTEX_POINT('',#2821);
#746=VERTEX_POINT('',#2823);
#747=VERTEX_POINT('',#2825);
#748=VERTEX_POINT('',#2827);
#749=VERTEX_POINT('',#2831);
#750=VERTEX_POINT('',#2832);
#751=VERTEX_POINT('',#2834);
#752=VERTEX_POINT('',#2836);
#753=VERTEX_POINT('',#2838);
#754=VERTEX_POINT('',#2840);
#755=VERTEX_POINT('',#2847);
#756=VERTEX_POINT('',#2850);
#757=VERTEX_POINT('',#2854);
#758=VERTEX_POINT('',#2856);
#759=VERTEX_POINT('',#2858);
#760=VERTEX_POINT('',#2860);
#761=VERTEX_POINT('',#2863);
#762=VERTEX_POINT('',#2865);
#763=VERTEX_POINT('',#2869);
#764=VERTEX_POINT('',#2870);
#765=VERTEX_POINT('',#2872);
#766=VERTEX_POINT('',#2874);
#767=VERTEX_POINT('',#2878);
#768=VERTEX_POINT('',#2880);
#769=VERTEX_POINT('',#2887);
#770=VERTEX_POINT('',#2891);
#771=VERTEX_POINT('',#2895);
#772=VERTEX_POINT('',#2899);
#773=VERTEX_POINT('',#2905);
#774=VERTEX_POINT('',#2909);
#775=VERTEX_POINT('',#2915);
#776=VERTEX_POINT('',#2917);
#777=VERTEX_POINT('',#2924);
#778=VERTEX_POINT('',#2926);
#779=VERTEX_POINT('',#2930);
#780=VERTEX_POINT('',#2932);
#781=VERTEX_POINT('',#2936);
#782=VERTEX_POINT('',#2938);
#783=VERTEX_POINT('',#2942);
#784=VERTEX_POINT('',#2944);
#785=VERTEX_POINT('',#2948);
#786=VERTEX_POINT('',#2950);
#787=VERTEX_POINT('',#2954);
#788=VERTEX_POINT('',#2956);
#789=VERTEX_POINT('',#2960);
#790=VERTEX_POINT('',#2962);
#791=VERTEX_POINT('',#2966);
#792=VERTEX_POINT('',#2968);
#793=VERTEX_POINT('',#2972);
#794=VERTEX_POINT('',#2974);
#795=EDGE_CURVE('',#641,#642,#533,.T.);
#796=EDGE_CURVE('',#642,#643,#534,.T.);
#797=EDGE_CURVE('',#643,#644,#523,.F.);
#798=EDGE_CURVE('',#644,#641,#535,.T.);
#799=EDGE_CURVE('',#645,#646,#536,.T.);
#800=EDGE_CURVE('',#646,#642,#56,.T.);
#801=EDGE_CURVE('',#641,#645,#57,.T.);
#802=EDGE_CURVE('',#647,#648,#537,.T.);
#803=EDGE_CURVE('',#648,#646,#538,.T.);
#804=EDGE_CURVE('',#645,#647,#539,.T.);
#805=EDGE_CURVE('',#649,#650,#540,.T.);
#806=EDGE_CURVE('',#650,#648,#58,.T.);
#807=EDGE_CURVE('',#647,#649,#59,.T.);
#808=EDGE_CURVE('',#651,#652,#524,.F.);
#809=EDGE_CURVE('',#652,#650,#541,.T.);
#810=EDGE_CURVE('',#649,#651,#542,.T.);
#811=EDGE_CURVE('',#649,#653,#60,.T.);
#812=EDGE_CURVE('',#654,#653,#543,.T.);
#813=EDGE_CURVE('',#654,#651,#61,.T.);
#814=EDGE_CURVE('',#655,#647,#62,.T.);
#815=EDGE_CURVE('',#653,#655,#63,.T.);
#816=EDGE_CURVE('',#656,#645,#64,.T.);
#817=EDGE_CURVE('',#655,#656,#544,.T.);
#818=EDGE_CURVE('',#657,#641,#65,.T.);
#819=EDGE_CURVE('',#656,#657,#66,.T.);
#820=EDGE_CURVE('',#658,#644,#67,.T.);
#821=EDGE_CURVE('',#657,#658,#545,.T.);
#822=EDGE_CURVE('',#659,#660,#546,.T.);
#823=EDGE_CURVE('',#660,#661,#547,.T.);
#824=EDGE_CURVE('',#661,#662,#525,.F.);
#825=EDGE_CURVE('',#662,#659,#548,.T.);
#826=EDGE_CURVE('',#663,#664,#549,.T.);
#827=EDGE_CURVE('',#664,#660,#68,.T.);
#828=EDGE_CURVE('',#659,#663,#69,.T.);
#829=EDGE_CURVE('',#665,#666,#550,.T.);
#830=EDGE_CURVE('',#666,#664,#551,.T.);
#831=EDGE_CURVE('',#663,#665,#552,.T.);
#832=EDGE_CURVE('',#667,#668,#553,.T.);
#833=EDGE_CURVE('',#668,#666,#70,.T.);
#834=EDGE_CURVE('',#665,#667,#71,.T.);
#835=EDGE_CURVE('',#669,#670,#526,.F.);
#836=EDGE_CURVE('',#670,#668,#554,.T.);
#837=EDGE_CURVE('',#667,#669,#555,.T.);
#838=EDGE_CURVE('',#667,#671,#72,.T.);
#839=EDGE_CURVE('',#672,#671,#556,.T.);
#840=EDGE_CURVE('',#672,#669,#73,.T.);
#841=EDGE_CURVE('',#673,#665,#74,.T.);
#842=EDGE_CURVE('',#671,#673,#75,.T.);
#843=EDGE_CURVE('',#674,#663,#76,.T.);
#844=EDGE_CURVE('',#673,#674,#557,.T.);
#845=EDGE_CURVE('',#675,#659,#77,.T.);
#846=EDGE_CURVE('',#674,#675,#78,.T.);
#847=EDGE_CURVE('',#676,#662,#79,.T.);
#848=EDGE_CURVE('',#675,#676,#558,.T.);
#849=EDGE_CURVE('',#677,#678,#559,.T.);
#850=EDGE_CURVE('',#678,#679,#560,.T.);
#851=EDGE_CURVE('',#679,#680,#527,.F.);
#852=EDGE_CURVE('',#680,#677,#561,.T.);
#853=EDGE_CURVE('',#681,#682,#562,.T.);
#854=EDGE_CURVE('',#682,#678,#80,.T.);
#855=EDGE_CURVE('',#677,#681,#81,.T.);
#856=EDGE_CURVE('',#683,#684,#563,.T.);
#857=EDGE_CURVE('',#684,#682,#564,.T.);
#858=EDGE_CURVE('',#681,#683,#565,.T.);
#859=EDGE_CURVE('',#685,#686,#566,.T.);
#860=EDGE_CURVE('',#686,#684,#82,.T.);
#861=EDGE_CURVE('',#683,#685,#83,.T.);
#862=EDGE_CURVE('',#687,#688,#528,.F.);
#863=EDGE_CURVE('',#688,#686,#567,.T.);
#864=EDGE_CURVE('',#685,#687,#568,.T.);
#865=EDGE_CURVE('',#685,#689,#84,.T.);
#866=EDGE_CURVE('',#690,#689,#569,.T.);
#867=EDGE_CURVE('',#690,#687,#85,.T.);
#868=EDGE_CURVE('',#691,#683,#86,.T.);
#869=EDGE_CURVE('',#689,#691,#87,.T.);
#870=EDGE_CURVE('',#692,#681,#88,.T.);
#871=EDGE_CURVE('',#691,#692,#570,.T.);
#872=EDGE_CURVE('',#693,#677,#89,.T.);
#873=EDGE_CURVE('',#692,#693,#90,.T.);
#874=EDGE_CURVE('',#694,#680,#91,.T.);
#875=EDGE_CURVE('',#693,#694,#571,.T.);
#876=EDGE_CURVE('',#695,#696,#572,.T.);
#877=EDGE_CURVE('',#696,#697,#573,.T.);
#878=EDGE_CURVE('',#697,#698,#529,.F.);
#879=EDGE_CURVE('',#698,#695,#574,.T.);
#880=EDGE_CURVE('',#699,#700,#575,.T.);
#881=EDGE_CURVE('',#700,#696,#92,.T.);
#882=EDGE_CURVE('',#695,#699,#93,.T.);
#883=EDGE_CURVE('',#701,#702,#576,.T.);
#884=EDGE_CURVE('',#702,#700,#577,.T.);
#885=EDGE_CURVE('',#699,#701,#578,.T.);
#886=EDGE_CURVE('',#703,#704,#579,.T.);
#887=EDGE_CURVE('',#704,#702,#94,.T.);
#888=EDGE_CURVE('',#701,#703,#95,.T.);
#889=EDGE_CURVE('',#705,#706,#530,.F.);
#890=EDGE_CURVE('',#706,#704,#580,.T.);
#891=EDGE_CURVE('',#703,#705,#581,.T.);
#892=EDGE_CURVE('',#703,#707,#96,.T.);
#893=EDGE_CURVE('',#708,#707,#582,.T.);
#894=EDGE_CURVE('',#708,#705,#97,.T.);
#895=EDGE_CURVE('',#709,#701,#98,.T.);
#896=EDGE_CURVE('',#707,#709,#99,.T.);
#897=EDGE_CURVE('',#710,#699,#100,.T.);
#898=EDGE_CURVE('',#709,#710,#583,.T.);
#899=EDGE_CURVE('',#711,#695,#101,.T.);
#900=EDGE_CURVE('',#710,#711,#102,.T.);
#901=EDGE_CURVE('',#712,#698,#103,.T.);
#902=EDGE_CURVE('',#711,#712,#584,.T.);
#903=EDGE_CURVE('',#713,#714,#585,.T.);
#904=EDGE_CURVE('',#714,#715,#586,.T.);
#905=EDGE_CURVE('',#715,#716,#531,.F.);
#906=EDGE_CURVE('',#716,#713,#587,.T.);
#907=EDGE_CURVE('',#717,#718,#588,.T.);
#908=EDGE_CURVE('',#718,#714,#104,.T.);
#909=EDGE_CURVE('',#713,#717,#105,.T.);
#910=EDGE_CURVE('',#719,#720,#589,.T.);
#911=EDGE_CURVE('',#720,#718,#590,.T.);
#912=EDGE_CURVE('',#717,#719,#591,.T.);
#913=EDGE_CURVE('',#721,#722,#592,.T.);
#914=EDGE_CURVE('',#722,#720,#106,.T.);
#915=EDGE_CURVE('',#719,#721,#107,.T.);
#916=EDGE_CURVE('',#723,#724,#532,.F.);
#917=EDGE_CURVE('',#724,#722,#593,.T.);
#918=EDGE_CURVE('',#721,#723,#594,.T.);
#919=EDGE_CURVE('',#721,#725,#108,.T.);
#920=EDGE_CURVE('',#726,#725,#595,.T.);
#921=EDGE_CURVE('',#726,#723,#109,.T.);
#922=EDGE_CURVE('',#727,#719,#110,.T.);
#923=EDGE_CURVE('',#725,#727,#111,.T.);
#924=EDGE_CURVE('',#728,#717,#112,.T.);
#925=EDGE_CURVE('',#727,#728,#596,.T.);
#926=EDGE_CURVE('',#729,#713,#113,.T.);
#927=EDGE_CURVE('',#728,#729,#114,.T.);
#928=EDGE_CURVE('',#730,#716,#115,.T.);
#929=EDGE_CURVE('',#729,#730,#597,.T.);
#930=EDGE_CURVE('',#643,#652,#598,.T.);
#931=EDGE_CURVE('',#679,#688,#599,.T.);
#932=EDGE_CURVE('',#715,#724,#600,.T.);
#933=EDGE_CURVE('',#697,#706,#601,.T.);
#934=EDGE_CURVE('',#661,#670,#602,.T.);
#935=EDGE_CURVE('',#676,#654,#603,.T.);
#936=EDGE_CURVE('',#694,#672,#604,.T.);
#937=EDGE_CURVE('',#712,#690,#605,.T.);
#938=EDGE_CURVE('',#730,#708,#606,.T.);
#939=EDGE_CURVE('',#731,#726,#607,.T.);
#940=EDGE_CURVE('',#732,#731,#116,.T.);
#941=EDGE_CURVE('',#732,#733,#608,.F.);
#942=EDGE_CURVE('',#734,#733,#117,.T.);
#943=EDGE_CURVE('',#658,#734,#609,.T.);
#944=EDGE_CURVE('',#735,#732,#118,.F.);
#945=EDGE_CURVE('',#736,#735,#610,.F.);
#946=EDGE_CURVE('',#733,#736,#119,.F.);
#947=EDGE_CURVE('',#737,#738,#120,.T.);
#948=EDGE_CURVE('',#737,#739,#611,.T.);
#949=EDGE_CURVE('',#740,#739,#121,.T.);
#950=EDGE_CURVE('',#738,#740,#612,.T.);
#951=EDGE_CURVE('',#741,#742,#122,.T.);
#952=EDGE_CURVE('',#743,#741,#613,.T.);
#953=EDGE_CURVE('',#744,#743,#123,.T.);
#954=EDGE_CURVE('',#742,#744,#614,.F.);
#955=EDGE_CURVE('',#745,#741,#124,.T.);
#956=EDGE_CURVE('',#746,#745,#615,.F.);
#957=EDGE_CURVE('',#746,#747,#125,.T.);
#958=EDGE_CURVE('',#747,#748,#616,.F.);
#959=EDGE_CURVE('',#743,#748,#126,.T.);
#960=EDGE_CURVE('',#749,#750,#127,.T.);
#961=EDGE_CURVE('',#749,#751,#617,.T.);
#962=EDGE_CURVE('',#752,#751,#128,.T.);
#963=EDGE_CURVE('',#752,#753,#618,.F.);
#964=EDGE_CURVE('',#754,#753,#129,.T.);
#965=EDGE_CURVE('',#750,#754,#619,.F.);
#966=EDGE_CURVE('',#748,#737,#130,.T.);
#967=EDGE_CURVE('',#739,#747,#131,.T.);
#968=EDGE_CURVE('',#755,#755,#620,.F.);
#969=EDGE_CURVE('',#756,#756,#621,.T.);
#970=EDGE_CURVE('',#756,#755,#132,.T.);
#971=EDGE_CURVE('',#757,#746,#133,.T.);
#972=EDGE_CURVE('',#758,#757,#134,.T.);
#973=EDGE_CURVE('',#759,#758,#135,.F.);
#974=EDGE_CURVE('',#760,#759,#136,.F.);
#975=EDGE_CURVE('',#754,#760,#137,.T.);
#976=EDGE_CURVE('',#761,#753,#138,.T.);
#977=EDGE_CURVE('',#761,#762,#139,.T.);
#978=EDGE_CURVE('',#740,#762,#140,.F.);
#979=EDGE_CURVE('',#763,#764,#141,.T.);
#980=EDGE_CURVE('',#765,#763,#622,.T.);
#981=EDGE_CURVE('',#766,#765,#142,.T.);
#982=EDGE_CURVE('',#764,#766,#623,.F.);
#983=EDGE_CURVE('',#764,#767,#143,.T.);
#984=EDGE_CURVE('',#768,#766,#144,.T.);
#985=EDGE_CURVE('',#767,#768,#624,.T.);
#986=EDGE_CURVE('',#767,#749,#145,.T.);
#987=EDGE_CURVE('',#751,#768,#146,.T.);
#988=EDGE_CURVE('',#769,#745,#147,.T.);
#989=EDGE_CURVE('',#757,#769,#625,.T.);
#990=EDGE_CURVE('',#770,#769,#148,.T.);
#991=EDGE_CURVE('',#758,#770,#626,.T.);
#992=EDGE_CURVE('',#771,#770,#149,.T.);
#993=EDGE_CURVE('',#771,#759,#627,.T.);
#994=EDGE_CURVE('',#772,#771,#150,.T.);
#995=EDGE_CURVE('',#772,#760,#628,.T.);
#996=EDGE_CURVE('',#750,#772,#151,.T.);
#997=EDGE_CURVE('',#738,#773,#152,.T.);
#998=EDGE_CURVE('',#762,#773,#629,.T.);
#999=EDGE_CURVE('',#773,#774,#153,.T.);
#1000=EDGE_CURVE('',#761,#774,#630,.T.);
#1001=EDGE_CURVE('',#774,#752,#154,.T.);
#1002=EDGE_CURVE('',#742,#775,#155,.T.);
#1003=EDGE_CURVE('',#776,#744,#156,.T.);
#1004=EDGE_CURVE('',#776,#775,#631,.F.);
#1005=EDGE_CURVE('',#735,#775,#157,.T.);
#1006=EDGE_CURVE('',#736,#776,#158,.T.);
#1007=EDGE_CURVE('',#777,#734,#159,.T.);
#1008=EDGE_CURVE('',#777,#778,#632,.T.);
#1009=EDGE_CURVE('',#731,#778,#160,.T.);
#1010=EDGE_CURVE('',#779,#763,#161,.T.);
#1011=EDGE_CURVE('',#779,#780,#633,.F.);
#1012=EDGE_CURVE('',#765,#780,#162,.T.);
#1013=EDGE_CURVE('',#778,#781,#163,.T.);
#1014=EDGE_CURVE('',#782,#777,#164,.T.);
#1015=EDGE_CURVE('',#781,#782,#634,.T.);
#1016=EDGE_CURVE('',#783,#779,#165,.T.);
#1017=EDGE_CURVE('',#783,#784,#635,.F.);
#1018=EDGE_CURVE('',#780,#784,#166,.T.);
#1019=EDGE_CURVE('',#781,#785,#167,.T.);
#1020=EDGE_CURVE('',#786,#782,#168,.T.);
#1021=EDGE_CURVE('',#785,#786,#636,.T.);
#1022=EDGE_CURVE('',#787,#783,#169,.T.);
#1023=EDGE_CURVE('',#787,#788,#637,.T.);
#1024=EDGE_CURVE('',#784,#788,#170,.T.);
#1025=EDGE_CURVE('',#785,#789,#171,.T.);
#1026=EDGE_CURVE('',#790,#786,#172,.T.);
#1027=EDGE_CURVE('',#790,#789,#638,.T.);
#1028=EDGE_CURVE('',#791,#787,#173,.T.);
#1029=EDGE_CURVE('',#791,#792,#639,.T.);
#1030=EDGE_CURVE('',#788,#792,#174,.T.);
#1031=EDGE_CURVE('',#793,#791,#175,.T.);
#1032=EDGE_CURVE('',#793,#794,#640,.T.);
#1033=EDGE_CURVE('',#792,#794,#176,.T.);
#1034=EDGE_CURVE('',#789,#793,#177,.T.);
#1035=EDGE_CURVE('',#794,#790,#178,.T.);
#1036=ORIENTED_EDGE('',*,*,#795,.T.);
#1037=ORIENTED_EDGE('',*,*,#796,.T.);
#1038=ORIENTED_EDGE('',*,*,#797,.T.);
#1039=ORIENTED_EDGE('',*,*,#798,.T.);
#1040=ORIENTED_EDGE('',*,*,#799,.T.);
#1041=ORIENTED_EDGE('',*,*,#800,.T.);
#1042=ORIENTED_EDGE('',*,*,#795,.F.);
#1043=ORIENTED_EDGE('',*,*,#801,.T.);
#1044=ORIENTED_EDGE('',*,*,#802,.T.);
#1045=ORIENTED_EDGE('',*,*,#803,.T.);
#1046=ORIENTED_EDGE('',*,*,#799,.F.);
#1047=ORIENTED_EDGE('',*,*,#804,.T.);
#1048=ORIENTED_EDGE('',*,*,#805,.T.);
#1049=ORIENTED_EDGE('',*,*,#806,.T.);
#1050=ORIENTED_EDGE('',*,*,#802,.F.);
#1051=ORIENTED_EDGE('',*,*,#807,.T.);
#1052=ORIENTED_EDGE('',*,*,#808,.T.);
#1053=ORIENTED_EDGE('',*,*,#809,.T.);
#1054=ORIENTED_EDGE('',*,*,#805,.F.);
#1055=ORIENTED_EDGE('',*,*,#810,.T.);
#1056=ORIENTED_EDGE('',*,*,#810,.F.);
#1057=ORIENTED_EDGE('',*,*,#811,.T.);
#1058=ORIENTED_EDGE('',*,*,#812,.F.);
#1059=ORIENTED_EDGE('',*,*,#813,.T.);
#1060=ORIENTED_EDGE('',*,*,#807,.F.);
#1061=ORIENTED_EDGE('',*,*,#814,.F.);
#1062=ORIENTED_EDGE('',*,*,#815,.F.);
#1063=ORIENTED_EDGE('',*,*,#811,.F.);
#1064=ORIENTED_EDGE('',*,*,#804,.F.);
#1065=ORIENTED_EDGE('',*,*,#816,.F.);
#1066=ORIENTED_EDGE('',*,*,#817,.F.);
#1067=ORIENTED_EDGE('',*,*,#814,.T.);
#1068=ORIENTED_EDGE('',*,*,#801,.F.);
#1069=ORIENTED_EDGE('',*,*,#818,.F.);
#1070=ORIENTED_EDGE('',*,*,#819,.F.);
#1071=ORIENTED_EDGE('',*,*,#816,.T.);
#1072=ORIENTED_EDGE('',*,*,#798,.F.);
#1073=ORIENTED_EDGE('',*,*,#820,.F.);
#1074=ORIENTED_EDGE('',*,*,#821,.F.);
#1075=ORIENTED_EDGE('',*,*,#818,.T.);
#1076=ORIENTED_EDGE('',*,*,#822,.T.);
#1077=ORIENTED_EDGE('',*,*,#823,.T.);
#1078=ORIENTED_EDGE('',*,*,#824,.T.);
#1079=ORIENTED_EDGE('',*,*,#825,.T.);
#1080=ORIENTED_EDGE('',*,*,#826,.T.);
#1081=ORIENTED_EDGE('',*,*,#827,.T.);
#1082=ORIENTED_EDGE('',*,*,#822,.F.);
#1083=ORIENTED_EDGE('',*,*,#828,.T.);
#1084=ORIENTED_EDGE('',*,*,#829,.T.);
#1085=ORIENTED_EDGE('',*,*,#830,.T.);
#1086=ORIENTED_EDGE('',*,*,#826,.F.);
#1087=ORIENTED_EDGE('',*,*,#831,.T.);
#1088=ORIENTED_EDGE('',*,*,#832,.T.);
#1089=ORIENTED_EDGE('',*,*,#833,.T.);
#1090=ORIENTED_EDGE('',*,*,#829,.F.);
#1091=ORIENTED_EDGE('',*,*,#834,.T.);
#1092=ORIENTED_EDGE('',*,*,#835,.T.);
#1093=ORIENTED_EDGE('',*,*,#836,.T.);
#1094=ORIENTED_EDGE('',*,*,#832,.F.);
#1095=ORIENTED_EDGE('',*,*,#837,.T.);
#1096=ORIENTED_EDGE('',*,*,#837,.F.);
#1097=ORIENTED_EDGE('',*,*,#838,.T.);
#1098=ORIENTED_EDGE('',*,*,#839,.F.);
#1099=ORIENTED_EDGE('',*,*,#840,.T.);
#1100=ORIENTED_EDGE('',*,*,#834,.F.);
#1101=ORIENTED_EDGE('',*,*,#841,.F.);
#1102=ORIENTED_EDGE('',*,*,#842,.F.);
#1103=ORIENTED_EDGE('',*,*,#838,.F.);
#1104=ORIENTED_EDGE('',*,*,#831,.F.);
#1105=ORIENTED_EDGE('',*,*,#843,.F.);
#1106=ORIENTED_EDGE('',*,*,#844,.F.);
#1107=ORIENTED_EDGE('',*,*,#841,.T.);
#1108=ORIENTED_EDGE('',*,*,#828,.F.);
#1109=ORIENTED_EDGE('',*,*,#845,.F.);
#1110=ORIENTED_EDGE('',*,*,#846,.F.);
#1111=ORIENTED_EDGE('',*,*,#843,.T.);
#1112=ORIENTED_EDGE('',*,*,#825,.F.);
#1113=ORIENTED_EDGE('',*,*,#847,.F.);
#1114=ORIENTED_EDGE('',*,*,#848,.F.);
#1115=ORIENTED_EDGE('',*,*,#845,.T.);
#1116=ORIENTED_EDGE('',*,*,#849,.T.);
#1117=ORIENTED_EDGE('',*,*,#850,.T.);
#1118=ORIENTED_EDGE('',*,*,#851,.T.);
#1119=ORIENTED_EDGE('',*,*,#852,.T.);
#1120=ORIENTED_EDGE('',*,*,#853,.T.);
#1121=ORIENTED_EDGE('',*,*,#854,.T.);
#1122=ORIENTED_EDGE('',*,*,#849,.F.);
#1123=ORIENTED_EDGE('',*,*,#855,.T.);
#1124=ORIENTED_EDGE('',*,*,#856,.T.);
#1125=ORIENTED_EDGE('',*,*,#857,.T.);
#1126=ORIENTED_EDGE('',*,*,#853,.F.);
#1127=ORIENTED_EDGE('',*,*,#858,.T.);
#1128=ORIENTED_EDGE('',*,*,#859,.T.);
#1129=ORIENTED_EDGE('',*,*,#860,.T.);
#1130=ORIENTED_EDGE('',*,*,#856,.F.);
#1131=ORIENTED_EDGE('',*,*,#861,.T.);
#1132=ORIENTED_EDGE('',*,*,#862,.T.);
#1133=ORIENTED_EDGE('',*,*,#863,.T.);
#1134=ORIENTED_EDGE('',*,*,#859,.F.);
#1135=ORIENTED_EDGE('',*,*,#864,.T.);
#1136=ORIENTED_EDGE('',*,*,#864,.F.);
#1137=ORIENTED_EDGE('',*,*,#865,.T.);
#1138=ORIENTED_EDGE('',*,*,#866,.F.);
#1139=ORIENTED_EDGE('',*,*,#867,.T.);
#1140=ORIENTED_EDGE('',*,*,#861,.F.);
#1141=ORIENTED_EDGE('',*,*,#868,.F.);
#1142=ORIENTED_EDGE('',*,*,#869,.F.);
#1143=ORIENTED_EDGE('',*,*,#865,.F.);
#1144=ORIENTED_EDGE('',*,*,#858,.F.);
#1145=ORIENTED_EDGE('',*,*,#870,.F.);
#1146=ORIENTED_EDGE('',*,*,#871,.F.);
#1147=ORIENTED_EDGE('',*,*,#868,.T.);
#1148=ORIENTED_EDGE('',*,*,#855,.F.);
#1149=ORIENTED_EDGE('',*,*,#872,.F.);
#1150=ORIENTED_EDGE('',*,*,#873,.F.);
#1151=ORIENTED_EDGE('',*,*,#870,.T.);
#1152=ORIENTED_EDGE('',*,*,#852,.F.);
#1153=ORIENTED_EDGE('',*,*,#874,.F.);
#1154=ORIENTED_EDGE('',*,*,#875,.F.);
#1155=ORIENTED_EDGE('',*,*,#872,.T.);
#1156=ORIENTED_EDGE('',*,*,#876,.T.);
#1157=ORIENTED_EDGE('',*,*,#877,.T.);
#1158=ORIENTED_EDGE('',*,*,#878,.T.);
#1159=ORIENTED_EDGE('',*,*,#879,.T.);
#1160=ORIENTED_EDGE('',*,*,#880,.T.);
#1161=ORIENTED_EDGE('',*,*,#881,.T.);
#1162=ORIENTED_EDGE('',*,*,#876,.F.);
#1163=ORIENTED_EDGE('',*,*,#882,.T.);
#1164=ORIENTED_EDGE('',*,*,#883,.T.);
#1165=ORIENTED_EDGE('',*,*,#884,.T.);
#1166=ORIENTED_EDGE('',*,*,#880,.F.);
#1167=ORIENTED_EDGE('',*,*,#885,.T.);
#1168=ORIENTED_EDGE('',*,*,#886,.T.);
#1169=ORIENTED_EDGE('',*,*,#887,.T.);
#1170=ORIENTED_EDGE('',*,*,#883,.F.);
#1171=ORIENTED_EDGE('',*,*,#888,.T.);
#1172=ORIENTED_EDGE('',*,*,#889,.T.);
#1173=ORIENTED_EDGE('',*,*,#890,.T.);
#1174=ORIENTED_EDGE('',*,*,#886,.F.);
#1175=ORIENTED_EDGE('',*,*,#891,.T.);
#1176=ORIENTED_EDGE('',*,*,#891,.F.);
#1177=ORIENTED_EDGE('',*,*,#892,.T.);
#1178=ORIENTED_EDGE('',*,*,#893,.F.);
#1179=ORIENTED_EDGE('',*,*,#894,.T.);
#1180=ORIENTED_EDGE('',*,*,#888,.F.);
#1181=ORIENTED_EDGE('',*,*,#895,.F.);
#1182=ORIENTED_EDGE('',*,*,#896,.F.);
#1183=ORIENTED_EDGE('',*,*,#892,.F.);
#1184=ORIENTED_EDGE('',*,*,#885,.F.);
#1185=ORIENTED_EDGE('',*,*,#897,.F.);
#1186=ORIENTED_EDGE('',*,*,#898,.F.);
#1187=ORIENTED_EDGE('',*,*,#895,.T.);
#1188=ORIENTED_EDGE('',*,*,#882,.F.);
#1189=ORIENTED_EDGE('',*,*,#899,.F.);
#1190=ORIENTED_EDGE('',*,*,#900,.F.);
#1191=ORIENTED_EDGE('',*,*,#897,.T.);
#1192=ORIENTED_EDGE('',*,*,#879,.F.);
#1193=ORIENTED_EDGE('',*,*,#901,.F.);
#1194=ORIENTED_EDGE('',*,*,#902,.F.);
#1195=ORIENTED_EDGE('',*,*,#899,.T.);
#1196=ORIENTED_EDGE('',*,*,#903,.T.);
#1197=ORIENTED_EDGE('',*,*,#904,.T.);
#1198=ORIENTED_EDGE('',*,*,#905,.T.);
#1199=ORIENTED_EDGE('',*,*,#906,.T.);
#1200=ORIENTED_EDGE('',*,*,#907,.T.);
#1201=ORIENTED_EDGE('',*,*,#908,.T.);
#1202=ORIENTED_EDGE('',*,*,#903,.F.);
#1203=ORIENTED_EDGE('',*,*,#909,.T.);
#1204=ORIENTED_EDGE('',*,*,#910,.T.);
#1205=ORIENTED_EDGE('',*,*,#911,.T.);
#1206=ORIENTED_EDGE('',*,*,#907,.F.);
#1207=ORIENTED_EDGE('',*,*,#912,.T.);
#1208=ORIENTED_EDGE('',*,*,#913,.T.);
#1209=ORIENTED_EDGE('',*,*,#914,.T.);
#1210=ORIENTED_EDGE('',*,*,#910,.F.);
#1211=ORIENTED_EDGE('',*,*,#915,.T.);
#1212=ORIENTED_EDGE('',*,*,#916,.T.);
#1213=ORIENTED_EDGE('',*,*,#917,.T.);
#1214=ORIENTED_EDGE('',*,*,#913,.F.);
#1215=ORIENTED_EDGE('',*,*,#918,.T.);
#1216=ORIENTED_EDGE('',*,*,#918,.F.);
#1217=ORIENTED_EDGE('',*,*,#919,.T.);
#1218=ORIENTED_EDGE('',*,*,#920,.F.);
#1219=ORIENTED_EDGE('',*,*,#921,.T.);
#1220=ORIENTED_EDGE('',*,*,#915,.F.);
#1221=ORIENTED_EDGE('',*,*,#922,.F.);
#1222=ORIENTED_EDGE('',*,*,#923,.F.);
#1223=ORIENTED_EDGE('',*,*,#919,.F.);
#1224=ORIENTED_EDGE('',*,*,#912,.F.);
#1225=ORIENTED_EDGE('',*,*,#924,.F.);
#1226=ORIENTED_EDGE('',*,*,#925,.F.);
#1227=ORIENTED_EDGE('',*,*,#922,.T.);
#1228=ORIENTED_EDGE('',*,*,#909,.F.);
#1229=ORIENTED_EDGE('',*,*,#926,.F.);
#1230=ORIENTED_EDGE('',*,*,#927,.F.);
#1231=ORIENTED_EDGE('',*,*,#924,.T.);
#1232=ORIENTED_EDGE('',*,*,#906,.F.);
#1233=ORIENTED_EDGE('',*,*,#928,.F.);
#1234=ORIENTED_EDGE('',*,*,#929,.F.);
#1235=ORIENTED_EDGE('',*,*,#926,.T.);
#1236=ORIENTED_EDGE('',*,*,#809,.F.);
#1237=ORIENTED_EDGE('',*,*,#930,.F.);
#1238=ORIENTED_EDGE('',*,*,#796,.F.);
#1239=ORIENTED_EDGE('',*,*,#800,.F.);
#1240=ORIENTED_EDGE('',*,*,#803,.F.);
#1241=ORIENTED_EDGE('',*,*,#806,.F.);
#1242=ORIENTED_EDGE('',*,*,#863,.F.);
#1243=ORIENTED_EDGE('',*,*,#931,.F.);
#1244=ORIENTED_EDGE('',*,*,#850,.F.);
#1245=ORIENTED_EDGE('',*,*,#854,.F.);
#1246=ORIENTED_EDGE('',*,*,#857,.F.);
#1247=ORIENTED_EDGE('',*,*,#860,.F.);
#1248=ORIENTED_EDGE('',*,*,#917,.F.);
#1249=ORIENTED_EDGE('',*,*,#932,.F.);
#1250=ORIENTED_EDGE('',*,*,#904,.F.);
#1251=ORIENTED_EDGE('',*,*,#908,.F.);
#1252=ORIENTED_EDGE('',*,*,#911,.F.);
#1253=ORIENTED_EDGE('',*,*,#914,.F.);
#1254=ORIENTED_EDGE('',*,*,#890,.F.);
#1255=ORIENTED_EDGE('',*,*,#933,.F.);
#1256=ORIENTED_EDGE('',*,*,#877,.F.);
#1257=ORIENTED_EDGE('',*,*,#881,.F.);
#1258=ORIENTED_EDGE('',*,*,#884,.F.);
#1259=ORIENTED_EDGE('',*,*,#887,.F.);
#1260=ORIENTED_EDGE('',*,*,#836,.F.);
#1261=ORIENTED_EDGE('',*,*,#934,.F.);
#1262=ORIENTED_EDGE('',*,*,#823,.F.);
#1263=ORIENTED_EDGE('',*,*,#827,.F.);
#1264=ORIENTED_EDGE('',*,*,#830,.F.);
#1265=ORIENTED_EDGE('',*,*,#833,.F.);
#1266=ORIENTED_EDGE('',*,*,#813,.F.);
#1267=ORIENTED_EDGE('',*,*,#935,.F.);
#1268=ORIENTED_EDGE('',*,*,#847,.T.);
#1269=ORIENTED_EDGE('',*,*,#824,.F.);
#1270=ORIENTED_EDGE('',*,*,#934,.T.);
#1271=ORIENTED_EDGE('',*,*,#835,.F.);
#1272=ORIENTED_EDGE('',*,*,#840,.F.);
#1273=ORIENTED_EDGE('',*,*,#936,.F.);
#1274=ORIENTED_EDGE('',*,*,#874,.T.);
#1275=ORIENTED_EDGE('',*,*,#851,.F.);
#1276=ORIENTED_EDGE('',*,*,#931,.T.);
#1277=ORIENTED_EDGE('',*,*,#862,.F.);
#1278=ORIENTED_EDGE('',*,*,#867,.F.);
#1279=ORIENTED_EDGE('',*,*,#937,.F.);
#1280=ORIENTED_EDGE('',*,*,#901,.T.);
#1281=ORIENTED_EDGE('',*,*,#878,.F.);
#1282=ORIENTED_EDGE('',*,*,#933,.T.);
#1283=ORIENTED_EDGE('',*,*,#889,.F.);
#1284=ORIENTED_EDGE('',*,*,#894,.F.);
#1285=ORIENTED_EDGE('',*,*,#938,.F.);
#1286=ORIENTED_EDGE('',*,*,#928,.T.);
#1287=ORIENTED_EDGE('',*,*,#905,.F.);
#1288=ORIENTED_EDGE('',*,*,#932,.T.);
#1289=ORIENTED_EDGE('',*,*,#916,.F.);
#1290=ORIENTED_EDGE('',*,*,#921,.F.);
#1291=ORIENTED_EDGE('',*,*,#939,.F.);
#1292=ORIENTED_EDGE('',*,*,#940,.F.);
#1293=ORIENTED_EDGE('',*,*,#941,.T.);
#1294=ORIENTED_EDGE('',*,*,#942,.F.);
#1295=ORIENTED_EDGE('',*,*,#943,.F.);
#1296=ORIENTED_EDGE('',*,*,#820,.T.);
#1297=ORIENTED_EDGE('',*,*,#797,.F.);
#1298=ORIENTED_EDGE('',*,*,#930,.T.);
#1299=ORIENTED_EDGE('',*,*,#808,.F.);
#1300=ORIENTED_EDGE('',*,*,#941,.F.);
#1301=ORIENTED_EDGE('',*,*,#944,.F.);
#1302=ORIENTED_EDGE('',*,*,#945,.F.);
#1303=ORIENTED_EDGE('',*,*,#946,.F.);
#1304=ORIENTED_EDGE('',*,*,#947,.F.);
#1305=ORIENTED_EDGE('',*,*,#948,.T.);
#1306=ORIENTED_EDGE('',*,*,#949,.F.);
#1307=ORIENTED_EDGE('',*,*,#950,.F.);
#1308=ORIENTED_EDGE('',*,*,#951,.F.);
#1309=ORIENTED_EDGE('',*,*,#952,.F.);
#1310=ORIENTED_EDGE('',*,*,#953,.F.);
#1311=ORIENTED_EDGE('',*,*,#954,.F.);
#1312=ORIENTED_EDGE('',*,*,#955,.F.);
#1313=ORIENTED_EDGE('',*,*,#956,.F.);
#1314=ORIENTED_EDGE('',*,*,#957,.T.);
#1315=ORIENTED_EDGE('',*,*,#958,.T.);
#1316=ORIENTED_EDGE('',*,*,#959,.F.);
#1317=ORIENTED_EDGE('',*,*,#952,.T.);
#1318=ORIENTED_EDGE('',*,*,#960,.F.);
#1319=ORIENTED_EDGE('',*,*,#961,.T.);
#1320=ORIENTED_EDGE('',*,*,#962,.F.);
#1321=ORIENTED_EDGE('',*,*,#963,.T.);
#1322=ORIENTED_EDGE('',*,*,#964,.F.);
#1323=ORIENTED_EDGE('',*,*,#965,.F.);
#1324=ORIENTED_EDGE('',*,*,#966,.F.);
#1325=ORIENTED_EDGE('',*,*,#958,.F.);
#1326=ORIENTED_EDGE('',*,*,#967,.F.);
#1327=ORIENTED_EDGE('',*,*,#948,.F.);
#1328=ORIENTED_EDGE('',*,*,#968,.F.);
#1329=ORIENTED_EDGE('',*,*,#969,.F.);
#1330=ORIENTED_EDGE('',*,*,#970,.T.);
#1331=ORIENTED_EDGE('',*,*,#968,.T.);
#1332=ORIENTED_EDGE('',*,*,#970,.F.);
#1333=ORIENTED_EDGE('',*,*,#957,.F.);
#1334=ORIENTED_EDGE('',*,*,#971,.F.);
#1335=ORIENTED_EDGE('',*,*,#972,.F.);
#1336=ORIENTED_EDGE('',*,*,#973,.F.);
#1337=ORIENTED_EDGE('',*,*,#974,.F.);
#1338=ORIENTED_EDGE('',*,*,#975,.F.);
#1339=ORIENTED_EDGE('',*,*,#964,.T.);
#1340=ORIENTED_EDGE('',*,*,#976,.F.);
#1341=ORIENTED_EDGE('',*,*,#977,.T.);
#1342=ORIENTED_EDGE('',*,*,#978,.F.);
#1343=ORIENTED_EDGE('',*,*,#949,.T.);
#1344=ORIENTED_EDGE('',*,*,#967,.T.);
#1345=ORIENTED_EDGE('',*,*,#969,.T.);
#1346=ORIENTED_EDGE('',*,*,#979,.F.);
#1347=ORIENTED_EDGE('',*,*,#980,.F.);
#1348=ORIENTED_EDGE('',*,*,#981,.F.);
#1349=ORIENTED_EDGE('',*,*,#982,.F.);
#1350=ORIENTED_EDGE('',*,*,#983,.F.);
#1351=ORIENTED_EDGE('',*,*,#982,.T.);
#1352=ORIENTED_EDGE('',*,*,#984,.F.);
#1353=ORIENTED_EDGE('',*,*,#985,.F.);
#1354=ORIENTED_EDGE('',*,*,#986,.F.);
#1355=ORIENTED_EDGE('',*,*,#985,.T.);
#1356=ORIENTED_EDGE('',*,*,#987,.F.);
#1357=ORIENTED_EDGE('',*,*,#961,.F.);
#1358=ORIENTED_EDGE('',*,*,#988,.F.);
#1359=ORIENTED_EDGE('',*,*,#989,.F.);
#1360=ORIENTED_EDGE('',*,*,#971,.T.);
#1361=ORIENTED_EDGE('',*,*,#956,.T.);
#1362=ORIENTED_EDGE('',*,*,#990,.F.);
#1363=ORIENTED_EDGE('',*,*,#991,.F.);
#1364=ORIENTED_EDGE('',*,*,#972,.T.);
#1365=ORIENTED_EDGE('',*,*,#989,.T.);
#1366=ORIENTED_EDGE('',*,*,#992,.F.);
#1367=ORIENTED_EDGE('',*,*,#993,.T.);
#1368=ORIENTED_EDGE('',*,*,#973,.T.);
#1369=ORIENTED_EDGE('',*,*,#991,.T.);
#1370=ORIENTED_EDGE('',*,*,#994,.F.);
#1371=ORIENTED_EDGE('',*,*,#995,.T.);
#1372=ORIENTED_EDGE('',*,*,#974,.T.);
#1373=ORIENTED_EDGE('',*,*,#993,.F.);
#1374=ORIENTED_EDGE('',*,*,#996,.F.);
#1375=ORIENTED_EDGE('',*,*,#965,.T.);
#1376=ORIENTED_EDGE('',*,*,#975,.T.);
#1377=ORIENTED_EDGE('',*,*,#995,.F.);
#1378=ORIENTED_EDGE('',*,*,#997,.F.);
#1379=ORIENTED_EDGE('',*,*,#950,.T.);
#1380=ORIENTED_EDGE('',*,*,#978,.T.);
#1381=ORIENTED_EDGE('',*,*,#998,.T.);
#1382=ORIENTED_EDGE('',*,*,#999,.F.);
#1383=ORIENTED_EDGE('',*,*,#998,.F.);
#1384=ORIENTED_EDGE('',*,*,#977,.F.);
#1385=ORIENTED_EDGE('',*,*,#1000,.T.);
#1386=ORIENTED_EDGE('',*,*,#1001,.F.);
#1387=ORIENTED_EDGE('',*,*,#1000,.F.);
#1388=ORIENTED_EDGE('',*,*,#976,.T.);
#1389=ORIENTED_EDGE('',*,*,#963,.F.);
#1390=ORIENTED_EDGE('',*,*,#1002,.F.);
#1391=ORIENTED_EDGE('',*,*,#954,.T.);
#1392=ORIENTED_EDGE('',*,*,#1003,.F.);
#1393=ORIENTED_EDGE('',*,*,#1004,.T.);
#1394=ORIENTED_EDGE('',*,*,#1005,.T.);
#1395=ORIENTED_EDGE('',*,*,#1004,.F.);
#1396=ORIENTED_EDGE('',*,*,#1006,.F.);
#1397=ORIENTED_EDGE('',*,*,#945,.T.);
#1398=ORIENTED_EDGE('',*,*,#943,.T.);
#1399=ORIENTED_EDGE('',*,*,#1007,.F.);
#1400=ORIENTED_EDGE('',*,*,#1008,.T.);
#1401=ORIENTED_EDGE('',*,*,#1009,.F.);
#1402=ORIENTED_EDGE('',*,*,#939,.T.);
#1403=ORIENTED_EDGE('',*,*,#920,.T.);
#1404=ORIENTED_EDGE('',*,*,#923,.T.);
#1405=ORIENTED_EDGE('',*,*,#925,.T.);
#1406=ORIENTED_EDGE('',*,*,#927,.T.);
#1407=ORIENTED_EDGE('',*,*,#929,.T.);
#1408=ORIENTED_EDGE('',*,*,#938,.T.);
#1409=ORIENTED_EDGE('',*,*,#893,.T.);
#1410=ORIENTED_EDGE('',*,*,#896,.T.);
#1411=ORIENTED_EDGE('',*,*,#898,.T.);
#1412=ORIENTED_EDGE('',*,*,#900,.T.);
#1413=ORIENTED_EDGE('',*,*,#902,.T.);
#1414=ORIENTED_EDGE('',*,*,#937,.T.);
#1415=ORIENTED_EDGE('',*,*,#866,.T.);
#1416=ORIENTED_EDGE('',*,*,#869,.T.);
#1417=ORIENTED_EDGE('',*,*,#871,.T.);
#1418=ORIENTED_EDGE('',*,*,#873,.T.);
#1419=ORIENTED_EDGE('',*,*,#875,.T.);
#1420=ORIENTED_EDGE('',*,*,#936,.T.);
#1421=ORIENTED_EDGE('',*,*,#839,.T.);
#1422=ORIENTED_EDGE('',*,*,#842,.T.);
#1423=ORIENTED_EDGE('',*,*,#844,.T.);
#1424=ORIENTED_EDGE('',*,*,#846,.T.);
#1425=ORIENTED_EDGE('',*,*,#848,.T.);
#1426=ORIENTED_EDGE('',*,*,#935,.T.);
#1427=ORIENTED_EDGE('',*,*,#812,.T.);
#1428=ORIENTED_EDGE('',*,*,#815,.T.);
#1429=ORIENTED_EDGE('',*,*,#817,.T.);
#1430=ORIENTED_EDGE('',*,*,#819,.T.);
#1431=ORIENTED_EDGE('',*,*,#821,.T.);
#1432=ORIENTED_EDGE('',*,*,#1010,.F.);
#1433=ORIENTED_EDGE('',*,*,#1011,.T.);
#1434=ORIENTED_EDGE('',*,*,#1012,.F.);
#1435=ORIENTED_EDGE('',*,*,#980,.T.);
#1436=ORIENTED_EDGE('',*,*,#1013,.F.);
#1437=ORIENTED_EDGE('',*,*,#1008,.F.);
#1438=ORIENTED_EDGE('',*,*,#1014,.F.);
#1439=ORIENTED_EDGE('',*,*,#1015,.F.);
#1440=ORIENTED_EDGE('',*,*,#1016,.F.);
#1441=ORIENTED_EDGE('',*,*,#1017,.T.);
#1442=ORIENTED_EDGE('',*,*,#1018,.F.);
#1443=ORIENTED_EDGE('',*,*,#1011,.F.);
#1444=ORIENTED_EDGE('',*,*,#1019,.F.);
#1445=ORIENTED_EDGE('',*,*,#1015,.T.);
#1446=ORIENTED_EDGE('',*,*,#1020,.F.);
#1447=ORIENTED_EDGE('',*,*,#1021,.F.);
#1448=ORIENTED_EDGE('',*,*,#1022,.F.);
#1449=ORIENTED_EDGE('',*,*,#1023,.T.);
#1450=ORIENTED_EDGE('',*,*,#1024,.F.);
#1451=ORIENTED_EDGE('',*,*,#1017,.F.);
#1452=ORIENTED_EDGE('',*,*,#1025,.F.);
#1453=ORIENTED_EDGE('',*,*,#1021,.T.);
#1454=ORIENTED_EDGE('',*,*,#1026,.F.);
#1455=ORIENTED_EDGE('',*,*,#1027,.T.);
#1456=ORIENTED_EDGE('',*,*,#1028,.F.);
#1457=ORIENTED_EDGE('',*,*,#1029,.T.);
#1458=ORIENTED_EDGE('',*,*,#1030,.F.);
#1459=ORIENTED_EDGE('',*,*,#1023,.F.);
#1460=ORIENTED_EDGE('',*,*,#1031,.F.);
#1461=ORIENTED_EDGE('',*,*,#1032,.T.);
#1462=ORIENTED_EDGE('',*,*,#1033,.F.);
#1463=ORIENTED_EDGE('',*,*,#1029,.F.);
#1464=ORIENTED_EDGE('',*,*,#1034,.F.);
#1465=ORIENTED_EDGE('',*,*,#1027,.F.);
#1466=ORIENTED_EDGE('',*,*,#1035,.F.);
#1467=ORIENTED_EDGE('',*,*,#1032,.F.);
#1468=ORIENTED_EDGE('',*,*,#1002,.T.);
#1469=ORIENTED_EDGE('',*,*,#1005,.F.);
#1470=ORIENTED_EDGE('',*,*,#944,.T.);
#1471=ORIENTED_EDGE('',*,*,#940,.T.);
#1472=ORIENTED_EDGE('',*,*,#1009,.T.);
#1473=ORIENTED_EDGE('',*,*,#1013,.T.);
#1474=ORIENTED_EDGE('',*,*,#1019,.T.);
#1475=ORIENTED_EDGE('',*,*,#1025,.T.);
#1476=ORIENTED_EDGE('',*,*,#1034,.T.);
#1477=ORIENTED_EDGE('',*,*,#1031,.T.);
#1478=ORIENTED_EDGE('',*,*,#1028,.T.);
#1479=ORIENTED_EDGE('',*,*,#1022,.T.);
#1480=ORIENTED_EDGE('',*,*,#1016,.T.);
#1481=ORIENTED_EDGE('',*,*,#1010,.T.);
#1482=ORIENTED_EDGE('',*,*,#979,.T.);
#1483=ORIENTED_EDGE('',*,*,#983,.T.);
#1484=ORIENTED_EDGE('',*,*,#986,.T.);
#1485=ORIENTED_EDGE('',*,*,#960,.T.);
#1486=ORIENTED_EDGE('',*,*,#996,.T.);
#1487=ORIENTED_EDGE('',*,*,#994,.T.);
#1488=ORIENTED_EDGE('',*,*,#992,.T.);
#1489=ORIENTED_EDGE('',*,*,#990,.T.);
#1490=ORIENTED_EDGE('',*,*,#988,.T.);
#1491=ORIENTED_EDGE('',*,*,#955,.T.);
#1492=ORIENTED_EDGE('',*,*,#951,.T.);
#1493=ORIENTED_EDGE('',*,*,#997,.T.);
#1494=ORIENTED_EDGE('',*,*,#999,.T.);
#1495=ORIENTED_EDGE('',*,*,#1001,.T.);
#1496=ORIENTED_EDGE('',*,*,#962,.T.);
#1497=ORIENTED_EDGE('',*,*,#987,.T.);
#1498=ORIENTED_EDGE('',*,*,#984,.T.);
#1499=ORIENTED_EDGE('',*,*,#981,.T.);
#1500=ORIENTED_EDGE('',*,*,#1012,.T.);
#1501=ORIENTED_EDGE('',*,*,#1018,.T.);
#1502=ORIENTED_EDGE('',*,*,#1024,.T.);
#1503=ORIENTED_EDGE('',*,*,#1030,.T.);
#1504=ORIENTED_EDGE('',*,*,#1033,.T.);
#1505=ORIENTED_EDGE('',*,*,#1035,.T.);
#1506=ORIENTED_EDGE('',*,*,#1026,.T.);
#1507=ORIENTED_EDGE('',*,*,#1020,.T.);
#1508=ORIENTED_EDGE('',*,*,#1014,.T.);
#1509=ORIENTED_EDGE('',*,*,#1007,.T.);
#1510=ORIENTED_EDGE('',*,*,#942,.T.);
#1511=ORIENTED_EDGE('',*,*,#946,.T.);
#1512=ORIENTED_EDGE('',*,*,#1006,.T.);
#1513=ORIENTED_EDGE('',*,*,#1003,.T.);
#1514=ORIENTED_EDGE('',*,*,#953,.T.);
#1515=ORIENTED_EDGE('',*,*,#959,.T.);
#1516=ORIENTED_EDGE('',*,*,#966,.T.);
#1517=ORIENTED_EDGE('',*,*,#947,.T.);
#1518=TOROIDAL_SURFACE('',#1632,1.,0.5);
#1519=TOROIDAL_SURFACE('',#1643,1.,0.5);
#1520=TOROIDAL_SURFACE('',#1654,1.,0.5);
#1521=TOROIDAL_SURFACE('',#1665,1.,0.5);
#1522=TOROIDAL_SURFACE('',#1676,1.,0.5);
#1523=TOROIDAL_SURFACE('',#1687,1.,0.5);
#1524=TOROIDAL_SURFACE('',#1698,1.,0.5);
#1525=TOROIDAL_SURFACE('',#1709,1.,0.5);
#1526=TOROIDAL_SURFACE('',#1720,1.,0.5);
#1527=TOROIDAL_SURFACE('',#1731,1.,0.5);
#1528=ADVANCED_FACE('',(#342),#1518,.T.);
#1529=ADVANCED_FACE('',(#343),#302,.T.);
#1530=ADVANCED_FACE('',(#344),#51,.F.);
#1531=ADVANCED_FACE('',(#345),#303,.T.);
#1532=ADVANCED_FACE('',(#346),#1519,.T.);
#1533=ADVANCED_FACE('',(#347),#304,.F.);
#1534=ADVANCED_FACE('',(#348),#19,.T.);
#1535=ADVANCED_FACE('',(#349),#305,.T.);
#1536=ADVANCED_FACE('',(#350),#20,.T.);
#1537=ADVANCED_FACE('',(#351),#306,.F.);
#1538=ADVANCED_FACE('',(#352),#1520,.T.);
#1539=ADVANCED_FACE('',(#353),#307,.T.);
#1540=ADVANCED_FACE('',(#354),#52,.F.);
#1541=ADVANCED_FACE('',(#355),#308,.T.);
#1542=ADVANCED_FACE('',(#356),#1521,.T.);
#1543=ADVANCED_FACE('',(#357),#309,.F.);
#1544=ADVANCED_FACE('',(#358),#21,.T.);
#1545=ADVANCED_FACE('',(#359),#310,.T.);
#1546=ADVANCED_FACE('',(#360),#22,.T.);
#1547=ADVANCED_FACE('',(#361),#311,.F.);
#1548=ADVANCED_FACE('',(#362),#1522,.T.);
#1549=ADVANCED_FACE('',(#363),#312,.T.);
#1550=ADVANCED_FACE('',(#364),#53,.F.);
#1551=ADVANCED_FACE('',(#365),#313,.T.);
#1552=ADVANCED_FACE('',(#366),#1523,.T.);
#1553=ADVANCED_FACE('',(#367),#314,.F.);
#1554=ADVANCED_FACE('',(#368),#23,.T.);
#1555=ADVANCED_FACE('',(#369),#315,.T.);
#1556=ADVANCED_FACE('',(#370),#24,.T.);
#1557=ADVANCED_FACE('',(#371),#316,.F.);
#1558=ADVANCED_FACE('',(#372),#1524,.T.);
#1559=ADVANCED_FACE('',(#373),#317,.T.);
#1560=ADVANCED_FACE('',(#374),#54,.F.);
#1561=ADVANCED_FACE('',(#375),#318,.T.);
#1562=ADVANCED_FACE('',(#376),#1525,.T.);
#1563=ADVANCED_FACE('',(#377),#319,.F.);
#1564=ADVANCED_FACE('',(#378),#25,.T.);
#1565=ADVANCED_FACE('',(#379),#320,.T.);
#1566=ADVANCED_FACE('',(#380),#26,.T.);
#1567=ADVANCED_FACE('',(#381),#321,.F.);
#1568=ADVANCED_FACE('',(#382),#1526,.T.);
#1569=ADVANCED_FACE('',(#383),#322,.T.);
#1570=ADVANCED_FACE('',(#384),#55,.F.);
#1571=ADVANCED_FACE('',(#385),#323,.T.);
#1572=ADVANCED_FACE('',(#386),#1527,.T.);
#1573=ADVANCED_FACE('',(#387),#324,.F.);
#1574=ADVANCED_FACE('',(#388),#27,.T.);
#1575=ADVANCED_FACE('',(#389),#325,.T.);
#1576=ADVANCED_FACE('',(#390),#28,.T.);
#1577=ADVANCED_FACE('',(#391),#326,.F.);
#1578=ADVANCED_FACE('',(#392),#29,.T.);
#1579=ADVANCED_FACE('',(#393),#30,.T.);
#1580=ADVANCED_FACE('',(#394),#31,.T.);
#1581=ADVANCED_FACE('',(#395),#32,.T.);
#1582=ADVANCED_FACE('',(#396),#33,.T.);
#1583=ADVANCED_FACE('',(#397),#327,.T.);
#1584=ADVANCED_FACE('',(#398),#34,.F.);
#1585=ADVANCED_FACE('',(#399),#35,.T.);
#1586=ADVANCED_FACE('',(#400),#328,.F.);
#1587=ADVANCED_FACE('',(#401),#36,.T.);
#1588=ADVANCED_FACE('',(#402),#37,.F.);
#1589=ADVANCED_FACE('',(#403),#329,.F.);
#1590=ADVANCED_FACE('',(#404),#38,.F.);
#1591=ADVANCED_FACE('',(#405),#330,.F.);
#1592=ADVANCED_FACE('',(#406,#18),#39,.T.);
#1593=ADVANCED_FACE('',(#407),#331,.F.);
#1594=ADVANCED_FACE('',(#408),#40,.F.);
#1595=ADVANCED_FACE('',(#409),#332,.F.);
#1596=ADVANCED_FACE('',(#410),#333,.F.);
#1597=ADVANCED_FACE('',(#411),#41,.T.);
#1598=ADVANCED_FACE('',(#412),#334,.F.);
#1599=ADVANCED_FACE('',(#413),#42,.F.);
#1600=ADVANCED_FACE('',(#414),#335,.F.);
#1601=ADVANCED_FACE('',(#415),#336,.F.);
#1602=ADVANCED_FACE('',(#416),#43,.F.);
#1603=ADVANCED_FACE('',(#417),#337,.F.);
#1604=ADVANCED_FACE('',(#418),#44,.F.);
#1605=ADVANCED_FACE('',(#419),#338,.F.);
#1606=ADVANCED_FACE('',(#420),#45,.F.);
#1607=ADVANCED_FACE('',(#421),#46,.T.);
#1608=ADVANCED_FACE('',(#422),#15,.T.);
#1609=ADVANCED_FACE('',(#423),#339,.T.);
#1610=ADVANCED_FACE('',(#424),#340,.T.);
#1611=ADVANCED_FACE('',(#425),#47,.T.);
#1612=ADVANCED_FACE('',(#426),#16,.T.);
#1613=ADVANCED_FACE('',(#427),#341,.T.);
#1614=ADVANCED_FACE('',(#428),#17,.T.);
#1615=ADVANCED_FACE('',(#429),#48,.T.);
#1616=ADVANCED_FACE('',(#430),#49,.T.);
#1617=ADVANCED_FACE('',(#431),#50,.T.);
#1618=CLOSED_SHELL('',(#1528,#1529,#1530,#1531,#1532,#1533,#1534,#1535,
#1536,#1537,#1538,#1539,#1540,#1541,#1542,#1543,#1544,#1545,#1546,#1547,
#1548,#1549,#1550,#1551,#1552,#1553,#1554,#1555,#1556,#1557,#1558,#1559,
#1560,#1561,#1562,#1563,#1564,#1565,#1566,#1567,#1568,#1569,#1570,#1571,
#1572,#1573,#1574,#1575,#1576,#1577,#1578,#1579,#1580,#1581,#1582,#1583,
#1584,#1585,#1586,#1587,#1588,#1589,#1590,#1591,#1592,#1593,#1594,#1595,
#1596,#1597,#1598,#1599,#1600,#1601,#1602,#1603,#1604,#1605,#1606,#1607,
#1608,#1609,#1610,#1611,#1612,#1613,#1614,#1615,#1616,#1617));
#1619=DERIVED_UNIT_ELEMENT(#1621,1.);
#1620=DERIVED_UNIT_ELEMENT(#2987,-3.);
#1621=(
MASS_UNIT()
NAMED_UNIT(*)
SI_UNIT(.KILO.,.GRAM.)
);
#1622=DERIVED_UNIT((#1619,#1620));
#1623=MEASURE_REPRESENTATION_ITEM('density measure',
POSITIVE_RATIO_MEASURE(7850.),#1622);
#1624=PROPERTY_DEFINITION_REPRESENTATION(#1629,#1626);
#1625=PROPERTY_DEFINITION_REPRESENTATION(#1630,#1627);
#1626=REPRESENTATION('material name',(#1628),#2984);
#1627=REPRESENTATION('density',(#1623),#2984);
#1628=DESCRIPTIVE_REPRESENTATION_ITEM('Stahl','Stahl');
#1629=PROPERTY_DEFINITION('material property','material name',#2994);
#1630=PROPERTY_DEFINITION('material property','density of part',#2994);
#1631=AXIS2_PLACEMENT_3D('',#2336,#1825,#1826);
#1632=AXIS2_PLACEMENT_3D('',#2337,#1827,#1828);
#1633=AXIS2_PLACEMENT_3D('',#2340,#1829,#1830);
#1634=AXIS2_PLACEMENT_3D('',#2342,#1831,#1832);
#1635=AXIS2_PLACEMENT_3D('',#2354,#1833,#1834);
#1636=AXIS2_PLACEMENT_3D('',#2355,#1835,#1836);
#1637=AXIS2_PLACEMENT_3D('',#2358,#1837,#1838);
#1638=AXIS2_PLACEMENT_3D('',#2378,#1841,#1842);
#1639=AXIS2_PLACEMENT_3D('',#2379,#1843,#1844);
#1640=AXIS2_PLACEMENT_3D('',#2380,#1845,#1846);
#1641=AXIS2_PLACEMENT_3D('',#2381,#1847,#1848);
#1642=AXIS2_PLACEMENT_3D('',#2384,#1849,#1850);
#1643=AXIS2_PLACEMENT_3D('',#2387,#1853,#1854);
#1644=AXIS2_PLACEMENT_3D('',#2400,#1855,#1856);
#1645=AXIS2_PLACEMENT_3D('',#2401,#1857,#1858);
#1646=AXIS2_PLACEMENT_3D('',#2402,#1859,#1860);
#1647=AXIS2_PLACEMENT_3D('',#2406,#1862,#1863);
#1648=AXIS2_PLACEMENT_3D('',#2408,#1865,#1866);
#1649=AXIS2_PLACEMENT_3D('',#2412,#1869,#1870);
#1650=AXIS2_PLACEMENT_3D('',#2415,#1872,#1873);
#1651=AXIS2_PLACEMENT_3D('',#2416,#1874,#1875);
#1652=AXIS2_PLACEMENT_3D('',#2420,#1878,#1879);
#1653=AXIS2_PLACEMENT_3D('',#2423,#1881,#1882);
#1654=AXIS2_PLACEMENT_3D('',#2424,#1883,#1884);
#1655=AXIS2_PLACEMENT_3D('',#2427,#1885,#1886);
#1656=AXIS2_PLACEMENT_3D('',#2429,#1887,#1888);
#1657=AXIS2_PLACEMENT_3D('',#2441,#1889,#1890);
#1658=AXIS2_PLACEMENT_3D('',#2442,#1891,#1892);
#1659=AXIS2_PLACEMENT_3D('',#2445,#1893,#1894);
#1660=AXIS2_PLACEMENT_3D('',#2465,#1897,#1898);
#1661=AXIS2_PLACEMENT_3D('',#2466,#1899,#1900);
#1662=AXIS2_PLACEMENT_3D('',#2467,#1901,#1902);
#1663=AXIS2_PLACEMENT_3D('',#2468,#1903,#1904);
#1664=AXIS2_PLACEMENT_3D('',#2471,#1905,#1906);
#1665=AXIS2_PLACEMENT_3D('',#2474,#1909,#1910);
#1666=AXIS2_PLACEMENT_3D('',#2487,#1911,#1912);
#1667=AXIS2_PLACEMENT_3D('',#2488,#1913,#1914);
#1668=AXIS2_PLACEMENT_3D('',#2489,#1915,#1916);
#1669=AXIS2_PLACEMENT_3D('',#2493,#1918,#1919);
#1670=AXIS2_PLACEMENT_3D('',#2495,#1921,#1922);
#1671=AXIS2_PLACEMENT_3D('',#2499,#1925,#1926);
#1672=AXIS2_PLACEMENT_3D('',#2502,#1928,#1929);
#1673=AXIS2_PLACEMENT_3D('',#2503,#1930,#1931);
#1674=AXIS2_PLACEMENT_3D('',#2507,#1934,#1935);
#1675=AXIS2_PLACEMENT_3D('',#2510,#1937,#1938);
#1676=AXIS2_PLACEMENT_3D('',#2511,#1939,#1940);
#1677=AXIS2_PLACEMENT_3D('',#2514,#1941,#1942);
#1678=AXIS2_PLACEMENT_3D('',#2516,#1943,#1944);
#1679=AXIS2_PLACEMENT_3D('',#2528,#1945,#1946);
#1680=AXIS2_PLACEMENT_3D('',#2529,#1947,#1948);
#1681=AXIS2_PLACEMENT_3D('',#2532,#1949,#1950);
#1682=AXIS2_PLACEMENT_3D('',#2552,#1953,#1954);
#1683=AXIS2_PLACEMENT_3D('',#2553,#1955,#1956);
#1684=AXIS2_PLACEMENT_3D('',#2554,#1957,#1958);
#1685=AXIS2_PLACEMENT_3D('',#2555,#1959,#1960);
#1686=AXIS2_PLACEMENT_3D('',#2558,#1961,#1962);
#1687=AXIS2_PLACEMENT_3D('',#2561,#1965,#1966);
#1688=AXIS2_PLACEMENT_3D('',#2574,#1967,#1968);
#1689=AXIS2_PLACEMENT_3D('',#2575,#1969,#1970);
#1690=AXIS2_PLACEMENT_3D('',#2576,#1971,#1972);
#1691=AXIS2_PLACEMENT_3D('',#2580,#1974,#1975);
#1692=AXIS2_PLACEMENT_3D('',#2582,#1977,#1978);
#1693=AXIS2_PLACEMENT_3D('',#2586,#1981,#1982);
#1694=AXIS2_PLACEMENT_3D('',#2589,#1984,#1985);
#1695=AXIS2_PLACEMENT_3D('',#2590,#1986,#1987);
#1696=AXIS2_PLACEMENT_3D('',#2594,#1990,#1991);
#1697=AXIS2_PLACEMENT_3D('',#2597,#1993,#1994);
#1698=AXIS2_PLACEMENT_3D('',#2598,#1995,#1996);
#1699=AXIS2_PLACEMENT_3D('',#2601,#1997,#1998);
#1700=AXIS2_PLACEMENT_3D('',#2603,#1999,#2000);
#1701=AXIS2_PLACEMENT_3D('',#2615,#2001,#2002);
#1702=AXIS2_PLACEMENT_3D('',#2616,#2003,#2004);
#1703=AXIS2_PLACEMENT_3D('',#2619,#2005,#2006);
#1704=AXIS2_PLACEMENT_3D('',#2639,#2009,#2010);
#1705=AXIS2_PLACEMENT_3D('',#2640,#2011,#2012);
#1706=AXIS2_PLACEMENT_3D('',#2641,#2013,#2014);
#1707=AXIS2_PLACEMENT_3D('',#2642,#2015,#2016);
#1708=AXIS2_PLACEMENT_3D('',#2645,#2017,#2018);
#1709=AXIS2_PLACEMENT_3D('',#2648,#2021,#2022);
#1710=AXIS2_PLACEMENT_3D('',#2661,#2023,#2024);
#1711=AXIS2_PLACEMENT_3D('',#2662,#2025,#2026);
#1712=AXIS2_PLACEMENT_3D('',#2663,#2027,#2028);
#1713=AXIS2_PLACEMENT_3D('',#2667,#2030,#2031);
#1714=AXIS2_PLACEMENT_3D('',#2669,#2033,#2034);
#1715=AXIS2_PLACEMENT_3D('',#2673,#2037,#2038);
#1716=AXIS2_PLACEMENT_3D('',#2676,#2040,#2041);
#1717=AXIS2_PLACEMENT_3D('',#2677,#2042,#2043);
#1718=AXIS2_PLACEMENT_3D('',#2681,#2046,#2047);
#1719=AXIS2_PLACEMENT_3D('',#2684,#2049,#2050);
#1720=AXIS2_PLACEMENT_3D('',#2685,#2051,#2052);
#1721=AXIS2_PLACEMENT_3D('',#2688,#2053,#2054);
#1722=AXIS2_PLACEMENT_3D('',#2690,#2055,#2056);
#1723=AXIS2_PLACEMENT_3D('',#2702,#2057,#2058);
#1724=AXIS2_PLACEMENT_3D('',#2703,#2059,#2060);
#1725=AXIS2_PLACEMENT_3D('',#2706,#2061,#2062);
#1726=AXIS2_PLACEMENT_3D('',#2726,#2065,#2066);
#1727=AXIS2_PLACEMENT_3D('',#2727,#2067,#2068);
#1728=AXIS2_PLACEMENT_3D('',#2728,#2069,#2070);
#1729=AXIS2_PLACEMENT_3D('',#2729,#2071,#2072);
#1730=AXIS2_PLACEMENT_3D('',#2732,#2073,#2074);
#1731=AXIS2_PLACEMENT_3D('',#2735,#2077,#2078);
#1732=AXIS2_PLACEMENT_3D('',#2748,#2079,#2080);
#1733=AXIS2_PLACEMENT_3D('',#2749,#2081,#2082);
#1734=AXIS2_PLACEMENT_3D('',#2750,#2083,#2084);
#1735=AXIS2_PLACEMENT_3D('',#2754,#2086,#2087);
#1736=AXIS2_PLACEMENT_3D('',#2756,#2089,#2090);
#1737=AXIS2_PLACEMENT_3D('',#2760,#2093,#2094);
#1738=AXIS2_PLACEMENT_3D('',#2763,#2096,#2097);
#1739=AXIS2_PLACEMENT_3D('',#2764,#2098,#2099);
#1740=AXIS2_PLACEMENT_3D('',#2768,#2102,#2103);
#1741=AXIS2_PLACEMENT_3D('',#2771,#2105,#2106);
#1742=AXIS2_PLACEMENT_3D('',#2772,#2107,#2108);
#1743=AXIS2_PLACEMENT_3D('',#2773,#2109,#2110);
#1744=AXIS2_PLACEMENT_3D('',#2774,#2111,#2112);
#1745=AXIS2_PLACEMENT_3D('',#2775,#2113,#2114);
#1746=AXIS2_PLACEMENT_3D('',#2776,#2115,#2116);
#1747=AXIS2_PLACEMENT_3D('',#2777,#2117,#2118);
#1748=AXIS2_PLACEMENT_3D('',#2778,#2119,#2120);
#1749=AXIS2_PLACEMENT_3D('',#2779,#2121,#2122);
#1750=AXIS2_PLACEMENT_3D('',#2780,#2123,#2124);
#1751=AXIS2_PLACEMENT_3D('',#2781,#2125,#2126);
#1752=AXIS2_PLACEMENT_3D('',#2782,#2127,#2128);
#1753=AXIS2_PLACEMENT_3D('',#2783,#2129,#2130);
#1754=AXIS2_PLACEMENT_3D('',#2784,#2131,#2132);
#1755=AXIS2_PLACEMENT_3D('',#2785,#2133,#2134);
#1756=AXIS2_PLACEMENT_3D('',#2786,#2135,#2136);
#1757=AXIS2_PLACEMENT_3D('',#2788,#2137,#2138);
#1758=AXIS2_PLACEMENT_3D('',#2792,#2140,#2141);
#1759=AXIS2_PLACEMENT_3D('',#2795,#2143,#2144);
#1760=AXIS2_PLACEMENT_3D('',#2796,#2145,#2146);
#1761=AXIS2_PLACEMENT_3D('',#2800,#2148,#2149);
#1762=AXIS2_PLACEMENT_3D('',#2802,#2151,#2152);
#1763=AXIS2_PLACEMENT_3D('',#2807,#2154,#2155);
#1764=AXIS2_PLACEMENT_3D('',#2810,#2157,#2158);
#1765=AXIS2_PLACEMENT_3D('',#2811,#2159,#2160);
#1766=AXIS2_PLACEMENT_3D('',#2816,#2162,#2163);
#1767=AXIS2_PLACEMENT_3D('',#2819,#2165,#2166);
#1768=AXIS2_PLACEMENT_3D('',#2820,#2167,#2168);
#1769=AXIS2_PLACEMENT_3D('',#2824,#2170,#2171);
#1770=AXIS2_PLACEMENT_3D('',#2828,#2173,#2174);
#1771=AXIS2_PLACEMENT_3D('',#2830,#2176,#2177);
#1772=AXIS2_PLACEMENT_3D('',#2835,#2179,#2180);
#1773=AXIS2_PLACEMENT_3D('',#2839,#2182,#2183);
#1774=AXIS2_PLACEMENT_3D('',#2842,#2185,#2186);
#1775=AXIS2_PLACEMENT_3D('',#2843,#2187,#2188);
#1776=AXIS2_PLACEMENT_3D('',#2846,#2191,#2192);
#1777=AXIS2_PLACEMENT_3D('',#2848,#2193,#2194);
#1778=AXIS2_PLACEMENT_3D('',#2849,#2195,#2196);
#1779=AXIS2_PLACEMENT_3D('',#2851,#2197,#2198);
#1780=AXIS2_PLACEMENT_3D('',#2853,#2200,#2201);
#1781=AXIS2_PLACEMENT_3D('',#2868,#2210,#2211);
#1782=AXIS2_PLACEMENT_3D('',#2873,#2213,#2214);
#1783=AXIS2_PLACEMENT_3D('',#2876,#2216,#2217);
#1784=AXIS2_PLACEMENT_3D('',#2877,#2218,#2219);
#1785=AXIS2_PLACEMENT_3D('',#2882,#2222,#2223);
#1786=AXIS2_PLACEMENT_3D('',#2883,#2224,#2225);
#1787=AXIS2_PLACEMENT_3D('',#2886,#2228,#2229);
#1788=AXIS2_PLACEMENT_3D('',#2889,#2231,#2232);
#1789=AXIS2_PLACEMENT_3D('',#2890,#2233,#2234);
#1790=AXIS2_PLACEMENT_3D('',#2893,#2236,#2237);
#1791=AXIS2_PLACEMENT_3D('',#2894,#2238,#2239);
#1792=AXIS2_PLACEMENT_3D('',#2897,#2241,#2242);
#1793=AXIS2_PLACEMENT_3D('',#2898,#2243,#2244);
#1794=AXIS2_PLACEMENT_3D('',#2901,#2246,#2247);
#1795=AXIS2_PLACEMENT_3D('',#2902,#2248,#2249);
#1796=AXIS2_PLACEMENT_3D('',#2904,#2251,#2252);
#1797=AXIS2_PLACEMENT_3D('',#2907,#2254,#2255);
#1798=AXIS2_PLACEMENT_3D('',#2908,#2256,#2257);
#1799=AXIS2_PLACEMENT_3D('',#2911,#2259,#2260);
#1800=AXIS2_PLACEMENT_3D('',#2912,#2261,#2262);
#1801=AXIS2_PLACEMENT_3D('',#2914,#2264,#2265);
#1802=AXIS2_PLACEMENT_3D('',#2919,#2268,#2269);
#1803=AXIS2_PLACEMENT_3D('',#2920,#2270,#2271);
#1804=AXIS2_PLACEMENT_3D('',#2923,#2274,#2275);
#1805=AXIS2_PLACEMENT_3D('',#2927,#2277,#2278);
#1806=AXIS2_PLACEMENT_3D('',#2929,#2280,#2281);
#1807=AXIS2_PLACEMENT_3D('',#2933,#2283,#2284);
#1808=AXIS2_PLACEMENT_3D('',#2935,#2286,#2287);
#1809=AXIS2_PLACEMENT_3D('',#2940,#2290,#2291);
#1810=AXIS2_PLACEMENT_3D('',#2941,#2292,#2293);
#1811=AXIS2_PLACEMENT_3D('',#2945,#2295,#2296);
#1812=AXIS2_PLACEMENT_3D('',#2947,#2298,#2299);
#1813=AXIS2_PLACEMENT_3D('',#2952,#2302,#2303);
#1814=AXIS2_PLACEMENT_3D('',#2953,#2304,#2305);
#1815=AXIS2_PLACEMENT_3D('',#2957,#2307,#2308);
#1816=AXIS2_PLACEMENT_3D('',#2959,#2310,#2311);
#1817=AXIS2_PLACEMENT_3D('',#2964,#2314,#2315);
#1818=AXIS2_PLACEMENT_3D('',#2965,#2316,#2317);
#1819=AXIS2_PLACEMENT_3D('',#2969,#2319,#2320);
#1820=AXIS2_PLACEMENT_3D('',#2971,#2322,#2323);
#1821=AXIS2_PLACEMENT_3D('',#2975,#2325,#2326);
#1822=AXIS2_PLACEMENT_3D('',#2977,#2328,#2329);
#1823=AXIS2_PLACEMENT_3D('',#2980,#2332,#2333);
#1824=AXIS2_PLACEMENT_3D('',#2981,#2334,#2335);
#1825=DIRECTION('axis',(0.,0.,1.));
#1826=DIRECTION('refdir',(1.,0.,0.));
#1827=DIRECTION('center_axis',(-1.39452223873697E-31,-1.39452223873671E-31,
1.));
#1828=DIRECTION('ref_axis',(1.,0.,0.));
#1829=DIRECTION('center_axis',(-0.130526192220143,-0.991444861373799,0.));
#1830=DIRECTION('ref_axis',(-0.991444861373798,0.130526192220143,0.));
#1831=DIRECTION('center_axis',(1.39452223873697E-31,1.39452223873671E-31,
-1.));
#1832=DIRECTION('ref_axis',(0.669805105919096,-0.742536948632665,-1.01426172128198E-32));
#1833=DIRECTION('center_axis',(-1.39452223873697E-31,-1.39452223873671E-31,
1.));
#1834=DIRECTION('ref_axis',(0.669805105919096,-0.742536948632665,-1.01426172128198E-32));
#1835=DIRECTION('center_axis',(0.130526192220142,0.991444861373799,1.56461358545564E-31));
#1836=DIRECTION('ref_axis',(-0.701057384649971,0.0922959556413214,-0.707106781186546));
#1837=DIRECTION('center_axis',(-0.130526192220142,-0.991444861373799,0.));
#1838=DIRECTION('ref_axis',(-0.991444861373799,0.130526192220142,0.));
#1839=DIRECTION('',(-0.130526192220142,-0.991444861373799,-1.56461358545564E-31));
#1840=DIRECTION('',(0.130526192220142,0.991444861373799,1.56461358545564E-31));
#1841=DIRECTION('center_axis',(0.130526192220142,0.991444861373799,0.));
#1842=DIRECTION('ref_axis',(0.991444861373799,-0.130526192220142,0.));
#1843=DIRECTION('center_axis',(-1.39452223873697E-31,-1.39452223873671E-31,
1.));
#1844=DIRECTION('ref_axis',(0.130526192220142,0.991444861373799,1.56461358545564E-31));
#1845=DIRECTION('center_axis',(1.39452223873697E-31,1.39452223873671E-31,
-1.));
#1846=DIRECTION('ref_axis',(0.130526192220142,0.991444861373799,1.56461358545564E-31));
#1847=DIRECTION('center_axis',(-0.130526192220141,-0.991444861373799,-1.56461358545564E-31));
#1848=DIRECTION('ref_axis',(0.701057384649971,-0.0922959556413207,-0.707106781186546));
#1849=DIRECTION('center_axis',(0.130526192220141,0.991444861373799,0.));
#1850=DIRECTION('ref_axis',(0.991444861373799,-0.130526192220141,0.));
#1851=DIRECTION('',(0.130526192220141,0.991444861373799,1.56461358545564E-31));
#1852=DIRECTION('',(-0.130526192220141,-0.991444861373799,-1.56461358545564E-31));
#1853=DIRECTION('center_axis',(-1.39452223873697E-31,-1.39452223873671E-31,
1.));
#1854=DIRECTION('ref_axis',(-0.839164754386085,-0.543877297739244,0.));
#1855=DIRECTION('center_axis',(1.39452223873697E-31,1.39452223873671E-31,
-1.));
#1856=DIRECTION('ref_axis',(-0.839164754386086,-0.543877297739243,-1.92868289879704E-31));
#1857=DIRECTION('center_axis',(-1.39452223873697E-31,-1.39452223873671E-31,
1.));
#1858=DIRECTION('ref_axis',(-0.839164754386086,-0.543877297739243,-1.92868289879704E-31));
#1859=DIRECTION('center_axis',(-9.28584980240819E-16,2.21199921611307E-15,
1.));
#1860=DIRECTION('ref_axis',(-0.839164754386084,-0.543877297739245,4.23820369390511E-16));
#1861=DIRECTION('',(2.70433379480083E-16,2.05414545440256E-15,1.));
#1862=DIRECTION('center_axis',(-9.28584980240819E-16,-2.21199921611307E-15,
-1.));
#1863=DIRECTION('ref_axis',(-0.839164754386084,-0.543877297739245,4.23820369390511E-16));
#1864=DIRECTION('',(0.,0.,-1.));
#1865=DIRECTION('center_axis',(0.991444861373799,-0.130526192220141,0.));
#1866=DIRECTION('ref_axis',(-0.130526192220141,-0.991444861373799,-3.94430452610436E-31));
#1867=DIRECTION('',(0.,0.,-1.));
#1868=DIRECTION('',(0.130526192220141,0.991444861373799,-2.31427991780182E-15));
#1869=DIRECTION('center_axis',(0.,0.,-1.));
#1870=DIRECTION('ref_axis',(-0.991444861373799,0.130526192220142,0.));
#1871=DIRECTION('',(0.,0.,-1.));
#1872=DIRECTION('center_axis',(9.28584980240819E-16,2.21199921611307E-15,
1.));
#1873=DIRECTION('ref_axis',(-0.991444861373799,0.130526192220142,0.));
#1874=DIRECTION('center_axis',(-0.991444861373799,0.130526192220142,0.));
#1875=DIRECTION('ref_axis',(0.130526192220142,0.991444861373799,3.94430452610438E-31));
#1876=DIRECTION('',(-2.70433379480084E-16,-2.05414545440256E-15,-1.));
#1877=DIRECTION('',(-0.130526192220142,-0.991444861373799,2.31427991780182E-15));
#1878=DIRECTION('center_axis',(9.28584980240819E-16,-2.21199921611307E-15,
-1.));
#1879=DIRECTION('ref_axis',(0.669805105919094,-0.742536948632667,2.26446210935553E-15));
#1880=DIRECTION('',(0.,0.,-1.));
#1881=DIRECTION('center_axis',(-9.28584980240819E-16,-2.21199921611307E-15,
-1.));
#1882=DIRECTION('ref_axis',(0.669805105919094,-0.742536948632667,2.26446210935553E-15));
#1883=DIRECTION('center_axis',(-1.39452223873697E-31,-1.39452223873671E-31,
1.));
#1884=DIRECTION('ref_axis',(1.,0.,0.));
#1885=DIRECTION('center_axis',(-0.442288690219083,-0.896872741532648,0.));
#1886=DIRECTION('ref_axis',(-0.896872741532648,0.442288690219083,0.));
#1887=DIRECTION('center_axis',(1.39452223873697E-31,1.39452223873671E-31,
-1.));
#1888=DIRECTION('ref_axis',(0.395577955948135,-0.918432404027589,-7.29132155469104E-32));
#1889=DIRECTION('center_axis',(-1.39452223873697E-31,-1.39452223873671E-31,
1.));
#1890=DIRECTION('ref_axis',(0.395577955948135,-0.918432404027589,-7.29132155469104E-32));
#1891=DIRECTION('center_axis',(0.442288690219081,0.896872741532649,1.8674903978364E-31));
#1892=DIRECTION('ref_axis',(-0.634184797399108,0.312745332096029,-0.707106781186546));
#1893=DIRECTION('center_axis',(-0.442288690219081,-0.896872741532649,0.));
#1894=DIRECTION('ref_axis',(-0.896872741532649,0.442288690219081,0.));
#1895=DIRECTION('',(-0.442288690219081,-0.896872741532649,-1.8674903978364E-31));
#1896=DIRECTION('',(0.442288690219081,0.896872741532649,1.8674903978364E-31));
#1897=DIRECTION('center_axis',(0.442288690219084,0.896872741532647,0.));
#1898=DIRECTION('ref_axis',(0.896872741532647,-0.442288690219084,0.));
#1899=DIRECTION('center_axis',(-1.39452223873697E-31,-1.39452223873671E-31,
1.));
#1900=DIRECTION('ref_axis',(0.442288690219083,0.896872741532648,1.8674903978364E-31));
#1901=DIRECTION('center_axis',(1.39452223873697E-31,1.39452223873671E-31,
-1.));
#1902=DIRECTION('ref_axis',(0.442288690219083,0.896872741532648,1.8674903978364E-31));
#1903=DIRECTION('center_axis',(-0.442288690219083,-0.896872741532648,-1.8674903978364E-31));
#1904=DIRECTION('ref_axis',(0.634184797399107,-0.312745332096031,-0.707106781186545));
#1905=DIRECTION('center_axis',(0.442288690219084,0.896872741532647,0.));
#1906=DIRECTION('ref_axis',(0.896872741532647,-0.442288690219084,0.));
#1907=DIRECTION('',(0.442288690219083,0.896872741532648,1.8674903978364E-31));
#1908=DIRECTION('',(-0.442288690219083,-0.896872741532648,-1.8674903978364E-31));
#1909=DIRECTION('center_axis',(-1.39452223873697E-31,-1.39452223873671E-31,
1.));
#1910=DIRECTION('ref_axis',(-0.969454017314375,-0.245273130026549,0.));
#1911=DIRECTION('center_axis',(1.39452223873697E-31,1.39452223873671E-31,
-1.));
#1912=DIRECTION('ref_axis',(-0.969454017314375,-0.245273130026547,-1.69396402096437E-31));
#1913=DIRECTION('center_axis',(-1.39452223873697E-31,-1.39452223873671E-31,
1.));
#1914=DIRECTION('ref_axis',(-0.969454017314375,-0.245273130026547,-1.69396402096437E-31));
#1915=DIRECTION('center_axis',(-9.28584980240819E-16,2.21199921611307E-15,
1.));
#1916=DIRECTION('ref_axis',(-0.969454017314374,-0.24527313002655,-3.57676468159923E-16));
#1917=DIRECTION('',(6.95799353055815E-16,1.41094151203074E-15,1.));
#1918=DIRECTION('center_axis',(-9.28584980240819E-16,-2.21199921611307E-15,
-1.));
#1919=DIRECTION('ref_axis',(-0.969454017314374,-0.24527313002655,-3.57676468159923E-16));
#1920=DIRECTION('',(0.,0.,-1.));
#1921=DIRECTION('center_axis',(0.896872741532648,-0.442288690219083,0.));
#1922=DIRECTION('ref_axis',(-0.442288690219083,-0.896872741532648,-3.94430452610438E-31));
#1923=DIRECTION('',(0.,0.,-1.));
#1924=DIRECTION('',(0.442288690219083,0.896872741532648,-2.39458443589122E-15));
#1925=DIRECTION('center_axis',(0.,0.,-1.));
#1926=DIRECTION('ref_axis',(-0.896872741532648,0.442288690219083,0.));
#1927=DIRECTION('',(0.,0.,-1.));
#1928=DIRECTION('center_axis',(9.28584980240819E-16,2.21199921611307E-15,
1.));
#1929=DIRECTION('ref_axis',(-0.896872741532648,0.442288690219083,0.));
#1930=DIRECTION('center_axis',(-0.896872741532649,0.442288690219081,0.));
#1931=DIRECTION('ref_axis',(0.442288690219081,0.896872741532649,3.94430452610437E-31));
#1932=DIRECTION('',(-6.95799353055813E-16,-1.41094151203075E-15,-1.));
#1933=DIRECTION('',(-0.442288690219081,-0.896872741532649,2.39458443589122E-15));
#1934=DIRECTION('center_axis',(9.28584980240819E-16,-2.21199921611307E-15,
-1.));
#1935=DIRECTION('ref_axis',(0.395577955948138,-0.918432404027587,2.39889950616967E-15));
#1936=DIRECTION('',(0.,0.,-1.));
#1937=DIRECTION('center_axis',(-9.28584980240819E-16,-2.21199921611307E-15,
-1.));
#1938=DIRECTION('ref_axis',(0.395577955948138,-0.918432404027587,2.39889950616967E-15));
#1939=DIRECTION('center_axis',(-1.39452223873697E-31,-1.39452223873671E-31,
1.));
#1940=DIRECTION('ref_axis',(1.,0.,0.));
#1941=DIRECTION('center_axis',(-0.707106781186614,-0.707106781186481,0.));
#1942=DIRECTION('ref_axis',(-0.707106781186481,0.707106781186614,0.));
#1943=DIRECTION('center_axis',(1.39452223873697E-31,1.39452223873671E-31,
-1.));
#1944=DIRECTION('ref_axis',(0.0793642641836458,-0.996845681924032,-1.27944824066663E-31));
#1945=DIRECTION('center_axis',(-1.39452223873697E-31,-1.39452223873671E-31,
1.));
#1946=DIRECTION('ref_axis',(0.0793642641836458,-0.996845681924032,-1.27944824066663E-31));
#1947=DIRECTION('center_axis',(0.707106781186612,0.707106781186483,1.97215226305253E-31));
#1948=DIRECTION('ref_axis',(-0.499999999999956,0.500000000000047,-0.707106781186546));
#1949=DIRECTION('center_axis',(-0.707106781186612,-0.707106781186483,0.));
#1950=DIRECTION('ref_axis',(-0.707106781186483,0.707106781186612,0.));
#1951=DIRECTION('',(-0.707106781186612,-0.707106781186483,-1.97215226305253E-31));
#1952=DIRECTION('',(0.707106781186612,0.707106781186483,1.97215226305253E-31));
#1953=DIRECTION('center_axis',(0.707106781186612,0.707106781186483,0.));
#1954=DIRECTION('ref_axis',(0.707106781186483,-0.707106781186612,0.));
#1955=DIRECTION('center_axis',(-1.39452223873697E-31,-1.39452223873671E-31,
1.));
#1956=DIRECTION('ref_axis',(0.707106775918258,0.707106786454837,1.97215226305253E-31));
#1957=DIRECTION('center_axis',(1.39452223873697E-31,1.39452223873671E-31,
-1.));
#1958=DIRECTION('ref_axis',(0.707106775918258,0.707106786454837,1.97215226305253E-31));
#1959=DIRECTION('center_axis',(-0.707106781186612,-0.707106781186483,-1.97215226305253E-31));
#1960=DIRECTION('ref_axis',(0.499999999999956,-0.500000000000047,-0.707106781186546));
#1961=DIRECTION('center_axis',(0.70710678118661,0.707106781186485,0.));
#1962=DIRECTION('ref_axis',(0.707106781186485,-0.70710678118661,0.));
#1963=DIRECTION('',(0.707106781186612,0.707106781186483,1.97215226305253E-31));
#1964=DIRECTION('',(-0.707106781186612,-0.707106781186483,-1.97215226305253E-31));
#1965=DIRECTION('center_axis',(-1.39452223873697E-31,-1.39452223873671E-31,
1.));
#1966=DIRECTION('ref_axis',(-0.996845681924018,0.0793642641838286,0.));
#1967=DIRECTION('center_axis',(1.39452223873697E-31,1.39452223873671E-31,
-1.));
#1968=DIRECTION('ref_axis',(-0.996845681924018,0.0793642641838265,-1.27944824066664E-31));
#1969=DIRECTION('center_axis',(-1.39452223873697E-31,-1.39452223873671E-31,
1.));
#1970=DIRECTION('ref_axis',(-0.996845681924018,0.0793642641838265,-1.27944824066664E-31));
#1971=DIRECTION('center_axis',(-9.28584980240819E-16,2.21199921611307E-15,
1.));
#1972=DIRECTION('ref_axis',(-0.996845681924018,0.0793642641838266,-1.10120961801457E-15));
#1973=DIRECTION('',(6.41707117936043E-16,6.41707117935926E-16,1.));
#1974=DIRECTION('center_axis',(-9.28584980240819E-16,-2.21199921611307E-15,
-1.));
#1975=DIRECTION('ref_axis',(-0.996845681924018,0.0793642641838266,-1.10120961801457E-15));
#1976=DIRECTION('',(0.,0.,-1.));
#1977=DIRECTION('center_axis',(0.707106781186483,-0.707106781186612,0.));
#1978=DIRECTION('ref_axis',(-0.707106781186612,-0.707106781186483,-3.94430452610438E-31));
#1979=DIRECTION('',(0.,0.,-1.));
#1980=DIRECTION('',(0.707106781186612,0.707106781186483,-2.22072838212906E-15));
#1981=DIRECTION('center_axis',(0.,0.,-1.));
#1982=DIRECTION('ref_axis',(-0.707106781186483,0.707106781186612,0.));
#1983=DIRECTION('',(0.,0.,-1.));
#1984=DIRECTION('center_axis',(9.28584980240819E-16,2.21199921611307E-15,
1.));
#1985=DIRECTION('ref_axis',(-0.707106781186483,0.707106781186612,0.));
#1986=DIRECTION('center_axis',(-0.707106781186483,0.707106781186612,0.));
#1987=DIRECTION('ref_axis',(0.707106781186612,0.707106781186483,3.94430452610438E-31));
#1988=DIRECTION('',(-6.41707117936043E-16,-6.41707117935926E-16,-1.));
#1989=DIRECTION('',(-0.707106781186612,-0.707106781186483,2.22072838212906E-15));
#1990=DIRECTION('center_axis',(9.28584980240819E-16,-2.21199921611307E-15,
-1.));
#1991=DIRECTION('ref_axis',(0.0793642641836455,-0.996845681924032,2.27871833069046E-15));
#1992=DIRECTION('',(0.,0.,-1.));
#1993=DIRECTION('center_axis',(-9.28584980240819E-16,-2.21199921611307E-15,
-1.));
#1994=DIRECTION('ref_axis',(0.0793642641836455,-0.996845681924032,2.27871833069046E-15));
#1995=DIRECTION('center_axis',(-1.39452223873697E-31,-1.39452223873671E-31,
1.));
#1996=DIRECTION('ref_axis',(1.,0.,0.));
#1997=DIRECTION('center_axis',(-0.896872741532725,-0.442288690218926,0.));
#1998=DIRECTION('ref_axis',(-0.442288690218926,0.896872741532725,0.));
#1999=DIRECTION('center_axis',(1.39452223873697E-31,1.39452223873671E-31,
-1.));
#2000=DIRECTION('ref_axis',(-0.245273130026726,-0.96945401731433,-1.69396402096437E-31));
#2001=DIRECTION('center_axis',(-1.39452223873697E-31,-1.39452223873671E-31,
1.));
#2002=DIRECTION('ref_axis',(-0.245273130026726,-0.96945401731433,-1.69396402096437E-31));
#2003=DIRECTION('center_axis',(0.896872741532729,0.44228869021892,1.8674903978364E-31));
#2004=DIRECTION('ref_axis',(-0.312745332095915,0.634184797399163,-0.707106781186547));
#2005=DIRECTION('center_axis',(-0.896872741532728,-0.442288690218921,0.));
#2006=DIRECTION('ref_axis',(-0.442288690218921,0.896872741532728,0.));
#2007=DIRECTION('',(-0.896872741532729,-0.44228869021892,-1.8674903978364E-31));
#2008=DIRECTION('',(0.896872741532729,0.44228869021892,1.8674903978364E-31));
#2009=DIRECTION('center_axis',(0.896872741532728,0.442288690218922,0.));
#2010=DIRECTION('ref_axis',(0.442288690218922,-0.896872741532728,0.));
#2011=DIRECTION('center_axis',(-1.39452223873697E-31,-1.39452223873671E-31,
1.));
#2012=DIRECTION('ref_axis',(0.896872741532729,0.442288690218919,1.8674903978364E-31));
#2013=DIRECTION('center_axis',(1.39452223873697E-31,1.39452223873671E-31,
-1.));
#2014=DIRECTION('ref_axis',(0.896872741532729,0.442288690218919,1.8674903978364E-31));
#2015=DIRECTION('center_axis',(-0.896872741532729,-0.44228869021892,-1.8674903978364E-31));
#2016=DIRECTION('ref_axis',(0.312745332095915,-0.634184797399163,-0.707106781186547));
#2017=DIRECTION('center_axis',(0.896872741532728,0.44228869021892,0.));
#2018=DIRECTION('ref_axis',(0.44228869021892,-0.896872741532728,0.));
#2019=DIRECTION('',(0.896872741532729,0.44228869021892,1.8674903978364E-31));
#2020=DIRECTION('',(-0.896872741532729,-0.44228869021892,-1.8674903978364E-31));
#2021=DIRECTION('center_axis',(-1.39452223873697E-31,-1.39452223873671E-31,
1.));
#2022=DIRECTION('ref_axis',(-0.918432404027519,0.395577955948296,0.));
#2023=DIRECTION('center_axis',(1.39452223873697E-31,1.39452223873671E-31,
-1.));
#2024=DIRECTION('ref_axis',(-0.918432404027518,0.395577955948298,-7.2913215546912E-32));
#2025=DIRECTION('center_axis',(-1.39452223873697E-31,-1.39452223873671E-31,
1.));
#2026=DIRECTION('ref_axis',(-0.918432404027518,0.395577955948298,-7.2913215546912E-32));
#2027=DIRECTION('center_axis',(-9.28584980240819E-16,2.21199921611307E-15,
1.));
#2028=DIRECTION('ref_axis',(-0.918432404027519,0.395577955948296,-1.72786066421566E-15));
#2029=DIRECTION('',(0.,0.,1.));
#2030=DIRECTION('center_axis',(-9.28584980240819E-16,-2.21199921611307E-15,
-1.));
#2031=DIRECTION('ref_axis',(-0.918432404027519,0.395577955948296,-1.72786066421566E-15));
#2032=DIRECTION('',(0.,0.,-1.));
#2033=DIRECTION('center_axis',(0.44228869021892,-0.896872741532729,0.));
#2034=DIRECTION('ref_axis',(-0.896872741532728,-0.44228869021892,-3.94430452610437E-31));
#2035=DIRECTION('',(0.,0.,-1.));
#2036=DIRECTION('',(0.896872741532728,0.44228869021892,-1.81116479303463E-15));
#2037=DIRECTION('center_axis',(0.,0.,-1.));
#2038=DIRECTION('ref_axis',(-0.442288690218918,0.896872741532729,0.));
#2039=DIRECTION('',(0.,0.,-1.));
#2040=DIRECTION('center_axis',(9.28584980240819E-16,2.21199921611307E-15,
1.));
#2041=DIRECTION('ref_axis',(-0.442288690218918,0.896872741532729,0.));
#2042=DIRECTION('center_axis',(-0.44228869021892,0.896872741532729,0.));
#2043=DIRECTION('ref_axis',(0.896872741532728,0.44228869021892,3.94430452610437E-31));
#2044=DIRECTION('',(-1.30512633528133E-16,-6.43617082636834E-17,-1.));
#2045=DIRECTION('',(-0.896872741532728,-0.44228869021892,1.81116479303463E-15));
#2046=DIRECTION('center_axis',(9.28584980240819E-16,-2.21199921611307E-15,
-1.));
#2047=DIRECTION('ref_axis',(-0.245273130026713,-0.969454017314333,1.91667458175751E-15));
#2048=DIRECTION('',(0.,0.,-1.));
#2049=DIRECTION('center_axis',(-9.28584980240819E-16,-2.21199921611307E-15,
-1.));
#2050=DIRECTION('ref_axis',(-0.245273130026713,-0.969454017314333,1.91667458175751E-15));
#2051=DIRECTION('center_axis',(-1.39452223873697E-31,-1.39452223873671E-31,
1.));
#2052=DIRECTION('ref_axis',(1.,0.,0.));
#2053=DIRECTION('center_axis',(-0.991444861373822,-0.130526192219963,0.));
#2054=DIRECTION('ref_axis',(-0.130526192219963,0.991444861373822,0.));
#2055=DIRECTION('center_axis',(1.39452223873697E-31,1.39452223873671E-31,
-1.));
#2056=DIRECTION('ref_axis',(-0.543877297739393,-0.839164754385988,-1.92868289879704E-31));
#2057=DIRECTION('center_axis',(-1.39452223873697E-31,-1.39452223873671E-31,
1.));
#2058=DIRECTION('ref_axis',(-0.543877297739393,-0.839164754385988,-1.92868289879704E-31));
#2059=DIRECTION('center_axis',(0.991444861373822,0.130526192219963,1.56461358545565E-31));
#2060=DIRECTION('ref_axis',(-0.0922959556411949,0.701057384649988,-0.707106781186546));
#2061=DIRECTION('center_axis',(-0.991444861373822,-0.130526192219964,0.));
#2062=DIRECTION('ref_axis',(-0.130526192219964,0.991444861373822,0.));
#2063=DIRECTION('',(-0.991444861373822,-0.130526192219963,-1.56461358545565E-31));
#2064=DIRECTION('',(0.991444861373822,0.130526192219963,1.56461358545565E-31));
#2065=DIRECTION('center_axis',(0.991444861373823,0.130526192219955,0.));
#2066=DIRECTION('ref_axis',(0.130526192219955,-0.991444861373823,0.));
#2067=DIRECTION('center_axis',(-1.39452223873697E-31,-1.39452223873671E-31,
1.));
#2068=DIRECTION('ref_axis',(0.991444861373822,0.130526192219964,1.56461358545565E-31));
#2069=DIRECTION('center_axis',(1.39452223873697E-31,1.39452223873671E-31,
-1.));
#2070=DIRECTION('ref_axis',(0.991444861373822,0.130526192219964,1.56461358545565E-31));
#2071=DIRECTION('center_axis',(-0.991444861373822,-0.130526192219961,-1.56461358545565E-31));
#2072=DIRECTION('ref_axis',(0.0922959556411935,-0.701057384649988,-0.707106781186546));
#2073=DIRECTION('center_axis',(0.991444861373822,0.130526192219964,0.));
#2074=DIRECTION('ref_axis',(0.130526192219964,-0.991444861373822,0.));
#2075=DIRECTION('',(0.991444861373822,0.130526192219961,1.56461358545565E-31));
#2076=DIRECTION('',(-0.991444861373822,-0.130526192219961,-1.56461358545565E-31));
#2077=DIRECTION('center_axis',(-1.39452223873697E-31,-1.39452223873671E-31,
1.));
#2078=DIRECTION('ref_axis',(1.,0.,0.));
#2079=DIRECTION('center_axis',(1.39452223873697E-31,1.39452223873671E-31,
-1.));
#2080=DIRECTION('ref_axis',(-0.742536948632545,0.669805105919229,-1.01426172128213E-32));
#2081=DIRECTION('center_axis',(-1.39452223873697E-31,-1.39452223873671E-31,
1.));
#2082=DIRECTION('ref_axis',(-0.742536948632545,0.669805105919229,-1.01426172128213E-32));
#2083=DIRECTION('center_axis',(-9.28584980240819E-16,2.21199921611307E-15,
1.));
#2084=DIRECTION('ref_axis',(-0.742536948632544,0.66980510591923,-2.1711170270159E-15));
#2085=DIRECTION('',(0.,0.,1.));
#2086=DIRECTION('center_axis',(-9.28584980240819E-16,-2.21199921611307E-15,
-1.));
#2087=DIRECTION('ref_axis',(-0.742536948632544,0.66980510591923,-2.1711170270159E-15));
#2088=DIRECTION('',(0.,0.,-1.));
#2089=DIRECTION('center_axis',(0.130526192219961,-0.991444861373822,0.));
#2090=DIRECTION('ref_axis',(-0.991444861373822,-0.130526192219961,-3.9443045261044E-31));
#2091=DIRECTION('',(0.,0.,-1.));
#2092=DIRECTION('',(0.991444861373822,0.130526192219961,-1.20936464188145E-15));
#2093=DIRECTION('center_axis',(0.,0.,-1.));
#2094=DIRECTION('ref_axis',(-0.130526192219964,0.991444861373822,0.));
#2095=DIRECTION('',(0.,0.,-1.));
#2096=DIRECTION('center_axis',(9.28584980240819E-16,2.21199921611307E-15,
1.));
#2097=DIRECTION('ref_axis',(-0.130526192219964,0.991444861373822,0.));
#2098=DIRECTION('center_axis',(-0.130526192219963,0.991444861373822,0.));
#2099=DIRECTION('ref_axis',(0.991444861373822,0.130526192219963,3.94430452610438E-31));
#2100=DIRECTION('',(6.26510834839033E-16,8.24817161720665E-17,-1.));
#2101=DIRECTION('',(-0.991444861373822,-0.130526192219963,1.20936464188145E-15));
#2102=DIRECTION('center_axis',(9.28584980240819E-16,-2.21199921611307E-15,
-1.));
#2103=DIRECTION('ref_axis',(-0.543877297739393,-0.839164754385988,1.35119548911676E-15));
#2104=DIRECTION('',(0.,0.,-1.));
#2105=DIRECTION('center_axis',(-9.28584980240819E-16,-2.21199921611307E-15,
-1.));
#2106=DIRECTION('ref_axis',(-0.543877297739393,-0.839164754385988,1.35119548911676E-15));
#2107=DIRECTION('center_axis',(1.39452223873697E-31,1.39452223873671E-31,
-1.));
#2108=DIRECTION('ref_axis',(1.,0.,1.39452223873697E-31));
#2109=DIRECTION('center_axis',(1.39452223873697E-31,1.39452223873671E-31,
-1.));
#2110=DIRECTION('ref_axis',(0.707106781186547,-0.707106781186548,1.82606706132328E-44));
#2111=DIRECTION('center_axis',(1.39452223873697E-31,1.39452223873671E-31,
-1.));
#2112=DIRECTION('ref_axis',(1.,0.,1.39452223873697E-31));
#2113=DIRECTION('center_axis',(1.39452223873697E-31,1.39452223873671E-31,
-1.));
#2114=DIRECTION('ref_axis',(0.707106781186547,-0.707106781186548,1.82606706132328E-44));
#2115=DIRECTION('center_axis',(1.39452223873697E-31,1.39452223873671E-31,
-1.));
#2116=DIRECTION('ref_axis',(1.,0.,1.39452223873697E-31));
#2117=DIRECTION('center_axis',(1.39452223873697E-31,1.39452223873671E-31,
-1.));
#2118=DIRECTION('ref_axis',(0.707106781186547,-0.707106781186548,1.82606706132328E-44));
#2119=DIRECTION('center_axis',(1.39452223873697E-31,1.39452223873671E-31,
-1.));
#2120=DIRECTION('ref_axis',(1.,0.,1.39452223873697E-31));
#2121=DIRECTION('center_axis',(1.39452223873697E-31,1.39452223873671E-31,
-1.));
#2122=DIRECTION('ref_axis',(0.707106781186547,-0.707106781186548,1.82606706132328E-44));
#2123=DIRECTION('center_axis',(1.39452223873697E-31,1.39452223873671E-31,
-1.));
#2124=DIRECTION('ref_axis',(1.,0.,1.39452223873697E-31));
#2125=DIRECTION('center_axis',(1.39452223873697E-31,1.39452223873671E-31,
-1.));
#2126=DIRECTION('ref_axis',(0.707106781186547,-0.707106781186548,1.82606706132328E-44));
#2127=DIRECTION('center_axis',(-9.28584980240819E-16,2.21199921611307E-15,
1.));
#2128=DIRECTION('ref_axis',(0.707106781186547,-0.707106781186548,2.22072838212914E-15));
#2129=DIRECTION('center_axis',(9.28584980240819E-16,2.21199921611307E-15,
1.));
#2130=DIRECTION('ref_axis',(0.707106781186547,-0.707106781186548,2.22072838212914E-15));
#2131=DIRECTION('center_axis',(9.28584980240819E-16,2.21199921611307E-15,
1.));
#2132=DIRECTION('ref_axis',(0.707106781186547,-0.707106781186548,2.22072838212914E-15));
#2133=DIRECTION('center_axis',(9.28584980240819E-16,2.21199921611307E-15,
1.));
#2134=DIRECTION('ref_axis',(0.707106781186547,-0.707106781186548,2.22072838212914E-15));
#2135=DIRECTION('center_axis',(9.28584980240819E-16,2.21199921611307E-15,
1.));
#2136=DIRECTION('ref_axis',(0.707106781186547,-0.707106781186548,2.22072838212914E-15));
#2137=DIRECTION('center_axis',(9.28584980240819E-16,2.21199921611307E-15,
1.));
#2138=DIRECTION('ref_axis',(0.707106781186547,-0.707106781186548,2.22072838212914E-15));
#2139=DIRECTION('',(0.,0.,1.));
#2140=DIRECTION('center_axis',(2.21199921611307E-15,-9.28584980240819E-16,
-1.));
#2141=DIRECTION('ref_axis',(0.707106781186547,-0.707106781186548,2.22072838212914E-15));
#2142=DIRECTION('',(1.11022302462516E-15,-2.22044604925031E-15,-1.));
#2143=DIRECTION('center_axis',(9.28584980240819E-16,2.21199921611307E-15,
1.));
#2144=DIRECTION('ref_axis',(0.707106781186547,-0.707106781186548,2.22072838212914E-15));
#2145=DIRECTION('center_axis',(-2.21199921611307E-15,9.28584980240819E-16,
1.));
#2146=DIRECTION('ref_axis',(0.707106781186548,-0.707106781186547,2.22072838212914E-15));
#2147=DIRECTION('',(-0.707106781186548,0.707106781186547,-2.22072838212914E-15));
#2148=DIRECTION('center_axis',(-2.21199921611307E-15,9.28584980240819E-16,
1.));
#2149=DIRECTION('ref_axis',(0.707106781186547,-0.707106781186548,2.22072838212914E-15));
#2150=DIRECTION('',(-0.707106781186548,0.707106781186547,-2.22072838212914E-15));
#2151=DIRECTION('center_axis',(-3.72058573396006E-15,9.83246421980351E-17,
1.));
#2152=DIRECTION('ref_axis',(-1.,-1.11022302462516E-15,-3.72058573396006E-15));
#2153=DIRECTION('',(-0.707106781186548,0.707106781186547,-2.70037742372506E-15));
#2154=DIRECTION('center_axis',(3.72058573396006E-15,-9.83246421980351E-17,
-1.));
#2155=DIRECTION('ref_axis',(-0.707106781186597,0.707106781186498,-2.70037742372524E-15));
#2156=DIRECTION('',(0.707106781186547,-0.707106781186548,2.70037742372506E-15));
#2157=DIRECTION('center_axis',(3.72058573396006E-15,-9.83246421980351E-17,
-1.));
#2158=DIRECTION('ref_axis',(-1.,-1.11022302462516E-15,-3.72058573396006E-15));
#2159=DIRECTION('center_axis',(-9.28584980240819E-16,-2.21199921611307E-15,
-1.));
#2160=DIRECTION('ref_axis',(0.707106781186547,0.707106781186548,-2.22072838212914E-15));
#2161=DIRECTION('',(-9.28584980240819E-16,-2.21199921611307E-15,-1.));
#2162=DIRECTION('center_axis',(6.49642562840178E-15,5.79251550029283E-16,
-1.));
#2163=DIRECTION('ref_axis',(0.707106781186547,0.707106781186548,-2.22072838212914E-15));
#2164=DIRECTION('',(9.28584980240819E-16,2.21199921611307E-15,1.));
#2165=DIRECTION('center_axis',(5.55111512312578E-16,-5.55111512312578E-16,
-1.));
#2166=DIRECTION('ref_axis',(0.707106781186547,0.707106781186548,-5.42341872339446E-31));
#2167=DIRECTION('center_axis',(6.49642562840178E-15,5.79251550029283E-16,
-1.));
#2168=DIRECTION('ref_axis',(-1.,-1.59838100825427E-15,-6.49642562840178E-15));
#2169=DIRECTION('',(0.707106781186548,-0.707106781186547,4.18407391627846E-15));
#2170=DIRECTION('center_axis',(-3.04300954173275E-15,2.87416453663976E-15,
1.));
#2171=DIRECTION('ref_axis',(2.66113378704091E-16,1.,-2.87416453663975E-15));
#2172=DIRECTION('',(-0.707106781186547,0.707106781186548,-4.18407391627846E-15));
#2173=DIRECTION('center_axis',(6.49642562840178E-15,5.79251550029283E-16,
-1.));
#2174=DIRECTION('ref_axis',(-1.,-1.59838100825427E-15,-6.49642562840178E-15));
#2175=DIRECTION('',(0.707106781186548,-0.707106781186547,4.18407391627846E-15));
#2176=DIRECTION('center_axis',(1.49985735183092E-15,-2.20789322112773E-16,
-1.));
#2177=DIRECTION('ref_axis',(-1.,-1.59838100825427E-15,-1.49985735183092E-15));
#2178=DIRECTION('',(-0.707106781186548,0.707106781186547,-1.21668093117167E-15));
#2179=DIRECTION('center_axis',(1.22464679914736E-16,-2.22072838212914E-15,
1.));
#2180=DIRECTION('ref_axis',(0.707106781186547,0.707106781186548,1.4836964925534E-15));
#2181=DIRECTION('',(-0.707106781186548,0.707106781186547,-1.21668093117167E-15));
#2182=DIRECTION('center_axis',(-3.8430504138748E-15,-2.1224037399311E-15,
1.));
#2183=DIRECTION('ref_axis',(-0.707106781186499,0.707106781186596,-1.21668093117137E-15));
#2184=DIRECTION('',(-0.707106781186547,0.707106781186548,-1.21668093117166E-15));
#2185=DIRECTION('center_axis',(1.49985735183092E-15,-2.20789322112773E-16,
-1.));
#2186=DIRECTION('ref_axis',(-0.707106781186597,0.707106781186498,-1.21668093117173E-15));
#2187=DIRECTION('center_axis',(3.72058573396006E-15,-9.83246421980351E-17,
-1.));
#2188=DIRECTION('ref_axis',(-0.707106781186597,0.707106781186498,-2.70037742372524E-15));
#2189=DIRECTION('',(-3.72058573396006E-15,9.83246421980351E-17,1.));
#2190=DIRECTION('',(3.33066907387547E-15,-7.39557098644698E-31,-1.));
#2191=DIRECTION('center_axis',(0.707106781186547,0.707106781186548,4.39319337184463E-15));
#2192=DIRECTION('ref_axis',(-4.54406722690849E-15,-1.66884642168177E-15,
1.));
#2193=DIRECTION('center_axis',(-0.707106781186547,-0.707106781186548,-4.39319337184463E-15));
#2194=DIRECTION('ref_axis',(-4.57644873179339E-15,-1.63646491679687E-15,
1.));
#2195=DIRECTION('center_axis',(0.707106781186547,0.707106781186548,4.39319337184463E-15));
#2196=DIRECTION('ref_axis',(-4.57644873179339E-15,-1.63646491679687E-15,
1.));
#2197=DIRECTION('center_axis',(0.707106781186548,0.707106781186547,2.56132538121312E-15));
#2198=DIRECTION('ref_axis',(-4.57644873179339E-15,-1.63646491679687E-15,
1.));
#2199=DIRECTION('',(0.707106781186547,0.707106781186548,4.39319337184463E-15));
#2200=DIRECTION('center_axis',(-0.707106781186548,-0.707106781186547,-2.56132538121312E-15));
#2201=DIRECTION('ref_axis',(-0.707106781186547,0.707106781186548,-2.70037742372506E-15));
#2202=DIRECTION('',(3.72058573396006E-15,-9.8324642198035E-17,-1.));
#2203=DIRECTION('',(-0.707106781186547,0.707106781186548,-2.70037742372506E-15));
#2204=DIRECTION('',(-3.72058573396006E-15,9.8324642198035E-17,1.));
#2205=DIRECTION('',(-0.707106781186547,0.707106781186548,-2.70037742372506E-15));
#2206=DIRECTION('',(3.72058573396006E-15,-9.8324642198035E-17,-1.));
#2207=DIRECTION('',(-3.72058573396006E-15,9.8324642198035E-17,1.));
#2208=DIRECTION('',(-0.707106781186547,0.707106781186548,-2.70037742372506E-15));
#2209=DIRECTION('',(3.72058573396006E-15,-9.8324642198035E-17,-1.));
#2210=DIRECTION('center_axis',(2.28292865600727E-15,2.6055050619729E-15,
-1.));
#2211=DIRECTION('ref_axis',(0.707106781186547,0.707106781186548,3.45664463136475E-15));
#2212=DIRECTION('',(2.28292865600727E-15,2.6055050619729E-15,-1.));
#2213=DIRECTION('center_axis',(2.28292865600727E-15,2.6055050619729E-15,
-1.));
#2214=DIRECTION('ref_axis',(-0.707106781186547,-0.707106781186548,-3.45664463136474E-15));
#2215=DIRECTION('',(-2.28292865600727E-15,-2.6055050619729E-15,1.));
#2216=DIRECTION('center_axis',(2.28292865600727E-15,2.6055050619729E-15,
-1.));
#2217=DIRECTION('ref_axis',(-0.707106781186547,-0.707106781186548,-3.45664463136474E-15));
#2218=DIRECTION('center_axis',(-2.28292865600727E-15,-2.6055050619729E-15,
1.));
#2219=DIRECTION('ref_axis',(-0.707106781186547,-0.707106781186548,-3.45664463136475E-15));
#2220=DIRECTION('',(0.707106781186548,-0.707106781186547,-2.28095964109078E-16));
#2221=DIRECTION('',(0.707106781186548,-0.707106781186547,-2.28095964109078E-16));
#2222=DIRECTION('center_axis',(-2.28292865600727E-15,-2.6055050619729E-15,
1.));
#2223=DIRECTION('ref_axis',(0.707106781186547,0.707106781186548,3.45664463136474E-15));
#2224=DIRECTION('center_axis',(2.28292865600727E-15,2.6055050619729E-15,
-1.));
#2225=DIRECTION('ref_axis',(0.707106781186547,0.707106781186548,3.45664463136474E-15));
#2226=DIRECTION('',(2.28292865600727E-15,2.6055050619729E-15,-1.));
#2227=DIRECTION('',(-2.28292865600727E-15,-2.6055050619729E-15,1.));
#2228=DIRECTION('center_axis',(3.72058573396006E-15,-9.83246421980351E-17,
-1.));
#2229=DIRECTION('ref_axis',(-0.707106781186597,0.707106781186498,-2.70037742372524E-15));
#2230=DIRECTION('',(3.72058573396006E-15,-9.83246421980351E-17,-1.));
#2231=DIRECTION('center_axis',(3.72058573396006E-15,-9.83246421980351E-17,
-1.));
#2232=DIRECTION('ref_axis',(-0.707106781186597,0.707106781186498,-2.70037742372524E-15));
#2233=DIRECTION('center_axis',(-3.72058573396006E-15,9.83246421980351E-17,
1.));
#2234=DIRECTION('ref_axis',(-1.,-1.11022302462516E-15,-3.72058573396006E-15));
#2235=DIRECTION('',(-0.707106781186548,0.707106781186547,-2.70037742372506E-15));
#2236=DIRECTION('center_axis',(3.72058573396006E-15,-9.83246421980351E-17,
-1.));
#2237=DIRECTION('ref_axis',(-1.,-1.11022302462516E-15,-3.72058573396006E-15));
#2238=DIRECTION('center_axis',(3.72058573396006E-15,-9.83246421980351E-17,
-1.));
#2239=DIRECTION('ref_axis',(0.946284600664434,-0.323334895341275,3.55252477339276E-15));
#2240=DIRECTION('',(3.72058573396006E-15,-9.83246421980351E-17,-1.));
#2241=DIRECTION('center_axis',(-3.72058573396006E-15,9.83246421980351E-17,
1.));
#2242=DIRECTION('ref_axis',(-1.,-1.11022302462516E-15,-3.72058573396006E-15));
#2243=DIRECTION('center_axis',(-3.72058573396006E-15,9.83246421980351E-17,
1.));
#2244=DIRECTION('ref_axis',(-1.,-1.11022302462516E-15,-3.72058573396006E-15));
#2245=DIRECTION('',(0.707106781186548,-0.707106781186547,2.70037742372506E-15));
#2246=DIRECTION('center_axis',(-3.72058573396006E-15,9.83246421980351E-17,
1.));
#2247=DIRECTION('ref_axis',(-0.707106781186597,0.707106781186498,-2.70037742372524E-15));
#2248=DIRECTION('center_axis',(3.72058573396006E-15,-9.83246421980351E-17,
-1.));
#2249=DIRECTION('ref_axis',(-0.707106781186597,0.707106781186498,-2.70037742372524E-15));
#2250=DIRECTION('',(3.72058573396006E-15,-9.83246421980351E-17,-1.));
#2251=DIRECTION('center_axis',(3.72058573396006E-15,-9.83246421980351E-17,
-1.));
#2252=DIRECTION('ref_axis',(-1.,-1.11022302462516E-15,-3.72058573396006E-15));
#2253=DIRECTION('',(-3.72058573396006E-15,9.83246421980351E-17,1.));
#2254=DIRECTION('center_axis',(-3.72058573396006E-15,9.83246421980351E-17,
1.));
#2255=DIRECTION('ref_axis',(-1.,-1.11022302462516E-15,-3.72058573396006E-15));
#2256=DIRECTION('center_axis',(-3.72058573396006E-15,9.83246421980351E-17,
1.));
#2257=DIRECTION('ref_axis',(-1.,-1.11022302462516E-15,-3.72058573396006E-15));
#2258=DIRECTION('',(0.707106781186548,-0.707106781186547,2.70037742372506E-15));
#2259=DIRECTION('center_axis',(-3.72058573396006E-15,9.83246421980351E-17,
1.));
#2260=DIRECTION('ref_axis',(-0.707106781186597,0.707106781186498,-2.70037742372524E-15));
#2261=DIRECTION('center_axis',(3.72058573396006E-15,-9.83246421980351E-17,
-1.));
#2262=DIRECTION('ref_axis',(-0.707106781186597,0.707106781186498,-2.70037742372524E-15));
#2263=DIRECTION('',(-3.72058573396006E-15,9.83246421980351E-17,1.));
#2264=DIRECTION('center_axis',(5.55111512312578E-16,-5.55111512312578E-16,
-1.));
#2265=DIRECTION('ref_axis',(-0.707106781186548,-0.707106781186547,-5.42341872339446E-31));
#2266=DIRECTION('',(-0.707106781186548,0.707106781186547,-7.85046229341887E-16));
#2267=DIRECTION('',(-0.707106781186548,0.707106781186547,-7.85046229341887E-16));
#2268=DIRECTION('center_axis',(-5.55111512312578E-16,5.55111512312578E-16,
1.));
#2269=DIRECTION('ref_axis',(-0.707106781186547,-0.707106781186548,5.42341872339446E-31));
#2270=DIRECTION('center_axis',(-9.28584980240819E-16,-2.21199921611307E-15,
-1.));
#2271=DIRECTION('ref_axis',(0.707106781186547,0.707106781186548,-2.22072838212914E-15));
#2272=DIRECTION('',(0.,0.,1.));
#2273=DIRECTION('',(9.28584980240819E-16,2.21199921611307E-15,1.));
#2274=DIRECTION('center_axis',(9.28584980240819E-16,2.21199921611307E-15,
1.));
#2275=DIRECTION('ref_axis',(-0.707106781186547,-0.707106781186548,2.22072838212914E-15));
#2276=DIRECTION('',(0.707106781186548,-0.707106781186547,9.07510909256618E-16));
#2277=DIRECTION('center_axis',(-9.28584980240819E-16,-2.21199921611307E-15,
-1.));
#2278=DIRECTION('ref_axis',(0.707106781186548,0.707106781186547,-2.22072838212914E-15));
#2279=DIRECTION('',(0.707106781186548,-0.707106781186547,9.07510909256618E-16));
#2280=DIRECTION('center_axis',(-2.28292865600727E-15,-2.6055050619729E-15,
1.));
#2281=DIRECTION('ref_axis',(-0.707106781186547,-0.707106781186548,-3.45664463136475E-15));
#2282=DIRECTION('',(-0.707106781186548,0.707106781186547,2.28095964109078E-16));
#2283=DIRECTION('center_axis',(2.28292865600727E-15,2.6055050619729E-15,
-1.));
#2284=DIRECTION('ref_axis',(-0.707106781186547,-0.707106781186548,-3.45664463136474E-15));
#2285=DIRECTION('',(-0.707106781186548,0.707106781186547,2.28095964109078E-16));
#2286=DIRECTION('center_axis',(2.49847779943143E-15,3.78189203530369E-15,
1.));
#2287=DIRECTION('ref_axis',(0.707106781186548,0.707106781186547,-4.44089209850064E-15));
#2288=DIRECTION('',(0.500000000000032,-0.500000000000032,0.707106781186502));
#2289=DIRECTION('',(0.500000000000033,-0.500000000000032,-0.707106781186501));
#2290=DIRECTION('center_axis',(9.28584980240819E-16,2.21199921611307E-15,
1.));
#2291=DIRECTION('ref_axis',(0.707106781186548,0.707106781186547,-2.22072838212914E-15));
#2292=DIRECTION('center_axis',(2.28292865600727E-15,2.6055050619729E-15,
-1.));
#2293=DIRECTION('ref_axis',(0.707106781186547,0.707106781186548,3.45664463136474E-15));
#2294=DIRECTION('',(-2.28292865600727E-15,-2.6055050619729E-15,1.));
#2295=DIRECTION('center_axis',(2.28292865600727E-15,2.6055050619729E-15,
-1.));
#2296=DIRECTION('ref_axis',(-0.707106781186547,-0.707106781186548,-3.45664463136474E-15));
#2297=DIRECTION('',(2.28292865600727E-15,2.6055050619729E-15,-1.));
#2298=DIRECTION('center_axis',(0.,0.,1.));
#2299=DIRECTION('ref_axis',(2.22044604925031E-16,1.,0.));
#2300=DIRECTION('',(0.,0.,1.));
#2301=DIRECTION('',(0.,0.,-1.));
#2302=DIRECTION('center_axis',(-2.28292865600727E-15,-2.6055050619729E-15,
1.));
#2303=DIRECTION('ref_axis',(0.707106781186547,0.707106781186548,3.45664463136475E-15));
#2304=DIRECTION('center_axis',(-2.28292865600727E-15,-2.6055050619729E-15,
1.));
#2305=DIRECTION('ref_axis',(-0.707106781186547,-0.707106781186548,-3.45664463136475E-15));
#2306=DIRECTION('',(-0.707106781186548,0.707106781186547,2.28095964109078E-16));
#2307=DIRECTION('center_axis',(-2.28292865600727E-15,-2.6055050619729E-15,
1.));
#2308=DIRECTION('ref_axis',(-0.707106781186547,-0.707106781186548,-3.45664463136474E-15));
#2309=DIRECTION('',(-0.707106781186548,0.707106781186547,2.28095964109078E-16));
#2310=DIRECTION('center_axis',(3.85282147519788E-15,4.17539788116351E-15,
-1.));
#2311=DIRECTION('ref_axis',(0.707106781186547,0.707106781186548,5.67680834773624E-15));
#2312=DIRECTION('',(-0.500000000000033,0.500000000000032,0.707106781186502));
#2313=DIRECTION('',(-0.500000000000033,0.500000000000032,-0.707106781186501));
#2314=DIRECTION('center_axis',(7.99232163453875E-16,9.48617358172398E-16,
-1.));
#2315=DIRECTION('ref_axis',(0.707106781186547,0.707106781186548,1.2359162492356E-15));
#2316=DIRECTION('center_axis',(-1.90945518807903E-15,-2.05884038279755E-15,
1.));
#2317=DIRECTION('ref_axis',(0.707106781186547,0.707106781186548,2.80600870791937E-15));
#2318=DIRECTION('',(-1.90945518807903E-15,-2.05884038279755E-15,1.));
#2319=DIRECTION('center_axis',(-2.28292865600727E-15,-2.6055050619729E-15,
1.));
#2320=DIRECTION('ref_axis',(-0.707106781186547,-0.707106781186548,-3.45664463136474E-15));
#2321=DIRECTION('',(1.90945518807903E-15,2.05884038279755E-15,-1.));
#2322=DIRECTION('center_axis',(7.99232163453875E-16,9.48617358172398E-16,
-1.));
#2323=DIRECTION('ref_axis',(0.707106781186547,0.707106781186548,1.2359162492356E-15));
#2324=DIRECTION('',(-0.500000000000001,0.500000000000001,0.707106781186546));
#2325=DIRECTION('center_axis',(-7.99232163453875E-16,-9.48617358172398E-16,
1.));
#2326=DIRECTION('ref_axis',(0.707106781186547,0.707106781186548,1.2359162492356E-15));
#2327=DIRECTION('',(-0.500000000000001,0.5,-0.707106781186546));
#2328=DIRECTION('center_axis',(-7.99232163453875E-16,-9.48617358172398E-16,
1.));
#2329=DIRECTION('ref_axis',(0.707106781186547,0.707106781186548,1.2359162492356E-15));
#2330=DIRECTION('',(-0.707106781186548,0.707106781186547,1.05631284194339E-16));
#2331=DIRECTION('',(-0.707106781186548,0.707106781186547,1.05631284194339E-16));
#2332=DIRECTION('center_axis',(-0.707106781186547,-0.707106781186548,0.));
#2333=DIRECTION('ref_axis',(0.,0.,-1.));
#2334=DIRECTION('center_axis',(-0.707106781186547,-0.707106781186548,0.));
#2335=DIRECTION('ref_axis',(0.,0.,-1.));
#2336=CARTESIAN_POINT('',(0.,0.,0.));
#2337=CARTESIAN_POINT('Origin',(13.7788609736427,7.89690430048467,-20.3));
#2338=CARTESIAN_POINT('',(14.2745834043296,7.8316412043746,-20.3));
#2339=CARTESIAN_POINT('',(14.7703058350165,7.76637810826453,-20.8));
#2340=CARTESIAN_POINT('Origin',(14.7703058350165,7.76637810826453,-20.3));
#2341=CARTESIAN_POINT('',(14.6306843290875,7.37307515742482,-20.8));
#2342=CARTESIAN_POINT('Origin',(13.7788609736427,7.89690430048467,-20.8));
#2343=CARTESIAN_POINT('',(13.7928571145514,7.39710023083371,-20.3));
#2344=CARTESIAN_POINT('Ctrl Pts',(13.7928571145514,7.39710023083371,-20.3));
#2345=CARTESIAN_POINT('Ctrl Pts',(13.7935899033338,7.39712075130499,-20.3007574373461));
#2346=CARTESIAN_POINT('Ctrl Pts',(13.7943226981215,7.39714116296919,-20.3015148777475));
#2347=CARTESIAN_POINT('Ctrl Pts',(13.8811356135661,7.3995463868828,-20.391245755526));
#2348=CARTESIAN_POINT('Ctrl Pts',(14.0042031867905,7.40138398183867,-20.522412647309));
#2349=CARTESIAN_POINT('Ctrl Pts',(14.2192886169489,7.39709997395265,-20.6761548556632));
#2350=CARTESIAN_POINT('Ctrl Pts',(14.3105552689758,7.3942538496603,-20.7305762810056));
#2351=CARTESIAN_POINT('Ctrl Pts',(14.4867004001116,7.38430443897046,-20.7874382278467));
#2352=CARTESIAN_POINT('Ctrl Pts',(14.5584089552329,7.37925750938731,-20.8));
#2353=CARTESIAN_POINT('Ctrl Pts',(14.6306843290875,7.37307515742482,-20.8));
#2354=CARTESIAN_POINT('Origin',(13.7788609736427,7.89690430048467,-20.3));
#2355=CARTESIAN_POINT('Origin',(14.751742608737,7.6253764059061,-20.3));
#2356=CARTESIAN_POINT('',(14.2875732725085,7.93030904901761,-20.3));
#2357=CARTESIAN_POINT('',(14.7832957031954,7.86504595290754,-20.8));
#2358=CARTESIAN_POINT('Origin',(14.7832957031954,7.86504595290754,-20.3));
#2359=CARTESIAN_POINT('',(14.751742608737,7.6253764059061,-20.8));
#2360=CARTESIAN_POINT('',(14.2560201780501,7.69063950201618,-20.3));
#2361=CARTESIAN_POINT('Ctrl Pts',(14.2875732725085,7.93030904901765,-20.3));
#2362=CARTESIAN_POINT('Ctrl Pts',(14.3854679166735,8.67389269504808,-20.3));
#2363=CARTESIAN_POINT('Ctrl Pts',(15.1290515627039,8.57599805088287,-20.3));
#2364=CARTESIAN_POINT('Ctrl Pts',(15.8726352087344,8.47810340671785,-20.2999999999999));
#2365=CARTESIAN_POINT('Ctrl Pts',(15.7747405645692,7.73451976068744,-20.3));
#2366=CARTESIAN_POINT('Ctrl Pts',(14.2875732725085,7.93030904901768,-20.8000000000001));
#2367=CARTESIAN_POINT('Ctrl Pts',(14.3854679166735,8.67389269504812,-20.8));
#2368=CARTESIAN_POINT('Ctrl Pts',(15.1290515627039,8.57599805088291,-20.8));
#2369=CARTESIAN_POINT('Ctrl Pts',(15.8726352087344,8.47810340671789,-20.8));
#2370=CARTESIAN_POINT('Ctrl Pts',(15.7747405645692,7.73451976068747,-20.8000000000001));
#2371=CARTESIAN_POINT('Ctrl Pts',(14.7832957031955,7.8650459529076,-20.8));
#2372=CARTESIAN_POINT('Ctrl Pts',(14.8159272512505,8.11290716825101,-20.8));
#2373=CARTESIAN_POINT('Ctrl Pts',(15.0637884665939,8.08027562019595,-20.8));
#2374=CARTESIAN_POINT('Ctrl Pts',(15.3116496819373,8.04764407214095,-20.8));
#2375=CARTESIAN_POINT('Ctrl Pts',(15.2790181338822,7.79978285679755,-20.8));
#2376=CARTESIAN_POINT('',(15.7747405645692,7.7345197606874,-20.3));
#2377=CARTESIAN_POINT('',(15.2790181338823,7.79978285679747,-20.8));
#2378=CARTESIAN_POINT('Origin',(15.2790181338823,7.79978285679747,-20.3));
#2379=CARTESIAN_POINT('Origin',(15.0311569185388,7.83241440485251,-20.8));
#2380=CARTESIAN_POINT('Origin',(15.0311569185388,7.83241440485251,-20.3));
#2381=CARTESIAN_POINT('Origin',(15.2825834288514,7.82686396072238,-20.3));
#2382=CARTESIAN_POINT('',(15.7617506963903,7.63585191604439,-20.3));
#2383=CARTESIAN_POINT('',(15.2660282657034,7.70111501215446,-20.8));
#2384=CARTESIAN_POINT('Origin',(15.2660282657034,7.70111501215446,-20.3));
#2385=CARTESIAN_POINT('',(15.2825834288514,7.82686396072238,-20.8));
#2386=CARTESIAN_POINT('',(15.7783058595383,7.76160086461231,-20.3));
#2387=CARTESIAN_POINT('Origin',(16.2574731270772,7.57058881993431,-20.3));
#2388=CARTESIAN_POINT('',(16.1145950810597,7.0914376287992,-20.3));
#2389=CARTESIAN_POINT('',(15.2990979900133,7.28507682954235,-20.8));
#2390=CARTESIAN_POINT('Ctrl Pts',(15.2990979900133,7.28507682954234,-20.8));
#2391=CARTESIAN_POINT('Ctrl Pts',(15.3705107506555,7.27234227972463,-20.8));
#2392=CARTESIAN_POINT('Ctrl Pts',(15.4410821375084,7.2586576995903,-20.7874382278467));
#2393=CARTESIAN_POINT('Ctrl Pts',(15.6138003658212,7.22267837769199,-20.7305762810057));
#2394=CARTESIAN_POINT('Ctrl Pts',(15.7026938132645,7.20180597492351,-20.6761548556636));
#2395=CARTESIAN_POINT('Ctrl Pts',(15.9115589756716,7.1502758505678,-20.5224127888372));
#2396=CARTESIAN_POINT('Ctrl Pts',(16.0299578383786,7.11664855289744,-20.3912456180824));
#2397=CARTESIAN_POINT('Ctrl Pts',(16.113190029324,7.09185648736386,-20.3015148785295));
#2398=CARTESIAN_POINT('Ctrl Pts',(16.1138925732662,7.09164710952823,-20.3007574365612));
#2399=CARTESIAN_POINT('Ctrl Pts',(16.1145950810596,7.09143762879919,-20.3));
#2400=CARTESIAN_POINT('Origin',(16.2574731270772,7.57058881993431,-20.8));
#2401=CARTESIAN_POINT('Origin',(16.2574731270772,7.57058881993431,-20.3));
#2402=CARTESIAN_POINT('Origin',(16.2574731270772,7.57058881993432,-18.));
#2403=CARTESIAN_POINT('',(15.7617506963903,7.63585191604441,-10.8));
#2404=CARTESIAN_POINT('',(15.7617506963903,7.63585191604439,-18.));
#2405=CARTESIAN_POINT('',(16.1145950810597,7.09143762879922,-10.8));
#2406=CARTESIAN_POINT('Origin',(16.2574731270772,7.57058881993434,-10.8));
#2407=CARTESIAN_POINT('',(16.1145950810597,7.0914376287992,-20.));
#2408=CARTESIAN_POINT('Origin',(15.7747405645692,7.7345197606874,-9.99999999999999));
#2409=CARTESIAN_POINT('',(15.7747405645692,7.7345197606874,-10.8));
#2410=CARTESIAN_POINT('',(15.7747405645692,7.7345197606874,-9.99999999999999));
#2411=CARTESIAN_POINT('',(15.2591621052996,3.81831255826096,-10.8));
#2412=CARTESIAN_POINT('Origin',(15.0311569185388,7.83241440485251,-9.99999999999999));
#2413=CARTESIAN_POINT('',(14.2875732725085,7.93030904901761,-10.8));
#2414=CARTESIAN_POINT('',(14.2875732725085,7.93030904901761,-9.99999999999999));
#2415=CARTESIAN_POINT('Origin',(15.0311569185388,7.83241440485251,-10.8));
#2416=CARTESIAN_POINT('Origin',(14.2173364936534,7.39680774716492,-9.99999999999999));
#2417=CARTESIAN_POINT('',(14.2745834043296,7.83164120437462,-10.8));
#2418=CARTESIAN_POINT('',(14.2745834043296,7.8316412043746,-18.));
#2419=CARTESIAN_POINT('',(13.7368764238114,3.74735119566483,-10.8));
#2420=CARTESIAN_POINT('Origin',(13.7788609736427,7.89690430048467,-18.));
#2421=CARTESIAN_POINT('',(13.7928571145514,7.39710023083373,-10.8));
#2422=CARTESIAN_POINT('',(13.7928571145514,7.39710023083371,-20.));
#2423=CARTESIAN_POINT('Origin',(13.7788609736427,7.89690430048469,-10.8));
#2424=CARTESIAN_POINT('Origin',(16.3289734890333,7.54889942225822,-20.3));
#2425=CARTESIAN_POINT('',(16.7774098597996,7.32775507714868,-20.3));
#2426=CARTESIAN_POINT('',(17.2258462305659,7.10661073203914,-20.8));
#2427=CARTESIAN_POINT('Origin',(17.2258462305659,7.10661073203914,-20.3));
#2428=CARTESIAN_POINT('',(16.9672113296562,6.77906018008033,-20.8));
#2429=CARTESIAN_POINT('Origin',(16.3289734890333,7.54889942225822,-20.8));
#2430=CARTESIAN_POINT('',(16.1815701036514,7.07112097781146,-20.3));
#2431=CARTESIAN_POINT('Ctrl Pts',(16.1815701036514,7.07112097781147,-20.3));
#2432=CARTESIAN_POINT('Ctrl Pts',(16.1822705996004,7.07090486200397,-20.3007574374359));
#2433=CARTESIAN_POINT('Ctrl Pts',(16.1829710660116,7.07068864131045,-20.301514877658));
#2434=CARTESIAN_POINT('Ctrl Pts',(16.2659499796119,7.0450611187184,-20.3912457710395));
#2435=CARTESIAN_POINT('Ctrl Pts',(16.3830770128181,7.00724242985608,-20.5224126313343));
#2436=CARTESIAN_POINT('Ctrl Pts',(16.5853708588657,6.934048820444,-20.6761548556632));
#2437=CARTESIAN_POINT('Ctrl Pts',(16.6708791448174,6.90201703577175,-20.7305762810055));
#2438=CARTESIAN_POINT('Ctrl Pts',(16.8344781434017,6.83597564225072,-20.7874382278467));
#2439=CARTESIAN_POINT('Ctrl Pts',(16.9007588524419,6.80814659295116,-20.8));
#2440=CARTESIAN_POINT('Ctrl Pts',(16.9672113296562,6.77906018008033,-20.8));
#2441=CARTESIAN_POINT('Origin',(16.3289734890333,7.54889942225822,-20.3));
#2442=CARTESIAN_POINT('Origin',(17.1366275857234,6.92569321738117,-20.3));
#2443=CARTESIAN_POINT('',(16.821426096581,7.41701117577173,-20.3));
#2444=CARTESIAN_POINT('',(17.2698624673473,7.19586683066219,-20.8));
#2445=CARTESIAN_POINT('Origin',(17.2698624673473,7.19586683066219,-20.3));
#2446=CARTESIAN_POINT('',(17.1366275857234,6.92569321738117,-20.8));
#2447=CARTESIAN_POINT('',(16.688191214957,7.14683756249071,-20.3));
#2448=CARTESIAN_POINT('Ctrl Pts',(16.821426096581,7.41701117577176,-20.3));
#2449=CARTESIAN_POINT('Ctrl Pts',(17.1531426142453,8.08966573192125,-20.3));
#2450=CARTESIAN_POINT('Ctrl Pts',(17.8257971703948,7.75794921425689,-20.3));
#2451=CARTESIAN_POINT('Ctrl Pts',(18.4984517265443,7.42623269659257,-20.3));
#2452=CARTESIAN_POINT('Ctrl Pts',(18.1667352088799,6.7535781404431,-20.3));
#2453=CARTESIAN_POINT('Ctrl Pts',(16.821426096581,7.41701117577176,-20.8000000000001));
#2454=CARTESIAN_POINT('Ctrl Pts',(17.1531426142453,8.08966573192126,-20.8000000000001));
#2455=CARTESIAN_POINT('Ctrl Pts',(17.8257971703948,7.75794921425689,-20.8000000000001));
#2456=CARTESIAN_POINT('Ctrl Pts',(18.4984517265443,7.42623269659257,-20.8000000000001));
#2457=CARTESIAN_POINT('Ctrl Pts',(18.1667352088799,6.75357814044309,-20.8000000000001));
#2458=CARTESIAN_POINT('Ctrl Pts',(17.2698624673474,7.19586683066217,-20.8));
#2459=CARTESIAN_POINT('Ctrl Pts',(17.3804346399021,7.42008501604527,-20.8));
#2460=CARTESIAN_POINT('Ctrl Pts',(17.6046528252852,7.30951284349051,-20.8));
#2461=CARTESIAN_POINT('Ctrl Pts',(17.8288710106683,7.19894067093577,-20.8));
#2462=CARTESIAN_POINT('Ctrl Pts',(17.7182988381136,6.97472248555268,-20.8));
#2463=CARTESIAN_POINT('',(18.1667352088799,6.7535781404431,-20.3));
#2464=CARTESIAN_POINT('',(17.7182988381136,6.97472248555264,-20.8));
#2465=CARTESIAN_POINT('Origin',(17.7182988381136,6.97472248555264,-20.3));
#2466=CARTESIAN_POINT('Origin',(17.4940806527304,7.08529465810741,-20.8));
#2467=CARTESIAN_POINT('Origin',(17.4940806527304,7.08529465810741,-20.3));
#2468=CARTESIAN_POINT('Origin',(17.704062804141,6.94585466437632,-20.3));
#2469=CARTESIAN_POINT('',(18.1227189720986,6.66432204182006,-20.3));
#2470=CARTESIAN_POINT('',(17.6742826013323,6.8854663869296,-20.8));
#2471=CARTESIAN_POINT('Origin',(17.6742826013323,6.8854663869296,-20.3));
#2472=CARTESIAN_POINT('',(17.704062804141,6.94585466437632,-20.8));
#2473=CARTESIAN_POINT('',(18.1524991749073,6.72471031926678,-20.3));
#2474=CARTESIAN_POINT('Origin',(18.5711553428649,6.44317769671052,-20.3));
#2475=CARTESIAN_POINT('',(18.2818417135696,6.03538163995665,-20.3));
#2476=CARTESIAN_POINT('',(17.5718662286908,6.48087738229393,-20.8));
#2477=CARTESIAN_POINT('Ctrl Pts',(17.5718662286908,6.48087738229393,-20.8));
#2478=CARTESIAN_POINT('Ctrl Pts',(17.6353957364891,6.44586377378931,-20.8));
#2479=CARTESIAN_POINT('Ctrl Pts',(17.697823144859,6.41022100369492,-20.7874382278467));
#2480=CARTESIAN_POINT('Ctrl Pts',(17.849810065169,6.32063264479335,-20.7305762810055));
#2481=CARTESIAN_POINT('Ctrl Pts',(17.9272767348822,6.27229407552175,-20.6761548556632));
#2482=CARTESIAN_POINT('Ctrl Pts',(18.108493765621,6.15636105821424,-20.5224126776357));
#2483=CARTESIAN_POINT('Ctrl Pts',(18.2097998589881,6.086460434139,-20.3912457260742));
#2484=CARTESIAN_POINT('Ctrl Pts',(18.2806458659138,6.03622990848053,-20.3015148779096));
#2485=CARTESIAN_POINT('Ctrl Pts',(18.2812438226562,6.03580581764849,-20.3007574371835));
#2486=CARTESIAN_POINT('Ctrl Pts',(18.2818417135696,6.03538163995666,-20.3));
#2487=CARTESIAN_POINT('Origin',(18.5711553428649,6.44317769671052,-20.8));
#2488=CARTESIAN_POINT('Origin',(18.5711553428649,6.44317769671052,-20.3));
#2489=CARTESIAN_POINT('Origin',(18.5711553428649,6.44317769671052,-18.));
#2490=CARTESIAN_POINT('',(18.1227189720986,6.66432204182007,-10.8));
#2491=CARTESIAN_POINT('',(18.1227189720986,6.66432204182006,-18.));
#2492=CARTESIAN_POINT('',(18.2818417135696,6.03538163995668,-10.8));
#2493=CARTESIAN_POINT('Origin',(18.5711553428649,6.44317769671054,-10.8));
#2494=CARTESIAN_POINT('',(18.2818417135696,6.03538163995665,-20.));
#2495=CARTESIAN_POINT('Origin',(18.1667352088799,6.7535781404431,-9.99999999999999));
#2496=CARTESIAN_POINT('',(18.1667352088799,6.7535781404431,-10.8));
#2497=CARTESIAN_POINT('',(18.1667352088799,6.7535781404431,-9.99999999999999));
#2498=CARTESIAN_POINT('',(16.4196948825146,3.21093081138934,-10.8));
#2499=CARTESIAN_POINT('Origin',(17.4940806527304,7.08529465810741,-9.99999999999999));
#2500=CARTESIAN_POINT('',(16.821426096581,7.41701117577172,-10.8));
#2501=CARTESIAN_POINT('',(16.821426096581,7.41701117577173,-9.99999999999999));
#2502=CARTESIAN_POINT('Origin',(17.4940806527304,7.08529465810741,-10.8));
#2503=CARTESIAN_POINT('Origin',(16.5834284012783,6.93439959156234,-9.99999999999999));
#2504=CARTESIAN_POINT('',(16.7774098597996,7.32775507714869,-10.8));
#2505=CARTESIAN_POINT('',(16.7774098597996,7.32775507714868,-18.));
#2506=CARTESIAN_POINT('',(14.9553869225643,3.63305805461327,-10.8));
#2507=CARTESIAN_POINT('Origin',(16.3289734890333,7.54889942225823,-18.));
#2508=CARTESIAN_POINT('',(16.1815701036514,7.07112097781149,-10.8));
#2509=CARTESIAN_POINT('',(16.1815701036514,7.07112097781146,-20.));
#2510=CARTESIAN_POINT('Origin',(16.3289734890333,7.54889942225825,-10.8));
#2511=CARTESIAN_POINT('Origin',(18.6318893614791,6.39965631444429,-20.3));
#2512=CARTESIAN_POINT('',(18.9854427520724,6.04610292385099,-20.3));
#2513=CARTESIAN_POINT('',(19.3389961426656,5.69254953325767,-20.8));
#2514=CARTESIAN_POINT('Origin',(19.3389961426656,5.69254953325767,-20.3));
#2515=CARTESIAN_POINT('',(18.9887992881738,5.4655175109323,-20.8));
#2516=CARTESIAN_POINT('Origin',(18.6318893614791,6.39965631444429,-20.8));
#2517=CARTESIAN_POINT('',(18.3387318069551,5.99461477555537,-20.3));
#2518=CARTESIAN_POINT('Ctrl Pts',(18.3387318069551,5.99461477555538,-20.3));
#2519=CARTESIAN_POINT('Ctrl Pts',(18.3393256588549,5.99418496242763,-20.300757436581));
#2520=CARTESIAN_POINT('Ctrl Pts',(18.3399194510834,5.99375505801723,-20.3015148785098));
#2521=CARTESIAN_POINT('Ctrl Pts',(18.4102568694973,5.9428149724452,-20.3912456217712));
#2522=CARTESIAN_POINT('Ctrl Pts',(18.5090118522366,5.86935384642936,-20.5224127850385));
#2523=CARTESIAN_POINT('Ctrl Pts',(18.6770425074083,5.73501952098412,-20.6761548556632));
#2524=CARTESIAN_POINT('Ctrl Pts',(18.7477165999597,5.67720192126117,-20.7305762810056));
#2525=CARTESIAN_POINT('Ctrl Pts',(18.881405110653,5.56207816131323,-20.7874382278467));
#2526=CARTESIAN_POINT('Ctrl Pts',(18.9352229563208,5.51442076038247,-20.8));
#2527=CARTESIAN_POINT('Ctrl Pts',(18.9887992881738,5.46551751093231,-20.8));
#2528=CARTESIAN_POINT('Origin',(18.6318893614791,6.39965631444429,-20.3));
#2529=CARTESIAN_POINT('Origin',(19.1789111560975,5.53246454668955,-20.3));
#2530=CARTESIAN_POINT('',(19.0558134854841,6.11647365726267,-20.3));
#2531=CARTESIAN_POINT('',(19.4093668760773,5.76292026666936,-20.8));
#2532=CARTESIAN_POINT('Origin',(19.4093668760773,5.76292026666936,-20.3));
#2533=CARTESIAN_POINT('',(19.1789111560975,5.53246454668955,-20.8));
#2534=CARTESIAN_POINT('',(18.8253577655042,5.88601793728286,-20.3));
#2535=CARTESIAN_POINT('Ctrl Pts',(19.0558134854841,6.1164736572627,-20.3));
#2536=CARTESIAN_POINT('Ctrl Pts',(19.5861435713741,6.6468037431526,-20.3));
#2537=CARTESIAN_POINT('Ctrl Pts',(20.1164736572639,6.11647365726255,-20.3));
#2538=CARTESIAN_POINT('Ctrl Pts',(20.6468037431538,5.58614357137255,-20.3));
#2539=CARTESIAN_POINT('Ctrl Pts',(20.1164736572638,5.05581348548272,-20.2999999999999));
#2540=CARTESIAN_POINT('Ctrl Pts',(19.0558134854841,6.1164736572627,-20.8000000000001));
#2541=CARTESIAN_POINT('Ctrl Pts',(19.5861435713741,6.64680374315261,-20.8000000000001));
#2542=CARTESIAN_POINT('Ctrl Pts',(20.116473657264,6.11647365726254,-20.8000000000001));
#2543=CARTESIAN_POINT('Ctrl Pts',(20.6468037431539,5.58614357137254,-20.8000000000001));
#2544=CARTESIAN_POINT('Ctrl Pts',(20.1164736572638,5.05581348548269,-20.8));
#2545=CARTESIAN_POINT('Ctrl Pts',(19.4093668760774,5.7629202666693,-20.8));
#2546=CARTESIAN_POINT('Ctrl Pts',(19.586143571374,5.93969696196588,-20.8));
#2547=CARTESIAN_POINT('Ctrl Pts',(19.7629202666706,5.76292026666925,-20.8));
#2548=CARTESIAN_POINT('Ctrl Pts',(19.9396969619671,5.58614357137264,-20.8));
#2549=CARTESIAN_POINT('Ctrl Pts',(19.7629202666705,5.40936687607608,-20.8));
#2550=CARTESIAN_POINT('',(20.1164736572638,5.05581348548275,-20.3));
#2551=CARTESIAN_POINT('',(19.7629202666705,5.40936687607606,-20.8));
#2552=CARTESIAN_POINT('Origin',(19.7629202666705,5.40936687607606,-20.3));
#2553=CARTESIAN_POINT('Origin',(19.5861435713739,5.58614357137271,-20.8));
#2554=CARTESIAN_POINT('Origin',(19.5861435713739,5.58614357137271,-20.3));
#2555=CARTESIAN_POINT('Origin',(19.7227133456956,5.36915995510113,-20.3));
#2556=CARTESIAN_POINT('',(20.0461029238521,4.98544275207107,-20.3));
#2557=CARTESIAN_POINT('',(19.6925495332589,5.33899614266438,-20.8));
#2558=CARTESIAN_POINT('Origin',(19.6925495332589,5.33899614266438,-20.3));
#2559=CARTESIAN_POINT('',(19.7227133456956,5.36915995510113,-20.8));
#2560=CARTESIAN_POINT('',(20.0762667362889,5.01560656450782,-20.3));
#2561=CARTESIAN_POINT('Origin',(20.3996563144453,4.63188936147776,-20.3));
#2562=CARTESIAN_POINT('',(19.9946147755564,4.33873180695382,-20.3));
#2563=CARTESIAN_POINT('',(19.4655175109334,4.9887992881726,-20.8));
#2564=CARTESIAN_POINT('Ctrl Pts',(19.4655175109334,4.98879928817261,-20.8));
#2565=CARTESIAN_POINT('Ctrl Pts',(19.5144207603835,4.93522295631959,-20.8));
#2566=CARTESIAN_POINT('Ctrl Pts',(19.5620781613143,4.88140511065185,-20.7874382278467));
#2567=CARTESIAN_POINT('Ctrl Pts',(19.6772019212622,4.74771659995848,-20.7305762810056));
#2568=CARTESIAN_POINT('Ctrl Pts',(19.7350195209851,4.67704250740709,-20.6761548556632));
#2569=CARTESIAN_POINT('Ctrl Pts',(19.8693536863427,4.50901205247937,-20.5224129682546));
#2570=CARTESIAN_POINT('Ctrl Pts',(19.9428150735788,4.4102567298535,-20.3912454438514));
#2571=CARTESIAN_POINT('Ctrl Pts',(19.993755057441,4.33991945187906,-20.3015148795186));
#2572=CARTESIAN_POINT('Ctrl Pts',(19.9941849630033,4.33932565805953,-20.3007574355681));
#2573=CARTESIAN_POINT('Ctrl Pts',(19.9946147755563,4.33873180695382,-20.3));
#2574=CARTESIAN_POINT('Origin',(20.3996563144453,4.63188936147776,-20.8));
#2575=CARTESIAN_POINT('Origin',(20.3996563144453,4.63188936147776,-20.3));
#2576=CARTESIAN_POINT('Origin',(20.3996563144453,4.63188936147777,-18.));
#2577=CARTESIAN_POINT('',(20.0461029238521,4.98544275207108,-10.8));
#2578=CARTESIAN_POINT('',(20.0461029238521,4.98544275207108,-18.));
#2579=CARTESIAN_POINT('',(19.9946147755564,4.33873180695384,-10.8));
#2580=CARTESIAN_POINT('Origin',(20.3996563144453,4.63188936147779,-10.8));
#2581=CARTESIAN_POINT('',(19.9946147755564,4.33873180695382,-20.));
#2582=CARTESIAN_POINT('Origin',(20.1164736572638,5.05581348548275,-9.99999999999999));
#2583=CARTESIAN_POINT('',(20.1164736572638,5.05581348548275,-10.8));
#2584=CARTESIAN_POINT('',(20.1164736572638,5.05581348548275,-9.99999999999999));
#2585=CARTESIAN_POINT('',(17.3234018715769,2.26274169979638,-10.8));
#2586=CARTESIAN_POINT('Origin',(19.5861435713739,5.58614357137271,-9.99999999999999));
#2587=CARTESIAN_POINT('',(19.0558134854841,6.11647365726267,-10.8));
#2588=CARTESIAN_POINT('',(19.0558134854841,6.11647365726267,-9.99999999999999));
#2589=CARTESIAN_POINT('Origin',(19.5861435713739,5.58614357137271,-10.8));
#2590=CARTESIAN_POINT('Origin',(18.6753158874742,5.7359760592529,-9.99999999999999));
#2591=CARTESIAN_POINT('',(18.9854427520724,6.04610292385099,-10.8));
#2592=CARTESIAN_POINT('',(18.9854427520724,6.04610292385099,-18.));
#2593=CARTESIAN_POINT('',(16.0724929007922,3.13315307257143,-10.8));
#2594=CARTESIAN_POINT('Origin',(18.6318893614791,6.39965631444429,-18.));
#2595=CARTESIAN_POINT('',(18.3387318069551,5.9946147755554,-10.8));
#2596=CARTESIAN_POINT('',(18.3387318069551,5.99461477555537,-20.));
#2597=CARTESIAN_POINT('Origin',(18.6318893614791,6.39965631444431,-10.8));
#2598=CARTESIAN_POINT('Origin',(20.4431776967116,4.57115534286353,-20.3));
#2599=CARTESIAN_POINT('',(20.664322041821,4.12271897209717,-20.3));
#2600=CARTESIAN_POINT('',(20.8854663869305,3.6742826013308,-20.8));
#2601=CARTESIAN_POINT('Origin',(20.8854663869305,3.6742826013308,-20.3));
#2602=CARTESIAN_POINT('',(20.4808773822948,3.57186622868939,-20.8));
#2603=CARTESIAN_POINT('Origin',(20.4431776967116,4.57115534286353,-20.8));
#2604=CARTESIAN_POINT('',(20.0353816399576,4.28184171356833,-20.3));
#2605=CARTESIAN_POINT('Ctrl Pts',(20.0353816399577,4.28184171356834,-20.3));
#2606=CARTESIAN_POINT('Ctrl Pts',(20.0358058183,4.28124382173797,-20.3007574383451));
#2607=CARTESIAN_POINT('Ctrl Pts',(20.0362299078287,4.2806458668333,-20.3015148767524));
#2608=CARTESIAN_POINT('Ctrl Pts',(20.0864605485628,4.20979969760293,-20.391245930219));
#2609=CARTESIAN_POINT('Ctrl Pts',(20.1563608997059,4.10849401338859,-20.5224124674318));
#2610=CARTESIAN_POINT('Ctrl Pts',(20.2722940755227,3.92727673488085,-20.6761548556632));
#2611=CARTESIAN_POINT('Ctrl Pts',(20.3206326447943,3.84981006516758,-20.7305762810056));
#2612=CARTESIAN_POINT('Ctrl Pts',(20.4102210036958,3.69782314485768,-20.7874382278467));
#2613=CARTESIAN_POINT('Ctrl Pts',(20.4458637737902,3.63539573648771,-20.8));
#2614=CARTESIAN_POINT('Ctrl Pts',(20.4808773822948,3.5718662286894,-20.8));
#2615=CARTESIAN_POINT('Origin',(20.4431776967116,4.57115534286353,-20.3));
#2616=CARTESIAN_POINT('Origin',(20.7045488722725,3.58506395648828,-20.3));
#2617=CARTESIAN_POINT('',(20.7535781404441,4.1667352088785,-20.3));
#2618=CARTESIAN_POINT('',(20.9747224855535,3.71829883811214,-20.8));
#2619=CARTESIAN_POINT('Origin',(20.9747224855535,3.71829883811214,-20.3));
#2620=CARTESIAN_POINT('',(20.7045488722725,3.58506395648828,-20.8));
#2621=CARTESIAN_POINT('',(20.483404527163,4.03350032725465,-20.3));
#2622=CARTESIAN_POINT('Ctrl Pts',(20.753578140444,4.16673520887849,-20.2999999999999));
#2623=CARTESIAN_POINT('Ctrl Pts',(21.4262326965936,4.49845172654285,-20.2999999999999));
#2624=CARTESIAN_POINT('Ctrl Pts',(21.7579492142578,3.82579717039321,-20.2999999999999));
#2625=CARTESIAN_POINT('Ctrl Pts',(22.0896657319221,3.15314261424365,-20.2999999999999));
#2626=CARTESIAN_POINT('Ctrl Pts',(21.4170111757725,2.82142609657947,-20.3));
#2627=CARTESIAN_POINT('Ctrl Pts',(20.753578140444,4.16673520887856,-20.8000000000001));
#2628=CARTESIAN_POINT('Ctrl Pts',(21.4262326965936,4.49845172654293,-20.8));
#2629=CARTESIAN_POINT('Ctrl Pts',(21.7579492142578,3.82579717039326,-20.8));
#2630=CARTESIAN_POINT('Ctrl Pts',(22.0896657319222,3.15314261424367,-20.8000000000001));
#2631=CARTESIAN_POINT('Ctrl Pts',(21.4170111757725,2.82142609657946,-20.8000000000001));
#2632=CARTESIAN_POINT('Ctrl Pts',(20.9747224855536,3.71829883811209,-20.8));
#2633=CARTESIAN_POINT('Ctrl Pts',(21.1989406709367,3.82887101066684,-20.8));
#2634=CARTESIAN_POINT('Ctrl Pts',(21.3095128434914,3.60465282528371,-20.8));
#2635=CARTESIAN_POINT('Ctrl Pts',(21.4200850160461,3.38043463990061,-20.8));
#2636=CARTESIAN_POINT('Ctrl Pts',(21.195866830663,3.26986246734593,-20.8));
#2637=CARTESIAN_POINT('',(21.4170111757724,2.82142609657941,-20.3));
#2638=CARTESIAN_POINT('',(21.195866830663,3.26986246734577,-20.8));
#2639=CARTESIAN_POINT('Origin',(21.195866830663,3.26986246734577,-20.3));
#2640=CARTESIAN_POINT('Origin',(21.0852946581082,3.49408065272896,-20.8));
#2641=CARTESIAN_POINT('Origin',(21.0852946581082,3.49408065272896,-20.3));
#2642=CARTESIAN_POINT('Origin',(21.1669990094867,3.25562643337319,-20.3));
#2643=CARTESIAN_POINT('',(21.3277550771494,2.77740985979808,-20.3));
#2644=CARTESIAN_POINT('',(21.10661073204,3.22584623056444,-20.8));
#2645=CARTESIAN_POINT('Origin',(21.10661073204,3.22584623056444,-20.3));
#2646=CARTESIAN_POINT('',(21.1669990094867,3.25562643337319,-20.8));
#2647=CARTESIAN_POINT('',(21.3881433545961,2.80719006260683,-20.3));
#2648=CARTESIAN_POINT('Origin',(21.5488994222589,2.32897348903171,-20.3));
#2649=CARTESIAN_POINT('',(21.0711209778121,2.18157010364992,-20.3));
#2650=CARTESIAN_POINT('',(20.7790601800811,2.96721132965474,-20.8));
#2651=CARTESIAN_POINT('Ctrl Pts',(20.7790601800811,2.96721132965475,-20.8));
#2652=CARTESIAN_POINT('Ctrl Pts',(20.8081465929519,2.90075885244043,-20.8));
#2653=CARTESIAN_POINT('Ctrl Pts',(20.8359756422515,2.83447814340019,-20.7874382278467));
#2654=CARTESIAN_POINT('Ctrl Pts',(20.9020170357726,2.67087914481572,-20.7305762810055));
#2655=CARTESIAN_POINT('Ctrl Pts',(20.9340488204448,2.58537085886396,-20.676154855663));
#2656=CARTESIAN_POINT('Ctrl Pts',(21.0072425016768,2.38307681431905,-20.5224124804772));
#2657=CARTESIAN_POINT('Ctrl Pts',(21.0450610768222,2.26595011526756,-20.3912459175501));
#2658=CARTESIAN_POINT('Ctrl Pts',(21.0706886415492,2.18297106523898,-20.3015148768306));
#2659=CARTESIAN_POINT('Ctrl Pts',(21.0709048617675,2.18227060036764,-20.3007574382671));
#2660=CARTESIAN_POINT('Ctrl Pts',(21.0711209778121,2.18157010364993,-20.3));
#2661=CARTESIAN_POINT('Origin',(21.5488994222589,2.32897348903171,-20.8));
#2662=CARTESIAN_POINT('Origin',(21.5488994222589,2.32897348903171,-20.3));
#2663=CARTESIAN_POINT('Origin',(21.5488994222589,2.32897348903171,-18.));
#2664=CARTESIAN_POINT('',(21.3277550771494,2.77740985979808,-10.8));
#2665=CARTESIAN_POINT('',(21.3277550771494,2.77740985979808,-11.));
#2666=CARTESIAN_POINT('',(21.0711209778121,2.18157010364994,-10.8));
#2667=CARTESIAN_POINT('Origin',(21.5488994222589,2.32897348903173,-10.8));
#2668=CARTESIAN_POINT('',(21.0711209778121,2.18157010364992,-20.));
#2669=CARTESIAN_POINT('Origin',(21.4170111757724,2.82142609657941,-9.99999999999999));
#2670=CARTESIAN_POINT('',(21.4170111757724,2.82142609657941,-10.8));
#2671=CARTESIAN_POINT('',(21.4170111757724,2.82142609657941,-9.99999999999999));
#2672=CARTESIAN_POINT('',(17.8743638467185,1.07438577021488,-10.8));
#2673=CARTESIAN_POINT('Origin',(21.0852946581082,3.49408065272896,-9.99999999999999));
#2674=CARTESIAN_POINT('',(20.7535781404441,4.1667352088785,-10.8));
#2675=CARTESIAN_POINT('',(20.7535781404441,4.1667352088785,-9.99999999999999));
#2676=CARTESIAN_POINT('Origin',(21.0852946581082,3.49408065272896,-10.8));
#2677=CARTESIAN_POINT('Origin',(20.2709665562346,3.92873751357595,-9.99999999999999));
#2678=CARTESIAN_POINT('',(20.664322041821,4.12271897209716,-10.8));
#2679=CARTESIAN_POINT('',(20.664322041821,4.12271897209717,-18.));
#2680=CARTESIAN_POINT('',(16.9696250192854,2.30069603486269,-10.8));
#2681=CARTESIAN_POINT('Origin',(20.4431776967116,4.57115534286353,-18.));
#2682=CARTESIAN_POINT('',(20.0353816399576,4.28184171356835,-10.8));
#2683=CARTESIAN_POINT('',(20.0353816399576,4.28184171356833,-20.));
#2684=CARTESIAN_POINT('Origin',(20.4431776967116,4.57115534286355,-10.8));
#2685=CARTESIAN_POINT('Origin',(21.570588819935,2.25747312707566,-20.3));
#2686=CARTESIAN_POINT('',(21.6358519160449,1.76175069638875,-20.3));
#2687=CARTESIAN_POINT('',(21.7011150121549,1.26602826570183,-20.8));
#2688=CARTESIAN_POINT('Origin',(21.7011150121549,1.26602826570183,-20.3));
#2689=CARTESIAN_POINT('',(21.2850768295428,1.29909799001172,-20.8));
#2690=CARTESIAN_POINT('Origin',(21.570588819935,2.25747312707566,-20.8));
#2691=CARTESIAN_POINT('',(21.0914376287998,2.11459508105818,-20.3));
#2692=CARTESIAN_POINT('Ctrl Pts',(21.0914376287999,2.11459508105818,-20.3));
#2693=CARTESIAN_POINT('Ctrl Pts',(21.0916471101204,2.113892571281,-20.3007574387001));
#2694=CARTESIAN_POINT('Ctrl Pts',(21.091856486771,2.11319003131474,-20.3015148763982));
#2695=CARTESIAN_POINT('Ctrl Pts',(21.1166486565081,2.02995749053653,-20.3912459926085));
#2696=CARTESIAN_POINT('Ctrl Pts',(21.150275721311,1.91155949958425,-20.522412403193));
#2697=CARTESIAN_POINT('Ctrl Pts',(21.201805974924,1.70269381326329,-20.6761548556634));
#2698=CARTESIAN_POINT('Ctrl Pts',(21.2226783776925,1.61380036581999,-20.7305762810056));
#2699=CARTESIAN_POINT('Ctrl Pts',(21.2586576995908,1.4410821375069,-20.7874382278467));
#2700=CARTESIAN_POINT('Ctrl Pts',(21.2723422797251,1.37051075065401,-20.8));
#2701=CARTESIAN_POINT('Ctrl Pts',(21.2850768295428,1.29909799001173,-20.8));
#2702=CARTESIAN_POINT('Origin',(21.570588819935,2.25747312707566,-20.3));
#2703=CARTESIAN_POINT('Origin',(21.5601133097965,1.24746503942229,-20.3));
#2704=CARTESIAN_POINT('',(21.7345197606879,1.77474056456755,-20.3));
#2705=CARTESIAN_POINT('',(21.7997828567979,1.27901813388064,-20.8));
#2706=CARTESIAN_POINT('Origin',(21.7997828567979,1.27901813388064,-20.3));
#2707=CARTESIAN_POINT('',(21.5601133097965,1.24746503942229,-20.8));
#2708=CARTESIAN_POINT('',(21.4948502136865,1.7431874701092,-20.3));
#2709=CARTESIAN_POINT('Ctrl Pts',(21.7345197606879,1.77474056456755,-20.3));
#2710=CARTESIAN_POINT('Ctrl Pts',(22.4781034067183,1.87263520873253,-20.3));
#2711=CARTESIAN_POINT('Ctrl Pts',(22.5759980508832,1.12905156270217,-20.3));
#2712=CARTESIAN_POINT('Ctrl Pts',(22.6738926950482,0.385467916671814,-20.3));
#2713=CARTESIAN_POINT('Ctrl Pts',(21.9303090490179,0.287573272506827,-20.3));
#2714=CARTESIAN_POINT('Ctrl Pts',(21.7345197606879,1.77474056456754,-20.8));
#2715=CARTESIAN_POINT('Ctrl Pts',(22.4781034067183,1.87263520873253,-20.8));
#2716=CARTESIAN_POINT('Ctrl Pts',(22.5759980508832,1.12905156270217,-20.8));
#2717=CARTESIAN_POINT('Ctrl Pts',(22.6738926950482,0.385467916671808,-20.8));
#2718=CARTESIAN_POINT('Ctrl Pts',(21.9303090490179,0.287573272506821,-20.8));
#2719=CARTESIAN_POINT('Ctrl Pts',(21.7997828567979,1.27901813388063,-20.8));
#2720=CARTESIAN_POINT('Ctrl Pts',(22.0476440721413,1.31164968193563,-20.8));
#2721=CARTESIAN_POINT('Ctrl Pts',(22.0802756201963,1.06378846659218,-20.8));
#2722=CARTESIAN_POINT('Ctrl Pts',(22.1129071682513,0.815927251248726,-20.8));
#2723=CARTESIAN_POINT('Ctrl Pts',(21.8650459529079,0.78329570319373,-20.8));
#2724=CARTESIAN_POINT('',(21.9303090490179,0.287573272506818,-20.3));
#2725=CARTESIAN_POINT('',(21.8650459529079,0.783295703193729,-20.8));
#2726=CARTESIAN_POINT('Origin',(21.8650459529079,0.783295703193729,-20.3));
#2727=CARTESIAN_POINT('Origin',(21.8324144048529,1.03115691853718,-20.8));
#2728=CARTESIAN_POINT('Origin',(21.8324144048529,1.03115691853718,-20.3));
#2729=CARTESIAN_POINT('Origin',(21.8921270568328,0.78686099816287,-20.3));
#2730=CARTESIAN_POINT('',(21.8316412043749,0.274583404328015,-20.3));
#2731=CARTESIAN_POINT('',(21.7663781082649,0.770305835014928,-20.8));
#2732=CARTESIAN_POINT('Origin',(21.7663781082649,0.770305835014928,-20.3));
#2733=CARTESIAN_POINT('',(21.8921270568328,0.78686099816287,-20.8));
#2734=CARTESIAN_POINT('',(21.9573901529428,0.291138567475959,-20.3));
#2735=CARTESIAN_POINT('Origin',(21.8969043004849,-0.221139026358901,-20.3));
#2736=CARTESIAN_POINT('',(21.3971002308339,-0.207142885450142,-20.3));
#2737=CARTESIAN_POINT('',(21.3730751574252,0.63068432908596,-20.8));
#2738=CARTESIAN_POINT('Ctrl Pts',(21.3730751574252,0.630684329085959,-20.8));
#2739=CARTESIAN_POINT('Ctrl Pts',(21.3792575093876,0.558408955231355,-20.8));
#2740=CARTESIAN_POINT('Ctrl Pts',(21.3843044389708,0.486700400110121,-20.7874382278467));
#2741=CARTESIAN_POINT('Ctrl Pts',(21.3942538496606,0.31055526897444,-20.7305762810056));
#2742=CARTESIAN_POINT('Ctrl Pts',(21.3970999739529,0.219288616947559,-20.6761548556634));
#2743=CARTESIAN_POINT('Ctrl Pts',(21.4013839858477,0.00420298552005649,
-20.5224125034428));
#2744=CARTESIAN_POINT('Ctrl Pts',(21.3995463906329,-0.118864251088591,-20.3912458952457));
#2745=CARTESIAN_POINT('Ctrl Pts',(21.3971411629478,-0.205677302660068,-20.3015148769474));
#2746=CARTESIAN_POINT('Ctrl Pts',(21.397120751327,-0.20641009589065,-20.3007574381493));
#2747=CARTESIAN_POINT('Ctrl Pts',(21.3971002308339,-0.207142885450144,-20.3));
#2748=CARTESIAN_POINT('Origin',(21.8969043004849,-0.221139026358901,-20.8));
#2749=CARTESIAN_POINT('Origin',(21.8969043004849,-0.221139026358901,-20.3));
#2750=CARTESIAN_POINT('Origin',(21.8969043004849,-0.221139026358894,-18.));
#2751=CARTESIAN_POINT('',(21.8316412043749,0.274583404328015,-10.8));
#2752=CARTESIAN_POINT('',(21.8316412043749,0.274583404328015,-11.));
#2753=CARTESIAN_POINT('',(21.3971002308339,-0.207142885450124,-10.8));
#2754=CARTESIAN_POINT('Origin',(21.8969043004849,-0.221139026358879,-10.8));
#2755=CARTESIAN_POINT('',(21.3971002308339,-0.207142885450142,-20.));
#2756=CARTESIAN_POINT('Origin',(21.9303090490179,0.287573272506818,-9.99999999999999));
#2757=CARTESIAN_POINT('',(21.9303090490179,0.287573272506816,-10.8));
#2758=CARTESIAN_POINT('',(21.9303090490179,0.287573272506818,-9.99999999999999));
#2759=CARTESIAN_POINT('',(18.0141018465918,-0.228005186761968,-10.8));
#2760=CARTESIAN_POINT('Origin',(21.8324144048529,1.03115691853718,-9.99999999999999));
#2761=CARTESIAN_POINT('',(21.7345197606879,1.77474056456755,-10.8));
#2762=CARTESIAN_POINT('',(21.7345197606879,1.77474056456755,-9.99999999999999));
#2763=CARTESIAN_POINT('Origin',(21.8324144048529,1.03115691853718,-10.8));
#2764=CARTESIAN_POINT('Origin',(21.2010184588352,1.70450378571256,-9.99999999999999));
#2765=CARTESIAN_POINT('',(21.6358519160449,1.76175069638875,-10.8));
#2766=CARTESIAN_POINT('',(21.6358519160449,1.76175069638875,-18.));
#2767=CARTESIAN_POINT('',(17.5515619073354,1.22404371587127,-10.8));
#2768=CARTESIAN_POINT('Origin',(21.570588819935,2.25747312707566,-18.));
#2769=CARTESIAN_POINT('',(21.0914376287998,2.11459508105819,-10.8));
#2770=CARTESIAN_POINT('',(21.0914376287998,2.11459508105818,-20.));
#2771=CARTESIAN_POINT('Origin',(21.570588819935,2.25747312707568,-10.8));
#2772=CARTESIAN_POINT('Origin',(14.9992467060961,7.89171643184361,-20.8));
#2773=CARTESIAN_POINT('Origin',(13.9999999999997,-5.41788836017076E-13,
-20.8));
#2774=CARTESIAN_POINT('Origin',(19.5057297294241,5.50572972942284,-20.8));
#2775=CARTESIAN_POINT('Origin',(13.9999999999997,-5.41788836017076E-13,
-20.8));
#2776=CARTESIAN_POINT('Origin',(21.891716431844,0.999246706094508,-20.8));
#2777=CARTESIAN_POINT('Origin',(13.9999999999997,-5.41788836017076E-13,
-20.8));
#2778=CARTESIAN_POINT('Origin',(21.0531306071714,3.41375452700291,-20.8));
#2779=CARTESIAN_POINT('Origin',(13.9999999999997,-5.41788836017076E-13,
-20.8));
#2780=CARTESIAN_POINT('Origin',(17.4137545270044,7.05313060717056,-20.8));
#2781=CARTESIAN_POINT('Origin',(13.9999999999997,-5.41788836017076E-13,
-20.8));
#2782=CARTESIAN_POINT('Origin',(13.9999999999997,-5.37347943918576E-13,
-18.));
#2783=CARTESIAN_POINT('Origin',(13.9999999999997,-5.21804821573824E-13,
-10.8));
#2784=CARTESIAN_POINT('Origin',(13.9999999999997,-5.21804821573824E-13,
-10.8));
#2785=CARTESIAN_POINT('Origin',(13.9999999999997,-5.21804821573824E-13,
-10.8));
#2786=CARTESIAN_POINT('Origin',(13.9999999999997,-5.21804821573824E-13,
-10.8));
#2787=CARTESIAN_POINT('',(19.2325901807806,-5.23259018078049,-10.8));
#2788=CARTESIAN_POINT('Origin',(13.9999999999997,-5.21804821573824E-13,
-10.8));
#2789=CARTESIAN_POINT('',(19.2325901807806,-5.23259018078048,-28.));
#2790=CARTESIAN_POINT('',(19.2325901807806,-5.23259018078048,-11.));
#2791=CARTESIAN_POINT('',(8.76740981921976,5.23259018078039,-28.));
#2792=CARTESIAN_POINT('Origin',(13.9999999999997,-5.59552404411079E-13,
-28.));
#2793=CARTESIAN_POINT('',(8.76740981921973,5.23259018078041,-10.8));
#2794=CARTESIAN_POINT('',(8.76740981921974,5.23259018078042,-11.8));
#2795=CARTESIAN_POINT('Origin',(13.9999999999997,-5.21804821573824E-13,
-10.8));
#2796=CARTESIAN_POINT('Origin',(14.0000000000007,4.50750547997814E-13,-28.));
#2797=CARTESIAN_POINT('',(18.2426406871195,-4.24264068711932,-28.));
#2798=CARTESIAN_POINT('',(14.0000000000002,-5.10702591327572E-14,-28.));
#2799=CARTESIAN_POINT('',(9.75735931288091,4.24264068711921,-28.));
#2800=CARTESIAN_POINT('Origin',(13.9999999999997,-5.59552404411079E-13,
-28.));
#2801=CARTESIAN_POINT('',(14.0000000000002,-5.10702591327572E-14,-28.));
#2802=CARTESIAN_POINT('Origin',(12.9720859673743,-1.02791403261874,0.399570510375367));
#2803=CARTESIAN_POINT('',(6.92893218813076,7.07106781186943,0.399570510375344));
#2804=CARTESIAN_POINT('',(6.22182540694457,7.77817459305562,0.399570510375341));
#2805=CARTESIAN_POINT('',(13.9999999999983,1.89848137210902E-12,0.399570510375371));
#2806=CARTESIAN_POINT('',(16.6654268393652,9.63823115327438,0.399570510375378));
#2807=CARTESIAN_POINT('Origin',(13.9999999999945,1.45883305435746E-12,0.399570510375371));
#2808=CARTESIAN_POINT('',(15.3921021133964,10.9115558792431,0.399570510375375));
#2809=CARTESIAN_POINT('',(22.6203812035827,3.68327678905682,0.399570510375402));
#2810=CARTESIAN_POINT('Origin',(13.9999999999944,1.45883305435746E-12,0.399570510375371));
#2811=CARTESIAN_POINT('Origin',(14.0000000000007,-4.9960036108132E-13,-8.99999999999999));
#2812=CARTESIAN_POINT('',(21.9903066274087,-7.99030662740846,-1.59999999999994));
#2813=CARTESIAN_POINT('',(21.9903066274087,-7.99030662740847,-9.19999999999996));
#2814=CARTESIAN_POINT('',(21.9903066274087,-7.99030662740847,-8.99999999999998));
#2815=CARTESIAN_POINT('',(6.00969337259269,7.9903066274075,-1.60000000000004));
#2816=CARTESIAN_POINT('Origin',(14.0000000000007,-4.84057238736568E-13,
-1.59999999999999));
#2817=CARTESIAN_POINT('',(6.00969337259269,7.9903066274075,-9.19999999999998));
#2818=CARTESIAN_POINT('',(6.00969337259269,7.9903066274075,-9.));
#2819=CARTESIAN_POINT('Origin',(14.0000000000007,-4.9960036108132E-13,-9.19999999999997));
#2820=CARTESIAN_POINT('Origin',(13.999999999994,1.65867319878998E-12,-1.59999999999999));
#2821=CARTESIAN_POINT('',(21.0710678118618,-7.07106781186155,-1.59999999999995));
#2822=CARTESIAN_POINT('',(13.9999999999981,2.05169214950729E-12,-1.59999999999999));
#2823=CARTESIAN_POINT('',(23.6382311532666,2.66542683937297,-1.59999999999997));
#2824=CARTESIAN_POINT('Origin',(13.9999999999922,-1.93178806284777E-13,
-1.59999999999999));
#2825=CARTESIAN_POINT('',(16.6654268393653,9.63823115327421,-1.60000000000001));
#2826=CARTESIAN_POINT('',(22.6203812035826,3.68327678905697,-1.59999999999997));
#2827=CARTESIAN_POINT('',(6.9289321881308,7.07106781186939,-1.60000000000003));
#2828=CARTESIAN_POINT('Origin',(13.999999999994,1.65867319878998E-12,-1.59999999999999));
#2829=CARTESIAN_POINT('',(13.9999999999981,2.05169214950729E-12,-1.59999999999999));
#2830=CARTESIAN_POINT('Origin',(13.999999999994,1.66089364483923E-12,15.3735705103754));
#2831=CARTESIAN_POINT('',(21.9903066274082,-7.99030662740803,15.3735705103754));
#2832=CARTESIAN_POINT('',(21.0710678118624,-7.07106781186219,15.3735705103754));
#2833=CARTESIAN_POINT('',(13.9999999999981,2.08721928629529E-12,15.3735705103754));
#2834=CARTESIAN_POINT('',(6.00969337259226,7.99030662740793,15.3735705103754));
#2835=CARTESIAN_POINT('Origin',(13.9999999999966,-3.70148356410027E-12,
15.3735705103754));
#2836=CARTESIAN_POINT('',(6.92893218813073,7.07106781186946,15.3735705103754));
#2837=CARTESIAN_POINT('',(13.9999999999981,2.08721928629529E-12,15.3735705103754));
#2838=CARTESIAN_POINT('',(16.6654268393651,9.63823115327438,15.3735705103754));
#2839=CARTESIAN_POINT('Origin',(13.9999999999923,-6.30606677987089E-13,
15.3735705103754));
#2840=CARTESIAN_POINT('',(23.6382311532673,2.66542683937212,15.3735705103754));
#2841=CARTESIAN_POINT('',(22.6203812035825,3.68327678905698,15.3735705103754));
#2842=CARTESIAN_POINT('Origin',(13.9999999999944,1.46105350040671E-12,15.3735705103754));
#2843=CARTESIAN_POINT('Origin',(13.9999999999944,1.46105350040671E-12,14.4295705103754));
#2844=CARTESIAN_POINT('',(6.92893218813074,7.07106781186946,14.4295705103754));
#2845=CARTESIAN_POINT('',(16.6654268393615,9.63823115327808,-0.600429489624621));
#2846=CARTESIAN_POINT('Origin',(22.2728556467281,8.27285564673126,6.88677999983501));
#2847=CARTESIAN_POINT('',(22.2728556467282,8.27285564673122,3.88677999983501));
#2848=CARTESIAN_POINT('Origin',(22.2728556467282,8.27285564673122,6.88677999983501));
#2849=CARTESIAN_POINT('Origin',(19.349676213303,5.34967621330607,6.88677999983499));
#2850=CARTESIAN_POINT('',(20.1518289963183,6.15182899632129,3.88677999983499));
#2851=CARTESIAN_POINT('Origin',(20.1518289963182,6.15182899632128,6.88677999983499));
#2852=CARTESIAN_POINT('',(19.349676213303,5.34967621330608,3.88677999983499));
#2853=CARTESIAN_POINT('Origin',(25.0889334108491,1.21472458179037,14.4295705103754));
#2854=CARTESIAN_POINT('',(23.6382311532674,2.66542683937213,-0.600429489624596));
#2855=CARTESIAN_POINT('',(23.6382311532673,2.66542683937213,14.4295705103754));
#2856=CARTESIAN_POINT('',(24.9115558792361,1.39210211340333,-0.600429489624589));
#2857=CARTESIAN_POINT('',(22.6203812035827,3.68327678905681,-0.6004294896246));
#2858=CARTESIAN_POINT('',(24.911555879236,1.39210211340333,13.4295705103754));
#2859=CARTESIAN_POINT('',(24.9115558792359,1.39210211340353,14.4295705103754));
#2860=CARTESIAN_POINT('',(23.6382311532763,2.66542683935728,13.4295705103754));
#2861=CARTESIAN_POINT('',(22.6203812035826,3.68327678905682,13.4295705103754));
#2862=CARTESIAN_POINT('',(23.6382311532673,2.66542683937212,14.4295705103754));
#2863=CARTESIAN_POINT('',(16.6654268393502,9.6382311532834,13.3735705103754));
#2864=CARTESIAN_POINT('',(16.6654268393651,9.63823115327438,14.4295705103754));
#2865=CARTESIAN_POINT('',(15.3921021133963,10.9115558792431,13.3735705103754));
#2866=CARTESIAN_POINT('',(22.6203812035827,3.68327678905681,13.3735705103754));
#2867=CARTESIAN_POINT('',(15.3921021133965,10.9115558792429,14.4295705103754));
#2868=CARTESIAN_POINT('Origin',(13.9999999999966,-3.79918319026729E-12,
31.7735599996699));
#2869=CARTESIAN_POINT('',(18.2426406871196,-4.24264068711936,30.9695599996699));
#2870=CARTESIAN_POINT('',(18.2426406871195,-4.24264068711932,22.9735599996699));
#2871=CARTESIAN_POINT('',(18.2426406871196,-4.24264068711936,31.7735599996699));
#2872=CARTESIAN_POINT('',(9.75735931288099,4.2426406871192,30.9695599996699));
#2873=CARTESIAN_POINT('Origin',(13.9999999999966,-3.79918319026729E-12,
30.9695599996699));
#2874=CARTESIAN_POINT('',(9.75735931288095,4.24264068711924,22.9735599996699));
#2875=CARTESIAN_POINT('',(9.75735931288099,4.2426406871192,31.7735599996699));
#2876=CARTESIAN_POINT('Origin',(13.9999999999966,-3.70148356410027E-12,
22.9735599996699));
#2877=CARTESIAN_POINT('Origin',(13.9999999999966,-3.70148356410027E-12,
22.9735599996699));
#2878=CARTESIAN_POINT('',(21.9903066274082,-7.99030662740802,22.9735599996699));
#2879=CARTESIAN_POINT('',(14.0000000000001,8.88178419700125E-14,22.9735599996699));
#2880=CARTESIAN_POINT('',(6.00969337259225,7.99030662740794,22.9735599996699));
#2881=CARTESIAN_POINT('',(14.0000000000001,8.88178419700125E-14,22.9735599996699));
#2882=CARTESIAN_POINT('Origin',(13.9999999999966,-3.70148356410027E-12,
22.9735599996699));
#2883=CARTESIAN_POINT('Origin',(13.9999999999966,-3.70148356410027E-12,
22.7735599996699));
#2884=CARTESIAN_POINT('',(21.9903066274082,-7.99030662740802,22.7735599996699));
#2885=CARTESIAN_POINT('',(6.00969337259225,7.99030662740794,22.7735599996699));
#2886=CARTESIAN_POINT('Origin',(13.9999999999944,1.46105350040671E-12,14.4295705103754));
#2887=CARTESIAN_POINT('',(21.0710678118624,-7.07106781186222,-0.600429489624603));
#2888=CARTESIAN_POINT('',(21.0710678118624,-7.07106781186219,14.4295705103754));
#2889=CARTESIAN_POINT('Origin',(13.9999999999945,1.45883305435746E-12,-0.600429489624629));
#2890=CARTESIAN_POINT('Origin',(12.9720859673743,-1.02791403261874,-0.600429489624633));
#2891=CARTESIAN_POINT('',(21.7781745930486,-7.77817459304842,-0.6004294896246));
#2892=CARTESIAN_POINT('',(13.9999999999983,1.89626092605977E-12,-0.600429489624629));
#2893=CARTESIAN_POINT('Origin',(13.9999999999945,1.45883305435746E-12,-0.600429489624629));
#2894=CARTESIAN_POINT('Origin',(13.9999999999944,1.46105350040671E-12,14.4295705103754));
#2895=CARTESIAN_POINT('',(21.7781745930486,-7.77817459304839,13.4295705103754));
#2896=CARTESIAN_POINT('',(21.7781745930486,-7.77817459304838,14.4295705103754));
#2897=CARTESIAN_POINT('Origin',(13.9999999999944,1.46105350040671E-12,13.4295705103754));
#2898=CARTESIAN_POINT('Origin',(7.54707834734352,-6.45292165264945,13.4295705103754));
#2899=CARTESIAN_POINT('',(21.0710678118624,-7.07106781186219,13.4295705103754));
#2900=CARTESIAN_POINT('',(13.9999999999983,1.92290627865077E-12,13.4295705103754));
#2901=CARTESIAN_POINT('Origin',(13.9999999999944,1.46105350040671E-12,13.4295705103754));
#2902=CARTESIAN_POINT('Origin',(13.9999999999944,1.46105350040671E-12,14.4295705103754));
#2903=CARTESIAN_POINT('',(21.0710678118624,-7.07106781186219,14.4295705103754));
#2904=CARTESIAN_POINT('Origin',(13.9999999999944,1.46105350040671E-12,14.4295705103754));
#2905=CARTESIAN_POINT('',(6.22182540694454,7.77817459305565,13.3735705103754));
#2906=CARTESIAN_POINT('',(6.22182540694454,7.77817459305565,14.4295705103754));
#2907=CARTESIAN_POINT('Origin',(13.9999999999944,1.46105350040671E-12,13.3735705103754));
#2908=CARTESIAN_POINT('Origin',(7.54707834734352,-6.45292165264945,13.3735705103754));
#2909=CARTESIAN_POINT('',(6.92893218813074,7.07106781186945,13.3735705103754));
#2910=CARTESIAN_POINT('',(13.9999999999983,1.92290627865077E-12,13.3735705103754));
#2911=CARTESIAN_POINT('Origin',(13.9999999999944,1.46105350040671E-12,13.3735705103754));
#2912=CARTESIAN_POINT('Origin',(13.9999999999944,1.46105350040671E-12,14.4295705103754));
#2913=CARTESIAN_POINT('',(6.92893218813074,7.07106781186946,14.4295705103754));
#2914=CARTESIAN_POINT('Origin',(14.0000000000007,-3.99680288865056E-13,
-9.19999999999997));
#2915=CARTESIAN_POINT('',(18.24264068712,-4.24264068711977,-9.19999999999997));
#2916=CARTESIAN_POINT('',(14.0000000000003,-1.19904086659517E-13,-9.19999999999997));
#2917=CARTESIAN_POINT('',(9.75735931288139,4.2426406871188,-9.19999999999998));
#2918=CARTESIAN_POINT('',(14.0000000000003,-1.19904086659517E-13,-9.19999999999997));
#2919=CARTESIAN_POINT('Origin',(14.0000000000007,-4.9960036108132E-13,-9.19999999999997));
#2920=CARTESIAN_POINT('Origin',(14.0000000000007,-4.9960036108132E-13,-18.));
#2921=CARTESIAN_POINT('',(18.2426406871195,-4.24264068711932,-9.39999999999997));
#2922=CARTESIAN_POINT('',(9.75735931288139,4.2426406871188,-18.));
#2923=CARTESIAN_POINT('Origin',(14.0000000000007,-4.9960036108132E-13,-10.8));
#2924=CARTESIAN_POINT('',(6.36324676318555,7.63675323681464,-10.8));
#2925=CARTESIAN_POINT('',(14.0000000000003,-1.35447209004269E-13,-10.8));
#2926=CARTESIAN_POINT('',(21.6367532368148,-7.63675323681463,-10.8));
#2927=CARTESIAN_POINT('Origin',(14.0000000000002,0.,-10.8));
#2928=CARTESIAN_POINT('',(14.0000000000003,-1.35447209004269E-13,-10.8));
#2929=CARTESIAN_POINT('Origin',(8.96186414452973,5.03813585546305,30.9695599996699));
#2930=CARTESIAN_POINT('',(19.2325901807807,-5.23259018078053,30.9695599996699));
#2931=CARTESIAN_POINT('',(11.4809320722667,2.51906792773348,30.9695599996699));
#2932=CARTESIAN_POINT('',(8.76740981921983,5.23259018078037,30.9695599996699));
#2933=CARTESIAN_POINT('Origin',(13.9999999999966,-3.79918319026729E-12,
30.9695599996699));
#2934=CARTESIAN_POINT('',(11.4809320722667,2.51906792773348,30.9695599996699));
#2935=CARTESIAN_POINT('Origin',(14.0000000000002,0.,-9.34999999999999));
#2936=CARTESIAN_POINT('',(22.8388347648321,-8.83883476483184,-9.09999999999998));
#2937=CARTESIAN_POINT('',(22.6620580695354,-8.66205806953521,-9.34999999999998));
#2938=CARTESIAN_POINT('',(5.16116523516836,8.83883476483183,-9.1));
#2939=CARTESIAN_POINT('',(5.33794193046499,8.6620580695352,-9.35));
#2940=CARTESIAN_POINT('Origin',(14.0000000000002,0.,-9.09999999999999));
#2941=CARTESIAN_POINT('Origin',(13.9999999999966,-3.79918319026729E-12,
31.7735599996699));
#2942=CARTESIAN_POINT('',(19.2325901807807,-5.23259018078053,25.7995599996699));
#2943=CARTESIAN_POINT('',(19.2325901807807,-5.23259018078053,31.7735599996699));
#2944=CARTESIAN_POINT('',(8.76740981921983,5.23259018078036,25.7995599996699));
#2945=CARTESIAN_POINT('Origin',(13.9999999999966,-3.79918319026729E-12,
25.7995599996699));
#2946=CARTESIAN_POINT('',(8.76740981921983,5.23259018078037,31.7735599996699));
#2947=CARTESIAN_POINT('Origin',(14.0000000000002,0.,-9.));
#2948=CARTESIAN_POINT('',(22.8388347648316,-8.8388347648314,22.8735599996699));
#2949=CARTESIAN_POINT('',(22.838834764832,-8.83883476483184,-9.));
#2950=CARTESIAN_POINT('',(5.16116523516791,8.83883476483228,22.8735599996699));
#2951=CARTESIAN_POINT('',(5.16116523516835,8.83883476483184,-9.));
#2952=CARTESIAN_POINT('Origin',(13.9999999999961,-3.1996627569697E-12,22.8735599996699));
#2953=CARTESIAN_POINT('Origin',(13.9999999999966,-3.79918319026729E-12,
25.7995599996699));
#2954=CARTESIAN_POINT('',(20.0104076400859,-6.01040764008574,25.7995599996699));
#2955=CARTESIAN_POINT('',(14.0000000000001,6.43929354282591E-14,25.7995599996699));
#2956=CARTESIAN_POINT('',(7.98959235991463,6.01040764008556,25.7995599996699));
#2957=CARTESIAN_POINT('Origin',(13.9999999999966,-3.79918319026729E-12,
25.7995599996699));
#2958=CARTESIAN_POINT('',(14.0000000000001,6.43929354282591E-14,25.7995599996699));
#2959=CARTESIAN_POINT('Origin',(13.9999999999961,-3.1996627569697E-12,23.1235599996699));
#2960=CARTESIAN_POINT('',(22.2024386617637,-8.20243866176351,23.7735599996699));
#2961=CARTESIAN_POINT('',(22.662058069535,-8.66205806953476,23.1235599996699));
#2962=CARTESIAN_POINT('',(5.7975613382358,8.20243866176439,23.7735599996699));
#2963=CARTESIAN_POINT('',(5.33794193046455,8.66205806953564,23.1235599996699));
#2964=CARTESIAN_POINT('Origin',(13.9999999999961,-3.1996627569697E-12,23.7735599996699));
#2965=CARTESIAN_POINT('Origin',(13.9999999999966,-3.79918319026729E-12,
24.5735599996699));
#2966=CARTESIAN_POINT('',(20.0104076400859,-6.01040764008574,24.5735599996699));
#2967=CARTESIAN_POINT('',(20.0104076400859,-6.01040764008574,24.5735599996699));
#2968=CARTESIAN_POINT('',(7.98959235991463,6.01040764008556,24.5735599996699));
#2969=CARTESIAN_POINT('Origin',(13.9999999999966,-3.79918319026729E-12,
24.5735599996699));
#2970=CARTESIAN_POINT('',(7.98959235991463,6.01040764008556,24.5735599996699));
#2971=CARTESIAN_POINT('Origin',(13.9999999999966,-3.79918319026729E-12,
24.1735599996699));
#2972=CARTESIAN_POINT('',(20.5760930650352,-6.57609306503497,23.7735599996699));
#2973=CARTESIAN_POINT('',(20.2932503525606,-6.29325035256036,24.1735599996699));
#2974=CARTESIAN_POINT('',(7.42390693496539,6.5760930650348,23.7735599996699));
#2975=CARTESIAN_POINT('Origin',(13.9999999999966,-3.79918319026729E-12,
23.7735599996699));
#2976=CARTESIAN_POINT('',(7.70674964744001,6.29325035256018,24.1735599996699));
#2977=CARTESIAN_POINT('Origin',(13.9999999999966,-3.70148356410027E-12,
23.7735599996699));
#2978=CARTESIAN_POINT('',(14.0000000000001,8.21565038222616E-14,23.7735599996699));
#2979=CARTESIAN_POINT('',(14.0000000000001,8.21565038222616E-14,23.7735599996699));
#2980=CARTESIAN_POINT('Origin',(14.,2.19824158875781E-13,10.084779999835));
#2981=CARTESIAN_POINT('Origin',(14.,2.19824158875781E-13,10.084779999835));
#2982=UNCERTAINTY_MEASURE_WITH_UNIT(LENGTH_MEASURE(0.01),#2986,
'DISTANCE_ACCURACY_VALUE',
'Maximum model space distance between geometric entities at asserted c
onnectivities');
#2983=UNCERTAINTY_MEASURE_WITH_UNIT(LENGTH_MEASURE(0.01),#2986,
'DISTANCE_ACCURACY_VALUE',
'Maximum model space distance between geometric entities at asserted c
onnectivities');
#2984=(
GEOMETRIC_REPRESENTATION_CONTEXT(3)
GLOBAL_UNCERTAINTY_ASSIGNED_CONTEXT((#2982))
GLOBAL_UNIT_ASSIGNED_CONTEXT((#2986,#2988,#2989))
REPRESENTATION_CONTEXT('','3D')
);
#2985=(
GEOMETRIC_REPRESENTATION_CONTEXT(3)
GLOBAL_UNCERTAINTY_ASSIGNED_CONTEXT((#2983))
GLOBAL_UNIT_ASSIGNED_CONTEXT((#2986,#2988,#2989))
REPRESENTATION_CONTEXT('','3D')
);
#2986=(
LENGTH_UNIT()
NAMED_UNIT(*)
SI_UNIT(.MILLI.,.METRE.)
);
#2987=(
LENGTH_UNIT()
NAMED_UNIT(*)
SI_UNIT($,.METRE.)
);
#2988=(
NAMED_UNIT(*)
PLANE_ANGLE_UNIT()
SI_UNIT($,.RADIAN.)
);
#2989=(
NAMED_UNIT(*)
SI_UNIT($,.STERADIAN.)
SOLID_ANGLE_UNIT()
);
#2990=SHAPE_DEFINITION_REPRESENTATION(#2991,#2992);
#2991=PRODUCT_DEFINITION_SHAPE('',$,#2994);
#2992=SHAPE_REPRESENTATION('',(#1631),#2984);
#2993=PRODUCT_DEFINITION_CONTEXT('part definition',#2998,'design');
#2994=PRODUCT_DEFINITION('Differential case','Differential case',#2995,
#2993);
#2995=PRODUCT_DEFINITION_FORMATION('',$,#3000);
#2996=PRODUCT_RELATED_PRODUCT_CATEGORY('Differential case',
'Differential case',(#3000));
#2997=APPLICATION_PROTOCOL_DEFINITION('international standard',
'automotive_design',2009,#2998);
#2998=APPLICATION_CONTEXT(
'Core Data for Automotive Mechanical Design Process');
#2999=PRODUCT_CONTEXT('part definition',#2998,'mechanical');
#3000=PRODUCT('Differential case','Differential case',$,(#2999));
#3001=PRESENTATION_STYLE_ASSIGNMENT((#3003));
#3002=PRESENTATION_STYLE_ASSIGNMENT((#3004));
#3003=SURFACE_STYLE_USAGE(.BOTH.,#3005);
#3004=SURFACE_STYLE_USAGE(.BOTH.,#3006);
#3005=SURFACE_SIDE_STYLE('',(#3007));
#3006=SURFACE_SIDE_STYLE('',(#3008));
#3007=SURFACE_STYLE_FILL_AREA(#3009);
#3008=SURFACE_STYLE_FILL_AREA(#3010);
#3009=FILL_AREA_STYLE('Stahl - satiniert',(#3011));
#3010=FILL_AREA_STYLE('Opaque(160,160,160)',(#3012));
#3011=FILL_AREA_STYLE_COLOUR('Stahl - satiniert',#3013);
#3012=FILL_AREA_STYLE_COLOUR('Opaque(160,160,160)',#3014);
#3013=COLOUR_RGB('Stahl - satiniert',0.627450980392157,0.627450980392157,
0.627450980392157);
#3014=COLOUR_RGB('Opaque(160,160,160)',0.392156862745098,0.392156862745098,
0.392156862745098);
ENDSEC;
END-ISO-10303-21;
