ISO-10303-21;
HEADER;
/* Generated by software containing ST-Developer
 * from STEP Tools, Inc. (www.steptools.com) 
 */

FILE_DESCRIPTION(
/* description */ (''),
/* implementation_level */ '2;1');

FILE_NAME(
/* name */ 'Front rim.step',
/* time_stamp */ '2026-04-11T13:43:57+02:00',
/* author */ (''),
/* organization */ (''),
/* preprocessor_version */ 'ST-DEVELOPER v20.1',
/* originating_system */ 'Autodesk Translation Framework v14.24.0.0',
/* authorisation */ '');

FILE_SCHEMA (('AUTOMOTIVE_DESIGN { 1 0 10303 214 3 1 1 }'));
ENDSEC;

DATA;
#10=MECHANICAL_DESIGN_GEOMETRIC_PRESENTATION_REPRESENTATION('',(#13),#2992);
#11=SHAPE_REPRESENTATION_RELATIONSHIP('SRR','None',#2999,#12);
#12=ADVANCED_BREP_SHAPE_REPRESENTATION('',(#14),#2991);
#13=STYLED_ITEM('',(#3009),#14);
#14=MANIFOLD_SOLID_BREP('Front rim',#1732);
#15=(
BOUNDED_CURVE()
B_SPLINE_CURVE(2,(#2579,#2580,#2581),.UNSPECIFIED.,.F.,.F.)
B_SPLINE_CURVE_WITH_KNOTS((3,3),(11.3199632270026,11.3716738112537),
 .UNSPECIFIED.)
CURVE()
GEOMETRIC_REPRESENTATION_ITEM()
RATIONAL_B_SPLINE_CURVE((2.33982697022991,2.31851792344194,2.29698623472835))
REPRESENTATION_ITEM('')
);
#16=(
BOUNDED_CURVE()
B_SPLINE_CURVE(2,(#2584,#2585,#2586),.UNSPECIFIED.,.F.,.F.)
B_SPLINE_CURVE_WITH_KNOTS((3,3),(1.36981813922911,1.42152872348031),
 .UNSPECIFIED.)
CURVE()
GEOMETRIC_REPRESENTATION_ITEM()
RATIONAL_B_SPLINE_CURVE((2.29698623473095,2.31851792344458,2.33982697023259))
REPRESENTATION_ITEM('')
);
#17=(
BOUNDED_CURVE()
B_SPLINE_CURVE(2,(#2589,#2590,#2591),.UNSPECIFIED.,.F.,.F.)
B_SPLINE_CURVE_WITH_KNOTS((3,3),(11.3199758499558,11.3716861634613),
 .UNSPECIFIED.)
CURVE()
GEOMETRIC_REPRESENTATION_ITEM()
RATIONAL_B_SPLINE_CURVE((2.33982896115083,2.31851986434321,2.29698812670298))
REPRESENTATION_ITEM('')
);
#18=(
BOUNDED_CURVE()
B_SPLINE_CURVE(2,(#2595,#2596,#2597),.UNSPECIFIED.,.F.,.F.)
B_SPLINE_CURVE_WITH_KNOTS((3,3),(1.36981103013233,1.42152134363771),
 .UNSPECIFIED.)
CURVE()
GEOMETRIC_REPRESENTATION_ITEM()
RATIONAL_B_SPLINE_CURVE((2.29698812670037,2.31851986434057,2.33982896114816))
REPRESENTATION_ITEM('')
);
#19=(
BOUNDED_CURVE()
B_SPLINE_CURVE(2,(#2605,#2606,#2607),.UNSPECIFIED.,.F.,.F.)
B_SPLINE_CURVE_WITH_KNOTS((3,3),(11.3199632270028,11.3716738112539),
 .UNSPECIFIED.)
CURVE()
GEOMETRIC_REPRESENTATION_ITEM()
RATIONAL_B_SPLINE_CURVE((2.33982697022995,2.31851792344198,2.29698623472839))
REPRESENTATION_ITEM('')
);
#20=(
BOUNDED_CURVE()
B_SPLINE_CURVE(2,(#2610,#2611,#2612),.UNSPECIFIED.,.F.,.F.)
B_SPLINE_CURVE_WITH_KNOTS((3,3),(1.36981813922898,1.42152872348018),
 .UNSPECIFIED.)
CURVE()
GEOMETRIC_REPRESENTATION_ITEM()
RATIONAL_B_SPLINE_CURVE((2.29698623473099,2.31851792344461,2.33982697023262))
REPRESENTATION_ITEM('')
);
#21=(
BOUNDED_CURVE()
B_SPLINE_CURVE(2,(#2615,#2616,#2617),.UNSPECIFIED.,.F.,.F.)
B_SPLINE_CURVE_WITH_KNOTS((3,3),(11.3199758499557,11.3716861634611),
 .UNSPECIFIED.)
CURVE()
GEOMETRIC_REPRESENTATION_ITEM()
RATIONAL_B_SPLINE_CURVE((2.33982896115081,2.31851986434319,2.29698812670296))
REPRESENTATION_ITEM('')
);
#22=(
BOUNDED_CURVE()
B_SPLINE_CURVE(2,(#2621,#2622,#2623),.UNSPECIFIED.,.F.,.F.)
B_SPLINE_CURVE_WITH_KNOTS((3,3),(1.36981103013241,1.4215213436378),
 .UNSPECIFIED.)
CURVE()
GEOMETRIC_REPRESENTATION_ITEM()
RATIONAL_B_SPLINE_CURVE((2.29698812670035,2.31851986434055,2.33982896114814))
REPRESENTATION_ITEM('')
);
#23=(
BOUNDED_CURVE()
B_SPLINE_CURVE(2,(#2631,#2632,#2633),.UNSPECIFIED.,.F.,.F.)
B_SPLINE_CURVE_WITH_KNOTS((3,3),(11.3199632270027,11.3716738112538),
 .UNSPECIFIED.)
CURVE()
GEOMETRIC_REPRESENTATION_ITEM()
RATIONAL_B_SPLINE_CURVE((2.33982697022995,2.31851792344198,2.29698623472839))
REPRESENTATION_ITEM('')
);
#24=(
BOUNDED_CURVE()
B_SPLINE_CURVE(2,(#2636,#2637,#2638),.UNSPECIFIED.,.F.,.F.)
B_SPLINE_CURVE_WITH_KNOTS((3,3),(1.36981813922903,1.42152872348023),
 .UNSPECIFIED.)
CURVE()
GEOMETRIC_REPRESENTATION_ITEM()
RATIONAL_B_SPLINE_CURVE((2.29698623473097,2.3185179234446,2.33982697023261))
REPRESENTATION_ITEM('')
);
#25=(
BOUNDED_CURVE()
B_SPLINE_CURVE(2,(#2641,#2642,#2643),.UNSPECIFIED.,.F.,.F.)
B_SPLINE_CURVE_WITH_KNOTS((3,3),(11.3199758499558,11.3716861634613),
 .UNSPECIFIED.)
CURVE()
GEOMETRIC_REPRESENTATION_ITEM()
RATIONAL_B_SPLINE_CURVE((2.33982896115079,2.31851986434317,2.29698812670295))
REPRESENTATION_ITEM('')
);
#26=(
BOUNDED_CURVE()
B_SPLINE_CURVE(2,(#2647,#2648,#2649),.UNSPECIFIED.,.F.,.F.)
B_SPLINE_CURVE_WITH_KNOTS((3,3),(1.36981103013235,1.42152134363774),
 .UNSPECIFIED.)
CURVE()
GEOMETRIC_REPRESENTATION_ITEM()
RATIONAL_B_SPLINE_CURVE((2.29698812670036,2.31851986434056,2.33982896114815))
REPRESENTATION_ITEM('')
);
#27=(
BOUNDED_CURVE()
B_SPLINE_CURVE(2,(#2657,#2658,#2659),.UNSPECIFIED.,.F.,.F.)
B_SPLINE_CURVE_WITH_KNOTS((3,3),(11.3199632270026,11.3716738112537),
 .UNSPECIFIED.)
CURVE()
GEOMETRIC_REPRESENTATION_ITEM()
RATIONAL_B_SPLINE_CURVE((2.33982697022994,2.31851792344195,2.29698623472834))
REPRESENTATION_ITEM('')
);
#28=(
BOUNDED_CURVE()
B_SPLINE_CURVE(2,(#2662,#2663,#2664),.UNSPECIFIED.,.F.,.F.)
B_SPLINE_CURVE_WITH_KNOTS((3,3),(1.3698181392291,1.4215287234803),
 .UNSPECIFIED.)
CURVE()
GEOMETRIC_REPRESENTATION_ITEM()
RATIONAL_B_SPLINE_CURVE((2.29698623473096,2.31851792344458,2.33982697023259))
REPRESENTATION_ITEM('')
);
#29=(
BOUNDED_CURVE()
B_SPLINE_CURVE(2,(#2667,#2668,#2669),.UNSPECIFIED.,.F.,.F.)
B_SPLINE_CURVE_WITH_KNOTS((3,3),(11.3199758499557,11.3716861634613),
 .UNSPECIFIED.)
CURVE()
GEOMETRIC_REPRESENTATION_ITEM()
RATIONAL_B_SPLINE_CURVE((2.33982896115085,2.31851986434319,2.29698812670292))
REPRESENTATION_ITEM('')
);
#30=(
BOUNDED_CURVE()
B_SPLINE_CURVE(2,(#2673,#2674,#2675),.UNSPECIFIED.,.F.,.F.)
B_SPLINE_CURVE_WITH_KNOTS((3,3),(1.36981103013237,1.42152134363775),
 .UNSPECIFIED.)
CURVE()
GEOMETRIC_REPRESENTATION_ITEM()
RATIONAL_B_SPLINE_CURVE((2.29698812670036,2.31851986434056,2.33982896114815))
REPRESENTATION_ITEM('')
);
#31=(
BOUNDED_CURVE()
B_SPLINE_CURVE(2,(#2683,#2684,#2685),.UNSPECIFIED.,.F.,.F.)
B_SPLINE_CURVE_WITH_KNOTS((3,3),(11.3199632270026,11.3716738112538),
 .UNSPECIFIED.)
CURVE()
GEOMETRIC_REPRESENTATION_ITEM()
RATIONAL_B_SPLINE_CURVE((2.33982697022996,2.31851792344196,2.29698623472834))
REPRESENTATION_ITEM('')
);
#32=(
BOUNDED_CURVE()
B_SPLINE_CURVE(2,(#2688,#2689,#2690),.UNSPECIFIED.,.F.,.F.)
B_SPLINE_CURVE_WITH_KNOTS((3,3),(1.36981813922907,1.42152872348027),
 .UNSPECIFIED.)
CURVE()
GEOMETRIC_REPRESENTATION_ITEM()
RATIONAL_B_SPLINE_CURVE((2.29698623473096,2.31851792344459,2.3398269702326))
REPRESENTATION_ITEM('')
);
#33=(
BOUNDED_CURVE()
B_SPLINE_CURVE(2,(#2693,#2694,#2695),.UNSPECIFIED.,.F.,.F.)
B_SPLINE_CURVE_WITH_KNOTS((3,3),(11.3199758499558,11.3716861634612),
 .UNSPECIFIED.)
CURVE()
GEOMETRIC_REPRESENTATION_ITEM()
RATIONAL_B_SPLINE_CURVE((2.33982896115072,2.31851986434314,2.29698812670295))
REPRESENTATION_ITEM('')
);
#34=(
BOUNDED_CURVE()
B_SPLINE_CURVE(2,(#2699,#2700,#2701),.UNSPECIFIED.,.F.,.F.)
B_SPLINE_CURVE_WITH_KNOTS((3,3),(1.3698110301324,1.42152134363779),
 .UNSPECIFIED.)
CURVE()
GEOMETRIC_REPRESENTATION_ITEM()
RATIONAL_B_SPLINE_CURVE((2.29698812670035,2.31851986434055,2.33982896114814))
REPRESENTATION_ITEM('')
);
#35=(
BOUNDED_CURVE()
B_SPLINE_CURVE(2,(#2709,#2710,#2711),.UNSPECIFIED.,.F.,.F.)
B_SPLINE_CURVE_WITH_KNOTS((3,3),(11.3199632270027,11.3716738112538),
 .UNSPECIFIED.)
CURVE()
GEOMETRIC_REPRESENTATION_ITEM()
RATIONAL_B_SPLINE_CURVE((2.33982697022994,2.31851792344196,2.29698623472835))
REPRESENTATION_ITEM('')
);
#36=(
BOUNDED_CURVE()
B_SPLINE_CURVE(2,(#2714,#2715,#2716),.UNSPECIFIED.,.F.,.F.)
B_SPLINE_CURVE_WITH_KNOTS((3,3),(1.36981813922904,1.42152872348024),
 .UNSPECIFIED.)
CURVE()
GEOMETRIC_REPRESENTATION_ITEM()
RATIONAL_B_SPLINE_CURVE((2.29698623473097,2.3185179234446,2.3398269702326))
REPRESENTATION_ITEM('')
);
#37=(
BOUNDED_CURVE()
B_SPLINE_CURVE(2,(#2719,#2720,#2721),.UNSPECIFIED.,.F.,.F.)
B_SPLINE_CURVE_WITH_KNOTS((3,3),(11.3199758499557,11.3716861634612),
 .UNSPECIFIED.)
CURVE()
GEOMETRIC_REPRESENTATION_ITEM()
RATIONAL_B_SPLINE_CURVE((2.33982896115081,2.31851986434318,2.29698812670294))
REPRESENTATION_ITEM('')
);
#38=(
BOUNDED_CURVE()
B_SPLINE_CURVE(2,(#2725,#2726,#2727),.UNSPECIFIED.,.F.,.F.)
B_SPLINE_CURVE_WITH_KNOTS((3,3),(1.3698110301324,1.42152134363778),
 .UNSPECIFIED.)
CURVE()
GEOMETRIC_REPRESENTATION_ITEM()
RATIONAL_B_SPLINE_CURVE((2.29698812670035,2.31851986434055,2.33982896114814))
REPRESENTATION_ITEM('')
);
#39=(
BOUNDED_CURVE()
B_SPLINE_CURVE(2,(#2735,#2736,#2737),.UNSPECIFIED.,.F.,.F.)
B_SPLINE_CURVE_WITH_KNOTS((3,3),(11.3199632270028,11.3716738112539),
 .UNSPECIFIED.)
CURVE()
GEOMETRIC_REPRESENTATION_ITEM()
RATIONAL_B_SPLINE_CURVE((2.33982697022993,2.31851792344197,2.29698623472839))
REPRESENTATION_ITEM('')
);
#40=(
BOUNDED_CURVE()
B_SPLINE_CURVE(2,(#2740,#2741,#2742),.UNSPECIFIED.,.F.,.F.)
B_SPLINE_CURVE_WITH_KNOTS((3,3),(1.36981813922899,1.42152872348019),
 .UNSPECIFIED.)
CURVE()
GEOMETRIC_REPRESENTATION_ITEM()
RATIONAL_B_SPLINE_CURVE((2.29698623473098,2.31851792344461,2.33982697023262))
REPRESENTATION_ITEM('')
);
#41=(
BOUNDED_CURVE()
B_SPLINE_CURVE(2,(#2745,#2746,#2747),.UNSPECIFIED.,.F.,.F.)
B_SPLINE_CURVE_WITH_KNOTS((3,3),(11.3199758499557,11.3716861634611),
 .UNSPECIFIED.)
CURVE()
GEOMETRIC_REPRESENTATION_ITEM()
RATIONAL_B_SPLINE_CURVE((2.33982896115077,2.31851986434316,2.29698812670293))
REPRESENTATION_ITEM('')
);
#42=(
BOUNDED_CURVE()
B_SPLINE_CURVE(2,(#2751,#2752,#2753),.UNSPECIFIED.,.F.,.F.)
B_SPLINE_CURVE_WITH_KNOTS((3,3),(1.36981103013243,1.42152134363782),
 .UNSPECIFIED.)
CURVE()
GEOMETRIC_REPRESENTATION_ITEM()
RATIONAL_B_SPLINE_CURVE((2.29698812670034,2.31851986434054,2.33982896114813))
REPRESENTATION_ITEM('')
);
#43=(
BOUNDED_CURVE()
B_SPLINE_CURVE(2,(#2757,#2758,#2759),.UNSPECIFIED.,.F.,.F.)
B_SPLINE_CURVE_WITH_KNOTS((3,3),(11.3199758499558,11.3716861634613),
 .UNSPECIFIED.)
CURVE()
GEOMETRIC_REPRESENTATION_ITEM()
RATIONAL_B_SPLINE_CURVE((2.33982896115081,2.31851986434322,2.29698812670301))
REPRESENTATION_ITEM('')
);
#44=(
BOUNDED_CURVE()
B_SPLINE_CURVE(2,(#2763,#2764,#2765),.UNSPECIFIED.,.F.,.F.)
B_SPLINE_CURVE_WITH_KNOTS((3,3),(1.36981103013233,1.42152134363771),
 .UNSPECIFIED.)
CURVE()
GEOMETRIC_REPRESENTATION_ITEM()
RATIONAL_B_SPLINE_CURVE((2.29698812670037,2.31851986434057,2.33982896114816))
REPRESENTATION_ITEM('')
);
#45=(
BOUNDED_CURVE()
B_SPLINE_CURVE(2,(#2834,#2835,#2836),.UNSPECIFIED.,.F.,.F.)
B_SPLINE_CURVE_WITH_KNOTS((3,3),(11.3199632270026,11.3716738112537),
 .UNSPECIFIED.)
CURVE()
GEOMETRIC_REPRESENTATION_ITEM()
RATIONAL_B_SPLINE_CURVE((2.33982697022993,2.31851792344195,2.29698623472836))
REPRESENTATION_ITEM('')
);
#46=(
BOUNDED_CURVE()
B_SPLINE_CURVE(2,(#2839,#2840,#2841),.UNSPECIFIED.,.F.,.F.)
B_SPLINE_CURVE_WITH_KNOTS((3,3),(1.36981813922907,1.42152872348027),
 .UNSPECIFIED.)
CURVE()
GEOMETRIC_REPRESENTATION_ITEM()
RATIONAL_B_SPLINE_CURVE((2.29698623473096,2.31851792344459,2.3398269702326))
REPRESENTATION_ITEM('')
);
#47=CYLINDRICAL_SURFACE('',#1772,15.0000000000116);
#48=CYLINDRICAL_SURFACE('',#1774,15.0000000000116);
#49=CYLINDRICAL_SURFACE('',#1776,15.0000000000116);
#50=CYLINDRICAL_SURFACE('',#1778,15.0000000000116);
#51=CYLINDRICAL_SURFACE('',#1780,15.0000000000116);
#52=CYLINDRICAL_SURFACE('',#1782,15.0000000000116);
#53=CYLINDRICAL_SURFACE('',#1784,15.0000000000116);
#54=CYLINDRICAL_SURFACE('',#1786,15.0000000000116);
#55=CYLINDRICAL_SURFACE('',#1788,15.0000000000116);
#56=CYLINDRICAL_SURFACE('',#1790,15.0000000000116);
#57=CYLINDRICAL_SURFACE('',#1837,7.05000000000545);
#58=CYLINDRICAL_SURFACE('',#1840,8.50000000000655);
#59=CYLINDRICAL_SURFACE('',#1844,8.50000000000655);
#60=CYLINDRICAL_SURFACE('',#1848,8.50000000000655);
#61=CYLINDRICAL_SURFACE('',#1852,8.50000000000655);
#62=CYLINDRICAL_SURFACE('',#1856,8.50000000000655);
#63=CYLINDRICAL_SURFACE('',#1860,8.50000000000655);
#64=CYLINDRICAL_SURFACE('',#1864,8.50000000000655);
#65=CYLINDRICAL_SURFACE('',#1868,8.50000000000655);
#66=CYLINDRICAL_SURFACE('',#1872,8.50000000000655);
#67=CYLINDRICAL_SURFACE('',#1876,8.50000000000655);
#68=CYLINDRICAL_SURFACE('',#1910,17.5000000000135);
#69=CYLINDRICAL_SURFACE('',#1911,17.5000000000135);
#70=CYLINDRICAL_SURFACE('',#1912,17.5000000000135);
#71=CYLINDRICAL_SURFACE('',#1913,17.5000000000135);
#72=CYLINDRICAL_SURFACE('',#1914,17.5000000000135);
#73=CYLINDRICAL_SURFACE('',#1915,17.5000000000135);
#74=CYLINDRICAL_SURFACE('',#1916,17.5000000000135);
#75=CYLINDRICAL_SURFACE('',#1919,17.5000000000135);
#76=CYLINDRICAL_SURFACE('',#1920,6.00000000000464);
#77=LINE('',#2423,#216);
#78=LINE('',#2466,#217);
#79=LINE('',#2469,#218);
#80=LINE('',#2472,#219);
#81=LINE('',#2475,#220);
#82=LINE('',#2478,#221);
#83=LINE('',#2481,#222);
#84=LINE('',#2484,#223);
#85=LINE('',#2487,#224);
#86=LINE('',#2490,#225);
#87=LINE('',#2493,#226);
#88=LINE('',#2496,#227);
#89=LINE('',#2499,#228);
#90=LINE('',#2502,#229);
#91=LINE('',#2505,#230);
#92=LINE('',#2508,#231);
#93=LINE('',#2511,#232);
#94=LINE('',#2514,#233);
#95=LINE('',#2517,#234);
#96=LINE('',#2520,#235);
#97=LINE('',#2523,#236);
#98=LINE('',#2527,#237);
#99=LINE('',#2531,#238);
#100=LINE('',#2533,#239);
#101=LINE('',#2537,#240);
#102=LINE('',#2539,#241);
#103=LINE('',#2543,#242);
#104=LINE('',#2545,#243);
#105=LINE('',#2549,#244);
#106=LINE('',#2551,#245);
#107=LINE('',#2555,#246);
#108=LINE('',#2557,#247);
#109=LINE('',#2561,#248);
#110=LINE('',#2563,#249);
#111=LINE('',#2567,#250);
#112=LINE('',#2569,#251);
#113=LINE('',#2572,#252);
#114=LINE('',#2575,#253);
#115=LINE('',#2577,#254);
#116=LINE('',#2583,#255);
#117=LINE('',#2593,#256);
#118=LINE('',#2598,#257);
#119=LINE('',#2601,#258);
#120=LINE('',#2603,#259);
#121=LINE('',#2609,#260);
#122=LINE('',#2619,#261);
#123=LINE('',#2624,#262);
#124=LINE('',#2627,#263);
#125=LINE('',#2629,#264);
#126=LINE('',#2635,#265);
#127=LINE('',#2645,#266);
#128=LINE('',#2650,#267);
#129=LINE('',#2653,#268);
#130=LINE('',#2655,#269);
#131=LINE('',#2661,#270);
#132=LINE('',#2671,#271);
#133=LINE('',#2676,#272);
#134=LINE('',#2679,#273);
#135=LINE('',#2681,#274);
#136=LINE('',#2687,#275);
#137=LINE('',#2697,#276);
#138=LINE('',#2702,#277);
#139=LINE('',#2705,#278);
#140=LINE('',#2707,#279);
#141=LINE('',#2713,#280);
#142=LINE('',#2723,#281);
#143=LINE('',#2728,#282);
#144=LINE('',#2731,#283);
#145=LINE('',#2733,#284);
#146=LINE('',#2739,#285);
#147=LINE('',#2749,#286);
#148=LINE('',#2754,#287);
#149=LINE('',#2761,#288);
#150=LINE('',#2767,#289);
#151=LINE('',#2768,#290);
#152=LINE('',#2778,#291);
#153=LINE('',#2781,#292);
#154=LINE('',#2783,#293);
#155=LINE('',#2786,#294);
#156=LINE('',#2788,#295);
#157=LINE('',#2791,#296);
#158=LINE('',#2793,#297);
#159=LINE('',#2796,#298);
#160=LINE('',#2799,#299);
#161=LINE('',#2801,#300);
#162=LINE('',#2804,#301);
#163=LINE('',#2806,#302);
#164=LINE('',#2808,#303);
#165=LINE('',#2811,#304);
#166=LINE('',#2814,#305);
#167=LINE('',#2816,#306);
#168=LINE('',#2819,#307);
#169=LINE('',#2821,#308);
#170=LINE('',#2824,#309);
#171=LINE('',#2826,#310);
#172=LINE('',#2829,#311);
#173=LINE('',#2838,#312);
#174=LINE('',#2845,#313);
#175=LINE('',#2848,#314);
#176=LINE('',#2849,#315);
#177=LINE('',#2852,#316);
#178=LINE('',#2855,#317);
#179=LINE('',#2858,#318);
#180=LINE('',#2859,#319);
#181=LINE('',#2862,#320);
#182=LINE('',#2865,#321);
#183=LINE('',#2868,#322);
#184=LINE('',#2869,#323);
#185=LINE('',#2872,#324);
#186=LINE('',#2875,#325);
#187=LINE('',#2878,#326);
#188=LINE('',#2879,#327);
#189=LINE('',#2882,#328);
#190=LINE('',#2885,#329);
#191=LINE('',#2888,#330);
#192=LINE('',#2889,#331);
#193=LINE('',#2892,#332);
#194=LINE('',#2895,#333);
#195=LINE('',#2898,#334);
#196=LINE('',#2899,#335);
#197=LINE('',#2902,#336);
#198=LINE('',#2905,#337);
#199=LINE('',#2908,#338);
#200=LINE('',#2909,#339);
#201=LINE('',#2912,#340);
#202=LINE('',#2915,#341);
#203=LINE('',#2918,#342);
#204=LINE('',#2919,#343);
#205=LINE('',#2922,#344);
#206=LINE('',#2925,#345);
#207=LINE('',#2928,#346);
#208=LINE('',#2929,#347);
#209=LINE('',#2932,#348);
#210=LINE('',#2935,#349);
#211=LINE('',#2938,#350);
#212=LINE('',#2939,#351);
#213=LINE('',#2942,#352);
#214=LINE('',#2945,#353);
#215=LINE('',#2988,#354);
#216=VECTOR('',#1933,15.500000000012);
#217=VECTOR('',#1978,10.0000000000077);
#218=VECTOR('',#1981,10.0000000000077);
#219=VECTOR('',#1984,10.0000000000077);
#220=VECTOR('',#1987,10.0000000000077);
#221=VECTOR('',#1990,10.0000000000077);
#222=VECTOR('',#1993,10.0000000000077);
#223=VECTOR('',#1996,10.0000000000077);
#224=VECTOR('',#1999,10.0000000000077);
#225=VECTOR('',#2002,10.0000000000077);
#226=VECTOR('',#2005,10.0000000000077);
#227=VECTOR('',#2008,10.0000000000077);
#228=VECTOR('',#2011,10.0000000000077);
#229=VECTOR('',#2014,10.0000000000077);
#230=VECTOR('',#2017,10.0000000000077);
#231=VECTOR('',#2020,10.0000000000077);
#232=VECTOR('',#2023,10.0000000000077);
#233=VECTOR('',#2026,10.0000000000077);
#234=VECTOR('',#2029,10.0000000000077);
#235=VECTOR('',#2032,10.0000000000077);
#236=VECTOR('',#2035,10.0000000000077);
#237=VECTOR('',#2038,10.0000000000077);
#238=VECTOR('',#2041,10.0000000000077);
#239=VECTOR('',#2042,10.0000000000077);
#240=VECTOR('',#2045,10.0000000000077);
#241=VECTOR('',#2046,10.0000000000077);
#242=VECTOR('',#2049,10.0000000000077);
#243=VECTOR('',#2050,10.0000000000077);
#244=VECTOR('',#2053,10.0000000000077);
#245=VECTOR('',#2054,10.0000000000077);
#246=VECTOR('',#2057,10.0000000000077);
#247=VECTOR('',#2058,10.0000000000077);
#248=VECTOR('',#2061,10.0000000000077);
#249=VECTOR('',#2062,10.0000000000077);
#250=VECTOR('',#2065,10.0000000000077);
#251=VECTOR('',#2066,10.0000000000077);
#252=VECTOR('',#2069,10.0000000000077);
#253=VECTOR('',#2072,10.0000000000077);
#254=VECTOR('',#2073,10.0000000000077);
#255=VECTOR('',#2074,10.0000000000077);
#256=VECTOR('',#2077,10.0000000000077);
#257=VECTOR('',#2078,10.0000000000077);
#258=VECTOR('',#2081,10.0000000000077);
#259=VECTOR('',#2082,10.0000000000077);
#260=VECTOR('',#2083,10.0000000000077);
#261=VECTOR('',#2086,10.0000000000077);
#262=VECTOR('',#2087,10.0000000000077);
#263=VECTOR('',#2090,10.0000000000077);
#264=VECTOR('',#2091,10.0000000000077);
#265=VECTOR('',#2092,10.0000000000077);
#266=VECTOR('',#2095,10.0000000000077);
#267=VECTOR('',#2096,10.0000000000077);
#268=VECTOR('',#2099,10.0000000000077);
#269=VECTOR('',#2100,10.0000000000077);
#270=VECTOR('',#2101,10.0000000000077);
#271=VECTOR('',#2104,10.0000000000077);
#272=VECTOR('',#2105,10.0000000000077);
#273=VECTOR('',#2108,10.0000000000077);
#274=VECTOR('',#2109,10.0000000000077);
#275=VECTOR('',#2110,10.0000000000077);
#276=VECTOR('',#2113,10.0000000000077);
#277=VECTOR('',#2114,10.0000000000077);
#278=VECTOR('',#2117,10.0000000000077);
#279=VECTOR('',#2118,10.0000000000077);
#280=VECTOR('',#2119,10.0000000000077);
#281=VECTOR('',#2122,10.0000000000077);
#282=VECTOR('',#2123,10.0000000000077);
#283=VECTOR('',#2126,10.0000000000077);
#284=VECTOR('',#2127,10.0000000000077);
#285=VECTOR('',#2128,10.0000000000077);
#286=VECTOR('',#2131,10.0000000000077);
#287=VECTOR('',#2132,10.0000000000077);
#288=VECTOR('',#2135,10.0000000000077);
#289=VECTOR('',#2136,10.0000000000077);
#290=VECTOR('',#2137,10.0000000000077);
#291=VECTOR('',#2154,10.0000000000077);
#292=VECTOR('',#2157,10.0000000000077);
#293=VECTOR('',#2158,10.0000000000077);
#294=VECTOR('',#2161,10.0000000000077);
#295=VECTOR('',#2162,10.0000000000077);
#296=VECTOR('',#2165,10.0000000000077);
#297=VECTOR('',#2166,10.0000000000077);
#298=VECTOR('',#2169,10.0000000000077);
#299=VECTOR('',#2172,10.0000000000077);
#300=VECTOR('',#2173,10.0000000000077);
#301=VECTOR('',#2176,10.0000000000077);
#302=VECTOR('',#2177,10.0000000000077);
#303=VECTOR('',#2178,10.0000000000077);
#304=VECTOR('',#2181,10.0000000000077);
#305=VECTOR('',#2184,10.0000000000077);
#306=VECTOR('',#2185,10.0000000000077);
#307=VECTOR('',#2188,10.0000000000077);
#308=VECTOR('',#2189,10.0000000000077);
#309=VECTOR('',#2192,10.0000000000077);
#310=VECTOR('',#2193,10.0000000000077);
#311=VECTOR('',#2196,10.0000000000077);
#312=VECTOR('',#2201,10.0000000000077);
#313=VECTOR('',#2206,7.05000000000545);
#314=VECTOR('',#2209,10.0000000000077);
#315=VECTOR('',#2210,10.0000000000077);
#316=VECTOR('',#2213,10.0000000000077);
#317=VECTOR('',#2218,10.0000000000077);
#318=VECTOR('',#2221,10.0000000000077);
#319=VECTOR('',#2222,10.0000000000077);
#320=VECTOR('',#2225,10.0000000000077);
#321=VECTOR('',#2230,10.0000000000077);
#322=VECTOR('',#2233,10.0000000000077);
#323=VECTOR('',#2234,10.0000000000077);
#324=VECTOR('',#2237,10.0000000000077);
#325=VECTOR('',#2242,10.0000000000077);
#326=VECTOR('',#2245,10.0000000000077);
#327=VECTOR('',#2246,10.0000000000077);
#328=VECTOR('',#2249,10.0000000000077);
#329=VECTOR('',#2254,10.0000000000077);
#330=VECTOR('',#2257,10.0000000000077);
#331=VECTOR('',#2258,10.0000000000077);
#332=VECTOR('',#2261,10.0000000000077);
#333=VECTOR('',#2266,10.0000000000077);
#334=VECTOR('',#2269,10.0000000000077);
#335=VECTOR('',#2270,10.0000000000077);
#336=VECTOR('',#2273,10.0000000000077);
#337=VECTOR('',#2278,10.0000000000077);
#338=VECTOR('',#2281,10.0000000000077);
#339=VECTOR('',#2282,10.0000000000077);
#340=VECTOR('',#2285,10.0000000000077);
#341=VECTOR('',#2290,10.0000000000077);
#342=VECTOR('',#2293,10.0000000000077);
#343=VECTOR('',#2294,10.0000000000077);
#344=VECTOR('',#2297,10.0000000000077);
#345=VECTOR('',#2302,10.0000000000077);
#346=VECTOR('',#2305,10.0000000000077);
#347=VECTOR('',#2306,10.0000000000077);
#348=VECTOR('',#2309,10.0000000000077);
#349=VECTOR('',#2314,10.0000000000077);
#350=VECTOR('',#2317,10.0000000000077);
#351=VECTOR('',#2318,10.0000000000077);
#352=VECTOR('',#2321,10.0000000000077);
#353=VECTOR('',#2326,10.0000000000077);
#354=VECTOR('',#2411,6.00000000000464);
#355=CONICAL_SURFACE('',#1749,15.500000000012,0.785398163397448);
#356=CONICAL_SURFACE('',#1880,17.282842712488,0.785398163397448);
#357=CONICAL_SURFACE('',#1882,17.282842712488,0.785398163397448);
#358=CONICAL_SURFACE('',#1884,17.282842712488,0.785398163397448);
#359=CONICAL_SURFACE('',#1886,17.282842712488,0.785398163397448);
#360=CONICAL_SURFACE('',#1888,17.282842712488,0.785398163397448);
#361=CONICAL_SURFACE('',#1890,17.282842712488,0.785398163397448);
#362=CONICAL_SURFACE('',#1892,17.282842712488,0.785398163397448);
#363=CONICAL_SURFACE('',#1894,17.282842712488,0.785398163397448);
#364=CONICAL_SURFACE('',#1896,17.282842712488,0.785398163397449);
#365=CONICAL_SURFACE('',#1898,17.282842712488,0.785398163397449);
#366=CONICAL_SURFACE('',#1900,17.282842712488,0.785398163397449);
#367=CONICAL_SURFACE('',#1902,17.282842712488,0.785398163397449);
#368=CONICAL_SURFACE('',#1904,17.282842712488,0.785398163397449);
#369=CONICAL_SURFACE('',#1906,17.282842712488,0.785398163397449);
#370=CONICAL_SURFACE('',#1908,17.282842712488,0.785398163397449);
#371=CONICAL_SURFACE('',#1917,17.282842712488,0.785398163397449);
#372=FACE_BOUND('',#474,.T.);
#373=FACE_BOUND('',#487,.T.);
#374=FACE_BOUND('',#504,.T.);
#375=FACE_BOUND('',#505,.T.);
#376=FACE_BOUND('',#506,.T.);
#377=FACE_BOUND('',#507,.T.);
#378=FACE_BOUND('',#508,.T.);
#379=FACE_BOUND('',#509,.T.);
#380=FACE_BOUND('',#510,.T.);
#381=FACE_BOUND('',#511,.T.);
#382=FACE_BOUND('',#512,.T.);
#383=FACE_BOUND('',#513,.T.);
#384=FACE_BOUND('',#514,.T.);
#385=FACE_BOUND('',#548,.T.);
#386=FACE_OUTER_BOUND('',#473,.T.);
#387=FACE_OUTER_BOUND('',#475,.T.);
#388=FACE_OUTER_BOUND('',#476,.T.);
#389=FACE_OUTER_BOUND('',#477,.T.);
#390=FACE_OUTER_BOUND('',#478,.T.);
#391=FACE_OUTER_BOUND('',#479,.T.);
#392=FACE_OUTER_BOUND('',#480,.T.);
#393=FACE_OUTER_BOUND('',#481,.T.);
#394=FACE_OUTER_BOUND('',#482,.T.);
#395=FACE_OUTER_BOUND('',#483,.T.);
#396=FACE_OUTER_BOUND('',#484,.T.);
#397=FACE_OUTER_BOUND('',#485,.T.);
#398=FACE_OUTER_BOUND('',#486,.T.);
#399=FACE_OUTER_BOUND('',#488,.T.);
#400=FACE_OUTER_BOUND('',#489,.T.);
#401=FACE_OUTER_BOUND('',#490,.T.);
#402=FACE_OUTER_BOUND('',#491,.T.);
#403=FACE_OUTER_BOUND('',#492,.T.);
#404=FACE_OUTER_BOUND('',#493,.T.);
#405=FACE_OUTER_BOUND('',#494,.T.);
#406=FACE_OUTER_BOUND('',#495,.T.);
#407=FACE_OUTER_BOUND('',#496,.T.);
#408=FACE_OUTER_BOUND('',#497,.T.);
#409=FACE_OUTER_BOUND('',#498,.T.);
#410=FACE_OUTER_BOUND('',#499,.T.);
#411=FACE_OUTER_BOUND('',#500,.T.);
#412=FACE_OUTER_BOUND('',#501,.T.);
#413=FACE_OUTER_BOUND('',#502,.T.);
#414=FACE_OUTER_BOUND('',#503,.T.);
#415=FACE_OUTER_BOUND('',#515,.T.);
#416=FACE_OUTER_BOUND('',#516,.T.);
#417=FACE_OUTER_BOUND('',#517,.T.);
#418=FACE_OUTER_BOUND('',#518,.T.);
#419=FACE_OUTER_BOUND('',#519,.T.);
#420=FACE_OUTER_BOUND('',#520,.T.);
#421=FACE_OUTER_BOUND('',#521,.T.);
#422=FACE_OUTER_BOUND('',#522,.T.);
#423=FACE_OUTER_BOUND('',#523,.T.);
#424=FACE_OUTER_BOUND('',#524,.T.);
#425=FACE_OUTER_BOUND('',#525,.T.);
#426=FACE_OUTER_BOUND('',#526,.T.);
#427=FACE_OUTER_BOUND('',#527,.T.);
#428=FACE_OUTER_BOUND('',#528,.T.);
#429=FACE_OUTER_BOUND('',#529,.T.);
#430=FACE_OUTER_BOUND('',#530,.T.);
#431=FACE_OUTER_BOUND('',#531,.T.);
#432=FACE_OUTER_BOUND('',#532,.T.);
#433=FACE_OUTER_BOUND('',#533,.T.);
#434=FACE_OUTER_BOUND('',#534,.T.);
#435=FACE_OUTER_BOUND('',#535,.T.);
#436=FACE_OUTER_BOUND('',#536,.T.);
#437=FACE_OUTER_BOUND('',#537,.T.);
#438=FACE_OUTER_BOUND('',#538,.T.);
#439=FACE_OUTER_BOUND('',#539,.T.);
#440=FACE_OUTER_BOUND('',#540,.T.);
#441=FACE_OUTER_BOUND('',#541,.T.);
#442=FACE_OUTER_BOUND('',#542,.T.);
#443=FACE_OUTER_BOUND('',#543,.T.);
#444=FACE_OUTER_BOUND('',#544,.T.);
#445=FACE_OUTER_BOUND('',#545,.T.);
#446=FACE_OUTER_BOUND('',#546,.T.);
#447=FACE_OUTER_BOUND('',#547,.T.);
#448=FACE_OUTER_BOUND('',#549,.T.);
#449=FACE_OUTER_BOUND('',#550,.T.);
#450=FACE_OUTER_BOUND('',#551,.T.);
#451=FACE_OUTER_BOUND('',#552,.T.);
#452=FACE_OUTER_BOUND('',#553,.T.);
#453=FACE_OUTER_BOUND('',#554,.T.);
#454=FACE_OUTER_BOUND('',#555,.T.);
#455=FACE_OUTER_BOUND('',#556,.T.);
#456=FACE_OUTER_BOUND('',#557,.T.);
#457=FACE_OUTER_BOUND('',#558,.T.);
#458=FACE_OUTER_BOUND('',#559,.T.);
#459=FACE_OUTER_BOUND('',#560,.T.);
#460=FACE_OUTER_BOUND('',#561,.T.);
#461=FACE_OUTER_BOUND('',#562,.T.);
#462=FACE_OUTER_BOUND('',#563,.T.);
#463=FACE_OUTER_BOUND('',#564,.T.);
#464=FACE_OUTER_BOUND('',#565,.T.);
#465=FACE_OUTER_BOUND('',#566,.T.);
#466=FACE_OUTER_BOUND('',#567,.T.);
#467=FACE_OUTER_BOUND('',#568,.T.);
#468=FACE_OUTER_BOUND('',#569,.T.);
#469=FACE_OUTER_BOUND('',#570,.T.);
#470=FACE_OUTER_BOUND('',#571,.T.);
#471=FACE_OUTER_BOUND('',#572,.T.);
#472=FACE_OUTER_BOUND('',#573,.T.);
#473=EDGE_LOOP('',(#1087));
#474=EDGE_LOOP('',(#1088));
#475=EDGE_LOOP('',(#1089,#1090,#1091,#1092,#1093,#1094,#1095,#1096,#1097,
#1098,#1099,#1100,#1101,#1102,#1103,#1104,#1105,#1106,#1107,#1108,#1109,
#1110,#1111,#1112));
#476=EDGE_LOOP('',(#1113,#1114,#1115,#1116));
#477=EDGE_LOOP('',(#1117,#1118,#1119,#1120));
#478=EDGE_LOOP('',(#1121,#1122,#1123,#1124));
#479=EDGE_LOOP('',(#1125,#1126,#1127,#1128));
#480=EDGE_LOOP('',(#1129,#1130,#1131,#1132,#1133));
#481=EDGE_LOOP('',(#1134,#1135,#1136,#1137));
#482=EDGE_LOOP('',(#1138,#1139,#1140,#1141));
#483=EDGE_LOOP('',(#1142,#1143,#1144,#1145));
#484=EDGE_LOOP('',(#1146,#1147,#1148,#1149));
#485=EDGE_LOOP('',(#1150,#1151,#1152,#1153));
#486=EDGE_LOOP('',(#1154,#1155,#1156,#1157,#1158,#1159,#1160,#1161,#1162,
#1163,#1164,#1165,#1166,#1167,#1168,#1169,#1170,#1171,#1172,#1173,#1174,
#1175,#1176,#1177));
#487=EDGE_LOOP('',(#1178));
#488=EDGE_LOOP('',(#1179,#1180,#1181,#1182,#1183,#1184));
#489=EDGE_LOOP('',(#1185,#1186,#1187,#1188,#1189,#1190));
#490=EDGE_LOOP('',(#1191,#1192,#1193,#1194,#1195,#1196));
#491=EDGE_LOOP('',(#1197,#1198,#1199,#1200,#1201,#1202));
#492=EDGE_LOOP('',(#1203,#1204,#1205,#1206,#1207,#1208));
#493=EDGE_LOOP('',(#1209,#1210,#1211,#1212,#1213,#1214));
#494=EDGE_LOOP('',(#1215,#1216,#1217,#1218,#1219,#1220));
#495=EDGE_LOOP('',(#1221,#1222,#1223,#1224,#1225,#1226));
#496=EDGE_LOOP('',(#1227,#1228,#1229,#1230,#1231,#1232));
#497=EDGE_LOOP('',(#1233,#1234,#1235,#1236,#1237,#1238));
#498=EDGE_LOOP('',(#1239,#1240,#1241,#1242,#1243,#1244));
#499=EDGE_LOOP('',(#1245,#1246,#1247,#1248,#1249,#1250));
#500=EDGE_LOOP('',(#1251,#1252,#1253,#1254,#1255,#1256));
#501=EDGE_LOOP('',(#1257,#1258,#1259,#1260,#1261,#1262));
#502=EDGE_LOOP('',(#1263,#1264,#1265,#1266,#1267,#1268));
#503=EDGE_LOOP('',(#1269,#1270,#1271,#1272,#1273,#1274,#1275,#1276,#1277,
#1278,#1279,#1280,#1281,#1282,#1283,#1284,#1285,#1286,#1287,#1288,#1289,
#1290,#1291,#1292));
#504=EDGE_LOOP('',(#1293,#1294,#1295,#1296));
#505=EDGE_LOOP('',(#1297,#1298,#1299,#1300));
#506=EDGE_LOOP('',(#1301,#1302,#1303,#1304));
#507=EDGE_LOOP('',(#1305,#1306,#1307,#1308));
#508=EDGE_LOOP('',(#1309,#1310,#1311,#1312));
#509=EDGE_LOOP('',(#1313,#1314,#1315,#1316));
#510=EDGE_LOOP('',(#1317,#1318,#1319,#1320));
#511=EDGE_LOOP('',(#1321,#1322,#1323,#1324));
#512=EDGE_LOOP('',(#1325,#1326,#1327,#1328));
#513=EDGE_LOOP('',(#1329,#1330,#1331,#1332));
#514=EDGE_LOOP('',(#1333));
#515=EDGE_LOOP('',(#1334,#1335,#1336,#1337,#1338,#1339));
#516=EDGE_LOOP('',(#1340,#1341,#1342,#1343));
#517=EDGE_LOOP('',(#1344,#1345,#1346,#1347));
#518=EDGE_LOOP('',(#1348,#1349,#1350,#1351));
#519=EDGE_LOOP('',(#1352,#1353,#1354,#1355));
#520=EDGE_LOOP('',(#1356,#1357,#1358,#1359));
#521=EDGE_LOOP('',(#1360,#1361,#1362,#1363));
#522=EDGE_LOOP('',(#1364,#1365,#1366,#1367));
#523=EDGE_LOOP('',(#1368,#1369,#1370,#1371));
#524=EDGE_LOOP('',(#1372,#1373,#1374,#1375));
#525=EDGE_LOOP('',(#1376,#1377,#1378,#1379));
#526=EDGE_LOOP('',(#1380,#1381,#1382,#1383));
#527=EDGE_LOOP('',(#1384,#1385,#1386,#1387));
#528=EDGE_LOOP('',(#1388,#1389,#1390,#1391));
#529=EDGE_LOOP('',(#1392,#1393,#1394,#1395));
#530=EDGE_LOOP('',(#1396,#1397,#1398,#1399));
#531=EDGE_LOOP('',(#1400,#1401,#1402,#1403));
#532=EDGE_LOOP('',(#1404,#1405,#1406,#1407));
#533=EDGE_LOOP('',(#1408,#1409,#1410,#1411));
#534=EDGE_LOOP('',(#1412,#1413,#1414,#1415));
#535=EDGE_LOOP('',(#1416,#1417,#1418,#1419));
#536=EDGE_LOOP('',(#1420,#1421,#1422,#1423));
#537=EDGE_LOOP('',(#1424,#1425,#1426,#1427));
#538=EDGE_LOOP('',(#1428,#1429,#1430,#1431));
#539=EDGE_LOOP('',(#1432,#1433,#1434,#1435));
#540=EDGE_LOOP('',(#1436,#1437,#1438,#1439));
#541=EDGE_LOOP('',(#1440,#1441,#1442,#1443));
#542=EDGE_LOOP('',(#1444,#1445,#1446,#1447));
#543=EDGE_LOOP('',(#1448,#1449,#1450,#1451));
#544=EDGE_LOOP('',(#1452,#1453,#1454,#1455));
#545=EDGE_LOOP('',(#1456,#1457,#1458,#1459));
#546=EDGE_LOOP('',(#1460,#1461,#1462,#1463));
#547=EDGE_LOOP('',(#1464,#1465,#1466,#1467,#1468,#1469,#1470,#1471,#1472,
#1473,#1474,#1475,#1476,#1477,#1478,#1479,#1480,#1481,#1482,#1483,#1484,
#1485,#1486,#1487,#1488,#1489,#1490,#1491,#1492,#1493,#1494,#1495,#1496,
#1497,#1498,#1499,#1500,#1501,#1502,#1503));
#548=EDGE_LOOP('',(#1504));
#549=EDGE_LOOP('',(#1505,#1506,#1507,#1508));
#550=EDGE_LOOP('',(#1509,#1510,#1511,#1512));
#551=EDGE_LOOP('',(#1513,#1514,#1515,#1516));
#552=EDGE_LOOP('',(#1517,#1518,#1519,#1520));
#553=EDGE_LOOP('',(#1521,#1522,#1523,#1524));
#554=EDGE_LOOP('',(#1525,#1526,#1527,#1528));
#555=EDGE_LOOP('',(#1529,#1530,#1531,#1532));
#556=EDGE_LOOP('',(#1533,#1534,#1535,#1536));
#557=EDGE_LOOP('',(#1537,#1538,#1539,#1540));
#558=EDGE_LOOP('',(#1541,#1542,#1543,#1544));
#559=EDGE_LOOP('',(#1545,#1546,#1547,#1548));
#560=EDGE_LOOP('',(#1549,#1550,#1551,#1552));
#561=EDGE_LOOP('',(#1553,#1554,#1555,#1556));
#562=EDGE_LOOP('',(#1557,#1558,#1559,#1560));
#563=EDGE_LOOP('',(#1561,#1562,#1563,#1564));
#564=EDGE_LOOP('',(#1565,#1566,#1567,#1568));
#565=EDGE_LOOP('',(#1569,#1570,#1571,#1572));
#566=EDGE_LOOP('',(#1573,#1574,#1575,#1576));
#567=EDGE_LOOP('',(#1577,#1578,#1579,#1580));
#568=EDGE_LOOP('',(#1581,#1582,#1583,#1584));
#569=EDGE_LOOP('',(#1585,#1586,#1587,#1588));
#570=EDGE_LOOP('',(#1589,#1590,#1591,#1592));
#571=EDGE_LOOP('',(#1593,#1594,#1595,#1596));
#572=EDGE_LOOP('',(#1597,#1598,#1599,#1600));
#573=EDGE_LOOP('',(#1601,#1602,#1603,#1604));
#574=CIRCLE('',#1747,7.05000000000545);
#575=CIRCLE('',#1748,6.00000000000464);
#576=CIRCLE('',#1750,15.0000000000116);
#577=CIRCLE('',#1751,16.0000000000124);
#578=CIRCLE('',#1752,15.0000000000116);
#579=CIRCLE('',#1753,15.0000000000116);
#580=CIRCLE('',#1754,15.0000000000116);
#581=CIRCLE('',#1755,15.0000000000116);
#582=CIRCLE('',#1756,15.0000000000116);
#583=CIRCLE('',#1757,15.0000000000116);
#584=CIRCLE('',#1758,15.0000000000116);
#585=CIRCLE('',#1759,15.0000000000116);
#586=CIRCLE('',#1760,15.0000000000116);
#587=CIRCLE('',#1761,15.0000000000116);
#588=CIRCLE('',#1762,15.0000000000116);
#589=CIRCLE('',#1763,15.0000000000116);
#590=CIRCLE('',#1764,15.0000000000116);
#591=CIRCLE('',#1765,15.0000000000116);
#592=CIRCLE('',#1766,15.0000000000116);
#593=CIRCLE('',#1767,15.0000000000116);
#594=CIRCLE('',#1768,15.0000000000116);
#595=CIRCLE('',#1769,15.0000000000116);
#596=CIRCLE('',#1770,15.0000000000116);
#597=CIRCLE('',#1771,15.0000000000116);
#598=CIRCLE('',#1773,15.0000000000116);
#599=CIRCLE('',#1775,15.0000000000116);
#600=CIRCLE('',#1777,15.0000000000116);
#601=CIRCLE('',#1779,15.0000000000116);
#602=CIRCLE('',#1781,15.0000000000116);
#603=CIRCLE('',#1783,15.0000000000116);
#604=CIRCLE('',#1785,15.0000000000116);
#605=CIRCLE('',#1787,15.0000000000116);
#606=CIRCLE('',#1789,15.0000000000116);
#607=CIRCLE('',#1791,15.0000000000116);
#608=CIRCLE('',#1793,17.0656854249624);
#609=CIRCLE('',#1794,17.0656854249624);
#610=CIRCLE('',#1795,17.0656854249624);
#611=CIRCLE('',#1796,17.0656854249624);
#612=CIRCLE('',#1797,17.0656854249624);
#613=CIRCLE('',#1798,17.0656854249624);
#614=CIRCLE('',#1799,17.0656854249624);
#615=CIRCLE('',#1800,17.0656854249624);
#616=CIRCLE('',#1817,17.0656854249624);
#617=CIRCLE('',#1818,17.0656854249624);
#618=CIRCLE('',#1819,17.0656854249624);
#619=CIRCLE('',#1820,17.0656854249624);
#620=CIRCLE('',#1821,17.0656854249624);
#621=CIRCLE('',#1822,17.0656854249624);
#622=CIRCLE('',#1823,17.0656854249624);
#623=CIRCLE('',#1824,17.0656854249624);
#624=CIRCLE('',#1825,8.50000000000655);
#625=CIRCLE('',#1826,8.50000000000655);
#626=CIRCLE('',#1827,8.50000000000655);
#627=CIRCLE('',#1828,8.50000000000655);
#628=CIRCLE('',#1829,8.50000000000655);
#629=CIRCLE('',#1830,8.50000000000655);
#630=CIRCLE('',#1831,8.50000000000655);
#631=CIRCLE('',#1832,8.50000000000655);
#632=CIRCLE('',#1833,8.50000000000655);
#633=CIRCLE('',#1834,8.50000000000655);
#634=CIRCLE('',#1835,6.00000000000464);
#635=CIRCLE('',#1838,7.05000000000545);
#636=CIRCLE('',#1841,8.50000000000655);
#637=CIRCLE('',#1845,8.50000000000655);
#638=CIRCLE('',#1849,8.50000000000655);
#639=CIRCLE('',#1853,8.50000000000655);
#640=CIRCLE('',#1857,8.50000000000655);
#641=CIRCLE('',#1861,8.50000000000655);
#642=CIRCLE('',#1865,8.50000000000655);
#643=CIRCLE('',#1869,8.50000000000655);
#644=CIRCLE('',#1873,8.50000000000655);
#645=CIRCLE('',#1877,8.50000000000655);
#646=CIRCLE('',#1881,17.5000000000135);
#647=CIRCLE('',#1883,17.5000000000135);
#648=CIRCLE('',#1885,17.5000000000135);
#649=CIRCLE('',#1887,17.5000000000135);
#650=CIRCLE('',#1889,17.5000000000135);
#651=CIRCLE('',#1891,17.5000000000135);
#652=CIRCLE('',#1893,17.5000000000135);
#653=CIRCLE('',#1895,17.5000000000135);
#654=CIRCLE('',#1897,17.5000000000135);
#655=CIRCLE('',#1899,17.5000000000135);
#656=CIRCLE('',#1901,17.5000000000135);
#657=CIRCLE('',#1903,17.5000000000135);
#658=CIRCLE('',#1905,17.5000000000135);
#659=CIRCLE('',#1907,17.5000000000135);
#660=CIRCLE('',#1909,17.5000000000135);
#661=CIRCLE('',#1918,17.5000000000135);
#662=VERTEX_POINT('',#2414);
#663=VERTEX_POINT('',#2416);
#664=VERTEX_POINT('',#2419);
#665=VERTEX_POINT('',#2420);
#666=VERTEX_POINT('',#2422);
#667=VERTEX_POINT('',#2425);
#668=VERTEX_POINT('',#2427);
#669=VERTEX_POINT('',#2429);
#670=VERTEX_POINT('',#2431);
#671=VERTEX_POINT('',#2433);
#672=VERTEX_POINT('',#2435);
#673=VERTEX_POINT('',#2437);
#674=VERTEX_POINT('',#2439);
#675=VERTEX_POINT('',#2441);
#676=VERTEX_POINT('',#2443);
#677=VERTEX_POINT('',#2445);
#678=VERTEX_POINT('',#2447);
#679=VERTEX_POINT('',#2449);
#680=VERTEX_POINT('',#2451);
#681=VERTEX_POINT('',#2453);
#682=VERTEX_POINT('',#2455);
#683=VERTEX_POINT('',#2457);
#684=VERTEX_POINT('',#2459);
#685=VERTEX_POINT('',#2461);
#686=VERTEX_POINT('',#2465);
#687=VERTEX_POINT('',#2467);
#688=VERTEX_POINT('',#2471);
#689=VERTEX_POINT('',#2473);
#690=VERTEX_POINT('',#2477);
#691=VERTEX_POINT('',#2479);
#692=VERTEX_POINT('',#2483);
#693=VERTEX_POINT('',#2485);
#694=VERTEX_POINT('',#2489);
#695=VERTEX_POINT('',#2491);
#696=VERTEX_POINT('',#2495);
#697=VERTEX_POINT('',#2497);
#698=VERTEX_POINT('',#2501);
#699=VERTEX_POINT('',#2503);
#700=VERTEX_POINT('',#2507);
#701=VERTEX_POINT('',#2509);
#702=VERTEX_POINT('',#2513);
#703=VERTEX_POINT('',#2515);
#704=VERTEX_POINT('',#2519);
#705=VERTEX_POINT('',#2521);
#706=VERTEX_POINT('',#2525);
#707=VERTEX_POINT('',#2526);
#708=VERTEX_POINT('',#2528);
#709=VERTEX_POINT('',#2530);
#710=VERTEX_POINT('',#2532);
#711=VERTEX_POINT('',#2534);
#712=VERTEX_POINT('',#2536);
#713=VERTEX_POINT('',#2538);
#714=VERTEX_POINT('',#2540);
#715=VERTEX_POINT('',#2542);
#716=VERTEX_POINT('',#2544);
#717=VERTEX_POINT('',#2546);
#718=VERTEX_POINT('',#2548);
#719=VERTEX_POINT('',#2550);
#720=VERTEX_POINT('',#2552);
#721=VERTEX_POINT('',#2554);
#722=VERTEX_POINT('',#2556);
#723=VERTEX_POINT('',#2558);
#724=VERTEX_POINT('',#2560);
#725=VERTEX_POINT('',#2562);
#726=VERTEX_POINT('',#2564);
#727=VERTEX_POINT('',#2566);
#728=VERTEX_POINT('',#2568);
#729=VERTEX_POINT('',#2570);
#730=VERTEX_POINT('',#2574);
#731=VERTEX_POINT('',#2576);
#732=VERTEX_POINT('',#2578);
#733=VERTEX_POINT('',#2582);
#734=VERTEX_POINT('',#2588);
#735=VERTEX_POINT('',#2592);
#736=VERTEX_POINT('',#2594);
#737=VERTEX_POINT('',#2600);
#738=VERTEX_POINT('',#2602);
#739=VERTEX_POINT('',#2604);
#740=VERTEX_POINT('',#2608);
#741=VERTEX_POINT('',#2614);
#742=VERTEX_POINT('',#2618);
#743=VERTEX_POINT('',#2620);
#744=VERTEX_POINT('',#2626);
#745=VERTEX_POINT('',#2628);
#746=VERTEX_POINT('',#2630);
#747=VERTEX_POINT('',#2634);
#748=VERTEX_POINT('',#2640);
#749=VERTEX_POINT('',#2644);
#750=VERTEX_POINT('',#2646);
#751=VERTEX_POINT('',#2652);
#752=VERTEX_POINT('',#2654);
#753=VERTEX_POINT('',#2656);
#754=VERTEX_POINT('',#2660);
#755=VERTEX_POINT('',#2666);
#756=VERTEX_POINT('',#2670);
#757=VERTEX_POINT('',#2672);
#758=VERTEX_POINT('',#2678);
#759=VERTEX_POINT('',#2680);
#760=VERTEX_POINT('',#2682);
#761=VERTEX_POINT('',#2686);
#762=VERTEX_POINT('',#2692);
#763=VERTEX_POINT('',#2696);
#764=VERTEX_POINT('',#2698);
#765=VERTEX_POINT('',#2704);
#766=VERTEX_POINT('',#2706);
#767=VERTEX_POINT('',#2708);
#768=VERTEX_POINT('',#2712);
#769=VERTEX_POINT('',#2718);
#770=VERTEX_POINT('',#2722);
#771=VERTEX_POINT('',#2724);
#772=VERTEX_POINT('',#2730);
#773=VERTEX_POINT('',#2732);
#774=VERTEX_POINT('',#2734);
#775=VERTEX_POINT('',#2738);
#776=VERTEX_POINT('',#2744);
#777=VERTEX_POINT('',#2748);
#778=VERTEX_POINT('',#2750);
#779=VERTEX_POINT('',#2756);
#780=VERTEX_POINT('',#2760);
#781=VERTEX_POINT('',#2762);
#782=VERTEX_POINT('',#2766);
#783=VERTEX_POINT('',#2776);
#784=VERTEX_POINT('',#2780);
#785=VERTEX_POINT('',#2782);
#786=VERTEX_POINT('',#2785);
#787=VERTEX_POINT('',#2787);
#788=VERTEX_POINT('',#2790);
#789=VERTEX_POINT('',#2792);
#790=VERTEX_POINT('',#2795);
#791=VERTEX_POINT('',#2797);
#792=VERTEX_POINT('',#2800);
#793=VERTEX_POINT('',#2802);
#794=VERTEX_POINT('',#2805);
#795=VERTEX_POINT('',#2807);
#796=VERTEX_POINT('',#2810);
#797=VERTEX_POINT('',#2812);
#798=VERTEX_POINT('',#2815);
#799=VERTEX_POINT('',#2817);
#800=VERTEX_POINT('',#2820);
#801=VERTEX_POINT('',#2822);
#802=VERTEX_POINT('',#2825);
#803=VERTEX_POINT('',#2827);
#804=VERTEX_POINT('',#2830);
#805=VERTEX_POINT('',#2833);
#806=VERTEX_POINT('',#2837);
#807=VERTEX_POINT('',#2843);
#808=VERTEX_POINT('',#2847);
#809=VERTEX_POINT('',#2851);
#810=VERTEX_POINT('',#2857);
#811=VERTEX_POINT('',#2861);
#812=VERTEX_POINT('',#2867);
#813=VERTEX_POINT('',#2871);
#814=VERTEX_POINT('',#2877);
#815=VERTEX_POINT('',#2881);
#816=VERTEX_POINT('',#2887);
#817=VERTEX_POINT('',#2891);
#818=VERTEX_POINT('',#2897);
#819=VERTEX_POINT('',#2901);
#820=VERTEX_POINT('',#2907);
#821=VERTEX_POINT('',#2911);
#822=VERTEX_POINT('',#2917);
#823=VERTEX_POINT('',#2921);
#824=VERTEX_POINT('',#2927);
#825=VERTEX_POINT('',#2931);
#826=VERTEX_POINT('',#2937);
#827=VERTEX_POINT('',#2941);
#828=EDGE_CURVE('',#662,#662,#574,.T.);
#829=EDGE_CURVE('',#663,#663,#575,.T.);
#830=EDGE_CURVE('',#664,#665,#576,.T.);
#831=EDGE_CURVE('',#665,#666,#77,.T.);
#832=EDGE_CURVE('',#666,#666,#577,.T.);
#833=EDGE_CURVE('',#665,#667,#578,.T.);
#834=EDGE_CURVE('',#668,#667,#579,.F.);
#835=EDGE_CURVE('',#668,#669,#580,.T.);
#836=EDGE_CURVE('',#670,#669,#581,.F.);
#837=EDGE_CURVE('',#670,#671,#582,.T.);
#838=EDGE_CURVE('',#672,#671,#583,.F.);
#839=EDGE_CURVE('',#672,#673,#584,.T.);
#840=EDGE_CURVE('',#674,#673,#585,.F.);
#841=EDGE_CURVE('',#674,#675,#586,.T.);
#842=EDGE_CURVE('',#676,#675,#587,.F.);
#843=EDGE_CURVE('',#676,#677,#588,.T.);
#844=EDGE_CURVE('',#678,#677,#589,.F.);
#845=EDGE_CURVE('',#678,#679,#590,.T.);
#846=EDGE_CURVE('',#680,#679,#591,.F.);
#847=EDGE_CURVE('',#680,#681,#592,.T.);
#848=EDGE_CURVE('',#682,#681,#593,.F.);
#849=EDGE_CURVE('',#682,#683,#594,.T.);
#850=EDGE_CURVE('',#684,#683,#595,.F.);
#851=EDGE_CURVE('',#684,#685,#596,.T.);
#852=EDGE_CURVE('',#664,#685,#597,.F.);
#853=EDGE_CURVE('',#686,#674,#78,.T.);
#854=EDGE_CURVE('',#687,#686,#598,.T.);
#855=EDGE_CURVE('',#687,#675,#79,.F.);
#856=EDGE_CURVE('',#688,#672,#80,.T.);
#857=EDGE_CURVE('',#689,#688,#599,.T.);
#858=EDGE_CURVE('',#689,#673,#81,.F.);
#859=EDGE_CURVE('',#690,#670,#82,.T.);
#860=EDGE_CURVE('',#691,#690,#600,.T.);
#861=EDGE_CURVE('',#691,#671,#83,.F.);
#862=EDGE_CURVE('',#692,#668,#84,.T.);
#863=EDGE_CURVE('',#693,#692,#601,.T.);
#864=EDGE_CURVE('',#693,#669,#85,.F.);
#865=EDGE_CURVE('',#694,#664,#86,.T.);
#866=EDGE_CURVE('',#695,#694,#602,.T.);
#867=EDGE_CURVE('',#695,#667,#87,.F.);
#868=EDGE_CURVE('',#696,#684,#88,.T.);
#869=EDGE_CURVE('',#697,#696,#603,.T.);
#870=EDGE_CURVE('',#697,#685,#89,.F.);
#871=EDGE_CURVE('',#698,#682,#90,.T.);
#872=EDGE_CURVE('',#699,#698,#604,.T.);
#873=EDGE_CURVE('',#699,#683,#91,.F.);
#874=EDGE_CURVE('',#700,#680,#92,.T.);
#875=EDGE_CURVE('',#701,#700,#605,.T.);
#876=EDGE_CURVE('',#701,#681,#93,.F.);
#877=EDGE_CURVE('',#702,#678,#94,.T.);
#878=EDGE_CURVE('',#703,#702,#606,.T.);
#879=EDGE_CURVE('',#703,#679,#95,.F.);
#880=EDGE_CURVE('',#704,#676,#96,.T.);
#881=EDGE_CURVE('',#705,#704,#607,.T.);
#882=EDGE_CURVE('',#705,#677,#97,.F.);
#883=EDGE_CURVE('',#706,#707,#98,.T.);
#884=EDGE_CURVE('',#708,#707,#608,.F.);
#885=EDGE_CURVE('',#709,#708,#99,.T.);
#886=EDGE_CURVE('',#710,#709,#100,.T.);
#887=EDGE_CURVE('',#711,#710,#609,.F.);
#888=EDGE_CURVE('',#711,#712,#101,.T.);
#889=EDGE_CURVE('',#712,#713,#102,.T.);
#890=EDGE_CURVE('',#714,#713,#610,.F.);
#891=EDGE_CURVE('',#714,#715,#103,.T.);
#892=EDGE_CURVE('',#715,#716,#104,.T.);
#893=EDGE_CURVE('',#717,#716,#611,.F.);
#894=EDGE_CURVE('',#717,#718,#105,.T.);
#895=EDGE_CURVE('',#718,#719,#106,.T.);
#896=EDGE_CURVE('',#720,#719,#612,.F.);
#897=EDGE_CURVE('',#720,#721,#107,.T.);
#898=EDGE_CURVE('',#721,#722,#108,.T.);
#899=EDGE_CURVE('',#723,#722,#613,.F.);
#900=EDGE_CURVE('',#723,#724,#109,.T.);
#901=EDGE_CURVE('',#724,#725,#110,.T.);
#902=EDGE_CURVE('',#726,#725,#614,.F.);
#903=EDGE_CURVE('',#726,#727,#111,.T.);
#904=EDGE_CURVE('',#727,#728,#112,.T.);
#905=EDGE_CURVE('',#729,#728,#615,.F.);
#906=EDGE_CURVE('',#729,#706,#113,.T.);
#907=EDGE_CURVE('',#730,#706,#114,.T.);
#908=EDGE_CURVE('',#731,#730,#115,.T.);
#909=EDGE_CURVE('',#732,#731,#15,.F.);
#910=EDGE_CURVE('',#733,#732,#116,.T.);
#911=EDGE_CURVE('',#707,#733,#16,.F.);
#912=EDGE_CURVE('',#734,#729,#17,.F.);
#913=EDGE_CURVE('',#735,#734,#117,.T.);
#914=EDGE_CURVE('',#736,#735,#18,.F.);
#915=EDGE_CURVE('',#730,#736,#118,.T.);
#916=EDGE_CURVE('',#737,#715,#119,.T.);
#917=EDGE_CURVE('',#738,#737,#120,.T.);
#918=EDGE_CURVE('',#739,#738,#19,.F.);
#919=EDGE_CURVE('',#740,#739,#121,.T.);
#920=EDGE_CURVE('',#716,#740,#20,.F.);
#921=EDGE_CURVE('',#741,#714,#21,.F.);
#922=EDGE_CURVE('',#742,#741,#122,.T.);
#923=EDGE_CURVE('',#743,#742,#22,.F.);
#924=EDGE_CURVE('',#737,#743,#123,.T.);
#925=EDGE_CURVE('',#744,#712,#124,.T.);
#926=EDGE_CURVE('',#745,#744,#125,.T.);
#927=EDGE_CURVE('',#746,#745,#23,.F.);
#928=EDGE_CURVE('',#747,#746,#126,.T.);
#929=EDGE_CURVE('',#713,#747,#24,.F.);
#930=EDGE_CURVE('',#748,#711,#25,.F.);
#931=EDGE_CURVE('',#749,#748,#127,.T.);
#932=EDGE_CURVE('',#750,#749,#26,.F.);
#933=EDGE_CURVE('',#744,#750,#128,.T.);
#934=EDGE_CURVE('',#751,#727,#129,.T.);
#935=EDGE_CURVE('',#751,#752,#130,.T.);
#936=EDGE_CURVE('',#753,#752,#27,.F.);
#937=EDGE_CURVE('',#754,#753,#131,.T.);
#938=EDGE_CURVE('',#728,#754,#28,.F.);
#939=EDGE_CURVE('',#755,#726,#29,.F.);
#940=EDGE_CURVE('',#756,#755,#132,.T.);
#941=EDGE_CURVE('',#757,#756,#30,.F.);
#942=EDGE_CURVE('',#757,#751,#133,.T.);
#943=EDGE_CURVE('',#758,#724,#134,.T.);
#944=EDGE_CURVE('',#759,#758,#135,.T.);
#945=EDGE_CURVE('',#760,#759,#31,.F.);
#946=EDGE_CURVE('',#761,#760,#136,.T.);
#947=EDGE_CURVE('',#725,#761,#32,.F.);
#948=EDGE_CURVE('',#762,#723,#33,.F.);
#949=EDGE_CURVE('',#763,#762,#137,.T.);
#950=EDGE_CURVE('',#764,#763,#34,.F.);
#951=EDGE_CURVE('',#758,#764,#138,.T.);
#952=EDGE_CURVE('',#765,#721,#139,.T.);
#953=EDGE_CURVE('',#766,#765,#140,.T.);
#954=EDGE_CURVE('',#767,#766,#35,.F.);
#955=EDGE_CURVE('',#768,#767,#141,.T.);
#956=EDGE_CURVE('',#722,#768,#36,.F.);
#957=EDGE_CURVE('',#769,#720,#37,.F.);
#958=EDGE_CURVE('',#770,#769,#142,.T.);
#959=EDGE_CURVE('',#771,#770,#38,.F.);
#960=EDGE_CURVE('',#765,#771,#143,.T.);
#961=EDGE_CURVE('',#772,#718,#144,.T.);
#962=EDGE_CURVE('',#773,#772,#145,.T.);
#963=EDGE_CURVE('',#774,#773,#39,.F.);
#964=EDGE_CURVE('',#775,#774,#146,.T.);
#965=EDGE_CURVE('',#719,#775,#40,.F.);
#966=EDGE_CURVE('',#776,#717,#41,.F.);
#967=EDGE_CURVE('',#777,#776,#147,.T.);
#968=EDGE_CURVE('',#778,#777,#42,.F.);
#969=EDGE_CURVE('',#772,#778,#148,.T.);
#970=EDGE_CURVE('',#779,#708,#43,.F.);
#971=EDGE_CURVE('',#780,#779,#149,.T.);
#972=EDGE_CURVE('',#781,#780,#44,.F.);
#973=EDGE_CURVE('',#782,#781,#150,.T.);
#974=EDGE_CURVE('',#782,#709,#151,.T.);
#975=EDGE_CURVE('',#752,#736,#616,.T.);
#976=EDGE_CURVE('',#759,#757,#617,.T.);
#977=EDGE_CURVE('',#766,#764,#618,.T.);
#978=EDGE_CURVE('',#773,#771,#619,.T.);
#979=EDGE_CURVE('',#738,#778,#620,.T.);
#980=EDGE_CURVE('',#745,#743,#621,.T.);
#981=EDGE_CURVE('',#783,#750,#622,.T.);
#982=EDGE_CURVE('',#783,#782,#152,.T.);
#983=EDGE_CURVE('',#731,#781,#623,.T.);
#984=EDGE_CURVE('',#784,#691,#153,.T.);
#985=EDGE_CURVE('',#690,#785,#154,.T.);
#986=EDGE_CURVE('',#785,#784,#624,.T.);
#987=EDGE_CURVE('',#786,#699,#155,.T.);
#988=EDGE_CURVE('',#698,#787,#156,.T.);
#989=EDGE_CURVE('',#787,#786,#625,.T.);
#990=EDGE_CURVE('',#788,#703,#157,.T.);
#991=EDGE_CURVE('',#702,#789,#158,.T.);
#992=EDGE_CURVE('',#789,#788,#626,.T.);
#993=EDGE_CURVE('',#696,#790,#159,.T.);
#994=EDGE_CURVE('',#790,#791,#627,.T.);
#995=EDGE_CURVE('',#791,#697,#160,.T.);
#996=EDGE_CURVE('',#688,#792,#161,.T.);
#997=EDGE_CURVE('',#792,#793,#628,.T.);
#998=EDGE_CURVE('',#793,#689,#162,.T.);
#999=EDGE_CURVE('',#794,#695,#163,.T.);
#1000=EDGE_CURVE('',#694,#795,#164,.T.);
#1001=EDGE_CURVE('',#795,#794,#629,.T.);
#1002=EDGE_CURVE('',#700,#796,#165,.T.);
#1003=EDGE_CURVE('',#796,#797,#630,.T.);
#1004=EDGE_CURVE('',#797,#701,#166,.T.);
#1005=EDGE_CURVE('',#704,#798,#167,.T.);
#1006=EDGE_CURVE('',#798,#799,#631,.T.);
#1007=EDGE_CURVE('',#799,#705,#168,.T.);
#1008=EDGE_CURVE('',#692,#800,#169,.T.);
#1009=EDGE_CURVE('',#800,#801,#632,.T.);
#1010=EDGE_CURVE('',#801,#693,#170,.T.);
#1011=EDGE_CURVE('',#686,#802,#171,.T.);
#1012=EDGE_CURVE('',#802,#803,#633,.T.);
#1013=EDGE_CURVE('',#803,#687,#172,.T.);
#1014=EDGE_CURVE('',#804,#804,#634,.T.);
#1015=EDGE_CURVE('',#805,#783,#45,.F.);
#1016=EDGE_CURVE('',#806,#805,#173,.T.);
#1017=EDGE_CURVE('',#710,#806,#46,.F.);
#1018=EDGE_CURVE('',#807,#807,#635,.T.);
#1019=EDGE_CURVE('',#807,#662,#174,.T.);
#1020=EDGE_CURVE('',#784,#808,#175,.T.);
#1021=EDGE_CURVE('',#671,#808,#176,.T.);
#1022=EDGE_CURVE('',#785,#809,#177,.F.);
#1023=EDGE_CURVE('',#809,#808,#636,.F.);
#1024=EDGE_CURVE('',#809,#670,#178,.T.);
#1025=EDGE_CURVE('',#786,#810,#179,.T.);
#1026=EDGE_CURVE('',#683,#810,#180,.T.);
#1027=EDGE_CURVE('',#787,#811,#181,.F.);
#1028=EDGE_CURVE('',#811,#810,#637,.F.);
#1029=EDGE_CURVE('',#811,#682,#182,.T.);
#1030=EDGE_CURVE('',#788,#812,#183,.T.);
#1031=EDGE_CURVE('',#679,#812,#184,.T.);
#1032=EDGE_CURVE('',#789,#813,#185,.F.);
#1033=EDGE_CURVE('',#813,#812,#638,.F.);
#1034=EDGE_CURVE('',#813,#678,#186,.T.);
#1035=EDGE_CURVE('',#791,#814,#187,.T.);
#1036=EDGE_CURVE('',#685,#814,#188,.T.);
#1037=EDGE_CURVE('',#790,#815,#189,.F.);
#1038=EDGE_CURVE('',#815,#814,#639,.F.);
#1039=EDGE_CURVE('',#815,#684,#190,.T.);
#1040=EDGE_CURVE('',#793,#816,#191,.T.);
#1041=EDGE_CURVE('',#673,#816,#192,.T.);
#1042=EDGE_CURVE('',#792,#817,#193,.F.);
#1043=EDGE_CURVE('',#817,#816,#640,.F.);
#1044=EDGE_CURVE('',#817,#672,#194,.T.);
#1045=EDGE_CURVE('',#794,#818,#195,.T.);
#1046=EDGE_CURVE('',#667,#818,#196,.T.);
#1047=EDGE_CURVE('',#795,#819,#197,.F.);
#1048=EDGE_CURVE('',#819,#818,#641,.F.);
#1049=EDGE_CURVE('',#819,#664,#198,.T.);
#1050=EDGE_CURVE('',#797,#820,#199,.T.);
#1051=EDGE_CURVE('',#681,#820,#200,.T.);
#1052=EDGE_CURVE('',#796,#821,#201,.F.);
#1053=EDGE_CURVE('',#821,#820,#642,.F.);
#1054=EDGE_CURVE('',#821,#680,#202,.T.);
#1055=EDGE_CURVE('',#799,#822,#203,.T.);
#1056=EDGE_CURVE('',#677,#822,#204,.T.);
#1057=EDGE_CURVE('',#798,#823,#205,.F.);
#1058=EDGE_CURVE('',#823,#822,#643,.F.);
#1059=EDGE_CURVE('',#823,#676,#206,.T.);
#1060=EDGE_CURVE('',#801,#824,#207,.T.);
#1061=EDGE_CURVE('',#669,#824,#208,.T.);
#1062=EDGE_CURVE('',#800,#825,#209,.F.);
#1063=EDGE_CURVE('',#825,#824,#644,.F.);
#1064=EDGE_CURVE('',#825,#668,#210,.T.);
#1065=EDGE_CURVE('',#803,#826,#211,.T.);
#1066=EDGE_CURVE('',#675,#826,#212,.T.);
#1067=EDGE_CURVE('',#802,#827,#213,.F.);
#1068=EDGE_CURVE('',#827,#826,#645,.F.);
#1069=EDGE_CURVE('',#827,#674,#214,.T.);
#1070=EDGE_CURVE('',#735,#753,#646,.T.);
#1071=EDGE_CURVE('',#777,#739,#647,.T.);
#1072=EDGE_CURVE('',#780,#732,#648,.T.);
#1073=EDGE_CURVE('',#770,#774,#649,.T.);
#1074=EDGE_CURVE('',#763,#767,#650,.T.);
#1075=EDGE_CURVE('',#756,#760,#651,.T.);
#1076=EDGE_CURVE('',#749,#805,#652,.T.);
#1077=EDGE_CURVE('',#742,#746,#653,.T.);
#1078=EDGE_CURVE('',#733,#779,#654,.T.);
#1079=EDGE_CURVE('',#775,#769,#655,.T.);
#1080=EDGE_CURVE('',#754,#734,#656,.T.);
#1081=EDGE_CURVE('',#740,#776,#657,.T.);
#1082=EDGE_CURVE('',#806,#748,#658,.T.);
#1083=EDGE_CURVE('',#768,#762,#659,.T.);
#1084=EDGE_CURVE('',#761,#755,#660,.T.);
#1085=EDGE_CURVE('',#747,#741,#661,.T.);
#1086=EDGE_CURVE('',#663,#804,#215,.T.);
#1087=ORIENTED_EDGE('',*,*,#828,.F.);
#1088=ORIENTED_EDGE('',*,*,#829,.F.);
#1089=ORIENTED_EDGE('',*,*,#830,.T.);
#1090=ORIENTED_EDGE('',*,*,#831,.T.);
#1091=ORIENTED_EDGE('',*,*,#832,.T.);
#1092=ORIENTED_EDGE('',*,*,#831,.F.);
#1093=ORIENTED_EDGE('',*,*,#833,.T.);
#1094=ORIENTED_EDGE('',*,*,#834,.F.);
#1095=ORIENTED_EDGE('',*,*,#835,.T.);
#1096=ORIENTED_EDGE('',*,*,#836,.F.);
#1097=ORIENTED_EDGE('',*,*,#837,.T.);
#1098=ORIENTED_EDGE('',*,*,#838,.F.);
#1099=ORIENTED_EDGE('',*,*,#839,.T.);
#1100=ORIENTED_EDGE('',*,*,#840,.F.);
#1101=ORIENTED_EDGE('',*,*,#841,.T.);
#1102=ORIENTED_EDGE('',*,*,#842,.F.);
#1103=ORIENTED_EDGE('',*,*,#843,.T.);
#1104=ORIENTED_EDGE('',*,*,#844,.F.);
#1105=ORIENTED_EDGE('',*,*,#845,.T.);
#1106=ORIENTED_EDGE('',*,*,#846,.F.);
#1107=ORIENTED_EDGE('',*,*,#847,.T.);
#1108=ORIENTED_EDGE('',*,*,#848,.F.);
#1109=ORIENTED_EDGE('',*,*,#849,.T.);
#1110=ORIENTED_EDGE('',*,*,#850,.F.);
#1111=ORIENTED_EDGE('',*,*,#851,.T.);
#1112=ORIENTED_EDGE('',*,*,#852,.F.);
#1113=ORIENTED_EDGE('',*,*,#841,.F.);
#1114=ORIENTED_EDGE('',*,*,#853,.F.);
#1115=ORIENTED_EDGE('',*,*,#854,.F.);
#1116=ORIENTED_EDGE('',*,*,#855,.T.);
#1117=ORIENTED_EDGE('',*,*,#839,.F.);
#1118=ORIENTED_EDGE('',*,*,#856,.F.);
#1119=ORIENTED_EDGE('',*,*,#857,.F.);
#1120=ORIENTED_EDGE('',*,*,#858,.T.);
#1121=ORIENTED_EDGE('',*,*,#837,.F.);
#1122=ORIENTED_EDGE('',*,*,#859,.F.);
#1123=ORIENTED_EDGE('',*,*,#860,.F.);
#1124=ORIENTED_EDGE('',*,*,#861,.T.);
#1125=ORIENTED_EDGE('',*,*,#835,.F.);
#1126=ORIENTED_EDGE('',*,*,#862,.F.);
#1127=ORIENTED_EDGE('',*,*,#863,.F.);
#1128=ORIENTED_EDGE('',*,*,#864,.T.);
#1129=ORIENTED_EDGE('',*,*,#830,.F.);
#1130=ORIENTED_EDGE('',*,*,#865,.F.);
#1131=ORIENTED_EDGE('',*,*,#866,.F.);
#1132=ORIENTED_EDGE('',*,*,#867,.T.);
#1133=ORIENTED_EDGE('',*,*,#833,.F.);
#1134=ORIENTED_EDGE('',*,*,#851,.F.);
#1135=ORIENTED_EDGE('',*,*,#868,.F.);
#1136=ORIENTED_EDGE('',*,*,#869,.F.);
#1137=ORIENTED_EDGE('',*,*,#870,.T.);
#1138=ORIENTED_EDGE('',*,*,#849,.F.);
#1139=ORIENTED_EDGE('',*,*,#871,.F.);
#1140=ORIENTED_EDGE('',*,*,#872,.F.);
#1141=ORIENTED_EDGE('',*,*,#873,.T.);
#1142=ORIENTED_EDGE('',*,*,#847,.F.);
#1143=ORIENTED_EDGE('',*,*,#874,.F.);
#1144=ORIENTED_EDGE('',*,*,#875,.F.);
#1145=ORIENTED_EDGE('',*,*,#876,.T.);
#1146=ORIENTED_EDGE('',*,*,#845,.F.);
#1147=ORIENTED_EDGE('',*,*,#877,.F.);
#1148=ORIENTED_EDGE('',*,*,#878,.F.);
#1149=ORIENTED_EDGE('',*,*,#879,.T.);
#1150=ORIENTED_EDGE('',*,*,#843,.F.);
#1151=ORIENTED_EDGE('',*,*,#880,.F.);
#1152=ORIENTED_EDGE('',*,*,#881,.F.);
#1153=ORIENTED_EDGE('',*,*,#882,.T.);
#1154=ORIENTED_EDGE('',*,*,#883,.T.);
#1155=ORIENTED_EDGE('',*,*,#884,.F.);
#1156=ORIENTED_EDGE('',*,*,#885,.F.);
#1157=ORIENTED_EDGE('',*,*,#886,.F.);
#1158=ORIENTED_EDGE('',*,*,#887,.F.);
#1159=ORIENTED_EDGE('',*,*,#888,.T.);
#1160=ORIENTED_EDGE('',*,*,#889,.T.);
#1161=ORIENTED_EDGE('',*,*,#890,.F.);
#1162=ORIENTED_EDGE('',*,*,#891,.T.);
#1163=ORIENTED_EDGE('',*,*,#892,.T.);
#1164=ORIENTED_EDGE('',*,*,#893,.F.);
#1165=ORIENTED_EDGE('',*,*,#894,.T.);
#1166=ORIENTED_EDGE('',*,*,#895,.T.);
#1167=ORIENTED_EDGE('',*,*,#896,.F.);
#1168=ORIENTED_EDGE('',*,*,#897,.T.);
#1169=ORIENTED_EDGE('',*,*,#898,.T.);
#1170=ORIENTED_EDGE('',*,*,#899,.F.);
#1171=ORIENTED_EDGE('',*,*,#900,.T.);
#1172=ORIENTED_EDGE('',*,*,#901,.T.);
#1173=ORIENTED_EDGE('',*,*,#902,.F.);
#1174=ORIENTED_EDGE('',*,*,#903,.T.);
#1175=ORIENTED_EDGE('',*,*,#904,.T.);
#1176=ORIENTED_EDGE('',*,*,#905,.F.);
#1177=ORIENTED_EDGE('',*,*,#906,.T.);
#1178=ORIENTED_EDGE('',*,*,#832,.F.);
#1179=ORIENTED_EDGE('',*,*,#883,.F.);
#1180=ORIENTED_EDGE('',*,*,#907,.F.);
#1181=ORIENTED_EDGE('',*,*,#908,.F.);
#1182=ORIENTED_EDGE('',*,*,#909,.F.);
#1183=ORIENTED_EDGE('',*,*,#910,.F.);
#1184=ORIENTED_EDGE('',*,*,#911,.F.);
#1185=ORIENTED_EDGE('',*,*,#906,.F.);
#1186=ORIENTED_EDGE('',*,*,#912,.F.);
#1187=ORIENTED_EDGE('',*,*,#913,.F.);
#1188=ORIENTED_EDGE('',*,*,#914,.F.);
#1189=ORIENTED_EDGE('',*,*,#915,.F.);
#1190=ORIENTED_EDGE('',*,*,#907,.T.);
#1191=ORIENTED_EDGE('',*,*,#892,.F.);
#1192=ORIENTED_EDGE('',*,*,#916,.F.);
#1193=ORIENTED_EDGE('',*,*,#917,.F.);
#1194=ORIENTED_EDGE('',*,*,#918,.F.);
#1195=ORIENTED_EDGE('',*,*,#919,.F.);
#1196=ORIENTED_EDGE('',*,*,#920,.F.);
#1197=ORIENTED_EDGE('',*,*,#891,.F.);
#1198=ORIENTED_EDGE('',*,*,#921,.F.);
#1199=ORIENTED_EDGE('',*,*,#922,.F.);
#1200=ORIENTED_EDGE('',*,*,#923,.F.);
#1201=ORIENTED_EDGE('',*,*,#924,.F.);
#1202=ORIENTED_EDGE('',*,*,#916,.T.);
#1203=ORIENTED_EDGE('',*,*,#889,.F.);
#1204=ORIENTED_EDGE('',*,*,#925,.F.);
#1205=ORIENTED_EDGE('',*,*,#926,.F.);
#1206=ORIENTED_EDGE('',*,*,#927,.F.);
#1207=ORIENTED_EDGE('',*,*,#928,.F.);
#1208=ORIENTED_EDGE('',*,*,#929,.F.);
#1209=ORIENTED_EDGE('',*,*,#888,.F.);
#1210=ORIENTED_EDGE('',*,*,#930,.F.);
#1211=ORIENTED_EDGE('',*,*,#931,.F.);
#1212=ORIENTED_EDGE('',*,*,#932,.F.);
#1213=ORIENTED_EDGE('',*,*,#933,.F.);
#1214=ORIENTED_EDGE('',*,*,#925,.T.);
#1215=ORIENTED_EDGE('',*,*,#904,.F.);
#1216=ORIENTED_EDGE('',*,*,#934,.F.);
#1217=ORIENTED_EDGE('',*,*,#935,.T.);
#1218=ORIENTED_EDGE('',*,*,#936,.F.);
#1219=ORIENTED_EDGE('',*,*,#937,.F.);
#1220=ORIENTED_EDGE('',*,*,#938,.F.);
#1221=ORIENTED_EDGE('',*,*,#903,.F.);
#1222=ORIENTED_EDGE('',*,*,#939,.F.);
#1223=ORIENTED_EDGE('',*,*,#940,.F.);
#1224=ORIENTED_EDGE('',*,*,#941,.F.);
#1225=ORIENTED_EDGE('',*,*,#942,.T.);
#1226=ORIENTED_EDGE('',*,*,#934,.T.);
#1227=ORIENTED_EDGE('',*,*,#901,.F.);
#1228=ORIENTED_EDGE('',*,*,#943,.F.);
#1229=ORIENTED_EDGE('',*,*,#944,.F.);
#1230=ORIENTED_EDGE('',*,*,#945,.F.);
#1231=ORIENTED_EDGE('',*,*,#946,.F.);
#1232=ORIENTED_EDGE('',*,*,#947,.F.);
#1233=ORIENTED_EDGE('',*,*,#900,.F.);
#1234=ORIENTED_EDGE('',*,*,#948,.F.);
#1235=ORIENTED_EDGE('',*,*,#949,.F.);
#1236=ORIENTED_EDGE('',*,*,#950,.F.);
#1237=ORIENTED_EDGE('',*,*,#951,.F.);
#1238=ORIENTED_EDGE('',*,*,#943,.T.);
#1239=ORIENTED_EDGE('',*,*,#898,.F.);
#1240=ORIENTED_EDGE('',*,*,#952,.F.);
#1241=ORIENTED_EDGE('',*,*,#953,.F.);
#1242=ORIENTED_EDGE('',*,*,#954,.F.);
#1243=ORIENTED_EDGE('',*,*,#955,.F.);
#1244=ORIENTED_EDGE('',*,*,#956,.F.);
#1245=ORIENTED_EDGE('',*,*,#897,.F.);
#1246=ORIENTED_EDGE('',*,*,#957,.F.);
#1247=ORIENTED_EDGE('',*,*,#958,.F.);
#1248=ORIENTED_EDGE('',*,*,#959,.F.);
#1249=ORIENTED_EDGE('',*,*,#960,.F.);
#1250=ORIENTED_EDGE('',*,*,#952,.T.);
#1251=ORIENTED_EDGE('',*,*,#895,.F.);
#1252=ORIENTED_EDGE('',*,*,#961,.F.);
#1253=ORIENTED_EDGE('',*,*,#962,.F.);
#1254=ORIENTED_EDGE('',*,*,#963,.F.);
#1255=ORIENTED_EDGE('',*,*,#964,.F.);
#1256=ORIENTED_EDGE('',*,*,#965,.F.);
#1257=ORIENTED_EDGE('',*,*,#894,.F.);
#1258=ORIENTED_EDGE('',*,*,#966,.F.);
#1259=ORIENTED_EDGE('',*,*,#967,.F.);
#1260=ORIENTED_EDGE('',*,*,#968,.F.);
#1261=ORIENTED_EDGE('',*,*,#969,.F.);
#1262=ORIENTED_EDGE('',*,*,#961,.T.);
#1263=ORIENTED_EDGE('',*,*,#885,.T.);
#1264=ORIENTED_EDGE('',*,*,#970,.F.);
#1265=ORIENTED_EDGE('',*,*,#971,.F.);
#1266=ORIENTED_EDGE('',*,*,#972,.F.);
#1267=ORIENTED_EDGE('',*,*,#973,.F.);
#1268=ORIENTED_EDGE('',*,*,#974,.T.);
#1269=ORIENTED_EDGE('',*,*,#915,.T.);
#1270=ORIENTED_EDGE('',*,*,#975,.F.);
#1271=ORIENTED_EDGE('',*,*,#935,.F.);
#1272=ORIENTED_EDGE('',*,*,#942,.F.);
#1273=ORIENTED_EDGE('',*,*,#976,.F.);
#1274=ORIENTED_EDGE('',*,*,#944,.T.);
#1275=ORIENTED_EDGE('',*,*,#951,.T.);
#1276=ORIENTED_EDGE('',*,*,#977,.F.);
#1277=ORIENTED_EDGE('',*,*,#953,.T.);
#1278=ORIENTED_EDGE('',*,*,#960,.T.);
#1279=ORIENTED_EDGE('',*,*,#978,.F.);
#1280=ORIENTED_EDGE('',*,*,#962,.T.);
#1281=ORIENTED_EDGE('',*,*,#969,.T.);
#1282=ORIENTED_EDGE('',*,*,#979,.F.);
#1283=ORIENTED_EDGE('',*,*,#917,.T.);
#1284=ORIENTED_EDGE('',*,*,#924,.T.);
#1285=ORIENTED_EDGE('',*,*,#980,.F.);
#1286=ORIENTED_EDGE('',*,*,#926,.T.);
#1287=ORIENTED_EDGE('',*,*,#933,.T.);
#1288=ORIENTED_EDGE('',*,*,#981,.F.);
#1289=ORIENTED_EDGE('',*,*,#982,.T.);
#1290=ORIENTED_EDGE('',*,*,#973,.T.);
#1291=ORIENTED_EDGE('',*,*,#983,.F.);
#1292=ORIENTED_EDGE('',*,*,#908,.T.);
#1293=ORIENTED_EDGE('',*,*,#984,.T.);
#1294=ORIENTED_EDGE('',*,*,#860,.T.);
#1295=ORIENTED_EDGE('',*,*,#985,.T.);
#1296=ORIENTED_EDGE('',*,*,#986,.T.);
#1297=ORIENTED_EDGE('',*,*,#987,.T.);
#1298=ORIENTED_EDGE('',*,*,#872,.T.);
#1299=ORIENTED_EDGE('',*,*,#988,.T.);
#1300=ORIENTED_EDGE('',*,*,#989,.T.);
#1301=ORIENTED_EDGE('',*,*,#990,.T.);
#1302=ORIENTED_EDGE('',*,*,#878,.T.);
#1303=ORIENTED_EDGE('',*,*,#991,.T.);
#1304=ORIENTED_EDGE('',*,*,#992,.T.);
#1305=ORIENTED_EDGE('',*,*,#869,.T.);
#1306=ORIENTED_EDGE('',*,*,#993,.T.);
#1307=ORIENTED_EDGE('',*,*,#994,.T.);
#1308=ORIENTED_EDGE('',*,*,#995,.T.);
#1309=ORIENTED_EDGE('',*,*,#857,.T.);
#1310=ORIENTED_EDGE('',*,*,#996,.T.);
#1311=ORIENTED_EDGE('',*,*,#997,.T.);
#1312=ORIENTED_EDGE('',*,*,#998,.T.);
#1313=ORIENTED_EDGE('',*,*,#999,.T.);
#1314=ORIENTED_EDGE('',*,*,#866,.T.);
#1315=ORIENTED_EDGE('',*,*,#1000,.T.);
#1316=ORIENTED_EDGE('',*,*,#1001,.T.);
#1317=ORIENTED_EDGE('',*,*,#875,.T.);
#1318=ORIENTED_EDGE('',*,*,#1002,.T.);
#1319=ORIENTED_EDGE('',*,*,#1003,.T.);
#1320=ORIENTED_EDGE('',*,*,#1004,.T.);
#1321=ORIENTED_EDGE('',*,*,#881,.T.);
#1322=ORIENTED_EDGE('',*,*,#1005,.T.);
#1323=ORIENTED_EDGE('',*,*,#1006,.T.);
#1324=ORIENTED_EDGE('',*,*,#1007,.T.);
#1325=ORIENTED_EDGE('',*,*,#863,.T.);
#1326=ORIENTED_EDGE('',*,*,#1008,.T.);
#1327=ORIENTED_EDGE('',*,*,#1009,.T.);
#1328=ORIENTED_EDGE('',*,*,#1010,.T.);
#1329=ORIENTED_EDGE('',*,*,#854,.T.);
#1330=ORIENTED_EDGE('',*,*,#1011,.T.);
#1331=ORIENTED_EDGE('',*,*,#1012,.T.);
#1332=ORIENTED_EDGE('',*,*,#1013,.T.);
#1333=ORIENTED_EDGE('',*,*,#1014,.T.);
#1334=ORIENTED_EDGE('',*,*,#886,.T.);
#1335=ORIENTED_EDGE('',*,*,#974,.F.);
#1336=ORIENTED_EDGE('',*,*,#982,.F.);
#1337=ORIENTED_EDGE('',*,*,#1015,.F.);
#1338=ORIENTED_EDGE('',*,*,#1016,.F.);
#1339=ORIENTED_EDGE('',*,*,#1017,.F.);
#1340=ORIENTED_EDGE('',*,*,#1018,.F.);
#1341=ORIENTED_EDGE('',*,*,#1019,.T.);
#1342=ORIENTED_EDGE('',*,*,#828,.T.);
#1343=ORIENTED_EDGE('',*,*,#1019,.F.);
#1344=ORIENTED_EDGE('',*,*,#984,.F.);
#1345=ORIENTED_EDGE('',*,*,#1020,.T.);
#1346=ORIENTED_EDGE('',*,*,#1021,.F.);
#1347=ORIENTED_EDGE('',*,*,#861,.F.);
#1348=ORIENTED_EDGE('',*,*,#986,.F.);
#1349=ORIENTED_EDGE('',*,*,#1022,.T.);
#1350=ORIENTED_EDGE('',*,*,#1023,.T.);
#1351=ORIENTED_EDGE('',*,*,#1020,.F.);
#1352=ORIENTED_EDGE('',*,*,#985,.F.);
#1353=ORIENTED_EDGE('',*,*,#859,.T.);
#1354=ORIENTED_EDGE('',*,*,#1024,.F.);
#1355=ORIENTED_EDGE('',*,*,#1022,.F.);
#1356=ORIENTED_EDGE('',*,*,#987,.F.);
#1357=ORIENTED_EDGE('',*,*,#1025,.T.);
#1358=ORIENTED_EDGE('',*,*,#1026,.F.);
#1359=ORIENTED_EDGE('',*,*,#873,.F.);
#1360=ORIENTED_EDGE('',*,*,#989,.F.);
#1361=ORIENTED_EDGE('',*,*,#1027,.T.);
#1362=ORIENTED_EDGE('',*,*,#1028,.T.);
#1363=ORIENTED_EDGE('',*,*,#1025,.F.);
#1364=ORIENTED_EDGE('',*,*,#988,.F.);
#1365=ORIENTED_EDGE('',*,*,#871,.T.);
#1366=ORIENTED_EDGE('',*,*,#1029,.F.);
#1367=ORIENTED_EDGE('',*,*,#1027,.F.);
#1368=ORIENTED_EDGE('',*,*,#990,.F.);
#1369=ORIENTED_EDGE('',*,*,#1030,.T.);
#1370=ORIENTED_EDGE('',*,*,#1031,.F.);
#1371=ORIENTED_EDGE('',*,*,#879,.F.);
#1372=ORIENTED_EDGE('',*,*,#992,.F.);
#1373=ORIENTED_EDGE('',*,*,#1032,.T.);
#1374=ORIENTED_EDGE('',*,*,#1033,.T.);
#1375=ORIENTED_EDGE('',*,*,#1030,.F.);
#1376=ORIENTED_EDGE('',*,*,#991,.F.);
#1377=ORIENTED_EDGE('',*,*,#877,.T.);
#1378=ORIENTED_EDGE('',*,*,#1034,.F.);
#1379=ORIENTED_EDGE('',*,*,#1032,.F.);
#1380=ORIENTED_EDGE('',*,*,#995,.F.);
#1381=ORIENTED_EDGE('',*,*,#1035,.T.);
#1382=ORIENTED_EDGE('',*,*,#1036,.F.);
#1383=ORIENTED_EDGE('',*,*,#870,.F.);
#1384=ORIENTED_EDGE('',*,*,#994,.F.);
#1385=ORIENTED_EDGE('',*,*,#1037,.T.);
#1386=ORIENTED_EDGE('',*,*,#1038,.T.);
#1387=ORIENTED_EDGE('',*,*,#1035,.F.);
#1388=ORIENTED_EDGE('',*,*,#993,.F.);
#1389=ORIENTED_EDGE('',*,*,#868,.T.);
#1390=ORIENTED_EDGE('',*,*,#1039,.F.);
#1391=ORIENTED_EDGE('',*,*,#1037,.F.);
#1392=ORIENTED_EDGE('',*,*,#998,.F.);
#1393=ORIENTED_EDGE('',*,*,#1040,.T.);
#1394=ORIENTED_EDGE('',*,*,#1041,.F.);
#1395=ORIENTED_EDGE('',*,*,#858,.F.);
#1396=ORIENTED_EDGE('',*,*,#997,.F.);
#1397=ORIENTED_EDGE('',*,*,#1042,.T.);
#1398=ORIENTED_EDGE('',*,*,#1043,.T.);
#1399=ORIENTED_EDGE('',*,*,#1040,.F.);
#1400=ORIENTED_EDGE('',*,*,#996,.F.);
#1401=ORIENTED_EDGE('',*,*,#856,.T.);
#1402=ORIENTED_EDGE('',*,*,#1044,.F.);
#1403=ORIENTED_EDGE('',*,*,#1042,.F.);
#1404=ORIENTED_EDGE('',*,*,#999,.F.);
#1405=ORIENTED_EDGE('',*,*,#1045,.T.);
#1406=ORIENTED_EDGE('',*,*,#1046,.F.);
#1407=ORIENTED_EDGE('',*,*,#867,.F.);
#1408=ORIENTED_EDGE('',*,*,#1001,.F.);
#1409=ORIENTED_EDGE('',*,*,#1047,.T.);
#1410=ORIENTED_EDGE('',*,*,#1048,.T.);
#1411=ORIENTED_EDGE('',*,*,#1045,.F.);
#1412=ORIENTED_EDGE('',*,*,#1000,.F.);
#1413=ORIENTED_EDGE('',*,*,#865,.T.);
#1414=ORIENTED_EDGE('',*,*,#1049,.F.);
#1415=ORIENTED_EDGE('',*,*,#1047,.F.);
#1416=ORIENTED_EDGE('',*,*,#1004,.F.);
#1417=ORIENTED_EDGE('',*,*,#1050,.T.);
#1418=ORIENTED_EDGE('',*,*,#1051,.F.);
#1419=ORIENTED_EDGE('',*,*,#876,.F.);
#1420=ORIENTED_EDGE('',*,*,#1003,.F.);
#1421=ORIENTED_EDGE('',*,*,#1052,.T.);
#1422=ORIENTED_EDGE('',*,*,#1053,.T.);
#1423=ORIENTED_EDGE('',*,*,#1050,.F.);
#1424=ORIENTED_EDGE('',*,*,#1002,.F.);
#1425=ORIENTED_EDGE('',*,*,#874,.T.);
#1426=ORIENTED_EDGE('',*,*,#1054,.F.);
#1427=ORIENTED_EDGE('',*,*,#1052,.F.);
#1428=ORIENTED_EDGE('',*,*,#1007,.F.);
#1429=ORIENTED_EDGE('',*,*,#1055,.T.);
#1430=ORIENTED_EDGE('',*,*,#1056,.F.);
#1431=ORIENTED_EDGE('',*,*,#882,.F.);
#1432=ORIENTED_EDGE('',*,*,#1006,.F.);
#1433=ORIENTED_EDGE('',*,*,#1057,.T.);
#1434=ORIENTED_EDGE('',*,*,#1058,.T.);
#1435=ORIENTED_EDGE('',*,*,#1055,.F.);
#1436=ORIENTED_EDGE('',*,*,#1005,.F.);
#1437=ORIENTED_EDGE('',*,*,#880,.T.);
#1438=ORIENTED_EDGE('',*,*,#1059,.F.);
#1439=ORIENTED_EDGE('',*,*,#1057,.F.);
#1440=ORIENTED_EDGE('',*,*,#1010,.F.);
#1441=ORIENTED_EDGE('',*,*,#1060,.T.);
#1442=ORIENTED_EDGE('',*,*,#1061,.F.);
#1443=ORIENTED_EDGE('',*,*,#864,.F.);
#1444=ORIENTED_EDGE('',*,*,#1009,.F.);
#1445=ORIENTED_EDGE('',*,*,#1062,.T.);
#1446=ORIENTED_EDGE('',*,*,#1063,.T.);
#1447=ORIENTED_EDGE('',*,*,#1060,.F.);
#1448=ORIENTED_EDGE('',*,*,#1008,.F.);
#1449=ORIENTED_EDGE('',*,*,#862,.T.);
#1450=ORIENTED_EDGE('',*,*,#1064,.F.);
#1451=ORIENTED_EDGE('',*,*,#1062,.F.);
#1452=ORIENTED_EDGE('',*,*,#1013,.F.);
#1453=ORIENTED_EDGE('',*,*,#1065,.T.);
#1454=ORIENTED_EDGE('',*,*,#1066,.F.);
#1455=ORIENTED_EDGE('',*,*,#855,.F.);
#1456=ORIENTED_EDGE('',*,*,#1012,.F.);
#1457=ORIENTED_EDGE('',*,*,#1067,.T.);
#1458=ORIENTED_EDGE('',*,*,#1068,.T.);
#1459=ORIENTED_EDGE('',*,*,#1065,.F.);
#1460=ORIENTED_EDGE('',*,*,#1011,.F.);
#1461=ORIENTED_EDGE('',*,*,#853,.T.);
#1462=ORIENTED_EDGE('',*,*,#1069,.F.);
#1463=ORIENTED_EDGE('',*,*,#1067,.F.);
#1464=ORIENTED_EDGE('',*,*,#850,.T.);
#1465=ORIENTED_EDGE('',*,*,#1026,.T.);
#1466=ORIENTED_EDGE('',*,*,#1028,.F.);
#1467=ORIENTED_EDGE('',*,*,#1029,.T.);
#1468=ORIENTED_EDGE('',*,*,#848,.T.);
#1469=ORIENTED_EDGE('',*,*,#1051,.T.);
#1470=ORIENTED_EDGE('',*,*,#1053,.F.);
#1471=ORIENTED_EDGE('',*,*,#1054,.T.);
#1472=ORIENTED_EDGE('',*,*,#846,.T.);
#1473=ORIENTED_EDGE('',*,*,#1031,.T.);
#1474=ORIENTED_EDGE('',*,*,#1033,.F.);
#1475=ORIENTED_EDGE('',*,*,#1034,.T.);
#1476=ORIENTED_EDGE('',*,*,#844,.T.);
#1477=ORIENTED_EDGE('',*,*,#1056,.T.);
#1478=ORIENTED_EDGE('',*,*,#1058,.F.);
#1479=ORIENTED_EDGE('',*,*,#1059,.T.);
#1480=ORIENTED_EDGE('',*,*,#842,.T.);
#1481=ORIENTED_EDGE('',*,*,#1066,.T.);
#1482=ORIENTED_EDGE('',*,*,#1068,.F.);
#1483=ORIENTED_EDGE('',*,*,#1069,.T.);
#1484=ORIENTED_EDGE('',*,*,#840,.T.);
#1485=ORIENTED_EDGE('',*,*,#1041,.T.);
#1486=ORIENTED_EDGE('',*,*,#1043,.F.);
#1487=ORIENTED_EDGE('',*,*,#1044,.T.);
#1488=ORIENTED_EDGE('',*,*,#838,.T.);
#1489=ORIENTED_EDGE('',*,*,#1021,.T.);
#1490=ORIENTED_EDGE('',*,*,#1023,.F.);
#1491=ORIENTED_EDGE('',*,*,#1024,.T.);
#1492=ORIENTED_EDGE('',*,*,#836,.T.);
#1493=ORIENTED_EDGE('',*,*,#1061,.T.);
#1494=ORIENTED_EDGE('',*,*,#1063,.F.);
#1495=ORIENTED_EDGE('',*,*,#1064,.T.);
#1496=ORIENTED_EDGE('',*,*,#834,.T.);
#1497=ORIENTED_EDGE('',*,*,#1046,.T.);
#1498=ORIENTED_EDGE('',*,*,#1048,.F.);
#1499=ORIENTED_EDGE('',*,*,#1049,.T.);
#1500=ORIENTED_EDGE('',*,*,#852,.T.);
#1501=ORIENTED_EDGE('',*,*,#1036,.T.);
#1502=ORIENTED_EDGE('',*,*,#1038,.F.);
#1503=ORIENTED_EDGE('',*,*,#1039,.T.);
#1504=ORIENTED_EDGE('',*,*,#1018,.T.);
#1505=ORIENTED_EDGE('',*,*,#914,.T.);
#1506=ORIENTED_EDGE('',*,*,#1070,.T.);
#1507=ORIENTED_EDGE('',*,*,#936,.T.);
#1508=ORIENTED_EDGE('',*,*,#975,.T.);
#1509=ORIENTED_EDGE('',*,*,#979,.T.);
#1510=ORIENTED_EDGE('',*,*,#968,.T.);
#1511=ORIENTED_EDGE('',*,*,#1071,.T.);
#1512=ORIENTED_EDGE('',*,*,#918,.T.);
#1513=ORIENTED_EDGE('',*,*,#983,.T.);
#1514=ORIENTED_EDGE('',*,*,#972,.T.);
#1515=ORIENTED_EDGE('',*,*,#1072,.T.);
#1516=ORIENTED_EDGE('',*,*,#909,.T.);
#1517=ORIENTED_EDGE('',*,*,#978,.T.);
#1518=ORIENTED_EDGE('',*,*,#959,.T.);
#1519=ORIENTED_EDGE('',*,*,#1073,.T.);
#1520=ORIENTED_EDGE('',*,*,#963,.T.);
#1521=ORIENTED_EDGE('',*,*,#977,.T.);
#1522=ORIENTED_EDGE('',*,*,#950,.T.);
#1523=ORIENTED_EDGE('',*,*,#1074,.T.);
#1524=ORIENTED_EDGE('',*,*,#954,.T.);
#1525=ORIENTED_EDGE('',*,*,#976,.T.);
#1526=ORIENTED_EDGE('',*,*,#941,.T.);
#1527=ORIENTED_EDGE('',*,*,#1075,.T.);
#1528=ORIENTED_EDGE('',*,*,#945,.T.);
#1529=ORIENTED_EDGE('',*,*,#981,.T.);
#1530=ORIENTED_EDGE('',*,*,#932,.T.);
#1531=ORIENTED_EDGE('',*,*,#1076,.T.);
#1532=ORIENTED_EDGE('',*,*,#1015,.T.);
#1533=ORIENTED_EDGE('',*,*,#980,.T.);
#1534=ORIENTED_EDGE('',*,*,#923,.T.);
#1535=ORIENTED_EDGE('',*,*,#1077,.T.);
#1536=ORIENTED_EDGE('',*,*,#927,.T.);
#1537=ORIENTED_EDGE('',*,*,#911,.T.);
#1538=ORIENTED_EDGE('',*,*,#1078,.T.);
#1539=ORIENTED_EDGE('',*,*,#970,.T.);
#1540=ORIENTED_EDGE('',*,*,#884,.T.);
#1541=ORIENTED_EDGE('',*,*,#896,.T.);
#1542=ORIENTED_EDGE('',*,*,#965,.T.);
#1543=ORIENTED_EDGE('',*,*,#1079,.T.);
#1544=ORIENTED_EDGE('',*,*,#957,.T.);
#1545=ORIENTED_EDGE('',*,*,#905,.T.);
#1546=ORIENTED_EDGE('',*,*,#938,.T.);
#1547=ORIENTED_EDGE('',*,*,#1080,.T.);
#1548=ORIENTED_EDGE('',*,*,#912,.T.);
#1549=ORIENTED_EDGE('',*,*,#920,.T.);
#1550=ORIENTED_EDGE('',*,*,#1081,.T.);
#1551=ORIENTED_EDGE('',*,*,#966,.T.);
#1552=ORIENTED_EDGE('',*,*,#893,.T.);
#1553=ORIENTED_EDGE('',*,*,#887,.T.);
#1554=ORIENTED_EDGE('',*,*,#1017,.T.);
#1555=ORIENTED_EDGE('',*,*,#1082,.T.);
#1556=ORIENTED_EDGE('',*,*,#930,.T.);
#1557=ORIENTED_EDGE('',*,*,#899,.T.);
#1558=ORIENTED_EDGE('',*,*,#956,.T.);
#1559=ORIENTED_EDGE('',*,*,#1083,.T.);
#1560=ORIENTED_EDGE('',*,*,#948,.T.);
#1561=ORIENTED_EDGE('',*,*,#902,.T.);
#1562=ORIENTED_EDGE('',*,*,#947,.T.);
#1563=ORIENTED_EDGE('',*,*,#1084,.T.);
#1564=ORIENTED_EDGE('',*,*,#939,.T.);
#1565=ORIENTED_EDGE('',*,*,#971,.T.);
#1566=ORIENTED_EDGE('',*,*,#1078,.F.);
#1567=ORIENTED_EDGE('',*,*,#910,.T.);
#1568=ORIENTED_EDGE('',*,*,#1072,.F.);
#1569=ORIENTED_EDGE('',*,*,#958,.T.);
#1570=ORIENTED_EDGE('',*,*,#1079,.F.);
#1571=ORIENTED_EDGE('',*,*,#964,.T.);
#1572=ORIENTED_EDGE('',*,*,#1073,.F.);
#1573=ORIENTED_EDGE('',*,*,#937,.T.);
#1574=ORIENTED_EDGE('',*,*,#1070,.F.);
#1575=ORIENTED_EDGE('',*,*,#913,.T.);
#1576=ORIENTED_EDGE('',*,*,#1080,.F.);
#1577=ORIENTED_EDGE('',*,*,#919,.T.);
#1578=ORIENTED_EDGE('',*,*,#1071,.F.);
#1579=ORIENTED_EDGE('',*,*,#967,.T.);
#1580=ORIENTED_EDGE('',*,*,#1081,.F.);
#1581=ORIENTED_EDGE('',*,*,#931,.T.);
#1582=ORIENTED_EDGE('',*,*,#1082,.F.);
#1583=ORIENTED_EDGE('',*,*,#1016,.T.);
#1584=ORIENTED_EDGE('',*,*,#1076,.F.);
#1585=ORIENTED_EDGE('',*,*,#949,.T.);
#1586=ORIENTED_EDGE('',*,*,#1083,.F.);
#1587=ORIENTED_EDGE('',*,*,#955,.T.);
#1588=ORIENTED_EDGE('',*,*,#1074,.F.);
#1589=ORIENTED_EDGE('',*,*,#946,.T.);
#1590=ORIENTED_EDGE('',*,*,#1075,.F.);
#1591=ORIENTED_EDGE('',*,*,#940,.T.);
#1592=ORIENTED_EDGE('',*,*,#1084,.F.);
#1593=ORIENTED_EDGE('',*,*,#890,.T.);
#1594=ORIENTED_EDGE('',*,*,#929,.T.);
#1595=ORIENTED_EDGE('',*,*,#1085,.T.);
#1596=ORIENTED_EDGE('',*,*,#921,.T.);
#1597=ORIENTED_EDGE('',*,*,#928,.T.);
#1598=ORIENTED_EDGE('',*,*,#1077,.F.);
#1599=ORIENTED_EDGE('',*,*,#922,.T.);
#1600=ORIENTED_EDGE('',*,*,#1085,.F.);
#1601=ORIENTED_EDGE('',*,*,#829,.T.);
#1602=ORIENTED_EDGE('',*,*,#1086,.T.);
#1603=ORIENTED_EDGE('',*,*,#1014,.F.);
#1604=ORIENTED_EDGE('',*,*,#1086,.F.);
#1605=PLANE('',#1746);
#1606=PLANE('',#1792);
#1607=PLANE('',#1801);
#1608=PLANE('',#1802);
#1609=PLANE('',#1803);
#1610=PLANE('',#1804);
#1611=PLANE('',#1805);
#1612=PLANE('',#1806);
#1613=PLANE('',#1807);
#1614=PLANE('',#1808);
#1615=PLANE('',#1809);
#1616=PLANE('',#1810);
#1617=PLANE('',#1811);
#1618=PLANE('',#1812);
#1619=PLANE('',#1813);
#1620=PLANE('',#1814);
#1621=PLANE('',#1815);
#1622=PLANE('',#1816);
#1623=PLANE('',#1836);
#1624=PLANE('',#1839);
#1625=PLANE('',#1842);
#1626=PLANE('',#1843);
#1627=PLANE('',#1846);
#1628=PLANE('',#1847);
#1629=PLANE('',#1850);
#1630=PLANE('',#1851);
#1631=PLANE('',#1854);
#1632=PLANE('',#1855);
#1633=PLANE('',#1858);
#1634=PLANE('',#1859);
#1635=PLANE('',#1862);
#1636=PLANE('',#1863);
#1637=PLANE('',#1866);
#1638=PLANE('',#1867);
#1639=PLANE('',#1870);
#1640=PLANE('',#1871);
#1641=PLANE('',#1874);
#1642=PLANE('',#1875);
#1643=PLANE('',#1878);
#1644=PLANE('',#1879);
#1645=ADVANCED_FACE('',(#386,#372),#1605,.T.);
#1646=ADVANCED_FACE('',(#387),#355,.F.);
#1647=ADVANCED_FACE('',(#388),#47,.F.);
#1648=ADVANCED_FACE('',(#389),#48,.F.);
#1649=ADVANCED_FACE('',(#390),#49,.F.);
#1650=ADVANCED_FACE('',(#391),#50,.F.);
#1651=ADVANCED_FACE('',(#392),#51,.F.);
#1652=ADVANCED_FACE('',(#393),#52,.F.);
#1653=ADVANCED_FACE('',(#394),#53,.F.);
#1654=ADVANCED_FACE('',(#395),#54,.F.);
#1655=ADVANCED_FACE('',(#396),#55,.F.);
#1656=ADVANCED_FACE('',(#397),#56,.F.);
#1657=ADVANCED_FACE('',(#398,#373),#1606,.F.);
#1658=ADVANCED_FACE('',(#399),#1607,.F.);
#1659=ADVANCED_FACE('',(#400),#1608,.F.);
#1660=ADVANCED_FACE('',(#401),#1609,.F.);
#1661=ADVANCED_FACE('',(#402),#1610,.F.);
#1662=ADVANCED_FACE('',(#403),#1611,.F.);
#1663=ADVANCED_FACE('',(#404),#1612,.F.);
#1664=ADVANCED_FACE('',(#405),#1613,.F.);
#1665=ADVANCED_FACE('',(#406),#1614,.F.);
#1666=ADVANCED_FACE('',(#407),#1615,.F.);
#1667=ADVANCED_FACE('',(#408),#1616,.F.);
#1668=ADVANCED_FACE('',(#409),#1617,.F.);
#1669=ADVANCED_FACE('',(#410),#1618,.F.);
#1670=ADVANCED_FACE('',(#411),#1619,.F.);
#1671=ADVANCED_FACE('',(#412),#1620,.F.);
#1672=ADVANCED_FACE('',(#413),#1621,.F.);
#1673=ADVANCED_FACE('',(#414,#374,#375,#376,#377,#378,#379,#380,#381,#382,
#383,#384),#1622,.T.);
#1674=ADVANCED_FACE('',(#415),#1623,.F.);
#1675=ADVANCED_FACE('',(#416),#57,.F.);
#1676=ADVANCED_FACE('',(#417),#1624,.F.);
#1677=ADVANCED_FACE('',(#418),#58,.T.);
#1678=ADVANCED_FACE('',(#419),#1625,.F.);
#1679=ADVANCED_FACE('',(#420),#1626,.F.);
#1680=ADVANCED_FACE('',(#421),#59,.T.);
#1681=ADVANCED_FACE('',(#422),#1627,.F.);
#1682=ADVANCED_FACE('',(#423),#1628,.F.);
#1683=ADVANCED_FACE('',(#424),#60,.T.);
#1684=ADVANCED_FACE('',(#425),#1629,.F.);
#1685=ADVANCED_FACE('',(#426),#1630,.F.);
#1686=ADVANCED_FACE('',(#427),#61,.T.);
#1687=ADVANCED_FACE('',(#428),#1631,.F.);
#1688=ADVANCED_FACE('',(#429),#1632,.F.);
#1689=ADVANCED_FACE('',(#430),#62,.T.);
#1690=ADVANCED_FACE('',(#431),#1633,.F.);
#1691=ADVANCED_FACE('',(#432),#1634,.F.);
#1692=ADVANCED_FACE('',(#433),#63,.T.);
#1693=ADVANCED_FACE('',(#434),#1635,.F.);
#1694=ADVANCED_FACE('',(#435),#1636,.F.);
#1695=ADVANCED_FACE('',(#436),#64,.T.);
#1696=ADVANCED_FACE('',(#437),#1637,.F.);
#1697=ADVANCED_FACE('',(#438),#1638,.F.);
#1698=ADVANCED_FACE('',(#439),#65,.T.);
#1699=ADVANCED_FACE('',(#440),#1639,.F.);
#1700=ADVANCED_FACE('',(#441),#1640,.F.);
#1701=ADVANCED_FACE('',(#442),#66,.T.);
#1702=ADVANCED_FACE('',(#443),#1641,.F.);
#1703=ADVANCED_FACE('',(#444),#1642,.F.);
#1704=ADVANCED_FACE('',(#445),#67,.T.);
#1705=ADVANCED_FACE('',(#446),#1643,.F.);
#1706=ADVANCED_FACE('',(#447,#385),#1644,.T.);
#1707=ADVANCED_FACE('',(#448),#356,.T.);
#1708=ADVANCED_FACE('',(#449),#357,.T.);
#1709=ADVANCED_FACE('',(#450),#358,.T.);
#1710=ADVANCED_FACE('',(#451),#359,.T.);
#1711=ADVANCED_FACE('',(#452),#360,.T.);
#1712=ADVANCED_FACE('',(#453),#361,.T.);
#1713=ADVANCED_FACE('',(#454),#362,.T.);
#1714=ADVANCED_FACE('',(#455),#363,.T.);
#1715=ADVANCED_FACE('',(#456),#364,.T.);
#1716=ADVANCED_FACE('',(#457),#365,.T.);
#1717=ADVANCED_FACE('',(#458),#366,.T.);
#1718=ADVANCED_FACE('',(#459),#367,.T.);
#1719=ADVANCED_FACE('',(#460),#368,.T.);
#1720=ADVANCED_FACE('',(#461),#369,.T.);
#1721=ADVANCED_FACE('',(#462),#370,.T.);
#1722=ADVANCED_FACE('',(#463),#68,.T.);
#1723=ADVANCED_FACE('',(#464),#69,.T.);
#1724=ADVANCED_FACE('',(#465),#70,.T.);
#1725=ADVANCED_FACE('',(#466),#71,.T.);
#1726=ADVANCED_FACE('',(#467),#72,.T.);
#1727=ADVANCED_FACE('',(#468),#73,.T.);
#1728=ADVANCED_FACE('',(#469),#74,.T.);
#1729=ADVANCED_FACE('',(#470),#371,.T.);
#1730=ADVANCED_FACE('',(#471),#75,.T.);
#1731=ADVANCED_FACE('',(#472),#76,.F.);
#1732=CLOSED_SHELL('',(#1645,#1646,#1647,#1648,#1649,#1650,#1651,#1652,
#1653,#1654,#1655,#1656,#1657,#1658,#1659,#1660,#1661,#1662,#1663,#1664,
#1665,#1666,#1667,#1668,#1669,#1670,#1671,#1672,#1673,#1674,#1675,#1676,
#1677,#1678,#1679,#1680,#1681,#1682,#1683,#1684,#1685,#1686,#1687,#1688,
#1689,#1690,#1691,#1692,#1693,#1694,#1695,#1696,#1697,#1698,#1699,#1700,
#1701,#1702,#1703,#1704,#1705,#1706,#1707,#1708,#1709,#1710,#1711,#1712,
#1713,#1714,#1715,#1716,#1717,#1718,#1719,#1720,#1721,#1722,#1723,#1724,
#1725,#1726,#1727,#1728,#1729,#1730,#1731));
#1733=DERIVED_UNIT_ELEMENT(#1735,1.);
#1734=DERIVED_UNIT_ELEMENT(#2994,-3.);
#1735=(
MASS_UNIT()
NAMED_UNIT(*)
SI_UNIT(.KILO.,.GRAM.)
);
#1736=DERIVED_UNIT((#1733,#1734));
#1737=MEASURE_REPRESENTATION_ITEM('density measure',
POSITIVE_RATIO_MEASURE(7850.),#1736);
#1738=PROPERTY_DEFINITION_REPRESENTATION(#1743,#1740);
#1739=PROPERTY_DEFINITION_REPRESENTATION(#1744,#1741);
#1740=REPRESENTATION('material name',(#1742),#2991);
#1741=REPRESENTATION('density',(#1737),#2991);
#1742=DESCRIPTIVE_REPRESENTATION_ITEM('Stahl','Stahl');
#1743=PROPERTY_DEFINITION('material property','material name',#3001);
#1744=PROPERTY_DEFINITION('material property','density of part',#3001);
#1745=AXIS2_PLACEMENT_3D('',#2412,#1921,#1922);
#1746=AXIS2_PLACEMENT_3D('',#2413,#1923,#1924);
#1747=AXIS2_PLACEMENT_3D('',#2415,#1925,#1926);
#1748=AXIS2_PLACEMENT_3D('',#2417,#1927,#1928);
#1749=AXIS2_PLACEMENT_3D('',#2418,#1929,#1930);
#1750=AXIS2_PLACEMENT_3D('',#2421,#1931,#1932);
#1751=AXIS2_PLACEMENT_3D('',#2424,#1934,#1935);
#1752=AXIS2_PLACEMENT_3D('',#2426,#1936,#1937);
#1753=AXIS2_PLACEMENT_3D('',#2428,#1938,#1939);
#1754=AXIS2_PLACEMENT_3D('',#2430,#1940,#1941);
#1755=AXIS2_PLACEMENT_3D('',#2432,#1942,#1943);
#1756=AXIS2_PLACEMENT_3D('',#2434,#1944,#1945);
#1757=AXIS2_PLACEMENT_3D('',#2436,#1946,#1947);
#1758=AXIS2_PLACEMENT_3D('',#2438,#1948,#1949);
#1759=AXIS2_PLACEMENT_3D('',#2440,#1950,#1951);
#1760=AXIS2_PLACEMENT_3D('',#2442,#1952,#1953);
#1761=AXIS2_PLACEMENT_3D('',#2444,#1954,#1955);
#1762=AXIS2_PLACEMENT_3D('',#2446,#1956,#1957);
#1763=AXIS2_PLACEMENT_3D('',#2448,#1958,#1959);
#1764=AXIS2_PLACEMENT_3D('',#2450,#1960,#1961);
#1765=AXIS2_PLACEMENT_3D('',#2452,#1962,#1963);
#1766=AXIS2_PLACEMENT_3D('',#2454,#1964,#1965);
#1767=AXIS2_PLACEMENT_3D('',#2456,#1966,#1967);
#1768=AXIS2_PLACEMENT_3D('',#2458,#1968,#1969);
#1769=AXIS2_PLACEMENT_3D('',#2460,#1970,#1971);
#1770=AXIS2_PLACEMENT_3D('',#2462,#1972,#1973);
#1771=AXIS2_PLACEMENT_3D('',#2463,#1974,#1975);
#1772=AXIS2_PLACEMENT_3D('',#2464,#1976,#1977);
#1773=AXIS2_PLACEMENT_3D('',#2468,#1979,#1980);
#1774=AXIS2_PLACEMENT_3D('',#2470,#1982,#1983);
#1775=AXIS2_PLACEMENT_3D('',#2474,#1985,#1986);
#1776=AXIS2_PLACEMENT_3D('',#2476,#1988,#1989);
#1777=AXIS2_PLACEMENT_3D('',#2480,#1991,#1992);
#1778=AXIS2_PLACEMENT_3D('',#2482,#1994,#1995);
#1779=AXIS2_PLACEMENT_3D('',#2486,#1997,#1998);
#1780=AXIS2_PLACEMENT_3D('',#2488,#2000,#2001);
#1781=AXIS2_PLACEMENT_3D('',#2492,#2003,#2004);
#1782=AXIS2_PLACEMENT_3D('',#2494,#2006,#2007);
#1783=AXIS2_PLACEMENT_3D('',#2498,#2009,#2010);
#1784=AXIS2_PLACEMENT_3D('',#2500,#2012,#2013);
#1785=AXIS2_PLACEMENT_3D('',#2504,#2015,#2016);
#1786=AXIS2_PLACEMENT_3D('',#2506,#2018,#2019);
#1787=AXIS2_PLACEMENT_3D('',#2510,#2021,#2022);
#1788=AXIS2_PLACEMENT_3D('',#2512,#2024,#2025);
#1789=AXIS2_PLACEMENT_3D('',#2516,#2027,#2028);
#1790=AXIS2_PLACEMENT_3D('',#2518,#2030,#2031);
#1791=AXIS2_PLACEMENT_3D('',#2522,#2033,#2034);
#1792=AXIS2_PLACEMENT_3D('',#2524,#2036,#2037);
#1793=AXIS2_PLACEMENT_3D('',#2529,#2039,#2040);
#1794=AXIS2_PLACEMENT_3D('',#2535,#2043,#2044);
#1795=AXIS2_PLACEMENT_3D('',#2541,#2047,#2048);
#1796=AXIS2_PLACEMENT_3D('',#2547,#2051,#2052);
#1797=AXIS2_PLACEMENT_3D('',#2553,#2055,#2056);
#1798=AXIS2_PLACEMENT_3D('',#2559,#2059,#2060);
#1799=AXIS2_PLACEMENT_3D('',#2565,#2063,#2064);
#1800=AXIS2_PLACEMENT_3D('',#2571,#2067,#2068);
#1801=AXIS2_PLACEMENT_3D('',#2573,#2070,#2071);
#1802=AXIS2_PLACEMENT_3D('',#2587,#2075,#2076);
#1803=AXIS2_PLACEMENT_3D('',#2599,#2079,#2080);
#1804=AXIS2_PLACEMENT_3D('',#2613,#2084,#2085);
#1805=AXIS2_PLACEMENT_3D('',#2625,#2088,#2089);
#1806=AXIS2_PLACEMENT_3D('',#2639,#2093,#2094);
#1807=AXIS2_PLACEMENT_3D('',#2651,#2097,#2098);
#1808=AXIS2_PLACEMENT_3D('',#2665,#2102,#2103);
#1809=AXIS2_PLACEMENT_3D('',#2677,#2106,#2107);
#1810=AXIS2_PLACEMENT_3D('',#2691,#2111,#2112);
#1811=AXIS2_PLACEMENT_3D('',#2703,#2115,#2116);
#1812=AXIS2_PLACEMENT_3D('',#2717,#2120,#2121);
#1813=AXIS2_PLACEMENT_3D('',#2729,#2124,#2125);
#1814=AXIS2_PLACEMENT_3D('',#2743,#2129,#2130);
#1815=AXIS2_PLACEMENT_3D('',#2755,#2133,#2134);
#1816=AXIS2_PLACEMENT_3D('',#2769,#2138,#2139);
#1817=AXIS2_PLACEMENT_3D('',#2770,#2140,#2141);
#1818=AXIS2_PLACEMENT_3D('',#2771,#2142,#2143);
#1819=AXIS2_PLACEMENT_3D('',#2772,#2144,#2145);
#1820=AXIS2_PLACEMENT_3D('',#2773,#2146,#2147);
#1821=AXIS2_PLACEMENT_3D('',#2774,#2148,#2149);
#1822=AXIS2_PLACEMENT_3D('',#2775,#2150,#2151);
#1823=AXIS2_PLACEMENT_3D('',#2777,#2152,#2153);
#1824=AXIS2_PLACEMENT_3D('',#2779,#2155,#2156);
#1825=AXIS2_PLACEMENT_3D('',#2784,#2159,#2160);
#1826=AXIS2_PLACEMENT_3D('',#2789,#2163,#2164);
#1827=AXIS2_PLACEMENT_3D('',#2794,#2167,#2168);
#1828=AXIS2_PLACEMENT_3D('',#2798,#2170,#2171);
#1829=AXIS2_PLACEMENT_3D('',#2803,#2174,#2175);
#1830=AXIS2_PLACEMENT_3D('',#2809,#2179,#2180);
#1831=AXIS2_PLACEMENT_3D('',#2813,#2182,#2183);
#1832=AXIS2_PLACEMENT_3D('',#2818,#2186,#2187);
#1833=AXIS2_PLACEMENT_3D('',#2823,#2190,#2191);
#1834=AXIS2_PLACEMENT_3D('',#2828,#2194,#2195);
#1835=AXIS2_PLACEMENT_3D('',#2831,#2197,#2198);
#1836=AXIS2_PLACEMENT_3D('',#2832,#2199,#2200);
#1837=AXIS2_PLACEMENT_3D('',#2842,#2202,#2203);
#1838=AXIS2_PLACEMENT_3D('',#2844,#2204,#2205);
#1839=AXIS2_PLACEMENT_3D('',#2846,#2207,#2208);
#1840=AXIS2_PLACEMENT_3D('',#2850,#2211,#2212);
#1841=AXIS2_PLACEMENT_3D('',#2853,#2214,#2215);
#1842=AXIS2_PLACEMENT_3D('',#2854,#2216,#2217);
#1843=AXIS2_PLACEMENT_3D('',#2856,#2219,#2220);
#1844=AXIS2_PLACEMENT_3D('',#2860,#2223,#2224);
#1845=AXIS2_PLACEMENT_3D('',#2863,#2226,#2227);
#1846=AXIS2_PLACEMENT_3D('',#2864,#2228,#2229);
#1847=AXIS2_PLACEMENT_3D('',#2866,#2231,#2232);
#1848=AXIS2_PLACEMENT_3D('',#2870,#2235,#2236);
#1849=AXIS2_PLACEMENT_3D('',#2873,#2238,#2239);
#1850=AXIS2_PLACEMENT_3D('',#2874,#2240,#2241);
#1851=AXIS2_PLACEMENT_3D('',#2876,#2243,#2244);
#1852=AXIS2_PLACEMENT_3D('',#2880,#2247,#2248);
#1853=AXIS2_PLACEMENT_3D('',#2883,#2250,#2251);
#1854=AXIS2_PLACEMENT_3D('',#2884,#2252,#2253);
#1855=AXIS2_PLACEMENT_3D('',#2886,#2255,#2256);
#1856=AXIS2_PLACEMENT_3D('',#2890,#2259,#2260);
#1857=AXIS2_PLACEMENT_3D('',#2893,#2262,#2263);
#1858=AXIS2_PLACEMENT_3D('',#2894,#2264,#2265);
#1859=AXIS2_PLACEMENT_3D('',#2896,#2267,#2268);
#1860=AXIS2_PLACEMENT_3D('',#2900,#2271,#2272);
#1861=AXIS2_PLACEMENT_3D('',#2903,#2274,#2275);
#1862=AXIS2_PLACEMENT_3D('',#2904,#2276,#2277);
#1863=AXIS2_PLACEMENT_3D('',#2906,#2279,#2280);
#1864=AXIS2_PLACEMENT_3D('',#2910,#2283,#2284);
#1865=AXIS2_PLACEMENT_3D('',#2913,#2286,#2287);
#1866=AXIS2_PLACEMENT_3D('',#2914,#2288,#2289);
#1867=AXIS2_PLACEMENT_3D('',#2916,#2291,#2292);
#1868=AXIS2_PLACEMENT_3D('',#2920,#2295,#2296);
#1869=AXIS2_PLACEMENT_3D('',#2923,#2298,#2299);
#1870=AXIS2_PLACEMENT_3D('',#2924,#2300,#2301);
#1871=AXIS2_PLACEMENT_3D('',#2926,#2303,#2304);
#1872=AXIS2_PLACEMENT_3D('',#2930,#2307,#2308);
#1873=AXIS2_PLACEMENT_3D('',#2933,#2310,#2311);
#1874=AXIS2_PLACEMENT_3D('',#2934,#2312,#2313);
#1875=AXIS2_PLACEMENT_3D('',#2936,#2315,#2316);
#1876=AXIS2_PLACEMENT_3D('',#2940,#2319,#2320);
#1877=AXIS2_PLACEMENT_3D('',#2943,#2322,#2323);
#1878=AXIS2_PLACEMENT_3D('',#2944,#2324,#2325);
#1879=AXIS2_PLACEMENT_3D('',#2946,#2327,#2328);
#1880=AXIS2_PLACEMENT_3D('',#2947,#2329,#2330);
#1881=AXIS2_PLACEMENT_3D('',#2948,#2331,#2332);
#1882=AXIS2_PLACEMENT_3D('',#2949,#2333,#2334);
#1883=AXIS2_PLACEMENT_3D('',#2950,#2335,#2336);
#1884=AXIS2_PLACEMENT_3D('',#2951,#2337,#2338);
#1885=AXIS2_PLACEMENT_3D('',#2952,#2339,#2340);
#1886=AXIS2_PLACEMENT_3D('',#2953,#2341,#2342);
#1887=AXIS2_PLACEMENT_3D('',#2954,#2343,#2344);
#1888=AXIS2_PLACEMENT_3D('',#2955,#2345,#2346);
#1889=AXIS2_PLACEMENT_3D('',#2956,#2347,#2348);
#1890=AXIS2_PLACEMENT_3D('',#2957,#2349,#2350);
#1891=AXIS2_PLACEMENT_3D('',#2958,#2351,#2352);
#1892=AXIS2_PLACEMENT_3D('',#2959,#2353,#2354);
#1893=AXIS2_PLACEMENT_3D('',#2960,#2355,#2356);
#1894=AXIS2_PLACEMENT_3D('',#2961,#2357,#2358);
#1895=AXIS2_PLACEMENT_3D('',#2962,#2359,#2360);
#1896=AXIS2_PLACEMENT_3D('',#2963,#2361,#2362);
#1897=AXIS2_PLACEMENT_3D('',#2964,#2363,#2364);
#1898=AXIS2_PLACEMENT_3D('',#2965,#2365,#2366);
#1899=AXIS2_PLACEMENT_3D('',#2966,#2367,#2368);
#1900=AXIS2_PLACEMENT_3D('',#2967,#2369,#2370);
#1901=AXIS2_PLACEMENT_3D('',#2968,#2371,#2372);
#1902=AXIS2_PLACEMENT_3D('',#2969,#2373,#2374);
#1903=AXIS2_PLACEMENT_3D('',#2970,#2375,#2376);
#1904=AXIS2_PLACEMENT_3D('',#2971,#2377,#2378);
#1905=AXIS2_PLACEMENT_3D('',#2972,#2379,#2380);
#1906=AXIS2_PLACEMENT_3D('',#2973,#2381,#2382);
#1907=AXIS2_PLACEMENT_3D('',#2974,#2383,#2384);
#1908=AXIS2_PLACEMENT_3D('',#2975,#2385,#2386);
#1909=AXIS2_PLACEMENT_3D('',#2976,#2387,#2388);
#1910=AXIS2_PLACEMENT_3D('',#2977,#2389,#2390);
#1911=AXIS2_PLACEMENT_3D('',#2978,#2391,#2392);
#1912=AXIS2_PLACEMENT_3D('',#2979,#2393,#2394);
#1913=AXIS2_PLACEMENT_3D('',#2980,#2395,#2396);
#1914=AXIS2_PLACEMENT_3D('',#2981,#2397,#2398);
#1915=AXIS2_PLACEMENT_3D('',#2982,#2399,#2400);
#1916=AXIS2_PLACEMENT_3D('',#2983,#2401,#2402);
#1917=AXIS2_PLACEMENT_3D('',#2984,#2403,#2404);
#1918=AXIS2_PLACEMENT_3D('',#2985,#2405,#2406);
#1919=AXIS2_PLACEMENT_3D('',#2986,#2407,#2408);
#1920=AXIS2_PLACEMENT_3D('',#2987,#2409,#2410);
#1921=DIRECTION('axis',(0.,0.,1.));
#1922=DIRECTION('refdir',(1.,0.,0.));
#1923=DIRECTION('center_axis',(2.1231627567159E-13,1.,-4.95892274715269E-18));
#1924=DIRECTION('ref_axis',(1.,-2.1231627567159E-13,4.97220995394075E-17));
#1925=DIRECTION('center_axis',(-2.1231627567159E-13,-1.,4.95892274715269E-18));
#1926=DIRECTION('ref_axis',(-1.,2.1231627567159E-13,-4.97220995394075E-17));
#1927=DIRECTION('center_axis',(2.1231627567159E-13,1.,-4.95892274715269E-18));
#1928=DIRECTION('ref_axis',(1.,-2.1231627567159E-13,4.97220995394075E-17));
#1929=DIRECTION('center_axis',(2.1231627567159E-13,1.,-4.95892274715269E-18));
#1930=DIRECTION('ref_axis',(-1.,2.1231627567159E-13,-4.97220995394075E-17));
#1931=DIRECTION('center_axis',(-2.1231627567159E-13,-1.,4.95892274715269E-18));
#1932=DIRECTION('ref_axis',(-1.,2.1231627567159E-13,-4.97220995394075E-17));
#1933=DIRECTION('',(0.707106781186697,0.707106781186398,-5.49432597662936E-17));
#1934=DIRECTION('center_axis',(2.1231627567159E-13,1.,-4.95892274715269E-18));
#1935=DIRECTION('ref_axis',(-1.,2.1231627567159E-13,-4.97220995394075E-17));
#1936=DIRECTION('center_axis',(-2.1231627567159E-13,-1.,4.95892274715269E-18));
#1937=DIRECTION('ref_axis',(-1.,2.1231627567159E-13,-4.97220995394075E-17));
#1938=DIRECTION('center_axis',(-2.1231627567159E-13,-1.,4.95892274715269E-18));
#1939=DIRECTION('ref_axis',(-1.,2.1231627567159E-13,-4.97220995394075E-17));
#1940=DIRECTION('center_axis',(-2.1231627567159E-13,-1.,4.95892274715269E-18));
#1941=DIRECTION('ref_axis',(-1.,2.1231627567159E-13,-4.97220995394075E-17));
#1942=DIRECTION('center_axis',(-2.1231627567159E-13,-1.,4.95892274715269E-18));
#1943=DIRECTION('ref_axis',(-1.,2.1231627567159E-13,-4.97220995394075E-17));
#1944=DIRECTION('center_axis',(-2.1231627567159E-13,-1.,4.95892274715269E-18));
#1945=DIRECTION('ref_axis',(-1.,2.1231627567159E-13,-4.97220995394075E-17));
#1946=DIRECTION('center_axis',(-2.1231627567159E-13,-1.,4.95892274715269E-18));
#1947=DIRECTION('ref_axis',(-1.,2.1231627567159E-13,-4.97220995394075E-17));
#1948=DIRECTION('center_axis',(-2.1231627567159E-13,-1.,4.95892274715269E-18));
#1949=DIRECTION('ref_axis',(-1.,2.1231627567159E-13,-4.97220995394075E-17));
#1950=DIRECTION('center_axis',(-2.1231627567159E-13,-1.,4.95892274715269E-18));
#1951=DIRECTION('ref_axis',(-1.,2.1231627567159E-13,-4.97220995394075E-17));
#1952=DIRECTION('center_axis',(-2.1231627567159E-13,-1.,4.95892274715269E-18));
#1953=DIRECTION('ref_axis',(-1.,2.1231627567159E-13,-4.97220995394075E-17));
#1954=DIRECTION('center_axis',(-2.1231627567159E-13,-1.,4.95892274715269E-18));
#1955=DIRECTION('ref_axis',(-1.,2.1231627567159E-13,-4.97220995394075E-17));
#1956=DIRECTION('center_axis',(-2.1231627567159E-13,-1.,4.95892274715269E-18));
#1957=DIRECTION('ref_axis',(-1.,2.1231627567159E-13,-4.97220995394075E-17));
#1958=DIRECTION('center_axis',(-2.1231627567159E-13,-1.,4.95892274715269E-18));
#1959=DIRECTION('ref_axis',(-1.,2.1231627567159E-13,-4.97220995394075E-17));
#1960=DIRECTION('center_axis',(-2.1231627567159E-13,-1.,4.95892274715269E-18));
#1961=DIRECTION('ref_axis',(-1.,2.1231627567159E-13,-4.97220995394075E-17));
#1962=DIRECTION('center_axis',(-2.1231627567159E-13,-1.,4.95892274715269E-18));
#1963=DIRECTION('ref_axis',(-1.,2.1231627567159E-13,-4.97220995394075E-17));
#1964=DIRECTION('center_axis',(-2.1231627567159E-13,-1.,4.95892274715269E-18));
#1965=DIRECTION('ref_axis',(-1.,2.1231627567159E-13,-4.97220995394075E-17));
#1966=DIRECTION('center_axis',(-2.1231627567159E-13,-1.,4.95892274715269E-18));
#1967=DIRECTION('ref_axis',(-1.,2.1231627567159E-13,-4.97220995394075E-17));
#1968=DIRECTION('center_axis',(-2.1231627567159E-13,-1.,4.95892274715269E-18));
#1969=DIRECTION('ref_axis',(-1.,2.1231627567159E-13,-4.97220995394075E-17));
#1970=DIRECTION('center_axis',(-2.1231627567159E-13,-1.,4.95892274715269E-18));
#1971=DIRECTION('ref_axis',(-1.,2.1231627567159E-13,-4.97220995394075E-17));
#1972=DIRECTION('center_axis',(-2.1231627567159E-13,-1.,4.95892274715269E-18));
#1973=DIRECTION('ref_axis',(-1.,2.1231627567159E-13,-4.97220995394075E-17));
#1974=DIRECTION('center_axis',(-2.1231627567159E-13,-1.,4.95892274715269E-18));
#1975=DIRECTION('ref_axis',(-1.,2.1231627567159E-13,-4.97220995394075E-17));
#1976=DIRECTION('center_axis',(2.1231627567159E-13,1.,-4.95892274715269E-18));
#1977=DIRECTION('ref_axis',(-1.,2.1231627567159E-13,-4.97220995394075E-17));
#1978=DIRECTION('',(2.1231627567159E-13,1.,-4.95892274715269E-18));
#1979=DIRECTION('center_axis',(2.1231627567159E-13,1.,-4.95892274715269E-18));
#1980=DIRECTION('ref_axis',(-1.,2.1231627567159E-13,-4.97220995394075E-17));
#1981=DIRECTION('',(-2.1231627567159E-13,-1.,4.95892274715269E-18));
#1982=DIRECTION('center_axis',(2.1231627567159E-13,1.,-4.95892274715269E-18));
#1983=DIRECTION('ref_axis',(-1.,2.1231627567159E-13,-4.97220995394075E-17));
#1984=DIRECTION('',(2.1231627567159E-13,1.,-4.95892274715269E-18));
#1985=DIRECTION('center_axis',(2.1231627567159E-13,1.,-4.95892274715269E-18));
#1986=DIRECTION('ref_axis',(-1.,2.1231627567159E-13,-4.97220995394075E-17));
#1987=DIRECTION('',(-2.1231627567159E-13,-1.,4.95892274715269E-18));
#1988=DIRECTION('center_axis',(2.1231627567159E-13,1.,-4.95892274715269E-18));
#1989=DIRECTION('ref_axis',(-1.,2.1231627567159E-13,-4.97220995394075E-17));
#1990=DIRECTION('',(2.1231627567159E-13,1.,-4.95892274715269E-18));
#1991=DIRECTION('center_axis',(2.1231627567159E-13,1.,-4.95892274715269E-18));
#1992=DIRECTION('ref_axis',(-1.,2.1231627567159E-13,-4.97220995394075E-17));
#1993=DIRECTION('',(-2.1231627567159E-13,-1.,4.95892274715269E-18));
#1994=DIRECTION('center_axis',(2.1231627567159E-13,1.,-4.95892274715269E-18));
#1995=DIRECTION('ref_axis',(-1.,2.1231627567159E-13,-4.97220995394075E-17));
#1996=DIRECTION('',(2.1231627567159E-13,1.,-4.95892274715269E-18));
#1997=DIRECTION('center_axis',(2.1231627567159E-13,1.,-4.95892274715269E-18));
#1998=DIRECTION('ref_axis',(-1.,2.1231627567159E-13,-4.97220995394075E-17));
#1999=DIRECTION('',(-2.1231627567159E-13,-1.,4.95892274715269E-18));
#2000=DIRECTION('center_axis',(2.1231627567159E-13,1.,-4.95892274715269E-18));
#2001=DIRECTION('ref_axis',(0.95105647331783,-2.0192323597614E-13,0.309017126645517));
#2002=DIRECTION('',(2.1231627567159E-13,1.,-4.95892274715269E-18));
#2003=DIRECTION('center_axis',(2.1231627567159E-13,1.,-4.95892274715269E-18));
#2004=DIRECTION('ref_axis',(-1.,2.1231627567159E-13,-4.97220995394075E-17));
#2005=DIRECTION('',(-2.1231627567159E-13,-1.,4.95892274715269E-18));
#2006=DIRECTION('center_axis',(2.1231627567159E-13,1.,-4.95892274715269E-18));
#2007=DIRECTION('ref_axis',(-1.,2.1231627567159E-13,-4.97220995394075E-17));
#2008=DIRECTION('',(2.1231627567159E-13,1.,-4.95892274715269E-18));
#2009=DIRECTION('center_axis',(2.1231627567159E-13,1.,-4.95892274715269E-18));
#2010=DIRECTION('ref_axis',(-1.,2.1231627567159E-13,-4.97220995394075E-17));
#2011=DIRECTION('',(-2.1231627567159E-13,-1.,4.95892274715269E-18));
#2012=DIRECTION('center_axis',(2.1231627567159E-13,1.,-4.95892274715269E-18));
#2013=DIRECTION('ref_axis',(-1.,2.1231627567159E-13,-4.97220995394075E-17));
#2014=DIRECTION('',(2.1231627567159E-13,1.,-4.95892274715269E-18));
#2015=DIRECTION('center_axis',(2.1231627567159E-13,1.,-4.95892274715269E-18));
#2016=DIRECTION('ref_axis',(-1.,2.1231627567159E-13,-4.97220995394075E-17));
#2017=DIRECTION('',(-2.1231627567159E-13,-1.,4.95892274715269E-18));
#2018=DIRECTION('center_axis',(2.1231627567159E-13,1.,-4.95892274715269E-18));
#2019=DIRECTION('ref_axis',(-1.,2.1231627567159E-13,-4.97220995394075E-17));
#2020=DIRECTION('',(2.1231627567159E-13,1.,-4.95892274715269E-18));
#2021=DIRECTION('center_axis',(2.1231627567159E-13,1.,-4.95892274715269E-18));
#2022=DIRECTION('ref_axis',(-1.,2.1231627567159E-13,-4.97220995394075E-17));
#2023=DIRECTION('',(-2.1231627567159E-13,-1.,4.95892274715269E-18));
#2024=DIRECTION('center_axis',(2.1231627567159E-13,1.,-4.95892274715269E-18));
#2025=DIRECTION('ref_axis',(-1.,2.1231627567159E-13,-4.97220995394075E-17));
#2026=DIRECTION('',(2.1231627567159E-13,1.,-4.95892274715269E-18));
#2027=DIRECTION('center_axis',(2.1231627567159E-13,1.,-4.95892274715269E-18));
#2028=DIRECTION('ref_axis',(-1.,2.1231627567159E-13,-4.97220995394075E-17));
#2029=DIRECTION('',(-2.1231627567159E-13,-1.,4.95892274715269E-18));
#2030=DIRECTION('center_axis',(2.1231627567159E-13,1.,-4.95892274715269E-18));
#2031=DIRECTION('ref_axis',(-1.,2.1231627567159E-13,-4.97220995394075E-17));
#2032=DIRECTION('',(2.1231627567159E-13,1.,-4.95892274715269E-18));
#2033=DIRECTION('center_axis',(2.1231627567159E-13,1.,-4.95892274715269E-18));
#2034=DIRECTION('ref_axis',(-1.,2.1231627567159E-13,-4.97220995394075E-17));
#2035=DIRECTION('',(-2.1231627567159E-13,-1.,4.95892274715269E-18));
#2036=DIRECTION('center_axis',(-2.1231627567159E-13,-1.,4.95892274715269E-18));
#2037=DIRECTION('ref_axis',(-1.,2.1231627567159E-13,-4.97220995394075E-17));
#2038=DIRECTION('',(0.377024325259476,-8.00438076057915E-14,0.926203356808124));
#2039=DIRECTION('center_axis',(2.1231627567159E-13,1.,-4.95892274715269E-18));
#2040=DIRECTION('ref_axis',(-1.,2.1231627567159E-13,-4.97220995394075E-17));
#2041=DIRECTION('',(0.388330047497593,-8.24442196677846E-14,0.921520360171449));
#2042=DIRECTION('',(-0.921521131420025,1.9565200888614E-13,-0.388328217293512));
#2043=DIRECTION('center_axis',(2.1231627567159E-13,1.,-4.95892274715269E-18));
#2044=DIRECTION('ref_axis',(-1.,2.1231627567159E-13,-4.97220995394075E-17));
#2045=DIRECTION('',(-0.926204105602744,1.9664633658793E-13,-0.377022485754658));
#2046=DIRECTION('',(0.926203356808124,-1.96649916866528E-13,-0.377024325259476));
#2047=DIRECTION('center_axis',(2.1231627567159E-13,1.,-4.95892274715269E-18));
#2048=DIRECTION('ref_axis',(-1.,2.1231627567159E-13,-4.97220995394075E-17));
#2049=DIRECTION('',(-0.921520360171449,1.9565569652585E-13,0.388330047497593));
#2050=DIRECTION('',(0.388328217293512,-8.24529705860469E-14,-0.921521131420025));
#2051=DIRECTION('center_axis',(2.1231627567159E-13,1.,-4.95892274715269E-18));
#2052=DIRECTION('ref_axis',(-1.,2.1231627567159E-13,-4.97220995394075E-17));
#2053=DIRECTION('',(-0.377022485754657,8.00526029944817E-14,0.926204105602744));
#2054=DIRECTION('',(-0.377024325259476,8.00438076057915E-14,-0.926203356808124));
#2055=DIRECTION('center_axis',(2.1231627567159E-13,1.,-4.95892274715269E-18));
#2056=DIRECTION('ref_axis',(-1.,2.1231627567159E-13,-4.97220995394075E-17));
#2057=DIRECTION('',(0.388330047497607,-8.24442196677876E-14,0.921520360171443));
#2058=DIRECTION('',(-0.921521131420028,1.9565200888614E-13,-0.388328217293506));
#2059=DIRECTION('center_axis',(2.1231627567159E-13,1.,-4.95892274715269E-18));
#2060=DIRECTION('ref_axis',(-1.,2.1231627567159E-13,-4.97220995394075E-17));
#2061=DIRECTION('',(0.926204105602744,-1.9664633658793E-13,0.377022485754658));
#2062=DIRECTION('',(-0.926203356808124,1.96649916866528E-13,0.377024325259476));
#2063=DIRECTION('center_axis',(2.1231627567159E-13,1.,-4.95892274715269E-18));
#2064=DIRECTION('ref_axis',(-1.,2.1231627567159E-13,-4.97220995394075E-17));
#2065=DIRECTION('',(0.921520360171449,-1.9565569652585E-13,-0.388330047497593));
#2066=DIRECTION('',(-0.388328217293512,8.24529705860469E-14,0.921521131420025));
#2067=DIRECTION('center_axis',(2.1231627567159E-13,1.,-4.95892274715269E-18));
#2068=DIRECTION('ref_axis',(-1.,2.1231627567159E-13,-4.97220995394075E-17));
#2069=DIRECTION('',(0.377022485754657,-8.00526029944817E-14,-0.926204105602744));
#2070=DIRECTION('center_axis',(0.926203356808124,-1.96649916866529E-13,
-0.377024325259476));
#2071=DIRECTION('ref_axis',(-0.377024325259476,8.00438076057916E-14,-0.926203356808124));
#2072=DIRECTION('',(2.1231627567159E-13,1.,-4.95892274715269E-18));
#2073=DIRECTION('',(-0.377024325259476,8.00438076057915E-14,-0.926203356808124));
#2074=DIRECTION('',(-2.1231627567159E-13,-1.,4.95892274715269E-18));
#2075=DIRECTION('center_axis',(-0.926204105602744,1.9664633658793E-13,-0.377022485754657));
#2076=DIRECTION('ref_axis',(-0.377022485754657,8.00526029944817E-14,0.926204105602744));
#2077=DIRECTION('',(2.1231627567159E-13,1.,-4.95892274715269E-18));
#2078=DIRECTION('',(-0.377022485754657,8.00526029944817E-14,0.926204105602744));
#2079=DIRECTION('center_axis',(-0.921521131420025,1.9565200888614E-13,-0.388328217293512));
#2080=DIRECTION('ref_axis',(-0.388328217293512,8.24529705860469E-14,0.921521131420025));
#2081=DIRECTION('',(2.1231627567159E-13,1.,-4.95892274715269E-18));
#2082=DIRECTION('',(-0.388328217293512,8.24529705860469E-14,0.921521131420025));
#2083=DIRECTION('',(-2.1231627567159E-13,-1.,4.95892274715269E-18));
#2084=DIRECTION('center_axis',(0.388330047497593,-8.24442196677846E-14,
0.921520360171449));
#2085=DIRECTION('ref_axis',(0.921520360171449,-1.9565569652585E-13,-0.388330047497593));
#2086=DIRECTION('',(2.1231627567159E-13,1.,-4.95892274715269E-18));
#2087=DIRECTION('',(0.921520360171449,-1.9565569652585E-13,-0.388330047497593));
#2088=DIRECTION('center_axis',(-0.377024325259476,8.00438076057916E-14,
-0.926203356808124));
#2089=DIRECTION('ref_axis',(-0.926203356808124,1.96649916866529E-13,0.377024325259476));
#2090=DIRECTION('',(2.1231627567159E-13,1.,-4.95892274715269E-18));
#2091=DIRECTION('',(-0.926203356808124,1.96649916866528E-13,0.377024325259476));
#2092=DIRECTION('',(-2.1231627567159E-13,-1.,4.95892274715269E-18));
#2093=DIRECTION('center_axis',(-0.377022485754658,8.00526029944819E-14,
0.926204105602744));
#2094=DIRECTION('ref_axis',(0.926204105602744,-1.9664633658793E-13,0.377022485754658));
#2095=DIRECTION('',(2.1231627567159E-13,1.,-4.95892274715269E-18));
#2096=DIRECTION('',(0.926204105602744,-1.9664633658793E-13,0.377022485754658));
#2097=DIRECTION('center_axis',(0.921521131420025,-1.9565200888614E-13,0.388328217293512));
#2098=DIRECTION('ref_axis',(0.388328217293512,-8.24529705860469E-14,-0.921521131420025));
#2099=DIRECTION('',(2.1231627567159E-13,1.,-4.95892274715269E-18));
#2100=DIRECTION('',(-0.388328217293512,8.24529705860469E-14,0.921521131420025));
#2101=DIRECTION('',(-2.1231627567159E-13,-1.,4.95892274715269E-18));
#2102=DIRECTION('center_axis',(-0.388330047497593,8.24442196677846E-14,
-0.921520360171449));
#2103=DIRECTION('ref_axis',(-0.921520360171449,1.9565569652585E-13,0.388330047497593));
#2104=DIRECTION('',(2.1231627567159E-13,1.,-4.95892274715269E-18));
#2105=DIRECTION('',(0.921520360171449,-1.9565569652585E-13,-0.388330047497593));
#2106=DIRECTION('center_axis',(0.377024325259476,-8.00438076057916E-14,
0.926203356808124));
#2107=DIRECTION('ref_axis',(0.926203356808124,-1.96649916866529E-13,-0.377024325259476));
#2108=DIRECTION('',(2.1231627567159E-13,1.,-4.95892274715269E-18));
#2109=DIRECTION('',(0.926203356808124,-1.96649916866528E-13,-0.377024325259476));
#2110=DIRECTION('',(-2.1231627567159E-13,-1.,4.95892274715269E-18));
#2111=DIRECTION('center_axis',(0.377022485754658,-8.00526029944819E-14,
-0.926204105602744));
#2112=DIRECTION('ref_axis',(-0.926204105602744,1.9664633658793E-13,-0.377022485754658));
#2113=DIRECTION('',(2.1231627567159E-13,1.,-4.95892274715269E-18));
#2114=DIRECTION('',(-0.926204105602744,1.9664633658793E-13,-0.377022485754658));
#2115=DIRECTION('center_axis',(-0.388328217293506,8.24529705860457E-14,
0.921521131420028));
#2116=DIRECTION('ref_axis',(0.921521131420028,-1.9565200888614E-13,0.388328217293506));
#2117=DIRECTION('',(2.1231627567159E-13,1.,-4.95892274715269E-18));
#2118=DIRECTION('',(0.921521131420028,-1.9565200888614E-13,0.388328217293506));
#2119=DIRECTION('',(-2.1231627567159E-13,-1.,4.95892274715269E-18));
#2120=DIRECTION('center_axis',(0.921520360171443,-1.95655696525849E-13,
-0.388330047497607));
#2121=DIRECTION('ref_axis',(-0.388330047497607,8.24442196677876E-14,-0.921520360171443));
#2122=DIRECTION('',(2.1231627567159E-13,1.,-4.95892274715269E-18));
#2123=DIRECTION('',(-0.388330047497607,8.24442196677876E-14,-0.921520360171443));
#2124=DIRECTION('center_axis',(-0.926203356808124,1.96649916866529E-13,
0.377024325259476));
#2125=DIRECTION('ref_axis',(0.377024325259476,-8.00438076057916E-14,0.926203356808124));
#2126=DIRECTION('',(2.1231627567159E-13,1.,-4.95892274715269E-18));
#2127=DIRECTION('',(0.377024325259476,-8.00438076057915E-14,0.926203356808124));
#2128=DIRECTION('',(-2.1231627567159E-13,-1.,4.95892274715269E-18));
#2129=DIRECTION('center_axis',(0.926204105602744,-1.9664633658793E-13,0.377022485754657));
#2130=DIRECTION('ref_axis',(0.377022485754657,-8.00526029944817E-14,-0.926204105602744));
#2131=DIRECTION('',(2.1231627567159E-13,1.,-4.95892274715269E-18));
#2132=DIRECTION('',(0.377022485754657,-8.00526029944817E-14,-0.926204105602744));
#2133=DIRECTION('center_axis',(-0.921520360171449,1.9565569652585E-13,0.388330047497593));
#2134=DIRECTION('ref_axis',(0.388330047497593,-8.24442196677846E-14,0.921520360171449));
#2135=DIRECTION('',(2.1231627567159E-13,1.,-4.95892274715269E-18));
#2136=DIRECTION('',(0.388330047497593,-8.24442196677846E-14,0.921520360171449));
#2137=DIRECTION('',(2.1231627567159E-13,1.,-4.95892274715269E-18));
#2138=DIRECTION('center_axis',(-2.1231627567159E-13,-1.,4.95892274715269E-18));
#2139=DIRECTION('ref_axis',(-1.,2.1231627567159E-13,-4.97220995394075E-17));
#2140=DIRECTION('center_axis',(2.1231627567159E-13,1.,-4.95892274715269E-18));
#2141=DIRECTION('ref_axis',(-1.,2.1231627567159E-13,-4.97220995394075E-17));
#2142=DIRECTION('center_axis',(2.1231627567159E-13,1.,-4.95892274715269E-18));
#2143=DIRECTION('ref_axis',(-1.,2.1231627567159E-13,-4.97220995394075E-17));
#2144=DIRECTION('center_axis',(2.1231627567159E-13,1.,-4.95892274715269E-18));
#2145=DIRECTION('ref_axis',(-1.,2.1231627567159E-13,-4.97220995394075E-17));
#2146=DIRECTION('center_axis',(2.1231627567159E-13,1.,-4.95892274715269E-18));
#2147=DIRECTION('ref_axis',(-1.,2.1231627567159E-13,-4.97220995394075E-17));
#2148=DIRECTION('center_axis',(2.1231627567159E-13,1.,-4.95892274715269E-18));
#2149=DIRECTION('ref_axis',(-1.,2.1231627567159E-13,-4.97220995394075E-17));
#2150=DIRECTION('center_axis',(2.1231627567159E-13,1.,-4.95892274715269E-18));
#2151=DIRECTION('ref_axis',(-1.,2.1231627567159E-13,-4.97220995394075E-17));
#2152=DIRECTION('center_axis',(2.1231627567159E-13,1.,-4.95892274715269E-18));
#2153=DIRECTION('ref_axis',(-1.,2.1231627567159E-13,-4.97220995394075E-17));
#2154=DIRECTION('',(-0.921521131420025,1.9565200888614E-13,-0.388328217293512));
#2155=DIRECTION('center_axis',(2.1231627567159E-13,1.,-4.95892274715269E-18));
#2156=DIRECTION('ref_axis',(-1.,2.1231627567159E-13,-4.97220995394075E-17));
#2157=DIRECTION('',(-0.587785364808537,1.24800411402786E-13,0.80901691262723));
#2158=DIRECTION('',(-0.587785139776399,1.24792339919248E-13,-0.809017076122649));
#2159=DIRECTION('center_axis',(-2.1231627567159E-13,-1.,4.95892274715269E-18));
#2160=DIRECTION('ref_axis',(-1.,2.1231627567159E-13,-4.97220995394075E-17));
#2161=DIRECTION('',(0.951056559272459,-2.01926319008512E-13,-0.30901686210437));
#2162=DIRECTION('',(-1.39077510769797E-7,4.98845116626896E-18,0.99999999999999));
#2163=DIRECTION('center_axis',(-2.1231627567159E-13,-1.,4.95892274715269E-18));
#2164=DIRECTION('ref_axis',(-1.,2.1231627567159E-13,-4.97220995394075E-17));
#2165=DIRECTION('',(1.39077510769797E-7,-4.98845116626896E-18,-0.99999999999999));
#2166=DIRECTION('',(0.95105647331783,-2.0192323597614E-13,0.309017126645516));
#2167=DIRECTION('center_axis',(-2.1231627567159E-13,-1.,4.95892274715269E-18));
#2168=DIRECTION('ref_axis',(-1.,2.1231627567159E-13,-4.97220995394075E-17));
#2169=DIRECTION('',(-0.951056559272459,2.01926319008512E-13,0.30901686210437));
#2170=DIRECTION('center_axis',(-2.1231627567159E-13,-1.,4.95892274715269E-18));
#2171=DIRECTION('ref_axis',(-1.,2.1231627567159E-13,-4.97220995394075E-17));
#2172=DIRECTION('',(0.951056559272459,-2.01926319008512E-13,-0.309016862104372));
#2173=DIRECTION('',(0.587785364808537,-1.24800411402786E-13,-0.80901691262723));
#2174=DIRECTION('center_axis',(-2.1231627567159E-13,-1.,4.95892274715269E-18));
#2175=DIRECTION('ref_axis',(-1.,2.1231627567159E-13,-4.97220995394075E-17));
#2176=DIRECTION('',(-0.587785364808537,1.24800411402786E-13,0.80901691262723));
#2177=DIRECTION('',(0.587785139776397,-1.24792339919248E-13,0.80901707612265));
#2178=DIRECTION('',(-0.951056559272459,2.01926319008512E-13,0.309016862104372));
#2179=DIRECTION('center_axis',(-2.1231627567159E-13,-1.,4.95892274715269E-18));
#2180=DIRECTION('ref_axis',(-1.,2.1231627567159E-13,-4.97220995394075E-17));
#2181=DIRECTION('',(-1.39077510769797E-7,4.98845116626896E-18,0.99999999999999));
#2182=DIRECTION('center_axis',(-2.1231627567159E-13,-1.,4.95892274715269E-18));
#2183=DIRECTION('ref_axis',(-1.,2.1231627567159E-13,-4.97220995394075E-17));
#2184=DIRECTION('',(1.39077510769797E-7,-4.98845116626896E-18,-0.99999999999999));
#2185=DIRECTION('',(0.95105647331783,-2.0192323597614E-13,0.309017126645518));
#2186=DIRECTION('center_axis',(-2.1231627567159E-13,-1.,4.95892274715269E-18));
#2187=DIRECTION('ref_axis',(-1.,2.1231627567159E-13,-4.97220995394075E-17));
#2188=DIRECTION('',(-0.95105647331783,2.0192323597614E-13,-0.309017126645517));
#2189=DIRECTION('',(-0.587785139776398,1.24792339919248E-13,-0.809017076122649));
#2190=DIRECTION('center_axis',(-2.1231627567159E-13,-1.,4.95892274715269E-18));
#2191=DIRECTION('ref_axis',(-1.,2.1231627567159E-13,-4.97220995394075E-17));
#2192=DIRECTION('',(0.587785139776397,-1.24792339919248E-13,0.80901707612265));
#2193=DIRECTION('',(0.587785364808537,-1.24800411402786E-13,-0.80901691262723));
#2194=DIRECTION('center_axis',(-2.1231627567159E-13,-1.,4.95892274715269E-18));
#2195=DIRECTION('ref_axis',(-1.,2.1231627567159E-13,-4.97220995394075E-17));
#2196=DIRECTION('',(-0.95105647331783,2.0192323597614E-13,-0.309017126645518));
#2197=DIRECTION('center_axis',(2.1231627567159E-13,1.,-4.95892274715269E-18));
#2198=DIRECTION('ref_axis',(1.,-2.1231627567159E-13,4.97220995394075E-17));
#2199=DIRECTION('center_axis',(0.388328217293512,-8.24529705860469E-14,
-0.921521131420025));
#2200=DIRECTION('ref_axis',(-0.921521131420025,1.9565200888614E-13,-0.388328217293512));
#2201=DIRECTION('',(-2.1231627567159E-13,-1.,4.95892274715269E-18));
#2202=DIRECTION('center_axis',(-2.11358708312851E-13,-1.,4.95892274715274E-18));
#2203=DIRECTION('ref_axis',(-1.,2.11358708312851E-13,-4.97220995394075E-17));
#2204=DIRECTION('center_axis',(-2.1231627567159E-13,-1.,4.95892274715269E-18));
#2205=DIRECTION('ref_axis',(-1.,2.1231627567159E-13,-4.97220995394075E-17));
#2206=DIRECTION('',(-2.11358708312851E-13,-1.,4.95892274715274E-18));
#2207=DIRECTION('center_axis',(-0.80901691262723,1.71764543062126E-13,-0.587785364808537));
#2208=DIRECTION('ref_axis',(-0.587785364808537,1.24800411402786E-13,0.80901691262723));
#2209=DIRECTION('',(2.1231627567159E-13,1.,-4.95892274715269E-18));
#2210=DIRECTION('',(0.587785364808537,-1.24800411402786E-13,-0.80901691262723));
#2211=DIRECTION('center_axis',(2.1231627567159E-13,1.,-4.95892274715269E-18));
#2212=DIRECTION('ref_axis',(-1.,2.1231627567159E-13,-4.97220995394075E-17));
#2213=DIRECTION('',(-2.1231627567159E-13,-1.,4.95892274715269E-18));
#2214=DIRECTION('center_axis',(2.1231627567159E-13,1.,-4.95892274715269E-18));
#2215=DIRECTION('ref_axis',(-1.,2.1231627567159E-13,-4.97220995394075E-17));
#2216=DIRECTION('center_axis',(0.809017076122649,-1.7177040733818E-13,-0.587785139776399));
#2217=DIRECTION('ref_axis',(-0.587785139776399,1.24792339919248E-13,-0.809017076122649));
#2218=DIRECTION('',(0.587785139776399,-1.24792339919248E-13,0.809017076122649));
#2219=DIRECTION('center_axis',(0.30901686210437,-6.56045930657156E-14,0.951056559272459));
#2220=DIRECTION('ref_axis',(0.951056559272459,-2.01926319008512E-13,-0.30901686210437));
#2221=DIRECTION('',(2.1231627567159E-13,1.,-4.95892274715269E-18));
#2222=DIRECTION('',(-0.951056559272459,2.01926319008512E-13,0.30901686210437));
#2223=DIRECTION('center_axis',(2.1231627567159E-13,1.,-4.95892274715269E-18));
#2224=DIRECTION('ref_axis',(-1.,2.1231627567159E-13,-4.97220995394075E-17));
#2225=DIRECTION('',(-2.1231627567159E-13,-1.,4.95892274715269E-18));
#2226=DIRECTION('center_axis',(2.1231627567159E-13,1.,-4.95892274715269E-18));
#2227=DIRECTION('ref_axis',(-1.,2.1231627567159E-13,-4.97220995394075E-17));
#2228=DIRECTION('center_axis',(-0.99999999999999,2.12316275670898E-13,-1.39077510769797E-7));
#2229=DIRECTION('ref_axis',(-1.39077510769797E-7,4.98845116626896E-18,0.99999999999999));
#2230=DIRECTION('',(1.39077510769797E-7,-4.98845116626896E-18,-0.99999999999999));
#2231=DIRECTION('center_axis',(0.99999999999999,-2.12316275670898E-13,1.39077510769797E-7));
#2232=DIRECTION('ref_axis',(1.39077510769797E-7,-4.98845116626896E-18,-0.99999999999999));
#2233=DIRECTION('',(2.1231627567159E-13,1.,-4.95892274715269E-18));
#2234=DIRECTION('',(-1.39077510769797E-7,4.98845116626896E-18,0.99999999999999));
#2235=DIRECTION('center_axis',(2.1231627567159E-13,1.,-4.95892274715269E-18));
#2236=DIRECTION('ref_axis',(-1.,2.1231627567159E-13,-4.97220995394075E-17));
#2237=DIRECTION('',(-2.1231627567159E-13,-1.,4.95892274715269E-18));
#2238=DIRECTION('center_axis',(2.1231627567159E-13,1.,-4.95892274715269E-18));
#2239=DIRECTION('ref_axis',(-1.,2.1231627567159E-13,-4.97220995394075E-17));
#2240=DIRECTION('center_axis',(-0.309017126645516,6.56140816636915E-14,
0.95105647331783));
#2241=DIRECTION('ref_axis',(0.95105647331783,-2.0192323597614E-13,0.309017126645516));
#2242=DIRECTION('',(-0.95105647331783,2.0192323597614E-13,-0.309017126645516));
#2243=DIRECTION('center_axis',(0.309016862104372,-6.5604593065716E-14,0.951056559272459));
#2244=DIRECTION('ref_axis',(0.951056559272459,-2.01926319008512E-13,-0.309016862104372));
#2245=DIRECTION('',(2.1231627567159E-13,1.,-4.95892274715269E-18));
#2246=DIRECTION('',(-0.951056559272459,2.01926319008512E-13,0.309016862104372));
#2247=DIRECTION('center_axis',(2.1231627567159E-13,1.,-4.95892274715269E-18));
#2248=DIRECTION('ref_axis',(-1.,2.1231627567159E-13,-4.97220995394075E-17));
#2249=DIRECTION('',(-2.1231627567159E-13,-1.,4.95892274715269E-18));
#2250=DIRECTION('center_axis',(2.1231627567159E-13,1.,-4.95892274715269E-18));
#2251=DIRECTION('ref_axis',(-1.,2.1231627567159E-13,-4.97220995394075E-17));
#2252=DIRECTION('center_axis',(-0.30901686210437,6.56045930657156E-14,-0.951056559272459));
#2253=DIRECTION('ref_axis',(-0.951056559272459,2.01926319008512E-13,0.30901686210437));
#2254=DIRECTION('',(0.951056559272459,-2.01926319008512E-13,-0.30901686210437));
#2255=DIRECTION('center_axis',(-0.80901691262723,1.71764543062126E-13,-0.587785364808537));
#2256=DIRECTION('ref_axis',(-0.587785364808537,1.24800411402786E-13,0.80901691262723));
#2257=DIRECTION('',(2.1231627567159E-13,1.,-4.95892274715269E-18));
#2258=DIRECTION('',(0.587785364808537,-1.24800411402786E-13,-0.80901691262723));
#2259=DIRECTION('center_axis',(2.1231627567159E-13,1.,-4.95892274715269E-18));
#2260=DIRECTION('ref_axis',(-1.,2.1231627567159E-13,-4.97220995394075E-17));
#2261=DIRECTION('',(-2.1231627567159E-13,-1.,4.95892274715269E-18));
#2262=DIRECTION('center_axis',(2.1231627567159E-13,1.,-4.95892274715269E-18));
#2263=DIRECTION('ref_axis',(-1.,2.1231627567159E-13,-4.97220995394075E-17));
#2264=DIRECTION('center_axis',(0.80901691262723,-1.71764543062126E-13,0.587785364808537));
#2265=DIRECTION('ref_axis',(0.587785364808537,-1.24800411402786E-13,-0.80901691262723));
#2266=DIRECTION('',(-0.587785364808537,1.24800411402786E-13,0.80901691262723));
#2267=DIRECTION('center_axis',(-0.80901707612265,1.7177040733818E-13,0.587785139776397));
#2268=DIRECTION('ref_axis',(0.587785139776397,-1.24792339919248E-13,0.80901707612265));
#2269=DIRECTION('',(2.1231627567159E-13,1.,-4.95892274715269E-18));
#2270=DIRECTION('',(-0.587785139776397,1.24792339919248E-13,-0.80901707612265));
#2271=DIRECTION('center_axis',(2.1231627567159E-13,1.,-4.95892274715269E-18));
#2272=DIRECTION('ref_axis',(-1.,2.1231627567159E-13,-4.97220995394075E-17));
#2273=DIRECTION('',(-2.1231627567159E-13,-1.,4.95892274715269E-18));
#2274=DIRECTION('center_axis',(2.1231627567159E-13,1.,-4.95892274715269E-18));
#2275=DIRECTION('ref_axis',(-1.,2.1231627567159E-13,-4.97220995394075E-17));
#2276=DIRECTION('center_axis',(-0.309016862104372,6.5604593065716E-14,-0.951056559272459));
#2277=DIRECTION('ref_axis',(-0.951056559272459,2.01926319008512E-13,0.309016862104372));
#2278=DIRECTION('',(0.951056559272459,-2.01926319008512E-13,-0.309016862104372));
#2279=DIRECTION('center_axis',(0.99999999999999,-2.12316275670898E-13,1.39077510769797E-7));
#2280=DIRECTION('ref_axis',(1.39077510769797E-7,-4.98845116626896E-18,-0.99999999999999));
#2281=DIRECTION('',(2.1231627567159E-13,1.,-4.95892274715269E-18));
#2282=DIRECTION('',(-1.39077510769797E-7,4.98845116626896E-18,0.99999999999999));
#2283=DIRECTION('center_axis',(2.1231627567159E-13,1.,-4.95892274715269E-18));
#2284=DIRECTION('ref_axis',(-1.,2.1231627567159E-13,-4.97220995394075E-17));
#2285=DIRECTION('',(-2.1231627567159E-13,-1.,4.95892274715269E-18));
#2286=DIRECTION('center_axis',(2.1231627567159E-13,1.,-4.95892274715269E-18));
#2287=DIRECTION('ref_axis',(-1.,2.1231627567159E-13,-4.97220995394075E-17));
#2288=DIRECTION('center_axis',(-0.99999999999999,2.12316275670898E-13,-1.39077510769797E-7));
#2289=DIRECTION('ref_axis',(-1.39077510769797E-7,4.98845116626896E-18,0.99999999999999));
#2290=DIRECTION('',(1.39077510769797E-7,-4.98845116626896E-18,-0.99999999999999));
#2291=DIRECTION('center_axis',(0.309017126645517,-6.56140816636917E-14,
-0.95105647331783));
#2292=DIRECTION('ref_axis',(-0.95105647331783,2.0192323597614E-13,-0.309017126645517));
#2293=DIRECTION('',(2.1231627567159E-13,1.,-4.95892274715269E-18));
#2294=DIRECTION('',(0.95105647331783,-2.0192323597614E-13,0.309017126645517));
#2295=DIRECTION('center_axis',(2.1231627567159E-13,1.,-4.95892274715269E-18));
#2296=DIRECTION('ref_axis',(-1.,2.1231627567159E-13,-4.97220995394075E-17));
#2297=DIRECTION('',(-2.1231627567159E-13,-1.,4.95892274715269E-18));
#2298=DIRECTION('center_axis',(2.1231627567159E-13,1.,-4.95892274715269E-18));
#2299=DIRECTION('ref_axis',(-1.,2.1231627567159E-13,-4.97220995394075E-17));
#2300=DIRECTION('center_axis',(-0.309017126645518,6.56140816636918E-14,
0.95105647331783));
#2301=DIRECTION('ref_axis',(0.95105647331783,-2.0192323597614E-13,0.309017126645518));
#2302=DIRECTION('',(-0.95105647331783,2.0192323597614E-13,-0.309017126645518));
#2303=DIRECTION('center_axis',(-0.80901707612265,1.7177040733818E-13,0.587785139776397));
#2304=DIRECTION('ref_axis',(0.587785139776397,-1.24792339919248E-13,0.80901707612265));
#2305=DIRECTION('',(2.1231627567159E-13,1.,-4.95892274715269E-18));
#2306=DIRECTION('',(-0.587785139776397,1.24792339919248E-13,-0.80901707612265));
#2307=DIRECTION('center_axis',(2.1231627567159E-13,1.,-4.95892274715269E-18));
#2308=DIRECTION('ref_axis',(-1.,2.1231627567159E-13,-4.97220995394075E-17));
#2309=DIRECTION('',(-2.1231627567159E-13,-1.,4.95892274715269E-18));
#2310=DIRECTION('center_axis',(2.1231627567159E-13,1.,-4.95892274715269E-18));
#2311=DIRECTION('ref_axis',(-1.,2.1231627567159E-13,-4.97220995394075E-17));
#2312=DIRECTION('center_axis',(0.80901707612265,-1.7177040733818E-13,-0.587785139776398));
#2313=DIRECTION('ref_axis',(-0.587785139776398,1.24792339919248E-13,-0.80901707612265));
#2314=DIRECTION('',(0.587785139776398,-1.24792339919248E-13,0.809017076122649));
#2315=DIRECTION('center_axis',(0.309017126645518,-6.56140816636918E-14,
-0.95105647331783));
#2316=DIRECTION('ref_axis',(-0.95105647331783,2.0192323597614E-13,-0.309017126645518));
#2317=DIRECTION('',(2.1231627567159E-13,1.,-4.95892274715269E-18));
#2318=DIRECTION('',(0.95105647331783,-2.0192323597614E-13,0.309017126645518));
#2319=DIRECTION('center_axis',(2.1231627567159E-13,1.,-4.95892274715269E-18));
#2320=DIRECTION('ref_axis',(-1.,2.1231627567159E-13,-4.97220995394075E-17));
#2321=DIRECTION('',(-2.1231627567159E-13,-1.,4.95892274715269E-18));
#2322=DIRECTION('center_axis',(2.1231627567159E-13,1.,-4.95892274715269E-18));
#2323=DIRECTION('ref_axis',(-1.,2.1231627567159E-13,-4.97220995394075E-17));
#2324=DIRECTION('center_axis',(0.80901691262723,-1.71764543062126E-13,0.587785364808537));
#2325=DIRECTION('ref_axis',(0.587785364808537,-1.24800411402786E-13,-0.80901691262723));
#2326=DIRECTION('',(-0.587785364808537,1.24800411402786E-13,0.80901691262723));
#2327=DIRECTION('center_axis',(2.1231627567159E-13,1.,-4.95892274715269E-18));
#2328=DIRECTION('ref_axis',(1.,-2.1231627567159E-13,4.97220995394075E-17));
#2329=DIRECTION('center_axis',(2.1231627567159E-13,1.,-4.95892274715269E-18));
#2330=DIRECTION('ref_axis',(-1.,2.1231627567159E-13,-4.97220995394075E-17));
#2331=DIRECTION('center_axis',(-2.1231627567159E-13,-1.,4.95892274715269E-18));
#2332=DIRECTION('ref_axis',(-1.,2.1231627567159E-13,-4.97220995394075E-17));
#2333=DIRECTION('center_axis',(2.1231627567159E-13,1.,-4.95892274715269E-18));
#2334=DIRECTION('ref_axis',(-1.,2.1231627567159E-13,-4.97220995394075E-17));
#2335=DIRECTION('center_axis',(-2.1231627567159E-13,-1.,4.95892274715269E-18));
#2336=DIRECTION('ref_axis',(-1.,2.1231627567159E-13,-4.97220995394075E-17));
#2337=DIRECTION('center_axis',(2.1231627567159E-13,1.,-4.95892274715269E-18));
#2338=DIRECTION('ref_axis',(-1.,2.1231627567159E-13,-4.97220995394075E-17));
#2339=DIRECTION('center_axis',(-2.1231627567159E-13,-1.,4.95892274715269E-18));
#2340=DIRECTION('ref_axis',(-1.,2.1231627567159E-13,-4.97220995394075E-17));
#2341=DIRECTION('center_axis',(2.1231627567159E-13,1.,-4.95892274715269E-18));
#2342=DIRECTION('ref_axis',(-1.,2.1231627567159E-13,-4.97220995394075E-17));
#2343=DIRECTION('center_axis',(-2.1231627567159E-13,-1.,4.95892274715269E-18));
#2344=DIRECTION('ref_axis',(-1.,2.1231627567159E-13,-4.97220995394075E-17));
#2345=DIRECTION('center_axis',(2.1231627567159E-13,1.,-4.95892274715269E-18));
#2346=DIRECTION('ref_axis',(-1.,2.1231627567159E-13,-4.97220995394075E-17));
#2347=DIRECTION('center_axis',(-2.1231627567159E-13,-1.,4.95892274715269E-18));
#2348=DIRECTION('ref_axis',(-1.,2.1231627567159E-13,-4.97220995394075E-17));
#2349=DIRECTION('center_axis',(2.1231627567159E-13,1.,-4.95892274715269E-18));
#2350=DIRECTION('ref_axis',(-1.,2.1231627567159E-13,-4.97220995394075E-17));
#2351=DIRECTION('center_axis',(-2.1231627567159E-13,-1.,4.95892274715269E-18));
#2352=DIRECTION('ref_axis',(-1.,2.1231627567159E-13,-4.97220995394075E-17));
#2353=DIRECTION('center_axis',(2.1231627567159E-13,1.,-4.95892274715269E-18));
#2354=DIRECTION('ref_axis',(-1.,2.1231627567159E-13,-4.97220995394075E-17));
#2355=DIRECTION('center_axis',(-2.1231627567159E-13,-1.,4.95892274715269E-18));
#2356=DIRECTION('ref_axis',(-1.,2.1231627567159E-13,-4.97220995394075E-17));
#2357=DIRECTION('center_axis',(2.1231627567159E-13,1.,-4.95892274715269E-18));
#2358=DIRECTION('ref_axis',(-1.,2.1231627567159E-13,-4.97220995394075E-17));
#2359=DIRECTION('center_axis',(-2.1231627567159E-13,-1.,4.95892274715269E-18));
#2360=DIRECTION('ref_axis',(-1.,2.1231627567159E-13,-4.97220995394075E-17));
#2361=DIRECTION('center_axis',(-2.1231627567159E-13,-1.,4.95892274715269E-18));
#2362=DIRECTION('ref_axis',(-1.,2.1231627567159E-13,-4.97220995394075E-17));
#2363=DIRECTION('center_axis',(2.1231627567159E-13,1.,-4.95892274715269E-18));
#2364=DIRECTION('ref_axis',(-1.,2.1231627567159E-13,-4.97220995394075E-17));
#2365=DIRECTION('center_axis',(-2.1231627567159E-13,-1.,4.95892274715269E-18));
#2366=DIRECTION('ref_axis',(-1.,2.1231627567159E-13,-4.97220995394075E-17));
#2367=DIRECTION('center_axis',(2.1231627567159E-13,1.,-4.95892274715269E-18));
#2368=DIRECTION('ref_axis',(-1.,2.1231627567159E-13,-4.97220995394075E-17));
#2369=DIRECTION('center_axis',(-2.1231627567159E-13,-1.,4.95892274715269E-18));
#2370=DIRECTION('ref_axis',(-1.,2.1231627567159E-13,-4.97220995394075E-17));
#2371=DIRECTION('center_axis',(2.1231627567159E-13,1.,-4.95892274715269E-18));
#2372=DIRECTION('ref_axis',(-1.,2.1231627567159E-13,-4.97220995394075E-17));
#2373=DIRECTION('center_axis',(-2.1231627567159E-13,-1.,4.95892274715269E-18));
#2374=DIRECTION('ref_axis',(-1.,2.1231627567159E-13,-4.97220995394075E-17));
#2375=DIRECTION('center_axis',(2.1231627567159E-13,1.,-4.95892274715269E-18));
#2376=DIRECTION('ref_axis',(-1.,2.1231627567159E-13,-4.97220995394075E-17));
#2377=DIRECTION('center_axis',(-2.1231627567159E-13,-1.,4.95892274715269E-18));
#2378=DIRECTION('ref_axis',(-1.,2.1231627567159E-13,-4.97220995394075E-17));
#2379=DIRECTION('center_axis',(2.1231627567159E-13,1.,-4.95892274715269E-18));
#2380=DIRECTION('ref_axis',(-1.,2.1231627567159E-13,-4.97220995394075E-17));
#2381=DIRECTION('center_axis',(-2.1231627567159E-13,-1.,4.95892274715269E-18));
#2382=DIRECTION('ref_axis',(-1.,2.1231627567159E-13,-4.97220995394075E-17));
#2383=DIRECTION('center_axis',(2.1231627567159E-13,1.,-4.95892274715269E-18));
#2384=DIRECTION('ref_axis',(-1.,2.1231627567159E-13,-4.97220995394075E-17));
#2385=DIRECTION('center_axis',(-2.1231627567159E-13,-1.,4.95892274715269E-18));
#2386=DIRECTION('ref_axis',(-1.,2.1231627567159E-13,-4.97220995394075E-17));
#2387=DIRECTION('center_axis',(2.1231627567159E-13,1.,-4.95892274715269E-18));
#2388=DIRECTION('ref_axis',(-1.,2.1231627567159E-13,-4.97220995394075E-17));
#2389=DIRECTION('center_axis',(-2.1231627567159E-13,-1.,4.95892274715269E-18));
#2390=DIRECTION('ref_axis',(-1.,2.1231627567159E-13,-4.97220995394075E-17));
#2391=DIRECTION('center_axis',(-2.1231627567159E-13,-1.,4.95892274715269E-18));
#2392=DIRECTION('ref_axis',(-1.,2.1231627567159E-13,-4.97220995394075E-17));
#2393=DIRECTION('center_axis',(-2.1231627567159E-13,-1.,4.95892274715269E-18));
#2394=DIRECTION('ref_axis',(-1.,2.1231627567159E-13,-4.97220995394075E-17));
#2395=DIRECTION('center_axis',(-2.1231627567159E-13,-1.,4.95892274715269E-18));
#2396=DIRECTION('ref_axis',(-1.,2.1231627567159E-13,-4.97220995394075E-17));
#2397=DIRECTION('center_axis',(-2.1231627567159E-13,-1.,4.95892274715269E-18));
#2398=DIRECTION('ref_axis',(-1.,2.1231627567159E-13,-4.97220995394075E-17));
#2399=DIRECTION('center_axis',(-2.1231627567159E-13,-1.,4.95892274715269E-18));
#2400=DIRECTION('ref_axis',(-1.,2.1231627567159E-13,-4.97220995394075E-17));
#2401=DIRECTION('center_axis',(-2.1231627567159E-13,-1.,4.95892274715269E-18));
#2402=DIRECTION('ref_axis',(-1.,2.1231627567159E-13,-4.97220995394075E-17));
#2403=DIRECTION('center_axis',(-2.1231627567159E-13,-1.,4.95892274715269E-18));
#2404=DIRECTION('ref_axis',(-1.,2.1231627567159E-13,-4.97220995394075E-17));
#2405=DIRECTION('center_axis',(2.1231627567159E-13,1.,-4.95892274715269E-18));
#2406=DIRECTION('ref_axis',(-1.,2.1231627567159E-13,-4.97220995394075E-17));
#2407=DIRECTION('center_axis',(-2.1231627567159E-13,-1.,4.95892274715269E-18));
#2408=DIRECTION('ref_axis',(-1.,2.1231627567159E-13,-4.97220995394075E-17));
#2409=DIRECTION('center_axis',(-2.1231627567159E-13,-1.,4.95892274715269E-18));
#2410=DIRECTION('ref_axis',(1.,-2.1231627567159E-13,4.97220995394075E-17));
#2411=DIRECTION('',(-2.1231627567159E-13,-1.,4.95892274715269E-18));
#2412=CARTESIAN_POINT('',(0.,0.,0.));
#2413=CARTESIAN_POINT('Origin',(-4.15791813119167E-12,8.99976777804127,
-1.22193891002443E-11));
#2414=CARTESIAN_POINT('',(7.05000000000159,8.99976777803978,-1.2219901935436E-11));
#2415=CARTESIAN_POINT('Origin',(-3.86051713846998E-12,8.99976777804127,
-1.22193891002443E-11));
#2416=CARTESIAN_POINT('',(-6.0000000000088,8.99976777804255,-1.2220422220921E-11));
#2417=CARTESIAN_POINT('Origin',(-4.15764057543551E-12,8.99976777804127,
-1.22193891002443E-11));
#2418=CARTESIAN_POINT('Origin',(-2.44261661925213E-12,18.4997677780486,
-1.22194362100104E-11));
#2419=CARTESIAN_POINT('',(14.9853326286989,17.9997677780451,-0.66317871463141));
#2420=CARTESIAN_POINT('',(15.000000000009,17.999767778045,-1.22205248692547E-11));
#2421=CARTESIAN_POINT('Origin',(-2.54877475708801E-12,17.9997677780482,
-1.2219433730549E-11));
#2422=CARTESIAN_POINT('',(16.00000000001,18.9997677780456,-1.22206025707578E-11));
#2423=CARTESIAN_POINT('',(15.5000000000096,18.4997677780453,-1.22205637200062E-11));
#2424=CARTESIAN_POINT('Origin',(-2.33645848141625E-12,18.999767778049,-1.22194386894718E-11));
#2425=CARTESIAN_POINT('',(11.7335794956207,17.9997677780458,9.34468363402475));
#2426=CARTESIAN_POINT('Origin',(-2.54877475708801E-12,17.9997677780482,
-1.2219433730549E-11));
#2427=CARTESIAN_POINT('',(9.60617951645007,17.9997677780462,11.5204737358246));
#2428=CARTESIAN_POINT('Origin',(-2.548774757088E-12,17.9997677780482,-1.2219433730549E-11));
#2429=CARTESIAN_POINT('',(7.98814536420377,17.9997677780466,12.6960440153781));
#2430=CARTESIAN_POINT('Origin',(-2.54877475708801E-12,17.9997677780482,
-1.2219433730549E-11));
#2431=CARTESIAN_POINT('',(5.26144288663446,17.9997677780471,14.0469647522396));
#2432=CARTESIAN_POINT('Origin',(-2.548774757088E-12,17.9997677780482,-1.2219433730549E-11));
#2433=CARTESIAN_POINT('',(-5.26144679387311,17.9997677780494,14.0469632887423));
#2434=CARTESIAN_POINT('Origin',(-2.54877475708801E-12,17.9997677780482,
-1.2219433730549E-11));
#2435=CARTESIAN_POINT('',(-7.98814889567692,17.9997677780499,12.6960417934349));
#2436=CARTESIAN_POINT('Origin',(-2.548774757088E-12,17.9997677780482,-1.2219433730549E-11));
#2437=CARTESIAN_POINT('',(-9.60618272093239,17.9997677780503,11.5204710638171));
#2438=CARTESIAN_POINT('Origin',(-2.54877475708801E-12,17.9997677780482,
-1.2219433730549E-11));
#2439=CARTESIAN_POINT('',(-11.733582094896,17.9997677780507,9.34468037027035));
#2440=CARTESIAN_POINT('Origin',(-2.548774757088E-12,17.9997677780482,-1.2219433730549E-11));
#2441=CARTESIAN_POINT('',(-14.9853324442369,17.9997677780514,-0.663182882876932));
#2442=CARTESIAN_POINT('Origin',(-2.54877475708801E-12,17.9997677780482,
-1.2219433730549E-11));
#2443=CARTESIAN_POINT('',(-14.5431270411769,17.9997677780513,-3.67388838490956));
#2444=CARTESIAN_POINT('Origin',(-2.548774757088E-12,17.9997677780482,-1.2219433730549E-11));
#2445=CARTESIAN_POINT('',(-13.9250927878855,17.9997677780512,-5.57600133154641));
#2446=CARTESIAN_POINT('Origin',(-2.54877475708801E-12,17.9997677780482,
-1.2219433730549E-11));
#2447=CARTESIAN_POINT('',(-12.5131954310709,17.9997677780509,-8.27163466942546));
#2448=CARTESIAN_POINT('Origin',(-2.548774757088E-12,17.9997677780482,-1.2219433730549E-11));
#2449=CARTESIAN_POINT('',(-3.99999798938536,17.9997677780491,-14.4568328511343));
#2450=CARTESIAN_POINT('Origin',(-2.54877475708801E-12,17.9997677780482,
-1.2219433730549E-11));
#2451=CARTESIAN_POINT('',(-0.999997918481576,17.9997677780485,-14.9666296861993));
#2452=CARTESIAN_POINT('Origin',(-2.548774757088E-12,17.9997677780482,-1.2219433730549E-11));
#2453=CARTESIAN_POINT('',(1.00000208151964,17.999767778048,-14.9666294080443));
#2454=CARTESIAN_POINT('Origin',(-2.54877475708801E-12,17.9997677780482,
-1.2219433730549E-11));
#2455=CARTESIAN_POINT('',(4.00000201062076,17.9997677780474,-14.4568317385142));
#2456=CARTESIAN_POINT('Origin',(-2.548774757088E-12,17.9997677780482,-1.2219433730549E-11));
#2457=CARTESIAN_POINT('',(12.513197731862,17.9997677780456,-8.27163118881697));
#2458=CARTESIAN_POINT('Origin',(-2.54877475708801E-12,17.9997677780482,
-1.2219433730549E-11));
#2459=CARTESIAN_POINT('',(13.9250943388726,17.9997677780453,-5.57599745821167));
#2460=CARTESIAN_POINT('Origin',(-2.548774757088E-12,17.9997677780482,-1.2219433730549E-11));
#2461=CARTESIAN_POINT('',(14.5431280630817,17.9997677780452,-3.67388433966558));
#2462=CARTESIAN_POINT('Origin',(-2.54877475708801E-12,17.9997677780482,
-1.2219433730549E-11));
#2463=CARTESIAN_POINT('Origin',(-2.548774757088E-12,17.9997677780482,-1.2219433730549E-11));
#2464=CARTESIAN_POINT('Origin',(-5.52120261649256E-12,3.9997677780374,-1.22193643056306E-11));
#2465=CARTESIAN_POINT('',(-11.7335820948989,3.99976777803989,9.34468037027036));
#2466=CARTESIAN_POINT('',(-11.7335820948989,3.99976777803989,9.34468037027036));
#2467=CARTESIAN_POINT('',(-14.9853324442399,3.99976777804058,-0.663182882876931));
#2468=CARTESIAN_POINT('Origin',(-5.52120261649256E-12,3.9997677780374,-1.22193643056306E-11));
#2469=CARTESIAN_POINT('',(-14.9853324442399,3.99976777804058,-0.663182882876933));
#2470=CARTESIAN_POINT('Origin',(-5.52120261649256E-12,3.9997677780374,-1.22193643056306E-11));
#2471=CARTESIAN_POINT('',(-7.98814889567989,3.9997677780391,12.6960417934349));
#2472=CARTESIAN_POINT('',(-7.98814889567835,3.99976777803909,12.696041793433));
#2473=CARTESIAN_POINT('',(-9.60618272093536,3.99976777803944,11.5204710638171));
#2474=CARTESIAN_POINT('Origin',(-5.52120261649256E-12,3.9997677780374,-1.22193643056306E-11));
#2475=CARTESIAN_POINT('',(-9.60618272093408,3.99976777803944,11.5204710638151));
#2476=CARTESIAN_POINT('Origin',(-5.52120261649256E-12,3.9997677780374,-1.22193643056306E-11));
#2477=CARTESIAN_POINT('',(5.26144288663149,3.99976777803628,14.0469647522396));
#2478=CARTESIAN_POINT('',(5.26144288663149,3.99976777803628,14.0469647522396));
#2479=CARTESIAN_POINT('',(-5.26144679387609,3.99976777803852,14.0469632887423));
#2480=CARTESIAN_POINT('Origin',(-5.52120261649256E-12,3.9997677780374,-1.22193643056306E-11));
#2481=CARTESIAN_POINT('',(-5.26144679387609,3.99976777803852,14.0469632887423));
#2482=CARTESIAN_POINT('Origin',(-5.52120261649256E-12,3.9997677780374,-1.22193643056306E-11));
#2483=CARTESIAN_POINT('',(9.6061795164471,3.99976777803536,11.5204737358246));
#2484=CARTESIAN_POINT('',(9.60617951644582,3.99976777803536,11.5204737358225));
#2485=CARTESIAN_POINT('',(7.9881453642008,3.9997677780357,12.6960440153781));
#2486=CARTESIAN_POINT('Origin',(-5.52120261649256E-12,3.9997677780374,-1.22193643056306E-11));
#2487=CARTESIAN_POINT('',(7.98814536419926,3.9997677780357,12.6960440153763));
#2488=CARTESIAN_POINT('Origin',(-5.52120261649256E-12,3.9997677780374,-1.22193643056306E-11));
#2489=CARTESIAN_POINT('',(14.9853326286959,3.99976777803422,-0.66317871463141));
#2490=CARTESIAN_POINT('',(14.9853326286959,3.99976777803422,-0.663178714631409));
#2491=CARTESIAN_POINT('',(11.7335794956177,3.99976777803491,9.34468363402475));
#2492=CARTESIAN_POINT('Origin',(-5.52120261649256E-12,3.9997677780374,-1.22193643056306E-11));
#2493=CARTESIAN_POINT('',(11.7335794956177,3.99976777803491,9.34468363402475));
#2494=CARTESIAN_POINT('Origin',(-5.52120261649256E-12,3.9997677780374,-1.22193643056306E-11));
#2495=CARTESIAN_POINT('',(13.9250943388696,3.99976777803444,-5.57599745821167));
#2496=CARTESIAN_POINT('',(13.9250943388673,3.99976777803444,-5.57599745821108));
#2497=CARTESIAN_POINT('',(14.5431280630787,3.99976777803431,-3.67388433966558));
#2498=CARTESIAN_POINT('Origin',(-5.52120261649256E-12,3.9997677780374,-1.22193643056306E-11));
#2499=CARTESIAN_POINT('',(14.5431280630765,3.99976777803431,-3.67388433966469));
#2500=CARTESIAN_POINT('Origin',(-5.52120261649256E-12,3.9997677780374,-1.22193643056306E-11));
#2501=CARTESIAN_POINT('',(4.00000201061779,3.99976777803655,-14.4568317385142));
#2502=CARTESIAN_POINT('',(4.00000201061779,3.99976777803655,-14.4568317385142));
#2503=CARTESIAN_POINT('',(12.513197731859,3.99976777803474,-8.27163118881697));
#2504=CARTESIAN_POINT('Origin',(-5.52120261649256E-12,3.9997677780374,-1.22193643056306E-11));
#2505=CARTESIAN_POINT('',(12.513197731859,3.99976777803474,-8.27163118881697));
#2506=CARTESIAN_POINT('Origin',(-5.52120261649256E-12,3.9997677780374,-1.22193643056306E-11));
#2507=CARTESIAN_POINT('',(-0.999997918484549,3.99976777803761,-14.9666296861993));
#2508=CARTESIAN_POINT('',(-0.999997918484708,3.99976777803761,-14.9666296861969));
#2509=CARTESIAN_POINT('',(1.00000208151667,3.99976777803719,-14.9666294080443));
#2510=CARTESIAN_POINT('Origin',(-5.52120261649256E-12,3.9997677780374,-1.22193643056306E-11));
#2511=CARTESIAN_POINT('',(1.00000208151683,3.99976777803719,-14.9666294080419));
#2512=CARTESIAN_POINT('Origin',(-5.52120261649256E-12,3.9997677780374,-1.22193643056306E-11));
#2513=CARTESIAN_POINT('',(-12.5131954310738,3.99976777804006,-8.27163466942546));
#2514=CARTESIAN_POINT('',(-12.5131954310738,3.99976777804005,-8.27163466942546));
#2515=CARTESIAN_POINT('',(-3.99999798938833,3.99976777803825,-14.4568328511343));
#2516=CARTESIAN_POINT('Origin',(-5.52120261649256E-12,3.9997677780374,-1.22193643056306E-11));
#2517=CARTESIAN_POINT('',(-3.99999798938833,3.99976777803825,-14.4568328511343));
#2518=CARTESIAN_POINT('Origin',(-5.52120261649256E-12,3.9997677780374,-1.22193643056306E-11));
#2519=CARTESIAN_POINT('',(-14.5431270411798,3.99976777804049,-3.67388838490956));
#2520=CARTESIAN_POINT('',(-14.5431270411776,3.99976777804049,-3.67388838490867));
#2521=CARTESIAN_POINT('',(-13.9250927878884,3.99976777804036,-5.57600133154641));
#2522=CARTESIAN_POINT('Origin',(-5.52120261649256E-12,3.9997677780374,-1.22193643056306E-11));
#2523=CARTESIAN_POINT('',(-13.9250927878861,3.99976777804035,-5.57600133154582));
#2524=CARTESIAN_POINT('Origin',(-1.7324971560197E-12,18.999767778049,-1.22194386894718E-11));
#2525=CARTESIAN_POINT('',(-2.29478099770838E-6,18.999767778049,16.5000002458697));
#2526=CARTESIAN_POINT('',(0.229638993271074,18.9997677780489,17.0641403227976));
#2527=CARTESIAN_POINT('',(-2.47743155823715,18.9997677780495,10.4139120379309));
#2528=CARTESIAN_POINT('',(11.9037877077963,18.9997677780773,12.2285509047515));
#2529=CARTESIAN_POINT('Origin',(-1.7324971560197E-12,18.999767778049,-1.22194386894718E-11));
#2530=CARTESIAN_POINT('',(11.667260440787,18.9997677780465,11.6672636860843));
#2531=CARTESIAN_POINT('',(8.69995893293044,18.9997677780471,4.62575666936499));
#2532=CARTESIAN_POINT('',(12.2285486267441,18.9997677780464,11.9037900479972));
#2533=CARTESIAN_POINT('',(5.61193916595424,18.9997677780478,9.11555647545121));
#2534=CARTESIAN_POINT('',(17.0641402788308,18.9997677780761,0.229642258841907));
#2535=CARTESIAN_POINT('Origin',(-1.7324971560197E-12,18.999767778049,-1.22194386894718E-11));
#2536=CARTESIAN_POINT('',(16.5000002458799,18.9997677780455,2.29476674379187E-6));
#2537=CARTESIAN_POINT('',(9.42270386655458,18.999767778047,-2.88089604849769));
#2538=CARTESIAN_POINT('',(17.0641403228081,18.9997677780454,-0.22963899328545));
#2539=CARTESIAN_POINT('',(10.4139120379412,18.9997677780468,2.47743155822287));
#2540=CARTESIAN_POINT('',(12.2285509047615,18.9997677780774,-11.9037877078105));
#2541=CARTESIAN_POINT('Origin',(-1.7324971560197E-12,18.999767778049,-1.22194386894718E-11));
#2542=CARTESIAN_POINT('',(11.6672636860945,18.9997677780465,-11.6672604408013));
#2543=CARTESIAN_POINT('',(4.62575666937524,18.999767778048,-8.69995893294473));
#2544=CARTESIAN_POINT('',(11.9037900480074,18.9997677780465,-12.2285486267583));
#2545=CARTESIAN_POINT('',(9.11555647546135,18.9997677780471,-5.61193916596842));
#2546=CARTESIAN_POINT('',(0.229642258851978,18.9997677780796,-17.0641402788448));
#2547=CARTESIAN_POINT('Origin',(-1.7324971560197E-12,18.999767778049,-1.22194386894718E-11));
#2548=CARTESIAN_POINT('',(2.29477692875274E-6,18.999767778049,-16.5000002458941));
#2549=CARTESIAN_POINT('',(-2.88089604848753,18.9997677780496,-9.42270386656876));
#2550=CARTESIAN_POINT('',(-0.22963899327514,18.999767778049,-17.064140322822));
#2551=CARTESIAN_POINT('',(2.47743155823313,18.9997677780485,-10.4139120379552));
#2552=CARTESIAN_POINT('',(-11.9037877078002,18.9997677780826,-12.2285509047754));
#2553=CARTESIAN_POINT('Origin',(-1.7324971560197E-12,18.999767778049,-1.22194386894718E-11));
#2554=CARTESIAN_POINT('',(-11.667260440791,18.9997677780515,-11.6672636861088));
#2555=CARTESIAN_POINT('',(-8.69995893293434,18.9997677780508,-4.62575666938932));
#2556=CARTESIAN_POINT('',(-12.2285486267477,18.9997677780516,-11.9037900480215));
#2557=CARTESIAN_POINT('',(-5.61193916595807,18.9997677780502,-9.11555647547559));
#2558=CARTESIAN_POINT('',(-17.0641402788349,18.9997677780827,-0.229642258866356));
#2559=CARTESIAN_POINT('Origin',(-1.7324971560197E-12,18.999767778049,-1.22194386894718E-11));
#2560=CARTESIAN_POINT('',(-16.500000245884,18.9997677780525,-2.29479118266925E-6));
#2561=CARTESIAN_POINT('',(-9.42270386655838,18.999767778051,2.88089604847335));
#2562=CARTESIAN_POINT('',(-17.0641403228115,18.9997677780526,0.229638993260775));
#2563=CARTESIAN_POINT('',(-10.413912037945,18.9997677780512,-2.47743155824741));
#2564=CARTESIAN_POINT('',(-12.2285509047648,18.9997677780829,11.9037877077858));
#2565=CARTESIAN_POINT('Origin',(-1.7324971560197E-12,18.999767778049,-1.22194386894718E-11));
#2566=CARTESIAN_POINT('',(-11.6672636860986,18.9997677780515,11.6672604407768));
#2567=CARTESIAN_POINT('',(-4.62575666937904,18.99976777805,8.69995893292019));
#2568=CARTESIAN_POINT('',(-11.9037900480113,18.9997677780515,12.2285486267335));
#2569=CARTESIAN_POINT('',(-9.11555647546536,18.9997677780509,5.61193916594388));
#2570=CARTESIAN_POINT('',(-0.229642258855911,18.99976777808,17.06414027882));
#2571=CARTESIAN_POINT('Origin',(-1.7324971560197E-12,18.999767778049,-1.22194386894718E-11));
#2572=CARTESIAN_POINT('',(2.88089604848351,18.9997677780484,9.42270386654421));
#2573=CARTESIAN_POINT('Origin',(0.806958666254038,3.59976777803692,18.4823920992664));
#2574=CARTESIAN_POINT('',(-2.29478418245251E-6,3.9997677780374,16.5000002458697));
#2575=CARTESIAN_POINT('',(-2.29478426737902E-6,3.59976777803709,16.5000002458697));
#2576=CARTESIAN_POINT('',(0.229638993255473,3.99976777800671,17.0641403227671));
#2577=CARTESIAN_POINT('',(-2.47743155824034,3.99976777803793,10.4139120379309));
#2578=CARTESIAN_POINT('',(0.405152538670094,4.43408235308842,17.4953094119667));
#2579=CARTESIAN_POINT('Ctrl Pts',(0.229638993255473,3.99976777800671,17.0641403227671));
#2580=CARTESIAN_POINT('Ctrl Pts',(0.316293110396123,4.21379028338655,17.2770160679107));
#2581=CARTESIAN_POINT('Ctrl Pts',(0.405152538670072,4.43408235308838,17.4953094119667));
#2582=CARTESIAN_POINT('',(0.405152538673094,18.5654532029978,17.4953094119667));
#2583=CARTESIAN_POINT('',(0.405152538673185,18.9997677780489,17.4953094119667));
#2584=CARTESIAN_POINT('Ctrl Pts',(0.405152538673095,18.5654532029978,17.4953094119667));
#2585=CARTESIAN_POINT('Ctrl Pts',(0.316293110399194,18.7857452726998,17.2770160679106));
#2586=CARTESIAN_POINT('Ctrl Pts',(0.229638993258592,18.9997677780798,17.0641403227669));
#2587=CARTESIAN_POINT('Origin',(-2.2947842675178E-6,3.59976777803709,16.5000002458697));
#2588=CARTESIAN_POINT('',(-0.405154802592292,18.565453202998,17.4953093595393));
#2589=CARTESIAN_POINT('Ctrl Pts',(-0.229642258855911,18.99976777808,17.06414027882));
#2590=CARTESIAN_POINT('Ctrl Pts',(-0.316295881450447,18.785745267508,17.2770160197768));
#2591=CARTESIAN_POINT('Ctrl Pts',(-0.405154802592298,18.565453202998,17.4953093595393));
#2592=CARTESIAN_POINT('',(-0.405154802595292,4.43408235308859,17.4953093595393));
#2593=CARTESIAN_POINT('',(-0.405154802592199,18.9997677780491,17.4953093595393));
#2594=CARTESIAN_POINT('',(-0.229642258871647,3.99976777803744,17.0641402788509));
#2595=CARTESIAN_POINT('Ctrl Pts',(-0.405154802595295,4.43408235308859,17.4953093595393));
#2596=CARTESIAN_POINT('Ctrl Pts',(-0.316295881453569,4.21379028857856,17.2770160197768));
#2597=CARTESIAN_POINT('Ctrl Pts',(-0.229642258859152,3.99976777800658,17.0641402788202));
#2598=CARTESIAN_POINT('',(2.88089604848032,3.99976777803679,9.42270386654421));
#2599=CARTESIAN_POINT('Origin',(12.498418840894,3.59976777803444,-13.63963073101));
#2600=CARTESIAN_POINT('',(11.6672636860913,3.99976777803492,-11.6672604408013));
#2601=CARTESIAN_POINT('',(11.6672636860912,3.59976777803461,-11.6672604408013));
#2602=CARTESIAN_POINT('',(11.9037900479914,3.99976777800414,-12.2285486267279));
#2603=CARTESIAN_POINT('',(9.11555647545816,3.99976777803546,-5.61193916596842));
#2604=CARTESIAN_POINT('',(12.0845658166499,4.43408235308593,-12.6575380316918));
#2605=CARTESIAN_POINT('Ctrl Pts',(11.9037900479914,3.99976777800414,-12.2285486267279));
#2606=CARTESIAN_POINT('Ctrl Pts',(11.9930422170847,4.21379028338398,-12.4403482235169));
#2607=CARTESIAN_POINT('Ctrl Pts',(12.0845658166498,4.43408235308579,-12.6575380316916));
#2608=CARTESIAN_POINT('',(12.0845658166529,18.5654532029953,-12.6575380316918));
#2609=CARTESIAN_POINT('',(12.084565816653,18.9997677780464,-12.6575380316918));
#2610=CARTESIAN_POINT('Ctrl Pts',(12.0845658166529,18.5654532029953,-12.6575380316918));
#2611=CARTESIAN_POINT('Ctrl Pts',(11.9930422170878,18.7857452726973,-12.4403482235169));
#2612=CARTESIAN_POINT('Ctrl Pts',(11.9037900479945,18.9997677780773,-12.2285486267278));
#2613=CARTESIAN_POINT('Origin',(11.6672636860912,3.59976777803461,-11.6672604408013));
#2614=CARTESIAN_POINT('',(12.6575395954352,18.5654532029952,-12.0845641787659));
#2615=CARTESIAN_POINT('Ctrl Pts',(12.2285509047615,18.9997677780774,-11.9037877078105));
#2616=CARTESIAN_POINT('Ctrl Pts',(12.440350148893,18.7857452675054,-11.9930402236402));
#2617=CARTESIAN_POINT('Ctrl Pts',(12.6575395954352,18.5654532029953,-12.0845641787659));
#2618=CARTESIAN_POINT('',(12.6575395954322,4.43408235308581,-12.0845641787659));
#2619=CARTESIAN_POINT('',(12.6575395954353,18.9997677780463,-12.0845641787659));
#2620=CARTESIAN_POINT('',(12.228550904789,3.99976777803481,-11.9037877078235));
#2621=CARTESIAN_POINT('Ctrl Pts',(12.6575395954322,4.43408235308582,-12.0845641787659));
#2622=CARTESIAN_POINT('Ctrl Pts',(12.44035014889,4.21379028857586,-11.9930402236402));
#2623=CARTESIAN_POINT('Ctrl Pts',(12.2285509047585,3.99976777800395,-11.9037877078106));
#2624=CARTESIAN_POINT('',(4.62575666937205,3.99976777803642,-8.69995893294473));
#2625=CARTESIAN_POINT('Origin',(18.4823920992733,3.59976777803316,-0.806958666271561));
#2626=CARTESIAN_POINT('',(16.5000002458767,3.9997677780339,2.29476674386625E-6));
#2627=CARTESIAN_POINT('',(16.5000002458766,3.59976777803359,2.29476674386824E-6));
#2628=CARTESIAN_POINT('',(17.0641403227743,3.99976777800302,-0.229638993272987));
#2629=CARTESIAN_POINT('',(10.413912037938,3.99976777803519,2.47743155822287));
#2630=CARTESIAN_POINT('',(17.4953094119741,4.43408235308479,-0.40515253868756));
#2631=CARTESIAN_POINT('Ctrl Pts',(17.0641403227743,3.99976777800302,-0.229638993272987));
#2632=CARTESIAN_POINT('Ctrl Pts',(17.2770160679179,4.21379028338279,-0.316293110413569));
#2633=CARTESIAN_POINT('Ctrl Pts',(17.4953094119738,4.43408235308453,-0.405152538687451));
#2634=CARTESIAN_POINT('',(17.4953094119771,18.5654532029942,-0.40515253868756));
#2635=CARTESIAN_POINT('',(17.4953094119772,18.9997677780453,-0.405152538687558));
#2636=CARTESIAN_POINT('Ctrl Pts',(17.4953094119771,18.5654532029942,-0.405152538687561));
#2637=CARTESIAN_POINT('Ctrl Pts',(17.277016067921,18.7857452726962,-0.316293110413612));
#2638=CARTESIAN_POINT('Ctrl Pts',(17.0641403227774,18.9997677780762,-0.229638993272964));
#2639=CARTESIAN_POINT('Origin',(16.5000002458766,3.59976777803359,2.29476674386824E-6));
#2640=CARTESIAN_POINT('',(17.4953093595497,18.5654532029942,0.405154802578069));
#2641=CARTESIAN_POINT('Ctrl Pts',(17.0641402788308,18.9997677780761,0.229642258841907));
#2642=CARTESIAN_POINT('Ctrl Pts',(17.2770160197875,18.785745267504,0.316295881436387));
#2643=CARTESIAN_POINT('Ctrl Pts',(17.49530935955,18.5654532029939,0.405154802578179));
#2644=CARTESIAN_POINT('',(17.4953093595467,4.43408235308478,0.405154802578069));
#2645=CARTESIAN_POINT('',(17.4953093595498,18.9997677780453,0.405154802578069));
#2646=CARTESIAN_POINT('',(17.0641402788582,3.99976777803378,0.229642258854332));
#2647=CARTESIAN_POINT('Ctrl Pts',(17.4953093595467,4.43408235308479,0.405154802578072));
#2648=CARTESIAN_POINT('Ctrl Pts',(17.2770160197842,4.21379028857484,0.3162958814363));
#2649=CARTESIAN_POINT('Ctrl Pts',(17.0641402788275,3.99976777800292,0.229642258841838));
#2650=CARTESIAN_POINT('',(9.4227038665514,3.9997677780354,-2.88089604849769));
#2651=CARTESIAN_POINT('Origin',(-12.4984188409046,3.59976777803974,13.6396307309856));
#2652=CARTESIAN_POINT('',(-11.6672636861017,3.99976777803988,11.6672604407768));
#2653=CARTESIAN_POINT('',(-11.6672636861018,3.59976777803957,11.6672604407768));
#2654=CARTESIAN_POINT('',(-11.9037900480016,3.99976777800905,12.2285486267029));
#2655=CARTESIAN_POINT('',(-9.11555647546854,3.99976777803934,5.61193916594388));
#2656=CARTESIAN_POINT('',(-12.0845658166599,4.43408235309106,12.6575380316669));
#2657=CARTESIAN_POINT('Ctrl Pts',(-11.9037900480016,3.99976777800905,12.2285486267029));
#2658=CARTESIAN_POINT('Ctrl Pts',(-11.9930422170949,4.2137902833891,12.4403482234921));
#2659=CARTESIAN_POINT('Ctrl Pts',(-12.08456581666,4.43408235309114,12.657538031667));
#2660=CARTESIAN_POINT('',(-12.0845658166569,18.5654532030005,12.6575380316669));
#2661=CARTESIAN_POINT('',(-12.0845658166569,18.9997677780516,12.6575380316669));
#2662=CARTESIAN_POINT('Ctrl Pts',(-12.0845658166569,18.5654532030005,12.6575380316669));
#2663=CARTESIAN_POINT('Ctrl Pts',(-11.9930422170918,18.7857452727024,12.4403482234921));
#2664=CARTESIAN_POINT('Ctrl Pts',(-11.9037900479984,18.9997677780824,12.228548626703));
#2665=CARTESIAN_POINT('Origin',(-11.6672636861018,3.59976777803957,11.6672604407768));
#2666=CARTESIAN_POINT('',(-12.6575395954391,18.5654532030006,12.0845641787413));
#2667=CARTESIAN_POINT('Ctrl Pts',(-12.2285509047648,18.9997677780829,11.9037877077858));
#2668=CARTESIAN_POINT('Ctrl Pts',(-12.4403501488968,18.7857452675105,11.9930402236156));
#2669=CARTESIAN_POINT('Ctrl Pts',(-12.6575395954396,18.5654532030001,12.0845641787415));
#2670=CARTESIAN_POINT('',(-12.6575395954421,4.43408235309119,12.0845641787413));
#2671=CARTESIAN_POINT('',(-12.657539595439,18.9997677780517,12.0845641787413));
#2672=CARTESIAN_POINT('',(-12.228550904799,3.99976777803999,11.9037877077988));
#2673=CARTESIAN_POINT('Ctrl Pts',(-12.6575395954421,4.43408235309118,12.0845641787413));
#2674=CARTESIAN_POINT('Ctrl Pts',(-12.4403501488999,4.21379028858114,11.9930402236156));
#2675=CARTESIAN_POINT('Ctrl Pts',(-12.2285509047685,3.99976777800913,11.903787707786));
#2676=CARTESIAN_POINT('',(-4.62575666938222,3.99976777803838,8.69995893292019));
#2677=CARTESIAN_POINT('Origin',(-18.4823920992839,3.59976777804101,0.806958666247122));
#2678=CARTESIAN_POINT('',(-16.5000002458871,3.9997677780409,-2.29479118259487E-6));
#2679=CARTESIAN_POINT('',(-16.5000002458872,3.59976777804059,-2.29479118259288E-6));
#2680=CARTESIAN_POINT('',(-17.0641403227839,3.99976777801003,0.229638993248228));
#2681=CARTESIAN_POINT('',(-10.4139120379482,3.99976777803961,-2.47743155824741));
#2682=CARTESIAN_POINT('',(-17.4953094119838,4.43408235309222,0.405152538662883));
#2683=CARTESIAN_POINT('Ctrl Pts',(-17.0641403227839,3.99976777801003,0.229638993248228));
#2684=CARTESIAN_POINT('Ctrl Pts',(-17.2770160679277,4.21379028339018,0.316293110388926));
#2685=CARTESIAN_POINT('Ctrl Pts',(-17.4953094119839,4.43408235309232,0.405152538662929));
#2686=CARTESIAN_POINT('',(-17.4953094119808,18.5654532030016,0.405152538662883));
#2687=CARTESIAN_POINT('',(-17.4953094119807,18.9997677780527,0.405152538662883));
#2688=CARTESIAN_POINT('Ctrl Pts',(-17.4953094119807,18.5654532030016,0.405152538662885));
#2689=CARTESIAN_POINT('Ctrl Pts',(-17.2770160679246,18.7857452727035,0.316293110388937));
#2690=CARTESIAN_POINT('Ctrl Pts',(-17.0641403227809,18.9997677780834,0.229638993248292));
#2691=CARTESIAN_POINT('Origin',(-16.5000002458872,3.59976777804059,-2.29479118259288E-6));
#2692=CARTESIAN_POINT('',(-17.4953093595534,18.5654532030016,-0.405154802602272));
#2693=CARTESIAN_POINT('Ctrl Pts',(-17.0641402788349,18.9997677780827,-0.229642258866356));
#2694=CARTESIAN_POINT('Ctrl Pts',(-17.2770160197913,18.7857452675111,-0.316295881460687));
#2695=CARTESIAN_POINT('Ctrl Pts',(-17.4953093595535,18.5654532030015,-0.40515480260232));
#2696=CARTESIAN_POINT('',(-17.4953093595564,4.43408235309221,-0.405154802602272));
#2697=CARTESIAN_POINT('',(-17.4953093595533,18.9997677780527,-0.405154802602272));
#2698=CARTESIAN_POINT('',(-17.064140278868,3.99976777804102,-0.229642258878537));
#2699=CARTESIAN_POINT('Ctrl Pts',(-17.4953093595564,4.43408235309222,-0.40515480260228));
#2700=CARTESIAN_POINT('Ctrl Pts',(-17.2770160197939,4.21379028858217,-0.316295881460506));
#2701=CARTESIAN_POINT('Ctrl Pts',(-17.0641402788373,3.99976777801015,-0.229642258866038));
#2702=CARTESIAN_POINT('',(-9.42270386656157,3.9997677780394,2.88089604847335));
#2703=CARTESIAN_POINT('Origin',(-13.6396307310032,3.59976777803998,-12.4984188409116));
#2704=CARTESIAN_POINT('',(-11.6672604407942,3.99976777803988,-11.6672636861088));
#2705=CARTESIAN_POINT('',(-11.6672604407943,3.59976777803957,-11.6672636861088));
#2706=CARTESIAN_POINT('',(-12.2285486267205,3.99976777800926,-11.9037900480086));
#2707=CARTESIAN_POINT('',(-5.61193916596125,3.99976777803859,-9.11555647547559));
#2708=CARTESIAN_POINT('',(-12.6575380316842,4.43408235309119,-12.0845658166671));
#2709=CARTESIAN_POINT('Ctrl Pts',(-12.2285486267205,3.99976777800926,-11.9037900480086));
#2710=CARTESIAN_POINT('Ctrl Pts',(-12.4403482235096,4.21379028338927,-11.993042217102));
#2711=CARTESIAN_POINT('Ctrl Pts',(-12.6575380316843,4.43408235309128,-12.0845658166671));
#2712=CARTESIAN_POINT('',(-12.6575380316812,18.5654532030006,-12.0845658166671));
#2713=CARTESIAN_POINT('',(-12.6575380316811,18.9997677780517,-12.0845658166671));
#2714=CARTESIAN_POINT('Ctrl Pts',(-12.6575380316812,18.5654532030006,-12.0845658166671));
#2715=CARTESIAN_POINT('Ctrl Pts',(-12.4403482235064,18.7857452727025,-11.993042217102));
#2716=CARTESIAN_POINT('Ctrl Pts',(-12.2285486267172,18.9997677780824,-11.9037900480086));
#2717=CARTESIAN_POINT('Origin',(-11.6672604407943,3.59976777803957,-11.6672636861088));
#2718=CARTESIAN_POINT('',(-12.0845641787556,18.5654532030005,-12.6575395954492));
#2719=CARTESIAN_POINT('Ctrl Pts',(-11.9037877078002,18.9997677780826,-12.2285509047754));
#2720=CARTESIAN_POINT('Ctrl Pts',(-11.9930402236299,18.7857452675104,-12.440350148907));
#2721=CARTESIAN_POINT('Ctrl Pts',(-12.0845641787557,18.5654532030002,-12.6575395954494));
#2722=CARTESIAN_POINT('',(-12.0845641787586,4.43408235309107,-12.6575395954492));
#2723=CARTESIAN_POINT('',(-12.0845641787555,18.9997677780516,-12.6575395954492));
#2724=CARTESIAN_POINT('',(-11.9037877078163,3.99976777803993,-12.228550904806));
#2725=CARTESIAN_POINT('Ctrl Pts',(-12.0845641787586,4.43408235309107,-12.6575395954492));
#2726=CARTESIAN_POINT('Ctrl Pts',(-11.993040223633,4.21379028858105,-12.440350148907));
#2727=CARTESIAN_POINT('Ctrl Pts',(-11.9037877078034,3.99976777800907,-12.2285509047755));
#2728=CARTESIAN_POINT('',(-8.69995893293753,3.99976777803925,-4.62575666938932));
#2729=CARTESIAN_POINT('Origin',(-0.806958666264646,3.59976777803726,-18.4823920992909));
#2730=CARTESIAN_POINT('',(2.29477374400861E-6,3.9997677780374,-16.5000002458941));
#2731=CARTESIAN_POINT('',(2.2947736590821E-6,3.59976777803709,-16.5000002458941));
#2732=CARTESIAN_POINT('',(-0.229638993265966,3.99976777800694,-17.0641403227917));
#2733=CARTESIAN_POINT('',(2.47743155822994,3.99976777803687,-10.4139120379552));
#2734=CARTESIAN_POINT('',(-0.405152538680341,4.43408235308859,-17.4953094119911));
#2735=CARTESIAN_POINT('Ctrl Pts',(-0.229638993265966,3.99976777800694,-17.0641403227917));
#2736=CARTESIAN_POINT('Ctrl Pts',(-0.316293110406469,4.21379028338669,-17.2770160679351));
#2737=CARTESIAN_POINT('Ctrl Pts',(-0.405152538680267,4.43408235308841,-17.495309411991));
#2738=CARTESIAN_POINT('',(-0.405152538677341,18.565453202998,-17.4953094119911));
#2739=CARTESIAN_POINT('',(-0.405152538677249,18.9997677780491,-17.4953094119911));
#2740=CARTESIAN_POINT('Ctrl Pts',(-0.405152538677339,18.565453202998,-17.4953094119911));
#2741=CARTESIAN_POINT('Ctrl Pts',(-0.316293110403347,18.7857452726999,-17.277016067935));
#2742=CARTESIAN_POINT('Ctrl Pts',(-0.229638993262657,18.9997677780799,-17.0641403227914));
#2743=CARTESIAN_POINT('Origin',(2.2947736590821E-6,3.59976777803709,-16.5000002458941));
#2744=CARTESIAN_POINT('',(0.405154802588043,18.5654532029978,-17.4953093595638));
#2745=CARTESIAN_POINT('Ctrl Pts',(0.229642258851978,18.9997677780796,-17.0641402788448));
#2746=CARTESIAN_POINT('Ctrl Pts',(0.316295881446398,18.7857452675076,-17.2770160198015));
#2747=CARTESIAN_POINT('Ctrl Pts',(0.405154802588125,18.5654532029976,-17.495309359564));
#2748=CARTESIAN_POINT('',(0.405154802585042,4.43408235308842,-17.4953093595638));
#2749=CARTESIAN_POINT('',(0.405154802588136,18.9997677780489,-17.4953093595638));
#2750=CARTESIAN_POINT('',(0.229642258861209,3.99976777803736,-17.0641402788753));
#2751=CARTESIAN_POINT('Ctrl Pts',(0.405154802585041,4.43408235308843,-17.4953093595637));
#2752=CARTESIAN_POINT('Ctrl Pts',(0.316295881443222,4.21379028857844,-17.2770160198013));
#2753=CARTESIAN_POINT('Ctrl Pts',(0.229642258848713,3.9997677780065,-17.0641402788446));
#2754=CARTESIAN_POINT('',(-2.88089604849071,3.99976777803801,-9.42270386656876));
#2755=CARTESIAN_POINT('Origin',(11.6672604407837,3.59976777803461,11.6672636860843));
#2756=CARTESIAN_POINT('',(12.0845641787515,18.5654532029953,12.6575395954251));
#2757=CARTESIAN_POINT('Ctrl Pts',(11.9037877077963,18.9997677780773,12.2285509047515));
#2758=CARTESIAN_POINT('Ctrl Pts',(11.9930402236259,18.7857452675055,12.4403501488829));
#2759=CARTESIAN_POINT('Ctrl Pts',(12.0845641787514,18.5654532029956,12.6575395954249));
#2760=CARTESIAN_POINT('',(12.0845641787485,4.43408235308594,12.6575395954251));
#2761=CARTESIAN_POINT('',(12.0845641787516,18.9997677780464,12.6575395954252));
#2762=CARTESIAN_POINT('',(11.903787707806,3.99976777803488,12.228550904782));
#2763=CARTESIAN_POINT('Ctrl Pts',(12.0845641787485,4.43408235308595,12.6575395954251));
#2764=CARTESIAN_POINT('Ctrl Pts',(11.9930402236228,4.21379028857596,12.440350148883));
#2765=CARTESIAN_POINT('Ctrl Pts',(11.9037877077931,3.99976777800402,12.2285509047515));
#2766=CARTESIAN_POINT('',(11.6672604407838,3.99976777803492,11.6672636860843));
#2767=CARTESIAN_POINT('',(8.69995893292726,3.99976777803555,4.62575666936499));
#2768=CARTESIAN_POINT('',(11.6672604407837,3.59976777803461,11.6672636860843));
#2769=CARTESIAN_POINT('Origin',(-4.91724129109601E-12,3.9997677780374,-1.22193643056306E-11));
#2770=CARTESIAN_POINT('Origin',(-4.91724129109601E-12,3.9997677780374,-1.22193643056306E-11));
#2771=CARTESIAN_POINT('Origin',(-4.91724129109601E-12,3.9997677780374,-1.22193643056306E-11));
#2772=CARTESIAN_POINT('Origin',(-4.91724129109601E-12,3.9997677780374,-1.22193643056306E-11));
#2773=CARTESIAN_POINT('Origin',(-4.91724129109601E-12,3.9997677780374,-1.22193643056306E-11));
#2774=CARTESIAN_POINT('Origin',(-4.91724129109601E-12,3.9997677780374,-1.22193643056306E-11));
#2775=CARTESIAN_POINT('Origin',(-4.91724129109601E-12,3.9997677780374,-1.22193643056306E-11));
#2776=CARTESIAN_POINT('',(12.2285486267105,3.9997677780041,11.9037900479844));
#2777=CARTESIAN_POINT('Origin',(-4.91724129109601E-12,3.9997677780374,-1.22193643056306E-11));
#2778=CARTESIAN_POINT('',(5.61193916595105,3.99976777803621,9.11555647545121));
#2779=CARTESIAN_POINT('Origin',(-4.91724129109601E-12,3.9997677780374,-1.22193643056306E-11));
#2780=CARTESIAN_POINT('',(-1.17232258556268,3.99976777803765,8.41876830393347));
#2781=CARTESIAN_POINT('',(1.37152760587595,3.99976777803711,4.917459916077));
#2782=CARTESIAN_POINT('',(1.17232024382893,3.99976777803715,8.41876863002055));
#2783=CARTESIAN_POINT('',(0.706914281617264,3.99976777803725,7.77819209060462));
#2784=CARTESIAN_POINT('Origin',(-5.52120261649256E-12,3.9997677780374,-1.22193643056306E-11));
#2785=CARTESIAN_POINT('',(5.89685674612639,3.99976777803615,-6.12185270288954));
#2786=CARTESIAN_POINT('',(1.78082127599906,3.99976777803702,-4.78447234113527));
#2787=CARTESIAN_POINT('',(4.00000104307841,3.99976777803655,-7.49999944370922));
#2788=CARTESIAN_POINT('',(4.00000093295784,3.99976777803655,-6.70820337620667));
#2789=CARTESIAN_POINT('Origin',(-5.52120261649256E-12,3.9997677780374,-1.22193643056306E-11));
#2790=CARTESIAN_POINT('',(-3.99999895692679,3.99976777803825,-7.50000055632931));
#2791=CARTESIAN_POINT('',(-3.99999955883464,3.99976777803825,-3.17214494143705));
#2792=CARTESIAN_POINT('',(-5.89685504331313,3.99976777803865,-6.12185434312964));
#2793=CARTESIAN_POINT('',(-5.14381226776679,3.99976777803849,-5.87717579746112));
#2794=CARTESIAN_POINT('Origin',(-5.52120261649256E-12,3.9997677780374,-1.22193643056306E-11));
#2795=CARTESIAN_POINT('',(7.71882445727517,3.99976777803576,-3.55945908782271));
#2796=CARTESIAN_POINT('',(6.33137418233606,3.99976777803606,-3.10864937928601));
#2797=CARTESIAN_POINT('',(8.3368581814844,3.99976777803563,-1.65734596927631));
#2798=CARTESIAN_POINT('Origin',(-5.52120261649256E-12,3.9997677780374,-1.22193643056306E-11));
#2799=CARTESIAN_POINT('',(3.84363491028524,3.99976777803658,-0.197409919771036));
#2800=CARTESIAN_POINT('',(-4.15246260458913,3.99976777803828,7.41667407383288));
#2801=CARTESIAN_POINT('',(-3.29497105158106,3.9997677780381,6.23643854849875));
#2802=CARTESIAN_POINT('',(-5.77049642984485,3.99976777803862,6.2411033442149));
#2803=CARTESIAN_POINT('Origin',(-5.52120261649256E-12,3.9997677780374,-1.22193643056306E-11));
#2804=CARTESIAN_POINT('',(-2.99353132311278,3.99976777803804,2.41893989539592));
#2805=CARTESIAN_POINT('',(7.6444568528144,3.99976777803578,3.71648751180623));
#2806=CARTESIAN_POINT('',(5.10060763528334,3.99976777803632,0.21517841636495));
#2807=CARTESIAN_POINT('',(8.36899164296299,3.99976777803562,1.48659977129516));
#2808=CARTESIAN_POINT('',(7.61594879935896,3.99976777803578,1.73127810750173));
#2809=CARTESIAN_POINT('Origin',(-5.52120261649256E-12,3.9997677780374,-1.22193643056306E-11));
#2810=CARTESIAN_POINT('',(-0.999998826056985,3.99976777803761,-8.44097164716322));
#2811=CARTESIAN_POINT('',(-0.999999028950418,3.99976777803761,-6.98212016097953));
#2812=CARTESIAN_POINT('',(1.00000117394455,3.99976777803719,-8.4409713690082));
#2813=CARTESIAN_POINT('Origin',(-5.52120261649256E-12,3.9997677780374,-1.22193643056306E-11));
#2814=CARTESIAN_POINT('',(1.00000051687921,3.99976777803719,-3.71651704776716));
#2815=CARTESIAN_POINT('',(-8.33685772049601,3.99976777803917,-1.65734828821523));
#2816=CARTESIAN_POINT('',(-6.9494075709514,3.99976777803888,-1.20653819375211));
#2817=CARTESIAN_POINT('',(-7.71882346720449,3.99976777803904,-3.55946123485238));
#2818=CARTESIAN_POINT('Origin',(-5.52120261649256E-12,3.9997677780374,-1.22193643056306E-11));
#2819=CARTESIAN_POINT('',(-3.22560060209348,3.99976777803808,-2.09952393553438));
#2820=CARTESIAN_POINT('',(5.77049469383938,3.99976777803618,6.24110494930718));
#2821=CARTESIAN_POINT('',(4.91300346912,3.99976777803636,5.06086918545781));
#2822=CARTESIAN_POINT('',(4.15246054159283,3.99976777803652,7.41667522886089));
#2823=CARTESIAN_POINT('Origin',(-5.52120261649256E-12,3.9997677780374,-1.22193643056306E-11));
#2824=CARTESIAN_POINT('',(1.37549649801504,3.99976777803711,3.59451100761556));
#2825=CARTESIAN_POINT('',(-7.64445788658479,3.99976777803902,3.71648538546207));
#2826=CARTESIAN_POINT('',(-7.17905174619409,3.99976777803892,3.07590897550035));
#2827=CARTESIAN_POINT('',(-8.36899205647891,3.99976777803918,1.48659744341802));
#2828=CARTESIAN_POINT('Origin',(-5.52120261649256E-12,3.9997677780374,-1.22193643056306E-11));
#2829=CARTESIAN_POINT('',(-4.25295695835053,3.9997677780383,2.82397895006924));
#2830=CARTESIAN_POINT('',(-6.00000000000986,3.99976777803867,-1.22189278501483E-11));
#2831=CARTESIAN_POINT('Origin',(-5.21922195379429E-12,3.9997677780374,-1.22193643056306E-11));
#2832=CARTESIAN_POINT('Origin',(13.6396307309925,3.59976777803419,12.4984188408871));
#2833=CARTESIAN_POINT('',(12.6575380316744,4.43408235308581,12.0845658166428));
#2834=CARTESIAN_POINT('Ctrl Pts',(12.2285486267105,3.9997677780041,11.9037900479844));
#2835=CARTESIAN_POINT('Ctrl Pts',(12.4403482234996,4.21379028338392,11.9930422170777));
#2836=CARTESIAN_POINT('Ctrl Pts',(12.6575380316743,4.43408235308573,12.0845658166428));
#2837=CARTESIAN_POINT('',(12.6575380316774,18.5654532029952,12.0845658166428));
#2838=CARTESIAN_POINT('',(12.6575380316775,18.9997677780463,12.0845658166428));
#2839=CARTESIAN_POINT('Ctrl Pts',(12.6575380316774,18.5654532029952,12.0845658166428));
#2840=CARTESIAN_POINT('Ctrl Pts',(12.4403482235026,18.7857452726972,11.9930422170777));
#2841=CARTESIAN_POINT('Ctrl Pts',(12.2285486267136,18.9997677780772,11.9037900479844));
#2842=CARTESIAN_POINT('Origin',(-1.32310241568918E-12,20.9997677780506,
-1.22194486073173E-11));
#2843=CARTESIAN_POINT('',(7.05000000000349,17.9997677780468,-1.22199465657407E-11));
#2844=CARTESIAN_POINT('Origin',(-1.95717854062822E-12,17.9997677780482,
-1.2219433730549E-11));
#2845=CARTESIAN_POINT('',(7.05000000000413,20.9997677780491,-1.22182346905221E-11));
#2846=CARTESIAN_POINT('Origin',(-0.493012438754221,3.9997677780375,7.48377837293053));
#2847=CARTESIAN_POINT('',(-1.17232258555971,17.9997677780485,8.41876830393347));
#2848=CARTESIAN_POINT('',(-1.17232258556151,3.99976777803765,8.41876830393264));
#2849=CARTESIAN_POINT('',(1.37152760587887,17.999767778048,4.91745991607707));
#2850=CARTESIAN_POINT('Origin',(-5.52120261649256E-12,3.9997677780374,-1.22193643056306E-11));
#2851=CARTESIAN_POINT('',(1.1723202438319,17.999767778048,8.41876863002055));
#2852=CARTESIAN_POINT('',(1.17232024382777,3.99976777803715,8.41876863001973));
#2853=CARTESIAN_POINT('Origin',(-2.548774757088E-12,17.9997677780482,-1.2219433730549E-11));
#2854=CARTESIAN_POINT('Origin',(4.64989686773294,3.99976777803641,13.2052436221138));
#2855=CARTESIAN_POINT('',(0.706914281620184,17.9997677780481,7.77819209060455));
#2856=CARTESIAN_POINT('Origin',(4.79771000042154,3.99976777803638,-5.76471844516536));
#2857=CARTESIAN_POINT('',(5.89685674612937,17.999767778047,-6.12185270288954));
#2858=CARTESIAN_POINT('',(5.89685674612497,3.99976777803615,-6.12185270288956));
#2859=CARTESIAN_POINT('',(1.7808212760019,17.9997677780479,-4.78447234113523));
#2860=CARTESIAN_POINT('Origin',(-5.52120261649256E-12,3.9997677780374,-1.22193643056306E-11));
#2861=CARTESIAN_POINT('',(4.00000104308138,17.9997677780474,-7.49999944370922));
#2862=CARTESIAN_POINT('',(4.00000104307887,3.99976777803655,-7.49999944370787));
#2863=CARTESIAN_POINT('Origin',(-2.548774757088E-12,17.9997677780482,-1.2219433730549E-11));
#2864=CARTESIAN_POINT('Origin',(4.00000186591815,3.99976777803655,-13.4164073087112));
#2865=CARTESIAN_POINT('',(4.00000093296081,17.9997677780474,-6.70820337620667));
#2866=CARTESIAN_POINT('Origin',(-3.99999911766069,3.99976777803825,-6.34428932655183));
#2867=CARTESIAN_POINT('',(-3.99999895692382,17.9997677780491,-7.50000055632931));
#2868=CARTESIAN_POINT('',(-3.99999895692725,3.99976777803825,-7.50000055632796));
#2869=CARTESIAN_POINT('',(-3.99999955883166,17.9997677780491,-3.17214494143705));
#2870=CARTESIAN_POINT('Origin',(-5.52120261649256E-12,3.9997677780374,-1.22193643056306E-11));
#2871=CARTESIAN_POINT('',(-5.89685504331015,17.9997677780495,-6.12185434312964));
#2872=CARTESIAN_POINT('',(-5.8968550433117,3.99976777803865,-6.12185434312966));
#2873=CARTESIAN_POINT('Origin',(-2.548774757088E-12,17.9997677780482,-1.2219433730549E-11));
#2874=CARTESIAN_POINT('Origin',(-11.5236930421116,3.99976777803984,-7.95012570163592));
#2875=CARTESIAN_POINT('',(-5.14381226776395,17.9997677780493,-5.87717579746117));
#2876=CARTESIAN_POINT('Origin',(7.37825295847083,3.99976777803583,-1.34587639880289));
#2877=CARTESIAN_POINT('',(8.33685818148737,17.9997677780465,-1.6573459692763));
#2878=CARTESIAN_POINT('',(8.3368581814844,3.99976777803563,-1.6573459692763));
#2879=CARTESIAN_POINT('',(3.84363491028807,17.9997677780474,-0.197409919770991));
#2880=CARTESIAN_POINT('Origin',(-5.52120261649256E-12,3.9997677780374,-1.22193643056306E-11));
#2881=CARTESIAN_POINT('',(7.71882445727815,17.9997677780466,-3.55945908782271));
#2882=CARTESIAN_POINT('',(7.71882445727517,3.99976777803576,-3.55945908782271));
#2883=CARTESIAN_POINT('Origin',(-2.548774757088E-12,17.9997677780482,-1.2219433730549E-11));
#2884=CARTESIAN_POINT('Origin',(12.9717652267817,3.99976777803464,-5.26624219928643));
#2885=CARTESIAN_POINT('',(6.3313741823389,17.9997677780469,-3.10864937928597));
#2886=CARTESIAN_POINT('Origin',(-5.17804573359242,3.9997677780385,5.42566515561331));
#2887=CARTESIAN_POINT('',(-5.77049642984188,17.9997677780495,6.2411033442149));
#2888=CARTESIAN_POINT('',(-5.77049642984485,3.99976777803862,6.2411033442149));
#2889=CARTESIAN_POINT('',(-2.99353132310986,17.9997677780489,2.41893989539599));
#2890=CARTESIAN_POINT('Origin',(-5.52120261649256E-12,3.9997677780374,-1.22193643056306E-11));
#2891=CARTESIAN_POINT('',(-4.15246260458616,17.9997677780491,7.41667407383288));
#2892=CARTESIAN_POINT('',(-4.15246260458913,3.99976777803828,7.41667407383288));
#2893=CARTESIAN_POINT('Origin',(-2.548774757088E-12,17.9997677780482,-1.2219433730549E-11));
#2894=CARTESIAN_POINT('Origin',(-7.39895901578469,3.99976777803897,11.885091732201));
#2895=CARTESIAN_POINT('',(-3.29497105157814,17.9997677780489,6.23643854849882));
#2896=CARTESIAN_POINT('Origin',(6.96514696607885,3.99976777803592,2.78149739184926));
#2897=CARTESIAN_POINT('',(7.64445685281737,17.9997677780466,3.71648751180624));
#2898=CARTESIAN_POINT('',(7.64445685281397,3.99976777803578,3.71648751180487));
#2899=CARTESIAN_POINT('',(5.10060763528626,17.9997677780472,0.215178416364878));
#2900=CARTESIAN_POINT('Origin',(-5.52120261649256E-12,3.9997677780374,-1.22193643056306E-11));
#2901=CARTESIAN_POINT('',(8.36899164296596,17.9997677780465,1.48659977129516));
#2902=CARTESIAN_POINT('',(8.36899164296184,3.99976777803562,1.48659977129601));
#2903=CARTESIAN_POINT('Origin',(-2.548774757088E-12,17.9997677780482,-1.2219433730549E-11));
#2904=CARTESIAN_POINT('Origin',(13.9958301503044,3.99976777803443,-0.341670022076949));
#2905=CARTESIAN_POINT('',(7.6159487993618,17.9997677780466,1.73127810750177));
#2906=CARTESIAN_POINT('Origin',(1.00000103376317,3.99976777803719,-7.43303423459962));
#2907=CARTESIAN_POINT('',(1.00000117394753,17.999767778048,-8.4409713690082));
#2908=CARTESIAN_POINT('',(1.00000117394455,3.99976777803719,-8.4409713690082));
#2909=CARTESIAN_POINT('',(1.00000051688218,17.999767778048,-3.71651704776716));
#2910=CARTESIAN_POINT('Origin',(-5.52120261649256E-12,3.9997677780374,-1.22193643056306E-11));
#2911=CARTESIAN_POINT('',(-0.999998826054013,17.9997677780485,-8.44097164716322));
#2912=CARTESIAN_POINT('',(-0.999998826056985,3.99976777803761,-8.44097164716322));
#2913=CARTESIAN_POINT('Origin',(-2.548774757088E-12,17.9997677780482,-1.2219433730549E-11));
#2914=CARTESIAN_POINT('Origin',(-0.999998057894545,3.99976777803761,-13.9642401828693));
#2915=CARTESIAN_POINT('',(-0.999999028947445,17.9997677780485,-6.98212016097953));
#2916=CARTESIAN_POINT('Origin',(-6.76021833082776,3.99976777803883,-3.24799139773812));
#2917=CARTESIAN_POINT('',(-7.71882346720152,17.9997677780499,-3.55946123485238));
#2918=CARTESIAN_POINT('',(-7.71882346720449,3.99976777803904,-3.55946123485238));
#2919=CARTESIAN_POINT('',(-3.22560060209065,17.9997677780489,-2.09952393553442));
#2920=CARTESIAN_POINT('Origin',(-5.52120261649256E-12,3.9997677780374,-1.22193643056306E-11));
#2921=CARTESIAN_POINT('',(-8.33685772049304,17.99976777805,-1.65734828821523));
#2922=CARTESIAN_POINT('',(-8.33685772049601,3.99976777803917,-1.65734828821523));
#2923=CARTESIAN_POINT('Origin',(-2.548774757088E-12,17.9997677780482,-1.2219433730549E-11));
#2924=CARTESIAN_POINT('Origin',(-13.5897980152521,3.99976777804028,-3.36413286081075));
#2925=CARTESIAN_POINT('',(-6.94940757094856,17.9997677780497,-1.20653819375216));
#2926=CARTESIAN_POINT('Origin',(3.56001007215866,3.99976777803664,6.60123687546622));
#2927=CARTESIAN_POINT('',(4.1524605415958,17.9997677780474,7.4166752288609));
#2928=CARTESIAN_POINT('',(4.15246054159283,3.99976777803652,7.4166752288609));
#2929=CARTESIAN_POINT('',(1.37549649801796,17.999767778048,3.59451100761549));
#2930=CARTESIAN_POINT('Origin',(-5.52120261649256E-12,3.9997677780374,-1.22193643056306E-11));
#2931=CARTESIAN_POINT('',(5.77049469384236,17.999767778047,6.24110494930718));
#2932=CARTESIAN_POINT('',(5.77049469383938,3.99976777803617,6.24110494930718));
#2933=CARTESIAN_POINT('Origin',(-2.548774757088E-12,17.9997677780482,-1.2219433730549E-11));
#2934=CARTESIAN_POINT('Origin',(9.01698986212201,3.99976777803548,10.7095235107044));
#2935=CARTESIAN_POINT('',(4.91300346912292,17.9997677780472,5.06086918545773));
#2936=CARTESIAN_POINT('Origin',(-7.26984541011305,3.99976777803894,1.84373200687626));
#2937=CARTESIAN_POINT('',(-8.36899205647593,17.99976777805,1.48659744341802));
#2938=CARTESIAN_POINT('',(-8.36899205647776,3.99976777803918,1.48659744341887));
#2939=CARTESIAN_POINT('',(-4.25295695834769,17.9997677780492,2.82397895006919));
#2940=CARTESIAN_POINT('Origin',(-5.52120261649256E-12,3.9997677780374,-1.22193643056306E-11));
#2941=CARTESIAN_POINT('',(-7.64445788658182,17.9997677780499,3.71648538546207));
#2942=CARTESIAN_POINT('',(-7.64445788658437,3.99976777803902,3.71648538546071));
#2943=CARTESIAN_POINT('Origin',(-2.548774757088E-12,17.9997677780482,-1.2219433730549E-11));
#2944=CARTESIAN_POINT('Origin',(-11.1220358418715,3.99976777803976,8.50295941024917));
#2945=CARTESIAN_POINT('',(-7.17905174619117,17.9997677780498,3.07590897550042));
#2946=CARTESIAN_POINT('Origin',(-2.24679409438972E-12,17.9997677780482,
-1.2219433730549E-11));
#2947=CARTESIAN_POINT('Origin',(-4.87113526457364E-12,4.21692506556295,
-1.22193653824968E-11));
#2948=CARTESIAN_POINT('Origin',(-4.82502923805127E-12,4.4340823530885,-1.2219366459363E-11));
#2949=CARTESIAN_POINT('Origin',(-4.87113526457364E-12,4.21692506556295,
-1.22193653824968E-11));
#2950=CARTESIAN_POINT('Origin',(-4.82502923805127E-12,4.4340823530885,-1.2219366459363E-11));
#2951=CARTESIAN_POINT('Origin',(-4.87113526457364E-12,4.21692506556295,
-1.22193653824968E-11));
#2952=CARTESIAN_POINT('Origin',(-4.82502923805127E-12,4.4340823530885,-1.2219366459363E-11));
#2953=CARTESIAN_POINT('Origin',(-4.87113526457364E-12,4.21692506556295,
-1.22193653824968E-11));
#2954=CARTESIAN_POINT('Origin',(-4.82502923805127E-12,4.4340823530885,-1.2219366459363E-11));
#2955=CARTESIAN_POINT('Origin',(-4.87113526457364E-12,4.21692506556295,
-1.22193653824968E-11));
#2956=CARTESIAN_POINT('Origin',(-4.82502923805127E-12,4.4340823530885,-1.2219366459363E-11));
#2957=CARTESIAN_POINT('Origin',(-4.87113526457364E-12,4.21692506556295,
-1.22193653824968E-11));
#2958=CARTESIAN_POINT('Origin',(-4.82502923805127E-12,4.4340823530885,-1.2219366459363E-11));
#2959=CARTESIAN_POINT('Origin',(-4.87113526457364E-12,4.21692506556295,
-1.22193653824968E-11));
#2960=CARTESIAN_POINT('Origin',(-4.82502923805127E-12,4.4340823530885,-1.2219366459363E-11));
#2961=CARTESIAN_POINT('Origin',(-4.87113526457364E-12,4.21692506556295,
-1.22193653824968E-11));
#2962=CARTESIAN_POINT('Origin',(-4.82502923805127E-12,4.4340823530885,-1.2219366459363E-11));
#2963=CARTESIAN_POINT('Origin',(-1.77860318254207E-12,18.7826104905234,
-1.22194376126056E-11));
#2964=CARTESIAN_POINT('Origin',(-1.82470920906444E-12,18.5654532029979,
-1.22194365357394E-11));
#2965=CARTESIAN_POINT('Origin',(-1.77860318254207E-12,18.7826104905234,
-1.22194376126056E-11));
#2966=CARTESIAN_POINT('Origin',(-1.82470920906444E-12,18.5654532029979,
-1.22194365357394E-11));
#2967=CARTESIAN_POINT('Origin',(-1.77860318254207E-12,18.7826104905234,
-1.22194376126056E-11));
#2968=CARTESIAN_POINT('Origin',(-1.82470920906444E-12,18.5654532029979,
-1.22194365357394E-11));
#2969=CARTESIAN_POINT('Origin',(-1.77860318254207E-12,18.7826104905234,
-1.22194376126056E-11));
#2970=CARTESIAN_POINT('Origin',(-1.82470920906444E-12,18.5654532029979,
-1.22194365357394E-11));
#2971=CARTESIAN_POINT('Origin',(-1.77860318254207E-12,18.7826104905234,
-1.22194376126056E-11));
#2972=CARTESIAN_POINT('Origin',(-1.82470920906444E-12,18.5654532029979,
-1.22194365357394E-11));
#2973=CARTESIAN_POINT('Origin',(-1.77860318254207E-12,18.7826104905234,
-1.22194376126056E-11));
#2974=CARTESIAN_POINT('Origin',(-1.82470920906444E-12,18.5654532029979,
-1.22194365357394E-11));
#2975=CARTESIAN_POINT('Origin',(-1.77860318254207E-12,18.7826104905234,
-1.22194376126056E-11));
#2976=CARTESIAN_POINT('Origin',(-1.82470920906444E-12,18.5654532029979,
-1.22194365357394E-11));
#2977=CARTESIAN_POINT('Origin',(-1.7324971560197E-12,18.999767778049,-1.22194386894718E-11));
#2978=CARTESIAN_POINT('Origin',(-1.7324971560197E-12,18.999767778049,-1.22194386894718E-11));
#2979=CARTESIAN_POINT('Origin',(-1.7324971560197E-12,18.999767778049,-1.22194386894718E-11));
#2980=CARTESIAN_POINT('Origin',(-1.7324971560197E-12,18.999767778049,-1.22194386894718E-11));
#2981=CARTESIAN_POINT('Origin',(-1.7324971560197E-12,18.999767778049,-1.22194386894718E-11));
#2982=CARTESIAN_POINT('Origin',(-1.7324971560197E-12,18.999767778049,-1.22194386894718E-11));
#2983=CARTESIAN_POINT('Origin',(-1.7324971560197E-12,18.999767778049,-1.22194386894718E-11));
#2984=CARTESIAN_POINT('Origin',(-1.77860318254207E-12,18.7826104905234,
-1.22194376126056E-11));
#2985=CARTESIAN_POINT('Origin',(-1.82470920906444E-12,18.5654532029979,
-1.22194365357394E-11));
#2986=CARTESIAN_POINT('Origin',(-1.7324971560197E-12,18.999767778049,-1.22194386894718E-11));
#2987=CARTESIAN_POINT('Origin',(-4.15764057543551E-12,8.99976777804127,
-1.22193891002443E-11));
#2988=CARTESIAN_POINT('',(-6.0000000000088,8.99976777804254,-1.2220422220921E-11));
#2989=UNCERTAINTY_MEASURE_WITH_UNIT(LENGTH_MEASURE(0.01),#2993,
'DISTANCE_ACCURACY_VALUE',
'Maximum model space distance between geometric entities at asserted c
onnectivities');
#2990=UNCERTAINTY_MEASURE_WITH_UNIT(LENGTH_MEASURE(0.01),#2993,
'DISTANCE_ACCURACY_VALUE',
'Maximum model space distance between geometric entities at asserted c
onnectivities');
#2991=(
GEOMETRIC_REPRESENTATION_CONTEXT(3)
GLOBAL_UNCERTAINTY_ASSIGNED_CONTEXT((#2989))
GLOBAL_UNIT_ASSIGNED_CONTEXT((#2993,#2995,#2996))
REPRESENTATION_CONTEXT('','3D')
);
#2992=(
GEOMETRIC_REPRESENTATION_CONTEXT(3)
GLOBAL_UNCERTAINTY_ASSIGNED_CONTEXT((#2990))
GLOBAL_UNIT_ASSIGNED_CONTEXT((#2993,#2995,#2996))
REPRESENTATION_CONTEXT('','3D')
);
#2993=(
LENGTH_UNIT()
NAMED_UNIT(*)
SI_UNIT(.MILLI.,.METRE.)
);
#2994=(
LENGTH_UNIT()
NAMED_UNIT(*)
SI_UNIT($,.METRE.)
);
#2995=(
NAMED_UNIT(*)
PLANE_ANGLE_UNIT()
SI_UNIT($,.RADIAN.)
);
#2996=(
NAMED_UNIT(*)
SI_UNIT($,.STERADIAN.)
SOLID_ANGLE_UNIT()
);
#2997=SHAPE_DEFINITION_REPRESENTATION(#2998,#2999);
#2998=PRODUCT_DEFINITION_SHAPE('',$,#3001);
#2999=SHAPE_REPRESENTATION('',(#1745),#2991);
#3000=PRODUCT_DEFINITION_CONTEXT('part definition',#3005,'design');
#3001=PRODUCT_DEFINITION('Front rim','Front rim',#3002,#3000);
#3002=PRODUCT_DEFINITION_FORMATION('',$,#3007);
#3003=PRODUCT_RELATED_PRODUCT_CATEGORY('Front rim','Front rim',(#3007));
#3004=APPLICATION_PROTOCOL_DEFINITION('international standard',
'automotive_design',2009,#3005);
#3005=APPLICATION_CONTEXT(
'Core Data for Automotive Mechanical Design Process');
#3006=PRODUCT_CONTEXT('part definition',#3005,'mechanical');
#3007=PRODUCT('Front rim','Front rim',$,(#3006));
#3008=PRESENTATION_STYLE_ASSIGNMENT((#3010));
#3009=PRESENTATION_STYLE_ASSIGNMENT((#3011));
#3010=SURFACE_STYLE_USAGE(.BOTH.,#3012);
#3011=SURFACE_STYLE_USAGE(.BOTH.,#3013);
#3012=SURFACE_SIDE_STYLE('',(#3014));
#3013=SURFACE_SIDE_STYLE('',(#3015));
#3014=SURFACE_STYLE_FILL_AREA(#3016);
#3015=SURFACE_STYLE_FILL_AREA(#3017);
#3016=FILL_AREA_STYLE('Stahl - satiniert',(#3018));
#3017=FILL_AREA_STYLE('Opaque(179,179,179)',(#3019));
#3018=FILL_AREA_STYLE_COLOUR('Stahl - satiniert',#3020);
#3019=FILL_AREA_STYLE_COLOUR('Opaque(179,179,179)',#3021);
#3020=COLOUR_RGB('Stahl - satiniert',0.627450980392157,0.627450980392157,
0.627450980392157);
#3021=COLOUR_RGB('Opaque(179,179,179)',0.701960784313725,0.701960784313725,
0.701960784313725);
ENDSEC;
END-ISO-10303-21;
