ISO-10303-21;
HEADER;
/* Generated by software containing ST-Developer
 * from STEP Tools, Inc. (www.steptools.com) 
 */

FILE_DESCRIPTION(
/* description */ (''),
/* implementation_level */ '2;1');

FILE_NAME(
/* name */ 'Front light clamp.step',
/* time_stamp */ '2026-04-11T13:51:09+02:00',
/* author */ (''),
/* organization */ (''),
/* preprocessor_version */ 'ST-DEVELOPER v20.1',
/* originating_system */ 'Autodesk Translation Framework v14.24.0.0',
/* authorisation */ '');

FILE_SCHEMA (('AUTOMOTIVE_DESIGN { 1 0 10303 214 3 1 1 }'));
ENDSEC;

DATA;
#10=MECHANICAL_DESIGN_GEOMETRIC_PRESENTATION_REPRESENTATION('',(#13),#3824);
#11=SHAPE_REPRESENTATION_RELATIONSHIP('SRR','None',#3831,#12);
#12=ADVANCED_BREP_SHAPE_REPRESENTATION('',(#14),#3823);
#13=STYLED_ITEM('',(#3841),#14);
#14=MANIFOLD_SOLID_BREP('Front light clamp',#2308);
#15=FACE_BOUND('',#263,.T.);
#16=FACE_BOUND('',#268,.T.);
#17=FACE_BOUND('',#294,.T.);
#18=FACE_BOUND('',#298,.T.);
#19=FACE_BOUND('',#299,.T.);
#20=FACE_BOUND('',#303,.T.);
#21=FACE_BOUND('',#304,.T.);
#22=FACE_BOUND('',#307,.T.);
#23=FACE_BOUND('',#312,.T.);
#24=FACE_BOUND('',#336,.T.);
#25=CIRCLE('',#2356,1.);
#26=CIRCLE('',#2361,1.);
#27=CIRCLE('',#2365,1.);
#28=CIRCLE('',#2394,4.);
#29=CIRCLE('',#2395,4.);
#30=CIRCLE('',#2397,6.);
#31=CIRCLE('',#2398,3.);
#32=CIRCLE('',#2401,5.);
#33=CIRCLE('',#2402,5.);
#34=CIRCLE('',#2404,3.);
#35=CIRCLE('',#2406,1.6);
#36=CIRCLE('',#2408,1.6);
#37=CIRCLE('',#2413,6.);
#38=CIRCLE('',#2414,6.);
#39=CIRCLE('',#2424,0.5);
#40=CIRCLE('',#2425,0.5);
#41=CIRCLE('',#2434,1.);
#42=CIRCLE('',#2437,6.);
#43=CIRCLE('',#2443,3.99999999999999);
#44=CIRCLE('',#2444,1.6);
#45=CIRCLE('',#2446,3.99999999999999);
#46=CIRCLE('',#2447,3.99999999999999);
#47=CIRCLE('',#2448,3.99999999999999);
#48=CIRCLE('',#2450,1.6);
#49=CIRCLE('',#2452,4.);
#50=CIRCLE('',#2453,6.);
#51=CIRCLE('',#2454,1.6);
#52=CIRCLE('',#2456,5.);
#53=CIRCLE('',#2457,3.99999999999999);
#54=CIRCLE('',#2460,3.99999999999999);
#55=CIRCLE('',#2461,3.99999999999999);
#56=CIRCLE('',#2462,5.);
#57=CIRCLE('',#2463,1.6);
#58=CIRCLE('',#2465,4.);
#59=CIRCLE('',#2467,6.);
#60=CIRCLE('',#2468,3.);
#61=CIRCLE('',#2472,3.);
#62=CIRCLE('',#2474,1.6);
#63=CIRCLE('',#2481,6.);
#64=CIRCLE('',#2490,0.5);
#65=CIRCLE('',#2491,0.5);
#66=CIRCLE('',#2502,6.);
#67=CIRCLE('',#2507,3.99999999999999);
#68=CIRCLE('',#2508,1.6);
#69=CYLINDRICAL_SURFACE('',#2333,5.);
#70=CYLINDRICAL_SURFACE('',#2342,5.);
#71=CYLINDRICAL_SURFACE('',#2352,5.);
#72=CYLINDRICAL_SURFACE('',#2355,1.);
#73=CYLINDRICAL_SURFACE('',#2359,1.);
#74=CYLINDRICAL_SURFACE('',#2363,1.);
#75=CYLINDRICAL_SURFACE('',#2393,4.);
#76=CYLINDRICAL_SURFACE('',#2400,5.);
#77=CYLINDRICAL_SURFACE('',#2403,3.);
#78=CYLINDRICAL_SURFACE('',#2407,1.6);
#79=CYLINDRICAL_SURFACE('',#2412,6.);
#80=CYLINDRICAL_SURFACE('',#2418,0.25);
#81=CYLINDRICAL_SURFACE('',#2423,0.5);
#82=CYLINDRICAL_SURFACE('',#2433,1.);
#83=CYLINDRICAL_SURFACE('',#2436,6.);
#84=CYLINDRICAL_SURFACE('',#2438,6.);
#85=CYLINDRICAL_SURFACE('',#2445,3.99999999999999);
#86=CYLINDRICAL_SURFACE('',#2449,1.6);
#87=CYLINDRICAL_SURFACE('',#2464,4.);
#88=CYLINDRICAL_SURFACE('',#2470,5.);
#89=CYLINDRICAL_SURFACE('',#2471,3.);
#90=CYLINDRICAL_SURFACE('',#2475,1.6);
#91=CYLINDRICAL_SURFACE('',#2479,6.);
#92=CYLINDRICAL_SURFACE('',#2484,0.25);
#93=CYLINDRICAL_SURFACE('',#2489,0.5);
#94=CYLINDRICAL_SURFACE('',#2493,5.);
#95=CYLINDRICAL_SURFACE('',#2501,6.);
#96=CYLINDRICAL_SURFACE('',#2503,6.);
#97=CYLINDRICAL_SURFACE('',#2509,3.99999999999999);
#98=CYLINDRICAL_SURFACE('',#2510,1.6);
#99=FACE_OUTER_BOUND('',#214,.T.);
#100=FACE_OUTER_BOUND('',#215,.T.);
#101=FACE_OUTER_BOUND('',#216,.T.);
#102=FACE_OUTER_BOUND('',#217,.T.);
#103=FACE_OUTER_BOUND('',#218,.T.);
#104=FACE_OUTER_BOUND('',#219,.T.);
#105=FACE_OUTER_BOUND('',#220,.T.);
#106=FACE_OUTER_BOUND('',#221,.T.);
#107=FACE_OUTER_BOUND('',#222,.T.);
#108=FACE_OUTER_BOUND('',#223,.T.);
#109=FACE_OUTER_BOUND('',#224,.T.);
#110=FACE_OUTER_BOUND('',#225,.T.);
#111=FACE_OUTER_BOUND('',#226,.T.);
#112=FACE_OUTER_BOUND('',#227,.T.);
#113=FACE_OUTER_BOUND('',#228,.T.);
#114=FACE_OUTER_BOUND('',#229,.T.);
#115=FACE_OUTER_BOUND('',#230,.T.);
#116=FACE_OUTER_BOUND('',#231,.T.);
#117=FACE_OUTER_BOUND('',#232,.T.);
#118=FACE_OUTER_BOUND('',#233,.T.);
#119=FACE_OUTER_BOUND('',#234,.T.);
#120=FACE_OUTER_BOUND('',#235,.T.);
#121=FACE_OUTER_BOUND('',#236,.T.);
#122=FACE_OUTER_BOUND('',#237,.T.);
#123=FACE_OUTER_BOUND('',#238,.T.);
#124=FACE_OUTER_BOUND('',#239,.T.);
#125=FACE_OUTER_BOUND('',#240,.T.);
#126=FACE_OUTER_BOUND('',#241,.T.);
#127=FACE_OUTER_BOUND('',#242,.T.);
#128=FACE_OUTER_BOUND('',#243,.T.);
#129=FACE_OUTER_BOUND('',#244,.T.);
#130=FACE_OUTER_BOUND('',#245,.T.);
#131=FACE_OUTER_BOUND('',#246,.T.);
#132=FACE_OUTER_BOUND('',#247,.T.);
#133=FACE_OUTER_BOUND('',#248,.T.);
#134=FACE_OUTER_BOUND('',#249,.T.);
#135=FACE_OUTER_BOUND('',#250,.T.);
#136=FACE_OUTER_BOUND('',#251,.T.);
#137=FACE_OUTER_BOUND('',#252,.T.);
#138=FACE_OUTER_BOUND('',#253,.T.);
#139=FACE_OUTER_BOUND('',#254,.T.);
#140=FACE_OUTER_BOUND('',#255,.T.);
#141=FACE_OUTER_BOUND('',#256,.T.);
#142=FACE_OUTER_BOUND('',#257,.T.);
#143=FACE_OUTER_BOUND('',#258,.T.);
#144=FACE_OUTER_BOUND('',#259,.T.);
#145=FACE_OUTER_BOUND('',#260,.T.);
#146=FACE_OUTER_BOUND('',#261,.T.);
#147=FACE_OUTER_BOUND('',#262,.T.);
#148=FACE_OUTER_BOUND('',#264,.T.);
#149=FACE_OUTER_BOUND('',#265,.T.);
#150=FACE_OUTER_BOUND('',#266,.T.);
#151=FACE_OUTER_BOUND('',#267,.T.);
#152=FACE_OUTER_BOUND('',#269,.T.);
#153=FACE_OUTER_BOUND('',#270,.T.);
#154=FACE_OUTER_BOUND('',#271,.T.);
#155=FACE_OUTER_BOUND('',#272,.T.);
#156=FACE_OUTER_BOUND('',#273,.T.);
#157=FACE_OUTER_BOUND('',#274,.T.);
#158=FACE_OUTER_BOUND('',#275,.T.);
#159=FACE_OUTER_BOUND('',#276,.T.);
#160=FACE_OUTER_BOUND('',#277,.T.);
#161=FACE_OUTER_BOUND('',#278,.T.);
#162=FACE_OUTER_BOUND('',#279,.T.);
#163=FACE_OUTER_BOUND('',#280,.T.);
#164=FACE_OUTER_BOUND('',#281,.T.);
#165=FACE_OUTER_BOUND('',#282,.T.);
#166=FACE_OUTER_BOUND('',#283,.T.);
#167=FACE_OUTER_BOUND('',#284,.T.);
#168=FACE_OUTER_BOUND('',#285,.T.);
#169=FACE_OUTER_BOUND('',#286,.T.);
#170=FACE_OUTER_BOUND('',#287,.T.);
#171=FACE_OUTER_BOUND('',#288,.T.);
#172=FACE_OUTER_BOUND('',#289,.T.);
#173=FACE_OUTER_BOUND('',#290,.T.);
#174=FACE_OUTER_BOUND('',#291,.T.);
#175=FACE_OUTER_BOUND('',#292,.T.);
#176=FACE_OUTER_BOUND('',#293,.T.);
#177=FACE_OUTER_BOUND('',#295,.T.);
#178=FACE_OUTER_BOUND('',#296,.T.);
#179=FACE_OUTER_BOUND('',#297,.T.);
#180=FACE_OUTER_BOUND('',#300,.T.);
#181=FACE_OUTER_BOUND('',#301,.T.);
#182=FACE_OUTER_BOUND('',#302,.T.);
#183=FACE_OUTER_BOUND('',#305,.T.);
#184=FACE_OUTER_BOUND('',#306,.T.);
#185=FACE_OUTER_BOUND('',#308,.T.);
#186=FACE_OUTER_BOUND('',#309,.T.);
#187=FACE_OUTER_BOUND('',#310,.T.);
#188=FACE_OUTER_BOUND('',#311,.T.);
#189=FACE_OUTER_BOUND('',#313,.T.);
#190=FACE_OUTER_BOUND('',#314,.T.);
#191=FACE_OUTER_BOUND('',#315,.T.);
#192=FACE_OUTER_BOUND('',#316,.T.);
#193=FACE_OUTER_BOUND('',#317,.T.);
#194=FACE_OUTER_BOUND('',#318,.T.);
#195=FACE_OUTER_BOUND('',#319,.T.);
#196=FACE_OUTER_BOUND('',#320,.T.);
#197=FACE_OUTER_BOUND('',#321,.T.);
#198=FACE_OUTER_BOUND('',#322,.T.);
#199=FACE_OUTER_BOUND('',#323,.T.);
#200=FACE_OUTER_BOUND('',#324,.T.);
#201=FACE_OUTER_BOUND('',#325,.T.);
#202=FACE_OUTER_BOUND('',#326,.T.);
#203=FACE_OUTER_BOUND('',#327,.T.);
#204=FACE_OUTER_BOUND('',#328,.T.);
#205=FACE_OUTER_BOUND('',#329,.T.);
#206=FACE_OUTER_BOUND('',#330,.T.);
#207=FACE_OUTER_BOUND('',#331,.T.);
#208=FACE_OUTER_BOUND('',#332,.T.);
#209=FACE_OUTER_BOUND('',#333,.T.);
#210=FACE_OUTER_BOUND('',#334,.T.);
#211=FACE_OUTER_BOUND('',#335,.T.);
#212=FACE_OUTER_BOUND('',#337,.T.);
#213=FACE_OUTER_BOUND('',#338,.T.);
#214=EDGE_LOOP('',(#1442,#1443,#1444,#1445));
#215=EDGE_LOOP('',(#1446,#1447,#1448,#1449));
#216=EDGE_LOOP('',(#1450,#1451,#1452,#1453,#1454,#1455,#1456));
#217=EDGE_LOOP('',(#1457,#1458,#1459,#1460,#1461,#1462));
#218=EDGE_LOOP('',(#1463,#1464,#1465,#1466));
#219=EDGE_LOOP('',(#1467,#1468,#1469,#1470,#1471,#1472));
#220=EDGE_LOOP('',(#1473,#1474,#1475,#1476,#1477,#1478));
#221=EDGE_LOOP('',(#1479,#1480,#1481,#1482,#1483,#1484));
#222=EDGE_LOOP('',(#1485,#1486,#1487,#1488));
#223=EDGE_LOOP('',(#1489,#1490,#1491,#1492,#1493,#1494));
#224=EDGE_LOOP('',(#1495,#1496,#1497,#1498,#1499,#1500,#1501));
#225=EDGE_LOOP('',(#1502,#1503,#1504,#1505,#1506,#1507));
#226=EDGE_LOOP('',(#1508,#1509,#1510,#1511));
#227=EDGE_LOOP('',(#1512,#1513,#1514,#1515,#1516,#1517));
#228=EDGE_LOOP('',(#1518,#1519,#1520,#1521));
#229=EDGE_LOOP('',(#1522,#1523,#1524,#1525,#1526,#1527,#1528,#1529,#1530));
#230=EDGE_LOOP('',(#1531,#1532,#1533,#1534,#1535,#1536,#1537,#1538,#1539));
#231=EDGE_LOOP('',(#1540,#1541,#1542,#1543));
#232=EDGE_LOOP('',(#1544,#1545,#1546,#1547,#1548,#1549,#1550,#1551,#1552));
#233=EDGE_LOOP('',(#1553,#1554,#1555,#1556));
#234=EDGE_LOOP('',(#1557,#1558,#1559,#1560,#1561,#1562,#1563,#1564,#1565));
#235=EDGE_LOOP('',(#1566,#1567,#1568,#1569));
#236=EDGE_LOOP('',(#1570,#1571,#1572,#1573,#1574,#1575));
#237=EDGE_LOOP('',(#1576,#1577,#1578,#1579));
#238=EDGE_LOOP('',(#1580,#1581,#1582,#1583));
#239=EDGE_LOOP('',(#1584,#1585,#1586,#1587,#1588,#1589));
#240=EDGE_LOOP('',(#1590,#1591,#1592,#1593));
#241=EDGE_LOOP('',(#1594,#1595,#1596,#1597,#1598,#1599,#1600,#1601));
#242=EDGE_LOOP('',(#1602,#1603,#1604,#1605));
#243=EDGE_LOOP('',(#1606,#1607,#1608,#1609));
#244=EDGE_LOOP('',(#1610,#1611,#1612,#1613));
#245=EDGE_LOOP('',(#1614,#1615,#1616,#1617));
#246=EDGE_LOOP('',(#1618,#1619,#1620,#1621,#1622));
#247=EDGE_LOOP('',(#1623,#1624,#1625,#1626,#1627,#1628,#1629,#1630));
#248=EDGE_LOOP('',(#1631,#1632,#1633,#1634,#1635,#1636,#1637,#1638,#1639));
#249=EDGE_LOOP('',(#1640,#1641,#1642,#1643,#1644,#1645,#1646,#1647,#1648));
#250=EDGE_LOOP('',(#1649,#1650,#1651,#1652,#1653,#1654,#1655,#1656,#1657));
#251=EDGE_LOOP('',(#1658,#1659,#1660,#1661,#1662,#1663,#1664,#1665,#1666));
#252=EDGE_LOOP('',(#1667,#1668,#1669,#1670));
#253=EDGE_LOOP('',(#1671,#1672,#1673,#1674));
#254=EDGE_LOOP('',(#1675,#1676,#1677,#1678,#1679,#1680,#1681,#1682));
#255=EDGE_LOOP('',(#1683,#1684,#1685,#1686));
#256=EDGE_LOOP('',(#1687,#1688,#1689,#1690));
#257=EDGE_LOOP('',(#1691,#1692,#1693,#1694));
#258=EDGE_LOOP('',(#1695,#1696,#1697,#1698));
#259=EDGE_LOOP('',(#1699,#1700,#1701,#1702));
#260=EDGE_LOOP('',(#1703,#1704,#1705,#1706));
#261=EDGE_LOOP('',(#1707,#1708,#1709,#1710));
#262=EDGE_LOOP('',(#1711,#1712,#1713,#1714,#1715,#1716,#1717,#1718));
#263=EDGE_LOOP('',(#1719));
#264=EDGE_LOOP('',(#1720,#1721,#1722,#1723));
#265=EDGE_LOOP('',(#1724,#1725,#1726,#1727));
#266=EDGE_LOOP('',(#1728,#1729,#1730,#1731));
#267=EDGE_LOOP('',(#1732));
#268=EDGE_LOOP('',(#1733));
#269=EDGE_LOOP('',(#1734,#1735,#1736,#1737));
#270=EDGE_LOOP('',(#1738,#1739,#1740,#1741,#1742));
#271=EDGE_LOOP('',(#1743,#1744,#1745,#1746));
#272=EDGE_LOOP('',(#1747,#1748,#1749,#1750));
#273=EDGE_LOOP('',(#1751,#1752,#1753,#1754,#1755,#1756));
#274=EDGE_LOOP('',(#1757,#1758,#1759,#1760));
#275=EDGE_LOOP('',(#1761,#1762,#1763,#1764));
#276=EDGE_LOOP('',(#1765,#1766,#1767,#1768));
#277=EDGE_LOOP('',(#1769,#1770,#1771,#1772,#1773,#1774,#1775,#1776,#1777,
#1778,#1779,#1780,#1781,#1782,#1783));
#278=EDGE_LOOP('',(#1784,#1785,#1786,#1787));
#279=EDGE_LOOP('',(#1788,#1789,#1790,#1791,#1792,#1793,#1794,#1795));
#280=EDGE_LOOP('',(#1796,#1797,#1798,#1799,#1800,#1801));
#281=EDGE_LOOP('',(#1802,#1803,#1804,#1805,#1806));
#282=EDGE_LOOP('',(#1807,#1808,#1809,#1810,#1811,#1812,#1813,#1814,#1815));
#283=EDGE_LOOP('',(#1816,#1817,#1818,#1819,#1820,#1821,#1822));
#284=EDGE_LOOP('',(#1823,#1824,#1825,#1826));
#285=EDGE_LOOP('',(#1827,#1828,#1829,#1830,#1831));
#286=EDGE_LOOP('',(#1832,#1833,#1834,#1835));
#287=EDGE_LOOP('',(#1836,#1837,#1838,#1839));
#288=EDGE_LOOP('',(#1840,#1841,#1842,#1843));
#289=EDGE_LOOP('',(#1844,#1845,#1846));
#290=EDGE_LOOP('',(#1847,#1848,#1849,#1850));
#291=EDGE_LOOP('',(#1851,#1852,#1853,#1854,#1855,#1856,#1857,#1858,#1859,
#1860,#1861,#1862,#1863,#1864));
#292=EDGE_LOOP('',(#1865,#1866,#1867,#1868));
#293=EDGE_LOOP('',(#1869));
#294=EDGE_LOOP('',(#1870));
#295=EDGE_LOOP('',(#1871,#1872,#1873,#1874,#1875,#1876,#1877,#1878));
#296=EDGE_LOOP('',(#1879,#1880,#1881,#1882));
#297=EDGE_LOOP('',(#1883,#1884,#1885,#1886,#1887,#1888,#1889,#1890,#1891,
#1892,#1893,#1894,#1895,#1896));
#298=EDGE_LOOP('',(#1897));
#299=EDGE_LOOP('',(#1898));
#300=EDGE_LOOP('',(#1899,#1900,#1901,#1902,#1903,#1904,#1905,#1906,#1907,
#1908,#1909,#1910,#1911,#1912,#1913,#1914,#1915,#1916));
#301=EDGE_LOOP('',(#1917,#1918,#1919,#1920));
#302=EDGE_LOOP('',(#1921,#1922,#1923,#1924,#1925,#1926,#1927,#1928,#1929,
#1930,#1931,#1932,#1933,#1934,#1935,#1936));
#303=EDGE_LOOP('',(#1937));
#304=EDGE_LOOP('',(#1938));
#305=EDGE_LOOP('',(#1939,#1940,#1941,#1942));
#306=EDGE_LOOP('',(#1943,#1944,#1945,#1946,#1947,#1948,#1949,#1950));
#307=EDGE_LOOP('',(#1951));
#308=EDGE_LOOP('',(#1952,#1953,#1954,#1955));
#309=EDGE_LOOP('',(#1956,#1957,#1958,#1959));
#310=EDGE_LOOP('',(#1960,#1961,#1962,#1963));
#311=EDGE_LOOP('',(#1964));
#312=EDGE_LOOP('',(#1965));
#313=EDGE_LOOP('',(#1966,#1967,#1968,#1969));
#314=EDGE_LOOP('',(#1970,#1971,#1972,#1973,#1974));
#315=EDGE_LOOP('',(#1975,#1976,#1977,#1978));
#316=EDGE_LOOP('',(#1979,#1980,#1981,#1982));
#317=EDGE_LOOP('',(#1983,#1984,#1985,#1986,#1987,#1988));
#318=EDGE_LOOP('',(#1989,#1990,#1991,#1992));
#319=EDGE_LOOP('',(#1993,#1994,#1995,#1996));
#320=EDGE_LOOP('',(#1997,#1998,#1999,#2000));
#321=EDGE_LOOP('',(#2001,#2002,#2003,#2004,#2005,#2006,#2007,#2008,#2009,
#2010,#2011,#2012,#2013,#2014,#2015));
#322=EDGE_LOOP('',(#2016,#2017,#2018,#2019));
#323=EDGE_LOOP('',(#2020,#2021,#2022,#2023,#2024,#2025,#2026,#2027));
#324=EDGE_LOOP('',(#2028,#2029,#2030,#2031,#2032,#2033));
#325=EDGE_LOOP('',(#2034,#2035,#2036,#2037,#2038));
#326=EDGE_LOOP('',(#2039,#2040,#2041,#2042,#2043,#2044,#2045,#2046,#2047));
#327=EDGE_LOOP('',(#2048,#2049,#2050,#2051,#2052,#2053));
#328=EDGE_LOOP('',(#2054,#2055,#2056,#2057));
#329=EDGE_LOOP('',(#2058,#2059,#2060,#2061,#2062,#2063,#2064));
#330=EDGE_LOOP('',(#2065,#2066,#2067,#2068));
#331=EDGE_LOOP('',(#2069,#2070,#2071,#2072));
#332=EDGE_LOOP('',(#2073,#2074,#2075));
#333=EDGE_LOOP('',(#2076,#2077,#2078,#2079));
#334=EDGE_LOOP('',(#2080,#2081,#2082,#2083,#2084,#2085,#2086,#2087,#2088,
#2089,#2090,#2091,#2092,#2093));
#335=EDGE_LOOP('',(#2094));
#336=EDGE_LOOP('',(#2095));
#337=EDGE_LOOP('',(#2096,#2097,#2098,#2099,#2100,#2101,#2102,#2103));
#338=EDGE_LOOP('',(#2104,#2105,#2106,#2107));
#339=LINE('',#3156,#598);
#340=LINE('',#3158,#599);
#341=LINE('',#3159,#600);
#342=LINE('',#3165,#601);
#343=LINE('',#3167,#602);
#344=LINE('',#3168,#603);
#345=LINE('',#3172,#604);
#346=LINE('',#3174,#605);
#347=LINE('',#3176,#606);
#348=LINE('',#3180,#607);
#349=LINE('',#3184,#608);
#350=LINE('',#3186,#609);
#351=LINE('',#3188,#610);
#352=LINE('',#3192,#611);
#353=LINE('',#3193,#612);
#354=LINE('',#3197,#613);
#355=LINE('',#3201,#614);
#356=LINE('',#3202,#615);
#357=LINE('',#3207,#616);
#358=LINE('',#3209,#617);
#359=LINE('',#3213,#618);
#360=LINE('',#3215,#619);
#361=LINE('',#3217,#620);
#362=LINE('',#3221,#621);
#363=LINE('',#3222,#622);
#364=LINE('',#3226,#623);
#365=LINE('',#3228,#624);
#366=LINE('',#3230,#625);
#367=LINE('',#3232,#626);
#368=LINE('',#3235,#627);
#369=LINE('',#3237,#628);
#370=LINE('',#3241,#629);
#371=LINE('',#3248,#630);
#372=LINE('',#3250,#631);
#373=LINE('',#3252,#632);
#374=LINE('',#3258,#633);
#375=LINE('',#3259,#634);
#376=LINE('',#3263,#635);
#377=LINE('',#3265,#636);
#378=LINE('',#3267,#637);
#379=LINE('',#3269,#638);
#380=LINE('',#3272,#639);
#381=LINE('',#3274,#640);
#382=LINE('',#3278,#641);
#383=LINE('',#3284,#642);
#384=LINE('',#3287,#643);
#385=LINE('',#3290,#644);
#386=LINE('',#3292,#645);
#387=LINE('',#3294,#646);
#388=LINE('',#3296,#647);
#389=LINE('',#3298,#648);
#390=LINE('',#3299,#649);
#391=LINE('',#3302,#650);
#392=LINE('',#3304,#651);
#393=LINE('',#3306,#652);
#394=LINE('',#3308,#653);
#395=LINE('',#3309,#654);
#396=LINE('',#3315,#655);
#397=LINE('',#3318,#656);
#398=LINE('',#3321,#657);
#399=LINE('',#3323,#658);
#400=LINE('',#3325,#659);
#401=LINE('',#3327,#660);
#402=LINE('',#3328,#661);
#403=LINE('',#3330,#662);
#404=LINE('',#3331,#663);
#405=LINE('',#3337,#664);
#406=LINE('',#3340,#665);
#407=LINE('',#3343,#666);
#408=LINE('',#3345,#667);
#409=LINE('',#3347,#668);
#410=LINE('',#3349,#669);
#411=LINE('',#3350,#670);
#412=LINE('',#3351,#671);
#413=LINE('',#3353,#672);
#414=LINE('',#3355,#673);
#415=LINE('',#3358,#674);
#416=LINE('',#3359,#675);
#417=LINE('',#3362,#676);
#418=LINE('',#3363,#677);
#419=LINE('',#3365,#678);
#420=LINE('',#3366,#679);
#421=LINE('',#3370,#680);
#422=LINE('',#3372,#681);
#423=LINE('',#3374,#682);
#424=LINE('',#3375,#683);
#425=LINE('',#3378,#684);
#426=LINE('',#3380,#685);
#427=LINE('',#3382,#686);
#428=LINE('',#3384,#687);
#429=LINE('',#3386,#688);
#430=LINE('',#3388,#689);
#431=LINE('',#3389,#690);
#432=LINE('',#3392,#691);
#433=LINE('',#3394,#692);
#434=LINE('',#3395,#693);
#435=LINE('',#3399,#694);
#436=LINE('',#3400,#695);
#437=LINE('',#3401,#696);
#438=LINE('',#3405,#697);
#439=LINE('',#3406,#698);
#440=LINE('',#3407,#699);
#441=LINE('',#3411,#700);
#442=LINE('',#3412,#701);
#443=LINE('',#3413,#702);
#444=LINE('',#3416,#703);
#445=LINE('',#3417,#704);
#446=LINE('',#3420,#705);
#447=LINE('',#3422,#706);
#448=LINE('',#3424,#707);
#449=LINE('',#3426,#708);
#450=LINE('',#3428,#709);
#451=LINE('',#3429,#710);
#452=LINE('',#3432,#711);
#453=LINE('',#3434,#712);
#454=LINE('',#3435,#713);
#455=LINE('',#3437,#714);
#456=LINE('',#3439,#715);
#457=LINE('',#3440,#716);
#458=LINE('',#3443,#717);
#459=LINE('',#3444,#718);
#460=LINE('',#3446,#719);
#461=LINE('',#3448,#720);
#462=LINE('',#3449,#721);
#463=LINE('',#3452,#722);
#464=LINE('',#3453,#723);
#465=LINE('',#3455,#724);
#466=LINE('',#3457,#725);
#467=LINE('',#3458,#726);
#468=LINE('',#3461,#727);
#469=LINE('',#3462,#728);
#470=LINE('',#3464,#729);
#471=LINE('',#3466,#730);
#472=LINE('',#3467,#731);
#473=LINE('',#3469,#732);
#474=LINE('',#3470,#733);
#475=LINE('',#3472,#734);
#476=LINE('',#3473,#735);
#477=LINE('',#3475,#736);
#478=LINE('',#3477,#737);
#479=LINE('',#3479,#738);
#480=LINE('',#3481,#739);
#481=LINE('',#3483,#740);
#482=LINE('',#3484,#741);
#483=LINE('',#3486,#742);
#484=LINE('',#3487,#743);
#485=LINE('',#3493,#744);
#486=LINE('',#3499,#745);
#487=LINE('',#3502,#746);
#488=LINE('',#3505,#747);
#489=LINE('',#3507,#748);
#490=LINE('',#3509,#749);
#491=LINE('',#3513,#750);
#492=LINE('',#3515,#751);
#493=LINE('',#3516,#752);
#494=LINE('',#3521,#753);
#495=LINE('',#3522,#754);
#496=LINE('',#3528,#755);
#497=LINE('',#3531,#756);
#498=LINE('',#3535,#757);
#499=LINE('',#3542,#758);
#500=LINE('',#3546,#759);
#501=LINE('',#3547,#760);
#502=LINE('',#3549,#761);
#503=LINE('',#3550,#762);
#504=LINE('',#3552,#763);
#505=LINE('',#3555,#764);
#506=LINE('',#3557,#765);
#507=LINE('',#3558,#766);
#508=LINE('',#3564,#767);
#509=LINE('',#3568,#768);
#510=LINE('',#3570,#769);
#511=LINE('',#3571,#770);
#512=LINE('',#3574,#771);
#513=LINE('',#3576,#772);
#514=LINE('',#3577,#773);
#515=LINE('',#3581,#774);
#516=LINE('',#3584,#775);
#517=LINE('',#3587,#776);
#518=LINE('',#3588,#777);
#519=LINE('',#3590,#778);
#520=LINE('',#3592,#779);
#521=LINE('',#3593,#780);
#522=LINE('',#3600,#781);
#523=LINE('',#3603,#782);
#524=LINE('',#3605,#783);
#525=LINE('',#3607,#784);
#526=LINE('',#3608,#785);
#527=LINE('',#3610,#786);
#528=LINE('',#3612,#787);
#529=LINE('',#3615,#788);
#530=LINE('',#3617,#789);
#531=LINE('',#3618,#790);
#532=LINE('',#3619,#791);
#533=LINE('',#3622,#792);
#534=LINE('',#3623,#793);
#535=LINE('',#3625,#794);
#536=LINE('',#3631,#795);
#537=LINE('',#3632,#796);
#538=LINE('',#3638,#797);
#539=LINE('',#3648,#798);
#540=LINE('',#3653,#799);
#541=LINE('',#3657,#800);
#542=LINE('',#3659,#801);
#543=LINE('',#3663,#802);
#544=LINE('',#3665,#803);
#545=LINE('',#3668,#804);
#546=LINE('',#3673,#805);
#547=LINE('',#3677,#806);
#548=LINE('',#3681,#807);
#549=LINE('',#3683,#808);
#550=LINE('',#3685,#809);
#551=LINE('',#3687,#810);
#552=LINE('',#3688,#811);
#553=LINE('',#3691,#812);
#554=LINE('',#3692,#813);
#555=LINE('',#3695,#814);
#556=LINE('',#3697,#815);
#557=LINE('',#3703,#816);
#558=LINE('',#3709,#817);
#559=LINE('',#3712,#818);
#560=LINE('',#3714,#819);
#561=LINE('',#3716,#820);
#562=LINE('',#3720,#821);
#563=LINE('',#3722,#822);
#564=LINE('',#3723,#823);
#565=LINE('',#3728,#824);
#566=LINE('',#3731,#825);
#567=LINE('',#3737,#826);
#568=LINE('',#3740,#827);
#569=LINE('',#3741,#828);
#570=LINE('',#3742,#829);
#571=LINE('',#3746,#830);
#572=LINE('',#3747,#831);
#573=LINE('',#3752,#832);
#574=LINE('',#3755,#833);
#575=LINE('',#3758,#834);
#576=LINE('',#3759,#835);
#577=LINE('',#3762,#836);
#578=LINE('',#3765,#837);
#579=LINE('',#3769,#838);
#580=LINE('',#3771,#839);
#581=LINE('',#3772,#840);
#582=LINE('',#3773,#841);
#583=LINE('',#3776,#842);
#584=LINE('',#3781,#843);
#585=LINE('',#3785,#844);
#586=LINE('',#3787,#845);
#587=LINE('',#3788,#846);
#588=LINE('',#3793,#847);
#589=LINE('',#3794,#848);
#590=LINE('',#3796,#849);
#591=LINE('',#3797,#850);
#592=LINE('',#3798,#851);
#593=LINE('',#3802,#852);
#594=LINE('',#3805,#853);
#595=LINE('',#3806,#854);
#596=LINE('',#3818,#855);
#597=LINE('',#3820,#856);
#598=VECTOR('',#2517,10.);
#599=VECTOR('',#2518,10.);
#600=VECTOR('',#2519,10.);
#601=VECTOR('',#2524,10.);
#602=VECTOR('',#2525,10.);
#603=VECTOR('',#2526,10.);
#604=VECTOR('',#2529,10.);
#605=VECTOR('',#2530,10.);
#606=VECTOR('',#2531,10.);
#607=VECTOR('',#2536,10.);
#608=VECTOR('',#2539,10.);
#609=VECTOR('',#2540,10.);
#610=VECTOR('',#2541,10.);
#611=VECTOR('',#2544,10.);
#612=VECTOR('',#2545,10.);
#613=VECTOR('',#2548,10.);
#614=VECTOR('',#2551,10.);
#615=VECTOR('',#2552,10.);
#616=VECTOR('',#2557,10.);
#617=VECTOR('',#2560,10.);
#618=VECTOR('',#2563,10.);
#619=VECTOR('',#2564,10.);
#620=VECTOR('',#2565,10.);
#621=VECTOR('',#2568,10.);
#622=VECTOR('',#2569,10.);
#623=VECTOR('',#2572,10.);
#624=VECTOR('',#2573,10.);
#625=VECTOR('',#2574,10.);
#626=VECTOR('',#2575,10.);
#627=VECTOR('',#2578,10.);
#628=VECTOR('',#2581,10.);
#629=VECTOR('',#2586,10.);
#630=VECTOR('',#2593,10.);
#631=VECTOR('',#2594,10.);
#632=VECTOR('',#2595,10.);
#633=VECTOR('',#2600,10.);
#634=VECTOR('',#2601,10.);
#635=VECTOR('',#2604,10.);
#636=VECTOR('',#2605,10.);
#637=VECTOR('',#2606,10.);
#638=VECTOR('',#2607,10.);
#639=VECTOR('',#2610,10.);
#640=VECTOR('',#2613,10.);
#641=VECTOR('',#2618,10.);
#642=VECTOR('',#2625,10.);
#643=VECTOR('',#2628,10.);
#644=VECTOR('',#2631,10.);
#645=VECTOR('',#2632,10.);
#646=VECTOR('',#2633,9.99999999999999);
#647=VECTOR('',#2634,10.);
#648=VECTOR('',#2635,10.);
#649=VECTOR('',#2636,10.);
#650=VECTOR('',#2639,10.);
#651=VECTOR('',#2640,9.99999999999999);
#652=VECTOR('',#2641,10.);
#653=VECTOR('',#2642,10.);
#654=VECTOR('',#2643,10.);
#655=VECTOR('',#2648,10.);
#656=VECTOR('',#2651,10.);
#657=VECTOR('',#2654,10.);
#658=VECTOR('',#2655,9.99999999999999);
#659=VECTOR('',#2656,10.);
#660=VECTOR('',#2657,10.);
#661=VECTOR('',#2658,10.);
#662=VECTOR('',#2659,10.);
#663=VECTOR('',#2660,10.);
#664=VECTOR('',#2665,10.);
#665=VECTOR('',#2668,10.);
#666=VECTOR('',#2671,10.);
#667=VECTOR('',#2672,9.99999999999999);
#668=VECTOR('',#2673,10.);
#669=VECTOR('',#2674,10.);
#670=VECTOR('',#2675,10.);
#671=VECTOR('',#2676,10.);
#672=VECTOR('',#2679,10.);
#673=VECTOR('',#2682,10.);
#674=VECTOR('',#2685,10.);
#675=VECTOR('',#2686,10.);
#676=VECTOR('',#2689,10.);
#677=VECTOR('',#2690,10.);
#678=VECTOR('',#2693,10.);
#679=VECTOR('',#2694,10.);
#680=VECTOR('',#2697,10.);
#681=VECTOR('',#2698,10.);
#682=VECTOR('',#2699,10.);
#683=VECTOR('',#2700,10.);
#684=VECTOR('',#2703,10.);
#685=VECTOR('',#2704,10.);
#686=VECTOR('',#2705,10.);
#687=VECTOR('',#2706,10.);
#688=VECTOR('',#2707,10.);
#689=VECTOR('',#2708,9.99999999999999);
#690=VECTOR('',#2709,10.);
#691=VECTOR('',#2712,10.);
#692=VECTOR('',#2713,10.);
#693=VECTOR('',#2714,10.);
#694=VECTOR('',#2717,10.);
#695=VECTOR('',#2718,10.);
#696=VECTOR('',#2719,10.);
#697=VECTOR('',#2722,10.);
#698=VECTOR('',#2723,10.);
#699=VECTOR('',#2724,10.);
#700=VECTOR('',#2727,10.);
#701=VECTOR('',#2728,10.);
#702=VECTOR('',#2729,10.);
#703=VECTOR('',#2732,10.);
#704=VECTOR('',#2733,10.);
#705=VECTOR('',#2736,10.);
#706=VECTOR('',#2737,9.99999999999999);
#707=VECTOR('',#2738,10.);
#708=VECTOR('',#2739,10.);
#709=VECTOR('',#2740,10.);
#710=VECTOR('',#2741,10.);
#711=VECTOR('',#2744,10.);
#712=VECTOR('',#2745,10.);
#713=VECTOR('',#2746,10.);
#714=VECTOR('',#2747,10.);
#715=VECTOR('',#2748,9.99999999999999);
#716=VECTOR('',#2749,10.);
#717=VECTOR('',#2752,10.);
#718=VECTOR('',#2753,10.);
#719=VECTOR('',#2754,10.);
#720=VECTOR('',#2755,9.99999999999999);
#721=VECTOR('',#2756,10.);
#722=VECTOR('',#2759,10.);
#723=VECTOR('',#2760,10.);
#724=VECTOR('',#2761,10.);
#725=VECTOR('',#2762,9.99999999999999);
#726=VECTOR('',#2763,10.);
#727=VECTOR('',#2766,10.);
#728=VECTOR('',#2767,10.);
#729=VECTOR('',#2768,10.);
#730=VECTOR('',#2769,9.99999999999999);
#731=VECTOR('',#2770,10.);
#732=VECTOR('',#2773,10.);
#733=VECTOR('',#2774,10.);
#734=VECTOR('',#2777,10.);
#735=VECTOR('',#2778,10.);
#736=VECTOR('',#2781,10.);
#737=VECTOR('',#2782,10.);
#738=VECTOR('',#2783,9.99999999999999);
#739=VECTOR('',#2784,10.);
#740=VECTOR('',#2785,9.99999999999999);
#741=VECTOR('',#2786,10.);
#742=VECTOR('',#2789,10.);
#743=VECTOR('',#2790,10.);
#744=VECTOR('',#2801,10.);
#745=VECTOR('',#2806,10.);
#746=VECTOR('',#2809,10.);
#747=VECTOR('',#2812,10.);
#748=VECTOR('',#2813,10.);
#749=VECTOR('',#2814,10.);
#750=VECTOR('',#2817,10.);
#751=VECTOR('',#2818,10.);
#752=VECTOR('',#2819,10.);
#753=VECTOR('',#2824,10.);
#754=VECTOR('',#2825,10.);
#755=VECTOR('',#2830,10.);
#756=VECTOR('',#2833,10.);
#757=VECTOR('',#2838,3.);
#758=VECTOR('',#2847,1.6);
#759=VECTOR('',#2850,10.);
#760=VECTOR('',#2851,10.);
#761=VECTOR('',#2852,10.);
#762=VECTOR('',#2853,10.);
#763=VECTOR('',#2856,10.);
#764=VECTOR('',#2859,10.);
#765=VECTOR('',#2860,10.);
#766=VECTOR('',#2861,10.);
#767=VECTOR('',#2868,10.);
#768=VECTOR('',#2873,10.);
#769=VECTOR('',#2874,10.);
#770=VECTOR('',#2875,10.);
#771=VECTOR('',#2878,10.);
#772=VECTOR('',#2879,10.);
#773=VECTOR('',#2880,10.);
#774=VECTOR('',#2885,10.);
#775=VECTOR('',#2888,10.);
#776=VECTOR('',#2891,10.);
#777=VECTOR('',#2892,10.);
#778=VECTOR('',#2893,10.);
#779=VECTOR('',#2894,10.);
#780=VECTOR('',#2895,10.);
#781=VECTOR('',#2902,10.);
#782=VECTOR('',#2905,10.);
#783=VECTOR('',#2908,10.);
#784=VECTOR('',#2909,10.);
#785=VECTOR('',#2910,10.);
#786=VECTOR('',#2913,10.);
#787=VECTOR('',#2916,10.);
#788=VECTOR('',#2919,10.);
#789=VECTOR('',#2920,10.);
#790=VECTOR('',#2921,10.);
#791=VECTOR('',#2922,10.);
#792=VECTOR('',#2925,10.);
#793=VECTOR('',#2926,10.);
#794=VECTOR('',#2929,10.);
#795=VECTOR('',#2938,10.);
#796=VECTOR('',#2939,10.);
#797=VECTOR('',#2950,10.);
#798=VECTOR('',#2963,3.99999999999999);
#799=VECTOR('',#2970,1.6);
#800=VECTOR('',#2975,10.);
#801=VECTOR('',#2976,10.);
#802=VECTOR('',#2979,10.);
#803=VECTOR('',#2980,10.);
#804=VECTOR('',#2983,10.);
#805=VECTOR('',#2988,10.);
#806=VECTOR('',#2991,10.);
#807=VECTOR('',#2994,10.);
#808=VECTOR('',#2995,10.);
#809=VECTOR('',#2996,10.);
#810=VECTOR('',#2997,10.);
#811=VECTOR('',#2998,10.);
#812=VECTOR('',#3001,10.);
#813=VECTOR('',#3002,10.);
#814=VECTOR('',#3005,10.);
#815=VECTOR('',#3006,10.);
#816=VECTOR('',#3011,10.);
#817=VECTOR('',#3018,10.);
#818=VECTOR('',#3021,10.);
#819=VECTOR('',#3024,10.);
#820=VECTOR('',#3025,10.);
#821=VECTOR('',#3028,10.);
#822=VECTOR('',#3029,10.);
#823=VECTOR('',#3030,10.);
#824=VECTOR('',#3037,10.);
#825=VECTOR('',#3040,3.);
#826=VECTOR('',#3049,1.6);
#827=VECTOR('',#3052,10.);
#828=VECTOR('',#3053,10.);
#829=VECTOR('',#3054,10.);
#830=VECTOR('',#3059,10.);
#831=VECTOR('',#3060,10.);
#832=VECTOR('',#3065,10.);
#833=VECTOR('',#3070,10.);
#834=VECTOR('',#3073,10.);
#835=VECTOR('',#3074,10.);
#836=VECTOR('',#3077,10.);
#837=VECTOR('',#3080,10.);
#838=VECTOR('',#3085,10.);
#839=VECTOR('',#3086,10.);
#840=VECTOR('',#3087,10.);
#841=VECTOR('',#3088,10.);
#842=VECTOR('',#3091,10.);
#843=VECTOR('',#3096,10.);
#844=VECTOR('',#3101,10.);
#845=VECTOR('',#3102,10.);
#846=VECTOR('',#3103,10.);
#847=VECTOR('',#3110,10.);
#848=VECTOR('',#3111,10.);
#849=VECTOR('',#3114,10.);
#850=VECTOR('',#3115,10.);
#851=VECTOR('',#3116,10.);
#852=VECTOR('',#3123,10.);
#853=VECTOR('',#3126,10.);
#854=VECTOR('',#3127,10.);
#855=VECTOR('',#3146,3.99999999999999);
#856=VECTOR('',#3149,1.6);
#857=ELLIPSE('',#2323,5.02217305777312,5.);
#858=ELLIPSE('',#2325,5.02217305777312,5.);
#859=ELLIPSE('',#2327,0.252212432507026,0.25);
#860=ELLIPSE('',#2328,5.04424865014052,5.);
#861=ELLIPSE('',#2330,5.01814306418476,5.);
#862=ELLIPSE('',#2332,5.05202366292282,5.);
#863=ELLIPSE('',#2334,5.10351704038149,5.);
#864=ELLIPSE('',#2335,5.00907974645172,5.);
#865=ELLIPSE('',#2337,5.10351704038149,5.);
#866=ELLIPSE('',#2339,1.4142135623731,1.);
#867=ELLIPSE('',#2341,5.05202366292282,5.);
#868=ELLIPSE('',#2343,5.01814306418476,5.);
#869=ELLIPSE('',#2344,5.00907974645172,5.);
#870=ELLIPSE('',#2346,0.252212432507026,0.25);
#871=ELLIPSE('',#2347,5.04424865014052,5.);
#872=ELLIPSE('',#2349,1.4142135623731,1.);
#873=ELLIPSE('',#2351,5.02217305777312,5.);
#874=ELLIPSE('',#2353,5.04424865014052,5.);
#875=ELLIPSE('',#2354,5.02217305777312,5.);
#876=ELLIPSE('',#2360,1.4142135623731,1.);
#877=ELLIPSE('',#2364,1.4142135623731,1.);
#878=ELLIPSE('',#2415,8.48527286323275,6.);
#879=ELLIPSE('',#2419,0.252212432507026,0.25);
#880=ELLIPSE('',#2421,8.48527286323275,6.);
#881=ELLIPSE('',#2422,8.48527286323275,6.);
#882=ELLIPSE('',#2480,8.48527286323275,6.);
#883=ELLIPSE('',#2485,0.252212432507026,0.25);
#884=ELLIPSE('',#2487,8.48527286323275,6.);
#885=ELLIPSE('',#2488,8.48527286323275,6.);
#886=ELLIPSE('',#2494,5.04424865014052,5.);
#887=VERTEX_POINT('',#3152);
#888=VERTEX_POINT('',#3153);
#889=VERTEX_POINT('',#3155);
#890=VERTEX_POINT('',#3157);
#891=VERTEX_POINT('',#3161);
#892=VERTEX_POINT('',#3162);
#893=VERTEX_POINT('',#3164);
#894=VERTEX_POINT('',#3166);
#895=VERTEX_POINT('',#3170);
#896=VERTEX_POINT('',#3171);
#897=VERTEX_POINT('',#3173);
#898=VERTEX_POINT('',#3175);
#899=VERTEX_POINT('',#3177);
#900=VERTEX_POINT('',#3182);
#901=VERTEX_POINT('',#3183);
#902=VERTEX_POINT('',#3185);
#903=VERTEX_POINT('',#3187);
#904=VERTEX_POINT('',#3189);
#905=VERTEX_POINT('',#3191);
#906=VERTEX_POINT('',#3195);
#907=VERTEX_POINT('',#3196);
#908=VERTEX_POINT('',#3198);
#909=VERTEX_POINT('',#3200);
#910=VERTEX_POINT('',#3204);
#911=VERTEX_POINT('',#3206);
#912=VERTEX_POINT('',#3211);
#913=VERTEX_POINT('',#3212);
#914=VERTEX_POINT('',#3214);
#915=VERTEX_POINT('',#3216);
#916=VERTEX_POINT('',#3218);
#917=VERTEX_POINT('',#3220);
#918=VERTEX_POINT('',#3224);
#919=VERTEX_POINT('',#3225);
#920=VERTEX_POINT('',#3227);
#921=VERTEX_POINT('',#3229);
#922=VERTEX_POINT('',#3231);
#923=VERTEX_POINT('',#3233);
#924=VERTEX_POINT('',#3240);
#925=VERTEX_POINT('',#3242);
#926=VERTEX_POINT('',#3246);
#927=VERTEX_POINT('',#3247);
#928=VERTEX_POINT('',#3249);
#929=VERTEX_POINT('',#3251);
#930=VERTEX_POINT('',#3253);
#931=VERTEX_POINT('',#3255);
#932=VERTEX_POINT('',#3257);
#933=VERTEX_POINT('',#3261);
#934=VERTEX_POINT('',#3262);
#935=VERTEX_POINT('',#3264);
#936=VERTEX_POINT('',#3266);
#937=VERTEX_POINT('',#3268);
#938=VERTEX_POINT('',#3270);
#939=VERTEX_POINT('',#3277);
#940=VERTEX_POINT('',#3279);
#941=VERTEX_POINT('',#3283);
#942=VERTEX_POINT('',#3285);
#943=VERTEX_POINT('',#3289);
#944=VERTEX_POINT('',#3291);
#945=VERTEX_POINT('',#3293);
#946=VERTEX_POINT('',#3295);
#947=VERTEX_POINT('',#3297);
#948=VERTEX_POINT('',#3301);
#949=VERTEX_POINT('',#3303);
#950=VERTEX_POINT('',#3305);
#951=VERTEX_POINT('',#3307);
#952=VERTEX_POINT('',#3311);
#953=VERTEX_POINT('',#3312);
#954=VERTEX_POINT('',#3314);
#955=VERTEX_POINT('',#3316);
#956=VERTEX_POINT('',#3320);
#957=VERTEX_POINT('',#3322);
#958=VERTEX_POINT('',#3324);
#959=VERTEX_POINT('',#3326);
#960=VERTEX_POINT('',#3329);
#961=VERTEX_POINT('',#3333);
#962=VERTEX_POINT('',#3334);
#963=VERTEX_POINT('',#3336);
#964=VERTEX_POINT('',#3338);
#965=VERTEX_POINT('',#3342);
#966=VERTEX_POINT('',#3344);
#967=VERTEX_POINT('',#3346);
#968=VERTEX_POINT('',#3348);
#969=VERTEX_POINT('',#3357);
#970=VERTEX_POINT('',#3361);
#971=VERTEX_POINT('',#3368);
#972=VERTEX_POINT('',#3369);
#973=VERTEX_POINT('',#3371);
#974=VERTEX_POINT('',#3373);
#975=VERTEX_POINT('',#3377);
#976=VERTEX_POINT('',#3379);
#977=VERTEX_POINT('',#3381);
#978=VERTEX_POINT('',#3383);
#979=VERTEX_POINT('',#3385);
#980=VERTEX_POINT('',#3387);
#981=VERTEX_POINT('',#3391);
#982=VERTEX_POINT('',#3393);
#983=VERTEX_POINT('',#3397);
#984=VERTEX_POINT('',#3398);
#985=VERTEX_POINT('',#3403);
#986=VERTEX_POINT('',#3404);
#987=VERTEX_POINT('',#3409);
#988=VERTEX_POINT('',#3410);
#989=VERTEX_POINT('',#3415);
#990=VERTEX_POINT('',#3419);
#991=VERTEX_POINT('',#3421);
#992=VERTEX_POINT('',#3423);
#993=VERTEX_POINT('',#3425);
#994=VERTEX_POINT('',#3427);
#995=VERTEX_POINT('',#3431);
#996=VERTEX_POINT('',#3433);
#997=VERTEX_POINT('',#3436);
#998=VERTEX_POINT('',#3438);
#999=VERTEX_POINT('',#3442);
#1000=VERTEX_POINT('',#3445);
#1001=VERTEX_POINT('',#3447);
#1002=VERTEX_POINT('',#3451);
#1003=VERTEX_POINT('',#3454);
#1004=VERTEX_POINT('',#3456);
#1005=VERTEX_POINT('',#3460);
#1006=VERTEX_POINT('',#3463);
#1007=VERTEX_POINT('',#3465);
#1008=VERTEX_POINT('',#3476);
#1009=VERTEX_POINT('',#3478);
#1010=VERTEX_POINT('',#3480);
#1011=VERTEX_POINT('',#3482);
#1012=VERTEX_POINT('',#3495);
#1013=VERTEX_POINT('',#3496);
#1014=VERTEX_POINT('',#3498);
#1015=VERTEX_POINT('',#3500);
#1016=VERTEX_POINT('',#3504);
#1017=VERTEX_POINT('',#3506);
#1018=VERTEX_POINT('',#3508);
#1019=VERTEX_POINT('',#3510);
#1020=VERTEX_POINT('',#3512);
#1021=VERTEX_POINT('',#3514);
#1022=VERTEX_POINT('',#3517);
#1023=VERTEX_POINT('',#3520);
#1024=VERTEX_POINT('',#3524);
#1025=VERTEX_POINT('',#3525);
#1026=VERTEX_POINT('',#3527);
#1027=VERTEX_POINT('',#3529);
#1028=VERTEX_POINT('',#3533);
#1029=VERTEX_POINT('',#3537);
#1030=VERTEX_POINT('',#3540);
#1031=VERTEX_POINT('',#3544);
#1032=VERTEX_POINT('',#3545);
#1033=VERTEX_POINT('',#3548);
#1034=VERTEX_POINT('',#3554);
#1035=VERTEX_POINT('',#3556);
#1036=VERTEX_POINT('',#3561);
#1037=VERTEX_POINT('',#3563);
#1038=VERTEX_POINT('',#3567);
#1039=VERTEX_POINT('',#3569);
#1040=VERTEX_POINT('',#3573);
#1041=VERTEX_POINT('',#3575);
#1042=VERTEX_POINT('',#3579);
#1043=VERTEX_POINT('',#3583);
#1044=VERTEX_POINT('',#3586);
#1045=VERTEX_POINT('',#3589);
#1046=VERTEX_POINT('',#3591);
#1047=VERTEX_POINT('',#3596);
#1048=VERTEX_POINT('',#3597);
#1049=VERTEX_POINT('',#3599);
#1050=VERTEX_POINT('',#3601);
#1051=VERTEX_POINT('',#3606);
#1052=VERTEX_POINT('',#3614);
#1053=VERTEX_POINT('',#3616);
#1054=VERTEX_POINT('',#3621);
#1055=VERTEX_POINT('',#3630);
#1056=VERTEX_POINT('',#3641);
#1057=VERTEX_POINT('',#3643);
#1058=VERTEX_POINT('',#3646);
#1059=VERTEX_POINT('',#3652);
#1060=VERTEX_POINT('',#3656);
#1061=VERTEX_POINT('',#3658);
#1062=VERTEX_POINT('',#3660);
#1063=VERTEX_POINT('',#3662);
#1064=VERTEX_POINT('',#3664);
#1065=VERTEX_POINT('',#3666);
#1066=VERTEX_POINT('',#3669);
#1067=VERTEX_POINT('',#3672);
#1068=VERTEX_POINT('',#3674);
#1069=VERTEX_POINT('',#3676);
#1070=VERTEX_POINT('',#3678);
#1071=VERTEX_POINT('',#3680);
#1072=VERTEX_POINT('',#3682);
#1073=VERTEX_POINT('',#3684);
#1074=VERTEX_POINT('',#3686);
#1075=VERTEX_POINT('',#3690);
#1076=VERTEX_POINT('',#3694);
#1077=VERTEX_POINT('',#3696);
#1078=VERTEX_POINT('',#3698);
#1079=VERTEX_POINT('',#3700);
#1080=VERTEX_POINT('',#3702);
#1081=VERTEX_POINT('',#3705);
#1082=VERTEX_POINT('',#3708);
#1083=VERTEX_POINT('',#3710);
#1084=VERTEX_POINT('',#3715);
#1085=VERTEX_POINT('',#3717);
#1086=VERTEX_POINT('',#3719);
#1087=VERTEX_POINT('',#3721);
#1088=VERTEX_POINT('',#3724);
#1089=VERTEX_POINT('',#3730);
#1090=VERTEX_POINT('',#3734);
#1091=VERTEX_POINT('',#3739);
#1092=VERTEX_POINT('',#3745);
#1093=VERTEX_POINT('',#3749);
#1094=VERTEX_POINT('',#3751);
#1095=VERTEX_POINT('',#3757);
#1096=VERTEX_POINT('',#3761);
#1097=VERTEX_POINT('',#3763);
#1098=VERTEX_POINT('',#3768);
#1099=VERTEX_POINT('',#3770);
#1100=VERTEX_POINT('',#3774);
#1101=VERTEX_POINT('',#3778);
#1102=VERTEX_POINT('',#3780);
#1103=VERTEX_POINT('',#3784);
#1104=VERTEX_POINT('',#3786);
#1105=VERTEX_POINT('',#3792);
#1106=VERTEX_POINT('',#3804);
#1107=VERTEX_POINT('',#3813);
#1108=VERTEX_POINT('',#3815);
#1109=EDGE_CURVE('',#887,#888,#857,.T.);
#1110=EDGE_CURVE('',#887,#889,#339,.T.);
#1111=EDGE_CURVE('',#890,#889,#340,.T.);
#1112=EDGE_CURVE('',#890,#888,#341,.T.);
#1113=EDGE_CURVE('',#891,#892,#858,.T.);
#1114=EDGE_CURVE('',#891,#893,#342,.T.);
#1115=EDGE_CURVE('',#893,#894,#343,.T.);
#1116=EDGE_CURVE('',#894,#892,#344,.T.);
#1117=EDGE_CURVE('',#895,#896,#345,.F.);
#1118=EDGE_CURVE('',#896,#897,#346,.T.);
#1119=EDGE_CURVE('',#897,#898,#347,.T.);
#1120=EDGE_CURVE('',#899,#898,#859,.F.);
#1121=EDGE_CURVE('',#899,#888,#860,.T.);
#1122=EDGE_CURVE('',#890,#895,#348,.T.);
#1123=EDGE_CURVE('',#900,#901,#349,.F.);
#1124=EDGE_CURVE('',#902,#901,#350,.T.);
#1125=EDGE_CURVE('',#903,#902,#351,.T.);
#1126=EDGE_CURVE('',#904,#903,#861,.F.);
#1127=EDGE_CURVE('',#905,#904,#352,.T.);
#1128=EDGE_CURVE('',#905,#900,#353,.T.);
#1129=EDGE_CURVE('',#906,#907,#354,.T.);
#1130=EDGE_CURVE('',#908,#907,#862,.T.);
#1131=EDGE_CURVE('',#909,#908,#355,.F.);
#1132=EDGE_CURVE('',#909,#906,#356,.T.);
#1133=EDGE_CURVE('',#910,#908,#863,.F.);
#1134=EDGE_CURVE('',#907,#911,#357,.T.);
#1135=EDGE_CURVE('',#911,#904,#864,.T.);
#1136=EDGE_CURVE('',#903,#910,#358,.T.);
#1137=EDGE_CURVE('',#912,#913,#359,.F.);
#1138=EDGE_CURVE('',#914,#912,#360,.T.);
#1139=EDGE_CURVE('',#915,#914,#361,.F.);
#1140=EDGE_CURVE('',#915,#916,#865,.F.);
#1141=EDGE_CURVE('',#917,#916,#362,.F.);
#1142=EDGE_CURVE('',#913,#917,#363,.T.);
#1143=EDGE_CURVE('',#918,#919,#364,.T.);
#1144=EDGE_CURVE('',#920,#918,#365,.T.);
#1145=EDGE_CURVE('',#921,#920,#366,.T.);
#1146=EDGE_CURVE('',#922,#921,#367,.T.);
#1147=EDGE_CURVE('',#922,#923,#866,.T.);
#1148=EDGE_CURVE('',#919,#923,#368,.T.);
#1149=EDGE_CURVE('',#917,#919,#369,.T.);
#1150=EDGE_CURVE('',#918,#916,#867,.T.);
#1151=EDGE_CURVE('',#924,#915,#370,.T.);
#1152=EDGE_CURVE('',#925,#924,#868,.F.);
#1153=EDGE_CURVE('',#925,#920,#869,.T.);
#1154=EDGE_CURVE('',#926,#927,#371,.F.);
#1155=EDGE_CURVE('',#928,#926,#372,.T.);
#1156=EDGE_CURVE('',#929,#928,#373,.T.);
#1157=EDGE_CURVE('',#929,#930,#870,.F.);
#1158=EDGE_CURVE('',#930,#931,#871,.F.);
#1159=EDGE_CURVE('',#931,#932,#374,.T.);
#1160=EDGE_CURVE('',#927,#932,#375,.T.);
#1161=EDGE_CURVE('',#933,#934,#376,.T.);
#1162=EDGE_CURVE('',#935,#933,#377,.T.);
#1163=EDGE_CURVE('',#936,#935,#378,.T.);
#1164=EDGE_CURVE('',#937,#936,#379,.T.);
#1165=EDGE_CURVE('',#938,#937,#872,.T.);
#1166=EDGE_CURVE('',#934,#938,#380,.T.);
#1167=EDGE_CURVE('',#932,#934,#381,.T.);
#1168=EDGE_CURVE('',#933,#931,#873,.T.);
#1169=EDGE_CURVE('',#930,#939,#382,.T.);
#1170=EDGE_CURVE('',#939,#940,#874,.T.);
#1171=EDGE_CURVE('',#940,#935,#875,.T.);
#1172=EDGE_CURVE('',#941,#922,#383,.T.);
#1173=EDGE_CURVE('',#941,#942,#25,.T.);
#1174=EDGE_CURVE('',#942,#923,#384,.T.);
#1175=EDGE_CURVE('',#943,#938,#385,.T.);
#1176=EDGE_CURVE('',#943,#944,#386,.T.);
#1177=EDGE_CURVE('',#945,#944,#387,.T.);
#1178=EDGE_CURVE('',#945,#946,#388,.T.);
#1179=EDGE_CURVE('',#947,#946,#389,.T.);
#1180=EDGE_CURVE('',#947,#927,#390,.T.);
#1181=EDGE_CURVE('',#942,#948,#391,.T.);
#1182=EDGE_CURVE('',#949,#948,#392,.T.);
#1183=EDGE_CURVE('',#949,#950,#393,.T.);
#1184=EDGE_CURVE('',#951,#950,#394,.T.);
#1185=EDGE_CURVE('',#951,#913,#395,.T.);
#1186=EDGE_CURVE('',#952,#953,#876,.T.);
#1187=EDGE_CURVE('',#954,#952,#396,.T.);
#1188=EDGE_CURVE('',#955,#954,#26,.T.);
#1189=EDGE_CURVE('',#955,#953,#397,.T.);
#1190=EDGE_CURVE('',#956,#955,#398,.T.);
#1191=EDGE_CURVE('',#956,#957,#399,.T.);
#1192=EDGE_CURVE('',#957,#958,#400,.T.);
#1193=EDGE_CURVE('',#959,#958,#401,.T.);
#1194=EDGE_CURVE('',#900,#959,#402,.T.);
#1195=EDGE_CURVE('',#905,#960,#403,.T.);
#1196=EDGE_CURVE('',#960,#953,#404,.T.);
#1197=EDGE_CURVE('',#961,#962,#877,.T.);
#1198=EDGE_CURVE('',#963,#961,#405,.T.);
#1199=EDGE_CURVE('',#964,#963,#27,.T.);
#1200=EDGE_CURVE('',#964,#962,#406,.T.);
#1201=EDGE_CURVE('',#965,#964,#407,.T.);
#1202=EDGE_CURVE('',#965,#966,#408,.T.);
#1203=EDGE_CURVE('',#966,#967,#409,.T.);
#1204=EDGE_CURVE('',#968,#967,#410,.T.);
#1205=EDGE_CURVE('',#895,#968,#411,.T.);
#1206=EDGE_CURVE('',#889,#962,#412,.T.);
#1207=EDGE_CURVE('',#911,#960,#413,.T.);
#1208=EDGE_CURVE('',#952,#906,#414,.T.);
#1209=EDGE_CURVE('',#969,#940,#415,.T.);
#1210=EDGE_CURVE('',#969,#936,#416,.T.);
#1211=EDGE_CURVE('',#970,#925,#417,.T.);
#1212=EDGE_CURVE('',#970,#921,#418,.T.);
#1213=EDGE_CURVE('',#887,#892,#419,.T.);
#1214=EDGE_CURVE('',#961,#894,#420,.T.);
#1215=EDGE_CURVE('',#971,#972,#421,.T.);
#1216=EDGE_CURVE('',#972,#973,#422,.T.);
#1217=EDGE_CURVE('',#973,#974,#423,.T.);
#1218=EDGE_CURVE('',#974,#971,#424,.T.);
#1219=EDGE_CURVE('',#971,#975,#425,.F.);
#1220=EDGE_CURVE('',#975,#976,#426,.T.);
#1221=EDGE_CURVE('',#977,#976,#427,.F.);
#1222=EDGE_CURVE('',#977,#978,#428,.T.);
#1223=EDGE_CURVE('',#978,#979,#429,.T.);
#1224=EDGE_CURVE('',#980,#979,#430,.F.);
#1225=EDGE_CURVE('',#980,#972,#431,.T.);
#1226=EDGE_CURVE('',#946,#981,#432,.T.);
#1227=EDGE_CURVE('',#981,#982,#433,.T.);
#1228=EDGE_CURVE('',#982,#947,#434,.T.);
#1229=EDGE_CURVE('',#983,#984,#435,.T.);
#1230=EDGE_CURVE('',#984,#951,#436,.T.);
#1231=EDGE_CURVE('',#950,#983,#437,.T.);
#1232=EDGE_CURVE('',#985,#986,#438,.T.);
#1233=EDGE_CURVE('',#986,#959,#439,.T.);
#1234=EDGE_CURVE('',#958,#985,#440,.T.);
#1235=EDGE_CURVE('',#987,#988,#441,.T.);
#1236=EDGE_CURVE('',#988,#968,#442,.T.);
#1237=EDGE_CURVE('',#967,#987,#443,.T.);
#1238=EDGE_CURVE('',#988,#989,#444,.F.);
#1239=EDGE_CURVE('',#989,#896,#445,.T.);
#1240=EDGE_CURVE('',#987,#990,#446,.T.);
#1241=EDGE_CURVE('',#990,#991,#447,.F.);
#1242=EDGE_CURVE('',#992,#991,#448,.T.);
#1243=EDGE_CURVE('',#993,#992,#449,.T.);
#1244=EDGE_CURVE('',#993,#994,#450,.F.);
#1245=EDGE_CURVE('',#989,#994,#451,.T.);
#1246=EDGE_CURVE('',#995,#937,#452,.T.);
#1247=EDGE_CURVE('',#969,#996,#453,.T.);
#1248=EDGE_CURVE('',#996,#974,#454,.T.);
#1249=EDGE_CURVE('',#973,#997,#455,.T.);
#1250=EDGE_CURVE('',#998,#997,#456,.T.);
#1251=EDGE_CURVE('',#998,#995,#457,.T.);
#1252=EDGE_CURVE('',#970,#999,#458,.T.);
#1253=EDGE_CURVE('',#999,#982,#459,.T.);
#1254=EDGE_CURVE('',#981,#1000,#460,.T.);
#1255=EDGE_CURVE('',#1001,#1000,#461,.T.);
#1256=EDGE_CURVE('',#1001,#941,#462,.T.);
#1257=EDGE_CURVE('',#1002,#909,#463,.T.);
#1258=EDGE_CURVE('',#984,#1002,#464,.T.);
#1259=EDGE_CURVE('',#983,#1003,#465,.T.);
#1260=EDGE_CURVE('',#1003,#1004,#466,.T.);
#1261=EDGE_CURVE('',#954,#1004,#467,.T.);
#1262=EDGE_CURVE('',#1005,#893,#468,.T.);
#1263=EDGE_CURVE('',#986,#1005,#469,.T.);
#1264=EDGE_CURVE('',#985,#1006,#470,.T.);
#1265=EDGE_CURVE('',#1006,#1007,#471,.T.);
#1266=EDGE_CURVE('',#963,#1007,#472,.T.);
#1267=EDGE_CURVE('',#990,#966,#473,.T.);
#1268=EDGE_CURVE('',#991,#965,#474,.F.);
#1269=EDGE_CURVE('',#1006,#957,#475,.T.);
#1270=EDGE_CURVE('',#1007,#956,#476,.F.);
#1271=EDGE_CURVE('',#1003,#949,#477,.T.);
#1272=EDGE_CURVE('',#948,#1008,#478,.F.);
#1273=EDGE_CURVE('',#1009,#1008,#479,.T.);
#1274=EDGE_CURVE('',#1010,#1009,#480,.T.);
#1275=EDGE_CURVE('',#1010,#1011,#481,.T.);
#1276=EDGE_CURVE('',#1004,#1011,#482,.F.);
#1277=EDGE_CURVE('',#1000,#945,#483,.T.);
#1278=EDGE_CURVE('',#944,#1001,#484,.F.);
#1279=EDGE_CURVE('',#997,#980,#485,.T.);
#1280=EDGE_CURVE('',#1012,#1013,#28,.T.);
#1281=EDGE_CURVE('',#1014,#1012,#486,.T.);
#1282=EDGE_CURVE('',#1015,#1014,#29,.T.);
#1283=EDGE_CURVE('',#1013,#1015,#487,.T.);
#1284=EDGE_CURVE('',#1016,#1014,#488,.T.);
#1285=EDGE_CURVE('',#1017,#1016,#489,.T.);
#1286=EDGE_CURVE('',#1017,#1018,#490,.T.);
#1287=EDGE_CURVE('',#1018,#1019,#30,.T.);
#1288=EDGE_CURVE('',#1019,#1020,#491,.T.);
#1289=EDGE_CURVE('',#1020,#1021,#492,.T.);
#1290=EDGE_CURVE('',#1021,#1015,#493,.T.);
#1291=EDGE_CURVE('',#1022,#1022,#31,.T.);
#1292=EDGE_CURVE('',#1021,#1023,#494,.T.);
#1293=EDGE_CURVE('',#1013,#1023,#495,.T.);
#1294=EDGE_CURVE('',#1024,#1025,#32,.T.);
#1295=EDGE_CURVE('',#1026,#1024,#496,.T.);
#1296=EDGE_CURVE('',#1027,#1026,#33,.T.);
#1297=EDGE_CURVE('',#1025,#1027,#497,.T.);
#1298=EDGE_CURVE('',#1028,#1028,#34,.T.);
#1299=EDGE_CURVE('',#1028,#1022,#498,.T.);
#1300=EDGE_CURVE('',#1029,#1029,#35,.T.);
#1301=EDGE_CURVE('',#1030,#1030,#36,.T.);
#1302=EDGE_CURVE('',#1030,#1029,#499,.T.);
#1303=EDGE_CURVE('',#1031,#1032,#500,.T.);
#1304=EDGE_CURVE('',#1032,#1017,#501,.T.);
#1305=EDGE_CURVE('',#1016,#1033,#502,.T.);
#1306=EDGE_CURVE('',#1031,#1033,#503,.T.);
#1307=EDGE_CURVE('',#1033,#1012,#504,.T.);
#1308=EDGE_CURVE('',#1009,#1034,#505,.T.);
#1309=EDGE_CURVE('',#1008,#1035,#506,.T.);
#1310=EDGE_CURVE('',#1035,#1034,#507,.T.);
#1311=EDGE_CURVE('',#1034,#1031,#37,.T.);
#1312=EDGE_CURVE('',#1036,#1035,#38,.T.);
#1313=EDGE_CURVE('',#1036,#1037,#508,.T.);
#1314=EDGE_CURVE('',#1032,#1037,#878,.T.);
#1315=EDGE_CURVE('',#1024,#1038,#509,.T.);
#1316=EDGE_CURVE('',#1039,#1038,#510,.T.);
#1317=EDGE_CURVE('',#1039,#1026,#511,.T.);
#1318=EDGE_CURVE('',#1019,#1040,#512,.T.);
#1319=EDGE_CURVE('',#1041,#1040,#513,.T.);
#1320=EDGE_CURVE('',#1041,#1020,#514,.T.);
#1321=EDGE_CURVE('',#939,#1042,#879,.F.);
#1322=EDGE_CURVE('',#1042,#929,#515,.T.);
#1323=EDGE_CURVE('',#1043,#1037,#516,.F.);
#1324=EDGE_CURVE('',#977,#1043,#880,.F.);
#1325=EDGE_CURVE('',#976,#1044,#517,.T.);
#1326=EDGE_CURVE('',#1044,#1042,#518,.T.);
#1327=EDGE_CURVE('',#928,#1045,#519,.T.);
#1328=EDGE_CURVE('',#1045,#1046,#520,.F.);
#1329=EDGE_CURVE('',#1041,#1046,#521,.F.);
#1330=EDGE_CURVE('',#1040,#1018,#881,.T.);
#1331=EDGE_CURVE('',#1047,#1048,#39,.F.);
#1332=EDGE_CURVE('',#1049,#1047,#522,.T.);
#1333=EDGE_CURVE('',#1050,#1049,#40,.F.);
#1334=EDGE_CURVE('',#1048,#1050,#523,.T.);
#1335=EDGE_CURVE('',#999,#1047,#524,.F.);
#1336=EDGE_CURVE('',#1048,#1051,#525,.F.);
#1337=EDGE_CURVE('',#926,#1051,#526,.T.);
#1338=EDGE_CURVE('',#924,#1049,#527,.T.);
#1339=EDGE_CURVE('',#1050,#914,#528,.T.);
#1340=EDGE_CURVE('',#1052,#912,#529,.F.);
#1341=EDGE_CURVE('',#1052,#1053,#530,.T.);
#1342=EDGE_CURVE('',#1046,#1053,#531,.T.);
#1343=EDGE_CURVE('',#1051,#1045,#532,.T.);
#1344=EDGE_CURVE('',#996,#1054,#533,.F.);
#1345=EDGE_CURVE('',#1054,#1044,#534,.T.);
#1346=EDGE_CURVE('',#975,#1054,#535,.T.);
#1347=EDGE_CURVE('',#995,#943,#41,.T.);
#1348=EDGE_CURVE('',#1055,#1036,#536,.T.);
#1349=EDGE_CURVE('',#1055,#1043,#537,.T.);
#1350=EDGE_CURVE('',#978,#1055,#42,.T.);
#1351=EDGE_CURVE('',#979,#998,#538,.F.);
#1352=EDGE_CURVE('',#1056,#1056,#43,.T.);
#1353=EDGE_CURVE('',#1057,#1057,#44,.T.);
#1354=EDGE_CURVE('',#1052,#1058,#45,.T.);
#1355=EDGE_CURVE('',#1058,#1056,#539,.T.);
#1356=EDGE_CURVE('',#1058,#1039,#46,.T.);
#1357=EDGE_CURVE('',#1053,#1038,#47,.T.);
#1358=EDGE_CURVE('',#1057,#1059,#540,.T.);
#1359=EDGE_CURVE('',#1059,#1059,#48,.T.);
#1360=EDGE_CURVE('',#1060,#1023,#541,.T.);
#1361=EDGE_CURVE('',#1061,#1060,#542,.T.);
#1362=EDGE_CURVE('',#1062,#1061,#49,.T.);
#1363=EDGE_CURVE('',#1063,#1062,#543,.T.);
#1364=EDGE_CURVE('',#1064,#1063,#544,.T.);
#1365=EDGE_CURVE('',#1065,#1064,#50,.T.);
#1366=EDGE_CURVE('',#1010,#1065,#545,.T.);
#1367=EDGE_CURVE('',#1066,#1066,#51,.T.);
#1368=EDGE_CURVE('',#1067,#1025,#546,.T.);
#1369=EDGE_CURVE('',#1068,#1067,#52,.T.);
#1370=EDGE_CURVE('',#1068,#1069,#547,.T.);
#1371=EDGE_CURVE('',#1070,#1069,#53,.T.);
#1372=EDGE_CURVE('',#1071,#1070,#548,.T.);
#1373=EDGE_CURVE('',#1072,#1071,#549,.F.);
#1374=EDGE_CURVE('',#1072,#1073,#550,.T.);
#1375=EDGE_CURVE('',#1073,#1074,#551,.T.);
#1376=EDGE_CURVE('',#1074,#1060,#552,.T.);
#1377=EDGE_CURVE('',#1075,#1027,#553,.T.);
#1378=EDGE_CURVE('',#1067,#1075,#554,.T.);
#1379=EDGE_CURVE('',#1076,#1002,#555,.F.);
#1380=EDGE_CURVE('',#1077,#1076,#556,.F.);
#1381=EDGE_CURVE('',#1077,#1078,#54,.T.);
#1382=EDGE_CURVE('',#1078,#1079,#55,.T.);
#1383=EDGE_CURVE('',#1079,#1080,#557,.T.);
#1384=EDGE_CURVE('',#1075,#1080,#56,.T.);
#1385=EDGE_CURVE('',#1081,#1081,#57,.T.);
#1386=EDGE_CURVE('',#1061,#1082,#558,.T.);
#1387=EDGE_CURVE('',#1082,#1083,#58,.T.);
#1388=EDGE_CURVE('',#1083,#1062,#559,.T.);
#1389=EDGE_CURVE('',#1074,#1082,#560,.T.);
#1390=EDGE_CURVE('',#1084,#1073,#561,.T.);
#1391=EDGE_CURVE('',#1085,#1084,#59,.T.);
#1392=EDGE_CURVE('',#1086,#1085,#562,.T.);
#1393=EDGE_CURVE('',#1086,#1087,#563,.T.);
#1394=EDGE_CURVE('',#1087,#1083,#564,.T.);
#1395=EDGE_CURVE('',#1088,#1088,#60,.T.);
#1396=EDGE_CURVE('',#1080,#1068,#565,.T.);
#1397=EDGE_CURVE('',#1088,#1089,#566,.T.);
#1398=EDGE_CURVE('',#1089,#1089,#61,.T.);
#1399=EDGE_CURVE('',#1090,#1090,#62,.T.);
#1400=EDGE_CURVE('',#1090,#1066,#567,.T.);
#1401=EDGE_CURVE('',#1064,#1091,#568,.T.);
#1402=EDGE_CURVE('',#1087,#1063,#569,.T.);
#1403=EDGE_CURVE('',#1091,#1086,#570,.T.);
#1404=EDGE_CURVE('',#1092,#1065,#571,.T.);
#1405=EDGE_CURVE('',#1011,#1092,#572,.T.);
#1406=EDGE_CURVE('',#1091,#1093,#882,.T.);
#1407=EDGE_CURVE('',#1094,#1093,#573,.T.);
#1408=EDGE_CURVE('',#1094,#1092,#63,.T.);
#1409=EDGE_CURVE('',#1079,#1069,#574,.T.);
#1410=EDGE_CURVE('',#1072,#1095,#575,.T.);
#1411=EDGE_CURVE('',#1084,#1095,#576,.T.);
#1412=EDGE_CURVE('',#898,#1096,#577,.T.);
#1413=EDGE_CURVE('',#1096,#1097,#883,.F.);
#1414=EDGE_CURVE('',#1097,#899,#578,.T.);
#1415=EDGE_CURVE('',#1095,#1085,#884,.T.);
#1416=EDGE_CURVE('',#1098,#1071,#579,.F.);
#1417=EDGE_CURVE('',#1099,#1098,#580,.T.);
#1418=EDGE_CURVE('',#1096,#1099,#581,.T.);
#1419=EDGE_CURVE('',#994,#897,#582,.T.);
#1420=EDGE_CURVE('',#993,#1100,#885,.F.);
#1421=EDGE_CURVE('',#1100,#1093,#583,.F.);
#1422=EDGE_CURVE('',#901,#1101,#64,.F.);
#1423=EDGE_CURVE('',#1101,#1102,#584,.T.);
#1424=EDGE_CURVE('',#1102,#902,#65,.F.);
#1425=EDGE_CURVE('',#1103,#1005,#585,.F.);
#1426=EDGE_CURVE('',#1103,#1104,#586,.T.);
#1427=EDGE_CURVE('',#1101,#1104,#587,.F.);
#1428=EDGE_CURVE('',#1097,#891,#886,.F.);
#1429=EDGE_CURVE('',#1102,#1105,#588,.T.);
#1430=EDGE_CURVE('',#910,#1105,#589,.F.);
#1431=EDGE_CURVE('',#1104,#1098,#590,.T.);
#1432=EDGE_CURVE('',#1077,#1070,#591,.T.);
#1433=EDGE_CURVE('',#1105,#1076,#592,.T.);
#1434=EDGE_CURVE('',#1099,#1103,#593,.T.);
#1435=EDGE_CURVE('',#1106,#1100,#594,.T.);
#1436=EDGE_CURVE('',#1106,#1094,#595,.T.);
#1437=EDGE_CURVE('',#992,#1106,#66,.T.);
#1438=EDGE_CURVE('',#1107,#1107,#67,.T.);
#1439=EDGE_CURVE('',#1108,#1108,#68,.T.);
#1440=EDGE_CURVE('',#1107,#1078,#596,.T.);
#1441=EDGE_CURVE('',#1081,#1108,#597,.T.);
#1442=ORIENTED_EDGE('',*,*,#1109,.F.);
#1443=ORIENTED_EDGE('',*,*,#1110,.T.);
#1444=ORIENTED_EDGE('',*,*,#1111,.F.);
#1445=ORIENTED_EDGE('',*,*,#1112,.T.);
#1446=ORIENTED_EDGE('',*,*,#1113,.F.);
#1447=ORIENTED_EDGE('',*,*,#1114,.T.);
#1448=ORIENTED_EDGE('',*,*,#1115,.T.);
#1449=ORIENTED_EDGE('',*,*,#1116,.T.);
#1450=ORIENTED_EDGE('',*,*,#1117,.T.);
#1451=ORIENTED_EDGE('',*,*,#1118,.T.);
#1452=ORIENTED_EDGE('',*,*,#1119,.T.);
#1453=ORIENTED_EDGE('',*,*,#1120,.F.);
#1454=ORIENTED_EDGE('',*,*,#1121,.T.);
#1455=ORIENTED_EDGE('',*,*,#1112,.F.);
#1456=ORIENTED_EDGE('',*,*,#1122,.T.);
#1457=ORIENTED_EDGE('',*,*,#1123,.T.);
#1458=ORIENTED_EDGE('',*,*,#1124,.F.);
#1459=ORIENTED_EDGE('',*,*,#1125,.F.);
#1460=ORIENTED_EDGE('',*,*,#1126,.F.);
#1461=ORIENTED_EDGE('',*,*,#1127,.F.);
#1462=ORIENTED_EDGE('',*,*,#1128,.T.);
#1463=ORIENTED_EDGE('',*,*,#1129,.T.);
#1464=ORIENTED_EDGE('',*,*,#1130,.F.);
#1465=ORIENTED_EDGE('',*,*,#1131,.F.);
#1466=ORIENTED_EDGE('',*,*,#1132,.T.);
#1467=ORIENTED_EDGE('',*,*,#1133,.T.);
#1468=ORIENTED_EDGE('',*,*,#1130,.T.);
#1469=ORIENTED_EDGE('',*,*,#1134,.T.);
#1470=ORIENTED_EDGE('',*,*,#1135,.T.);
#1471=ORIENTED_EDGE('',*,*,#1126,.T.);
#1472=ORIENTED_EDGE('',*,*,#1136,.T.);
#1473=ORIENTED_EDGE('',*,*,#1137,.F.);
#1474=ORIENTED_EDGE('',*,*,#1138,.F.);
#1475=ORIENTED_EDGE('',*,*,#1139,.F.);
#1476=ORIENTED_EDGE('',*,*,#1140,.T.);
#1477=ORIENTED_EDGE('',*,*,#1141,.F.);
#1478=ORIENTED_EDGE('',*,*,#1142,.F.);
#1479=ORIENTED_EDGE('',*,*,#1143,.F.);
#1480=ORIENTED_EDGE('',*,*,#1144,.F.);
#1481=ORIENTED_EDGE('',*,*,#1145,.F.);
#1482=ORIENTED_EDGE('',*,*,#1146,.F.);
#1483=ORIENTED_EDGE('',*,*,#1147,.T.);
#1484=ORIENTED_EDGE('',*,*,#1148,.F.);
#1485=ORIENTED_EDGE('',*,*,#1143,.T.);
#1486=ORIENTED_EDGE('',*,*,#1149,.F.);
#1487=ORIENTED_EDGE('',*,*,#1141,.T.);
#1488=ORIENTED_EDGE('',*,*,#1150,.F.);
#1489=ORIENTED_EDGE('',*,*,#1140,.F.);
#1490=ORIENTED_EDGE('',*,*,#1151,.F.);
#1491=ORIENTED_EDGE('',*,*,#1152,.F.);
#1492=ORIENTED_EDGE('',*,*,#1153,.T.);
#1493=ORIENTED_EDGE('',*,*,#1144,.T.);
#1494=ORIENTED_EDGE('',*,*,#1150,.T.);
#1495=ORIENTED_EDGE('',*,*,#1154,.F.);
#1496=ORIENTED_EDGE('',*,*,#1155,.F.);
#1497=ORIENTED_EDGE('',*,*,#1156,.F.);
#1498=ORIENTED_EDGE('',*,*,#1157,.T.);
#1499=ORIENTED_EDGE('',*,*,#1158,.T.);
#1500=ORIENTED_EDGE('',*,*,#1159,.T.);
#1501=ORIENTED_EDGE('',*,*,#1160,.F.);
#1502=ORIENTED_EDGE('',*,*,#1161,.F.);
#1503=ORIENTED_EDGE('',*,*,#1162,.F.);
#1504=ORIENTED_EDGE('',*,*,#1163,.F.);
#1505=ORIENTED_EDGE('',*,*,#1164,.F.);
#1506=ORIENTED_EDGE('',*,*,#1165,.F.);
#1507=ORIENTED_EDGE('',*,*,#1166,.F.);
#1508=ORIENTED_EDGE('',*,*,#1161,.T.);
#1509=ORIENTED_EDGE('',*,*,#1167,.F.);
#1510=ORIENTED_EDGE('',*,*,#1159,.F.);
#1511=ORIENTED_EDGE('',*,*,#1168,.F.);
#1512=ORIENTED_EDGE('',*,*,#1158,.F.);
#1513=ORIENTED_EDGE('',*,*,#1169,.T.);
#1514=ORIENTED_EDGE('',*,*,#1170,.T.);
#1515=ORIENTED_EDGE('',*,*,#1171,.T.);
#1516=ORIENTED_EDGE('',*,*,#1162,.T.);
#1517=ORIENTED_EDGE('',*,*,#1168,.T.);
#1518=ORIENTED_EDGE('',*,*,#1147,.F.);
#1519=ORIENTED_EDGE('',*,*,#1172,.F.);
#1520=ORIENTED_EDGE('',*,*,#1173,.T.);
#1521=ORIENTED_EDGE('',*,*,#1174,.T.);
#1522=ORIENTED_EDGE('',*,*,#1175,.F.);
#1523=ORIENTED_EDGE('',*,*,#1176,.T.);
#1524=ORIENTED_EDGE('',*,*,#1177,.F.);
#1525=ORIENTED_EDGE('',*,*,#1178,.T.);
#1526=ORIENTED_EDGE('',*,*,#1179,.F.);
#1527=ORIENTED_EDGE('',*,*,#1180,.T.);
#1528=ORIENTED_EDGE('',*,*,#1160,.T.);
#1529=ORIENTED_EDGE('',*,*,#1167,.T.);
#1530=ORIENTED_EDGE('',*,*,#1166,.T.);
#1531=ORIENTED_EDGE('',*,*,#1174,.F.);
#1532=ORIENTED_EDGE('',*,*,#1181,.T.);
#1533=ORIENTED_EDGE('',*,*,#1182,.F.);
#1534=ORIENTED_EDGE('',*,*,#1183,.T.);
#1535=ORIENTED_EDGE('',*,*,#1184,.F.);
#1536=ORIENTED_EDGE('',*,*,#1185,.T.);
#1537=ORIENTED_EDGE('',*,*,#1142,.T.);
#1538=ORIENTED_EDGE('',*,*,#1149,.T.);
#1539=ORIENTED_EDGE('',*,*,#1148,.T.);
#1540=ORIENTED_EDGE('',*,*,#1186,.F.);
#1541=ORIENTED_EDGE('',*,*,#1187,.F.);
#1542=ORIENTED_EDGE('',*,*,#1188,.F.);
#1543=ORIENTED_EDGE('',*,*,#1189,.T.);
#1544=ORIENTED_EDGE('',*,*,#1189,.F.);
#1545=ORIENTED_EDGE('',*,*,#1190,.F.);
#1546=ORIENTED_EDGE('',*,*,#1191,.T.);
#1547=ORIENTED_EDGE('',*,*,#1192,.T.);
#1548=ORIENTED_EDGE('',*,*,#1193,.F.);
#1549=ORIENTED_EDGE('',*,*,#1194,.F.);
#1550=ORIENTED_EDGE('',*,*,#1128,.F.);
#1551=ORIENTED_EDGE('',*,*,#1195,.T.);
#1552=ORIENTED_EDGE('',*,*,#1196,.T.);
#1553=ORIENTED_EDGE('',*,*,#1197,.F.);
#1554=ORIENTED_EDGE('',*,*,#1198,.F.);
#1555=ORIENTED_EDGE('',*,*,#1199,.F.);
#1556=ORIENTED_EDGE('',*,*,#1200,.T.);
#1557=ORIENTED_EDGE('',*,*,#1200,.F.);
#1558=ORIENTED_EDGE('',*,*,#1201,.F.);
#1559=ORIENTED_EDGE('',*,*,#1202,.T.);
#1560=ORIENTED_EDGE('',*,*,#1203,.T.);
#1561=ORIENTED_EDGE('',*,*,#1204,.F.);
#1562=ORIENTED_EDGE('',*,*,#1205,.F.);
#1563=ORIENTED_EDGE('',*,*,#1122,.F.);
#1564=ORIENTED_EDGE('',*,*,#1111,.T.);
#1565=ORIENTED_EDGE('',*,*,#1206,.T.);
#1566=ORIENTED_EDGE('',*,*,#1207,.T.);
#1567=ORIENTED_EDGE('',*,*,#1195,.F.);
#1568=ORIENTED_EDGE('',*,*,#1127,.T.);
#1569=ORIENTED_EDGE('',*,*,#1135,.F.);
#1570=ORIENTED_EDGE('',*,*,#1186,.T.);
#1571=ORIENTED_EDGE('',*,*,#1196,.F.);
#1572=ORIENTED_EDGE('',*,*,#1207,.F.);
#1573=ORIENTED_EDGE('',*,*,#1134,.F.);
#1574=ORIENTED_EDGE('',*,*,#1129,.F.);
#1575=ORIENTED_EDGE('',*,*,#1208,.F.);
#1576=ORIENTED_EDGE('',*,*,#1209,.F.);
#1577=ORIENTED_EDGE('',*,*,#1210,.T.);
#1578=ORIENTED_EDGE('',*,*,#1163,.T.);
#1579=ORIENTED_EDGE('',*,*,#1171,.F.);
#1580=ORIENTED_EDGE('',*,*,#1211,.F.);
#1581=ORIENTED_EDGE('',*,*,#1212,.T.);
#1582=ORIENTED_EDGE('',*,*,#1145,.T.);
#1583=ORIENTED_EDGE('',*,*,#1153,.F.);
#1584=ORIENTED_EDGE('',*,*,#1197,.T.);
#1585=ORIENTED_EDGE('',*,*,#1206,.F.);
#1586=ORIENTED_EDGE('',*,*,#1110,.F.);
#1587=ORIENTED_EDGE('',*,*,#1213,.T.);
#1588=ORIENTED_EDGE('',*,*,#1116,.F.);
#1589=ORIENTED_EDGE('',*,*,#1214,.F.);
#1590=ORIENTED_EDGE('',*,*,#1215,.T.);
#1591=ORIENTED_EDGE('',*,*,#1216,.T.);
#1592=ORIENTED_EDGE('',*,*,#1217,.T.);
#1593=ORIENTED_EDGE('',*,*,#1218,.T.);
#1594=ORIENTED_EDGE('',*,*,#1215,.F.);
#1595=ORIENTED_EDGE('',*,*,#1219,.T.);
#1596=ORIENTED_EDGE('',*,*,#1220,.T.);
#1597=ORIENTED_EDGE('',*,*,#1221,.F.);
#1598=ORIENTED_EDGE('',*,*,#1222,.T.);
#1599=ORIENTED_EDGE('',*,*,#1223,.T.);
#1600=ORIENTED_EDGE('',*,*,#1224,.F.);
#1601=ORIENTED_EDGE('',*,*,#1225,.T.);
#1602=ORIENTED_EDGE('',*,*,#1179,.T.);
#1603=ORIENTED_EDGE('',*,*,#1226,.T.);
#1604=ORIENTED_EDGE('',*,*,#1227,.T.);
#1605=ORIENTED_EDGE('',*,*,#1228,.T.);
#1606=ORIENTED_EDGE('',*,*,#1229,.T.);
#1607=ORIENTED_EDGE('',*,*,#1230,.T.);
#1608=ORIENTED_EDGE('',*,*,#1184,.T.);
#1609=ORIENTED_EDGE('',*,*,#1231,.T.);
#1610=ORIENTED_EDGE('',*,*,#1232,.T.);
#1611=ORIENTED_EDGE('',*,*,#1233,.T.);
#1612=ORIENTED_EDGE('',*,*,#1193,.T.);
#1613=ORIENTED_EDGE('',*,*,#1234,.T.);
#1614=ORIENTED_EDGE('',*,*,#1235,.T.);
#1615=ORIENTED_EDGE('',*,*,#1236,.T.);
#1616=ORIENTED_EDGE('',*,*,#1204,.T.);
#1617=ORIENTED_EDGE('',*,*,#1237,.T.);
#1618=ORIENTED_EDGE('',*,*,#1236,.F.);
#1619=ORIENTED_EDGE('',*,*,#1238,.T.);
#1620=ORIENTED_EDGE('',*,*,#1239,.T.);
#1621=ORIENTED_EDGE('',*,*,#1117,.F.);
#1622=ORIENTED_EDGE('',*,*,#1205,.T.);
#1623=ORIENTED_EDGE('',*,*,#1235,.F.);
#1624=ORIENTED_EDGE('',*,*,#1240,.T.);
#1625=ORIENTED_EDGE('',*,*,#1241,.T.);
#1626=ORIENTED_EDGE('',*,*,#1242,.F.);
#1627=ORIENTED_EDGE('',*,*,#1243,.F.);
#1628=ORIENTED_EDGE('',*,*,#1244,.T.);
#1629=ORIENTED_EDGE('',*,*,#1245,.F.);
#1630=ORIENTED_EDGE('',*,*,#1238,.F.);
#1631=ORIENTED_EDGE('',*,*,#1246,.T.);
#1632=ORIENTED_EDGE('',*,*,#1164,.T.);
#1633=ORIENTED_EDGE('',*,*,#1210,.F.);
#1634=ORIENTED_EDGE('',*,*,#1247,.T.);
#1635=ORIENTED_EDGE('',*,*,#1248,.T.);
#1636=ORIENTED_EDGE('',*,*,#1217,.F.);
#1637=ORIENTED_EDGE('',*,*,#1249,.T.);
#1638=ORIENTED_EDGE('',*,*,#1250,.F.);
#1639=ORIENTED_EDGE('',*,*,#1251,.T.);
#1640=ORIENTED_EDGE('',*,*,#1172,.T.);
#1641=ORIENTED_EDGE('',*,*,#1146,.T.);
#1642=ORIENTED_EDGE('',*,*,#1212,.F.);
#1643=ORIENTED_EDGE('',*,*,#1252,.T.);
#1644=ORIENTED_EDGE('',*,*,#1253,.T.);
#1645=ORIENTED_EDGE('',*,*,#1227,.F.);
#1646=ORIENTED_EDGE('',*,*,#1254,.T.);
#1647=ORIENTED_EDGE('',*,*,#1255,.F.);
#1648=ORIENTED_EDGE('',*,*,#1256,.T.);
#1649=ORIENTED_EDGE('',*,*,#1187,.T.);
#1650=ORIENTED_EDGE('',*,*,#1208,.T.);
#1651=ORIENTED_EDGE('',*,*,#1132,.F.);
#1652=ORIENTED_EDGE('',*,*,#1257,.F.);
#1653=ORIENTED_EDGE('',*,*,#1258,.F.);
#1654=ORIENTED_EDGE('',*,*,#1229,.F.);
#1655=ORIENTED_EDGE('',*,*,#1259,.T.);
#1656=ORIENTED_EDGE('',*,*,#1260,.T.);
#1657=ORIENTED_EDGE('',*,*,#1261,.F.);
#1658=ORIENTED_EDGE('',*,*,#1198,.T.);
#1659=ORIENTED_EDGE('',*,*,#1214,.T.);
#1660=ORIENTED_EDGE('',*,*,#1115,.F.);
#1661=ORIENTED_EDGE('',*,*,#1262,.F.);
#1662=ORIENTED_EDGE('',*,*,#1263,.F.);
#1663=ORIENTED_EDGE('',*,*,#1232,.F.);
#1664=ORIENTED_EDGE('',*,*,#1264,.T.);
#1665=ORIENTED_EDGE('',*,*,#1265,.T.);
#1666=ORIENTED_EDGE('',*,*,#1266,.F.);
#1667=ORIENTED_EDGE('',*,*,#1267,.T.);
#1668=ORIENTED_EDGE('',*,*,#1202,.F.);
#1669=ORIENTED_EDGE('',*,*,#1268,.F.);
#1670=ORIENTED_EDGE('',*,*,#1241,.F.);
#1671=ORIENTED_EDGE('',*,*,#1269,.T.);
#1672=ORIENTED_EDGE('',*,*,#1191,.F.);
#1673=ORIENTED_EDGE('',*,*,#1270,.F.);
#1674=ORIENTED_EDGE('',*,*,#1265,.F.);
#1675=ORIENTED_EDGE('',*,*,#1271,.T.);
#1676=ORIENTED_EDGE('',*,*,#1182,.T.);
#1677=ORIENTED_EDGE('',*,*,#1272,.T.);
#1678=ORIENTED_EDGE('',*,*,#1273,.F.);
#1679=ORIENTED_EDGE('',*,*,#1274,.F.);
#1680=ORIENTED_EDGE('',*,*,#1275,.T.);
#1681=ORIENTED_EDGE('',*,*,#1276,.F.);
#1682=ORIENTED_EDGE('',*,*,#1260,.F.);
#1683=ORIENTED_EDGE('',*,*,#1277,.T.);
#1684=ORIENTED_EDGE('',*,*,#1177,.T.);
#1685=ORIENTED_EDGE('',*,*,#1278,.T.);
#1686=ORIENTED_EDGE('',*,*,#1255,.T.);
#1687=ORIENTED_EDGE('',*,*,#1178,.F.);
#1688=ORIENTED_EDGE('',*,*,#1277,.F.);
#1689=ORIENTED_EDGE('',*,*,#1254,.F.);
#1690=ORIENTED_EDGE('',*,*,#1226,.F.);
#1691=ORIENTED_EDGE('',*,*,#1264,.F.);
#1692=ORIENTED_EDGE('',*,*,#1234,.F.);
#1693=ORIENTED_EDGE('',*,*,#1192,.F.);
#1694=ORIENTED_EDGE('',*,*,#1269,.F.);
#1695=ORIENTED_EDGE('',*,*,#1259,.F.);
#1696=ORIENTED_EDGE('',*,*,#1231,.F.);
#1697=ORIENTED_EDGE('',*,*,#1183,.F.);
#1698=ORIENTED_EDGE('',*,*,#1271,.F.);
#1699=ORIENTED_EDGE('',*,*,#1237,.F.);
#1700=ORIENTED_EDGE('',*,*,#1203,.F.);
#1701=ORIENTED_EDGE('',*,*,#1267,.F.);
#1702=ORIENTED_EDGE('',*,*,#1240,.F.);
#1703=ORIENTED_EDGE('',*,*,#1216,.F.);
#1704=ORIENTED_EDGE('',*,*,#1225,.F.);
#1705=ORIENTED_EDGE('',*,*,#1279,.F.);
#1706=ORIENTED_EDGE('',*,*,#1249,.F.);
#1707=ORIENTED_EDGE('',*,*,#1280,.F.);
#1708=ORIENTED_EDGE('',*,*,#1281,.F.);
#1709=ORIENTED_EDGE('',*,*,#1282,.F.);
#1710=ORIENTED_EDGE('',*,*,#1283,.F.);
#1711=ORIENTED_EDGE('',*,*,#1282,.T.);
#1712=ORIENTED_EDGE('',*,*,#1284,.F.);
#1713=ORIENTED_EDGE('',*,*,#1285,.F.);
#1714=ORIENTED_EDGE('',*,*,#1286,.T.);
#1715=ORIENTED_EDGE('',*,*,#1287,.T.);
#1716=ORIENTED_EDGE('',*,*,#1288,.T.);
#1717=ORIENTED_EDGE('',*,*,#1289,.T.);
#1718=ORIENTED_EDGE('',*,*,#1290,.T.);
#1719=ORIENTED_EDGE('',*,*,#1291,.F.);
#1720=ORIENTED_EDGE('',*,*,#1283,.T.);
#1721=ORIENTED_EDGE('',*,*,#1290,.F.);
#1722=ORIENTED_EDGE('',*,*,#1292,.T.);
#1723=ORIENTED_EDGE('',*,*,#1293,.F.);
#1724=ORIENTED_EDGE('',*,*,#1294,.F.);
#1725=ORIENTED_EDGE('',*,*,#1295,.F.);
#1726=ORIENTED_EDGE('',*,*,#1296,.F.);
#1727=ORIENTED_EDGE('',*,*,#1297,.F.);
#1728=ORIENTED_EDGE('',*,*,#1298,.F.);
#1729=ORIENTED_EDGE('',*,*,#1299,.T.);
#1730=ORIENTED_EDGE('',*,*,#1291,.T.);
#1731=ORIENTED_EDGE('',*,*,#1299,.F.);
#1732=ORIENTED_EDGE('',*,*,#1298,.T.);
#1733=ORIENTED_EDGE('',*,*,#1300,.T.);
#1734=ORIENTED_EDGE('',*,*,#1301,.T.);
#1735=ORIENTED_EDGE('',*,*,#1302,.T.);
#1736=ORIENTED_EDGE('',*,*,#1300,.F.);
#1737=ORIENTED_EDGE('',*,*,#1302,.F.);
#1738=ORIENTED_EDGE('',*,*,#1303,.T.);
#1739=ORIENTED_EDGE('',*,*,#1304,.T.);
#1740=ORIENTED_EDGE('',*,*,#1285,.T.);
#1741=ORIENTED_EDGE('',*,*,#1305,.T.);
#1742=ORIENTED_EDGE('',*,*,#1306,.F.);
#1743=ORIENTED_EDGE('',*,*,#1281,.T.);
#1744=ORIENTED_EDGE('',*,*,#1307,.F.);
#1745=ORIENTED_EDGE('',*,*,#1305,.F.);
#1746=ORIENTED_EDGE('',*,*,#1284,.T.);
#1747=ORIENTED_EDGE('',*,*,#1308,.F.);
#1748=ORIENTED_EDGE('',*,*,#1273,.T.);
#1749=ORIENTED_EDGE('',*,*,#1309,.T.);
#1750=ORIENTED_EDGE('',*,*,#1310,.T.);
#1751=ORIENTED_EDGE('',*,*,#1311,.F.);
#1752=ORIENTED_EDGE('',*,*,#1310,.F.);
#1753=ORIENTED_EDGE('',*,*,#1312,.F.);
#1754=ORIENTED_EDGE('',*,*,#1313,.T.);
#1755=ORIENTED_EDGE('',*,*,#1314,.F.);
#1756=ORIENTED_EDGE('',*,*,#1303,.F.);
#1757=ORIENTED_EDGE('',*,*,#1295,.T.);
#1758=ORIENTED_EDGE('',*,*,#1315,.T.);
#1759=ORIENTED_EDGE('',*,*,#1316,.F.);
#1760=ORIENTED_EDGE('',*,*,#1317,.T.);
#1761=ORIENTED_EDGE('',*,*,#1288,.F.);
#1762=ORIENTED_EDGE('',*,*,#1318,.T.);
#1763=ORIENTED_EDGE('',*,*,#1319,.F.);
#1764=ORIENTED_EDGE('',*,*,#1320,.T.);
#1765=ORIENTED_EDGE('',*,*,#1321,.F.);
#1766=ORIENTED_EDGE('',*,*,#1169,.F.);
#1767=ORIENTED_EDGE('',*,*,#1157,.F.);
#1768=ORIENTED_EDGE('',*,*,#1322,.F.);
#1769=ORIENTED_EDGE('',*,*,#1286,.F.);
#1770=ORIENTED_EDGE('',*,*,#1304,.F.);
#1771=ORIENTED_EDGE('',*,*,#1314,.T.);
#1772=ORIENTED_EDGE('',*,*,#1323,.F.);
#1773=ORIENTED_EDGE('',*,*,#1324,.F.);
#1774=ORIENTED_EDGE('',*,*,#1221,.T.);
#1775=ORIENTED_EDGE('',*,*,#1325,.T.);
#1776=ORIENTED_EDGE('',*,*,#1326,.T.);
#1777=ORIENTED_EDGE('',*,*,#1322,.T.);
#1778=ORIENTED_EDGE('',*,*,#1156,.T.);
#1779=ORIENTED_EDGE('',*,*,#1327,.T.);
#1780=ORIENTED_EDGE('',*,*,#1328,.T.);
#1781=ORIENTED_EDGE('',*,*,#1329,.F.);
#1782=ORIENTED_EDGE('',*,*,#1319,.T.);
#1783=ORIENTED_EDGE('',*,*,#1330,.T.);
#1784=ORIENTED_EDGE('',*,*,#1331,.F.);
#1785=ORIENTED_EDGE('',*,*,#1332,.F.);
#1786=ORIENTED_EDGE('',*,*,#1333,.F.);
#1787=ORIENTED_EDGE('',*,*,#1334,.F.);
#1788=ORIENTED_EDGE('',*,*,#1228,.F.);
#1789=ORIENTED_EDGE('',*,*,#1253,.F.);
#1790=ORIENTED_EDGE('',*,*,#1335,.T.);
#1791=ORIENTED_EDGE('',*,*,#1331,.T.);
#1792=ORIENTED_EDGE('',*,*,#1336,.T.);
#1793=ORIENTED_EDGE('',*,*,#1337,.F.);
#1794=ORIENTED_EDGE('',*,*,#1154,.T.);
#1795=ORIENTED_EDGE('',*,*,#1180,.F.);
#1796=ORIENTED_EDGE('',*,*,#1335,.F.);
#1797=ORIENTED_EDGE('',*,*,#1252,.F.);
#1798=ORIENTED_EDGE('',*,*,#1211,.T.);
#1799=ORIENTED_EDGE('',*,*,#1152,.T.);
#1800=ORIENTED_EDGE('',*,*,#1338,.T.);
#1801=ORIENTED_EDGE('',*,*,#1332,.T.);
#1802=ORIENTED_EDGE('',*,*,#1151,.T.);
#1803=ORIENTED_EDGE('',*,*,#1139,.T.);
#1804=ORIENTED_EDGE('',*,*,#1339,.F.);
#1805=ORIENTED_EDGE('',*,*,#1333,.T.);
#1806=ORIENTED_EDGE('',*,*,#1338,.F.);
#1807=ORIENTED_EDGE('',*,*,#1334,.T.);
#1808=ORIENTED_EDGE('',*,*,#1339,.T.);
#1809=ORIENTED_EDGE('',*,*,#1138,.T.);
#1810=ORIENTED_EDGE('',*,*,#1340,.F.);
#1811=ORIENTED_EDGE('',*,*,#1341,.T.);
#1812=ORIENTED_EDGE('',*,*,#1342,.F.);
#1813=ORIENTED_EDGE('',*,*,#1328,.F.);
#1814=ORIENTED_EDGE('',*,*,#1343,.F.);
#1815=ORIENTED_EDGE('',*,*,#1336,.F.);
#1816=ORIENTED_EDGE('',*,*,#1344,.F.);
#1817=ORIENTED_EDGE('',*,*,#1247,.F.);
#1818=ORIENTED_EDGE('',*,*,#1209,.T.);
#1819=ORIENTED_EDGE('',*,*,#1170,.F.);
#1820=ORIENTED_EDGE('',*,*,#1321,.T.);
#1821=ORIENTED_EDGE('',*,*,#1326,.F.);
#1822=ORIENTED_EDGE('',*,*,#1345,.F.);
#1823=ORIENTED_EDGE('',*,*,#1345,.T.);
#1824=ORIENTED_EDGE('',*,*,#1325,.F.);
#1825=ORIENTED_EDGE('',*,*,#1220,.F.);
#1826=ORIENTED_EDGE('',*,*,#1346,.T.);
#1827=ORIENTED_EDGE('',*,*,#1218,.F.);
#1828=ORIENTED_EDGE('',*,*,#1248,.F.);
#1829=ORIENTED_EDGE('',*,*,#1344,.T.);
#1830=ORIENTED_EDGE('',*,*,#1346,.F.);
#1831=ORIENTED_EDGE('',*,*,#1219,.F.);
#1832=ORIENTED_EDGE('',*,*,#1165,.T.);
#1833=ORIENTED_EDGE('',*,*,#1246,.F.);
#1834=ORIENTED_EDGE('',*,*,#1347,.T.);
#1835=ORIENTED_EDGE('',*,*,#1175,.T.);
#1836=ORIENTED_EDGE('',*,*,#1323,.T.);
#1837=ORIENTED_EDGE('',*,*,#1313,.F.);
#1838=ORIENTED_EDGE('',*,*,#1348,.F.);
#1839=ORIENTED_EDGE('',*,*,#1349,.T.);
#1840=ORIENTED_EDGE('',*,*,#1324,.T.);
#1841=ORIENTED_EDGE('',*,*,#1349,.F.);
#1842=ORIENTED_EDGE('',*,*,#1350,.F.);
#1843=ORIENTED_EDGE('',*,*,#1222,.F.);
#1844=ORIENTED_EDGE('',*,*,#1287,.F.);
#1845=ORIENTED_EDGE('',*,*,#1330,.F.);
#1846=ORIENTED_EDGE('',*,*,#1318,.F.);
#1847=ORIENTED_EDGE('',*,*,#1155,.T.);
#1848=ORIENTED_EDGE('',*,*,#1337,.T.);
#1849=ORIENTED_EDGE('',*,*,#1343,.T.);
#1850=ORIENTED_EDGE('',*,*,#1327,.F.);
#1851=ORIENTED_EDGE('',*,*,#1272,.F.);
#1852=ORIENTED_EDGE('',*,*,#1181,.F.);
#1853=ORIENTED_EDGE('',*,*,#1173,.F.);
#1854=ORIENTED_EDGE('',*,*,#1256,.F.);
#1855=ORIENTED_EDGE('',*,*,#1278,.F.);
#1856=ORIENTED_EDGE('',*,*,#1176,.F.);
#1857=ORIENTED_EDGE('',*,*,#1347,.F.);
#1858=ORIENTED_EDGE('',*,*,#1251,.F.);
#1859=ORIENTED_EDGE('',*,*,#1351,.F.);
#1860=ORIENTED_EDGE('',*,*,#1223,.F.);
#1861=ORIENTED_EDGE('',*,*,#1350,.T.);
#1862=ORIENTED_EDGE('',*,*,#1348,.T.);
#1863=ORIENTED_EDGE('',*,*,#1312,.T.);
#1864=ORIENTED_EDGE('',*,*,#1309,.F.);
#1865=ORIENTED_EDGE('',*,*,#1279,.T.);
#1866=ORIENTED_EDGE('',*,*,#1224,.T.);
#1867=ORIENTED_EDGE('',*,*,#1351,.T.);
#1868=ORIENTED_EDGE('',*,*,#1250,.T.);
#1869=ORIENTED_EDGE('',*,*,#1352,.F.);
#1870=ORIENTED_EDGE('',*,*,#1353,.F.);
#1871=ORIENTED_EDGE('',*,*,#1354,.T.);
#1872=ORIENTED_EDGE('',*,*,#1355,.T.);
#1873=ORIENTED_EDGE('',*,*,#1352,.T.);
#1874=ORIENTED_EDGE('',*,*,#1355,.F.);
#1875=ORIENTED_EDGE('',*,*,#1356,.T.);
#1876=ORIENTED_EDGE('',*,*,#1316,.T.);
#1877=ORIENTED_EDGE('',*,*,#1357,.F.);
#1878=ORIENTED_EDGE('',*,*,#1341,.F.);
#1879=ORIENTED_EDGE('',*,*,#1353,.T.);
#1880=ORIENTED_EDGE('',*,*,#1358,.T.);
#1881=ORIENTED_EDGE('',*,*,#1359,.T.);
#1882=ORIENTED_EDGE('',*,*,#1358,.F.);
#1883=ORIENTED_EDGE('',*,*,#1360,.F.);
#1884=ORIENTED_EDGE('',*,*,#1361,.F.);
#1885=ORIENTED_EDGE('',*,*,#1362,.F.);
#1886=ORIENTED_EDGE('',*,*,#1363,.F.);
#1887=ORIENTED_EDGE('',*,*,#1364,.F.);
#1888=ORIENTED_EDGE('',*,*,#1365,.F.);
#1889=ORIENTED_EDGE('',*,*,#1366,.F.);
#1890=ORIENTED_EDGE('',*,*,#1274,.T.);
#1891=ORIENTED_EDGE('',*,*,#1308,.T.);
#1892=ORIENTED_EDGE('',*,*,#1311,.T.);
#1893=ORIENTED_EDGE('',*,*,#1306,.T.);
#1894=ORIENTED_EDGE('',*,*,#1307,.T.);
#1895=ORIENTED_EDGE('',*,*,#1280,.T.);
#1896=ORIENTED_EDGE('',*,*,#1293,.T.);
#1897=ORIENTED_EDGE('',*,*,#1301,.F.);
#1898=ORIENTED_EDGE('',*,*,#1367,.T.);
#1899=ORIENTED_EDGE('',*,*,#1368,.F.);
#1900=ORIENTED_EDGE('',*,*,#1369,.F.);
#1901=ORIENTED_EDGE('',*,*,#1370,.T.);
#1902=ORIENTED_EDGE('',*,*,#1371,.F.);
#1903=ORIENTED_EDGE('',*,*,#1372,.F.);
#1904=ORIENTED_EDGE('',*,*,#1373,.F.);
#1905=ORIENTED_EDGE('',*,*,#1374,.T.);
#1906=ORIENTED_EDGE('',*,*,#1375,.T.);
#1907=ORIENTED_EDGE('',*,*,#1376,.T.);
#1908=ORIENTED_EDGE('',*,*,#1360,.T.);
#1909=ORIENTED_EDGE('',*,*,#1292,.F.);
#1910=ORIENTED_EDGE('',*,*,#1289,.F.);
#1911=ORIENTED_EDGE('',*,*,#1320,.F.);
#1912=ORIENTED_EDGE('',*,*,#1329,.T.);
#1913=ORIENTED_EDGE('',*,*,#1342,.T.);
#1914=ORIENTED_EDGE('',*,*,#1357,.T.);
#1915=ORIENTED_EDGE('',*,*,#1315,.F.);
#1916=ORIENTED_EDGE('',*,*,#1294,.T.);
#1917=ORIENTED_EDGE('',*,*,#1377,.F.);
#1918=ORIENTED_EDGE('',*,*,#1378,.F.);
#1919=ORIENTED_EDGE('',*,*,#1368,.T.);
#1920=ORIENTED_EDGE('',*,*,#1297,.T.);
#1921=ORIENTED_EDGE('',*,*,#1230,.F.);
#1922=ORIENTED_EDGE('',*,*,#1258,.T.);
#1923=ORIENTED_EDGE('',*,*,#1379,.F.);
#1924=ORIENTED_EDGE('',*,*,#1380,.F.);
#1925=ORIENTED_EDGE('',*,*,#1381,.T.);
#1926=ORIENTED_EDGE('',*,*,#1382,.T.);
#1927=ORIENTED_EDGE('',*,*,#1383,.T.);
#1928=ORIENTED_EDGE('',*,*,#1384,.F.);
#1929=ORIENTED_EDGE('',*,*,#1377,.T.);
#1930=ORIENTED_EDGE('',*,*,#1296,.T.);
#1931=ORIENTED_EDGE('',*,*,#1317,.F.);
#1932=ORIENTED_EDGE('',*,*,#1356,.F.);
#1933=ORIENTED_EDGE('',*,*,#1354,.F.);
#1934=ORIENTED_EDGE('',*,*,#1340,.T.);
#1935=ORIENTED_EDGE('',*,*,#1137,.T.);
#1936=ORIENTED_EDGE('',*,*,#1185,.F.);
#1937=ORIENTED_EDGE('',*,*,#1359,.F.);
#1938=ORIENTED_EDGE('',*,*,#1385,.T.);
#1939=ORIENTED_EDGE('',*,*,#1362,.T.);
#1940=ORIENTED_EDGE('',*,*,#1386,.T.);
#1941=ORIENTED_EDGE('',*,*,#1387,.T.);
#1942=ORIENTED_EDGE('',*,*,#1388,.T.);
#1943=ORIENTED_EDGE('',*,*,#1387,.F.);
#1944=ORIENTED_EDGE('',*,*,#1389,.F.);
#1945=ORIENTED_EDGE('',*,*,#1375,.F.);
#1946=ORIENTED_EDGE('',*,*,#1390,.F.);
#1947=ORIENTED_EDGE('',*,*,#1391,.F.);
#1948=ORIENTED_EDGE('',*,*,#1392,.F.);
#1949=ORIENTED_EDGE('',*,*,#1393,.T.);
#1950=ORIENTED_EDGE('',*,*,#1394,.T.);
#1951=ORIENTED_EDGE('',*,*,#1395,.T.);
#1952=ORIENTED_EDGE('',*,*,#1386,.F.);
#1953=ORIENTED_EDGE('',*,*,#1361,.T.);
#1954=ORIENTED_EDGE('',*,*,#1376,.F.);
#1955=ORIENTED_EDGE('',*,*,#1389,.T.);
#1956=ORIENTED_EDGE('',*,*,#1369,.T.);
#1957=ORIENTED_EDGE('',*,*,#1378,.T.);
#1958=ORIENTED_EDGE('',*,*,#1384,.T.);
#1959=ORIENTED_EDGE('',*,*,#1396,.T.);
#1960=ORIENTED_EDGE('',*,*,#1395,.F.);
#1961=ORIENTED_EDGE('',*,*,#1397,.T.);
#1962=ORIENTED_EDGE('',*,*,#1398,.T.);
#1963=ORIENTED_EDGE('',*,*,#1397,.F.);
#1964=ORIENTED_EDGE('',*,*,#1398,.F.);
#1965=ORIENTED_EDGE('',*,*,#1399,.F.);
#1966=ORIENTED_EDGE('',*,*,#1399,.T.);
#1967=ORIENTED_EDGE('',*,*,#1400,.T.);
#1968=ORIENTED_EDGE('',*,*,#1367,.F.);
#1969=ORIENTED_EDGE('',*,*,#1400,.F.);
#1970=ORIENTED_EDGE('',*,*,#1401,.F.);
#1971=ORIENTED_EDGE('',*,*,#1364,.T.);
#1972=ORIENTED_EDGE('',*,*,#1402,.F.);
#1973=ORIENTED_EDGE('',*,*,#1393,.F.);
#1974=ORIENTED_EDGE('',*,*,#1403,.F.);
#1975=ORIENTED_EDGE('',*,*,#1388,.F.);
#1976=ORIENTED_EDGE('',*,*,#1394,.F.);
#1977=ORIENTED_EDGE('',*,*,#1402,.T.);
#1978=ORIENTED_EDGE('',*,*,#1363,.T.);
#1979=ORIENTED_EDGE('',*,*,#1366,.T.);
#1980=ORIENTED_EDGE('',*,*,#1404,.F.);
#1981=ORIENTED_EDGE('',*,*,#1405,.F.);
#1982=ORIENTED_EDGE('',*,*,#1275,.F.);
#1983=ORIENTED_EDGE('',*,*,#1365,.T.);
#1984=ORIENTED_EDGE('',*,*,#1401,.T.);
#1985=ORIENTED_EDGE('',*,*,#1406,.T.);
#1986=ORIENTED_EDGE('',*,*,#1407,.F.);
#1987=ORIENTED_EDGE('',*,*,#1408,.T.);
#1988=ORIENTED_EDGE('',*,*,#1404,.T.);
#1989=ORIENTED_EDGE('',*,*,#1396,.F.);
#1990=ORIENTED_EDGE('',*,*,#1383,.F.);
#1991=ORIENTED_EDGE('',*,*,#1409,.T.);
#1992=ORIENTED_EDGE('',*,*,#1370,.F.);
#1993=ORIENTED_EDGE('',*,*,#1390,.T.);
#1994=ORIENTED_EDGE('',*,*,#1374,.F.);
#1995=ORIENTED_EDGE('',*,*,#1410,.T.);
#1996=ORIENTED_EDGE('',*,*,#1411,.F.);
#1997=ORIENTED_EDGE('',*,*,#1120,.T.);
#1998=ORIENTED_EDGE('',*,*,#1412,.T.);
#1999=ORIENTED_EDGE('',*,*,#1413,.T.);
#2000=ORIENTED_EDGE('',*,*,#1414,.T.);
#2001=ORIENTED_EDGE('',*,*,#1392,.T.);
#2002=ORIENTED_EDGE('',*,*,#1415,.F.);
#2003=ORIENTED_EDGE('',*,*,#1410,.F.);
#2004=ORIENTED_EDGE('',*,*,#1373,.T.);
#2005=ORIENTED_EDGE('',*,*,#1416,.F.);
#2006=ORIENTED_EDGE('',*,*,#1417,.F.);
#2007=ORIENTED_EDGE('',*,*,#1418,.F.);
#2008=ORIENTED_EDGE('',*,*,#1412,.F.);
#2009=ORIENTED_EDGE('',*,*,#1119,.F.);
#2010=ORIENTED_EDGE('',*,*,#1419,.F.);
#2011=ORIENTED_EDGE('',*,*,#1244,.F.);
#2012=ORIENTED_EDGE('',*,*,#1420,.T.);
#2013=ORIENTED_EDGE('',*,*,#1421,.T.);
#2014=ORIENTED_EDGE('',*,*,#1406,.F.);
#2015=ORIENTED_EDGE('',*,*,#1403,.T.);
#2016=ORIENTED_EDGE('',*,*,#1422,.T.);
#2017=ORIENTED_EDGE('',*,*,#1423,.T.);
#2018=ORIENTED_EDGE('',*,*,#1424,.T.);
#2019=ORIENTED_EDGE('',*,*,#1124,.T.);
#2020=ORIENTED_EDGE('',*,*,#1233,.F.);
#2021=ORIENTED_EDGE('',*,*,#1263,.T.);
#2022=ORIENTED_EDGE('',*,*,#1425,.F.);
#2023=ORIENTED_EDGE('',*,*,#1426,.T.);
#2024=ORIENTED_EDGE('',*,*,#1427,.F.);
#2025=ORIENTED_EDGE('',*,*,#1422,.F.);
#2026=ORIENTED_EDGE('',*,*,#1123,.F.);
#2027=ORIENTED_EDGE('',*,*,#1194,.T.);
#2028=ORIENTED_EDGE('',*,*,#1113,.T.);
#2029=ORIENTED_EDGE('',*,*,#1213,.F.);
#2030=ORIENTED_EDGE('',*,*,#1109,.T.);
#2031=ORIENTED_EDGE('',*,*,#1121,.F.);
#2032=ORIENTED_EDGE('',*,*,#1414,.F.);
#2033=ORIENTED_EDGE('',*,*,#1428,.T.);
#2034=ORIENTED_EDGE('',*,*,#1136,.F.);
#2035=ORIENTED_EDGE('',*,*,#1125,.T.);
#2036=ORIENTED_EDGE('',*,*,#1424,.F.);
#2037=ORIENTED_EDGE('',*,*,#1429,.T.);
#2038=ORIENTED_EDGE('',*,*,#1430,.F.);
#2039=ORIENTED_EDGE('',*,*,#1423,.F.);
#2040=ORIENTED_EDGE('',*,*,#1427,.T.);
#2041=ORIENTED_EDGE('',*,*,#1431,.T.);
#2042=ORIENTED_EDGE('',*,*,#1416,.T.);
#2043=ORIENTED_EDGE('',*,*,#1372,.T.);
#2044=ORIENTED_EDGE('',*,*,#1432,.F.);
#2045=ORIENTED_EDGE('',*,*,#1380,.T.);
#2046=ORIENTED_EDGE('',*,*,#1433,.F.);
#2047=ORIENTED_EDGE('',*,*,#1429,.F.);
#2048=ORIENTED_EDGE('',*,*,#1379,.T.);
#2049=ORIENTED_EDGE('',*,*,#1257,.T.);
#2050=ORIENTED_EDGE('',*,*,#1131,.T.);
#2051=ORIENTED_EDGE('',*,*,#1133,.F.);
#2052=ORIENTED_EDGE('',*,*,#1430,.T.);
#2053=ORIENTED_EDGE('',*,*,#1433,.T.);
#2054=ORIENTED_EDGE('',*,*,#1118,.F.);
#2055=ORIENTED_EDGE('',*,*,#1239,.F.);
#2056=ORIENTED_EDGE('',*,*,#1245,.T.);
#2057=ORIENTED_EDGE('',*,*,#1419,.T.);
#2058=ORIENTED_EDGE('',*,*,#1425,.T.);
#2059=ORIENTED_EDGE('',*,*,#1262,.T.);
#2060=ORIENTED_EDGE('',*,*,#1114,.F.);
#2061=ORIENTED_EDGE('',*,*,#1428,.F.);
#2062=ORIENTED_EDGE('',*,*,#1413,.F.);
#2063=ORIENTED_EDGE('',*,*,#1418,.T.);
#2064=ORIENTED_EDGE('',*,*,#1434,.T.);
#2065=ORIENTED_EDGE('',*,*,#1421,.F.);
#2066=ORIENTED_EDGE('',*,*,#1435,.F.);
#2067=ORIENTED_EDGE('',*,*,#1436,.T.);
#2068=ORIENTED_EDGE('',*,*,#1407,.T.);
#2069=ORIENTED_EDGE('',*,*,#1420,.F.);
#2070=ORIENTED_EDGE('',*,*,#1243,.T.);
#2071=ORIENTED_EDGE('',*,*,#1437,.T.);
#2072=ORIENTED_EDGE('',*,*,#1435,.T.);
#2073=ORIENTED_EDGE('',*,*,#1391,.T.);
#2074=ORIENTED_EDGE('',*,*,#1411,.T.);
#2075=ORIENTED_EDGE('',*,*,#1415,.T.);
#2076=ORIENTED_EDGE('',*,*,#1434,.F.);
#2077=ORIENTED_EDGE('',*,*,#1417,.T.);
#2078=ORIENTED_EDGE('',*,*,#1431,.F.);
#2079=ORIENTED_EDGE('',*,*,#1426,.F.);
#2080=ORIENTED_EDGE('',*,*,#1276,.T.);
#2081=ORIENTED_EDGE('',*,*,#1405,.T.);
#2082=ORIENTED_EDGE('',*,*,#1408,.F.);
#2083=ORIENTED_EDGE('',*,*,#1436,.F.);
#2084=ORIENTED_EDGE('',*,*,#1437,.F.);
#2085=ORIENTED_EDGE('',*,*,#1242,.T.);
#2086=ORIENTED_EDGE('',*,*,#1268,.T.);
#2087=ORIENTED_EDGE('',*,*,#1201,.T.);
#2088=ORIENTED_EDGE('',*,*,#1199,.T.);
#2089=ORIENTED_EDGE('',*,*,#1266,.T.);
#2090=ORIENTED_EDGE('',*,*,#1270,.T.);
#2091=ORIENTED_EDGE('',*,*,#1190,.T.);
#2092=ORIENTED_EDGE('',*,*,#1188,.T.);
#2093=ORIENTED_EDGE('',*,*,#1261,.T.);
#2094=ORIENTED_EDGE('',*,*,#1438,.T.);
#2095=ORIENTED_EDGE('',*,*,#1439,.T.);
#2096=ORIENTED_EDGE('',*,*,#1438,.F.);
#2097=ORIENTED_EDGE('',*,*,#1440,.T.);
#2098=ORIENTED_EDGE('',*,*,#1381,.F.);
#2099=ORIENTED_EDGE('',*,*,#1432,.T.);
#2100=ORIENTED_EDGE('',*,*,#1371,.T.);
#2101=ORIENTED_EDGE('',*,*,#1409,.F.);
#2102=ORIENTED_EDGE('',*,*,#1382,.F.);
#2103=ORIENTED_EDGE('',*,*,#1440,.F.);
#2104=ORIENTED_EDGE('',*,*,#1385,.F.);
#2105=ORIENTED_EDGE('',*,*,#1441,.T.);
#2106=ORIENTED_EDGE('',*,*,#1439,.F.);
#2107=ORIENTED_EDGE('',*,*,#1441,.F.);
#2108=PLANE('',#2322);
#2109=PLANE('',#2324);
#2110=PLANE('',#2326);
#2111=PLANE('',#2329);
#2112=PLANE('',#2331);
#2113=PLANE('',#2336);
#2114=PLANE('',#2338);
#2115=PLANE('',#2340);
#2116=PLANE('',#2345);
#2117=PLANE('',#2348);
#2118=PLANE('',#2350);
#2119=PLANE('',#2357);
#2120=PLANE('',#2358);
#2121=PLANE('',#2362);
#2122=PLANE('',#2366);
#2123=PLANE('',#2367);
#2124=PLANE('',#2368);
#2125=PLANE('',#2369);
#2126=PLANE('',#2370);
#2127=PLANE('',#2371);
#2128=PLANE('',#2372);
#2129=PLANE('',#2373);
#2130=PLANE('',#2374);
#2131=PLANE('',#2375);
#2132=PLANE('',#2376);
#2133=PLANE('',#2377);
#2134=PLANE('',#2378);
#2135=PLANE('',#2379);
#2136=PLANE('',#2380);
#2137=PLANE('',#2381);
#2138=PLANE('',#2382);
#2139=PLANE('',#2383);
#2140=PLANE('',#2384);
#2141=PLANE('',#2385);
#2142=PLANE('',#2386);
#2143=PLANE('',#2387);
#2144=PLANE('',#2388);
#2145=PLANE('',#2389);
#2146=PLANE('',#2390);
#2147=PLANE('',#2391);
#2148=PLANE('',#2392);
#2149=PLANE('',#2396);
#2150=PLANE('',#2399);
#2151=PLANE('',#2405);
#2152=PLANE('',#2409);
#2153=PLANE('',#2410);
#2154=PLANE('',#2411);
#2155=PLANE('',#2416);
#2156=PLANE('',#2417);
#2157=PLANE('',#2420);
#2158=PLANE('',#2426);
#2159=PLANE('',#2427);
#2160=PLANE('',#2428);
#2161=PLANE('',#2429);
#2162=PLANE('',#2430);
#2163=PLANE('',#2431);
#2164=PLANE('',#2432);
#2165=PLANE('',#2435);
#2166=PLANE('',#2439);
#2167=PLANE('',#2440);
#2168=PLANE('',#2441);
#2169=PLANE('',#2442);
#2170=PLANE('',#2451);
#2171=PLANE('',#2455);
#2172=PLANE('',#2458);
#2173=PLANE('',#2459);
#2174=PLANE('',#2466);
#2175=PLANE('',#2469);
#2176=PLANE('',#2473);
#2177=PLANE('',#2476);
#2178=PLANE('',#2477);
#2179=PLANE('',#2478);
#2180=PLANE('',#2482);
#2181=PLANE('',#2483);
#2182=PLANE('',#2486);
#2183=PLANE('',#2492);
#2184=PLANE('',#2495);
#2185=PLANE('',#2496);
#2186=PLANE('',#2497);
#2187=PLANE('',#2498);
#2188=PLANE('',#2499);
#2189=PLANE('',#2500);
#2190=PLANE('',#2504);
#2191=PLANE('',#2505);
#2192=PLANE('',#2506);
#2193=ADVANCED_FACE('',(#99),#2108,.F.);
#2194=ADVANCED_FACE('',(#100),#2109,.F.);
#2195=ADVANCED_FACE('',(#101),#2110,.T.);
#2196=ADVANCED_FACE('',(#102),#2111,.T.);
#2197=ADVANCED_FACE('',(#103),#2112,.F.);
#2198=ADVANCED_FACE('',(#104),#69,.T.);
#2199=ADVANCED_FACE('',(#105),#2113,.F.);
#2200=ADVANCED_FACE('',(#106),#2114,.F.);
#2201=ADVANCED_FACE('',(#107),#2115,.F.);
#2202=ADVANCED_FACE('',(#108),#70,.T.);
#2203=ADVANCED_FACE('',(#109),#2116,.F.);
#2204=ADVANCED_FACE('',(#110),#2117,.F.);
#2205=ADVANCED_FACE('',(#111),#2118,.F.);
#2206=ADVANCED_FACE('',(#112),#71,.T.);
#2207=ADVANCED_FACE('',(#113),#72,.F.);
#2208=ADVANCED_FACE('',(#114),#2119,.F.);
#2209=ADVANCED_FACE('',(#115),#2120,.F.);
#2210=ADVANCED_FACE('',(#116),#73,.F.);
#2211=ADVANCED_FACE('',(#117),#2121,.T.);
#2212=ADVANCED_FACE('',(#118),#74,.F.);
#2213=ADVANCED_FACE('',(#119),#2122,.T.);
#2214=ADVANCED_FACE('',(#120),#2123,.F.);
#2215=ADVANCED_FACE('',(#121),#2124,.T.);
#2216=ADVANCED_FACE('',(#122),#2125,.F.);
#2217=ADVANCED_FACE('',(#123),#2126,.F.);
#2218=ADVANCED_FACE('',(#124),#2127,.T.);
#2219=ADVANCED_FACE('',(#125),#2128,.T.);
#2220=ADVANCED_FACE('',(#126),#2129,.T.);
#2221=ADVANCED_FACE('',(#127),#2130,.T.);
#2222=ADVANCED_FACE('',(#128),#2131,.T.);
#2223=ADVANCED_FACE('',(#129),#2132,.T.);
#2224=ADVANCED_FACE('',(#130),#2133,.T.);
#2225=ADVANCED_FACE('',(#131),#2134,.F.);
#2226=ADVANCED_FACE('',(#132),#2135,.F.);
#2227=ADVANCED_FACE('',(#133),#2136,.F.);
#2228=ADVANCED_FACE('',(#134),#2137,.F.);
#2229=ADVANCED_FACE('',(#135),#2138,.T.);
#2230=ADVANCED_FACE('',(#136),#2139,.T.);
#2231=ADVANCED_FACE('',(#137),#2140,.F.);
#2232=ADVANCED_FACE('',(#138),#2141,.F.);
#2233=ADVANCED_FACE('',(#139),#2142,.F.);
#2234=ADVANCED_FACE('',(#140),#2143,.F.);
#2235=ADVANCED_FACE('',(#141),#2144,.F.);
#2236=ADVANCED_FACE('',(#142),#2145,.F.);
#2237=ADVANCED_FACE('',(#143),#2146,.F.);
#2238=ADVANCED_FACE('',(#144),#2147,.F.);
#2239=ADVANCED_FACE('',(#145),#2148,.F.);
#2240=ADVANCED_FACE('',(#146),#75,.T.);
#2241=ADVANCED_FACE('',(#147,#15),#2149,.F.);
#2242=ADVANCED_FACE('',(#148),#2150,.F.);
#2243=ADVANCED_FACE('',(#149),#76,.F.);
#2244=ADVANCED_FACE('',(#150),#77,.F.);
#2245=ADVANCED_FACE('',(#151,#16),#2151,.T.);
#2246=ADVANCED_FACE('',(#152),#78,.F.);
#2247=ADVANCED_FACE('',(#153),#2152,.F.);
#2248=ADVANCED_FACE('',(#154),#2153,.F.);
#2249=ADVANCED_FACE('',(#155),#2154,.F.);
#2250=ADVANCED_FACE('',(#156),#79,.T.);
#2251=ADVANCED_FACE('',(#157),#2155,.F.);
#2252=ADVANCED_FACE('',(#158),#2156,.F.);
#2253=ADVANCED_FACE('',(#159),#80,.T.);
#2254=ADVANCED_FACE('',(#160),#2157,.T.);
#2255=ADVANCED_FACE('',(#161),#81,.T.);
#2256=ADVANCED_FACE('',(#162),#2158,.T.);
#2257=ADVANCED_FACE('',(#163),#2159,.F.);
#2258=ADVANCED_FACE('',(#164),#2160,.T.);
#2259=ADVANCED_FACE('',(#165),#2161,.F.);
#2260=ADVANCED_FACE('',(#166),#2162,.F.);
#2261=ADVANCED_FACE('',(#167),#2163,.F.);
#2262=ADVANCED_FACE('',(#168),#2164,.T.);
#2263=ADVANCED_FACE('',(#169),#82,.F.);
#2264=ADVANCED_FACE('',(#170),#2165,.F.);
#2265=ADVANCED_FACE('',(#171),#83,.T.);
#2266=ADVANCED_FACE('',(#172),#84,.T.);
#2267=ADVANCED_FACE('',(#173),#2166,.F.);
#2268=ADVANCED_FACE('',(#174),#2167,.T.);
#2269=ADVANCED_FACE('',(#175),#2168,.F.);
#2270=ADVANCED_FACE('',(#176,#17),#2169,.F.);
#2271=ADVANCED_FACE('',(#177),#85,.T.);
#2272=ADVANCED_FACE('',(#178),#86,.F.);
#2273=ADVANCED_FACE('',(#179,#18,#19),#2170,.F.);
#2274=ADVANCED_FACE('',(#180),#2171,.F.);
#2275=ADVANCED_FACE('',(#181),#2172,.T.);
#2276=ADVANCED_FACE('',(#182,#20,#21),#2173,.F.);
#2277=ADVANCED_FACE('',(#183),#87,.T.);
#2278=ADVANCED_FACE('',(#184,#22),#2174,.T.);
#2279=ADVANCED_FACE('',(#185),#2175,.T.);
#2280=ADVANCED_FACE('',(#186),#88,.F.);
#2281=ADVANCED_FACE('',(#187),#89,.F.);
#2282=ADVANCED_FACE('',(#188,#23),#2176,.F.);
#2283=ADVANCED_FACE('',(#189),#90,.F.);
#2284=ADVANCED_FACE('',(#190),#2177,.T.);
#2285=ADVANCED_FACE('',(#191),#2178,.T.);
#2286=ADVANCED_FACE('',(#192),#2179,.T.);
#2287=ADVANCED_FACE('',(#193),#91,.T.);
#2288=ADVANCED_FACE('',(#194),#2180,.T.);
#2289=ADVANCED_FACE('',(#195),#2181,.T.);
#2290=ADVANCED_FACE('',(#196),#92,.T.);
#2291=ADVANCED_FACE('',(#197),#2182,.F.);
#2292=ADVANCED_FACE('',(#198),#93,.T.);
#2293=ADVANCED_FACE('',(#199),#2183,.F.);
#2294=ADVANCED_FACE('',(#200),#94,.T.);
#2295=ADVANCED_FACE('',(#201),#2184,.F.);
#2296=ADVANCED_FACE('',(#202),#2185,.T.);
#2297=ADVANCED_FACE('',(#203),#2186,.T.);
#2298=ADVANCED_FACE('',(#204),#2187,.T.);
#2299=ADVANCED_FACE('',(#205),#2188,.T.);
#2300=ADVANCED_FACE('',(#206),#2189,.T.);
#2301=ADVANCED_FACE('',(#207),#95,.T.);
#2302=ADVANCED_FACE('',(#208),#96,.T.);
#2303=ADVANCED_FACE('',(#209),#2190,.T.);
#2304=ADVANCED_FACE('',(#210),#2191,.F.);
#2305=ADVANCED_FACE('',(#211,#24),#2192,.T.);
#2306=ADVANCED_FACE('',(#212),#97,.T.);
#2307=ADVANCED_FACE('',(#213),#98,.F.);
#2308=CLOSED_SHELL('',(#2193,#2194,#2195,#2196,#2197,#2198,#2199,#2200,
#2201,#2202,#2203,#2204,#2205,#2206,#2207,#2208,#2209,#2210,#2211,#2212,
#2213,#2214,#2215,#2216,#2217,#2218,#2219,#2220,#2221,#2222,#2223,#2224,
#2225,#2226,#2227,#2228,#2229,#2230,#2231,#2232,#2233,#2234,#2235,#2236,
#2237,#2238,#2239,#2240,#2241,#2242,#2243,#2244,#2245,#2246,#2247,#2248,
#2249,#2250,#2251,#2252,#2253,#2254,#2255,#2256,#2257,#2258,#2259,#2260,
#2261,#2262,#2263,#2264,#2265,#2266,#2267,#2268,#2269,#2270,#2271,#2272,
#2273,#2274,#2275,#2276,#2277,#2278,#2279,#2280,#2281,#2282,#2283,#2284,
#2285,#2286,#2287,#2288,#2289,#2290,#2291,#2292,#2293,#2294,#2295,#2296,
#2297,#2298,#2299,#2300,#2301,#2302,#2303,#2304,#2305,#2306,#2307));
#2309=DERIVED_UNIT_ELEMENT(#2311,1.);
#2310=DERIVED_UNIT_ELEMENT(#3826,-3.);
#2311=(
MASS_UNIT()
NAMED_UNIT(*)
SI_UNIT(.KILO.,.GRAM.)
);
#2312=DERIVED_UNIT((#2309,#2310));
#2313=MEASURE_REPRESENTATION_ITEM('density measure',
POSITIVE_RATIO_MEASURE(7850.),#2312);
#2314=PROPERTY_DEFINITION_REPRESENTATION(#2319,#2316);
#2315=PROPERTY_DEFINITION_REPRESENTATION(#2320,#2317);
#2316=REPRESENTATION('material name',(#2318),#3823);
#2317=REPRESENTATION('density',(#2313),#3823);
#2318=DESCRIPTIVE_REPRESENTATION_ITEM('Stahl','Stahl');
#2319=PROPERTY_DEFINITION('material property','material name',#3833);
#2320=PROPERTY_DEFINITION('material property','density of part',#3833);
#2321=AXIS2_PLACEMENT_3D('',#3150,#2511,#2512);
#2322=AXIS2_PLACEMENT_3D('',#3151,#2513,#2514);
#2323=AXIS2_PLACEMENT_3D('',#3154,#2515,#2516);
#2324=AXIS2_PLACEMENT_3D('',#3160,#2520,#2521);
#2325=AXIS2_PLACEMENT_3D('',#3163,#2522,#2523);
#2326=AXIS2_PLACEMENT_3D('',#3169,#2527,#2528);
#2327=AXIS2_PLACEMENT_3D('',#3178,#2532,#2533);
#2328=AXIS2_PLACEMENT_3D('',#3179,#2534,#2535);
#2329=AXIS2_PLACEMENT_3D('',#3181,#2537,#2538);
#2330=AXIS2_PLACEMENT_3D('',#3190,#2542,#2543);
#2331=AXIS2_PLACEMENT_3D('',#3194,#2546,#2547);
#2332=AXIS2_PLACEMENT_3D('',#3199,#2549,#2550);
#2333=AXIS2_PLACEMENT_3D('',#3203,#2553,#2554);
#2334=AXIS2_PLACEMENT_3D('',#3205,#2555,#2556);
#2335=AXIS2_PLACEMENT_3D('',#3208,#2558,#2559);
#2336=AXIS2_PLACEMENT_3D('',#3210,#2561,#2562);
#2337=AXIS2_PLACEMENT_3D('',#3219,#2566,#2567);
#2338=AXIS2_PLACEMENT_3D('',#3223,#2570,#2571);
#2339=AXIS2_PLACEMENT_3D('',#3234,#2576,#2577);
#2340=AXIS2_PLACEMENT_3D('',#3236,#2579,#2580);
#2341=AXIS2_PLACEMENT_3D('',#3238,#2582,#2583);
#2342=AXIS2_PLACEMENT_3D('',#3239,#2584,#2585);
#2343=AXIS2_PLACEMENT_3D('',#3243,#2587,#2588);
#2344=AXIS2_PLACEMENT_3D('',#3244,#2589,#2590);
#2345=AXIS2_PLACEMENT_3D('',#3245,#2591,#2592);
#2346=AXIS2_PLACEMENT_3D('',#3254,#2596,#2597);
#2347=AXIS2_PLACEMENT_3D('',#3256,#2598,#2599);
#2348=AXIS2_PLACEMENT_3D('',#3260,#2602,#2603);
#2349=AXIS2_PLACEMENT_3D('',#3271,#2608,#2609);
#2350=AXIS2_PLACEMENT_3D('',#3273,#2611,#2612);
#2351=AXIS2_PLACEMENT_3D('',#3275,#2614,#2615);
#2352=AXIS2_PLACEMENT_3D('',#3276,#2616,#2617);
#2353=AXIS2_PLACEMENT_3D('',#3280,#2619,#2620);
#2354=AXIS2_PLACEMENT_3D('',#3281,#2621,#2622);
#2355=AXIS2_PLACEMENT_3D('',#3282,#2623,#2624);
#2356=AXIS2_PLACEMENT_3D('',#3286,#2626,#2627);
#2357=AXIS2_PLACEMENT_3D('',#3288,#2629,#2630);
#2358=AXIS2_PLACEMENT_3D('',#3300,#2637,#2638);
#2359=AXIS2_PLACEMENT_3D('',#3310,#2644,#2645);
#2360=AXIS2_PLACEMENT_3D('',#3313,#2646,#2647);
#2361=AXIS2_PLACEMENT_3D('',#3317,#2649,#2650);
#2362=AXIS2_PLACEMENT_3D('',#3319,#2652,#2653);
#2363=AXIS2_PLACEMENT_3D('',#3332,#2661,#2662);
#2364=AXIS2_PLACEMENT_3D('',#3335,#2663,#2664);
#2365=AXIS2_PLACEMENT_3D('',#3339,#2666,#2667);
#2366=AXIS2_PLACEMENT_3D('',#3341,#2669,#2670);
#2367=AXIS2_PLACEMENT_3D('',#3352,#2677,#2678);
#2368=AXIS2_PLACEMENT_3D('',#3354,#2680,#2681);
#2369=AXIS2_PLACEMENT_3D('',#3356,#2683,#2684);
#2370=AXIS2_PLACEMENT_3D('',#3360,#2687,#2688);
#2371=AXIS2_PLACEMENT_3D('',#3364,#2691,#2692);
#2372=AXIS2_PLACEMENT_3D('',#3367,#2695,#2696);
#2373=AXIS2_PLACEMENT_3D('',#3376,#2701,#2702);
#2374=AXIS2_PLACEMENT_3D('',#3390,#2710,#2711);
#2375=AXIS2_PLACEMENT_3D('',#3396,#2715,#2716);
#2376=AXIS2_PLACEMENT_3D('',#3402,#2720,#2721);
#2377=AXIS2_PLACEMENT_3D('',#3408,#2725,#2726);
#2378=AXIS2_PLACEMENT_3D('',#3414,#2730,#2731);
#2379=AXIS2_PLACEMENT_3D('',#3418,#2734,#2735);
#2380=AXIS2_PLACEMENT_3D('',#3430,#2742,#2743);
#2381=AXIS2_PLACEMENT_3D('',#3441,#2750,#2751);
#2382=AXIS2_PLACEMENT_3D('',#3450,#2757,#2758);
#2383=AXIS2_PLACEMENT_3D('',#3459,#2764,#2765);
#2384=AXIS2_PLACEMENT_3D('',#3468,#2771,#2772);
#2385=AXIS2_PLACEMENT_3D('',#3471,#2775,#2776);
#2386=AXIS2_PLACEMENT_3D('',#3474,#2779,#2780);
#2387=AXIS2_PLACEMENT_3D('',#3485,#2787,#2788);
#2388=AXIS2_PLACEMENT_3D('',#3488,#2791,#2792);
#2389=AXIS2_PLACEMENT_3D('',#3489,#2793,#2794);
#2390=AXIS2_PLACEMENT_3D('',#3490,#2795,#2796);
#2391=AXIS2_PLACEMENT_3D('',#3491,#2797,#2798);
#2392=AXIS2_PLACEMENT_3D('',#3492,#2799,#2800);
#2393=AXIS2_PLACEMENT_3D('',#3494,#2802,#2803);
#2394=AXIS2_PLACEMENT_3D('',#3497,#2804,#2805);
#2395=AXIS2_PLACEMENT_3D('',#3501,#2807,#2808);
#2396=AXIS2_PLACEMENT_3D('',#3503,#2810,#2811);
#2397=AXIS2_PLACEMENT_3D('',#3511,#2815,#2816);
#2398=AXIS2_PLACEMENT_3D('',#3518,#2820,#2821);
#2399=AXIS2_PLACEMENT_3D('',#3519,#2822,#2823);
#2400=AXIS2_PLACEMENT_3D('',#3523,#2826,#2827);
#2401=AXIS2_PLACEMENT_3D('',#3526,#2828,#2829);
#2402=AXIS2_PLACEMENT_3D('',#3530,#2831,#2832);
#2403=AXIS2_PLACEMENT_3D('',#3532,#2834,#2835);
#2404=AXIS2_PLACEMENT_3D('',#3534,#2836,#2837);
#2405=AXIS2_PLACEMENT_3D('',#3536,#2839,#2840);
#2406=AXIS2_PLACEMENT_3D('',#3538,#2841,#2842);
#2407=AXIS2_PLACEMENT_3D('',#3539,#2843,#2844);
#2408=AXIS2_PLACEMENT_3D('',#3541,#2845,#2846);
#2409=AXIS2_PLACEMENT_3D('',#3543,#2848,#2849);
#2410=AXIS2_PLACEMENT_3D('',#3551,#2854,#2855);
#2411=AXIS2_PLACEMENT_3D('',#3553,#2857,#2858);
#2412=AXIS2_PLACEMENT_3D('',#3559,#2862,#2863);
#2413=AXIS2_PLACEMENT_3D('',#3560,#2864,#2865);
#2414=AXIS2_PLACEMENT_3D('',#3562,#2866,#2867);
#2415=AXIS2_PLACEMENT_3D('',#3565,#2869,#2870);
#2416=AXIS2_PLACEMENT_3D('',#3566,#2871,#2872);
#2417=AXIS2_PLACEMENT_3D('',#3572,#2876,#2877);
#2418=AXIS2_PLACEMENT_3D('',#3578,#2881,#2882);
#2419=AXIS2_PLACEMENT_3D('',#3580,#2883,#2884);
#2420=AXIS2_PLACEMENT_3D('',#3582,#2886,#2887);
#2421=AXIS2_PLACEMENT_3D('',#3585,#2889,#2890);
#2422=AXIS2_PLACEMENT_3D('',#3594,#2896,#2897);
#2423=AXIS2_PLACEMENT_3D('',#3595,#2898,#2899);
#2424=AXIS2_PLACEMENT_3D('',#3598,#2900,#2901);
#2425=AXIS2_PLACEMENT_3D('',#3602,#2903,#2904);
#2426=AXIS2_PLACEMENT_3D('',#3604,#2906,#2907);
#2427=AXIS2_PLACEMENT_3D('',#3609,#2911,#2912);
#2428=AXIS2_PLACEMENT_3D('',#3611,#2914,#2915);
#2429=AXIS2_PLACEMENT_3D('',#3613,#2917,#2918);
#2430=AXIS2_PLACEMENT_3D('',#3620,#2923,#2924);
#2431=AXIS2_PLACEMENT_3D('',#3624,#2927,#2928);
#2432=AXIS2_PLACEMENT_3D('',#3626,#2930,#2931);
#2433=AXIS2_PLACEMENT_3D('',#3627,#2932,#2933);
#2434=AXIS2_PLACEMENT_3D('',#3628,#2934,#2935);
#2435=AXIS2_PLACEMENT_3D('',#3629,#2936,#2937);
#2436=AXIS2_PLACEMENT_3D('',#3633,#2940,#2941);
#2437=AXIS2_PLACEMENT_3D('',#3634,#2942,#2943);
#2438=AXIS2_PLACEMENT_3D('',#3635,#2944,#2945);
#2439=AXIS2_PLACEMENT_3D('',#3636,#2946,#2947);
#2440=AXIS2_PLACEMENT_3D('',#3637,#2948,#2949);
#2441=AXIS2_PLACEMENT_3D('',#3639,#2951,#2952);
#2442=AXIS2_PLACEMENT_3D('',#3640,#2953,#2954);
#2443=AXIS2_PLACEMENT_3D('',#3642,#2955,#2956);
#2444=AXIS2_PLACEMENT_3D('',#3644,#2957,#2958);
#2445=AXIS2_PLACEMENT_3D('',#3645,#2959,#2960);
#2446=AXIS2_PLACEMENT_3D('',#3647,#2961,#2962);
#2447=AXIS2_PLACEMENT_3D('',#3649,#2964,#2965);
#2448=AXIS2_PLACEMENT_3D('',#3650,#2966,#2967);
#2449=AXIS2_PLACEMENT_3D('',#3651,#2968,#2969);
#2450=AXIS2_PLACEMENT_3D('',#3654,#2971,#2972);
#2451=AXIS2_PLACEMENT_3D('',#3655,#2973,#2974);
#2452=AXIS2_PLACEMENT_3D('',#3661,#2977,#2978);
#2453=AXIS2_PLACEMENT_3D('',#3667,#2981,#2982);
#2454=AXIS2_PLACEMENT_3D('',#3670,#2984,#2985);
#2455=AXIS2_PLACEMENT_3D('',#3671,#2986,#2987);
#2456=AXIS2_PLACEMENT_3D('',#3675,#2989,#2990);
#2457=AXIS2_PLACEMENT_3D('',#3679,#2992,#2993);
#2458=AXIS2_PLACEMENT_3D('',#3689,#2999,#3000);
#2459=AXIS2_PLACEMENT_3D('',#3693,#3003,#3004);
#2460=AXIS2_PLACEMENT_3D('',#3699,#3007,#3008);
#2461=AXIS2_PLACEMENT_3D('',#3701,#3009,#3010);
#2462=AXIS2_PLACEMENT_3D('',#3704,#3012,#3013);
#2463=AXIS2_PLACEMENT_3D('',#3706,#3014,#3015);
#2464=AXIS2_PLACEMENT_3D('',#3707,#3016,#3017);
#2465=AXIS2_PLACEMENT_3D('',#3711,#3019,#3020);
#2466=AXIS2_PLACEMENT_3D('',#3713,#3022,#3023);
#2467=AXIS2_PLACEMENT_3D('',#3718,#3026,#3027);
#2468=AXIS2_PLACEMENT_3D('',#3725,#3031,#3032);
#2469=AXIS2_PLACEMENT_3D('',#3726,#3033,#3034);
#2470=AXIS2_PLACEMENT_3D('',#3727,#3035,#3036);
#2471=AXIS2_PLACEMENT_3D('',#3729,#3038,#3039);
#2472=AXIS2_PLACEMENT_3D('',#3732,#3041,#3042);
#2473=AXIS2_PLACEMENT_3D('',#3733,#3043,#3044);
#2474=AXIS2_PLACEMENT_3D('',#3735,#3045,#3046);
#2475=AXIS2_PLACEMENT_3D('',#3736,#3047,#3048);
#2476=AXIS2_PLACEMENT_3D('',#3738,#3050,#3051);
#2477=AXIS2_PLACEMENT_3D('',#3743,#3055,#3056);
#2478=AXIS2_PLACEMENT_3D('',#3744,#3057,#3058);
#2479=AXIS2_PLACEMENT_3D('',#3748,#3061,#3062);
#2480=AXIS2_PLACEMENT_3D('',#3750,#3063,#3064);
#2481=AXIS2_PLACEMENT_3D('',#3753,#3066,#3067);
#2482=AXIS2_PLACEMENT_3D('',#3754,#3068,#3069);
#2483=AXIS2_PLACEMENT_3D('',#3756,#3071,#3072);
#2484=AXIS2_PLACEMENT_3D('',#3760,#3075,#3076);
#2485=AXIS2_PLACEMENT_3D('',#3764,#3078,#3079);
#2486=AXIS2_PLACEMENT_3D('',#3766,#3081,#3082);
#2487=AXIS2_PLACEMENT_3D('',#3767,#3083,#3084);
#2488=AXIS2_PLACEMENT_3D('',#3775,#3089,#3090);
#2489=AXIS2_PLACEMENT_3D('',#3777,#3092,#3093);
#2490=AXIS2_PLACEMENT_3D('',#3779,#3094,#3095);
#2491=AXIS2_PLACEMENT_3D('',#3782,#3097,#3098);
#2492=AXIS2_PLACEMENT_3D('',#3783,#3099,#3100);
#2493=AXIS2_PLACEMENT_3D('',#3789,#3104,#3105);
#2494=AXIS2_PLACEMENT_3D('',#3790,#3106,#3107);
#2495=AXIS2_PLACEMENT_3D('',#3791,#3108,#3109);
#2496=AXIS2_PLACEMENT_3D('',#3795,#3112,#3113);
#2497=AXIS2_PLACEMENT_3D('',#3799,#3117,#3118);
#2498=AXIS2_PLACEMENT_3D('',#3800,#3119,#3120);
#2499=AXIS2_PLACEMENT_3D('',#3801,#3121,#3122);
#2500=AXIS2_PLACEMENT_3D('',#3803,#3124,#3125);
#2501=AXIS2_PLACEMENT_3D('',#3807,#3128,#3129);
#2502=AXIS2_PLACEMENT_3D('',#3808,#3130,#3131);
#2503=AXIS2_PLACEMENT_3D('',#3809,#3132,#3133);
#2504=AXIS2_PLACEMENT_3D('',#3810,#3134,#3135);
#2505=AXIS2_PLACEMENT_3D('',#3811,#3136,#3137);
#2506=AXIS2_PLACEMENT_3D('',#3812,#3138,#3139);
#2507=AXIS2_PLACEMENT_3D('',#3814,#3140,#3141);
#2508=AXIS2_PLACEMENT_3D('',#3816,#3142,#3143);
#2509=AXIS2_PLACEMENT_3D('',#3817,#3144,#3145);
#2510=AXIS2_PLACEMENT_3D('',#3819,#3147,#3148);
#2511=DIRECTION('axis',(0.,0.,1.));
#2512=DIRECTION('refdir',(1.,0.,0.));
#2513=DIRECTION('center_axis',(-0.0663723311599979,-0.995584967399958,-0.0663723311599971));
#2514=DIRECTION('ref_axis',(-0.703984881695902,0.0938646508927869,-0.703984881695894));
#2515=DIRECTION('center_axis',(-0.0663723311599979,-0.995584967399958,-0.0663723311599971));
#2516=DIRECTION('ref_axis',(0.703984881695903,-0.0938646508927868,0.703984881695893));
#2517=DIRECTION('',(-0.703984881695902,0.0938646508927868,-0.703984881695894));
#2518=DIRECTION('',(0.707106781186543,0.,-0.707106781186552));
#2519=DIRECTION('',(0.703984881695902,-0.0938646508927868,0.703984881695894));
#2520=DIRECTION('center_axis',(-0.0663723311599984,0.995584967399958,-0.0663723311599975));
#2521=DIRECTION('ref_axis',(0.703984881695902,0.0938646508927875,0.703984881695894));
#2522=DIRECTION('center_axis',(-0.0663723311599984,0.995584967399958,-0.0663723311599975));
#2523=DIRECTION('ref_axis',(0.703984881695903,0.0938646508927875,0.703984881695894));
#2524=DIRECTION('',(-0.703984881695902,-0.0938646508927875,-0.703984881695894));
#2525=DIRECTION('',(0.707106781186543,0.,-0.707106781186552));
#2526=DIRECTION('',(0.703984881695902,0.0938646508927875,0.703984881695894));
#2527=DIRECTION('center_axis',(0.132163720091018,0.991227900682635,-6.28848021707839E-16));
#2528=DIRECTION('ref_axis',(-7.39557098644699E-32,6.3441315692866E-16,1.));
#2529=DIRECTION('',(-0.991227900682635,0.132163720091018,0.));
#2530=DIRECTION('',(0.,-6.34413156928661E-16,-1.));
#2531=DIRECTION('',(-0.703984181796678,0.0938645575728902,-0.703985594037057));
#2532=DIRECTION('center_axis',(-0.132163720091018,-0.991227900682635,6.28848021707839E-16));
#2533=DIRECTION('ref_axis',(0.991227900682635,-0.132163720091018,-2.26974832835173E-15));
#2534=DIRECTION('center_axis',(-0.132163720091018,-0.991227900682635,6.28848021707839E-16));
#2535=DIRECTION('ref_axis',(-0.991227900682635,0.132163720091018,4.72520333811406E-15));
#2536=DIRECTION('',(0.,6.34413156928661E-16,1.));
#2537=DIRECTION('center_axis',(0.0849583158190108,0.996384506389575,-6.86018113559496E-16));
#2538=DIRECTION('ref_axis',(-6.16297582203915E-32,6.8850740769274E-16,1.));
#2539=DIRECTION('',(-0.996384506389575,0.0849583158190108,0.));
#2540=DIRECTION('',(6.3441315692866E-16,6.34413156928661E-16,1.));
#2541=DIRECTION('',(0.996384506389575,-0.0849583158190108,0.));
#2542=DIRECTION('center_axis',(-0.0849583158190108,-0.996384506389575,6.86018113559496E-16));
#2543=DIRECTION('ref_axis',(-0.996384506389575,0.0849583158190108,7.68815269159567E-15));
#2544=DIRECTION('',(0.705825038708403,-0.0601832988841234,0.705825038708394));
#2545=DIRECTION('',(6.3441315692866E-16,6.34413156928661E-16,1.));
#2546=DIRECTION('center_axis',(-0.101215457103592,0.989702411074472,-0.101215457103591));
#2547=DIRECTION('ref_axis',(0.699825286227439,0.143140272157691,0.699825286227431));
#2548=DIRECTION('',(0.699825286227439,0.143140272157691,0.699825286227431));
#2549=DIRECTION('center_axis',(-0.101215457103592,0.989702411074472,-0.101215457103591));
#2550=DIRECTION('ref_axis',(0.699825286227438,0.143140272157691,0.699825286227432));
#2551=DIRECTION('',(-0.699825286227439,-0.143140272157691,-0.699825286227431));
#2552=DIRECTION('',(0.707106781186543,0.,-0.707106781186552));
#2553=DIRECTION('center_axis',(0.,1.,0.));
#2554=DIRECTION('ref_axis',(-0.382683432365088,0.,0.923879532511288));
#2555=DIRECTION('center_axis',(-0.200388430290287,0.979716528903027,-4.94415999324119E-16));
#2556=DIRECTION('ref_axis',(-0.979716528903027,-0.200388430290287,-2.17540769598796E-15));
#2557=DIRECTION('',(0.,-1.,0.));
#2558=DIRECTION('center_axis',(-0.0425560187551407,-0.998187342403932,-0.0425560187551401));
#2559=DIRECTION('ref_axis',(0.7058250387084,-0.0601832988841233,0.705825038708397));
#2560=DIRECTION('',(0.,1.,0.));
#2561=DIRECTION('center_axis',(-0.200388430290287,-0.979716528903027,-4.94415999324119E-16));
#2562=DIRECTION('ref_axis',(-7.39557098644699E-32,5.04652095517577E-16,
-1.));
#2563=DIRECTION('',(0.979716528903027,-0.200388430290287,0.));
#2564=DIRECTION('',(6.3441315692866E-16,-6.34413156928661E-16,1.));
#2565=DIRECTION('',(-0.979716528903027,0.200388430290287,0.));
#2566=DIRECTION('center_axis',(0.200388430290287,0.979716528903027,4.94415999324119E-16));
#2567=DIRECTION('ref_axis',(-0.979716528903027,0.200388430290287,-2.17540769598796E-15));
#2568=DIRECTION('',(-0.699825286227439,0.143140272157691,-0.699825286227431));
#2569=DIRECTION('',(-6.3441315692866E-16,6.34413156928661E-16,-1.));
#2570=DIRECTION('center_axis',(0.707106781186543,0.,-0.707106781186552));
#2571=DIRECTION('ref_axis',(0.707106781186552,0.,0.707106781186543));
#2572=DIRECTION('',(-0.699825286227439,0.143140272157691,-0.699825286227431));
#2573=DIRECTION('',(0.,-1.,0.));
#2574=DIRECTION('',(0.705825038708403,0.0601832988841234,0.705825038708394));
#2575=DIRECTION('',(0.707106781186552,-4.48597845338219E-16,0.707106781186543));
#2576=DIRECTION('center_axis',(-0.707106781186543,0.,0.707106781186552));
#2577=DIRECTION('ref_axis',(-0.707106781186552,0.,-0.707106781186543));
#2578=DIRECTION('',(-0.707106781186552,4.48597845338219E-16,-0.707106781186543));
#2579=DIRECTION('center_axis',(-0.101215457103592,-0.989702411074472,-0.101215457103591));
#2580=DIRECTION('ref_axis',(-0.699825286227439,0.143140272157691,-0.699825286227431));
#2581=DIRECTION('',(0.707106781186543,0.,-0.707106781186552));
#2582=DIRECTION('center_axis',(-0.101215457103592,-0.989702411074472,-0.101215457103591));
#2583=DIRECTION('ref_axis',(0.699825286227438,-0.143140272157691,0.699825286227432));
#2584=DIRECTION('center_axis',(0.,1.,0.));
#2585=DIRECTION('ref_axis',(-0.382683432365088,0.,0.923879532511288));
#2586=DIRECTION('',(0.,-1.,0.));
#2587=DIRECTION('center_axis',(0.0849583158190108,-0.996384506389575,-6.86018113559496E-16));
#2588=DIRECTION('ref_axis',(-0.996384506389575,-0.0849583158190108,7.68815269159567E-15));
#2589=DIRECTION('center_axis',(-0.0425560187551407,0.998187342403932,-0.0425560187551401));
#2590=DIRECTION('ref_axis',(0.7058250387084,0.0601832988841233,0.705825038708397));
#2591=DIRECTION('center_axis',(-0.132163720091018,-0.991227900682635,-6.28848021707839E-16));
#2592=DIRECTION('ref_axis',(-7.39557098644699E-32,6.3441315692866E-16,-1.));
#2593=DIRECTION('',(0.991227900682635,-0.132163720091018,0.));
#2594=DIRECTION('',(0.,-6.34413156928661E-16,1.));
#2595=DIRECTION('',(0.703984181796678,-0.0938645575728909,0.703985594037057));
#2596=DIRECTION('center_axis',(0.132163720091018,0.991227900682635,6.28848021707839E-16));
#2597=DIRECTION('ref_axis',(0.991227900682635,-0.132163720091018,4.81461766620064E-16));
#2598=DIRECTION('center_axis',(0.132163720091018,0.991227900682635,6.28848021707839E-16));
#2599=DIRECTION('ref_axis',(-0.991227900682635,0.132163720091018,-4.73552037597021E-15));
#2600=DIRECTION('',(-0.703984881695902,0.0938646508927875,-0.703984881695894));
#2601=DIRECTION('',(0.,6.34413156928661E-16,-1.));
#2602=DIRECTION('center_axis',(0.707106781186543,0.,-0.707106781186552));
#2603=DIRECTION('ref_axis',(0.707106781186552,0.,0.707106781186543));
#2604=DIRECTION('',(-0.703984881695902,0.0938646508927875,-0.703984881695894));
#2605=DIRECTION('',(0.,-1.,0.));
#2606=DIRECTION('',(0.703984881695902,0.0938646508927868,0.703984881695894));
#2607=DIRECTION('',(0.707106781186552,-4.48597845338219E-16,0.707106781186543));
#2608=DIRECTION('center_axis',(0.707106781186543,0.,-0.707106781186552));
#2609=DIRECTION('ref_axis',(-0.707106781186552,0.,-0.707106781186543));
#2610=DIRECTION('',(-0.707106781186552,4.48597845338219E-16,-0.707106781186543));
#2611=DIRECTION('center_axis',(-0.0663723311599984,-0.995584967399958,-0.0663723311599975));
#2612=DIRECTION('ref_axis',(-0.703984881695902,0.0938646508927875,-0.703984881695894));
#2613=DIRECTION('',(0.707106781186543,0.,-0.707106781186552));
#2614=DIRECTION('center_axis',(-0.0663723311599984,-0.995584967399958,-0.0663723311599975));
#2615=DIRECTION('ref_axis',(0.703984881695903,-0.0938646508927875,0.703984881695894));
#2616=DIRECTION('center_axis',(0.,-1.,0.));
#2617=DIRECTION('ref_axis',(-0.0298755652411202,0.,0.999553625675743));
#2618=DIRECTION('',(0.,1.,0.));
#2619=DIRECTION('center_axis',(0.132163720091018,-0.991227900682635,-6.28848021707839E-16));
#2620=DIRECTION('ref_axis',(-0.991227900682635,-0.132163720091018,4.72520333811406E-15));
#2621=DIRECTION('center_axis',(-0.0663723311599979,0.995584967399958,-0.0663723311599971));
#2622=DIRECTION('ref_axis',(0.703984881695903,0.0938646508927868,0.703984881695893));
#2623=DIRECTION('center_axis',(-1.,0.,0.));
#2624=DIRECTION('ref_axis',(0.,1.,0.));
#2625=DIRECTION('',(1.,0.,0.));
#2626=DIRECTION('center_axis',(-1.,0.,0.));
#2627=DIRECTION('ref_axis',(0.,1.,0.));
#2628=DIRECTION('',(1.,0.,-2.96059473233375E-15));
#2629=DIRECTION('center_axis',(0.,-1.,-6.34413156928661E-16));
#2630=DIRECTION('ref_axis',(0.,6.34413156928661E-16,-1.));
#2631=DIRECTION('',(1.,0.,-2.96059473233375E-15));
#2632=DIRECTION('',(0.,0.,1.));
#2633=DIRECTION('',(-0.655823803414632,4.78927370369114E-16,-0.754913994356156));
#2634=DIRECTION('',(0.990181134059173,-8.86847914150132E-17,0.139790277749529));
#2635=DIRECTION('',(-0.65582380341463,4.78927370369115E-16,-0.754913994356158));
#2636=DIRECTION('',(1.,0.,0.));
#2637=DIRECTION('center_axis',(0.,-1.,-6.34413156928661E-16));
#2638=DIRECTION('ref_axis',(0.,6.34413156928661E-16,-1.));
#2639=DIRECTION('',(0.,-6.34413156928661E-16,1.));
#2640=DIRECTION('',(-0.655823803414632,4.78927370369114E-16,-0.754913994356156));
#2641=DIRECTION('',(0.990181134059173,-8.86847914150132E-17,0.139790277749529));
#2642=DIRECTION('',(-0.655823803414634,4.78927370369113E-16,-0.754913994356154));
#2643=DIRECTION('',(1.,0.,0.));
#2644=DIRECTION('center_axis',(1.,0.,0.));
#2645=DIRECTION('ref_axis',(0.,-1.,0.));
#2646=DIRECTION('center_axis',(-0.707106781186543,0.,0.707106781186552));
#2647=DIRECTION('ref_axis',(-0.707106781186552,0.,-0.707106781186543));
#2648=DIRECTION('',(1.,0.,-2.96059473233375E-15));
#2649=DIRECTION('center_axis',(1.,0.,0.));
#2650=DIRECTION('ref_axis',(0.,-1.,0.));
#2651=DIRECTION('',(1.,0.,0.));
#2652=DIRECTION('center_axis',(0.,1.,-6.34413156928661E-16));
#2653=DIRECTION('ref_axis',(0.,6.34413156928661E-16,1.));
#2654=DIRECTION('',(0.,-6.34413156928661E-16,-1.));
#2655=DIRECTION('',(0.655823803414632,4.78927370369114E-16,0.754913994356156));
#2656=DIRECTION('',(0.990181134059173,8.86847914150132E-17,0.139790277749529));
#2657=DIRECTION('',(-0.655823803414634,-4.78927370369113E-16,-0.754913994356154));
#2658=DIRECTION('',(-1.,0.,0.));
#2659=DIRECTION('',(0.707106781186543,0.,-0.707106781186552));
#2660=DIRECTION('',(-0.707106781186552,-4.48597845338219E-16,-0.707106781186543));
#2661=DIRECTION('center_axis',(1.,0.,0.));
#2662=DIRECTION('ref_axis',(0.,-1.,0.));
#2663=DIRECTION('center_axis',(-0.707106781186543,0.,0.707106781186552));
#2664=DIRECTION('ref_axis',(-0.707106781186552,0.,-0.707106781186543));
#2665=DIRECTION('',(1.,0.,-2.96059473233375E-15));
#2666=DIRECTION('center_axis',(1.,0.,0.));
#2667=DIRECTION('ref_axis',(0.,-1.,0.));
#2668=DIRECTION('',(1.,0.,0.));
#2669=DIRECTION('center_axis',(0.,1.,-6.34413156928661E-16));
#2670=DIRECTION('ref_axis',(0.,6.34413156928661E-16,1.));
#2671=DIRECTION('',(0.,-6.34413156928661E-16,-1.));
#2672=DIRECTION('',(0.655823803414632,4.78927370369114E-16,0.754913994356156));
#2673=DIRECTION('',(0.990181134059173,8.86847914150132E-17,0.139790277749529));
#2674=DIRECTION('',(-0.655823803414634,-4.78927370369113E-16,-0.754913994356154));
#2675=DIRECTION('',(-1.,0.,0.));
#2676=DIRECTION('',(-0.707106781186552,-4.48597845338219E-16,-0.707106781186543));
#2677=DIRECTION('center_axis',(-0.0425560187551407,-0.998187342403932,-0.0425560187551401));
#2678=DIRECTION('ref_axis',(-0.705825038708403,0.0601832988841233,-0.705825038708394));
#2679=DIRECTION('',(-0.705825038708403,0.0601832988841234,-0.705825038708394));
#2680=DIRECTION('center_axis',(-0.707106781186543,0.,0.707106781186552));
#2681=DIRECTION('ref_axis',(0.707106781186552,0.,0.707106781186543));
#2682=DIRECTION('',(0.707106781186552,4.48597845338219E-16,0.707106781186543));
#2683=DIRECTION('center_axis',(-0.0663723311599979,0.995584967399958,-0.0663723311599971));
#2684=DIRECTION('ref_axis',(0.703984881695902,0.0938646508927869,0.703984881695894));
#2685=DIRECTION('',(0.703984881695902,0.0938646508927868,0.703984881695894));
#2686=DIRECTION('',(0.707106781186543,0.,-0.707106781186552));
#2687=DIRECTION('center_axis',(-0.0425560187551407,0.998187342403932,-0.0425560187551401));
#2688=DIRECTION('ref_axis',(0.705825038708403,0.0601832988841233,0.705825038708394));
#2689=DIRECTION('',(0.705825038708403,0.0601832988841234,0.705825038708394));
#2690=DIRECTION('',(0.707106781186543,0.,-0.707106781186552));
#2691=DIRECTION('center_axis',(-0.707106781186543,0.,0.707106781186552));
#2692=DIRECTION('ref_axis',(0.707106781186552,0.,0.707106781186543));
#2693=DIRECTION('',(0.,1.,0.));
#2694=DIRECTION('',(0.707106781186552,4.48597845338219E-16,0.707106781186543));
#2695=DIRECTION('center_axis',(-0.754913994356158,0.,0.65582380341463));
#2696=DIRECTION('ref_axis',(0.65582380341463,0.,0.754913994356158));
#2697=DIRECTION('',(-0.65582380341463,0.,-0.754913994356158));
#2698=DIRECTION('',(0.,-1.,0.));
#2699=DIRECTION('',(0.65582380341463,-4.78927370369115E-16,0.754913994356158));
#2700=DIRECTION('',(0.,1.,0.));
#2701=DIRECTION('center_axis',(0.,1.,0.));
#2702=DIRECTION('ref_axis',(-1.,0.,0.));
#2703=DIRECTION('',(-1.,0.,0.));
#2704=DIRECTION('',(0.,0.,-1.));
#2705=DIRECTION('',(-0.70710607193464,0.,-0.707107490437744));
#2706=DIRECTION('',(-1.,0.,0.));
#2707=DIRECTION('',(0.,0.,1.));
#2708=DIRECTION('',(0.655823803414632,0.,0.754913994356156));
#2709=DIRECTION('',(0.990181134059173,0.,0.139790277749529));
#2710=DIRECTION('center_axis',(-0.754913994356158,0.,0.65582380341463));
#2711=DIRECTION('ref_axis',(0.65582380341463,0.,0.754913994356158));
#2712=DIRECTION('',(0.,-1.,0.));
#2713=DIRECTION('',(0.65582380341463,-4.78927370369115E-16,0.754913994356158));
#2714=DIRECTION('',(0.,1.,0.));
#2715=DIRECTION('center_axis',(-0.754913994356154,0.,0.655823803414634));
#2716=DIRECTION('ref_axis',(0.655823803414634,0.,0.754913994356155));
#2717=DIRECTION('',(0.655823803414634,4.78927370369113E-16,0.754913994356154));
#2718=DIRECTION('',(0.,1.,0.));
#2719=DIRECTION('',(0.,-1.,0.));
#2720=DIRECTION('center_axis',(-0.754913994356154,0.,0.655823803414634));
#2721=DIRECTION('ref_axis',(0.655823803414634,0.,0.754913994356155));
#2722=DIRECTION('',(0.655823803414634,4.78927370369113E-16,0.754913994356154));
#2723=DIRECTION('',(0.,1.,0.));
#2724=DIRECTION('',(0.,-1.,0.));
#2725=DIRECTION('center_axis',(-0.754913994356154,0.,0.655823803414634));
#2726=DIRECTION('ref_axis',(0.655823803414634,0.,0.754913994356155));
#2727=DIRECTION('',(0.655823803414634,0.,0.754913994356154));
#2728=DIRECTION('',(0.,1.,0.));
#2729=DIRECTION('',(0.,-1.,0.));
#2730=DIRECTION('center_axis',(0.,0.,-1.));
#2731=DIRECTION('ref_axis',(-1.,0.,0.));
#2732=DIRECTION('',(-1.,0.,0.));
#2733=DIRECTION('',(0.,1.,0.));
#2734=DIRECTION('center_axis',(0.,1.,0.));
#2735=DIRECTION('ref_axis',(-1.,0.,0.));
#2736=DIRECTION('',(-0.990181134059173,0.,-0.139790277749529));
#2737=DIRECTION('',(0.655823803414632,0.,0.754913994356156));
#2738=DIRECTION('',(0.,0.,1.));
#2739=DIRECTION('',(-1.,0.,0.));
#2740=DIRECTION('',(-0.70710607193464,0.,-0.707107490437744));
#2741=DIRECTION('',(0.,0.,-1.));
#2742=DIRECTION('center_axis',(0.,1.,6.34413156928661E-16));
#2743=DIRECTION('ref_axis',(0.,-6.34413156928661E-16,1.));
#2744=DIRECTION('',(1.,0.,0.));
#2745=DIRECTION('',(0.,-6.34413156928661E-16,1.));
#2746=DIRECTION('',(-1.,0.,0.));
#2747=DIRECTION('',(-0.990181134059173,8.86847914150132E-17,-0.139790277749529));
#2748=DIRECTION('',(0.655823803414632,-4.78927370369114E-16,0.754913994356156));
#2749=DIRECTION('',(0.,6.34413156928661E-16,-1.));
#2750=DIRECTION('center_axis',(0.,1.,6.34413156928661E-16));
#2751=DIRECTION('ref_axis',(0.,-6.34413156928661E-16,1.));
#2752=DIRECTION('',(6.3441315692866E-16,-6.34413156928661E-16,1.));
#2753=DIRECTION('',(-1.,0.,0.));
#2754=DIRECTION('',(-0.990181134059173,8.86847914150132E-17,-0.139790277749529));
#2755=DIRECTION('',(0.655823803414632,-4.78927370369114E-16,0.754913994356156));
#2756=DIRECTION('',(0.,6.34413156928661E-16,-1.));
#2757=DIRECTION('center_axis',(0.,-1.,6.34413156928661E-16));
#2758=DIRECTION('ref_axis',(0.,-6.34413156928661E-16,-1.));
#2759=DIRECTION('',(-6.3441315692866E-16,-6.34413156928661E-16,-1.));
#2760=DIRECTION('',(1.,0.,0.));
#2761=DIRECTION('',(-0.990181134059173,-8.86847914150132E-17,-0.139790277749529));
#2762=DIRECTION('',(-0.655823803414632,-4.78927370369114E-16,-0.754913994356156));
#2763=DIRECTION('',(0.,6.34413156928661E-16,1.));
#2764=DIRECTION('center_axis',(0.,-1.,6.34413156928661E-16));
#2765=DIRECTION('ref_axis',(0.,-6.34413156928661E-16,-1.));
#2766=DIRECTION('',(0.,-6.34413156928661E-16,-1.));
#2767=DIRECTION('',(1.,0.,0.));
#2768=DIRECTION('',(-0.990181134059173,-8.86847914150132E-17,-0.139790277749529));
#2769=DIRECTION('',(-0.655823803414632,-4.78927370369114E-16,-0.754913994356156));
#2770=DIRECTION('',(0.,0.,1.));
#2771=DIRECTION('center_axis',(0.754913994356156,0.,-0.655823803414632));
#2772=DIRECTION('ref_axis',(-0.655823803414632,0.,-0.754913994356156));
#2773=DIRECTION('',(0.,1.,0.));
#2774=DIRECTION('',(0.,-1.,0.));
#2775=DIRECTION('center_axis',(0.754913994356156,0.,-0.655823803414632));
#2776=DIRECTION('ref_axis',(-0.655823803414632,0.,-0.754913994356156));
#2777=DIRECTION('',(0.,1.,0.));
#2778=DIRECTION('',(0.,-1.,0.));
#2779=DIRECTION('center_axis',(0.754913994356156,0.,-0.655823803414632));
#2780=DIRECTION('ref_axis',(-0.655823803414632,0.,-0.754913994356156));
#2781=DIRECTION('',(0.,1.,0.));
#2782=DIRECTION('',(0.,1.,0.));
#2783=DIRECTION('',(-0.655823803414632,0.,-0.754913994356156));
#2784=DIRECTION('',(0.,1.,0.));
#2785=DIRECTION('',(-0.655823803414632,0.,-0.754913994356156));
#2786=DIRECTION('',(0.,-1.,0.));
#2787=DIRECTION('center_axis',(0.754913994356156,0.,-0.655823803414632));
#2788=DIRECTION('ref_axis',(-0.655823803414632,0.,-0.754913994356156));
#2789=DIRECTION('',(0.,1.,0.));
#2790=DIRECTION('',(0.,1.,0.));
#2791=DIRECTION('center_axis',(0.139790277749529,0.,-0.990181134059173));
#2792=DIRECTION('ref_axis',(-0.990181134059173,0.,-0.139790277749529));
#2793=DIRECTION('center_axis',(0.139790277749529,0.,-0.990181134059173));
#2794=DIRECTION('ref_axis',(-0.990181134059173,0.,-0.139790277749529));
#2795=DIRECTION('center_axis',(0.139790277749529,0.,-0.990181134059173));
#2796=DIRECTION('ref_axis',(-0.990181134059173,0.,-0.139790277749529));
#2797=DIRECTION('center_axis',(0.139790277749529,0.,-0.990181134059173));
#2798=DIRECTION('ref_axis',(-0.990181134059173,0.,-0.139790277749529));
#2799=DIRECTION('center_axis',(0.139790277749529,0.,-0.990181134059173));
#2800=DIRECTION('ref_axis',(-0.990181134059173,0.,-0.139790277749529));
#2801=DIRECTION('',(0.,1.,0.));
#2802=DIRECTION('center_axis',(1.,0.,0.));
#2803=DIRECTION('ref_axis',(0.,-0.707106781186546,-0.707106781186549));
#2804=DIRECTION('center_axis',(-1.,0.,0.));
#2805=DIRECTION('ref_axis',(0.,-0.707106781186546,-0.707106781186549));
#2806=DIRECTION('',(-1.,0.,0.));
#2807=DIRECTION('center_axis',(1.,0.,0.));
#2808=DIRECTION('ref_axis',(0.,-0.707106781186546,-0.707106781186549));
#2809=DIRECTION('',(1.,0.,0.));
#2810=DIRECTION('center_axis',(-1.,0.,0.));
#2811=DIRECTION('ref_axis',(0.,1.,0.));
#2812=DIRECTION('',(0.,-1.,0.));
#2813=DIRECTION('',(0.,0.,-1.));
#2814=DIRECTION('',(0.,-1.,0.));
#2815=DIRECTION('center_axis',(-1.,0.,0.));
#2816=DIRECTION('ref_axis',(0.,7.40148683083438E-16,-1.));
#2817=DIRECTION('',(0.,0.,1.));
#2818=DIRECTION('',(0.,-1.,0.));
#2819=DIRECTION('',(0.,0.,-1.));
#2820=DIRECTION('center_axis',(1.,0.,0.));
#2821=DIRECTION('ref_axis',(0.,-1.,0.));
#2822=DIRECTION('center_axis',(0.,1.,0.));
#2823=DIRECTION('ref_axis',(0.,0.,1.));
#2824=DIRECTION('',(-1.,0.,0.));
#2825=DIRECTION('',(0.,0.,1.));
#2826=DIRECTION('center_axis',(0.,0.,-1.));
#2827=DIRECTION('ref_axis',(-0.707106781186548,0.707106781186548,0.));
#2828=DIRECTION('center_axis',(0.,0.,1.));
#2829=DIRECTION('ref_axis',(-0.707106781186548,0.707106781186548,0.));
#2830=DIRECTION('',(0.,0.,-1.));
#2831=DIRECTION('center_axis',(0.,0.,-1.));
#2832=DIRECTION('ref_axis',(-0.707106781186548,0.707106781186548,0.));
#2833=DIRECTION('',(0.,0.,1.));
#2834=DIRECTION('center_axis',(1.,0.,0.));
#2835=DIRECTION('ref_axis',(0.,-1.,0.));
#2836=DIRECTION('center_axis',(1.,0.,0.));
#2837=DIRECTION('ref_axis',(0.,-1.,0.));
#2838=DIRECTION('',(1.,0.,0.));
#2839=DIRECTION('center_axis',(1.,0.,0.));
#2840=DIRECTION('ref_axis',(0.,-1.,0.));
#2841=DIRECTION('center_axis',(-1.,0.,0.));
#2842=DIRECTION('ref_axis',(0.,-1.,0.));
#2843=DIRECTION('center_axis',(1.,0.,0.));
#2844=DIRECTION('ref_axis',(0.,-1.,0.));
#2845=DIRECTION('center_axis',(-1.,0.,0.));
#2846=DIRECTION('ref_axis',(0.,-1.,0.));
#2847=DIRECTION('',(1.,0.,0.));
#2848=DIRECTION('center_axis',(0.,-1.,0.));
#2849=DIRECTION('ref_axis',(-1.,0.,0.));
#2850=DIRECTION('',(1.,0.,0.));
#2851=DIRECTION('',(0.70710607193464,0.,0.707107490437744));
#2852=DIRECTION('',(-1.,0.,0.));
#2853=DIRECTION('',(0.,0.,-1.));
#2854=DIRECTION('center_axis',(0.,0.,1.));
#2855=DIRECTION('ref_axis',(-1.,0.,0.));
#2856=DIRECTION('',(0.,-1.,0.));
#2857=DIRECTION('center_axis',(0.,1.,0.));
#2858=DIRECTION('ref_axis',(0.,0.,-1.));
#2859=DIRECTION('',(0.,0.,-1.));
#2860=DIRECTION('',(0.,0.,-1.));
#2861=DIRECTION('',(1.,0.,0.));
#2862=DIRECTION('center_axis',(-1.,0.,0.));
#2863=DIRECTION('ref_axis',(0.,7.40148683083438E-16,-1.));
#2864=DIRECTION('center_axis',(1.,0.,0.));
#2865=DIRECTION('ref_axis',(0.,7.40148683083438E-16,-1.));
#2866=DIRECTION('center_axis',(-1.,0.,0.));
#2867=DIRECTION('ref_axis',(0.,7.40148683083438E-16,-1.));
#2868=DIRECTION('',(1.,0.,0.));
#2869=DIRECTION('center_axis',(0.707107490437744,0.,-0.70710607193464));
#2870=DIRECTION('ref_axis',(-0.70710607193464,5.23364677845931E-16,-0.707107490437744));
#2871=DIRECTION('center_axis',(0.,1.,0.));
#2872=DIRECTION('ref_axis',(1.,0.,0.));
#2873=DIRECTION('',(1.,0.,0.));
#2874=DIRECTION('',(0.,0.,-1.));
#2875=DIRECTION('',(-1.,0.,0.));
#2876=DIRECTION('center_axis',(0.,1.,0.));
#2877=DIRECTION('ref_axis',(0.,0.,-1.));
#2878=DIRECTION('',(1.,0.,0.));
#2879=DIRECTION('',(-0.70710607193464,0.,-0.707107490437744));
#2880=DIRECTION('',(-1.,0.,0.));
#2881=DIRECTION('center_axis',(0.,1.,0.));
#2882=DIRECTION('ref_axis',(0.887128412825211,0.,0.461522674587308));
#2883=DIRECTION('center_axis',(0.132163720091018,-0.991227900682635,-6.28848021707839E-16));
#2884=DIRECTION('ref_axis',(0.991227900682635,0.132163720091018,-2.26974832835173E-15));
#2885=DIRECTION('',(0.,-1.,0.));
#2886=DIRECTION('center_axis',(0.707107490437744,0.,-0.70710607193464));
#2887=DIRECTION('ref_axis',(0.70710607193464,0.,0.707107490437744));
#2888=DIRECTION('',(4.44088318978546E-16,1.,4.44089209850063E-16));
#2889=DIRECTION('center_axis',(0.707107490437744,0.,-0.70710607193464));
#2890=DIRECTION('ref_axis',(0.70710607193464,-5.23364677845931E-16,0.707107490437744));
#2891=DIRECTION('',(0.,-1.,0.));
#2892=DIRECTION('',(-0.703984181796678,-0.0938645575728902,-0.703985594037057));
#2893=DIRECTION('',(0.,-1.,0.));
#2894=DIRECTION('',(0.577349883121594,-0.577349883121594,0.577351041324915));
#2895=DIRECTION('',(0.,-1.,0.));
#2896=DIRECTION('center_axis',(0.707107490437744,0.,-0.70710607193464));
#2897=DIRECTION('ref_axis',(-0.70710607193464,5.23364677845931E-16,-0.707107490437744));
#2898=DIRECTION('center_axis',(6.3441315692866E-16,-6.34413156928661E-16,
1.));
#2899=DIRECTION('ref_axis',(0.939314867967892,-0.34305623272936,-8.13553098347425E-16));
#2900=DIRECTION('center_axis',(0.,0.,-1.));
#2901=DIRECTION('ref_axis',(0.939314867967892,-0.34305623272936,0.));
#2902=DIRECTION('',(6.3441315692866E-16,-6.34413156928661E-16,1.));
#2903=DIRECTION('center_axis',(0.,0.,1.));
#2904=DIRECTION('ref_axis',(0.939314867967892,-0.34305623272936,0.));
#2905=DIRECTION('',(-6.3441315692866E-16,6.34413156928661E-16,-1.));
#2906=DIRECTION('center_axis',(0.,0.,1.));
#2907=DIRECTION('ref_axis',(-1.,0.,0.));
#2908=DIRECTION('',(-0.996384506389575,-0.0849583158190108,0.));
#2909=DIRECTION('',(0.707106781186547,-0.707106781186548,0.));
#2910=DIRECTION('',(0.,-1.,0.));
#2911=DIRECTION('center_axis',(-0.0849583158190108,0.996384506389575,6.86018113559496E-16));
#2912=DIRECTION('ref_axis',(-6.16297582203915E-32,-6.8850740769274E-16,
1.));
#2913=DIRECTION('',(0.996384506389575,0.0849583158190108,0.));
#2914=DIRECTION('center_axis',(0.,0.,1.));
#2915=DIRECTION('ref_axis',(-1.,0.,0.));
#2916=DIRECTION('',(0.707106781186547,-0.707106781186548,0.));
#2917=DIRECTION('center_axis',(-0.707106781186548,-0.707106781186547,0.));
#2918=DIRECTION('ref_axis',(0.,0.,-1.));
#2919=DIRECTION('',(0.707106781186547,-0.707106781186548,0.));
#2920=DIRECTION('',(0.,0.,-1.));
#2921=DIRECTION('',(0.707106781186547,-0.707106781186548,0.));
#2922=DIRECTION('',(0.,0.,-1.));
#2923=DIRECTION('center_axis',(-0.132163720091018,0.991227900682635,6.28848021707839E-16));
#2924=DIRECTION('ref_axis',(-7.39557098644699E-32,-6.3441315692866E-16,
1.));
#2925=DIRECTION('',(-0.991227900682635,-0.132163720091018,0.));
#2926=DIRECTION('',(0.,6.34413156928661E-16,-1.));
#2927=DIRECTION('center_axis',(-1.,0.,0.));
#2928=DIRECTION('ref_axis',(0.,0.,-1.));
#2929=DIRECTION('',(0.,-1.,0.));
#2930=DIRECTION('center_axis',(0.,0.,1.));
#2931=DIRECTION('ref_axis',(-1.,0.,0.));
#2932=DIRECTION('center_axis',(-1.,0.,0.));
#2933=DIRECTION('ref_axis',(0.,1.,0.));
#2934=DIRECTION('center_axis',(-1.,0.,0.));
#2935=DIRECTION('ref_axis',(0.,1.,0.));
#2936=DIRECTION('center_axis',(0.,-4.44089209850063E-16,1.));
#2937=DIRECTION('ref_axis',(0.,-1.,-4.44089209850063E-16));
#2938=DIRECTION('',(0.,-1.,-4.44089209850063E-16));
#2939=DIRECTION('',(1.,0.,0.));
#2940=DIRECTION('center_axis',(-1.,0.,0.));
#2941=DIRECTION('ref_axis',(0.,-7.40148683083438E-16,1.));
#2942=DIRECTION('center_axis',(-1.,0.,0.));
#2943=DIRECTION('ref_axis',(0.,-7.40148683083438E-16,1.));
#2944=DIRECTION('center_axis',(-1.,0.,0.));
#2945=DIRECTION('ref_axis',(0.,7.40148683083438E-16,-1.));
#2946=DIRECTION('center_axis',(-1.,0.,0.));
#2947=DIRECTION('ref_axis',(0.,0.,-1.));
#2948=DIRECTION('center_axis',(-1.,0.,0.));
#2949=DIRECTION('ref_axis',(0.,-1.,0.));
#2950=DIRECTION('',(0.,1.,0.));
#2951=DIRECTION('center_axis',(0.754913994356156,0.,-0.655823803414632));
#2952=DIRECTION('ref_axis',(-0.655823803414632,0.,-0.754913994356156));
#2953=DIRECTION('center_axis',(0.,0.,1.));
#2954=DIRECTION('ref_axis',(-1.,0.,0.));
#2955=DIRECTION('center_axis',(0.,0.,1.));
#2956=DIRECTION('ref_axis',(-1.,0.,0.));
#2957=DIRECTION('center_axis',(0.,0.,-1.));
#2958=DIRECTION('ref_axis',(-1.,0.,0.));
#2959=DIRECTION('center_axis',(0.,0.,1.));
#2960=DIRECTION('ref_axis',(-1.,0.,0.));
#2961=DIRECTION('center_axis',(0.,0.,-1.));
#2962=DIRECTION('ref_axis',(-1.,0.,0.));
#2963=DIRECTION('',(0.,0.,-1.));
#2964=DIRECTION('center_axis',(0.,0.,-1.));
#2965=DIRECTION('ref_axis',(-1.,0.,0.));
#2966=DIRECTION('center_axis',(0.,0.,1.));
#2967=DIRECTION('ref_axis',(-1.,0.,0.));
#2968=DIRECTION('center_axis',(0.,0.,1.));
#2969=DIRECTION('ref_axis',(-1.,0.,0.));
#2970=DIRECTION('',(0.,0.,1.));
#2971=DIRECTION('center_axis',(0.,0.,1.));
#2972=DIRECTION('ref_axis',(-1.,0.,0.));
#2973=DIRECTION('center_axis',(1.,0.,0.));
#2974=DIRECTION('ref_axis',(0.,0.,-1.));
#2975=DIRECTION('',(0.,1.,0.));
#2976=DIRECTION('',(0.,0.,1.));
#2977=DIRECTION('center_axis',(1.,0.,0.));
#2978=DIRECTION('ref_axis',(0.,0.707106781186546,-0.707106781186549));
#2979=DIRECTION('',(0.,1.,0.));
#2980=DIRECTION('',(0.,0.,-1.));
#2981=DIRECTION('center_axis',(-1.,0.,0.));
#2982=DIRECTION('ref_axis',(0.,-7.40148683083438E-16,-1.));
#2983=DIRECTION('',(0.,0.,-1.));
#2984=DIRECTION('center_axis',(1.,0.,0.));
#2985=DIRECTION('ref_axis',(0.,1.,0.));
#2986=DIRECTION('center_axis',(0.,0.,1.));
#2987=DIRECTION('ref_axis',(-1.,0.,0.));
#2988=DIRECTION('',(0.,1.,0.));
#2989=DIRECTION('center_axis',(0.,0.,-1.));
#2990=DIRECTION('ref_axis',(-0.707106781186548,-0.707106781186548,0.));
#2991=DIRECTION('',(1.,0.,0.));
#2992=DIRECTION('center_axis',(0.,0.,-1.));
#2993=DIRECTION('ref_axis',(-1.,0.,0.));
#2994=DIRECTION('',(0.707106781186547,0.707106781186548,0.));
#2995=DIRECTION('',(0.,1.,0.));
#2996=DIRECTION('',(-1.,0.,0.));
#2997=DIRECTION('',(0.,1.,0.));
#2998=DIRECTION('',(-1.,0.,0.));
#2999=DIRECTION('center_axis',(1.,0.,0.));
#3000=DIRECTION('ref_axis',(0.,0.,-1.));
#3001=DIRECTION('',(0.,1.,0.));
#3002=DIRECTION('',(0.,0.,1.));
#3003=DIRECTION('center_axis',(0.,0.,-1.));
#3004=DIRECTION('ref_axis',(-1.,0.,0.));
#3005=DIRECTION('',(0.979716528903027,0.200388430290287,0.));
#3006=DIRECTION('',(0.707106781186547,0.707106781186548,0.));
#3007=DIRECTION('center_axis',(0.,0.,1.));
#3008=DIRECTION('ref_axis',(-1.,0.,0.));
#3009=DIRECTION('center_axis',(0.,0.,1.));
#3010=DIRECTION('ref_axis',(-1.,0.,0.));
#3011=DIRECTION('',(-1.,0.,0.));
#3012=DIRECTION('center_axis',(0.,0.,1.));
#3013=DIRECTION('ref_axis',(-0.707106781186548,-0.707106781186548,0.));
#3014=DIRECTION('center_axis',(0.,0.,-1.));
#3015=DIRECTION('ref_axis',(-1.,0.,0.));
#3016=DIRECTION('center_axis',(-1.,0.,0.));
#3017=DIRECTION('ref_axis',(0.,0.707106781186546,-0.707106781186549));
#3018=DIRECTION('',(1.,0.,0.));
#3019=DIRECTION('center_axis',(-1.,0.,0.));
#3020=DIRECTION('ref_axis',(0.,0.707106781186546,-0.707106781186549));
#3021=DIRECTION('',(-1.,0.,0.));
#3022=DIRECTION('center_axis',(1.,0.,0.));
#3023=DIRECTION('ref_axis',(0.,-1.,0.));
#3024=DIRECTION('',(0.,0.,-1.));
#3025=DIRECTION('',(0.,0.,1.));
#3026=DIRECTION('center_axis',(1.,0.,0.));
#3027=DIRECTION('ref_axis',(0.,-7.40148683083438E-16,-1.));
#3028=DIRECTION('',(0.,1.,0.));
#3029=DIRECTION('',(0.,0.,-1.));
#3030=DIRECTION('',(0.,1.,0.));
#3031=DIRECTION('center_axis',(-1.,0.,0.));
#3032=DIRECTION('ref_axis',(0.,1.,0.));
#3033=DIRECTION('center_axis',(0.,1.,0.));
#3034=DIRECTION('ref_axis',(0.,0.,1.));
#3035=DIRECTION('center_axis',(0.,0.,1.));
#3036=DIRECTION('ref_axis',(-0.707106781186548,-0.707106781186548,0.));
#3037=DIRECTION('',(0.,0.,-1.));
#3038=DIRECTION('center_axis',(-1.,0.,0.));
#3039=DIRECTION('ref_axis',(0.,1.,0.));
#3040=DIRECTION('',(-1.,0.,0.));
#3041=DIRECTION('center_axis',(-1.,0.,0.));
#3042=DIRECTION('ref_axis',(0.,1.,0.));
#3043=DIRECTION('center_axis',(-1.,0.,0.));
#3044=DIRECTION('ref_axis',(0.,1.,0.));
#3045=DIRECTION('center_axis',(1.,0.,0.));
#3046=DIRECTION('ref_axis',(0.,1.,0.));
#3047=DIRECTION('center_axis',(-1.,0.,0.));
#3048=DIRECTION('ref_axis',(0.,1.,0.));
#3049=DIRECTION('',(-1.,0.,0.));
#3050=DIRECTION('center_axis',(0.,-1.,0.));
#3051=DIRECTION('ref_axis',(-1.,0.,0.));
#3052=DIRECTION('',(1.,0.,0.));
#3053=DIRECTION('',(-1.,0.,0.));
#3054=DIRECTION('',(0.70710607193464,0.,0.707107490437744));
#3055=DIRECTION('center_axis',(0.,0.,-1.));
#3056=DIRECTION('ref_axis',(-1.,0.,0.));
#3057=DIRECTION('center_axis',(0.,1.,0.));
#3058=DIRECTION('ref_axis',(0.,0.,-1.));
#3059=DIRECTION('',(1.,0.,0.));
#3060=DIRECTION('',(0.,0.,-1.));
#3061=DIRECTION('center_axis',(1.,0.,0.));
#3062=DIRECTION('ref_axis',(0.,-7.40148683083438E-16,-1.));
#3063=DIRECTION('center_axis',(-0.707107490437744,0.,0.70710607193464));
#3064=DIRECTION('ref_axis',(-0.70710607193464,-5.23364677845931E-16,-0.707107490437744));
#3065=DIRECTION('',(1.,0.,0.));
#3066=DIRECTION('center_axis',(1.,0.,0.));
#3067=DIRECTION('ref_axis',(0.,-7.40148683083438E-16,-1.));
#3068=DIRECTION('center_axis',(0.,1.,0.));
#3069=DIRECTION('ref_axis',(1.,0.,0.));
#3070=DIRECTION('',(0.,0.,-1.));
#3071=DIRECTION('center_axis',(0.,1.,0.));
#3072=DIRECTION('ref_axis',(0.,0.,-1.));
#3073=DIRECTION('',(-0.70710607193464,0.,-0.707107490437744));
#3074=DIRECTION('',(1.,0.,0.));
#3075=DIRECTION('center_axis',(0.,1.,0.));
#3076=DIRECTION('ref_axis',(0.887128412825211,0.,0.461522674587308));
#3077=DIRECTION('',(0.,1.,0.));
#3078=DIRECTION('center_axis',(-0.132163720091018,0.991227900682635,-6.28848021707839E-16));
#3079=DIRECTION('ref_axis',(0.991227900682635,0.132163720091018,4.81461766620064E-16));
#3080=DIRECTION('',(0.,-1.,0.));
#3081=DIRECTION('center_axis',(-0.707107490437744,0.,0.70710607193464));
#3082=DIRECTION('ref_axis',(0.70710607193464,0.,0.707107490437744));
#3083=DIRECTION('center_axis',(-0.707107490437744,0.,0.70710607193464));
#3084=DIRECTION('ref_axis',(-0.70710607193464,-5.23364677845931E-16,-0.707107490437744));
#3085=DIRECTION('',(0.577349883121594,0.577349883121594,0.577351041324915));
#3086=DIRECTION('',(0.,1.,0.));
#3087=DIRECTION('',(0.703984181796678,0.0938645575728909,0.703985594037057));
#3088=DIRECTION('',(0.,1.,0.));
#3089=DIRECTION('center_axis',(-0.707107490437744,0.,0.70710607193464));
#3090=DIRECTION('ref_axis',(0.70710607193464,5.23364677845931E-16,0.707107490437744));
#3091=DIRECTION('',(4.44088318978546E-16,-1.,4.44089209850063E-16));
#3092=DIRECTION('center_axis',(-6.3441315692866E-16,-6.34413156928661E-16,
-1.));
#3093=DIRECTION('ref_axis',(0.939314867967892,0.34305623272936,-8.13553098347425E-16));
#3094=DIRECTION('center_axis',(0.,0.,1.));
#3095=DIRECTION('ref_axis',(0.939314867967892,0.34305623272936,0.));
#3096=DIRECTION('',(-6.3441315692866E-16,-6.34413156928661E-16,-1.));
#3097=DIRECTION('center_axis',(0.,0.,-1.));
#3098=DIRECTION('ref_axis',(0.939314867967892,0.34305623272936,0.));
#3099=DIRECTION('center_axis',(0.,0.,-1.));
#3100=DIRECTION('ref_axis',(-1.,0.,0.));
#3101=DIRECTION('',(0.991227900682635,0.132163720091018,0.));
#3102=DIRECTION('',(0.,1.,0.));
#3103=DIRECTION('',(0.707106781186547,0.707106781186548,0.));
#3104=DIRECTION('center_axis',(0.,-1.,0.));
#3105=DIRECTION('ref_axis',(-0.0298755652411202,0.,0.999553625675743));
#3106=DIRECTION('center_axis',(-0.132163720091018,0.991227900682635,-6.28848021707839E-16));
#3107=DIRECTION('ref_axis',(-0.991227900682635,-0.132163720091018,-4.73552037597021E-15));
#3108=DIRECTION('center_axis',(0.,0.,-1.));
#3109=DIRECTION('ref_axis',(-1.,0.,0.));
#3110=DIRECTION('',(0.707106781186547,0.707106781186548,0.));
#3111=DIRECTION('',(-0.979716528903027,-0.200388430290287,0.));
#3112=DIRECTION('center_axis',(0.707106781186548,-0.707106781186547,0.));
#3113=DIRECTION('ref_axis',(0.,0.,-1.));
#3114=DIRECTION('',(0.,0.,-1.));
#3115=DIRECTION('',(0.,0.,-1.));
#3116=DIRECTION('',(6.3441315692866E-16,6.34413156928661E-16,1.));
#3117=DIRECTION('center_axis',(0.200388430290287,-0.979716528903027,4.94415999324119E-16));
#3118=DIRECTION('ref_axis',(-7.39557098644699E-32,-5.04652095517577E-16,
-1.));
#3119=DIRECTION('center_axis',(1.,0.,0.));
#3120=DIRECTION('ref_axis',(0.,0.,-1.));
#3121=DIRECTION('center_axis',(0.132163720091018,-0.991227900682635,6.28848021707839E-16));
#3122=DIRECTION('ref_axis',(-7.39557098644699E-32,-6.3441315692866E-16,
-1.));
#3123=DIRECTION('',(0.,6.34413156928661E-16,1.));
#3124=DIRECTION('center_axis',(0.,-4.44089209850063E-16,-1.));
#3125=DIRECTION('ref_axis',(0.,1.,-4.44089209850063E-16));
#3126=DIRECTION('',(1.,0.,0.));
#3127=DIRECTION('',(0.,1.,-4.44089209850063E-16));
#3128=DIRECTION('center_axis',(1.,0.,0.));
#3129=DIRECTION('ref_axis',(0.,7.40148683083438E-16,1.));
#3130=DIRECTION('center_axis',(1.,0.,0.));
#3131=DIRECTION('ref_axis',(0.,7.40148683083438E-16,1.));
#3132=DIRECTION('center_axis',(1.,0.,0.));
#3133=DIRECTION('ref_axis',(0.,-7.40148683083438E-16,-1.));
#3134=DIRECTION('center_axis',(1.,0.,0.));
#3135=DIRECTION('ref_axis',(0.,0.,-1.));
#3136=DIRECTION('center_axis',(1.,0.,0.));
#3137=DIRECTION('ref_axis',(0.,1.,0.));
#3138=DIRECTION('center_axis',(0.,0.,-1.));
#3139=DIRECTION('ref_axis',(-1.,0.,0.));
#3140=DIRECTION('center_axis',(0.,0.,-1.));
#3141=DIRECTION('ref_axis',(-1.,0.,0.));
#3142=DIRECTION('center_axis',(0.,0.,1.));
#3143=DIRECTION('ref_axis',(-1.,0.,0.));
#3144=DIRECTION('center_axis',(0.,0.,-1.));
#3145=DIRECTION('ref_axis',(-1.,0.,0.));
#3146=DIRECTION('',(0.,0.,1.));
#3147=DIRECTION('center_axis',(0.,0.,-1.));
#3148=DIRECTION('ref_axis',(-1.,0.,0.));
#3149=DIRECTION('',(0.,0.,-1.));
#3150=CARTESIAN_POINT('',(0.,0.,0.));
#3151=CARTESIAN_POINT('Origin',(-25.3903960258708,20.051955908897,24.3377655540351));
#3152=CARTESIAN_POINT('',(-23.4957391345352,19.8464754421314,25.525315664184));
#3153=CARTESIAN_POINT('',(-25.3903960258708,20.051955908897,24.3377655540351));
#3154=CARTESIAN_POINT('Origin',(-21.854862119938,20.051955908897,20.8022316481023));
#3155=CARTESIAN_POINT('',(-28.0464466839125,20.453236448715,20.9746081148068));
#3156=CARTESIAN_POINT('',(-26.8667961827452,20.295949715226,22.1542586159741));
#3157=CARTESIAN_POINT('',(-28.4000000745058,20.453236448715,21.3281615054001));
#3158=CARTESIAN_POINT('',(-28.4000000745058,20.453236448715,21.3281615054001));
#3159=CARTESIAN_POINT('',(-27.2203495733384,20.295949715226,22.5078120065674));
#3160=CARTESIAN_POINT('Origin',(-28.4000000745058,22.453236448715,21.3281615054001));
#3161=CARTESIAN_POINT('',(-25.3903960258708,22.854516988533,24.3377655540351));
#3162=CARTESIAN_POINT('',(-23.4957391345352,23.0599974552986,25.525315664184));
#3163=CARTESIAN_POINT('Origin',(-21.854862119938,22.854516988533,20.8022316481023));
#3164=CARTESIAN_POINT('',(-28.4000000745058,22.453236448715,21.3281615054001));
#3165=CARTESIAN_POINT('',(-26.2538017436936,22.7393962261566,23.4743598362123));
#3166=CARTESIAN_POINT('',(-28.0464466839125,22.453236448715,20.9746081148068));
#3167=CARTESIAN_POINT('',(-28.4000000745058,22.453236448715,21.3281615054001));
#3168=CARTESIAN_POINT('',(-25.9002483531003,22.7393962261566,23.120806445619));
#3169=CARTESIAN_POINT('Origin',(-24.6500000745058,19.953236448715,24.4119754953214));
#3170=CARTESIAN_POINT('',(-28.4000000745058,20.453236448715,27.7999997764811));
#3171=CARTESIAN_POINT('',(-20.9000000745058,19.453236448715,27.7999997764811));
#3172=CARTESIAN_POINT('',(-17.9243361877809,19.0564812638183,27.7999997764811));
#3173=CARTESIAN_POINT('',(-20.9000000745058,19.453236448715,26.9042418632995));
#3174=CARTESIAN_POINT('',(-20.9000000745058,19.453236448715,24.4119754953214));
#3175=CARTESIAN_POINT('',(-22.500526380569,19.6666399561901,25.3037123464712));
#3176=CARTESIAN_POINT('',(-23.672943130758,19.8229621895486,24.131293244334));
#3177=CARTESIAN_POINT('',(-22.7205896286122,19.6959817225958,25.7267129284734));
#3178=CARTESIAN_POINT('Origin',(-22.6773032531785,19.6902102058713,25.4804888644548));
#3179=CARTESIAN_POINT('Origin',(-21.854862119938,19.5805513881059,20.8022316481023));
#3180=CARTESIAN_POINT('',(-28.4000000745058,20.453236448715,23.4119754953214));
#3181=CARTESIAN_POINT('Origin',(-24.2000847944318,30.0996830581217,24.4119754953214));
#3182=CARTESIAN_POINT('',(-28.3465314038386,30.453236448715,27.7999997764811));
#3183=CARTESIAN_POINT('',(-21.1250983037245,29.8374894253009,27.7999997764811));
#3184=CARTESIAN_POINT('',(-16.5790600014638,29.4498642110066,27.799999776481));
#3185=CARTESIAN_POINT('',(-21.1250983037245,29.8374894253009,25.799999776481));
#3186=CARTESIAN_POINT('',(-21.1250983037245,29.8374894253009,26.6059876359012));
#3187=CARTESIAN_POINT('',(-21.8570939915593,29.8999042063682,25.799999776481));
#3188=CARTESIAN_POINT('',(-22.7443962510999,29.975561450243,25.799999776481));
#3189=CARTESIAN_POINT('',(-25.392627897492,30.2013671498833,24.3355336824138));
#3190=CARTESIAN_POINT('Origin',(-21.8570939915593,29.8999042063682,20.799999776481));
#3191=CARTESIAN_POINT('',(-28.3465314038386,30.453236448715,21.3816301760673));
#3192=CARTESIAN_POINT('',(-26.868654115345,30.3272228820523,22.8595074645608));
#3193=CARTESIAN_POINT('',(-28.3465314038386,30.453236448715,23.4119754953214));
#3194=CARTESIAN_POINT('Origin',(-28.3465314038386,32.453236448715,21.3816301760673));
#3195=CARTESIAN_POINT('',(-27.9929780132453,32.453236448715,21.028076785474));
#3196=CARTESIAN_POINT('',(-23.4979710061565,33.3726323879699,25.5230837925628));
#3197=CARTESIAN_POINT('',(-25.5843799486629,32.9458842413396,23.4366748500564));
#3198=CARTESIAN_POINT('',(-25.392627897492,33.0574194643149,24.3355336824138));
#3199=CARTESIAN_POINT('Origin',(-21.8570939915593,33.0574194643149,20.799999776481));
#3200=CARTESIAN_POINT('',(-28.3465314038386,32.453236448715,21.3816301760673));
#3201=CARTESIAN_POINT('',(-25.9379333392561,32.9458842413396,23.7902282406497));
#3202=CARTESIAN_POINT('',(-28.3465314038386,32.453236448715,21.3816301760673));
#3203=CARTESIAN_POINT('Origin',(-21.8570939915593,22.2042816930277,20.799999776481));
#3204=CARTESIAN_POINT('',(-21.8570939915593,33.7805675063728,25.799999776481));
#3205=CARTESIAN_POINT('Origin',(-21.8570939915593,33.7805675063728,20.799999776481));
#3206=CARTESIAN_POINT('',(-23.4979710061565,30.0699624992829,25.5230837925628));
#3207=CARTESIAN_POINT('',(-23.4979710061565,22.2042816930277,25.5230837925628));
#3208=CARTESIAN_POINT('Origin',(-21.8570939915593,30.2013671498833,20.799999776481));
#3209=CARTESIAN_POINT('',(-21.8570939915593,22.2042816930277,25.799999776481));
#3210=CARTESIAN_POINT('Origin',(-21.4323178414655,102.532549988912,27.8700153868712));
#3211=CARTESIAN_POINT('',(-14.5181042790924,101.118336426539,27.7999997764811));
#3212=CARTESIAN_POINT('',(-28.3465314038386,103.946763551285,27.7999997764811));
#3213=CARTESIAN_POINT('',(-13.5647731927392,100.923344799568,27.7999997764811));
#3214=CARTESIAN_POINT('',(-14.5181042790924,101.118336426539,25.799999776481));
#3215=CARTESIAN_POINT('',(-14.5181042790924,101.118336426539,27.8700153868712));
#3216=CARTESIAN_POINT('',(-21.8570939915593,102.619432493627,25.799999776481));
#3217=CARTESIAN_POINT('',(-22.9256649932644,102.837994964881,25.799999776481));
#3218=CARTESIAN_POINT('',(-25.392627897492,103.342580535685,24.3355336824138));
#3219=CARTESIAN_POINT('Origin',(-21.8570939915593,102.619432493627,20.799999776481));
#3220=CARTESIAN_POINT('',(-28.3465314038386,103.946763551285,21.3816301760673));
#3221=CARTESIAN_POINT('',(-25.9379333392561,103.45411575866,23.7902282406497));
#3222=CARTESIAN_POINT('',(-28.3465314038386,103.946763551285,26.8700153868712));
#3223=CARTESIAN_POINT('Origin',(-28.9496084128316,113.44467306266,20.0714463858878));
#3224=CARTESIAN_POINT('',(-23.4979710061565,103.02736761203,25.5230837925628));
#3225=CARTESIAN_POINT('',(-27.9929780132453,103.946763551285,21.028076785474));
#3226=CARTESIAN_POINT('',(-25.5843799486629,103.45411575866,23.4366748500564));
#3227=CARTESIAN_POINT('',(-23.4979710061565,106.330037500717,25.5230837925628));
#3228=CARTESIAN_POINT('',(-23.4979710061565,114.195718306972,25.5230837925628));
#3229=CARTESIAN_POINT('',(-27.9929780132453,105.946763551285,21.028076785474));
#3230=CARTESIAN_POINT('',(-26.5151007247518,106.072777117948,22.5059540739675));
#3231=CARTESIAN_POINT('',(-29.9971035845577,105.946763551285,19.0239512141617));
#3232=CARTESIAN_POINT('',(-30.6990802068633,105.946763551285,18.321974591856));
#3233=CARTESIAN_POINT('',(-29.9971035845577,103.946763551285,19.0239512141617));
#3234=CARTESIAN_POINT('Origin',(-29.9971035845577,104.946763551285,19.0239512141617));
#3235=CARTESIAN_POINT('',(-28.9700602610884,103.946763551285,20.0509945376309));
#3236=CARTESIAN_POINT('Origin',(-25.392627897492,103.342580535685,24.3355336824138));
#3237=CARTESIAN_POINT('',(-28.3465314038386,103.946763551285,21.3816301760673));
#3238=CARTESIAN_POINT('Origin',(-21.8570939915593,103.342580535685,20.799999776481));
#3239=CARTESIAN_POINT('Origin',(-21.8570939915593,114.195718306972,20.799999776481));
#3240=CARTESIAN_POINT('',(-21.8570939915593,106.500095793632,25.799999776481));
#3241=CARTESIAN_POINT('',(-21.8570939915593,114.195718306972,25.799999776481));
#3242=CARTESIAN_POINT('',(-25.392627897492,106.198632850117,24.3355336824138));
#3243=CARTESIAN_POINT('Origin',(-21.8570939915593,106.500095793632,20.799999776481));
#3244=CARTESIAN_POINT('Origin',(-21.8570939915593,106.198632850117,20.799999776481));
#3245=CARTESIAN_POINT('Origin',(-24.6500000745058,113.446763551285,27.9119754953214));
#3246=CARTESIAN_POINT('',(-20.9000000745058,112.946763551285,27.7999997764811));
#3247=CARTESIAN_POINT('',(-28.4000000745058,113.946763551285,27.7999997764811));
#3248=CARTESIAN_POINT('',(-14.7217338302264,112.122994718714,27.7999997764811));
#3249=CARTESIAN_POINT('',(-20.9000000745058,112.946763551285,26.9042418632995));
#3250=CARTESIAN_POINT('',(-20.9000000745058,112.946763551285,27.9119754953214));
#3251=CARTESIAN_POINT('',(-22.500526380569,113.16016705876,25.3037123464712));
#3252=CARTESIAN_POINT('',(-23.2018510736276,113.253677017835,24.6023862465073));
#3253=CARTESIAN_POINT('',(-22.7205896286122,113.189508825166,25.7267129284734));
#3254=CARTESIAN_POINT('Origin',(-22.6773032531785,113.183737308441,25.4804888644548));
#3255=CARTESIAN_POINT('',(-25.3903960258708,113.545483011467,24.3377655540351));
#3256=CARTESIAN_POINT('Origin',(-21.854862119938,113.074078490676,20.8022316481023));
#3257=CARTESIAN_POINT('',(-28.4000000745058,113.946763551285,21.3281615054001));
#3258=CARTESIAN_POINT('',(-26.2538017436936,113.660603773843,23.4743598362123));
#3259=CARTESIAN_POINT('',(-28.4000000745058,113.946763551285,26.9119754953214));
#3260=CARTESIAN_POINT('Origin',(-28.9496084128316,113.44467306266,20.0714463858878));
#3261=CARTESIAN_POINT('',(-23.4957391345352,113.340002544701,25.525315664184));
#3262=CARTESIAN_POINT('',(-28.0464466839125,113.946763551285,20.9746081148068));
#3263=CARTESIAN_POINT('',(-25.9002483531003,113.660603773843,23.120806445619));
#3264=CARTESIAN_POINT('',(-23.4957391345352,116.553524557869,25.525315664184));
#3265=CARTESIAN_POINT('',(-23.4957391345352,117.94467306266,25.525315664184));
#3266=CARTESIAN_POINT('',(-28.0464466839125,115.946763551285,20.9746081148068));
#3267=CARTESIAN_POINT('',(-26.8667961827452,116.104050284774,22.1542586159741));
#3268=CARTESIAN_POINT('',(-29.9971035845576,115.946763551285,19.0239512141617));
#3269=CARTESIAN_POINT('',(-30.6990802068633,115.946763551285,18.321974591856));
#3270=CARTESIAN_POINT('',(-29.9971035845577,113.946763551285,19.0239512141617));
#3271=CARTESIAN_POINT('Origin',(-29.9971035845577,114.946763551285,19.0239512141617));
#3272=CARTESIAN_POINT('',(-28.9490802068633,113.946763551285,20.071974591856));
#3273=CARTESIAN_POINT('Origin',(-25.3903960258708,113.545483011467,24.3377655540351));
#3274=CARTESIAN_POINT('',(-28.4000000745058,113.946763551285,21.3281615054001));
#3275=CARTESIAN_POINT('Origin',(-21.854862119938,113.545483011467,20.8022316481023));
#3276=CARTESIAN_POINT('Origin',(-21.854862119938,117.94467306266,20.8022316481023));
#3277=CARTESIAN_POINT('',(-22.7205896286122,116.704018277404,25.7267129284734));
#3278=CARTESIAN_POINT('',(-22.7205896286122,117.94467306266,25.7267129284734));
#3279=CARTESIAN_POINT('',(-25.3903960258708,116.348044091103,24.3377655540351));
#3280=CARTESIAN_POINT('Origin',(-21.854862119938,116.819448611894,20.8022316481023));
#3281=CARTESIAN_POINT('Origin',(-21.854862119938,116.348044091103,20.8022316481023));
#3282=CARTESIAN_POINT('Origin',(-34.9000004172325,104.946763551285,19.0239512141617));
#3283=CARTESIAN_POINT('',(-34.9000004172325,105.946763551285,19.0239512141617));
#3284=CARTESIAN_POINT('',(-34.9000004172325,105.946763551285,19.0239512141617));
#3285=CARTESIAN_POINT('',(-34.9000004172325,103.946763551285,19.0239512141617));
#3286=CARTESIAN_POINT('Origin',(-34.9000004172325,104.946763551285,19.0239512141617));
#3287=CARTESIAN_POINT('',(-31.6781618034248,103.946763551285,19.0239512141617));
#3288=CARTESIAN_POINT('Origin',(-34.9000004172325,113.946763551285,26.0239512141617));
#3289=CARTESIAN_POINT('',(-34.9000004172325,113.946763551285,19.0239512141617));
#3290=CARTESIAN_POINT('',(-31.6781618034248,113.946763551285,19.0239512141617));
#3291=CARTESIAN_POINT('',(-34.9000004172325,113.946763551285,24.3909907105399));
#3292=CARTESIAN_POINT('',(-34.9000004172325,113.946763551285,19.9119754953214));
#3293=CARTESIAN_POINT('',(-32.6864046129575,113.946763551285,26.9390446875298));
#3294=CARTESIAN_POINT('',(-31.5132878515509,113.946763551285,28.2894108309797));
#3295=CARTESIAN_POINT('',(-30.0948642493455,113.946763551285,27.3049092094515));
#3296=CARTESIAN_POINT('',(-27.509934215738,113.946763551285,27.6698405083137));
#3297=CARTESIAN_POINT('',(-29.6647593882203,113.946763551285,27.7999997764811));
#3298=CARTESIAN_POINT('',(-31.0902440727524,113.946763551285,26.1591347583303));
#3299=CARTESIAN_POINT('',(-21.2000002458691,113.946763551285,27.7999997764811));
#3300=CARTESIAN_POINT('Origin',(-34.9000004172325,103.946763551285,25.9400309972613));
#3301=CARTESIAN_POINT('',(-34.9000004172325,103.946763551285,24.3909907105399));
#3302=CARTESIAN_POINT('',(-34.9000004172325,103.946763551285,22.9819911057115));
#3303=CARTESIAN_POINT('',(-32.6864046129575,103.946763551285,26.9390446875298));
#3304=CARTESIAN_POINT('',(-31.5340619054361,103.946763551285,28.2654979691472));
#3305=CARTESIAN_POINT('',(-30.0948642493455,103.946763551285,27.3049092094515));
#3306=CARTESIAN_POINT('',(-27.5157422372632,103.946763551285,27.6690205523337));
#3307=CARTESIAN_POINT('',(-29.6647593882203,103.946763551285,27.7999997764811));
#3308=CARTESIAN_POINT('',(-31.1110181266376,103.946763551285,26.1352218964979));
#3309=CARTESIAN_POINT('',(-21.2000002458691,103.946763551285,27.7999997764811));
#3310=CARTESIAN_POINT('Origin',(-34.9000004172325,31.453236448715,19.0239512141617));
#3311=CARTESIAN_POINT('',(-29.9971035845577,32.453236448715,19.0239512141617));
#3312=CARTESIAN_POINT('',(-29.9971035845577,30.453236448715,19.0239512141617));
#3313=CARTESIAN_POINT('Origin',(-29.9971035845577,31.453236448715,19.0239512141617));
#3314=CARTESIAN_POINT('',(-34.9000004172325,32.453236448715,19.0239512141617));
#3315=CARTESIAN_POINT('',(-31.6781618034248,32.453236448715,19.0239512141617));
#3316=CARTESIAN_POINT('',(-34.9000004172325,30.453236448715,19.0239512141617));
#3317=CARTESIAN_POINT('Origin',(-34.9000004172325,31.453236448715,19.0239512141617));
#3318=CARTESIAN_POINT('',(-34.9000004172325,30.453236448715,19.0239512141617));
#3319=CARTESIAN_POINT('Origin',(-34.9000004172325,30.453236448715,19.0239512141617));
#3320=CARTESIAN_POINT('',(-34.9000004172325,30.453236448715,24.3909907105399));
#3321=CARTESIAN_POINT('',(-34.9000004172325,30.453236448715,19.5239512141617));
#3322=CARTESIAN_POINT('',(-32.6864046129575,30.453236448715,26.9390446875298));
#3323=CARTESIAN_POINT('',(-33.2461048361544,30.453236448715,26.294777844918));
#3324=CARTESIAN_POINT('',(-30.0948642493455,30.453236448715,27.3049092094515));
#3325=CARTESIAN_POINT('',(-27.9943961508716,30.453236448715,27.6014458821772));
#3326=CARTESIAN_POINT('',(-29.6647593882203,30.453236448715,27.7999997764811));
#3327=CARTESIAN_POINT('',(-32.823061057356,30.453236448715,24.1645017722686));
#3328=CARTESIAN_POINT('',(-21.2000002458691,30.453236448715,27.7999997764811));
#3329=CARTESIAN_POINT('',(-27.9929780132453,30.453236448715,21.028076785474));
#3330=CARTESIAN_POINT('',(-28.3465314038386,30.453236448715,21.3816301760673));
#3331=CARTESIAN_POINT('',(-30.6990802068633,30.453236448715,18.321974591856));
#3332=CARTESIAN_POINT('Origin',(-34.9000004172325,21.453236448715,19.0239512141617));
#3333=CARTESIAN_POINT('',(-29.9971035845577,22.453236448715,19.0239512141617));
#3334=CARTESIAN_POINT('',(-29.9971035845576,20.453236448715,19.0239512141617));
#3335=CARTESIAN_POINT('Origin',(-29.9971035845576,21.453236448715,19.0239512141617));
#3336=CARTESIAN_POINT('',(-34.9000004172325,22.453236448715,19.0239512141617));
#3337=CARTESIAN_POINT('',(-31.6781618034248,22.453236448715,19.0239512141617));
#3338=CARTESIAN_POINT('',(-34.9000004172325,20.453236448715,19.0239512141617));
#3339=CARTESIAN_POINT('Origin',(-34.9000004172325,21.453236448715,19.0239512141617));
#3340=CARTESIAN_POINT('',(-34.9000004172325,20.453236448715,19.0239512141617));
#3341=CARTESIAN_POINT('Origin',(-34.9000004172325,20.453236448715,19.0239512141617));
#3342=CARTESIAN_POINT('',(-34.9000004172325,20.453236448715,24.3909907105399));
#3343=CARTESIAN_POINT('',(-34.9000004172325,20.453236448715,19.5239512141617));
#3344=CARTESIAN_POINT('',(-32.6864046129575,20.453236448715,26.9390446875298));
#3345=CARTESIAN_POINT('',(-33.2461048361544,20.453236448715,26.294777844918));
#3346=CARTESIAN_POINT('',(-30.0948642493455,20.453236448715,27.3049092094515));
#3347=CARTESIAN_POINT('',(-27.9943961508716,20.453236448715,27.6014458821772));
#3348=CARTESIAN_POINT('',(-29.6647593882203,20.453236448715,27.7999997764811));
#3349=CARTESIAN_POINT('',(-32.823061057356,20.453236448715,24.1645017722686));
#3350=CARTESIAN_POINT('',(-21.2000002458691,20.453236448715,27.7999997764811));
#3351=CARTESIAN_POINT('',(-30.6990802068633,20.453236448715,18.321974591856));
#3352=CARTESIAN_POINT('Origin',(-25.392627897492,30.2013671498833,24.3355336824138));
#3353=CARTESIAN_POINT('',(-26.5151007247518,30.3272228820523,22.5059540739675));
#3354=CARTESIAN_POINT('Origin',(-28.9496084128316,22.9553269373404,20.0714463858878));
#3355=CARTESIAN_POINT('',(-28.9700602610884,32.453236448715,20.0509945376309));
#3356=CARTESIAN_POINT('Origin',(-28.4000000745058,115.946763551285,21.3281615054001));
#3357=CARTESIAN_POINT('',(-28.4000000745058,115.946763551285,21.3281615054001));
#3358=CARTESIAN_POINT('',(-27.2203495733384,116.104050284774,22.5078120065674));
#3359=CARTESIAN_POINT('',(-28.4000000745058,115.946763551285,21.3281615054001));
#3360=CARTESIAN_POINT('Origin',(-28.3465314038386,105.946763551285,21.3816301760673));
#3361=CARTESIAN_POINT('',(-28.3465314038386,105.946763551285,21.3816301760673));
#3362=CARTESIAN_POINT('',(-26.868654115345,106.072777117948,22.8595074645608));
#3363=CARTESIAN_POINT('',(-28.3465314038386,105.946763551285,21.3816301760673));
#3364=CARTESIAN_POINT('Origin',(-28.9496084128316,22.9553269373404,20.0714463858878));
#3365=CARTESIAN_POINT('',(-23.4957391345352,18.4553269373404,25.525315664184));
#3366=CARTESIAN_POINT('',(-28.9490802068633,22.453236448715,20.071974591856));
#3367=CARTESIAN_POINT('Origin',(-29.8798118187829,105.721407397993,27.5524544929663));
#3368=CARTESIAN_POINT('',(-29.6647593882203,120.942582574034,27.7999997764811));
#3369=CARTESIAN_POINT('',(-30.0948642493456,120.942582574034,27.3049092094515));
#3370=CARTESIAN_POINT('',(-31.3406393125997,120.942582574034,25.8709066249556));
#3371=CARTESIAN_POINT('',(-30.0948642493455,115.946763551285,27.3049092094515));
#3372=CARTESIAN_POINT('',(-30.0948642493455,97.1108198099728,27.3049092094515));
#3373=CARTESIAN_POINT('',(-29.6647593882203,115.946763551285,27.7999997764811));
#3374=CARTESIAN_POINT('',(-32.8230610573559,115.946763551285,24.1645017722686));
#3375=CARTESIAN_POINT('',(-29.6647593882203,105.721407397993,27.7999997764811));
#3376=CARTESIAN_POINT('Origin',(-28.9000004172325,120.942582574034,20.799999776481));
#3377=CARTESIAN_POINT('',(-20.9000000745058,120.942582574034,27.7999997764811));
#3378=CARTESIAN_POINT('',(-18.2000002458691,120.942582574034,27.7999997764811));
#3379=CARTESIAN_POINT('',(-20.9000000745058,120.942582574034,26.9042418632995));
#3380=CARTESIAN_POINT('',(-20.9000000745058,120.942582574034,28.2609069737113));
#3381=CARTESIAN_POINT('',(-27.0042299158221,120.942582574034,20.799999776481));
#3382=CARTESIAN_POINT('',(-25.7796104149751,120.942582574034,22.0246217339984));
#3383=CARTESIAN_POINT('',(-34.9000004166455,120.942582574034,20.7999997764811));
#3384=CARTESIAN_POINT('',(-34.9000004172325,120.942582574034,20.799999776481));
#3385=CARTESIAN_POINT('',(-34.9000004172325,120.942582574034,24.3909907105399));
#3386=CARTESIAN_POINT('',(-34.9000004172325,120.942582574034,20.9119754953214));
#3387=CARTESIAN_POINT('',(-32.6864046129575,120.942582574034,26.9390446875298));
#3388=CARTESIAN_POINT('',(-31.7636830913981,120.942582574034,28.001182697605));
#3389=CARTESIAN_POINT('',(-24.9993106892374,120.942582574034,28.0242814767609));
#3390=CARTESIAN_POINT('Origin',(-29.8798118187829,102.223497886619,27.5524544929663));
#3391=CARTESIAN_POINT('',(-30.0948642493455,105.946763551285,27.3049092094515));
#3392=CARTESIAN_POINT('',(-30.0948642493455,97.1108198099728,27.3049092094515));
#3393=CARTESIAN_POINT('',(-29.6647593882203,105.946763551285,27.7999997764811));
#3394=CARTESIAN_POINT('',(-32.8230610573559,105.946763551285,24.1645017722686));
#3395=CARTESIAN_POINT('',(-29.6647593882203,102.223497886619,27.7999997764811));
#3396=CARTESIAN_POINT('Origin',(-29.8798118187829,74.9232656646664,27.5524544929663));
#3397=CARTESIAN_POINT('',(-30.0948642493455,32.453236448715,27.3049092094515));
#3398=CARTESIAN_POINT('',(-29.6647593882203,32.453236448715,27.7999997764811));
#3399=CARTESIAN_POINT('',(-31.1110181266376,32.453236448715,26.1352218964979));
#3400=CARTESIAN_POINT('',(-29.6647593882203,74.9232656646664,27.7999997764811));
#3401=CARTESIAN_POINT('',(-30.0948642493455,39.2891801900273,27.3049092094515));
#3402=CARTESIAN_POINT('Origin',(-29.8798118187829,38.1765021133814,27.5524544929663));
#3403=CARTESIAN_POINT('',(-30.0948642493455,22.453236448715,27.3049092094515));
#3404=CARTESIAN_POINT('',(-29.6647593882203,22.453236448715,27.7999997764811));
#3405=CARTESIAN_POINT('',(-31.0902440727524,22.453236448715,26.1591347583303));
#3406=CARTESIAN_POINT('',(-29.6647593882203,38.1765021133814,27.7999997764811));
#3407=CARTESIAN_POINT('',(-30.0948642493455,39.2891801900273,27.3049092094515));
#3408=CARTESIAN_POINT('Origin',(-29.8798118187829,33.1765021133814,27.5524544929663));
#3409=CARTESIAN_POINT('',(-30.0948642493456,15.4574174259658,27.3049092094515));
#3410=CARTESIAN_POINT('',(-29.6647593882203,15.4574174259658,27.7999997764811));
#3411=CARTESIAN_POINT('',(-31.3406393125997,15.4574174259658,25.8709066249556));
#3412=CARTESIAN_POINT('',(-29.6647593882203,33.1765021133814,27.7999997764811));
#3413=CARTESIAN_POINT('',(-30.0948642493455,39.2891801900273,27.3049092094515));
#3414=CARTESIAN_POINT('Origin',(-7.50000007450581,45.8997677780478,27.7999997764811));
#3415=CARTESIAN_POINT('',(-20.9000000745058,15.4574174259658,27.7999997764811));
#3416=CARTESIAN_POINT('',(-18.2000002458691,15.4574174259658,27.7999997764811));
#3417=CARTESIAN_POINT('',(-20.9000000745058,43.8997677780478,27.7999997764811));
#3418=CARTESIAN_POINT('Origin',(-28.9000004172325,15.4574174259658,20.799999776481));
#3419=CARTESIAN_POINT('',(-32.6864046129575,15.4574174259658,26.9390446875298));
#3420=CARTESIAN_POINT('',(-24.9993106892374,15.4574174259658,28.0242814767609));
#3421=CARTESIAN_POINT('',(-34.9000004172325,15.4574174259658,24.3909907105399));
#3422=CARTESIAN_POINT('',(-31.7636830913981,15.4574174259658,28.001182697605));
#3423=CARTESIAN_POINT('',(-34.9000004166455,15.4574174259658,20.7999997764811));
#3424=CARTESIAN_POINT('',(-34.9000004172325,15.4574174259658,20.9119754953214));
#3425=CARTESIAN_POINT('',(-27.0042299158221,15.4574174259658,20.799999776481));
#3426=CARTESIAN_POINT('',(-34.9000004172325,15.4574174259658,20.799999776481));
#3427=CARTESIAN_POINT('',(-20.9000000745058,15.4574174259658,26.9042418632995));
#3428=CARTESIAN_POINT('',(-25.7796104149751,15.4574174259658,22.0246217339984));
#3429=CARTESIAN_POINT('',(-20.9000000745058,15.4574174259658,28.2609069737113));
#3430=CARTESIAN_POINT('Origin',(-34.9000004172325,115.946763551285,19.0239512141617));
#3431=CARTESIAN_POINT('',(-34.9000004172325,115.946763551285,19.0239512141617));
#3432=CARTESIAN_POINT('',(-34.9000004172325,115.946763551285,19.0239512141617));
#3433=CARTESIAN_POINT('',(-28.4000000745058,115.946763551285,27.7999997764811));
#3434=CARTESIAN_POINT('',(-28.4000000745058,115.946763551285,23.4119754953214));
#3435=CARTESIAN_POINT('',(-21.2000002458691,115.946763551285,27.7999997764811));
#3436=CARTESIAN_POINT('',(-32.6864046129575,115.946763551285,26.9390446875298));
#3437=CARTESIAN_POINT('',(-27.9943961508716,115.946763551285,27.6014458821772));
#3438=CARTESIAN_POINT('',(-34.9000004172325,115.946763551285,24.3909907105399));
#3439=CARTESIAN_POINT('',(-33.2461048361544,115.946763551285,26.294777844918));
#3440=CARTESIAN_POINT('',(-34.9000004172325,115.946763551285,19.5239512141617));
#3441=CARTESIAN_POINT('Origin',(-34.9000004172325,105.946763551285,19.0239512141617));
#3442=CARTESIAN_POINT('',(-28.3465314038386,105.946763551285,27.7999997764811));
#3443=CARTESIAN_POINT('',(-28.3465314038386,105.946763551285,23.4119754953214));
#3444=CARTESIAN_POINT('',(-21.2000002458691,105.946763551285,27.7999997764811));
#3445=CARTESIAN_POINT('',(-32.6864046129575,105.946763551285,26.9390446875298));
#3446=CARTESIAN_POINT('',(-27.9943961508716,105.946763551285,27.6014458821772));
#3447=CARTESIAN_POINT('',(-34.9000004172325,105.946763551285,24.3909907105399));
#3448=CARTESIAN_POINT('',(-33.2461048361544,105.946763551285,26.294777844918));
#3449=CARTESIAN_POINT('',(-34.9000004172325,105.946763551285,19.5239512141617));
#3450=CARTESIAN_POINT('Origin',(-34.9000004172325,32.453236448715,25.9400309972613));
#3451=CARTESIAN_POINT('',(-28.3465314038386,32.453236448715,27.7999997764811));
#3452=CARTESIAN_POINT('',(-28.3465314038386,32.453236448715,26.8700153868712));
#3453=CARTESIAN_POINT('',(-21.2000002458691,32.453236448715,27.7999997764811));
#3454=CARTESIAN_POINT('',(-32.6864046129575,32.453236448715,26.9390446875298));
#3455=CARTESIAN_POINT('',(-27.5157422372632,32.453236448715,27.6690205523337));
#3456=CARTESIAN_POINT('',(-34.9000004172325,32.453236448715,24.3909907105399));
#3457=CARTESIAN_POINT('',(-31.5340619054361,32.453236448715,28.2654979691472));
#3458=CARTESIAN_POINT('',(-34.9000004172325,32.453236448715,22.9819911057115));
#3459=CARTESIAN_POINT('Origin',(-34.9000004172325,22.453236448715,26.0239512141617));
#3460=CARTESIAN_POINT('',(-28.4000000745058,22.453236448715,27.7999997764811));
#3461=CARTESIAN_POINT('',(-28.4000000745058,22.453236448715,26.9119754953214));
#3462=CARTESIAN_POINT('',(-21.2000002458691,22.453236448715,27.7999997764811));
#3463=CARTESIAN_POINT('',(-32.6864046129575,22.453236448715,26.9390446875298));
#3464=CARTESIAN_POINT('',(-27.509934215738,22.453236448715,27.6698405083137));
#3465=CARTESIAN_POINT('',(-34.9000004172325,22.453236448715,24.3909907105399));
#3466=CARTESIAN_POINT('',(-31.5132878515509,22.453236448715,28.2894108309797));
#3467=CARTESIAN_POINT('',(-34.9000004172325,22.453236448715,19.9119754953214));
#3468=CARTESIAN_POINT('Origin',(-29.4301291945738,32.6785926020068,30.6873195595561));
#3469=CARTESIAN_POINT('',(-32.6864046129575,32.6785926020068,26.9390446875298));
#3470=CARTESIAN_POINT('',(-34.9000004172325,29.5659145253609,24.3909907105399));
#3471=CARTESIAN_POINT('Origin',(-29.4301291945738,32.6785926020068,30.6873195595561));
#3472=CARTESIAN_POINT('',(-32.6864046129575,32.6785926020068,26.9390446875298));
#3473=CARTESIAN_POINT('',(-34.9000004172325,29.5659145253609,24.3909907105399));
#3474=CARTESIAN_POINT('Origin',(-29.4301291945738,32.6785926020068,30.6873195595561));
#3475=CARTESIAN_POINT('',(-32.6864046129575,32.6785926020068,26.9390446875298));
#3476=CARTESIAN_POINT('',(-34.9000002746458,99.128633791722,24.3909907592053));
#3477=CARTESIAN_POINT('',(-34.9000004172325,106.834085474639,24.3909907105399));
#3478=CARTESIAN_POINT('',(-32.9000004172325,99.128633791722,26.6931761159052));
#3479=CARTESIAN_POINT('',(-31.1748835741848,99.128633791722,28.6789455252123));
#3480=CARTESIAN_POINT('',(-32.9000004172325,37.2713662082781,26.6931761159052));
#3481=CARTESIAN_POINT('',(-32.9000004172325,98.1750205948576,26.6931761159052));
#3482=CARTESIAN_POINT('',(-34.9000002746458,37.2713662082781,24.3909907592053));
#3483=CARTESIAN_POINT('',(-31.1748835741848,37.2713662082781,28.6789455252123));
#3484=CARTESIAN_POINT('',(-34.9000004172325,29.5659145253609,24.3909907105399));
#3485=CARTESIAN_POINT('Origin',(-29.4301291945738,32.6785926020068,30.6873195595561));
#3486=CARTESIAN_POINT('',(-32.6864046129575,32.6785926020068,26.9390446875298));
#3487=CARTESIAN_POINT('',(-34.9000004172325,106.834085474639,24.3909907105399));
#3488=CARTESIAN_POINT('Origin',(-20.1748771678573,32.6785926020068,28.7053779738969));
#3489=CARTESIAN_POINT('Origin',(-20.1748771678573,32.6785926020068,28.7053779738969));
#3490=CARTESIAN_POINT('Origin',(-20.1748771678573,32.6785926020068,28.7053779738969));
#3491=CARTESIAN_POINT('Origin',(-20.1748771678573,32.6785926020068,28.7053779738969));
#3492=CARTESIAN_POINT('Origin',(-20.1748771678573,32.6785926020068,28.7053779738969));
#3493=CARTESIAN_POINT('',(-32.6864046129575,32.6785926020068,26.9390446875298));
#3494=CARTESIAN_POINT('Origin',(-31.6500004172325,94.628633791722,20.799999776481));
#3495=CARTESIAN_POINT('',(-32.9000004172325,94.628633791722,16.799999776481));
#3496=CARTESIAN_POINT('',(-32.9000004172325,90.628633791722,20.799999776481));
#3497=CARTESIAN_POINT('Origin',(-32.9000004172325,94.628633791722,20.799999776481));
#3498=CARTESIAN_POINT('',(-27.9000004172325,94.628633791722,16.799999776481));
#3499=CARTESIAN_POINT('',(-31.6500004172325,94.628633791722,16.799999776481));
#3500=CARTESIAN_POINT('',(-27.9000004172325,90.628633791722,20.799999776481));
#3501=CARTESIAN_POINT('Origin',(-27.9000004172325,94.628633791722,20.799999776481));
#3502=CARTESIAN_POINT('',(-31.6500004172325,90.628633791722,20.799999776481));
#3503=CARTESIAN_POINT('Origin',(-27.9000004172325,91.128633791722,24.799999776481));
#3504=CARTESIAN_POINT('',(-27.9000004172325,99.128633791722,16.799999776481));
#3505=CARTESIAN_POINT('',(-27.9000004172325,91.128633791722,16.799999776481));
#3506=CARTESIAN_POINT('',(-27.9000004172325,99.128633791722,19.9042274780938));
#3507=CARTESIAN_POINT('',(-27.9000004172325,99.128633791722,24.799999776481));
#3508=CARTESIAN_POINT('',(-27.9000004172325,99.052171219759,19.9042274780938));
#3509=CARTESIAN_POINT('',(-27.9000004172325,106.035608182878,19.9042274780938));
#3510=CARTESIAN_POINT('',(-27.9000004172325,99.128633791722,22.4900228702845));
#3511=CARTESIAN_POINT('Origin',(-27.9000004172325,104.946763551285,21.0239512141617));
#3512=CARTESIAN_POINT('',(-27.9000004172325,99.128633791722,24.799999776481));
#3513=CARTESIAN_POINT('',(-27.9000004172325,99.128633791722,24.799999776481));
#3514=CARTESIAN_POINT('',(-27.9000004172325,90.628633791722,24.799999776481));
#3515=CARTESIAN_POINT('',(-27.9000004172325,97.0644330068372,24.799999776481));
#3516=CARTESIAN_POINT('',(-27.9000004172325,90.628633791722,24.799999776481));
#3517=CARTESIAN_POINT('',(-27.9000004172325,97.628633791722,20.799999776481));
#3518=CARTESIAN_POINT('Origin',(-27.9000004172325,94.628633791722,20.799999776481));
#3519=CARTESIAN_POINT('Origin',(-32.9000004172325,90.628633791722,24.799999776481));
#3520=CARTESIAN_POINT('',(-32.9000004172325,90.628633791722,24.799999776481));
#3521=CARTESIAN_POINT('',(-27.0500002458691,90.628633791722,24.799999776481));
#3522=CARTESIAN_POINT('',(-32.9000004172325,90.628633791722,24.799999776481));
#3523=CARTESIAN_POINT('Origin',(-17.9000004172325,81.5002322219523,28.299999776481));
#3524=CARTESIAN_POINT('',(-17.9000004172325,86.5002322219523,24.799999776481));
#3525=CARTESIAN_POINT('',(-22.9000004172325,81.5002322219523,24.799999776481));
#3526=CARTESIAN_POINT('Origin',(-17.9000004172325,81.5002322219523,24.799999776481));
#3527=CARTESIAN_POINT('',(-17.9000004172325,86.5002322219523,27.7999997764811));
#3528=CARTESIAN_POINT('',(-17.9000004172325,86.5002322219523,28.299999776481));
#3529=CARTESIAN_POINT('',(-22.9000004172325,81.5002322219523,27.7999997764811));
#3530=CARTESIAN_POINT('Origin',(-17.9000004172325,81.5002322219523,27.7999997764811));
#3531=CARTESIAN_POINT('',(-22.9000004172325,81.5002322219523,28.299999776481));
#3532=CARTESIAN_POINT('Origin',(-29.4000004172325,94.628633791722,20.799999776481));
#3533=CARTESIAN_POINT('',(-30.9000004172325,97.628633791722,20.799999776481));
#3534=CARTESIAN_POINT('Origin',(-30.9000004172325,94.628633791722,20.799999776481));
#3535=CARTESIAN_POINT('',(-29.4000004172325,97.628633791722,20.799999776481));
#3536=CARTESIAN_POINT('Origin',(-30.9000004172325,94.628633791722,20.799999776481));
#3537=CARTESIAN_POINT('',(-30.9000004172325,96.228633791722,20.799999776481));
#3538=CARTESIAN_POINT('Origin',(-30.9000004172325,94.628633791722,20.799999776481));
#3539=CARTESIAN_POINT('Origin',(-27.9000004172325,94.628633791722,20.799999776481));
#3540=CARTESIAN_POINT('',(-32.9000004172325,96.228633791722,20.799999776481));
#3541=CARTESIAN_POINT('Origin',(-32.9000004172325,94.628633791722,20.799999776481));
#3542=CARTESIAN_POINT('',(-27.9000004172325,96.228633791722,20.799999776481));
#3543=CARTESIAN_POINT('Origin',(-27.9000004172325,99.128633791722,24.799999776481));
#3544=CARTESIAN_POINT('',(-32.9000004172325,99.128633791722,19.5578795580389));
#3545=CARTESIAN_POINT('',(-28.2463476424912,99.128633791722,19.5578795580389));
#3546=CARTESIAN_POINT('',(-34.9000004172325,99.128633791722,19.5578795580389));
#3547=CARTESIAN_POINT('',(-24.5296109164937,99.128633791722,23.2746237400643));
#3548=CARTESIAN_POINT('',(-32.9000004172325,99.128633791722,16.799999776481));
#3549=CARTESIAN_POINT('',(-32.9000004172325,99.128633791722,16.799999776481));
#3550=CARTESIAN_POINT('',(-32.9000004172325,99.128633791722,24.799999776481));
#3551=CARTESIAN_POINT('Origin',(-30.4000004172325,95.128633791722,16.799999776481));
#3552=CARTESIAN_POINT('',(-32.9000004172325,91.128633791722,16.799999776481));
#3553=CARTESIAN_POINT('Origin',(-26.9000000745058,99.128633791722,24.799999776481));
#3554=CARTESIAN_POINT('',(-32.9000004172325,99.128633791722,22.4900228702845));
#3555=CARTESIAN_POINT('',(-32.9000004172325,99.128633791722,24.799999776481));
#3556=CARTESIAN_POINT('',(-34.9000002461018,99.128633791722,22.4900228702845));
#3557=CARTESIAN_POINT('',(-34.9000000745058,99.128633791722,24.799999776481));
#3558=CARTESIAN_POINT('',(-34.9000004172325,99.128633791722,22.4900228702845));
#3559=CARTESIAN_POINT('Origin',(-34.9000004172325,104.946763551285,21.0239512141617));
#3560=CARTESIAN_POINT('Origin',(-32.9000004172325,104.946763551285,21.0239512141617));
#3561=CARTESIAN_POINT('',(-34.9000004172325,104.946763551285,15.0239512141617));
#3562=CARTESIAN_POINT('Origin',(-34.9000004172325,104.946763551285,21.0239512141617));
#3563=CARTESIAN_POINT('',(-32.7802668910165,104.946763551285,15.0239512141617));
#3564=CARTESIAN_POINT('',(-34.9000004172325,104.946763551285,15.0239512141617));
#3565=CARTESIAN_POINT('Origin',(-26.7802789274024,104.946763551285,21.0239512141617));
#3566=CARTESIAN_POINT('Origin',(-30.9000000745058,86.5002322219523,28.799999776481));
#3567=CARTESIAN_POINT('',(-7.50000007450581,86.5002322219523,24.799999776481));
#3568=CARTESIAN_POINT('',(-7.50000007450581,86.5002322219523,24.799999776481));
#3569=CARTESIAN_POINT('',(-7.50000007450581,86.5002322219523,27.7999997764811));
#3570=CARTESIAN_POINT('',(-7.50000007450581,86.5002322219523,26.7999997764811));
#3571=CARTESIAN_POINT('',(-19.2000000745058,86.5002322219523,27.7999997764811));
#3572=CARTESIAN_POINT('Origin',(-26.9000000745058,99.128633791722,24.799999776481));
#3573=CARTESIAN_POINT('',(-25.3142102123136,99.128633791722,22.4900228702845));
#3574=CARTESIAN_POINT('',(-34.9000004172325,99.128633791722,22.4900228702845));
#3575=CARTESIAN_POINT('',(-23.0042379400793,99.128633791722,24.799999776481));
#3576=CARTESIAN_POINT('',(-24.2796113323287,99.128633791722,23.5246238257454));
#3577=CARTESIAN_POINT('',(-24.0500000745058,99.128633791722,24.799999776481));
#3578=CARTESIAN_POINT('Origin',(-22.6773032531785,117.94467306266,25.4804888644548));
#3579=CARTESIAN_POINT('',(-22.500526380569,116.73336004381,25.3037123464712));
#3580=CARTESIAN_POINT('Origin',(-22.6773032531785,116.709789794129,25.4804888644548));
#3581=CARTESIAN_POINT('',(-22.500526380569,117.94467306266,25.3037123464712));
#3582=CARTESIAN_POINT('Origin',(-23.6071075649436,120.942582574034,24.1971289422191));
#3583=CARTESIAN_POINT('',(-32.7802668910165,114.946763551285,15.0239512141617));
#3584=CARTESIAN_POINT('',(-32.7802668910165,117.94467306266,15.0239512141617));
#3585=CARTESIAN_POINT('Origin',(-26.7802789274024,114.946763551285,21.0239512141617));
#3586=CARTESIAN_POINT('',(-20.9000000745058,116.946763551285,26.9042418632995));
#3587=CARTESIAN_POINT('',(-20.9000000745058,107.721407397993,26.9042418632995));
#3588=CARTESIAN_POINT('',(-23.672943130758,116.577037810451,24.131293244334));
#3589=CARTESIAN_POINT('',(-20.9000002453498,107.500232477838,26.9042417787687));
#3590=CARTESIAN_POINT('',(-20.9000000745058,107.721407397993,26.9042418632995));
#3591=CARTESIAN_POINT('',(-23.0042379400793,109.604470087526,24.799999776481));
#3592=CARTESIAN_POINT('',(-22.5601336006181,109.160365748065,25.244105006846));
#3593=CARTESIAN_POINT('',(-23.0042379400793,111.971407397993,24.799999776481));
#3594=CARTESIAN_POINT('Origin',(-26.7802789274024,104.946763551285,21.0239512141617));
#3595=CARTESIAN_POINT('Origin',(-21.167577461634,107.060702827894,26.6059876359012));
#3596=CARTESIAN_POINT('',(-21.1250983037245,106.562510574699,27.7999997764811));
#3597=CARTESIAN_POINT('',(-20.8140240710408,107.414256218487,27.7999997764811));
#3598=CARTESIAN_POINT('Origin',(-21.167577461634,107.060702827894,27.7999997764811));
#3599=CARTESIAN_POINT('',(-21.1250983037245,106.562510574699,25.799999776481));
#3600=CARTESIAN_POINT('',(-21.1250983037245,106.562510574699,26.6059876359012));
#3601=CARTESIAN_POINT('',(-20.8140240710408,107.414256218487,25.799999776481));
#3602=CARTESIAN_POINT('Origin',(-21.167577461634,107.060702827894,25.799999776481));
#3603=CARTESIAN_POINT('',(-20.8140240710408,107.414256218487,26.6059876359012));
#3604=CARTESIAN_POINT('Origin',(-7.50000007450581,90.5002322219523,27.7999997764811));
#3605=CARTESIAN_POINT('',(-16.5790600014638,106.950135788994,27.799999776481));
#3606=CARTESIAN_POINT('',(-20.9000002587494,107.500232487729,27.7999997764811));
#3607=CARTESIAN_POINT('',(-11.5500000745058,98.1502322219523,27.7999997764811));
#3608=CARTESIAN_POINT('',(-20.9000000745058,92.5002322219523,27.7999997764811));
#3609=CARTESIAN_POINT('Origin',(-24.2000847944318,106.300316941878,24.4119754953214));
#3610=CARTESIAN_POINT('',(-22.7443962510999,106.424438549757,25.799999776481));
#3611=CARTESIAN_POINT('Origin',(-22.0047939291559,114.946763551285,25.799999776481));
#3612=CARTESIAN_POINT('',(-21.2878313705015,107.888063517948,25.799999776481));
#3613=CARTESIAN_POINT('Origin',(-17.4000000745058,104.000232221952,28.799999776481));
#3614=CARTESIAN_POINT('',(-7.88174249743294,94.4819746448794,27.7999997764811));
#3615=CARTESIAN_POINT('',(-11.5500000745058,98.1502322219523,27.7999997764811));
#3616=CARTESIAN_POINT('',(-7.88174249743294,94.4819746448794,24.799999776481));
#3617=CARTESIAN_POINT('',(-7.88174249743294,94.4819746448794,26.7999997764811));
#3618=CARTESIAN_POINT('',(-18.1000000745058,104.700232221952,24.799999776481));
#3619=CARTESIAN_POINT('',(-20.9000004172325,107.500232564679,26.799999776481));
#3620=CARTESIAN_POINT('Origin',(-24.6500000745058,116.446763551285,24.4119754953214));
#3621=CARTESIAN_POINT('',(-20.9000000745058,116.946763551285,27.7999997764811));
#3622=CARTESIAN_POINT('',(-17.9243361877809,117.343518736182,27.7999997764811));
#3623=CARTESIAN_POINT('',(-20.9000000745058,116.946763551285,24.4119754953214));
#3624=CARTESIAN_POINT('Origin',(-20.9000000745058,94.5002322219523,28.799999776481));
#3625=CARTESIAN_POINT('',(-20.9000000745058,92.5002322219523,27.7999997764811));
#3626=CARTESIAN_POINT('Origin',(-7.50000007450581,90.5002322219523,27.7999997764811));
#3627=CARTESIAN_POINT('Origin',(-34.9000004172325,114.946763551285,19.0239512141617));
#3628=CARTESIAN_POINT('Origin',(-34.9000004172325,114.946763551285,19.0239512141617));
#3629=CARTESIAN_POINT('Origin',(-34.9000004172325,114.946763551285,15.0239512141617));
#3630=CARTESIAN_POINT('',(-34.9000004172325,114.946763551285,15.0239512141617));
#3631=CARTESIAN_POINT('',(-34.9000004172325,114.946763551285,15.0239512141617));
#3632=CARTESIAN_POINT('',(-34.9000004172325,114.946763551285,15.0239512141617));
#3633=CARTESIAN_POINT('Origin',(-34.9000004172325,114.946763551285,21.0239512141617));
#3634=CARTESIAN_POINT('Origin',(-34.9000004172325,114.946763551285,21.0239512141617));
#3635=CARTESIAN_POINT('Origin',(-34.9000004172325,104.946763551285,21.0239512141617));
#3636=CARTESIAN_POINT('Origin',(-20.9000000745058,94.5002322219523,28.799999776481));
#3637=CARTESIAN_POINT('Origin',(-34.9000004172325,109.946763551285,21.0239512141617));
#3638=CARTESIAN_POINT('',(-34.9000004172325,106.834085474639,24.3909907105399));
#3639=CARTESIAN_POINT('Origin',(-29.4301291945738,32.6785926020068,30.6873195595561));
#3640=CARTESIAN_POINT('Origin',(-7.50000007450581,90.5002322219523,14.799999776481));
#3641=CARTESIAN_POINT('',(-3.50000007450582,90.5002322219523,14.799999776481));
#3642=CARTESIAN_POINT('Origin',(-7.50000007450581,90.5002322219523,14.799999776481));
#3643=CARTESIAN_POINT('',(-5.90000007450581,90.5002322219523,14.799999776481));
#3644=CARTESIAN_POINT('Origin',(-7.50000007450581,90.5002322219523,14.799999776481));
#3645=CARTESIAN_POINT('Origin',(-7.50000007450581,90.5002322219523,26.7999997764811));
#3646=CARTESIAN_POINT('',(-3.50000007450582,90.5002322219523,27.7999997764811));
#3647=CARTESIAN_POINT('Origin',(-7.50000007450581,90.5002322219523,27.7999997764811));
#3648=CARTESIAN_POINT('',(-3.50000007450582,90.5002322219523,26.7999997764811));
#3649=CARTESIAN_POINT('Origin',(-7.50000007450581,90.5002322219523,27.7999997764811));
#3650=CARTESIAN_POINT('Origin',(-7.50000007450581,90.5002322219523,24.799999776481));
#3651=CARTESIAN_POINT('Origin',(-7.50000007450581,90.5002322219523,26.7999997764811));
#3652=CARTESIAN_POINT('',(-5.90000007450581,90.5002322219523,27.7999997764811));
#3653=CARTESIAN_POINT('',(-5.90000007450581,90.5002322219523,26.7999997764811));
#3654=CARTESIAN_POINT('Origin',(-7.50000007450581,90.5002322219523,27.7999997764811));
#3655=CARTESIAN_POINT('Origin',(-32.9000004172325,43.7713662082781,26.3909911050501));
#3656=CARTESIAN_POINT('',(-32.9000004172325,45.7713662082781,24.799999776481));
#3657=CARTESIAN_POINT('',(-32.9000004172325,49.8997677780477,24.799999776481));
#3658=CARTESIAN_POINT('',(-32.9000004172325,45.7713662082781,20.799999776481));
#3659=CARTESIAN_POINT('',(-32.9000004172325,45.7713662082781,24.799999776481));
#3660=CARTESIAN_POINT('',(-32.9000004172325,41.7713662082781,16.799999776481));
#3661=CARTESIAN_POINT('Origin',(-32.9000004172325,41.7713662082781,20.799999776481));
#3662=CARTESIAN_POINT('',(-32.9000004172325,37.2713662082781,16.799999776481));
#3663=CARTESIAN_POINT('',(-32.9000004172325,45.2713662082781,16.799999776481));
#3664=CARTESIAN_POINT('',(-32.9000004172325,37.2713662082781,19.5578795580389));
#3665=CARTESIAN_POINT('',(-32.9000004172325,37.2713662082781,24.799999776481));
#3666=CARTESIAN_POINT('',(-32.9000004172325,37.2713662082781,22.4900228702845));
#3667=CARTESIAN_POINT('Origin',(-32.9000004172325,31.453236448715,21.0239512141617));
#3668=CARTESIAN_POINT('',(-32.9000004172325,37.2713662082781,24.799999776481));
#3669=CARTESIAN_POINT('',(-32.9000004172325,40.1713662082781,20.799999776481));
#3670=CARTESIAN_POINT('Origin',(-32.9000004172325,41.7713662082781,20.799999776481));
#3671=CARTESIAN_POINT('Origin',(-21.2000000745058,33.3997677780478,24.799999776481));
#3672=CARTESIAN_POINT('',(-22.9000004172325,54.8997677780477,24.799999776481));
#3673=CARTESIAN_POINT('',(-22.9000004172325,49.8997677780477,24.799999776481));
#3674=CARTESIAN_POINT('',(-17.9000004172325,49.8997677780477,24.799999776481));
#3675=CARTESIAN_POINT('Origin',(-17.9000004172325,54.8997677780477,24.799999776481));
#3676=CARTESIAN_POINT('',(-7.50000007450581,49.8997677780477,24.799999776481));
#3677=CARTESIAN_POINT('',(-7.50000007450581,49.8997677780477,24.799999776481));
#3678=CARTESIAN_POINT('',(-7.88174249743294,41.9180253551206,24.799999776481));
#3679=CARTESIAN_POINT('Origin',(-7.50000007450581,45.8997677780478,24.799999776481));
#3680=CARTESIAN_POINT('',(-23.0042379400793,26.7955299124742,24.799999776481));
#3681=CARTESIAN_POINT('',(-18.1000000745058,31.6997677780478,24.799999776481));
#3682=CARTESIAN_POINT('',(-23.0042379400793,37.2713662082781,24.799999776481));
#3683=CARTESIAN_POINT('',(-23.0042379400793,24.4285926020068,24.799999776481));
#3684=CARTESIAN_POINT('',(-27.9000004172325,37.2713662082781,24.799999776481));
#3685=CARTESIAN_POINT('',(-24.0500000745058,37.2713662082781,24.799999776481));
#3686=CARTESIAN_POINT('',(-27.9000004172325,45.7713662082781,24.799999776481));
#3687=CARTESIAN_POINT('',(-27.9000004172325,39.3355669931629,24.799999776481));
#3688=CARTESIAN_POINT('',(-27.0500002458691,45.7713662082781,24.799999776481));
#3689=CARTESIAN_POINT('Origin',(-22.9000004172325,49.8997677780477,27.7999997764811));
#3690=CARTESIAN_POINT('',(-22.9000004172325,54.8997677780477,27.7999997764811));
#3691=CARTESIAN_POINT('',(-22.9000004172325,49.8997677780477,27.7999997764811));
#3692=CARTESIAN_POINT('',(-22.9000004172325,54.8997677780477,28.299999776481));
#3693=CARTESIAN_POINT('Origin',(-7.50000007450581,45.8997677780478,27.7999997764811));
#3694=CARTESIAN_POINT('',(-14.5181042790924,35.2816635734612,27.7999997764811));
#3695=CARTESIAN_POINT('',(-13.5647731927392,35.4766552004323,27.7999997764811));
#3696=CARTESIAN_POINT('',(-7.88174249743294,41.9180253551206,27.7999997764811));
#3697=CARTESIAN_POINT('',(-11.5500000745058,38.2497677780478,27.7999997764811));
#3698=CARTESIAN_POINT('',(-3.50000007450582,45.8997677780478,27.7999997764811));
#3699=CARTESIAN_POINT('Origin',(-7.50000007450581,45.8997677780478,27.7999997764811));
#3700=CARTESIAN_POINT('',(-7.50000007450581,49.8997677780477,27.7999997764811));
#3701=CARTESIAN_POINT('Origin',(-7.50000007450581,45.8997677780478,27.7999997764811));
#3702=CARTESIAN_POINT('',(-17.9000004172325,49.8997677780477,27.7999997764811));
#3703=CARTESIAN_POINT('',(-19.2000000745058,49.8997677780477,27.7999997764811));
#3704=CARTESIAN_POINT('Origin',(-17.9000004172325,54.8997677780477,27.7999997764811));
#3705=CARTESIAN_POINT('',(-5.90000007450581,45.8997677780478,27.7999997764811));
#3706=CARTESIAN_POINT('Origin',(-7.50000007450581,45.8997677780478,27.7999997764811));
#3707=CARTESIAN_POINT('Origin',(-31.6500004172325,41.7713662082781,20.799999776481));
#3708=CARTESIAN_POINT('',(-27.9000004172325,45.7713662082781,20.799999776481));
#3709=CARTESIAN_POINT('',(-31.6500004172325,45.7713662082781,20.799999776481));
#3710=CARTESIAN_POINT('',(-27.9000004172325,41.7713662082781,16.799999776481));
#3711=CARTESIAN_POINT('Origin',(-27.9000004172325,41.7713662082781,20.799999776481));
#3712=CARTESIAN_POINT('',(-31.6500004172325,41.7713662082781,16.799999776481));
#3713=CARTESIAN_POINT('Origin',(-27.9000004172325,45.2713662082781,24.799999776481));
#3714=CARTESIAN_POINT('',(-27.9000004172325,45.7713662082781,24.799999776481));
#3715=CARTESIAN_POINT('',(-27.9000004172325,37.2713662082781,22.4900228702845));
#3716=CARTESIAN_POINT('',(-27.9000004172325,37.2713662082781,24.799999776481));
#3717=CARTESIAN_POINT('',(-27.9000004172325,37.3478287802411,19.9042274780938));
#3718=CARTESIAN_POINT('Origin',(-27.9000004172325,31.453236448715,21.0239512141617));
#3719=CARTESIAN_POINT('',(-27.9000004172325,37.2713662082781,19.9042274780938));
#3720=CARTESIAN_POINT('',(-27.9000004172325,30.3643918171219,19.9042274780938));
#3721=CARTESIAN_POINT('',(-27.9000004172325,37.2713662082781,16.799999776481));
#3722=CARTESIAN_POINT('',(-27.9000004172325,37.2713662082781,24.799999776481));
#3723=CARTESIAN_POINT('',(-27.9000004172325,45.2713662082781,16.799999776481));
#3724=CARTESIAN_POINT('',(-27.9000004172325,38.7713662082781,20.799999776481));
#3725=CARTESIAN_POINT('Origin',(-27.9000004172325,41.7713662082781,20.799999776481));
#3726=CARTESIAN_POINT('Origin',(-32.9000004172325,45.7713662082781,24.799999776481));
#3727=CARTESIAN_POINT('Origin',(-17.9000004172325,54.8997677780477,28.299999776481));
#3728=CARTESIAN_POINT('',(-17.9000004172325,49.8997677780477,28.299999776481));
#3729=CARTESIAN_POINT('Origin',(-29.4000004172325,41.7713662082781,20.799999776481));
#3730=CARTESIAN_POINT('',(-30.9000004172325,38.7713662082781,20.799999776481));
#3731=CARTESIAN_POINT('',(-29.4000004172325,38.7713662082781,20.799999776481));
#3732=CARTESIAN_POINT('Origin',(-30.9000004172325,41.7713662082781,20.799999776481));
#3733=CARTESIAN_POINT('Origin',(-30.9000004172325,41.7713662082781,20.799999776481));
#3734=CARTESIAN_POINT('',(-30.9000004172325,40.1713662082781,20.799999776481));
#3735=CARTESIAN_POINT('Origin',(-30.9000004172325,41.7713662082781,20.799999776481));
#3736=CARTESIAN_POINT('Origin',(-27.9000004172325,41.7713662082781,20.799999776481));
#3737=CARTESIAN_POINT('',(-27.9000004172325,40.1713662082781,20.799999776481));
#3738=CARTESIAN_POINT('Origin',(-27.9000004172325,37.2713662082781,24.799999776481));
#3739=CARTESIAN_POINT('',(-28.2463476424912,37.2713662082781,19.5578795580389));
#3740=CARTESIAN_POINT('',(-34.9000004172325,37.2713662082781,19.5578795580389));
#3741=CARTESIAN_POINT('',(-32.9000004172325,37.2713662082781,16.799999776481));
#3742=CARTESIAN_POINT('',(-24.5296109164937,37.2713662082781,23.2746237400643));
#3743=CARTESIAN_POINT('Origin',(-30.4000004172325,41.2713662082781,16.799999776481));
#3744=CARTESIAN_POINT('Origin',(-26.9000000745058,37.2713662082781,24.799999776481));
#3745=CARTESIAN_POINT('',(-34.9000002461018,37.2713662082781,22.4900228702845));
#3746=CARTESIAN_POINT('',(-34.9000004172325,37.2713662082781,22.4900228702845));
#3747=CARTESIAN_POINT('',(-34.9000000745058,37.2713662082781,24.799999776481));
#3748=CARTESIAN_POINT('Origin',(-34.9000004172325,31.453236448715,21.0239512141617));
#3749=CARTESIAN_POINT('',(-32.7802668910165,31.453236448715,15.0239512141617));
#3750=CARTESIAN_POINT('Origin',(-26.7802789274024,31.453236448715,21.0239512141617));
#3751=CARTESIAN_POINT('',(-34.9000004172325,31.453236448715,15.0239512141617));
#3752=CARTESIAN_POINT('',(-34.9000004172325,31.453236448715,15.0239512141617));
#3753=CARTESIAN_POINT('Origin',(-34.9000004172325,31.453236448715,21.0239512141617));
#3754=CARTESIAN_POINT('Origin',(-30.9000000745058,49.8997677780477,28.799999776481));
#3755=CARTESIAN_POINT('',(-7.50000007450581,49.8997677780477,26.7999997764811));
#3756=CARTESIAN_POINT('Origin',(-26.9000000745058,37.2713662082781,24.799999776481));
#3757=CARTESIAN_POINT('',(-25.3142102123136,37.2713662082781,22.4900228702845));
#3758=CARTESIAN_POINT('',(-24.2796113323287,37.2713662082781,23.5246238257454));
#3759=CARTESIAN_POINT('',(-34.9000004172325,37.2713662082781,22.4900228702845));
#3760=CARTESIAN_POINT('Origin',(-22.6773032531785,18.4553269373404,25.4804888644548));
#3761=CARTESIAN_POINT('',(-22.500526380569,23.2398329412399,25.3037123464712));
#3762=CARTESIAN_POINT('',(-22.500526380569,18.4553269373404,25.3037123464712));
#3763=CARTESIAN_POINT('',(-22.7205896286122,23.2104911748341,25.7267129284734));
#3764=CARTESIAN_POINT('Origin',(-22.6773032531785,23.2162626915586,25.4804888644548));
#3765=CARTESIAN_POINT('',(-22.7205896286122,18.4553269373404,25.7267129284734));
#3766=CARTESIAN_POINT('Origin',(-23.6071075649436,15.4574174259658,24.1971289422191));
#3767=CARTESIAN_POINT('Origin',(-26.7802789274024,31.453236448715,21.0239512141617));
#3768=CARTESIAN_POINT('',(-20.9000002453499,28.8997675221624,26.9042417787686));
#3769=CARTESIAN_POINT('',(-22.5601336006181,27.2396342519355,25.244105006846));
#3770=CARTESIAN_POINT('',(-20.9000000745058,23.453236448715,26.9042418632995));
#3771=CARTESIAN_POINT('',(-20.9000000745058,28.6785926020068,26.9042418632995));
#3772=CARTESIAN_POINT('',(-23.2018510736276,23.1463229821654,24.6023862465073));
#3773=CARTESIAN_POINT('',(-20.9000000745058,28.6785926020068,26.9042418632995));
#3774=CARTESIAN_POINT('',(-32.7802668910165,21.453236448715,15.0239512141617));
#3775=CARTESIAN_POINT('Origin',(-26.7802789274024,21.453236448715,21.0239512141617));
#3776=CARTESIAN_POINT('',(-32.7802668910165,18.4553269373404,15.0239512141617));
#3777=CARTESIAN_POINT('Origin',(-21.167577461634,29.3392971721061,26.6059876359012));
#3778=CARTESIAN_POINT('',(-20.8140240710408,28.9857437815128,27.7999997764811));
#3779=CARTESIAN_POINT('Origin',(-21.167577461634,29.3392971721061,27.7999997764811));
#3780=CARTESIAN_POINT('',(-20.8140240710408,28.9857437815128,25.799999776481));
#3781=CARTESIAN_POINT('',(-20.8140240710408,28.9857437815128,26.6059876359012));
#3782=CARTESIAN_POINT('Origin',(-21.167577461634,29.3392971721061,25.799999776481));
#3783=CARTESIAN_POINT('Origin',(-7.50000007450581,45.8997677780478,27.7999997764811));
#3784=CARTESIAN_POINT('',(-20.9000000745058,23.453236448715,27.7999997764811));
#3785=CARTESIAN_POINT('',(-14.7217338302264,24.2770052812856,27.7999997764811));
#3786=CARTESIAN_POINT('',(-20.9000002587494,28.8997675122712,27.7999997764811));
#3787=CARTESIAN_POINT('',(-20.9000000745058,43.8997677780478,27.7999997764811));
#3788=CARTESIAN_POINT('',(-11.5500000745058,38.2497677780478,27.7999997764811));
#3789=CARTESIAN_POINT('Origin',(-21.854862119938,18.4553269373404,20.8022316481023));
#3790=CARTESIAN_POINT('Origin',(-21.854862119938,23.325921509324,20.8022316481023));
#3791=CARTESIAN_POINT('Origin',(-22.0047939291559,21.453236448715,25.799999776481));
#3792=CARTESIAN_POINT('',(-14.5181042790924,35.2816635734612,25.799999776481));
#3793=CARTESIAN_POINT('',(-21.2878313705015,28.511936482052,25.799999776481));
#3794=CARTESIAN_POINT('',(-22.9256649932644,33.5620050351189,25.799999776481));
#3795=CARTESIAN_POINT('Origin',(-17.4000000745058,32.3997677780477,28.799999776481));
#3796=CARTESIAN_POINT('',(-20.9000004172325,28.8997674353211,26.799999776481));
#3797=CARTESIAN_POINT('',(-7.88174249743294,41.9180253551206,26.7999997764811));
#3798=CARTESIAN_POINT('',(-14.5181042790924,35.2816635734612,27.8700153868712));
#3799=CARTESIAN_POINT('Origin',(-21.4323178414655,33.8674500110881,27.8700153868712));
#3800=CARTESIAN_POINT('Origin',(-20.9000000745058,41.8997677780477,28.799999776481));
#3801=CARTESIAN_POINT('Origin',(-24.6500000745058,22.953236448715,27.9119754953214));
#3802=CARTESIAN_POINT('',(-20.9000000745058,23.453236448715,27.9119754953214));
#3803=CARTESIAN_POINT('Origin',(-34.9000004172325,21.453236448715,15.0239512141617));
#3804=CARTESIAN_POINT('',(-34.9000004172325,21.453236448715,15.0239512141617));
#3805=CARTESIAN_POINT('',(-34.9000004172325,21.453236448715,15.0239512141617));
#3806=CARTESIAN_POINT('',(-34.9000004172325,21.453236448715,15.0239512141617));
#3807=CARTESIAN_POINT('Origin',(-34.9000004172325,21.453236448715,21.0239512141617));
#3808=CARTESIAN_POINT('Origin',(-34.9000004172325,21.453236448715,21.0239512141617));
#3809=CARTESIAN_POINT('Origin',(-34.9000004172325,31.453236448715,21.0239512141617));
#3810=CARTESIAN_POINT('Origin',(-20.9000000745058,41.8997677780477,28.799999776481));
#3811=CARTESIAN_POINT('Origin',(-34.9000004172325,26.453236448715,21.0239512141617));
#3812=CARTESIAN_POINT('Origin',(-7.50000007450581,45.8997677780478,14.799999776481));
#3813=CARTESIAN_POINT('',(-3.50000007450582,45.8997677780478,14.799999776481));
#3814=CARTESIAN_POINT('Origin',(-7.50000007450581,45.8997677780478,14.799999776481));
#3815=CARTESIAN_POINT('',(-5.90000007450581,45.8997677780478,14.799999776481));
#3816=CARTESIAN_POINT('Origin',(-7.50000007450581,45.8997677780478,14.799999776481));
#3817=CARTESIAN_POINT('Origin',(-7.50000007450581,45.8997677780478,26.7999997764811));
#3818=CARTESIAN_POINT('',(-3.50000007450582,45.8997677780478,26.7999997764811));
#3819=CARTESIAN_POINT('Origin',(-7.50000007450581,45.8997677780478,26.7999997764811));
#3820=CARTESIAN_POINT('',(-5.90000007450581,45.8997677780478,26.7999997764811));
#3821=UNCERTAINTY_MEASURE_WITH_UNIT(LENGTH_MEASURE(0.01),#3825,
'DISTANCE_ACCURACY_VALUE',
'Maximum model space distance between geometric entities at asserted c
onnectivities');
#3822=UNCERTAINTY_MEASURE_WITH_UNIT(LENGTH_MEASURE(0.01),#3825,
'DISTANCE_ACCURACY_VALUE',
'Maximum model space distance between geometric entities at asserted c
onnectivities');
#3823=(
GEOMETRIC_REPRESENTATION_CONTEXT(3)
GLOBAL_UNCERTAINTY_ASSIGNED_CONTEXT((#3821))
GLOBAL_UNIT_ASSIGNED_CONTEXT((#3825,#3827,#3828))
REPRESENTATION_CONTEXT('','3D')
);
#3824=(
GEOMETRIC_REPRESENTATION_CONTEXT(3)
GLOBAL_UNCERTAINTY_ASSIGNED_CONTEXT((#3822))
GLOBAL_UNIT_ASSIGNED_CONTEXT((#3825,#3827,#3828))
REPRESENTATION_CONTEXT('','3D')
);
#3825=(
LENGTH_UNIT()
NAMED_UNIT(*)
SI_UNIT(.MILLI.,.METRE.)
);
#3826=(
LENGTH_UNIT()
NAMED_UNIT(*)
SI_UNIT($,.METRE.)
);
#3827=(
NAMED_UNIT(*)
PLANE_ANGLE_UNIT()
SI_UNIT($,.RADIAN.)
);
#3828=(
NAMED_UNIT(*)
SI_UNIT($,.STERADIAN.)
SOLID_ANGLE_UNIT()
);
#3829=SHAPE_DEFINITION_REPRESENTATION(#3830,#3831);
#3830=PRODUCT_DEFINITION_SHAPE('',$,#3833);
#3831=SHAPE_REPRESENTATION('',(#2321),#3823);
#3832=PRODUCT_DEFINITION_CONTEXT('part definition',#3837,'design');
#3833=PRODUCT_DEFINITION('Front light clamp','Front light clamp',#3834,
#3832);
#3834=PRODUCT_DEFINITION_FORMATION('',$,#3839);
#3835=PRODUCT_RELATED_PRODUCT_CATEGORY('Front light clamp',
'Front light clamp',(#3839));
#3836=APPLICATION_PROTOCOL_DEFINITION('international standard',
'automotive_design',2009,#3837);
#3837=APPLICATION_CONTEXT(
'Core Data for Automotive Mechanical Design Process');
#3838=PRODUCT_CONTEXT('part definition',#3837,'mechanical');
#3839=PRODUCT('Front light clamp','Front light clamp',$,(#3838));
#3840=PRESENTATION_STYLE_ASSIGNMENT((#3842));
#3841=PRESENTATION_STYLE_ASSIGNMENT((#3843));
#3842=SURFACE_STYLE_USAGE(.BOTH.,#3844);
#3843=SURFACE_STYLE_USAGE(.BOTH.,#3845);
#3844=SURFACE_SIDE_STYLE('',(#3846));
#3845=SURFACE_SIDE_STYLE('',(#3847));
#3846=SURFACE_STYLE_FILL_AREA(#3848);
#3847=SURFACE_STYLE_FILL_AREA(#3849);
#3848=FILL_AREA_STYLE('Stahl - satiniert',(#3850));
#3849=FILL_AREA_STYLE('Opaque(160,160,160)',(#3851));
#3850=FILL_AREA_STYLE_COLOUR('Stahl - satiniert',#3852);
#3851=FILL_AREA_STYLE_COLOUR('Opaque(160,160,160)',#3853);
#3852=COLOUR_RGB('Stahl - satiniert',0.627450980392157,0.627450980392157,
0.627450980392157);
#3853=COLOUR_RGB('Opaque(160,160,160)',0.392156862745098,0.392156862745098,
0.392156862745098);
ENDSEC;
END-ISO-10303-21;
