ISO-10303-21;
HEADER;
/* Generated by software containing ST-Developer
 * from STEP Tools, Inc. (www.steptools.com) 
 */

FILE_DESCRIPTION(
/* description */ (''),
/* implementation_level */ '2;1');

FILE_NAME(
/* name */ 'Rear rim.step',
/* time_stamp */ '2026-04-11T13:43:40+02:00',
/* author */ (''),
/* organization */ (''),
/* preprocessor_version */ 'ST-DEVELOPER v20.1',
/* originating_system */ 'Autodesk Translation Framework v14.24.0.0',
/* authorisation */ '');

FILE_SCHEMA (('AUTOMOTIVE_DESIGN { 1 0 10303 214 3 1 1 }'));
ENDSEC;

DATA;
#10=MECHANICAL_DESIGN_GEOMETRIC_PRESENTATION_REPRESENTATION('',(#13),#3468);
#11=SHAPE_REPRESENTATION_RELATIONSHIP('SRR','None',#3475,#12);
#12=ADVANCED_BREP_SHAPE_REPRESENTATION('',(#14),#3467);
#13=STYLED_ITEM('',(#3485),#14);
#14=MANIFOLD_SOLID_BREP('Rear rim',#1992);
#15=(
BOUNDED_CURVE()
B_SPLINE_CURVE(2,(#2925,#2926,#2927),.UNSPECIFIED.,.F.,.F.)
B_SPLINE_CURVE_WITH_KNOTS((3,3),(1576.49527748561,1669.92824830722),
 .UNSPECIFIED.)
CURVE()
GEOMETRIC_REPRESENTATION_ITEM()
RATIONAL_B_SPLINE_CURVE((10527.1577901207,10820.6699752132,11111.9998831884))
REPRESENTATION_ITEM('')
);
#16=(
BOUNDED_CURVE()
B_SPLINE_CURVE(2,(#2935,#2936,#2937),.UNSPECIFIED.,.F.,.F.)
B_SPLINE_CURVE_WITH_KNOTS((3,3),(5656.79773187342,5977.14212616395),
 .UNSPECIFIED.)
CURVE()
GEOMETRIC_REPRESENTATION_ITEM()
RATIONAL_B_SPLINE_CURVE((8000.87993390818,8170.77159792197,8334.24992778183))
REPRESENTATION_ITEM('')
);
#17=(
BOUNDED_CURVE()
B_SPLINE_CURVE(2,(#2945,#2946,#2947),.UNSPECIFIED.,.F.,.F.)
B_SPLINE_CURVE_WITH_KNOTS((3,3),(1576.4952774546,1669.92824827466),
 .UNSPECIFIED.)
CURVE()
GEOMETRIC_REPRESENTATION_ITEM()
RATIONAL_B_SPLINE_CURVE((10527.1577901597,10820.6699752545,11111.9998832321))
REPRESENTATION_ITEM('')
);
#18=(
BOUNDED_CURVE()
B_SPLINE_CURVE(2,(#2955,#2956,#2957),.UNSPECIFIED.,.F.,.F.)
B_SPLINE_CURVE_WITH_KNOTS((3,3),(5656.79773189391,5977.14212618423),
 .UNSPECIFIED.)
CURVE()
GEOMETRIC_REPRESENTATION_ITEM()
RATIONAL_B_SPLINE_CURVE((8000.87993386329,8170.77159787514,8334.24992773312))
REPRESENTATION_ITEM('')
);
#19=(
BOUNDED_CURVE()
B_SPLINE_CURVE(2,(#2965,#2966,#2967),.UNSPECIFIED.,.F.,.F.)
B_SPLINE_CURVE_WITH_KNOTS((3,3),(1576.49527748721,1669.92824830912),
 .UNSPECIFIED.)
CURVE()
GEOMETRIC_REPRESENTATION_ITEM()
RATIONAL_B_SPLINE_CURVE((10527.1577901308,10820.6699752242,11111.9998832002))
REPRESENTATION_ITEM('')
);
#20=(
BOUNDED_CURVE()
B_SPLINE_CURVE(2,(#2975,#2976,#2977),.UNSPECIFIED.,.F.,.F.)
B_SPLINE_CURVE_WITH_KNOTS((3,3),(5656.79773189276,5977.14212618418),
 .UNSPECIFIED.)
CURVE()
GEOMETRIC_REPRESENTATION_ITEM()
RATIONAL_B_SPLINE_CURVE((8000.87993388428,8170.77159789721,8334.24992775621))
REPRESENTATION_ITEM('')
);
#21=(
BOUNDED_CURVE()
B_SPLINE_CURVE(2,(#2985,#2986,#2987),.UNSPECIFIED.,.F.,.F.)
B_SPLINE_CURVE_WITH_KNOTS((3,3),(1576.49527752115,1669.92824834504),
 .UNSPECIFIED.)
CURVE()
GEOMETRIC_REPRESENTATION_ITEM()
RATIONAL_B_SPLINE_CURVE((10527.1577901103,10820.6699752026,11111.9998831775))
REPRESENTATION_ITEM('')
);
#22=(
BOUNDED_CURVE()
B_SPLINE_CURVE(2,(#2995,#2996,#2997),.UNSPECIFIED.,.F.,.F.)
B_SPLINE_CURVE_WITH_KNOTS((3,3),(5656.79773185093,5977.14212614117),
 .UNSPECIFIED.)
CURVE()
GEOMETRIC_REPRESENTATION_ITEM()
RATIONAL_B_SPLINE_CURVE((8000.87993392874,8170.77159794377,8334.24992780484))
REPRESENTATION_ITEM('')
);
#23=(
BOUNDED_CURVE()
B_SPLINE_CURVE(2,(#3005,#3006,#3007),.UNSPECIFIED.,.F.,.F.)
B_SPLINE_CURVE_WITH_KNOTS((3,3),(1576.49527743861,1669.9282482578),
 .UNSPECIFIED.)
CURVE()
GEOMETRIC_REPRESENTATION_ITEM()
RATIONAL_B_SPLINE_CURVE((10527.1577901761,10820.6699752718,11111.9998832503))
REPRESENTATION_ITEM('')
);
#24=(
BOUNDED_CURVE()
B_SPLINE_CURVE(2,(#3015,#3016,#3017),.UNSPECIFIED.,.F.,.F.)
B_SPLINE_CURVE_WITH_KNOTS((3,3),(5656.79773186671,5977.14212615656),
 .UNSPECIFIED.)
CURVE()
GEOMETRIC_REPRESENTATION_ITEM()
RATIONAL_B_SPLINE_CURVE((8000.87993390107,8170.77159791463,8334.24992777428))
REPRESENTATION_ITEM('')
);
#25=(
BOUNDED_CURVE()
B_SPLINE_CURVE(2,(#3023,#3024,#3025),.UNSPECIFIED.,.F.,.F.)
B_SPLINE_CURVE_WITH_KNOTS((3,3),(26616.1814764866,26709.6144473062),
 .UNSPECIFIED.)
CURVE()
GEOMETRIC_REPRESENTATION_ITEM()
RATIONAL_B_SPLINE_CURVE((11111.9998832727,10820.6699752932,10527.1577901964))
REPRESENTATION_ITEM('')
);
#26=(
BOUNDED_CURVE()
B_SPLINE_CURVE(2,(#3033,#3034,#3035),.UNSPECIFIED.,.F.,.F.)
B_SPLINE_CURVE_WITH_KNOTS((3,3),(22308.5433291871,22628.8877234733),
 .UNSPECIFIED.)
CURVE()
GEOMETRIC_REPRESENTATION_ITEM()
RATIONAL_B_SPLINE_CURVE((8334.24992780756,8170.77159795045,8000.87993393957))
REPRESENTATION_ITEM('')
);
#27=(
BOUNDED_CURVE()
B_SPLINE_CURVE(2,(#3043,#3044,#3045),.UNSPECIFIED.,.F.,.F.)
B_SPLINE_CURVE_WITH_KNOTS((3,3),(26616.1814764792,26709.6144472996),
 .UNSPECIFIED.)
CURVE()
GEOMETRIC_REPRESENTATION_ITEM()
RATIONAL_B_SPLINE_CURVE((11111.9998833187,10820.6699753369,10527.1577902377))
REPRESENTATION_ITEM('')
);
#28=(
BOUNDED_CURVE()
B_SPLINE_CURVE(2,(#3053,#3054,#3055),.UNSPECIFIED.,.F.,.F.)
B_SPLINE_CURVE_WITH_KNOTS((3,3),(22308.543329188,22628.8877234743),
 .UNSPECIFIED.)
CURVE()
GEOMETRIC_REPRESENTATION_ITEM()
RATIONAL_B_SPLINE_CURVE((8334.24992780661,8170.77159794945,8000.87993393852))
REPRESENTATION_ITEM('')
);
#29=(
BOUNDED_CURVE()
B_SPLINE_CURVE(2,(#3063,#3064,#3065),.UNSPECIFIED.,.F.,.F.)
B_SPLINE_CURVE_WITH_KNOTS((3,3),(26616.1814764367,26709.6144472588),
 .UNSPECIFIED.)
CURVE()
GEOMETRIC_REPRESENTATION_ITEM()
RATIONAL_B_SPLINE_CURVE((11111.999883214,10820.6699752373,10527.1577901433))
REPRESENTATION_ITEM('')
);
#30=(
BOUNDED_CURVE()
B_SPLINE_CURVE(2,(#3073,#3074,#3075),.UNSPECIFIED.,.F.,.F.)
B_SPLINE_CURVE_WITH_KNOTS((3,3),(22308.5433291569,22628.8877234448),
 .UNSPECIFIED.)
CURVE()
GEOMETRIC_REPRESENTATION_ITEM()
RATIONAL_B_SPLINE_CURVE((8334.24992779209,8170.77159793561,8000.87993392534))
REPRESENTATION_ITEM('')
);
#31=(
BOUNDED_CURVE()
B_SPLINE_CURVE(2,(#3083,#3084,#3085),.UNSPECIFIED.,.F.,.F.)
B_SPLINE_CURVE_WITH_KNOTS((3,3),(26616.1814764676,26709.6144472883),
 .UNSPECIFIED.)
CURVE()
GEOMETRIC_REPRESENTATION_ITEM()
RATIONAL_B_SPLINE_CURVE((11111.9998832682,10820.6699752886,10527.1577901918))
REPRESENTATION_ITEM('')
);
#32=(
BOUNDED_CURVE()
B_SPLINE_CURVE(2,(#3093,#3094,#3095),.UNSPECIFIED.,.F.,.F.)
B_SPLINE_CURVE_WITH_KNOTS((3,3),(22308.5433291758,22628.8877234618),
 .UNSPECIFIED.)
CURVE()
GEOMETRIC_REPRESENTATION_ITEM()
RATIONAL_B_SPLINE_CURVE((8334.24992777279,8170.77159791694,8000.87993390737))
REPRESENTATION_ITEM('')
);
#33=(
BOUNDED_CURVE()
B_SPLINE_CURVE(2,(#3103,#3104,#3105),.UNSPECIFIED.,.F.,.F.)
B_SPLINE_CURVE_WITH_KNOTS((3,3),(26616.1814764819,26709.6144473021),
 .UNSPECIFIED.)
CURVE()
GEOMETRIC_REPRESENTATION_ITEM()
RATIONAL_B_SPLINE_CURVE((11111.9998833019,10820.6699753208,10527.1577902223))
REPRESENTATION_ITEM('')
);
#34=(
BOUNDED_CURVE()
B_SPLINE_CURVE(2,(#3113,#3114,#3115),.UNSPECIFIED.,.F.,.F.)
B_SPLINE_CURVE_WITH_KNOTS((3,3),(22308.5433292122,22628.8877234974),
 .UNSPECIFIED.)
CURVE()
GEOMETRIC_REPRESENTATION_ITEM()
RATIONAL_B_SPLINE_CURVE((8334.24992782823,8170.77159797017,8000.87993395834))
REPRESENTATION_ITEM('')
);
#35=(
BOUNDED_CURVE()
B_SPLINE_CURVE(2,(#3126,#3127,#3128),.UNSPECIFIED.,.F.,.F.)
B_SPLINE_CURVE_WITH_KNOTS((3,3),(12.4293342533107,12.4811721819679),
 .UNSPECIFIED.)
CURVE()
GEOMETRIC_REPRESENTATION_ITEM()
RATIONAL_B_SPLINE_CURVE((2.53510346920724,2.5138311129686,2.49235461765358))
REPRESENTATION_ITEM('')
);
#36=(
BOUNDED_CURVE()
B_SPLINE_CURVE(2,(#3131,#3132,#3133),.UNSPECIFIED.,.F.,.F.)
B_SPLINE_CURVE_WITH_KNOTS((3,3),(1.45792387317669,1.51165474344339),
 .UNSPECIFIED.)
CURVE()
GEOMETRIC_REPRESENTATION_ITEM()
RATIONAL_B_SPLINE_CURVE((2.38130005493604,2.40362209184437,2.42571331447025))
REPRESENTATION_ITEM('')
);
#37=(
BOUNDED_CURVE()
B_SPLINE_CURVE(2,(#3136,#3137,#3138),.UNSPECIFIED.,.F.,.F.)
B_SPLINE_CURVE_WITH_KNOTS((3,3),(11.7968252451016,11.8505558346489),
 .UNSPECIFIED.)
CURVE()
GEOMETRIC_REPRESENTATION_ITEM()
RATIONAL_B_SPLINE_CURVE((2.42571543301146,2.40362415803319,2.38130206990041))
REPRESENTATION_ITEM('')
);
#38=(
BOUNDED_CURVE()
B_SPLINE_CURVE(2,(#3142,#3143,#3144),.UNSPECIFIED.,.F.,.F.)
B_SPLINE_CURVE_WITH_KNOTS((3,3),(1.57392323362336,1.62576089229376),
 .UNSPECIFIED.)
CURVE()
GEOMETRIC_REPRESENTATION_ITEM()
RATIONAL_B_SPLINE_CURVE((2.49235679461821,2.51383333985967,2.53510574701569))
REPRESENTATION_ITEM('')
);
#39=(
BOUNDED_CURVE()
B_SPLINE_CURVE(2,(#3152,#3153,#3154),.UNSPECIFIED.,.F.,.F.)
B_SPLINE_CURVE_WITH_KNOTS((3,3),(12.429334253311,12.4811721819681),
 .UNSPECIFIED.)
CURVE()
GEOMETRIC_REPRESENTATION_ITEM()
RATIONAL_B_SPLINE_CURVE((2.5351034692072,2.51383111296859,2.49235461765362))
REPRESENTATION_ITEM('')
);
#40=(
BOUNDED_CURVE()
B_SPLINE_CURVE(2,(#3157,#3158,#3159),.UNSPECIFIED.,.F.,.F.)
B_SPLINE_CURVE_WITH_KNOTS((3,3),(1.45792387317656,1.51165474344326),
 .UNSPECIFIED.)
CURVE()
GEOMETRIC_REPRESENTATION_ITEM()
RATIONAL_B_SPLINE_CURVE((2.38130005493607,2.4036220918444,2.42571331447028))
REPRESENTATION_ITEM('')
);
#41=(
BOUNDED_CURVE()
B_SPLINE_CURVE(2,(#3162,#3163,#3164),.UNSPECIFIED.,.F.,.F.)
B_SPLINE_CURVE_WITH_KNOTS((3,3),(11.7968252451015,11.8505558346488),
 .UNSPECIFIED.)
CURVE()
GEOMETRIC_REPRESENTATION_ITEM()
RATIONAL_B_SPLINE_CURVE((2.42571543301139,2.40362415803314,2.38130206990039))
REPRESENTATION_ITEM('')
);
#42=(
BOUNDED_CURVE()
B_SPLINE_CURVE(2,(#3168,#3169,#3170),.UNSPECIFIED.,.F.,.F.)
B_SPLINE_CURVE_WITH_KNOTS((3,3),(1.57392323362344,1.62576089229384),
 .UNSPECIFIED.)
CURVE()
GEOMETRIC_REPRESENTATION_ITEM()
RATIONAL_B_SPLINE_CURVE((2.4923567946182,2.51383333985965,2.53510574701567))
REPRESENTATION_ITEM('')
);
#43=(
BOUNDED_CURVE()
B_SPLINE_CURVE(2,(#3178,#3179,#3180),.UNSPECIFIED.,.F.,.F.)
B_SPLINE_CURVE_WITH_KNOTS((3,3),(12.4293342533109,12.481172181968),
 .UNSPECIFIED.)
CURVE()
GEOMETRIC_REPRESENTATION_ITEM()
RATIONAL_B_SPLINE_CURVE((2.5351034692072,2.51383111296859,2.4923546176536))
REPRESENTATION_ITEM('')
);
#44=(
BOUNDED_CURVE()
B_SPLINE_CURVE(2,(#3183,#3184,#3185),.UNSPECIFIED.,.F.,.F.)
B_SPLINE_CURVE_WITH_KNOTS((3,3),(1.45792387317661,1.51165474344331),
 .UNSPECIFIED.)
CURVE()
GEOMETRIC_REPRESENTATION_ITEM()
RATIONAL_B_SPLINE_CURVE((2.38130005493606,2.40362209184439,2.42571331447027))
REPRESENTATION_ITEM('')
);
#45=(
BOUNDED_CURVE()
B_SPLINE_CURVE(2,(#3188,#3189,#3190),.UNSPECIFIED.,.F.,.F.)
B_SPLINE_CURVE_WITH_KNOTS((3,3),(11.7968252451016,11.8505558346488),
 .UNSPECIFIED.)
CURVE()
GEOMETRIC_REPRESENTATION_ITEM()
RATIONAL_B_SPLINE_CURVE((2.42571543301144,2.40362415803319,2.38130206990043))
REPRESENTATION_ITEM('')
);
#46=(
BOUNDED_CURVE()
B_SPLINE_CURVE(2,(#3194,#3195,#3196),.UNSPECIFIED.,.F.,.F.)
B_SPLINE_CURVE_WITH_KNOTS((3,3),(1.57392323362339,1.62576089229379),
 .UNSPECIFIED.)
CURVE()
GEOMETRIC_REPRESENTATION_ITEM()
RATIONAL_B_SPLINE_CURVE((2.49235679461821,2.51383333985966,2.53510574701569))
REPRESENTATION_ITEM('')
);
#47=(
BOUNDED_CURVE()
B_SPLINE_CURVE(2,(#3204,#3205,#3206),.UNSPECIFIED.,.F.,.F.)
B_SPLINE_CURVE_WITH_KNOTS((3,3),(12.4293342533108,12.481172181968),
 .UNSPECIFIED.)
CURVE()
GEOMETRIC_REPRESENTATION_ITEM()
RATIONAL_B_SPLINE_CURVE((2.5351034692072,2.51383111296856,2.49235461765354))
REPRESENTATION_ITEM('')
);
#48=(
BOUNDED_CURVE()
B_SPLINE_CURVE(2,(#3209,#3210,#3211),.UNSPECIFIED.,.F.,.F.)
B_SPLINE_CURVE_WITH_KNOTS((3,3),(1.45792387317668,1.51165474344338),
 .UNSPECIFIED.)
CURVE()
GEOMETRIC_REPRESENTATION_ITEM()
RATIONAL_B_SPLINE_CURVE((2.38130005493604,2.40362209184437,2.42571331447025))
REPRESENTATION_ITEM('')
);
#49=(
BOUNDED_CURVE()
B_SPLINE_CURVE(2,(#3214,#3215,#3216),.UNSPECIFIED.,.F.,.F.)
B_SPLINE_CURVE_WITH_KNOTS((3,3),(11.7968252451016,11.8505558346488),
 .UNSPECIFIED.)
CURVE()
GEOMETRIC_REPRESENTATION_ITEM()
RATIONAL_B_SPLINE_CURVE((2.4257154330114,2.40362415803316,2.38130206990041))
REPRESENTATION_ITEM('')
);
#50=(
BOUNDED_CURVE()
B_SPLINE_CURVE(2,(#3220,#3221,#3222),.UNSPECIFIED.,.F.,.F.)
B_SPLINE_CURVE_WITH_KNOTS((3,3),(1.5739232336234,1.6257608922938),
 .UNSPECIFIED.)
CURVE()
GEOMETRIC_REPRESENTATION_ITEM()
RATIONAL_B_SPLINE_CURVE((2.4923567946182,2.51383333985966,2.53510574701568))
REPRESENTATION_ITEM('')
);
#51=(
BOUNDED_CURVE()
B_SPLINE_CURVE(2,(#3230,#3231,#3232),.UNSPECIFIED.,.F.,.F.)
B_SPLINE_CURVE_WITH_KNOTS((3,3),(12.4293342533109,12.481172181968),
 .UNSPECIFIED.)
CURVE()
GEOMETRIC_REPRESENTATION_ITEM()
RATIONAL_B_SPLINE_CURVE((2.53510346920715,2.51383111296854,2.49235461765357))
REPRESENTATION_ITEM('')
);
#52=(
BOUNDED_CURVE()
B_SPLINE_CURVE(2,(#3235,#3236,#3237),.UNSPECIFIED.,.F.,.F.)
B_SPLINE_CURVE_WITH_KNOTS((3,3),(1.45792387317665,1.51165474344335),
 .UNSPECIFIED.)
CURVE()
GEOMETRIC_REPRESENTATION_ITEM()
RATIONAL_B_SPLINE_CURVE((2.38130005493605,2.40362209184438,2.42571331447026))
REPRESENTATION_ITEM('')
);
#53=(
BOUNDED_CURVE()
B_SPLINE_CURVE(2,(#3240,#3241,#3242),.UNSPECIFIED.,.F.,.F.)
B_SPLINE_CURVE_WITH_KNOTS((3,3),(11.7968252451015,11.8505558346488),
 .UNSPECIFIED.)
CURVE()
GEOMETRIC_REPRESENTATION_ITEM()
RATIONAL_B_SPLINE_CURVE((2.42571543301144,2.40362415803318,2.3813020699004))
REPRESENTATION_ITEM('')
);
#54=(
BOUNDED_CURVE()
B_SPLINE_CURVE(2,(#3246,#3247,#3248),.UNSPECIFIED.,.F.,.F.)
B_SPLINE_CURVE_WITH_KNOTS((3,3),(1.57392323362344,1.62576089229384),
 .UNSPECIFIED.)
CURVE()
GEOMETRIC_REPRESENTATION_ITEM()
RATIONAL_B_SPLINE_CURVE((2.4923567946182,2.51383333985965,2.53510574701567))
REPRESENTATION_ITEM('')
);
#55=(
BOUNDED_CURVE()
B_SPLINE_CURVE(2,(#3256,#3257,#3258),.UNSPECIFIED.,.F.,.F.)
B_SPLINE_CURVE_WITH_KNOTS((3,3),(12.4293342533108,12.481172181968),
 .UNSPECIFIED.)
CURVE()
GEOMETRIC_REPRESENTATION_ITEM()
RATIONAL_B_SPLINE_CURVE((2.53510346920725,2.5138311129686,2.49235461765357))
REPRESENTATION_ITEM('')
);
#56=(
BOUNDED_CURVE()
B_SPLINE_CURVE(2,(#3261,#3262,#3263),.UNSPECIFIED.,.F.,.F.)
B_SPLINE_CURVE_WITH_KNOTS((3,3),(1.45792387317662,1.51165474344332),
 .UNSPECIFIED.)
CURVE()
GEOMETRIC_REPRESENTATION_ITEM()
RATIONAL_B_SPLINE_CURVE((2.38130005493606,2.40362209184439,2.42571331447027))
REPRESENTATION_ITEM('')
);
#57=(
BOUNDED_CURVE()
B_SPLINE_CURVE(2,(#3266,#3267,#3268),.UNSPECIFIED.,.F.,.F.)
B_SPLINE_CURVE_WITH_KNOTS((3,3),(11.7968252451015,11.8505558346488),
 .UNSPECIFIED.)
CURVE()
GEOMETRIC_REPRESENTATION_ITEM()
RATIONAL_B_SPLINE_CURVE((2.42571543301144,2.40362415803318,2.38130206990041))
REPRESENTATION_ITEM('')
);
#58=(
BOUNDED_CURVE()
B_SPLINE_CURVE(2,(#3272,#3273,#3274),.UNSPECIFIED.,.F.,.F.)
B_SPLINE_CURVE_WITH_KNOTS((3,3),(1.57392323362342,1.62576089229382),
 .UNSPECIFIED.)
CURVE()
GEOMETRIC_REPRESENTATION_ITEM()
RATIONAL_B_SPLINE_CURVE((2.4923567946182,2.51383333985966,2.53510574701568))
REPRESENTATION_ITEM('')
);
#59=(
BOUNDED_CURVE()
B_SPLINE_CURVE(2,(#3282,#3283,#3284),.UNSPECIFIED.,.F.,.F.)
B_SPLINE_CURVE_WITH_KNOTS((3,3),(12.4293342533109,12.481172181968),
 .UNSPECIFIED.)
CURVE()
GEOMETRIC_REPRESENTATION_ITEM()
RATIONAL_B_SPLINE_CURVE((2.53510346920729,2.51383111296867,2.49235461765367))
REPRESENTATION_ITEM('')
);
#60=(
BOUNDED_CURVE()
B_SPLINE_CURVE(2,(#3287,#3288,#3289),.UNSPECIFIED.,.F.,.F.)
B_SPLINE_CURVE_WITH_KNOTS((3,3),(1.45792387317657,1.51165474344327),
 .UNSPECIFIED.)
CURVE()
GEOMETRIC_REPRESENTATION_ITEM()
RATIONAL_B_SPLINE_CURVE((2.38130005493607,2.4036220918444,2.42571331447028))
REPRESENTATION_ITEM('')
);
#61=(
BOUNDED_CURVE()
B_SPLINE_CURVE(2,(#3292,#3293,#3294),.UNSPECIFIED.,.F.,.F.)
B_SPLINE_CURVE_WITH_KNOTS((3,3),(11.7968252451015,11.8505558346487),
 .UNSPECIFIED.)
CURVE()
GEOMETRIC_REPRESENTATION_ITEM()
RATIONAL_B_SPLINE_CURVE((2.42571543301141,2.40362415803315,2.38130206990038))
REPRESENTATION_ITEM('')
);
#62=(
BOUNDED_CURVE()
B_SPLINE_CURVE(2,(#3298,#3299,#3300),.UNSPECIFIED.,.F.,.F.)
B_SPLINE_CURVE_WITH_KNOTS((3,3),(1.57392323362346,1.62576089229386),
 .UNSPECIFIED.)
CURVE()
GEOMETRIC_REPRESENTATION_ITEM()
RATIONAL_B_SPLINE_CURVE((2.49235679461819,2.51383333985965,2.53510574701567))
REPRESENTATION_ITEM('')
);
#63=(
BOUNDED_CURVE()
B_SPLINE_CURVE(2,(#3304,#3305,#3306),.UNSPECIFIED.,.F.,.F.)
B_SPLINE_CURVE_WITH_KNOTS((3,3),(11.7968252451016,11.8505558346489),
 .UNSPECIFIED.)
CURVE()
GEOMETRIC_REPRESENTATION_ITEM()
RATIONAL_B_SPLINE_CURVE((2.42571543301144,2.40362415803318,2.3813020699004))
REPRESENTATION_ITEM('')
);
#64=(
BOUNDED_CURVE()
B_SPLINE_CURVE(2,(#3310,#3311,#3312),.UNSPECIFIED.,.F.,.F.)
B_SPLINE_CURVE_WITH_KNOTS((3,3),(1.57392323362337,1.62576089229377),
 .UNSPECIFIED.)
CURVE()
GEOMETRIC_REPRESENTATION_ITEM()
RATIONAL_B_SPLINE_CURVE((2.49235679461821,2.51383333985967,2.53510574701569))
REPRESENTATION_ITEM('')
);
#65=(
BOUNDED_CURVE()
B_SPLINE_CURVE(2,(#3341,#3342,#3343),.UNSPECIFIED.,.F.,.F.)
B_SPLINE_CURVE_WITH_KNOTS((3,3),(12.4293342533108,12.4811721819679),
 .UNSPECIFIED.)
CURVE()
GEOMETRIC_REPRESENTATION_ITEM()
RATIONAL_B_SPLINE_CURVE((2.53510346920722,2.51383111296859,2.49235461765359))
REPRESENTATION_ITEM('')
);
#66=(
BOUNDED_CURVE()
B_SPLINE_CURVE(2,(#3346,#3347,#3348),.UNSPECIFIED.,.F.,.F.)
B_SPLINE_CURVE_WITH_KNOTS((3,3),(1.45792387317665,1.51165474344335),
 .UNSPECIFIED.)
CURVE()
GEOMETRIC_REPRESENTATION_ITEM()
RATIONAL_B_SPLINE_CURVE((2.38130005493605,2.40362209184438,2.42571331447026))
REPRESENTATION_ITEM('')
);
#67=FACE_BOUND('',#277,.T.);
#68=FACE_BOUND('',#314,.T.);
#69=FACE_BOUND('',#315,.T.);
#70=FACE_BOUND('',#316,.T.);
#71=FACE_BOUND('',#317,.T.);
#72=FACE_BOUND('',#318,.T.);
#73=FACE_BOUND('',#319,.T.);
#74=FACE_BOUND('',#320,.T.);
#75=FACE_BOUND('',#321,.T.);
#76=FACE_BOUND('',#322,.T.);
#77=FACE_BOUND('',#323,.T.);
#78=FACE_BOUND('',#324,.T.);
#79=FACE_BOUND('',#372,.T.);
#80=FACE_BOUND('',#375,.T.);
#81=PLANE('',#2049);
#82=PLANE('',#2058);
#83=PLANE('',#2059);
#84=PLANE('',#2060);
#85=PLANE('',#2061);
#86=PLANE('',#2062);
#87=PLANE('',#2063);
#88=PLANE('',#2064);
#89=PLANE('',#2065);
#90=PLANE('',#2066);
#91=PLANE('',#2067);
#92=PLANE('',#2068);
#93=PLANE('',#2069);
#94=PLANE('',#2070);
#95=PLANE('',#2071);
#96=PLANE('',#2072);
#97=PLANE('',#2073);
#98=PLANE('',#2074);
#99=PLANE('',#2075);
#100=PLANE('',#2076);
#101=PLANE('',#2077);
#102=PLANE('',#2078);
#103=PLANE('',#2079);
#104=PLANE('',#2080);
#105=PLANE('',#2081);
#106=PLANE('',#2082);
#107=PLANE('',#2083);
#108=PLANE('',#2084);
#109=PLANE('',#2085);
#110=PLANE('',#2086);
#111=PLANE('',#2087);
#112=PLANE('',#2088);
#113=PLANE('',#2089);
#114=PLANE('',#2090);
#115=PLANE('',#2091);
#116=PLANE('',#2092);
#117=PLANE('',#2093);
#118=PLANE('',#2113);
#119=PLANE('',#2134);
#120=PLANE('',#2137);
#121=PLANE('',#2139);
#122=PLANE('',#2141);
#123=PLANE('',#2143);
#124=PLANE('',#2145);
#125=PLANE('',#2147);
#126=PLANE('',#2149);
#127=PLANE('',#2151);
#128=PLANE('',#2153);
#129=PLANE('',#2197);
#130=PLANE('',#2202);
#131=PLANE('',#2206);
#132=PLANE('',#2208);
#133=CYLINDRICAL_SURFACE('',#2029,15.);
#134=CYLINDRICAL_SURFACE('',#2031,15.);
#135=CYLINDRICAL_SURFACE('',#2033,15.);
#136=CYLINDRICAL_SURFACE('',#2035,15.);
#137=CYLINDRICAL_SURFACE('',#2037,15.);
#138=CYLINDRICAL_SURFACE('',#2039,15.);
#139=CYLINDRICAL_SURFACE('',#2041,15.);
#140=CYLINDRICAL_SURFACE('',#2043,15.);
#141=CYLINDRICAL_SURFACE('',#2045,15.);
#142=CYLINDRICAL_SURFACE('',#2047,15.);
#143=CYLINDRICAL_SURFACE('',#2114,8.49999999999998);
#144=CYLINDRICAL_SURFACE('',#2116,8.49999999999998);
#145=CYLINDRICAL_SURFACE('',#2118,8.49999999999998);
#146=CYLINDRICAL_SURFACE('',#2120,8.49999999999998);
#147=CYLINDRICAL_SURFACE('',#2122,8.49999999999998);
#148=CYLINDRICAL_SURFACE('',#2124,8.49999999999998);
#149=CYLINDRICAL_SURFACE('',#2126,8.49999999999998);
#150=CYLINDRICAL_SURFACE('',#2128,8.49999999999998);
#151=CYLINDRICAL_SURFACE('',#2130,8.49999999999998);
#152=CYLINDRICAL_SURFACE('',#2132,8.49999999999998);
#153=CYLINDRICAL_SURFACE('',#2185,17.5);
#154=CYLINDRICAL_SURFACE('',#2186,17.5);
#155=CYLINDRICAL_SURFACE('',#2187,17.5);
#156=CYLINDRICAL_SURFACE('',#2188,17.5);
#157=CYLINDRICAL_SURFACE('',#2189,17.5);
#158=CYLINDRICAL_SURFACE('',#2190,17.5);
#159=CYLINDRICAL_SURFACE('',#2191,17.5);
#160=CYLINDRICAL_SURFACE('',#2194,17.5);
#161=CYLINDRICAL_SURFACE('',#2195,6.);
#162=CYLINDRICAL_SURFACE('',#2205,4.1);
#163=CYLINDRICAL_SURFACE('',#2207,4.1);
#164=FACE_OUTER_BOUND('',#265,.T.);
#165=FACE_OUTER_BOUND('',#266,.T.);
#166=FACE_OUTER_BOUND('',#267,.T.);
#167=FACE_OUTER_BOUND('',#268,.T.);
#168=FACE_OUTER_BOUND('',#269,.T.);
#169=FACE_OUTER_BOUND('',#270,.T.);
#170=FACE_OUTER_BOUND('',#271,.T.);
#171=FACE_OUTER_BOUND('',#272,.T.);
#172=FACE_OUTER_BOUND('',#273,.T.);
#173=FACE_OUTER_BOUND('',#274,.T.);
#174=FACE_OUTER_BOUND('',#275,.T.);
#175=FACE_OUTER_BOUND('',#276,.T.);
#176=FACE_OUTER_BOUND('',#278,.T.);
#177=FACE_OUTER_BOUND('',#279,.T.);
#178=FACE_OUTER_BOUND('',#280,.T.);
#179=FACE_OUTER_BOUND('',#281,.T.);
#180=FACE_OUTER_BOUND('',#282,.T.);
#181=FACE_OUTER_BOUND('',#283,.T.);
#182=FACE_OUTER_BOUND('',#284,.T.);
#183=FACE_OUTER_BOUND('',#285,.T.);
#184=FACE_OUTER_BOUND('',#286,.T.);
#185=FACE_OUTER_BOUND('',#287,.T.);
#186=FACE_OUTER_BOUND('',#288,.T.);
#187=FACE_OUTER_BOUND('',#289,.T.);
#188=FACE_OUTER_BOUND('',#290,.T.);
#189=FACE_OUTER_BOUND('',#291,.T.);
#190=FACE_OUTER_BOUND('',#292,.T.);
#191=FACE_OUTER_BOUND('',#293,.T.);
#192=FACE_OUTER_BOUND('',#294,.T.);
#193=FACE_OUTER_BOUND('',#295,.T.);
#194=FACE_OUTER_BOUND('',#296,.T.);
#195=FACE_OUTER_BOUND('',#297,.T.);
#196=FACE_OUTER_BOUND('',#298,.T.);
#197=FACE_OUTER_BOUND('',#299,.T.);
#198=FACE_OUTER_BOUND('',#300,.T.);
#199=FACE_OUTER_BOUND('',#301,.T.);
#200=FACE_OUTER_BOUND('',#302,.T.);
#201=FACE_OUTER_BOUND('',#303,.T.);
#202=FACE_OUTER_BOUND('',#304,.T.);
#203=FACE_OUTER_BOUND('',#305,.T.);
#204=FACE_OUTER_BOUND('',#306,.T.);
#205=FACE_OUTER_BOUND('',#307,.T.);
#206=FACE_OUTER_BOUND('',#308,.T.);
#207=FACE_OUTER_BOUND('',#309,.T.);
#208=FACE_OUTER_BOUND('',#310,.T.);
#209=FACE_OUTER_BOUND('',#311,.T.);
#210=FACE_OUTER_BOUND('',#312,.T.);
#211=FACE_OUTER_BOUND('',#313,.T.);
#212=FACE_OUTER_BOUND('',#325,.T.);
#213=FACE_OUTER_BOUND('',#326,.T.);
#214=FACE_OUTER_BOUND('',#327,.T.);
#215=FACE_OUTER_BOUND('',#328,.T.);
#216=FACE_OUTER_BOUND('',#329,.T.);
#217=FACE_OUTER_BOUND('',#330,.T.);
#218=FACE_OUTER_BOUND('',#331,.T.);
#219=FACE_OUTER_BOUND('',#332,.T.);
#220=FACE_OUTER_BOUND('',#333,.T.);
#221=FACE_OUTER_BOUND('',#334,.T.);
#222=FACE_OUTER_BOUND('',#335,.T.);
#223=FACE_OUTER_BOUND('',#336,.T.);
#224=FACE_OUTER_BOUND('',#337,.T.);
#225=FACE_OUTER_BOUND('',#338,.T.);
#226=FACE_OUTER_BOUND('',#339,.T.);
#227=FACE_OUTER_BOUND('',#340,.T.);
#228=FACE_OUTER_BOUND('',#341,.T.);
#229=FACE_OUTER_BOUND('',#342,.T.);
#230=FACE_OUTER_BOUND('',#343,.T.);
#231=FACE_OUTER_BOUND('',#344,.T.);
#232=FACE_OUTER_BOUND('',#345,.T.);
#233=FACE_OUTER_BOUND('',#346,.T.);
#234=FACE_OUTER_BOUND('',#347,.T.);
#235=FACE_OUTER_BOUND('',#348,.T.);
#236=FACE_OUTER_BOUND('',#349,.T.);
#237=FACE_OUTER_BOUND('',#350,.T.);
#238=FACE_OUTER_BOUND('',#351,.T.);
#239=FACE_OUTER_BOUND('',#352,.T.);
#240=FACE_OUTER_BOUND('',#353,.T.);
#241=FACE_OUTER_BOUND('',#354,.T.);
#242=FACE_OUTER_BOUND('',#355,.T.);
#243=FACE_OUTER_BOUND('',#356,.T.);
#244=FACE_OUTER_BOUND('',#357,.T.);
#245=FACE_OUTER_BOUND('',#358,.T.);
#246=FACE_OUTER_BOUND('',#359,.T.);
#247=FACE_OUTER_BOUND('',#360,.T.);
#248=FACE_OUTER_BOUND('',#361,.T.);
#249=FACE_OUTER_BOUND('',#362,.T.);
#250=FACE_OUTER_BOUND('',#363,.T.);
#251=FACE_OUTER_BOUND('',#364,.T.);
#252=FACE_OUTER_BOUND('',#365,.T.);
#253=FACE_OUTER_BOUND('',#366,.T.);
#254=FACE_OUTER_BOUND('',#367,.T.);
#255=FACE_OUTER_BOUND('',#368,.T.);
#256=FACE_OUTER_BOUND('',#369,.T.);
#257=FACE_OUTER_BOUND('',#370,.T.);
#258=FACE_OUTER_BOUND('',#371,.T.);
#259=FACE_OUTER_BOUND('',#373,.T.);
#260=FACE_OUTER_BOUND('',#374,.T.);
#261=FACE_OUTER_BOUND('',#376,.T.);
#262=FACE_OUTER_BOUND('',#377,.T.);
#263=FACE_OUTER_BOUND('',#378,.T.);
#264=FACE_OUTER_BOUND('',#379,.T.);
#265=EDGE_LOOP('',(#1271,#1272,#1273,#1274,#1275,#1276,#1277,#1278,#1279,
#1280,#1281,#1282,#1283,#1284,#1285,#1286,#1287,#1288,#1289,#1290,#1291,
#1292,#1293,#1294));
#266=EDGE_LOOP('',(#1295,#1296,#1297,#1298));
#267=EDGE_LOOP('',(#1299,#1300,#1301,#1302));
#268=EDGE_LOOP('',(#1303,#1304,#1305,#1306));
#269=EDGE_LOOP('',(#1307,#1308,#1309,#1310));
#270=EDGE_LOOP('',(#1311,#1312,#1313,#1314,#1315));
#271=EDGE_LOOP('',(#1316,#1317,#1318,#1319));
#272=EDGE_LOOP('',(#1320,#1321,#1322,#1323));
#273=EDGE_LOOP('',(#1324,#1325,#1326,#1327));
#274=EDGE_LOOP('',(#1328,#1329,#1330,#1331));
#275=EDGE_LOOP('',(#1332,#1333,#1334,#1335));
#276=EDGE_LOOP('',(#1336,#1337,#1338,#1339,#1340,#1341,#1342,#1343,#1344,
#1345,#1346,#1347,#1348,#1349,#1350,#1351,#1352,#1353,#1354,#1355,#1356,
#1357,#1358,#1359));
#277=EDGE_LOOP('',(#1360));
#278=EDGE_LOOP('',(#1361,#1362,#1363,#1364,#1365));
#279=EDGE_LOOP('',(#1366,#1367,#1368,#1369,#1370));
#280=EDGE_LOOP('',(#1371,#1372,#1373,#1374,#1375));
#281=EDGE_LOOP('',(#1376,#1377,#1378,#1379,#1380));
#282=EDGE_LOOP('',(#1381,#1382,#1383,#1384,#1385));
#283=EDGE_LOOP('',(#1386,#1387,#1388,#1389,#1390));
#284=EDGE_LOOP('',(#1391,#1392,#1393,#1394,#1395));
#285=EDGE_LOOP('',(#1396,#1397,#1398,#1399,#1400));
#286=EDGE_LOOP('',(#1401,#1402,#1403,#1404,#1405));
#287=EDGE_LOOP('',(#1406,#1407,#1408,#1409,#1410));
#288=EDGE_LOOP('',(#1411,#1412,#1413,#1414,#1415));
#289=EDGE_LOOP('',(#1416,#1417,#1418,#1419,#1420));
#290=EDGE_LOOP('',(#1421,#1422,#1423,#1424,#1425));
#291=EDGE_LOOP('',(#1426,#1427,#1428,#1429,#1430));
#292=EDGE_LOOP('',(#1431,#1432,#1433,#1434,#1435));
#293=EDGE_LOOP('',(#1436,#1437,#1438,#1439,#1440));
#294=EDGE_LOOP('',(#1441,#1442,#1443,#1444,#1445));
#295=EDGE_LOOP('',(#1446,#1447,#1448,#1449,#1450));
#296=EDGE_LOOP('',(#1451,#1452,#1453,#1454,#1455));
#297=EDGE_LOOP('',(#1456,#1457,#1458,#1459,#1460));
#298=EDGE_LOOP('',(#1461,#1462,#1463,#1464,#1465,#1466));
#299=EDGE_LOOP('',(#1467,#1468,#1469,#1470,#1471,#1472));
#300=EDGE_LOOP('',(#1473,#1474,#1475,#1476,#1477,#1478));
#301=EDGE_LOOP('',(#1479,#1480,#1481,#1482,#1483,#1484));
#302=EDGE_LOOP('',(#1485,#1486,#1487,#1488,#1489,#1490));
#303=EDGE_LOOP('',(#1491,#1492,#1493,#1494,#1495,#1496));
#304=EDGE_LOOP('',(#1497,#1498,#1499,#1500,#1501,#1502));
#305=EDGE_LOOP('',(#1503,#1504,#1505,#1506,#1507,#1508));
#306=EDGE_LOOP('',(#1509,#1510,#1511,#1512,#1513,#1514));
#307=EDGE_LOOP('',(#1515,#1516,#1517,#1518,#1519,#1520));
#308=EDGE_LOOP('',(#1521,#1522,#1523,#1524,#1525,#1526));
#309=EDGE_LOOP('',(#1527,#1528,#1529,#1530,#1531,#1532));
#310=EDGE_LOOP('',(#1533,#1534,#1535,#1536,#1537,#1538));
#311=EDGE_LOOP('',(#1539,#1540,#1541,#1542,#1543,#1544));
#312=EDGE_LOOP('',(#1545,#1546,#1547,#1548,#1549,#1550));
#313=EDGE_LOOP('',(#1551,#1552,#1553,#1554,#1555,#1556,#1557,#1558,#1559,
#1560,#1561,#1562,#1563,#1564,#1565,#1566,#1567,#1568,#1569,#1570,#1571,
#1572,#1573,#1574));
#314=EDGE_LOOP('',(#1575));
#315=EDGE_LOOP('',(#1576,#1577,#1578,#1579));
#316=EDGE_LOOP('',(#1580,#1581,#1582,#1583));
#317=EDGE_LOOP('',(#1584,#1585,#1586,#1587));
#318=EDGE_LOOP('',(#1588,#1589,#1590,#1591));
#319=EDGE_LOOP('',(#1592,#1593,#1594,#1595));
#320=EDGE_LOOP('',(#1596,#1597,#1598,#1599));
#321=EDGE_LOOP('',(#1600,#1601,#1602,#1603));
#322=EDGE_LOOP('',(#1604,#1605,#1606,#1607));
#323=EDGE_LOOP('',(#1608,#1609,#1610,#1611));
#324=EDGE_LOOP('',(#1612,#1613,#1614,#1615));
#325=EDGE_LOOP('',(#1616,#1617,#1618,#1619,#1620,#1621));
#326=EDGE_LOOP('',(#1622,#1623,#1624,#1625));
#327=EDGE_LOOP('',(#1626,#1627,#1628,#1629));
#328=EDGE_LOOP('',(#1630,#1631,#1632,#1633));
#329=EDGE_LOOP('',(#1634,#1635,#1636,#1637));
#330=EDGE_LOOP('',(#1638,#1639,#1640,#1641));
#331=EDGE_LOOP('',(#1642,#1643,#1644,#1645));
#332=EDGE_LOOP('',(#1646,#1647,#1648,#1649));
#333=EDGE_LOOP('',(#1650,#1651,#1652,#1653));
#334=EDGE_LOOP('',(#1654,#1655,#1656,#1657));
#335=EDGE_LOOP('',(#1658,#1659,#1660,#1661));
#336=EDGE_LOOP('',(#1662,#1663,#1664,#1665,#1666));
#337=EDGE_LOOP('',(#1667,#1668,#1669,#1670));
#338=EDGE_LOOP('',(#1671,#1672,#1673,#1674));
#339=EDGE_LOOP('',(#1675,#1676,#1677,#1678));
#340=EDGE_LOOP('',(#1679,#1680,#1681,#1682));
#341=EDGE_LOOP('',(#1683,#1684,#1685,#1686));
#342=EDGE_LOOP('',(#1687,#1688,#1689,#1690));
#343=EDGE_LOOP('',(#1691,#1692,#1693,#1694));
#344=EDGE_LOOP('',(#1695,#1696,#1697,#1698));
#345=EDGE_LOOP('',(#1699,#1700,#1701,#1702));
#346=EDGE_LOOP('',(#1703,#1704,#1705,#1706));
#347=EDGE_LOOP('',(#1707,#1708,#1709,#1710));
#348=EDGE_LOOP('',(#1711,#1712,#1713,#1714));
#349=EDGE_LOOP('',(#1715,#1716,#1717,#1718));
#350=EDGE_LOOP('',(#1719,#1720,#1721,#1722));
#351=EDGE_LOOP('',(#1723,#1724,#1725,#1726));
#352=EDGE_LOOP('',(#1727,#1728,#1729,#1730));
#353=EDGE_LOOP('',(#1731,#1732,#1733,#1734));
#354=EDGE_LOOP('',(#1735,#1736,#1737,#1738));
#355=EDGE_LOOP('',(#1739,#1740,#1741,#1742));
#356=EDGE_LOOP('',(#1743,#1744,#1745,#1746));
#357=EDGE_LOOP('',(#1747,#1748,#1749,#1750));
#358=EDGE_LOOP('',(#1751,#1752,#1753,#1754));
#359=EDGE_LOOP('',(#1755,#1756,#1757,#1758));
#360=EDGE_LOOP('',(#1759,#1760,#1761,#1762));
#361=EDGE_LOOP('',(#1763,#1764,#1765,#1766));
#362=EDGE_LOOP('',(#1767,#1768,#1769,#1770));
#363=EDGE_LOOP('',(#1771,#1772,#1773,#1774));
#364=EDGE_LOOP('',(#1775,#1776,#1777,#1778));
#365=EDGE_LOOP('',(#1779,#1780,#1781,#1782));
#366=EDGE_LOOP('',(#1783,#1784,#1785,#1786));
#367=EDGE_LOOP('',(#1787,#1788,#1789,#1790));
#368=EDGE_LOOP('',(#1791,#1792,#1793,#1794));
#369=EDGE_LOOP('',(#1795,#1796,#1797,#1798));
#370=EDGE_LOOP('',(#1799,#1800,#1801,#1802));
#371=EDGE_LOOP('',(#1803));
#372=EDGE_LOOP('',(#1804,#1805,#1806,#1807));
#373=EDGE_LOOP('',(#1808,#1809,#1810,#1811,#1812,#1813,#1814,#1815,#1816,
#1817,#1818,#1819,#1820,#1821,#1822,#1823,#1824,#1825,#1826,#1827,#1828,
#1829,#1830,#1831,#1832,#1833,#1834,#1835,#1836,#1837,#1838,#1839,#1840,
#1841,#1842,#1843,#1844,#1845,#1846,#1847,#1848,#1849,#1850,#1851));
#374=EDGE_LOOP('',(#1852));
#375=EDGE_LOOP('',(#1853,#1854,#1855,#1856));
#376=EDGE_LOOP('',(#1857,#1858,#1859,#1860));
#377=EDGE_LOOP('',(#1861,#1862,#1863,#1864));
#378=EDGE_LOOP('',(#1865,#1866,#1867,#1868));
#379=EDGE_LOOP('',(#1869,#1870,#1871,#1872));
#380=LINE('',#2770,#527);
#381=LINE('',#2813,#528);
#382=LINE('',#2816,#529);
#383=LINE('',#2819,#530);
#384=LINE('',#2822,#531);
#385=LINE('',#2825,#532);
#386=LINE('',#2828,#533);
#387=LINE('',#2831,#534);
#388=LINE('',#2834,#535);
#389=LINE('',#2837,#536);
#390=LINE('',#2840,#537);
#391=LINE('',#2843,#538);
#392=LINE('',#2846,#539);
#393=LINE('',#2849,#540);
#394=LINE('',#2852,#541);
#395=LINE('',#2855,#542);
#396=LINE('',#2858,#543);
#397=LINE('',#2861,#544);
#398=LINE('',#2864,#545);
#399=LINE('',#2867,#546);
#400=LINE('',#2870,#547);
#401=LINE('',#2874,#548);
#402=LINE('',#2878,#549);
#403=LINE('',#2880,#550);
#404=LINE('',#2884,#551);
#405=LINE('',#2886,#552);
#406=LINE('',#2890,#553);
#407=LINE('',#2892,#554);
#408=LINE('',#2896,#555);
#409=LINE('',#2898,#556);
#410=LINE('',#2902,#557);
#411=LINE('',#2904,#558);
#412=LINE('',#2908,#559);
#413=LINE('',#2910,#560);
#414=LINE('',#2914,#561);
#415=LINE('',#2916,#562);
#416=LINE('',#2919,#563);
#417=LINE('',#2923,#564);
#418=LINE('',#2928,#565);
#419=LINE('',#2929,#566);
#420=LINE('',#2933,#567);
#421=LINE('',#2938,#568);
#422=LINE('',#2939,#569);
#423=LINE('',#2943,#570);
#424=LINE('',#2948,#571);
#425=LINE('',#2949,#572);
#426=LINE('',#2953,#573);
#427=LINE('',#2958,#574);
#428=LINE('',#2959,#575);
#429=LINE('',#2963,#576);
#430=LINE('',#2968,#577);
#431=LINE('',#2969,#578);
#432=LINE('',#2973,#579);
#433=LINE('',#2978,#580);
#434=LINE('',#2979,#581);
#435=LINE('',#2983,#582);
#436=LINE('',#2988,#583);
#437=LINE('',#2989,#584);
#438=LINE('',#2993,#585);
#439=LINE('',#2998,#586);
#440=LINE('',#2999,#587);
#441=LINE('',#3003,#588);
#442=LINE('',#3008,#589);
#443=LINE('',#3009,#590);
#444=LINE('',#3013,#591);
#445=LINE('',#3018,#592);
#446=LINE('',#3019,#593);
#447=LINE('',#3027,#594);
#448=LINE('',#3028,#595);
#449=LINE('',#3029,#596);
#450=LINE('',#3037,#597);
#451=LINE('',#3038,#598);
#452=LINE('',#3039,#599);
#453=LINE('',#3047,#600);
#454=LINE('',#3048,#601);
#455=LINE('',#3049,#602);
#456=LINE('',#3057,#603);
#457=LINE('',#3058,#604);
#458=LINE('',#3059,#605);
#459=LINE('',#3067,#606);
#460=LINE('',#3068,#607);
#461=LINE('',#3069,#608);
#462=LINE('',#3077,#609);
#463=LINE('',#3078,#610);
#464=LINE('',#3079,#611);
#465=LINE('',#3087,#612);
#466=LINE('',#3088,#613);
#467=LINE('',#3089,#614);
#468=LINE('',#3097,#615);
#469=LINE('',#3098,#616);
#470=LINE('',#3099,#617);
#471=LINE('',#3107,#618);
#472=LINE('',#3108,#619);
#473=LINE('',#3109,#620);
#474=LINE('',#3117,#621);
#475=LINE('',#3118,#622);
#476=LINE('',#3119,#623);
#477=LINE('',#3122,#624);
#478=LINE('',#3124,#625);
#479=LINE('',#3130,#626);
#480=LINE('',#3140,#627);
#481=LINE('',#3145,#628);
#482=LINE('',#3148,#629);
#483=LINE('',#3150,#630);
#484=LINE('',#3156,#631);
#485=LINE('',#3166,#632);
#486=LINE('',#3171,#633);
#487=LINE('',#3174,#634);
#488=LINE('',#3176,#635);
#489=LINE('',#3182,#636);
#490=LINE('',#3192,#637);
#491=LINE('',#3197,#638);
#492=LINE('',#3200,#639);
#493=LINE('',#3202,#640);
#494=LINE('',#3208,#641);
#495=LINE('',#3218,#642);
#496=LINE('',#3223,#643);
#497=LINE('',#3226,#644);
#498=LINE('',#3228,#645);
#499=LINE('',#3234,#646);
#500=LINE('',#3244,#647);
#501=LINE('',#3249,#648);
#502=LINE('',#3252,#649);
#503=LINE('',#3254,#650);
#504=LINE('',#3260,#651);
#505=LINE('',#3270,#652);
#506=LINE('',#3275,#653);
#507=LINE('',#3278,#654);
#508=LINE('',#3280,#655);
#509=LINE('',#3286,#656);
#510=LINE('',#3296,#657);
#511=LINE('',#3301,#658);
#512=LINE('',#3308,#659);
#513=LINE('',#3314,#660);
#514=LINE('',#3315,#661);
#515=LINE('',#3325,#662);
#516=LINE('',#3345,#663);
#517=LINE('',#3434,#664);
#518=LINE('',#3440,#665);
#519=LINE('',#3443,#666);
#520=LINE('',#3446,#667);
#521=LINE('',#3453,#668);
#522=LINE('',#3456,#669);
#523=LINE('',#3458,#670);
#524=LINE('',#3459,#671);
#525=LINE('',#3461,#672);
#526=LINE('',#3463,#673);
#527=VECTOR('',#2215,15.5);
#528=VECTOR('',#2260,10.);
#529=VECTOR('',#2263,10.);
#530=VECTOR('',#2266,10.);
#531=VECTOR('',#2269,10.);
#532=VECTOR('',#2272,10.);
#533=VECTOR('',#2275,10.);
#534=VECTOR('',#2278,10.);
#535=VECTOR('',#2281,10.);
#536=VECTOR('',#2284,10.);
#537=VECTOR('',#2287,10.);
#538=VECTOR('',#2290,10.);
#539=VECTOR('',#2293,10.);
#540=VECTOR('',#2296,10.);
#541=VECTOR('',#2299,10.);
#542=VECTOR('',#2302,10.);
#543=VECTOR('',#2305,10.);
#544=VECTOR('',#2308,10.);
#545=VECTOR('',#2311,10.);
#546=VECTOR('',#2314,10.);
#547=VECTOR('',#2317,10.);
#548=VECTOR('',#2320,10.);
#549=VECTOR('',#2323,10.);
#550=VECTOR('',#2324,10.);
#551=VECTOR('',#2327,10.);
#552=VECTOR('',#2328,10.);
#553=VECTOR('',#2331,10.);
#554=VECTOR('',#2332,10.);
#555=VECTOR('',#2335,10.);
#556=VECTOR('',#2336,10.);
#557=VECTOR('',#2339,10.);
#558=VECTOR('',#2340,10.);
#559=VECTOR('',#2343,10.);
#560=VECTOR('',#2344,10.);
#561=VECTOR('',#2347,10.);
#562=VECTOR('',#2348,10.);
#563=VECTOR('',#2351,10.);
#564=VECTOR('',#2354,10.);
#565=VECTOR('',#2355,10.);
#566=VECTOR('',#2356,10.);
#567=VECTOR('',#2359,10.);
#568=VECTOR('',#2360,10.);
#569=VECTOR('',#2361,10.);
#570=VECTOR('',#2364,10.);
#571=VECTOR('',#2365,10.);
#572=VECTOR('',#2366,10.);
#573=VECTOR('',#2369,10.);
#574=VECTOR('',#2370,10.);
#575=VECTOR('',#2371,10.);
#576=VECTOR('',#2374,10.);
#577=VECTOR('',#2375,10.);
#578=VECTOR('',#2376,10.);
#579=VECTOR('',#2379,10.);
#580=VECTOR('',#2380,10.);
#581=VECTOR('',#2381,10.);
#582=VECTOR('',#2384,10.);
#583=VECTOR('',#2385,10.);
#584=VECTOR('',#2386,10.);
#585=VECTOR('',#2389,10.);
#586=VECTOR('',#2390,10.);
#587=VECTOR('',#2391,10.);
#588=VECTOR('',#2394,10.);
#589=VECTOR('',#2395,10.);
#590=VECTOR('',#2396,10.);
#591=VECTOR('',#2399,10.);
#592=VECTOR('',#2400,10.);
#593=VECTOR('',#2401,10.);
#594=VECTOR('',#2404,10.);
#595=VECTOR('',#2405,10.);
#596=VECTOR('',#2406,10.);
#597=VECTOR('',#2409,10.);
#598=VECTOR('',#2410,10.);
#599=VECTOR('',#2411,10.);
#600=VECTOR('',#2414,10.);
#601=VECTOR('',#2415,10.);
#602=VECTOR('',#2416,10.);
#603=VECTOR('',#2419,10.);
#604=VECTOR('',#2420,10.);
#605=VECTOR('',#2421,10.);
#606=VECTOR('',#2424,10.);
#607=VECTOR('',#2425,10.);
#608=VECTOR('',#2426,10.);
#609=VECTOR('',#2429,10.);
#610=VECTOR('',#2430,10.);
#611=VECTOR('',#2431,10.);
#612=VECTOR('',#2434,10.);
#613=VECTOR('',#2435,10.);
#614=VECTOR('',#2436,10.);
#615=VECTOR('',#2439,10.);
#616=VECTOR('',#2440,10.);
#617=VECTOR('',#2441,10.);
#618=VECTOR('',#2444,10.);
#619=VECTOR('',#2445,10.);
#620=VECTOR('',#2446,10.);
#621=VECTOR('',#2449,10.);
#622=VECTOR('',#2450,10.);
#623=VECTOR('',#2451,10.);
#624=VECTOR('',#2454,10.);
#625=VECTOR('',#2455,10.);
#626=VECTOR('',#2456,10.);
#627=VECTOR('',#2459,10.);
#628=VECTOR('',#2460,10.);
#629=VECTOR('',#2463,10.);
#630=VECTOR('',#2464,10.);
#631=VECTOR('',#2465,10.);
#632=VECTOR('',#2468,10.);
#633=VECTOR('',#2469,10.);
#634=VECTOR('',#2472,10.);
#635=VECTOR('',#2473,10.);
#636=VECTOR('',#2474,10.);
#637=VECTOR('',#2477,10.);
#638=VECTOR('',#2478,10.);
#639=VECTOR('',#2481,10.);
#640=VECTOR('',#2482,10.);
#641=VECTOR('',#2483,10.);
#642=VECTOR('',#2486,10.);
#643=VECTOR('',#2487,10.);
#644=VECTOR('',#2490,10.);
#645=VECTOR('',#2491,10.);
#646=VECTOR('',#2492,10.);
#647=VECTOR('',#2495,10.);
#648=VECTOR('',#2496,10.);
#649=VECTOR('',#2499,10.);
#650=VECTOR('',#2500,10.);
#651=VECTOR('',#2501,10.);
#652=VECTOR('',#2504,10.);
#653=VECTOR('',#2505,10.);
#654=VECTOR('',#2508,10.);
#655=VECTOR('',#2509,10.);
#656=VECTOR('',#2510,10.);
#657=VECTOR('',#2513,10.);
#658=VECTOR('',#2514,10.);
#659=VECTOR('',#2517,10.);
#660=VECTOR('',#2518,10.);
#661=VECTOR('',#2519,10.);
#662=VECTOR('',#2536,10.);
#663=VECTOR('',#2563,10.);
#664=VECTOR('',#2730,6.);
#665=VECTOR('',#2735,10.);
#666=VECTOR('',#2738,10.);
#667=VECTOR('',#2741,6.);
#668=VECTOR('',#2748,10.);
#669=VECTOR('',#2751,10.);
#670=VECTOR('',#2754,10.);
#671=VECTOR('',#2755,10.);
#672=VECTOR('',#2758,10.);
#673=VECTOR('',#2761,10.);
#674=CIRCLE('',#2007,15.);
#675=CIRCLE('',#2008,16.);
#676=CIRCLE('',#2009,15.);
#677=CIRCLE('',#2010,15.);
#678=CIRCLE('',#2011,15.);
#679=CIRCLE('',#2012,15.);
#680=CIRCLE('',#2013,15.);
#681=CIRCLE('',#2014,15.);
#682=CIRCLE('',#2015,15.);
#683=CIRCLE('',#2016,15.);
#684=CIRCLE('',#2017,15.);
#685=CIRCLE('',#2018,15.);
#686=CIRCLE('',#2019,15.);
#687=CIRCLE('',#2020,15.);
#688=CIRCLE('',#2021,15.);
#689=CIRCLE('',#2022,15.);
#690=CIRCLE('',#2023,15.);
#691=CIRCLE('',#2024,15.);
#692=CIRCLE('',#2025,15.);
#693=CIRCLE('',#2026,15.);
#694=CIRCLE('',#2027,15.);
#695=CIRCLE('',#2028,15.);
#696=CIRCLE('',#2030,15.);
#697=CIRCLE('',#2032,15.);
#698=CIRCLE('',#2034,15.);
#699=CIRCLE('',#2036,15.);
#700=CIRCLE('',#2038,15.);
#701=CIRCLE('',#2040,15.);
#702=CIRCLE('',#2042,15.);
#703=CIRCLE('',#2044,15.);
#704=CIRCLE('',#2046,15.);
#705=CIRCLE('',#2048,15.);
#706=CIRCLE('',#2050,17.0656854249492);
#707=CIRCLE('',#2051,17.0656854249492);
#708=CIRCLE('',#2052,17.0656854249492);
#709=CIRCLE('',#2053,17.0656854249492);
#710=CIRCLE('',#2054,17.0656854249492);
#711=CIRCLE('',#2055,17.0656854249492);
#712=CIRCLE('',#2056,17.0656854249492);
#713=CIRCLE('',#2057,17.0656854249492);
#714=CIRCLE('',#2094,17.1);
#715=CIRCLE('',#2095,17.1);
#716=CIRCLE('',#2096,17.1);
#717=CIRCLE('',#2097,17.1);
#718=CIRCLE('',#2098,17.1);
#719=CIRCLE('',#2099,17.1);
#720=CIRCLE('',#2100,17.1);
#721=CIRCLE('',#2101,17.1);
#722=CIRCLE('',#2102,6.);
#723=CIRCLE('',#2103,8.49999999999998);
#724=CIRCLE('',#2104,8.49999999999998);
#725=CIRCLE('',#2105,8.49999999999998);
#726=CIRCLE('',#2106,8.49999999999998);
#727=CIRCLE('',#2107,8.49999999999998);
#728=CIRCLE('',#2108,8.49999999999998);
#729=CIRCLE('',#2109,8.49999999999998);
#730=CIRCLE('',#2110,8.49999999999998);
#731=CIRCLE('',#2111,8.49999999999998);
#732=CIRCLE('',#2112,8.49999999999998);
#733=CIRCLE('',#2115,8.49999999999998);
#734=CIRCLE('',#2117,8.49999999999998);
#735=CIRCLE('',#2119,8.49999999999998);
#736=CIRCLE('',#2121,8.49999999999998);
#737=CIRCLE('',#2123,8.49999999999998);
#738=CIRCLE('',#2125,8.49999999999998);
#739=CIRCLE('',#2127,8.49999999999998);
#740=CIRCLE('',#2129,8.49999999999998);
#741=CIRCLE('',#2131,8.49999999999998);
#742=CIRCLE('',#2133,8.49999999999998);
#743=CIRCLE('',#2135,8.00000000000001);
#744=CIRCLE('',#2136,8.00000000000001);
#745=CIRCLE('',#2138,8.00000000000001);
#746=CIRCLE('',#2140,8.00000000000001);
#747=CIRCLE('',#2142,8.00000000000001);
#748=CIRCLE('',#2144,8.00000000000001);
#749=CIRCLE('',#2146,8.00000000000001);
#750=CIRCLE('',#2148,8.00000000000001);
#751=CIRCLE('',#2150,8.00000000000001);
#752=CIRCLE('',#2152,8.00000000000001);
#753=CIRCLE('',#2154,8.00000000000001);
#754=CIRCLE('',#2156,17.5);
#755=CIRCLE('',#2158,17.5);
#756=CIRCLE('',#2160,17.5);
#757=CIRCLE('',#2162,17.5);
#758=CIRCLE('',#2164,17.5);
#759=CIRCLE('',#2166,17.5);
#760=CIRCLE('',#2168,17.5);
#761=CIRCLE('',#2170,17.5);
#762=CIRCLE('',#2172,17.5);
#763=CIRCLE('',#2174,17.5);
#764=CIRCLE('',#2176,17.5);
#765=CIRCLE('',#2178,17.5);
#766=CIRCLE('',#2180,17.5);
#767=CIRCLE('',#2182,17.5);
#768=CIRCLE('',#2184,17.5);
#769=CIRCLE('',#2193,17.5);
#770=CIRCLE('',#2196,6.);
#771=CIRCLE('',#2198,4.1);
#772=CIRCLE('',#2199,4.1);
#773=CIRCLE('',#2201,5.);
#774=CIRCLE('',#2203,4.1);
#775=CIRCLE('',#2204,4.1);
#776=VERTEX_POINT('',#2766);
#777=VERTEX_POINT('',#2767);
#778=VERTEX_POINT('',#2769);
#779=VERTEX_POINT('',#2772);
#780=VERTEX_POINT('',#2774);
#781=VERTEX_POINT('',#2776);
#782=VERTEX_POINT('',#2778);
#783=VERTEX_POINT('',#2780);
#784=VERTEX_POINT('',#2782);
#785=VERTEX_POINT('',#2784);
#786=VERTEX_POINT('',#2786);
#787=VERTEX_POINT('',#2788);
#788=VERTEX_POINT('',#2790);
#789=VERTEX_POINT('',#2792);
#790=VERTEX_POINT('',#2794);
#791=VERTEX_POINT('',#2796);
#792=VERTEX_POINT('',#2798);
#793=VERTEX_POINT('',#2800);
#794=VERTEX_POINT('',#2802);
#795=VERTEX_POINT('',#2804);
#796=VERTEX_POINT('',#2806);
#797=VERTEX_POINT('',#2808);
#798=VERTEX_POINT('',#2812);
#799=VERTEX_POINT('',#2814);
#800=VERTEX_POINT('',#2818);
#801=VERTEX_POINT('',#2820);
#802=VERTEX_POINT('',#2824);
#803=VERTEX_POINT('',#2826);
#804=VERTEX_POINT('',#2830);
#805=VERTEX_POINT('',#2832);
#806=VERTEX_POINT('',#2836);
#807=VERTEX_POINT('',#2838);
#808=VERTEX_POINT('',#2842);
#809=VERTEX_POINT('',#2844);
#810=VERTEX_POINT('',#2848);
#811=VERTEX_POINT('',#2850);
#812=VERTEX_POINT('',#2854);
#813=VERTEX_POINT('',#2856);
#814=VERTEX_POINT('',#2860);
#815=VERTEX_POINT('',#2862);
#816=VERTEX_POINT('',#2866);
#817=VERTEX_POINT('',#2868);
#818=VERTEX_POINT('',#2872);
#819=VERTEX_POINT('',#2873);
#820=VERTEX_POINT('',#2875);
#821=VERTEX_POINT('',#2877);
#822=VERTEX_POINT('',#2879);
#823=VERTEX_POINT('',#2881);
#824=VERTEX_POINT('',#2883);
#825=VERTEX_POINT('',#2885);
#826=VERTEX_POINT('',#2887);
#827=VERTEX_POINT('',#2889);
#828=VERTEX_POINT('',#2891);
#829=VERTEX_POINT('',#2893);
#830=VERTEX_POINT('',#2895);
#831=VERTEX_POINT('',#2897);
#832=VERTEX_POINT('',#2899);
#833=VERTEX_POINT('',#2901);
#834=VERTEX_POINT('',#2903);
#835=VERTEX_POINT('',#2905);
#836=VERTEX_POINT('',#2907);
#837=VERTEX_POINT('',#2909);
#838=VERTEX_POINT('',#2911);
#839=VERTEX_POINT('',#2913);
#840=VERTEX_POINT('',#2915);
#841=VERTEX_POINT('',#2917);
#842=VERTEX_POINT('',#2921);
#843=VERTEX_POINT('',#2922);
#844=VERTEX_POINT('',#2924);
#845=VERTEX_POINT('',#2931);
#846=VERTEX_POINT('',#2932);
#847=VERTEX_POINT('',#2934);
#848=VERTEX_POINT('',#2941);
#849=VERTEX_POINT('',#2942);
#850=VERTEX_POINT('',#2944);
#851=VERTEX_POINT('',#2951);
#852=VERTEX_POINT('',#2952);
#853=VERTEX_POINT('',#2954);
#854=VERTEX_POINT('',#2961);
#855=VERTEX_POINT('',#2962);
#856=VERTEX_POINT('',#2964);
#857=VERTEX_POINT('',#2971);
#858=VERTEX_POINT('',#2972);
#859=VERTEX_POINT('',#2974);
#860=VERTEX_POINT('',#2981);
#861=VERTEX_POINT('',#2982);
#862=VERTEX_POINT('',#2984);
#863=VERTEX_POINT('',#2991);
#864=VERTEX_POINT('',#2992);
#865=VERTEX_POINT('',#2994);
#866=VERTEX_POINT('',#3001);
#867=VERTEX_POINT('',#3002);
#868=VERTEX_POINT('',#3004);
#869=VERTEX_POINT('',#3011);
#870=VERTEX_POINT('',#3012);
#871=VERTEX_POINT('',#3014);
#872=VERTEX_POINT('',#3021);
#873=VERTEX_POINT('',#3022);
#874=VERTEX_POINT('',#3026);
#875=VERTEX_POINT('',#3031);
#876=VERTEX_POINT('',#3032);
#877=VERTEX_POINT('',#3036);
#878=VERTEX_POINT('',#3041);
#879=VERTEX_POINT('',#3042);
#880=VERTEX_POINT('',#3046);
#881=VERTEX_POINT('',#3051);
#882=VERTEX_POINT('',#3052);
#883=VERTEX_POINT('',#3056);
#884=VERTEX_POINT('',#3061);
#885=VERTEX_POINT('',#3062);
#886=VERTEX_POINT('',#3066);
#887=VERTEX_POINT('',#3071);
#888=VERTEX_POINT('',#3072);
#889=VERTEX_POINT('',#3076);
#890=VERTEX_POINT('',#3081);
#891=VERTEX_POINT('',#3082);
#892=VERTEX_POINT('',#3086);
#893=VERTEX_POINT('',#3091);
#894=VERTEX_POINT('',#3092);
#895=VERTEX_POINT('',#3096);
#896=VERTEX_POINT('',#3101);
#897=VERTEX_POINT('',#3102);
#898=VERTEX_POINT('',#3106);
#899=VERTEX_POINT('',#3111);
#900=VERTEX_POINT('',#3112);
#901=VERTEX_POINT('',#3116);
#902=VERTEX_POINT('',#3121);
#903=VERTEX_POINT('',#3123);
#904=VERTEX_POINT('',#3125);
#905=VERTEX_POINT('',#3129);
#906=VERTEX_POINT('',#3135);
#907=VERTEX_POINT('',#3139);
#908=VERTEX_POINT('',#3141);
#909=VERTEX_POINT('',#3147);
#910=VERTEX_POINT('',#3149);
#911=VERTEX_POINT('',#3151);
#912=VERTEX_POINT('',#3155);
#913=VERTEX_POINT('',#3161);
#914=VERTEX_POINT('',#3165);
#915=VERTEX_POINT('',#3167);
#916=VERTEX_POINT('',#3173);
#917=VERTEX_POINT('',#3175);
#918=VERTEX_POINT('',#3177);
#919=VERTEX_POINT('',#3181);
#920=VERTEX_POINT('',#3187);
#921=VERTEX_POINT('',#3191);
#922=VERTEX_POINT('',#3193);
#923=VERTEX_POINT('',#3199);
#924=VERTEX_POINT('',#3201);
#925=VERTEX_POINT('',#3203);
#926=VERTEX_POINT('',#3207);
#927=VERTEX_POINT('',#3213);
#928=VERTEX_POINT('',#3217);
#929=VERTEX_POINT('',#3219);
#930=VERTEX_POINT('',#3225);
#931=VERTEX_POINT('',#3227);
#932=VERTEX_POINT('',#3229);
#933=VERTEX_POINT('',#3233);
#934=VERTEX_POINT('',#3239);
#935=VERTEX_POINT('',#3243);
#936=VERTEX_POINT('',#3245);
#937=VERTEX_POINT('',#3251);
#938=VERTEX_POINT('',#3253);
#939=VERTEX_POINT('',#3255);
#940=VERTEX_POINT('',#3259);
#941=VERTEX_POINT('',#3265);
#942=VERTEX_POINT('',#3269);
#943=VERTEX_POINT('',#3271);
#944=VERTEX_POINT('',#3277);
#945=VERTEX_POINT('',#3279);
#946=VERTEX_POINT('',#3281);
#947=VERTEX_POINT('',#3285);
#948=VERTEX_POINT('',#3291);
#949=VERTEX_POINT('',#3295);
#950=VERTEX_POINT('',#3297);
#951=VERTEX_POINT('',#3303);
#952=VERTEX_POINT('',#3307);
#953=VERTEX_POINT('',#3309);
#954=VERTEX_POINT('',#3313);
#955=VERTEX_POINT('',#3323);
#956=VERTEX_POINT('',#3327);
#957=VERTEX_POINT('',#3340);
#958=VERTEX_POINT('',#3344);
#959=VERTEX_POINT('',#3370);
#960=VERTEX_POINT('',#3432);
#961=VERTEX_POINT('',#3436);
#962=VERTEX_POINT('',#3437);
#963=VERTEX_POINT('',#3439);
#964=VERTEX_POINT('',#3441);
#965=VERTEX_POINT('',#3445);
#966=VERTEX_POINT('',#3449);
#967=VERTEX_POINT('',#3450);
#968=VERTEX_POINT('',#3452);
#969=VERTEX_POINT('',#3454);
#970=EDGE_CURVE('',#776,#777,#674,.T.);
#971=EDGE_CURVE('',#777,#778,#380,.T.);
#972=EDGE_CURVE('',#778,#778,#675,.T.);
#973=EDGE_CURVE('',#777,#779,#676,.T.);
#974=EDGE_CURVE('',#779,#780,#677,.T.);
#975=EDGE_CURVE('',#780,#781,#678,.T.);
#976=EDGE_CURVE('',#781,#782,#679,.T.);
#977=EDGE_CURVE('',#782,#783,#680,.T.);
#978=EDGE_CURVE('',#783,#784,#681,.T.);
#979=EDGE_CURVE('',#784,#785,#682,.T.);
#980=EDGE_CURVE('',#785,#786,#683,.T.);
#981=EDGE_CURVE('',#786,#787,#684,.T.);
#982=EDGE_CURVE('',#787,#788,#685,.T.);
#983=EDGE_CURVE('',#788,#789,#686,.T.);
#984=EDGE_CURVE('',#789,#790,#687,.T.);
#985=EDGE_CURVE('',#790,#791,#688,.T.);
#986=EDGE_CURVE('',#791,#792,#689,.T.);
#987=EDGE_CURVE('',#792,#793,#690,.T.);
#988=EDGE_CURVE('',#793,#794,#691,.T.);
#989=EDGE_CURVE('',#794,#795,#692,.T.);
#990=EDGE_CURVE('',#795,#796,#693,.T.);
#991=EDGE_CURVE('',#796,#797,#694,.T.);
#992=EDGE_CURVE('',#797,#776,#695,.T.);
#993=EDGE_CURVE('',#798,#786,#381,.T.);
#994=EDGE_CURVE('',#799,#798,#696,.T.);
#995=EDGE_CURVE('',#799,#787,#382,.F.);
#996=EDGE_CURVE('',#800,#784,#383,.T.);
#997=EDGE_CURVE('',#801,#800,#697,.T.);
#998=EDGE_CURVE('',#801,#785,#384,.F.);
#999=EDGE_CURVE('',#802,#782,#385,.T.);
#1000=EDGE_CURVE('',#803,#802,#698,.T.);
#1001=EDGE_CURVE('',#803,#783,#386,.F.);
#1002=EDGE_CURVE('',#804,#780,#387,.T.);
#1003=EDGE_CURVE('',#805,#804,#699,.T.);
#1004=EDGE_CURVE('',#805,#781,#388,.F.);
#1005=EDGE_CURVE('',#806,#776,#389,.T.);
#1006=EDGE_CURVE('',#807,#806,#700,.T.);
#1007=EDGE_CURVE('',#807,#779,#390,.F.);
#1008=EDGE_CURVE('',#808,#796,#391,.T.);
#1009=EDGE_CURVE('',#809,#808,#701,.T.);
#1010=EDGE_CURVE('',#809,#797,#392,.F.);
#1011=EDGE_CURVE('',#810,#794,#393,.T.);
#1012=EDGE_CURVE('',#811,#810,#702,.T.);
#1013=EDGE_CURVE('',#811,#795,#394,.F.);
#1014=EDGE_CURVE('',#812,#792,#395,.T.);
#1015=EDGE_CURVE('',#813,#812,#703,.T.);
#1016=EDGE_CURVE('',#813,#793,#396,.F.);
#1017=EDGE_CURVE('',#814,#790,#397,.T.);
#1018=EDGE_CURVE('',#815,#814,#704,.T.);
#1019=EDGE_CURVE('',#815,#791,#398,.F.);
#1020=EDGE_CURVE('',#816,#788,#399,.T.);
#1021=EDGE_CURVE('',#817,#816,#705,.T.);
#1022=EDGE_CURVE('',#817,#789,#400,.F.);
#1023=EDGE_CURVE('',#818,#819,#401,.T.);
#1024=EDGE_CURVE('',#820,#819,#706,.F.);
#1025=EDGE_CURVE('',#821,#820,#402,.T.);
#1026=EDGE_CURVE('',#822,#821,#403,.T.);
#1027=EDGE_CURVE('',#823,#822,#707,.F.);
#1028=EDGE_CURVE('',#823,#824,#404,.T.);
#1029=EDGE_CURVE('',#824,#825,#405,.T.);
#1030=EDGE_CURVE('',#826,#825,#708,.F.);
#1031=EDGE_CURVE('',#826,#827,#406,.T.);
#1032=EDGE_CURVE('',#827,#828,#407,.T.);
#1033=EDGE_CURVE('',#829,#828,#709,.F.);
#1034=EDGE_CURVE('',#829,#830,#408,.T.);
#1035=EDGE_CURVE('',#830,#831,#409,.T.);
#1036=EDGE_CURVE('',#832,#831,#710,.F.);
#1037=EDGE_CURVE('',#832,#833,#410,.T.);
#1038=EDGE_CURVE('',#833,#834,#411,.T.);
#1039=EDGE_CURVE('',#835,#834,#711,.F.);
#1040=EDGE_CURVE('',#835,#836,#412,.T.);
#1041=EDGE_CURVE('',#836,#837,#413,.T.);
#1042=EDGE_CURVE('',#838,#837,#712,.F.);
#1043=EDGE_CURVE('',#838,#839,#414,.T.);
#1044=EDGE_CURVE('',#839,#840,#415,.T.);
#1045=EDGE_CURVE('',#841,#840,#713,.F.);
#1046=EDGE_CURVE('',#841,#818,#416,.T.);
#1047=EDGE_CURVE('',#842,#843,#417,.F.);
#1048=EDGE_CURVE('',#844,#843,#15,.F.);
#1049=EDGE_CURVE('',#797,#844,#418,.T.);
#1050=EDGE_CURVE('',#842,#809,#419,.T.);
#1051=EDGE_CURVE('',#845,#846,#420,.F.);
#1052=EDGE_CURVE('',#847,#846,#16,.F.);
#1053=EDGE_CURVE('',#779,#847,#421,.T.);
#1054=EDGE_CURVE('',#845,#807,#422,.T.);
#1055=EDGE_CURVE('',#848,#849,#423,.F.);
#1056=EDGE_CURVE('',#850,#849,#17,.F.);
#1057=EDGE_CURVE('',#781,#850,#424,.T.);
#1058=EDGE_CURVE('',#848,#805,#425,.T.);
#1059=EDGE_CURVE('',#851,#852,#426,.F.);
#1060=EDGE_CURVE('',#853,#852,#18,.F.);
#1061=EDGE_CURVE('',#783,#853,#427,.T.);
#1062=EDGE_CURVE('',#851,#803,#428,.T.);
#1063=EDGE_CURVE('',#854,#855,#429,.F.);
#1064=EDGE_CURVE('',#856,#855,#19,.F.);
#1065=EDGE_CURVE('',#785,#856,#430,.T.);
#1066=EDGE_CURVE('',#854,#801,#431,.T.);
#1067=EDGE_CURVE('',#857,#858,#432,.F.);
#1068=EDGE_CURVE('',#859,#858,#20,.F.);
#1069=EDGE_CURVE('',#787,#859,#433,.T.);
#1070=EDGE_CURVE('',#857,#799,#434,.T.);
#1071=EDGE_CURVE('',#860,#861,#435,.F.);
#1072=EDGE_CURVE('',#862,#861,#21,.F.);
#1073=EDGE_CURVE('',#789,#862,#436,.T.);
#1074=EDGE_CURVE('',#860,#817,#437,.T.);
#1075=EDGE_CURVE('',#863,#864,#438,.F.);
#1076=EDGE_CURVE('',#865,#864,#22,.F.);
#1077=EDGE_CURVE('',#791,#865,#439,.T.);
#1078=EDGE_CURVE('',#863,#815,#440,.T.);
#1079=EDGE_CURVE('',#866,#867,#441,.F.);
#1080=EDGE_CURVE('',#868,#867,#23,.F.);
#1081=EDGE_CURVE('',#793,#868,#442,.T.);
#1082=EDGE_CURVE('',#866,#813,#443,.T.);
#1083=EDGE_CURVE('',#869,#870,#444,.F.);
#1084=EDGE_CURVE('',#871,#870,#24,.F.);
#1085=EDGE_CURVE('',#795,#871,#445,.T.);
#1086=EDGE_CURVE('',#869,#811,#446,.T.);
#1087=EDGE_CURVE('',#872,#873,#25,.F.);
#1088=EDGE_CURVE('',#874,#872,#447,.T.);
#1089=EDGE_CURVE('',#808,#874,#448,.T.);
#1090=EDGE_CURVE('',#873,#796,#449,.T.);
#1091=EDGE_CURVE('',#875,#876,#26,.F.);
#1092=EDGE_CURVE('',#877,#875,#450,.T.);
#1093=EDGE_CURVE('',#806,#877,#451,.T.);
#1094=EDGE_CURVE('',#876,#776,#452,.T.);
#1095=EDGE_CURVE('',#878,#879,#27,.F.);
#1096=EDGE_CURVE('',#880,#878,#453,.T.);
#1097=EDGE_CURVE('',#804,#880,#454,.T.);
#1098=EDGE_CURVE('',#879,#780,#455,.T.);
#1099=EDGE_CURVE('',#881,#882,#28,.F.);
#1100=EDGE_CURVE('',#883,#881,#456,.T.);
#1101=EDGE_CURVE('',#802,#883,#457,.T.);
#1102=EDGE_CURVE('',#882,#782,#458,.T.);
#1103=EDGE_CURVE('',#884,#885,#29,.F.);
#1104=EDGE_CURVE('',#886,#884,#459,.T.);
#1105=EDGE_CURVE('',#800,#886,#460,.T.);
#1106=EDGE_CURVE('',#885,#784,#461,.T.);
#1107=EDGE_CURVE('',#887,#888,#30,.F.);
#1108=EDGE_CURVE('',#889,#887,#462,.T.);
#1109=EDGE_CURVE('',#798,#889,#463,.T.);
#1110=EDGE_CURVE('',#888,#786,#464,.T.);
#1111=EDGE_CURVE('',#890,#891,#31,.F.);
#1112=EDGE_CURVE('',#892,#890,#465,.T.);
#1113=EDGE_CURVE('',#816,#892,#466,.T.);
#1114=EDGE_CURVE('',#891,#788,#467,.T.);
#1115=EDGE_CURVE('',#893,#894,#32,.F.);
#1116=EDGE_CURVE('',#895,#893,#468,.T.);
#1117=EDGE_CURVE('',#814,#895,#469,.T.);
#1118=EDGE_CURVE('',#894,#790,#470,.T.);
#1119=EDGE_CURVE('',#896,#897,#33,.F.);
#1120=EDGE_CURVE('',#898,#896,#471,.T.);
#1121=EDGE_CURVE('',#812,#898,#472,.T.);
#1122=EDGE_CURVE('',#897,#792,#473,.T.);
#1123=EDGE_CURVE('',#899,#900,#34,.F.);
#1124=EDGE_CURVE('',#901,#899,#474,.T.);
#1125=EDGE_CURVE('',#810,#901,#475,.T.);
#1126=EDGE_CURVE('',#900,#794,#476,.T.);
#1127=EDGE_CURVE('',#902,#818,#477,.T.);
#1128=EDGE_CURVE('',#903,#902,#478,.T.);
#1129=EDGE_CURVE('',#904,#903,#35,.F.);
#1130=EDGE_CURVE('',#905,#904,#479,.T.);
#1131=EDGE_CURVE('',#819,#905,#36,.F.);
#1132=EDGE_CURVE('',#906,#841,#37,.F.);
#1133=EDGE_CURVE('',#907,#906,#480,.T.);
#1134=EDGE_CURVE('',#908,#907,#38,.F.);
#1135=EDGE_CURVE('',#902,#908,#481,.T.);
#1136=EDGE_CURVE('',#909,#827,#482,.T.);
#1137=EDGE_CURVE('',#910,#909,#483,.T.);
#1138=EDGE_CURVE('',#911,#910,#39,.F.);
#1139=EDGE_CURVE('',#912,#911,#484,.T.);
#1140=EDGE_CURVE('',#828,#912,#40,.F.);
#1141=EDGE_CURVE('',#913,#826,#41,.F.);
#1142=EDGE_CURVE('',#914,#913,#485,.T.);
#1143=EDGE_CURVE('',#915,#914,#42,.F.);
#1144=EDGE_CURVE('',#909,#915,#486,.T.);
#1145=EDGE_CURVE('',#916,#824,#487,.T.);
#1146=EDGE_CURVE('',#917,#916,#488,.T.);
#1147=EDGE_CURVE('',#918,#917,#43,.F.);
#1148=EDGE_CURVE('',#919,#918,#489,.T.);
#1149=EDGE_CURVE('',#825,#919,#44,.F.);
#1150=EDGE_CURVE('',#920,#823,#45,.F.);
#1151=EDGE_CURVE('',#921,#920,#490,.T.);
#1152=EDGE_CURVE('',#922,#921,#46,.F.);
#1153=EDGE_CURVE('',#916,#922,#491,.T.);
#1154=EDGE_CURVE('',#923,#839,#492,.T.);
#1155=EDGE_CURVE('',#924,#923,#493,.T.);
#1156=EDGE_CURVE('',#925,#924,#47,.F.);
#1157=EDGE_CURVE('',#926,#925,#494,.T.);
#1158=EDGE_CURVE('',#840,#926,#48,.F.);
#1159=EDGE_CURVE('',#927,#838,#49,.F.);
#1160=EDGE_CURVE('',#928,#927,#495,.T.);
#1161=EDGE_CURVE('',#929,#928,#50,.F.);
#1162=EDGE_CURVE('',#923,#929,#496,.T.);
#1163=EDGE_CURVE('',#930,#836,#497,.T.);
#1164=EDGE_CURVE('',#931,#930,#498,.T.);
#1165=EDGE_CURVE('',#932,#931,#51,.F.);
#1166=EDGE_CURVE('',#933,#932,#499,.T.);
#1167=EDGE_CURVE('',#837,#933,#52,.F.);
#1168=EDGE_CURVE('',#934,#835,#53,.F.);
#1169=EDGE_CURVE('',#935,#934,#500,.T.);
#1170=EDGE_CURVE('',#936,#935,#54,.F.);
#1171=EDGE_CURVE('',#930,#936,#501,.T.);
#1172=EDGE_CURVE('',#937,#833,#502,.T.);
#1173=EDGE_CURVE('',#938,#937,#503,.T.);
#1174=EDGE_CURVE('',#939,#938,#55,.F.);
#1175=EDGE_CURVE('',#940,#939,#504,.T.);
#1176=EDGE_CURVE('',#834,#940,#56,.F.);
#1177=EDGE_CURVE('',#941,#832,#57,.F.);
#1178=EDGE_CURVE('',#942,#941,#505,.T.);
#1179=EDGE_CURVE('',#943,#942,#58,.F.);
#1180=EDGE_CURVE('',#937,#943,#506,.T.);
#1181=EDGE_CURVE('',#944,#830,#507,.T.);
#1182=EDGE_CURVE('',#945,#944,#508,.T.);
#1183=EDGE_CURVE('',#946,#945,#59,.F.);
#1184=EDGE_CURVE('',#947,#946,#509,.T.);
#1185=EDGE_CURVE('',#831,#947,#60,.F.);
#1186=EDGE_CURVE('',#948,#829,#61,.F.);
#1187=EDGE_CURVE('',#949,#948,#510,.T.);
#1188=EDGE_CURVE('',#950,#949,#62,.F.);
#1189=EDGE_CURVE('',#944,#950,#511,.T.);
#1190=EDGE_CURVE('',#951,#820,#63,.F.);
#1191=EDGE_CURVE('',#952,#951,#512,.T.);
#1192=EDGE_CURVE('',#953,#952,#64,.F.);
#1193=EDGE_CURVE('',#954,#953,#513,.T.);
#1194=EDGE_CURVE('',#954,#821,#514,.T.);
#1195=EDGE_CURVE('',#924,#908,#714,.T.);
#1196=EDGE_CURVE('',#931,#929,#715,.T.);
#1197=EDGE_CURVE('',#938,#936,#716,.T.);
#1198=EDGE_CURVE('',#945,#943,#717,.T.);
#1199=EDGE_CURVE('',#910,#950,#718,.T.);
#1200=EDGE_CURVE('',#917,#915,#719,.T.);
#1201=EDGE_CURVE('',#955,#922,#720,.T.);
#1202=EDGE_CURVE('',#955,#954,#515,.T.);
#1203=EDGE_CURVE('',#903,#953,#721,.T.);
#1204=EDGE_CURVE('',#956,#956,#722,.T.);
#1205=EDGE_CURVE('',#889,#857,#723,.T.);
#1206=EDGE_CURVE('',#880,#848,#724,.T.);
#1207=EDGE_CURVE('',#892,#860,#725,.T.);
#1208=EDGE_CURVE('',#898,#866,#726,.T.);
#1209=EDGE_CURVE('',#877,#845,#727,.T.);
#1210=EDGE_CURVE('',#886,#854,#728,.T.);
#1211=EDGE_CURVE('',#874,#842,#729,.T.);
#1212=EDGE_CURVE('',#895,#863,#730,.T.);
#1213=EDGE_CURVE('',#901,#869,#731,.T.);
#1214=EDGE_CURVE('',#883,#851,#732,.T.);
#1215=EDGE_CURVE('',#957,#955,#65,.F.);
#1216=EDGE_CURVE('',#958,#957,#516,.T.);
#1217=EDGE_CURVE('',#822,#958,#66,.F.);
#1218=EDGE_CURVE('',#852,#881,#733,.T.);
#1219=EDGE_CURVE('',#870,#899,#734,.T.);
#1220=EDGE_CURVE('',#864,#893,#735,.T.);
#1221=EDGE_CURVE('',#843,#872,#736,.T.);
#1222=EDGE_CURVE('',#855,#884,#737,.T.);
#1223=EDGE_CURVE('',#846,#875,#738,.T.);
#1224=EDGE_CURVE('',#867,#896,#739,.T.);
#1225=EDGE_CURVE('',#861,#890,#740,.T.);
#1226=EDGE_CURVE('',#849,#878,#741,.T.);
#1227=EDGE_CURVE('',#858,#887,#742,.T.);
#1228=EDGE_CURVE('',#959,#859,#743,.T.);
#1229=EDGE_CURVE('',#891,#959,#744,.T.);
#1230=EDGE_CURVE('',#879,#847,#745,.T.);
#1231=EDGE_CURVE('',#888,#856,#746,.T.);
#1232=EDGE_CURVE('',#876,#844,#747,.T.);
#1233=EDGE_CURVE('',#894,#862,#748,.T.);
#1234=EDGE_CURVE('',#897,#865,#749,.T.);
#1235=EDGE_CURVE('',#900,#868,#750,.T.);
#1236=EDGE_CURVE('',#873,#871,#751,.T.);
#1237=EDGE_CURVE('',#882,#850,#752,.T.);
#1238=EDGE_CURVE('',#885,#853,#753,.T.);
#1239=EDGE_CURVE('',#907,#925,#754,.T.);
#1240=EDGE_CURVE('',#949,#911,#755,.T.);
#1241=EDGE_CURVE('',#952,#904,#756,.T.);
#1242=EDGE_CURVE('',#942,#946,#757,.T.);
#1243=EDGE_CURVE('',#935,#939,#758,.T.);
#1244=EDGE_CURVE('',#928,#932,#759,.T.);
#1245=EDGE_CURVE('',#921,#957,#760,.T.);
#1246=EDGE_CURVE('',#914,#918,#761,.T.);
#1247=EDGE_CURVE('',#905,#951,#762,.T.);
#1248=EDGE_CURVE('',#947,#941,#763,.T.);
#1249=EDGE_CURVE('',#926,#906,#764,.T.);
#1250=EDGE_CURVE('',#912,#948,#765,.T.);
#1251=EDGE_CURVE('',#958,#920,#766,.T.);
#1252=EDGE_CURVE('',#940,#934,#767,.T.);
#1253=EDGE_CURVE('',#933,#927,#768,.T.);
#1254=EDGE_CURVE('',#919,#913,#769,.T.);
#1255=EDGE_CURVE('',#960,#960,#770,.F.);
#1256=EDGE_CURVE('',#960,#956,#517,.T.);
#1257=EDGE_CURVE('',#961,#962,#771,.T.);
#1258=EDGE_CURVE('',#963,#961,#518,.T.);
#1259=EDGE_CURVE('',#964,#963,#772,.T.);
#1260=EDGE_CURVE('',#962,#964,#519,.T.);
#1261=EDGE_CURVE('',#959,#965,#520,.T.);
#1262=EDGE_CURVE('',#965,#965,#773,.T.);
#1263=EDGE_CURVE('',#966,#967,#774,.T.);
#1264=EDGE_CURVE('',#967,#968,#521,.T.);
#1265=EDGE_CURVE('',#968,#969,#775,.T.);
#1266=EDGE_CURVE('',#969,#966,#522,.T.);
#1267=EDGE_CURVE('',#962,#969,#523,.T.);
#1268=EDGE_CURVE('',#961,#968,#524,.F.);
#1269=EDGE_CURVE('',#964,#966,#525,.F.);
#1270=EDGE_CURVE('',#963,#967,#526,.T.);
#1271=ORIENTED_EDGE('',*,*,#970,.T.);
#1272=ORIENTED_EDGE('',*,*,#971,.T.);
#1273=ORIENTED_EDGE('',*,*,#972,.T.);
#1274=ORIENTED_EDGE('',*,*,#971,.F.);
#1275=ORIENTED_EDGE('',*,*,#973,.T.);
#1276=ORIENTED_EDGE('',*,*,#974,.T.);
#1277=ORIENTED_EDGE('',*,*,#975,.T.);
#1278=ORIENTED_EDGE('',*,*,#976,.T.);
#1279=ORIENTED_EDGE('',*,*,#977,.T.);
#1280=ORIENTED_EDGE('',*,*,#978,.T.);
#1281=ORIENTED_EDGE('',*,*,#979,.T.);
#1282=ORIENTED_EDGE('',*,*,#980,.T.);
#1283=ORIENTED_EDGE('',*,*,#981,.T.);
#1284=ORIENTED_EDGE('',*,*,#982,.T.);
#1285=ORIENTED_EDGE('',*,*,#983,.T.);
#1286=ORIENTED_EDGE('',*,*,#984,.T.);
#1287=ORIENTED_EDGE('',*,*,#985,.T.);
#1288=ORIENTED_EDGE('',*,*,#986,.T.);
#1289=ORIENTED_EDGE('',*,*,#987,.T.);
#1290=ORIENTED_EDGE('',*,*,#988,.T.);
#1291=ORIENTED_EDGE('',*,*,#989,.T.);
#1292=ORIENTED_EDGE('',*,*,#990,.T.);
#1293=ORIENTED_EDGE('',*,*,#991,.T.);
#1294=ORIENTED_EDGE('',*,*,#992,.T.);
#1295=ORIENTED_EDGE('',*,*,#981,.F.);
#1296=ORIENTED_EDGE('',*,*,#993,.F.);
#1297=ORIENTED_EDGE('',*,*,#994,.F.);
#1298=ORIENTED_EDGE('',*,*,#995,.T.);
#1299=ORIENTED_EDGE('',*,*,#979,.F.);
#1300=ORIENTED_EDGE('',*,*,#996,.F.);
#1301=ORIENTED_EDGE('',*,*,#997,.F.);
#1302=ORIENTED_EDGE('',*,*,#998,.T.);
#1303=ORIENTED_EDGE('',*,*,#977,.F.);
#1304=ORIENTED_EDGE('',*,*,#999,.F.);
#1305=ORIENTED_EDGE('',*,*,#1000,.F.);
#1306=ORIENTED_EDGE('',*,*,#1001,.T.);
#1307=ORIENTED_EDGE('',*,*,#975,.F.);
#1308=ORIENTED_EDGE('',*,*,#1002,.F.);
#1309=ORIENTED_EDGE('',*,*,#1003,.F.);
#1310=ORIENTED_EDGE('',*,*,#1004,.T.);
#1311=ORIENTED_EDGE('',*,*,#970,.F.);
#1312=ORIENTED_EDGE('',*,*,#1005,.F.);
#1313=ORIENTED_EDGE('',*,*,#1006,.F.);
#1314=ORIENTED_EDGE('',*,*,#1007,.T.);
#1315=ORIENTED_EDGE('',*,*,#973,.F.);
#1316=ORIENTED_EDGE('',*,*,#991,.F.);
#1317=ORIENTED_EDGE('',*,*,#1008,.F.);
#1318=ORIENTED_EDGE('',*,*,#1009,.F.);
#1319=ORIENTED_EDGE('',*,*,#1010,.T.);
#1320=ORIENTED_EDGE('',*,*,#989,.F.);
#1321=ORIENTED_EDGE('',*,*,#1011,.F.);
#1322=ORIENTED_EDGE('',*,*,#1012,.F.);
#1323=ORIENTED_EDGE('',*,*,#1013,.T.);
#1324=ORIENTED_EDGE('',*,*,#987,.F.);
#1325=ORIENTED_EDGE('',*,*,#1014,.F.);
#1326=ORIENTED_EDGE('',*,*,#1015,.F.);
#1327=ORIENTED_EDGE('',*,*,#1016,.T.);
#1328=ORIENTED_EDGE('',*,*,#985,.F.);
#1329=ORIENTED_EDGE('',*,*,#1017,.F.);
#1330=ORIENTED_EDGE('',*,*,#1018,.F.);
#1331=ORIENTED_EDGE('',*,*,#1019,.T.);
#1332=ORIENTED_EDGE('',*,*,#983,.F.);
#1333=ORIENTED_EDGE('',*,*,#1020,.F.);
#1334=ORIENTED_EDGE('',*,*,#1021,.F.);
#1335=ORIENTED_EDGE('',*,*,#1022,.T.);
#1336=ORIENTED_EDGE('',*,*,#1023,.T.);
#1337=ORIENTED_EDGE('',*,*,#1024,.F.);
#1338=ORIENTED_EDGE('',*,*,#1025,.F.);
#1339=ORIENTED_EDGE('',*,*,#1026,.F.);
#1340=ORIENTED_EDGE('',*,*,#1027,.F.);
#1341=ORIENTED_EDGE('',*,*,#1028,.T.);
#1342=ORIENTED_EDGE('',*,*,#1029,.T.);
#1343=ORIENTED_EDGE('',*,*,#1030,.F.);
#1344=ORIENTED_EDGE('',*,*,#1031,.T.);
#1345=ORIENTED_EDGE('',*,*,#1032,.T.);
#1346=ORIENTED_EDGE('',*,*,#1033,.F.);
#1347=ORIENTED_EDGE('',*,*,#1034,.T.);
#1348=ORIENTED_EDGE('',*,*,#1035,.T.);
#1349=ORIENTED_EDGE('',*,*,#1036,.F.);
#1350=ORIENTED_EDGE('',*,*,#1037,.T.);
#1351=ORIENTED_EDGE('',*,*,#1038,.T.);
#1352=ORIENTED_EDGE('',*,*,#1039,.F.);
#1353=ORIENTED_EDGE('',*,*,#1040,.T.);
#1354=ORIENTED_EDGE('',*,*,#1041,.T.);
#1355=ORIENTED_EDGE('',*,*,#1042,.F.);
#1356=ORIENTED_EDGE('',*,*,#1043,.T.);
#1357=ORIENTED_EDGE('',*,*,#1044,.T.);
#1358=ORIENTED_EDGE('',*,*,#1045,.F.);
#1359=ORIENTED_EDGE('',*,*,#1046,.T.);
#1360=ORIENTED_EDGE('',*,*,#972,.F.);
#1361=ORIENTED_EDGE('',*,*,#1047,.T.);
#1362=ORIENTED_EDGE('',*,*,#1048,.F.);
#1363=ORIENTED_EDGE('',*,*,#1049,.F.);
#1364=ORIENTED_EDGE('',*,*,#1010,.F.);
#1365=ORIENTED_EDGE('',*,*,#1050,.F.);
#1366=ORIENTED_EDGE('',*,*,#1051,.T.);
#1367=ORIENTED_EDGE('',*,*,#1052,.F.);
#1368=ORIENTED_EDGE('',*,*,#1053,.F.);
#1369=ORIENTED_EDGE('',*,*,#1007,.F.);
#1370=ORIENTED_EDGE('',*,*,#1054,.F.);
#1371=ORIENTED_EDGE('',*,*,#1055,.T.);
#1372=ORIENTED_EDGE('',*,*,#1056,.F.);
#1373=ORIENTED_EDGE('',*,*,#1057,.F.);
#1374=ORIENTED_EDGE('',*,*,#1004,.F.);
#1375=ORIENTED_EDGE('',*,*,#1058,.F.);
#1376=ORIENTED_EDGE('',*,*,#1059,.T.);
#1377=ORIENTED_EDGE('',*,*,#1060,.F.);
#1378=ORIENTED_EDGE('',*,*,#1061,.F.);
#1379=ORIENTED_EDGE('',*,*,#1001,.F.);
#1380=ORIENTED_EDGE('',*,*,#1062,.F.);
#1381=ORIENTED_EDGE('',*,*,#1063,.T.);
#1382=ORIENTED_EDGE('',*,*,#1064,.F.);
#1383=ORIENTED_EDGE('',*,*,#1065,.F.);
#1384=ORIENTED_EDGE('',*,*,#998,.F.);
#1385=ORIENTED_EDGE('',*,*,#1066,.F.);
#1386=ORIENTED_EDGE('',*,*,#1067,.T.);
#1387=ORIENTED_EDGE('',*,*,#1068,.F.);
#1388=ORIENTED_EDGE('',*,*,#1069,.F.);
#1389=ORIENTED_EDGE('',*,*,#995,.F.);
#1390=ORIENTED_EDGE('',*,*,#1070,.F.);
#1391=ORIENTED_EDGE('',*,*,#1071,.T.);
#1392=ORIENTED_EDGE('',*,*,#1072,.F.);
#1393=ORIENTED_EDGE('',*,*,#1073,.F.);
#1394=ORIENTED_EDGE('',*,*,#1022,.F.);
#1395=ORIENTED_EDGE('',*,*,#1074,.F.);
#1396=ORIENTED_EDGE('',*,*,#1075,.T.);
#1397=ORIENTED_EDGE('',*,*,#1076,.F.);
#1398=ORIENTED_EDGE('',*,*,#1077,.F.);
#1399=ORIENTED_EDGE('',*,*,#1019,.F.);
#1400=ORIENTED_EDGE('',*,*,#1078,.F.);
#1401=ORIENTED_EDGE('',*,*,#1079,.T.);
#1402=ORIENTED_EDGE('',*,*,#1080,.F.);
#1403=ORIENTED_EDGE('',*,*,#1081,.F.);
#1404=ORIENTED_EDGE('',*,*,#1016,.F.);
#1405=ORIENTED_EDGE('',*,*,#1082,.F.);
#1406=ORIENTED_EDGE('',*,*,#1083,.T.);
#1407=ORIENTED_EDGE('',*,*,#1084,.F.);
#1408=ORIENTED_EDGE('',*,*,#1085,.F.);
#1409=ORIENTED_EDGE('',*,*,#1013,.F.);
#1410=ORIENTED_EDGE('',*,*,#1086,.F.);
#1411=ORIENTED_EDGE('',*,*,#1087,.F.);
#1412=ORIENTED_EDGE('',*,*,#1088,.F.);
#1413=ORIENTED_EDGE('',*,*,#1089,.F.);
#1414=ORIENTED_EDGE('',*,*,#1008,.T.);
#1415=ORIENTED_EDGE('',*,*,#1090,.F.);
#1416=ORIENTED_EDGE('',*,*,#1091,.F.);
#1417=ORIENTED_EDGE('',*,*,#1092,.F.);
#1418=ORIENTED_EDGE('',*,*,#1093,.F.);
#1419=ORIENTED_EDGE('',*,*,#1005,.T.);
#1420=ORIENTED_EDGE('',*,*,#1094,.F.);
#1421=ORIENTED_EDGE('',*,*,#1095,.F.);
#1422=ORIENTED_EDGE('',*,*,#1096,.F.);
#1423=ORIENTED_EDGE('',*,*,#1097,.F.);
#1424=ORIENTED_EDGE('',*,*,#1002,.T.);
#1425=ORIENTED_EDGE('',*,*,#1098,.F.);
#1426=ORIENTED_EDGE('',*,*,#1099,.F.);
#1427=ORIENTED_EDGE('',*,*,#1100,.F.);
#1428=ORIENTED_EDGE('',*,*,#1101,.F.);
#1429=ORIENTED_EDGE('',*,*,#999,.T.);
#1430=ORIENTED_EDGE('',*,*,#1102,.F.);
#1431=ORIENTED_EDGE('',*,*,#1103,.F.);
#1432=ORIENTED_EDGE('',*,*,#1104,.F.);
#1433=ORIENTED_EDGE('',*,*,#1105,.F.);
#1434=ORIENTED_EDGE('',*,*,#996,.T.);
#1435=ORIENTED_EDGE('',*,*,#1106,.F.);
#1436=ORIENTED_EDGE('',*,*,#1107,.F.);
#1437=ORIENTED_EDGE('',*,*,#1108,.F.);
#1438=ORIENTED_EDGE('',*,*,#1109,.F.);
#1439=ORIENTED_EDGE('',*,*,#993,.T.);
#1440=ORIENTED_EDGE('',*,*,#1110,.F.);
#1441=ORIENTED_EDGE('',*,*,#1111,.F.);
#1442=ORIENTED_EDGE('',*,*,#1112,.F.);
#1443=ORIENTED_EDGE('',*,*,#1113,.F.);
#1444=ORIENTED_EDGE('',*,*,#1020,.T.);
#1445=ORIENTED_EDGE('',*,*,#1114,.F.);
#1446=ORIENTED_EDGE('',*,*,#1115,.F.);
#1447=ORIENTED_EDGE('',*,*,#1116,.F.);
#1448=ORIENTED_EDGE('',*,*,#1117,.F.);
#1449=ORIENTED_EDGE('',*,*,#1017,.T.);
#1450=ORIENTED_EDGE('',*,*,#1118,.F.);
#1451=ORIENTED_EDGE('',*,*,#1119,.F.);
#1452=ORIENTED_EDGE('',*,*,#1120,.F.);
#1453=ORIENTED_EDGE('',*,*,#1121,.F.);
#1454=ORIENTED_EDGE('',*,*,#1014,.T.);
#1455=ORIENTED_EDGE('',*,*,#1122,.F.);
#1456=ORIENTED_EDGE('',*,*,#1123,.F.);
#1457=ORIENTED_EDGE('',*,*,#1124,.F.);
#1458=ORIENTED_EDGE('',*,*,#1125,.F.);
#1459=ORIENTED_EDGE('',*,*,#1011,.T.);
#1460=ORIENTED_EDGE('',*,*,#1126,.F.);
#1461=ORIENTED_EDGE('',*,*,#1023,.F.);
#1462=ORIENTED_EDGE('',*,*,#1127,.F.);
#1463=ORIENTED_EDGE('',*,*,#1128,.F.);
#1464=ORIENTED_EDGE('',*,*,#1129,.F.);
#1465=ORIENTED_EDGE('',*,*,#1130,.F.);
#1466=ORIENTED_EDGE('',*,*,#1131,.F.);
#1467=ORIENTED_EDGE('',*,*,#1046,.F.);
#1468=ORIENTED_EDGE('',*,*,#1132,.F.);
#1469=ORIENTED_EDGE('',*,*,#1133,.F.);
#1470=ORIENTED_EDGE('',*,*,#1134,.F.);
#1471=ORIENTED_EDGE('',*,*,#1135,.F.);
#1472=ORIENTED_EDGE('',*,*,#1127,.T.);
#1473=ORIENTED_EDGE('',*,*,#1032,.F.);
#1474=ORIENTED_EDGE('',*,*,#1136,.F.);
#1475=ORIENTED_EDGE('',*,*,#1137,.F.);
#1476=ORIENTED_EDGE('',*,*,#1138,.F.);
#1477=ORIENTED_EDGE('',*,*,#1139,.F.);
#1478=ORIENTED_EDGE('',*,*,#1140,.F.);
#1479=ORIENTED_EDGE('',*,*,#1031,.F.);
#1480=ORIENTED_EDGE('',*,*,#1141,.F.);
#1481=ORIENTED_EDGE('',*,*,#1142,.F.);
#1482=ORIENTED_EDGE('',*,*,#1143,.F.);
#1483=ORIENTED_EDGE('',*,*,#1144,.F.);
#1484=ORIENTED_EDGE('',*,*,#1136,.T.);
#1485=ORIENTED_EDGE('',*,*,#1029,.F.);
#1486=ORIENTED_EDGE('',*,*,#1145,.F.);
#1487=ORIENTED_EDGE('',*,*,#1146,.F.);
#1488=ORIENTED_EDGE('',*,*,#1147,.F.);
#1489=ORIENTED_EDGE('',*,*,#1148,.F.);
#1490=ORIENTED_EDGE('',*,*,#1149,.F.);
#1491=ORIENTED_EDGE('',*,*,#1028,.F.);
#1492=ORIENTED_EDGE('',*,*,#1150,.F.);
#1493=ORIENTED_EDGE('',*,*,#1151,.F.);
#1494=ORIENTED_EDGE('',*,*,#1152,.F.);
#1495=ORIENTED_EDGE('',*,*,#1153,.F.);
#1496=ORIENTED_EDGE('',*,*,#1145,.T.);
#1497=ORIENTED_EDGE('',*,*,#1044,.F.);
#1498=ORIENTED_EDGE('',*,*,#1154,.F.);
#1499=ORIENTED_EDGE('',*,*,#1155,.F.);
#1500=ORIENTED_EDGE('',*,*,#1156,.F.);
#1501=ORIENTED_EDGE('',*,*,#1157,.F.);
#1502=ORIENTED_EDGE('',*,*,#1158,.F.);
#1503=ORIENTED_EDGE('',*,*,#1043,.F.);
#1504=ORIENTED_EDGE('',*,*,#1159,.F.);
#1505=ORIENTED_EDGE('',*,*,#1160,.F.);
#1506=ORIENTED_EDGE('',*,*,#1161,.F.);
#1507=ORIENTED_EDGE('',*,*,#1162,.F.);
#1508=ORIENTED_EDGE('',*,*,#1154,.T.);
#1509=ORIENTED_EDGE('',*,*,#1041,.F.);
#1510=ORIENTED_EDGE('',*,*,#1163,.F.);
#1511=ORIENTED_EDGE('',*,*,#1164,.F.);
#1512=ORIENTED_EDGE('',*,*,#1165,.F.);
#1513=ORIENTED_EDGE('',*,*,#1166,.F.);
#1514=ORIENTED_EDGE('',*,*,#1167,.F.);
#1515=ORIENTED_EDGE('',*,*,#1040,.F.);
#1516=ORIENTED_EDGE('',*,*,#1168,.F.);
#1517=ORIENTED_EDGE('',*,*,#1169,.F.);
#1518=ORIENTED_EDGE('',*,*,#1170,.F.);
#1519=ORIENTED_EDGE('',*,*,#1171,.F.);
#1520=ORIENTED_EDGE('',*,*,#1163,.T.);
#1521=ORIENTED_EDGE('',*,*,#1038,.F.);
#1522=ORIENTED_EDGE('',*,*,#1172,.F.);
#1523=ORIENTED_EDGE('',*,*,#1173,.F.);
#1524=ORIENTED_EDGE('',*,*,#1174,.F.);
#1525=ORIENTED_EDGE('',*,*,#1175,.F.);
#1526=ORIENTED_EDGE('',*,*,#1176,.F.);
#1527=ORIENTED_EDGE('',*,*,#1037,.F.);
#1528=ORIENTED_EDGE('',*,*,#1177,.F.);
#1529=ORIENTED_EDGE('',*,*,#1178,.F.);
#1530=ORIENTED_EDGE('',*,*,#1179,.F.);
#1531=ORIENTED_EDGE('',*,*,#1180,.F.);
#1532=ORIENTED_EDGE('',*,*,#1172,.T.);
#1533=ORIENTED_EDGE('',*,*,#1035,.F.);
#1534=ORIENTED_EDGE('',*,*,#1181,.F.);
#1535=ORIENTED_EDGE('',*,*,#1182,.F.);
#1536=ORIENTED_EDGE('',*,*,#1183,.F.);
#1537=ORIENTED_EDGE('',*,*,#1184,.F.);
#1538=ORIENTED_EDGE('',*,*,#1185,.F.);
#1539=ORIENTED_EDGE('',*,*,#1034,.F.);
#1540=ORIENTED_EDGE('',*,*,#1186,.F.);
#1541=ORIENTED_EDGE('',*,*,#1187,.F.);
#1542=ORIENTED_EDGE('',*,*,#1188,.F.);
#1543=ORIENTED_EDGE('',*,*,#1189,.F.);
#1544=ORIENTED_EDGE('',*,*,#1181,.T.);
#1545=ORIENTED_EDGE('',*,*,#1025,.T.);
#1546=ORIENTED_EDGE('',*,*,#1190,.F.);
#1547=ORIENTED_EDGE('',*,*,#1191,.F.);
#1548=ORIENTED_EDGE('',*,*,#1192,.F.);
#1549=ORIENTED_EDGE('',*,*,#1193,.F.);
#1550=ORIENTED_EDGE('',*,*,#1194,.T.);
#1551=ORIENTED_EDGE('',*,*,#1135,.T.);
#1552=ORIENTED_EDGE('',*,*,#1195,.F.);
#1553=ORIENTED_EDGE('',*,*,#1155,.T.);
#1554=ORIENTED_EDGE('',*,*,#1162,.T.);
#1555=ORIENTED_EDGE('',*,*,#1196,.F.);
#1556=ORIENTED_EDGE('',*,*,#1164,.T.);
#1557=ORIENTED_EDGE('',*,*,#1171,.T.);
#1558=ORIENTED_EDGE('',*,*,#1197,.F.);
#1559=ORIENTED_EDGE('',*,*,#1173,.T.);
#1560=ORIENTED_EDGE('',*,*,#1180,.T.);
#1561=ORIENTED_EDGE('',*,*,#1198,.F.);
#1562=ORIENTED_EDGE('',*,*,#1182,.T.);
#1563=ORIENTED_EDGE('',*,*,#1189,.T.);
#1564=ORIENTED_EDGE('',*,*,#1199,.F.);
#1565=ORIENTED_EDGE('',*,*,#1137,.T.);
#1566=ORIENTED_EDGE('',*,*,#1144,.T.);
#1567=ORIENTED_EDGE('',*,*,#1200,.F.);
#1568=ORIENTED_EDGE('',*,*,#1146,.T.);
#1569=ORIENTED_EDGE('',*,*,#1153,.T.);
#1570=ORIENTED_EDGE('',*,*,#1201,.F.);
#1571=ORIENTED_EDGE('',*,*,#1202,.T.);
#1572=ORIENTED_EDGE('',*,*,#1193,.T.);
#1573=ORIENTED_EDGE('',*,*,#1203,.F.);
#1574=ORIENTED_EDGE('',*,*,#1128,.T.);
#1575=ORIENTED_EDGE('',*,*,#1204,.T.);
#1576=ORIENTED_EDGE('',*,*,#994,.T.);
#1577=ORIENTED_EDGE('',*,*,#1109,.T.);
#1578=ORIENTED_EDGE('',*,*,#1205,.T.);
#1579=ORIENTED_EDGE('',*,*,#1070,.T.);
#1580=ORIENTED_EDGE('',*,*,#1003,.T.);
#1581=ORIENTED_EDGE('',*,*,#1097,.T.);
#1582=ORIENTED_EDGE('',*,*,#1206,.T.);
#1583=ORIENTED_EDGE('',*,*,#1058,.T.);
#1584=ORIENTED_EDGE('',*,*,#1021,.T.);
#1585=ORIENTED_EDGE('',*,*,#1113,.T.);
#1586=ORIENTED_EDGE('',*,*,#1207,.T.);
#1587=ORIENTED_EDGE('',*,*,#1074,.T.);
#1588=ORIENTED_EDGE('',*,*,#1015,.T.);
#1589=ORIENTED_EDGE('',*,*,#1121,.T.);
#1590=ORIENTED_EDGE('',*,*,#1208,.T.);
#1591=ORIENTED_EDGE('',*,*,#1082,.T.);
#1592=ORIENTED_EDGE('',*,*,#1054,.T.);
#1593=ORIENTED_EDGE('',*,*,#1006,.T.);
#1594=ORIENTED_EDGE('',*,*,#1093,.T.);
#1595=ORIENTED_EDGE('',*,*,#1209,.T.);
#1596=ORIENTED_EDGE('',*,*,#997,.T.);
#1597=ORIENTED_EDGE('',*,*,#1105,.T.);
#1598=ORIENTED_EDGE('',*,*,#1210,.T.);
#1599=ORIENTED_EDGE('',*,*,#1066,.T.);
#1600=ORIENTED_EDGE('',*,*,#1009,.T.);
#1601=ORIENTED_EDGE('',*,*,#1089,.T.);
#1602=ORIENTED_EDGE('',*,*,#1211,.T.);
#1603=ORIENTED_EDGE('',*,*,#1050,.T.);
#1604=ORIENTED_EDGE('',*,*,#1078,.T.);
#1605=ORIENTED_EDGE('',*,*,#1018,.T.);
#1606=ORIENTED_EDGE('',*,*,#1117,.T.);
#1607=ORIENTED_EDGE('',*,*,#1212,.T.);
#1608=ORIENTED_EDGE('',*,*,#1086,.T.);
#1609=ORIENTED_EDGE('',*,*,#1012,.T.);
#1610=ORIENTED_EDGE('',*,*,#1125,.T.);
#1611=ORIENTED_EDGE('',*,*,#1213,.T.);
#1612=ORIENTED_EDGE('',*,*,#1062,.T.);
#1613=ORIENTED_EDGE('',*,*,#1000,.T.);
#1614=ORIENTED_EDGE('',*,*,#1101,.T.);
#1615=ORIENTED_EDGE('',*,*,#1214,.T.);
#1616=ORIENTED_EDGE('',*,*,#1026,.T.);
#1617=ORIENTED_EDGE('',*,*,#1194,.F.);
#1618=ORIENTED_EDGE('',*,*,#1202,.F.);
#1619=ORIENTED_EDGE('',*,*,#1215,.F.);
#1620=ORIENTED_EDGE('',*,*,#1216,.F.);
#1621=ORIENTED_EDGE('',*,*,#1217,.F.);
#1622=ORIENTED_EDGE('',*,*,#1214,.F.);
#1623=ORIENTED_EDGE('',*,*,#1100,.T.);
#1624=ORIENTED_EDGE('',*,*,#1218,.F.);
#1625=ORIENTED_EDGE('',*,*,#1059,.F.);
#1626=ORIENTED_EDGE('',*,*,#1213,.F.);
#1627=ORIENTED_EDGE('',*,*,#1124,.T.);
#1628=ORIENTED_EDGE('',*,*,#1219,.F.);
#1629=ORIENTED_EDGE('',*,*,#1083,.F.);
#1630=ORIENTED_EDGE('',*,*,#1212,.F.);
#1631=ORIENTED_EDGE('',*,*,#1116,.T.);
#1632=ORIENTED_EDGE('',*,*,#1220,.F.);
#1633=ORIENTED_EDGE('',*,*,#1075,.F.);
#1634=ORIENTED_EDGE('',*,*,#1211,.F.);
#1635=ORIENTED_EDGE('',*,*,#1088,.T.);
#1636=ORIENTED_EDGE('',*,*,#1221,.F.);
#1637=ORIENTED_EDGE('',*,*,#1047,.F.);
#1638=ORIENTED_EDGE('',*,*,#1210,.F.);
#1639=ORIENTED_EDGE('',*,*,#1104,.T.);
#1640=ORIENTED_EDGE('',*,*,#1222,.F.);
#1641=ORIENTED_EDGE('',*,*,#1063,.F.);
#1642=ORIENTED_EDGE('',*,*,#1209,.F.);
#1643=ORIENTED_EDGE('',*,*,#1092,.T.);
#1644=ORIENTED_EDGE('',*,*,#1223,.F.);
#1645=ORIENTED_EDGE('',*,*,#1051,.F.);
#1646=ORIENTED_EDGE('',*,*,#1208,.F.);
#1647=ORIENTED_EDGE('',*,*,#1120,.T.);
#1648=ORIENTED_EDGE('',*,*,#1224,.F.);
#1649=ORIENTED_EDGE('',*,*,#1079,.F.);
#1650=ORIENTED_EDGE('',*,*,#1207,.F.);
#1651=ORIENTED_EDGE('',*,*,#1112,.T.);
#1652=ORIENTED_EDGE('',*,*,#1225,.F.);
#1653=ORIENTED_EDGE('',*,*,#1071,.F.);
#1654=ORIENTED_EDGE('',*,*,#1206,.F.);
#1655=ORIENTED_EDGE('',*,*,#1096,.T.);
#1656=ORIENTED_EDGE('',*,*,#1226,.F.);
#1657=ORIENTED_EDGE('',*,*,#1055,.F.);
#1658=ORIENTED_EDGE('',*,*,#1205,.F.);
#1659=ORIENTED_EDGE('',*,*,#1108,.T.);
#1660=ORIENTED_EDGE('',*,*,#1227,.F.);
#1661=ORIENTED_EDGE('',*,*,#1067,.F.);
#1662=ORIENTED_EDGE('',*,*,#1114,.T.);
#1663=ORIENTED_EDGE('',*,*,#982,.F.);
#1664=ORIENTED_EDGE('',*,*,#1069,.T.);
#1665=ORIENTED_EDGE('',*,*,#1228,.F.);
#1666=ORIENTED_EDGE('',*,*,#1229,.F.);
#1667=ORIENTED_EDGE('',*,*,#1053,.T.);
#1668=ORIENTED_EDGE('',*,*,#1230,.F.);
#1669=ORIENTED_EDGE('',*,*,#1098,.T.);
#1670=ORIENTED_EDGE('',*,*,#974,.F.);
#1671=ORIENTED_EDGE('',*,*,#1065,.T.);
#1672=ORIENTED_EDGE('',*,*,#1231,.F.);
#1673=ORIENTED_EDGE('',*,*,#1110,.T.);
#1674=ORIENTED_EDGE('',*,*,#980,.F.);
#1675=ORIENTED_EDGE('',*,*,#1049,.T.);
#1676=ORIENTED_EDGE('',*,*,#1232,.F.);
#1677=ORIENTED_EDGE('',*,*,#1094,.T.);
#1678=ORIENTED_EDGE('',*,*,#992,.F.);
#1679=ORIENTED_EDGE('',*,*,#1118,.T.);
#1680=ORIENTED_EDGE('',*,*,#984,.F.);
#1681=ORIENTED_EDGE('',*,*,#1073,.T.);
#1682=ORIENTED_EDGE('',*,*,#1233,.F.);
#1683=ORIENTED_EDGE('',*,*,#1077,.T.);
#1684=ORIENTED_EDGE('',*,*,#1234,.F.);
#1685=ORIENTED_EDGE('',*,*,#1122,.T.);
#1686=ORIENTED_EDGE('',*,*,#986,.F.);
#1687=ORIENTED_EDGE('',*,*,#1126,.T.);
#1688=ORIENTED_EDGE('',*,*,#988,.F.);
#1689=ORIENTED_EDGE('',*,*,#1081,.T.);
#1690=ORIENTED_EDGE('',*,*,#1235,.F.);
#1691=ORIENTED_EDGE('',*,*,#1085,.T.);
#1692=ORIENTED_EDGE('',*,*,#1236,.F.);
#1693=ORIENTED_EDGE('',*,*,#1090,.T.);
#1694=ORIENTED_EDGE('',*,*,#990,.F.);
#1695=ORIENTED_EDGE('',*,*,#1102,.T.);
#1696=ORIENTED_EDGE('',*,*,#976,.F.);
#1697=ORIENTED_EDGE('',*,*,#1057,.T.);
#1698=ORIENTED_EDGE('',*,*,#1237,.F.);
#1699=ORIENTED_EDGE('',*,*,#1061,.T.);
#1700=ORIENTED_EDGE('',*,*,#1238,.F.);
#1701=ORIENTED_EDGE('',*,*,#1106,.T.);
#1702=ORIENTED_EDGE('',*,*,#978,.F.);
#1703=ORIENTED_EDGE('',*,*,#1134,.T.);
#1704=ORIENTED_EDGE('',*,*,#1239,.T.);
#1705=ORIENTED_EDGE('',*,*,#1156,.T.);
#1706=ORIENTED_EDGE('',*,*,#1195,.T.);
#1707=ORIENTED_EDGE('',*,*,#1199,.T.);
#1708=ORIENTED_EDGE('',*,*,#1188,.T.);
#1709=ORIENTED_EDGE('',*,*,#1240,.T.);
#1710=ORIENTED_EDGE('',*,*,#1138,.T.);
#1711=ORIENTED_EDGE('',*,*,#1203,.T.);
#1712=ORIENTED_EDGE('',*,*,#1192,.T.);
#1713=ORIENTED_EDGE('',*,*,#1241,.T.);
#1714=ORIENTED_EDGE('',*,*,#1129,.T.);
#1715=ORIENTED_EDGE('',*,*,#1198,.T.);
#1716=ORIENTED_EDGE('',*,*,#1179,.T.);
#1717=ORIENTED_EDGE('',*,*,#1242,.T.);
#1718=ORIENTED_EDGE('',*,*,#1183,.T.);
#1719=ORIENTED_EDGE('',*,*,#1197,.T.);
#1720=ORIENTED_EDGE('',*,*,#1170,.T.);
#1721=ORIENTED_EDGE('',*,*,#1243,.T.);
#1722=ORIENTED_EDGE('',*,*,#1174,.T.);
#1723=ORIENTED_EDGE('',*,*,#1196,.T.);
#1724=ORIENTED_EDGE('',*,*,#1161,.T.);
#1725=ORIENTED_EDGE('',*,*,#1244,.T.);
#1726=ORIENTED_EDGE('',*,*,#1165,.T.);
#1727=ORIENTED_EDGE('',*,*,#1201,.T.);
#1728=ORIENTED_EDGE('',*,*,#1152,.T.);
#1729=ORIENTED_EDGE('',*,*,#1245,.T.);
#1730=ORIENTED_EDGE('',*,*,#1215,.T.);
#1731=ORIENTED_EDGE('',*,*,#1143,.T.);
#1732=ORIENTED_EDGE('',*,*,#1246,.T.);
#1733=ORIENTED_EDGE('',*,*,#1147,.T.);
#1734=ORIENTED_EDGE('',*,*,#1200,.T.);
#1735=ORIENTED_EDGE('',*,*,#1131,.T.);
#1736=ORIENTED_EDGE('',*,*,#1247,.T.);
#1737=ORIENTED_EDGE('',*,*,#1190,.T.);
#1738=ORIENTED_EDGE('',*,*,#1024,.T.);
#1739=ORIENTED_EDGE('',*,*,#1036,.T.);
#1740=ORIENTED_EDGE('',*,*,#1185,.T.);
#1741=ORIENTED_EDGE('',*,*,#1248,.T.);
#1742=ORIENTED_EDGE('',*,*,#1177,.T.);
#1743=ORIENTED_EDGE('',*,*,#1045,.T.);
#1744=ORIENTED_EDGE('',*,*,#1158,.T.);
#1745=ORIENTED_EDGE('',*,*,#1249,.T.);
#1746=ORIENTED_EDGE('',*,*,#1132,.T.);
#1747=ORIENTED_EDGE('',*,*,#1140,.T.);
#1748=ORIENTED_EDGE('',*,*,#1250,.T.);
#1749=ORIENTED_EDGE('',*,*,#1186,.T.);
#1750=ORIENTED_EDGE('',*,*,#1033,.T.);
#1751=ORIENTED_EDGE('',*,*,#1027,.T.);
#1752=ORIENTED_EDGE('',*,*,#1217,.T.);
#1753=ORIENTED_EDGE('',*,*,#1251,.T.);
#1754=ORIENTED_EDGE('',*,*,#1150,.T.);
#1755=ORIENTED_EDGE('',*,*,#1039,.T.);
#1756=ORIENTED_EDGE('',*,*,#1176,.T.);
#1757=ORIENTED_EDGE('',*,*,#1252,.T.);
#1758=ORIENTED_EDGE('',*,*,#1168,.T.);
#1759=ORIENTED_EDGE('',*,*,#1042,.T.);
#1760=ORIENTED_EDGE('',*,*,#1167,.T.);
#1761=ORIENTED_EDGE('',*,*,#1253,.T.);
#1762=ORIENTED_EDGE('',*,*,#1159,.T.);
#1763=ORIENTED_EDGE('',*,*,#1191,.T.);
#1764=ORIENTED_EDGE('',*,*,#1247,.F.);
#1765=ORIENTED_EDGE('',*,*,#1130,.T.);
#1766=ORIENTED_EDGE('',*,*,#1241,.F.);
#1767=ORIENTED_EDGE('',*,*,#1178,.T.);
#1768=ORIENTED_EDGE('',*,*,#1248,.F.);
#1769=ORIENTED_EDGE('',*,*,#1184,.T.);
#1770=ORIENTED_EDGE('',*,*,#1242,.F.);
#1771=ORIENTED_EDGE('',*,*,#1157,.T.);
#1772=ORIENTED_EDGE('',*,*,#1239,.F.);
#1773=ORIENTED_EDGE('',*,*,#1133,.T.);
#1774=ORIENTED_EDGE('',*,*,#1249,.F.);
#1775=ORIENTED_EDGE('',*,*,#1139,.T.);
#1776=ORIENTED_EDGE('',*,*,#1240,.F.);
#1777=ORIENTED_EDGE('',*,*,#1187,.T.);
#1778=ORIENTED_EDGE('',*,*,#1250,.F.);
#1779=ORIENTED_EDGE('',*,*,#1151,.T.);
#1780=ORIENTED_EDGE('',*,*,#1251,.F.);
#1781=ORIENTED_EDGE('',*,*,#1216,.T.);
#1782=ORIENTED_EDGE('',*,*,#1245,.F.);
#1783=ORIENTED_EDGE('',*,*,#1169,.T.);
#1784=ORIENTED_EDGE('',*,*,#1252,.F.);
#1785=ORIENTED_EDGE('',*,*,#1175,.T.);
#1786=ORIENTED_EDGE('',*,*,#1243,.F.);
#1787=ORIENTED_EDGE('',*,*,#1166,.T.);
#1788=ORIENTED_EDGE('',*,*,#1244,.F.);
#1789=ORIENTED_EDGE('',*,*,#1160,.T.);
#1790=ORIENTED_EDGE('',*,*,#1253,.F.);
#1791=ORIENTED_EDGE('',*,*,#1030,.T.);
#1792=ORIENTED_EDGE('',*,*,#1149,.T.);
#1793=ORIENTED_EDGE('',*,*,#1254,.T.);
#1794=ORIENTED_EDGE('',*,*,#1141,.T.);
#1795=ORIENTED_EDGE('',*,*,#1148,.T.);
#1796=ORIENTED_EDGE('',*,*,#1246,.F.);
#1797=ORIENTED_EDGE('',*,*,#1142,.T.);
#1798=ORIENTED_EDGE('',*,*,#1254,.F.);
#1799=ORIENTED_EDGE('',*,*,#1255,.T.);
#1800=ORIENTED_EDGE('',*,*,#1256,.T.);
#1801=ORIENTED_EDGE('',*,*,#1204,.F.);
#1802=ORIENTED_EDGE('',*,*,#1256,.F.);
#1803=ORIENTED_EDGE('',*,*,#1255,.F.);
#1804=ORIENTED_EDGE('',*,*,#1257,.F.);
#1805=ORIENTED_EDGE('',*,*,#1258,.F.);
#1806=ORIENTED_EDGE('',*,*,#1259,.F.);
#1807=ORIENTED_EDGE('',*,*,#1260,.F.);
#1808=ORIENTED_EDGE('',*,*,#1229,.T.);
#1809=ORIENTED_EDGE('',*,*,#1261,.T.);
#1810=ORIENTED_EDGE('',*,*,#1262,.F.);
#1811=ORIENTED_EDGE('',*,*,#1261,.F.);
#1812=ORIENTED_EDGE('',*,*,#1228,.T.);
#1813=ORIENTED_EDGE('',*,*,#1068,.T.);
#1814=ORIENTED_EDGE('',*,*,#1227,.T.);
#1815=ORIENTED_EDGE('',*,*,#1107,.T.);
#1816=ORIENTED_EDGE('',*,*,#1231,.T.);
#1817=ORIENTED_EDGE('',*,*,#1064,.T.);
#1818=ORIENTED_EDGE('',*,*,#1222,.T.);
#1819=ORIENTED_EDGE('',*,*,#1103,.T.);
#1820=ORIENTED_EDGE('',*,*,#1238,.T.);
#1821=ORIENTED_EDGE('',*,*,#1060,.T.);
#1822=ORIENTED_EDGE('',*,*,#1218,.T.);
#1823=ORIENTED_EDGE('',*,*,#1099,.T.);
#1824=ORIENTED_EDGE('',*,*,#1237,.T.);
#1825=ORIENTED_EDGE('',*,*,#1056,.T.);
#1826=ORIENTED_EDGE('',*,*,#1226,.T.);
#1827=ORIENTED_EDGE('',*,*,#1095,.T.);
#1828=ORIENTED_EDGE('',*,*,#1230,.T.);
#1829=ORIENTED_EDGE('',*,*,#1052,.T.);
#1830=ORIENTED_EDGE('',*,*,#1223,.T.);
#1831=ORIENTED_EDGE('',*,*,#1091,.T.);
#1832=ORIENTED_EDGE('',*,*,#1232,.T.);
#1833=ORIENTED_EDGE('',*,*,#1048,.T.);
#1834=ORIENTED_EDGE('',*,*,#1221,.T.);
#1835=ORIENTED_EDGE('',*,*,#1087,.T.);
#1836=ORIENTED_EDGE('',*,*,#1236,.T.);
#1837=ORIENTED_EDGE('',*,*,#1084,.T.);
#1838=ORIENTED_EDGE('',*,*,#1219,.T.);
#1839=ORIENTED_EDGE('',*,*,#1123,.T.);
#1840=ORIENTED_EDGE('',*,*,#1235,.T.);
#1841=ORIENTED_EDGE('',*,*,#1080,.T.);
#1842=ORIENTED_EDGE('',*,*,#1224,.T.);
#1843=ORIENTED_EDGE('',*,*,#1119,.T.);
#1844=ORIENTED_EDGE('',*,*,#1234,.T.);
#1845=ORIENTED_EDGE('',*,*,#1076,.T.);
#1846=ORIENTED_EDGE('',*,*,#1220,.T.);
#1847=ORIENTED_EDGE('',*,*,#1115,.T.);
#1848=ORIENTED_EDGE('',*,*,#1233,.T.);
#1849=ORIENTED_EDGE('',*,*,#1072,.T.);
#1850=ORIENTED_EDGE('',*,*,#1225,.T.);
#1851=ORIENTED_EDGE('',*,*,#1111,.T.);
#1852=ORIENTED_EDGE('',*,*,#1262,.T.);
#1853=ORIENTED_EDGE('',*,*,#1263,.T.);
#1854=ORIENTED_EDGE('',*,*,#1264,.T.);
#1855=ORIENTED_EDGE('',*,*,#1265,.T.);
#1856=ORIENTED_EDGE('',*,*,#1266,.T.);
#1857=ORIENTED_EDGE('',*,*,#1257,.T.);
#1858=ORIENTED_EDGE('',*,*,#1267,.T.);
#1859=ORIENTED_EDGE('',*,*,#1265,.F.);
#1860=ORIENTED_EDGE('',*,*,#1268,.F.);
#1861=ORIENTED_EDGE('',*,*,#1260,.T.);
#1862=ORIENTED_EDGE('',*,*,#1269,.T.);
#1863=ORIENTED_EDGE('',*,*,#1266,.F.);
#1864=ORIENTED_EDGE('',*,*,#1267,.F.);
#1865=ORIENTED_EDGE('',*,*,#1259,.T.);
#1866=ORIENTED_EDGE('',*,*,#1270,.T.);
#1867=ORIENTED_EDGE('',*,*,#1263,.F.);
#1868=ORIENTED_EDGE('',*,*,#1269,.F.);
#1869=ORIENTED_EDGE('',*,*,#1258,.T.);
#1870=ORIENTED_EDGE('',*,*,#1268,.T.);
#1871=ORIENTED_EDGE('',*,*,#1264,.F.);
#1872=ORIENTED_EDGE('',*,*,#1270,.F.);
#1873=CONICAL_SURFACE('',#2006,15.5,0.785398163397448);
#1874=CONICAL_SURFACE('',#2155,17.,0.785398163397448);
#1875=CONICAL_SURFACE('',#2157,17.,0.785398163397448);
#1876=CONICAL_SURFACE('',#2159,17.,0.785398163397448);
#1877=CONICAL_SURFACE('',#2161,17.,0.785398163397448);
#1878=CONICAL_SURFACE('',#2163,17.,0.785398163397448);
#1879=CONICAL_SURFACE('',#2165,17.,0.785398163397448);
#1880=CONICAL_SURFACE('',#2167,17.,0.785398163397448);
#1881=CONICAL_SURFACE('',#2169,17.,0.785398163397448);
#1882=CONICAL_SURFACE('',#2171,17.2828427124746,0.785398163397449);
#1883=CONICAL_SURFACE('',#2173,17.2828427124746,0.785398163397449);
#1884=CONICAL_SURFACE('',#2175,17.2828427124746,0.785398163397449);
#1885=CONICAL_SURFACE('',#2177,17.2828427124746,0.785398163397449);
#1886=CONICAL_SURFACE('',#2179,17.2828427124746,0.785398163397449);
#1887=CONICAL_SURFACE('',#2181,17.2828427124746,0.785398163397449);
#1888=CONICAL_SURFACE('',#2183,17.2828427124746,0.785398163397449);
#1889=CONICAL_SURFACE('',#2192,17.2828427124746,0.785398163397449);
#1890=CONICAL_SURFACE('',#2200,6.,0.785398163397448);
#1891=ADVANCED_FACE('',(#164),#1873,.F.);
#1892=ADVANCED_FACE('',(#165),#133,.F.);
#1893=ADVANCED_FACE('',(#166),#134,.F.);
#1894=ADVANCED_FACE('',(#167),#135,.F.);
#1895=ADVANCED_FACE('',(#168),#136,.F.);
#1896=ADVANCED_FACE('',(#169),#137,.F.);
#1897=ADVANCED_FACE('',(#170),#138,.F.);
#1898=ADVANCED_FACE('',(#171),#139,.F.);
#1899=ADVANCED_FACE('',(#172),#140,.F.);
#1900=ADVANCED_FACE('',(#173),#141,.F.);
#1901=ADVANCED_FACE('',(#174),#142,.F.);
#1902=ADVANCED_FACE('',(#175,#67),#81,.F.);
#1903=ADVANCED_FACE('',(#176),#82,.F.);
#1904=ADVANCED_FACE('',(#177),#83,.F.);
#1905=ADVANCED_FACE('',(#178),#84,.F.);
#1906=ADVANCED_FACE('',(#179),#85,.F.);
#1907=ADVANCED_FACE('',(#180),#86,.F.);
#1908=ADVANCED_FACE('',(#181),#87,.F.);
#1909=ADVANCED_FACE('',(#182),#88,.F.);
#1910=ADVANCED_FACE('',(#183),#89,.F.);
#1911=ADVANCED_FACE('',(#184),#90,.F.);
#1912=ADVANCED_FACE('',(#185),#91,.F.);
#1913=ADVANCED_FACE('',(#186),#92,.F.);
#1914=ADVANCED_FACE('',(#187),#93,.F.);
#1915=ADVANCED_FACE('',(#188),#94,.F.);
#1916=ADVANCED_FACE('',(#189),#95,.F.);
#1917=ADVANCED_FACE('',(#190),#96,.F.);
#1918=ADVANCED_FACE('',(#191),#97,.F.);
#1919=ADVANCED_FACE('',(#192),#98,.F.);
#1920=ADVANCED_FACE('',(#193),#99,.F.);
#1921=ADVANCED_FACE('',(#194),#100,.F.);
#1922=ADVANCED_FACE('',(#195),#101,.F.);
#1923=ADVANCED_FACE('',(#196),#102,.F.);
#1924=ADVANCED_FACE('',(#197),#103,.F.);
#1925=ADVANCED_FACE('',(#198),#104,.F.);
#1926=ADVANCED_FACE('',(#199),#105,.F.);
#1927=ADVANCED_FACE('',(#200),#106,.F.);
#1928=ADVANCED_FACE('',(#201),#107,.F.);
#1929=ADVANCED_FACE('',(#202),#108,.F.);
#1930=ADVANCED_FACE('',(#203),#109,.F.);
#1931=ADVANCED_FACE('',(#204),#110,.F.);
#1932=ADVANCED_FACE('',(#205),#111,.F.);
#1933=ADVANCED_FACE('',(#206),#112,.F.);
#1934=ADVANCED_FACE('',(#207),#113,.F.);
#1935=ADVANCED_FACE('',(#208),#114,.F.);
#1936=ADVANCED_FACE('',(#209),#115,.F.);
#1937=ADVANCED_FACE('',(#210),#116,.F.);
#1938=ADVANCED_FACE('',(#211,#68,#69,#70,#71,#72,#73,#74,#75,#76,#77,#78),
#117,.T.);
#1939=ADVANCED_FACE('',(#212),#118,.F.);
#1940=ADVANCED_FACE('',(#213),#143,.T.);
#1941=ADVANCED_FACE('',(#214),#144,.T.);
#1942=ADVANCED_FACE('',(#215),#145,.T.);
#1943=ADVANCED_FACE('',(#216),#146,.T.);
#1944=ADVANCED_FACE('',(#217),#147,.T.);
#1945=ADVANCED_FACE('',(#218),#148,.T.);
#1946=ADVANCED_FACE('',(#219),#149,.T.);
#1947=ADVANCED_FACE('',(#220),#150,.T.);
#1948=ADVANCED_FACE('',(#221),#151,.T.);
#1949=ADVANCED_FACE('',(#222),#152,.T.);
#1950=ADVANCED_FACE('',(#223),#119,.T.);
#1951=ADVANCED_FACE('',(#224),#120,.T.);
#1952=ADVANCED_FACE('',(#225),#121,.T.);
#1953=ADVANCED_FACE('',(#226),#122,.T.);
#1954=ADVANCED_FACE('',(#227),#123,.T.);
#1955=ADVANCED_FACE('',(#228),#124,.T.);
#1956=ADVANCED_FACE('',(#229),#125,.T.);
#1957=ADVANCED_FACE('',(#230),#126,.T.);
#1958=ADVANCED_FACE('',(#231),#127,.T.);
#1959=ADVANCED_FACE('',(#232),#128,.T.);
#1960=ADVANCED_FACE('',(#233),#1874,.T.);
#1961=ADVANCED_FACE('',(#234),#1875,.T.);
#1962=ADVANCED_FACE('',(#235),#1876,.T.);
#1963=ADVANCED_FACE('',(#236),#1877,.T.);
#1964=ADVANCED_FACE('',(#237),#1878,.T.);
#1965=ADVANCED_FACE('',(#238),#1879,.T.);
#1966=ADVANCED_FACE('',(#239),#1880,.T.);
#1967=ADVANCED_FACE('',(#240),#1881,.T.);
#1968=ADVANCED_FACE('',(#241),#1882,.T.);
#1969=ADVANCED_FACE('',(#242),#1883,.T.);
#1970=ADVANCED_FACE('',(#243),#1884,.T.);
#1971=ADVANCED_FACE('',(#244),#1885,.T.);
#1972=ADVANCED_FACE('',(#245),#1886,.T.);
#1973=ADVANCED_FACE('',(#246),#1887,.T.);
#1974=ADVANCED_FACE('',(#247),#1888,.T.);
#1975=ADVANCED_FACE('',(#248),#153,.T.);
#1976=ADVANCED_FACE('',(#249),#154,.T.);
#1977=ADVANCED_FACE('',(#250),#155,.T.);
#1978=ADVANCED_FACE('',(#251),#156,.T.);
#1979=ADVANCED_FACE('',(#252),#157,.T.);
#1980=ADVANCED_FACE('',(#253),#158,.T.);
#1981=ADVANCED_FACE('',(#254),#159,.T.);
#1982=ADVANCED_FACE('',(#255),#1889,.T.);
#1983=ADVANCED_FACE('',(#256),#160,.T.);
#1984=ADVANCED_FACE('',(#257),#161,.F.);
#1985=ADVANCED_FACE('',(#258,#79),#129,.F.);
#1986=ADVANCED_FACE('',(#259),#1890,.T.);
#1987=ADVANCED_FACE('',(#260,#80),#130,.T.);
#1988=ADVANCED_FACE('',(#261),#162,.F.);
#1989=ADVANCED_FACE('',(#262),#131,.F.);
#1990=ADVANCED_FACE('',(#263),#163,.F.);
#1991=ADVANCED_FACE('',(#264),#132,.F.);
#1992=CLOSED_SHELL('',(#1891,#1892,#1893,#1894,#1895,#1896,#1897,#1898,
#1899,#1900,#1901,#1902,#1903,#1904,#1905,#1906,#1907,#1908,#1909,#1910,
#1911,#1912,#1913,#1914,#1915,#1916,#1917,#1918,#1919,#1920,#1921,#1922,
#1923,#1924,#1925,#1926,#1927,#1928,#1929,#1930,#1931,#1932,#1933,#1934,
#1935,#1936,#1937,#1938,#1939,#1940,#1941,#1942,#1943,#1944,#1945,#1946,
#1947,#1948,#1949,#1950,#1951,#1952,#1953,#1954,#1955,#1956,#1957,#1958,
#1959,#1960,#1961,#1962,#1963,#1964,#1965,#1966,#1967,#1968,#1969,#1970,
#1971,#1972,#1973,#1974,#1975,#1976,#1977,#1978,#1979,#1980,#1981,#1982,
#1983,#1984,#1985,#1986,#1987,#1988,#1989,#1990,#1991));
#1993=DERIVED_UNIT_ELEMENT(#1995,1.);
#1994=DERIVED_UNIT_ELEMENT(#3470,-3.);
#1995=(
MASS_UNIT()
NAMED_UNIT(*)
SI_UNIT(.KILO.,.GRAM.)
);
#1996=DERIVED_UNIT((#1993,#1994));
#1997=MEASURE_REPRESENTATION_ITEM('density measure',
POSITIVE_RATIO_MEASURE(7850.),#1996);
#1998=PROPERTY_DEFINITION_REPRESENTATION(#2003,#2000);
#1999=PROPERTY_DEFINITION_REPRESENTATION(#2004,#2001);
#2000=REPRESENTATION('material name',(#2002),#3467);
#2001=REPRESENTATION('density',(#1997),#3467);
#2002=DESCRIPTIVE_REPRESENTATION_ITEM('Stahl','Stahl');
#2003=PROPERTY_DEFINITION('material property','material name',#3477);
#2004=PROPERTY_DEFINITION('material property','density of part',#3477);
#2005=AXIS2_PLACEMENT_3D('',#2764,#2209,#2210);
#2006=AXIS2_PLACEMENT_3D('',#2765,#2211,#2212);
#2007=AXIS2_PLACEMENT_3D('',#2768,#2213,#2214);
#2008=AXIS2_PLACEMENT_3D('',#2771,#2216,#2217);
#2009=AXIS2_PLACEMENT_3D('',#2773,#2218,#2219);
#2010=AXIS2_PLACEMENT_3D('',#2775,#2220,#2221);
#2011=AXIS2_PLACEMENT_3D('',#2777,#2222,#2223);
#2012=AXIS2_PLACEMENT_3D('',#2779,#2224,#2225);
#2013=AXIS2_PLACEMENT_3D('',#2781,#2226,#2227);
#2014=AXIS2_PLACEMENT_3D('',#2783,#2228,#2229);
#2015=AXIS2_PLACEMENT_3D('',#2785,#2230,#2231);
#2016=AXIS2_PLACEMENT_3D('',#2787,#2232,#2233);
#2017=AXIS2_PLACEMENT_3D('',#2789,#2234,#2235);
#2018=AXIS2_PLACEMENT_3D('',#2791,#2236,#2237);
#2019=AXIS2_PLACEMENT_3D('',#2793,#2238,#2239);
#2020=AXIS2_PLACEMENT_3D('',#2795,#2240,#2241);
#2021=AXIS2_PLACEMENT_3D('',#2797,#2242,#2243);
#2022=AXIS2_PLACEMENT_3D('',#2799,#2244,#2245);
#2023=AXIS2_PLACEMENT_3D('',#2801,#2246,#2247);
#2024=AXIS2_PLACEMENT_3D('',#2803,#2248,#2249);
#2025=AXIS2_PLACEMENT_3D('',#2805,#2250,#2251);
#2026=AXIS2_PLACEMENT_3D('',#2807,#2252,#2253);
#2027=AXIS2_PLACEMENT_3D('',#2809,#2254,#2255);
#2028=AXIS2_PLACEMENT_3D('',#2810,#2256,#2257);
#2029=AXIS2_PLACEMENT_3D('',#2811,#2258,#2259);
#2030=AXIS2_PLACEMENT_3D('',#2815,#2261,#2262);
#2031=AXIS2_PLACEMENT_3D('',#2817,#2264,#2265);
#2032=AXIS2_PLACEMENT_3D('',#2821,#2267,#2268);
#2033=AXIS2_PLACEMENT_3D('',#2823,#2270,#2271);
#2034=AXIS2_PLACEMENT_3D('',#2827,#2273,#2274);
#2035=AXIS2_PLACEMENT_3D('',#2829,#2276,#2277);
#2036=AXIS2_PLACEMENT_3D('',#2833,#2279,#2280);
#2037=AXIS2_PLACEMENT_3D('',#2835,#2282,#2283);
#2038=AXIS2_PLACEMENT_3D('',#2839,#2285,#2286);
#2039=AXIS2_PLACEMENT_3D('',#2841,#2288,#2289);
#2040=AXIS2_PLACEMENT_3D('',#2845,#2291,#2292);
#2041=AXIS2_PLACEMENT_3D('',#2847,#2294,#2295);
#2042=AXIS2_PLACEMENT_3D('',#2851,#2297,#2298);
#2043=AXIS2_PLACEMENT_3D('',#2853,#2300,#2301);
#2044=AXIS2_PLACEMENT_3D('',#2857,#2303,#2304);
#2045=AXIS2_PLACEMENT_3D('',#2859,#2306,#2307);
#2046=AXIS2_PLACEMENT_3D('',#2863,#2309,#2310);
#2047=AXIS2_PLACEMENT_3D('',#2865,#2312,#2313);
#2048=AXIS2_PLACEMENT_3D('',#2869,#2315,#2316);
#2049=AXIS2_PLACEMENT_3D('',#2871,#2318,#2319);
#2050=AXIS2_PLACEMENT_3D('',#2876,#2321,#2322);
#2051=AXIS2_PLACEMENT_3D('',#2882,#2325,#2326);
#2052=AXIS2_PLACEMENT_3D('',#2888,#2329,#2330);
#2053=AXIS2_PLACEMENT_3D('',#2894,#2333,#2334);
#2054=AXIS2_PLACEMENT_3D('',#2900,#2337,#2338);
#2055=AXIS2_PLACEMENT_3D('',#2906,#2341,#2342);
#2056=AXIS2_PLACEMENT_3D('',#2912,#2345,#2346);
#2057=AXIS2_PLACEMENT_3D('',#2918,#2349,#2350);
#2058=AXIS2_PLACEMENT_3D('',#2920,#2352,#2353);
#2059=AXIS2_PLACEMENT_3D('',#2930,#2357,#2358);
#2060=AXIS2_PLACEMENT_3D('',#2940,#2362,#2363);
#2061=AXIS2_PLACEMENT_3D('',#2950,#2367,#2368);
#2062=AXIS2_PLACEMENT_3D('',#2960,#2372,#2373);
#2063=AXIS2_PLACEMENT_3D('',#2970,#2377,#2378);
#2064=AXIS2_PLACEMENT_3D('',#2980,#2382,#2383);
#2065=AXIS2_PLACEMENT_3D('',#2990,#2387,#2388);
#2066=AXIS2_PLACEMENT_3D('',#3000,#2392,#2393);
#2067=AXIS2_PLACEMENT_3D('',#3010,#2397,#2398);
#2068=AXIS2_PLACEMENT_3D('',#3020,#2402,#2403);
#2069=AXIS2_PLACEMENT_3D('',#3030,#2407,#2408);
#2070=AXIS2_PLACEMENT_3D('',#3040,#2412,#2413);
#2071=AXIS2_PLACEMENT_3D('',#3050,#2417,#2418);
#2072=AXIS2_PLACEMENT_3D('',#3060,#2422,#2423);
#2073=AXIS2_PLACEMENT_3D('',#3070,#2427,#2428);
#2074=AXIS2_PLACEMENT_3D('',#3080,#2432,#2433);
#2075=AXIS2_PLACEMENT_3D('',#3090,#2437,#2438);
#2076=AXIS2_PLACEMENT_3D('',#3100,#2442,#2443);
#2077=AXIS2_PLACEMENT_3D('',#3110,#2447,#2448);
#2078=AXIS2_PLACEMENT_3D('',#3120,#2452,#2453);
#2079=AXIS2_PLACEMENT_3D('',#3134,#2457,#2458);
#2080=AXIS2_PLACEMENT_3D('',#3146,#2461,#2462);
#2081=AXIS2_PLACEMENT_3D('',#3160,#2466,#2467);
#2082=AXIS2_PLACEMENT_3D('',#3172,#2470,#2471);
#2083=AXIS2_PLACEMENT_3D('',#3186,#2475,#2476);
#2084=AXIS2_PLACEMENT_3D('',#3198,#2479,#2480);
#2085=AXIS2_PLACEMENT_3D('',#3212,#2484,#2485);
#2086=AXIS2_PLACEMENT_3D('',#3224,#2488,#2489);
#2087=AXIS2_PLACEMENT_3D('',#3238,#2493,#2494);
#2088=AXIS2_PLACEMENT_3D('',#3250,#2497,#2498);
#2089=AXIS2_PLACEMENT_3D('',#3264,#2502,#2503);
#2090=AXIS2_PLACEMENT_3D('',#3276,#2506,#2507);
#2091=AXIS2_PLACEMENT_3D('',#3290,#2511,#2512);
#2092=AXIS2_PLACEMENT_3D('',#3302,#2515,#2516);
#2093=AXIS2_PLACEMENT_3D('',#3316,#2520,#2521);
#2094=AXIS2_PLACEMENT_3D('',#3317,#2522,#2523);
#2095=AXIS2_PLACEMENT_3D('',#3318,#2524,#2525);
#2096=AXIS2_PLACEMENT_3D('',#3319,#2526,#2527);
#2097=AXIS2_PLACEMENT_3D('',#3320,#2528,#2529);
#2098=AXIS2_PLACEMENT_3D('',#3321,#2530,#2531);
#2099=AXIS2_PLACEMENT_3D('',#3322,#2532,#2533);
#2100=AXIS2_PLACEMENT_3D('',#3324,#2534,#2535);
#2101=AXIS2_PLACEMENT_3D('',#3326,#2537,#2538);
#2102=AXIS2_PLACEMENT_3D('',#3328,#2539,#2540);
#2103=AXIS2_PLACEMENT_3D('',#3329,#2541,#2542);
#2104=AXIS2_PLACEMENT_3D('',#3330,#2543,#2544);
#2105=AXIS2_PLACEMENT_3D('',#3331,#2545,#2546);
#2106=AXIS2_PLACEMENT_3D('',#3332,#2547,#2548);
#2107=AXIS2_PLACEMENT_3D('',#3333,#2549,#2550);
#2108=AXIS2_PLACEMENT_3D('',#3334,#2551,#2552);
#2109=AXIS2_PLACEMENT_3D('',#3335,#2553,#2554);
#2110=AXIS2_PLACEMENT_3D('',#3336,#2555,#2556);
#2111=AXIS2_PLACEMENT_3D('',#3337,#2557,#2558);
#2112=AXIS2_PLACEMENT_3D('',#3338,#2559,#2560);
#2113=AXIS2_PLACEMENT_3D('',#3339,#2561,#2562);
#2114=AXIS2_PLACEMENT_3D('',#3349,#2564,#2565);
#2115=AXIS2_PLACEMENT_3D('',#3350,#2566,#2567);
#2116=AXIS2_PLACEMENT_3D('',#3351,#2568,#2569);
#2117=AXIS2_PLACEMENT_3D('',#3352,#2570,#2571);
#2118=AXIS2_PLACEMENT_3D('',#3353,#2572,#2573);
#2119=AXIS2_PLACEMENT_3D('',#3354,#2574,#2575);
#2120=AXIS2_PLACEMENT_3D('',#3355,#2576,#2577);
#2121=AXIS2_PLACEMENT_3D('',#3356,#2578,#2579);
#2122=AXIS2_PLACEMENT_3D('',#3357,#2580,#2581);
#2123=AXIS2_PLACEMENT_3D('',#3358,#2582,#2583);
#2124=AXIS2_PLACEMENT_3D('',#3359,#2584,#2585);
#2125=AXIS2_PLACEMENT_3D('',#3360,#2586,#2587);
#2126=AXIS2_PLACEMENT_3D('',#3361,#2588,#2589);
#2127=AXIS2_PLACEMENT_3D('',#3362,#2590,#2591);
#2128=AXIS2_PLACEMENT_3D('',#3363,#2592,#2593);
#2129=AXIS2_PLACEMENT_3D('',#3364,#2594,#2595);
#2130=AXIS2_PLACEMENT_3D('',#3365,#2596,#2597);
#2131=AXIS2_PLACEMENT_3D('',#3366,#2598,#2599);
#2132=AXIS2_PLACEMENT_3D('',#3367,#2600,#2601);
#2133=AXIS2_PLACEMENT_3D('',#3368,#2602,#2603);
#2134=AXIS2_PLACEMENT_3D('',#3369,#2604,#2605);
#2135=AXIS2_PLACEMENT_3D('',#3371,#2606,#2607);
#2136=AXIS2_PLACEMENT_3D('',#3372,#2608,#2609);
#2137=AXIS2_PLACEMENT_3D('',#3373,#2610,#2611);
#2138=AXIS2_PLACEMENT_3D('',#3374,#2612,#2613);
#2139=AXIS2_PLACEMENT_3D('',#3375,#2614,#2615);
#2140=AXIS2_PLACEMENT_3D('',#3376,#2616,#2617);
#2141=AXIS2_PLACEMENT_3D('',#3377,#2618,#2619);
#2142=AXIS2_PLACEMENT_3D('',#3378,#2620,#2621);
#2143=AXIS2_PLACEMENT_3D('',#3379,#2622,#2623);
#2144=AXIS2_PLACEMENT_3D('',#3380,#2624,#2625);
#2145=AXIS2_PLACEMENT_3D('',#3381,#2626,#2627);
#2146=AXIS2_PLACEMENT_3D('',#3382,#2628,#2629);
#2147=AXIS2_PLACEMENT_3D('',#3383,#2630,#2631);
#2148=AXIS2_PLACEMENT_3D('',#3384,#2632,#2633);
#2149=AXIS2_PLACEMENT_3D('',#3385,#2634,#2635);
#2150=AXIS2_PLACEMENT_3D('',#3386,#2636,#2637);
#2151=AXIS2_PLACEMENT_3D('',#3387,#2638,#2639);
#2152=AXIS2_PLACEMENT_3D('',#3388,#2640,#2641);
#2153=AXIS2_PLACEMENT_3D('',#3389,#2642,#2643);
#2154=AXIS2_PLACEMENT_3D('',#3390,#2644,#2645);
#2155=AXIS2_PLACEMENT_3D('',#3391,#2646,#2647);
#2156=AXIS2_PLACEMENT_3D('',#3392,#2648,#2649);
#2157=AXIS2_PLACEMENT_3D('',#3393,#2650,#2651);
#2158=AXIS2_PLACEMENT_3D('',#3394,#2652,#2653);
#2159=AXIS2_PLACEMENT_3D('',#3395,#2654,#2655);
#2160=AXIS2_PLACEMENT_3D('',#3396,#2656,#2657);
#2161=AXIS2_PLACEMENT_3D('',#3397,#2658,#2659);
#2162=AXIS2_PLACEMENT_3D('',#3398,#2660,#2661);
#2163=AXIS2_PLACEMENT_3D('',#3399,#2662,#2663);
#2164=AXIS2_PLACEMENT_3D('',#3400,#2664,#2665);
#2165=AXIS2_PLACEMENT_3D('',#3401,#2666,#2667);
#2166=AXIS2_PLACEMENT_3D('',#3402,#2668,#2669);
#2167=AXIS2_PLACEMENT_3D('',#3403,#2670,#2671);
#2168=AXIS2_PLACEMENT_3D('',#3404,#2672,#2673);
#2169=AXIS2_PLACEMENT_3D('',#3405,#2674,#2675);
#2170=AXIS2_PLACEMENT_3D('',#3406,#2676,#2677);
#2171=AXIS2_PLACEMENT_3D('',#3407,#2678,#2679);
#2172=AXIS2_PLACEMENT_3D('',#3408,#2680,#2681);
#2173=AXIS2_PLACEMENT_3D('',#3409,#2682,#2683);
#2174=AXIS2_PLACEMENT_3D('',#3410,#2684,#2685);
#2175=AXIS2_PLACEMENT_3D('',#3411,#2686,#2687);
#2176=AXIS2_PLACEMENT_3D('',#3412,#2688,#2689);
#2177=AXIS2_PLACEMENT_3D('',#3413,#2690,#2691);
#2178=AXIS2_PLACEMENT_3D('',#3414,#2692,#2693);
#2179=AXIS2_PLACEMENT_3D('',#3415,#2694,#2695);
#2180=AXIS2_PLACEMENT_3D('',#3416,#2696,#2697);
#2181=AXIS2_PLACEMENT_3D('',#3417,#2698,#2699);
#2182=AXIS2_PLACEMENT_3D('',#3418,#2700,#2701);
#2183=AXIS2_PLACEMENT_3D('',#3419,#2702,#2703);
#2184=AXIS2_PLACEMENT_3D('',#3420,#2704,#2705);
#2185=AXIS2_PLACEMENT_3D('',#3421,#2706,#2707);
#2186=AXIS2_PLACEMENT_3D('',#3422,#2708,#2709);
#2187=AXIS2_PLACEMENT_3D('',#3423,#2710,#2711);
#2188=AXIS2_PLACEMENT_3D('',#3424,#2712,#2713);
#2189=AXIS2_PLACEMENT_3D('',#3425,#2714,#2715);
#2190=AXIS2_PLACEMENT_3D('',#3426,#2716,#2717);
#2191=AXIS2_PLACEMENT_3D('',#3427,#2718,#2719);
#2192=AXIS2_PLACEMENT_3D('',#3428,#2720,#2721);
#2193=AXIS2_PLACEMENT_3D('',#3429,#2722,#2723);
#2194=AXIS2_PLACEMENT_3D('',#3430,#2724,#2725);
#2195=AXIS2_PLACEMENT_3D('',#3431,#2726,#2727);
#2196=AXIS2_PLACEMENT_3D('',#3433,#2728,#2729);
#2197=AXIS2_PLACEMENT_3D('',#3435,#2731,#2732);
#2198=AXIS2_PLACEMENT_3D('',#3438,#2733,#2734);
#2199=AXIS2_PLACEMENT_3D('',#3442,#2736,#2737);
#2200=AXIS2_PLACEMENT_3D('',#3444,#2739,#2740);
#2201=AXIS2_PLACEMENT_3D('',#3447,#2742,#2743);
#2202=AXIS2_PLACEMENT_3D('',#3448,#2744,#2745);
#2203=AXIS2_PLACEMENT_3D('',#3451,#2746,#2747);
#2204=AXIS2_PLACEMENT_3D('',#3455,#2749,#2750);
#2205=AXIS2_PLACEMENT_3D('',#3457,#2752,#2753);
#2206=AXIS2_PLACEMENT_3D('',#3460,#2756,#2757);
#2207=AXIS2_PLACEMENT_3D('',#3462,#2759,#2760);
#2208=AXIS2_PLACEMENT_3D('',#3464,#2762,#2763);
#2209=DIRECTION('axis',(0.,0.,1.));
#2210=DIRECTION('refdir',(1.,0.,0.));
#2211=DIRECTION('center_axis',(0.,-1.,0.));
#2212=DIRECTION('ref_axis',(1.,0.,0.));
#2213=DIRECTION('center_axis',(0.,1.,0.));
#2214=DIRECTION('ref_axis',(1.,0.,0.));
#2215=DIRECTION('',(-0.707106781186547,-0.707106781186548,-8.65956056235493E-17));
#2216=DIRECTION('center_axis',(0.,-1.,0.));
#2217=DIRECTION('ref_axis',(1.,0.,0.));
#2218=DIRECTION('center_axis',(0.,1.,0.));
#2219=DIRECTION('ref_axis',(1.,0.,0.));
#2220=DIRECTION('center_axis',(6.31088724176809E-30,1.,0.));
#2221=DIRECTION('ref_axis',(1.,-6.31088724176809E-30,0.));
#2222=DIRECTION('center_axis',(0.,1.,0.));
#2223=DIRECTION('ref_axis',(1.,0.,0.));
#2224=DIRECTION('center_axis',(6.31088724176809E-30,1.,0.));
#2225=DIRECTION('ref_axis',(1.,-6.31088724176809E-30,0.));
#2226=DIRECTION('center_axis',(0.,1.,0.));
#2227=DIRECTION('ref_axis',(1.,0.,0.));
#2228=DIRECTION('center_axis',(6.31088724176809E-30,1.,0.));
#2229=DIRECTION('ref_axis',(1.,-6.31088724176809E-30,0.));
#2230=DIRECTION('center_axis',(0.,1.,0.));
#2231=DIRECTION('ref_axis',(1.,0.,0.));
#2232=DIRECTION('center_axis',(6.31088724176809E-30,1.,0.));
#2233=DIRECTION('ref_axis',(1.,-6.31088724176809E-30,0.));
#2234=DIRECTION('center_axis',(0.,1.,0.));
#2235=DIRECTION('ref_axis',(1.,0.,0.));
#2236=DIRECTION('center_axis',(6.31088724176809E-30,1.,0.));
#2237=DIRECTION('ref_axis',(1.,-6.31088724176809E-30,0.));
#2238=DIRECTION('center_axis',(0.,1.,0.));
#2239=DIRECTION('ref_axis',(1.,0.,0.));
#2240=DIRECTION('center_axis',(6.31088724176809E-30,1.,0.));
#2241=DIRECTION('ref_axis',(1.,-6.31088724176809E-30,0.));
#2242=DIRECTION('center_axis',(0.,1.,0.));
#2243=DIRECTION('ref_axis',(1.,0.,0.));
#2244=DIRECTION('center_axis',(6.31088724176809E-30,1.,0.));
#2245=DIRECTION('ref_axis',(1.,-6.31088724176809E-30,0.));
#2246=DIRECTION('center_axis',(0.,1.,0.));
#2247=DIRECTION('ref_axis',(1.,0.,0.));
#2248=DIRECTION('center_axis',(6.31088724176809E-30,1.,0.));
#2249=DIRECTION('ref_axis',(1.,-6.31088724176809E-30,0.));
#2250=DIRECTION('center_axis',(0.,1.,0.));
#2251=DIRECTION('ref_axis',(1.,0.,0.));
#2252=DIRECTION('center_axis',(6.31088724176809E-30,1.,0.));
#2253=DIRECTION('ref_axis',(1.,-6.31088724176809E-30,0.));
#2254=DIRECTION('center_axis',(0.,1.,0.));
#2255=DIRECTION('ref_axis',(1.,0.,0.));
#2256=DIRECTION('center_axis',(6.31088724176809E-30,1.,0.));
#2257=DIRECTION('ref_axis',(1.,-6.31088724176809E-30,0.));
#2258=DIRECTION('center_axis',(0.,-1.,0.));
#2259=DIRECTION('ref_axis',(1.,0.,0.));
#2260=DIRECTION('',(0.,-1.,0.));
#2261=DIRECTION('center_axis',(0.,-1.,0.));
#2262=DIRECTION('ref_axis',(1.,0.,0.));
#2263=DIRECTION('',(0.,1.,0.));
#2264=DIRECTION('center_axis',(0.,-1.,0.));
#2265=DIRECTION('ref_axis',(1.,0.,0.));
#2266=DIRECTION('',(0.,-1.,0.));
#2267=DIRECTION('center_axis',(0.,-1.,0.));
#2268=DIRECTION('ref_axis',(1.,0.,0.));
#2269=DIRECTION('',(0.,1.,0.));
#2270=DIRECTION('center_axis',(0.,-1.,0.));
#2271=DIRECTION('ref_axis',(1.,0.,0.));
#2272=DIRECTION('',(0.,-1.,0.));
#2273=DIRECTION('center_axis',(0.,-1.,0.));
#2274=DIRECTION('ref_axis',(1.,0.,0.));
#2275=DIRECTION('',(0.,1.,0.));
#2276=DIRECTION('center_axis',(0.,-1.,0.));
#2277=DIRECTION('ref_axis',(1.,0.,0.));
#2278=DIRECTION('',(0.,-1.,0.));
#2279=DIRECTION('center_axis',(0.,-1.,0.));
#2280=DIRECTION('ref_axis',(1.,0.,0.));
#2281=DIRECTION('',(0.,1.,0.));
#2282=DIRECTION('center_axis',(0.,-1.,0.));
#2283=DIRECTION('ref_axis',(-0.95105647331783,0.,0.309017126645517));
#2284=DIRECTION('',(0.,-1.,0.));
#2285=DIRECTION('center_axis',(0.,-1.,0.));
#2286=DIRECTION('ref_axis',(1.,0.,0.));
#2287=DIRECTION('',(0.,1.,0.));
#2288=DIRECTION('center_axis',(0.,-1.,0.));
#2289=DIRECTION('ref_axis',(1.,0.,0.));
#2290=DIRECTION('',(0.,-1.,0.));
#2291=DIRECTION('center_axis',(0.,-1.,0.));
#2292=DIRECTION('ref_axis',(1.,0.,0.));
#2293=DIRECTION('',(0.,1.,0.));
#2294=DIRECTION('center_axis',(0.,-1.,0.));
#2295=DIRECTION('ref_axis',(1.,0.,0.));
#2296=DIRECTION('',(0.,-1.,0.));
#2297=DIRECTION('center_axis',(0.,-1.,0.));
#2298=DIRECTION('ref_axis',(1.,0.,0.));
#2299=DIRECTION('',(0.,1.,0.));
#2300=DIRECTION('center_axis',(0.,-1.,0.));
#2301=DIRECTION('ref_axis',(1.,0.,0.));
#2302=DIRECTION('',(0.,-1.,0.));
#2303=DIRECTION('center_axis',(0.,-1.,0.));
#2304=DIRECTION('ref_axis',(1.,0.,0.));
#2305=DIRECTION('',(0.,1.,0.));
#2306=DIRECTION('center_axis',(0.,-1.,0.));
#2307=DIRECTION('ref_axis',(1.,0.,0.));
#2308=DIRECTION('',(0.,-1.,0.));
#2309=DIRECTION('center_axis',(0.,-1.,0.));
#2310=DIRECTION('ref_axis',(1.,0.,0.));
#2311=DIRECTION('',(0.,1.,0.));
#2312=DIRECTION('center_axis',(0.,-1.,0.));
#2313=DIRECTION('ref_axis',(1.,0.,0.));
#2314=DIRECTION('',(0.,-1.,0.));
#2315=DIRECTION('center_axis',(0.,-1.,0.));
#2316=DIRECTION('ref_axis',(1.,0.,0.));
#2317=DIRECTION('',(0.,1.,0.));
#2318=DIRECTION('center_axis',(0.,1.,0.));
#2319=DIRECTION('ref_axis',(1.,0.,0.));
#2320=DIRECTION('',(-0.377024325259476,0.,0.926203356808124));
#2321=DIRECTION('center_axis',(0.,-1.,0.));
#2322=DIRECTION('ref_axis',(1.,0.,0.));
#2323=DIRECTION('',(-0.388330047497593,0.,0.921520360171449));
#2324=DIRECTION('',(0.921521131420025,0.,-0.388328217293512));
#2325=DIRECTION('center_axis',(0.,-1.,0.));
#2326=DIRECTION('ref_axis',(1.,0.,0.));
#2327=DIRECTION('',(0.926204105602744,0.,-0.377022485754658));
#2328=DIRECTION('',(-0.926203356808124,0.,-0.377024325259476));
#2329=DIRECTION('center_axis',(0.,-1.,0.));
#2330=DIRECTION('ref_axis',(1.,0.,0.));
#2331=DIRECTION('',(0.921520360171449,0.,0.388330047497593));
#2332=DIRECTION('',(-0.388328217293512,0.,-0.921521131420025));
#2333=DIRECTION('center_axis',(0.,-1.,0.));
#2334=DIRECTION('ref_axis',(1.,0.,0.));
#2335=DIRECTION('',(0.377022485754657,0.,0.926204105602744));
#2336=DIRECTION('',(0.377024325259476,0.,-0.926203356808124));
#2337=DIRECTION('center_axis',(0.,-1.,0.));
#2338=DIRECTION('ref_axis',(1.,0.,0.));
#2339=DIRECTION('',(-0.388330047497607,0.,0.921520360171443));
#2340=DIRECTION('',(0.921521131420028,0.,-0.388328217293506));
#2341=DIRECTION('center_axis',(0.,-1.,0.));
#2342=DIRECTION('ref_axis',(1.,0.,0.));
#2343=DIRECTION('',(-0.926204105602744,0.,0.377022485754658));
#2344=DIRECTION('',(0.926203356808124,0.,0.377024325259476));
#2345=DIRECTION('center_axis',(0.,-1.,0.));
#2346=DIRECTION('ref_axis',(1.,0.,0.));
#2347=DIRECTION('',(-0.921520360171449,0.,-0.388330047497593));
#2348=DIRECTION('',(0.388328217293512,0.,0.921521131420025));
#2349=DIRECTION('center_axis',(0.,-1.,0.));
#2350=DIRECTION('ref_axis',(1.,0.,0.));
#2351=DIRECTION('',(-0.377022485754657,0.,-0.926204105602744));
#2352=DIRECTION('center_axis',(-0.309016862104372,0.,0.951056559272459));
#2353=DIRECTION('ref_axis',(-0.951056559272459,3.15544362088405E-30,-0.309016862104372));
#2354=DIRECTION('',(0.,1.,0.));
#2355=DIRECTION('',(0.951056559272459,-6.00201070611242E-30,0.309016862104372));
#2356=DIRECTION('',(-0.951056559272459,0.,-0.309016862104372));
#2357=DIRECTION('center_axis',(0.80901707612265,0.,0.587785139776397));
#2358=DIRECTION('ref_axis',(-0.587785139776397,3.15544362088405E-30,0.80901707612265));
#2359=DIRECTION('',(0.,1.,0.));
#2360=DIRECTION('',(0.587785139776397,-3.70944573951574E-30,-0.80901707612265));
#2361=DIRECTION('',(-0.587785139776397,0.,0.80901707612265));
#2362=DIRECTION('center_axis',(0.80901707612265,0.,0.587785139776397));
#2363=DIRECTION('ref_axis',(-0.587785139776397,3.15544362088405E-30,0.80901707612265));
#2364=DIRECTION('',(0.,1.,0.));
#2365=DIRECTION('',(0.587785139776397,-3.70944573951574E-30,-0.80901707612265));
#2366=DIRECTION('',(-0.587785139776397,0.,0.80901707612265));
#2367=DIRECTION('center_axis',(0.80901691262723,0.,-0.587785364808537));
#2368=DIRECTION('ref_axis',(0.587785364808537,-3.15544362088405E-30,0.80901691262723));
#2369=DIRECTION('',(0.,1.,0.));
#2370=DIRECTION('',(-0.587785364808537,3.7094471596682E-30,-0.80901691262723));
#2371=DIRECTION('',(0.587785364808537,0.,0.80901691262723));
#2372=DIRECTION('center_axis',(0.80901691262723,0.,-0.587785364808537));
#2373=DIRECTION('ref_axis',(0.587785364808537,-3.15544362088405E-30,0.80901691262723));
#2374=DIRECTION('',(0.,1.,0.));
#2375=DIRECTION('',(-0.587785364808537,3.7094471596682E-30,-0.80901691262723));
#2376=DIRECTION('',(0.587785364808537,0.,0.80901691262723));
#2377=DIRECTION('center_axis',(-0.309017126645518,0.,-0.95105647331783));
#2378=DIRECTION('ref_axis',(0.95105647331783,-6.31088724176809E-30,-0.309017126645518));
#2379=DIRECTION('',(0.,1.,0.));
#2380=DIRECTION('',(-0.95105647331783,6.00201016366245E-30,0.309017126645518));
#2381=DIRECTION('',(0.95105647331783,0.,-0.309017126645518));
#2382=DIRECTION('center_axis',(-0.309017126645517,0.,-0.95105647331783));
#2383=DIRECTION('ref_axis',(0.95105647331783,-3.15544362088405E-30,-0.309017126645517));
#2384=DIRECTION('',(0.,1.,0.));
#2385=DIRECTION('',(-0.95105647331783,6.00201016366245E-30,0.309017126645517));
#2386=DIRECTION('',(0.95105647331783,0.,-0.309017126645517));
#2387=DIRECTION('center_axis',(-0.99999999999999,0.,1.39077510720075E-7));
#2388=DIRECTION('ref_axis',(-1.39077510720075E-7,1.1284745767894E-36,-0.99999999999999));
#2389=DIRECTION('',(0.,1.,0.));
#2390=DIRECTION('',(1.39077510720075E-7,-8.77702488020186E-37,0.99999999999999));
#2391=DIRECTION('',(-1.39077510720075E-7,0.,-0.99999999999999));
#2392=DIRECTION('center_axis',(-0.99999999999999,0.,1.39077510720075E-7));
#2393=DIRECTION('ref_axis',(-1.39077510720075E-7,1.1284745767894E-36,-0.99999999999999));
#2394=DIRECTION('',(0.,1.,0.));
#2395=DIRECTION('',(1.39077510720075E-7,-8.77702488020186E-37,0.99999999999999));
#2396=DIRECTION('',(-1.39077510720075E-7,0.,-0.99999999999999));
#2397=DIRECTION('center_axis',(-0.30901686210437,0.,0.951056559272459));
#2398=DIRECTION('ref_axis',(-0.951056559272459,6.31088724176809E-30,-0.30901686210437));
#2399=DIRECTION('',(0.,1.,0.));
#2400=DIRECTION('',(0.951056559272459,-6.00201070611242E-30,0.30901686210437));
#2401=DIRECTION('',(-0.951056559272459,0.,-0.30901686210437));
#2402=DIRECTION('center_axis',(0.30901686210437,0.,-0.951056559272459));
#2403=DIRECTION('ref_axis',(0.951056559272459,-6.31088724176809E-30,0.30901686210437));
#2404=DIRECTION('',(0.,-1.,0.));
#2405=DIRECTION('',(0.951056559272459,0.,0.30901686210437));
#2406=DIRECTION('',(-0.951056559272459,6.00201070611242E-30,-0.30901686210437));
#2407=DIRECTION('center_axis',(0.309016862104372,0.,-0.951056559272459));
#2408=DIRECTION('ref_axis',(0.951056559272459,-3.15544362088405E-30,0.309016862104372));
#2409=DIRECTION('',(0.,-1.,0.));
#2410=DIRECTION('',(0.951056559272459,0.,0.309016862104372));
#2411=DIRECTION('',(-0.951056559272459,6.00201070611242E-30,-0.309016862104372));
#2412=DIRECTION('center_axis',(-0.80901707612265,0.,-0.587785139776398));
#2413=DIRECTION('ref_axis',(0.587785139776398,-3.15544362088405E-30,-0.80901707612265));
#2414=DIRECTION('',(0.,-1.,0.));
#2415=DIRECTION('',(0.587785139776398,0.,-0.809017076122649));
#2416=DIRECTION('',(-0.587785139776398,3.70944573951574E-30,0.809017076122649));
#2417=DIRECTION('center_axis',(-0.809017076122649,0.,-0.587785139776399));
#2418=DIRECTION('ref_axis',(0.587785139776399,-4.73316543132607E-30,-0.809017076122649));
#2419=DIRECTION('',(0.,-1.,0.));
#2420=DIRECTION('',(0.587785139776399,0.,-0.809017076122649));
#2421=DIRECTION('',(-0.587785139776399,3.70944573951575E-30,0.809017076122649));
#2422=DIRECTION('center_axis',(-0.80901691262723,0.,0.587785364808537));
#2423=DIRECTION('ref_axis',(-0.587785364808537,4.73316543132607E-30,-0.80901691262723));
#2424=DIRECTION('',(0.,-1.,0.));
#2425=DIRECTION('',(-0.587785364808537,0.,-0.80901691262723));
#2426=DIRECTION('',(0.587785364808537,-3.7094471596682E-30,0.80901691262723));
#2427=DIRECTION('center_axis',(-0.80901691262723,0.,0.587785364808537));
#2428=DIRECTION('ref_axis',(-0.587785364808537,3.15544362088405E-30,-0.80901691262723));
#2429=DIRECTION('',(0.,-1.,0.));
#2430=DIRECTION('',(-0.587785364808537,0.,-0.80901691262723));
#2431=DIRECTION('',(0.587785364808537,-3.7094471596682E-30,0.80901691262723));
#2432=DIRECTION('center_axis',(0.309017126645518,0.,0.95105647331783));
#2433=DIRECTION('ref_axis',(-0.95105647331783,6.31088724176809E-30,0.309017126645518));
#2434=DIRECTION('',(0.,-1.,0.));
#2435=DIRECTION('',(-0.95105647331783,0.,0.309017126645518));
#2436=DIRECTION('',(0.95105647331783,-6.00201016366245E-30,-0.309017126645518));
#2437=DIRECTION('center_axis',(0.309017126645516,0.,0.95105647331783));
#2438=DIRECTION('ref_axis',(-0.95105647331783,6.31088724176809E-30,0.309017126645516));
#2439=DIRECTION('',(0.,-1.,0.));
#2440=DIRECTION('',(-0.95105647331783,0.,0.309017126645516));
#2441=DIRECTION('',(0.95105647331783,-6.00201016366245E-30,-0.309017126645516));
#2442=DIRECTION('center_axis',(0.99999999999999,0.,-1.39077510720075E-7));
#2443=DIRECTION('ref_axis',(1.39077510720075E-7,-1.1284745767894E-36,0.99999999999999));
#2444=DIRECTION('',(0.,-1.,0.));
#2445=DIRECTION('',(1.39077510720075E-7,0.,0.99999999999999));
#2446=DIRECTION('',(-1.39077510720075E-7,8.77702488020186E-37,-0.99999999999999));
#2447=DIRECTION('center_axis',(0.99999999999999,0.,-1.39077510720075E-7));
#2448=DIRECTION('ref_axis',(1.39077510720075E-7,-1.1284745767894E-36,0.99999999999999));
#2449=DIRECTION('',(0.,-1.,0.));
#2450=DIRECTION('',(1.39077510720075E-7,0.,0.99999999999999));
#2451=DIRECTION('',(-1.39077510720075E-7,8.77702488020186E-37,-0.99999999999999));
#2452=DIRECTION('center_axis',(-0.926203356808124,0.,-0.377024325259476));
#2453=DIRECTION('ref_axis',(0.377024325259476,-1.57772181044202E-30,-0.926203356808124));
#2454=DIRECTION('',(0.,-1.,0.));
#2455=DIRECTION('',(0.377024325259476,0.,-0.926203356808124));
#2456=DIRECTION('',(0.,1.,0.));
#2457=DIRECTION('center_axis',(0.926204105602744,0.,-0.377022485754657));
#2458=DIRECTION('ref_axis',(0.377022485754657,-1.57772181044202E-30,0.926204105602744));
#2459=DIRECTION('',(0.,-1.,0.));
#2460=DIRECTION('',(0.377022485754657,0.,0.926204105602744));
#2461=DIRECTION('center_axis',(0.921521131420025,0.,-0.388328217293512));
#2462=DIRECTION('ref_axis',(0.388328217293512,-3.15544362088405E-30,0.921521131420025));
#2463=DIRECTION('',(0.,-1.,0.));
#2464=DIRECTION('',(0.388328217293512,0.,0.921521131420025));
#2465=DIRECTION('',(0.,1.,0.));
#2466=DIRECTION('center_axis',(-0.388330047497593,0.,0.921520360171449));
#2467=DIRECTION('ref_axis',(-0.921520360171449,6.31088724176809E-30,-0.388330047497593));
#2468=DIRECTION('',(0.,-1.,0.));
#2469=DIRECTION('',(-0.921520360171449,0.,-0.388330047497593));
#2470=DIRECTION('center_axis',(0.377024325259476,0.,-0.926203356808124));
#2471=DIRECTION('ref_axis',(0.926203356808124,-6.31088724176809E-30,0.377024325259476));
#2472=DIRECTION('',(0.,-1.,0.));
#2473=DIRECTION('',(0.926203356808124,0.,0.377024325259476));
#2474=DIRECTION('',(0.,1.,0.));
#2475=DIRECTION('center_axis',(0.377022485754658,0.,0.926204105602744));
#2476=DIRECTION('ref_axis',(-0.926204105602744,6.3108872417681E-30,0.377022485754658));
#2477=DIRECTION('',(0.,-1.,0.));
#2478=DIRECTION('',(-0.926204105602744,0.,0.377022485754658));
#2479=DIRECTION('center_axis',(-0.921521131420025,0.,0.388328217293512));
#2480=DIRECTION('ref_axis',(-0.388328217293512,3.15544362088405E-30,-0.921521131420025));
#2481=DIRECTION('',(0.,-1.,0.));
#2482=DIRECTION('',(-0.388328217293512,0.,-0.921521131420025));
#2483=DIRECTION('',(0.,1.,0.));
#2484=DIRECTION('center_axis',(0.388330047497593,0.,-0.921520360171449));
#2485=DIRECTION('ref_axis',(0.921520360171449,-6.31088724176809E-30,0.388330047497593));
#2486=DIRECTION('',(0.,-1.,0.));
#2487=DIRECTION('',(0.921520360171449,0.,0.388330047497593));
#2488=DIRECTION('center_axis',(-0.377024325259476,0.,0.926203356808124));
#2489=DIRECTION('ref_axis',(-0.926203356808124,6.31088724176809E-30,-0.377024325259476));
#2490=DIRECTION('',(0.,-1.,0.));
#2491=DIRECTION('',(-0.926203356808124,0.,-0.377024325259476));
#2492=DIRECTION('',(0.,1.,0.));
#2493=DIRECTION('center_axis',(-0.377022485754658,0.,-0.926204105602744));
#2494=DIRECTION('ref_axis',(0.926204105602744,-6.3108872417681E-30,-0.377022485754658));
#2495=DIRECTION('',(0.,-1.,0.));
#2496=DIRECTION('',(0.926204105602744,0.,-0.377022485754658));
#2497=DIRECTION('center_axis',(0.388328217293506,0.,0.921521131420028));
#2498=DIRECTION('ref_axis',(-0.921521131420028,3.15544362088405E-30,0.388328217293506));
#2499=DIRECTION('',(0.,-1.,0.));
#2500=DIRECTION('',(-0.921521131420028,0.,0.388328217293506));
#2501=DIRECTION('',(0.,1.,0.));
#2502=DIRECTION('center_axis',(-0.921520360171443,0.,-0.388330047497607));
#2503=DIRECTION('ref_axis',(0.388330047497607,-3.15544362088405E-30,-0.921520360171443));
#2504=DIRECTION('',(0.,-1.,0.));
#2505=DIRECTION('',(0.388330047497607,0.,-0.921520360171443));
#2506=DIRECTION('center_axis',(0.926203356808124,0.,0.377024325259476));
#2507=DIRECTION('ref_axis',(-0.377024325259476,1.57772181044202E-30,0.926203356808124));
#2508=DIRECTION('',(0.,-1.,0.));
#2509=DIRECTION('',(-0.377024325259476,0.,0.926203356808124));
#2510=DIRECTION('',(0.,1.,0.));
#2511=DIRECTION('center_axis',(-0.926204105602744,0.,0.377022485754657));
#2512=DIRECTION('ref_axis',(-0.377022485754657,1.57772181044202E-30,-0.926204105602744));
#2513=DIRECTION('',(0.,-1.,0.));
#2514=DIRECTION('',(-0.377022485754657,0.,-0.926204105602744));
#2515=DIRECTION('center_axis',(0.921520360171449,0.,0.388330047497593));
#2516=DIRECTION('ref_axis',(-0.388330047497593,3.15544362088405E-30,0.921520360171449));
#2517=DIRECTION('',(0.,-1.,0.));
#2518=DIRECTION('',(-0.388330047497593,0.,0.921520360171449));
#2519=DIRECTION('',(0.,-1.,0.));
#2520=DIRECTION('center_axis',(0.,1.,0.));
#2521=DIRECTION('ref_axis',(1.,0.,0.));
#2522=DIRECTION('center_axis',(0.,-1.,0.));
#2523=DIRECTION('ref_axis',(1.,0.,0.));
#2524=DIRECTION('center_axis',(0.,-1.,0.));
#2525=DIRECTION('ref_axis',(1.,0.,0.));
#2526=DIRECTION('center_axis',(0.,-1.,0.));
#2527=DIRECTION('ref_axis',(1.,0.,0.));
#2528=DIRECTION('center_axis',(0.,-1.,0.));
#2529=DIRECTION('ref_axis',(1.,0.,0.));
#2530=DIRECTION('center_axis',(0.,-1.,0.));
#2531=DIRECTION('ref_axis',(1.,0.,0.));
#2532=DIRECTION('center_axis',(0.,-1.,0.));
#2533=DIRECTION('ref_axis',(1.,0.,0.));
#2534=DIRECTION('center_axis',(0.,-1.,0.));
#2535=DIRECTION('ref_axis',(1.,0.,0.));
#2536=DIRECTION('',(0.921521131420025,0.,-0.388328217293512));
#2537=DIRECTION('center_axis',(0.,-1.,0.));
#2538=DIRECTION('ref_axis',(1.,0.,0.));
#2539=DIRECTION('center_axis',(0.,-1.,0.));
#2540=DIRECTION('ref_axis',(-1.,0.,0.));
#2541=DIRECTION('center_axis',(0.,1.,0.));
#2542=DIRECTION('ref_axis',(1.,0.,0.));
#2543=DIRECTION('center_axis',(0.,1.,0.));
#2544=DIRECTION('ref_axis',(1.,0.,0.));
#2545=DIRECTION('center_axis',(0.,1.,0.));
#2546=DIRECTION('ref_axis',(1.,0.,0.));
#2547=DIRECTION('center_axis',(0.,1.,0.));
#2548=DIRECTION('ref_axis',(1.,0.,0.));
#2549=DIRECTION('center_axis',(0.,1.,0.));
#2550=DIRECTION('ref_axis',(1.,0.,0.));
#2551=DIRECTION('center_axis',(0.,1.,0.));
#2552=DIRECTION('ref_axis',(1.,0.,0.));
#2553=DIRECTION('center_axis',(0.,1.,0.));
#2554=DIRECTION('ref_axis',(1.,0.,0.));
#2555=DIRECTION('center_axis',(0.,1.,0.));
#2556=DIRECTION('ref_axis',(1.,0.,0.));
#2557=DIRECTION('center_axis',(0.,1.,0.));
#2558=DIRECTION('ref_axis',(1.,0.,0.));
#2559=DIRECTION('center_axis',(0.,1.,0.));
#2560=DIRECTION('ref_axis',(1.,0.,0.));
#2561=DIRECTION('center_axis',(-0.388328217293512,0.,-0.921521131420025));
#2562=DIRECTION('ref_axis',(0.921521131420025,-6.31088724176809E-30,-0.388328217293512));
#2563=DIRECTION('',(0.,1.,0.));
#2564=DIRECTION('center_axis',(0.,-1.,0.));
#2565=DIRECTION('ref_axis',(1.,0.,0.));
#2566=DIRECTION('center_axis',(0.,-1.,0.));
#2567=DIRECTION('ref_axis',(1.,0.,0.));
#2568=DIRECTION('center_axis',(0.,-1.,0.));
#2569=DIRECTION('ref_axis',(1.,0.,0.));
#2570=DIRECTION('center_axis',(0.,-1.,0.));
#2571=DIRECTION('ref_axis',(1.,0.,0.));
#2572=DIRECTION('center_axis',(0.,-1.,0.));
#2573=DIRECTION('ref_axis',(1.,0.,0.));
#2574=DIRECTION('center_axis',(0.,-1.,0.));
#2575=DIRECTION('ref_axis',(1.,0.,0.));
#2576=DIRECTION('center_axis',(0.,-1.,0.));
#2577=DIRECTION('ref_axis',(1.,0.,0.));
#2578=DIRECTION('center_axis',(0.,-1.,0.));
#2579=DIRECTION('ref_axis',(1.,0.,0.));
#2580=DIRECTION('center_axis',(0.,-1.,0.));
#2581=DIRECTION('ref_axis',(1.,0.,0.));
#2582=DIRECTION('center_axis',(0.,-1.,0.));
#2583=DIRECTION('ref_axis',(1.,0.,0.));
#2584=DIRECTION('center_axis',(0.,-1.,0.));
#2585=DIRECTION('ref_axis',(1.,0.,0.));
#2586=DIRECTION('center_axis',(0.,-1.,0.));
#2587=DIRECTION('ref_axis',(1.,0.,0.));
#2588=DIRECTION('center_axis',(0.,-1.,0.));
#2589=DIRECTION('ref_axis',(1.,0.,0.));
#2590=DIRECTION('center_axis',(0.,-1.,0.));
#2591=DIRECTION('ref_axis',(1.,0.,0.));
#2592=DIRECTION('center_axis',(0.,-1.,0.));
#2593=DIRECTION('ref_axis',(1.,0.,0.));
#2594=DIRECTION('center_axis',(0.,-1.,0.));
#2595=DIRECTION('ref_axis',(1.,0.,0.));
#2596=DIRECTION('center_axis',(0.,-1.,0.));
#2597=DIRECTION('ref_axis',(1.,0.,0.));
#2598=DIRECTION('center_axis',(0.,-1.,0.));
#2599=DIRECTION('ref_axis',(1.,0.,0.));
#2600=DIRECTION('center_axis',(0.,-1.,0.));
#2601=DIRECTION('ref_axis',(1.,0.,0.));
#2602=DIRECTION('center_axis',(0.,-1.,0.));
#2603=DIRECTION('ref_axis',(1.,0.,0.));
#2604=DIRECTION('center_axis',(-6.31088724176809E-30,-1.,0.));
#2605=DIRECTION('ref_axis',(-1.,6.31088724176809E-30,0.));
#2606=DIRECTION('center_axis',(-6.31088724176809E-30,-1.,0.));
#2607=DIRECTION('ref_axis',(-1.,6.31088724176809E-30,0.));
#2608=DIRECTION('center_axis',(-6.31088724176809E-30,-1.,0.));
#2609=DIRECTION('ref_axis',(-1.,6.31088724176809E-30,0.));
#2610=DIRECTION('center_axis',(-6.31088724176809E-30,-1.,0.));
#2611=DIRECTION('ref_axis',(-1.,6.31088724176809E-30,0.));
#2612=DIRECTION('center_axis',(-6.31088724176809E-30,-1.,0.));
#2613=DIRECTION('ref_axis',(-1.,6.31088724176809E-30,0.));
#2614=DIRECTION('center_axis',(-6.31088724176809E-30,-1.,0.));
#2615=DIRECTION('ref_axis',(-1.,6.31088724176809E-30,0.));
#2616=DIRECTION('center_axis',(-6.31088724176809E-30,-1.,0.));
#2617=DIRECTION('ref_axis',(-1.,6.31088724176809E-30,0.));
#2618=DIRECTION('center_axis',(-6.31088724176809E-30,-1.,0.));
#2619=DIRECTION('ref_axis',(-1.,6.31088724176809E-30,0.));
#2620=DIRECTION('center_axis',(-6.31088724176809E-30,-1.,0.));
#2621=DIRECTION('ref_axis',(-1.,6.31088724176809E-30,0.));
#2622=DIRECTION('center_axis',(-6.31088724176809E-30,-1.,0.));
#2623=DIRECTION('ref_axis',(-1.,6.31088724176809E-30,0.));
#2624=DIRECTION('center_axis',(-6.31088724176809E-30,-1.,0.));
#2625=DIRECTION('ref_axis',(-1.,6.31088724176809E-30,0.));
#2626=DIRECTION('center_axis',(-6.31088724176809E-30,-1.,0.));
#2627=DIRECTION('ref_axis',(-1.,6.31088724176809E-30,0.));
#2628=DIRECTION('center_axis',(-6.31088724176809E-30,-1.,0.));
#2629=DIRECTION('ref_axis',(-1.,6.31088724176809E-30,0.));
#2630=DIRECTION('center_axis',(-6.31088724176809E-30,-1.,0.));
#2631=DIRECTION('ref_axis',(-1.,6.31088724176809E-30,0.));
#2632=DIRECTION('center_axis',(-6.31088724176809E-30,-1.,0.));
#2633=DIRECTION('ref_axis',(-1.,6.31088724176809E-30,0.));
#2634=DIRECTION('center_axis',(-6.31088724176809E-30,-1.,0.));
#2635=DIRECTION('ref_axis',(-1.,6.31088724176809E-30,0.));
#2636=DIRECTION('center_axis',(-6.31088724176809E-30,-1.,0.));
#2637=DIRECTION('ref_axis',(-1.,6.31088724176809E-30,0.));
#2638=DIRECTION('center_axis',(-6.31088724176809E-30,-1.,0.));
#2639=DIRECTION('ref_axis',(-1.,6.31088724176809E-30,0.));
#2640=DIRECTION('center_axis',(-6.31088724176809E-30,-1.,0.));
#2641=DIRECTION('ref_axis',(-1.,6.31088724176809E-30,0.));
#2642=DIRECTION('center_axis',(-6.31088724176809E-30,-1.,0.));
#2643=DIRECTION('ref_axis',(-1.,6.31088724176809E-30,0.));
#2644=DIRECTION('center_axis',(-6.31088724176809E-30,-1.,0.));
#2645=DIRECTION('ref_axis',(-1.,6.31088724176809E-30,0.));
#2646=DIRECTION('center_axis',(-9.46633086265214E-30,-1.,0.));
#2647=DIRECTION('ref_axis',(1.,-9.46633086265214E-30,0.));
#2648=DIRECTION('center_axis',(9.46633086265214E-30,1.,0.));
#2649=DIRECTION('ref_axis',(1.,-9.46633086265214E-30,0.));
#2650=DIRECTION('center_axis',(-9.46633086265214E-30,-1.,0.));
#2651=DIRECTION('ref_axis',(1.,-9.46633086265214E-30,0.));
#2652=DIRECTION('center_axis',(9.46633086265214E-30,1.,0.));
#2653=DIRECTION('ref_axis',(1.,-9.46633086265214E-30,0.));
#2654=DIRECTION('center_axis',(-9.46633086265214E-30,-1.,0.));
#2655=DIRECTION('ref_axis',(1.,-9.46633086265214E-30,0.));
#2656=DIRECTION('center_axis',(9.46633086265214E-30,1.,0.));
#2657=DIRECTION('ref_axis',(1.,-9.46633086265214E-30,0.));
#2658=DIRECTION('center_axis',(-9.46633086265214E-30,-1.,0.));
#2659=DIRECTION('ref_axis',(1.,-9.46633086265214E-30,0.));
#2660=DIRECTION('center_axis',(9.46633086265214E-30,1.,0.));
#2661=DIRECTION('ref_axis',(1.,-9.46633086265214E-30,0.));
#2662=DIRECTION('center_axis',(-9.46633086265214E-30,-1.,0.));
#2663=DIRECTION('ref_axis',(1.,-9.46633086265214E-30,0.));
#2664=DIRECTION('center_axis',(9.46633086265214E-30,1.,0.));
#2665=DIRECTION('ref_axis',(1.,-9.46633086265214E-30,0.));
#2666=DIRECTION('center_axis',(-9.46633086265214E-30,-1.,0.));
#2667=DIRECTION('ref_axis',(1.,-9.46633086265214E-30,0.));
#2668=DIRECTION('center_axis',(9.46633086265214E-30,1.,0.));
#2669=DIRECTION('ref_axis',(1.,-9.46633086265214E-30,0.));
#2670=DIRECTION('center_axis',(-9.46633086265214E-30,-1.,0.));
#2671=DIRECTION('ref_axis',(1.,-9.46633086265214E-30,0.));
#2672=DIRECTION('center_axis',(9.46633086265214E-30,1.,0.));
#2673=DIRECTION('ref_axis',(1.,-9.46633086265214E-30,0.));
#2674=DIRECTION('center_axis',(-9.46633086265214E-30,-1.,0.));
#2675=DIRECTION('ref_axis',(1.,-9.46633086265214E-30,0.));
#2676=DIRECTION('center_axis',(9.46633086265214E-30,1.,0.));
#2677=DIRECTION('ref_axis',(1.,-9.46633086265214E-30,0.));
#2678=DIRECTION('center_axis',(0.,1.,0.));
#2679=DIRECTION('ref_axis',(1.,0.,0.));
#2680=DIRECTION('center_axis',(0.,-1.,0.));
#2681=DIRECTION('ref_axis',(1.,0.,0.));
#2682=DIRECTION('center_axis',(0.,1.,0.));
#2683=DIRECTION('ref_axis',(1.,0.,0.));
#2684=DIRECTION('center_axis',(0.,-1.,0.));
#2685=DIRECTION('ref_axis',(1.,0.,0.));
#2686=DIRECTION('center_axis',(0.,1.,0.));
#2687=DIRECTION('ref_axis',(1.,0.,0.));
#2688=DIRECTION('center_axis',(0.,-1.,0.));
#2689=DIRECTION('ref_axis',(1.,0.,0.));
#2690=DIRECTION('center_axis',(0.,1.,0.));
#2691=DIRECTION('ref_axis',(1.,0.,0.));
#2692=DIRECTION('center_axis',(0.,-1.,0.));
#2693=DIRECTION('ref_axis',(1.,0.,0.));
#2694=DIRECTION('center_axis',(0.,1.,0.));
#2695=DIRECTION('ref_axis',(1.,0.,0.));
#2696=DIRECTION('center_axis',(0.,-1.,0.));
#2697=DIRECTION('ref_axis',(1.,0.,0.));
#2698=DIRECTION('center_axis',(0.,1.,0.));
#2699=DIRECTION('ref_axis',(1.,0.,0.));
#2700=DIRECTION('center_axis',(0.,-1.,0.));
#2701=DIRECTION('ref_axis',(1.,0.,0.));
#2702=DIRECTION('center_axis',(0.,1.,0.));
#2703=DIRECTION('ref_axis',(1.,0.,0.));
#2704=DIRECTION('center_axis',(0.,-1.,0.));
#2705=DIRECTION('ref_axis',(1.,0.,0.));
#2706=DIRECTION('center_axis',(0.,1.,0.));
#2707=DIRECTION('ref_axis',(1.,0.,0.));
#2708=DIRECTION('center_axis',(0.,1.,0.));
#2709=DIRECTION('ref_axis',(1.,0.,0.));
#2710=DIRECTION('center_axis',(0.,1.,0.));
#2711=DIRECTION('ref_axis',(1.,0.,0.));
#2712=DIRECTION('center_axis',(0.,1.,0.));
#2713=DIRECTION('ref_axis',(1.,0.,0.));
#2714=DIRECTION('center_axis',(0.,1.,0.));
#2715=DIRECTION('ref_axis',(1.,0.,0.));
#2716=DIRECTION('center_axis',(0.,1.,0.));
#2717=DIRECTION('ref_axis',(1.,0.,0.));
#2718=DIRECTION('center_axis',(0.,1.,0.));
#2719=DIRECTION('ref_axis',(1.,0.,0.));
#2720=DIRECTION('center_axis',(0.,1.,0.));
#2721=DIRECTION('ref_axis',(1.,0.,0.));
#2722=DIRECTION('center_axis',(0.,-1.,0.));
#2723=DIRECTION('ref_axis',(1.,0.,0.));
#2724=DIRECTION('center_axis',(0.,1.,0.));
#2725=DIRECTION('ref_axis',(1.,0.,0.));
#2726=DIRECTION('center_axis',(0.,1.,0.));
#2727=DIRECTION('ref_axis',(-1.,0.,0.));
#2728=DIRECTION('center_axis',(6.31088724176809E-30,1.,0.));
#2729=DIRECTION('ref_axis',(-1.,6.31088724176809E-30,0.));
#2730=DIRECTION('',(0.,1.,0.));
#2731=DIRECTION('center_axis',(-6.31088724176809E-30,-1.,0.));
#2732=DIRECTION('ref_axis',(-1.,6.31088724176809E-30,0.));
#2733=DIRECTION('center_axis',(6.31088724176809E-30,1.,0.));
#2734=DIRECTION('ref_axis',(1.,-6.31088724176809E-30,0.));
#2735=DIRECTION('',(-1.,6.31088724176809E-30,0.));
#2736=DIRECTION('center_axis',(6.31088724176809E-30,1.,0.));
#2737=DIRECTION('ref_axis',(1.,-6.31088724176809E-30,0.));
#2738=DIRECTION('',(1.,-6.31088724176809E-30,0.));
#2739=DIRECTION('center_axis',(0.,1.,0.));
#2740=DIRECTION('ref_axis',(-1.,0.,0.));
#2741=DIRECTION('',(-0.707106781186547,-0.707106781186548,8.65956056235493E-17));
#2742=DIRECTION('center_axis',(-6.31088724176809E-30,-1.,0.));
#2743=DIRECTION('ref_axis',(-1.,6.31088724176809E-30,0.));
#2744=DIRECTION('center_axis',(-6.31088724176809E-30,-1.,0.));
#2745=DIRECTION('ref_axis',(-1.,6.31088724176809E-30,0.));
#2746=DIRECTION('center_axis',(6.31088724176809E-30,1.,0.));
#2747=DIRECTION('ref_axis',(1.,-6.31088724176809E-30,0.));
#2748=DIRECTION('',(-1.,6.31088724176809E-30,0.));
#2749=DIRECTION('center_axis',(6.31088724176809E-30,1.,0.));
#2750=DIRECTION('ref_axis',(1.,-6.31088724176809E-30,0.));
#2751=DIRECTION('',(1.,-6.31088724176809E-30,0.));
#2752=DIRECTION('center_axis',(0.,-1.,0.));
#2753=DIRECTION('ref_axis',(-1.,0.,1.22464679914735E-16));
#2754=DIRECTION('',(0.,-1.,0.));
#2755=DIRECTION('',(0.,1.,0.));
#2756=DIRECTION('center_axis',(0.,0.,1.));
#2757=DIRECTION('ref_axis',(-1.,0.,0.));
#2758=DIRECTION('',(0.,1.,0.));
#2759=DIRECTION('center_axis',(0.,-1.,0.));
#2760=DIRECTION('ref_axis',(1.,0.,0.));
#2761=DIRECTION('',(0.,-1.,0.));
#2762=DIRECTION('center_axis',(0.,0.,-1.));
#2763=DIRECTION('ref_axis',(1.,0.,0.));
#2764=CARTESIAN_POINT('',(0.,0.,0.));
#2765=CARTESIAN_POINT('Origin',(6.03961325396085E-13,0.5,0.));
#2766=CARTESIAN_POINT('',(-14.9853326286893,0.999999999999971,-0.663178714618679));
#2767=CARTESIAN_POINT('',(-14.9999999999994,1.,-1.83697019872103E-15));
#2768=CARTESIAN_POINT('Origin',(6.03961325396085E-13,1.,0.));
#2769=CARTESIAN_POINT('',(-15.9999999999994,0.,-1.95943487863577E-15));
#2770=CARTESIAN_POINT('',(-15.4999999999994,0.5,-1.8982025386784E-15));
#2771=CARTESIAN_POINT('Origin',(6.03961325396085E-13,0.,0.));
#2772=CARTESIAN_POINT('',(-11.7335794956135,0.999999999999974,9.34468363402975));
#2773=CARTESIAN_POINT('Origin',(6.03961325396085E-13,1.,0.));
#2774=CARTESIAN_POINT('',(-9.6061795164446,0.999999999999973,11.5204737358279));
#2775=CARTESIAN_POINT('Origin',(6.03961325396085E-13,0.999999999999974,
0.));
#2776=CARTESIAN_POINT('',(-7.98814536419955,0.999999999999974,12.6960440153805));
#2777=CARTESIAN_POINT('Origin',(6.03961325396085E-13,1.,0.));
#2778=CARTESIAN_POINT('',(-5.26144288663234,0.999999999999971,14.046964752241));
#2779=CARTESIAN_POINT('Origin',(6.03961325396085E-13,0.999999999999974,
0.));
#2780=CARTESIAN_POINT('',(5.2614467938671,0.999999999999974,14.0469632887437));
#2781=CARTESIAN_POINT('Origin',(6.03961325396085E-13,1.,0.));
#2782=CARTESIAN_POINT('',(7.9881488956688,0.999999999999974,12.6960417934373));
#2783=CARTESIAN_POINT('Origin',(6.03961325396085E-13,0.999999999999974,
0.));
#2784=CARTESIAN_POINT('',(9.60618272092302,0.999999999999974,11.5204710638204));
#2785=CARTESIAN_POINT('Origin',(6.03961325396085E-13,1.,0.));
#2786=CARTESIAN_POINT('',(11.733582094885,0.999999999999974,9.34468037027535));
#2787=CARTESIAN_POINT('Origin',(6.03961325396085E-13,0.999999999999974,
0.));
#2788=CARTESIAN_POINT('',(14.9853324442234,0.999999999999971,-0.663182882864199));
#2789=CARTESIAN_POINT('Origin',(6.03961325396085E-13,1.,0.));
#2790=CARTESIAN_POINT('',(14.5431270411637,0.999999999999973,-3.6738883848945));
#2791=CARTESIAN_POINT('Origin',(6.03961325396085E-13,0.999999999999974,
0.));
#2792=CARTESIAN_POINT('',(13.9250927878727,0.999999999999974,-5.57600133152988));
#2793=CARTESIAN_POINT('Origin',(6.03961325396085E-13,1.,0.));
#2794=CARTESIAN_POINT('',(12.5131954310592,0.999999999999971,-8.27163466940684));
#2795=CARTESIAN_POINT('Origin',(6.03961325396085E-13,0.999999999999974,
0.));
#2796=CARTESIAN_POINT('',(3.99999798938032,0.999999999999974,-14.4568328511109));
#2797=CARTESIAN_POINT('Origin',(6.03961325396085E-13,1.,0.));
#2798=CARTESIAN_POINT('',(0.999997918478859,0.999999999999974,-14.9666296861755));
#2799=CARTESIAN_POINT('Origin',(6.03961325396085E-13,0.999999999999974,
0.));
#2800=CARTESIAN_POINT('',(-1.00000208152081,0.999999999999974,-14.9666294080205));
#2801=CARTESIAN_POINT('Origin',(6.03961325396085E-13,1.,0.));
#2802=CARTESIAN_POINT('',(-4.00000201061961,0.999999999999974,-14.4568317384908));
#2803=CARTESIAN_POINT('Origin',(6.03961325396085E-13,0.999999999999974,
0.));
#2804=CARTESIAN_POINT('',(-12.5131977318543,0.999999999999971,-8.27163118879836));
#2805=CARTESIAN_POINT('Origin',(6.03961325396085E-13,1.,0.));
#2806=CARTESIAN_POINT('',(-13.9250943388638,0.999999999999973,-5.57599745819515));
#2807=CARTESIAN_POINT('Origin',(6.03961325396085E-13,0.999999999999974,
0.));
#2808=CARTESIAN_POINT('',(-14.5431280630724,0.999999999999973,-3.67388433965053));
#2809=CARTESIAN_POINT('Origin',(6.03961325396085E-13,1.,0.));
#2810=CARTESIAN_POINT('Origin',(6.03961325396085E-13,0.999999999999974,
0.));
#2811=CARTESIAN_POINT('Origin',(6.03961325396085E-13,15.,0.));
#2812=CARTESIAN_POINT('',(11.733582094885,15.,9.34468037027535));
#2813=CARTESIAN_POINT('',(11.733582094885,15.,9.34468037027536));
#2814=CARTESIAN_POINT('',(14.9853324442234,15.,-0.663182882864199));
#2815=CARTESIAN_POINT('Origin',(6.03961325396085E-13,15.,0.));
#2816=CARTESIAN_POINT('',(14.9853324442234,15.,-0.663182882864201));
#2817=CARTESIAN_POINT('Origin',(6.03961325396085E-13,15.,0.));
#2818=CARTESIAN_POINT('',(7.9881488956688,15.,12.6960417934373));
#2819=CARTESIAN_POINT('',(7.98814889566726,15.,12.6960417934355));
#2820=CARTESIAN_POINT('',(9.60618272092302,15.,11.5204710638204));
#2821=CARTESIAN_POINT('Origin',(6.03961325396085E-13,15.,0.));
#2822=CARTESIAN_POINT('',(9.60618272092173,15.,11.5204710638184));
#2823=CARTESIAN_POINT('Origin',(6.03961325396085E-13,15.,0.));
#2824=CARTESIAN_POINT('',(-5.26144288663234,15.,14.046964752241));
#2825=CARTESIAN_POINT('',(-5.26144288663234,15.,14.046964752241));
#2826=CARTESIAN_POINT('',(5.2614467938671,15.,14.0469632887437));
#2827=CARTESIAN_POINT('Origin',(6.03961325396085E-13,15.,0.));
#2828=CARTESIAN_POINT('',(5.2614467938671,15.,14.0469632887437));
#2829=CARTESIAN_POINT('Origin',(6.03961325396085E-13,15.,0.));
#2830=CARTESIAN_POINT('',(-9.60617951644459,15.,11.5204737358279));
#2831=CARTESIAN_POINT('',(-9.60617951644331,15.,11.5204737358259));
#2832=CARTESIAN_POINT('',(-7.98814536419955,15.,12.6960440153805));
#2833=CARTESIAN_POINT('Origin',(6.03961325396085E-13,15.,0.));
#2834=CARTESIAN_POINT('',(-7.988145364198,15.,12.6960440153787));
#2835=CARTESIAN_POINT('Origin',(6.03961325396085E-13,15.,0.));
#2836=CARTESIAN_POINT('',(-14.9853326286893,15.,-0.663178714618679));
#2837=CARTESIAN_POINT('',(-14.9853326286893,15.,-0.663178714618678));
#2838=CARTESIAN_POINT('',(-11.7335794956135,15.,9.34468363402975));
#2839=CARTESIAN_POINT('Origin',(6.03961325396085E-13,15.,0.));
#2840=CARTESIAN_POINT('',(-11.7335794956135,15.,9.34468363402975));
#2841=CARTESIAN_POINT('Origin',(6.03961325396085E-13,15.,0.));
#2842=CARTESIAN_POINT('',(-13.9250943388638,15.,-5.57599745819515));
#2843=CARTESIAN_POINT('',(-13.9250943388614,15.,-5.57599745819456));
#2844=CARTESIAN_POINT('',(-14.5431280630724,15.,-3.67388433965053));
#2845=CARTESIAN_POINT('Origin',(6.03961325396085E-13,15.,0.));
#2846=CARTESIAN_POINT('',(-14.5431280630702,15.,-3.67388433964963));
#2847=CARTESIAN_POINT('Origin',(6.03961325396085E-13,15.,0.));
#2848=CARTESIAN_POINT('',(-4.00000201061961,15.,-14.4568317384908));
#2849=CARTESIAN_POINT('',(-4.00000201061961,15.,-14.4568317384908));
#2850=CARTESIAN_POINT('',(-12.5131977318543,15.,-8.27163118879836));
#2851=CARTESIAN_POINT('Origin',(6.03961325396085E-13,15.,0.));
#2852=CARTESIAN_POINT('',(-12.5131977318543,15.,-8.27163118879836));
#2853=CARTESIAN_POINT('Origin',(6.03961325396085E-13,15.,0.));
#2854=CARTESIAN_POINT('',(0.999997918478859,15.,-14.9666296861755));
#2855=CARTESIAN_POINT('',(0.999997918479019,15.,-14.9666296861731));
#2856=CARTESIAN_POINT('',(-1.00000208152081,15.,-14.9666294080205));
#2857=CARTESIAN_POINT('Origin',(6.03961325396085E-13,15.,0.));
#2858=CARTESIAN_POINT('',(-1.00000208152097,15.,-14.9666294080181));
#2859=CARTESIAN_POINT('Origin',(6.03961325396085E-13,15.,0.));
#2860=CARTESIAN_POINT('',(12.5131954310592,15.,-8.27163466940684));
#2861=CARTESIAN_POINT('',(12.5131954310592,15.,-8.27163466940684));
#2862=CARTESIAN_POINT('',(3.99999798938032,15.,-14.4568328511109));
#2863=CARTESIAN_POINT('Origin',(6.03961325396085E-13,15.,0.));
#2864=CARTESIAN_POINT('',(3.99999798938032,15.,-14.4568328511109));
#2865=CARTESIAN_POINT('Origin',(6.03961325396085E-13,15.,0.));
#2866=CARTESIAN_POINT('',(14.5431270411637,15.,-3.6738883848945));
#2867=CARTESIAN_POINT('',(14.5431270411615,15.,-3.67388838489361));
#2868=CARTESIAN_POINT('',(13.9250927878727,15.,-5.57600133152988));
#2869=CARTESIAN_POINT('Origin',(6.03961325396085E-13,15.,0.));
#2870=CARTESIAN_POINT('',(13.9250927878704,15.,-5.57600133152929));
#2871=CARTESIAN_POINT('Origin',(0.,0.,0.));
#2872=CARTESIAN_POINT('',(2.29477926438904E-6,0.,16.5000002458692));
#2873=CARTESIAN_POINT('',(-0.229638993272624,2.74613578942263E-15,17.0641403227966));
#2874=CARTESIAN_POINT('',(2.47743155823351,0.,10.4139120379351));
#2875=CARTESIAN_POINT('',(-11.9037877078093,1.80613193128624E-11,12.2285509048027));
#2876=CARTESIAN_POINT('Origin',(0.,0.,0.));
#2877=CARTESIAN_POINT('',(-11.6672604407797,0.,11.6672636860875));
#2878=CARTESIAN_POINT('',(-8.69995893292545,-1.11022302462516E-15,4.62575666937363));
#2879=CARTESIAN_POINT('',(-12.2285486267363,8.23840736826786E-15,11.9037900480002));
#2880=CARTESIAN_POINT('',(-5.61193916595163,0.,9.11555647545639));
#2881=CARTESIAN_POINT('',(-17.0641402788678,1.80045658894476E-11,0.229642258873662));
#2882=CARTESIAN_POINT('Origin',(0.,0.,0.));
#2883=CARTESIAN_POINT('',(-16.5000002458689,0.,2.29477896240837E-6));
#2884=CARTESIAN_POINT('',(-9.42270386654904,0.,-2.88089604848324));
#2885=CARTESIAN_POINT('',(-17.0641403227966,3.66151438589681E-15,-0.229638993273054));
#2886=CARTESIAN_POINT('',(-10.4139120379349,0.,2.47743155823318));
#2887=CARTESIAN_POINT('',(-12.2285509048026,1.83469171855308E-11,-11.9037877078097));
#2888=CARTESIAN_POINT('Origin',(0.,0.,0.));
#2889=CARTESIAN_POINT('',(-11.6672636860872,0.,-11.66726044078));
#2890=CARTESIAN_POINT('',(-4.62575666937339,0.,-8.69995893292579));
#2891=CARTESIAN_POINT('',(-11.9037900479999,3.66151438589679E-15,-12.2285486267366));
#2892=CARTESIAN_POINT('',(-9.11555647545604,0.,-5.61193916595187));
#2893=CARTESIAN_POINT('',(-0.229642258873286,1.81199034918715E-11,-17.0641402788679));
#2894=CARTESIAN_POINT('Origin',(0.,0.,0.));
#2895=CARTESIAN_POINT('',(-2.29477866042771E-6,0.,-16.5000002458692));
#2896=CARTESIAN_POINT('',(2.88089604848357,0.,-9.42270386654926));
#2897=CARTESIAN_POINT('',(0.229638993273225,1.8307571929484E-15,-17.0641403227966));
#2898=CARTESIAN_POINT('',(-2.47743155823295,0.,-10.413912037935));
#2899=CARTESIAN_POINT('',(11.9037877078097,1.79459817104388E-11,-12.2285509048021));
#2900=CARTESIAN_POINT('Origin',(0.,0.,0.));
#2901=CARTESIAN_POINT('',(11.6672604407803,0.,-11.6672636860875));
#2902=CARTESIAN_POINT('',(8.69995893292589,0.,-4.62575666937353));
#2903=CARTESIAN_POINT('',(12.2285486267365,4.57689298237102E-15,-11.9037900480001));
#2904=CARTESIAN_POINT('',(5.611939165952,0.,-9.11555647545633));
#2905=CARTESIAN_POINT('',(17.0641402788677,1.79212665099194E-11,-0.229642258873386));
#2906=CARTESIAN_POINT('Origin',(0.,0.,0.));
#2907=CARTESIAN_POINT('',(16.5000002458695,0.,-2.29477896240837E-6));
#2908=CARTESIAN_POINT('',(9.42270386654937,0.,2.88089604848335));
#2909=CARTESIAN_POINT('',(17.0641403227966,1.37306789471131E-14,0.229638993272811));
#2910=CARTESIAN_POINT('',(10.4139120379352,0.,-2.47743155823328));
#2911=CARTESIAN_POINT('',(12.2285509048028,1.83276942517935E-11,11.9037877078095));
#2912=CARTESIAN_POINT('Origin',(0.,0.,0.));
#2913=CARTESIAN_POINT('',(11.6672636860878,0.,11.66726044078));
#2914=CARTESIAN_POINT('',(4.62575666937373,0.,8.69995893292569));
#2915=CARTESIAN_POINT('',(11.9037900480003,5.49227157884526E-15,12.2285486267362));
#2916=CARTESIAN_POINT('',(9.11555647545658,0.,5.61193916595176));
#2917=CARTESIAN_POINT('',(0.229642258873818,1.79459817104386E-11,17.0641402788678));
#2918=CARTESIAN_POINT('Origin',(0.,0.,0.));
#2919=CARTESIAN_POINT('',(-2.88089604848301,0.,9.42270386654915));
#2920=CARTESIAN_POINT('Origin',(-7.37825295847005,15.,-1.34587639878963));
#2921=CARTESIAN_POINT('',(-8.33685818148287,15.,-1.65734596926281));
#2922=CARTESIAN_POINT('',(-8.33685818987766,1.49999998702107,-1.65734597247906));
#2923=CARTESIAN_POINT('',(-8.33685818148287,15.,-1.6573459692628));
#2924=CARTESIAN_POINT('',(-7.85779428993358,0.999999991081565,-1.50168874944796));
#2925=CARTESIAN_POINT('Ctrl Pts',(-8.3368582069404,1.49999997304381,-1.65734597753751));
#2926=CARTESIAN_POINT('Ctrl Pts',(-8.09006771106787,1.24231114301034,-1.57715892253202));
#2927=CARTESIAN_POINT('Ctrl Pts',(-7.85779430312438,0.999999973244749,-1.50168875309447));
#2928=CARTESIAN_POINT('',(-3.84363491028705,0.999999999999972,-0.19740991975862));
#2929=CARTESIAN_POINT('',(-3.84363491028718,15.,-0.197409919758664));
#2930=CARTESIAN_POINT('Origin',(-6.96514696607839,15.,2.78149739185933));
#2931=CARTESIAN_POINT('',(-7.6444568528137,15.,3.71648751181572));
#2932=CARTESIAN_POINT('',(-7.64445685544941,1.49999999130669,3.71648751710773));
#2933=CARTESIAN_POINT('',(-7.64445685281298,15.,3.71648751181422));
#2934=CARTESIAN_POINT('',(-7.30836321236149,0.999999994223156,3.25389416826201));
#2935=CARTESIAN_POINT('Ctrl Pts',(-7.64445686217843,1.4999999819447,3.71648752469952));
#2936=CARTESIAN_POINT('Ctrl Pts',(-7.47131771188236,1.24009235972473,3.47818185880914));
#2937=CARTESIAN_POINT('Ctrl Pts',(-7.30836321742023,0.999999982669522,3.25389417317464));
#2938=CARTESIAN_POINT('',(-5.10060763528426,0.999999999999973,0.215178416376931));
#2939=CARTESIAN_POINT('',(-5.10060763528431,15.,0.215178416377003));
#2940=CARTESIAN_POINT('Origin',(-3.56001007216082,15.,6.60123687547334));
#2941=CARTESIAN_POINT('',(-4.15246054159454,15.,7.41667522886738));
#2942=CARTESIAN_POINT('',(-4.15246054724239,1.49999998702627,7.41667523585661));
#2943=CARTESIAN_POINT('',(-4.15246054159454,15.,7.41667522886738));
#2944=CARTESIAN_POINT('',(-3.85638284449493,0.999999991085087,7.00915911930548));
#2945=CARTESIAN_POINT('Ctrl Pts',(-4.15246055731897,1.4999999730546,7.41667525051763));
#2946=CARTESIAN_POINT('Ctrl Pts',(-3.99993567885862,1.24231114302101,7.20674270398388));
#2947=CARTESIAN_POINT('Ctrl Pts',(-3.85638285203321,0.999999973255315,7.00915913072169));
#2948=CARTESIAN_POINT('',(-1.37549649801884,0.999999999999973,3.59451100762493));
#2949=CARTESIAN_POINT('',(-1.3754964980189,15.,3.594511007625));
#2950=CARTESIAN_POINT('Origin',(0.493012438748923,15.,7.48377837293697));
#2951=CARTESIAN_POINT('',(1.1723225855569,15.,8.4187683039395));
#2952=CARTESIAN_POINT('',(1.17232258976594,1.49999999131173,8.41876830808301));
#2953=CARTESIAN_POINT('',(1.17232258555569,15.,8.41876830393836));
#2954=CARTESIAN_POINT('',(0.836228818365524,0.999999994226679,7.9561750524589));
#2955=CARTESIAN_POINT('Ctrl Pts',(1.1723225948966,1.49999998195515,8.41876831683043));
#2956=CARTESIAN_POINT('Ctrl Pts',(0.999183378314469,1.24009235973526,8.18046269909937));
#2957=CARTESIAN_POINT('Ctrl Pts',(0.836228821465417,0.999999982680091,7.95617505879124));
#2958=CARTESIAN_POINT('',(-1.37152760587975,0.999999999999973,4.91745991608549));
#2959=CARTESIAN_POINT('',(-1.37152760587981,15.,4.91745991608542));
#2960=CARTESIAN_POINT('Origin',(5.1780457335835,15.,5.42566515562134));
#2961=CARTESIAN_POINT('',(5.77049642983547,15.,6.24110334422229));
#2962=CARTESIAN_POINT('',(5.77049643473967,1.49999998702548,6.24110335175254));
#2963=CARTESIAN_POINT('',(5.77049642983547,15.,6.24110334422229));
#2964=CARTESIAN_POINT('',(5.47441861840279,0.999999991084439,5.8335873177288));
#2965=CARTESIAN_POINT('Ctrl Pts',(5.77049644557235,1.49999997305292,6.24110336586599));
#2966=CARTESIAN_POINT('Ctrl Pts',(5.61797150871808,1.24231114301919,6.03117086175762));
#2967=CARTESIAN_POINT('Ctrl Pts',(5.47441862693368,0.999999973253372,5.83358732842521));
#2968=CARTESIAN_POINT('',(2.9935313231056,0.999999999999973,2.41893989540634));
#2969=CARTESIAN_POINT('',(2.99353132310555,15.,2.41893989540627));
#2970=CARTESIAN_POINT('Origin',(7.26984541010252,15.,1.84373200688705));
#2971=CARTESIAN_POINT('',(8.36899205646784,15.,1.48659744342915));
#2972=CARTESIAN_POINT('',(8.36899206171456,1.49999999130003,1.48659744069282));
#2973=CARTESIAN_POINT('',(8.36899205646638,15.,1.48659744342995));
#2974=CARTESIAN_POINT('',(7.8251810444962,0.999999994218416,1.66329243459689));
#2975=CARTESIAN_POINT('Ctrl Pts',(8.36899207162766,1.49999998193083,1.48659743850206));
#2976=CARTESIAN_POINT('Ctrl Pts',(8.08884700069788,1.24009235971067,1.57762213292491));
#2977=CARTESIAN_POINT('Ctrl Pts',(7.82518105148096,0.999999982655302,1.66329243359279));
#2978=CARTESIAN_POINT('',(4.25295695834246,0.999999999999972,2.82397895007923));
#2979=CARTESIAN_POINT('',(4.25295695834232,15.,2.82397895007928));
#2980=CARTESIAN_POINT('Origin',(6.76021833081762,15.,-3.24799139772339));
#2981=CARTESIAN_POINT('',(7.71882346719361,15.,-3.55946123483741));
#2982=CARTESIAN_POINT('',(7.71882347587492,1.49999998701894,-3.55946123717647));
#2983=CARTESIAN_POINT('',(7.71882346719361,15.,-3.55946123483741));
#2984=CARTESIAN_POINT('',(7.2397596193182,0.999999991079916,-3.40380388061298));
#2985=CARTESIAN_POINT('Ctrl Pts',(7.71882349265337,1.49999997303934,-3.55946124312142));
#2986=CARTESIAN_POINT('Ctrl Pts',(7.47203301908494,1.2423111430056,-3.4792741194698));
#2987=CARTESIAN_POINT('Ctrl Pts',(7.23975963213357,0.999999973239803,-3.40380388542415));
#2988=CARTESIAN_POINT('',(3.22560060208621,0.999999999999973,-2.09952393552058));
#2989=CARTESIAN_POINT('',(3.22560060208608,15.,-2.09952393552053));
#2990=CARTESIAN_POINT('Origin',(3.99999911765268,15.,-6.34428932653471));
#2991=CARTESIAN_POINT('',(3.99999895691894,15.,-7.50000055631158));
#2992=CARTESIAN_POINT('',(3.99999895593446,1.49999999130288,-7.50000056214562));
#2993=CARTESIAN_POINT('',(3.99999895691924,15.,-7.50000055630994));
#2994=CARTESIAN_POINT('',(3.99999903523495,0.999999994220227,-6.92820379464943));
#2995=CARTESIAN_POINT('Ctrl Pts',(3.99999895690935,1.49999998193677,-7.50000057224661));
#2996=CARTESIAN_POINT('Ctrl Pts',(3.99999899787629,1.24009235971635,-7.20543859954681));
#2997=CARTESIAN_POINT('Ctrl Pts',(3.99999903643342,0.999999982660735,-6.92820380159977));
#2998=CARTESIAN_POINT('',(3.99999955882663,0.999999999999973,-3.17214494142238));
#2999=CARTESIAN_POINT('',(3.99999955882663,15.,-3.17214494142238));
#3000=CARTESIAN_POINT('Origin',(-1.00000103376731,15.,-7.43303423458165));
#3001=CARTESIAN_POINT('',(-1.0000011739487,15.,-8.44097136898945));
#3002=CARTESIAN_POINT('',(-1.00000117348666,1.49999998703376,-8.44097137795849));
#3003=CARTESIAN_POINT('',(-1.0000011739487,15.,-8.44097136898945));
#3004=CARTESIAN_POINT('',(-1.00000110328467,0.999999991090222,-7.93725380697698));
#3005=CARTESIAN_POINT('Ctrl Pts',(-1.00000117395043,1.49999997307014,-8.44097139573213));
#3006=CARTESIAN_POINT('Ctrl Pts',(-1.00000113786109,1.24231114303647,-8.18148052374718));
#3007=CARTESIAN_POINT('Ctrl Pts',(-1.00000110389464,0.999999973270719,-7.93725382063584));
#3008=CARTESIAN_POINT('',(-1.00000051688335,0.999999999999973,-3.71651704775207));
#3009=CARTESIAN_POINT('',(-1.00000051688335,15.,-3.71651704775207));
#3010=CARTESIAN_POINT('Origin',(-4.79771000042275,15.,-5.76471844514869));
#3011=CARTESIAN_POINT('',(-5.89685674612698,15.,-6.12185270287283));
#3012=CARTESIAN_POINT('',(-5.89685675197885,1.49999999130328,-6.12185270374027));
#3013=CARTESIAN_POINT('',(-5.89685674612533,15.,-6.12185270287261));
#3014=CARTESIAN_POINT('',(-5.35304568574995,0.999999994220715,-5.94515786067458));
#3015=CARTESIAN_POINT('Ctrl Pts',(-5.89685676128331,1.49999998193762,-6.12185270778984));
#3016=CARTESIAN_POINT('Ctrl Pts',(-5.61671166503507,1.24009235971755,-6.03082809129092));
#3017=CARTESIAN_POINT('Ctrl Pts',(-5.35304569198901,0.9999999826622,-5.94515786396321));
#3018=CARTESIAN_POINT('',(-1.78082127600247,0.999999999999972,-4.78447234111931));
#3019=CARTESIAN_POINT('',(-1.7808212760026,15.,-4.78447234111936));
#3020=CARTESIAN_POINT('Origin',(-12.9717652267766,15.,-5.26624219927014));
#3021=CARTESIAN_POINT('',(-7.71882446595158,1.4999999870282,-3.55945909013824));
#3022=CARTESIAN_POINT('',(-7.23976056609593,0.999999991086378,-3.40380186682822));
#3023=CARTESIAN_POINT('Ctrl Pts',(-7.2397605789041,0.999999973259188,-3.40380187162826));
#3024=CARTESIAN_POINT('Ctrl Pts',(-7.47203398684747,1.24231114302494,-3.47927204106577));
#3025=CARTESIAN_POINT('Ctrl Pts',(-7.71882448271993,1.49999997305862,-3.55945909607123));
#3026=CARTESIAN_POINT('',(-7.71882445727413,15.,-3.55945908780774));
#3027=CARTESIAN_POINT('',(-7.71882445727413,15.,-3.55945908780774));
#3028=CARTESIAN_POINT('',(-6.33137418233609,15.,-3.10864937927139));
#3029=CARTESIAN_POINT('',(-6.33137418233595,0.999999999999972,-3.10864937927135));
#3030=CARTESIAN_POINT('Origin',(-13.9958301502985,15.,-0.341670022064466));
#3031=CARTESIAN_POINT('',(-8.36899164820327,1.49999999127586,1.4865997685689));
#3032=CARTESIAN_POINT('',(-7.82518058184153,0.999999994205813,1.66329461120668));
#3033=CARTESIAN_POINT('Ctrl Pts',(-7.82518058882421,0.999999982617493,1.66329461019873));
#3034=CARTESIAN_POINT('Ctrl Pts',(-8.08884656186431,1.24009235966711,1.57762438287295));
#3035=CARTESIAN_POINT('Ctrl Pts',(-8.36899165810593,1.49999998188067,1.48659976637617));
#3036=CARTESIAN_POINT('',(-8.36899164296176,15.,1.48659977130629));
#3037=CARTESIAN_POINT('',(-8.3689916429603,15.,1.48659977130708));
#3038=CARTESIAN_POINT('',(-7.61594879935799,15.,1.73127810751261));
#3039=CARTESIAN_POINT('',(-7.61594879935786,0.999999999999972,1.73127810751265));
#3040=CARTESIAN_POINT('Origin',(-9.01698986211996,15.,10.7095235107084));
#3041=CARTESIAN_POINT('',(-5.77049469874669,1.49999998701905,6.24110495684823));
#3042=CARTESIAN_POINT('',(-5.47441699576383,0.999999991080018,5.83358884047098));
#3043=CARTESIAN_POINT('Ctrl Pts',(-5.47441700429925,0.999999973240109,5.83358885117245));
#3044=CARTESIAN_POINT('Ctrl Pts',(-5.61796983112458,1.24231114300585,6.03117242443454));
#3045=CARTESIAN_POINT('Ctrl Pts',(-5.77049470958491,1.4999999730396,6.24110497096826));
#3046=CARTESIAN_POINT('',(-5.77049469383984,15.,6.24110494931458));
#3047=CARTESIAN_POINT('',(-5.77049469383984,15.,6.24110494931458));
#3048=CARTESIAN_POINT('',(-4.91300346912112,15.,5.06086918546611));
#3049=CARTESIAN_POINT('',(-4.91300346912107,0.999999999999972,5.06086918546604));
#3050=CARTESIAN_POINT('Origin',(-4.64989686773426,15.,13.2052436221158));
#3051=CARTESIAN_POINT('',(-1.1723202480567,1.49999999127666,8.41876863416485));
#3052=CARTESIAN_POINT('',(-0.836226605335069,0.999999994206271,7.95617528506123));
#3053=CARTESIAN_POINT('Ctrl Pts',(-0.836226608452135,0.999999982618867,
7.95617529138927));
#3054=CARTESIAN_POINT('Ctrl Pts',(-0.999181102910684,1.24009235966861,8.18046297701884));
#3055=CARTESIAN_POINT('Ctrl Pts',(-1.17232025320276,1.49999998188232,8.41876864290372));
#3056=CARTESIAN_POINT('',(-1.17232024383299,15.,8.41876863002659));
#3057=CARTESIAN_POINT('',(-1.17232024383178,15.,8.41876863002544));
#3058=CARTESIAN_POINT('',(-0.706914281621636,15.,7.77819209061083));
#3059=CARTESIAN_POINT('',(-0.706914281621583,0.999999999999972,7.77819209061076));
#3060=CARTESIAN_POINT('Origin',(7.39895901577405,15.,11.885091732204));
#3061=CARTESIAN_POINT('',(4.15246261023657,1.49999998701722,7.4166740808311));
#3062=CARTESIAN_POINT('',(3.85638479413806,0.999999991078687,7.00915804663749));
#3063=CARTESIAN_POINT('Ctrl Pts',(3.85638480168551,0.999999973236115,7.00915805805885));
#3064=CARTESIAN_POINT('Ctrl Pts',(3.99993768346989,1.24231114300197,7.20674159139125));
#3065=CARTESIAN_POINT('Ctrl Pts',(4.15246262032414,1.49999997303578,7.41667409549959));
#3066=CARTESIAN_POINT('',(4.152462604581,15.,7.41667407383937));
#3067=CARTESIAN_POINT('',(4.152462604581,15.,7.41667407383937));
#3068=CARTESIAN_POINT('',(3.2949710515736,15.,6.23643854850615));
#3069=CARTESIAN_POINT('',(3.29497105157365,0.999999999999973,6.23643854850622));
#3070=CARTESIAN_POINT('Origin',(11.1220358418579,15.,8.50295941025482));
#3071=CARTESIAN_POINT('',(7.64445788921432,1.49999999128288,3.71648539075274));
#3072=CARTESIAN_POINT('',(7.3083641174551,0.999999994210745,3.25389213539649));
#3073=CARTESIAN_POINT('Ctrl Pts',(7.30836412252356,0.999999982632289,3.25389214030355));
#3074=CARTESIAN_POINT('Ctrl Pts',(7.47131867936911,1.24009235968173,3.47817978060685));
#3075=CARTESIAN_POINT('Ctrl Pts',(7.64445789594735,1.49999998189522,3.71648539833255));
#3076=CARTESIAN_POINT('',(7.64445788657425,15.,3.71648538547156));
#3077=CARTESIAN_POINT('',(7.64445788657354,15.,3.71648538547006));
#3078=CARTESIAN_POINT('',(7.17905174618363,15.,3.07590897551019));
#3079=CARTESIAN_POINT('',(7.17905174618368,0.999999999999973,3.07590897551026));
#3080=CARTESIAN_POINT('Origin',(13.5897980152366,15.,-3.36413286079593));
#3081=CARTESIAN_POINT('',(8.33685772887869,1.4999999870246,-1.65734829141262));
#3082=CARTESIAN_POINT('',(7.85779387223002,0.999999991083678,-1.50169093512699));
#3083=CARTESIAN_POINT('Ctrl Pts',(7.85779388541948,0.99999997325109,-1.50169093876779));
#3084=CARTESIAN_POINT('Ctrl Pts',(8.09006727237069,1.24231114301709,-1.57716117281339));
#3085=CARTESIAN_POINT('Ctrl Pts',(8.33685774593901,1.49999997305109,-1.65734829646497));
#3086=CARTESIAN_POINT('',(8.33685772048465,15.,-1.65734828820173));
#3087=CARTESIAN_POINT('',(8.33685772048465,15.,-1.65734828820173));
#3088=CARTESIAN_POINT('',(6.94940757094111,15.,-1.20653819373896));
#3089=CARTESIAN_POINT('',(6.94940757094125,0.999999999999972,-1.206538193739));
#3090=CARTESIAN_POINT('Origin',(11.5236930420978,15.,-7.95012570161756));
#3091=CARTESIAN_POINT('',(5.89685504915006,1.49999999127888,-6.12185434398188));
#3092=CARTESIAN_POINT('',(5.35304403207394,0.999999994207878,-5.94515934965292));
#3093=CARTESIAN_POINT('Ctrl Pts',(5.35304403831259,0.999999982623689,-5.94515935294458));
#3094=CARTESIAN_POINT('Ctrl Pts',(5.61670998752352,1.24009235967332,-6.03082965361052));
#3095=CARTESIAN_POINT('Ctrl Pts',(5.89685505844658,1.49999998188691,-6.12185434803118));
#3096=CARTESIAN_POINT('',(5.89685504330388,15.,-6.12185434311292));
#3097=CARTESIAN_POINT('',(5.89685504330222,15.,-6.12185434311271));
#3098=CARTESIAN_POINT('',(5.1438122677579,15.,-5.87717579744436));
#3099=CARTESIAN_POINT('',(5.14381226775803,0.999999999999972,-5.87717579744441));
#3100=CARTESIAN_POINT('Origin',(0.999998057888856,15.,-13.9642401828463));
#3101=CARTESIAN_POINT('',(0.999998825588431,1.49999998701696,-8.44097165612518));
#3102=CARTESIAN_POINT('',(0.999998895497819,0.999999991078489,-7.93725408514884));
#3103=CARTESIAN_POINT('Ctrl Pts',(0.99999889610834,0.999999973235521,-7.93725409882565));
#3104=CARTESIAN_POINT('Ctrl Pts',(0.999998862141899,1.24231114300139,-8.18148080193696));
#3105=CARTESIAN_POINT('Ctrl Pts',(0.999998826052554,1.49999997303525,-8.44097167392193));
#3106=CARTESIAN_POINT('',(0.999998826051295,15.,-8.44097164714448));
#3107=CARTESIAN_POINT('',(0.999998826051295,15.,-8.44097164714448));
#3108=CARTESIAN_POINT('',(0.999999028944728,15.,-6.98212016096192));
#3109=CARTESIAN_POINT('',(0.999999028944728,0.999999999999973,-6.98212016096192));
#3110=CARTESIAN_POINT('Origin',(-4.00000186591997,15.,-13.4164073086886));
#3111=CARTESIAN_POINT('',(-4.00000104210207,1.49999999128317,-7.49999944951689));
#3112=CARTESIAN_POINT('',(-4.00000096235372,0.999999994210774,-6.92820268202423));
#3113=CARTESIAN_POINT('Ctrl Pts',(-4.00000096355747,0.999999982632375,-6.92820268897147));
#3114=CARTESIAN_POINT('Ctrl Pts',(-4.00000100211459,1.24009235968214,-7.20543748691209));
#3115=CARTESIAN_POINT('Ctrl Pts',(-4.00000104308153,1.49999998189585,-7.4999994596047));
#3116=CARTESIAN_POINT('',(-4.00000104308039,15.,-7.49999944369149));
#3117=CARTESIAN_POINT('',(-4.00000104308069,15.,-7.49999944368986));
#3118=CARTESIAN_POINT('',(-4.00000093295967,15.,-6.70820337618926));
#3119=CARTESIAN_POINT('',(-4.00000093295967,0.999999999999973,-6.70820337618926));
#3120=CARTESIAN_POINT('Origin',(-0.806958666258417,15.4,18.4823920992644));
#3121=CARTESIAN_POINT('',(2.29477926438904E-6,15.,16.5000002458692));
#3122=CARTESIAN_POINT('',(2.29477926438904E-6,15.4,16.5000002458692));
#3123=CARTESIAN_POINT('',(-0.243530253012496,14.9999999993082,17.0982657904107));
#3124=CARTESIAN_POINT('',(2.47743155823351,15.,10.4139120379351));
#3125=CARTESIAN_POINT('',(-0.405152538674552,14.6,17.4953094119654));
#3126=CARTESIAN_POINT('Ctrl Pts',(-0.243530253012496,14.9999999993082,17.0982657904107));
#3127=CARTESIAN_POINT('Ctrl Pts',(-0.323407162991225,14.8026555689999,17.2944925513838));
#3128=CARTESIAN_POINT('Ctrl Pts',(-0.405152538697406,14.5999999999435,17.4953094120214));
#3129=CARTESIAN_POINT('',(-0.405152538674607,0.434314575050761,17.4953094119654));
#3130=CARTESIAN_POINT('',(-0.405152538674606,0.,17.4953094119654));
#3131=CARTESIAN_POINT('Ctrl Pts',(-0.405152538670802,0.434314575041345,
17.4953094119561));
#3132=CARTESIAN_POINT('Ctrl Pts',(-0.316293110409036,0.214022505369606,
17.2770160679299));
#3133=CARTESIAN_POINT('Ctrl Pts',(-0.229638993279976,1.81592805968696E-11,
17.0641403228147));
#3134=CARTESIAN_POINT('Origin',(2.29477926452781E-6,15.4,16.5000002458692));
#3135=CARTESIAN_POINT('',(0.405154802590153,0.434314575050765,17.495309359538));
#3136=CARTESIAN_POINT('Ctrl Pts',(0.229642258873818,1.79459817104386E-11,
17.0641402788678));
#3137=CARTESIAN_POINT('Ctrl Pts',(0.316295881456763,0.214022510561553,17.2770160197961));
#3138=CARTESIAN_POINT('Ctrl Pts',(0.405154802586421,0.434314575041508,17.4953093595288));
#3139=CARTESIAN_POINT('',(0.405154802590206,14.6,17.495309359538));
#3140=CARTESIAN_POINT('',(0.405154802590153,0.,17.495309359538));
#3141=CARTESIAN_POINT('',(0.243533438737591,15.,17.0982657443443));
#3142=CARTESIAN_POINT('Ctrl Pts',(0.405154802613031,14.5999999999433,17.4953093595942));
#3143=CARTESIAN_POINT('Ctrl Pts',(0.323409893138329,14.8026555649669,17.2944925021698));
#3144=CARTESIAN_POINT('Ctrl Pts',(0.243533438737591,15.,17.0982657443443));
#3145=CARTESIAN_POINT('',(-2.88089604848301,15.,9.42270386654915));
#3146=CARTESIAN_POINT('Origin',(-12.4984188408894,15.4,-13.6396307309873));
#3147=CARTESIAN_POINT('',(-11.6672636860872,15.,-11.66726044078));
#3148=CARTESIAN_POINT('',(-11.6672636860872,15.4,-11.66726044078));
#3149=CARTESIAN_POINT('',(-11.9180977936,14.9999999993075,-12.2625015802596));
#3150=CARTESIAN_POINT('',(-9.11555647545604,15.,-5.61193916595187));
#3151=CARTESIAN_POINT('',(-12.0845658166453,14.6,-12.6575380316698));
#3152=CARTESIAN_POINT('Ctrl Pts',(-11.9180977936,14.9999999993075,-12.2625015802596));
#3153=CARTESIAN_POINT('Ctrl Pts',(-12.000369562228,14.8026555689996,-12.4577363582999));
#3154=CARTESIAN_POINT('Ctrl Pts',(-12.0845658166688,14.5999999999435,-12.6575380317254));
#3155=CARTESIAN_POINT('',(-12.0845658166454,0.434314575050764,-12.6575380316698));
#3156=CARTESIAN_POINT('',(-12.0845658166454,0.,-12.6575380316698));
#3157=CARTESIAN_POINT('Ctrl Pts',(-12.0845658166415,0.434314575041353,-12.6575380316605));
#3158=CARTESIAN_POINT('Ctrl Pts',(-11.9930422170889,0.214022505369613,-12.4403482235154));
#3159=CARTESIAN_POINT('Ctrl Pts',(-11.9037900480075,1.81611113540622E-11,
-12.2285486267546));
#3160=CARTESIAN_POINT('Origin',(-11.6672636860872,15.4,-11.66726044078));
#3161=CARTESIAN_POINT('',(-12.6575395954273,0.434314575050762,-12.0845641787443));
#3162=CARTESIAN_POINT('Ctrl Pts',(-12.2285509048026,1.83469171855308E-11,
-11.9037877078097));
#3163=CARTESIAN_POINT('Ctrl Pts',(-12.4403501489058,0.214022510561736,-11.9930402236274));
#3164=CARTESIAN_POINT('Ctrl Pts',(-12.6575395954181,0.434314575041461,-12.0845641787404));
#3165=CARTESIAN_POINT('',(-12.6575395954272,14.6,-12.0845641787443));
#3166=CARTESIAN_POINT('',(-12.6575395954273,0.,-12.0845641787443));
#3167=CARTESIAN_POINT('',(-12.2625038003322,15.,-11.9180955083788));
#3168=CARTESIAN_POINT('Ctrl Pts',(-12.6575395954832,14.5999999999433,-12.0845641787679));
#3169=CARTESIAN_POINT('Ctrl Pts',(-12.4577382540047,14.8026555649669,-12.0003675969235));
#3170=CARTESIAN_POINT('Ctrl Pts',(-12.2625038003322,15.,-11.9180955083788));
#3171=CARTESIAN_POINT('',(-4.62575666937339,15.,-8.69995893292579));
#3172=CARTESIAN_POINT('Origin',(-18.4823920992641,15.4,-0.806958666258719));
#3173=CARTESIAN_POINT('',(-16.5000002458689,15.,2.29477896240837E-6));
#3174=CARTESIAN_POINT('',(-16.5000002458689,15.4,2.29477896240837E-6));
#3175=CARTESIAN_POINT('',(-17.0982657904111,14.9999999993077,-0.243530253013089));
#3176=CARTESIAN_POINT('',(-10.4139120379349,15.,2.47743155823318));
#3177=CARTESIAN_POINT('',(-17.4953094119654,14.6,-0.405152538675027));
#3178=CARTESIAN_POINT('Ctrl Pts',(-17.0982657904111,14.9999999993077,-0.243530253013089));
#3179=CARTESIAN_POINT('Ctrl Pts',(-17.2944925513841,14.8026555689997,-0.323407162991729));
#3180=CARTESIAN_POINT('Ctrl Pts',(-17.4953094120214,14.5999999999435,-0.405152538697817));
#3181=CARTESIAN_POINT('',(-17.4953094119654,0.434314575050762,-0.405152538675028));
#3182=CARTESIAN_POINT('',(-17.4953094119654,0.,-0.405152538675027));
#3183=CARTESIAN_POINT('Ctrl Pts',(-17.4953094119561,0.434314575041346,-0.405152538671229));
#3184=CARTESIAN_POINT('Ctrl Pts',(-17.2770160679299,0.214022505369609,-0.316293110409465));
#3185=CARTESIAN_POINT('Ctrl Pts',(-17.0641403228147,1.81601959754659E-11,
-0.229638993280405));
#3186=CARTESIAN_POINT('Origin',(-16.5000002458689,15.4,2.29477896240837E-6));
#3187=CARTESIAN_POINT('',(-17.495309359538,0.434314575050763,0.405154802589975));
#3188=CARTESIAN_POINT('Ctrl Pts',(-17.0641402788678,1.80045658894476E-11,
0.229642258873662));
#3189=CARTESIAN_POINT('Ctrl Pts',(-17.277016019796,0.214022510561416,0.316295881456528));
#3190=CARTESIAN_POINT('Ctrl Pts',(-17.4953093595285,0.434314575041163,0.405154802586103));
#3191=CARTESIAN_POINT('',(-17.495309359538,14.6,0.405154802589974));
#3192=CARTESIAN_POINT('',(-17.495309359538,0.,0.405154802589974));
#3193=CARTESIAN_POINT('',(-17.0982657443442,15.,0.243533438737394));
#3194=CARTESIAN_POINT('Ctrl Pts',(-17.4953093595942,14.5999999999433,0.405154802612834));
#3195=CARTESIAN_POINT('Ctrl Pts',(-17.2944925021697,14.8026555649669,0.323409893138131));
#3196=CARTESIAN_POINT('Ctrl Pts',(-17.0982657443442,15.,0.243533438737394));
#3197=CARTESIAN_POINT('',(-9.42270386654904,15.,-2.88089604848324));
#3198=CARTESIAN_POINT('Origin',(12.49841884089,15.4,13.6396307309873));
#3199=CARTESIAN_POINT('',(11.6672636860878,15.,11.66726044078));
#3200=CARTESIAN_POINT('',(11.6672636860878,15.4,11.66726044078));
#3201=CARTESIAN_POINT('',(11.9180977936003,14.9999999993078,12.262501580259));
#3202=CARTESIAN_POINT('',(9.11555647545658,15.,5.61193916595176));
#3203=CARTESIAN_POINT('',(12.0845658166458,14.6,12.6575380316694));
#3204=CARTESIAN_POINT('Ctrl Pts',(11.9180977936003,14.9999999993078,12.262501580259));
#3205=CARTESIAN_POINT('Ctrl Pts',(12.0003695622285,14.8026555689995,12.4577363582996));
#3206=CARTESIAN_POINT('Ctrl Pts',(12.0845658166695,14.599999999943,12.6575380317256));
#3207=CARTESIAN_POINT('',(12.0845658166458,0.434314575050763,12.6575380316694));
#3208=CARTESIAN_POINT('',(12.0845658166458,0.,12.6575380316694));
#3209=CARTESIAN_POINT('Ctrl Pts',(12.0845658166419,0.434314575041349,12.6575380316601));
#3210=CARTESIAN_POINT('Ctrl Pts',(11.9930422170893,0.214022505369607,12.440348223515));
#3211=CARTESIAN_POINT('Ctrl Pts',(11.9037900480079,1.81565344610801E-11,
12.2285486267542));
#3212=CARTESIAN_POINT('Origin',(11.6672636860878,15.4,11.66726044078));
#3213=CARTESIAN_POINT('',(12.6575395954275,0.434314575050759,12.0845641787441));
#3214=CARTESIAN_POINT('Ctrl Pts',(12.2285509048028,1.83276942517935E-11,
11.9037877078095));
#3215=CARTESIAN_POINT('Ctrl Pts',(12.4403501489058,0.21402251056163,11.9930402236272));
#3216=CARTESIAN_POINT('Ctrl Pts',(12.6575395954181,0.434314575041262,12.0845641787402));
#3217=CARTESIAN_POINT('',(12.6575395954275,14.6,12.0845641787441));
#3218=CARTESIAN_POINT('',(12.6575395954275,0.,12.0845641787441));
#3219=CARTESIAN_POINT('',(12.2625038003324,15.,11.9180955083786));
#3220=CARTESIAN_POINT('Ctrl Pts',(12.6575395954834,14.5999999999433,12.0845641787677));
#3221=CARTESIAN_POINT('Ctrl Pts',(12.457738254005,14.8026555649669,12.0003675969234));
#3222=CARTESIAN_POINT('Ctrl Pts',(12.2625038003324,15.,11.9180955083786));
#3223=CARTESIAN_POINT('',(4.62575666937373,15.,8.69995893292569));
#3224=CARTESIAN_POINT('Origin',(18.4823920992647,15.4,0.806958666258719));
#3225=CARTESIAN_POINT('',(16.5000002458695,15.,-2.29477896240837E-6));
#3226=CARTESIAN_POINT('',(16.5000002458695,15.4,-2.29477896240837E-6));
#3227=CARTESIAN_POINT('',(17.0982657904116,14.9999999993073,0.243530253013066));
#3228=CARTESIAN_POINT('',(10.4139120379352,15.,-2.47743155823328));
#3229=CARTESIAN_POINT('',(17.4953094119655,14.6,0.40515253867479));
#3230=CARTESIAN_POINT('Ctrl Pts',(17.0982657904116,14.9999999993073,0.243530253013066));
#3231=CARTESIAN_POINT('Ctrl Pts',(17.2944925513845,14.8026555689994,0.32340716299166));
#3232=CARTESIAN_POINT('Ctrl Pts',(17.4953094120217,14.5999999999433,0.4051525386977));
#3233=CARTESIAN_POINT('',(17.4953094119654,0.434314575050761,0.40515253867479));
#3234=CARTESIAN_POINT('',(17.4953094119654,0.,0.40515253867479));
#3235=CARTESIAN_POINT('Ctrl Pts',(17.4953094119561,0.43431457504135,0.405152538670986));
#3236=CARTESIAN_POINT('Ctrl Pts',(17.2770160679299,0.214022505369614,0.316293110409222));
#3237=CARTESIAN_POINT('Ctrl Pts',(17.0641403228147,1.81675190042378E-11,
0.229638993280162));
#3238=CARTESIAN_POINT('Origin',(16.5000002458694,15.4,-2.29477896240837E-6));
#3239=CARTESIAN_POINT('',(17.495309359538,0.434314575050763,-0.405154802589739));
#3240=CARTESIAN_POINT('Ctrl Pts',(17.0641402788677,1.79212665099194E-11,
-0.229642258873386));
#3241=CARTESIAN_POINT('Ctrl Pts',(17.277016019796,0.214022510561446,-0.316295881456297));
#3242=CARTESIAN_POINT('Ctrl Pts',(17.4953093595286,0.434314575041311,-0.405154802585921));
#3243=CARTESIAN_POINT('',(17.4953093595381,14.6,-0.405154802589739));
#3244=CARTESIAN_POINT('',(17.495309359538,0.,-0.405154802589739));
#3245=CARTESIAN_POINT('',(17.0982657443443,15.,-0.243533438737194));
#3246=CARTESIAN_POINT('Ctrl Pts',(17.4953093595943,14.5999999999433,-0.405154802612631));
#3247=CARTESIAN_POINT('Ctrl Pts',(17.2944925021698,14.8026555649669,-0.32340989313793));
#3248=CARTESIAN_POINT('Ctrl Pts',(17.0982657443443,15.,-0.243533438737193));
#3249=CARTESIAN_POINT('',(9.42270386654937,15.,2.88089604848335));
#3250=CARTESIAN_POINT('Origin',(13.6396307309876,15.4,-12.4984188408897));
#3251=CARTESIAN_POINT('',(11.6672604407803,15.,-11.6672636860875));
#3252=CARTESIAN_POINT('',(11.6672604407803,15.4,-11.6672636860875));
#3253=CARTESIAN_POINT('',(12.2625015802589,14.9999999993082,-11.9180977935999));
#3254=CARTESIAN_POINT('',(5.611939165952,15.,-9.11555647545633));
#3255=CARTESIAN_POINT('',(12.6575380316697,14.6,-12.0845658166455));
#3256=CARTESIAN_POINT('Ctrl Pts',(12.2625015802589,14.9999999993082,-11.9180977935999));
#3257=CARTESIAN_POINT('Ctrl Pts',(12.4577363582996,14.8026555689998,-12.0003695622281));
#3258=CARTESIAN_POINT('Ctrl Pts',(12.6575380317256,14.5999999999433,-12.0845658166691));
#3259=CARTESIAN_POINT('',(12.6575380316696,0.434314575050762,-12.0845658166455));
#3260=CARTESIAN_POINT('',(12.6575380316696,0.,-12.0845658166455));
#3261=CARTESIAN_POINT('Ctrl Pts',(12.6575380316603,0.43431457504135,-12.0845658166416));
#3262=CARTESIAN_POINT('Ctrl Pts',(12.4403482235153,0.214022505369615,-11.9930422170891));
#3263=CARTESIAN_POINT('Ctrl Pts',(12.2285486267545,1.81638574898518E-11,
-11.9037900480076));
#3264=CARTESIAN_POINT('Origin',(11.6672604407803,15.4,-11.6672636860875));
#3265=CARTESIAN_POINT('',(12.0845641787444,0.434314575050762,-12.6575395954272));
#3266=CARTESIAN_POINT('Ctrl Pts',(11.9037877078097,1.79459817104388E-11,
-12.2285509048021));
#3267=CARTESIAN_POINT('Ctrl Pts',(11.9930402236274,0.21402251056146,-12.4403501489054));
#3268=CARTESIAN_POINT('Ctrl Pts',(12.0845641787405,0.434314575041312,-12.6575395954178));
#3269=CARTESIAN_POINT('',(12.0845641787445,14.6,-12.6575395954272));
#3270=CARTESIAN_POINT('',(12.0845641787445,0.,-12.6575395954272));
#3271=CARTESIAN_POINT('',(11.9180955083789,15.,-12.2625038003321));
#3272=CARTESIAN_POINT('Ctrl Pts',(12.084564178768,14.5999999999433,-12.6575395954831));
#3273=CARTESIAN_POINT('Ctrl Pts',(12.0003675969237,14.8026555649669,-12.4577382540047));
#3274=CARTESIAN_POINT('Ctrl Pts',(11.9180955083789,15.,-12.2625038003321));
#3275=CARTESIAN_POINT('',(8.69995893292589,15.,-4.62575666937353));
#3276=CARTESIAN_POINT('Origin',(0.806958666259021,15.4,-18.4823920992644));
#3277=CARTESIAN_POINT('',(-2.29477866042771E-6,15.,-16.5000002458692));
#3278=CARTESIAN_POINT('',(-2.29477866042771E-6,15.4,-16.5000002458692));
#3279=CARTESIAN_POINT('',(0.243530253013016,14.9999999993084,-17.0982657904105));
#3280=CARTESIAN_POINT('',(-2.47743155823295,15.,-10.413912037935));
#3281=CARTESIAN_POINT('',(0.405152538675257,14.6,-17.4953094119654));
#3282=CARTESIAN_POINT('Ctrl Pts',(0.243530253013016,14.9999999993084,-17.0982657904105));
#3283=CARTESIAN_POINT('Ctrl Pts',(0.323407162991676,14.8026555690003,-17.2944925513835));
#3284=CARTESIAN_POINT('Ctrl Pts',(0.405152538697786,14.599999999944,-17.4953094120209));
#3285=CARTESIAN_POINT('',(0.405152538675204,0.434314575050761,-17.4953094119654));
#3286=CARTESIAN_POINT('',(0.405152538675204,0.,-17.4953094119654));
#3287=CARTESIAN_POINT('Ctrl Pts',(0.4051525386714,0.434314575041344,-17.4953094119561));
#3288=CARTESIAN_POINT('Ctrl Pts',(0.316293110409635,0.214022505369606,-17.2770160679299));
#3289=CARTESIAN_POINT('Ctrl Pts',(0.229638993280575,1.81592805968693E-11,
-17.0641403228147));
#3290=CARTESIAN_POINT('Origin',(-2.29477866042771E-6,15.4,-16.5000002458692));
#3291=CARTESIAN_POINT('',(-0.405154802589554,0.434314575050765,-17.495309359538));
#3292=CARTESIAN_POINT('Ctrl Pts',(-0.229642258873286,1.81199034918715E-11,
-17.0641402788679));
#3293=CARTESIAN_POINT('Ctrl Pts',(-0.316295881456173,0.214022510561585,
-17.2770160197961));
#3294=CARTESIAN_POINT('Ctrl Pts',(-0.405154802585772,0.434314575041389,
-17.4953093595287));
#3295=CARTESIAN_POINT('',(-0.405154802589501,14.6,-17.495309359538));
#3296=CARTESIAN_POINT('',(-0.405154802589555,0.,-17.495309359538));
#3297=CARTESIAN_POINT('',(-0.243533438736988,15.,-17.0982657443443));
#3298=CARTESIAN_POINT('Ctrl Pts',(-0.405154802612424,14.5999999999433,-17.4953093595942));
#3299=CARTESIAN_POINT('Ctrl Pts',(-0.323409893137724,14.8026555649669,-17.2944925021698));
#3300=CARTESIAN_POINT('Ctrl Pts',(-0.243533438736987,15.,-17.0982657443443));
#3301=CARTESIAN_POINT('',(2.88089604848357,15.,-9.42270386654926));
#3302=CARTESIAN_POINT('Origin',(-11.6672604407797,15.4,11.6672636860875));
#3303=CARTESIAN_POINT('',(-12.084564178744,0.434314575050765,12.6575395954276));
#3304=CARTESIAN_POINT('Ctrl Pts',(-11.9037877078093,1.80613193128624E-11,
12.2285509048027));
#3305=CARTESIAN_POINT('Ctrl Pts',(-11.993040223627,0.214022510561638,12.440350148906));
#3306=CARTESIAN_POINT('Ctrl Pts',(-12.0845641787402,0.434314575041557,12.6575395954185));
#3307=CARTESIAN_POINT('',(-12.084564178744,14.6,12.6575395954276));
#3308=CARTESIAN_POINT('',(-12.084564178744,0.,12.6575395954276));
#3309=CARTESIAN_POINT('',(-11.9180955083784,15.,12.2625038003325));
#3310=CARTESIAN_POINT('Ctrl Pts',(-12.0845641787676,14.5999999999433,12.6575395954835));
#3311=CARTESIAN_POINT('Ctrl Pts',(-12.0003675969232,14.8026555649669,12.4577382540051));
#3312=CARTESIAN_POINT('Ctrl Pts',(-11.9180955083784,15.,12.2625038003325));
#3313=CARTESIAN_POINT('',(-11.6672604407797,15.,11.6672636860875));
#3314=CARTESIAN_POINT('',(-8.69995893292545,15.,4.62575666937363));
#3315=CARTESIAN_POINT('',(-11.6672604407797,15.4,11.6672636860875));
#3316=CARTESIAN_POINT('Origin',(0.,15.,0.));
#3317=CARTESIAN_POINT('Origin',(5.32907051820076E-14,15.,0.));
#3318=CARTESIAN_POINT('Origin',(5.32907051820076E-14,15.,0.));
#3319=CARTESIAN_POINT('Origin',(5.32907051820076E-14,15.,0.));
#3320=CARTESIAN_POINT('Origin',(5.32907051820076E-14,15.,0.));
#3321=CARTESIAN_POINT('Origin',(5.32907051820076E-14,15.,0.));
#3322=CARTESIAN_POINT('Origin',(5.32907051820076E-14,15.,0.));
#3323=CARTESIAN_POINT('',(-12.2625015802589,14.999999999308,11.9180977936001));
#3324=CARTESIAN_POINT('Origin',(5.32907051820076E-14,15.,0.));
#3325=CARTESIAN_POINT('',(-5.61193916595163,15.,9.11555647545639));
#3326=CARTESIAN_POINT('Origin',(5.32907051820076E-14,15.,0.));
#3327=CARTESIAN_POINT('',(6.0000000000003,15.,7.34788079488412E-16));
#3328=CARTESIAN_POINT('Origin',(3.01980662698043E-13,15.,0.));
#3329=CARTESIAN_POINT('Origin',(6.03961325396085E-13,15.,0.));
#3330=CARTESIAN_POINT('Origin',(6.03961325396085E-13,15.,0.));
#3331=CARTESIAN_POINT('Origin',(6.03961325396085E-13,15.,0.));
#3332=CARTESIAN_POINT('Origin',(6.03961325396085E-13,15.,0.));
#3333=CARTESIAN_POINT('Origin',(6.03961325396085E-13,15.,0.));
#3334=CARTESIAN_POINT('Origin',(6.03961325396085E-13,15.,0.));
#3335=CARTESIAN_POINT('Origin',(6.03961325396085E-13,15.,0.));
#3336=CARTESIAN_POINT('Origin',(6.03961325396085E-13,15.,0.));
#3337=CARTESIAN_POINT('Origin',(6.03961325396085E-13,15.,0.));
#3338=CARTESIAN_POINT('Origin',(6.03961325396085E-13,15.,0.));
#3339=CARTESIAN_POINT('Origin',(-13.639630730987,15.4,12.4984188408897));
#3340=CARTESIAN_POINT('',(-12.6575380316694,14.6,12.0845658166457));
#3341=CARTESIAN_POINT('Ctrl Pts',(-12.2625015802589,14.999999999308,11.9180977936001));
#3342=CARTESIAN_POINT('Ctrl Pts',(-12.4577363582994,14.8026555689998,12.0003695622283));
#3343=CARTESIAN_POINT('Ctrl Pts',(-12.6575380317252,14.5999999999435,12.0845658166692));
#3344=CARTESIAN_POINT('',(-12.6575380316694,0.434314575050762,12.0845658166457));
#3345=CARTESIAN_POINT('',(-12.6575380316694,0.,12.0845658166457));
#3346=CARTESIAN_POINT('Ctrl Pts',(-12.6575380316602,0.434314575041359,12.0845658166418));
#3347=CARTESIAN_POINT('Ctrl Pts',(-12.4403482235151,0.21402250536962,11.9930422170892));
#3348=CARTESIAN_POINT('Ctrl Pts',(-12.2285486267543,1.81702651400272E-11,
11.9037900480078));
#3349=CARTESIAN_POINT('Origin',(6.03961325396085E-13,15.,0.));
#3350=CARTESIAN_POINT('Origin',(6.03961325396085E-13,1.49999999999998,0.));
#3351=CARTESIAN_POINT('Origin',(6.03961325396085E-13,15.,0.));
#3352=CARTESIAN_POINT('Origin',(6.03961325396085E-13,1.49999999999998,0.));
#3353=CARTESIAN_POINT('Origin',(6.03961325396085E-13,15.,0.));
#3354=CARTESIAN_POINT('Origin',(6.03961325396085E-13,1.49999999999998,0.));
#3355=CARTESIAN_POINT('Origin',(6.03961325396085E-13,15.,0.));
#3356=CARTESIAN_POINT('Origin',(6.03961325396085E-13,1.49999999999998,0.));
#3357=CARTESIAN_POINT('Origin',(6.03961325396085E-13,15.,0.));
#3358=CARTESIAN_POINT('Origin',(6.03961325396085E-13,1.49999999999998,0.));
#3359=CARTESIAN_POINT('Origin',(6.03961325396085E-13,15.,0.));
#3360=CARTESIAN_POINT('Origin',(6.03961325396085E-13,1.49999999999998,0.));
#3361=CARTESIAN_POINT('Origin',(6.03961325396085E-13,15.,0.));
#3362=CARTESIAN_POINT('Origin',(6.03961325396085E-13,1.49999999999998,0.));
#3363=CARTESIAN_POINT('Origin',(6.03961325396085E-13,15.,0.));
#3364=CARTESIAN_POINT('Origin',(6.03961325396085E-13,1.49999999999998,0.));
#3365=CARTESIAN_POINT('Origin',(6.03961325396085E-13,15.,0.));
#3366=CARTESIAN_POINT('Origin',(6.03961325396085E-13,1.49999999999998,0.));
#3367=CARTESIAN_POINT('Origin',(6.03961325396085E-13,15.,0.));
#3368=CARTESIAN_POINT('Origin',(6.03961325396085E-13,1.49999999999998,0.));
#3369=CARTESIAN_POINT('Origin',(3.01980662698043E-13,0.999999999999973,
0.));
#3370=CARTESIAN_POINT('',(8.00000000000031,0.999999999999973,-3.20016348856819E-15));
#3371=CARTESIAN_POINT('Origin',(3.01980662698043E-13,0.999999999999973,
0.));
#3372=CARTESIAN_POINT('Origin',(3.01980662698043E-13,0.999999999999973,
0.));
#3373=CARTESIAN_POINT('Origin',(3.01980662698043E-13,0.999999999999973,
0.));
#3374=CARTESIAN_POINT('Origin',(3.01980662698043E-13,0.999999999999973,
0.));
#3375=CARTESIAN_POINT('Origin',(3.01980662698043E-13,0.999999999999973,
0.));
#3376=CARTESIAN_POINT('Origin',(3.01980662698043E-13,0.999999999999973,
0.));
#3377=CARTESIAN_POINT('Origin',(3.01980662698043E-13,0.999999999999973,
0.));
#3378=CARTESIAN_POINT('Origin',(3.01980662698043E-13,0.999999999999973,
0.));
#3379=CARTESIAN_POINT('Origin',(3.01980662698043E-13,0.999999999999973,
0.));
#3380=CARTESIAN_POINT('Origin',(3.01980662698043E-13,0.999999999999973,
0.));
#3381=CARTESIAN_POINT('Origin',(3.01980662698043E-13,0.999999999999973,
0.));
#3382=CARTESIAN_POINT('Origin',(3.01980662698043E-13,0.999999999999973,
0.));
#3383=CARTESIAN_POINT('Origin',(3.01980662698043E-13,0.999999999999973,
0.));
#3384=CARTESIAN_POINT('Origin',(3.01980662698043E-13,0.999999999999973,
0.));
#3385=CARTESIAN_POINT('Origin',(3.01980662698043E-13,0.999999999999973,
0.));
#3386=CARTESIAN_POINT('Origin',(3.01980662698043E-13,0.999999999999973,
0.));
#3387=CARTESIAN_POINT('Origin',(3.01980662698043E-13,0.999999999999973,
0.));
#3388=CARTESIAN_POINT('Origin',(3.01980662698043E-13,0.999999999999973,
0.));
#3389=CARTESIAN_POINT('Origin',(3.01980662698043E-13,0.999999999999973,
0.));
#3390=CARTESIAN_POINT('Origin',(3.01980662698043E-13,0.999999999999973,
0.));
#3391=CARTESIAN_POINT('Origin',(5.32907051820076E-14,15.1,0.));
#3392=CARTESIAN_POINT('Origin',(5.32907051820076E-14,14.6,0.));
#3393=CARTESIAN_POINT('Origin',(5.32907051820076E-14,15.1,0.));
#3394=CARTESIAN_POINT('Origin',(5.32907051820076E-14,14.6,0.));
#3395=CARTESIAN_POINT('Origin',(5.32907051820076E-14,15.1,0.));
#3396=CARTESIAN_POINT('Origin',(5.32907051820076E-14,14.6,0.));
#3397=CARTESIAN_POINT('Origin',(5.32907051820076E-14,15.1,0.));
#3398=CARTESIAN_POINT('Origin',(5.32907051820076E-14,14.6,0.));
#3399=CARTESIAN_POINT('Origin',(5.32907051820076E-14,15.1,0.));
#3400=CARTESIAN_POINT('Origin',(5.32907051820076E-14,14.6,0.));
#3401=CARTESIAN_POINT('Origin',(5.32907051820076E-14,15.1,0.));
#3402=CARTESIAN_POINT('Origin',(5.32907051820076E-14,14.6,0.));
#3403=CARTESIAN_POINT('Origin',(5.32907051820076E-14,15.1,0.));
#3404=CARTESIAN_POINT('Origin',(5.32907051820076E-14,14.6,0.));
#3405=CARTESIAN_POINT('Origin',(5.32907051820076E-14,15.1,0.));
#3406=CARTESIAN_POINT('Origin',(5.32907051820076E-14,14.6,0.));
#3407=CARTESIAN_POINT('Origin',(0.,0.217157287525381,0.));
#3408=CARTESIAN_POINT('Origin',(0.,0.434314575050763,0.));
#3409=CARTESIAN_POINT('Origin',(0.,0.217157287525381,0.));
#3410=CARTESIAN_POINT('Origin',(0.,0.434314575050763,0.));
#3411=CARTESIAN_POINT('Origin',(0.,0.217157287525381,0.));
#3412=CARTESIAN_POINT('Origin',(0.,0.434314575050763,0.));
#3413=CARTESIAN_POINT('Origin',(0.,0.217157287525381,0.));
#3414=CARTESIAN_POINT('Origin',(0.,0.434314575050763,0.));
#3415=CARTESIAN_POINT('Origin',(0.,0.217157287525381,0.));
#3416=CARTESIAN_POINT('Origin',(0.,0.434314575050763,0.));
#3417=CARTESIAN_POINT('Origin',(0.,0.217157287525381,0.));
#3418=CARTESIAN_POINT('Origin',(0.,0.434314575050763,0.));
#3419=CARTESIAN_POINT('Origin',(0.,0.217157287525381,0.));
#3420=CARTESIAN_POINT('Origin',(0.,0.434314575050763,0.));
#3421=CARTESIAN_POINT('Origin',(0.,0.,0.));
#3422=CARTESIAN_POINT('Origin',(0.,0.,0.));
#3423=CARTESIAN_POINT('Origin',(0.,0.,0.));
#3424=CARTESIAN_POINT('Origin',(0.,0.,0.));
#3425=CARTESIAN_POINT('Origin',(0.,0.,0.));
#3426=CARTESIAN_POINT('Origin',(0.,0.,0.));
#3427=CARTESIAN_POINT('Origin',(0.,0.,0.));
#3428=CARTESIAN_POINT('Origin',(0.,0.217157287525381,0.));
#3429=CARTESIAN_POINT('Origin',(0.,0.434314575050763,0.));
#3430=CARTESIAN_POINT('Origin',(0.,0.,0.));
#3431=CARTESIAN_POINT('Origin',(3.01980662698043E-13,9.99999999999999,0.));
#3432=CARTESIAN_POINT('',(6.0000000000003,9.99999999999999,-7.34788079488412E-16));
#3433=CARTESIAN_POINT('Origin',(3.01980662698043E-13,9.99999999999999,0.));
#3434=CARTESIAN_POINT('',(6.0000000000003,9.99999999999999,-7.34788079488412E-16));
#3435=CARTESIAN_POINT('Origin',(3.01980662698043E-13,9.99999999999999,0.));
#3436=CARTESIAN_POINT('',(-2.68328157299998,9.99999999999999,-3.09999999999993));
#3437=CARTESIAN_POINT('',(-2.68328157299998,9.99999999999999,3.09999999999993));
#3438=CARTESIAN_POINT('Origin',(0.,9.99999999999999,0.));
#3439=CARTESIAN_POINT('',(2.68328157299998,9.99999999999999,-3.09999999999993));
#3440=CARTESIAN_POINT('',(-1.32287565553215,9.99999999999999,-3.1));
#3441=CARTESIAN_POINT('',(2.68328157299998,9.99999999999999,3.09999999999993));
#3442=CARTESIAN_POINT('Origin',(0.,9.99999999999999,0.));
#3443=CARTESIAN_POINT('',(1.32287565553245,9.99999999999999,3.1));
#3444=CARTESIAN_POINT('Origin',(3.01980662698043E-13,-1.,-2.22044604925031E-15));
#3445=CARTESIAN_POINT('',(5.0000000000003,-2.00000000000003,-1.66533453693773E-15));
#3446=CARTESIAN_POINT('',(6.0000000000003,-1.,-2.95523412873872E-15));
#3447=CARTESIAN_POINT('Origin',(3.01980662698043E-13,-2.00000000000003,
-2.22044604925031E-15));
#3448=CARTESIAN_POINT('Origin',(3.01980662698043E-13,-2.00000000000003,
-2.22044604925031E-15));
#3449=CARTESIAN_POINT('',(2.68328157299998,-2.00000000000003,3.09999999999993));
#3450=CARTESIAN_POINT('',(2.68328157299998,-2.00000000000003,-3.09999999999993));
#3451=CARTESIAN_POINT('Origin',(0.,-2.00000000000003,0.));
#3452=CARTESIAN_POINT('',(-2.68328157299998,-2.00000000000003,-3.09999999999993));
#3453=CARTESIAN_POINT('',(-1.32287565553215,-2.00000000000003,-3.1));
#3454=CARTESIAN_POINT('',(-2.68328157299998,-2.00000000000003,3.09999999999993));
#3455=CARTESIAN_POINT('Origin',(0.,-2.00000000000003,0.));
#3456=CARTESIAN_POINT('',(1.32287565553245,-2.00000000000003,3.1));
#3457=CARTESIAN_POINT('Origin',(0.,15.,0.));
#3458=CARTESIAN_POINT('',(-2.68328157299975,15.,3.1));
#3459=CARTESIAN_POINT('',(-2.68328157299975,15.,-3.1));
#3460=CARTESIAN_POINT('Origin',(2.6457513110646,15.,3.1));
#3461=CARTESIAN_POINT('',(2.68328157299975,15.,3.1));
#3462=CARTESIAN_POINT('Origin',(0.,15.,0.));
#3463=CARTESIAN_POINT('',(2.68328157299975,15.,-3.1));
#3464=CARTESIAN_POINT('Origin',(-2.6457513110646,15.,-3.1));
#3465=UNCERTAINTY_MEASURE_WITH_UNIT(LENGTH_MEASURE(0.01),#3469,
'DISTANCE_ACCURACY_VALUE',
'Maximum model space distance between geometric entities at asserted c
onnectivities');
#3466=UNCERTAINTY_MEASURE_WITH_UNIT(LENGTH_MEASURE(0.01),#3469,
'DISTANCE_ACCURACY_VALUE',
'Maximum model space distance between geometric entities at asserted c
onnectivities');
#3467=(
GEOMETRIC_REPRESENTATION_CONTEXT(3)
GLOBAL_UNCERTAINTY_ASSIGNED_CONTEXT((#3465))
GLOBAL_UNIT_ASSIGNED_CONTEXT((#3469,#3471,#3472))
REPRESENTATION_CONTEXT('','3D')
);
#3468=(
GEOMETRIC_REPRESENTATION_CONTEXT(3)
GLOBAL_UNCERTAINTY_ASSIGNED_CONTEXT((#3466))
GLOBAL_UNIT_ASSIGNED_CONTEXT((#3469,#3471,#3472))
REPRESENTATION_CONTEXT('','3D')
);
#3469=(
LENGTH_UNIT()
NAMED_UNIT(*)
SI_UNIT(.MILLI.,.METRE.)
);
#3470=(
LENGTH_UNIT()
NAMED_UNIT(*)
SI_UNIT($,.METRE.)
);
#3471=(
NAMED_UNIT(*)
PLANE_ANGLE_UNIT()
SI_UNIT($,.RADIAN.)
);
#3472=(
NAMED_UNIT(*)
SI_UNIT($,.STERADIAN.)
SOLID_ANGLE_UNIT()
);
#3473=SHAPE_DEFINITION_REPRESENTATION(#3474,#3475);
#3474=PRODUCT_DEFINITION_SHAPE('',$,#3477);
#3475=SHAPE_REPRESENTATION('',(#2005),#3467);
#3476=PRODUCT_DEFINITION_CONTEXT('part definition',#3481,'design');
#3477=PRODUCT_DEFINITION('Rear rim','Rear rim',#3478,#3476);
#3478=PRODUCT_DEFINITION_FORMATION('',$,#3483);
#3479=PRODUCT_RELATED_PRODUCT_CATEGORY('Rear rim','Rear rim',(#3483));
#3480=APPLICATION_PROTOCOL_DEFINITION('international standard',
'automotive_design',2009,#3481);
#3481=APPLICATION_CONTEXT(
'Core Data for Automotive Mechanical Design Process');
#3482=PRODUCT_CONTEXT('part definition',#3481,'mechanical');
#3483=PRODUCT('Rear rim','Rear rim',$,(#3482));
#3484=PRESENTATION_STYLE_ASSIGNMENT((#3486));
#3485=PRESENTATION_STYLE_ASSIGNMENT((#3487));
#3486=SURFACE_STYLE_USAGE(.BOTH.,#3488);
#3487=SURFACE_STYLE_USAGE(.BOTH.,#3489);
#3488=SURFACE_SIDE_STYLE('',(#3490));
#3489=SURFACE_SIDE_STYLE('',(#3491));
#3490=SURFACE_STYLE_FILL_AREA(#3492);
#3491=SURFACE_STYLE_FILL_AREA(#3493);
#3492=FILL_AREA_STYLE('Stahl - satiniert',(#3494));
#3493=FILL_AREA_STYLE('Opaque(179,179,179)',(#3495));
#3494=FILL_AREA_STYLE_COLOUR('Stahl - satiniert',#3496);
#3495=FILL_AREA_STYLE_COLOUR('Opaque(179,179,179)',#3497);
#3496=COLOUR_RGB('Stahl - satiniert',0.627450980392157,0.627450980392157,
0.627450980392157);
#3497=COLOUR_RGB('Opaque(179,179,179)',0.701960784313725,0.701960784313725,
0.701960784313725);
ENDSEC;
END-ISO-10303-21;
