ISO-10303-21;
HEADER;
/* Generated by software containing ST-Developer
 * from STEP Tools, Inc. (www.steptools.com) 
 */

FILE_DESCRIPTION(
/* description */ (''),
/* implementation_level */ '2;1');

FILE_NAME(
/* name */ 'Right front wheel mount.step',
/* time_stamp */ '2026-04-11T13:44:38+02:00',
/* author */ (''),
/* organization */ (''),
/* preprocessor_version */ 'ST-DEVELOPER v20.1',
/* originating_system */ 'Autodesk Translation Framework v14.24.0.0',
/* authorisation */ '');

FILE_SCHEMA (('AUTOMOTIVE_DESIGN { 1 0 10303 214 3 1 1 }'));
ENDSEC;

DATA;
#10=MECHANICAL_DESIGN_GEOMETRIC_PRESENTATION_REPRESENTATION('',(#13),#1794);
#11=SHAPE_REPRESENTATION_RELATIONSHIP('SRR','None',#1801,#12);
#12=ADVANCED_BREP_SHAPE_REPRESENTATION('',(#14),#1793);
#13=STYLED_ITEM('',(#1810),#14);
#14=MANIFOLD_SOLID_BREP('Right front wheel mount',#1061);
#15=ELLIPSE('',#1152,2.26274169979897,1.60000000000143);
#16=ELLIPSE('',#1153,2.26274169979897,1.60000000000143);
#17=(
BOUNDED_CURVE()
B_SPLINE_CURVE(2,(#1567,#1568,#1569),.UNSPECIFIED.,.F.,.F.)
B_SPLINE_CURVE_WITH_KNOTS((3,3),(0.785777566166507,0.877202462300124),
 .UNSPECIFIED.)
CURVE()
GEOMETRIC_REPRESENTATION_ITEM()
RATIONAL_B_SPLINE_CURVE((2.03448275862111,2.05902884175448,2.07528275064873))
REPRESENTATION_ITEM('')
);
#18=(
BOUNDED_CURVE()
B_SPLINE_CURVE(2,(#1573,#1574,#1575),.UNSPECIFIED.,.F.,.F.)
B_SPLINE_CURVE_WITH_KNOTS((3,3),(0.404442878241755,0.77538761805719),
 .UNSPECIFIED.)
CURVE()
GEOMETRIC_REPRESENTATION_ITEM()
RATIONAL_B_SPLINE_CURVE((1.48275862068868,1.5886699507352,1.48275862068869))
REPRESENTATION_ITEM('')
);
#19=(
BOUNDED_CURVE()
B_SPLINE_CURVE(2,(#1579,#1580,#1581),.UNSPECIFIED.,.F.,.F.)
B_SPLINE_CURVE_WITH_KNOTS((3,3),(0.40444287824312,0.775387618055107),
 .UNSPECIFIED.)
CURVE()
GEOMETRIC_REPRESENTATION_ITEM()
RATIONAL_B_SPLINE_CURVE((1.48275862068836,1.58866995073276,1.48275862068836))
REPRESENTATION_ITEM('')
);
#20=(
BOUNDED_CURVE()
B_SPLINE_CURVE(2,(#1585,#1586,#1587),.UNSPECIFIED.,.F.,.F.)
B_SPLINE_CURVE_WITH_KNOTS((3,3),(0.404442878240737,0.775387618058753),
 .UNSPECIFIED.)
CURVE()
GEOMETRIC_REPRESENTATION_ITEM()
RATIONAL_B_SPLINE_CURVE((1.48275862068888,1.58866995073696,1.48275862068888))
REPRESENTATION_ITEM('')
);
#21=(
BOUNDED_CURVE()
B_SPLINE_CURVE(2,(#1591,#1592,#1593),.UNSPECIFIED.,.F.,.F.)
B_SPLINE_CURVE_WITH_KNOTS((3,3),(0.404442878236987,0.775387618064487),
 .UNSPECIFIED.)
CURVE()
GEOMETRIC_REPRESENTATION_ITEM()
RATIONAL_B_SPLINE_CURVE((1.48275862068974,1.58866995074363,1.48275862068974))
REPRESENTATION_ITEM('')
);
#22=(
BOUNDED_CURVE()
B_SPLINE_CURVE(2,(#1597,#1598,#1599),.UNSPECIFIED.,.F.,.F.)
B_SPLINE_CURVE_WITH_KNOTS((3,3),(0.404442878235631,0.775387618066579),
 .UNSPECIFIED.)
CURVE()
GEOMETRIC_REPRESENTATION_ITEM()
RATIONAL_B_SPLINE_CURVE((1.48275862069004,1.58866995074603,1.48275862069004))
REPRESENTATION_ITEM('')
);
#23=(
BOUNDED_CURVE()
B_SPLINE_CURVE(2,(#1602,#1603,#1604),.UNSPECIFIED.,.F.,.F.)
B_SPLINE_CURVE_WITH_KNOTS((3,3),(0.877202462300124,1.32704045723465),
 .UNSPECIFIED.)
CURVE()
GEOMETRIC_REPRESENTATION_ITEM()
RATIONAL_B_SPLINE_CURVE((2.07528275064873,2.15525687253509,2.03448275862121))
REPRESENTATION_ITEM('')
);
#24=(
BOUNDED_CURVE()
B_SPLINE_CURVE(2,(#1635,#1636,#1637),.UNSPECIFIED.,.F.,.F.)
B_SPLINE_CURVE_WITH_KNOTS((3,3),(0.785777566166863,0.877202462300102),
 .UNSPECIFIED.)
CURVE()
GEOMETRIC_REPRESENTATION_ITEM()
RATIONAL_B_SPLINE_CURVE((2.03448275862117,2.05902884175441,2.07528275064859))
REPRESENTATION_ITEM('')
);
#25=(
BOUNDED_CURVE()
B_SPLINE_CURVE(2,(#1641,#1642,#1643),.UNSPECIFIED.,.F.,.F.)
B_SPLINE_CURVE_WITH_KNOTS((3,3),(0.404442878241623,0.775387618057401),
 .UNSPECIFIED.)
CURVE()
GEOMETRIC_REPRESENTATION_ITEM()
RATIONAL_B_SPLINE_CURVE((1.48275862068868,1.5886699507354,1.48275862068868))
REPRESENTATION_ITEM('')
);
#26=(
BOUNDED_CURVE()
B_SPLINE_CURVE(2,(#1647,#1648,#1649),.UNSPECIFIED.,.F.,.F.)
B_SPLINE_CURVE_WITH_KNOTS((3,3),(0.404442878242852,0.775387618055522),
 .UNSPECIFIED.)
CURVE()
GEOMETRIC_REPRESENTATION_ITEM()
RATIONAL_B_SPLINE_CURVE((1.4827586206884,1.58866995073322,1.4827586206884))
REPRESENTATION_ITEM('')
);
#27=(
BOUNDED_CURVE()
B_SPLINE_CURVE(2,(#1653,#1654,#1655),.UNSPECIFIED.,.F.,.F.)
B_SPLINE_CURVE_WITH_KNOTS((3,3),(0.404442878240605,0.775387618058947),
 .UNSPECIFIED.)
CURVE()
GEOMETRIC_REPRESENTATION_ITEM()
RATIONAL_B_SPLINE_CURVE((1.48275862068892,1.58866995073721,1.48275862068893))
REPRESENTATION_ITEM('')
);
#28=(
BOUNDED_CURVE()
B_SPLINE_CURVE(2,(#1659,#1660,#1661),.UNSPECIFIED.,.F.,.F.)
B_SPLINE_CURVE_WITH_KNOTS((3,3),(0.404442878237132,0.775387618064271),
 .UNSPECIFIED.)
CURVE()
GEOMETRIC_REPRESENTATION_ITEM()
RATIONAL_B_SPLINE_CURVE((1.48275862068969,1.58866995074335,1.48275862068969))
REPRESENTATION_ITEM('')
);
#29=(
BOUNDED_CURVE()
B_SPLINE_CURVE(2,(#1665,#1666,#1667),.UNSPECIFIED.,.F.,.F.)
B_SPLINE_CURVE_WITH_KNOTS((3,3),(0.404442878235902,0.775387618066152),
 .UNSPECIFIED.)
CURVE()
GEOMETRIC_REPRESENTATION_ITEM()
RATIONAL_B_SPLINE_CURVE((1.48275862068996,1.58866995074553,1.48275862068996))
REPRESENTATION_ITEM('')
);
#30=(
BOUNDED_CURVE()
B_SPLINE_CURVE(2,(#1670,#1671,#1672),.UNSPECIFIED.,.F.,.F.)
B_SPLINE_CURVE_WITH_KNOTS((3,3),(0.877202462300102,1.32704045723442),
 .UNSPECIFIED.)
CURVE()
GEOMETRIC_REPRESENTATION_ITEM()
RATIONAL_B_SPLINE_CURVE((2.07528275064859,2.1552568725349,2.03448275862118))
REPRESENTATION_ITEM('')
);
#31=CONICAL_SURFACE('',#1097,2.30000000000205,0.785398163397448);
#32=CONICAL_SURFACE('',#1112,2.30000000000205,0.785398163397448);
#33=CYLINDRICAL_SURFACE('',#1083,5.00000000000446);
#34=CYLINDRICAL_SURFACE('',#1111,1.60000000000143);
#35=CYLINDRICAL_SURFACE('',#1126,1.60000000000143);
#36=CYLINDRICAL_SURFACE('',#1127,2.90000000000259);
#37=CYLINDRICAL_SURFACE('',#1144,4.00000000000357);
#38=CYLINDRICAL_SURFACE('',#1146,4.00000000000357);
#39=CYLINDRICAL_SURFACE('',#1148,5.00000000000446);
#40=CYLINDRICAL_SURFACE('',#1151,1.60000000000143);
#41=CYLINDRICAL_SURFACE('',#1160,1.60000000000143);
#42=CYLINDRICAL_SURFACE('',#1162,1.60000000000143);
#43=CYLINDRICAL_SURFACE('',#1165,2.00000000000178);
#44=CYLINDRICAL_SURFACE('',#1167,2.00000000000178);
#45=FACE_BOUND('',#111,.T.);
#46=FACE_BOUND('',#112,.T.);
#47=FACE_BOUND('',#113,.T.);
#48=FACE_BOUND('',#117,.T.);
#49=FACE_BOUND('',#118,.T.);
#50=FACE_BOUND('',#119,.T.);
#51=FACE_BOUND('',#120,.T.);
#52=FACE_BOUND('',#121,.T.);
#53=FACE_BOUND('',#159,.T.);
#54=FACE_BOUND('',#162,.T.);
#55=FACE_BOUND('',#170,.T.);
#56=FACE_OUTER_BOUND('',#110,.T.);
#57=FACE_OUTER_BOUND('',#114,.T.);
#58=FACE_OUTER_BOUND('',#115,.T.);
#59=FACE_OUTER_BOUND('',#116,.T.);
#60=FACE_OUTER_BOUND('',#122,.T.);
#61=FACE_OUTER_BOUND('',#123,.T.);
#62=FACE_OUTER_BOUND('',#124,.T.);
#63=FACE_OUTER_BOUND('',#125,.T.);
#64=FACE_OUTER_BOUND('',#126,.T.);
#65=FACE_OUTER_BOUND('',#127,.T.);
#66=FACE_OUTER_BOUND('',#128,.T.);
#67=FACE_OUTER_BOUND('',#129,.T.);
#68=FACE_OUTER_BOUND('',#130,.T.);
#69=FACE_OUTER_BOUND('',#131,.T.);
#70=FACE_OUTER_BOUND('',#132,.T.);
#71=FACE_OUTER_BOUND('',#133,.T.);
#72=FACE_OUTER_BOUND('',#134,.T.);
#73=FACE_OUTER_BOUND('',#135,.T.);
#74=FACE_OUTER_BOUND('',#136,.T.);
#75=FACE_OUTER_BOUND('',#137,.T.);
#76=FACE_OUTER_BOUND('',#138,.T.);
#77=FACE_OUTER_BOUND('',#139,.T.);
#78=FACE_OUTER_BOUND('',#140,.T.);
#79=FACE_OUTER_BOUND('',#141,.T.);
#80=FACE_OUTER_BOUND('',#142,.T.);
#81=FACE_OUTER_BOUND('',#143,.T.);
#82=FACE_OUTER_BOUND('',#144,.T.);
#83=FACE_OUTER_BOUND('',#145,.T.);
#84=FACE_OUTER_BOUND('',#146,.T.);
#85=FACE_OUTER_BOUND('',#147,.T.);
#86=FACE_OUTER_BOUND('',#148,.T.);
#87=FACE_OUTER_BOUND('',#149,.T.);
#88=FACE_OUTER_BOUND('',#150,.T.);
#89=FACE_OUTER_BOUND('',#151,.T.);
#90=FACE_OUTER_BOUND('',#152,.T.);
#91=FACE_OUTER_BOUND('',#153,.T.);
#92=FACE_OUTER_BOUND('',#154,.T.);
#93=FACE_OUTER_BOUND('',#155,.T.);
#94=FACE_OUTER_BOUND('',#156,.T.);
#95=FACE_OUTER_BOUND('',#157,.T.);
#96=FACE_OUTER_BOUND('',#158,.T.);
#97=FACE_OUTER_BOUND('',#160,.T.);
#98=FACE_OUTER_BOUND('',#161,.T.);
#99=FACE_OUTER_BOUND('',#163,.T.);
#100=FACE_OUTER_BOUND('',#164,.T.);
#101=FACE_OUTER_BOUND('',#165,.T.);
#102=FACE_OUTER_BOUND('',#166,.T.);
#103=FACE_OUTER_BOUND('',#167,.T.);
#104=FACE_OUTER_BOUND('',#168,.T.);
#105=FACE_OUTER_BOUND('',#169,.T.);
#106=FACE_OUTER_BOUND('',#171,.T.);
#107=FACE_OUTER_BOUND('',#172,.T.);
#108=FACE_OUTER_BOUND('',#173,.T.);
#109=FACE_OUTER_BOUND('',#174,.T.);
#110=EDGE_LOOP('',(#663,#664,#665,#666,#667,#668,#669,#670,#671,#672,#673,
#674,#675));
#111=EDGE_LOOP('',(#676));
#112=EDGE_LOOP('',(#677,#678,#679,#680,#681,#682));
#113=EDGE_LOOP('',(#683,#684,#685,#686,#687,#688));
#114=EDGE_LOOP('',(#689,#690,#691,#692));
#115=EDGE_LOOP('',(#693,#694,#695,#696));
#116=EDGE_LOOP('',(#697,#698,#699,#700,#701,#702,#703,#704,#705,#706,#707,
#708,#709));
#117=EDGE_LOOP('',(#710));
#118=EDGE_LOOP('',(#711));
#119=EDGE_LOOP('',(#712));
#120=EDGE_LOOP('',(#713));
#121=EDGE_LOOP('',(#714,#715,#716,#717));
#122=EDGE_LOOP('',(#718,#719,#720,#721));
#123=EDGE_LOOP('',(#722,#723,#724,#725,#726,#727,#728,#729,#730,#731,#732,
#733,#734,#735,#736,#737,#738));
#124=EDGE_LOOP('',(#739,#740,#741));
#125=EDGE_LOOP('',(#742,#743,#744));
#126=EDGE_LOOP('',(#745,#746,#747));
#127=EDGE_LOOP('',(#748,#749,#750));
#128=EDGE_LOOP('',(#751,#752,#753));
#129=EDGE_LOOP('',(#754,#755,#756,#757,#758));
#130=EDGE_LOOP('',(#759,#760,#761,#762,#763,#764,#765,#766,#767,#768,#769,
#770,#771,#772,#773,#774,#775));
#131=EDGE_LOOP('',(#776,#777,#778));
#132=EDGE_LOOP('',(#779,#780,#781));
#133=EDGE_LOOP('',(#782,#783,#784));
#134=EDGE_LOOP('',(#785,#786,#787));
#135=EDGE_LOOP('',(#788,#789,#790));
#136=EDGE_LOOP('',(#791,#792,#793,#794,#795));
#137=EDGE_LOOP('',(#796,#797,#798,#799));
#138=EDGE_LOOP('',(#800));
#139=EDGE_LOOP('',(#801,#802,#803,#804,#805,#806));
#140=EDGE_LOOP('',(#807,#808,#809,#810,#811,#812));
#141=EDGE_LOOP('',(#813,#814,#815,#816,#817,#818));
#142=EDGE_LOOP('',(#819,#820,#821,#822,#823,#824,#825));
#143=EDGE_LOOP('',(#826,#827,#828,#829,#830,#831));
#144=EDGE_LOOP('',(#832,#833,#834,#835,#836,#837));
#145=EDGE_LOOP('',(#838,#839,#840));
#146=EDGE_LOOP('',(#841,#842,#843,#844,#845,#846,#847));
#147=EDGE_LOOP('',(#848,#849,#850,#851,#852,#853));
#148=EDGE_LOOP('',(#854,#855,#856,#857,#858,#859));
#149=EDGE_LOOP('',(#860,#861,#862,#863,#864,#865));
#150=EDGE_LOOP('',(#866,#867,#868,#869,#870,#871));
#151=EDGE_LOOP('',(#872,#873,#874,#875,#876,#877));
#152=EDGE_LOOP('',(#878,#879,#880));
#153=EDGE_LOOP('',(#881,#882,#883,#884));
#154=EDGE_LOOP('',(#885,#886,#887,#888));
#155=EDGE_LOOP('',(#889,#890,#891,#892));
#156=EDGE_LOOP('',(#893,#894,#895,#896));
#157=EDGE_LOOP('',(#897,#898,#899,#900));
#158=EDGE_LOOP('',(#901,#902,#903,#904));
#159=EDGE_LOOP('',(#905));
#160=EDGE_LOOP('',(#906,#907,#908,#909,#910,#911,#912,#913));
#161=EDGE_LOOP('',(#914,#915,#916,#917,#918));
#162=EDGE_LOOP('',(#919));
#163=EDGE_LOOP('',(#920,#921,#922,#923));
#164=EDGE_LOOP('',(#924,#925,#926,#927));
#165=EDGE_LOOP('',(#928,#929,#930,#931));
#166=EDGE_LOOP('',(#932,#933,#934,#935));
#167=EDGE_LOOP('',(#936,#937,#938,#939));
#168=EDGE_LOOP('',(#940,#941,#942,#943,#944));
#169=EDGE_LOOP('',(#945,#946,#947,#948,#949));
#170=EDGE_LOOP('',(#950));
#171=EDGE_LOOP('',(#951,#952,#953,#954));
#172=EDGE_LOOP('',(#955,#956,#957,#958));
#173=EDGE_LOOP('',(#959,#960,#961,#962));
#174=EDGE_LOOP('',(#963,#964,#965,#966));
#175=LINE('',#1461,#274);
#176=LINE('',#1465,#275);
#177=LINE('',#1469,#276);
#178=LINE('',#1471,#277);
#179=LINE('',#1475,#278);
#180=LINE('',#1479,#279);
#181=LINE('',#1482,#280);
#182=LINE('',#1487,#281);
#183=LINE('',#1489,#282);
#184=LINE('',#1491,#283);
#185=LINE('',#1493,#284);
#186=LINE('',#1495,#285);
#187=LINE('',#1496,#286);
#188=LINE('',#1499,#287);
#189=LINE('',#1501,#288);
#190=LINE('',#1503,#289);
#191=LINE('',#1505,#290);
#192=LINE('',#1507,#291);
#193=LINE('',#1508,#292);
#194=LINE('',#1511,#293);
#195=LINE('',#1514,#294);
#196=LINE('',#1517,#295);
#197=LINE('',#1518,#296);
#198=LINE('',#1523,#297);
#199=LINE('',#1527,#298);
#200=LINE('',#1531,#299);
#201=LINE('',#1533,#300);
#202=LINE('',#1537,#301);
#203=LINE('',#1540,#302);
#204=LINE('',#1551,#303);
#205=LINE('',#1553,#304);
#206=LINE('',#1555,#305);
#207=LINE('',#1556,#306);
#208=LINE('',#1558,#307);
#209=LINE('',#1559,#308);
#210=LINE('',#1565,#309);
#211=LINE('',#1608,#310);
#212=LINE('',#1609,#311);
#213=LINE('',#1612,#312);
#214=LINE('',#1613,#313);
#215=LINE('',#1616,#314);
#216=LINE('',#1617,#315);
#217=LINE('',#1620,#316);
#218=LINE('',#1621,#317);
#219=LINE('',#1624,#318);
#220=LINE('',#1625,#319);
#221=LINE('',#1627,#320);
#222=LINE('',#1633,#321);
#223=LINE('',#1676,#322);
#224=LINE('',#1677,#323);
#225=LINE('',#1680,#324);
#226=LINE('',#1681,#325);
#227=LINE('',#1684,#326);
#228=LINE('',#1685,#327);
#229=LINE('',#1688,#328);
#230=LINE('',#1689,#329);
#231=LINE('',#1692,#330);
#232=LINE('',#1693,#331);
#233=LINE('',#1695,#332);
#234=LINE('',#1698,#333);
#235=LINE('',#1703,#334);
#236=LINE('',#1704,#335);
#237=LINE('',#1705,#336);
#238=LINE('',#1707,#337);
#239=LINE('',#1708,#338);
#240=LINE('',#1710,#339);
#241=LINE('',#1712,#340);
#242=LINE('',#1714,#341);
#243=LINE('',#1718,#342);
#244=LINE('',#1719,#343);
#245=LINE('',#1721,#344);
#246=LINE('',#1723,#345);
#247=LINE('',#1726,#346);
#248=LINE('',#1727,#347);
#249=LINE('',#1729,#348);
#250=LINE('',#1730,#349);
#251=LINE('',#1734,#350);
#252=LINE('',#1736,#351);
#253=LINE('',#1738,#352);
#254=LINE('',#1740,#353);
#255=LINE('',#1743,#354);
#256=LINE('',#1744,#355);
#257=LINE('',#1749,#356);
#258=LINE('',#1753,#357);
#259=LINE('',#1756,#358);
#260=LINE('',#1758,#359);
#261=LINE('',#1760,#360);
#262=LINE('',#1761,#361);
#263=LINE('',#1766,#362);
#264=LINE('',#1767,#363);
#265=LINE('',#1770,#364);
#266=LINE('',#1771,#365);
#267=LINE('',#1774,#366);
#268=LINE('',#1775,#367);
#269=LINE('',#1777,#368);
#270=LINE('',#1781,#369);
#271=LINE('',#1783,#370);
#272=LINE('',#1786,#371);
#273=LINE('',#1789,#372);
#274=VECTOR('',#1174,10.0000000000089);
#275=VECTOR('',#1177,10.0000000000089);
#276=VECTOR('',#1180,10.0000000000089);
#277=VECTOR('',#1181,10.0000000000089);
#278=VECTOR('',#1184,10.0000000000089);
#279=VECTOR('',#1187,10.0000000000089);
#280=VECTOR('',#1190,10.0000000000089);
#281=VECTOR('',#1193,10.0000000000089);
#282=VECTOR('',#1194,10.0000000000089);
#283=VECTOR('',#1195,10.0000000000089);
#284=VECTOR('',#1196,10.0000000000089);
#285=VECTOR('',#1197,10.0000000000089);
#286=VECTOR('',#1198,10.0000000000089);
#287=VECTOR('',#1199,10.0000000000089);
#288=VECTOR('',#1200,10.0000000000089);
#289=VECTOR('',#1201,10.0000000000089);
#290=VECTOR('',#1202,10.0000000000089);
#291=VECTOR('',#1203,10.0000000000089);
#292=VECTOR('',#1204,10.0000000000089);
#293=VECTOR('',#1207,10.0000000000089);
#294=VECTOR('',#1210,10.0000000000089);
#295=VECTOR('',#1213,10.0000000000089);
#296=VECTOR('',#1214,10.0000000000089);
#297=VECTOR('',#1219,10.0000000000089);
#298=VECTOR('',#1222,10.0000000000089);
#299=VECTOR('',#1225,10.0000000000089);
#300=VECTOR('',#1226,10.0000000000089);
#301=VECTOR('',#1229,10.0000000000089);
#302=VECTOR('',#1232,10.0000000000089);
#303=VECTOR('',#1241,10.0000000000089);
#304=VECTOR('',#1242,10.0000000000089);
#305=VECTOR('',#1243,10.0000000000089);
#306=VECTOR('',#1244,10.0000000000089);
#307=VECTOR('',#1247,10.0000000000089);
#308=VECTOR('',#1248,10.0000000000089);
#309=VECTOR('',#1253,2.30000000000205);
#310=VECTOR('',#1270,10.0000000000089);
#311=VECTOR('',#1271,10.0000000000089);
#312=VECTOR('',#1274,10.0000000000089);
#313=VECTOR('',#1275,10.0000000000089);
#314=VECTOR('',#1278,10.0000000000089);
#315=VECTOR('',#1279,10.0000000000089);
#316=VECTOR('',#1282,10.0000000000089);
#317=VECTOR('',#1283,10.0000000000089);
#318=VECTOR('',#1286,10.0000000000089);
#319=VECTOR('',#1287,10.0000000000089);
#320=VECTOR('',#1290,1.60000000000143);
#321=VECTOR('',#1295,2.30000000000205);
#322=VECTOR('',#1312,10.0000000000089);
#323=VECTOR('',#1313,10.0000000000089);
#324=VECTOR('',#1316,10.0000000000089);
#325=VECTOR('',#1317,10.0000000000089);
#326=VECTOR('',#1320,10.0000000000089);
#327=VECTOR('',#1321,10.0000000000089);
#328=VECTOR('',#1324,10.0000000000089);
#329=VECTOR('',#1325,10.0000000000089);
#330=VECTOR('',#1328,10.0000000000089);
#331=VECTOR('',#1329,10.0000000000089);
#332=VECTOR('',#1332,1.60000000000143);
#333=VECTOR('',#1335,2.90000000000259);
#334=VECTOR('',#1342,10.0000000000089);
#335=VECTOR('',#1343,10.0000000000089);
#336=VECTOR('',#1344,10.0000000000089);
#337=VECTOR('',#1347,10.0000000000089);
#338=VECTOR('',#1348,10.0000000000089);
#339=VECTOR('',#1351,10.0000000000089);
#340=VECTOR('',#1354,10.0000000000089);
#341=VECTOR('',#1357,10.0000000000089);
#342=VECTOR('',#1364,10.0000000000089);
#343=VECTOR('',#1365,10.0000000000089);
#344=VECTOR('',#1368,10.0000000000089);
#345=VECTOR('',#1371,10.0000000000089);
#346=VECTOR('',#1374,10.0000000000089);
#347=VECTOR('',#1375,10.0000000000089);
#348=VECTOR('',#1378,10.0000000000089);
#349=VECTOR('',#1379,10.0000000000089);
#350=VECTOR('',#1386,10.0000000000089);
#351=VECTOR('',#1389,10.0000000000089);
#352=VECTOR('',#1392,10.0000000000089);
#353=VECTOR('',#1395,10.0000000000089);
#354=VECTOR('',#1400,10.0000000000089);
#355=VECTOR('',#1401,10.0000000000089);
#356=VECTOR('',#1406,1.60000000000143);
#357=VECTOR('',#1411,1.60000000000143);
#358=VECTOR('',#1414,10.0000000000089);
#359=VECTOR('',#1415,10.0000000000089);
#360=VECTOR('',#1416,10.0000000000089);
#361=VECTOR('',#1417,10.0000000000089);
#362=VECTOR('',#1422,10.0000000000089);
#363=VECTOR('',#1423,10.0000000000089);
#364=VECTOR('',#1426,10.0000000000089);
#365=VECTOR('',#1427,10.0000000000089);
#366=VECTOR('',#1430,10.0000000000089);
#367=VECTOR('',#1431,10.0000000000089);
#368=VECTOR('',#1434,10.0000000000089);
#369=VECTOR('',#1439,1.60000000000143);
#370=VECTOR('',#1442,1.60000000000143);
#371=VECTOR('',#1447,10.0000000000089);
#372=VECTOR('',#1452,10.0000000000089);
#373=CIRCLE('',#1076,5.00000000000446);
#374=CIRCLE('',#1077,2.00000000000178);
#375=CIRCLE('',#1078,2.00000000000178);
#376=CIRCLE('',#1079,4.00000000000357);
#377=CIRCLE('',#1080,5.00000000000446);
#378=CIRCLE('',#1081,4.00000000000357);
#379=CIRCLE('',#1082,1.60000000000143);
#380=CIRCLE('',#1084,5.00000000000446);
#381=CIRCLE('',#1087,4.00000000000357);
#382=CIRCLE('',#1088,5.00000000000446);
#383=CIRCLE('',#1089,4.00000000000357);
#384=CIRCLE('',#1090,2.00000000000178);
#385=CIRCLE('',#1091,2.00000000000178);
#386=CIRCLE('',#1092,2.90000000000259);
#387=CIRCLE('',#1093,1.60000000000143);
#388=CIRCLE('',#1094,1.60000000000143);
#389=CIRCLE('',#1095,1.60000000000143);
#390=CIRCLE('',#1098,1.60000000000143);
#391=CIRCLE('',#1099,3.00000000000268);
#392=CIRCLE('',#1100,3.00000000000268);
#393=CIRCLE('',#1101,3.00000000000268);
#394=CIRCLE('',#1102,3.00000000000268);
#395=CIRCLE('',#1103,3.00000000000268);
#396=CIRCLE('',#1104,3.00000000000268);
#397=CIRCLE('',#1105,1.60000000000143);
#398=CIRCLE('',#1113,1.60000000000143);
#399=CIRCLE('',#1114,3.00000000000268);
#400=CIRCLE('',#1115,3.00000000000268);
#401=CIRCLE('',#1116,3.00000000000268);
#402=CIRCLE('',#1117,3.00000000000268);
#403=CIRCLE('',#1118,3.00000000000268);
#404=CIRCLE('',#1119,3.00000000000268);
#405=CIRCLE('',#1120,1.60000000000143);
#406=CIRCLE('',#1128,2.90000000000259);
#407=CIRCLE('',#1150,1.60000000000143);
#408=CIRCLE('',#1155,1.60000000000143);
#409=CIRCLE('',#1161,1.60000000000143);
#410=VERTEX_POINT('',#1457);
#411=VERTEX_POINT('',#1458);
#412=VERTEX_POINT('',#1460);
#413=VERTEX_POINT('',#1462);
#414=VERTEX_POINT('',#1464);
#415=VERTEX_POINT('',#1466);
#416=VERTEX_POINT('',#1468);
#417=VERTEX_POINT('',#1470);
#418=VERTEX_POINT('',#1472);
#419=VERTEX_POINT('',#1474);
#420=VERTEX_POINT('',#1476);
#421=VERTEX_POINT('',#1478);
#422=VERTEX_POINT('',#1480);
#423=VERTEX_POINT('',#1483);
#424=VERTEX_POINT('',#1485);
#425=VERTEX_POINT('',#1486);
#426=VERTEX_POINT('',#1488);
#427=VERTEX_POINT('',#1490);
#428=VERTEX_POINT('',#1492);
#429=VERTEX_POINT('',#1494);
#430=VERTEX_POINT('',#1497);
#431=VERTEX_POINT('',#1498);
#432=VERTEX_POINT('',#1500);
#433=VERTEX_POINT('',#1502);
#434=VERTEX_POINT('',#1504);
#435=VERTEX_POINT('',#1506);
#436=VERTEX_POINT('',#1510);
#437=VERTEX_POINT('',#1512);
#438=VERTEX_POINT('',#1516);
#439=VERTEX_POINT('',#1520);
#440=VERTEX_POINT('',#1522);
#441=VERTEX_POINT('',#1524);
#442=VERTEX_POINT('',#1526);
#443=VERTEX_POINT('',#1528);
#444=VERTEX_POINT('',#1530);
#445=VERTEX_POINT('',#1532);
#446=VERTEX_POINT('',#1534);
#447=VERTEX_POINT('',#1536);
#448=VERTEX_POINT('',#1538);
#449=VERTEX_POINT('',#1541);
#450=VERTEX_POINT('',#1543);
#451=VERTEX_POINT('',#1545);
#452=VERTEX_POINT('',#1547);
#453=VERTEX_POINT('',#1549);
#454=VERTEX_POINT('',#1550);
#455=VERTEX_POINT('',#1552);
#456=VERTEX_POINT('',#1554);
#457=VERTEX_POINT('',#1561);
#458=VERTEX_POINT('',#1562);
#459=VERTEX_POINT('',#1564);
#460=VERTEX_POINT('',#1566);
#461=VERTEX_POINT('',#1570);
#462=VERTEX_POINT('',#1572);
#463=VERTEX_POINT('',#1576);
#464=VERTEX_POINT('',#1578);
#465=VERTEX_POINT('',#1582);
#466=VERTEX_POINT('',#1584);
#467=VERTEX_POINT('',#1588);
#468=VERTEX_POINT('',#1590);
#469=VERTEX_POINT('',#1594);
#470=VERTEX_POINT('',#1596);
#471=VERTEX_POINT('',#1600);
#472=VERTEX_POINT('',#1607);
#473=VERTEX_POINT('',#1611);
#474=VERTEX_POINT('',#1615);
#475=VERTEX_POINT('',#1619);
#476=VERTEX_POINT('',#1623);
#477=VERTEX_POINT('',#1629);
#478=VERTEX_POINT('',#1630);
#479=VERTEX_POINT('',#1632);
#480=VERTEX_POINT('',#1634);
#481=VERTEX_POINT('',#1638);
#482=VERTEX_POINT('',#1640);
#483=VERTEX_POINT('',#1644);
#484=VERTEX_POINT('',#1646);
#485=VERTEX_POINT('',#1650);
#486=VERTEX_POINT('',#1652);
#487=VERTEX_POINT('',#1656);
#488=VERTEX_POINT('',#1658);
#489=VERTEX_POINT('',#1662);
#490=VERTEX_POINT('',#1664);
#491=VERTEX_POINT('',#1668);
#492=VERTEX_POINT('',#1675);
#493=VERTEX_POINT('',#1679);
#494=VERTEX_POINT('',#1683);
#495=VERTEX_POINT('',#1687);
#496=VERTEX_POINT('',#1691);
#497=VERTEX_POINT('',#1697);
#498=VERTEX_POINT('',#1702);
#499=VERTEX_POINT('',#1725);
#500=VERTEX_POINT('',#1745);
#501=VERTEX_POINT('',#1748);
#502=VERTEX_POINT('',#1750);
#503=VERTEX_POINT('',#1755);
#504=VERTEX_POINT('',#1757);
#505=VERTEX_POINT('',#1759);
#506=VERTEX_POINT('',#1762);
#507=VERTEX_POINT('',#1765);
#508=VERTEX_POINT('',#1769);
#509=VERTEX_POINT('',#1773);
#510=VERTEX_POINT('',#1779);
#511=EDGE_CURVE('',#410,#411,#373,.T.);
#512=EDGE_CURVE('',#412,#410,#175,.T.);
#513=EDGE_CURVE('',#413,#412,#374,.T.);
#514=EDGE_CURVE('',#413,#414,#176,.T.);
#515=EDGE_CURVE('',#415,#414,#375,.T.);
#516=EDGE_CURVE('',#416,#415,#177,.T.);
#517=EDGE_CURVE('',#417,#416,#178,.T.);
#518=EDGE_CURVE('',#418,#417,#376,.T.);
#519=EDGE_CURVE('',#419,#418,#179,.T.);
#520=EDGE_CURVE('',#420,#419,#377,.T.);
#521=EDGE_CURVE('',#421,#420,#180,.T.);
#522=EDGE_CURVE('',#422,#421,#378,.T.);
#523=EDGE_CURVE('',#411,#422,#181,.T.);
#524=EDGE_CURVE('',#423,#423,#379,.T.);
#525=EDGE_CURVE('',#424,#425,#182,.T.);
#526=EDGE_CURVE('',#425,#426,#183,.T.);
#527=EDGE_CURVE('',#426,#427,#184,.T.);
#528=EDGE_CURVE('',#427,#428,#185,.T.);
#529=EDGE_CURVE('',#428,#429,#186,.T.);
#530=EDGE_CURVE('',#429,#424,#187,.T.);
#531=EDGE_CURVE('',#430,#431,#188,.T.);
#532=EDGE_CURVE('',#431,#432,#189,.T.);
#533=EDGE_CURVE('',#432,#433,#190,.T.);
#534=EDGE_CURVE('',#433,#434,#191,.T.);
#535=EDGE_CURVE('',#434,#435,#192,.T.);
#536=EDGE_CURVE('',#435,#430,#193,.T.);
#537=EDGE_CURVE('',#411,#436,#194,.T.);
#538=EDGE_CURVE('',#436,#437,#380,.T.);
#539=EDGE_CURVE('',#410,#437,#195,.T.);
#540=EDGE_CURVE('',#438,#422,#196,.T.);
#541=EDGE_CURVE('',#438,#436,#197,.T.);
#542=EDGE_CURVE('',#439,#438,#381,.T.);
#543=EDGE_CURVE('',#440,#439,#198,.T.);
#544=EDGE_CURVE('',#441,#440,#382,.T.);
#545=EDGE_CURVE('',#442,#441,#199,.T.);
#546=EDGE_CURVE('',#443,#442,#383,.T.);
#547=EDGE_CURVE('',#444,#443,#200,.T.);
#548=EDGE_CURVE('',#445,#444,#201,.T.);
#549=EDGE_CURVE('',#446,#445,#384,.T.);
#550=EDGE_CURVE('',#446,#447,#202,.T.);
#551=EDGE_CURVE('',#448,#447,#385,.T.);
#552=EDGE_CURVE('',#448,#437,#203,.T.);
#553=EDGE_CURVE('',#449,#449,#386,.T.);
#554=EDGE_CURVE('',#450,#450,#387,.T.);
#555=EDGE_CURVE('',#451,#451,#388,.T.);
#556=EDGE_CURVE('',#452,#452,#389,.T.);
#557=EDGE_CURVE('',#453,#454,#204,.T.);
#558=EDGE_CURVE('',#455,#453,#205,.T.);
#559=EDGE_CURVE('',#456,#455,#206,.T.);
#560=EDGE_CURVE('',#454,#456,#207,.T.);
#561=EDGE_CURVE('',#444,#416,#208,.T.);
#562=EDGE_CURVE('',#417,#443,#209,.T.);
#563=EDGE_CURVE('',#457,#458,#390,.T.);
#564=EDGE_CURVE('',#458,#459,#210,.T.);
#565=EDGE_CURVE('',#460,#459,#17,.T.);
#566=EDGE_CURVE('',#460,#461,#391,.T.);
#567=EDGE_CURVE('',#462,#461,#18,.T.);
#568=EDGE_CURVE('',#462,#463,#392,.T.);
#569=EDGE_CURVE('',#464,#463,#19,.T.);
#570=EDGE_CURVE('',#464,#465,#393,.T.);
#571=EDGE_CURVE('',#466,#465,#20,.T.);
#572=EDGE_CURVE('',#466,#467,#394,.T.);
#573=EDGE_CURVE('',#468,#467,#21,.T.);
#574=EDGE_CURVE('',#468,#469,#395,.T.);
#575=EDGE_CURVE('',#470,#469,#22,.T.);
#576=EDGE_CURVE('',#470,#471,#396,.T.);
#577=EDGE_CURVE('',#459,#471,#23,.T.);
#578=EDGE_CURVE('',#458,#457,#397,.T.);
#579=EDGE_CURVE('',#472,#460,#211,.T.);
#580=EDGE_CURVE('',#461,#472,#212,.T.);
#581=EDGE_CURVE('',#473,#462,#213,.T.);
#582=EDGE_CURVE('',#463,#473,#214,.T.);
#583=EDGE_CURVE('',#474,#470,#215,.T.);
#584=EDGE_CURVE('',#471,#474,#216,.T.);
#585=EDGE_CURVE('',#475,#464,#217,.T.);
#586=EDGE_CURVE('',#465,#475,#218,.T.);
#587=EDGE_CURVE('',#476,#468,#219,.T.);
#588=EDGE_CURVE('',#469,#476,#220,.T.);
#589=EDGE_CURVE('',#457,#450,#221,.T.);
#590=EDGE_CURVE('',#477,#478,#398,.T.);
#591=EDGE_CURVE('',#478,#479,#222,.T.);
#592=EDGE_CURVE('',#480,#479,#24,.T.);
#593=EDGE_CURVE('',#480,#481,#399,.T.);
#594=EDGE_CURVE('',#482,#481,#25,.T.);
#595=EDGE_CURVE('',#482,#483,#400,.T.);
#596=EDGE_CURVE('',#484,#483,#26,.T.);
#597=EDGE_CURVE('',#484,#485,#401,.T.);
#598=EDGE_CURVE('',#486,#485,#27,.T.);
#599=EDGE_CURVE('',#486,#487,#402,.T.);
#600=EDGE_CURVE('',#488,#487,#28,.T.);
#601=EDGE_CURVE('',#488,#489,#403,.T.);
#602=EDGE_CURVE('',#490,#489,#29,.T.);
#603=EDGE_CURVE('',#490,#491,#404,.T.);
#604=EDGE_CURVE('',#479,#491,#30,.T.);
#605=EDGE_CURVE('',#478,#477,#405,.T.);
#606=EDGE_CURVE('',#492,#480,#223,.T.);
#607=EDGE_CURVE('',#481,#492,#224,.T.);
#608=EDGE_CURVE('',#493,#482,#225,.T.);
#609=EDGE_CURVE('',#483,#493,#226,.T.);
#610=EDGE_CURVE('',#494,#490,#227,.T.);
#611=EDGE_CURVE('',#491,#494,#228,.T.);
#612=EDGE_CURVE('',#495,#484,#229,.T.);
#613=EDGE_CURVE('',#485,#495,#230,.T.);
#614=EDGE_CURVE('',#496,#488,#231,.T.);
#615=EDGE_CURVE('',#489,#496,#232,.T.);
#616=EDGE_CURVE('',#477,#451,#233,.T.);
#617=EDGE_CURVE('',#449,#497,#234,.T.);
#618=EDGE_CURVE('',#497,#497,#406,.T.);
#619=EDGE_CURVE('',#430,#498,#235,.T.);
#620=EDGE_CURVE('',#498,#486,#236,.T.);
#621=EDGE_CURVE('',#431,#495,#237,.T.);
#622=EDGE_CURVE('',#435,#496,#238,.T.);
#623=EDGE_CURVE('',#487,#498,#239,.T.);
#624=EDGE_CURVE('',#434,#494,#240,.T.);
#625=EDGE_CURVE('',#433,#492,#241,.T.);
#626=EDGE_CURVE('',#432,#493,#242,.T.);
#627=EDGE_CURVE('',#424,#472,#243,.T.);
#628=EDGE_CURVE('',#425,#474,#244,.T.);
#629=EDGE_CURVE('',#429,#473,#245,.T.);
#630=EDGE_CURVE('',#428,#475,#246,.T.);
#631=EDGE_CURVE('',#427,#499,#247,.T.);
#632=EDGE_CURVE('',#499,#466,#248,.T.);
#633=EDGE_CURVE('',#426,#476,#249,.T.);
#634=EDGE_CURVE('',#467,#499,#250,.T.);
#635=EDGE_CURVE('',#442,#418,#251,.T.);
#636=EDGE_CURVE('',#441,#419,#252,.T.);
#637=EDGE_CURVE('',#421,#439,#253,.T.);
#638=EDGE_CURVE('',#440,#420,#254,.T.);
#639=EDGE_CURVE('',#447,#413,#255,.T.);
#640=EDGE_CURVE('',#414,#446,#256,.T.);
#641=EDGE_CURVE('',#500,#500,#407,.T.);
#642=EDGE_CURVE('',#423,#501,#257,.T.);
#643=EDGE_CURVE('',#501,#502,#15,.T.);
#644=EDGE_CURVE('',#502,#501,#16,.T.);
#645=EDGE_CURVE('',#501,#452,#258,.T.);
#646=EDGE_CURVE('',#503,#454,#259,.T.);
#647=EDGE_CURVE('',#456,#504,#260,.T.);
#648=EDGE_CURVE('',#504,#505,#261,.T.);
#649=EDGE_CURVE('',#505,#503,#262,.T.);
#650=EDGE_CURVE('',#506,#506,#408,.T.);
#651=EDGE_CURVE('',#507,#503,#263,.T.);
#652=EDGE_CURVE('',#453,#507,#264,.T.);
#653=EDGE_CURVE('',#508,#455,#265,.T.);
#654=EDGE_CURVE('',#508,#504,#266,.T.);
#655=EDGE_CURVE('',#509,#508,#267,.T.);
#656=EDGE_CURVE('',#509,#505,#268,.T.);
#657=EDGE_CURVE('',#507,#509,#269,.T.);
#658=EDGE_CURVE('',#510,#510,#409,.T.);
#659=EDGE_CURVE('',#510,#500,#270,.T.);
#660=EDGE_CURVE('',#502,#506,#271,.T.);
#661=EDGE_CURVE('',#445,#415,#272,.T.);
#662=EDGE_CURVE('',#412,#448,#273,.T.);
#663=ORIENTED_EDGE('',*,*,#511,.F.);
#664=ORIENTED_EDGE('',*,*,#512,.F.);
#665=ORIENTED_EDGE('',*,*,#513,.F.);
#666=ORIENTED_EDGE('',*,*,#514,.T.);
#667=ORIENTED_EDGE('',*,*,#515,.F.);
#668=ORIENTED_EDGE('',*,*,#516,.F.);
#669=ORIENTED_EDGE('',*,*,#517,.F.);
#670=ORIENTED_EDGE('',*,*,#518,.F.);
#671=ORIENTED_EDGE('',*,*,#519,.F.);
#672=ORIENTED_EDGE('',*,*,#520,.F.);
#673=ORIENTED_EDGE('',*,*,#521,.F.);
#674=ORIENTED_EDGE('',*,*,#522,.F.);
#675=ORIENTED_EDGE('',*,*,#523,.F.);
#676=ORIENTED_EDGE('',*,*,#524,.F.);
#677=ORIENTED_EDGE('',*,*,#525,.T.);
#678=ORIENTED_EDGE('',*,*,#526,.T.);
#679=ORIENTED_EDGE('',*,*,#527,.T.);
#680=ORIENTED_EDGE('',*,*,#528,.T.);
#681=ORIENTED_EDGE('',*,*,#529,.T.);
#682=ORIENTED_EDGE('',*,*,#530,.T.);
#683=ORIENTED_EDGE('',*,*,#531,.T.);
#684=ORIENTED_EDGE('',*,*,#532,.T.);
#685=ORIENTED_EDGE('',*,*,#533,.T.);
#686=ORIENTED_EDGE('',*,*,#534,.T.);
#687=ORIENTED_EDGE('',*,*,#535,.T.);
#688=ORIENTED_EDGE('',*,*,#536,.T.);
#689=ORIENTED_EDGE('',*,*,#511,.T.);
#690=ORIENTED_EDGE('',*,*,#537,.T.);
#691=ORIENTED_EDGE('',*,*,#538,.T.);
#692=ORIENTED_EDGE('',*,*,#539,.F.);
#693=ORIENTED_EDGE('',*,*,#537,.F.);
#694=ORIENTED_EDGE('',*,*,#523,.T.);
#695=ORIENTED_EDGE('',*,*,#540,.F.);
#696=ORIENTED_EDGE('',*,*,#541,.T.);
#697=ORIENTED_EDGE('',*,*,#541,.F.);
#698=ORIENTED_EDGE('',*,*,#542,.F.);
#699=ORIENTED_EDGE('',*,*,#543,.F.);
#700=ORIENTED_EDGE('',*,*,#544,.F.);
#701=ORIENTED_EDGE('',*,*,#545,.F.);
#702=ORIENTED_EDGE('',*,*,#546,.F.);
#703=ORIENTED_EDGE('',*,*,#547,.F.);
#704=ORIENTED_EDGE('',*,*,#548,.F.);
#705=ORIENTED_EDGE('',*,*,#549,.F.);
#706=ORIENTED_EDGE('',*,*,#550,.T.);
#707=ORIENTED_EDGE('',*,*,#551,.F.);
#708=ORIENTED_EDGE('',*,*,#552,.T.);
#709=ORIENTED_EDGE('',*,*,#538,.F.);
#710=ORIENTED_EDGE('',*,*,#553,.T.);
#711=ORIENTED_EDGE('',*,*,#554,.T.);
#712=ORIENTED_EDGE('',*,*,#555,.T.);
#713=ORIENTED_EDGE('',*,*,#556,.F.);
#714=ORIENTED_EDGE('',*,*,#557,.F.);
#715=ORIENTED_EDGE('',*,*,#558,.F.);
#716=ORIENTED_EDGE('',*,*,#559,.F.);
#717=ORIENTED_EDGE('',*,*,#560,.F.);
#718=ORIENTED_EDGE('',*,*,#561,.F.);
#719=ORIENTED_EDGE('',*,*,#547,.T.);
#720=ORIENTED_EDGE('',*,*,#562,.F.);
#721=ORIENTED_EDGE('',*,*,#517,.T.);
#722=ORIENTED_EDGE('',*,*,#563,.T.);
#723=ORIENTED_EDGE('',*,*,#564,.T.);
#724=ORIENTED_EDGE('',*,*,#565,.F.);
#725=ORIENTED_EDGE('',*,*,#566,.T.);
#726=ORIENTED_EDGE('',*,*,#567,.F.);
#727=ORIENTED_EDGE('',*,*,#568,.T.);
#728=ORIENTED_EDGE('',*,*,#569,.F.);
#729=ORIENTED_EDGE('',*,*,#570,.T.);
#730=ORIENTED_EDGE('',*,*,#571,.F.);
#731=ORIENTED_EDGE('',*,*,#572,.T.);
#732=ORIENTED_EDGE('',*,*,#573,.F.);
#733=ORIENTED_EDGE('',*,*,#574,.T.);
#734=ORIENTED_EDGE('',*,*,#575,.F.);
#735=ORIENTED_EDGE('',*,*,#576,.T.);
#736=ORIENTED_EDGE('',*,*,#577,.F.);
#737=ORIENTED_EDGE('',*,*,#564,.F.);
#738=ORIENTED_EDGE('',*,*,#578,.T.);
#739=ORIENTED_EDGE('',*,*,#566,.F.);
#740=ORIENTED_EDGE('',*,*,#579,.F.);
#741=ORIENTED_EDGE('',*,*,#580,.F.);
#742=ORIENTED_EDGE('',*,*,#568,.F.);
#743=ORIENTED_EDGE('',*,*,#581,.F.);
#744=ORIENTED_EDGE('',*,*,#582,.F.);
#745=ORIENTED_EDGE('',*,*,#576,.F.);
#746=ORIENTED_EDGE('',*,*,#583,.F.);
#747=ORIENTED_EDGE('',*,*,#584,.F.);
#748=ORIENTED_EDGE('',*,*,#570,.F.);
#749=ORIENTED_EDGE('',*,*,#585,.F.);
#750=ORIENTED_EDGE('',*,*,#586,.F.);
#751=ORIENTED_EDGE('',*,*,#574,.F.);
#752=ORIENTED_EDGE('',*,*,#587,.F.);
#753=ORIENTED_EDGE('',*,*,#588,.F.);
#754=ORIENTED_EDGE('',*,*,#563,.F.);
#755=ORIENTED_EDGE('',*,*,#589,.T.);
#756=ORIENTED_EDGE('',*,*,#554,.F.);
#757=ORIENTED_EDGE('',*,*,#589,.F.);
#758=ORIENTED_EDGE('',*,*,#578,.F.);
#759=ORIENTED_EDGE('',*,*,#590,.T.);
#760=ORIENTED_EDGE('',*,*,#591,.T.);
#761=ORIENTED_EDGE('',*,*,#592,.F.);
#762=ORIENTED_EDGE('',*,*,#593,.T.);
#763=ORIENTED_EDGE('',*,*,#594,.F.);
#764=ORIENTED_EDGE('',*,*,#595,.T.);
#765=ORIENTED_EDGE('',*,*,#596,.F.);
#766=ORIENTED_EDGE('',*,*,#597,.T.);
#767=ORIENTED_EDGE('',*,*,#598,.F.);
#768=ORIENTED_EDGE('',*,*,#599,.T.);
#769=ORIENTED_EDGE('',*,*,#600,.F.);
#770=ORIENTED_EDGE('',*,*,#601,.T.);
#771=ORIENTED_EDGE('',*,*,#602,.F.);
#772=ORIENTED_EDGE('',*,*,#603,.T.);
#773=ORIENTED_EDGE('',*,*,#604,.F.);
#774=ORIENTED_EDGE('',*,*,#591,.F.);
#775=ORIENTED_EDGE('',*,*,#605,.T.);
#776=ORIENTED_EDGE('',*,*,#593,.F.);
#777=ORIENTED_EDGE('',*,*,#606,.F.);
#778=ORIENTED_EDGE('',*,*,#607,.F.);
#779=ORIENTED_EDGE('',*,*,#595,.F.);
#780=ORIENTED_EDGE('',*,*,#608,.F.);
#781=ORIENTED_EDGE('',*,*,#609,.F.);
#782=ORIENTED_EDGE('',*,*,#603,.F.);
#783=ORIENTED_EDGE('',*,*,#610,.F.);
#784=ORIENTED_EDGE('',*,*,#611,.F.);
#785=ORIENTED_EDGE('',*,*,#597,.F.);
#786=ORIENTED_EDGE('',*,*,#612,.F.);
#787=ORIENTED_EDGE('',*,*,#613,.F.);
#788=ORIENTED_EDGE('',*,*,#601,.F.);
#789=ORIENTED_EDGE('',*,*,#614,.F.);
#790=ORIENTED_EDGE('',*,*,#615,.F.);
#791=ORIENTED_EDGE('',*,*,#590,.F.);
#792=ORIENTED_EDGE('',*,*,#616,.T.);
#793=ORIENTED_EDGE('',*,*,#555,.F.);
#794=ORIENTED_EDGE('',*,*,#616,.F.);
#795=ORIENTED_EDGE('',*,*,#605,.F.);
#796=ORIENTED_EDGE('',*,*,#553,.F.);
#797=ORIENTED_EDGE('',*,*,#617,.T.);
#798=ORIENTED_EDGE('',*,*,#618,.T.);
#799=ORIENTED_EDGE('',*,*,#617,.F.);
#800=ORIENTED_EDGE('',*,*,#618,.F.);
#801=ORIENTED_EDGE('',*,*,#531,.F.);
#802=ORIENTED_EDGE('',*,*,#619,.T.);
#803=ORIENTED_EDGE('',*,*,#620,.T.);
#804=ORIENTED_EDGE('',*,*,#598,.T.);
#805=ORIENTED_EDGE('',*,*,#613,.T.);
#806=ORIENTED_EDGE('',*,*,#621,.F.);
#807=ORIENTED_EDGE('',*,*,#536,.F.);
#808=ORIENTED_EDGE('',*,*,#622,.T.);
#809=ORIENTED_EDGE('',*,*,#614,.T.);
#810=ORIENTED_EDGE('',*,*,#600,.T.);
#811=ORIENTED_EDGE('',*,*,#623,.T.);
#812=ORIENTED_EDGE('',*,*,#619,.F.);
#813=ORIENTED_EDGE('',*,*,#535,.F.);
#814=ORIENTED_EDGE('',*,*,#624,.T.);
#815=ORIENTED_EDGE('',*,*,#610,.T.);
#816=ORIENTED_EDGE('',*,*,#602,.T.);
#817=ORIENTED_EDGE('',*,*,#615,.T.);
#818=ORIENTED_EDGE('',*,*,#622,.F.);
#819=ORIENTED_EDGE('',*,*,#534,.F.);
#820=ORIENTED_EDGE('',*,*,#625,.T.);
#821=ORIENTED_EDGE('',*,*,#606,.T.);
#822=ORIENTED_EDGE('',*,*,#592,.T.);
#823=ORIENTED_EDGE('',*,*,#604,.T.);
#824=ORIENTED_EDGE('',*,*,#611,.T.);
#825=ORIENTED_EDGE('',*,*,#624,.F.);
#826=ORIENTED_EDGE('',*,*,#533,.F.);
#827=ORIENTED_EDGE('',*,*,#626,.T.);
#828=ORIENTED_EDGE('',*,*,#608,.T.);
#829=ORIENTED_EDGE('',*,*,#594,.T.);
#830=ORIENTED_EDGE('',*,*,#607,.T.);
#831=ORIENTED_EDGE('',*,*,#625,.F.);
#832=ORIENTED_EDGE('',*,*,#532,.F.);
#833=ORIENTED_EDGE('',*,*,#621,.T.);
#834=ORIENTED_EDGE('',*,*,#612,.T.);
#835=ORIENTED_EDGE('',*,*,#596,.T.);
#836=ORIENTED_EDGE('',*,*,#609,.T.);
#837=ORIENTED_EDGE('',*,*,#626,.F.);
#838=ORIENTED_EDGE('',*,*,#599,.F.);
#839=ORIENTED_EDGE('',*,*,#620,.F.);
#840=ORIENTED_EDGE('',*,*,#623,.F.);
#841=ORIENTED_EDGE('',*,*,#525,.F.);
#842=ORIENTED_EDGE('',*,*,#627,.T.);
#843=ORIENTED_EDGE('',*,*,#579,.T.);
#844=ORIENTED_EDGE('',*,*,#565,.T.);
#845=ORIENTED_EDGE('',*,*,#577,.T.);
#846=ORIENTED_EDGE('',*,*,#584,.T.);
#847=ORIENTED_EDGE('',*,*,#628,.F.);
#848=ORIENTED_EDGE('',*,*,#530,.F.);
#849=ORIENTED_EDGE('',*,*,#629,.T.);
#850=ORIENTED_EDGE('',*,*,#581,.T.);
#851=ORIENTED_EDGE('',*,*,#567,.T.);
#852=ORIENTED_EDGE('',*,*,#580,.T.);
#853=ORIENTED_EDGE('',*,*,#627,.F.);
#854=ORIENTED_EDGE('',*,*,#529,.F.);
#855=ORIENTED_EDGE('',*,*,#630,.T.);
#856=ORIENTED_EDGE('',*,*,#585,.T.);
#857=ORIENTED_EDGE('',*,*,#569,.T.);
#858=ORIENTED_EDGE('',*,*,#582,.T.);
#859=ORIENTED_EDGE('',*,*,#629,.F.);
#860=ORIENTED_EDGE('',*,*,#528,.F.);
#861=ORIENTED_EDGE('',*,*,#631,.T.);
#862=ORIENTED_EDGE('',*,*,#632,.T.);
#863=ORIENTED_EDGE('',*,*,#571,.T.);
#864=ORIENTED_EDGE('',*,*,#586,.T.);
#865=ORIENTED_EDGE('',*,*,#630,.F.);
#866=ORIENTED_EDGE('',*,*,#527,.F.);
#867=ORIENTED_EDGE('',*,*,#633,.T.);
#868=ORIENTED_EDGE('',*,*,#587,.T.);
#869=ORIENTED_EDGE('',*,*,#573,.T.);
#870=ORIENTED_EDGE('',*,*,#634,.T.);
#871=ORIENTED_EDGE('',*,*,#631,.F.);
#872=ORIENTED_EDGE('',*,*,#526,.F.);
#873=ORIENTED_EDGE('',*,*,#628,.T.);
#874=ORIENTED_EDGE('',*,*,#583,.T.);
#875=ORIENTED_EDGE('',*,*,#575,.T.);
#876=ORIENTED_EDGE('',*,*,#588,.T.);
#877=ORIENTED_EDGE('',*,*,#633,.F.);
#878=ORIENTED_EDGE('',*,*,#572,.F.);
#879=ORIENTED_EDGE('',*,*,#632,.F.);
#880=ORIENTED_EDGE('',*,*,#634,.F.);
#881=ORIENTED_EDGE('',*,*,#546,.T.);
#882=ORIENTED_EDGE('',*,*,#635,.T.);
#883=ORIENTED_EDGE('',*,*,#518,.T.);
#884=ORIENTED_EDGE('',*,*,#562,.T.);
#885=ORIENTED_EDGE('',*,*,#635,.F.);
#886=ORIENTED_EDGE('',*,*,#545,.T.);
#887=ORIENTED_EDGE('',*,*,#636,.T.);
#888=ORIENTED_EDGE('',*,*,#519,.T.);
#889=ORIENTED_EDGE('',*,*,#542,.T.);
#890=ORIENTED_EDGE('',*,*,#540,.T.);
#891=ORIENTED_EDGE('',*,*,#522,.T.);
#892=ORIENTED_EDGE('',*,*,#637,.T.);
#893=ORIENTED_EDGE('',*,*,#637,.F.);
#894=ORIENTED_EDGE('',*,*,#521,.T.);
#895=ORIENTED_EDGE('',*,*,#638,.F.);
#896=ORIENTED_EDGE('',*,*,#543,.T.);
#897=ORIENTED_EDGE('',*,*,#544,.T.);
#898=ORIENTED_EDGE('',*,*,#638,.T.);
#899=ORIENTED_EDGE('',*,*,#520,.T.);
#900=ORIENTED_EDGE('',*,*,#636,.F.);
#901=ORIENTED_EDGE('',*,*,#639,.F.);
#902=ORIENTED_EDGE('',*,*,#550,.F.);
#903=ORIENTED_EDGE('',*,*,#640,.F.);
#904=ORIENTED_EDGE('',*,*,#514,.F.);
#905=ORIENTED_EDGE('',*,*,#641,.F.);
#906=ORIENTED_EDGE('',*,*,#524,.T.);
#907=ORIENTED_EDGE('',*,*,#642,.T.);
#908=ORIENTED_EDGE('',*,*,#643,.T.);
#909=ORIENTED_EDGE('',*,*,#644,.T.);
#910=ORIENTED_EDGE('',*,*,#645,.T.);
#911=ORIENTED_EDGE('',*,*,#556,.T.);
#912=ORIENTED_EDGE('',*,*,#645,.F.);
#913=ORIENTED_EDGE('',*,*,#642,.F.);
#914=ORIENTED_EDGE('',*,*,#646,.T.);
#915=ORIENTED_EDGE('',*,*,#560,.T.);
#916=ORIENTED_EDGE('',*,*,#647,.T.);
#917=ORIENTED_EDGE('',*,*,#648,.T.);
#918=ORIENTED_EDGE('',*,*,#649,.T.);
#919=ORIENTED_EDGE('',*,*,#650,.F.);
#920=ORIENTED_EDGE('',*,*,#651,.F.);
#921=ORIENTED_EDGE('',*,*,#652,.F.);
#922=ORIENTED_EDGE('',*,*,#557,.T.);
#923=ORIENTED_EDGE('',*,*,#646,.F.);
#924=ORIENTED_EDGE('',*,*,#559,.T.);
#925=ORIENTED_EDGE('',*,*,#653,.F.);
#926=ORIENTED_EDGE('',*,*,#654,.T.);
#927=ORIENTED_EDGE('',*,*,#647,.F.);
#928=ORIENTED_EDGE('',*,*,#654,.F.);
#929=ORIENTED_EDGE('',*,*,#655,.F.);
#930=ORIENTED_EDGE('',*,*,#656,.T.);
#931=ORIENTED_EDGE('',*,*,#648,.F.);
#932=ORIENTED_EDGE('',*,*,#656,.F.);
#933=ORIENTED_EDGE('',*,*,#657,.F.);
#934=ORIENTED_EDGE('',*,*,#651,.T.);
#935=ORIENTED_EDGE('',*,*,#649,.F.);
#936=ORIENTED_EDGE('',*,*,#658,.F.);
#937=ORIENTED_EDGE('',*,*,#659,.T.);
#938=ORIENTED_EDGE('',*,*,#641,.T.);
#939=ORIENTED_EDGE('',*,*,#659,.F.);
#940=ORIENTED_EDGE('',*,*,#643,.F.);
#941=ORIENTED_EDGE('',*,*,#644,.F.);
#942=ORIENTED_EDGE('',*,*,#660,.T.);
#943=ORIENTED_EDGE('',*,*,#650,.T.);
#944=ORIENTED_EDGE('',*,*,#660,.F.);
#945=ORIENTED_EDGE('',*,*,#652,.T.);
#946=ORIENTED_EDGE('',*,*,#657,.T.);
#947=ORIENTED_EDGE('',*,*,#655,.T.);
#948=ORIENTED_EDGE('',*,*,#653,.T.);
#949=ORIENTED_EDGE('',*,*,#558,.T.);
#950=ORIENTED_EDGE('',*,*,#658,.T.);
#951=ORIENTED_EDGE('',*,*,#561,.T.);
#952=ORIENTED_EDGE('',*,*,#516,.T.);
#953=ORIENTED_EDGE('',*,*,#661,.F.);
#954=ORIENTED_EDGE('',*,*,#548,.T.);
#955=ORIENTED_EDGE('',*,*,#549,.T.);
#956=ORIENTED_EDGE('',*,*,#661,.T.);
#957=ORIENTED_EDGE('',*,*,#515,.T.);
#958=ORIENTED_EDGE('',*,*,#640,.T.);
#959=ORIENTED_EDGE('',*,*,#662,.F.);
#960=ORIENTED_EDGE('',*,*,#512,.T.);
#961=ORIENTED_EDGE('',*,*,#539,.T.);
#962=ORIENTED_EDGE('',*,*,#552,.F.);
#963=ORIENTED_EDGE('',*,*,#513,.T.);
#964=ORIENTED_EDGE('',*,*,#662,.T.);
#965=ORIENTED_EDGE('',*,*,#551,.T.);
#966=ORIENTED_EDGE('',*,*,#639,.T.);
#967=PLANE('',#1075);
#968=PLANE('',#1085);
#969=PLANE('',#1086);
#970=PLANE('',#1096);
#971=PLANE('',#1106);
#972=PLANE('',#1107);
#973=PLANE('',#1108);
#974=PLANE('',#1109);
#975=PLANE('',#1110);
#976=PLANE('',#1121);
#977=PLANE('',#1122);
#978=PLANE('',#1123);
#979=PLANE('',#1124);
#980=PLANE('',#1125);
#981=PLANE('',#1129);
#982=PLANE('',#1130);
#983=PLANE('',#1131);
#984=PLANE('',#1132);
#985=PLANE('',#1133);
#986=PLANE('',#1134);
#987=PLANE('',#1135);
#988=PLANE('',#1136);
#989=PLANE('',#1137);
#990=PLANE('',#1138);
#991=PLANE('',#1139);
#992=PLANE('',#1140);
#993=PLANE('',#1141);
#994=PLANE('',#1142);
#995=PLANE('',#1143);
#996=PLANE('',#1145);
#997=PLANE('',#1147);
#998=PLANE('',#1149);
#999=PLANE('',#1154);
#1000=PLANE('',#1156);
#1001=PLANE('',#1157);
#1002=PLANE('',#1158);
#1003=PLANE('',#1159);
#1004=PLANE('',#1163);
#1005=PLANE('',#1164);
#1006=PLANE('',#1166);
#1007=ADVANCED_FACE('',(#56,#45,#46,#47),#967,.F.);
#1008=ADVANCED_FACE('',(#57),#33,.T.);
#1009=ADVANCED_FACE('',(#58),#968,.F.);
#1010=ADVANCED_FACE('',(#59,#48,#49,#50,#51,#52),#969,.F.);
#1011=ADVANCED_FACE('',(#60),#970,.F.);
#1012=ADVANCED_FACE('',(#61),#31,.F.);
#1013=ADVANCED_FACE('',(#62),#971,.T.);
#1014=ADVANCED_FACE('',(#63),#972,.T.);
#1015=ADVANCED_FACE('',(#64),#973,.T.);
#1016=ADVANCED_FACE('',(#65),#974,.T.);
#1017=ADVANCED_FACE('',(#66),#975,.T.);
#1018=ADVANCED_FACE('',(#67),#34,.F.);
#1019=ADVANCED_FACE('',(#68),#32,.F.);
#1020=ADVANCED_FACE('',(#69),#976,.T.);
#1021=ADVANCED_FACE('',(#70),#977,.T.);
#1022=ADVANCED_FACE('',(#71),#978,.T.);
#1023=ADVANCED_FACE('',(#72),#979,.T.);
#1024=ADVANCED_FACE('',(#73),#980,.T.);
#1025=ADVANCED_FACE('',(#74),#35,.F.);
#1026=ADVANCED_FACE('',(#75),#36,.F.);
#1027=ADVANCED_FACE('',(#76),#981,.F.);
#1028=ADVANCED_FACE('',(#77),#982,.F.);
#1029=ADVANCED_FACE('',(#78),#983,.F.);
#1030=ADVANCED_FACE('',(#79),#984,.F.);
#1031=ADVANCED_FACE('',(#80),#985,.F.);
#1032=ADVANCED_FACE('',(#81),#986,.F.);
#1033=ADVANCED_FACE('',(#82),#987,.F.);
#1034=ADVANCED_FACE('',(#83),#988,.T.);
#1035=ADVANCED_FACE('',(#84),#989,.F.);
#1036=ADVANCED_FACE('',(#85),#990,.F.);
#1037=ADVANCED_FACE('',(#86),#991,.F.);
#1038=ADVANCED_FACE('',(#87),#992,.F.);
#1039=ADVANCED_FACE('',(#88),#993,.F.);
#1040=ADVANCED_FACE('',(#89),#994,.F.);
#1041=ADVANCED_FACE('',(#90),#995,.T.);
#1042=ADVANCED_FACE('',(#91),#37,.T.);
#1043=ADVANCED_FACE('',(#92),#996,.F.);
#1044=ADVANCED_FACE('',(#93),#38,.T.);
#1045=ADVANCED_FACE('',(#94),#997,.F.);
#1046=ADVANCED_FACE('',(#95),#39,.T.);
#1047=ADVANCED_FACE('',(#96,#53),#998,.F.);
#1048=ADVANCED_FACE('',(#97),#40,.F.);
#1049=ADVANCED_FACE('',(#98,#54),#999,.F.);
#1050=ADVANCED_FACE('',(#99),#1000,.T.);
#1051=ADVANCED_FACE('',(#100),#1001,.T.);
#1052=ADVANCED_FACE('',(#101),#1002,.T.);
#1053=ADVANCED_FACE('',(#102),#1003,.T.);
#1054=ADVANCED_FACE('',(#103),#41,.F.);
#1055=ADVANCED_FACE('',(#104),#42,.F.);
#1056=ADVANCED_FACE('',(#105,#55),#1004,.T.);
#1057=ADVANCED_FACE('',(#106),#1005,.F.);
#1058=ADVANCED_FACE('',(#107),#43,.T.);
#1059=ADVANCED_FACE('',(#108),#1006,.F.);
#1060=ADVANCED_FACE('',(#109),#44,.T.);
#1061=CLOSED_SHELL('',(#1007,#1008,#1009,#1010,#1011,#1012,#1013,#1014,
#1015,#1016,#1017,#1018,#1019,#1020,#1021,#1022,#1023,#1024,#1025,#1026,
#1027,#1028,#1029,#1030,#1031,#1032,#1033,#1034,#1035,#1036,#1037,#1038,
#1039,#1040,#1041,#1042,#1043,#1044,#1045,#1046,#1047,#1048,#1049,#1050,
#1051,#1052,#1053,#1054,#1055,#1056,#1057,#1058,#1059,#1060));
#1062=DERIVED_UNIT_ELEMENT(#1064,1.);
#1063=DERIVED_UNIT_ELEMENT(#1796,-3.);
#1064=(
MASS_UNIT()
NAMED_UNIT(*)
SI_UNIT(.KILO.,.GRAM.)
);
#1065=DERIVED_UNIT((#1062,#1063));
#1066=MEASURE_REPRESENTATION_ITEM('density measure',
POSITIVE_RATIO_MEASURE(7850.),#1065);
#1067=PROPERTY_DEFINITION_REPRESENTATION(#1072,#1069);
#1068=PROPERTY_DEFINITION_REPRESENTATION(#1073,#1070);
#1069=REPRESENTATION('material name',(#1071),#1793);
#1070=REPRESENTATION('density',(#1066),#1793);
#1071=DESCRIPTIVE_REPRESENTATION_ITEM('Stahl','Stahl');
#1072=PROPERTY_DEFINITION('material property','material name',#1803);
#1073=PROPERTY_DEFINITION('material property','density of part',#1803);
#1074=AXIS2_PLACEMENT_3D('',#1455,#1168,#1169);
#1075=AXIS2_PLACEMENT_3D('',#1456,#1170,#1171);
#1076=AXIS2_PLACEMENT_3D('',#1459,#1172,#1173);
#1077=AXIS2_PLACEMENT_3D('',#1463,#1175,#1176);
#1078=AXIS2_PLACEMENT_3D('',#1467,#1178,#1179);
#1079=AXIS2_PLACEMENT_3D('',#1473,#1182,#1183);
#1080=AXIS2_PLACEMENT_3D('',#1477,#1185,#1186);
#1081=AXIS2_PLACEMENT_3D('',#1481,#1188,#1189);
#1082=AXIS2_PLACEMENT_3D('',#1484,#1191,#1192);
#1083=AXIS2_PLACEMENT_3D('',#1509,#1205,#1206);
#1084=AXIS2_PLACEMENT_3D('',#1513,#1208,#1209);
#1085=AXIS2_PLACEMENT_3D('',#1515,#1211,#1212);
#1086=AXIS2_PLACEMENT_3D('',#1519,#1215,#1216);
#1087=AXIS2_PLACEMENT_3D('',#1521,#1217,#1218);
#1088=AXIS2_PLACEMENT_3D('',#1525,#1220,#1221);
#1089=AXIS2_PLACEMENT_3D('',#1529,#1223,#1224);
#1090=AXIS2_PLACEMENT_3D('',#1535,#1227,#1228);
#1091=AXIS2_PLACEMENT_3D('',#1539,#1230,#1231);
#1092=AXIS2_PLACEMENT_3D('',#1542,#1233,#1234);
#1093=AXIS2_PLACEMENT_3D('',#1544,#1235,#1236);
#1094=AXIS2_PLACEMENT_3D('',#1546,#1237,#1238);
#1095=AXIS2_PLACEMENT_3D('',#1548,#1239,#1240);
#1096=AXIS2_PLACEMENT_3D('',#1557,#1245,#1246);
#1097=AXIS2_PLACEMENT_3D('',#1560,#1249,#1250);
#1098=AXIS2_PLACEMENT_3D('',#1563,#1251,#1252);
#1099=AXIS2_PLACEMENT_3D('',#1571,#1254,#1255);
#1100=AXIS2_PLACEMENT_3D('',#1577,#1256,#1257);
#1101=AXIS2_PLACEMENT_3D('',#1583,#1258,#1259);
#1102=AXIS2_PLACEMENT_3D('',#1589,#1260,#1261);
#1103=AXIS2_PLACEMENT_3D('',#1595,#1262,#1263);
#1104=AXIS2_PLACEMENT_3D('',#1601,#1264,#1265);
#1105=AXIS2_PLACEMENT_3D('',#1605,#1266,#1267);
#1106=AXIS2_PLACEMENT_3D('',#1606,#1268,#1269);
#1107=AXIS2_PLACEMENT_3D('',#1610,#1272,#1273);
#1108=AXIS2_PLACEMENT_3D('',#1614,#1276,#1277);
#1109=AXIS2_PLACEMENT_3D('',#1618,#1280,#1281);
#1110=AXIS2_PLACEMENT_3D('',#1622,#1284,#1285);
#1111=AXIS2_PLACEMENT_3D('',#1626,#1288,#1289);
#1112=AXIS2_PLACEMENT_3D('',#1628,#1291,#1292);
#1113=AXIS2_PLACEMENT_3D('',#1631,#1293,#1294);
#1114=AXIS2_PLACEMENT_3D('',#1639,#1296,#1297);
#1115=AXIS2_PLACEMENT_3D('',#1645,#1298,#1299);
#1116=AXIS2_PLACEMENT_3D('',#1651,#1300,#1301);
#1117=AXIS2_PLACEMENT_3D('',#1657,#1302,#1303);
#1118=AXIS2_PLACEMENT_3D('',#1663,#1304,#1305);
#1119=AXIS2_PLACEMENT_3D('',#1669,#1306,#1307);
#1120=AXIS2_PLACEMENT_3D('',#1673,#1308,#1309);
#1121=AXIS2_PLACEMENT_3D('',#1674,#1310,#1311);
#1122=AXIS2_PLACEMENT_3D('',#1678,#1314,#1315);
#1123=AXIS2_PLACEMENT_3D('',#1682,#1318,#1319);
#1124=AXIS2_PLACEMENT_3D('',#1686,#1322,#1323);
#1125=AXIS2_PLACEMENT_3D('',#1690,#1326,#1327);
#1126=AXIS2_PLACEMENT_3D('',#1694,#1330,#1331);
#1127=AXIS2_PLACEMENT_3D('',#1696,#1333,#1334);
#1128=AXIS2_PLACEMENT_3D('',#1699,#1336,#1337);
#1129=AXIS2_PLACEMENT_3D('',#1700,#1338,#1339);
#1130=AXIS2_PLACEMENT_3D('',#1701,#1340,#1341);
#1131=AXIS2_PLACEMENT_3D('',#1706,#1345,#1346);
#1132=AXIS2_PLACEMENT_3D('',#1709,#1349,#1350);
#1133=AXIS2_PLACEMENT_3D('',#1711,#1352,#1353);
#1134=AXIS2_PLACEMENT_3D('',#1713,#1355,#1356);
#1135=AXIS2_PLACEMENT_3D('',#1715,#1358,#1359);
#1136=AXIS2_PLACEMENT_3D('',#1716,#1360,#1361);
#1137=AXIS2_PLACEMENT_3D('',#1717,#1362,#1363);
#1138=AXIS2_PLACEMENT_3D('',#1720,#1366,#1367);
#1139=AXIS2_PLACEMENT_3D('',#1722,#1369,#1370);
#1140=AXIS2_PLACEMENT_3D('',#1724,#1372,#1373);
#1141=AXIS2_PLACEMENT_3D('',#1728,#1376,#1377);
#1142=AXIS2_PLACEMENT_3D('',#1731,#1380,#1381);
#1143=AXIS2_PLACEMENT_3D('',#1732,#1382,#1383);
#1144=AXIS2_PLACEMENT_3D('',#1733,#1384,#1385);
#1145=AXIS2_PLACEMENT_3D('',#1735,#1387,#1388);
#1146=AXIS2_PLACEMENT_3D('',#1737,#1390,#1391);
#1147=AXIS2_PLACEMENT_3D('',#1739,#1393,#1394);
#1148=AXIS2_PLACEMENT_3D('',#1741,#1396,#1397);
#1149=AXIS2_PLACEMENT_3D('',#1742,#1398,#1399);
#1150=AXIS2_PLACEMENT_3D('',#1746,#1402,#1403);
#1151=AXIS2_PLACEMENT_3D('',#1747,#1404,#1405);
#1152=AXIS2_PLACEMENT_3D('',#1751,#1407,#1408);
#1153=AXIS2_PLACEMENT_3D('',#1752,#1409,#1410);
#1154=AXIS2_PLACEMENT_3D('',#1754,#1412,#1413);
#1155=AXIS2_PLACEMENT_3D('',#1763,#1418,#1419);
#1156=AXIS2_PLACEMENT_3D('',#1764,#1420,#1421);
#1157=AXIS2_PLACEMENT_3D('',#1768,#1424,#1425);
#1158=AXIS2_PLACEMENT_3D('',#1772,#1428,#1429);
#1159=AXIS2_PLACEMENT_3D('',#1776,#1432,#1433);
#1160=AXIS2_PLACEMENT_3D('',#1778,#1435,#1436);
#1161=AXIS2_PLACEMENT_3D('',#1780,#1437,#1438);
#1162=AXIS2_PLACEMENT_3D('',#1782,#1440,#1441);
#1163=AXIS2_PLACEMENT_3D('',#1784,#1443,#1444);
#1164=AXIS2_PLACEMENT_3D('',#1785,#1445,#1446);
#1165=AXIS2_PLACEMENT_3D('',#1787,#1448,#1449);
#1166=AXIS2_PLACEMENT_3D('',#1788,#1450,#1451);
#1167=AXIS2_PLACEMENT_3D('',#1790,#1453,#1454);
#1168=DIRECTION('axis',(0.,0.,1.));
#1169=DIRECTION('refdir',(1.,0.,0.));
#1170=DIRECTION('center_axis',(-1.04079632570238E-16,6.20512289593583E-17,
1.));
#1171=DIRECTION('ref_axis',(-1.,-1.94122495855535E-13,-1.04079632570226E-16));
#1172=DIRECTION('center_axis',(-1.04079632570238E-16,6.20512289593583E-17,
1.));
#1173=DIRECTION('ref_axis',(-0.275298223530524,-0.961358875821583,3.10005617634202E-17));
#1174=DIRECTION('',(1.94122495855535E-13,-1.,6.20512289593785E-17));
#1175=DIRECTION('center_axis',(-1.04079632570238E-16,6.20512289593583E-17,
1.));
#1176=DIRECTION('ref_axis',(-0.707106781186686,0.707106781186409,-1.17472258751947E-16));
#1177=DIRECTION('',(1.,1.94122495855535E-13,1.04079632570226E-16));
#1178=DIRECTION('center_axis',(-1.04079632570238E-16,6.20512289593583E-17,
1.));
#1179=DIRECTION('ref_axis',(0.707106781186412,0.707106781186683,2.97185691956757E-17));
#1180=DIRECTION('',(-1.94122495855535E-13,1.,-6.20512289593785E-17));
#1181=DIRECTION('',(-0.974315906456576,0.225185511136264,-1.15379479261185E-16));
#1182=DIRECTION('center_axis',(-1.04079632570238E-16,6.20512289593583E-17,
1.));
#1183=DIRECTION('ref_axis',(-0.974315906456578,0.225185511136257,-1.15379479261185E-16));
#1184=DIRECTION('',(-0.974315906456576,0.225185511136264,-1.15379479261185E-16));
#1185=DIRECTION('center_axis',(-1.04079632570238E-16,6.20512289593583E-17,
1.));
#1186=DIRECTION('ref_axis',(0.225185511136264,0.974315906456576,-3.70202741310781E-17));
#1187=DIRECTION('',(0.974315906456576,-0.225185511136264,1.15379479261185E-16));
#1188=DIRECTION('center_axis',(-1.04079632570238E-16,6.20512289593583E-17,
1.));
#1189=DIRECTION('ref_axis',(0.974315906456578,-0.225185511136257,1.15379479261185E-16));
#1190=DIRECTION('',(0.974315906456576,-0.225185511136264,1.15379479261185E-16));
#1191=DIRECTION('center_axis',(1.04079632570238E-16,-6.20512289593583E-17,
-1.));
#1192=DIRECTION('ref_axis',(-1.,-1.94122495855535E-13,-1.04079632570226E-16));
#1193=DIRECTION('',(0.292141580020108,-0.956375081870787,8.97502374831708E-17));
#1194=DIRECTION('',(0.974315906456578,-0.225185511136254,1.15379479261185E-16));
#1195=DIRECTION('',(0.682174326436469,0.731189570734533,2.56292417780139E-17));
#1196=DIRECTION('',(-0.292141580020109,0.956375081870787,-8.97502374831709E-17));
#1197=DIRECTION('',(-0.974315906456578,0.225185511136255,-1.15379479261185E-16));
#1198=DIRECTION('',(-0.682174326436469,-0.731189570734532,-2.56292417780139E-17));
#1199=DIRECTION('',(-0.292141580020108,0.956375081870787,-8.97502374831708E-17));
#1200=DIRECTION('',(-0.974315906456578,0.225185511136254,-1.15379479261185E-16));
#1201=DIRECTION('',(-0.682174326436469,-0.731189570734532,-2.56292417780139E-17));
#1202=DIRECTION('',(0.292141580020109,-0.956375081870787,8.97502374831709E-17));
#1203=DIRECTION('',(0.974315906456578,-0.225185511136255,1.15379479261185E-16));
#1204=DIRECTION('',(0.682174326436469,0.731189570734532,2.56292417780139E-17));
#1205=DIRECTION('center_axis',(-1.04079632570238E-16,6.20512289593583E-17,
1.));
#1206=DIRECTION('ref_axis',(-0.275298223530524,-0.961358875821583,3.10005617634202E-17));
#1207=DIRECTION('',(-1.04079632570238E-16,6.20512289593583E-17,1.));
#1208=DIRECTION('center_axis',(1.04079632570238E-16,-6.20512289593583E-17,
-1.));
#1209=DIRECTION('ref_axis',(-0.275298223530524,-0.961358875821583,3.10005617634202E-17));
#1210=DIRECTION('',(-1.04079632570238E-16,6.20512289593583E-17,1.));
#1211=DIRECTION('center_axis',(0.225185511136264,0.974315906456576,-3.70202741310781E-17));
#1212=DIRECTION('ref_axis',(0.974315906456576,-0.225185511136264,1.15379479261185E-16));
#1213=DIRECTION('',(1.04079632570238E-16,-6.20512289593583E-17,-1.));
#1214=DIRECTION('',(-0.974315906456576,0.225185511136264,-1.15379479261185E-16));
#1215=DIRECTION('center_axis',(1.04079632570238E-16,-6.20512289593583E-17,
-1.));
#1216=DIRECTION('ref_axis',(1.,1.94122495855535E-13,1.04079632570226E-16));
#1217=DIRECTION('center_axis',(1.04079632570238E-16,-6.20512289593583E-17,
-1.));
#1218=DIRECTION('ref_axis',(0.974315906456578,-0.225185511136257,1.15379479261185E-16));
#1219=DIRECTION('',(-0.974315906456576,0.225185511136264,-1.15379479261185E-16));
#1220=DIRECTION('center_axis',(1.04079632570238E-16,-6.20512289593583E-17,
-1.));
#1221=DIRECTION('ref_axis',(0.225185511136264,0.974315906456576,-3.70202741310781E-17));
#1222=DIRECTION('',(0.974315906456576,-0.225185511136264,1.15379479261185E-16));
#1223=DIRECTION('center_axis',(1.04079632570238E-16,-6.20512289593583E-17,
-1.));
#1224=DIRECTION('ref_axis',(-0.974315906456578,0.225185511136257,-1.15379479261185E-16));
#1225=DIRECTION('',(0.974315906456576,-0.225185511136264,1.15379479261185E-16));
#1226=DIRECTION('',(1.94122495855535E-13,-1.,6.20512289593785E-17));
#1227=DIRECTION('center_axis',(1.04079632570238E-16,-6.20512289593583E-17,
-1.));
#1228=DIRECTION('ref_axis',(0.707106781186412,0.707106781186683,2.97185691956757E-17));
#1229=DIRECTION('',(-1.,-1.94122495855535E-13,-1.04079632570226E-16));
#1230=DIRECTION('center_axis',(1.04079632570238E-16,-6.20512289593583E-17,
-1.));
#1231=DIRECTION('ref_axis',(-0.707106781186686,0.707106781186409,-1.17472258751947E-16));
#1232=DIRECTION('',(1.94122495855535E-13,-1.,6.20512289593785E-17));
#1233=DIRECTION('center_axis',(1.04079632570238E-16,-6.20512289593583E-17,
-1.));
#1234=DIRECTION('ref_axis',(0.998660415706797,0.0517433483679544,1.00729470772501E-16));
#1235=DIRECTION('center_axis',(1.04079632570238E-16,-6.20512289593583E-17,
-1.));
#1236=DIRECTION('ref_axis',(-0.998660415706797,-0.0517433483679545,-1.00729470772501E-16));
#1237=DIRECTION('center_axis',(1.04079632570238E-16,-6.20512289593583E-17,
-1.));
#1238=DIRECTION('ref_axis',(-0.998660415706797,-0.0517433483679545,-1.00729470772501E-16));
#1239=DIRECTION('center_axis',(-1.04079632570238E-16,6.20512289593583E-17,
1.));
#1240=DIRECTION('ref_axis',(-1.,-1.94122495855535E-13,-1.04079632570226E-16));
#1241=DIRECTION('',(1.94122495855535E-13,-1.,6.20512289593785E-17));
#1242=DIRECTION('',(-1.,-1.94122495855535E-13,-1.04079632570226E-16));
#1243=DIRECTION('',(-1.94122495855535E-13,1.,-6.20512289593785E-17));
#1244=DIRECTION('',(1.,1.94122495855535E-13,1.04079632570226E-16));
#1245=DIRECTION('center_axis',(-0.225185511136264,-0.974315906456576,3.70202741310781E-17));
#1246=DIRECTION('ref_axis',(-0.974315906456576,0.225185511136264,-1.15379479261185E-16));
#1247=DIRECTION('',(1.04079632570238E-16,-6.20512289593583E-17,-1.));
#1248=DIRECTION('',(-1.04079632570238E-16,6.20512289593583E-17,1.));
#1249=DIRECTION('center_axis',(1.04079632570238E-16,-6.20512289593583E-17,
-1.));
#1250=DIRECTION('ref_axis',(0.998660415706797,0.0517433483679544,1.00729470772501E-16));
#1251=DIRECTION('center_axis',(-1.13777643024165E-16,6.33920134258903E-17,
1.));
#1252=DIRECTION('ref_axis',(0.998660415706797,0.0517433483679545,1.1034511324621E-16));
#1253=DIRECTION('',(-0.706159552048852,-0.0365880725122784,-0.707106781186548));
#1254=DIRECTION('center_axis',(1.13777643024165E-16,-6.33920134258903E-17,
-1.));
#1255=DIRECTION('ref_axis',(0.998660415706797,0.0517433483679545,1.1034511324621E-16));
#1256=DIRECTION('center_axis',(1.13777643024165E-16,-6.33920134258903E-17,
-1.));
#1257=DIRECTION('ref_axis',(0.998660415706797,0.0517433483679545,1.1034511324621E-16));
#1258=DIRECTION('center_axis',(1.13777643024165E-16,-6.33920134258903E-17,
-1.));
#1259=DIRECTION('ref_axis',(0.998660415706797,0.0517433483679545,1.1034511324621E-16));
#1260=DIRECTION('center_axis',(1.13777643024165E-16,-6.33920134258903E-17,
-1.));
#1261=DIRECTION('ref_axis',(0.998660415706797,0.0517433483679545,1.1034511324621E-16));
#1262=DIRECTION('center_axis',(1.13777643024165E-16,-6.33920134258903E-17,
-1.));
#1263=DIRECTION('ref_axis',(0.998660415706797,0.0517433483679545,1.1034511324621E-16));
#1264=DIRECTION('center_axis',(1.13777643024165E-16,-6.33920134258903E-17,
-1.));
#1265=DIRECTION('ref_axis',(0.998660415706797,0.0517433483679545,1.1034511324621E-16));
#1266=DIRECTION('center_axis',(-1.13777643024165E-16,6.33920134258903E-17,
1.));
#1267=DIRECTION('ref_axis',(0.998660415706797,0.0517433483679545,1.1034511324621E-16));
#1268=DIRECTION('center_axis',(1.13777643024165E-16,-6.33920134258903E-17,
-1.));
#1269=DIRECTION('ref_axis',(0.998660415706797,0.0517433483679544,1.1034511324621E-16));
#1270=DIRECTION('',(0.292141580020108,-0.956375081870787,9.38657224341834E-17));
#1271=DIRECTION('',(-0.682174326436469,-0.731189570734532,-3.12646079086646E-17));
#1272=DIRECTION('center_axis',(1.13777643024165E-16,-6.33920134258903E-17,
-1.));
#1273=DIRECTION('ref_axis',(0.998660415706797,0.0517433483679544,1.1034511324621E-16));
#1274=DIRECTION('',(-0.682174326436469,-0.731189570734532,-3.12646079086646E-17));
#1275=DIRECTION('',(-0.974315906456578,0.225185511136255,-1.25130330342848E-16));
#1276=DIRECTION('center_axis',(1.13777643024165E-16,-6.33920134258903E-17,
-1.));
#1277=DIRECTION('ref_axis',(0.998660415706797,0.0517433483679544,1.1034511324621E-16));
#1278=DIRECTION('',(0.974315906456578,-0.225185511136254,1.25130330342848E-16));
#1279=DIRECTION('',(0.292141580020108,-0.956375081870787,9.38657224341834E-17));
#1280=DIRECTION('center_axis',(1.13777643024165E-16,-6.33920134258903E-17,
-1.));
#1281=DIRECTION('ref_axis',(0.998660415706797,0.0517433483679544,1.1034511324621E-16));
#1282=DIRECTION('',(-0.974315906456578,0.225185511136255,-1.25130330342848E-16));
#1283=DIRECTION('',(-0.292141580020109,0.956375081870787,-9.38657224341835E-17));
#1284=DIRECTION('center_axis',(1.13777643024165E-16,-6.33920134258903E-17,
-1.));
#1285=DIRECTION('ref_axis',(0.998660415706797,0.0517433483679544,1.1034511324621E-16));
#1286=DIRECTION('',(0.682174326436469,0.731189570734533,3.12646079086646E-17));
#1287=DIRECTION('',(0.974315906456578,-0.225185511136254,1.25130330342848E-16));
#1288=DIRECTION('center_axis',(-1.04079632570238E-16,6.20512289593583E-17,
1.));
#1289=DIRECTION('ref_axis',(-0.998660415706797,-0.0517433483679545,-1.00729470772501E-16));
#1290=DIRECTION('',(-1.04079632570238E-16,6.20512289593583E-17,1.));
#1291=DIRECTION('center_axis',(1.04079632570238E-16,-6.20512289593583E-17,
-1.));
#1292=DIRECTION('ref_axis',(0.998660415706797,0.0517433483679544,1.00729470772501E-16));
#1293=DIRECTION('center_axis',(-1.13777643024165E-16,6.33920134258903E-17,
1.));
#1294=DIRECTION('ref_axis',(0.998660415706797,0.0517433483679545,1.1034511324621E-16));
#1295=DIRECTION('',(-0.706159552048852,-0.0365880725122784,-0.707106781186548));
#1296=DIRECTION('center_axis',(1.13777643024165E-16,-6.33920134258903E-17,
-1.));
#1297=DIRECTION('ref_axis',(0.998660415706797,0.0517433483679545,1.1034511324621E-16));
#1298=DIRECTION('center_axis',(1.13777643024165E-16,-6.33920134258903E-17,
-1.));
#1299=DIRECTION('ref_axis',(0.998660415706797,0.0517433483679545,1.1034511324621E-16));
#1300=DIRECTION('center_axis',(1.13777643024165E-16,-6.33920134258903E-17,
-1.));
#1301=DIRECTION('ref_axis',(0.998660415706797,0.0517433483679545,1.1034511324621E-16));
#1302=DIRECTION('center_axis',(1.13777643024165E-16,-6.33920134258903E-17,
-1.));
#1303=DIRECTION('ref_axis',(0.998660415706797,0.0517433483679545,1.1034511324621E-16));
#1304=DIRECTION('center_axis',(1.13777643024165E-16,-6.33920134258903E-17,
-1.));
#1305=DIRECTION('ref_axis',(0.998660415706797,0.0517433483679545,1.1034511324621E-16));
#1306=DIRECTION('center_axis',(1.13777643024165E-16,-6.33920134258903E-17,
-1.));
#1307=DIRECTION('ref_axis',(0.998660415706797,0.0517433483679545,1.1034511324621E-16));
#1308=DIRECTION('center_axis',(-1.13777643024165E-16,6.33920134258903E-17,
1.));
#1309=DIRECTION('ref_axis',(0.998660415706797,0.0517433483679545,1.1034511324621E-16));
#1310=DIRECTION('center_axis',(1.13777643024165E-16,-6.33920134258903E-17,
-1.));
#1311=DIRECTION('ref_axis',(0.998660415706797,0.0517433483679544,1.1034511324621E-16));
#1312=DIRECTION('',(0.292141580020109,-0.956375081870787,9.38657224341835E-17));
#1313=DIRECTION('',(-0.682174326436469,-0.731189570734532,-3.12646079086646E-17));
#1314=DIRECTION('center_axis',(1.13777643024165E-16,-6.33920134258903E-17,
-1.));
#1315=DIRECTION('ref_axis',(0.998660415706797,0.0517433483679544,1.1034511324621E-16));
#1316=DIRECTION('',(-0.682174326436469,-0.731189570734532,-3.12646079086646E-17));
#1317=DIRECTION('',(-0.974315906456578,0.225185511136254,-1.25130330342848E-16));
#1318=DIRECTION('center_axis',(1.13777643024165E-16,-6.33920134258903E-17,
-1.));
#1319=DIRECTION('ref_axis',(0.998660415706797,0.0517433483679544,1.1034511324621E-16));
#1320=DIRECTION('',(0.974315906456578,-0.225185511136255,1.25130330342848E-16));
#1321=DIRECTION('',(0.292141580020109,-0.956375081870787,9.38657224341835E-17));
#1322=DIRECTION('center_axis',(1.13777643024165E-16,-6.33920134258903E-17,
-1.));
#1323=DIRECTION('ref_axis',(0.998660415706797,0.0517433483679544,1.1034511324621E-16));
#1324=DIRECTION('',(-0.974315906456578,0.225185511136254,-1.25130330342848E-16));
#1325=DIRECTION('',(-0.292141580020108,0.956375081870787,-9.38657224341833E-17));
#1326=DIRECTION('center_axis',(1.13777643024165E-16,-6.33920134258903E-17,
-1.));
#1327=DIRECTION('ref_axis',(0.998660415706797,0.0517433483679544,1.1034511324621E-16));
#1328=DIRECTION('',(0.682174326436469,0.731189570734532,3.12646079086646E-17));
#1329=DIRECTION('',(0.974315906456578,-0.225185511136255,1.25130330342848E-16));
#1330=DIRECTION('center_axis',(-1.04079632570238E-16,6.20512289593583E-17,
1.));
#1331=DIRECTION('ref_axis',(-0.998660415706797,-0.0517433483679545,-1.00729470772501E-16));
#1332=DIRECTION('',(-1.04079632570238E-16,6.20512289593583E-17,1.));
#1333=DIRECTION('center_axis',(1.04079632570238E-16,-6.20512289593583E-17,
-1.));
#1334=DIRECTION('ref_axis',(0.998660415706797,0.0517433483679544,1.00729470772501E-16));
#1335=DIRECTION('',(1.04079632570238E-16,-6.20512289593583E-17,-1.));
#1336=DIRECTION('center_axis',(1.04079632570238E-16,-6.20512289593583E-17,
-1.));
#1337=DIRECTION('ref_axis',(0.998660415706797,0.0517433483679544,1.00729470772501E-16));
#1338=DIRECTION('center_axis',(1.04079632570238E-16,-6.20512289593583E-17,
-1.));
#1339=DIRECTION('ref_axis',(0.998660415706797,0.0517433483679544,1.00729470772501E-16));
#1340=DIRECTION('center_axis',(0.956375081870787,0.292141580020108,8.14114230500663E-17));
#1341=DIRECTION('ref_axis',(-0.292141580020108,0.956375081870787,-9.38657224341834E-17));
#1342=DIRECTION('',(-1.04079632570238E-16,6.20512289593583E-17,1.));
#1343=DIRECTION('',(-0.292141580020108,0.956375081870787,-9.38657224341833E-17));
#1344=DIRECTION('',(-1.04079632570238E-16,6.20512289593583E-17,1.));
#1345=DIRECTION('center_axis',(0.731189570734532,-0.682174326436469,1.18431697181145E-16));
#1346=DIRECTION('ref_axis',(0.682174326436469,0.731189570734532,3.12646079086646E-17));
#1347=DIRECTION('',(-1.04079632570238E-16,6.20512289593583E-17,1.));
#1348=DIRECTION('',(0.682174326436469,0.731189570734532,3.12646079086646E-17));
#1349=DIRECTION('center_axis',(-0.225185511136255,-0.974315906456578,3.70202741310792E-17));
#1350=DIRECTION('ref_axis',(0.974315906456578,-0.225185511136255,1.25130330342848E-16));
#1351=DIRECTION('',(-1.04079632570238E-16,6.20512289593583E-17,1.));
#1352=DIRECTION('center_axis',(-0.956375081870787,-0.292141580020109,-8.14114230500662E-17));
#1353=DIRECTION('ref_axis',(0.292141580020109,-0.956375081870787,9.38657224341835E-17));
#1354=DIRECTION('',(-1.04079632570238E-16,6.20512289593583E-17,1.));
#1355=DIRECTION('center_axis',(-0.731189570734532,0.682174326436469,-1.18431697181145E-16));
#1356=DIRECTION('ref_axis',(-0.682174326436469,-0.731189570734532,-3.12646079086646E-17));
#1357=DIRECTION('',(-1.04079632570238E-16,6.20512289593583E-17,1.));
#1358=DIRECTION('center_axis',(0.225185511136254,0.974315906456578,-3.70202741310793E-17));
#1359=DIRECTION('ref_axis',(-0.974315906456579,0.225185511136254,-1.25130330342848E-16));
#1360=DIRECTION('center_axis',(1.13777643024165E-16,-6.33920134258903E-17,
-1.));
#1361=DIRECTION('ref_axis',(0.998660415706797,0.0517433483679544,1.1034511324621E-16));
#1362=DIRECTION('center_axis',(-0.956375081870787,-0.292141580020108,-8.14114230500663E-17));
#1363=DIRECTION('ref_axis',(0.292141580020108,-0.956375081870787,9.38657224341835E-17));
#1364=DIRECTION('',(-1.04079632570238E-16,6.20512289593583E-17,1.));
#1365=DIRECTION('',(-1.04079632570238E-16,6.20512289593583E-17,1.));
#1366=DIRECTION('center_axis',(-0.731189570734532,0.682174326436469,-1.18431697181145E-16));
#1367=DIRECTION('ref_axis',(-0.682174326436469,-0.731189570734532,-3.12646079086646E-17));
#1368=DIRECTION('',(-1.04079632570238E-16,6.20512289593583E-17,1.));
#1369=DIRECTION('center_axis',(0.225185511136255,0.974315906456578,-3.70202741310792E-17));
#1370=DIRECTION('ref_axis',(-0.974315906456578,0.225185511136255,-1.25130330342848E-16));
#1371=DIRECTION('',(-1.04079632570238E-16,6.20512289593583E-17,1.));
#1372=DIRECTION('center_axis',(0.956375081870787,0.292141580020109,8.14114230500662E-17));
#1373=DIRECTION('ref_axis',(-0.292141580020109,0.956375081870787,-9.38657224341835E-17));
#1374=DIRECTION('',(-1.04079632570238E-16,6.20512289593583E-17,1.));
#1375=DIRECTION('',(-0.292141580020109,0.956375081870787,-9.38657224341835E-17));
#1376=DIRECTION('center_axis',(0.731189570734533,-0.682174326436469,1.18431697181145E-16));
#1377=DIRECTION('ref_axis',(0.682174326436469,0.731189570734533,3.12646079086646E-17));
#1378=DIRECTION('',(-1.04079632570238E-16,6.20512289593583E-17,1.));
#1379=DIRECTION('',(0.682174326436469,0.731189570734533,3.12646079086646E-17));
#1380=DIRECTION('center_axis',(-0.225185511136254,-0.974315906456578,3.70202741310793E-17));
#1381=DIRECTION('ref_axis',(0.974315906456579,-0.225185511136254,1.25130330342848E-16));
#1382=DIRECTION('center_axis',(1.13777643024165E-16,-6.33920134258903E-17,
-1.));
#1383=DIRECTION('ref_axis',(0.998660415706797,0.0517433483679544,1.1034511324621E-16));
#1384=DIRECTION('center_axis',(-1.04079632570238E-16,6.20512289593583E-17,
1.));
#1385=DIRECTION('ref_axis',(-0.974315906456578,0.225185511136257,-1.15379479261185E-16));
#1386=DIRECTION('',(1.04079632570238E-16,-6.20512289593583E-17,-1.));
#1387=DIRECTION('center_axis',(-0.225185511136264,-0.974315906456576,3.70202741310781E-17));
#1388=DIRECTION('ref_axis',(-0.974315906456576,0.225185511136264,-1.15379479261185E-16));
#1389=DIRECTION('',(1.04079632570238E-16,-6.20512289593583E-17,-1.));
#1390=DIRECTION('center_axis',(-1.04079632570238E-16,6.20512289593583E-17,
1.));
#1391=DIRECTION('ref_axis',(0.974315906456578,-0.225185511136257,1.15379479261185E-16));
#1392=DIRECTION('',(-1.04079632570238E-16,6.20512289593583E-17,1.));
#1393=DIRECTION('center_axis',(0.225185511136264,0.974315906456576,-3.70202741310781E-17));
#1394=DIRECTION('ref_axis',(0.974315906456576,-0.225185511136264,1.15379479261185E-16));
#1395=DIRECTION('',(1.04079632570238E-16,-6.20512289593583E-17,-1.));
#1396=DIRECTION('center_axis',(-1.04079632570238E-16,6.20512289593583E-17,
1.));
#1397=DIRECTION('ref_axis',(0.225185511136264,0.974315906456576,-3.70202741310781E-17));
#1398=DIRECTION('center_axis',(1.94122495855535E-13,-1.,6.20512289593785E-17));
#1399=DIRECTION('ref_axis',(1.04079632570238E-16,-6.20512289593583E-17,
-1.));
#1400=DIRECTION('',(1.04079632570238E-16,-6.20512289593583E-17,-1.));
#1401=DIRECTION('',(-1.04079632570238E-16,6.20512289593583E-17,1.));
#1402=DIRECTION('center_axis',(-1.94122495855535E-13,1.,-6.20512289593785E-17));
#1403=DIRECTION('ref_axis',(1.,1.94122495855535E-13,1.04079632570226E-16));
#1404=DIRECTION('center_axis',(-1.04079632570238E-16,6.20512289593583E-17,
1.));
#1405=DIRECTION('ref_axis',(-1.,-1.94122495855535E-13,-1.04079632570226E-16));
#1406=DIRECTION('',(-1.04079632570238E-16,6.20512289593583E-17,1.));
#1407=DIRECTION('center_axis',(-1.3733892861428E-13,0.707106781186547,0.707106781186548));
#1408=DIRECTION('ref_axis',(1.37191737786333E-13,-0.707106781186548,0.707106781186547));
#1409=DIRECTION('center_axis',(-1.37191737786333E-13,0.707106781186547,
-0.707106781186548));
#1410=DIRECTION('ref_axis',(1.3733892861428E-13,-0.707106781186548,-0.707106781186547));
#1411=DIRECTION('',(-1.04079632570238E-16,6.20512289593583E-17,1.));
#1412=DIRECTION('center_axis',(1.94122495855535E-13,-1.,6.20512289593785E-17));
#1413=DIRECTION('ref_axis',(1.,1.94122495855535E-13,1.04079632570226E-16));
#1414=DIRECTION('',(-1.04079632570238E-16,6.20512289593583E-17,1.));
#1415=DIRECTION('',(-4.10999658425359E-16,-6.20512289594582E-17,-1.));
#1416=DIRECTION('',(-0.866025403784439,-1.68257060773875E-13,-0.499999999999999));
#1417=DIRECTION('',(-0.866025403784438,-1.68028476091222E-13,0.5));
#1418=DIRECTION('center_axis',(-1.94122495855535E-13,1.,-6.20512289593785E-17));
#1419=DIRECTION('ref_axis',(1.,1.94122495855535E-13,1.04079632570226E-16));
#1420=DIRECTION('center_axis',(1.,1.94122495855535E-13,1.04079632570226E-16));
#1421=DIRECTION('ref_axis',(-1.04079632570238E-16,6.20512289593583E-17,
1.));
#1422=DIRECTION('',(1.94122495855535E-13,-1.,6.20512289593785E-17));
#1423=DIRECTION('',(1.04079632570238E-16,-6.20512289593583E-17,-1.));
#1424=DIRECTION('center_axis',(-1.,-1.94122495855535E-13,4.10999658425371E-16));
#1425=DIRECTION('ref_axis',(-4.10999658425359E-16,-6.20512289594582E-17,
-1.));
#1426=DIRECTION('',(4.10999658425359E-16,6.20512289594582E-17,1.));
#1427=DIRECTION('',(1.94122495855535E-13,-1.,6.20512289593785E-17));
#1428=DIRECTION('center_axis',(-0.499999999999999,-9.70075099871527E-14,
0.866025403784439));
#1429=DIRECTION('ref_axis',(-0.866025403784439,-1.68257060773875E-13,-0.499999999999999));
#1430=DIRECTION('',(0.866025403784439,1.68257060773875E-13,0.499999999999999));
#1431=DIRECTION('',(1.94122495855535E-13,-1.,6.20512289593785E-17));
#1432=DIRECTION('center_axis',(0.5,9.71149858683826E-14,0.866025403784438));
#1433=DIRECTION('ref_axis',(-0.866025403784438,-1.68028476091222E-13,0.5));
#1434=DIRECTION('',(0.866025403784438,1.68028476091222E-13,-0.5));
#1435=DIRECTION('center_axis',(-1.94122495855535E-13,1.,-6.20512289593785E-17));
#1436=DIRECTION('ref_axis',(1.,1.94122495855535E-13,1.04079632570226E-16));
#1437=DIRECTION('center_axis',(-1.94122495855535E-13,1.,-6.20512289593785E-17));
#1438=DIRECTION('ref_axis',(1.,1.94122495855535E-13,1.04079632570226E-16));
#1439=DIRECTION('',(-1.94122495855535E-13,1.,-6.20512289593785E-17));
#1440=DIRECTION('center_axis',(-1.94122495855535E-13,1.,-6.20512289593785E-17));
#1441=DIRECTION('ref_axis',(1.,1.94122495855535E-13,1.04079632570226E-16));
#1442=DIRECTION('',(-1.94122495855535E-13,1.,-6.20512289593785E-17));
#1443=DIRECTION('center_axis',(1.94122495855535E-13,-1.,6.20512289593785E-17));
#1444=DIRECTION('ref_axis',(1.,1.94122495855535E-13,1.04079632570226E-16));
#1445=DIRECTION('center_axis',(-1.,-1.94122495855535E-13,-1.04079632570226E-16));
#1446=DIRECTION('ref_axis',(1.04079632570238E-16,-6.20512289593583E-17,
-1.));
#1447=DIRECTION('',(1.04079632570238E-16,-6.20512289593583E-17,-1.));
#1448=DIRECTION('center_axis',(-1.04079632570238E-16,6.20512289593583E-17,
1.));
#1449=DIRECTION('ref_axis',(0.707106781186412,0.707106781186683,2.97185691956757E-17));
#1450=DIRECTION('center_axis',(1.,1.94122495855535E-13,1.04079632570226E-16));
#1451=DIRECTION('ref_axis',(-1.04079632570238E-16,6.20512289593583E-17,
1.));
#1452=DIRECTION('',(-1.04079632570238E-16,6.20512289593583E-17,1.));
#1453=DIRECTION('center_axis',(1.04079632570238E-16,-6.20512289593583E-17,
-1.));
#1454=DIRECTION('ref_axis',(-0.707106781186686,0.707106781186409,-1.17472258751947E-16));
#1455=CARTESIAN_POINT('',(0.,0.,0.));
#1456=CARTESIAN_POINT('Origin',(5.00000000000355,113.20023222196,-5.00000000001809));
#1457=CARTESIAN_POINT('',(-5.00000000000402,106.200232223347,-5.00000000001809));
#1458=CARTESIAN_POINT('',(-1.12592755568188,101.328652689666,-5.00000000001809));
#1459=CARTESIAN_POINT('Origin',(4.41822277637045E-13,106.200232221953,-5.00000000001809));
#1460=CARTESIAN_POINT('',(-5.00000000000499,111.200232221957,-5.00000000001809));
#1461=CARTESIAN_POINT('',(-5.00000000000538,113.200232221958,-5.00000000001809));
#1462=CARTESIAN_POINT('',(-3.00000000000359,113.200232221959,-5.00000000001809));
#1463=CARTESIAN_POINT('Origin',(-3.0000000000032,111.200232221957,-5.00000000001809));
#1464=CARTESIAN_POINT('',(3.00000000000176,113.20023222196,-5.00000000001809));
#1465=CARTESIAN_POINT('',(-5.00000000000538,113.200232221958,-5.00000000001809));
#1466=CARTESIAN_POINT('',(5.00000000000393,111.200232221959,-5.00000000001809));
#1467=CARTESIAN_POINT('Origin',(3.00000000000215,111.200232221958,-5.00000000001809));
#1468=CARTESIAN_POINT('',(5.00000000000414,110.176429694097,-5.00000000001809));
#1469=CARTESIAN_POINT('',(5.00000000000444,108.58921273887,-5.00000000001809));
#1470=CARTESIAN_POINT('',(10.0884777947497,109.000372251617,-5.00000000001809));
#1471=CARTESIAN_POINT('',(1.12592755568277,111.07181175424,-5.00000000001809));
#1472=CARTESIAN_POINT('',(17.635496354059,107.256092782739,-5.00000000001809));
#1473=CARTESIAN_POINT('Origin',(13.6368015632679,107.15391661072,-5.00000000001809));
#1474=CARTESIAN_POINT('',(20.6122456848317,106.568101531511,-5.00000000001809));
#1475=CARTESIAN_POINT('',(1.12592755568277,111.07181175424,-5.00000000001809));
#1476=CARTESIAN_POINT('',(18.360390573467,96.8249424669366,-5.00000000001809));
#1477=CARTESIAN_POINT('Origin',(19.4863181291494,101.696521999224,-5.00000000001809));
#1478=CARTESIAN_POINT('',(15.3836412426945,97.5129337181648,-5.00000000001809));
#1479=CARTESIAN_POINT('',(0.618834322798892,100.925400425371,-5.00000000001809));
#1480=CARTESIAN_POINT('',(7.83662268338509,99.2572131870423,-5.00000000001809));
#1481=CARTESIAN_POINT('Origin',(11.8353174741762,99.3593893590609,-5.00000000001809));
#1482=CARTESIAN_POINT('',(0.618834322798892,100.925400425371,-5.00000000001809));
#1483=CARTESIAN_POINT('',(1.60000000000187,106.200232221953,-5.00000000001809));
#1484=CARTESIAN_POINT('Origin',(4.41822277637045E-13,106.200232221953,-5.00000000001809));
#1485=CARTESIAN_POINT('',(10.4866808784025,107.881977737375,-5.00000000001829));
#1486=CARTESIAN_POINT('',(11.4312217896535,104.789862635972,-5.00000000001829));
#1487=CARTESIAN_POINT('',(9.45901921229705,111.246202747692,-5.00000000001809));
#1488=CARTESIAN_POINT('',(14.5813424745196,104.061801509328,-5.00000000001829));
#1489=CARTESIAN_POINT('',(7.25359427910835,105.755402847381,-5.00000000001809));
#1490=CARTESIAN_POINT('',(16.7869222481347,106.425855484086,-5.00000000001829));
#1491=CARTESIAN_POINT('',(14.607414801124,104.089747171542,-5.00000000001809));
#1492=CARTESIAN_POINT('',(15.8423813368837,109.517970585489,-5.00000000001829));
#1493=CARTESIAN_POINT('',(15.2869901264037,111.336138045105,-5.00000000001809));
#1494=CARTESIAN_POINT('',(12.6922606520177,110.246031712134,-5.00000000001829));
#1495=CARTESIAN_POINT('',(10.0896934839055,110.84754136022,-5.00000000001809));
#1496=CARTESIAN_POINT('',(11.6155430918145,109.091950386969,-5.00000000001809));
#1497=CARTESIAN_POINT('',(14.9854381590429,98.6313282324259,-5.00000000001828));
#1498=CARTESIAN_POINT('',(14.0408972477919,101.723443333829,-5.00000000001829));
#1499=CARTESIAN_POINT('',(12.4734979181143,106.854591259234,-5.00000000001809));
#1500=CARTESIAN_POINT('',(10.8907765629258,102.451504460474,-5.00000000001829));
#1501=CARTESIAN_POINT('',(8.28820939481372,103.05301410856,-5.00000000001809));
#1502=CARTESIAN_POINT('',(8.68519678931072,100.087450485715,-5.00000000001829));
#1503=CARTESIAN_POINT('',(12.1771801887391,103.830338108264,-5.00000000001809));
#1504=CARTESIAN_POINT('',(9.62973770056168,96.9953353843118,-5.00000000001829));
#1505=CARTESIAN_POINT('',(6.64552700400767,106.764655961821,-5.00000000001809));
#1506=CARTESIAN_POINT('',(12.7798583854278,96.2672742576673,-5.00000000001828));
#1507=CARTESIAN_POINT('',(5.45211019001653,97.9608755957206,-5.00000000001809));
#1508=CARTESIAN_POINT('',(15.1690518980486,98.8281348928376,-5.00000000001809));
#1509=CARTESIAN_POINT('Origin',(4.40781481311343E-13,106.200232221953,4.99999999999083));
#1510=CARTESIAN_POINT('',(-1.12592755568188,101.328652689666,4.99999999999083));
#1511=CARTESIAN_POINT('',(-1.12592755568188,101.328652689666,4.99999999999083));
#1512=CARTESIAN_POINT('',(-5.00000000000402,106.200232223347,4.99999999999083));
#1513=CARTESIAN_POINT('Origin',(4.40781481311343E-13,106.200232221953,4.99999999999083));
#1514=CARTESIAN_POINT('',(-5.00000000000402,106.200232221952,4.99999999999083));
#1515=CARTESIAN_POINT('Origin',(-0.442147953917016,101.170616411999,4.99999999999083));
#1516=CARTESIAN_POINT('',(7.83662268338509,99.2572131870423,4.99999999999083));
#1517=CARTESIAN_POINT('',(7.83662268338509,99.2572131870423,4.99999999999083));
#1518=CARTESIAN_POINT('',(-4.06450189983593,102.007820874559,4.99999999999083));
#1519=CARTESIAN_POINT('Origin',(-5.00000000000538,113.200232221958,4.99999999999083));
#1520=CARTESIAN_POINT('',(15.3836412426945,97.5129337181648,4.99999999999083));
#1521=CARTESIAN_POINT('Origin',(11.8353174741762,99.3593893590609,4.99999999999083));
#1522=CARTESIAN_POINT('',(18.360390573467,96.8249424669366,4.99999999999083));
#1523=CARTESIAN_POINT('',(-4.06450189983593,102.007820874559,4.99999999999083));
#1524=CARTESIAN_POINT('',(20.6122456848317,106.568101531511,4.99999999999083));
#1525=CARTESIAN_POINT('Origin',(19.4863181291494,101.696521999224,4.99999999999083));
#1526=CARTESIAN_POINT('',(17.635496354059,107.256092782739,4.99999999999083));
#1527=CARTESIAN_POINT('',(1.12592755568277,111.07181175424,4.99999999999083));
#1528=CARTESIAN_POINT('',(10.0884777947497,109.000372251617,4.99999999999083));
#1529=CARTESIAN_POINT('Origin',(13.6368015632679,107.15391661072,4.99999999999083));
#1530=CARTESIAN_POINT('',(5.00000000000413,110.176429694097,4.99999999999083));
#1531=CARTESIAN_POINT('',(1.12592755568277,111.07181175424,4.99999999999083));
#1532=CARTESIAN_POINT('',(5.00000000000393,111.200232221959,4.99999999999083));
#1533=CARTESIAN_POINT('',(5.00000000000444,108.58921273887,4.99999999999083));
#1534=CARTESIAN_POINT('',(3.00000000000176,113.20023222196,4.99999999999083));
#1535=CARTESIAN_POINT('Origin',(3.00000000000215,111.200232221958,4.99999999999083));
#1536=CARTESIAN_POINT('',(-3.00000000000359,113.200232221959,4.99999999999083));
#1537=CARTESIAN_POINT('',(5.00000000000355,113.20023222196,4.99999999999083));
#1538=CARTESIAN_POINT('',(-5.00000000000499,111.200232221957,4.99999999999083));
#1539=CARTESIAN_POINT('Origin',(-3.0000000000032,111.200232221957,4.99999999999083));
#1540=CARTESIAN_POINT('',(-5.00000000000538,113.200232221958,4.99999999999083));
#1541=CARTESIAN_POINT('',(16.5902029235971,101.546466288957,4.99999999999083));
#1542=CARTESIAN_POINT('Origin',(19.4863181291494,101.696521999224,4.99999999999083));
#1543=CARTESIAN_POINT('',(15.2346582284002,107.236705968109,4.99999999999083));
#1544=CARTESIAN_POINT('Origin',(13.6368015632679,107.15391661072,4.99999999999083));
#1545=CARTESIAN_POINT('',(13.4331741393085,99.4421787164497,4.99999999999083));
#1546=CARTESIAN_POINT('Origin',(11.8353174741762,99.3593893590609,4.99999999999083));
#1547=CARTESIAN_POINT('',(1.60000000000187,106.200232221953,4.99999999999083));
#1548=CARTESIAN_POINT('Origin',(4.40781481311343E-13,106.200232221953,4.99999999999083));
#1549=CARTESIAN_POINT('',(-2.80000000000313,111.700232221958,4.99999999999083));
#1550=CARTESIAN_POINT('',(-2.80000000000254,108.700232221955,4.99999999999083));
#1551=CARTESIAN_POINT('',(-2.80000000000341,113.200232221959,4.99999999999083));
#1552=CARTESIAN_POINT('',(2.80000000000187,111.700232221959,4.99999999999083));
#1553=CARTESIAN_POINT('',(-2.50000000000286,111.700232221958,4.99999999999083));
#1554=CARTESIAN_POINT('',(2.80000000000245,108.700232221956,4.99999999999083));
#1555=CARTESIAN_POINT('',(2.80000000000178,112.200232221959,4.99999999999083));
#1556=CARTESIAN_POINT('',(-2.50000000000228,108.700232221955,4.99999999999083));
#1557=CARTESIAN_POINT('Origin',(20.6122456848317,106.568101531511,4.99999999999083));
#1558=CARTESIAN_POINT('',(5.00000000000413,110.176429694097,4.99999999999083));
#1559=CARTESIAN_POINT('',(10.0884777947497,109.000372251617,4.99999999999083));
#1560=CARTESIAN_POINT('Origin',(13.6368015632679,107.15391661072,0.699999999986801));
#1561=CARTESIAN_POINT('',(15.2346582284002,107.236705968109,1.39999999998743));
#1562=CARTESIAN_POINT('',(12.0389448981356,107.071127253331,1.39999999998743));
#1563=CARTESIAN_POINT('Origin',(13.6368015632679,107.15391661072,1.39999999998743));
#1564=CARTESIAN_POINT('',(10.7546953794444,107.004586746476,0.114027813153263));
#1565=CARTESIAN_POINT('',(11.3398826071402,107.034906909474,0.699999999986801));
#1566=CARTESIAN_POINT('',(10.6443052229427,107.365967673337,-1.38238251128546E-11));
#1567=CARTESIAN_POINT('Ctrl Pts',(10.6443052229426,107.365967673337,-1.40361592405404E-11));
#1568=CARTESIAN_POINT('Ctrl Pts',(10.7005695848854,107.181776728125,0.0691429276063024));
#1569=CARTESIAN_POINT('Ctrl Pts',(10.7546953794444,107.004586746476,0.114027813153263));
#1570=CARTESIAN_POINT('',(10.8547465302042,108.276489456028,-1.38249558061449E-11));
#1571=CARTESIAN_POINT('Origin',(13.6368015632679,107.15391661072,-1.38234894113793E-11));
#1572=CARTESIAN_POINT('',(12.3241950002052,109.85151999347,-1.38248884601184E-11));
#1573=CARTESIAN_POINT('Ctrl Pts',(12.3241950002087,109.851519993474,-1.56316471394922E-11));
#1574=CARTESIAN_POINT('Ctrl Pts',(11.5894707652047,109.064004724749,0.386666666642798));
#1575=CARTESIAN_POINT('Ctrl Pts',(10.8547465302007,108.276489456024,-1.56141262710152E-11));
#1576=CARTESIAN_POINT('',(13.2179506483807,110.124533366735,-1.38237120745989E-11));
#1577=CARTESIAN_POINT('Origin',(13.6368015632679,107.15391661072,-1.38234894113793E-11));
#1578=CARTESIAN_POINT('',(15.3166913405238,109.639468930887,-1.38234425356184E-11));
#1579=CARTESIAN_POINT('Ctrl Pts',(15.3166913405288,109.639468930886,-1.56344549709824E-11));
#1580=CARTESIAN_POINT('Ctrl Pts',(14.2673209944522,109.882001148811,0.386666666635929));
#1581=CARTESIAN_POINT('Ctrl Pts',(13.2179506483757,110.124533366736,-1.56380864330385E-11));
#1582=CARTESIAN_POINT('',(16.0000056814295,109.001960521433,-1.3823355902858E-11));
#1583=CARTESIAN_POINT('Origin',(13.6368015632679,107.15391661072,-1.38234894113793E-11));
#1584=CARTESIAN_POINT('',(16.6292979035945,106.941865548125,-1.3823153709904E-11));
#1585=CARTESIAN_POINT('Ctrl Pts',(16.629297903596,106.94186554812,-1.56481197508788E-11));
#1586=CARTESIAN_POINT('Ctrl Pts',(16.314651792512,107.971913034779,0.38666666664791));
#1587=CARTESIAN_POINT('Ctrl Pts',(16.000005681428,109.001960521437,-1.56531738475549E-11));
#1588=CARTESIAN_POINT('',(16.4188565963451,106.031343765447,-1.38231332396384E-11));
#1589=CARTESIAN_POINT('Origin',(13.6368015632679,107.15391661072,-1.38234894113793E-11));
#1590=CARTESIAN_POINT('',(14.9494081262984,104.456313227955,-1.38232005856649E-11));
#1591=CARTESIAN_POINT('Ctrl Pts',(14.9494081262949,104.456313227952,-1.56483069396355E-11));
#1592=CARTESIAN_POINT('Ctrl Pts',(15.6841323613217,105.243828496701,0.386666666666795));
#1593=CARTESIAN_POINT('Ctrl Pts',(16.4188565963485,106.03134376545,-1.56389849390996E-11));
#1594=CARTESIAN_POINT('',(14.0556524782109,104.183299854714,-1.38232667481597E-11));
#1595=CARTESIAN_POINT('Origin',(13.6368015632679,107.15391661072,-1.38234894113793E-11));
#1596=CARTESIAN_POINT('',(11.9569117859653,104.668364290585,-1.38235362871402E-11));
#1597=CARTESIAN_POINT('Ctrl Pts',(11.9569117859603,104.668364290586,-1.56373376779576E-11));
#1598=CARTESIAN_POINT('Ctrl Pts',(13.0062821320881,104.425832072649,0.386666666673665));
#1599=CARTESIAN_POINT('Ctrl Pts',(14.0556524782159,104.183299854713,-1.56438144092536E-11));
#1600=CARTESIAN_POINT('',(11.2735974451189,105.305872699992,-1.38236229199006E-11));
#1601=CARTESIAN_POINT('Origin',(13.6368015632679,107.15391661072,-1.38234894113793E-11));
#1602=CARTESIAN_POINT('Ctrl Pts',(10.7546953794444,107.004586746476,0.114027813153263));
#1603=CARTESIAN_POINT('Ctrl Pts',(11.0091201170564,106.17168415436,0.325014558402541));
#1604=CARTESIAN_POINT('Ctrl Pts',(11.2735974451188,105.305872699992,-1.37484374167724E-11));
#1605=CARTESIAN_POINT('Origin',(13.6368015632679,107.15391661072,1.39999999998743));
#1606=CARTESIAN_POINT('Origin',(13.6368015632686,107.153916610731,-1.38234894113793E-11));
#1607=CARTESIAN_POINT('',(10.4866808784025,107.881977737375,-1.3824972674895E-11));
#1608=CARTESIAN_POINT('',(11.4312217896535,104.789862635972,-1.38235722748573E-11));
#1609=CARTESIAN_POINT('',(10.4866808784025,107.881977737375,-1.3824972674895E-11));
#1610=CARTESIAN_POINT('Origin',(13.6368015632686,107.153916610731,-1.38234894113793E-11));
#1611=CARTESIAN_POINT('',(12.6922606520177,110.246031712134,-1.38237795883924E-11));
#1612=CARTESIAN_POINT('',(10.4866808784025,107.881977737375,-1.3824972674895E-11));
#1613=CARTESIAN_POINT('',(12.6922606520177,110.246031712134,-1.38237795883924E-11));
#1614=CARTESIAN_POINT('Origin',(13.6368015632686,107.153916610731,-1.38234894113793E-11));
#1615=CARTESIAN_POINT('',(11.4312217896535,104.789862635972,-1.38235722748573E-11));
#1616=CARTESIAN_POINT('',(14.5813424745196,104.061801509328,-1.38231992343662E-11));
#1617=CARTESIAN_POINT('',(11.4312217896535,104.789862635972,-1.38235722748573E-11));
#1618=CARTESIAN_POINT('Origin',(13.6368015632686,107.153916610731,-1.38234894113793E-11));
#1619=CARTESIAN_POINT('',(15.8423813368837,109.517970585489,-1.38234065479013E-11));
#1620=CARTESIAN_POINT('',(12.6922606520177,110.246031712134,-1.38237795883924E-11));
#1621=CARTESIAN_POINT('',(15.8423813368837,109.517970585489,-1.38234065479013E-11));
#1622=CARTESIAN_POINT('Origin',(13.6368015632686,107.153916610731,-1.38234894113793E-11));
#1623=CARTESIAN_POINT('',(14.5813424745196,104.061801509328,-1.38231992343662E-11));
#1624=CARTESIAN_POINT('',(16.7869222481347,106.425855484086,-1.38231163708882E-11));
#1625=CARTESIAN_POINT('',(14.5813424745196,104.061801509328,-1.38231992343662E-11));
#1626=CARTESIAN_POINT('Origin',(13.6368015632679,107.15391661072,4.99999999999083));
#1627=CARTESIAN_POINT('',(15.2346582284002,107.236705968109,4.99999999999083));
#1628=CARTESIAN_POINT('Origin',(11.8353174741762,99.3593893590609,0.699999999986802));
#1629=CARTESIAN_POINT('',(13.4331741393085,99.4421787164497,1.39999999998743));
#1630=CARTESIAN_POINT('',(10.2374608090439,99.2766000016721,1.39999999998743));
#1631=CARTESIAN_POINT('Origin',(11.8353174741762,99.3593893590609,1.39999999998743));
#1632=CARTESIAN_POINT('',(8.9532112903524,99.2100594948172,0.114027813152951));
#1633=CARTESIAN_POINT('',(9.53839851804852,99.2403796578145,0.699999999986802));
#1634=CARTESIAN_POINT('',(8.84282113385101,99.5714404216762,-1.38235289506616E-11));
#1635=CARTESIAN_POINT('Ctrl Pts',(8.84282113385104,99.5714404216762,-1.37730213298323E-11));
#1636=CARTESIAN_POINT('Ctrl Pts',(8.89908549579364,99.3872494764655,0.0691429276061769));
#1637=CARTESIAN_POINT('Ctrl Pts',(8.9532112903524,99.2100594948172,0.114027813152951));
#1638=CARTESIAN_POINT('',(9.0532624411121,100.481962204367,-1.38235494209272E-11));
#1639=CARTESIAN_POINT('Origin',(11.8353174741762,99.3593893590609,-1.38231932491863E-11));
#1640=CARTESIAN_POINT('',(10.5227109111145,102.056992741811,-1.38234820749007E-11));
#1641=CARTESIAN_POINT('Ctrl Pts',(10.5227109111179,102.056992741814,-1.56467719917673E-11));
#1642=CARTESIAN_POINT('Ctrl Pts',(9.78798667611328,101.269477473089,0.386666666643468));
#1643=CARTESIAN_POINT('Ctrl Pts',(9.05326244110863,100.481962204363,-1.56425040879075E-11));
#1644=CARTESIAN_POINT('',(11.416466559287,102.330006115075,-1.38245261354305E-11));
#1645=CARTESIAN_POINT('Origin',(11.8353174741762,99.3593893590609,-1.38231932491863E-11));
#1646=CARTESIAN_POINT('',(13.5152072514339,101.844941679227,-1.382425659645E-11));
#1647=CARTESIAN_POINT('Ctrl Pts',(13.5152072514388,101.844941679226,-1.56472961203144E-11));
#1648=CARTESIAN_POINT('Ctrl Pts',(12.4658369053604,102.087473897151,0.38666666663728));
#1649=CARTESIAN_POINT('Ctrl Pts',(11.416466559282,102.330006115076,-1.56420922726257E-11));
#1650=CARTESIAN_POINT('',(14.1985215923372,101.207433269774,-1.3823059740665E-11));
#1651=CARTESIAN_POINT('Origin',(11.8353174741762,99.3593893590609,-1.38231932491863E-11));
#1652=CARTESIAN_POINT('',(14.8278138145027,99.1473382964641,-1.38228575477109E-11));
#1653=CARTESIAN_POINT('Ctrl Pts',(14.8278138145042,99.1473382964592,-1.56407070757535E-11));
#1654=CARTESIAN_POINT('Ctrl Pts',(14.51316770342,100.177385783119,0.386666666648582));
#1655=CARTESIAN_POINT('Ctrl Pts',(14.1985215923358,101.207433269779,-1.56244590908837E-11));
#1656=CARTESIAN_POINT('',(14.617372507253,98.2368165137861,-1.38228370774453E-11));
#1657=CARTESIAN_POINT('Origin',(11.8353174741762,99.3593893590609,-1.38231932491863E-11));
#1658=CARTESIAN_POINT('',(13.1479240372076,96.6617859762963,-1.38229044234718E-11));
#1659=CARTESIAN_POINT('Ctrl Pts',(13.1479240372042,96.6617859762926,-1.56506280803317E-11));
#1660=CARTESIAN_POINT('Ctrl Pts',(13.8826482722303,97.4493012450412,0.386666666666076));
#1661=CARTESIAN_POINT('Ctrl Pts',(14.6173725072564,98.2368165137898,-1.56507778313443E-11));
#1662=CARTESIAN_POINT('',(12.2541683891172,96.388772603054,-1.38229705859666E-11));
#1663=CARTESIAN_POINT('Origin',(11.8353174741762,99.3593893590609,-1.38231932491863E-11));
#1664=CARTESIAN_POINT('',(10.1554276968753,96.8738370389244,-1.38232401249471E-11));
#1665=CARTESIAN_POINT('Ctrl Pts',(10.1554276968704,96.8738370389256,-1.56558693657706E-11));
#1666=CARTESIAN_POINT('Ctrl Pts',(11.2047980429963,96.6313048209892,0.386666666672264));
#1667=CARTESIAN_POINT('Ctrl Pts',(12.2541683891222,96.3887726030528,-1.56570299361185E-11));
#1668=CARTESIAN_POINT('',(9.4721133560266,97.5113454483335,-1.38233267577076E-11));
#1669=CARTESIAN_POINT('Origin',(11.8353174741762,99.3593893590609,-1.38231932491863E-11));
#1670=CARTESIAN_POINT('Ctrl Pts',(8.9532112903524,99.2100594948172,0.114027813152951));
#1671=CARTESIAN_POINT('Ctrl Pts',(9.20763602796433,98.3771569027014,0.325014558402144));
#1672=CARTESIAN_POINT('Ctrl Pts',(9.47211335602661,97.5113454483335,-1.37690104139391E-11));
#1673=CARTESIAN_POINT('Origin',(11.8353174741762,99.3593893590609,1.39999999998743));
#1674=CARTESIAN_POINT('Origin',(11.8353174741768,99.3593893590704,-1.38231932491863E-11));
#1675=CARTESIAN_POINT('',(8.68519678931072,100.087450485715,-1.38235662896774E-11));
#1676=CARTESIAN_POINT('',(9.62973770056168,96.9953353843118,-1.38232761126642E-11));
#1677=CARTESIAN_POINT('',(8.68519678931072,100.087450485715,-1.38235662896774E-11));
#1678=CARTESIAN_POINT('Origin',(11.8353174741768,99.3593893590704,-1.38231932491863E-11));
#1679=CARTESIAN_POINT('',(10.8907765629258,102.451504460474,-1.3824593649224E-11));
#1680=CARTESIAN_POINT('',(8.68519678931072,100.087450485715,-1.38235662896774E-11));
#1681=CARTESIAN_POINT('',(10.8907765629258,102.451504460474,-1.3824593649224E-11));
#1682=CARTESIAN_POINT('Origin',(11.8353174741768,99.3593893590704,-1.38231932491863E-11));
#1683=CARTESIAN_POINT('',(9.62973770056168,96.9953353843118,-1.38232761126642E-11));
#1684=CARTESIAN_POINT('',(12.7798583854278,96.2672742576673,-1.38229030721731E-11));
#1685=CARTESIAN_POINT('',(9.62973770056168,96.9953353843118,-1.38232761126642E-11));
#1686=CARTESIAN_POINT('Origin',(11.8353174741768,99.3593893590704,-1.38231932491863E-11));
#1687=CARTESIAN_POINT('',(14.0408972477919,101.723443333829,-1.38231103857083E-11));
#1688=CARTESIAN_POINT('',(10.8907765629258,102.451504460474,-1.3824593649224E-11));
#1689=CARTESIAN_POINT('',(14.0408972477919,101.723443333829,-1.38231103857083E-11));
#1690=CARTESIAN_POINT('Origin',(11.8353174741768,99.3593893590704,-1.38231932491863E-11));
#1691=CARTESIAN_POINT('',(12.7798583854278,96.2672742576673,-1.38229030721731E-11));
#1692=CARTESIAN_POINT('',(14.9854381590429,98.6313282324259,-1.38228202086952E-11));
#1693=CARTESIAN_POINT('',(12.7798583854278,96.2672742576673,-1.38229030721731E-11));
#1694=CARTESIAN_POINT('Origin',(11.8353174741762,99.3593893590609,4.99999999999083));
#1695=CARTESIAN_POINT('',(13.4331741393085,99.4421787164497,4.99999999999083));
#1696=CARTESIAN_POINT('Origin',(19.4863181291494,101.696521999224,3.4999999999895));
#1697=CARTESIAN_POINT('',(16.5902029235971,101.546466288957,1.99999999998816));
#1698=CARTESIAN_POINT('',(16.5902029235971,101.546466288957,3.4999999999895));
#1699=CARTESIAN_POINT('Origin',(19.4863181291494,101.696521999224,1.99999999998816));
#1700=CARTESIAN_POINT('Origin',(19.4863181291494,101.696521999224,1.99999999998816));
#1701=CARTESIAN_POINT('Origin',(14.9854381590429,98.6313282324259,-5.00000000001828));
#1702=CARTESIAN_POINT('',(14.9854381590429,98.6313282324259,-1.38228202086952E-11));
#1703=CARTESIAN_POINT('',(14.9854381590429,98.6313282324259,-5.00000000001828));
#1704=CARTESIAN_POINT('',(14.0408972477919,101.723443333829,-1.38231103857083E-11));
#1705=CARTESIAN_POINT('',(14.0408972477919,101.723443333829,-5.00000000001829));
#1706=CARTESIAN_POINT('Origin',(12.7798583854278,96.2672742576673,-5.00000000001828));
#1707=CARTESIAN_POINT('',(12.7798583854278,96.2672742576673,-5.00000000001828));
#1708=CARTESIAN_POINT('',(14.9854381590429,98.6313282324259,-1.38228202086952E-11));
#1709=CARTESIAN_POINT('Origin',(9.62973770056168,96.9953353843118,-5.00000000001829));
#1710=CARTESIAN_POINT('',(9.62973770056168,96.9953353843118,-5.00000000001829));
#1711=CARTESIAN_POINT('Origin',(8.68519678931072,100.087450485715,-5.00000000001829));
#1712=CARTESIAN_POINT('',(8.68519678931072,100.087450485715,-5.00000000001829));
#1713=CARTESIAN_POINT('Origin',(10.8907765629258,102.451504460474,-5.00000000001829));
#1714=CARTESIAN_POINT('',(10.8907765629258,102.451504460474,-5.00000000001829));
#1715=CARTESIAN_POINT('Origin',(14.0408972477919,101.723443333829,-5.00000000001829));
#1716=CARTESIAN_POINT('Origin',(11.8353174741768,99.3593893590704,-1.38231932491863E-11));
#1717=CARTESIAN_POINT('Origin',(10.4866808784025,107.881977737375,-5.00000000001829));
#1718=CARTESIAN_POINT('',(10.4866808784025,107.881977737375,-5.00000000001829));
#1719=CARTESIAN_POINT('',(11.4312217896535,104.789862635972,-5.00000000001829));
#1720=CARTESIAN_POINT('Origin',(12.6922606520177,110.246031712134,-5.00000000001829));
#1721=CARTESIAN_POINT('',(12.6922606520177,110.246031712134,-5.00000000001829));
#1722=CARTESIAN_POINT('Origin',(15.8423813368837,109.517970585489,-5.00000000001829));
#1723=CARTESIAN_POINT('',(15.8423813368837,109.517970585489,-5.00000000001829));
#1724=CARTESIAN_POINT('Origin',(16.7869222481347,106.425855484086,-5.00000000001829));
#1725=CARTESIAN_POINT('',(16.7869222481347,106.425855484086,-1.38231163708882E-11));
#1726=CARTESIAN_POINT('',(16.7869222481347,106.425855484086,-5.00000000001829));
#1727=CARTESIAN_POINT('',(15.8423813368837,109.517970585489,-1.38234065479013E-11));
#1728=CARTESIAN_POINT('Origin',(14.5813424745196,104.061801509328,-5.00000000001829));
#1729=CARTESIAN_POINT('',(14.5813424745196,104.061801509328,-5.00000000001829));
#1730=CARTESIAN_POINT('',(16.7869222481347,106.425855484086,-1.38231163708882E-11));
#1731=CARTESIAN_POINT('Origin',(11.4312217896535,104.789862635972,-5.00000000001829));
#1732=CARTESIAN_POINT('Origin',(13.6368015632686,107.153916610731,-1.38234894113793E-11));
#1733=CARTESIAN_POINT('Origin',(13.6368015632679,107.15391661072,4.99999999999083));
#1734=CARTESIAN_POINT('',(17.635496354059,107.256092782739,4.99999999999083));
#1735=CARTESIAN_POINT('Origin',(20.6122456848317,106.568101531511,4.99999999999083));
#1736=CARTESIAN_POINT('',(20.6122456848317,106.568101531511,4.99999999999083));
#1737=CARTESIAN_POINT('Origin',(11.8353174741762,99.3593893590609,4.99999999999083));
#1738=CARTESIAN_POINT('',(15.3836412426945,97.5129337181648,4.99999999999083));
#1739=CARTESIAN_POINT('Origin',(-0.442147953917016,101.170616411999,4.99999999999083));
#1740=CARTESIAN_POINT('',(18.360390573467,96.8249424669366,4.99999999999083));
#1741=CARTESIAN_POINT('Origin',(19.4863181291494,101.696521999224,4.99999999999083));
#1742=CARTESIAN_POINT('Origin',(-9.15335145466516E-13,113.200232221959,
-1.36298846536556E-11));
#1743=CARTESIAN_POINT('',(-3.00000000000359,113.200232221959,-2.50000000001586));
#1744=CARTESIAN_POINT('',(3.00000000000176,113.20023222196,2.4999999999886));
#1745=CARTESIAN_POINT('',(-1.60000000000234,113.200232221959,-1.36302471245556E-11));
#1746=CARTESIAN_POINT('Origin',(-9.15335145466516E-13,113.200232221959,
-1.36298846536556E-11));
#1747=CARTESIAN_POINT('Origin',(4.40781481311343E-13,106.200232221953,4.99999999999083));
#1748=CARTESIAN_POINT('',(1.60000000000187,106.200232221953,-1.36292837676408E-11));
#1749=CARTESIAN_POINT('',(1.60000000000187,106.200232221953,4.99999999999083));
#1750=CARTESIAN_POINT('',(-1.60000000000099,106.200232221953,-1.3629616822465E-11));
#1751=CARTESIAN_POINT('Origin',(4.41301879474194E-13,106.200232221953,-1.36294502950529E-11));
#1752=CARTESIAN_POINT('Origin',(4.41301879474194E-13,106.200232221953,-1.36294502950529E-11));
#1753=CARTESIAN_POINT('',(1.60000000000187,106.200232221953,4.99999999999083));
#1754=CARTESIAN_POINT('Origin',(-4.17839141158271E-14,108.700232221955,
-1.36296054231253E-11));
#1755=CARTESIAN_POINT('',(-2.80000000000254,108.700232221955,-1.61658075374602));
#1756=CARTESIAN_POINT('',(-2.80000000000254,108.700232221955,4.99999999999083));
#1757=CARTESIAN_POINT('',(2.80000000000245,108.700232221956,-1.61658075374603));
#1758=CARTESIAN_POINT('',(2.80000000000245,108.700232221956,-1.61658075374603));
#1759=CARTESIAN_POINT('',(-4.81087460018495E-14,108.700232221955,-3.23316150747842));
#1760=CARTESIAN_POINT('',(-4.81087460018495E-14,108.700232221955,-3.23316150747842));
#1761=CARTESIAN_POINT('',(-2.80000000000254,108.700232221955,-1.61658075374602));
#1762=CARTESIAN_POINT('',(-1.60000000000147,108.700232221955,-1.36295760070495E-11));
#1763=CARTESIAN_POINT('Origin',(-4.17839141158271E-14,108.700232221955,
-1.36296054231253E-11));
#1764=CARTESIAN_POINT('Origin',(-2.80000000000341,113.200232221959,-1.61658075374602));
#1765=CARTESIAN_POINT('',(-2.80000000000313,111.700232221958,-1.61658075374602));
#1766=CARTESIAN_POINT('',(-2.80000000000341,113.200232221959,-1.61658075374602));
#1767=CARTESIAN_POINT('',(-2.80000000000313,111.700232221958,-0.366580753744908));
#1768=CARTESIAN_POINT('Origin',(2.80000000000158,113.20023222196,4.99999999999083));
#1769=CARTESIAN_POINT('',(2.80000000000187,111.700232221959,-1.61658075374603));
#1770=CARTESIAN_POINT('',(2.80000000000187,111.700232221959,2.94170962312352));
#1771=CARTESIAN_POINT('',(2.80000000000158,113.20023222196,-1.61658075374603));
#1772=CARTESIAN_POINT('Origin',(2.80000000000158,113.20023222196,-1.61658075374603));
#1773=CARTESIAN_POINT('',(-6.28255787519722E-13,111.700232221958,-3.23316150747842));
#1774=CARTESIAN_POINT('',(2.29126587736669,111.700232221959,-1.9102985363954));
#1775=CARTESIAN_POINT('',(-9.19439531303282E-13,113.200232221959,-3.23316150747842));
#1776=CARTESIAN_POINT('Origin',(-9.19439531303282E-13,113.200232221959,
-3.23316150747842));
#1777=CARTESIAN_POINT('',(-0.891265877366696,111.700232221958,-2.71858891326159));
#1778=CARTESIAN_POINT('Origin',(-9.15335145466516E-13,113.200232221959,
-1.36298846536556E-11));
#1779=CARTESIAN_POINT('',(-1.60000000000205,111.700232221958,-1.36301540477121E-11));
#1780=CARTESIAN_POINT('Origin',(-6.24151401682953E-13,111.700232221958,
-1.36297915768122E-11));
#1781=CARTESIAN_POINT('',(-1.60000000000235,113.200232221959,-1.36298552375799E-11));
#1782=CARTESIAN_POINT('Origin',(-9.15335145466516E-13,113.200232221959,
-1.36298846536556E-11));
#1783=CARTESIAN_POINT('',(-1.60000000000235,113.200232221959,-1.36298552375799E-11));
#1784=CARTESIAN_POINT('Origin',(-6.24243347633513E-13,111.700232221958,
0.883419246256207));
#1785=CARTESIAN_POINT('Origin',(5.00000000000355,113.20023222196,4.99999999999083));
#1786=CARTESIAN_POINT('',(5.00000000000393,111.200232221959,2.4999999999886));
#1787=CARTESIAN_POINT('Origin',(3.00000000000215,111.200232221958,2.4999999999886));
#1788=CARTESIAN_POINT('Origin',(-5.00000000000538,113.200232221958,-5.00000000001809));
#1789=CARTESIAN_POINT('',(-5.00000000000499,111.200232221957,-2.50000000001586));
#1790=CARTESIAN_POINT('Origin',(-3.0000000000032,111.200232221957,-2.50000000001586));
#1791=UNCERTAINTY_MEASURE_WITH_UNIT(LENGTH_MEASURE(0.01),#1795,
'DISTANCE_ACCURACY_VALUE',
'Maximum model space distance between geometric entities at asserted c
onnectivities');
#1792=UNCERTAINTY_MEASURE_WITH_UNIT(LENGTH_MEASURE(0.01),#1795,
'DISTANCE_ACCURACY_VALUE',
'Maximum model space distance between geometric entities at asserted c
onnectivities');
#1793=(
GEOMETRIC_REPRESENTATION_CONTEXT(3)
GLOBAL_UNCERTAINTY_ASSIGNED_CONTEXT((#1791))
GLOBAL_UNIT_ASSIGNED_CONTEXT((#1795,#1797,#1798))
REPRESENTATION_CONTEXT('','3D')
);
#1794=(
GEOMETRIC_REPRESENTATION_CONTEXT(3)
GLOBAL_UNCERTAINTY_ASSIGNED_CONTEXT((#1792))
GLOBAL_UNIT_ASSIGNED_CONTEXT((#1795,#1797,#1798))
REPRESENTATION_CONTEXT('','3D')
);
#1795=(
LENGTH_UNIT()
NAMED_UNIT(*)
SI_UNIT(.MILLI.,.METRE.)
);
#1796=(
LENGTH_UNIT()
NAMED_UNIT(*)
SI_UNIT($,.METRE.)
);
#1797=(
NAMED_UNIT(*)
PLANE_ANGLE_UNIT()
SI_UNIT($,.RADIAN.)
);
#1798=(
NAMED_UNIT(*)
SI_UNIT($,.STERADIAN.)
SOLID_ANGLE_UNIT()
);
#1799=SHAPE_DEFINITION_REPRESENTATION(#1800,#1801);
#1800=PRODUCT_DEFINITION_SHAPE('',$,#1803);
#1801=SHAPE_REPRESENTATION('',(#1074),#1793);
#1802=PRODUCT_DEFINITION_CONTEXT('part definition',#1807,'design');
#1803=PRODUCT_DEFINITION('Right front wheel mount',
'Right front wheel mount',#1804,#1802);
#1804=PRODUCT_DEFINITION_FORMATION('',$,#1809);
#1805=PRODUCT_RELATED_PRODUCT_CATEGORY('Right front wheel mount',
'Right front wheel mount',(#1809));
#1806=APPLICATION_PROTOCOL_DEFINITION('international standard',
'automotive_design',2009,#1807);
#1807=APPLICATION_CONTEXT(
'Core Data for Automotive Mechanical Design Process');
#1808=PRODUCT_CONTEXT('part definition',#1807,'mechanical');
#1809=PRODUCT('Right front wheel mount','Right front wheel mount',$,(#1808));
#1810=PRESENTATION_STYLE_ASSIGNMENT((#1811));
#1811=SURFACE_STYLE_USAGE(.BOTH.,#1812);
#1812=SURFACE_SIDE_STYLE('',(#1813));
#1813=SURFACE_STYLE_FILL_AREA(#1814);
#1814=FILL_AREA_STYLE('Stahl - satiniert',(#1815));
#1815=FILL_AREA_STYLE_COLOUR('Stahl - satiniert',#1816);
#1816=COLOUR_RGB('Stahl - satiniert',0.627450980392157,0.627450980392157,
0.627450980392157);
ENDSEC;
END-ISO-10303-21;
