ISO-10303-21;
HEADER;
/* Generated by software containing ST-Developer
 * from STEP Tools, Inc. (www.steptools.com) 
 */

FILE_DESCRIPTION(
/* description */ (''),
/* implementation_level */ '2;1');

FILE_NAME(
/* name */ 'Window holder.step',
/* time_stamp */ '2026-01-02T22:20:12+01:00',
/* author */ (''),
/* organization */ (''),
/* preprocessor_version */ 'ST-DEVELOPER v20.1',
/* originating_system */ 'Autodesk Translation Framework v14.21.0.0',
/* authorisation */ '');

FILE_SCHEMA (('AUTOMOTIVE_DESIGN { 1 0 10303 214 3 1 1 }'));
ENDSEC;

DATA;
#10=MECHANICAL_DESIGN_GEOMETRIC_PRESENTATION_REPRESENTATION('',(#13),#6546);
#11=SHAPE_REPRESENTATION_RELATIONSHIP('SRR','None',#6553,#12);
#12=ADVANCED_BREP_SHAPE_REPRESENTATION('',(#14),#6545);
#13=STYLED_ITEM('',(#6563),#14);
#14=MANIFOLD_SOLID_BREP('Window holder',#3670);
#15=CYLINDRICAL_SURFACE('',#3747,4.);
#16=CYLINDRICAL_SURFACE('',#3755,1.6);
#17=CYLINDRICAL_SURFACE('',#3756,3.);
#18=CYLINDRICAL_SURFACE('',#3761,3.);
#19=CYLINDRICAL_SURFACE('',#3766,1.6);
#20=CYLINDRICAL_SURFACE('',#3773,4.);
#21=CYLINDRICAL_SURFACE('',#3780,1.6);
#22=CYLINDRICAL_SURFACE('',#3789,4.);
#23=CYLINDRICAL_SURFACE('',#3793,3.);
#24=CYLINDRICAL_SURFACE('',#3798,1.6);
#25=CYLINDRICAL_SURFACE('',#3805,4.);
#26=CYLINDRICAL_SURFACE('',#3812,3.);
#27=CYLINDRICAL_SURFACE('',#3817,1.6);
#28=CYLINDRICAL_SURFACE('',#3824,4.);
#29=CYLINDRICAL_SURFACE('',#3834,4.);
#30=CYLINDRICAL_SURFACE('',#3842,1.6);
#31=CYLINDRICAL_SURFACE('',#3843,3.);
#32=CYLINDRICAL_SURFACE('',#3848,4.);
#33=CYLINDRICAL_SURFACE('',#3851,4.);
#34=CYLINDRICAL_SURFACE('',#3854,4.);
#35=CYLINDRICAL_SURFACE('',#3857,4.);
#36=CYLINDRICAL_SURFACE('',#3865,3.);
#37=CYLINDRICAL_SURFACE('',#3873,4.);
#38=CYLINDRICAL_SURFACE('',#3875,1.6);
#39=CYLINDRICAL_SURFACE('',#3877,3.);
#40=CYLINDRICAL_SURFACE('',#3885,4.);
#41=CYLINDRICAL_SURFACE('',#3887,1.6);
#42=CYLINDRICAL_SURFACE('',#3889,3.);
#43=CYLINDRICAL_SURFACE('',#3894,3.);
#44=CYLINDRICAL_SURFACE('',#3903,1.6);
#45=CYLINDRICAL_SURFACE('',#3905,3.99999999999999);
#46=CYLINDRICAL_SURFACE('',#3910,1.6);
#47=CYLINDRICAL_SURFACE('',#3912,3.99999999999999);
#48=CYLINDRICAL_SURFACE('',#3917,3.);
#49=B_SPLINE_CURVE_WITH_KNOTS('',3,(#4910,#4911,#4912,#4913,#4914),
 .UNSPECIFIED.,.F.,.F.,(4,1,4),(0.,0.0421505707309015,0.0870713451720468),
 .UNSPECIFIED.);
#50=B_SPLINE_CURVE_WITH_KNOTS('',3,(#4917,#4918,#4919,#4920,#4921),
 .UNSPECIFIED.,.F.,.F.,(4,1,4),(0.,0.0421505707309015,0.0870713451720468),
 .UNSPECIFIED.);
#51=B_SPLINE_CURVE_WITH_KNOTS('',3,(#4933,#4934,#4935,#4936,#4937),
 .UNSPECIFIED.,.F.,.F.,(4,1,4),(0.,0.0239199198844926,0.0493661263874566),
 .UNSPECIFIED.);
#52=B_SPLINE_CURVE_WITH_KNOTS('',3,(#4940,#4941,#4942,#4943,#4944),
 .UNSPECIFIED.,.F.,.F.,(4,1,4),(0.,0.0239199198844926,0.0493661263874566),
 .UNSPECIFIED.);
#53=B_SPLINE_CURVE_WITH_KNOTS('',3,(#4956,#4957,#4958,#4959,#4960),
 .UNSPECIFIED.,.F.,.F.,(4,1,4),(0.,0.0232054631587051,0.0463898657397488),
 .UNSPECIFIED.);
#54=B_SPLINE_CURVE_WITH_KNOTS('',3,(#4963,#4964,#4965,#4966,#4967),
 .UNSPECIFIED.,.F.,.F.,(4,1,4),(0.,0.0232054631587051,0.0463898657397488),
 .UNSPECIFIED.);
#55=B_SPLINE_CURVE_WITH_KNOTS('',3,(#4979,#4980,#4981,#4982,#4983),
 .UNSPECIFIED.,.F.,.F.,(4,1,4),(0.,0.0295461307431879,0.0568516396311308),
 .UNSPECIFIED.);
#56=B_SPLINE_CURVE_WITH_KNOTS('',3,(#4986,#4987,#4988,#4989,#4990),
 .UNSPECIFIED.,.F.,.F.,(4,1,4),(0.,0.0295461307431879,0.0568516396311308),
 .UNSPECIFIED.);
#57=B_SPLINE_CURVE_WITH_KNOTS('',3,(#5008,#5009,#5010,#5011,#5012),
 .UNSPECIFIED.,.F.,.F.,(4,1,4),(0.,0.0380170932766268,0.0801305194896608),
 .UNSPECIFIED.);
#58=B_SPLINE_CURVE_WITH_KNOTS('',3,(#5015,#5016,#5017,#5018,#5019),
 .UNSPECIFIED.,.F.,.F.,(4,1,4),(0.,0.0380170932766268,0.0801305194896608),
 .UNSPECIFIED.);
#59=B_SPLINE_CURVE_WITH_KNOTS('',3,(#5031,#5032,#5033,#5034,#5035),
 .UNSPECIFIED.,.F.,.F.,(4,1,4),(0.,0.0251222115466736,0.0501054287617392),
 .UNSPECIFIED.);
#60=B_SPLINE_CURVE_WITH_KNOTS('',3,(#5038,#5039,#5040,#5041,#5042),
 .UNSPECIFIED.,.F.,.F.,(4,1,4),(0.,0.0251222115466736,0.0501054287617392),
 .UNSPECIFIED.);
#61=B_SPLINE_CURVE_WITH_KNOTS('',3,(#5054,#5055,#5056,#5057,#5058),
 .UNSPECIFIED.,.F.,.F.,(4,1,4),(0.,0.045472540299679,0.0773431394021716),
 .UNSPECIFIED.);
#62=B_SPLINE_CURVE_WITH_KNOTS('',3,(#5061,#5062,#5063,#5064,#5065),
 .UNSPECIFIED.,.F.,.F.,(4,1,4),(0.,0.045472540299679,0.0773431394021716),
 .UNSPECIFIED.);
#63=B_SPLINE_CURVE_WITH_KNOTS('',3,(#5100,#5101,#5102,#5103,#5104),
 .UNSPECIFIED.,.F.,.F.,(4,1,4),(0.,0.0515910757607466,0.103098802163854),
 .UNSPECIFIED.);
#64=B_SPLINE_CURVE_WITH_KNOTS('',3,(#5108,#5109,#5110,#5111,#5112),
 .UNSPECIFIED.,.F.,.F.,(4,1,4),(0.,0.0515910757607466,0.103098802163854),
 .UNSPECIFIED.);
#65=B_SPLINE_CURVE_WITH_KNOTS('',3,(#5125,#5126,#5127,#5128,#5129),
 .UNSPECIFIED.,.F.,.F.,(4,1,4),(0.,0.051559591394041,0.102610152384462),
 .UNSPECIFIED.);
#66=B_SPLINE_CURVE_WITH_KNOTS('',3,(#5132,#5133,#5134,#5135,#5136),
 .UNSPECIFIED.,.F.,.F.,(4,1,4),(0.,0.051559591394041,0.102610152384462),
 .UNSPECIFIED.);
#67=B_SPLINE_CURVE_WITH_KNOTS('',3,(#5148,#5149,#5150,#5151,#5152),
 .UNSPECIFIED.,.F.,.F.,(4,1,4),(0.,0.0714454253339461,0.129649999899072),
 .UNSPECIFIED.);
#68=B_SPLINE_CURVE_WITH_KNOTS('',3,(#5155,#5156,#5157,#5158,#5159),
 .UNSPECIFIED.,.F.,.F.,(4,1,4),(0.,0.0714454253339461,0.129649999899072),
 .UNSPECIFIED.);
#69=B_SPLINE_CURVE_WITH_KNOTS('',3,(#5171,#5172,#5173,#5174,#5175),
 .UNSPECIFIED.,.F.,.F.,(4,1,4),(0.,0.0593551683799199,0.134499731440791),
 .UNSPECIFIED.);
#70=B_SPLINE_CURVE_WITH_KNOTS('',3,(#5178,#5179,#5180,#5181,#5182),
 .UNSPECIFIED.,.F.,.F.,(4,1,4),(0.,0.0593551683799199,0.134499731440791),
 .UNSPECIFIED.);
#71=B_SPLINE_CURVE_WITH_KNOTS('',3,(#5194,#5195,#5196,#5197,#5198),
 .UNSPECIFIED.,.F.,.F.,(4,1,4),(0.,0.0513116778303936,0.102923209881209),
 .UNSPECIFIED.);
#72=B_SPLINE_CURVE_WITH_KNOTS('',3,(#5201,#5202,#5203,#5204,#5205),
 .UNSPECIFIED.,.F.,.F.,(4,1,4),(0.,0.0513116778303936,0.102923209881209),
 .UNSPECIFIED.);
#73=B_SPLINE_CURVE_WITH_KNOTS('',3,(#5217,#5218,#5219,#5220,#5221),
 .UNSPECIFIED.,.F.,.F.,(4,1,4),(0.,0.0516002893449377,0.103201639454771),
 .UNSPECIFIED.);
#74=B_SPLINE_CURVE_WITH_KNOTS('',3,(#5224,#5225,#5226,#5227,#5228),
 .UNSPECIFIED.,.F.,.F.,(4,1,4),(0.,0.0516002893449377,0.103201639454771),
 .UNSPECIFIED.);
#75=B_SPLINE_CURVE_WITH_KNOTS('',3,(#5240,#5241,#5242,#5243,#5244),
 .UNSPECIFIED.,.F.,.F.,(4,1,4),(0.,0.0735706014972981,0.132336079195384),
 .UNSPECIFIED.);
#76=B_SPLINE_CURVE_WITH_KNOTS('',3,(#5247,#5248,#5249,#5250,#5251),
 .UNSPECIFIED.,.F.,.F.,(4,1,4),(0.,0.0735706014972981,0.132336079195384),
 .UNSPECIFIED.);
#77=B_SPLINE_CURVE_WITH_KNOTS('',3,(#5262,#5263,#5264,#5265,#5266),
 .UNSPECIFIED.,.F.,.F.,(4,1,4),(0.,0.0586297381092775,0.132149533222089),
 .UNSPECIFIED.);
#78=B_SPLINE_CURVE_WITH_KNOTS('',3,(#5267,#5268,#5269,#5270,#5271),
 .UNSPECIFIED.,.F.,.F.,(4,1,4),(0.,0.0586297381092775,0.132149533222089),
 .UNSPECIFIED.);
#79=B_SPLINE_CURVE_WITH_KNOTS('',3,(#5284,#5285,#5286,#5287,#5288),
 .UNSPECIFIED.,.F.,.F.,(4,1,4),(0.,0.0838073722907104,0.162260409318473),
 .UNSPECIFIED.);
#80=B_SPLINE_CURVE_WITH_KNOTS('',3,(#5292,#5293,#5294,#5295,#5296),
 .UNSPECIFIED.,.F.,.F.,(4,1,4),(0.,0.0838073722907104,0.162260409318473),
 .UNSPECIFIED.);
#81=B_SPLINE_CURVE_WITH_KNOTS('',3,(#5309,#5310,#5311,#5312,#5313),
 .UNSPECIFIED.,.F.,.F.,(4,1,4),(0.,0.0541032599808124,0.109195823613186),
 .UNSPECIFIED.);
#82=B_SPLINE_CURVE_WITH_KNOTS('',3,(#5316,#5317,#5318,#5319,#5320),
 .UNSPECIFIED.,.F.,.F.,(4,1,4),(0.,0.0541032599808124,0.109195823613186),
 .UNSPECIFIED.);
#83=B_SPLINE_CURVE_WITH_KNOTS('',3,(#5332,#5333,#5334,#5335,#5336),
 .UNSPECIFIED.,.F.,.F.,(4,1,4),(0.,0.0527227841940672,0.105796120708507),
 .UNSPECIFIED.);
#84=B_SPLINE_CURVE_WITH_KNOTS('',3,(#5339,#5340,#5341,#5342,#5343),
 .UNSPECIFIED.,.F.,.F.,(4,1,4),(0.,0.0527227841940672,0.105796120708507),
 .UNSPECIFIED.);
#85=B_SPLINE_CURVE_WITH_KNOTS('',3,(#5355,#5356,#5357,#5358,#5359),
 .UNSPECIFIED.,.F.,.F.,(4,1,4),(0.,0.0752125407983559,0.135298047481793),
 .UNSPECIFIED.);
#86=B_SPLINE_CURVE_WITH_KNOTS('',3,(#5362,#5363,#5364,#5365,#5366),
 .UNSPECIFIED.,.F.,.F.,(4,1,4),(0.,0.0752125407983559,0.135298047481793),
 .UNSPECIFIED.);
#87=B_SPLINE_CURVE_WITH_KNOTS('',3,(#5378,#5379,#5380,#5381,#5382),
 .UNSPECIFIED.,.F.,.F.,(4,1,4),(0.,0.0819232718007403,0.175355150965711),
 .UNSPECIFIED.);
#88=B_SPLINE_CURVE_WITH_KNOTS('',3,(#5385,#5386,#5387,#5388,#5389),
 .UNSPECIFIED.,.F.,.F.,(4,1,4),(0.,0.0819232718007403,0.175355150965711),
 .UNSPECIFIED.);
#89=B_SPLINE_CURVE_WITH_KNOTS('',3,(#5401,#5402,#5403,#5404,#5405),
 .UNSPECIFIED.,.F.,.F.,(4,1,4),(0.,0.0827590733255725,0.161340498515014),
 .UNSPECIFIED.);
#90=B_SPLINE_CURVE_WITH_KNOTS('',3,(#5408,#5409,#5410,#5411,#5412),
 .UNSPECIFIED.,.F.,.F.,(4,1,4),(0.,0.0827590733255725,0.161340498515014),
 .UNSPECIFIED.);
#91=B_SPLINE_CURVE_WITH_KNOTS('',3,(#5424,#5425,#5426,#5427,#5428),
 .UNSPECIFIED.,.F.,.F.,(4,1,4),(0.,0.0719865074294229,0.147446827025301),
 .UNSPECIFIED.);
#92=B_SPLINE_CURVE_WITH_KNOTS('',3,(#5431,#5432,#5433,#5434,#5435),
 .UNSPECIFIED.,.F.,.F.,(4,1,4),(0.,0.0719865074294229,0.147446827025301),
 .UNSPECIFIED.);
#93=B_SPLINE_CURVE_WITH_KNOTS('',3,(#5447,#5448,#5449,#5450,#5451),
 .UNSPECIFIED.,.F.,.F.,(4,1,4),(0.,0.10641323952584,0.195724860338487),
 .UNSPECIFIED.);
#94=B_SPLINE_CURVE_WITH_KNOTS('',3,(#5454,#5455,#5456,#5457,#5458),
 .UNSPECIFIED.,.F.,.F.,(4,1,4),(0.,0.10641323952584,0.195724860338487),
 .UNSPECIFIED.);
#95=B_SPLINE_CURVE_WITH_KNOTS('',3,(#5469,#5470,#5471,#5472,#5473),
 .UNSPECIFIED.,.F.,.F.,(4,1,4),(0.,0.0829581158906628,0.18117424690728),
 .UNSPECIFIED.);
#96=B_SPLINE_CURVE_WITH_KNOTS('',3,(#5474,#5475,#5476,#5477,#5478),
 .UNSPECIFIED.,.F.,.F.,(4,1,4),(0.,0.0829581158906628,0.18117424690728),
 .UNSPECIFIED.);
#97=B_SPLINE_CURVE_WITH_KNOTS('',3,(#5500,#5501,#5502,#5503,#5504),
 .UNSPECIFIED.,.F.,.F.,(4,1,4),(0.,0.0503011376606688,0.120908608567586),
 .UNSPECIFIED.);
#98=B_SPLINE_CURVE_WITH_KNOTS('',3,(#5507,#5508,#5509,#5510,#5511),
 .UNSPECIFIED.,.F.,.F.,(4,1,4),(0.,0.0503011376606688,0.120908608567586),
 .UNSPECIFIED.);
#99=B_SPLINE_CURVE_WITH_KNOTS('',3,(#5523,#5524,#5525,#5526,#5527),
 .UNSPECIFIED.,.F.,.F.,(4,1,4),(0.,0.0444754416988218,0.0880724261376363),
 .UNSPECIFIED.);
#100=B_SPLINE_CURVE_WITH_KNOTS('',3,(#5530,#5531,#5532,#5533,#5534),
 .UNSPECIFIED.,.F.,.F.,(4,1,4),(0.,0.0444754416988218,0.0880724261376363),
 .UNSPECIFIED.);
#101=B_SPLINE_CURVE_WITH_KNOTS('',3,(#5546,#5547,#5548,#5549,#5550),
 .UNSPECIFIED.,.F.,.F.,(4,1,4),(0.,0.0257964876634733,0.0535712930085985),
 .UNSPECIFIED.);
#102=B_SPLINE_CURVE_WITH_KNOTS('',3,(#5553,#5554,#5555,#5556,#5557),
 .UNSPECIFIED.,.F.,.F.,(4,1,4),(0.,0.0257964876634733,0.0535712930085985),
 .UNSPECIFIED.);
#103=B_SPLINE_CURVE_WITH_KNOTS('',3,(#5569,#5570,#5571,#5572,#5573),
 .UNSPECIFIED.,.F.,.F.,(4,1,4),(0.,0.0233297071142756,0.0475528397397872),
 .UNSPECIFIED.);
#104=B_SPLINE_CURVE_WITH_KNOTS('',3,(#5576,#5577,#5578,#5579,#5580),
 .UNSPECIFIED.,.F.,.F.,(4,1,4),(0.,0.0233297071142756,0.0475528397397872),
 .UNSPECIFIED.);
#105=B_SPLINE_CURVE_WITH_KNOTS('',3,(#5592,#5593,#5594,#5595,#5596),
 .UNSPECIFIED.,.F.,.F.,(4,1,4),(0.,0.0394003771576354,0.0681175276381562),
 .UNSPECIFIED.);
#106=B_SPLINE_CURVE_WITH_KNOTS('',3,(#5599,#5600,#5601,#5602,#5603),
 .UNSPECIFIED.,.F.,.F.,(4,1,4),(0.,0.0394003771576354,0.0681175276381562),
 .UNSPECIFIED.);
#107=B_SPLINE_CURVE_WITH_KNOTS('',3,(#5633,#5634,#5635,#5636,#5637),
 .UNSPECIFIED.,.F.,.F.,(4,1,4),(0.,0.0283047794113251,0.0718024591483918),
 .UNSPECIFIED.);
#108=B_SPLINE_CURVE_WITH_KNOTS('',3,(#5640,#5641,#5642,#5643,#5644),
 .UNSPECIFIED.,.F.,.F.,(4,1,4),(0.,0.0283047794113251,0.0718024591483918),
 .UNSPECIFIED.);
#109=B_SPLINE_CURVE_WITH_KNOTS('',3,(#5656,#5657,#5658,#5659,#5660),
 .UNSPECIFIED.,.F.,.F.,(4,1,4),(0.,0.0286715546843759,0.0593865757611941),
 .UNSPECIFIED.);
#110=B_SPLINE_CURVE_WITH_KNOTS('',3,(#5663,#5664,#5665,#5666,#5667),
 .UNSPECIFIED.,.F.,.F.,(4,1,4),(0.,0.0286715546843759,0.0593865757611941),
 .UNSPECIFIED.);
#111=B_SPLINE_CURVE_WITH_KNOTS('',3,(#5679,#5680,#5681,#5682,#5683),
 .UNSPECIFIED.,.F.,.F.,(4,1,4),(0.,0.0331050683683317,0.062262701674169),
 .UNSPECIFIED.);
#112=B_SPLINE_CURVE_WITH_KNOTS('',3,(#5686,#5687,#5688,#5689,#5690),
 .UNSPECIFIED.,.F.,.F.,(4,1,4),(0.,0.0331050683683317,0.062262701674169),
 .UNSPECIFIED.);
#113=B_SPLINE_CURVE_WITH_KNOTS('',3,(#5702,#5703,#5704,#5705,#5706),
 .UNSPECIFIED.,.F.,.F.,(4,1,4),(0.,0.0378695885708584,0.0739896987103618),
 .UNSPECIFIED.);
#114=B_SPLINE_CURVE_WITH_KNOTS('',3,(#5709,#5710,#5711,#5712,#5713),
 .UNSPECIFIED.,.F.,.F.,(4,1,4),(0.,0.0378695885708584,0.0739896987103618),
 .UNSPECIFIED.);
#115=B_SPLINE_CURVE_WITH_KNOTS('',3,(#5725,#5726,#5727,#5728,#5729),
 .UNSPECIFIED.,.F.,.F.,(4,1,4),(0.,0.0794413534435242,0.161234320734268),
 .UNSPECIFIED.);
#116=B_SPLINE_CURVE_WITH_KNOTS('',3,(#5732,#5733,#5734,#5735,#5736),
 .UNSPECIFIED.,.F.,.F.,(4,1,4),(0.,0.0794413534435242,0.161234320734268),
 .UNSPECIFIED.);
#117=B_SPLINE_CURVE_WITH_KNOTS('',3,(#5771,#5772,#5773,#5774,#5775),
 .UNSPECIFIED.,.F.,.F.,(4,1,4),(0.,0.0114125055621327,0.0259516847846063),
 .UNSPECIFIED.);
#118=B_SPLINE_CURVE_WITH_KNOTS('',3,(#5779,#5780,#5781,#5782,#5783),
 .UNSPECIFIED.,.F.,.F.,(4,1,4),(0.,0.0114125055621327,0.0259516847846063),
 .UNSPECIFIED.);
#119=B_SPLINE_CURVE_WITH_KNOTS('',3,(#5796,#5797,#5798,#5799,#5800),
 .UNSPECIFIED.,.F.,.F.,(4,1,4),(0.,0.00956623175829291,0.0193787840227717),
 .UNSPECIFIED.);
#120=B_SPLINE_CURVE_WITH_KNOTS('',3,(#5803,#5804,#5805,#5806,#5807),
 .UNSPECIFIED.,.F.,.F.,(4,1,4),(0.,0.00956623175829291,0.0193787840227717),
 .UNSPECIFIED.);
#121=B_SPLINE_CURVE_WITH_KNOTS('',3,(#5819,#5820,#5821,#5822,#5823),
 .UNSPECIFIED.,.F.,.F.,(4,1,4),(0.,0.0259050261961849,0.0408243694093095),
 .UNSPECIFIED.);
#122=B_SPLINE_CURVE_WITH_KNOTS('',3,(#5826,#5827,#5828,#5829,#5830),
 .UNSPECIFIED.,.F.,.F.,(4,1,4),(0.,0.0259050261961849,0.0408243694093095),
 .UNSPECIFIED.);
#123=B_SPLINE_CURVE_WITH_KNOTS('',3,(#5908,#5909,#5910,#5911,#5912),
 .UNSPECIFIED.,.F.,.F.,(4,1,4),(0.,0.0327803035106778,0.0877206417567755),
 .UNSPECIFIED.);
#124=B_SPLINE_CURVE_WITH_KNOTS('',3,(#5915,#5916,#5917,#5918,#5919),
 .UNSPECIFIED.,.F.,.F.,(4,1,4),(0.,0.0327803035106778,0.0877206417567755),
 .UNSPECIFIED.);
#125=B_SPLINE_CURVE_WITH_KNOTS('',3,(#5931,#5932,#5933,#5934,#5935),
 .UNSPECIFIED.,.F.,.F.,(4,1,4),(0.,0.0238752849389136,0.0462236464784236),
 .UNSPECIFIED.);
#126=B_SPLINE_CURVE_WITH_KNOTS('',3,(#5938,#5939,#5940,#5941,#5942),
 .UNSPECIFIED.,.F.,.F.,(4,1,4),(0.,0.0238752849389136,0.0462236464784236),
 .UNSPECIFIED.);
#127=B_SPLINE_CURVE_WITH_KNOTS('',3,(#5954,#5955,#5956,#5957,#5958),
 .UNSPECIFIED.,.F.,.F.,(4,1,4),(0.,0.0357480995099081,0.0640017044788401),
 .UNSPECIFIED.);
#128=B_SPLINE_CURVE_WITH_KNOTS('',3,(#5961,#5962,#5963,#5964,#5965),
 .UNSPECIFIED.,.F.,.F.,(4,1,4),(0.,0.0357480995099081,0.0640017044788401),
 .UNSPECIFIED.);
#129=B_SPLINE_CURVE_WITH_KNOTS('',3,(#5977,#5978,#5979,#5980,#5981),
 .UNSPECIFIED.,.F.,.F.,(4,1,4),(0.,0.0298742930276103,0.0561192593049533),
 .UNSPECIFIED.);
#130=B_SPLINE_CURVE_WITH_KNOTS('',3,(#5984,#5985,#5986,#5987,#5988),
 .UNSPECIFIED.,.F.,.F.,(4,1,4),(0.,0.0298742930276103,0.0561192593049533),
 .UNSPECIFIED.);
#131=B_SPLINE_CURVE_WITH_KNOTS('',3,(#6005,#6006,#6007,#6008,#6009),
 .UNSPECIFIED.,.F.,.F.,(4,1,4),(0.,0.0142406465976164,0.0324779416200278),
 .UNSPECIFIED.);
#132=B_SPLINE_CURVE_WITH_KNOTS('',3,(#6010,#6011,#6012,#6013,#6014),
 .UNSPECIFIED.,.F.,.F.,(4,1,4),(0.,0.0142406465976164,0.0324779416200278),
 .UNSPECIFIED.);
#133=B_SPLINE_SURFACE_WITH_KNOTS('',3,1,((#4899,#4900),(#4901,#4902),(#4903,
#4904),(#4905,#4906),(#4907,#4908)),.UNSPECIFIED.,.F.,.F.,.F.,(4,1,4),(2,
2),(0.,0.0421505707309015,0.0870713451720468),(0.,0.120000000000001),
 .UNSPECIFIED.);
#134=B_SPLINE_SURFACE_WITH_KNOTS('',3,1,((#4922,#4923),(#4924,#4925),(#4926,
#4927),(#4928,#4929),(#4930,#4931)),.UNSPECIFIED.,.F.,.F.,.F.,(4,1,4),(2,
2),(0.,0.0239199198844926,0.0493661263874566),(0.,0.120000000000001),
 .UNSPECIFIED.);
#135=B_SPLINE_SURFACE_WITH_KNOTS('',3,1,((#4945,#4946),(#4947,#4948),(#4949,
#4950),(#4951,#4952),(#4953,#4954)),.UNSPECIFIED.,.F.,.F.,.F.,(4,1,4),(2,
2),(0.,0.0232054631587051,0.0463898657397488),(0.,0.120000000000001),
 .UNSPECIFIED.);
#136=B_SPLINE_SURFACE_WITH_KNOTS('',3,1,((#4968,#4969),(#4970,#4971),(#4972,
#4973),(#4974,#4975),(#4976,#4977)),.UNSPECIFIED.,.F.,.F.,.F.,(4,1,4),(2,
2),(0.,0.0295461307431879,0.0568516396311308),(0.,0.120000000000001),
 .UNSPECIFIED.);
#137=B_SPLINE_SURFACE_WITH_KNOTS('',3,1,((#4997,#4998),(#4999,#5000),(#5001,
#5002),(#5003,#5004),(#5005,#5006)),.UNSPECIFIED.,.F.,.F.,.F.,(4,1,4),(2,
2),(0.,0.0380170932766268,0.0801305194896608),(0.,0.120000000000001),
 .UNSPECIFIED.);
#138=B_SPLINE_SURFACE_WITH_KNOTS('',3,1,((#5020,#5021),(#5022,#5023),(#5024,
#5025),(#5026,#5027),(#5028,#5029)),.UNSPECIFIED.,.F.,.F.,.F.,(4,1,4),(2,
2),(0.,0.0251222115466736,0.0501054287617392),(0.,0.120000000000001),
 .UNSPECIFIED.);
#139=B_SPLINE_SURFACE_WITH_KNOTS('',3,1,((#5043,#5044),(#5045,#5046),(#5047,
#5048),(#5049,#5050),(#5051,#5052)),.UNSPECIFIED.,.F.,.F.,.F.,(4,1,4),(2,
2),(0.,0.045472540299679,0.0773431394021716),(0.,0.120000000000001),
 .UNSPECIFIED.);
#140=B_SPLINE_SURFACE_WITH_KNOTS('',3,1,((#5088,#5089),(#5090,#5091),(#5092,
#5093),(#5094,#5095),(#5096,#5097)),.UNSPECIFIED.,.F.,.F.,.F.,(4,1,4),(2,
2),(0.,0.0515910757607466,0.103098802163854),(0.,0.120000000000001),
 .UNSPECIFIED.);
#141=B_SPLINE_SURFACE_WITH_KNOTS('',3,1,((#5114,#5115),(#5116,#5117),(#5118,
#5119),(#5120,#5121),(#5122,#5123)),.UNSPECIFIED.,.F.,.F.,.F.,(4,1,4),(2,
2),(0.,0.051559591394041,0.102610152384462),(0.,0.120000000000001),
 .UNSPECIFIED.);
#142=B_SPLINE_SURFACE_WITH_KNOTS('',3,1,((#5137,#5138),(#5139,#5140),(#5141,
#5142),(#5143,#5144),(#5145,#5146)),.UNSPECIFIED.,.F.,.F.,.F.,(4,1,4),(2,
2),(0.,0.0714454253339461,0.129649999899072),(0.,0.120000000000001),
 .UNSPECIFIED.);
#143=B_SPLINE_SURFACE_WITH_KNOTS('',3,1,((#5160,#5161),(#5162,#5163),(#5164,
#5165),(#5166,#5167),(#5168,#5169)),.UNSPECIFIED.,.F.,.F.,.F.,(4,1,4),(2,
2),(0.,0.0593551683799199,0.134499731440791),(0.,0.120000000000001),
 .UNSPECIFIED.);
#144=B_SPLINE_SURFACE_WITH_KNOTS('',3,1,((#5183,#5184),(#5185,#5186),(#5187,
#5188),(#5189,#5190),(#5191,#5192)),.UNSPECIFIED.,.F.,.F.,.F.,(4,1,4),(2,
2),(0.,0.0513116778303936,0.102923209881209),(0.,0.120000000000001),
 .UNSPECIFIED.);
#145=B_SPLINE_SURFACE_WITH_KNOTS('',3,1,((#5206,#5207),(#5208,#5209),(#5210,
#5211),(#5212,#5213),(#5214,#5215)),.UNSPECIFIED.,.F.,.F.,.F.,(4,1,4),(2,
2),(0.,0.0516002893449377,0.103201639454771),(0.,0.120000000000001),
 .UNSPECIFIED.);
#146=B_SPLINE_SURFACE_WITH_KNOTS('',3,1,((#5229,#5230),(#5231,#5232),(#5233,
#5234),(#5235,#5236),(#5237,#5238)),.UNSPECIFIED.,.F.,.F.,.F.,(4,1,4),(2,
2),(0.,0.0735706014972981,0.132336079195384),(0.,0.120000000000001),
 .UNSPECIFIED.);
#147=B_SPLINE_SURFACE_WITH_KNOTS('',3,1,((#5252,#5253),(#5254,#5255),(#5256,
#5257),(#5258,#5259),(#5260,#5261)),.UNSPECIFIED.,.F.,.F.,.F.,(4,1,4),(2,
2),(0.,0.0586297381092775,0.132149533222089),(0.,0.120000000000001),
 .UNSPECIFIED.);
#148=B_SPLINE_SURFACE_WITH_KNOTS('',3,1,((#5272,#5273),(#5274,#5275),(#5276,
#5277),(#5278,#5279),(#5280,#5281)),.UNSPECIFIED.,.F.,.F.,.F.,(4,1,4),(2,
2),(0.,0.0838073722907104,0.162260409318473),(0.,0.120000000000001),
 .UNSPECIFIED.);
#149=B_SPLINE_SURFACE_WITH_KNOTS('',3,1,((#5298,#5299),(#5300,#5301),(#5302,
#5303),(#5304,#5305),(#5306,#5307)),.UNSPECIFIED.,.F.,.F.,.F.,(4,1,4),(2,
2),(0.,0.0541032599808124,0.109195823613186),(0.,0.120000000000001),
 .UNSPECIFIED.);
#150=B_SPLINE_SURFACE_WITH_KNOTS('',3,1,((#5321,#5322),(#5323,#5324),(#5325,
#5326),(#5327,#5328),(#5329,#5330)),.UNSPECIFIED.,.F.,.F.,.F.,(4,1,4),(2,
2),(0.,0.0527227841940672,0.105796120708507),(0.,0.120000000000001),
 .UNSPECIFIED.);
#151=B_SPLINE_SURFACE_WITH_KNOTS('',3,1,((#5344,#5345),(#5346,#5347),(#5348,
#5349),(#5350,#5351),(#5352,#5353)),.UNSPECIFIED.,.F.,.F.,.F.,(4,1,4),(2,
2),(0.,0.0752125407983559,0.135298047481793),(0.,0.120000000000001),
 .UNSPECIFIED.);
#152=B_SPLINE_SURFACE_WITH_KNOTS('',3,1,((#5367,#5368),(#5369,#5370),(#5371,
#5372),(#5373,#5374),(#5375,#5376)),.UNSPECIFIED.,.F.,.F.,.F.,(4,1,4),(2,
2),(0.,0.0819232718007403,0.175355150965711),(0.,0.120000000000001),
 .UNSPECIFIED.);
#153=B_SPLINE_SURFACE_WITH_KNOTS('',3,1,((#5390,#5391),(#5392,#5393),(#5394,
#5395),(#5396,#5397),(#5398,#5399)),.UNSPECIFIED.,.F.,.F.,.F.,(4,1,4),(2,
2),(0.,0.0827590733255725,0.161340498515014),(0.,0.120000000000001),
 .UNSPECIFIED.);
#154=B_SPLINE_SURFACE_WITH_KNOTS('',3,1,((#5413,#5414),(#5415,#5416),(#5417,
#5418),(#5419,#5420),(#5421,#5422)),.UNSPECIFIED.,.F.,.F.,.F.,(4,1,4),(2,
2),(0.,0.0719865074294229,0.147446827025301),(0.,0.120000000000001),
 .UNSPECIFIED.);
#155=B_SPLINE_SURFACE_WITH_KNOTS('',3,1,((#5436,#5437),(#5438,#5439),(#5440,
#5441),(#5442,#5443),(#5444,#5445)),.UNSPECIFIED.,.F.,.F.,.F.,(4,1,4),(2,
2),(0.,0.10641323952584,0.195724860338487),(0.,0.120000000000001),
 .UNSPECIFIED.);
#156=B_SPLINE_SURFACE_WITH_KNOTS('',3,1,((#5459,#5460),(#5461,#5462),(#5463,
#5464),(#5465,#5466),(#5467,#5468)),.UNSPECIFIED.,.F.,.F.,.F.,(4,1,4),(2,
2),(0.,0.0829581158906628,0.18117424690728),(0.,0.120000000000001),
 .UNSPECIFIED.);
#157=B_SPLINE_SURFACE_WITH_KNOTS('',3,1,((#5489,#5490),(#5491,#5492),(#5493,
#5494),(#5495,#5496),(#5497,#5498)),.UNSPECIFIED.,.F.,.F.,.F.,(4,1,4),(2,
2),(0.,0.0503011376606688,0.120908608567586),(0.,0.120000000000001),
 .UNSPECIFIED.);
#158=B_SPLINE_SURFACE_WITH_KNOTS('',3,1,((#5512,#5513),(#5514,#5515),(#5516,
#5517),(#5518,#5519),(#5520,#5521)),.UNSPECIFIED.,.F.,.F.,.F.,(4,1,4),(2,
2),(0.,0.0444754416988218,0.0880724261376363),(0.,0.120000000000001),
 .UNSPECIFIED.);
#159=B_SPLINE_SURFACE_WITH_KNOTS('',3,1,((#5535,#5536),(#5537,#5538),(#5539,
#5540),(#5541,#5542),(#5543,#5544)),.UNSPECIFIED.,.F.,.F.,.F.,(4,1,4),(2,
2),(0.,0.0257964876634733,0.0535712930085985),(0.,0.120000000000001),
 .UNSPECIFIED.);
#160=B_SPLINE_SURFACE_WITH_KNOTS('',3,1,((#5558,#5559),(#5560,#5561),(#5562,
#5563),(#5564,#5565),(#5566,#5567)),.UNSPECIFIED.,.F.,.F.,.F.,(4,1,4),(2,
2),(0.,0.0233297071142756,0.0475528397397872),(0.,0.120000000000001),
 .UNSPECIFIED.);
#161=B_SPLINE_SURFACE_WITH_KNOTS('',3,1,((#5581,#5582),(#5583,#5584),(#5585,
#5586),(#5587,#5588),(#5589,#5590)),.UNSPECIFIED.,.F.,.F.,.F.,(4,1,4),(2,
2),(0.,0.0394003771576354,0.0681175276381562),(0.,0.120000000000001),
 .UNSPECIFIED.);
#162=B_SPLINE_SURFACE_WITH_KNOTS('',3,1,((#5622,#5623),(#5624,#5625),(#5626,
#5627),(#5628,#5629),(#5630,#5631)),.UNSPECIFIED.,.F.,.F.,.F.,(4,1,4),(2,
2),(0.,0.0283047794113251,0.0718024591483918),(0.,0.120000000000001),
 .UNSPECIFIED.);
#163=B_SPLINE_SURFACE_WITH_KNOTS('',3,1,((#5645,#5646),(#5647,#5648),(#5649,
#5650),(#5651,#5652),(#5653,#5654)),.UNSPECIFIED.,.F.,.F.,.F.,(4,1,4),(2,
2),(0.,0.0286715546843759,0.0593865757611941),(0.,0.120000000000001),
 .UNSPECIFIED.);
#164=B_SPLINE_SURFACE_WITH_KNOTS('',3,1,((#5668,#5669),(#5670,#5671),(#5672,
#5673),(#5674,#5675),(#5676,#5677)),.UNSPECIFIED.,.F.,.F.,.F.,(4,1,4),(2,
2),(0.,0.0331050683683317,0.062262701674169),(0.,0.120000000000001),
 .UNSPECIFIED.);
#165=B_SPLINE_SURFACE_WITH_KNOTS('',3,1,((#5691,#5692),(#5693,#5694),(#5695,
#5696),(#5697,#5698),(#5699,#5700)),.UNSPECIFIED.,.F.,.F.,.F.,(4,1,4),(2,
2),(0.,0.0378695885708584,0.0739896987103618),(0.,0.120000000000001),
 .UNSPECIFIED.);
#166=B_SPLINE_SURFACE_WITH_KNOTS('',3,1,((#5714,#5715),(#5716,#5717),(#5718,
#5719),(#5720,#5721),(#5722,#5723)),.UNSPECIFIED.,.F.,.F.,.F.,(4,1,4),(2,
2),(0.,0.0794413534435242,0.161234320734268),(0.,0.120000000000001),
 .UNSPECIFIED.);
#167=B_SPLINE_SURFACE_WITH_KNOTS('',3,1,((#5759,#5760),(#5761,#5762),(#5763,
#5764),(#5765,#5766),(#5767,#5768)),.UNSPECIFIED.,.F.,.F.,.F.,(4,1,4),(2,
2),(0.,0.0114125055621327,0.0259516847846063),(0.,0.120000000000001),
 .UNSPECIFIED.);
#168=B_SPLINE_SURFACE_WITH_KNOTS('',3,1,((#5785,#5786),(#5787,#5788),(#5789,
#5790),(#5791,#5792),(#5793,#5794)),.UNSPECIFIED.,.F.,.F.,.F.,(4,1,4),(2,
2),(0.,0.00956623175829291,0.0193787840227717),(0.,0.120000000000001),
 .UNSPECIFIED.);
#169=B_SPLINE_SURFACE_WITH_KNOTS('',3,1,((#5808,#5809),(#5810,#5811),(#5812,
#5813),(#5814,#5815),(#5816,#5817)),.UNSPECIFIED.,.F.,.F.,.F.,(4,1,4),(2,
2),(0.,0.0259050261961849,0.0408243694093095),(0.,0.120000000000001),
 .UNSPECIFIED.);
#170=B_SPLINE_SURFACE_WITH_KNOTS('',3,1,((#5897,#5898),(#5899,#5900),(#5901,
#5902),(#5903,#5904),(#5905,#5906)),.UNSPECIFIED.,.F.,.F.,.F.,(4,1,4),(2,
2),(0.,0.0327803035106778,0.0877206417567755),(0.,0.120000000000001),
 .UNSPECIFIED.);
#171=B_SPLINE_SURFACE_WITH_KNOTS('',3,1,((#5920,#5921),(#5922,#5923),(#5924,
#5925),(#5926,#5927),(#5928,#5929)),.UNSPECIFIED.,.F.,.F.,.F.,(4,1,4),(2,
2),(0.,0.0238752849389136,0.0462236464784236),(0.,0.120000000000001),
 .UNSPECIFIED.);
#172=B_SPLINE_SURFACE_WITH_KNOTS('',3,1,((#5943,#5944),(#5945,#5946),(#5947,
#5948),(#5949,#5950),(#5951,#5952)),.UNSPECIFIED.,.F.,.F.,.F.,(4,1,4),(2,
2),(0.,0.0357480995099081,0.0640017044788401),(0.,0.120000000000001),
 .UNSPECIFIED.);
#173=B_SPLINE_SURFACE_WITH_KNOTS('',3,1,((#5966,#5967),(#5968,#5969),(#5970,
#5971),(#5972,#5973),(#5974,#5975)),.UNSPECIFIED.,.F.,.F.,.F.,(4,1,4),(2,
2),(0.,0.0298742930276103,0.0561192593049533),(0.,0.120000000000001),
 .UNSPECIFIED.);
#174=B_SPLINE_SURFACE_WITH_KNOTS('',3,1,((#5995,#5996),(#5997,#5998),(#5999,
#6000),(#6001,#6002),(#6003,#6004)),.UNSPECIFIED.,.F.,.F.,.F.,(4,1,4),(2,
2),(0.,0.0142406465976164,0.0324779416200278),(0.,0.120000000000001),
 .UNSPECIFIED.);
#175=FACE_BOUND('',#465,.T.);
#176=FACE_BOUND('',#498,.T.);
#177=FACE_BOUND('',#551,.T.);
#178=FACE_BOUND('',#552,.T.);
#179=FACE_BOUND('',#553,.T.);
#180=FACE_BOUND('',#554,.T.);
#181=FACE_BOUND('',#555,.T.);
#182=FACE_BOUND('',#558,.T.);
#183=FACE_BOUND('',#563,.T.);
#184=FACE_BOUND('',#571,.T.);
#185=FACE_BOUND('',#576,.T.);
#186=FACE_BOUND('',#583,.T.);
#187=FACE_BOUND('',#588,.T.);
#188=FACE_BOUND('',#593,.T.);
#189=FACE_BOUND('',#598,.T.);
#190=FACE_BOUND('',#606,.T.);
#191=FACE_BOUND('',#611,.T.);
#192=FACE_BOUND('',#617,.T.);
#193=FACE_BOUND('',#622,.T.);
#194=FACE_BOUND('',#642,.T.);
#195=FACE_BOUND('',#644,.T.);
#196=FACE_BOUND('',#648,.T.);
#197=FACE_BOUND('',#651,.T.);
#198=FACE_BOUND('',#653,.T.);
#199=FACE_BOUND('',#657,.T.);
#200=FACE_BOUND('',#660,.T.);
#201=FACE_BOUND('',#663,.T.);
#202=FACE_BOUND('',#671,.T.);
#203=FACE_BOUND('',#673,.T.);
#204=FACE_BOUND('',#677,.T.);
#205=FACE_BOUND('',#679,.T.);
#206=FACE_BOUND('',#684,.T.);
#207=CIRCLE('',#3697,4.);
#208=CIRCLE('',#3698,4.);
#209=CIRCLE('',#3699,4.);
#210=CIRCLE('',#3700,4.);
#211=CIRCLE('',#3745,4.);
#212=CIRCLE('',#3746,1.6);
#213=CIRCLE('',#3748,4.);
#214=CIRCLE('',#3751,3.);
#215=CIRCLE('',#3753,3.);
#216=CIRCLE('',#3754,1.6);
#217=CIRCLE('',#3763,3.);
#218=CIRCLE('',#3765,3.);
#219=CIRCLE('',#3767,1.6);
#220=CIRCLE('',#3768,1.6);
#221=CIRCLE('',#3771,4.);
#222=CIRCLE('',#3774,4.);
#223=CIRCLE('',#3781,1.6);
#224=CIRCLE('',#3782,1.6);
#225=CIRCLE('',#3784,3.);
#226=CIRCLE('',#3786,4.);
#227=CIRCLE('',#3787,3.);
#228=CIRCLE('',#3790,4.);
#229=CIRCLE('',#3794,3.);
#230=CIRCLE('',#3796,3.);
#231=CIRCLE('',#3799,1.6);
#232=CIRCLE('',#3800,1.6);
#233=CIRCLE('',#3803,4.);
#234=CIRCLE('',#3806,4.);
#235=CIRCLE('',#3813,3.);
#236=CIRCLE('',#3815,3.);
#237=CIRCLE('',#3818,1.6);
#238=CIRCLE('',#3819,1.6);
#239=CIRCLE('',#3822,4.);
#240=CIRCLE('',#3825,4.);
#241=CIRCLE('',#3832,4.);
#242=CIRCLE('',#3833,1.6);
#243=CIRCLE('',#3835,4.);
#244=CIRCLE('',#3838,3.);
#245=CIRCLE('',#3840,3.);
#246=CIRCLE('',#3841,1.6);
#247=CIRCLE('',#3849,4.);
#248=CIRCLE('',#3852,4.);
#249=CIRCLE('',#3855,4.);
#250=CIRCLE('',#3858,4.);
#251=CIRCLE('',#3866,3.);
#252=CIRCLE('',#3867,3.);
#253=CIRCLE('',#3869,1.6);
#254=CIRCLE('',#3871,4.);
#255=CIRCLE('',#3872,1.6);
#256=CIRCLE('',#3874,4.);
#257=CIRCLE('',#3878,3.);
#258=CIRCLE('',#3879,3.);
#259=CIRCLE('',#3881,1.6);
#260=CIRCLE('',#3883,4.);
#261=CIRCLE('',#3884,1.6);
#262=CIRCLE('',#3886,4.);
#263=CIRCLE('',#3890,3.);
#264=CIRCLE('',#3891,3.);
#265=CIRCLE('',#3893,1.6);
#266=CIRCLE('',#3895,3.);
#267=CIRCLE('',#3896,3.);
#268=CIRCLE('',#3898,1.6);
#269=CIRCLE('',#3904,1.6);
#270=CIRCLE('',#3906,3.99999999999999);
#271=CIRCLE('',#3907,3.99999999999999);
#272=CIRCLE('',#3911,1.6);
#273=CIRCLE('',#3913,3.99999999999999);
#274=CIRCLE('',#3914,3.99999999999999);
#275=FACE_OUTER_BOUND('',#464,.T.);
#276=FACE_OUTER_BOUND('',#466,.T.);
#277=FACE_OUTER_BOUND('',#467,.T.);
#278=FACE_OUTER_BOUND('',#468,.T.);
#279=FACE_OUTER_BOUND('',#469,.T.);
#280=FACE_OUTER_BOUND('',#470,.T.);
#281=FACE_OUTER_BOUND('',#471,.T.);
#282=FACE_OUTER_BOUND('',#472,.T.);
#283=FACE_OUTER_BOUND('',#473,.T.);
#284=FACE_OUTER_BOUND('',#474,.T.);
#285=FACE_OUTER_BOUND('',#475,.T.);
#286=FACE_OUTER_BOUND('',#476,.T.);
#287=FACE_OUTER_BOUND('',#477,.T.);
#288=FACE_OUTER_BOUND('',#478,.T.);
#289=FACE_OUTER_BOUND('',#479,.T.);
#290=FACE_OUTER_BOUND('',#480,.T.);
#291=FACE_OUTER_BOUND('',#481,.T.);
#292=FACE_OUTER_BOUND('',#482,.T.);
#293=FACE_OUTER_BOUND('',#483,.T.);
#294=FACE_OUTER_BOUND('',#484,.T.);
#295=FACE_OUTER_BOUND('',#485,.T.);
#296=FACE_OUTER_BOUND('',#486,.T.);
#297=FACE_OUTER_BOUND('',#487,.T.);
#298=FACE_OUTER_BOUND('',#488,.T.);
#299=FACE_OUTER_BOUND('',#489,.T.);
#300=FACE_OUTER_BOUND('',#490,.T.);
#301=FACE_OUTER_BOUND('',#491,.T.);
#302=FACE_OUTER_BOUND('',#492,.T.);
#303=FACE_OUTER_BOUND('',#493,.T.);
#304=FACE_OUTER_BOUND('',#494,.T.);
#305=FACE_OUTER_BOUND('',#495,.T.);
#306=FACE_OUTER_BOUND('',#496,.T.);
#307=FACE_OUTER_BOUND('',#497,.T.);
#308=FACE_OUTER_BOUND('',#499,.T.);
#309=FACE_OUTER_BOUND('',#500,.T.);
#310=FACE_OUTER_BOUND('',#501,.T.);
#311=FACE_OUTER_BOUND('',#502,.T.);
#312=FACE_OUTER_BOUND('',#503,.T.);
#313=FACE_OUTER_BOUND('',#504,.T.);
#314=FACE_OUTER_BOUND('',#505,.T.);
#315=FACE_OUTER_BOUND('',#506,.T.);
#316=FACE_OUTER_BOUND('',#507,.T.);
#317=FACE_OUTER_BOUND('',#508,.T.);
#318=FACE_OUTER_BOUND('',#509,.T.);
#319=FACE_OUTER_BOUND('',#510,.T.);
#320=FACE_OUTER_BOUND('',#511,.T.);
#321=FACE_OUTER_BOUND('',#512,.T.);
#322=FACE_OUTER_BOUND('',#513,.T.);
#323=FACE_OUTER_BOUND('',#514,.T.);
#324=FACE_OUTER_BOUND('',#515,.T.);
#325=FACE_OUTER_BOUND('',#516,.T.);
#326=FACE_OUTER_BOUND('',#517,.T.);
#327=FACE_OUTER_BOUND('',#518,.T.);
#328=FACE_OUTER_BOUND('',#519,.T.);
#329=FACE_OUTER_BOUND('',#520,.T.);
#330=FACE_OUTER_BOUND('',#521,.T.);
#331=FACE_OUTER_BOUND('',#522,.T.);
#332=FACE_OUTER_BOUND('',#523,.T.);
#333=FACE_OUTER_BOUND('',#524,.T.);
#334=FACE_OUTER_BOUND('',#525,.T.);
#335=FACE_OUTER_BOUND('',#526,.T.);
#336=FACE_OUTER_BOUND('',#527,.T.);
#337=FACE_OUTER_BOUND('',#528,.T.);
#338=FACE_OUTER_BOUND('',#529,.T.);
#339=FACE_OUTER_BOUND('',#530,.T.);
#340=FACE_OUTER_BOUND('',#531,.T.);
#341=FACE_OUTER_BOUND('',#532,.T.);
#342=FACE_OUTER_BOUND('',#533,.T.);
#343=FACE_OUTER_BOUND('',#534,.T.);
#344=FACE_OUTER_BOUND('',#535,.T.);
#345=FACE_OUTER_BOUND('',#536,.T.);
#346=FACE_OUTER_BOUND('',#537,.T.);
#347=FACE_OUTER_BOUND('',#538,.T.);
#348=FACE_OUTER_BOUND('',#539,.T.);
#349=FACE_OUTER_BOUND('',#540,.T.);
#350=FACE_OUTER_BOUND('',#541,.T.);
#351=FACE_OUTER_BOUND('',#542,.T.);
#352=FACE_OUTER_BOUND('',#543,.T.);
#353=FACE_OUTER_BOUND('',#544,.T.);
#354=FACE_OUTER_BOUND('',#545,.T.);
#355=FACE_OUTER_BOUND('',#546,.T.);
#356=FACE_OUTER_BOUND('',#547,.T.);
#357=FACE_OUTER_BOUND('',#548,.T.);
#358=FACE_OUTER_BOUND('',#549,.T.);
#359=FACE_OUTER_BOUND('',#550,.T.);
#360=FACE_OUTER_BOUND('',#556,.T.);
#361=FACE_OUTER_BOUND('',#557,.T.);
#362=FACE_OUTER_BOUND('',#559,.T.);
#363=FACE_OUTER_BOUND('',#560,.T.);
#364=FACE_OUTER_BOUND('',#561,.T.);
#365=FACE_OUTER_BOUND('',#562,.T.);
#366=FACE_OUTER_BOUND('',#564,.T.);
#367=FACE_OUTER_BOUND('',#565,.T.);
#368=FACE_OUTER_BOUND('',#566,.T.);
#369=FACE_OUTER_BOUND('',#567,.T.);
#370=FACE_OUTER_BOUND('',#568,.T.);
#371=FACE_OUTER_BOUND('',#569,.T.);
#372=FACE_OUTER_BOUND('',#570,.T.);
#373=FACE_OUTER_BOUND('',#572,.T.);
#374=FACE_OUTER_BOUND('',#573,.T.);
#375=FACE_OUTER_BOUND('',#574,.T.);
#376=FACE_OUTER_BOUND('',#575,.T.);
#377=FACE_OUTER_BOUND('',#577,.T.);
#378=FACE_OUTER_BOUND('',#578,.T.);
#379=FACE_OUTER_BOUND('',#579,.T.);
#380=FACE_OUTER_BOUND('',#580,.T.);
#381=FACE_OUTER_BOUND('',#581,.T.);
#382=FACE_OUTER_BOUND('',#582,.T.);
#383=FACE_OUTER_BOUND('',#584,.T.);
#384=FACE_OUTER_BOUND('',#585,.T.);
#385=FACE_OUTER_BOUND('',#586,.T.);
#386=FACE_OUTER_BOUND('',#587,.T.);
#387=FACE_OUTER_BOUND('',#589,.T.);
#388=FACE_OUTER_BOUND('',#590,.T.);
#389=FACE_OUTER_BOUND('',#591,.T.);
#390=FACE_OUTER_BOUND('',#592,.T.);
#391=FACE_OUTER_BOUND('',#594,.T.);
#392=FACE_OUTER_BOUND('',#595,.T.);
#393=FACE_OUTER_BOUND('',#596,.T.);
#394=FACE_OUTER_BOUND('',#597,.T.);
#395=FACE_OUTER_BOUND('',#599,.T.);
#396=FACE_OUTER_BOUND('',#600,.T.);
#397=FACE_OUTER_BOUND('',#601,.T.);
#398=FACE_OUTER_BOUND('',#602,.T.);
#399=FACE_OUTER_BOUND('',#603,.T.);
#400=FACE_OUTER_BOUND('',#604,.T.);
#401=FACE_OUTER_BOUND('',#605,.T.);
#402=FACE_OUTER_BOUND('',#607,.T.);
#403=FACE_OUTER_BOUND('',#608,.T.);
#404=FACE_OUTER_BOUND('',#609,.T.);
#405=FACE_OUTER_BOUND('',#610,.T.);
#406=FACE_OUTER_BOUND('',#612,.T.);
#407=FACE_OUTER_BOUND('',#613,.T.);
#408=FACE_OUTER_BOUND('',#614,.T.);
#409=FACE_OUTER_BOUND('',#615,.T.);
#410=FACE_OUTER_BOUND('',#616,.T.);
#411=FACE_OUTER_BOUND('',#618,.T.);
#412=FACE_OUTER_BOUND('',#619,.T.);
#413=FACE_OUTER_BOUND('',#620,.T.);
#414=FACE_OUTER_BOUND('',#621,.T.);
#415=FACE_OUTER_BOUND('',#623,.T.);
#416=FACE_OUTER_BOUND('',#624,.T.);
#417=FACE_OUTER_BOUND('',#625,.T.);
#418=FACE_OUTER_BOUND('',#626,.T.);
#419=FACE_OUTER_BOUND('',#627,.T.);
#420=FACE_OUTER_BOUND('',#628,.T.);
#421=FACE_OUTER_BOUND('',#629,.T.);
#422=FACE_OUTER_BOUND('',#630,.T.);
#423=FACE_OUTER_BOUND('',#631,.T.);
#424=FACE_OUTER_BOUND('',#632,.T.);
#425=FACE_OUTER_BOUND('',#633,.T.);
#426=FACE_OUTER_BOUND('',#634,.T.);
#427=FACE_OUTER_BOUND('',#635,.T.);
#428=FACE_OUTER_BOUND('',#636,.T.);
#429=FACE_OUTER_BOUND('',#637,.T.);
#430=FACE_OUTER_BOUND('',#638,.T.);
#431=FACE_OUTER_BOUND('',#639,.T.);
#432=FACE_OUTER_BOUND('',#640,.T.);
#433=FACE_OUTER_BOUND('',#641,.T.);
#434=FACE_OUTER_BOUND('',#643,.T.);
#435=FACE_OUTER_BOUND('',#645,.T.);
#436=FACE_OUTER_BOUND('',#646,.T.);
#437=FACE_OUTER_BOUND('',#647,.T.);
#438=FACE_OUTER_BOUND('',#649,.T.);
#439=FACE_OUTER_BOUND('',#650,.T.);
#440=FACE_OUTER_BOUND('',#652,.T.);
#441=FACE_OUTER_BOUND('',#654,.T.);
#442=FACE_OUTER_BOUND('',#655,.T.);
#443=FACE_OUTER_BOUND('',#656,.T.);
#444=FACE_OUTER_BOUND('',#658,.T.);
#445=FACE_OUTER_BOUND('',#659,.T.);
#446=FACE_OUTER_BOUND('',#661,.T.);
#447=FACE_OUTER_BOUND('',#662,.T.);
#448=FACE_OUTER_BOUND('',#664,.T.);
#449=FACE_OUTER_BOUND('',#665,.T.);
#450=FACE_OUTER_BOUND('',#666,.T.);
#451=FACE_OUTER_BOUND('',#667,.T.);
#452=FACE_OUTER_BOUND('',#668,.T.);
#453=FACE_OUTER_BOUND('',#669,.T.);
#454=FACE_OUTER_BOUND('',#670,.T.);
#455=FACE_OUTER_BOUND('',#672,.T.);
#456=FACE_OUTER_BOUND('',#674,.T.);
#457=FACE_OUTER_BOUND('',#675,.T.);
#458=FACE_OUTER_BOUND('',#676,.T.);
#459=FACE_OUTER_BOUND('',#678,.T.);
#460=FACE_OUTER_BOUND('',#680,.T.);
#461=FACE_OUTER_BOUND('',#681,.T.);
#462=FACE_OUTER_BOUND('',#682,.T.);
#463=FACE_OUTER_BOUND('',#683,.T.);
#464=EDGE_LOOP('',(#2306,#2307,#2308,#2309,#2310,#2311,#2312,#2313,#2314,
#2315,#2316,#2317,#2318,#2319,#2320,#2321,#2322,#2323,#2324,#2325,#2326,
#2327,#2328,#2329,#2330,#2331,#2332,#2333,#2334,#2335,#2336,#2337,#2338,
#2339,#2340,#2341,#2342,#2343,#2344,#2345,#2346,#2347,#2348,#2349,#2350,
#2351,#2352,#2353,#2354,#2355,#2356,#2357,#2358,#2359,#2360,#2361,#2362,
#2363,#2364));
#465=EDGE_LOOP('',(#2365,#2366,#2367,#2368,#2369,#2370,#2371,#2372));
#466=EDGE_LOOP('',(#2373,#2374,#2375,#2376));
#467=EDGE_LOOP('',(#2377,#2378,#2379,#2380));
#468=EDGE_LOOP('',(#2381,#2382,#2383,#2384));
#469=EDGE_LOOP('',(#2385,#2386,#2387,#2388));
#470=EDGE_LOOP('',(#2389,#2390,#2391,#2392));
#471=EDGE_LOOP('',(#2393,#2394,#2395,#2396));
#472=EDGE_LOOP('',(#2397,#2398,#2399,#2400));
#473=EDGE_LOOP('',(#2401,#2402,#2403,#2404));
#474=EDGE_LOOP('',(#2405,#2406,#2407,#2408));
#475=EDGE_LOOP('',(#2409,#2410,#2411,#2412));
#476=EDGE_LOOP('',(#2413,#2414,#2415,#2416));
#477=EDGE_LOOP('',(#2417,#2418,#2419,#2420));
#478=EDGE_LOOP('',(#2421,#2422,#2423,#2424));
#479=EDGE_LOOP('',(#2425,#2426,#2427,#2428,#2429,#2430,#2431,#2432,#2433,
#2434,#2435,#2436,#2437));
#480=EDGE_LOOP('',(#2438,#2439,#2440,#2441));
#481=EDGE_LOOP('',(#2442,#2443,#2444,#2445));
#482=EDGE_LOOP('',(#2446,#2447,#2448,#2449));
#483=EDGE_LOOP('',(#2450,#2451,#2452,#2453));
#484=EDGE_LOOP('',(#2454,#2455,#2456,#2457));
#485=EDGE_LOOP('',(#2458,#2459,#2460,#2461));
#486=EDGE_LOOP('',(#2462,#2463,#2464,#2465));
#487=EDGE_LOOP('',(#2466,#2467,#2468,#2469));
#488=EDGE_LOOP('',(#2470,#2471,#2472,#2473));
#489=EDGE_LOOP('',(#2474,#2475,#2476,#2477));
#490=EDGE_LOOP('',(#2478,#2479,#2480,#2481));
#491=EDGE_LOOP('',(#2482,#2483,#2484,#2485));
#492=EDGE_LOOP('',(#2486,#2487,#2488,#2489));
#493=EDGE_LOOP('',(#2490,#2491,#2492,#2493));
#494=EDGE_LOOP('',(#2494,#2495,#2496,#2497));
#495=EDGE_LOOP('',(#2498,#2499,#2500,#2501));
#496=EDGE_LOOP('',(#2502,#2503,#2504,#2505));
#497=EDGE_LOOP('',(#2506,#2507,#2508,#2509,#2510,#2511,#2512,#2513,#2514));
#498=EDGE_LOOP('',(#2515,#2516,#2517,#2518,#2519,#2520,#2521,#2522));
#499=EDGE_LOOP('',(#2523,#2524,#2525,#2526));
#500=EDGE_LOOP('',(#2527,#2528,#2529,#2530));
#501=EDGE_LOOP('',(#2531,#2532,#2533,#2534));
#502=EDGE_LOOP('',(#2535,#2536,#2537,#2538));
#503=EDGE_LOOP('',(#2539,#2540,#2541,#2542));
#504=EDGE_LOOP('',(#2543,#2544,#2545,#2546));
#505=EDGE_LOOP('',(#2547,#2548,#2549,#2550));
#506=EDGE_LOOP('',(#2551,#2552,#2553,#2554));
#507=EDGE_LOOP('',(#2555,#2556,#2557,#2558));
#508=EDGE_LOOP('',(#2559,#2560,#2561,#2562));
#509=EDGE_LOOP('',(#2563,#2564,#2565,#2566));
#510=EDGE_LOOP('',(#2567,#2568,#2569,#2570));
#511=EDGE_LOOP('',(#2571,#2572,#2573,#2574));
#512=EDGE_LOOP('',(#2575,#2576,#2577,#2578));
#513=EDGE_LOOP('',(#2579,#2580,#2581,#2582));
#514=EDGE_LOOP('',(#2583,#2584,#2585,#2586));
#515=EDGE_LOOP('',(#2587,#2588,#2589,#2590));
#516=EDGE_LOOP('',(#2591,#2592,#2593,#2594));
#517=EDGE_LOOP('',(#2595,#2596,#2597,#2598,#2599,#2600,#2601,#2602,#2603,
#2604,#2605,#2606,#2607,#2608,#2609,#2610,#2611,#2612));
#518=EDGE_LOOP('',(#2613,#2614,#2615,#2616));
#519=EDGE_LOOP('',(#2617,#2618,#2619,#2620));
#520=EDGE_LOOP('',(#2621,#2622,#2623,#2624));
#521=EDGE_LOOP('',(#2625,#2626,#2627,#2628));
#522=EDGE_LOOP('',(#2629,#2630,#2631,#2632));
#523=EDGE_LOOP('',(#2633,#2634,#2635,#2636));
#524=EDGE_LOOP('',(#2637,#2638,#2639,#2640));
#525=EDGE_LOOP('',(#2641,#2642,#2643,#2644));
#526=EDGE_LOOP('',(#2645,#2646,#2647,#2648));
#527=EDGE_LOOP('',(#2649,#2650,#2651,#2652));
#528=EDGE_LOOP('',(#2653,#2654,#2655,#2656));
#529=EDGE_LOOP('',(#2657,#2658,#2659,#2660));
#530=EDGE_LOOP('',(#2661,#2662,#2663,#2664));
#531=EDGE_LOOP('',(#2665,#2666,#2667,#2668));
#532=EDGE_LOOP('',(#2669,#2670,#2671,#2672));
#533=EDGE_LOOP('',(#2673,#2674,#2675,#2676));
#534=EDGE_LOOP('',(#2677,#2678,#2679,#2680));
#535=EDGE_LOOP('',(#2681,#2682,#2683,#2684));
#536=EDGE_LOOP('',(#2685,#2686,#2687,#2688));
#537=EDGE_LOOP('',(#2689,#2690,#2691,#2692));
#538=EDGE_LOOP('',(#2693,#2694,#2695,#2696,#2697,#2698,#2699,#2700,#2701,
#2702,#2703,#2704,#2705,#2706,#2707,#2708,#2709,#2710,#2711,#2712));
#539=EDGE_LOOP('',(#2713,#2714,#2715,#2716));
#540=EDGE_LOOP('',(#2717,#2718,#2719,#2720));
#541=EDGE_LOOP('',(#2721,#2722,#2723,#2724));
#542=EDGE_LOOP('',(#2725,#2726,#2727,#2728));
#543=EDGE_LOOP('',(#2729,#2730,#2731,#2732));
#544=EDGE_LOOP('',(#2733,#2734,#2735,#2736));
#545=EDGE_LOOP('',(#2737,#2738,#2739,#2740));
#546=EDGE_LOOP('',(#2741,#2742,#2743,#2744));
#547=EDGE_LOOP('',(#2745,#2746,#2747,#2748));
#548=EDGE_LOOP('',(#2749,#2750,#2751,#2752));
#549=EDGE_LOOP('',(#2753,#2754,#2755,#2756,#2757,#2758,#2759,#2760,#2761,
#2762));
#550=EDGE_LOOP('',(#2763,#2764,#2765,#2766));
#551=EDGE_LOOP('',(#2767,#2768,#2769,#2770,#2771,#2772,#2773,#2774,#2775,
#2776));
#552=EDGE_LOOP('',(#2777,#2778,#2779,#2780,#2781,#2782,#2783,#2784,#2785,
#2786,#2787,#2788,#2789,#2790,#2791,#2792,#2793,#2794,#2795,#2796));
#553=EDGE_LOOP('',(#2797,#2798,#2799,#2800,#2801,#2802,#2803,#2804,#2805,
#2806,#2807,#2808,#2809,#2810,#2811,#2812,#2813,#2814));
#554=EDGE_LOOP('',(#2815,#2816,#2817,#2818,#2819,#2820,#2821,#2822,#2823));
#555=EDGE_LOOP('',(#2824,#2825,#2826,#2827,#2828,#2829,#2830,#2831,#2832,
#2833,#2834,#2835,#2836));
#556=EDGE_LOOP('',(#2837,#2838,#2839,#2840,#2841,#2842));
#557=EDGE_LOOP('',(#2843,#2844,#2845,#2846));
#558=EDGE_LOOP('',(#2847));
#559=EDGE_LOOP('',(#2848,#2849,#2850,#2851));
#560=EDGE_LOOP('',(#2852,#2853,#2854,#2855,#2856,#2857));
#561=EDGE_LOOP('',(#2858,#2859,#2860,#2861,#2862,#2863));
#562=EDGE_LOOP('',(#2864));
#563=EDGE_LOOP('',(#2865));
#564=EDGE_LOOP('',(#2866,#2867,#2868,#2869));
#565=EDGE_LOOP('',(#2870,#2871,#2872,#2873,#2874,#2875,#2876,#2877));
#566=EDGE_LOOP('',(#2878,#2879,#2880,#2881));
#567=EDGE_LOOP('',(#2882,#2883,#2884));
#568=EDGE_LOOP('',(#2885,#2886,#2887,#2888,#2889,#2890,#2891,#2892));
#569=EDGE_LOOP('',(#2893,#2894,#2895,#2896));
#570=EDGE_LOOP('',(#2897));
#571=EDGE_LOOP('',(#2898));
#572=EDGE_LOOP('',(#2899,#2900,#2901,#2902,#2903,#2904));
#573=EDGE_LOOP('',(#2905,#2906,#2907,#2908,#2909,#2910));
#574=EDGE_LOOP('',(#2911,#2912,#2913,#2914));
#575=EDGE_LOOP('',(#2915,#2916,#2917,#2918));
#576=EDGE_LOOP('',(#2919));
#577=EDGE_LOOP('',(#2920,#2921,#2922,#2923,#2924,#2925));
#578=EDGE_LOOP('',(#2926,#2927,#2928,#2929,#2930,#2931,#2932));
#579=EDGE_LOOP('',(#2933,#2934,#2935,#2936));
#580=EDGE_LOOP('',(#2937,#2938,#2939));
#581=EDGE_LOOP('',(#2940,#2941,#2942,#2943));
#582=EDGE_LOOP('',(#2944));
#583=EDGE_LOOP('',(#2945));
#584=EDGE_LOOP('',(#2946,#2947,#2948,#2949,#2950,#2951));
#585=EDGE_LOOP('',(#2952,#2953,#2954,#2955,#2956,#2957));
#586=EDGE_LOOP('',(#2958,#2959,#2960,#2961));
#587=EDGE_LOOP('',(#2962,#2963,#2964,#2965));
#588=EDGE_LOOP('',(#2966));
#589=EDGE_LOOP('',(#2967,#2968,#2969,#2970,#2971,#2972));
#590=EDGE_LOOP('',(#2973,#2974,#2975,#2976,#2977,#2978,#2979,#2980));
#591=EDGE_LOOP('',(#2981,#2982,#2983,#2984));
#592=EDGE_LOOP('',(#2985));
#593=EDGE_LOOP('',(#2986));
#594=EDGE_LOOP('',(#2987,#2988,#2989,#2990,#2991,#2992));
#595=EDGE_LOOP('',(#2993,#2994,#2995,#2996,#2997,#2998));
#596=EDGE_LOOP('',(#2999,#3000,#3001,#3002));
#597=EDGE_LOOP('',(#3003,#3004,#3005,#3006));
#598=EDGE_LOOP('',(#3007));
#599=EDGE_LOOP('',(#3008,#3009,#3010,#3011,#3012,#3013));
#600=EDGE_LOOP('',(#3014,#3015,#3016,#3017,#3018,#3019,#3020));
#601=EDGE_LOOP('',(#3021,#3022,#3023,#3024));
#602=EDGE_LOOP('',(#3025,#3026,#3027));
#603=EDGE_LOOP('',(#3028,#3029,#3030,#3031,#3032,#3033,#3034,#3035));
#604=EDGE_LOOP('',(#3036,#3037,#3038,#3039));
#605=EDGE_LOOP('',(#3040));
#606=EDGE_LOOP('',(#3041));
#607=EDGE_LOOP('',(#3042,#3043,#3044,#3045,#3046,#3047));
#608=EDGE_LOOP('',(#3048,#3049,#3050,#3051,#3052,#3053));
#609=EDGE_LOOP('',(#3054,#3055,#3056,#3057));
#610=EDGE_LOOP('',(#3058,#3059,#3060,#3061));
#611=EDGE_LOOP('',(#3062));
#612=EDGE_LOOP('',(#3063,#3064,#3065,#3066,#3067,#3068));
#613=EDGE_LOOP('',(#3069,#3070,#3071,#3072));
#614=EDGE_LOOP('',(#3073,#3074,#3075));
#615=EDGE_LOOP('',(#3076,#3077,#3078,#3079,#3080,#3081));
#616=EDGE_LOOP('',(#3082,#3083,#3084,#3085));
#617=EDGE_LOOP('',(#3086));
#618=EDGE_LOOP('',(#3087,#3088,#3089,#3090));
#619=EDGE_LOOP('',(#3091,#3092,#3093,#3094,#3095,#3096));
#620=EDGE_LOOP('',(#3097,#3098,#3099,#3100,#3101,#3102));
#621=EDGE_LOOP('',(#3103));
#622=EDGE_LOOP('',(#3104));
#623=EDGE_LOOP('',(#3105,#3106,#3107,#3108));
#624=EDGE_LOOP('',(#3109,#3110,#3111,#3112,#3113,#3114,#3115,#3116));
#625=EDGE_LOOP('',(#3117,#3118,#3119,#3120,#3121,#3122,#3123));
#626=EDGE_LOOP('',(#3124,#3125,#3126));
#627=EDGE_LOOP('',(#3127,#3128,#3129,#3130));
#628=EDGE_LOOP('',(#3131,#3132,#3133,#3134,#3135,#3136,#3137,#3138));
#629=EDGE_LOOP('',(#3139,#3140,#3141,#3142));
#630=EDGE_LOOP('',(#3143,#3144,#3145,#3146));
#631=EDGE_LOOP('',(#3147,#3148,#3149,#3150));
#632=EDGE_LOOP('',(#3151,#3152,#3153,#3154));
#633=EDGE_LOOP('',(#3155,#3156,#3157,#3158));
#634=EDGE_LOOP('',(#3159,#3160,#3161,#3162));
#635=EDGE_LOOP('',(#3163,#3164,#3165,#3166,#3167,#3168,#3169));
#636=EDGE_LOOP('',(#3170,#3171,#3172,#3173,#3174,#3175,#3176));
#637=EDGE_LOOP('',(#3177,#3178,#3179,#3180));
#638=EDGE_LOOP('',(#3181,#3182,#3183,#3184,#3185,#3186,#3187));
#639=EDGE_LOOP('',(#3188,#3189,#3190,#3191));
#640=EDGE_LOOP('',(#3192,#3193,#3194,#3195));
#641=EDGE_LOOP('',(#3196));
#642=EDGE_LOOP('',(#3197));
#643=EDGE_LOOP('',(#3198,#3199,#3200,#3201));
#644=EDGE_LOOP('',(#3202));
#645=EDGE_LOOP('',(#3203,#3204,#3205,#3206));
#646=EDGE_LOOP('',(#3207,#3208,#3209,#3210));
#647=EDGE_LOOP('',(#3211,#3212,#3213,#3214));
#648=EDGE_LOOP('',(#3215));
#649=EDGE_LOOP('',(#3216,#3217,#3218,#3219));
#650=EDGE_LOOP('',(#3220));
#651=EDGE_LOOP('',(#3221));
#652=EDGE_LOOP('',(#3222,#3223,#3224,#3225));
#653=EDGE_LOOP('',(#3226));
#654=EDGE_LOOP('',(#3227,#3228,#3229,#3230));
#655=EDGE_LOOP('',(#3231,#3232,#3233,#3234));
#656=EDGE_LOOP('',(#3235,#3236,#3237,#3238));
#657=EDGE_LOOP('',(#3239));
#658=EDGE_LOOP('',(#3240,#3241,#3242,#3243));
#659=EDGE_LOOP('',(#3244));
#660=EDGE_LOOP('',(#3245));
#661=EDGE_LOOP('',(#3246,#3247,#3248,#3249));
#662=EDGE_LOOP('',(#3250));
#663=EDGE_LOOP('',(#3251));
#664=EDGE_LOOP('',(#3252,#3253,#3254,#3255,#3256,#3257,#3258));
#665=EDGE_LOOP('',(#3259,#3260,#3261,#3262));
#666=EDGE_LOOP('',(#3263,#3264,#3265,#3266,#3267,#3268,#3269));
#667=EDGE_LOOP('',(#3270,#3271,#3272,#3273));
#668=EDGE_LOOP('',(#3274,#3275,#3276,#3277));
#669=EDGE_LOOP('',(#3278,#3279,#3280,#3281));
#670=EDGE_LOOP('',(#3282,#3283,#3284,#3285));
#671=EDGE_LOOP('',(#3286));
#672=EDGE_LOOP('',(#3287,#3288,#3289,#3290));
#673=EDGE_LOOP('',(#3291));
#674=EDGE_LOOP('',(#3292,#3293,#3294,#3295));
#675=EDGE_LOOP('',(#3296,#3297,#3298,#3299));
#676=EDGE_LOOP('',(#3300,#3301,#3302,#3303));
#677=EDGE_LOOP('',(#3304));
#678=EDGE_LOOP('',(#3305,#3306,#3307,#3308));
#679=EDGE_LOOP('',(#3309));
#680=EDGE_LOOP('',(#3310,#3311,#3312,#3313,#3314,#3315));
#681=EDGE_LOOP('',(#3316,#3317,#3318,#3319));
#682=EDGE_LOOP('',(#3320,#3321,#3322,#3323));
#683=EDGE_LOOP('',(#3324,#3325,#3326,#3327,#3328,#3329,#3330,#3331,#3332,
#3333,#3334,#3335,#3336,#3337,#3338,#3339,#3340,#3341,#3342,#3343,#3344,
#3345,#3346,#3347,#3348,#3349,#3350,#3351,#3352,#3353,#3354,#3355,#3356,
#3357,#3358,#3359));
#684=EDGE_LOOP('',(#3360,#3361,#3362,#3363,#3364,#3365,#3366,#3367));
#685=ELLIPSE('',#3685,6.56824424112502,3.);
#686=ELLIPSE('',#3686,6.56824424112502,3.);
#687=ELLIPSE('',#3687,6.56824424112502,3.);
#688=ELLIPSE('',#3688,6.56824424112502,3.);
#689=ELLIPSE('',#3689,6.56824424112502,3.);
#690=ELLIPSE('',#3690,6.56824424112502,3.);
#691=ELLIPSE('',#3691,6.56824424112502,3.);
#692=ELLIPSE('',#3692,6.56824424112502,3.);
#693=ELLIPSE('',#3693,6.56824424112502,3.);
#694=ELLIPSE('',#3694,6.56824424112502,3.);
#695=ELLIPSE('',#3695,6.56824424112502,3.);
#696=ELLIPSE('',#3696,6.56824424112502,3.);
#697=ELLIPSE('',#3757,3.37230724310797,3.);
#698=ELLIPSE('',#3758,3.37230724310797,3.);
#699=ELLIPSE('',#3762,3.37230724310797,3.);
#700=ELLIPSE('',#3764,3.37230724310797,3.);
#701=ELLIPSE('',#3795,3.37230724310797,3.);
#702=ELLIPSE('',#3797,3.37230724310797,3.);
#703=ELLIPSE('',#3814,3.37230724310797,3.);
#704=ELLIPSE('',#3816,3.37230724310797,3.);
#705=ELLIPSE('',#3844,3.37230724310797,3.);
#706=ELLIPSE('',#3845,3.37230724310797,3.);
#707=LINE('',#4758,#1064);
#708=LINE('',#4760,#1065);
#709=LINE('',#4762,#1066);
#710=LINE('',#4764,#1067);
#711=LINE('',#4766,#1068);
#712=LINE('',#4768,#1069);
#713=LINE('',#4772,#1070);
#714=LINE('',#4776,#1071);
#715=LINE('',#4778,#1072);
#716=LINE('',#4780,#1073);
#717=LINE('',#4782,#1074);
#718=LINE('',#4784,#1075);
#719=LINE('',#4788,#1076);
#720=LINE('',#4792,#1077);
#721=LINE('',#4794,#1078);
#722=LINE('',#4796,#1079);
#723=LINE('',#4798,#1080);
#724=LINE('',#4800,#1081);
#725=LINE('',#4804,#1082);
#726=LINE('',#4808,#1083);
#727=LINE('',#4810,#1084);
#728=LINE('',#4812,#1085);
#729=LINE('',#4814,#1086);
#730=LINE('',#4816,#1087);
#731=LINE('',#4818,#1088);
#732=LINE('',#4820,#1089);
#733=LINE('',#4822,#1090);
#734=LINE('',#4824,#1091);
#735=LINE('',#4826,#1092);
#736=LINE('',#4828,#1093);
#737=LINE('',#4834,#1094);
#738=LINE('',#4836,#1095);
#739=LINE('',#4838,#1096);
#740=LINE('',#4840,#1097);
#741=LINE('',#4842,#1098);
#742=LINE('',#4846,#1099);
#743=LINE('',#4850,#1100);
#744=LINE('',#4852,#1101);
#745=LINE('',#4854,#1102);
#746=LINE('',#4856,#1103);
#747=LINE('',#4858,#1104);
#748=LINE('',#4862,#1105);
#749=LINE('',#4866,#1106);
#750=LINE('',#4868,#1107);
#751=LINE('',#4870,#1108);
#752=LINE('',#4872,#1109);
#753=LINE('',#4873,#1110);
#754=LINE('',#4876,#1111);
#755=LINE('',#4880,#1112);
#756=LINE('',#4884,#1113);
#757=LINE('',#4888,#1114);
#758=LINE('',#4893,#1115);
#759=LINE('',#4895,#1116);
#760=LINE('',#4897,#1117);
#761=LINE('',#4898,#1118);
#762=LINE('',#4916,#1119);
#763=LINE('',#4939,#1120);
#764=LINE('',#4962,#1121);
#765=LINE('',#4985,#1122);
#766=LINE('',#4993,#1123);
#767=LINE('',#4995,#1124);
#768=LINE('',#4996,#1125);
#769=LINE('',#5014,#1126);
#770=LINE('',#5037,#1127);
#771=LINE('',#5060,#1128);
#772=LINE('',#5068,#1129);
#773=LINE('',#5070,#1130);
#774=LINE('',#5071,#1131);
#775=LINE('',#5074,#1132);
#776=LINE('',#5076,#1133);
#777=LINE('',#5077,#1134);
#778=LINE('',#5080,#1135);
#779=LINE('',#5082,#1136);
#780=LINE('',#5083,#1137);
#781=LINE('',#5085,#1138);
#782=LINE('',#5086,#1139);
#783=LINE('',#5106,#1140);
#784=LINE('',#5113,#1141);
#785=LINE('',#5131,#1142);
#786=LINE('',#5154,#1143);
#787=LINE('',#5177,#1144);
#788=LINE('',#5200,#1145);
#789=LINE('',#5223,#1146);
#790=LINE('',#5246,#1147);
#791=LINE('',#5290,#1148);
#792=LINE('',#5297,#1149);
#793=LINE('',#5315,#1150);
#794=LINE('',#5338,#1151);
#795=LINE('',#5361,#1152);
#796=LINE('',#5384,#1153);
#797=LINE('',#5407,#1154);
#798=LINE('',#5430,#1155);
#799=LINE('',#5453,#1156);
#800=LINE('',#5483,#1157);
#801=LINE('',#5485,#1158);
#802=LINE('',#5487,#1159);
#803=LINE('',#5488,#1160);
#804=LINE('',#5506,#1161);
#805=LINE('',#5529,#1162);
#806=LINE('',#5552,#1163);
#807=LINE('',#5575,#1164);
#808=LINE('',#5598,#1165);
#809=LINE('',#5606,#1166);
#810=LINE('',#5608,#1167);
#811=LINE('',#5609,#1168);
#812=LINE('',#5612,#1169);
#813=LINE('',#5614,#1170);
#814=LINE('',#5615,#1171);
#815=LINE('',#5618,#1172);
#816=LINE('',#5620,#1173);
#817=LINE('',#5621,#1174);
#818=LINE('',#5639,#1175);
#819=LINE('',#5662,#1176);
#820=LINE('',#5685,#1177);
#821=LINE('',#5708,#1178);
#822=LINE('',#5731,#1179);
#823=LINE('',#5739,#1180);
#824=LINE('',#5741,#1181);
#825=LINE('',#5742,#1182);
#826=LINE('',#5745,#1183);
#827=LINE('',#5747,#1184);
#828=LINE('',#5748,#1185);
#829=LINE('',#5751,#1186);
#830=LINE('',#5753,#1187);
#831=LINE('',#5754,#1188);
#832=LINE('',#5756,#1189);
#833=LINE('',#5757,#1190);
#834=LINE('',#5777,#1191);
#835=LINE('',#5784,#1192);
#836=LINE('',#5802,#1193);
#837=LINE('',#5825,#1194);
#838=LINE('',#5833,#1195);
#839=LINE('',#5835,#1196);
#840=LINE('',#5836,#1197);
#841=LINE('',#5839,#1198);
#842=LINE('',#5841,#1199);
#843=LINE('',#5842,#1200);
#844=LINE('',#5845,#1201);
#845=LINE('',#5847,#1202);
#846=LINE('',#5848,#1203);
#847=LINE('',#5851,#1204);
#848=LINE('',#5853,#1205);
#849=LINE('',#5854,#1206);
#850=LINE('',#5857,#1207);
#851=LINE('',#5859,#1208);
#852=LINE('',#5860,#1209);
#853=LINE('',#5863,#1210);
#854=LINE('',#5865,#1211);
#855=LINE('',#5866,#1212);
#856=LINE('',#5869,#1213);
#857=LINE('',#5871,#1214);
#858=LINE('',#5872,#1215);
#859=LINE('',#5875,#1216);
#860=LINE('',#5877,#1217);
#861=LINE('',#5878,#1218);
#862=LINE('',#5881,#1219);
#863=LINE('',#5883,#1220);
#864=LINE('',#5884,#1221);
#865=LINE('',#5887,#1222);
#866=LINE('',#5889,#1223);
#867=LINE('',#5890,#1224);
#868=LINE('',#5893,#1225);
#869=LINE('',#5895,#1226);
#870=LINE('',#5896,#1227);
#871=LINE('',#5914,#1228);
#872=LINE('',#5937,#1229);
#873=LINE('',#5960,#1230);
#874=LINE('',#5983,#1231);
#875=LINE('',#5991,#1232);
#876=LINE('',#5993,#1233);
#877=LINE('',#5994,#1234);
#878=LINE('',#6019,#1235);
#879=LINE('',#6021,#1236);
#880=LINE('',#6023,#1237);
#881=LINE('',#6024,#1238);
#882=LINE('',#6027,#1239);
#883=LINE('',#6029,#1240);
#884=LINE('',#6030,#1241);
#885=LINE('',#6033,#1242);
#886=LINE('',#6035,#1243);
#887=LINE('',#6036,#1244);
#888=LINE('',#6039,#1245);
#889=LINE('',#6041,#1246);
#890=LINE('',#6042,#1247);
#891=LINE('',#6045,#1248);
#892=LINE('',#6047,#1249);
#893=LINE('',#6048,#1250);
#894=LINE('',#6051,#1251);
#895=LINE('',#6053,#1252);
#896=LINE('',#6054,#1253);
#897=LINE('',#6057,#1254);
#898=LINE('',#6059,#1255);
#899=LINE('',#6060,#1256);
#900=LINE('',#6063,#1257);
#901=LINE('',#6065,#1258);
#902=LINE('',#6066,#1259);
#903=LINE('',#6069,#1260);
#904=LINE('',#6071,#1261);
#905=LINE('',#6072,#1262);
#906=LINE('',#6074,#1263);
#907=LINE('',#6075,#1264);
#908=LINE('',#6079,#1265);
#909=LINE('',#6081,#1266);
#910=LINE('',#6082,#1267);
#911=LINE('',#6086,#1268);
#912=LINE('',#6088,#1269);
#913=LINE('',#6089,#1270);
#914=LINE('',#6091,#1271);
#915=LINE('',#6092,#1272);
#916=LINE('',#6097,#1273);
#917=LINE('',#6098,#1274);
#918=LINE('',#6104,#1275);
#919=LINE('',#6106,#1276);
#920=LINE('',#6108,#1277);
#921=LINE('',#6109,#1278);
#922=LINE('',#6118,#1279);
#923=LINE('',#6123,#1280);
#924=LINE('',#6126,#1281);
#925=LINE('',#6127,#1282);
#926=LINE('',#6135,#1283);
#927=LINE('',#6141,#1284);
#928=LINE('',#6148,#1285);
#929=LINE('',#6149,#1286);
#930=LINE('',#6153,#1287);
#931=LINE('',#6154,#1288);
#932=LINE('',#6156,#1289);
#933=LINE('',#6157,#1290);
#934=LINE('',#6161,#1291);
#935=LINE('',#6164,#1292);
#936=LINE('',#6165,#1293);
#937=LINE('',#6167,#1294);
#938=LINE('',#6170,#1295);
#939=LINE('',#6172,#1296);
#940=LINE('',#6174,#1297);
#941=LINE('',#6176,#1298);
#942=LINE('',#6177,#1299);
#943=LINE('',#6180,#1300);
#944=LINE('',#6181,#1301);
#945=LINE('',#6187,#1302);
#946=LINE('',#6196,#1303);
#947=LINE('',#6198,#1304);
#948=LINE('',#6202,#1305);
#949=LINE('',#6203,#1306);
#950=LINE('',#6205,#1307);
#951=LINE('',#6206,#1308);
#952=LINE('',#6210,#1309);
#953=LINE('',#6213,#1310);
#954=LINE('',#6214,#1311);
#955=LINE('',#6216,#1312);
#956=LINE('',#6221,#1313);
#957=LINE('',#6229,#1314);
#958=LINE('',#6236,#1315);
#959=LINE('',#6237,#1316);
#960=LINE('',#6241,#1317);
#961=LINE('',#6243,#1318);
#962=LINE('',#6244,#1319);
#963=LINE('',#6245,#1320);
#964=LINE('',#6248,#1321);
#965=LINE('',#6252,#1322);
#966=LINE('',#6253,#1323);
#967=LINE('',#6256,#1324);
#968=LINE('',#6257,#1325);
#969=LINE('',#6260,#1326);
#970=LINE('',#6262,#1327);
#971=LINE('',#6264,#1328);
#972=LINE('',#6266,#1329);
#973=LINE('',#6267,#1330);
#974=LINE('',#6270,#1331);
#975=LINE('',#6271,#1332);
#976=LINE('',#6277,#1333);
#977=LINE('',#6285,#1334);
#978=LINE('',#6292,#1335);
#979=LINE('',#6293,#1336);
#980=LINE('',#6297,#1337);
#981=LINE('',#6298,#1338);
#982=LINE('',#6299,#1339);
#983=LINE('',#6302,#1340);
#984=LINE('',#6306,#1341);
#985=LINE('',#6307,#1342);
#986=LINE('',#6310,#1343);
#987=LINE('',#6311,#1344);
#988=LINE('',#6314,#1345);
#989=LINE('',#6315,#1346);
#990=LINE('',#6320,#1347);
#991=LINE('',#6322,#1348);
#992=LINE('',#6323,#1349);
#993=LINE('',#6325,#1350);
#994=LINE('',#6326,#1351);
#995=LINE('',#6331,#1352);
#996=LINE('',#6332,#1353);
#997=LINE('',#6338,#1354);
#998=LINE('',#6340,#1355);
#999=LINE('',#6341,#1356);
#1000=LINE('',#6350,#1357);
#1001=LINE('',#6353,#1358);
#1002=LINE('',#6358,#1359);
#1003=LINE('',#6360,#1360);
#1004=LINE('',#6362,#1361);
#1005=LINE('',#6364,#1362);
#1006=LINE('',#6365,#1363);
#1007=LINE('',#6370,#1364);
#1008=LINE('',#6376,#1365);
#1009=LINE('',#6377,#1366);
#1010=LINE('',#6379,#1367);
#1011=LINE('',#6384,#1368);
#1012=LINE('',#6385,#1369);
#1013=LINE('',#6387,#1370);
#1014=LINE('',#6391,#1371);
#1015=LINE('',#6393,#1372);
#1016=LINE('',#6396,#1373);
#1017=LINE('',#6398,#1374);
#1018=LINE('',#6400,#1375);
#1019=LINE('',#6402,#1376);
#1020=LINE('',#6403,#1377);
#1021=LINE('',#6406,#1378);
#1022=LINE('',#6408,#1379);
#1023=LINE('',#6410,#1380);
#1024=LINE('',#6412,#1381);
#1025=LINE('',#6414,#1382);
#1026=LINE('',#6415,#1383);
#1027=LINE('',#6418,#1384);
#1028=LINE('',#6420,#1385);
#1029=LINE('',#6421,#1386);
#1030=LINE('',#6424,#1387);
#1031=LINE('',#6426,#1388);
#1032=LINE('',#6427,#1389);
#1033=LINE('',#6429,#1390);
#1034=LINE('',#6430,#1391);
#1035=LINE('',#6432,#1392);
#1036=LINE('',#6433,#1393);
#1037=LINE('',#6438,#1394);
#1038=LINE('',#6450,#1395);
#1039=LINE('',#6456,#1396);
#1040=LINE('',#6468,#1397);
#1041=LINE('',#6474,#1398);
#1042=LINE('',#6483,#1399);
#1043=LINE('',#6491,#1400);
#1044=LINE('',#6493,#1401);
#1045=LINE('',#6495,#1402);
#1046=LINE('',#6496,#1403);
#1047=LINE('',#6498,#1404);
#1048=LINE('',#6499,#1405);
#1049=LINE('',#6502,#1406);
#1050=LINE('',#6504,#1407);
#1051=LINE('',#6505,#1408);
#1052=LINE('',#6508,#1409);
#1053=LINE('',#6509,#1410);
#1054=LINE('',#6511,#1411);
#1055=LINE('',#6513,#1412);
#1056=LINE('',#6514,#1413);
#1057=LINE('',#6516,#1414);
#1058=LINE('',#6517,#1415);
#1059=LINE('',#6521,#1416);
#1060=LINE('',#6530,#1417);
#1061=LINE('',#6537,#1418);
#1062=LINE('',#6539,#1419);
#1063=LINE('',#6541,#1420);
#1064=VECTOR('',#3925,10.);
#1065=VECTOR('',#3926,10.);
#1066=VECTOR('',#3927,10.);
#1067=VECTOR('',#3928,10.);
#1068=VECTOR('',#3929,10.);
#1069=VECTOR('',#3930,10.);
#1070=VECTOR('',#3933,10.);
#1071=VECTOR('',#3936,10.);
#1072=VECTOR('',#3937,10.);
#1073=VECTOR('',#3938,10.);
#1074=VECTOR('',#3939,10.);
#1075=VECTOR('',#3940,10.);
#1076=VECTOR('',#3943,10.);
#1077=VECTOR('',#3946,10.);
#1078=VECTOR('',#3947,10.);
#1079=VECTOR('',#3948,10.);
#1080=VECTOR('',#3949,10.);
#1081=VECTOR('',#3950,10.);
#1082=VECTOR('',#3953,10.);
#1083=VECTOR('',#3956,10.);
#1084=VECTOR('',#3957,10.);
#1085=VECTOR('',#3958,10.);
#1086=VECTOR('',#3959,10.);
#1087=VECTOR('',#3960,10.);
#1088=VECTOR('',#3961,10.);
#1089=VECTOR('',#3962,10.);
#1090=VECTOR('',#3963,10.);
#1091=VECTOR('',#3964,10.);
#1092=VECTOR('',#3965,10.);
#1093=VECTOR('',#3966,10.);
#1094=VECTOR('',#3971,10.);
#1095=VECTOR('',#3972,10.);
#1096=VECTOR('',#3973,10.);
#1097=VECTOR('',#3974,10.);
#1098=VECTOR('',#3975,10.);
#1099=VECTOR('',#3978,10.);
#1100=VECTOR('',#3981,10.);
#1101=VECTOR('',#3982,10.);
#1102=VECTOR('',#3983,10.);
#1103=VECTOR('',#3984,10.);
#1104=VECTOR('',#3985,10.);
#1105=VECTOR('',#3988,10.);
#1106=VECTOR('',#3991,10.);
#1107=VECTOR('',#3992,10.);
#1108=VECTOR('',#3993,10.);
#1109=VECTOR('',#3994,10.);
#1110=VECTOR('',#3995,10.);
#1111=VECTOR('',#3996,10.);
#1112=VECTOR('',#3999,10.);
#1113=VECTOR('',#4002,10.);
#1114=VECTOR('',#4005,10.);
#1115=VECTOR('',#4010,10.);
#1116=VECTOR('',#4011,10.);
#1117=VECTOR('',#4012,10.);
#1118=VECTOR('',#4013,10.);
#1119=VECTOR('',#4014,10.);
#1120=VECTOR('',#4015,10.);
#1121=VECTOR('',#4016,10.);
#1122=VECTOR('',#4017,10.);
#1123=VECTOR('',#4020,10.);
#1124=VECTOR('',#4021,10.);
#1125=VECTOR('',#4022,10.);
#1126=VECTOR('',#4023,10.);
#1127=VECTOR('',#4024,10.);
#1128=VECTOR('',#4025,10.);
#1129=VECTOR('',#4028,10.);
#1130=VECTOR('',#4029,10.);
#1131=VECTOR('',#4030,10.);
#1132=VECTOR('',#4033,10.);
#1133=VECTOR('',#4034,10.);
#1134=VECTOR('',#4035,10.);
#1135=VECTOR('',#4038,10.);
#1136=VECTOR('',#4039,10.);
#1137=VECTOR('',#4040,10.);
#1138=VECTOR('',#4043,10.);
#1139=VECTOR('',#4044,10.);
#1140=VECTOR('',#4047,10.);
#1141=VECTOR('',#4048,10.);
#1142=VECTOR('',#4049,10.);
#1143=VECTOR('',#4050,10.);
#1144=VECTOR('',#4051,10.);
#1145=VECTOR('',#4052,10.);
#1146=VECTOR('',#4053,10.);
#1147=VECTOR('',#4054,10.);
#1148=VECTOR('',#4055,10.);
#1149=VECTOR('',#4056,10.);
#1150=VECTOR('',#4057,10.);
#1151=VECTOR('',#4058,10.);
#1152=VECTOR('',#4059,10.);
#1153=VECTOR('',#4060,10.);
#1154=VECTOR('',#4061,10.);
#1155=VECTOR('',#4062,10.);
#1156=VECTOR('',#4063,10.);
#1157=VECTOR('',#4068,10.);
#1158=VECTOR('',#4069,10.);
#1159=VECTOR('',#4070,10.);
#1160=VECTOR('',#4071,10.);
#1161=VECTOR('',#4072,10.);
#1162=VECTOR('',#4073,10.);
#1163=VECTOR('',#4074,10.);
#1164=VECTOR('',#4075,10.);
#1165=VECTOR('',#4076,10.);
#1166=VECTOR('',#4079,10.);
#1167=VECTOR('',#4080,10.);
#1168=VECTOR('',#4081,10.);
#1169=VECTOR('',#4084,10.);
#1170=VECTOR('',#4085,10.);
#1171=VECTOR('',#4086,10.);
#1172=VECTOR('',#4089,10.);
#1173=VECTOR('',#4090,10.);
#1174=VECTOR('',#4091,10.);
#1175=VECTOR('',#4092,10.);
#1176=VECTOR('',#4093,10.);
#1177=VECTOR('',#4094,10.);
#1178=VECTOR('',#4095,10.);
#1179=VECTOR('',#4096,10.);
#1180=VECTOR('',#4099,10.);
#1181=VECTOR('',#4100,10.);
#1182=VECTOR('',#4101,10.);
#1183=VECTOR('',#4104,10.);
#1184=VECTOR('',#4105,10.);
#1185=VECTOR('',#4106,10.);
#1186=VECTOR('',#4109,10.);
#1187=VECTOR('',#4110,10.);
#1188=VECTOR('',#4111,10.);
#1189=VECTOR('',#4114,10.);
#1190=VECTOR('',#4115,10.);
#1191=VECTOR('',#4118,10.);
#1192=VECTOR('',#4119,10.);
#1193=VECTOR('',#4120,10.);
#1194=VECTOR('',#4121,10.);
#1195=VECTOR('',#4124,10.);
#1196=VECTOR('',#4125,10.);
#1197=VECTOR('',#4126,10.);
#1198=VECTOR('',#4129,10.);
#1199=VECTOR('',#4130,10.);
#1200=VECTOR('',#4131,10.);
#1201=VECTOR('',#4134,10.);
#1202=VECTOR('',#4135,10.);
#1203=VECTOR('',#4136,10.);
#1204=VECTOR('',#4139,10.);
#1205=VECTOR('',#4140,10.);
#1206=VECTOR('',#4141,10.);
#1207=VECTOR('',#4144,10.);
#1208=VECTOR('',#4145,10.);
#1209=VECTOR('',#4146,10.);
#1210=VECTOR('',#4149,10.);
#1211=VECTOR('',#4150,10.);
#1212=VECTOR('',#4151,10.);
#1213=VECTOR('',#4154,10.);
#1214=VECTOR('',#4155,10.);
#1215=VECTOR('',#4156,10.);
#1216=VECTOR('',#4159,10.);
#1217=VECTOR('',#4160,10.);
#1218=VECTOR('',#4161,10.);
#1219=VECTOR('',#4164,10.);
#1220=VECTOR('',#4165,10.);
#1221=VECTOR('',#4166,10.);
#1222=VECTOR('',#4169,10.);
#1223=VECTOR('',#4170,10.);
#1224=VECTOR('',#4171,10.);
#1225=VECTOR('',#4174,10.);
#1226=VECTOR('',#4175,10.);
#1227=VECTOR('',#4176,10.);
#1228=VECTOR('',#4177,10.);
#1229=VECTOR('',#4178,10.);
#1230=VECTOR('',#4179,10.);
#1231=VECTOR('',#4180,10.);
#1232=VECTOR('',#4183,10.);
#1233=VECTOR('',#4184,10.);
#1234=VECTOR('',#4185,10.);
#1235=VECTOR('',#4190,10.);
#1236=VECTOR('',#4191,10.);
#1237=VECTOR('',#4192,10.);
#1238=VECTOR('',#4193,10.);
#1239=VECTOR('',#4196,10.);
#1240=VECTOR('',#4197,10.);
#1241=VECTOR('',#4198,10.);
#1242=VECTOR('',#4201,10.);
#1243=VECTOR('',#4202,10.);
#1244=VECTOR('',#4203,10.);
#1245=VECTOR('',#4206,10.);
#1246=VECTOR('',#4207,10.);
#1247=VECTOR('',#4208,10.);
#1248=VECTOR('',#4211,10.);
#1249=VECTOR('',#4212,10.);
#1250=VECTOR('',#4213,10.);
#1251=VECTOR('',#4216,10.);
#1252=VECTOR('',#4217,10.);
#1253=VECTOR('',#4218,10.);
#1254=VECTOR('',#4221,10.);
#1255=VECTOR('',#4222,10.);
#1256=VECTOR('',#4223,10.);
#1257=VECTOR('',#4226,10.);
#1258=VECTOR('',#4227,10.);
#1259=VECTOR('',#4228,10.);
#1260=VECTOR('',#4231,10.);
#1261=VECTOR('',#4232,10.);
#1262=VECTOR('',#4233,10.);
#1263=VECTOR('',#4236,10.);
#1264=VECTOR('',#4237,10.);
#1265=VECTOR('',#4242,10.);
#1266=VECTOR('',#4243,10.);
#1267=VECTOR('',#4244,10.);
#1268=VECTOR('',#4247,10.);
#1269=VECTOR('',#4248,10.);
#1270=VECTOR('',#4249,10.);
#1271=VECTOR('',#4250,10.);
#1272=VECTOR('',#4251,10.);
#1273=VECTOR('',#4256,10.);
#1274=VECTOR('',#4257,10.);
#1275=VECTOR('',#4264,10.);
#1276=VECTOR('',#4267,10.);
#1277=VECTOR('',#4268,10.);
#1278=VECTOR('',#4269,10.);
#1279=VECTOR('',#4282,1.6);
#1280=VECTOR('',#4289,3.);
#1281=VECTOR('',#4292,10.);
#1282=VECTOR('',#4293,10.);
#1283=VECTOR('',#4304,3.);
#1284=VECTOR('',#4311,1.6);
#1285=VECTOR('',#4320,10.);
#1286=VECTOR('',#4321,10.);
#1287=VECTOR('',#4324,10.);
#1288=VECTOR('',#4325,10.);
#1289=VECTOR('',#4326,10.);
#1290=VECTOR('',#4327,10.);
#1291=VECTOR('',#4332,10.);
#1292=VECTOR('',#4335,10.);
#1293=VECTOR('',#4336,10.);
#1294=VECTOR('',#4339,10.);
#1295=VECTOR('',#4342,10.);
#1296=VECTOR('',#4343,10.);
#1297=VECTOR('',#4344,10.);
#1298=VECTOR('',#4345,9.99999999999999);
#1299=VECTOR('',#4346,10.);
#1300=VECTOR('',#4349,10.);
#1301=VECTOR('',#4350,10.);
#1302=VECTOR('',#4357,1.6);
#1303=VECTOR('',#4368,10.);
#1304=VECTOR('',#4371,10.);
#1305=VECTOR('',#4374,10.);
#1306=VECTOR('',#4375,10.);
#1307=VECTOR('',#4376,10.);
#1308=VECTOR('',#4377,10.);
#1309=VECTOR('',#4382,10.);
#1310=VECTOR('',#4385,10.);
#1311=VECTOR('',#4386,10.);
#1312=VECTOR('',#4389,10.);
#1313=VECTOR('',#4394,3.);
#1314=VECTOR('',#4405,1.6);
#1315=VECTOR('',#4414,10.);
#1316=VECTOR('',#4415,10.);
#1317=VECTOR('',#4418,10.);
#1318=VECTOR('',#4419,10.);
#1319=VECTOR('',#4420,10.);
#1320=VECTOR('',#4421,10.);
#1321=VECTOR('',#4424,10.);
#1322=VECTOR('',#4429,10.);
#1323=VECTOR('',#4430,10.);
#1324=VECTOR('',#4433,10.);
#1325=VECTOR('',#4434,10.);
#1326=VECTOR('',#4437,10.);
#1327=VECTOR('',#4438,10.);
#1328=VECTOR('',#4439,10.);
#1329=VECTOR('',#4440,10.);
#1330=VECTOR('',#4441,10.);
#1331=VECTOR('',#4444,10.);
#1332=VECTOR('',#4445,10.);
#1333=VECTOR('',#4452,3.);
#1334=VECTOR('',#4463,1.6);
#1335=VECTOR('',#4472,10.);
#1336=VECTOR('',#4473,10.);
#1337=VECTOR('',#4476,10.);
#1338=VECTOR('',#4477,10.);
#1339=VECTOR('',#4478,10.);
#1340=VECTOR('',#4481,10.);
#1341=VECTOR('',#4486,10.);
#1342=VECTOR('',#4487,10.);
#1343=VECTOR('',#4490,10.);
#1344=VECTOR('',#4491,10.);
#1345=VECTOR('',#4494,10.);
#1346=VECTOR('',#4495,10.);
#1347=VECTOR('',#4500,10.);
#1348=VECTOR('',#4501,10.);
#1349=VECTOR('',#4502,10.);
#1350=VECTOR('',#4503,10.);
#1351=VECTOR('',#4504,10.);
#1352=VECTOR('',#4509,10.);
#1353=VECTOR('',#4510,10.);
#1354=VECTOR('',#4517,10.);
#1355=VECTOR('',#4520,10.);
#1356=VECTOR('',#4521,10.);
#1357=VECTOR('',#4534,1.6);
#1358=VECTOR('',#4537,3.);
#1359=VECTOR('',#4544,10.);
#1360=VECTOR('',#4545,9.99999999999999);
#1361=VECTOR('',#4546,10.);
#1362=VECTOR('',#4547,10.);
#1363=VECTOR('',#4548,10.);
#1364=VECTOR('',#4555,10.);
#1365=VECTOR('',#4562,10.);
#1366=VECTOR('',#4563,10.);
#1367=VECTOR('',#4566,10.);
#1368=VECTOR('',#4571,10.);
#1369=VECTOR('',#4572,10.);
#1370=VECTOR('',#4575,10.);
#1371=VECTOR('',#4580,10.);
#1372=VECTOR('',#4583,10.);
#1373=VECTOR('',#4586,10.);
#1374=VECTOR('',#4587,10.);
#1375=VECTOR('',#4588,10.);
#1376=VECTOR('',#4589,10.);
#1377=VECTOR('',#4590,10.);
#1378=VECTOR('',#4593,10.);
#1379=VECTOR('',#4594,10.);
#1380=VECTOR('',#4595,10.);
#1381=VECTOR('',#4596,10.);
#1382=VECTOR('',#4597,9.99999999999999);
#1383=VECTOR('',#4598,10.);
#1384=VECTOR('',#4601,10.);
#1385=VECTOR('',#4602,10.);
#1386=VECTOR('',#4603,10.);
#1387=VECTOR('',#4606,10.);
#1388=VECTOR('',#4607,9.99999999999999);
#1389=VECTOR('',#4608,10.);
#1390=VECTOR('',#4609,10.);
#1391=VECTOR('',#4610,10.);
#1392=VECTOR('',#4613,10.);
#1393=VECTOR('',#4614,10.);
#1394=VECTOR('',#4619,3.);
#1395=VECTOR('',#4638,1.6);
#1396=VECTOR('',#4645,3.);
#1397=VECTOR('',#4664,1.6);
#1398=VECTOR('',#4671,3.);
#1399=VECTOR('',#4682,3.);
#1400=VECTOR('',#4691,10.);
#1401=VECTOR('',#4692,10.);
#1402=VECTOR('',#4693,10.);
#1403=VECTOR('',#4694,10.);
#1404=VECTOR('',#4695,10.);
#1405=VECTOR('',#4696,10.);
#1406=VECTOR('',#4699,10.);
#1407=VECTOR('',#4700,10.);
#1408=VECTOR('',#4701,10.);
#1409=VECTOR('',#4704,10.);
#1410=VECTOR('',#4705,10.);
#1411=VECTOR('',#4706,10.);
#1412=VECTOR('',#4707,10.);
#1413=VECTOR('',#4708,10.);
#1414=VECTOR('',#4711,10.);
#1415=VECTOR('',#4712,10.);
#1416=VECTOR('',#4717,1.6);
#1417=VECTOR('',#4732,1.6);
#1418=VECTOR('',#4745,3.);
#1419=VECTOR('',#4748,10.);
#1420=VECTOR('',#4751,10.);
#1421=VERTEX_POINT('',#4756);
#1422=VERTEX_POINT('',#4757);
#1423=VERTEX_POINT('',#4759);
#1424=VERTEX_POINT('',#4761);
#1425=VERTEX_POINT('',#4763);
#1426=VERTEX_POINT('',#4765);
#1427=VERTEX_POINT('',#4767);
#1428=VERTEX_POINT('',#4769);
#1429=VERTEX_POINT('',#4771);
#1430=VERTEX_POINT('',#4773);
#1431=VERTEX_POINT('',#4775);
#1432=VERTEX_POINT('',#4777);
#1433=VERTEX_POINT('',#4779);
#1434=VERTEX_POINT('',#4781);
#1435=VERTEX_POINT('',#4783);
#1436=VERTEX_POINT('',#4785);
#1437=VERTEX_POINT('',#4787);
#1438=VERTEX_POINT('',#4789);
#1439=VERTEX_POINT('',#4791);
#1440=VERTEX_POINT('',#4793);
#1441=VERTEX_POINT('',#4795);
#1442=VERTEX_POINT('',#4797);
#1443=VERTEX_POINT('',#4799);
#1444=VERTEX_POINT('',#4801);
#1445=VERTEX_POINT('',#4803);
#1446=VERTEX_POINT('',#4805);
#1447=VERTEX_POINT('',#4807);
#1448=VERTEX_POINT('',#4809);
#1449=VERTEX_POINT('',#4811);
#1450=VERTEX_POINT('',#4813);
#1451=VERTEX_POINT('',#4815);
#1452=VERTEX_POINT('',#4817);
#1453=VERTEX_POINT('',#4819);
#1454=VERTEX_POINT('',#4821);
#1455=VERTEX_POINT('',#4823);
#1456=VERTEX_POINT('',#4825);
#1457=VERTEX_POINT('',#4827);
#1458=VERTEX_POINT('',#4829);
#1459=VERTEX_POINT('',#4831);
#1460=VERTEX_POINT('',#4833);
#1461=VERTEX_POINT('',#4835);
#1462=VERTEX_POINT('',#4837);
#1463=VERTEX_POINT('',#4839);
#1464=VERTEX_POINT('',#4841);
#1465=VERTEX_POINT('',#4843);
#1466=VERTEX_POINT('',#4845);
#1467=VERTEX_POINT('',#4847);
#1468=VERTEX_POINT('',#4849);
#1469=VERTEX_POINT('',#4851);
#1470=VERTEX_POINT('',#4853);
#1471=VERTEX_POINT('',#4855);
#1472=VERTEX_POINT('',#4857);
#1473=VERTEX_POINT('',#4859);
#1474=VERTEX_POINT('',#4861);
#1475=VERTEX_POINT('',#4863);
#1476=VERTEX_POINT('',#4865);
#1477=VERTEX_POINT('',#4867);
#1478=VERTEX_POINT('',#4869);
#1479=VERTEX_POINT('',#4871);
#1480=VERTEX_POINT('',#4874);
#1481=VERTEX_POINT('',#4875);
#1482=VERTEX_POINT('',#4877);
#1483=VERTEX_POINT('',#4879);
#1484=VERTEX_POINT('',#4881);
#1485=VERTEX_POINT('',#4883);
#1486=VERTEX_POINT('',#4885);
#1487=VERTEX_POINT('',#4887);
#1488=VERTEX_POINT('',#4891);
#1489=VERTEX_POINT('',#4892);
#1490=VERTEX_POINT('',#4894);
#1491=VERTEX_POINT('',#4896);
#1492=VERTEX_POINT('',#4909);
#1493=VERTEX_POINT('',#4915);
#1494=VERTEX_POINT('',#4932);
#1495=VERTEX_POINT('',#4938);
#1496=VERTEX_POINT('',#4955);
#1497=VERTEX_POINT('',#4961);
#1498=VERTEX_POINT('',#4978);
#1499=VERTEX_POINT('',#4984);
#1500=VERTEX_POINT('',#4992);
#1501=VERTEX_POINT('',#4994);
#1502=VERTEX_POINT('',#5007);
#1503=VERTEX_POINT('',#5013);
#1504=VERTEX_POINT('',#5030);
#1505=VERTEX_POINT('',#5036);
#1506=VERTEX_POINT('',#5053);
#1507=VERTEX_POINT('',#5059);
#1508=VERTEX_POINT('',#5067);
#1509=VERTEX_POINT('',#5069);
#1510=VERTEX_POINT('',#5073);
#1511=VERTEX_POINT('',#5075);
#1512=VERTEX_POINT('',#5079);
#1513=VERTEX_POINT('',#5081);
#1514=VERTEX_POINT('',#5098);
#1515=VERTEX_POINT('',#5099);
#1516=VERTEX_POINT('',#5105);
#1517=VERTEX_POINT('',#5107);
#1518=VERTEX_POINT('',#5124);
#1519=VERTEX_POINT('',#5130);
#1520=VERTEX_POINT('',#5147);
#1521=VERTEX_POINT('',#5153);
#1522=VERTEX_POINT('',#5170);
#1523=VERTEX_POINT('',#5176);
#1524=VERTEX_POINT('',#5193);
#1525=VERTEX_POINT('',#5199);
#1526=VERTEX_POINT('',#5216);
#1527=VERTEX_POINT('',#5222);
#1528=VERTEX_POINT('',#5239);
#1529=VERTEX_POINT('',#5245);
#1530=VERTEX_POINT('',#5282);
#1531=VERTEX_POINT('',#5283);
#1532=VERTEX_POINT('',#5289);
#1533=VERTEX_POINT('',#5291);
#1534=VERTEX_POINT('',#5308);
#1535=VERTEX_POINT('',#5314);
#1536=VERTEX_POINT('',#5331);
#1537=VERTEX_POINT('',#5337);
#1538=VERTEX_POINT('',#5354);
#1539=VERTEX_POINT('',#5360);
#1540=VERTEX_POINT('',#5377);
#1541=VERTEX_POINT('',#5383);
#1542=VERTEX_POINT('',#5400);
#1543=VERTEX_POINT('',#5406);
#1544=VERTEX_POINT('',#5423);
#1545=VERTEX_POINT('',#5429);
#1546=VERTEX_POINT('',#5446);
#1547=VERTEX_POINT('',#5452);
#1548=VERTEX_POINT('',#5481);
#1549=VERTEX_POINT('',#5482);
#1550=VERTEX_POINT('',#5484);
#1551=VERTEX_POINT('',#5486);
#1552=VERTEX_POINT('',#5499);
#1553=VERTEX_POINT('',#5505);
#1554=VERTEX_POINT('',#5522);
#1555=VERTEX_POINT('',#5528);
#1556=VERTEX_POINT('',#5545);
#1557=VERTEX_POINT('',#5551);
#1558=VERTEX_POINT('',#5568);
#1559=VERTEX_POINT('',#5574);
#1560=VERTEX_POINT('',#5591);
#1561=VERTEX_POINT('',#5597);
#1562=VERTEX_POINT('',#5605);
#1563=VERTEX_POINT('',#5607);
#1564=VERTEX_POINT('',#5611);
#1565=VERTEX_POINT('',#5613);
#1566=VERTEX_POINT('',#5617);
#1567=VERTEX_POINT('',#5619);
#1568=VERTEX_POINT('',#5632);
#1569=VERTEX_POINT('',#5638);
#1570=VERTEX_POINT('',#5655);
#1571=VERTEX_POINT('',#5661);
#1572=VERTEX_POINT('',#5678);
#1573=VERTEX_POINT('',#5684);
#1574=VERTEX_POINT('',#5701);
#1575=VERTEX_POINT('',#5707);
#1576=VERTEX_POINT('',#5724);
#1577=VERTEX_POINT('',#5730);
#1578=VERTEX_POINT('',#5738);
#1579=VERTEX_POINT('',#5740);
#1580=VERTEX_POINT('',#5744);
#1581=VERTEX_POINT('',#5746);
#1582=VERTEX_POINT('',#5750);
#1583=VERTEX_POINT('',#5752);
#1584=VERTEX_POINT('',#5769);
#1585=VERTEX_POINT('',#5770);
#1586=VERTEX_POINT('',#5776);
#1587=VERTEX_POINT('',#5778);
#1588=VERTEX_POINT('',#5795);
#1589=VERTEX_POINT('',#5801);
#1590=VERTEX_POINT('',#5818);
#1591=VERTEX_POINT('',#5824);
#1592=VERTEX_POINT('',#5832);
#1593=VERTEX_POINT('',#5834);
#1594=VERTEX_POINT('',#5838);
#1595=VERTEX_POINT('',#5840);
#1596=VERTEX_POINT('',#5844);
#1597=VERTEX_POINT('',#5846);
#1598=VERTEX_POINT('',#5850);
#1599=VERTEX_POINT('',#5852);
#1600=VERTEX_POINT('',#5856);
#1601=VERTEX_POINT('',#5858);
#1602=VERTEX_POINT('',#5862);
#1603=VERTEX_POINT('',#5864);
#1604=VERTEX_POINT('',#5868);
#1605=VERTEX_POINT('',#5870);
#1606=VERTEX_POINT('',#5874);
#1607=VERTEX_POINT('',#5876);
#1608=VERTEX_POINT('',#5880);
#1609=VERTEX_POINT('',#5882);
#1610=VERTEX_POINT('',#5886);
#1611=VERTEX_POINT('',#5888);
#1612=VERTEX_POINT('',#5892);
#1613=VERTEX_POINT('',#5894);
#1614=VERTEX_POINT('',#5907);
#1615=VERTEX_POINT('',#5913);
#1616=VERTEX_POINT('',#5930);
#1617=VERTEX_POINT('',#5936);
#1618=VERTEX_POINT('',#5953);
#1619=VERTEX_POINT('',#5959);
#1620=VERTEX_POINT('',#5976);
#1621=VERTEX_POINT('',#5982);
#1622=VERTEX_POINT('',#5990);
#1623=VERTEX_POINT('',#5992);
#1624=VERTEX_POINT('',#6017);
#1625=VERTEX_POINT('',#6018);
#1626=VERTEX_POINT('',#6020);
#1627=VERTEX_POINT('',#6022);
#1628=VERTEX_POINT('',#6026);
#1629=VERTEX_POINT('',#6028);
#1630=VERTEX_POINT('',#6032);
#1631=VERTEX_POINT('',#6034);
#1632=VERTEX_POINT('',#6038);
#1633=VERTEX_POINT('',#6040);
#1634=VERTEX_POINT('',#6044);
#1635=VERTEX_POINT('',#6046);
#1636=VERTEX_POINT('',#6050);
#1637=VERTEX_POINT('',#6052);
#1638=VERTEX_POINT('',#6056);
#1639=VERTEX_POINT('',#6058);
#1640=VERTEX_POINT('',#6062);
#1641=VERTEX_POINT('',#6064);
#1642=VERTEX_POINT('',#6068);
#1643=VERTEX_POINT('',#6070);
#1644=VERTEX_POINT('',#6078);
#1645=VERTEX_POINT('',#6080);
#1646=VERTEX_POINT('',#6084);
#1647=VERTEX_POINT('',#6085);
#1648=VERTEX_POINT('',#6087);
#1649=VERTEX_POINT('',#6090);
#1650=VERTEX_POINT('',#6094);
#1651=VERTEX_POINT('',#6096);
#1652=VERTEX_POINT('',#6099);
#1653=VERTEX_POINT('',#6102);
#1654=VERTEX_POINT('',#6107);
#1655=VERTEX_POINT('',#6113);
#1656=VERTEX_POINT('',#6115);
#1657=VERTEX_POINT('',#6120);
#1658=VERTEX_POINT('',#6125);
#1659=VERTEX_POINT('',#6130);
#1660=VERTEX_POINT('',#6134);
#1661=VERTEX_POINT('',#6138);
#1662=VERTEX_POINT('',#6140);
#1663=VERTEX_POINT('',#6145);
#1664=VERTEX_POINT('',#6146);
#1665=VERTEX_POINT('',#6151);
#1666=VERTEX_POINT('',#6152);
#1667=VERTEX_POINT('',#6155);
#1668=VERTEX_POINT('',#6159);
#1669=VERTEX_POINT('',#6163);
#1670=VERTEX_POINT('',#6169);
#1671=VERTEX_POINT('',#6171);
#1672=VERTEX_POINT('',#6173);
#1673=VERTEX_POINT('',#6175);
#1674=VERTEX_POINT('',#6179);
#1675=VERTEX_POINT('',#6184);
#1676=VERTEX_POINT('',#6186);
#1677=VERTEX_POINT('',#6190);
#1678=VERTEX_POINT('',#6193);
#1679=VERTEX_POINT('',#6194);
#1680=VERTEX_POINT('',#6200);
#1681=VERTEX_POINT('',#6201);
#1682=VERTEX_POINT('',#6204);
#1683=VERTEX_POINT('',#6208);
#1684=VERTEX_POINT('',#6212);
#1685=VERTEX_POINT('',#6218);
#1686=VERTEX_POINT('',#6220);
#1687=VERTEX_POINT('',#6226);
#1688=VERTEX_POINT('',#6228);
#1689=VERTEX_POINT('',#6233);
#1690=VERTEX_POINT('',#6234);
#1691=VERTEX_POINT('',#6239);
#1692=VERTEX_POINT('',#6240);
#1693=VERTEX_POINT('',#6242);
#1694=VERTEX_POINT('',#6247);
#1695=VERTEX_POINT('',#6251);
#1696=VERTEX_POINT('',#6255);
#1697=VERTEX_POINT('',#6259);
#1698=VERTEX_POINT('',#6261);
#1699=VERTEX_POINT('',#6263);
#1700=VERTEX_POINT('',#6265);
#1701=VERTEX_POINT('',#6269);
#1702=VERTEX_POINT('',#6274);
#1703=VERTEX_POINT('',#6276);
#1704=VERTEX_POINT('',#6282);
#1705=VERTEX_POINT('',#6284);
#1706=VERTEX_POINT('',#6289);
#1707=VERTEX_POINT('',#6290);
#1708=VERTEX_POINT('',#6295);
#1709=VERTEX_POINT('',#6296);
#1710=VERTEX_POINT('',#6301);
#1711=VERTEX_POINT('',#6305);
#1712=VERTEX_POINT('',#6309);
#1713=VERTEX_POINT('',#6313);
#1714=VERTEX_POINT('',#6318);
#1715=VERTEX_POINT('',#6319);
#1716=VERTEX_POINT('',#6321);
#1717=VERTEX_POINT('',#6324);
#1718=VERTEX_POINT('',#6328);
#1719=VERTEX_POINT('',#6330);
#1720=VERTEX_POINT('',#6333);
#1721=VERTEX_POINT('',#6336);
#1722=VERTEX_POINT('',#6345);
#1723=VERTEX_POINT('',#6347);
#1724=VERTEX_POINT('',#6352);
#1725=VERTEX_POINT('',#6357);
#1726=VERTEX_POINT('',#6359);
#1727=VERTEX_POINT('',#6361);
#1728=VERTEX_POINT('',#6363);
#1729=VERTEX_POINT('',#6368);
#1730=VERTEX_POINT('',#6373);
#1731=VERTEX_POINT('',#6374);
#1732=VERTEX_POINT('',#6381);
#1733=VERTEX_POINT('',#6382);
#1734=VERTEX_POINT('',#6389);
#1735=VERTEX_POINT('',#6395);
#1736=VERTEX_POINT('',#6397);
#1737=VERTEX_POINT('',#6399);
#1738=VERTEX_POINT('',#6401);
#1739=VERTEX_POINT('',#6405);
#1740=VERTEX_POINT('',#6407);
#1741=VERTEX_POINT('',#6409);
#1742=VERTEX_POINT('',#6411);
#1743=VERTEX_POINT('',#6413);
#1744=VERTEX_POINT('',#6417);
#1745=VERTEX_POINT('',#6419);
#1746=VERTEX_POINT('',#6423);
#1747=VERTEX_POINT('',#6425);
#1748=VERTEX_POINT('',#6428);
#1749=VERTEX_POINT('',#6435);
#1750=VERTEX_POINT('',#6437);
#1751=VERTEX_POINT('',#6441);
#1752=VERTEX_POINT('',#6445);
#1753=VERTEX_POINT('',#6453);
#1754=VERTEX_POINT('',#6455);
#1755=VERTEX_POINT('',#6459);
#1756=VERTEX_POINT('',#6463);
#1757=VERTEX_POINT('',#6471);
#1758=VERTEX_POINT('',#6473);
#1759=VERTEX_POINT('',#6477);
#1760=VERTEX_POINT('',#6480);
#1761=VERTEX_POINT('',#6482);
#1762=VERTEX_POINT('',#6486);
#1763=VERTEX_POINT('',#6489);
#1764=VERTEX_POINT('',#6490);
#1765=VERTEX_POINT('',#6492);
#1766=VERTEX_POINT('',#6494);
#1767=VERTEX_POINT('',#6497);
#1768=VERTEX_POINT('',#6501);
#1769=VERTEX_POINT('',#6503);
#1770=VERTEX_POINT('',#6507);
#1771=VERTEX_POINT('',#6510);
#1772=VERTEX_POINT('',#6512);
#1773=VERTEX_POINT('',#6519);
#1774=VERTEX_POINT('',#6528);
#1775=EDGE_CURVE('',#1421,#1422,#707,.T.);
#1776=EDGE_CURVE('',#1422,#1423,#708,.T.);
#1777=EDGE_CURVE('',#1423,#1424,#709,.T.);
#1778=EDGE_CURVE('',#1425,#1424,#710,.T.);
#1779=EDGE_CURVE('',#1426,#1425,#711,.T.);
#1780=EDGE_CURVE('',#1427,#1426,#712,.T.);
#1781=EDGE_CURVE('',#1428,#1427,#685,.T.);
#1782=EDGE_CURVE('',#1429,#1428,#713,.T.);
#1783=EDGE_CURVE('',#1430,#1429,#686,.T.);
#1784=EDGE_CURVE('',#1431,#1430,#714,.T.);
#1785=EDGE_CURVE('',#1432,#1431,#715,.T.);
#1786=EDGE_CURVE('',#1433,#1432,#716,.T.);
#1787=EDGE_CURVE('',#1434,#1433,#717,.T.);
#1788=EDGE_CURVE('',#1435,#1434,#718,.T.);
#1789=EDGE_CURVE('',#1436,#1435,#687,.T.);
#1790=EDGE_CURVE('',#1437,#1436,#719,.T.);
#1791=EDGE_CURVE('',#1438,#1437,#688,.T.);
#1792=EDGE_CURVE('',#1439,#1438,#720,.T.);
#1793=EDGE_CURVE('',#1440,#1439,#721,.T.);
#1794=EDGE_CURVE('',#1441,#1440,#722,.T.);
#1795=EDGE_CURVE('',#1442,#1441,#723,.T.);
#1796=EDGE_CURVE('',#1443,#1442,#724,.T.);
#1797=EDGE_CURVE('',#1444,#1443,#689,.T.);
#1798=EDGE_CURVE('',#1445,#1444,#725,.T.);
#1799=EDGE_CURVE('',#1446,#1445,#690,.T.);
#1800=EDGE_CURVE('',#1447,#1446,#726,.T.);
#1801=EDGE_CURVE('',#1448,#1447,#727,.T.);
#1802=EDGE_CURVE('',#1449,#1448,#728,.T.);
#1803=EDGE_CURVE('',#1449,#1450,#729,.T.);
#1804=EDGE_CURVE('',#1450,#1451,#730,.T.);
#1805=EDGE_CURVE('',#1451,#1452,#731,.T.);
#1806=EDGE_CURVE('',#1452,#1453,#732,.T.);
#1807=EDGE_CURVE('',#1453,#1454,#733,.T.);
#1808=EDGE_CURVE('',#1455,#1454,#734,.T.);
#1809=EDGE_CURVE('',#1455,#1456,#735,.T.);
#1810=EDGE_CURVE('',#1456,#1457,#736,.T.);
#1811=EDGE_CURVE('',#1457,#1458,#691,.T.);
#1812=EDGE_CURVE('',#1458,#1459,#692,.T.);
#1813=EDGE_CURVE('',#1459,#1460,#737,.T.);
#1814=EDGE_CURVE('',#1460,#1461,#738,.T.);
#1815=EDGE_CURVE('',#1462,#1461,#739,.T.);
#1816=EDGE_CURVE('',#1462,#1463,#740,.T.);
#1817=EDGE_CURVE('',#1463,#1464,#741,.T.);
#1818=EDGE_CURVE('',#1464,#1465,#693,.T.);
#1819=EDGE_CURVE('',#1466,#1465,#742,.T.);
#1820=EDGE_CURVE('',#1466,#1467,#694,.T.);
#1821=EDGE_CURVE('',#1467,#1468,#743,.T.);
#1822=EDGE_CURVE('',#1468,#1469,#744,.T.);
#1823=EDGE_CURVE('',#1470,#1469,#745,.T.);
#1824=EDGE_CURVE('',#1470,#1471,#746,.T.);
#1825=EDGE_CURVE('',#1471,#1472,#747,.T.);
#1826=EDGE_CURVE('',#1472,#1473,#695,.T.);
#1827=EDGE_CURVE('',#1474,#1473,#748,.T.);
#1828=EDGE_CURVE('',#1474,#1475,#696,.T.);
#1829=EDGE_CURVE('',#1475,#1476,#749,.T.);
#1830=EDGE_CURVE('',#1476,#1477,#750,.T.);
#1831=EDGE_CURVE('',#1478,#1477,#751,.T.);
#1832=EDGE_CURVE('',#1478,#1479,#752,.T.);
#1833=EDGE_CURVE('',#1479,#1421,#753,.T.);
#1834=EDGE_CURVE('',#1480,#1481,#754,.F.);
#1835=EDGE_CURVE('',#1482,#1481,#207,.T.);
#1836=EDGE_CURVE('',#1482,#1483,#755,.F.);
#1837=EDGE_CURVE('',#1484,#1483,#208,.T.);
#1838=EDGE_CURVE('',#1484,#1485,#756,.F.);
#1839=EDGE_CURVE('',#1486,#1485,#209,.T.);
#1840=EDGE_CURVE('',#1486,#1487,#757,.F.);
#1841=EDGE_CURVE('',#1480,#1487,#210,.T.);
#1842=EDGE_CURVE('',#1488,#1489,#758,.T.);
#1843=EDGE_CURVE('',#1488,#1490,#759,.T.);
#1844=EDGE_CURVE('',#1490,#1491,#760,.T.);
#1845=EDGE_CURVE('',#1489,#1491,#761,.T.);
#1846=EDGE_CURVE('',#1492,#1488,#49,.T.);
#1847=EDGE_CURVE('',#1492,#1493,#762,.T.);
#1848=EDGE_CURVE('',#1493,#1490,#50,.T.);
#1849=EDGE_CURVE('',#1494,#1492,#51,.T.);
#1850=EDGE_CURVE('',#1494,#1495,#763,.T.);
#1851=EDGE_CURVE('',#1495,#1493,#52,.T.);
#1852=EDGE_CURVE('',#1496,#1494,#53,.T.);
#1853=EDGE_CURVE('',#1496,#1497,#764,.T.);
#1854=EDGE_CURVE('',#1497,#1495,#54,.T.);
#1855=EDGE_CURVE('',#1498,#1496,#55,.T.);
#1856=EDGE_CURVE('',#1498,#1499,#765,.T.);
#1857=EDGE_CURVE('',#1499,#1497,#56,.T.);
#1858=EDGE_CURVE('',#1500,#1498,#766,.T.);
#1859=EDGE_CURVE('',#1500,#1501,#767,.T.);
#1860=EDGE_CURVE('',#1501,#1499,#768,.T.);
#1861=EDGE_CURVE('',#1502,#1500,#57,.T.);
#1862=EDGE_CURVE('',#1502,#1503,#769,.T.);
#1863=EDGE_CURVE('',#1503,#1501,#58,.T.);
#1864=EDGE_CURVE('',#1504,#1502,#59,.T.);
#1865=EDGE_CURVE('',#1504,#1505,#770,.T.);
#1866=EDGE_CURVE('',#1505,#1503,#60,.T.);
#1867=EDGE_CURVE('',#1506,#1504,#61,.T.);
#1868=EDGE_CURVE('',#1506,#1507,#771,.T.);
#1869=EDGE_CURVE('',#1507,#1505,#62,.T.);
#1870=EDGE_CURVE('',#1508,#1506,#772,.T.);
#1871=EDGE_CURVE('',#1508,#1509,#773,.T.);
#1872=EDGE_CURVE('',#1509,#1507,#774,.T.);
#1873=EDGE_CURVE('',#1510,#1508,#775,.T.);
#1874=EDGE_CURVE('',#1510,#1511,#776,.T.);
#1875=EDGE_CURVE('',#1511,#1509,#777,.T.);
#1876=EDGE_CURVE('',#1512,#1510,#778,.T.);
#1877=EDGE_CURVE('',#1512,#1513,#779,.T.);
#1878=EDGE_CURVE('',#1513,#1511,#780,.T.);
#1879=EDGE_CURVE('',#1489,#1512,#781,.T.);
#1880=EDGE_CURVE('',#1491,#1513,#782,.T.);
#1881=EDGE_CURVE('',#1514,#1515,#63,.T.);
#1882=EDGE_CURVE('',#1514,#1516,#783,.T.);
#1883=EDGE_CURVE('',#1516,#1517,#64,.T.);
#1884=EDGE_CURVE('',#1515,#1517,#784,.T.);
#1885=EDGE_CURVE('',#1518,#1514,#65,.T.);
#1886=EDGE_CURVE('',#1518,#1519,#785,.T.);
#1887=EDGE_CURVE('',#1519,#1516,#66,.T.);
#1888=EDGE_CURVE('',#1520,#1518,#67,.T.);
#1889=EDGE_CURVE('',#1520,#1521,#786,.T.);
#1890=EDGE_CURVE('',#1521,#1519,#68,.T.);
#1891=EDGE_CURVE('',#1522,#1520,#69,.T.);
#1892=EDGE_CURVE('',#1522,#1523,#787,.T.);
#1893=EDGE_CURVE('',#1523,#1521,#70,.T.);
#1894=EDGE_CURVE('',#1524,#1522,#71,.T.);
#1895=EDGE_CURVE('',#1524,#1525,#788,.T.);
#1896=EDGE_CURVE('',#1525,#1523,#72,.T.);
#1897=EDGE_CURVE('',#1526,#1524,#73,.T.);
#1898=EDGE_CURVE('',#1526,#1527,#789,.T.);
#1899=EDGE_CURVE('',#1527,#1525,#74,.T.);
#1900=EDGE_CURVE('',#1528,#1526,#75,.T.);
#1901=EDGE_CURVE('',#1528,#1529,#790,.T.);
#1902=EDGE_CURVE('',#1529,#1527,#76,.T.);
#1903=EDGE_CURVE('',#1515,#1528,#77,.T.);
#1904=EDGE_CURVE('',#1517,#1529,#78,.T.);
#1905=EDGE_CURVE('',#1530,#1531,#79,.T.);
#1906=EDGE_CURVE('',#1530,#1532,#791,.T.);
#1907=EDGE_CURVE('',#1532,#1533,#80,.T.);
#1908=EDGE_CURVE('',#1531,#1533,#792,.T.);
#1909=EDGE_CURVE('',#1534,#1530,#81,.T.);
#1910=EDGE_CURVE('',#1534,#1535,#793,.T.);
#1911=EDGE_CURVE('',#1535,#1532,#82,.T.);
#1912=EDGE_CURVE('',#1536,#1534,#83,.T.);
#1913=EDGE_CURVE('',#1536,#1537,#794,.T.);
#1914=EDGE_CURVE('',#1537,#1535,#84,.T.);
#1915=EDGE_CURVE('',#1538,#1536,#85,.T.);
#1916=EDGE_CURVE('',#1538,#1539,#795,.T.);
#1917=EDGE_CURVE('',#1539,#1537,#86,.T.);
#1918=EDGE_CURVE('',#1540,#1538,#87,.T.);
#1919=EDGE_CURVE('',#1540,#1541,#796,.T.);
#1920=EDGE_CURVE('',#1541,#1539,#88,.T.);
#1921=EDGE_CURVE('',#1542,#1540,#89,.T.);
#1922=EDGE_CURVE('',#1542,#1543,#797,.T.);
#1923=EDGE_CURVE('',#1543,#1541,#90,.T.);
#1924=EDGE_CURVE('',#1544,#1542,#91,.T.);
#1925=EDGE_CURVE('',#1544,#1545,#798,.T.);
#1926=EDGE_CURVE('',#1545,#1543,#92,.T.);
#1927=EDGE_CURVE('',#1546,#1544,#93,.T.);
#1928=EDGE_CURVE('',#1546,#1547,#799,.T.);
#1929=EDGE_CURVE('',#1547,#1545,#94,.T.);
#1930=EDGE_CURVE('',#1531,#1546,#95,.T.);
#1931=EDGE_CURVE('',#1533,#1547,#96,.T.);
#1932=EDGE_CURVE('',#1548,#1549,#800,.T.);
#1933=EDGE_CURVE('',#1548,#1550,#801,.T.);
#1934=EDGE_CURVE('',#1550,#1551,#802,.T.);
#1935=EDGE_CURVE('',#1549,#1551,#803,.T.);
#1936=EDGE_CURVE('',#1552,#1548,#97,.T.);
#1937=EDGE_CURVE('',#1552,#1553,#804,.T.);
#1938=EDGE_CURVE('',#1553,#1550,#98,.T.);
#1939=EDGE_CURVE('',#1554,#1552,#99,.T.);
#1940=EDGE_CURVE('',#1554,#1555,#805,.T.);
#1941=EDGE_CURVE('',#1555,#1553,#100,.T.);
#1942=EDGE_CURVE('',#1556,#1554,#101,.T.);
#1943=EDGE_CURVE('',#1556,#1557,#806,.T.);
#1944=EDGE_CURVE('',#1557,#1555,#102,.T.);
#1945=EDGE_CURVE('',#1558,#1556,#103,.T.);
#1946=EDGE_CURVE('',#1558,#1559,#807,.T.);
#1947=EDGE_CURVE('',#1559,#1557,#104,.T.);
#1948=EDGE_CURVE('',#1560,#1558,#105,.T.);
#1949=EDGE_CURVE('',#1560,#1561,#808,.T.);
#1950=EDGE_CURVE('',#1561,#1559,#106,.T.);
#1951=EDGE_CURVE('',#1562,#1560,#809,.T.);
#1952=EDGE_CURVE('',#1562,#1563,#810,.T.);
#1953=EDGE_CURVE('',#1563,#1561,#811,.T.);
#1954=EDGE_CURVE('',#1564,#1562,#812,.T.);
#1955=EDGE_CURVE('',#1564,#1565,#813,.T.);
#1956=EDGE_CURVE('',#1565,#1563,#814,.T.);
#1957=EDGE_CURVE('',#1566,#1564,#815,.T.);
#1958=EDGE_CURVE('',#1566,#1567,#816,.T.);
#1959=EDGE_CURVE('',#1567,#1565,#817,.T.);
#1960=EDGE_CURVE('',#1568,#1566,#107,.T.);
#1961=EDGE_CURVE('',#1568,#1569,#818,.T.);
#1962=EDGE_CURVE('',#1569,#1567,#108,.T.);
#1963=EDGE_CURVE('',#1570,#1568,#109,.T.);
#1964=EDGE_CURVE('',#1570,#1571,#819,.T.);
#1965=EDGE_CURVE('',#1571,#1569,#110,.T.);
#1966=EDGE_CURVE('',#1572,#1570,#111,.T.);
#1967=EDGE_CURVE('',#1572,#1573,#820,.T.);
#1968=EDGE_CURVE('',#1573,#1571,#112,.T.);
#1969=EDGE_CURVE('',#1574,#1572,#113,.T.);
#1970=EDGE_CURVE('',#1574,#1575,#821,.T.);
#1971=EDGE_CURVE('',#1575,#1573,#114,.T.);
#1972=EDGE_CURVE('',#1576,#1574,#115,.T.);
#1973=EDGE_CURVE('',#1576,#1577,#822,.T.);
#1974=EDGE_CURVE('',#1577,#1575,#116,.T.);
#1975=EDGE_CURVE('',#1578,#1576,#823,.T.);
#1976=EDGE_CURVE('',#1578,#1579,#824,.T.);
#1977=EDGE_CURVE('',#1579,#1577,#825,.T.);
#1978=EDGE_CURVE('',#1580,#1578,#826,.T.);
#1979=EDGE_CURVE('',#1580,#1581,#827,.T.);
#1980=EDGE_CURVE('',#1581,#1579,#828,.T.);
#1981=EDGE_CURVE('',#1582,#1580,#829,.T.);
#1982=EDGE_CURVE('',#1582,#1583,#830,.T.);
#1983=EDGE_CURVE('',#1583,#1581,#831,.T.);
#1984=EDGE_CURVE('',#1549,#1582,#832,.T.);
#1985=EDGE_CURVE('',#1551,#1583,#833,.T.);
#1986=EDGE_CURVE('',#1584,#1585,#117,.T.);
#1987=EDGE_CURVE('',#1584,#1586,#834,.T.);
#1988=EDGE_CURVE('',#1586,#1587,#118,.T.);
#1989=EDGE_CURVE('',#1585,#1587,#835,.T.);
#1990=EDGE_CURVE('',#1588,#1584,#119,.T.);
#1991=EDGE_CURVE('',#1588,#1589,#836,.T.);
#1992=EDGE_CURVE('',#1589,#1586,#120,.T.);
#1993=EDGE_CURVE('',#1590,#1588,#121,.T.);
#1994=EDGE_CURVE('',#1590,#1591,#837,.T.);
#1995=EDGE_CURVE('',#1591,#1589,#122,.T.);
#1996=EDGE_CURVE('',#1592,#1590,#838,.T.);
#1997=EDGE_CURVE('',#1592,#1593,#839,.T.);
#1998=EDGE_CURVE('',#1593,#1591,#840,.T.);
#1999=EDGE_CURVE('',#1594,#1592,#841,.T.);
#2000=EDGE_CURVE('',#1594,#1595,#842,.T.);
#2001=EDGE_CURVE('',#1595,#1593,#843,.T.);
#2002=EDGE_CURVE('',#1596,#1594,#844,.T.);
#2003=EDGE_CURVE('',#1596,#1597,#845,.T.);
#2004=EDGE_CURVE('',#1597,#1595,#846,.T.);
#2005=EDGE_CURVE('',#1598,#1596,#847,.T.);
#2006=EDGE_CURVE('',#1598,#1599,#848,.T.);
#2007=EDGE_CURVE('',#1599,#1597,#849,.T.);
#2008=EDGE_CURVE('',#1600,#1598,#850,.T.);
#2009=EDGE_CURVE('',#1600,#1601,#851,.T.);
#2010=EDGE_CURVE('',#1601,#1599,#852,.T.);
#2011=EDGE_CURVE('',#1602,#1600,#853,.T.);
#2012=EDGE_CURVE('',#1602,#1603,#854,.T.);
#2013=EDGE_CURVE('',#1603,#1601,#855,.T.);
#2014=EDGE_CURVE('',#1604,#1602,#856,.T.);
#2015=EDGE_CURVE('',#1604,#1605,#857,.T.);
#2016=EDGE_CURVE('',#1605,#1603,#858,.T.);
#2017=EDGE_CURVE('',#1606,#1604,#859,.T.);
#2018=EDGE_CURVE('',#1606,#1607,#860,.T.);
#2019=EDGE_CURVE('',#1607,#1605,#861,.T.);
#2020=EDGE_CURVE('',#1608,#1606,#862,.T.);
#2021=EDGE_CURVE('',#1608,#1609,#863,.T.);
#2022=EDGE_CURVE('',#1609,#1607,#864,.T.);
#2023=EDGE_CURVE('',#1610,#1608,#865,.T.);
#2024=EDGE_CURVE('',#1610,#1611,#866,.T.);
#2025=EDGE_CURVE('',#1611,#1609,#867,.T.);
#2026=EDGE_CURVE('',#1612,#1610,#868,.T.);
#2027=EDGE_CURVE('',#1612,#1613,#869,.T.);
#2028=EDGE_CURVE('',#1613,#1611,#870,.T.);
#2029=EDGE_CURVE('',#1614,#1612,#123,.T.);
#2030=EDGE_CURVE('',#1614,#1615,#871,.T.);
#2031=EDGE_CURVE('',#1615,#1613,#124,.T.);
#2032=EDGE_CURVE('',#1616,#1614,#125,.T.);
#2033=EDGE_CURVE('',#1616,#1617,#872,.T.);
#2034=EDGE_CURVE('',#1617,#1615,#126,.T.);
#2035=EDGE_CURVE('',#1618,#1616,#127,.T.);
#2036=EDGE_CURVE('',#1618,#1619,#873,.T.);
#2037=EDGE_CURVE('',#1619,#1617,#128,.T.);
#2038=EDGE_CURVE('',#1620,#1618,#129,.T.);
#2039=EDGE_CURVE('',#1620,#1621,#874,.T.);
#2040=EDGE_CURVE('',#1621,#1619,#130,.T.);
#2041=EDGE_CURVE('',#1622,#1620,#875,.T.);
#2042=EDGE_CURVE('',#1622,#1623,#876,.T.);
#2043=EDGE_CURVE('',#1623,#1621,#877,.T.);
#2044=EDGE_CURVE('',#1585,#1622,#131,.T.);
#2045=EDGE_CURVE('',#1587,#1623,#132,.T.);
#2046=EDGE_CURVE('',#1624,#1625,#878,.T.);
#2047=EDGE_CURVE('',#1624,#1626,#879,.T.);
#2048=EDGE_CURVE('',#1626,#1627,#880,.T.);
#2049=EDGE_CURVE('',#1625,#1627,#881,.T.);
#2050=EDGE_CURVE('',#1628,#1624,#882,.T.);
#2051=EDGE_CURVE('',#1628,#1629,#883,.T.);
#2052=EDGE_CURVE('',#1629,#1626,#884,.T.);
#2053=EDGE_CURVE('',#1630,#1628,#885,.T.);
#2054=EDGE_CURVE('',#1630,#1631,#886,.T.);
#2055=EDGE_CURVE('',#1631,#1629,#887,.T.);
#2056=EDGE_CURVE('',#1632,#1630,#888,.T.);
#2057=EDGE_CURVE('',#1632,#1633,#889,.T.);
#2058=EDGE_CURVE('',#1633,#1631,#890,.T.);
#2059=EDGE_CURVE('',#1634,#1632,#891,.T.);
#2060=EDGE_CURVE('',#1634,#1635,#892,.T.);
#2061=EDGE_CURVE('',#1635,#1633,#893,.T.);
#2062=EDGE_CURVE('',#1636,#1634,#894,.T.);
#2063=EDGE_CURVE('',#1636,#1637,#895,.T.);
#2064=EDGE_CURVE('',#1637,#1635,#896,.T.);
#2065=EDGE_CURVE('',#1638,#1636,#897,.T.);
#2066=EDGE_CURVE('',#1638,#1639,#898,.T.);
#2067=EDGE_CURVE('',#1639,#1637,#899,.T.);
#2068=EDGE_CURVE('',#1640,#1638,#900,.T.);
#2069=EDGE_CURVE('',#1640,#1641,#901,.T.);
#2070=EDGE_CURVE('',#1641,#1639,#902,.T.);
#2071=EDGE_CURVE('',#1642,#1640,#903,.T.);
#2072=EDGE_CURVE('',#1642,#1643,#904,.T.);
#2073=EDGE_CURVE('',#1643,#1641,#905,.T.);
#2074=EDGE_CURVE('',#1625,#1642,#906,.T.);
#2075=EDGE_CURVE('',#1627,#1643,#907,.T.);
#2076=EDGE_CURVE('',#1644,#1480,#908,.T.);
#2077=EDGE_CURVE('',#1644,#1645,#909,.F.);
#2078=EDGE_CURVE('',#1481,#1645,#910,.T.);
#2079=EDGE_CURVE('',#1646,#1647,#911,.T.);
#2080=EDGE_CURVE('',#1648,#1647,#912,.T.);
#2081=EDGE_CURVE('',#1477,#1648,#913,.T.);
#2082=EDGE_CURVE('',#1649,#1476,#914,.T.);
#2083=EDGE_CURVE('',#1646,#1649,#915,.T.);
#2084=EDGE_CURVE('',#1650,#1646,#211,.T.);
#2085=EDGE_CURVE('',#1651,#1650,#916,.T.);
#2086=EDGE_CURVE('',#1647,#1651,#917,.F.);
#2087=EDGE_CURVE('',#1652,#1652,#212,.T.);
#2088=EDGE_CURVE('',#1649,#1653,#213,.T.);
#2089=EDGE_CURVE('',#1653,#1650,#918,.T.);
#2090=EDGE_CURVE('',#1471,#1653,#919,.T.);
#2091=EDGE_CURVE('',#1654,#1470,#920,.T.);
#2092=EDGE_CURVE('',#1651,#1654,#921,.T.);
#2093=EDGE_CURVE('',#1475,#1472,#214,.T.);
#2094=EDGE_CURVE('',#1655,#1655,#215,.T.);
#2095=EDGE_CURVE('',#1656,#1656,#216,.T.);
#2096=EDGE_CURVE('',#1652,#1656,#922,.T.);
#2097=EDGE_CURVE('',#1473,#1657,#697,.T.);
#2098=EDGE_CURVE('',#1657,#1474,#698,.T.);
#2099=EDGE_CURVE('',#1657,#1655,#923,.T.);
#2100=EDGE_CURVE('',#1469,#1658,#924,.T.);
#2101=EDGE_CURVE('',#1658,#1654,#925,.T.);
#2102=EDGE_CURVE('',#1465,#1659,#699,.T.);
#2103=EDGE_CURVE('',#1467,#1464,#217,.T.);
#2104=EDGE_CURVE('',#1659,#1466,#700,.T.);
#2105=EDGE_CURVE('',#1659,#1660,#926,.T.);
#2106=EDGE_CURVE('',#1660,#1660,#218,.T.);
#2107=EDGE_CURVE('',#1661,#1661,#219,.T.);
#2108=EDGE_CURVE('',#1661,#1662,#927,.T.);
#2109=EDGE_CURVE('',#1662,#1662,#220,.T.);
#2110=EDGE_CURVE('',#1663,#1664,#221,.T.);
#2111=EDGE_CURVE('',#1663,#1468,#928,.T.);
#2112=EDGE_CURVE('',#1463,#1664,#929,.T.);
#2113=EDGE_CURVE('',#1665,#1666,#930,.T.);
#2114=EDGE_CURVE('',#1664,#1666,#931,.T.);
#2115=EDGE_CURVE('',#1667,#1462,#932,.T.);
#2116=EDGE_CURVE('',#1665,#1667,#933,.T.);
#2117=EDGE_CURVE('',#1666,#1668,#222,.T.);
#2118=EDGE_CURVE('',#1668,#1663,#934,.T.);
#2119=EDGE_CURVE('',#1669,#1665,#935,.F.);
#2120=EDGE_CURVE('',#1668,#1669,#936,.T.);
#2121=EDGE_CURVE('',#1658,#1669,#937,.T.);
#2122=EDGE_CURVE('',#1648,#1670,#938,.T.);
#2123=EDGE_CURVE('',#1671,#1670,#939,.T.);
#2124=EDGE_CURVE('',#1671,#1672,#940,.T.);
#2125=EDGE_CURVE('',#1672,#1673,#941,.T.);
#2126=EDGE_CURVE('',#1673,#1478,#942,.T.);
#2127=EDGE_CURVE('',#1461,#1674,#943,.T.);
#2128=EDGE_CURVE('',#1674,#1667,#944,.T.);
#2129=EDGE_CURVE('',#1675,#1675,#223,.T.);
#2130=EDGE_CURVE('',#1675,#1676,#945,.T.);
#2131=EDGE_CURVE('',#1676,#1676,#224,.T.);
#2132=EDGE_CURVE('',#1677,#1677,#225,.T.);
#2133=EDGE_CURVE('',#1678,#1679,#226,.T.);
#2134=EDGE_CURVE('',#1678,#1460,#946,.T.);
#2135=EDGE_CURVE('',#1459,#1457,#227,.T.);
#2136=EDGE_CURVE('',#1456,#1679,#947,.T.);
#2137=EDGE_CURVE('',#1680,#1681,#948,.T.);
#2138=EDGE_CURVE('',#1679,#1681,#949,.T.);
#2139=EDGE_CURVE('',#1682,#1455,#950,.T.);
#2140=EDGE_CURVE('',#1680,#1682,#951,.T.);
#2141=EDGE_CURVE('',#1681,#1683,#228,.T.);
#2142=EDGE_CURVE('',#1683,#1678,#952,.T.);
#2143=EDGE_CURVE('',#1684,#1680,#953,.F.);
#2144=EDGE_CURVE('',#1683,#1684,#954,.T.);
#2145=EDGE_CURVE('',#1674,#1684,#955,.T.);
#2146=EDGE_CURVE('',#1685,#1685,#229,.T.);
#2147=EDGE_CURVE('',#1685,#1686,#956,.T.);
#2148=EDGE_CURVE('',#1444,#1686,#701,.T.);
#2149=EDGE_CURVE('',#1443,#1446,#230,.T.);
#2150=EDGE_CURVE('',#1686,#1445,#702,.T.);
#2151=EDGE_CURVE('',#1687,#1687,#231,.T.);
#2152=EDGE_CURVE('',#1687,#1688,#957,.T.);
#2153=EDGE_CURVE('',#1688,#1688,#232,.T.);
#2154=EDGE_CURVE('',#1689,#1690,#233,.T.);
#2155=EDGE_CURVE('',#1447,#1690,#958,.T.);
#2156=EDGE_CURVE('',#1689,#1442,#959,.T.);
#2157=EDGE_CURVE('',#1691,#1692,#960,.T.);
#2158=EDGE_CURVE('',#1691,#1693,#961,.T.);
#2159=EDGE_CURVE('',#1448,#1693,#962,.T.);
#2160=EDGE_CURVE('',#1690,#1692,#963,.T.);
#2161=EDGE_CURVE('',#1694,#1689,#964,.T.);
#2162=EDGE_CURVE('',#1692,#1694,#234,.T.);
#2163=EDGE_CURVE('',#1694,#1695,#965,.T.);
#2164=EDGE_CURVE('',#1695,#1691,#966,.F.);
#2165=EDGE_CURVE('',#1696,#1441,#967,.T.);
#2166=EDGE_CURVE('',#1696,#1695,#968,.T.);
#2167=EDGE_CURVE('',#1693,#1697,#969,.T.);
#2168=EDGE_CURVE('',#1698,#1697,#970,.T.);
#2169=EDGE_CURVE('',#1698,#1699,#971,.T.);
#2170=EDGE_CURVE('',#1699,#1700,#972,.T.);
#2171=EDGE_CURVE('',#1700,#1449,#973,.F.);
#2172=EDGE_CURVE('',#1440,#1701,#974,.T.);
#2173=EDGE_CURVE('',#1701,#1696,#975,.T.);
#2174=EDGE_CURVE('',#1702,#1702,#235,.T.);
#2175=EDGE_CURVE('',#1702,#1703,#976,.T.);
#2176=EDGE_CURVE('',#1436,#1703,#703,.T.);
#2177=EDGE_CURVE('',#1435,#1438,#236,.T.);
#2178=EDGE_CURVE('',#1703,#1437,#704,.T.);
#2179=EDGE_CURVE('',#1704,#1704,#237,.T.);
#2180=EDGE_CURVE('',#1704,#1705,#977,.T.);
#2181=EDGE_CURVE('',#1705,#1705,#238,.T.);
#2182=EDGE_CURVE('',#1706,#1707,#239,.T.);
#2183=EDGE_CURVE('',#1439,#1707,#978,.T.);
#2184=EDGE_CURVE('',#1706,#1434,#979,.T.);
#2185=EDGE_CURVE('',#1708,#1709,#980,.T.);
#2186=EDGE_CURVE('',#1708,#1701,#981,.T.);
#2187=EDGE_CURVE('',#1707,#1709,#982,.T.);
#2188=EDGE_CURVE('',#1710,#1706,#983,.T.);
#2189=EDGE_CURVE('',#1709,#1710,#240,.T.);
#2190=EDGE_CURVE('',#1710,#1711,#984,.T.);
#2191=EDGE_CURVE('',#1711,#1708,#985,.F.);
#2192=EDGE_CURVE('',#1712,#1433,#986,.T.);
#2193=EDGE_CURVE('',#1712,#1711,#987,.T.);
#2194=EDGE_CURVE('',#1432,#1713,#988,.T.);
#2195=EDGE_CURVE('',#1713,#1712,#989,.T.);
#2196=EDGE_CURVE('',#1714,#1715,#990,.T.);
#2197=EDGE_CURVE('',#1714,#1716,#991,.T.);
#2198=EDGE_CURVE('',#1716,#1426,#992,.T.);
#2199=EDGE_CURVE('',#1717,#1425,#993,.T.);
#2200=EDGE_CURVE('',#1717,#1715,#994,.T.);
#2201=EDGE_CURVE('',#1718,#1714,#241,.T.);
#2202=EDGE_CURVE('',#1715,#1719,#995,.F.);
#2203=EDGE_CURVE('',#1719,#1718,#996,.T.);
#2204=EDGE_CURVE('',#1720,#1720,#242,.T.);
#2205=EDGE_CURVE('',#1716,#1721,#243,.T.);
#2206=EDGE_CURVE('',#1721,#1718,#997,.T.);
#2207=EDGE_CURVE('',#1719,#1713,#998,.T.);
#2208=EDGE_CURVE('',#1431,#1721,#999,.T.);
#2209=EDGE_CURVE('',#1427,#1430,#244,.T.);
#2210=EDGE_CURVE('',#1722,#1722,#245,.T.);
#2211=EDGE_CURVE('',#1723,#1723,#246,.T.);
#2212=EDGE_CURVE('',#1723,#1720,#1000,.T.);
#2213=EDGE_CURVE('',#1722,#1724,#1001,.T.);
#2214=EDGE_CURVE('',#1428,#1724,#705,.T.);
#2215=EDGE_CURVE('',#1724,#1429,#706,.T.);
#2216=EDGE_CURVE('',#1725,#1424,#1002,.T.);
#2217=EDGE_CURVE('',#1726,#1725,#1003,.T.);
#2218=EDGE_CURVE('',#1726,#1727,#1004,.T.);
#2219=EDGE_CURVE('',#1728,#1727,#1005,.T.);
#2220=EDGE_CURVE('',#1728,#1717,#1006,.T.);
#2221=EDGE_CURVE('',#1729,#1644,#247,.T.);
#2222=EDGE_CURVE('',#1487,#1729,#1007,.T.);
#2223=EDGE_CURVE('',#1730,#1731,#248,.T.);
#2224=EDGE_CURVE('',#1731,#1486,#1008,.T.);
#2225=EDGE_CURVE('',#1485,#1730,#1009,.T.);
#2226=EDGE_CURVE('',#1729,#1731,#1010,.T.);
#2227=EDGE_CURVE('',#1732,#1733,#249,.T.);
#2228=EDGE_CURVE('',#1733,#1484,#1011,.T.);
#2229=EDGE_CURVE('',#1483,#1732,#1012,.T.);
#2230=EDGE_CURVE('',#1733,#1730,#1013,.F.);
#2231=EDGE_CURVE('',#1645,#1734,#250,.T.);
#2232=EDGE_CURVE('',#1734,#1482,#1014,.T.);
#2233=EDGE_CURVE('',#1734,#1732,#1015,.F.);
#2234=EDGE_CURVE('',#1735,#1454,#1016,.T.);
#2235=EDGE_CURVE('',#1736,#1735,#1017,.T.);
#2236=EDGE_CURVE('',#1736,#1737,#1018,.T.);
#2237=EDGE_CURVE('',#1738,#1737,#1019,.T.);
#2238=EDGE_CURVE('',#1738,#1682,#1020,.T.);
#2239=EDGE_CURVE('',#1739,#1422,#1021,.T.);
#2240=EDGE_CURVE('',#1739,#1740,#1022,.T.);
#2241=EDGE_CURVE('',#1741,#1740,#1023,.T.);
#2242=EDGE_CURVE('',#1741,#1742,#1024,.T.);
#2243=EDGE_CURVE('',#1742,#1743,#1025,.T.);
#2244=EDGE_CURVE('',#1423,#1743,#1026,.T.);
#2245=EDGE_CURVE('',#1670,#1744,#1027,.T.);
#2246=EDGE_CURVE('',#1744,#1745,#1028,.T.);
#2247=EDGE_CURVE('',#1671,#1745,#1029,.T.);
#2248=EDGE_CURVE('',#1746,#1479,#1030,.T.);
#2249=EDGE_CURVE('',#1747,#1746,#1031,.T.);
#2250=EDGE_CURVE('',#1747,#1745,#1032,.T.);
#2251=EDGE_CURVE('',#1744,#1748,#1033,.T.);
#2252=EDGE_CURVE('',#1748,#1421,#1034,.T.);
#2253=EDGE_CURVE('',#1741,#1727,#1035,.T.);
#2254=EDGE_CURVE('',#1740,#1728,#1036,.T.);
#2255=EDGE_CURVE('',#1749,#1749,#251,.T.);
#2256=EDGE_CURVE('',#1749,#1750,#1037,.T.);
#2257=EDGE_CURVE('',#1750,#1750,#252,.T.);
#2258=EDGE_CURVE('',#1751,#1751,#253,.T.);
#2259=EDGE_CURVE('',#1742,#1726,#254,.T.);
#2260=EDGE_CURVE('',#1752,#1752,#255,.T.);
#2261=EDGE_CURVE('',#1743,#1725,#256,.T.);
#2262=EDGE_CURVE('',#1752,#1751,#1038,.T.);
#2263=EDGE_CURVE('',#1753,#1753,#257,.T.);
#2264=EDGE_CURVE('',#1753,#1754,#1039,.T.);
#2265=EDGE_CURVE('',#1754,#1754,#258,.T.);
#2266=EDGE_CURVE('',#1755,#1755,#259,.T.);
#2267=EDGE_CURVE('',#1672,#1747,#260,.T.);
#2268=EDGE_CURVE('',#1756,#1756,#261,.T.);
#2269=EDGE_CURVE('',#1673,#1746,#262,.T.);
#2270=EDGE_CURVE('',#1756,#1755,#1040,.T.);
#2271=EDGE_CURVE('',#1757,#1757,#263,.T.);
#2272=EDGE_CURVE('',#1757,#1758,#1041,.T.);
#2273=EDGE_CURVE('',#1758,#1758,#264,.T.);
#2274=EDGE_CURVE('',#1759,#1759,#265,.T.);
#2275=EDGE_CURVE('',#1760,#1760,#266,.T.);
#2276=EDGE_CURVE('',#1760,#1761,#1042,.T.);
#2277=EDGE_CURVE('',#1761,#1761,#267,.T.);
#2278=EDGE_CURVE('',#1762,#1762,#268,.T.);
#2279=EDGE_CURVE('',#1763,#1764,#1043,.T.);
#2280=EDGE_CURVE('',#1763,#1765,#1044,.T.);
#2281=EDGE_CURVE('',#1765,#1766,#1045,.T.);
#2282=EDGE_CURVE('',#1766,#1453,#1046,.F.);
#2283=EDGE_CURVE('',#1767,#1452,#1047,.T.);
#2284=EDGE_CURVE('',#1767,#1764,#1048,.T.);
#2285=EDGE_CURVE('',#1697,#1768,#1049,.T.);
#2286=EDGE_CURVE('',#1768,#1769,#1050,.T.);
#2287=EDGE_CURVE('',#1698,#1769,#1051,.T.);
#2288=EDGE_CURVE('',#1768,#1770,#1052,.T.);
#2289=EDGE_CURVE('',#1770,#1451,#1053,.T.);
#2290=EDGE_CURVE('',#1771,#1450,#1054,.T.);
#2291=EDGE_CURVE('',#1772,#1771,#1055,.T.);
#2292=EDGE_CURVE('',#1772,#1769,#1056,.T.);
#2293=EDGE_CURVE('',#1763,#1737,#1057,.T.);
#2294=EDGE_CURVE('',#1764,#1738,#1058,.T.);
#2295=EDGE_CURVE('',#1773,#1773,#269,.T.);
#2296=EDGE_CURVE('',#1773,#1759,#1059,.T.);
#2297=EDGE_CURVE('',#1699,#1772,#270,.T.);
#2298=EDGE_CURVE('',#1700,#1771,#271,.T.);
#2299=EDGE_CURVE('',#1774,#1774,#272,.T.);
#2300=EDGE_CURVE('',#1774,#1762,#1060,.T.);
#2301=EDGE_CURVE('',#1765,#1736,#273,.T.);
#2302=EDGE_CURVE('',#1766,#1735,#274,.T.);
#2303=EDGE_CURVE('',#1458,#1677,#1061,.T.);
#2304=EDGE_CURVE('',#1767,#1770,#1062,.T.);
#2305=EDGE_CURVE('',#1739,#1748,#1063,.T.);
#2306=ORIENTED_EDGE('',*,*,#1775,.T.);
#2307=ORIENTED_EDGE('',*,*,#1776,.T.);
#2308=ORIENTED_EDGE('',*,*,#1777,.T.);
#2309=ORIENTED_EDGE('',*,*,#1778,.F.);
#2310=ORIENTED_EDGE('',*,*,#1779,.F.);
#2311=ORIENTED_EDGE('',*,*,#1780,.F.);
#2312=ORIENTED_EDGE('',*,*,#1781,.F.);
#2313=ORIENTED_EDGE('',*,*,#1782,.F.);
#2314=ORIENTED_EDGE('',*,*,#1783,.F.);
#2315=ORIENTED_EDGE('',*,*,#1784,.F.);
#2316=ORIENTED_EDGE('',*,*,#1785,.F.);
#2317=ORIENTED_EDGE('',*,*,#1786,.F.);
#2318=ORIENTED_EDGE('',*,*,#1787,.F.);
#2319=ORIENTED_EDGE('',*,*,#1788,.F.);
#2320=ORIENTED_EDGE('',*,*,#1789,.F.);
#2321=ORIENTED_EDGE('',*,*,#1790,.F.);
#2322=ORIENTED_EDGE('',*,*,#1791,.F.);
#2323=ORIENTED_EDGE('',*,*,#1792,.F.);
#2324=ORIENTED_EDGE('',*,*,#1793,.F.);
#2325=ORIENTED_EDGE('',*,*,#1794,.F.);
#2326=ORIENTED_EDGE('',*,*,#1795,.F.);
#2327=ORIENTED_EDGE('',*,*,#1796,.F.);
#2328=ORIENTED_EDGE('',*,*,#1797,.F.);
#2329=ORIENTED_EDGE('',*,*,#1798,.F.);
#2330=ORIENTED_EDGE('',*,*,#1799,.F.);
#2331=ORIENTED_EDGE('',*,*,#1800,.F.);
#2332=ORIENTED_EDGE('',*,*,#1801,.F.);
#2333=ORIENTED_EDGE('',*,*,#1802,.F.);
#2334=ORIENTED_EDGE('',*,*,#1803,.T.);
#2335=ORIENTED_EDGE('',*,*,#1804,.T.);
#2336=ORIENTED_EDGE('',*,*,#1805,.T.);
#2337=ORIENTED_EDGE('',*,*,#1806,.T.);
#2338=ORIENTED_EDGE('',*,*,#1807,.T.);
#2339=ORIENTED_EDGE('',*,*,#1808,.F.);
#2340=ORIENTED_EDGE('',*,*,#1809,.T.);
#2341=ORIENTED_EDGE('',*,*,#1810,.T.);
#2342=ORIENTED_EDGE('',*,*,#1811,.T.);
#2343=ORIENTED_EDGE('',*,*,#1812,.T.);
#2344=ORIENTED_EDGE('',*,*,#1813,.T.);
#2345=ORIENTED_EDGE('',*,*,#1814,.T.);
#2346=ORIENTED_EDGE('',*,*,#1815,.F.);
#2347=ORIENTED_EDGE('',*,*,#1816,.T.);
#2348=ORIENTED_EDGE('',*,*,#1817,.T.);
#2349=ORIENTED_EDGE('',*,*,#1818,.T.);
#2350=ORIENTED_EDGE('',*,*,#1819,.F.);
#2351=ORIENTED_EDGE('',*,*,#1820,.T.);
#2352=ORIENTED_EDGE('',*,*,#1821,.T.);
#2353=ORIENTED_EDGE('',*,*,#1822,.T.);
#2354=ORIENTED_EDGE('',*,*,#1823,.F.);
#2355=ORIENTED_EDGE('',*,*,#1824,.T.);
#2356=ORIENTED_EDGE('',*,*,#1825,.T.);
#2357=ORIENTED_EDGE('',*,*,#1826,.T.);
#2358=ORIENTED_EDGE('',*,*,#1827,.F.);
#2359=ORIENTED_EDGE('',*,*,#1828,.T.);
#2360=ORIENTED_EDGE('',*,*,#1829,.T.);
#2361=ORIENTED_EDGE('',*,*,#1830,.T.);
#2362=ORIENTED_EDGE('',*,*,#1831,.F.);
#2363=ORIENTED_EDGE('',*,*,#1832,.T.);
#2364=ORIENTED_EDGE('',*,*,#1833,.T.);
#2365=ORIENTED_EDGE('',*,*,#1834,.T.);
#2366=ORIENTED_EDGE('',*,*,#1835,.F.);
#2367=ORIENTED_EDGE('',*,*,#1836,.T.);
#2368=ORIENTED_EDGE('',*,*,#1837,.F.);
#2369=ORIENTED_EDGE('',*,*,#1838,.T.);
#2370=ORIENTED_EDGE('',*,*,#1839,.F.);
#2371=ORIENTED_EDGE('',*,*,#1840,.T.);
#2372=ORIENTED_EDGE('',*,*,#1841,.F.);
#2373=ORIENTED_EDGE('',*,*,#1842,.F.);
#2374=ORIENTED_EDGE('',*,*,#1843,.T.);
#2375=ORIENTED_EDGE('',*,*,#1844,.T.);
#2376=ORIENTED_EDGE('',*,*,#1845,.F.);
#2377=ORIENTED_EDGE('',*,*,#1846,.F.);
#2378=ORIENTED_EDGE('',*,*,#1847,.T.);
#2379=ORIENTED_EDGE('',*,*,#1848,.T.);
#2380=ORIENTED_EDGE('',*,*,#1843,.F.);
#2381=ORIENTED_EDGE('',*,*,#1849,.F.);
#2382=ORIENTED_EDGE('',*,*,#1850,.T.);
#2383=ORIENTED_EDGE('',*,*,#1851,.T.);
#2384=ORIENTED_EDGE('',*,*,#1847,.F.);
#2385=ORIENTED_EDGE('',*,*,#1852,.F.);
#2386=ORIENTED_EDGE('',*,*,#1853,.T.);
#2387=ORIENTED_EDGE('',*,*,#1854,.T.);
#2388=ORIENTED_EDGE('',*,*,#1850,.F.);
#2389=ORIENTED_EDGE('',*,*,#1855,.F.);
#2390=ORIENTED_EDGE('',*,*,#1856,.T.);
#2391=ORIENTED_EDGE('',*,*,#1857,.T.);
#2392=ORIENTED_EDGE('',*,*,#1853,.F.);
#2393=ORIENTED_EDGE('',*,*,#1858,.F.);
#2394=ORIENTED_EDGE('',*,*,#1859,.T.);
#2395=ORIENTED_EDGE('',*,*,#1860,.T.);
#2396=ORIENTED_EDGE('',*,*,#1856,.F.);
#2397=ORIENTED_EDGE('',*,*,#1861,.F.);
#2398=ORIENTED_EDGE('',*,*,#1862,.T.);
#2399=ORIENTED_EDGE('',*,*,#1863,.T.);
#2400=ORIENTED_EDGE('',*,*,#1859,.F.);
#2401=ORIENTED_EDGE('',*,*,#1864,.F.);
#2402=ORIENTED_EDGE('',*,*,#1865,.T.);
#2403=ORIENTED_EDGE('',*,*,#1866,.T.);
#2404=ORIENTED_EDGE('',*,*,#1862,.F.);
#2405=ORIENTED_EDGE('',*,*,#1867,.F.);
#2406=ORIENTED_EDGE('',*,*,#1868,.T.);
#2407=ORIENTED_EDGE('',*,*,#1869,.T.);
#2408=ORIENTED_EDGE('',*,*,#1865,.F.);
#2409=ORIENTED_EDGE('',*,*,#1870,.F.);
#2410=ORIENTED_EDGE('',*,*,#1871,.T.);
#2411=ORIENTED_EDGE('',*,*,#1872,.T.);
#2412=ORIENTED_EDGE('',*,*,#1868,.F.);
#2413=ORIENTED_EDGE('',*,*,#1873,.F.);
#2414=ORIENTED_EDGE('',*,*,#1874,.T.);
#2415=ORIENTED_EDGE('',*,*,#1875,.T.);
#2416=ORIENTED_EDGE('',*,*,#1871,.F.);
#2417=ORIENTED_EDGE('',*,*,#1876,.F.);
#2418=ORIENTED_EDGE('',*,*,#1877,.T.);
#2419=ORIENTED_EDGE('',*,*,#1878,.T.);
#2420=ORIENTED_EDGE('',*,*,#1874,.F.);
#2421=ORIENTED_EDGE('',*,*,#1879,.F.);
#2422=ORIENTED_EDGE('',*,*,#1845,.T.);
#2423=ORIENTED_EDGE('',*,*,#1880,.T.);
#2424=ORIENTED_EDGE('',*,*,#1877,.F.);
#2425=ORIENTED_EDGE('',*,*,#1880,.F.);
#2426=ORIENTED_EDGE('',*,*,#1844,.F.);
#2427=ORIENTED_EDGE('',*,*,#1848,.F.);
#2428=ORIENTED_EDGE('',*,*,#1851,.F.);
#2429=ORIENTED_EDGE('',*,*,#1854,.F.);
#2430=ORIENTED_EDGE('',*,*,#1857,.F.);
#2431=ORIENTED_EDGE('',*,*,#1860,.F.);
#2432=ORIENTED_EDGE('',*,*,#1863,.F.);
#2433=ORIENTED_EDGE('',*,*,#1866,.F.);
#2434=ORIENTED_EDGE('',*,*,#1869,.F.);
#2435=ORIENTED_EDGE('',*,*,#1872,.F.);
#2436=ORIENTED_EDGE('',*,*,#1875,.F.);
#2437=ORIENTED_EDGE('',*,*,#1878,.F.);
#2438=ORIENTED_EDGE('',*,*,#1881,.F.);
#2439=ORIENTED_EDGE('',*,*,#1882,.T.);
#2440=ORIENTED_EDGE('',*,*,#1883,.T.);
#2441=ORIENTED_EDGE('',*,*,#1884,.F.);
#2442=ORIENTED_EDGE('',*,*,#1885,.F.);
#2443=ORIENTED_EDGE('',*,*,#1886,.T.);
#2444=ORIENTED_EDGE('',*,*,#1887,.T.);
#2445=ORIENTED_EDGE('',*,*,#1882,.F.);
#2446=ORIENTED_EDGE('',*,*,#1888,.F.);
#2447=ORIENTED_EDGE('',*,*,#1889,.T.);
#2448=ORIENTED_EDGE('',*,*,#1890,.T.);
#2449=ORIENTED_EDGE('',*,*,#1886,.F.);
#2450=ORIENTED_EDGE('',*,*,#1891,.F.);
#2451=ORIENTED_EDGE('',*,*,#1892,.T.);
#2452=ORIENTED_EDGE('',*,*,#1893,.T.);
#2453=ORIENTED_EDGE('',*,*,#1889,.F.);
#2454=ORIENTED_EDGE('',*,*,#1894,.F.);
#2455=ORIENTED_EDGE('',*,*,#1895,.T.);
#2456=ORIENTED_EDGE('',*,*,#1896,.T.);
#2457=ORIENTED_EDGE('',*,*,#1892,.F.);
#2458=ORIENTED_EDGE('',*,*,#1897,.F.);
#2459=ORIENTED_EDGE('',*,*,#1898,.T.);
#2460=ORIENTED_EDGE('',*,*,#1899,.T.);
#2461=ORIENTED_EDGE('',*,*,#1895,.F.);
#2462=ORIENTED_EDGE('',*,*,#1900,.F.);
#2463=ORIENTED_EDGE('',*,*,#1901,.T.);
#2464=ORIENTED_EDGE('',*,*,#1902,.T.);
#2465=ORIENTED_EDGE('',*,*,#1898,.F.);
#2466=ORIENTED_EDGE('',*,*,#1903,.F.);
#2467=ORIENTED_EDGE('',*,*,#1884,.T.);
#2468=ORIENTED_EDGE('',*,*,#1904,.T.);
#2469=ORIENTED_EDGE('',*,*,#1901,.F.);
#2470=ORIENTED_EDGE('',*,*,#1905,.F.);
#2471=ORIENTED_EDGE('',*,*,#1906,.T.);
#2472=ORIENTED_EDGE('',*,*,#1907,.T.);
#2473=ORIENTED_EDGE('',*,*,#1908,.F.);
#2474=ORIENTED_EDGE('',*,*,#1909,.F.);
#2475=ORIENTED_EDGE('',*,*,#1910,.T.);
#2476=ORIENTED_EDGE('',*,*,#1911,.T.);
#2477=ORIENTED_EDGE('',*,*,#1906,.F.);
#2478=ORIENTED_EDGE('',*,*,#1912,.F.);
#2479=ORIENTED_EDGE('',*,*,#1913,.T.);
#2480=ORIENTED_EDGE('',*,*,#1914,.T.);
#2481=ORIENTED_EDGE('',*,*,#1910,.F.);
#2482=ORIENTED_EDGE('',*,*,#1915,.F.);
#2483=ORIENTED_EDGE('',*,*,#1916,.T.);
#2484=ORIENTED_EDGE('',*,*,#1917,.T.);
#2485=ORIENTED_EDGE('',*,*,#1913,.F.);
#2486=ORIENTED_EDGE('',*,*,#1918,.F.);
#2487=ORIENTED_EDGE('',*,*,#1919,.T.);
#2488=ORIENTED_EDGE('',*,*,#1920,.T.);
#2489=ORIENTED_EDGE('',*,*,#1916,.F.);
#2490=ORIENTED_EDGE('',*,*,#1921,.F.);
#2491=ORIENTED_EDGE('',*,*,#1922,.T.);
#2492=ORIENTED_EDGE('',*,*,#1923,.T.);
#2493=ORIENTED_EDGE('',*,*,#1919,.F.);
#2494=ORIENTED_EDGE('',*,*,#1924,.F.);
#2495=ORIENTED_EDGE('',*,*,#1925,.T.);
#2496=ORIENTED_EDGE('',*,*,#1926,.T.);
#2497=ORIENTED_EDGE('',*,*,#1922,.F.);
#2498=ORIENTED_EDGE('',*,*,#1927,.F.);
#2499=ORIENTED_EDGE('',*,*,#1928,.T.);
#2500=ORIENTED_EDGE('',*,*,#1929,.T.);
#2501=ORIENTED_EDGE('',*,*,#1925,.F.);
#2502=ORIENTED_EDGE('',*,*,#1930,.F.);
#2503=ORIENTED_EDGE('',*,*,#1908,.T.);
#2504=ORIENTED_EDGE('',*,*,#1931,.T.);
#2505=ORIENTED_EDGE('',*,*,#1928,.F.);
#2506=ORIENTED_EDGE('',*,*,#1931,.F.);
#2507=ORIENTED_EDGE('',*,*,#1907,.F.);
#2508=ORIENTED_EDGE('',*,*,#1911,.F.);
#2509=ORIENTED_EDGE('',*,*,#1914,.F.);
#2510=ORIENTED_EDGE('',*,*,#1917,.F.);
#2511=ORIENTED_EDGE('',*,*,#1920,.F.);
#2512=ORIENTED_EDGE('',*,*,#1923,.F.);
#2513=ORIENTED_EDGE('',*,*,#1926,.F.);
#2514=ORIENTED_EDGE('',*,*,#1929,.F.);
#2515=ORIENTED_EDGE('',*,*,#1904,.F.);
#2516=ORIENTED_EDGE('',*,*,#1883,.F.);
#2517=ORIENTED_EDGE('',*,*,#1887,.F.);
#2518=ORIENTED_EDGE('',*,*,#1890,.F.);
#2519=ORIENTED_EDGE('',*,*,#1893,.F.);
#2520=ORIENTED_EDGE('',*,*,#1896,.F.);
#2521=ORIENTED_EDGE('',*,*,#1899,.F.);
#2522=ORIENTED_EDGE('',*,*,#1902,.F.);
#2523=ORIENTED_EDGE('',*,*,#1932,.F.);
#2524=ORIENTED_EDGE('',*,*,#1933,.T.);
#2525=ORIENTED_EDGE('',*,*,#1934,.T.);
#2526=ORIENTED_EDGE('',*,*,#1935,.F.);
#2527=ORIENTED_EDGE('',*,*,#1936,.F.);
#2528=ORIENTED_EDGE('',*,*,#1937,.T.);
#2529=ORIENTED_EDGE('',*,*,#1938,.T.);
#2530=ORIENTED_EDGE('',*,*,#1933,.F.);
#2531=ORIENTED_EDGE('',*,*,#1939,.F.);
#2532=ORIENTED_EDGE('',*,*,#1940,.T.);
#2533=ORIENTED_EDGE('',*,*,#1941,.T.);
#2534=ORIENTED_EDGE('',*,*,#1937,.F.);
#2535=ORIENTED_EDGE('',*,*,#1942,.F.);
#2536=ORIENTED_EDGE('',*,*,#1943,.T.);
#2537=ORIENTED_EDGE('',*,*,#1944,.T.);
#2538=ORIENTED_EDGE('',*,*,#1940,.F.);
#2539=ORIENTED_EDGE('',*,*,#1945,.F.);
#2540=ORIENTED_EDGE('',*,*,#1946,.T.);
#2541=ORIENTED_EDGE('',*,*,#1947,.T.);
#2542=ORIENTED_EDGE('',*,*,#1943,.F.);
#2543=ORIENTED_EDGE('',*,*,#1948,.F.);
#2544=ORIENTED_EDGE('',*,*,#1949,.T.);
#2545=ORIENTED_EDGE('',*,*,#1950,.T.);
#2546=ORIENTED_EDGE('',*,*,#1946,.F.);
#2547=ORIENTED_EDGE('',*,*,#1951,.F.);
#2548=ORIENTED_EDGE('',*,*,#1952,.T.);
#2549=ORIENTED_EDGE('',*,*,#1953,.T.);
#2550=ORIENTED_EDGE('',*,*,#1949,.F.);
#2551=ORIENTED_EDGE('',*,*,#1954,.F.);
#2552=ORIENTED_EDGE('',*,*,#1955,.T.);
#2553=ORIENTED_EDGE('',*,*,#1956,.T.);
#2554=ORIENTED_EDGE('',*,*,#1952,.F.);
#2555=ORIENTED_EDGE('',*,*,#1957,.F.);
#2556=ORIENTED_EDGE('',*,*,#1958,.T.);
#2557=ORIENTED_EDGE('',*,*,#1959,.T.);
#2558=ORIENTED_EDGE('',*,*,#1955,.F.);
#2559=ORIENTED_EDGE('',*,*,#1960,.F.);
#2560=ORIENTED_EDGE('',*,*,#1961,.T.);
#2561=ORIENTED_EDGE('',*,*,#1962,.T.);
#2562=ORIENTED_EDGE('',*,*,#1958,.F.);
#2563=ORIENTED_EDGE('',*,*,#1963,.F.);
#2564=ORIENTED_EDGE('',*,*,#1964,.T.);
#2565=ORIENTED_EDGE('',*,*,#1965,.T.);
#2566=ORIENTED_EDGE('',*,*,#1961,.F.);
#2567=ORIENTED_EDGE('',*,*,#1966,.F.);
#2568=ORIENTED_EDGE('',*,*,#1967,.T.);
#2569=ORIENTED_EDGE('',*,*,#1968,.T.);
#2570=ORIENTED_EDGE('',*,*,#1964,.F.);
#2571=ORIENTED_EDGE('',*,*,#1969,.F.);
#2572=ORIENTED_EDGE('',*,*,#1970,.T.);
#2573=ORIENTED_EDGE('',*,*,#1971,.T.);
#2574=ORIENTED_EDGE('',*,*,#1967,.F.);
#2575=ORIENTED_EDGE('',*,*,#1972,.F.);
#2576=ORIENTED_EDGE('',*,*,#1973,.T.);
#2577=ORIENTED_EDGE('',*,*,#1974,.T.);
#2578=ORIENTED_EDGE('',*,*,#1970,.F.);
#2579=ORIENTED_EDGE('',*,*,#1975,.F.);
#2580=ORIENTED_EDGE('',*,*,#1976,.T.);
#2581=ORIENTED_EDGE('',*,*,#1977,.T.);
#2582=ORIENTED_EDGE('',*,*,#1973,.F.);
#2583=ORIENTED_EDGE('',*,*,#1978,.F.);
#2584=ORIENTED_EDGE('',*,*,#1979,.T.);
#2585=ORIENTED_EDGE('',*,*,#1980,.T.);
#2586=ORIENTED_EDGE('',*,*,#1976,.F.);
#2587=ORIENTED_EDGE('',*,*,#1981,.F.);
#2588=ORIENTED_EDGE('',*,*,#1982,.T.);
#2589=ORIENTED_EDGE('',*,*,#1983,.T.);
#2590=ORIENTED_EDGE('',*,*,#1979,.F.);
#2591=ORIENTED_EDGE('',*,*,#1984,.F.);
#2592=ORIENTED_EDGE('',*,*,#1935,.T.);
#2593=ORIENTED_EDGE('',*,*,#1985,.T.);
#2594=ORIENTED_EDGE('',*,*,#1982,.F.);
#2595=ORIENTED_EDGE('',*,*,#1985,.F.);
#2596=ORIENTED_EDGE('',*,*,#1934,.F.);
#2597=ORIENTED_EDGE('',*,*,#1938,.F.);
#2598=ORIENTED_EDGE('',*,*,#1941,.F.);
#2599=ORIENTED_EDGE('',*,*,#1944,.F.);
#2600=ORIENTED_EDGE('',*,*,#1947,.F.);
#2601=ORIENTED_EDGE('',*,*,#1950,.F.);
#2602=ORIENTED_EDGE('',*,*,#1953,.F.);
#2603=ORIENTED_EDGE('',*,*,#1956,.F.);
#2604=ORIENTED_EDGE('',*,*,#1959,.F.);
#2605=ORIENTED_EDGE('',*,*,#1962,.F.);
#2606=ORIENTED_EDGE('',*,*,#1965,.F.);
#2607=ORIENTED_EDGE('',*,*,#1968,.F.);
#2608=ORIENTED_EDGE('',*,*,#1971,.F.);
#2609=ORIENTED_EDGE('',*,*,#1974,.F.);
#2610=ORIENTED_EDGE('',*,*,#1977,.F.);
#2611=ORIENTED_EDGE('',*,*,#1980,.F.);
#2612=ORIENTED_EDGE('',*,*,#1983,.F.);
#2613=ORIENTED_EDGE('',*,*,#1986,.F.);
#2614=ORIENTED_EDGE('',*,*,#1987,.T.);
#2615=ORIENTED_EDGE('',*,*,#1988,.T.);
#2616=ORIENTED_EDGE('',*,*,#1989,.F.);
#2617=ORIENTED_EDGE('',*,*,#1990,.F.);
#2618=ORIENTED_EDGE('',*,*,#1991,.T.);
#2619=ORIENTED_EDGE('',*,*,#1992,.T.);
#2620=ORIENTED_EDGE('',*,*,#1987,.F.);
#2621=ORIENTED_EDGE('',*,*,#1993,.F.);
#2622=ORIENTED_EDGE('',*,*,#1994,.T.);
#2623=ORIENTED_EDGE('',*,*,#1995,.T.);
#2624=ORIENTED_EDGE('',*,*,#1991,.F.);
#2625=ORIENTED_EDGE('',*,*,#1996,.F.);
#2626=ORIENTED_EDGE('',*,*,#1997,.T.);
#2627=ORIENTED_EDGE('',*,*,#1998,.T.);
#2628=ORIENTED_EDGE('',*,*,#1994,.F.);
#2629=ORIENTED_EDGE('',*,*,#1999,.F.);
#2630=ORIENTED_EDGE('',*,*,#2000,.T.);
#2631=ORIENTED_EDGE('',*,*,#2001,.T.);
#2632=ORIENTED_EDGE('',*,*,#1997,.F.);
#2633=ORIENTED_EDGE('',*,*,#2002,.F.);
#2634=ORIENTED_EDGE('',*,*,#2003,.T.);
#2635=ORIENTED_EDGE('',*,*,#2004,.T.);
#2636=ORIENTED_EDGE('',*,*,#2000,.F.);
#2637=ORIENTED_EDGE('',*,*,#2005,.F.);
#2638=ORIENTED_EDGE('',*,*,#2006,.T.);
#2639=ORIENTED_EDGE('',*,*,#2007,.T.);
#2640=ORIENTED_EDGE('',*,*,#2003,.F.);
#2641=ORIENTED_EDGE('',*,*,#2008,.F.);
#2642=ORIENTED_EDGE('',*,*,#2009,.T.);
#2643=ORIENTED_EDGE('',*,*,#2010,.T.);
#2644=ORIENTED_EDGE('',*,*,#2006,.F.);
#2645=ORIENTED_EDGE('',*,*,#2011,.F.);
#2646=ORIENTED_EDGE('',*,*,#2012,.T.);
#2647=ORIENTED_EDGE('',*,*,#2013,.T.);
#2648=ORIENTED_EDGE('',*,*,#2009,.F.);
#2649=ORIENTED_EDGE('',*,*,#2014,.F.);
#2650=ORIENTED_EDGE('',*,*,#2015,.T.);
#2651=ORIENTED_EDGE('',*,*,#2016,.T.);
#2652=ORIENTED_EDGE('',*,*,#2012,.F.);
#2653=ORIENTED_EDGE('',*,*,#2017,.F.);
#2654=ORIENTED_EDGE('',*,*,#2018,.T.);
#2655=ORIENTED_EDGE('',*,*,#2019,.T.);
#2656=ORIENTED_EDGE('',*,*,#2015,.F.);
#2657=ORIENTED_EDGE('',*,*,#2020,.F.);
#2658=ORIENTED_EDGE('',*,*,#2021,.T.);
#2659=ORIENTED_EDGE('',*,*,#2022,.T.);
#2660=ORIENTED_EDGE('',*,*,#2018,.F.);
#2661=ORIENTED_EDGE('',*,*,#2023,.F.);
#2662=ORIENTED_EDGE('',*,*,#2024,.T.);
#2663=ORIENTED_EDGE('',*,*,#2025,.T.);
#2664=ORIENTED_EDGE('',*,*,#2021,.F.);
#2665=ORIENTED_EDGE('',*,*,#2026,.F.);
#2666=ORIENTED_EDGE('',*,*,#2027,.T.);
#2667=ORIENTED_EDGE('',*,*,#2028,.T.);
#2668=ORIENTED_EDGE('',*,*,#2024,.F.);
#2669=ORIENTED_EDGE('',*,*,#2029,.F.);
#2670=ORIENTED_EDGE('',*,*,#2030,.T.);
#2671=ORIENTED_EDGE('',*,*,#2031,.T.);
#2672=ORIENTED_EDGE('',*,*,#2027,.F.);
#2673=ORIENTED_EDGE('',*,*,#2032,.F.);
#2674=ORIENTED_EDGE('',*,*,#2033,.T.);
#2675=ORIENTED_EDGE('',*,*,#2034,.T.);
#2676=ORIENTED_EDGE('',*,*,#2030,.F.);
#2677=ORIENTED_EDGE('',*,*,#2035,.F.);
#2678=ORIENTED_EDGE('',*,*,#2036,.T.);
#2679=ORIENTED_EDGE('',*,*,#2037,.T.);
#2680=ORIENTED_EDGE('',*,*,#2033,.F.);
#2681=ORIENTED_EDGE('',*,*,#2038,.F.);
#2682=ORIENTED_EDGE('',*,*,#2039,.T.);
#2683=ORIENTED_EDGE('',*,*,#2040,.T.);
#2684=ORIENTED_EDGE('',*,*,#2036,.F.);
#2685=ORIENTED_EDGE('',*,*,#2041,.F.);
#2686=ORIENTED_EDGE('',*,*,#2042,.T.);
#2687=ORIENTED_EDGE('',*,*,#2043,.T.);
#2688=ORIENTED_EDGE('',*,*,#2039,.F.);
#2689=ORIENTED_EDGE('',*,*,#2044,.F.);
#2690=ORIENTED_EDGE('',*,*,#1989,.T.);
#2691=ORIENTED_EDGE('',*,*,#2045,.T.);
#2692=ORIENTED_EDGE('',*,*,#2042,.F.);
#2693=ORIENTED_EDGE('',*,*,#2045,.F.);
#2694=ORIENTED_EDGE('',*,*,#1988,.F.);
#2695=ORIENTED_EDGE('',*,*,#1992,.F.);
#2696=ORIENTED_EDGE('',*,*,#1995,.F.);
#2697=ORIENTED_EDGE('',*,*,#1998,.F.);
#2698=ORIENTED_EDGE('',*,*,#2001,.F.);
#2699=ORIENTED_EDGE('',*,*,#2004,.F.);
#2700=ORIENTED_EDGE('',*,*,#2007,.F.);
#2701=ORIENTED_EDGE('',*,*,#2010,.F.);
#2702=ORIENTED_EDGE('',*,*,#2013,.F.);
#2703=ORIENTED_EDGE('',*,*,#2016,.F.);
#2704=ORIENTED_EDGE('',*,*,#2019,.F.);
#2705=ORIENTED_EDGE('',*,*,#2022,.F.);
#2706=ORIENTED_EDGE('',*,*,#2025,.F.);
#2707=ORIENTED_EDGE('',*,*,#2028,.F.);
#2708=ORIENTED_EDGE('',*,*,#2031,.F.);
#2709=ORIENTED_EDGE('',*,*,#2034,.F.);
#2710=ORIENTED_EDGE('',*,*,#2037,.F.);
#2711=ORIENTED_EDGE('',*,*,#2040,.F.);
#2712=ORIENTED_EDGE('',*,*,#2043,.F.);
#2713=ORIENTED_EDGE('',*,*,#2046,.F.);
#2714=ORIENTED_EDGE('',*,*,#2047,.T.);
#2715=ORIENTED_EDGE('',*,*,#2048,.T.);
#2716=ORIENTED_EDGE('',*,*,#2049,.F.);
#2717=ORIENTED_EDGE('',*,*,#2050,.F.);
#2718=ORIENTED_EDGE('',*,*,#2051,.T.);
#2719=ORIENTED_EDGE('',*,*,#2052,.T.);
#2720=ORIENTED_EDGE('',*,*,#2047,.F.);
#2721=ORIENTED_EDGE('',*,*,#2053,.F.);
#2722=ORIENTED_EDGE('',*,*,#2054,.T.);
#2723=ORIENTED_EDGE('',*,*,#2055,.T.);
#2724=ORIENTED_EDGE('',*,*,#2051,.F.);
#2725=ORIENTED_EDGE('',*,*,#2056,.F.);
#2726=ORIENTED_EDGE('',*,*,#2057,.T.);
#2727=ORIENTED_EDGE('',*,*,#2058,.T.);
#2728=ORIENTED_EDGE('',*,*,#2054,.F.);
#2729=ORIENTED_EDGE('',*,*,#2059,.F.);
#2730=ORIENTED_EDGE('',*,*,#2060,.T.);
#2731=ORIENTED_EDGE('',*,*,#2061,.T.);
#2732=ORIENTED_EDGE('',*,*,#2057,.F.);
#2733=ORIENTED_EDGE('',*,*,#2062,.F.);
#2734=ORIENTED_EDGE('',*,*,#2063,.T.);
#2735=ORIENTED_EDGE('',*,*,#2064,.T.);
#2736=ORIENTED_EDGE('',*,*,#2060,.F.);
#2737=ORIENTED_EDGE('',*,*,#2065,.F.);
#2738=ORIENTED_EDGE('',*,*,#2066,.T.);
#2739=ORIENTED_EDGE('',*,*,#2067,.T.);
#2740=ORIENTED_EDGE('',*,*,#2063,.F.);
#2741=ORIENTED_EDGE('',*,*,#2068,.F.);
#2742=ORIENTED_EDGE('',*,*,#2069,.T.);
#2743=ORIENTED_EDGE('',*,*,#2070,.T.);
#2744=ORIENTED_EDGE('',*,*,#2066,.F.);
#2745=ORIENTED_EDGE('',*,*,#2071,.F.);
#2746=ORIENTED_EDGE('',*,*,#2072,.T.);
#2747=ORIENTED_EDGE('',*,*,#2073,.T.);
#2748=ORIENTED_EDGE('',*,*,#2069,.F.);
#2749=ORIENTED_EDGE('',*,*,#2074,.F.);
#2750=ORIENTED_EDGE('',*,*,#2049,.T.);
#2751=ORIENTED_EDGE('',*,*,#2075,.T.);
#2752=ORIENTED_EDGE('',*,*,#2072,.F.);
#2753=ORIENTED_EDGE('',*,*,#2075,.F.);
#2754=ORIENTED_EDGE('',*,*,#2048,.F.);
#2755=ORIENTED_EDGE('',*,*,#2052,.F.);
#2756=ORIENTED_EDGE('',*,*,#2055,.F.);
#2757=ORIENTED_EDGE('',*,*,#2058,.F.);
#2758=ORIENTED_EDGE('',*,*,#2061,.F.);
#2759=ORIENTED_EDGE('',*,*,#2064,.F.);
#2760=ORIENTED_EDGE('',*,*,#2067,.F.);
#2761=ORIENTED_EDGE('',*,*,#2070,.F.);
#2762=ORIENTED_EDGE('',*,*,#2073,.F.);
#2763=ORIENTED_EDGE('',*,*,#2076,.F.);
#2764=ORIENTED_EDGE('',*,*,#2077,.T.);
#2765=ORIENTED_EDGE('',*,*,#2078,.F.);
#2766=ORIENTED_EDGE('',*,*,#1834,.F.);
#2767=ORIENTED_EDGE('',*,*,#2046,.T.);
#2768=ORIENTED_EDGE('',*,*,#2074,.T.);
#2769=ORIENTED_EDGE('',*,*,#2071,.T.);
#2770=ORIENTED_EDGE('',*,*,#2068,.T.);
#2771=ORIENTED_EDGE('',*,*,#2065,.T.);
#2772=ORIENTED_EDGE('',*,*,#2062,.T.);
#2773=ORIENTED_EDGE('',*,*,#2059,.T.);
#2774=ORIENTED_EDGE('',*,*,#2056,.T.);
#2775=ORIENTED_EDGE('',*,*,#2053,.T.);
#2776=ORIENTED_EDGE('',*,*,#2050,.T.);
#2777=ORIENTED_EDGE('',*,*,#1986,.T.);
#2778=ORIENTED_EDGE('',*,*,#2044,.T.);
#2779=ORIENTED_EDGE('',*,*,#2041,.T.);
#2780=ORIENTED_EDGE('',*,*,#2038,.T.);
#2781=ORIENTED_EDGE('',*,*,#2035,.T.);
#2782=ORIENTED_EDGE('',*,*,#2032,.T.);
#2783=ORIENTED_EDGE('',*,*,#2029,.T.);
#2784=ORIENTED_EDGE('',*,*,#2026,.T.);
#2785=ORIENTED_EDGE('',*,*,#2023,.T.);
#2786=ORIENTED_EDGE('',*,*,#2020,.T.);
#2787=ORIENTED_EDGE('',*,*,#2017,.T.);
#2788=ORIENTED_EDGE('',*,*,#2014,.T.);
#2789=ORIENTED_EDGE('',*,*,#2011,.T.);
#2790=ORIENTED_EDGE('',*,*,#2008,.T.);
#2791=ORIENTED_EDGE('',*,*,#2005,.T.);
#2792=ORIENTED_EDGE('',*,*,#2002,.T.);
#2793=ORIENTED_EDGE('',*,*,#1999,.T.);
#2794=ORIENTED_EDGE('',*,*,#1996,.T.);
#2795=ORIENTED_EDGE('',*,*,#1993,.T.);
#2796=ORIENTED_EDGE('',*,*,#1990,.T.);
#2797=ORIENTED_EDGE('',*,*,#1932,.T.);
#2798=ORIENTED_EDGE('',*,*,#1984,.T.);
#2799=ORIENTED_EDGE('',*,*,#1981,.T.);
#2800=ORIENTED_EDGE('',*,*,#1978,.T.);
#2801=ORIENTED_EDGE('',*,*,#1975,.T.);
#2802=ORIENTED_EDGE('',*,*,#1972,.T.);
#2803=ORIENTED_EDGE('',*,*,#1969,.T.);
#2804=ORIENTED_EDGE('',*,*,#1966,.T.);
#2805=ORIENTED_EDGE('',*,*,#1963,.T.);
#2806=ORIENTED_EDGE('',*,*,#1960,.T.);
#2807=ORIENTED_EDGE('',*,*,#1957,.T.);
#2808=ORIENTED_EDGE('',*,*,#1954,.T.);
#2809=ORIENTED_EDGE('',*,*,#1951,.T.);
#2810=ORIENTED_EDGE('',*,*,#1948,.T.);
#2811=ORIENTED_EDGE('',*,*,#1945,.T.);
#2812=ORIENTED_EDGE('',*,*,#1942,.T.);
#2813=ORIENTED_EDGE('',*,*,#1939,.T.);
#2814=ORIENTED_EDGE('',*,*,#1936,.T.);
#2815=ORIENTED_EDGE('',*,*,#1905,.T.);
#2816=ORIENTED_EDGE('',*,*,#1930,.T.);
#2817=ORIENTED_EDGE('',*,*,#1927,.T.);
#2818=ORIENTED_EDGE('',*,*,#1924,.T.);
#2819=ORIENTED_EDGE('',*,*,#1921,.T.);
#2820=ORIENTED_EDGE('',*,*,#1918,.T.);
#2821=ORIENTED_EDGE('',*,*,#1915,.T.);
#2822=ORIENTED_EDGE('',*,*,#1912,.T.);
#2823=ORIENTED_EDGE('',*,*,#1909,.T.);
#2824=ORIENTED_EDGE('',*,*,#1842,.T.);
#2825=ORIENTED_EDGE('',*,*,#1879,.T.);
#2826=ORIENTED_EDGE('',*,*,#1876,.T.);
#2827=ORIENTED_EDGE('',*,*,#1873,.T.);
#2828=ORIENTED_EDGE('',*,*,#1870,.T.);
#2829=ORIENTED_EDGE('',*,*,#1867,.T.);
#2830=ORIENTED_EDGE('',*,*,#1864,.T.);
#2831=ORIENTED_EDGE('',*,*,#1861,.T.);
#2832=ORIENTED_EDGE('',*,*,#1858,.T.);
#2833=ORIENTED_EDGE('',*,*,#1855,.T.);
#2834=ORIENTED_EDGE('',*,*,#1852,.T.);
#2835=ORIENTED_EDGE('',*,*,#1849,.T.);
#2836=ORIENTED_EDGE('',*,*,#1846,.T.);
#2837=ORIENTED_EDGE('',*,*,#2079,.T.);
#2838=ORIENTED_EDGE('',*,*,#2080,.F.);
#2839=ORIENTED_EDGE('',*,*,#2081,.F.);
#2840=ORIENTED_EDGE('',*,*,#1830,.F.);
#2841=ORIENTED_EDGE('',*,*,#2082,.F.);
#2842=ORIENTED_EDGE('',*,*,#2083,.F.);
#2843=ORIENTED_EDGE('',*,*,#2084,.F.);
#2844=ORIENTED_EDGE('',*,*,#2085,.F.);
#2845=ORIENTED_EDGE('',*,*,#2086,.F.);
#2846=ORIENTED_EDGE('',*,*,#2079,.F.);
#2847=ORIENTED_EDGE('',*,*,#2087,.T.);
#2848=ORIENTED_EDGE('',*,*,#2088,.T.);
#2849=ORIENTED_EDGE('',*,*,#2089,.T.);
#2850=ORIENTED_EDGE('',*,*,#2084,.T.);
#2851=ORIENTED_EDGE('',*,*,#2083,.T.);
#2852=ORIENTED_EDGE('',*,*,#2085,.T.);
#2853=ORIENTED_EDGE('',*,*,#2089,.F.);
#2854=ORIENTED_EDGE('',*,*,#2090,.F.);
#2855=ORIENTED_EDGE('',*,*,#1824,.F.);
#2856=ORIENTED_EDGE('',*,*,#2091,.F.);
#2857=ORIENTED_EDGE('',*,*,#2092,.F.);
#2858=ORIENTED_EDGE('',*,*,#2088,.F.);
#2859=ORIENTED_EDGE('',*,*,#2082,.T.);
#2860=ORIENTED_EDGE('',*,*,#1829,.F.);
#2861=ORIENTED_EDGE('',*,*,#2093,.T.);
#2862=ORIENTED_EDGE('',*,*,#1825,.F.);
#2863=ORIENTED_EDGE('',*,*,#2090,.T.);
#2864=ORIENTED_EDGE('',*,*,#2094,.F.);
#2865=ORIENTED_EDGE('',*,*,#2095,.F.);
#2866=ORIENTED_EDGE('',*,*,#2087,.F.);
#2867=ORIENTED_EDGE('',*,*,#2096,.T.);
#2868=ORIENTED_EDGE('',*,*,#2095,.T.);
#2869=ORIENTED_EDGE('',*,*,#2096,.F.);
#2870=ORIENTED_EDGE('',*,*,#2097,.F.);
#2871=ORIENTED_EDGE('',*,*,#1826,.F.);
#2872=ORIENTED_EDGE('',*,*,#2093,.F.);
#2873=ORIENTED_EDGE('',*,*,#1828,.F.);
#2874=ORIENTED_EDGE('',*,*,#2098,.F.);
#2875=ORIENTED_EDGE('',*,*,#2099,.T.);
#2876=ORIENTED_EDGE('',*,*,#2094,.T.);
#2877=ORIENTED_EDGE('',*,*,#2099,.F.);
#2878=ORIENTED_EDGE('',*,*,#2091,.T.);
#2879=ORIENTED_EDGE('',*,*,#1823,.T.);
#2880=ORIENTED_EDGE('',*,*,#2100,.T.);
#2881=ORIENTED_EDGE('',*,*,#2101,.T.);
#2882=ORIENTED_EDGE('',*,*,#2097,.T.);
#2883=ORIENTED_EDGE('',*,*,#2098,.T.);
#2884=ORIENTED_EDGE('',*,*,#1827,.T.);
#2885=ORIENTED_EDGE('',*,*,#2102,.F.);
#2886=ORIENTED_EDGE('',*,*,#1818,.F.);
#2887=ORIENTED_EDGE('',*,*,#2103,.F.);
#2888=ORIENTED_EDGE('',*,*,#1820,.F.);
#2889=ORIENTED_EDGE('',*,*,#2104,.F.);
#2890=ORIENTED_EDGE('',*,*,#2105,.T.);
#2891=ORIENTED_EDGE('',*,*,#2106,.T.);
#2892=ORIENTED_EDGE('',*,*,#2105,.F.);
#2893=ORIENTED_EDGE('',*,*,#2107,.F.);
#2894=ORIENTED_EDGE('',*,*,#2108,.T.);
#2895=ORIENTED_EDGE('',*,*,#2109,.T.);
#2896=ORIENTED_EDGE('',*,*,#2108,.F.);
#2897=ORIENTED_EDGE('',*,*,#2106,.F.);
#2898=ORIENTED_EDGE('',*,*,#2109,.F.);
#2899=ORIENTED_EDGE('',*,*,#2110,.F.);
#2900=ORIENTED_EDGE('',*,*,#2111,.T.);
#2901=ORIENTED_EDGE('',*,*,#1821,.F.);
#2902=ORIENTED_EDGE('',*,*,#2103,.T.);
#2903=ORIENTED_EDGE('',*,*,#1817,.F.);
#2904=ORIENTED_EDGE('',*,*,#2112,.T.);
#2905=ORIENTED_EDGE('',*,*,#2113,.T.);
#2906=ORIENTED_EDGE('',*,*,#2114,.F.);
#2907=ORIENTED_EDGE('',*,*,#2112,.F.);
#2908=ORIENTED_EDGE('',*,*,#1816,.F.);
#2909=ORIENTED_EDGE('',*,*,#2115,.F.);
#2910=ORIENTED_EDGE('',*,*,#2116,.F.);
#2911=ORIENTED_EDGE('',*,*,#2110,.T.);
#2912=ORIENTED_EDGE('',*,*,#2114,.T.);
#2913=ORIENTED_EDGE('',*,*,#2117,.T.);
#2914=ORIENTED_EDGE('',*,*,#2118,.T.);
#2915=ORIENTED_EDGE('',*,*,#2117,.F.);
#2916=ORIENTED_EDGE('',*,*,#2113,.F.);
#2917=ORIENTED_EDGE('',*,*,#2119,.F.);
#2918=ORIENTED_EDGE('',*,*,#2120,.F.);
#2919=ORIENTED_EDGE('',*,*,#2107,.T.);
#2920=ORIENTED_EDGE('',*,*,#2120,.T.);
#2921=ORIENTED_EDGE('',*,*,#2121,.F.);
#2922=ORIENTED_EDGE('',*,*,#2100,.F.);
#2923=ORIENTED_EDGE('',*,*,#1822,.F.);
#2924=ORIENTED_EDGE('',*,*,#2111,.F.);
#2925=ORIENTED_EDGE('',*,*,#2118,.F.);
#2926=ORIENTED_EDGE('',*,*,#2081,.T.);
#2927=ORIENTED_EDGE('',*,*,#2122,.T.);
#2928=ORIENTED_EDGE('',*,*,#2123,.F.);
#2929=ORIENTED_EDGE('',*,*,#2124,.T.);
#2930=ORIENTED_EDGE('',*,*,#2125,.T.);
#2931=ORIENTED_EDGE('',*,*,#2126,.T.);
#2932=ORIENTED_EDGE('',*,*,#1831,.T.);
#2933=ORIENTED_EDGE('',*,*,#2115,.T.);
#2934=ORIENTED_EDGE('',*,*,#1815,.T.);
#2935=ORIENTED_EDGE('',*,*,#2127,.T.);
#2936=ORIENTED_EDGE('',*,*,#2128,.T.);
#2937=ORIENTED_EDGE('',*,*,#2102,.T.);
#2938=ORIENTED_EDGE('',*,*,#2104,.T.);
#2939=ORIENTED_EDGE('',*,*,#1819,.T.);
#2940=ORIENTED_EDGE('',*,*,#2129,.F.);
#2941=ORIENTED_EDGE('',*,*,#2130,.T.);
#2942=ORIENTED_EDGE('',*,*,#2131,.T.);
#2943=ORIENTED_EDGE('',*,*,#2130,.F.);
#2944=ORIENTED_EDGE('',*,*,#2132,.F.);
#2945=ORIENTED_EDGE('',*,*,#2131,.F.);
#2946=ORIENTED_EDGE('',*,*,#2133,.F.);
#2947=ORIENTED_EDGE('',*,*,#2134,.T.);
#2948=ORIENTED_EDGE('',*,*,#1813,.F.);
#2949=ORIENTED_EDGE('',*,*,#2135,.T.);
#2950=ORIENTED_EDGE('',*,*,#1810,.F.);
#2951=ORIENTED_EDGE('',*,*,#2136,.T.);
#2952=ORIENTED_EDGE('',*,*,#2137,.T.);
#2953=ORIENTED_EDGE('',*,*,#2138,.F.);
#2954=ORIENTED_EDGE('',*,*,#2136,.F.);
#2955=ORIENTED_EDGE('',*,*,#1809,.F.);
#2956=ORIENTED_EDGE('',*,*,#2139,.F.);
#2957=ORIENTED_EDGE('',*,*,#2140,.F.);
#2958=ORIENTED_EDGE('',*,*,#2133,.T.);
#2959=ORIENTED_EDGE('',*,*,#2138,.T.);
#2960=ORIENTED_EDGE('',*,*,#2141,.T.);
#2961=ORIENTED_EDGE('',*,*,#2142,.T.);
#2962=ORIENTED_EDGE('',*,*,#2141,.F.);
#2963=ORIENTED_EDGE('',*,*,#2137,.F.);
#2964=ORIENTED_EDGE('',*,*,#2143,.F.);
#2965=ORIENTED_EDGE('',*,*,#2144,.F.);
#2966=ORIENTED_EDGE('',*,*,#2129,.T.);
#2967=ORIENTED_EDGE('',*,*,#2144,.T.);
#2968=ORIENTED_EDGE('',*,*,#2145,.F.);
#2969=ORIENTED_EDGE('',*,*,#2127,.F.);
#2970=ORIENTED_EDGE('',*,*,#1814,.F.);
#2971=ORIENTED_EDGE('',*,*,#2134,.F.);
#2972=ORIENTED_EDGE('',*,*,#2142,.F.);
#2973=ORIENTED_EDGE('',*,*,#2146,.F.);
#2974=ORIENTED_EDGE('',*,*,#2147,.T.);
#2975=ORIENTED_EDGE('',*,*,#2148,.F.);
#2976=ORIENTED_EDGE('',*,*,#1797,.T.);
#2977=ORIENTED_EDGE('',*,*,#2149,.T.);
#2978=ORIENTED_EDGE('',*,*,#1799,.T.);
#2979=ORIENTED_EDGE('',*,*,#2150,.F.);
#2980=ORIENTED_EDGE('',*,*,#2147,.F.);
#2981=ORIENTED_EDGE('',*,*,#2151,.F.);
#2982=ORIENTED_EDGE('',*,*,#2152,.T.);
#2983=ORIENTED_EDGE('',*,*,#2153,.T.);
#2984=ORIENTED_EDGE('',*,*,#2152,.F.);
#2985=ORIENTED_EDGE('',*,*,#2146,.T.);
#2986=ORIENTED_EDGE('',*,*,#2151,.T.);
#2987=ORIENTED_EDGE('',*,*,#2154,.T.);
#2988=ORIENTED_EDGE('',*,*,#2155,.F.);
#2989=ORIENTED_EDGE('',*,*,#1800,.T.);
#2990=ORIENTED_EDGE('',*,*,#2149,.F.);
#2991=ORIENTED_EDGE('',*,*,#1796,.T.);
#2992=ORIENTED_EDGE('',*,*,#2156,.F.);
#2993=ORIENTED_EDGE('',*,*,#2157,.F.);
#2994=ORIENTED_EDGE('',*,*,#2158,.T.);
#2995=ORIENTED_EDGE('',*,*,#2159,.F.);
#2996=ORIENTED_EDGE('',*,*,#1801,.T.);
#2997=ORIENTED_EDGE('',*,*,#2155,.T.);
#2998=ORIENTED_EDGE('',*,*,#2160,.T.);
#2999=ORIENTED_EDGE('',*,*,#2154,.F.);
#3000=ORIENTED_EDGE('',*,*,#2161,.F.);
#3001=ORIENTED_EDGE('',*,*,#2162,.F.);
#3002=ORIENTED_EDGE('',*,*,#2160,.F.);
#3003=ORIENTED_EDGE('',*,*,#2162,.T.);
#3004=ORIENTED_EDGE('',*,*,#2163,.T.);
#3005=ORIENTED_EDGE('',*,*,#2164,.T.);
#3006=ORIENTED_EDGE('',*,*,#2157,.T.);
#3007=ORIENTED_EDGE('',*,*,#2153,.F.);
#3008=ORIENTED_EDGE('',*,*,#2163,.F.);
#3009=ORIENTED_EDGE('',*,*,#2161,.T.);
#3010=ORIENTED_EDGE('',*,*,#2156,.T.);
#3011=ORIENTED_EDGE('',*,*,#1795,.T.);
#3012=ORIENTED_EDGE('',*,*,#2165,.F.);
#3013=ORIENTED_EDGE('',*,*,#2166,.T.);
#3014=ORIENTED_EDGE('',*,*,#2159,.T.);
#3015=ORIENTED_EDGE('',*,*,#2167,.T.);
#3016=ORIENTED_EDGE('',*,*,#2168,.F.);
#3017=ORIENTED_EDGE('',*,*,#2169,.T.);
#3018=ORIENTED_EDGE('',*,*,#2170,.T.);
#3019=ORIENTED_EDGE('',*,*,#2171,.T.);
#3020=ORIENTED_EDGE('',*,*,#1802,.T.);
#3021=ORIENTED_EDGE('',*,*,#2165,.T.);
#3022=ORIENTED_EDGE('',*,*,#1794,.T.);
#3023=ORIENTED_EDGE('',*,*,#2172,.T.);
#3024=ORIENTED_EDGE('',*,*,#2173,.T.);
#3025=ORIENTED_EDGE('',*,*,#2148,.T.);
#3026=ORIENTED_EDGE('',*,*,#2150,.T.);
#3027=ORIENTED_EDGE('',*,*,#1798,.T.);
#3028=ORIENTED_EDGE('',*,*,#2174,.F.);
#3029=ORIENTED_EDGE('',*,*,#2175,.T.);
#3030=ORIENTED_EDGE('',*,*,#2176,.F.);
#3031=ORIENTED_EDGE('',*,*,#1789,.T.);
#3032=ORIENTED_EDGE('',*,*,#2177,.T.);
#3033=ORIENTED_EDGE('',*,*,#1791,.T.);
#3034=ORIENTED_EDGE('',*,*,#2178,.F.);
#3035=ORIENTED_EDGE('',*,*,#2175,.F.);
#3036=ORIENTED_EDGE('',*,*,#2179,.F.);
#3037=ORIENTED_EDGE('',*,*,#2180,.T.);
#3038=ORIENTED_EDGE('',*,*,#2181,.T.);
#3039=ORIENTED_EDGE('',*,*,#2180,.F.);
#3040=ORIENTED_EDGE('',*,*,#2174,.T.);
#3041=ORIENTED_EDGE('',*,*,#2179,.T.);
#3042=ORIENTED_EDGE('',*,*,#2182,.T.);
#3043=ORIENTED_EDGE('',*,*,#2183,.F.);
#3044=ORIENTED_EDGE('',*,*,#1792,.T.);
#3045=ORIENTED_EDGE('',*,*,#2177,.F.);
#3046=ORIENTED_EDGE('',*,*,#1788,.T.);
#3047=ORIENTED_EDGE('',*,*,#2184,.F.);
#3048=ORIENTED_EDGE('',*,*,#2185,.F.);
#3049=ORIENTED_EDGE('',*,*,#2186,.T.);
#3050=ORIENTED_EDGE('',*,*,#2172,.F.);
#3051=ORIENTED_EDGE('',*,*,#1793,.T.);
#3052=ORIENTED_EDGE('',*,*,#2183,.T.);
#3053=ORIENTED_EDGE('',*,*,#2187,.T.);
#3054=ORIENTED_EDGE('',*,*,#2182,.F.);
#3055=ORIENTED_EDGE('',*,*,#2188,.F.);
#3056=ORIENTED_EDGE('',*,*,#2189,.F.);
#3057=ORIENTED_EDGE('',*,*,#2187,.F.);
#3058=ORIENTED_EDGE('',*,*,#2189,.T.);
#3059=ORIENTED_EDGE('',*,*,#2190,.T.);
#3060=ORIENTED_EDGE('',*,*,#2191,.T.);
#3061=ORIENTED_EDGE('',*,*,#2185,.T.);
#3062=ORIENTED_EDGE('',*,*,#2181,.F.);
#3063=ORIENTED_EDGE('',*,*,#2190,.F.);
#3064=ORIENTED_EDGE('',*,*,#2188,.T.);
#3065=ORIENTED_EDGE('',*,*,#2184,.T.);
#3066=ORIENTED_EDGE('',*,*,#1787,.T.);
#3067=ORIENTED_EDGE('',*,*,#2192,.F.);
#3068=ORIENTED_EDGE('',*,*,#2193,.T.);
#3069=ORIENTED_EDGE('',*,*,#2192,.T.);
#3070=ORIENTED_EDGE('',*,*,#1786,.T.);
#3071=ORIENTED_EDGE('',*,*,#2194,.T.);
#3072=ORIENTED_EDGE('',*,*,#2195,.T.);
#3073=ORIENTED_EDGE('',*,*,#2176,.T.);
#3074=ORIENTED_EDGE('',*,*,#2178,.T.);
#3075=ORIENTED_EDGE('',*,*,#1790,.T.);
#3076=ORIENTED_EDGE('',*,*,#2196,.F.);
#3077=ORIENTED_EDGE('',*,*,#2197,.T.);
#3078=ORIENTED_EDGE('',*,*,#2198,.T.);
#3079=ORIENTED_EDGE('',*,*,#1779,.T.);
#3080=ORIENTED_EDGE('',*,*,#2199,.F.);
#3081=ORIENTED_EDGE('',*,*,#2200,.T.);
#3082=ORIENTED_EDGE('',*,*,#2201,.T.);
#3083=ORIENTED_EDGE('',*,*,#2196,.T.);
#3084=ORIENTED_EDGE('',*,*,#2202,.T.);
#3085=ORIENTED_EDGE('',*,*,#2203,.T.);
#3086=ORIENTED_EDGE('',*,*,#2204,.F.);
#3087=ORIENTED_EDGE('',*,*,#2205,.F.);
#3088=ORIENTED_EDGE('',*,*,#2197,.F.);
#3089=ORIENTED_EDGE('',*,*,#2201,.F.);
#3090=ORIENTED_EDGE('',*,*,#2206,.F.);
#3091=ORIENTED_EDGE('',*,*,#2203,.F.);
#3092=ORIENTED_EDGE('',*,*,#2207,.T.);
#3093=ORIENTED_EDGE('',*,*,#2194,.F.);
#3094=ORIENTED_EDGE('',*,*,#1785,.T.);
#3095=ORIENTED_EDGE('',*,*,#2208,.T.);
#3096=ORIENTED_EDGE('',*,*,#2206,.T.);
#3097=ORIENTED_EDGE('',*,*,#2205,.T.);
#3098=ORIENTED_EDGE('',*,*,#2208,.F.);
#3099=ORIENTED_EDGE('',*,*,#1784,.T.);
#3100=ORIENTED_EDGE('',*,*,#2209,.F.);
#3101=ORIENTED_EDGE('',*,*,#1780,.T.);
#3102=ORIENTED_EDGE('',*,*,#2198,.F.);
#3103=ORIENTED_EDGE('',*,*,#2210,.T.);
#3104=ORIENTED_EDGE('',*,*,#2211,.T.);
#3105=ORIENTED_EDGE('',*,*,#2211,.F.);
#3106=ORIENTED_EDGE('',*,*,#2212,.T.);
#3107=ORIENTED_EDGE('',*,*,#2204,.T.);
#3108=ORIENTED_EDGE('',*,*,#2212,.F.);
#3109=ORIENTED_EDGE('',*,*,#2210,.F.);
#3110=ORIENTED_EDGE('',*,*,#2213,.T.);
#3111=ORIENTED_EDGE('',*,*,#2214,.F.);
#3112=ORIENTED_EDGE('',*,*,#1781,.T.);
#3113=ORIENTED_EDGE('',*,*,#2209,.T.);
#3114=ORIENTED_EDGE('',*,*,#1783,.T.);
#3115=ORIENTED_EDGE('',*,*,#2215,.F.);
#3116=ORIENTED_EDGE('',*,*,#2213,.F.);
#3117=ORIENTED_EDGE('',*,*,#2199,.T.);
#3118=ORIENTED_EDGE('',*,*,#1778,.T.);
#3119=ORIENTED_EDGE('',*,*,#2216,.F.);
#3120=ORIENTED_EDGE('',*,*,#2217,.F.);
#3121=ORIENTED_EDGE('',*,*,#2218,.T.);
#3122=ORIENTED_EDGE('',*,*,#2219,.F.);
#3123=ORIENTED_EDGE('',*,*,#2220,.T.);
#3124=ORIENTED_EDGE('',*,*,#2214,.T.);
#3125=ORIENTED_EDGE('',*,*,#2215,.T.);
#3126=ORIENTED_EDGE('',*,*,#1782,.T.);
#3127=ORIENTED_EDGE('',*,*,#2221,.T.);
#3128=ORIENTED_EDGE('',*,*,#2076,.T.);
#3129=ORIENTED_EDGE('',*,*,#1841,.T.);
#3130=ORIENTED_EDGE('',*,*,#2222,.T.);
#3131=ORIENTED_EDGE('',*,*,#1881,.T.);
#3132=ORIENTED_EDGE('',*,*,#1903,.T.);
#3133=ORIENTED_EDGE('',*,*,#1900,.T.);
#3134=ORIENTED_EDGE('',*,*,#1897,.T.);
#3135=ORIENTED_EDGE('',*,*,#1894,.T.);
#3136=ORIENTED_EDGE('',*,*,#1891,.T.);
#3137=ORIENTED_EDGE('',*,*,#1888,.T.);
#3138=ORIENTED_EDGE('',*,*,#1885,.T.);
#3139=ORIENTED_EDGE('',*,*,#2223,.T.);
#3140=ORIENTED_EDGE('',*,*,#2224,.T.);
#3141=ORIENTED_EDGE('',*,*,#1839,.T.);
#3142=ORIENTED_EDGE('',*,*,#2225,.T.);
#3143=ORIENTED_EDGE('',*,*,#2222,.F.);
#3144=ORIENTED_EDGE('',*,*,#1840,.F.);
#3145=ORIENTED_EDGE('',*,*,#2224,.F.);
#3146=ORIENTED_EDGE('',*,*,#2226,.F.);
#3147=ORIENTED_EDGE('',*,*,#2227,.T.);
#3148=ORIENTED_EDGE('',*,*,#2228,.T.);
#3149=ORIENTED_EDGE('',*,*,#1837,.T.);
#3150=ORIENTED_EDGE('',*,*,#2229,.T.);
#3151=ORIENTED_EDGE('',*,*,#2225,.F.);
#3152=ORIENTED_EDGE('',*,*,#1838,.F.);
#3153=ORIENTED_EDGE('',*,*,#2228,.F.);
#3154=ORIENTED_EDGE('',*,*,#2230,.T.);
#3155=ORIENTED_EDGE('',*,*,#2231,.T.);
#3156=ORIENTED_EDGE('',*,*,#2232,.T.);
#3157=ORIENTED_EDGE('',*,*,#1835,.T.);
#3158=ORIENTED_EDGE('',*,*,#2078,.T.);
#3159=ORIENTED_EDGE('',*,*,#2229,.F.);
#3160=ORIENTED_EDGE('',*,*,#1836,.F.);
#3161=ORIENTED_EDGE('',*,*,#2232,.F.);
#3162=ORIENTED_EDGE('',*,*,#2233,.T.);
#3163=ORIENTED_EDGE('',*,*,#2139,.T.);
#3164=ORIENTED_EDGE('',*,*,#1808,.T.);
#3165=ORIENTED_EDGE('',*,*,#2234,.F.);
#3166=ORIENTED_EDGE('',*,*,#2235,.F.);
#3167=ORIENTED_EDGE('',*,*,#2236,.T.);
#3168=ORIENTED_EDGE('',*,*,#2237,.F.);
#3169=ORIENTED_EDGE('',*,*,#2238,.T.);
#3170=ORIENTED_EDGE('',*,*,#1776,.F.);
#3171=ORIENTED_EDGE('',*,*,#2239,.F.);
#3172=ORIENTED_EDGE('',*,*,#2240,.T.);
#3173=ORIENTED_EDGE('',*,*,#2241,.F.);
#3174=ORIENTED_EDGE('',*,*,#2242,.T.);
#3175=ORIENTED_EDGE('',*,*,#2243,.T.);
#3176=ORIENTED_EDGE('',*,*,#2244,.F.);
#3177=ORIENTED_EDGE('',*,*,#2123,.T.);
#3178=ORIENTED_EDGE('',*,*,#2245,.T.);
#3179=ORIENTED_EDGE('',*,*,#2246,.T.);
#3180=ORIENTED_EDGE('',*,*,#2247,.F.);
#3181=ORIENTED_EDGE('',*,*,#2248,.F.);
#3182=ORIENTED_EDGE('',*,*,#2249,.F.);
#3183=ORIENTED_EDGE('',*,*,#2250,.T.);
#3184=ORIENTED_EDGE('',*,*,#2246,.F.);
#3185=ORIENTED_EDGE('',*,*,#2251,.T.);
#3186=ORIENTED_EDGE('',*,*,#2252,.T.);
#3187=ORIENTED_EDGE('',*,*,#1833,.F.);
#3188=ORIENTED_EDGE('',*,*,#2219,.T.);
#3189=ORIENTED_EDGE('',*,*,#2253,.F.);
#3190=ORIENTED_EDGE('',*,*,#2241,.T.);
#3191=ORIENTED_EDGE('',*,*,#2254,.T.);
#3192=ORIENTED_EDGE('',*,*,#2255,.F.);
#3193=ORIENTED_EDGE('',*,*,#2256,.T.);
#3194=ORIENTED_EDGE('',*,*,#2257,.T.);
#3195=ORIENTED_EDGE('',*,*,#2256,.F.);
#3196=ORIENTED_EDGE('',*,*,#2257,.F.);
#3197=ORIENTED_EDGE('',*,*,#2258,.F.);
#3198=ORIENTED_EDGE('',*,*,#2253,.T.);
#3199=ORIENTED_EDGE('',*,*,#2218,.F.);
#3200=ORIENTED_EDGE('',*,*,#2259,.F.);
#3201=ORIENTED_EDGE('',*,*,#2242,.F.);
#3202=ORIENTED_EDGE('',*,*,#2260,.F.);
#3203=ORIENTED_EDGE('',*,*,#2259,.T.);
#3204=ORIENTED_EDGE('',*,*,#2217,.T.);
#3205=ORIENTED_EDGE('',*,*,#2261,.F.);
#3206=ORIENTED_EDGE('',*,*,#2243,.F.);
#3207=ORIENTED_EDGE('',*,*,#2260,.T.);
#3208=ORIENTED_EDGE('',*,*,#2262,.T.);
#3209=ORIENTED_EDGE('',*,*,#2258,.T.);
#3210=ORIENTED_EDGE('',*,*,#2262,.F.);
#3211=ORIENTED_EDGE('',*,*,#2261,.T.);
#3212=ORIENTED_EDGE('',*,*,#2216,.T.);
#3213=ORIENTED_EDGE('',*,*,#1777,.F.);
#3214=ORIENTED_EDGE('',*,*,#2244,.T.);
#3215=ORIENTED_EDGE('',*,*,#2255,.T.);
#3216=ORIENTED_EDGE('',*,*,#2263,.F.);
#3217=ORIENTED_EDGE('',*,*,#2264,.T.);
#3218=ORIENTED_EDGE('',*,*,#2265,.T.);
#3219=ORIENTED_EDGE('',*,*,#2264,.F.);
#3220=ORIENTED_EDGE('',*,*,#2265,.F.);
#3221=ORIENTED_EDGE('',*,*,#2266,.F.);
#3222=ORIENTED_EDGE('',*,*,#2247,.T.);
#3223=ORIENTED_EDGE('',*,*,#2250,.F.);
#3224=ORIENTED_EDGE('',*,*,#2267,.F.);
#3225=ORIENTED_EDGE('',*,*,#2124,.F.);
#3226=ORIENTED_EDGE('',*,*,#2268,.F.);
#3227=ORIENTED_EDGE('',*,*,#2267,.T.);
#3228=ORIENTED_EDGE('',*,*,#2249,.T.);
#3229=ORIENTED_EDGE('',*,*,#2269,.F.);
#3230=ORIENTED_EDGE('',*,*,#2125,.F.);
#3231=ORIENTED_EDGE('',*,*,#2268,.T.);
#3232=ORIENTED_EDGE('',*,*,#2270,.T.);
#3233=ORIENTED_EDGE('',*,*,#2266,.T.);
#3234=ORIENTED_EDGE('',*,*,#2270,.F.);
#3235=ORIENTED_EDGE('',*,*,#2269,.T.);
#3236=ORIENTED_EDGE('',*,*,#2248,.T.);
#3237=ORIENTED_EDGE('',*,*,#1832,.F.);
#3238=ORIENTED_EDGE('',*,*,#2126,.F.);
#3239=ORIENTED_EDGE('',*,*,#2263,.T.);
#3240=ORIENTED_EDGE('',*,*,#2271,.F.);
#3241=ORIENTED_EDGE('',*,*,#2272,.T.);
#3242=ORIENTED_EDGE('',*,*,#2273,.T.);
#3243=ORIENTED_EDGE('',*,*,#2272,.F.);
#3244=ORIENTED_EDGE('',*,*,#2273,.F.);
#3245=ORIENTED_EDGE('',*,*,#2274,.F.);
#3246=ORIENTED_EDGE('',*,*,#2275,.F.);
#3247=ORIENTED_EDGE('',*,*,#2276,.T.);
#3248=ORIENTED_EDGE('',*,*,#2277,.T.);
#3249=ORIENTED_EDGE('',*,*,#2276,.F.);
#3250=ORIENTED_EDGE('',*,*,#2277,.F.);
#3251=ORIENTED_EDGE('',*,*,#2278,.F.);
#3252=ORIENTED_EDGE('',*,*,#2279,.F.);
#3253=ORIENTED_EDGE('',*,*,#2280,.T.);
#3254=ORIENTED_EDGE('',*,*,#2281,.T.);
#3255=ORIENTED_EDGE('',*,*,#2282,.T.);
#3256=ORIENTED_EDGE('',*,*,#1806,.F.);
#3257=ORIENTED_EDGE('',*,*,#2283,.F.);
#3258=ORIENTED_EDGE('',*,*,#2284,.T.);
#3259=ORIENTED_EDGE('',*,*,#2168,.T.);
#3260=ORIENTED_EDGE('',*,*,#2285,.T.);
#3261=ORIENTED_EDGE('',*,*,#2286,.T.);
#3262=ORIENTED_EDGE('',*,*,#2287,.F.);
#3263=ORIENTED_EDGE('',*,*,#2286,.F.);
#3264=ORIENTED_EDGE('',*,*,#2288,.T.);
#3265=ORIENTED_EDGE('',*,*,#2289,.T.);
#3266=ORIENTED_EDGE('',*,*,#1804,.F.);
#3267=ORIENTED_EDGE('',*,*,#2290,.F.);
#3268=ORIENTED_EDGE('',*,*,#2291,.F.);
#3269=ORIENTED_EDGE('',*,*,#2292,.T.);
#3270=ORIENTED_EDGE('',*,*,#2237,.T.);
#3271=ORIENTED_EDGE('',*,*,#2293,.F.);
#3272=ORIENTED_EDGE('',*,*,#2279,.T.);
#3273=ORIENTED_EDGE('',*,*,#2294,.T.);
#3274=ORIENTED_EDGE('',*,*,#2295,.T.);
#3275=ORIENTED_EDGE('',*,*,#2296,.T.);
#3276=ORIENTED_EDGE('',*,*,#2274,.T.);
#3277=ORIENTED_EDGE('',*,*,#2296,.F.);
#3278=ORIENTED_EDGE('',*,*,#2297,.T.);
#3279=ORIENTED_EDGE('',*,*,#2291,.T.);
#3280=ORIENTED_EDGE('',*,*,#2298,.F.);
#3281=ORIENTED_EDGE('',*,*,#2170,.F.);
#3282=ORIENTED_EDGE('',*,*,#2171,.F.);
#3283=ORIENTED_EDGE('',*,*,#2298,.T.);
#3284=ORIENTED_EDGE('',*,*,#2290,.T.);
#3285=ORIENTED_EDGE('',*,*,#1803,.F.);
#3286=ORIENTED_EDGE('',*,*,#2271,.T.);
#3287=ORIENTED_EDGE('',*,*,#2287,.T.);
#3288=ORIENTED_EDGE('',*,*,#2292,.F.);
#3289=ORIENTED_EDGE('',*,*,#2297,.F.);
#3290=ORIENTED_EDGE('',*,*,#2169,.F.);
#3291=ORIENTED_EDGE('',*,*,#2295,.F.);
#3292=ORIENTED_EDGE('',*,*,#2299,.T.);
#3293=ORIENTED_EDGE('',*,*,#2300,.T.);
#3294=ORIENTED_EDGE('',*,*,#2278,.T.);
#3295=ORIENTED_EDGE('',*,*,#2300,.F.);
#3296=ORIENTED_EDGE('',*,*,#2301,.T.);
#3297=ORIENTED_EDGE('',*,*,#2235,.T.);
#3298=ORIENTED_EDGE('',*,*,#2302,.F.);
#3299=ORIENTED_EDGE('',*,*,#2281,.F.);
#3300=ORIENTED_EDGE('',*,*,#2282,.F.);
#3301=ORIENTED_EDGE('',*,*,#2302,.T.);
#3302=ORIENTED_EDGE('',*,*,#2234,.T.);
#3303=ORIENTED_EDGE('',*,*,#1807,.F.);
#3304=ORIENTED_EDGE('',*,*,#2275,.T.);
#3305=ORIENTED_EDGE('',*,*,#2293,.T.);
#3306=ORIENTED_EDGE('',*,*,#2236,.F.);
#3307=ORIENTED_EDGE('',*,*,#2301,.F.);
#3308=ORIENTED_EDGE('',*,*,#2280,.F.);
#3309=ORIENTED_EDGE('',*,*,#2299,.F.);
#3310=ORIENTED_EDGE('',*,*,#1811,.F.);
#3311=ORIENTED_EDGE('',*,*,#2135,.F.);
#3312=ORIENTED_EDGE('',*,*,#1812,.F.);
#3313=ORIENTED_EDGE('',*,*,#2303,.T.);
#3314=ORIENTED_EDGE('',*,*,#2132,.T.);
#3315=ORIENTED_EDGE('',*,*,#2303,.F.);
#3316=ORIENTED_EDGE('',*,*,#2304,.F.);
#3317=ORIENTED_EDGE('',*,*,#2283,.T.);
#3318=ORIENTED_EDGE('',*,*,#1805,.F.);
#3319=ORIENTED_EDGE('',*,*,#2289,.F.);
#3320=ORIENTED_EDGE('',*,*,#2305,.F.);
#3321=ORIENTED_EDGE('',*,*,#2239,.T.);
#3322=ORIENTED_EDGE('',*,*,#1775,.F.);
#3323=ORIENTED_EDGE('',*,*,#2252,.F.);
#3324=ORIENTED_EDGE('',*,*,#2305,.T.);
#3325=ORIENTED_EDGE('',*,*,#2251,.F.);
#3326=ORIENTED_EDGE('',*,*,#2245,.F.);
#3327=ORIENTED_EDGE('',*,*,#2122,.F.);
#3328=ORIENTED_EDGE('',*,*,#2080,.T.);
#3329=ORIENTED_EDGE('',*,*,#2086,.T.);
#3330=ORIENTED_EDGE('',*,*,#2092,.T.);
#3331=ORIENTED_EDGE('',*,*,#2101,.F.);
#3332=ORIENTED_EDGE('',*,*,#2121,.T.);
#3333=ORIENTED_EDGE('',*,*,#2119,.T.);
#3334=ORIENTED_EDGE('',*,*,#2116,.T.);
#3335=ORIENTED_EDGE('',*,*,#2128,.F.);
#3336=ORIENTED_EDGE('',*,*,#2145,.T.);
#3337=ORIENTED_EDGE('',*,*,#2143,.T.);
#3338=ORIENTED_EDGE('',*,*,#2140,.T.);
#3339=ORIENTED_EDGE('',*,*,#2238,.F.);
#3340=ORIENTED_EDGE('',*,*,#2294,.F.);
#3341=ORIENTED_EDGE('',*,*,#2284,.F.);
#3342=ORIENTED_EDGE('',*,*,#2304,.T.);
#3343=ORIENTED_EDGE('',*,*,#2288,.F.);
#3344=ORIENTED_EDGE('',*,*,#2285,.F.);
#3345=ORIENTED_EDGE('',*,*,#2167,.F.);
#3346=ORIENTED_EDGE('',*,*,#2158,.F.);
#3347=ORIENTED_EDGE('',*,*,#2164,.F.);
#3348=ORIENTED_EDGE('',*,*,#2166,.F.);
#3349=ORIENTED_EDGE('',*,*,#2173,.F.);
#3350=ORIENTED_EDGE('',*,*,#2186,.F.);
#3351=ORIENTED_EDGE('',*,*,#2191,.F.);
#3352=ORIENTED_EDGE('',*,*,#2193,.F.);
#3353=ORIENTED_EDGE('',*,*,#2195,.F.);
#3354=ORIENTED_EDGE('',*,*,#2207,.F.);
#3355=ORIENTED_EDGE('',*,*,#2202,.F.);
#3356=ORIENTED_EDGE('',*,*,#2200,.F.);
#3357=ORIENTED_EDGE('',*,*,#2220,.F.);
#3358=ORIENTED_EDGE('',*,*,#2254,.F.);
#3359=ORIENTED_EDGE('',*,*,#2240,.F.);
#3360=ORIENTED_EDGE('',*,*,#2221,.F.);
#3361=ORIENTED_EDGE('',*,*,#2226,.T.);
#3362=ORIENTED_EDGE('',*,*,#2223,.F.);
#3363=ORIENTED_EDGE('',*,*,#2230,.F.);
#3364=ORIENTED_EDGE('',*,*,#2227,.F.);
#3365=ORIENTED_EDGE('',*,*,#2233,.F.);
#3366=ORIENTED_EDGE('',*,*,#2231,.F.);
#3367=ORIENTED_EDGE('',*,*,#2077,.F.);
#3368=PLANE('',#3684);
#3369=PLANE('',#3701);
#3370=PLANE('',#3702);
#3371=PLANE('',#3703);
#3372=PLANE('',#3704);
#3373=PLANE('',#3705);
#3374=PLANE('',#3706);
#3375=PLANE('',#3707);
#3376=PLANE('',#3708);
#3377=PLANE('',#3709);
#3378=PLANE('',#3710);
#3379=PLANE('',#3711);
#3380=PLANE('',#3712);
#3381=PLANE('',#3713);
#3382=PLANE('',#3714);
#3383=PLANE('',#3715);
#3384=PLANE('',#3716);
#3385=PLANE('',#3717);
#3386=PLANE('',#3718);
#3387=PLANE('',#3719);
#3388=PLANE('',#3720);
#3389=PLANE('',#3721);
#3390=PLANE('',#3722);
#3391=PLANE('',#3723);
#3392=PLANE('',#3724);
#3393=PLANE('',#3725);
#3394=PLANE('',#3726);
#3395=PLANE('',#3727);
#3396=PLANE('',#3728);
#3397=PLANE('',#3729);
#3398=PLANE('',#3730);
#3399=PLANE('',#3731);
#3400=PLANE('',#3732);
#3401=PLANE('',#3733);
#3402=PLANE('',#3734);
#3403=PLANE('',#3735);
#3404=PLANE('',#3736);
#3405=PLANE('',#3737);
#3406=PLANE('',#3738);
#3407=PLANE('',#3739);
#3408=PLANE('',#3740);
#3409=PLANE('',#3741);
#3410=PLANE('',#3742);
#3411=PLANE('',#3743);
#3412=PLANE('',#3744);
#3413=PLANE('',#3749);
#3414=PLANE('',#3750);
#3415=PLANE('',#3752);
#3416=PLANE('',#3759);
#3417=PLANE('',#3760);
#3418=PLANE('',#3769);
#3419=PLANE('',#3770);
#3420=PLANE('',#3772);
#3421=PLANE('',#3775);
#3422=PLANE('',#3776);
#3423=PLANE('',#3777);
#3424=PLANE('',#3778);
#3425=PLANE('',#3779);
#3426=PLANE('',#3783);
#3427=PLANE('',#3785);
#3428=PLANE('',#3788);
#3429=PLANE('',#3791);
#3430=PLANE('',#3792);
#3431=PLANE('',#3801);
#3432=PLANE('',#3802);
#3433=PLANE('',#3804);
#3434=PLANE('',#3807);
#3435=PLANE('',#3808);
#3436=PLANE('',#3809);
#3437=PLANE('',#3810);
#3438=PLANE('',#3811);
#3439=PLANE('',#3820);
#3440=PLANE('',#3821);
#3441=PLANE('',#3823);
#3442=PLANE('',#3826);
#3443=PLANE('',#3827);
#3444=PLANE('',#3828);
#3445=PLANE('',#3829);
#3446=PLANE('',#3830);
#3447=PLANE('',#3831);
#3448=PLANE('',#3836);
#3449=PLANE('',#3837);
#3450=PLANE('',#3839);
#3451=PLANE('',#3846);
#3452=PLANE('',#3847);
#3453=PLANE('',#3850);
#3454=PLANE('',#3853);
#3455=PLANE('',#3856);
#3456=PLANE('',#3859);
#3457=PLANE('',#3860);
#3458=PLANE('',#3861);
#3459=PLANE('',#3862);
#3460=PLANE('',#3863);
#3461=PLANE('',#3864);
#3462=PLANE('',#3868);
#3463=PLANE('',#3870);
#3464=PLANE('',#3876);
#3465=PLANE('',#3880);
#3466=PLANE('',#3882);
#3467=PLANE('',#3888);
#3468=PLANE('',#3892);
#3469=PLANE('',#3897);
#3470=PLANE('',#3899);
#3471=PLANE('',#3900);
#3472=PLANE('',#3901);
#3473=PLANE('',#3902);
#3474=PLANE('',#3908);
#3475=PLANE('',#3909);
#3476=PLANE('',#3915);
#3477=PLANE('',#3916);
#3478=PLANE('',#3918);
#3479=PLANE('',#3919);
#3480=PLANE('',#3920);
#3481=ADVANCED_FACE('',(#275,#175),#3368,.T.);
#3482=ADVANCED_FACE('',(#276),#3369,.F.);
#3483=ADVANCED_FACE('',(#277),#133,.F.);
#3484=ADVANCED_FACE('',(#278),#134,.F.);
#3485=ADVANCED_FACE('',(#279),#135,.F.);
#3486=ADVANCED_FACE('',(#280),#136,.F.);
#3487=ADVANCED_FACE('',(#281),#3370,.F.);
#3488=ADVANCED_FACE('',(#282),#137,.F.);
#3489=ADVANCED_FACE('',(#283),#138,.F.);
#3490=ADVANCED_FACE('',(#284),#139,.F.);
#3491=ADVANCED_FACE('',(#285),#3371,.F.);
#3492=ADVANCED_FACE('',(#286),#3372,.F.);
#3493=ADVANCED_FACE('',(#287),#3373,.F.);
#3494=ADVANCED_FACE('',(#288),#3374,.F.);
#3495=ADVANCED_FACE('',(#289),#3375,.T.);
#3496=ADVANCED_FACE('',(#290),#140,.F.);
#3497=ADVANCED_FACE('',(#291),#141,.F.);
#3498=ADVANCED_FACE('',(#292),#142,.F.);
#3499=ADVANCED_FACE('',(#293),#143,.F.);
#3500=ADVANCED_FACE('',(#294),#144,.F.);
#3501=ADVANCED_FACE('',(#295),#145,.F.);
#3502=ADVANCED_FACE('',(#296),#146,.F.);
#3503=ADVANCED_FACE('',(#297),#147,.F.);
#3504=ADVANCED_FACE('',(#298),#148,.F.);
#3505=ADVANCED_FACE('',(#299),#149,.F.);
#3506=ADVANCED_FACE('',(#300),#150,.F.);
#3507=ADVANCED_FACE('',(#301),#151,.F.);
#3508=ADVANCED_FACE('',(#302),#152,.F.);
#3509=ADVANCED_FACE('',(#303),#153,.F.);
#3510=ADVANCED_FACE('',(#304),#154,.F.);
#3511=ADVANCED_FACE('',(#305),#155,.F.);
#3512=ADVANCED_FACE('',(#306),#156,.F.);
#3513=ADVANCED_FACE('',(#307,#176),#3376,.T.);
#3514=ADVANCED_FACE('',(#308),#3377,.F.);
#3515=ADVANCED_FACE('',(#309),#157,.F.);
#3516=ADVANCED_FACE('',(#310),#158,.F.);
#3517=ADVANCED_FACE('',(#311),#159,.F.);
#3518=ADVANCED_FACE('',(#312),#160,.F.);
#3519=ADVANCED_FACE('',(#313),#161,.F.);
#3520=ADVANCED_FACE('',(#314),#3378,.F.);
#3521=ADVANCED_FACE('',(#315),#3379,.F.);
#3522=ADVANCED_FACE('',(#316),#3380,.F.);
#3523=ADVANCED_FACE('',(#317),#162,.F.);
#3524=ADVANCED_FACE('',(#318),#163,.F.);
#3525=ADVANCED_FACE('',(#319),#164,.F.);
#3526=ADVANCED_FACE('',(#320),#165,.F.);
#3527=ADVANCED_FACE('',(#321),#166,.F.);
#3528=ADVANCED_FACE('',(#322),#3381,.F.);
#3529=ADVANCED_FACE('',(#323),#3382,.F.);
#3530=ADVANCED_FACE('',(#324),#3383,.F.);
#3531=ADVANCED_FACE('',(#325),#3384,.F.);
#3532=ADVANCED_FACE('',(#326),#3385,.T.);
#3533=ADVANCED_FACE('',(#327),#167,.F.);
#3534=ADVANCED_FACE('',(#328),#168,.F.);
#3535=ADVANCED_FACE('',(#329),#169,.F.);
#3536=ADVANCED_FACE('',(#330),#3386,.F.);
#3537=ADVANCED_FACE('',(#331),#3387,.F.);
#3538=ADVANCED_FACE('',(#332),#3388,.F.);
#3539=ADVANCED_FACE('',(#333),#3389,.F.);
#3540=ADVANCED_FACE('',(#334),#3390,.F.);
#3541=ADVANCED_FACE('',(#335),#3391,.F.);
#3542=ADVANCED_FACE('',(#336),#3392,.F.);
#3543=ADVANCED_FACE('',(#337),#3393,.F.);
#3544=ADVANCED_FACE('',(#338),#3394,.F.);
#3545=ADVANCED_FACE('',(#339),#3395,.F.);
#3546=ADVANCED_FACE('',(#340),#3396,.F.);
#3547=ADVANCED_FACE('',(#341),#170,.F.);
#3548=ADVANCED_FACE('',(#342),#171,.F.);
#3549=ADVANCED_FACE('',(#343),#172,.F.);
#3550=ADVANCED_FACE('',(#344),#173,.F.);
#3551=ADVANCED_FACE('',(#345),#3397,.F.);
#3552=ADVANCED_FACE('',(#346),#174,.F.);
#3553=ADVANCED_FACE('',(#347),#3398,.T.);
#3554=ADVANCED_FACE('',(#348),#3399,.F.);
#3555=ADVANCED_FACE('',(#349),#3400,.F.);
#3556=ADVANCED_FACE('',(#350),#3401,.F.);
#3557=ADVANCED_FACE('',(#351),#3402,.F.);
#3558=ADVANCED_FACE('',(#352),#3403,.F.);
#3559=ADVANCED_FACE('',(#353),#3404,.F.);
#3560=ADVANCED_FACE('',(#354),#3405,.F.);
#3561=ADVANCED_FACE('',(#355),#3406,.F.);
#3562=ADVANCED_FACE('',(#356),#3407,.F.);
#3563=ADVANCED_FACE('',(#357),#3408,.F.);
#3564=ADVANCED_FACE('',(#358),#3409,.F.);
#3565=ADVANCED_FACE('',(#359,#177,#178,#179,#180,#181),#3410,.T.);
#3566=ADVANCED_FACE('',(#360),#3411,.T.);
#3567=ADVANCED_FACE('',(#361,#182),#3412,.F.);
#3568=ADVANCED_FACE('',(#362),#15,.T.);
#3569=ADVANCED_FACE('',(#363),#3413,.T.);
#3570=ADVANCED_FACE('',(#364),#3414,.T.);
#3571=ADVANCED_FACE('',(#365,#183),#3415,.F.);
#3572=ADVANCED_FACE('',(#366),#16,.F.);
#3573=ADVANCED_FACE('',(#367),#17,.F.);
#3574=ADVANCED_FACE('',(#368),#3416,.T.);
#3575=ADVANCED_FACE('',(#369),#3417,.T.);
#3576=ADVANCED_FACE('',(#370),#18,.F.);
#3577=ADVANCED_FACE('',(#371),#19,.F.);
#3578=ADVANCED_FACE('',(#372,#184),#3418,.F.);
#3579=ADVANCED_FACE('',(#373),#3419,.T.);
#3580=ADVANCED_FACE('',(#374),#3420,.T.);
#3581=ADVANCED_FACE('',(#375),#20,.T.);
#3582=ADVANCED_FACE('',(#376,#185),#3421,.F.);
#3583=ADVANCED_FACE('',(#377),#3422,.T.);
#3584=ADVANCED_FACE('',(#378),#3423,.T.);
#3585=ADVANCED_FACE('',(#379),#3424,.T.);
#3586=ADVANCED_FACE('',(#380),#3425,.T.);
#3587=ADVANCED_FACE('',(#381),#21,.F.);
#3588=ADVANCED_FACE('',(#382,#186),#3426,.F.);
#3589=ADVANCED_FACE('',(#383),#3427,.T.);
#3590=ADVANCED_FACE('',(#384),#3428,.T.);
#3591=ADVANCED_FACE('',(#385),#22,.T.);
#3592=ADVANCED_FACE('',(#386,#187),#3429,.F.);
#3593=ADVANCED_FACE('',(#387),#3430,.T.);
#3594=ADVANCED_FACE('',(#388),#23,.F.);
#3595=ADVANCED_FACE('',(#389),#24,.F.);
#3596=ADVANCED_FACE('',(#390,#188),#3431,.T.);
#3597=ADVANCED_FACE('',(#391),#3432,.F.);
#3598=ADVANCED_FACE('',(#392),#3433,.F.);
#3599=ADVANCED_FACE('',(#393),#25,.T.);
#3600=ADVANCED_FACE('',(#394,#189),#3434,.T.);
#3601=ADVANCED_FACE('',(#395),#3435,.F.);
#3602=ADVANCED_FACE('',(#396),#3436,.T.);
#3603=ADVANCED_FACE('',(#397),#3437,.T.);
#3604=ADVANCED_FACE('',(#398),#3438,.T.);
#3605=ADVANCED_FACE('',(#399),#26,.F.);
#3606=ADVANCED_FACE('',(#400),#27,.F.);
#3607=ADVANCED_FACE('',(#401,#190),#3439,.T.);
#3608=ADVANCED_FACE('',(#402),#3440,.F.);
#3609=ADVANCED_FACE('',(#403),#3441,.F.);
#3610=ADVANCED_FACE('',(#404),#28,.T.);
#3611=ADVANCED_FACE('',(#405,#191),#3442,.T.);
#3612=ADVANCED_FACE('',(#406),#3443,.F.);
#3613=ADVANCED_FACE('',(#407),#3444,.T.);
#3614=ADVANCED_FACE('',(#408),#3445,.T.);
#3615=ADVANCED_FACE('',(#409),#3446,.F.);
#3616=ADVANCED_FACE('',(#410,#192),#3447,.T.);
#3617=ADVANCED_FACE('',(#411),#29,.T.);
#3618=ADVANCED_FACE('',(#412),#3448,.F.);
#3619=ADVANCED_FACE('',(#413),#3449,.F.);
#3620=ADVANCED_FACE('',(#414,#193),#3450,.T.);
#3621=ADVANCED_FACE('',(#415),#30,.F.);
#3622=ADVANCED_FACE('',(#416),#31,.F.);
#3623=ADVANCED_FACE('',(#417),#3451,.T.);
#3624=ADVANCED_FACE('',(#418),#3452,.T.);
#3625=ADVANCED_FACE('',(#419),#32,.F.);
#3626=ADVANCED_FACE('',(#420),#3453,.T.);
#3627=ADVANCED_FACE('',(#421),#33,.F.);
#3628=ADVANCED_FACE('',(#422),#3454,.T.);
#3629=ADVANCED_FACE('',(#423),#34,.F.);
#3630=ADVANCED_FACE('',(#424),#3455,.T.);
#3631=ADVANCED_FACE('',(#425),#35,.F.);
#3632=ADVANCED_FACE('',(#426),#3456,.T.);
#3633=ADVANCED_FACE('',(#427),#3457,.T.);
#3634=ADVANCED_FACE('',(#428),#3458,.T.);
#3635=ADVANCED_FACE('',(#429),#3459,.T.);
#3636=ADVANCED_FACE('',(#430),#3460,.T.);
#3637=ADVANCED_FACE('',(#431),#3461,.T.);
#3638=ADVANCED_FACE('',(#432),#36,.F.);
#3639=ADVANCED_FACE('',(#433,#194),#3462,.F.);
#3640=ADVANCED_FACE('',(#434,#195),#3463,.F.);
#3641=ADVANCED_FACE('',(#435),#37,.T.);
#3642=ADVANCED_FACE('',(#436),#38,.F.);
#3643=ADVANCED_FACE('',(#437,#196),#3464,.T.);
#3644=ADVANCED_FACE('',(#438),#39,.F.);
#3645=ADVANCED_FACE('',(#439,#197),#3465,.F.);
#3646=ADVANCED_FACE('',(#440,#198),#3466,.F.);
#3647=ADVANCED_FACE('',(#441),#40,.T.);
#3648=ADVANCED_FACE('',(#442),#41,.F.);
#3649=ADVANCED_FACE('',(#443,#199),#3467,.T.);
#3650=ADVANCED_FACE('',(#444),#42,.F.);
#3651=ADVANCED_FACE('',(#445,#200),#3468,.F.);
#3652=ADVANCED_FACE('',(#446),#43,.F.);
#3653=ADVANCED_FACE('',(#447,#201),#3469,.F.);
#3654=ADVANCED_FACE('',(#448),#3470,.T.);
#3655=ADVANCED_FACE('',(#449),#3471,.T.);
#3656=ADVANCED_FACE('',(#450),#3472,.T.);
#3657=ADVANCED_FACE('',(#451),#3473,.T.);
#3658=ADVANCED_FACE('',(#452),#44,.F.);
#3659=ADVANCED_FACE('',(#453),#45,.T.);
#3660=ADVANCED_FACE('',(#454,#202),#3474,.T.);
#3661=ADVANCED_FACE('',(#455,#203),#3475,.F.);
#3662=ADVANCED_FACE('',(#456),#46,.F.);
#3663=ADVANCED_FACE('',(#457),#47,.T.);
#3664=ADVANCED_FACE('',(#458,#204),#3476,.T.);
#3665=ADVANCED_FACE('',(#459,#205),#3477,.F.);
#3666=ADVANCED_FACE('',(#460),#48,.F.);
#3667=ADVANCED_FACE('',(#461),#3478,.T.);
#3668=ADVANCED_FACE('',(#462),#3479,.T.);
#3669=ADVANCED_FACE('',(#463,#206),#3480,.F.);
#3670=CLOSED_SHELL('',(#3481,#3482,#3483,#3484,#3485,#3486,#3487,#3488,
#3489,#3490,#3491,#3492,#3493,#3494,#3495,#3496,#3497,#3498,#3499,#3500,
#3501,#3502,#3503,#3504,#3505,#3506,#3507,#3508,#3509,#3510,#3511,#3512,
#3513,#3514,#3515,#3516,#3517,#3518,#3519,#3520,#3521,#3522,#3523,#3524,
#3525,#3526,#3527,#3528,#3529,#3530,#3531,#3532,#3533,#3534,#3535,#3536,
#3537,#3538,#3539,#3540,#3541,#3542,#3543,#3544,#3545,#3546,#3547,#3548,
#3549,#3550,#3551,#3552,#3553,#3554,#3555,#3556,#3557,#3558,#3559,#3560,
#3561,#3562,#3563,#3564,#3565,#3566,#3567,#3568,#3569,#3570,#3571,#3572,
#3573,#3574,#3575,#3576,#3577,#3578,#3579,#3580,#3581,#3582,#3583,#3584,
#3585,#3586,#3587,#3588,#3589,#3590,#3591,#3592,#3593,#3594,#3595,#3596,
#3597,#3598,#3599,#3600,#3601,#3602,#3603,#3604,#3605,#3606,#3607,#3608,
#3609,#3610,#3611,#3612,#3613,#3614,#3615,#3616,#3617,#3618,#3619,#3620,
#3621,#3622,#3623,#3624,#3625,#3626,#3627,#3628,#3629,#3630,#3631,#3632,
#3633,#3634,#3635,#3636,#3637,#3638,#3639,#3640,#3641,#3642,#3643,#3644,
#3645,#3646,#3647,#3648,#3649,#3650,#3651,#3652,#3653,#3654,#3655,#3656,
#3657,#3658,#3659,#3660,#3661,#3662,#3663,#3664,#3665,#3666,#3667,#3668,
#3669));
#3671=DERIVED_UNIT_ELEMENT(#3673,1.);
#3672=DERIVED_UNIT_ELEMENT(#6548,-3.);
#3673=(
MASS_UNIT()
NAMED_UNIT(*)
SI_UNIT(.KILO.,.GRAM.)
);
#3674=DERIVED_UNIT((#3671,#3672));
#3675=MEASURE_REPRESENTATION_ITEM('density measure',
POSITIVE_RATIO_MEASURE(7850.),#3674);
#3676=PROPERTY_DEFINITION_REPRESENTATION(#3681,#3678);
#3677=PROPERTY_DEFINITION_REPRESENTATION(#3682,#3679);
#3678=REPRESENTATION('material name',(#3680),#6545);
#3679=REPRESENTATION('density',(#3675),#6545);
#3680=DESCRIPTIVE_REPRESENTATION_ITEM('Stahl','Stahl');
#3681=PROPERTY_DEFINITION('material property','material name',#6555);
#3682=PROPERTY_DEFINITION('material property','density of part',#6555);
#3683=AXIS2_PLACEMENT_3D('',#4754,#3921,#3922);
#3684=AXIS2_PLACEMENT_3D('',#4755,#3923,#3924);
#3685=AXIS2_PLACEMENT_3D('',#4770,#3931,#3932);
#3686=AXIS2_PLACEMENT_3D('',#4774,#3934,#3935);
#3687=AXIS2_PLACEMENT_3D('',#4786,#3941,#3942);
#3688=AXIS2_PLACEMENT_3D('',#4790,#3944,#3945);
#3689=AXIS2_PLACEMENT_3D('',#4802,#3951,#3952);
#3690=AXIS2_PLACEMENT_3D('',#4806,#3954,#3955);
#3691=AXIS2_PLACEMENT_3D('',#4830,#3967,#3968);
#3692=AXIS2_PLACEMENT_3D('',#4832,#3969,#3970);
#3693=AXIS2_PLACEMENT_3D('',#4844,#3976,#3977);
#3694=AXIS2_PLACEMENT_3D('',#4848,#3979,#3980);
#3695=AXIS2_PLACEMENT_3D('',#4860,#3986,#3987);
#3696=AXIS2_PLACEMENT_3D('',#4864,#3989,#3990);
#3697=AXIS2_PLACEMENT_3D('',#4878,#3997,#3998);
#3698=AXIS2_PLACEMENT_3D('',#4882,#4000,#4001);
#3699=AXIS2_PLACEMENT_3D('',#4886,#4003,#4004);
#3700=AXIS2_PLACEMENT_3D('',#4889,#4006,#4007);
#3701=AXIS2_PLACEMENT_3D('',#4890,#4008,#4009);
#3702=AXIS2_PLACEMENT_3D('',#4991,#4018,#4019);
#3703=AXIS2_PLACEMENT_3D('',#5066,#4026,#4027);
#3704=AXIS2_PLACEMENT_3D('',#5072,#4031,#4032);
#3705=AXIS2_PLACEMENT_3D('',#5078,#4036,#4037);
#3706=AXIS2_PLACEMENT_3D('',#5084,#4041,#4042);
#3707=AXIS2_PLACEMENT_3D('',#5087,#4045,#4046);
#3708=AXIS2_PLACEMENT_3D('',#5479,#4064,#4065);
#3709=AXIS2_PLACEMENT_3D('',#5480,#4066,#4067);
#3710=AXIS2_PLACEMENT_3D('',#5604,#4077,#4078);
#3711=AXIS2_PLACEMENT_3D('',#5610,#4082,#4083);
#3712=AXIS2_PLACEMENT_3D('',#5616,#4087,#4088);
#3713=AXIS2_PLACEMENT_3D('',#5737,#4097,#4098);
#3714=AXIS2_PLACEMENT_3D('',#5743,#4102,#4103);
#3715=AXIS2_PLACEMENT_3D('',#5749,#4107,#4108);
#3716=AXIS2_PLACEMENT_3D('',#5755,#4112,#4113);
#3717=AXIS2_PLACEMENT_3D('',#5758,#4116,#4117);
#3718=AXIS2_PLACEMENT_3D('',#5831,#4122,#4123);
#3719=AXIS2_PLACEMENT_3D('',#5837,#4127,#4128);
#3720=AXIS2_PLACEMENT_3D('',#5843,#4132,#4133);
#3721=AXIS2_PLACEMENT_3D('',#5849,#4137,#4138);
#3722=AXIS2_PLACEMENT_3D('',#5855,#4142,#4143);
#3723=AXIS2_PLACEMENT_3D('',#5861,#4147,#4148);
#3724=AXIS2_PLACEMENT_3D('',#5867,#4152,#4153);
#3725=AXIS2_PLACEMENT_3D('',#5873,#4157,#4158);
#3726=AXIS2_PLACEMENT_3D('',#5879,#4162,#4163);
#3727=AXIS2_PLACEMENT_3D('',#5885,#4167,#4168);
#3728=AXIS2_PLACEMENT_3D('',#5891,#4172,#4173);
#3729=AXIS2_PLACEMENT_3D('',#5989,#4181,#4182);
#3730=AXIS2_PLACEMENT_3D('',#6015,#4186,#4187);
#3731=AXIS2_PLACEMENT_3D('',#6016,#4188,#4189);
#3732=AXIS2_PLACEMENT_3D('',#6025,#4194,#4195);
#3733=AXIS2_PLACEMENT_3D('',#6031,#4199,#4200);
#3734=AXIS2_PLACEMENT_3D('',#6037,#4204,#4205);
#3735=AXIS2_PLACEMENT_3D('',#6043,#4209,#4210);
#3736=AXIS2_PLACEMENT_3D('',#6049,#4214,#4215);
#3737=AXIS2_PLACEMENT_3D('',#6055,#4219,#4220);
#3738=AXIS2_PLACEMENT_3D('',#6061,#4224,#4225);
#3739=AXIS2_PLACEMENT_3D('',#6067,#4229,#4230);
#3740=AXIS2_PLACEMENT_3D('',#6073,#4234,#4235);
#3741=AXIS2_PLACEMENT_3D('',#6076,#4238,#4239);
#3742=AXIS2_PLACEMENT_3D('',#6077,#4240,#4241);
#3743=AXIS2_PLACEMENT_3D('',#6083,#4245,#4246);
#3744=AXIS2_PLACEMENT_3D('',#6093,#4252,#4253);
#3745=AXIS2_PLACEMENT_3D('',#6095,#4254,#4255);
#3746=AXIS2_PLACEMENT_3D('',#6100,#4258,#4259);
#3747=AXIS2_PLACEMENT_3D('',#6101,#4260,#4261);
#3748=AXIS2_PLACEMENT_3D('',#6103,#4262,#4263);
#3749=AXIS2_PLACEMENT_3D('',#6105,#4265,#4266);
#3750=AXIS2_PLACEMENT_3D('',#6110,#4270,#4271);
#3751=AXIS2_PLACEMENT_3D('',#6111,#4272,#4273);
#3752=AXIS2_PLACEMENT_3D('',#6112,#4274,#4275);
#3753=AXIS2_PLACEMENT_3D('',#6114,#4276,#4277);
#3754=AXIS2_PLACEMENT_3D('',#6116,#4278,#4279);
#3755=AXIS2_PLACEMENT_3D('',#6117,#4280,#4281);
#3756=AXIS2_PLACEMENT_3D('',#6119,#4283,#4284);
#3757=AXIS2_PLACEMENT_3D('',#6121,#4285,#4286);
#3758=AXIS2_PLACEMENT_3D('',#6122,#4287,#4288);
#3759=AXIS2_PLACEMENT_3D('',#6124,#4290,#4291);
#3760=AXIS2_PLACEMENT_3D('',#6128,#4294,#4295);
#3761=AXIS2_PLACEMENT_3D('',#6129,#4296,#4297);
#3762=AXIS2_PLACEMENT_3D('',#6131,#4298,#4299);
#3763=AXIS2_PLACEMENT_3D('',#6132,#4300,#4301);
#3764=AXIS2_PLACEMENT_3D('',#6133,#4302,#4303);
#3765=AXIS2_PLACEMENT_3D('',#6136,#4305,#4306);
#3766=AXIS2_PLACEMENT_3D('',#6137,#4307,#4308);
#3767=AXIS2_PLACEMENT_3D('',#6139,#4309,#4310);
#3768=AXIS2_PLACEMENT_3D('',#6142,#4312,#4313);
#3769=AXIS2_PLACEMENT_3D('',#6143,#4314,#4315);
#3770=AXIS2_PLACEMENT_3D('',#6144,#4316,#4317);
#3771=AXIS2_PLACEMENT_3D('',#6147,#4318,#4319);
#3772=AXIS2_PLACEMENT_3D('',#6150,#4322,#4323);
#3773=AXIS2_PLACEMENT_3D('',#6158,#4328,#4329);
#3774=AXIS2_PLACEMENT_3D('',#6160,#4330,#4331);
#3775=AXIS2_PLACEMENT_3D('',#6162,#4333,#4334);
#3776=AXIS2_PLACEMENT_3D('',#6166,#4337,#4338);
#3777=AXIS2_PLACEMENT_3D('',#6168,#4340,#4341);
#3778=AXIS2_PLACEMENT_3D('',#6178,#4347,#4348);
#3779=AXIS2_PLACEMENT_3D('',#6182,#4351,#4352);
#3780=AXIS2_PLACEMENT_3D('',#6183,#4353,#4354);
#3781=AXIS2_PLACEMENT_3D('',#6185,#4355,#4356);
#3782=AXIS2_PLACEMENT_3D('',#6188,#4358,#4359);
#3783=AXIS2_PLACEMENT_3D('',#6189,#4360,#4361);
#3784=AXIS2_PLACEMENT_3D('',#6191,#4362,#4363);
#3785=AXIS2_PLACEMENT_3D('',#6192,#4364,#4365);
#3786=AXIS2_PLACEMENT_3D('',#6195,#4366,#4367);
#3787=AXIS2_PLACEMENT_3D('',#6197,#4369,#4370);
#3788=AXIS2_PLACEMENT_3D('',#6199,#4372,#4373);
#3789=AXIS2_PLACEMENT_3D('',#6207,#4378,#4379);
#3790=AXIS2_PLACEMENT_3D('',#6209,#4380,#4381);
#3791=AXIS2_PLACEMENT_3D('',#6211,#4383,#4384);
#3792=AXIS2_PLACEMENT_3D('',#6215,#4387,#4388);
#3793=AXIS2_PLACEMENT_3D('',#6217,#4390,#4391);
#3794=AXIS2_PLACEMENT_3D('',#6219,#4392,#4393);
#3795=AXIS2_PLACEMENT_3D('',#6222,#4395,#4396);
#3796=AXIS2_PLACEMENT_3D('',#6223,#4397,#4398);
#3797=AXIS2_PLACEMENT_3D('',#6224,#4399,#4400);
#3798=AXIS2_PLACEMENT_3D('',#6225,#4401,#4402);
#3799=AXIS2_PLACEMENT_3D('',#6227,#4403,#4404);
#3800=AXIS2_PLACEMENT_3D('',#6230,#4406,#4407);
#3801=AXIS2_PLACEMENT_3D('',#6231,#4408,#4409);
#3802=AXIS2_PLACEMENT_3D('',#6232,#4410,#4411);
#3803=AXIS2_PLACEMENT_3D('',#6235,#4412,#4413);
#3804=AXIS2_PLACEMENT_3D('',#6238,#4416,#4417);
#3805=AXIS2_PLACEMENT_3D('',#6246,#4422,#4423);
#3806=AXIS2_PLACEMENT_3D('',#6249,#4425,#4426);
#3807=AXIS2_PLACEMENT_3D('',#6250,#4427,#4428);
#3808=AXIS2_PLACEMENT_3D('',#6254,#4431,#4432);
#3809=AXIS2_PLACEMENT_3D('',#6258,#4435,#4436);
#3810=AXIS2_PLACEMENT_3D('',#6268,#4442,#4443);
#3811=AXIS2_PLACEMENT_3D('',#6272,#4446,#4447);
#3812=AXIS2_PLACEMENT_3D('',#6273,#4448,#4449);
#3813=AXIS2_PLACEMENT_3D('',#6275,#4450,#4451);
#3814=AXIS2_PLACEMENT_3D('',#6278,#4453,#4454);
#3815=AXIS2_PLACEMENT_3D('',#6279,#4455,#4456);
#3816=AXIS2_PLACEMENT_3D('',#6280,#4457,#4458);
#3817=AXIS2_PLACEMENT_3D('',#6281,#4459,#4460);
#3818=AXIS2_PLACEMENT_3D('',#6283,#4461,#4462);
#3819=AXIS2_PLACEMENT_3D('',#6286,#4464,#4465);
#3820=AXIS2_PLACEMENT_3D('',#6287,#4466,#4467);
#3821=AXIS2_PLACEMENT_3D('',#6288,#4468,#4469);
#3822=AXIS2_PLACEMENT_3D('',#6291,#4470,#4471);
#3823=AXIS2_PLACEMENT_3D('',#6294,#4474,#4475);
#3824=AXIS2_PLACEMENT_3D('',#6300,#4479,#4480);
#3825=AXIS2_PLACEMENT_3D('',#6303,#4482,#4483);
#3826=AXIS2_PLACEMENT_3D('',#6304,#4484,#4485);
#3827=AXIS2_PLACEMENT_3D('',#6308,#4488,#4489);
#3828=AXIS2_PLACEMENT_3D('',#6312,#4492,#4493);
#3829=AXIS2_PLACEMENT_3D('',#6316,#4496,#4497);
#3830=AXIS2_PLACEMENT_3D('',#6317,#4498,#4499);
#3831=AXIS2_PLACEMENT_3D('',#6327,#4505,#4506);
#3832=AXIS2_PLACEMENT_3D('',#6329,#4507,#4508);
#3833=AXIS2_PLACEMENT_3D('',#6334,#4511,#4512);
#3834=AXIS2_PLACEMENT_3D('',#6335,#4513,#4514);
#3835=AXIS2_PLACEMENT_3D('',#6337,#4515,#4516);
#3836=AXIS2_PLACEMENT_3D('',#6339,#4518,#4519);
#3837=AXIS2_PLACEMENT_3D('',#6342,#4522,#4523);
#3838=AXIS2_PLACEMENT_3D('',#6343,#4524,#4525);
#3839=AXIS2_PLACEMENT_3D('',#6344,#4526,#4527);
#3840=AXIS2_PLACEMENT_3D('',#6346,#4528,#4529);
#3841=AXIS2_PLACEMENT_3D('',#6348,#4530,#4531);
#3842=AXIS2_PLACEMENT_3D('',#6349,#4532,#4533);
#3843=AXIS2_PLACEMENT_3D('',#6351,#4535,#4536);
#3844=AXIS2_PLACEMENT_3D('',#6354,#4538,#4539);
#3845=AXIS2_PLACEMENT_3D('',#6355,#4540,#4541);
#3846=AXIS2_PLACEMENT_3D('',#6356,#4542,#4543);
#3847=AXIS2_PLACEMENT_3D('',#6366,#4549,#4550);
#3848=AXIS2_PLACEMENT_3D('',#6367,#4551,#4552);
#3849=AXIS2_PLACEMENT_3D('',#6369,#4553,#4554);
#3850=AXIS2_PLACEMENT_3D('',#6371,#4556,#4557);
#3851=AXIS2_PLACEMENT_3D('',#6372,#4558,#4559);
#3852=AXIS2_PLACEMENT_3D('',#6375,#4560,#4561);
#3853=AXIS2_PLACEMENT_3D('',#6378,#4564,#4565);
#3854=AXIS2_PLACEMENT_3D('',#6380,#4567,#4568);
#3855=AXIS2_PLACEMENT_3D('',#6383,#4569,#4570);
#3856=AXIS2_PLACEMENT_3D('',#6386,#4573,#4574);
#3857=AXIS2_PLACEMENT_3D('',#6388,#4576,#4577);
#3858=AXIS2_PLACEMENT_3D('',#6390,#4578,#4579);
#3859=AXIS2_PLACEMENT_3D('',#6392,#4581,#4582);
#3860=AXIS2_PLACEMENT_3D('',#6394,#4584,#4585);
#3861=AXIS2_PLACEMENT_3D('',#6404,#4591,#4592);
#3862=AXIS2_PLACEMENT_3D('',#6416,#4599,#4600);
#3863=AXIS2_PLACEMENT_3D('',#6422,#4604,#4605);
#3864=AXIS2_PLACEMENT_3D('',#6431,#4611,#4612);
#3865=AXIS2_PLACEMENT_3D('',#6434,#4615,#4616);
#3866=AXIS2_PLACEMENT_3D('',#6436,#4617,#4618);
#3867=AXIS2_PLACEMENT_3D('',#6439,#4620,#4621);
#3868=AXIS2_PLACEMENT_3D('',#6440,#4622,#4623);
#3869=AXIS2_PLACEMENT_3D('',#6442,#4624,#4625);
#3870=AXIS2_PLACEMENT_3D('',#6443,#4626,#4627);
#3871=AXIS2_PLACEMENT_3D('',#6444,#4628,#4629);
#3872=AXIS2_PLACEMENT_3D('',#6446,#4630,#4631);
#3873=AXIS2_PLACEMENT_3D('',#6447,#4632,#4633);
#3874=AXIS2_PLACEMENT_3D('',#6448,#4634,#4635);
#3875=AXIS2_PLACEMENT_3D('',#6449,#4636,#4637);
#3876=AXIS2_PLACEMENT_3D('',#6451,#4639,#4640);
#3877=AXIS2_PLACEMENT_3D('',#6452,#4641,#4642);
#3878=AXIS2_PLACEMENT_3D('',#6454,#4643,#4644);
#3879=AXIS2_PLACEMENT_3D('',#6457,#4646,#4647);
#3880=AXIS2_PLACEMENT_3D('',#6458,#4648,#4649);
#3881=AXIS2_PLACEMENT_3D('',#6460,#4650,#4651);
#3882=AXIS2_PLACEMENT_3D('',#6461,#4652,#4653);
#3883=AXIS2_PLACEMENT_3D('',#6462,#4654,#4655);
#3884=AXIS2_PLACEMENT_3D('',#6464,#4656,#4657);
#3885=AXIS2_PLACEMENT_3D('',#6465,#4658,#4659);
#3886=AXIS2_PLACEMENT_3D('',#6466,#4660,#4661);
#3887=AXIS2_PLACEMENT_3D('',#6467,#4662,#4663);
#3888=AXIS2_PLACEMENT_3D('',#6469,#4665,#4666);
#3889=AXIS2_PLACEMENT_3D('',#6470,#4667,#4668);
#3890=AXIS2_PLACEMENT_3D('',#6472,#4669,#4670);
#3891=AXIS2_PLACEMENT_3D('',#6475,#4672,#4673);
#3892=AXIS2_PLACEMENT_3D('',#6476,#4674,#4675);
#3893=AXIS2_PLACEMENT_3D('',#6478,#4676,#4677);
#3894=AXIS2_PLACEMENT_3D('',#6479,#4678,#4679);
#3895=AXIS2_PLACEMENT_3D('',#6481,#4680,#4681);
#3896=AXIS2_PLACEMENT_3D('',#6484,#4683,#4684);
#3897=AXIS2_PLACEMENT_3D('',#6485,#4685,#4686);
#3898=AXIS2_PLACEMENT_3D('',#6487,#4687,#4688);
#3899=AXIS2_PLACEMENT_3D('',#6488,#4689,#4690);
#3900=AXIS2_PLACEMENT_3D('',#6500,#4697,#4698);
#3901=AXIS2_PLACEMENT_3D('',#6506,#4702,#4703);
#3902=AXIS2_PLACEMENT_3D('',#6515,#4709,#4710);
#3903=AXIS2_PLACEMENT_3D('',#6518,#4713,#4714);
#3904=AXIS2_PLACEMENT_3D('',#6520,#4715,#4716);
#3905=AXIS2_PLACEMENT_3D('',#6522,#4718,#4719);
#3906=AXIS2_PLACEMENT_3D('',#6523,#4720,#4721);
#3907=AXIS2_PLACEMENT_3D('',#6524,#4722,#4723);
#3908=AXIS2_PLACEMENT_3D('',#6525,#4724,#4725);
#3909=AXIS2_PLACEMENT_3D('',#6526,#4726,#4727);
#3910=AXIS2_PLACEMENT_3D('',#6527,#4728,#4729);
#3911=AXIS2_PLACEMENT_3D('',#6529,#4730,#4731);
#3912=AXIS2_PLACEMENT_3D('',#6531,#4733,#4734);
#3913=AXIS2_PLACEMENT_3D('',#6532,#4735,#4736);
#3914=AXIS2_PLACEMENT_3D('',#6533,#4737,#4738);
#3915=AXIS2_PLACEMENT_3D('',#6534,#4739,#4740);
#3916=AXIS2_PLACEMENT_3D('',#6535,#4741,#4742);
#3917=AXIS2_PLACEMENT_3D('',#6536,#4743,#4744);
#3918=AXIS2_PLACEMENT_3D('',#6538,#4746,#4747);
#3919=AXIS2_PLACEMENT_3D('',#6540,#4749,#4750);
#3920=AXIS2_PLACEMENT_3D('',#6542,#4752,#4753);
#3921=DIRECTION('axis',(0.,0.,1.));
#3922=DIRECTION('refdir',(1.,0.,0.));
#3923=DIRECTION('center_axis',(0.,0.,-1.));
#3924=DIRECTION('ref_axis',(-1.,0.,0.));
#3925=DIRECTION('',(1.96336776970195E-62,-1.,-2.06356670881412E-16));
#3926=DIRECTION('',(1.,0.,9.51443809068936E-47));
#3927=DIRECTION('',(-8.31793684986055E-32,-1.,0.));
#3928=DIRECTION('',(1.,0.,0.));
#3929=DIRECTION('',(1.96336776970195E-62,1.,-2.06356670881412E-16));
#3930=DIRECTION('',(1.,-1.99680701195128E-15,0.));
#3931=DIRECTION('center_axis',(0.,0.,-1.));
#3932=DIRECTION('ref_axis',(-1.58024466160129E-15,-1.,0.));
#3933=DIRECTION('',(1.,0.,0.));
#3934=DIRECTION('center_axis',(0.,0.,-1.));
#3935=DIRECTION('ref_axis',(-1.58024466160129E-15,-1.,0.));
#3936=DIRECTION('',(1.,-1.99680701195128E-15,0.));
#3937=DIRECTION('',(-1.96336776970195E-62,-1.,2.06356670881412E-16));
#3938=DIRECTION('',(1.,0.,0.));
#3939=DIRECTION('',(1.96336776970195E-62,1.,-2.06356670881412E-16));
#3940=DIRECTION('',(1.,-1.99680701195128E-15,0.));
#3941=DIRECTION('center_axis',(0.,0.,-1.));
#3942=DIRECTION('ref_axis',(-1.58024466160129E-15,-1.,0.));
#3943=DIRECTION('',(1.,0.,0.));
#3944=DIRECTION('center_axis',(0.,0.,-1.));
#3945=DIRECTION('ref_axis',(-1.58024466160129E-15,-1.,0.));
#3946=DIRECTION('',(1.,-1.99680701195128E-15,0.));
#3947=DIRECTION('',(-1.96336776970195E-62,-1.,2.06356670881412E-16));
#3948=DIRECTION('',(1.,0.,0.));
#3949=DIRECTION('',(1.96336776970195E-62,1.,-2.06356670881412E-16));
#3950=DIRECTION('',(1.,-1.99680701195128E-15,0.));
#3951=DIRECTION('center_axis',(0.,0.,-1.));
#3952=DIRECTION('ref_axis',(-1.58024466160129E-15,-1.,0.));
#3953=DIRECTION('',(1.,0.,0.));
#3954=DIRECTION('center_axis',(0.,0.,-1.));
#3955=DIRECTION('ref_axis',(-1.58024466160129E-15,-1.,0.));
#3956=DIRECTION('',(1.,-1.99680701195128E-15,0.));
#3957=DIRECTION('',(-1.96336776970195E-62,-1.,2.06356670881412E-16));
#3958=DIRECTION('',(1.,0.,0.));
#3959=DIRECTION('',(-8.32667268468874E-17,1.,0.));
#3960=DIRECTION('',(1.,0.,9.51443809068936E-47));
#3961=DIRECTION('',(-1.96336776970195E-62,1.,2.06356670881412E-16));
#3962=DIRECTION('',(-1.,0.,-9.51443809068936E-47));
#3963=DIRECTION('',(-8.32667268468874E-17,1.,0.));
#3964=DIRECTION('',(-1.,0.,0.));
#3965=DIRECTION('',(-1.96336776970195E-62,1.,2.06356670881412E-16));
#3966=DIRECTION('',(1.,1.99680701195128E-15,0.));
#3967=DIRECTION('center_axis',(0.,0.,1.));
#3968=DIRECTION('ref_axis',(-1.58024466160129E-15,1.,0.));
#3969=DIRECTION('center_axis',(0.,0.,1.));
#3970=DIRECTION('ref_axis',(-1.58024466160129E-15,1.,0.));
#3971=DIRECTION('',(1.,1.99680701195128E-15,0.));
#3972=DIRECTION('',(1.96336776970195E-62,-1.,-2.06356670881412E-16));
#3973=DIRECTION('',(-1.,0.,0.));
#3974=DIRECTION('',(-1.96336776970195E-62,1.,2.06356670881412E-16));
#3975=DIRECTION('',(1.,1.99680701195128E-15,0.));
#3976=DIRECTION('center_axis',(0.,0.,1.));
#3977=DIRECTION('ref_axis',(-1.58024466160129E-15,1.,0.));
#3978=DIRECTION('',(-1.,0.,0.));
#3979=DIRECTION('center_axis',(0.,0.,1.));
#3980=DIRECTION('ref_axis',(-1.58024466160129E-15,1.,0.));
#3981=DIRECTION('',(1.,1.99680701195128E-15,0.));
#3982=DIRECTION('',(1.96336776970195E-62,-1.,-2.06356670881412E-16));
#3983=DIRECTION('',(-1.,0.,0.));
#3984=DIRECTION('',(-1.96336776970195E-62,1.,2.06356670881412E-16));
#3985=DIRECTION('',(1.,1.99680701195128E-15,0.));
#3986=DIRECTION('center_axis',(0.,0.,1.));
#3987=DIRECTION('ref_axis',(-1.58024466160129E-15,1.,0.));
#3988=DIRECTION('',(-1.,0.,0.));
#3989=DIRECTION('center_axis',(0.,0.,1.));
#3990=DIRECTION('ref_axis',(-1.58024466160129E-15,1.,0.));
#3991=DIRECTION('',(1.,1.99680701195128E-15,0.));
#3992=DIRECTION('',(1.96336776970195E-62,-1.,-2.06356670881412E-16));
#3993=DIRECTION('',(-1.,0.,0.));
#3994=DIRECTION('',(-8.31793684986055E-32,-1.,0.));
#3995=DIRECTION('',(-1.,0.,-9.51443809068936E-47));
#3996=DIRECTION('',(-1.96336776970195E-62,1.,0.));
#3997=DIRECTION('center_axis',(0.,0.,-1.));
#3998=DIRECTION('ref_axis',(-0.707106781186548,-0.707106781186548,0.));
#3999=DIRECTION('',(-1.,0.,0.));
#4000=DIRECTION('center_axis',(0.,0.,-1.));
#4001=DIRECTION('ref_axis',(0.707106781186546,-0.707106781186549,0.));
#4002=DIRECTION('',(1.96336776970195E-62,-1.,0.));
#4003=DIRECTION('center_axis',(0.,0.,-1.));
#4004=DIRECTION('ref_axis',(0.707106781186544,0.707106781186551,0.));
#4005=DIRECTION('',(1.,0.,0.));
#4006=DIRECTION('center_axis',(0.,0.,-1.));
#4007=DIRECTION('ref_axis',(-0.707106781186546,0.707106781186549,0.));
#4008=DIRECTION('center_axis',(0.,-1.,0.));
#4009=DIRECTION('ref_axis',(0.,0.,1.));
#4010=DIRECTION('',(0.,0.,1.));
#4011=DIRECTION('',(-1.,0.,0.));
#4012=DIRECTION('',(0.,0.,1.));
#4013=DIRECTION('',(-1.,0.,0.));
#4014=DIRECTION('',(-1.,0.,0.));
#4015=DIRECTION('',(-1.,0.,0.));
#4016=DIRECTION('',(-1.,0.,0.));
#4017=DIRECTION('',(-1.,0.,0.));
#4018=DIRECTION('center_axis',(0.,-0.937477840832074,0.348044965412276));
#4019=DIRECTION('ref_axis',(0.,0.348044965412276,0.937477840832074));
#4020=DIRECTION('',(-6.83340267497494E-63,0.348044965412276,0.937477840832074));
#4021=DIRECTION('',(-1.,0.,0.));
#4022=DIRECTION('',(0.,0.348044965412276,0.937477840832074));
#4023=DIRECTION('',(-1.,0.,0.));
#4024=DIRECTION('',(-1.,0.,0.));
#4025=DIRECTION('',(-1.,0.,0.));
#4026=DIRECTION('center_axis',(0.,-1.,0.));
#4027=DIRECTION('ref_axis',(0.,0.,1.));
#4028=DIRECTION('',(0.,0.,1.));
#4029=DIRECTION('',(-1.,0.,0.));
#4030=DIRECTION('',(0.,0.,1.));
#4031=DIRECTION('center_axis',(0.,0.,-1.));
#4032=DIRECTION('ref_axis',(0.,-1.,0.));
#4033=DIRECTION('',(1.96336776970195E-62,-1.,0.));
#4034=DIRECTION('',(-1.,0.,0.));
#4035=DIRECTION('',(0.,-1.,0.));
#4036=DIRECTION('center_axis',(0.,1.,0.));
#4037=DIRECTION('ref_axis',(0.,0.,-1.));
#4038=DIRECTION('',(0.,0.,-1.));
#4039=DIRECTION('',(-1.,0.,0.));
#4040=DIRECTION('',(0.,0.,-1.));
#4041=DIRECTION('center_axis',(0.,0.,1.));
#4042=DIRECTION('ref_axis',(0.,1.,0.));
#4043=DIRECTION('',(-1.96336776970195E-62,1.,0.));
#4044=DIRECTION('',(0.,1.,0.));
#4045=DIRECTION('center_axis',(1.,0.,0.));
#4046=DIRECTION('ref_axis',(0.,1.,0.));
#4047=DIRECTION('',(-1.,0.,0.));
#4048=DIRECTION('',(-1.,0.,0.));
#4049=DIRECTION('',(-1.,0.,0.));
#4050=DIRECTION('',(-1.,0.,0.));
#4051=DIRECTION('',(-1.,0.,0.));
#4052=DIRECTION('',(-1.,0.,0.));
#4053=DIRECTION('',(-1.,0.,0.));
#4054=DIRECTION('',(-1.,0.,0.));
#4055=DIRECTION('',(-1.,0.,0.));
#4056=DIRECTION('',(-1.,0.,0.));
#4057=DIRECTION('',(-1.,0.,0.));
#4058=DIRECTION('',(-1.,0.,0.));
#4059=DIRECTION('',(-1.,0.,0.));
#4060=DIRECTION('',(-1.,0.,0.));
#4061=DIRECTION('',(-1.,0.,0.));
#4062=DIRECTION('',(-1.,0.,0.));
#4063=DIRECTION('',(-1.,0.,0.));
#4064=DIRECTION('center_axis',(1.,0.,0.));
#4065=DIRECTION('ref_axis',(0.,1.,0.));
#4066=DIRECTION('center_axis',(0.,-1.,0.));
#4067=DIRECTION('ref_axis',(0.,0.,1.));
#4068=DIRECTION('',(0.,0.,1.));
#4069=DIRECTION('',(-1.,0.,0.));
#4070=DIRECTION('',(0.,0.,1.));
#4071=DIRECTION('',(-1.,0.,0.));
#4072=DIRECTION('',(-1.,0.,0.));
#4073=DIRECTION('',(-1.,0.,0.));
#4074=DIRECTION('',(-1.,0.,0.));
#4075=DIRECTION('',(-1.,0.,0.));
#4076=DIRECTION('',(-1.,0.,0.));
#4077=DIRECTION('center_axis',(0.,1.,0.));
#4078=DIRECTION('ref_axis',(0.,0.,-1.));
#4079=DIRECTION('',(0.,0.,-1.));
#4080=DIRECTION('',(-1.,0.,0.));
#4081=DIRECTION('',(0.,0.,-1.));
#4082=DIRECTION('center_axis',(0.,0.,1.));
#4083=DIRECTION('ref_axis',(0.,1.,0.));
#4084=DIRECTION('',(-1.96336776970195E-62,1.,0.));
#4085=DIRECTION('',(-1.,0.,0.));
#4086=DIRECTION('',(0.,1.,0.));
#4087=DIRECTION('center_axis',(0.,-1.,0.));
#4088=DIRECTION('ref_axis',(0.,0.,1.));
#4089=DIRECTION('',(0.,0.,1.));
#4090=DIRECTION('',(-1.,0.,0.));
#4091=DIRECTION('',(0.,0.,1.));
#4092=DIRECTION('',(-1.,0.,0.));
#4093=DIRECTION('',(-1.,0.,0.));
#4094=DIRECTION('',(-1.,0.,0.));
#4095=DIRECTION('',(-1.,0.,0.));
#4096=DIRECTION('',(-1.,0.,0.));
#4097=DIRECTION('center_axis',(0.,-1.,0.));
#4098=DIRECTION('ref_axis',(0.,0.,1.));
#4099=DIRECTION('',(0.,0.,1.));
#4100=DIRECTION('',(-1.,0.,0.));
#4101=DIRECTION('',(0.,0.,1.));
#4102=DIRECTION('center_axis',(0.,0.,-1.));
#4103=DIRECTION('ref_axis',(0.,-1.,0.));
#4104=DIRECTION('',(1.96336776970195E-62,-1.,0.));
#4105=DIRECTION('',(-1.,0.,0.));
#4106=DIRECTION('',(0.,-1.,0.));
#4107=DIRECTION('center_axis',(0.,1.,0.));
#4108=DIRECTION('ref_axis',(0.,0.,-1.));
#4109=DIRECTION('',(0.,0.,-1.));
#4110=DIRECTION('',(-1.,0.,0.));
#4111=DIRECTION('',(0.,0.,-1.));
#4112=DIRECTION('center_axis',(0.,0.,1.));
#4113=DIRECTION('ref_axis',(0.,1.,0.));
#4114=DIRECTION('',(-1.96336776970195E-62,1.,0.));
#4115=DIRECTION('',(0.,1.,0.));
#4116=DIRECTION('center_axis',(1.,0.,0.));
#4117=DIRECTION('ref_axis',(0.,1.,0.));
#4118=DIRECTION('',(-1.,0.,0.));
#4119=DIRECTION('',(-1.,0.,0.));
#4120=DIRECTION('',(-1.,0.,0.));
#4121=DIRECTION('',(-1.,0.,0.));
#4122=DIRECTION('center_axis',(0.,-1.,0.));
#4123=DIRECTION('ref_axis',(0.,0.,1.));
#4124=DIRECTION('',(0.,0.,1.));
#4125=DIRECTION('',(-1.,0.,0.));
#4126=DIRECTION('',(0.,0.,1.));
#4127=DIRECTION('center_axis',(0.,0.,1.));
#4128=DIRECTION('ref_axis',(0.,1.,0.));
#4129=DIRECTION('',(-1.96336776970195E-62,1.,0.));
#4130=DIRECTION('',(-1.,0.,0.));
#4131=DIRECTION('',(0.,1.,0.));
#4132=DIRECTION('center_axis',(0.,-1.,0.));
#4133=DIRECTION('ref_axis',(0.,0.,1.));
#4134=DIRECTION('',(0.,0.,1.));
#4135=DIRECTION('',(-1.,0.,0.));
#4136=DIRECTION('',(0.,0.,1.));
#4137=DIRECTION('center_axis',(0.,0.,-1.));
#4138=DIRECTION('ref_axis',(0.,-1.,0.));
#4139=DIRECTION('',(1.96336776970195E-62,-1.,0.));
#4140=DIRECTION('',(-1.,0.,0.));
#4141=DIRECTION('',(0.,-1.,0.));
#4142=DIRECTION('center_axis',(0.,-1.,0.));
#4143=DIRECTION('ref_axis',(0.,0.,1.));
#4144=DIRECTION('',(0.,0.,1.));
#4145=DIRECTION('',(-1.,0.,0.));
#4146=DIRECTION('',(0.,0.,1.));
#4147=DIRECTION('center_axis',(0.,0.516604655414167,-0.856224053624056));
#4148=DIRECTION('ref_axis',(0.,-0.856224053624056,-0.516604655414167));
#4149=DIRECTION('',(1.68108271052903E-62,-0.856224053624056,-0.516604655414167));
#4150=DIRECTION('',(-1.,0.,0.));
#4151=DIRECTION('',(0.,-0.856224053624056,-0.516604655414167));
#4152=DIRECTION('center_axis',(0.,1.,0.));
#4153=DIRECTION('ref_axis',(0.,0.,-1.));
#4154=DIRECTION('',(0.,0.,-1.));
#4155=DIRECTION('',(-1.,0.,0.));
#4156=DIRECTION('',(0.,0.,-1.));
#4157=DIRECTION('center_axis',(0.,0.,-1.));
#4158=DIRECTION('ref_axis',(0.,-1.,0.));
#4159=DIRECTION('',(1.96336776970195E-62,-1.,0.));
#4160=DIRECTION('',(-1.,0.,0.));
#4161=DIRECTION('',(0.,-1.,0.));
#4162=DIRECTION('center_axis',(0.,1.,0.));
#4163=DIRECTION('ref_axis',(0.,0.,-1.));
#4164=DIRECTION('',(0.,0.,-1.));
#4165=DIRECTION('',(-1.,0.,0.));
#4166=DIRECTION('',(0.,0.,-1.));
#4167=DIRECTION('center_axis',(0.,0.,1.));
#4168=DIRECTION('ref_axis',(0.,1.,0.));
#4169=DIRECTION('',(-1.96336776970195E-62,1.,0.));
#4170=DIRECTION('',(-1.,0.,0.));
#4171=DIRECTION('',(0.,1.,0.));
#4172=DIRECTION('center_axis',(0.,1.,0.));
#4173=DIRECTION('ref_axis',(0.,0.,-1.));
#4174=DIRECTION('',(0.,0.,-1.));
#4175=DIRECTION('',(-1.,0.,0.));
#4176=DIRECTION('',(0.,0.,-1.));
#4177=DIRECTION('',(-1.,0.,0.));
#4178=DIRECTION('',(-1.,0.,0.));
#4179=DIRECTION('',(-1.,0.,0.));
#4180=DIRECTION('',(-1.,0.,0.));
#4181=DIRECTION('center_axis',(0.,-0.986892235960516,-0.161380651259233));
#4182=DIRECTION('ref_axis',(0.,-0.161380651259233,0.986892235960516));
#4183=DIRECTION('',(3.16849569335889E-63,-0.161380651259233,0.986892235960516));
#4184=DIRECTION('',(-1.,0.,0.));
#4185=DIRECTION('',(0.,-0.161380651259233,0.986892235960516));
#4186=DIRECTION('center_axis',(1.,0.,0.));
#4187=DIRECTION('ref_axis',(0.,1.,0.));
#4188=DIRECTION('center_axis',(0.,-1.,0.));
#4189=DIRECTION('ref_axis',(0.,0.,1.));
#4190=DIRECTION('',(0.,0.,1.));
#4191=DIRECTION('',(-1.,0.,0.));
#4192=DIRECTION('',(0.,0.,1.));
#4193=DIRECTION('',(-1.,0.,0.));
#4194=DIRECTION('center_axis',(0.,0.,1.));
#4195=DIRECTION('ref_axis',(0.,1.,0.));
#4196=DIRECTION('',(-1.96336776970195E-62,1.,0.));
#4197=DIRECTION('',(-1.,0.,0.));
#4198=DIRECTION('',(0.,1.,0.));
#4199=DIRECTION('center_axis',(0.,-1.,0.));
#4200=DIRECTION('ref_axis',(0.,0.,1.));
#4201=DIRECTION('',(0.,0.,1.));
#4202=DIRECTION('',(-1.,0.,0.));
#4203=DIRECTION('',(0.,0.,1.));
#4204=DIRECTION('center_axis',(0.,0.,-1.));
#4205=DIRECTION('ref_axis',(0.,-1.,0.));
#4206=DIRECTION('',(1.96336776970195E-62,-1.,0.));
#4207=DIRECTION('',(-1.,0.,0.));
#4208=DIRECTION('',(0.,-1.,0.));
#4209=DIRECTION('center_axis',(0.,-1.,0.));
#4210=DIRECTION('ref_axis',(0.,0.,1.));
#4211=DIRECTION('',(0.,0.,1.));
#4212=DIRECTION('',(-1.,0.,0.));
#4213=DIRECTION('',(0.,0.,1.));
#4214=DIRECTION('center_axis',(0.,0.,1.));
#4215=DIRECTION('ref_axis',(0.,1.,0.));
#4216=DIRECTION('',(-1.96336776970195E-62,1.,0.));
#4217=DIRECTION('',(-1.,0.,0.));
#4218=DIRECTION('',(0.,1.,0.));
#4219=DIRECTION('center_axis',(0.,-1.,0.));
#4220=DIRECTION('ref_axis',(0.,0.,1.));
#4221=DIRECTION('',(0.,0.,1.));
#4222=DIRECTION('',(-1.,0.,0.));
#4223=DIRECTION('',(0.,0.,1.));
#4224=DIRECTION('center_axis',(0.,0.,-1.));
#4225=DIRECTION('ref_axis',(0.,-1.,0.));
#4226=DIRECTION('',(1.96336776970195E-62,-1.,0.));
#4227=DIRECTION('',(-1.,0.,0.));
#4228=DIRECTION('',(0.,-1.,0.));
#4229=DIRECTION('center_axis',(0.,1.,0.));
#4230=DIRECTION('ref_axis',(0.,0.,-1.));
#4231=DIRECTION('',(0.,0.,-1.));
#4232=DIRECTION('',(-1.,0.,0.));
#4233=DIRECTION('',(0.,0.,-1.));
#4234=DIRECTION('center_axis',(0.,0.,1.));
#4235=DIRECTION('ref_axis',(0.,1.,0.));
#4236=DIRECTION('',(-1.96336776970195E-62,1.,0.));
#4237=DIRECTION('',(0.,1.,0.));
#4238=DIRECTION('center_axis',(-1.,0.,0.));
#4239=DIRECTION('ref_axis',(0.,0.,1.));
#4240=DIRECTION('center_axis',(1.,1.96336776970195E-62,0.));
#4241=DIRECTION('ref_axis',(1.96336776970195E-62,-1.,-2.06356670881412E-16));
#4242=DIRECTION('',(0.,0.,-1.));
#4243=DIRECTION('',(-1.96336776970195E-62,1.,2.06356670881412E-16));
#4244=DIRECTION('',(0.,0.,1.));
#4245=DIRECTION('center_axis',(1.,1.96336776970195E-62,0.));
#4246=DIRECTION('ref_axis',(1.96336776970195E-62,-1.,-2.06356670881412E-16));
#4247=DIRECTION('',(8.96754610954745E-63,-0.456743064031695,0.889598658642727));
#4248=DIRECTION('',(-1.96336776970195E-62,1.,2.06356670881412E-16));
#4249=DIRECTION('',(0.,0.,1.));
#4250=DIRECTION('',(9.00766867363653E-32,-0.456743064031695,0.889598658642727));
#4251=DIRECTION('',(1.74660933434922E-62,-0.889598658642725,-0.456743064031698));
#4252=DIRECTION('center_axis',(0.,-0.889598658642727,-0.456743064031695));
#4253=DIRECTION('ref_axis',(0.,0.456743064031695,-0.889598658642727));
#4254=DIRECTION('center_axis',(0.,-0.889598658642727,-0.456743064031695));
#4255=DIRECTION('ref_axis',(-0.707106781186548,0.322966117836733,-0.629041244060729));
#4256=DIRECTION('',(-8.96754610954745E-63,0.456743064031695,-0.889598658642727));
#4257=DIRECTION('',(1.,-4.88495971060877E-47,9.51443809068936E-47));
#4258=DIRECTION('center_axis',(0.,-0.889598658642727,-0.456743064031695));
#4259=DIRECTION('ref_axis',(0.,-0.456743064031695,0.889598658642727));
#4260=DIRECTION('center_axis',(1.74660933434922E-62,-0.889598658642725,
-0.456743064031698));
#4261=DIRECTION('ref_axis',(-0.707106781186548,0.322966117836735,-0.629041244060727));
#4262=DIRECTION('center_axis',(-1.77635683940025E-15,0.889598658642725,
0.456743064031698));
#4263=DIRECTION('ref_axis',(0.707106781186546,0.322966117836737,-0.629041244060728));
#4264=DIRECTION('',(-1.74660933434922E-62,0.889598658642725,0.456743064031698));
#4265=DIRECTION('center_axis',(-1.,-1.96336776970195E-62,0.));
#4266=DIRECTION('ref_axis',(-1.96336776970195E-62,1.,2.06356670881412E-16));
#4267=DIRECTION('',(-9.00766867363653E-32,0.456743064031695,-0.889598658642727));
#4268=DIRECTION('',(0.,0.,-1.));
#4269=DIRECTION('',(1.96336776970195E-62,-1.,-2.06356670881412E-16));
#4270=DIRECTION('center_axis',(1.77635683940025E-15,-0.889598658642725,
-0.456743064031698));
#4271=DIRECTION('ref_axis',(0.,0.456743064031698,-0.889598658642725));
#4272=DIRECTION('center_axis',(-1.77635683940025E-15,0.889598658642725,
0.456743064031698));
#4273=DIRECTION('ref_axis',(0.,0.456743064031698,-0.889598658642725));
#4274=DIRECTION('center_axis',(-1.77635683940025E-15,0.889598658642725,
0.456743064031698));
#4275=DIRECTION('ref_axis',(0.,0.456743064031698,-0.889598658642725));
#4276=DIRECTION('center_axis',(-1.77635683940025E-15,0.889598658642725,
0.456743064031698));
#4277=DIRECTION('ref_axis',(0.,0.456743064031698,-0.889598658642725));
#4278=DIRECTION('center_axis',(1.77635683940025E-15,-0.889598658642725,
-0.456743064031698));
#4279=DIRECTION('ref_axis',(6.31088724176809E-30,-0.456743064031698,0.889598658642725));
#4280=DIRECTION('center_axis',(0.,-0.889598658642727,-0.456743064031695));
#4281=DIRECTION('ref_axis',(0.,-0.456743064031695,0.889598658642727));
#4282=DIRECTION('',(0.,-0.889598658642727,-0.456743064031695));
#4283=DIRECTION('center_axis',(-1.77635683940025E-15,0.889598658642725,
0.456743064031698));
#4284=DIRECTION('ref_axis',(0.,0.456743064031698,-0.889598658642725));
#4285=DIRECTION('center_axis',(0.,1.,0.));
#4286=DIRECTION('ref_axis',(8.11338665641333E-16,0.,-1.));
#4287=DIRECTION('center_axis',(0.,1.,0.));
#4288=DIRECTION('ref_axis',(8.11338665641333E-16,0.,-1.));
#4289=DIRECTION('',(-1.77635683940025E-15,0.889598658642725,0.456743064031698));
#4290=DIRECTION('center_axis',(0.,1.,0.));
#4291=DIRECTION('ref_axis',(1.,0.,9.51443809068936E-47));
#4292=DIRECTION('',(0.,0.,1.));
#4293=DIRECTION('',(1.,0.,9.51443809068936E-47));
#4294=DIRECTION('center_axis',(0.,1.,0.));
#4295=DIRECTION('ref_axis',(1.,0.,9.51443809068936E-47));
#4296=DIRECTION('center_axis',(-1.77635683940025E-15,0.889598658642725,
0.456743064031698));
#4297=DIRECTION('ref_axis',(0.,0.456743064031698,-0.889598658642725));
#4298=DIRECTION('center_axis',(0.,1.,0.));
#4299=DIRECTION('ref_axis',(8.11338665641333E-16,0.,-1.));
#4300=DIRECTION('center_axis',(-1.77635683940025E-15,0.889598658642725,
0.456743064031698));
#4301=DIRECTION('ref_axis',(0.,0.456743064031698,-0.889598658642725));
#4302=DIRECTION('center_axis',(0.,1.,0.));
#4303=DIRECTION('ref_axis',(8.11338665641333E-16,0.,-1.));
#4304=DIRECTION('',(-1.77635683940025E-15,0.889598658642725,0.456743064031698));
#4305=DIRECTION('center_axis',(-1.77635683940025E-15,0.889598658642725,
0.456743064031698));
#4306=DIRECTION('ref_axis',(0.,0.456743064031698,-0.889598658642725));
#4307=DIRECTION('center_axis',(0.,-0.889598658642727,-0.456743064031695));
#4308=DIRECTION('ref_axis',(0.,-0.456743064031695,0.889598658642727));
#4309=DIRECTION('center_axis',(0.,-0.889598658642727,-0.456743064031695));
#4310=DIRECTION('ref_axis',(0.,-0.456743064031695,0.889598658642727));
#4311=DIRECTION('',(0.,-0.889598658642727,-0.456743064031695));
#4312=DIRECTION('center_axis',(1.77635683940025E-15,-0.889598658642725,
-0.456743064031698));
#4313=DIRECTION('ref_axis',(6.31088724176809E-30,-0.456743064031698,0.889598658642725));
#4314=DIRECTION('center_axis',(-1.77635683940025E-15,0.889598658642725,
0.456743064031698));
#4315=DIRECTION('ref_axis',(0.,0.456743064031698,-0.889598658642725));
#4316=DIRECTION('center_axis',(1.77635683940025E-15,-0.889598658642725,
-0.456743064031698));
#4317=DIRECTION('ref_axis',(0.,0.456743064031698,-0.889598658642725));
#4318=DIRECTION('center_axis',(-1.77635683940025E-15,0.889598658642725,
0.456743064031698));
#4319=DIRECTION('ref_axis',(0.707106781186546,0.322966117836737,-0.629041244060728));
#4320=DIRECTION('',(9.00766867363653E-32,-0.456743064031695,0.889598658642727));
#4321=DIRECTION('',(-9.00766867363653E-32,0.456743064031695,-0.889598658642727));
#4322=DIRECTION('center_axis',(-1.,-1.96336776970195E-62,0.));
#4323=DIRECTION('ref_axis',(-1.96336776970195E-62,1.,2.06356670881412E-16));
#4324=DIRECTION('',(-8.96754610954745E-63,0.456743064031695,-0.889598658642727));
#4325=DIRECTION('',(-1.74660933434922E-62,0.889598658642725,0.456743064031698));
#4326=DIRECTION('',(0.,0.,-1.));
#4327=DIRECTION('',(1.96336776970195E-62,-1.,-2.06356670881412E-16));
#4328=DIRECTION('center_axis',(1.74660933434922E-62,-0.889598658642725,
-0.456743064031698));
#4329=DIRECTION('ref_axis',(-0.707106781186548,0.322966117836735,-0.629041244060727));
#4330=DIRECTION('center_axis',(0.,-0.889598658642727,-0.456743064031695));
#4331=DIRECTION('ref_axis',(-0.707106781186548,0.322966117836733,-0.629041244060729));
#4332=DIRECTION('',(1.74660933434922E-62,-0.889598658642725,-0.456743064031698));
#4333=DIRECTION('center_axis',(0.,-0.889598658642727,-0.456743064031695));
#4334=DIRECTION('ref_axis',(0.,0.456743064031695,-0.889598658642727));
#4335=DIRECTION('',(1.,-4.88495971060877E-47,9.51443809068936E-47));
#4336=DIRECTION('',(8.96754610954745E-63,-0.456743064031695,0.889598658642727));
#4337=DIRECTION('center_axis',(1.,1.96336776970195E-62,0.));
#4338=DIRECTION('ref_axis',(1.96336776970195E-62,-1.,-2.06356670881412E-16));
#4339=DIRECTION('',(-1.96336776970195E-62,1.,2.06356670881412E-16));
#4340=DIRECTION('center_axis',(0.,1.,0.));
#4341=DIRECTION('ref_axis',(1.,0.,9.51443809068936E-47));
#4342=DIRECTION('',(1.,0.,9.51443809068936E-47));
#4343=DIRECTION('',(-0.451253357985853,0.,0.892395880148766));
#4344=DIRECTION('',(0.805393275139745,-3.00222453186504E-16,-0.592740813812981));
#4345=DIRECTION('',(-0.59274081381298,0.,-0.805393275139745));
#4346=DIRECTION('',(-0.805393275139745,0.,0.592740813812981));
#4347=DIRECTION('center_axis',(0.,1.,0.));
#4348=DIRECTION('ref_axis',(1.,0.,9.51443809068936E-47));
#4349=DIRECTION('',(0.,0.,1.));
#4350=DIRECTION('',(1.,0.,9.51443809068936E-47));
#4351=DIRECTION('center_axis',(0.,1.,0.));
#4352=DIRECTION('ref_axis',(1.,0.,9.51443809068936E-47));
#4353=DIRECTION('center_axis',(0.,-0.889598658642727,-0.456743064031695));
#4354=DIRECTION('ref_axis',(0.,-0.456743064031695,0.889598658642727));
#4355=DIRECTION('center_axis',(0.,-0.889598658642727,-0.456743064031695));
#4356=DIRECTION('ref_axis',(0.,-0.456743064031695,0.889598658642727));
#4357=DIRECTION('',(0.,-0.889598658642727,-0.456743064031695));
#4358=DIRECTION('center_axis',(1.77635683940025E-15,-0.889598658642725,
-0.456743064031698));
#4359=DIRECTION('ref_axis',(6.31088724176809E-30,-0.456743064031698,0.889598658642725));
#4360=DIRECTION('center_axis',(-1.77635683940025E-15,0.889598658642725,
0.456743064031698));
#4361=DIRECTION('ref_axis',(0.,0.456743064031698,-0.889598658642725));
#4362=DIRECTION('center_axis',(-1.77635683940025E-15,0.889598658642725,
0.456743064031698));
#4363=DIRECTION('ref_axis',(0.,0.456743064031698,-0.889598658642725));
#4364=DIRECTION('center_axis',(1.77635683940025E-15,-0.889598658642725,
-0.456743064031698));
#4365=DIRECTION('ref_axis',(0.,0.456743064031698,-0.889598658642725));
#4366=DIRECTION('center_axis',(-1.77635683940025E-15,0.889598658642725,
0.456743064031698));
#4367=DIRECTION('ref_axis',(0.707106781186546,0.322966117836737,-0.629041244060728));
#4368=DIRECTION('',(9.00766867363653E-32,-0.456743064031695,0.889598658642727));
#4369=DIRECTION('center_axis',(-1.77635683940025E-15,0.889598658642725,
0.456743064031698));
#4370=DIRECTION('ref_axis',(0.,0.456743064031698,-0.889598658642725));
#4371=DIRECTION('',(-9.00766867363653E-32,0.456743064031695,-0.889598658642727));
#4372=DIRECTION('center_axis',(-1.,-1.96336776970195E-62,0.));
#4373=DIRECTION('ref_axis',(-1.96336776970195E-62,1.,2.06356670881412E-16));
#4374=DIRECTION('',(-8.96754610954745E-63,0.456743064031695,-0.889598658642727));
#4375=DIRECTION('',(-1.74660933434922E-62,0.889598658642725,0.456743064031698));
#4376=DIRECTION('',(0.,0.,-1.));
#4377=DIRECTION('',(1.96336776970195E-62,-1.,-2.06356670881412E-16));
#4378=DIRECTION('center_axis',(1.74660933434922E-62,-0.889598658642725,
-0.456743064031698));
#4379=DIRECTION('ref_axis',(-0.707106781186548,0.322966117836735,-0.629041244060727));
#4380=DIRECTION('center_axis',(0.,-0.889598658642727,-0.456743064031695));
#4381=DIRECTION('ref_axis',(-0.707106781186548,0.322966117836733,-0.629041244060729));
#4382=DIRECTION('',(1.74660933434922E-62,-0.889598658642725,-0.456743064031698));
#4383=DIRECTION('center_axis',(0.,-0.889598658642727,-0.456743064031695));
#4384=DIRECTION('ref_axis',(0.,0.456743064031695,-0.889598658642727));
#4385=DIRECTION('',(1.,-4.88495971060877E-47,9.51443809068936E-47));
#4386=DIRECTION('',(8.96754610954745E-63,-0.456743064031695,0.889598658642727));
#4387=DIRECTION('center_axis',(1.,1.96336776970195E-62,0.));
#4388=DIRECTION('ref_axis',(1.96336776970195E-62,-1.,-2.06356670881412E-16));
#4389=DIRECTION('',(-1.96336776970195E-62,1.,2.06356670881412E-16));
#4390=DIRECTION('center_axis',(1.77635683940025E-15,0.889598658642725,-0.456743064031698));
#4391=DIRECTION('ref_axis',(0.,-0.456743064031698,-0.889598658642725));
#4392=DIRECTION('center_axis',(1.77635683940025E-15,0.889598658642725,-0.456743064031698));
#4393=DIRECTION('ref_axis',(0.,-0.456743064031698,-0.889598658642725));
#4394=DIRECTION('',(1.77635683940025E-15,0.889598658642725,-0.456743064031698));
#4395=DIRECTION('center_axis',(0.,-1.,0.));
#4396=DIRECTION('ref_axis',(8.11338665641333E-16,0.,-1.));
#4397=DIRECTION('center_axis',(1.77635683940025E-15,0.889598658642725,-0.456743064031698));
#4398=DIRECTION('ref_axis',(0.,-0.456743064031698,-0.889598658642725));
#4399=DIRECTION('center_axis',(0.,-1.,0.));
#4400=DIRECTION('ref_axis',(8.11338665641333E-16,0.,-1.));
#4401=DIRECTION('center_axis',(0.,-0.889598658642727,0.456743064031695));
#4402=DIRECTION('ref_axis',(0.,0.456743064031695,0.889598658642727));
#4403=DIRECTION('center_axis',(-1.77635683940025E-15,-0.889598658642725,
0.456743064031698));
#4404=DIRECTION('ref_axis',(6.31088724176809E-30,0.456743064031698,0.889598658642725));
#4405=DIRECTION('',(0.,-0.889598658642727,0.456743064031695));
#4406=DIRECTION('center_axis',(0.,-0.889598658642727,0.456743064031695));
#4407=DIRECTION('ref_axis',(0.,0.456743064031695,0.889598658642727));
#4408=DIRECTION('center_axis',(1.77635683940025E-15,0.889598658642725,-0.456743064031698));
#4409=DIRECTION('ref_axis',(0.,-0.456743064031698,-0.889598658642725));
#4410=DIRECTION('center_axis',(-1.77635683940025E-15,-0.889598658642725,
0.456743064031698));
#4411=DIRECTION('ref_axis',(0.,-0.456743064031698,-0.889598658642725));
#4412=DIRECTION('center_axis',(1.77635683940025E-15,0.889598658642725,-0.456743064031698));
#4413=DIRECTION('ref_axis',(0.707106781186546,-0.322966117836737,-0.629041244060728));
#4414=DIRECTION('',(-9.00766867363653E-32,-0.456743064031695,-0.889598658642727));
#4415=DIRECTION('',(9.00766867363653E-32,0.456743064031695,0.889598658642727));
#4416=DIRECTION('center_axis',(1.,-1.96336776970195E-62,0.));
#4417=DIRECTION('ref_axis',(-1.96336776970195E-62,-1.,2.06356670881412E-16));
#4418=DIRECTION('',(-8.96754610954745E-63,-0.456743064031695,-0.889598658642727));
#4419=DIRECTION('',(1.96336776970195E-62,1.,-2.06356670881412E-16));
#4420=DIRECTION('',(0.,0.,1.));
#4421=DIRECTION('',(-1.74660933434922E-62,-0.889598658642725,0.456743064031698));
#4422=DIRECTION('center_axis',(-1.74660933434922E-62,-0.889598658642725,
0.456743064031698));
#4423=DIRECTION('ref_axis',(-0.707106781186548,-0.322966117836735,-0.629041244060727));
#4424=DIRECTION('',(1.74660933434922E-62,0.889598658642725,-0.456743064031698));
#4425=DIRECTION('center_axis',(0.,-0.889598658642727,0.456743064031695));
#4426=DIRECTION('ref_axis',(-0.707106781186548,-0.322966117836733,-0.629041244060729));
#4427=DIRECTION('center_axis',(0.,-0.889598658642727,0.456743064031695));
#4428=DIRECTION('ref_axis',(0.,-0.456743064031695,-0.889598658642727));
#4429=DIRECTION('',(8.96754610954745E-63,0.456743064031695,0.889598658642727));
#4430=DIRECTION('',(1.,4.88495971060877E-47,9.51443809068936E-47));
#4431=DIRECTION('center_axis',(-1.,1.96336776970195E-62,0.));
#4432=DIRECTION('ref_axis',(1.96336776970195E-62,1.,-2.06356670881412E-16));
#4433=DIRECTION('',(0.,0.,-1.));
#4434=DIRECTION('',(-1.96336776970195E-62,-1.,2.06356670881412E-16));
#4435=DIRECTION('center_axis',(0.,-1.,0.));
#4436=DIRECTION('ref_axis',(-1.,0.,-9.51443809068936E-47));
#4437=DIRECTION('',(-1.,0.,-9.51443809068936E-47));
#4438=DIRECTION('',(0.471857925532023,0.,0.881674598767944));
#4439=DIRECTION('',(-0.832050294337844,0.,-0.554700196225229));
#4440=DIRECTION('',(0.554700196225229,0.,-0.832050294337844));
#4441=DIRECTION('',(-0.832050294337844,0.,-0.554700196225229));
#4442=DIRECTION('center_axis',(0.,-1.,0.));
#4443=DIRECTION('ref_axis',(-1.,0.,-9.51443809068936E-47));
#4444=DIRECTION('',(0.,0.,1.));
#4445=DIRECTION('',(-1.,0.,-9.51443809068936E-47));
#4446=DIRECTION('center_axis',(0.,-1.,0.));
#4447=DIRECTION('ref_axis',(-1.,0.,-9.51443809068936E-47));
#4448=DIRECTION('center_axis',(1.77635683940025E-15,0.889598658642725,-0.456743064031698));
#4449=DIRECTION('ref_axis',(0.,-0.456743064031698,-0.889598658642725));
#4450=DIRECTION('center_axis',(1.77635683940025E-15,0.889598658642725,-0.456743064031698));
#4451=DIRECTION('ref_axis',(0.,-0.456743064031698,-0.889598658642725));
#4452=DIRECTION('',(1.77635683940025E-15,0.889598658642725,-0.456743064031698));
#4453=DIRECTION('center_axis',(0.,-1.,0.));
#4454=DIRECTION('ref_axis',(8.11338665641333E-16,0.,-1.));
#4455=DIRECTION('center_axis',(1.77635683940025E-15,0.889598658642725,-0.456743064031698));
#4456=DIRECTION('ref_axis',(0.,-0.456743064031698,-0.889598658642725));
#4457=DIRECTION('center_axis',(0.,-1.,0.));
#4458=DIRECTION('ref_axis',(8.11338665641333E-16,0.,-1.));
#4459=DIRECTION('center_axis',(0.,-0.889598658642727,0.456743064031695));
#4460=DIRECTION('ref_axis',(0.,0.456743064031695,0.889598658642727));
#4461=DIRECTION('center_axis',(-1.77635683940025E-15,-0.889598658642725,
0.456743064031698));
#4462=DIRECTION('ref_axis',(6.31088724176809E-30,0.456743064031698,0.889598658642725));
#4463=DIRECTION('',(0.,-0.889598658642727,0.456743064031695));
#4464=DIRECTION('center_axis',(0.,-0.889598658642727,0.456743064031695));
#4465=DIRECTION('ref_axis',(0.,0.456743064031695,0.889598658642727));
#4466=DIRECTION('center_axis',(1.77635683940025E-15,0.889598658642725,-0.456743064031698));
#4467=DIRECTION('ref_axis',(0.,-0.456743064031698,-0.889598658642725));
#4468=DIRECTION('center_axis',(-1.77635683940025E-15,-0.889598658642725,
0.456743064031698));
#4469=DIRECTION('ref_axis',(0.,-0.456743064031698,-0.889598658642725));
#4470=DIRECTION('center_axis',(1.77635683940025E-15,0.889598658642725,-0.456743064031698));
#4471=DIRECTION('ref_axis',(0.707106781186546,-0.322966117836737,-0.629041244060728));
#4472=DIRECTION('',(-9.00766867363653E-32,-0.456743064031695,-0.889598658642727));
#4473=DIRECTION('',(9.00766867363653E-32,0.456743064031695,0.889598658642727));
#4474=DIRECTION('center_axis',(1.,-1.96336776970195E-62,0.));
#4475=DIRECTION('ref_axis',(-1.96336776970195E-62,-1.,2.06356670881412E-16));
#4476=DIRECTION('',(-8.96754610954745E-63,-0.456743064031695,-0.889598658642727));
#4477=DIRECTION('',(1.96336776970195E-62,1.,-2.06356670881412E-16));
#4478=DIRECTION('',(-1.74660933434922E-62,-0.889598658642725,0.456743064031698));
#4479=DIRECTION('center_axis',(-1.74660933434922E-62,-0.889598658642725,
0.456743064031698));
#4480=DIRECTION('ref_axis',(-0.707106781186548,-0.322966117836735,-0.629041244060727));
#4481=DIRECTION('',(1.74660933434922E-62,0.889598658642725,-0.456743064031698));
#4482=DIRECTION('center_axis',(0.,-0.889598658642727,0.456743064031695));
#4483=DIRECTION('ref_axis',(-0.707106781186548,-0.322966117836733,-0.629041244060729));
#4484=DIRECTION('center_axis',(0.,-0.889598658642727,0.456743064031695));
#4485=DIRECTION('ref_axis',(0.,-0.456743064031695,-0.889598658642727));
#4486=DIRECTION('',(8.96754610954745E-63,0.456743064031695,0.889598658642727));
#4487=DIRECTION('',(1.,4.88495971060877E-47,9.51443809068936E-47));
#4488=DIRECTION('center_axis',(-1.,1.96336776970195E-62,0.));
#4489=DIRECTION('ref_axis',(1.96336776970195E-62,1.,-2.06356670881412E-16));
#4490=DIRECTION('',(0.,0.,-1.));
#4491=DIRECTION('',(-1.96336776970195E-62,-1.,2.06356670881412E-16));
#4492=DIRECTION('center_axis',(0.,-1.,0.));
#4493=DIRECTION('ref_axis',(-1.,0.,-9.51443809068936E-47));
#4494=DIRECTION('',(0.,0.,1.));
#4495=DIRECTION('',(-1.,0.,-9.51443809068936E-47));
#4496=DIRECTION('center_axis',(0.,-1.,0.));
#4497=DIRECTION('ref_axis',(-1.,0.,-9.51443809068936E-47));
#4498=DIRECTION('center_axis',(-1.,1.96336776970195E-62,0.));
#4499=DIRECTION('ref_axis',(1.96336776970195E-62,1.,-2.06356670881412E-16));
#4500=DIRECTION('',(8.96754610954745E-63,0.456743064031695,0.889598658642727));
#4501=DIRECTION('',(1.74660933434922E-62,0.889598658642725,-0.456743064031698));
#4502=DIRECTION('',(9.00766867363653E-32,0.456743064031695,0.889598658642727));
#4503=DIRECTION('',(0.,0.,-1.));
#4504=DIRECTION('',(-1.96336776970195E-62,-1.,2.06356670881412E-16));
#4505=DIRECTION('center_axis',(0.,-0.889598658642727,0.456743064031695));
#4506=DIRECTION('ref_axis',(0.,-0.456743064031695,-0.889598658642727));
#4507=DIRECTION('center_axis',(0.,-0.889598658642727,0.456743064031695));
#4508=DIRECTION('ref_axis',(-0.707106781186548,-0.322966117836733,-0.629041244060729));
#4509=DIRECTION('',(1.,4.88495971060877E-47,9.51443809068936E-47));
#4510=DIRECTION('',(-8.96754610954745E-63,-0.456743064031695,-0.889598658642727));
#4511=DIRECTION('center_axis',(0.,-0.889598658642727,0.456743064031695));
#4512=DIRECTION('ref_axis',(0.,0.456743064031695,0.889598658642727));
#4513=DIRECTION('center_axis',(-1.74660933434922E-62,-0.889598658642725,
0.456743064031698));
#4514=DIRECTION('ref_axis',(-0.707106781186548,-0.322966117836735,-0.629041244060727));
#4515=DIRECTION('center_axis',(1.77635683940025E-15,0.889598658642725,-0.456743064031698));
#4516=DIRECTION('ref_axis',(0.707106781186546,-0.322966117836737,-0.629041244060728));
#4517=DIRECTION('',(-1.74660933434922E-62,-0.889598658642725,0.456743064031698));
#4518=DIRECTION('center_axis',(1.,-1.96336776970195E-62,0.));
#4519=DIRECTION('ref_axis',(-1.96336776970195E-62,-1.,2.06356670881412E-16));
#4520=DIRECTION('',(1.96336776970195E-62,1.,-2.06356670881412E-16));
#4521=DIRECTION('',(-9.00766867363653E-32,-0.456743064031695,-0.889598658642727));
#4522=DIRECTION('center_axis',(-1.77635683940025E-15,-0.889598658642725,
0.456743064031698));
#4523=DIRECTION('ref_axis',(0.,-0.456743064031698,-0.889598658642725));
#4524=DIRECTION('center_axis',(1.77635683940025E-15,0.889598658642725,-0.456743064031698));
#4525=DIRECTION('ref_axis',(0.,-0.456743064031698,-0.889598658642725));
#4526=DIRECTION('center_axis',(1.77635683940025E-15,0.889598658642725,-0.456743064031698));
#4527=DIRECTION('ref_axis',(0.,-0.456743064031698,-0.889598658642725));
#4528=DIRECTION('center_axis',(1.77635683940025E-15,0.889598658642725,-0.456743064031698));
#4529=DIRECTION('ref_axis',(0.,-0.456743064031698,-0.889598658642725));
#4530=DIRECTION('center_axis',(-1.77635683940025E-15,-0.889598658642725,
0.456743064031698));
#4531=DIRECTION('ref_axis',(6.31088724176809E-30,0.456743064031698,0.889598658642725));
#4532=DIRECTION('center_axis',(0.,-0.889598658642727,0.456743064031695));
#4533=DIRECTION('ref_axis',(0.,0.456743064031695,0.889598658642727));
#4534=DIRECTION('',(0.,-0.889598658642727,0.456743064031695));
#4535=DIRECTION('center_axis',(1.77635683940025E-15,0.889598658642725,-0.456743064031698));
#4536=DIRECTION('ref_axis',(0.,-0.456743064031698,-0.889598658642725));
#4537=DIRECTION('',(1.77635683940025E-15,0.889598658642725,-0.456743064031698));
#4538=DIRECTION('center_axis',(0.,-1.,0.));
#4539=DIRECTION('ref_axis',(8.11338665641333E-16,0.,-1.));
#4540=DIRECTION('center_axis',(0.,-1.,0.));
#4541=DIRECTION('ref_axis',(8.11338665641333E-16,0.,-1.));
#4542=DIRECTION('center_axis',(0.,-1.,0.));
#4543=DIRECTION('ref_axis',(-1.,0.,-9.51443809068936E-47));
#4544=DIRECTION('',(-0.805393275139745,3.00222453186504E-16,0.592740813812981));
#4545=DIRECTION('',(-0.59274081381298,0.,-0.805393275139745));
#4546=DIRECTION('',(-0.805393275139745,3.00222453186504E-16,0.592740813812981));
#4547=DIRECTION('',(0.451253357985853,0.,-0.892395880148766));
#4548=DIRECTION('',(-1.,0.,-9.51443809068936E-47));
#4549=DIRECTION('center_axis',(0.,-1.,0.));
#4550=DIRECTION('ref_axis',(-1.,0.,-9.51443809068936E-47));
#4551=DIRECTION('center_axis',(0.,0.,-1.));
#4552=DIRECTION('ref_axis',(-0.707106781186546,0.707106781186549,0.));
#4553=DIRECTION('center_axis',(-9.51443809068936E-47,-2.06356670881412E-16,
1.));
#4554=DIRECTION('ref_axis',(-0.707106781186546,0.707106781186549,1.45916201323327E-16));
#4555=DIRECTION('',(0.,0.,1.));
#4556=DIRECTION('center_axis',(1.,1.96336776970195E-62,0.));
#4557=DIRECTION('ref_axis',(1.96336776970195E-62,-1.,-2.06356670881412E-16));
#4558=DIRECTION('center_axis',(0.,0.,-1.));
#4559=DIRECTION('ref_axis',(0.707106781186544,0.707106781186551,0.));
#4560=DIRECTION('center_axis',(-9.51443809068936E-47,-2.06356670881412E-16,
1.));
#4561=DIRECTION('ref_axis',(0.707106781186544,0.707106781186551,1.45916201323328E-16));
#4562=DIRECTION('',(0.,0.,-1.));
#4563=DIRECTION('',(0.,0.,1.));
#4564=DIRECTION('center_axis',(0.,-1.,0.));
#4565=DIRECTION('ref_axis',(-1.,0.,-9.51443809068936E-47));
#4566=DIRECTION('',(1.,0.,9.51443809068936E-47));
#4567=DIRECTION('center_axis',(0.,0.,-1.));
#4568=DIRECTION('ref_axis',(0.707106781186546,-0.707106781186549,0.));
#4569=DIRECTION('center_axis',(-9.51443809068936E-47,-2.06356670881412E-16,
1.));
#4570=DIRECTION('ref_axis',(0.707106781186546,-0.707106781186549,-1.45916201323327E-16));
#4571=DIRECTION('',(0.,0.,-1.));
#4572=DIRECTION('',(0.,0.,1.));
#4573=DIRECTION('center_axis',(-1.,-1.96336776970195E-62,0.));
#4574=DIRECTION('ref_axis',(-1.96336776970195E-62,1.,2.06356670881412E-16));
#4575=DIRECTION('',(1.96336776970195E-62,-1.,-2.06356670881412E-16));
#4576=DIRECTION('center_axis',(0.,0.,-1.));
#4577=DIRECTION('ref_axis',(-0.707106781186548,-0.707106781186548,0.));
#4578=DIRECTION('center_axis',(-9.51443809068936E-47,-2.06356670881412E-16,
1.));
#4579=DIRECTION('ref_axis',(-0.707106781186548,-0.707106781186548,-1.45916201323327E-16));
#4580=DIRECTION('',(0.,0.,-1.));
#4581=DIRECTION('center_axis',(0.,1.,0.));
#4582=DIRECTION('ref_axis',(1.,0.,9.51443809068936E-47));
#4583=DIRECTION('',(-1.,0.,-9.51443809068936E-47));
#4584=DIRECTION('center_axis',(0.,1.,0.));
#4585=DIRECTION('ref_axis',(1.,0.,9.51443809068936E-47));
#4586=DIRECTION('',(0.832050294337844,0.,0.554700196225229));
#4587=DIRECTION('',(0.554700196225229,0.,-0.832050294337844));
#4588=DIRECTION('',(0.832050294337844,0.,0.554700196225229));
#4589=DIRECTION('',(-0.471857925532023,0.,-0.881674598767944));
#4590=DIRECTION('',(1.,0.,9.51443809068936E-47));
#4591=DIRECTION('center_axis',(0.,1.,0.));
#4592=DIRECTION('ref_axis',(1.,0.,9.51443809068936E-47));
#4593=DIRECTION('',(0.,0.,-1.));
#4594=DIRECTION('',(1.,0.,9.51443809068936E-47));
#4595=DIRECTION('',(-0.451253357985853,0.,0.892395880148766));
#4596=DIRECTION('',(0.805393275139745,-3.00222453186504E-16,-0.592740813812981));
#4597=DIRECTION('',(-0.59274081381298,0.,-0.805393275139745));
#4598=DIRECTION('',(0.805393275139745,-3.00222453186504E-16,-0.592740813812981));
#4599=DIRECTION('center_axis',(0.892395880148766,-5.61302331720039E-16,
0.451253357985853));
#4600=DIRECTION('ref_axis',(0.451253357985853,0.,-0.892395880148766));
#4601=DIRECTION('',(-5.24636208499722E-16,-1.,-2.06356670881412E-16));
#4602=DIRECTION('',(0.451253357985853,0.,-0.892395880148766));
#4603=DIRECTION('',(-1.00180777668972E-15,-1.,7.37294903208872E-16));
#4604=DIRECTION('center_axis',(0.,-1.,0.));
#4605=DIRECTION('ref_axis',(-1.,0.,-9.51443809068936E-47));
#4606=DIRECTION('',(-0.805393275139745,3.00222453186504E-16,0.592740813812981));
#4607=DIRECTION('',(-0.59274081381298,0.,-0.805393275139745));
#4608=DIRECTION('',(-0.805393275139745,3.00222453186504E-16,0.592740813812981));
#4609=DIRECTION('',(-1.,0.,-9.51443809068936E-47));
#4610=DIRECTION('',(0.,0.,-1.));
#4611=DIRECTION('center_axis',(0.892395880148766,-5.61302331720039E-16,
0.451253357985853));
#4612=DIRECTION('ref_axis',(0.451253357985853,0.,-0.892395880148766));
#4613=DIRECTION('',(-1.00180777668972E-15,-1.,7.37294903208872E-16));
#4614=DIRECTION('',(-5.24636208499722E-16,-1.,-2.06356670881412E-16));
#4615=DIRECTION('center_axis',(0.592740813812981,2.46519032881566E-32,0.805393275139745));
#4616=DIRECTION('ref_axis',(-0.805393275139745,-1.3684555315672E-48,0.592740813812981));
#4617=DIRECTION('center_axis',(0.592740813812981,2.46519032881566E-32,0.805393275139745));
#4618=DIRECTION('ref_axis',(-0.805393275139745,-1.3684555315672E-48,0.592740813812981));
#4619=DIRECTION('',(0.592740813812981,2.46519032881566E-32,0.805393275139745));
#4620=DIRECTION('center_axis',(0.592740813812981,2.46519032881566E-32,0.805393275139745));
#4621=DIRECTION('ref_axis',(-0.805393275139745,-1.3684555315672E-48,0.592740813812981));
#4622=DIRECTION('center_axis',(0.592740813812981,2.46519032881566E-32,0.805393275139745));
#4623=DIRECTION('ref_axis',(-0.805393275139745,-1.3684555315672E-48,0.592740813812981));
#4624=DIRECTION('center_axis',(-0.592740813812981,-2.46519032881566E-32,
-0.805393275139745));
#4625=DIRECTION('ref_axis',(-0.805393275139745,3.00222453186504E-16,0.592740813812981));
#4626=DIRECTION('center_axis',(-0.592740813812981,-2.46519032881566E-32,
-0.805393275139745));
#4627=DIRECTION('ref_axis',(0.805393275139745,-3.00222453186504E-16,-0.592740813812981));
#4628=DIRECTION('center_axis',(-0.592740813812981,-2.46519032881566E-32,
-0.805393275139745));
#4629=DIRECTION('ref_axis',(0.569499046373358,-0.707106781186546,-0.419131048933193));
#4630=DIRECTION('center_axis',(0.592740813812981,2.46519032881566E-32,0.805393275139745));
#4631=DIRECTION('ref_axis',(-0.805393275139745,3.00222453186504E-16,0.592740813812981));
#4632=DIRECTION('center_axis',(-0.59274081381298,0.,-0.805393275139745));
#4633=DIRECTION('ref_axis',(0.569499046373358,-0.707106781186546,-0.419131048933192));
#4634=DIRECTION('center_axis',(-0.592740813812981,-2.46519032881566E-32,
-0.805393275139745));
#4635=DIRECTION('ref_axis',(0.569499046373358,-0.707106781186546,-0.419131048933193));
#4636=DIRECTION('center_axis',(-0.59274081381298,0.,-0.805393275139745));
#4637=DIRECTION('ref_axis',(-0.805393275139745,3.00222453186504E-16,0.59274081381298));
#4638=DIRECTION('',(-0.59274081381298,0.,-0.805393275139745));
#4639=DIRECTION('center_axis',(-0.592740813812981,-2.46519032881566E-32,
-0.805393275139745));
#4640=DIRECTION('ref_axis',(0.805393275139745,-3.00222453186504E-16,-0.592740813812981));
#4641=DIRECTION('center_axis',(0.592740813812981,2.46519032881566E-32,0.805393275139745));
#4642=DIRECTION('ref_axis',(-0.805393275139745,-1.3684555315672E-48,0.592740813812981));
#4643=DIRECTION('center_axis',(0.592740813812981,2.46519032881566E-32,0.805393275139745));
#4644=DIRECTION('ref_axis',(-0.805393275139745,-1.3684555315672E-48,0.592740813812981));
#4645=DIRECTION('',(0.592740813812981,2.46519032881566E-32,0.805393275139745));
#4646=DIRECTION('center_axis',(0.592740813812981,2.46519032881566E-32,0.805393275139745));
#4647=DIRECTION('ref_axis',(-0.805393275139745,-1.3684555315672E-48,0.592740813812981));
#4648=DIRECTION('center_axis',(0.592740813812981,2.46519032881566E-32,0.805393275139745));
#4649=DIRECTION('ref_axis',(-0.805393275139745,-1.3684555315672E-48,0.592740813812981));
#4650=DIRECTION('center_axis',(-0.592740813812981,-2.46519032881566E-32,
-0.805393275139745));
#4651=DIRECTION('ref_axis',(-0.805393275139745,3.00222453186504E-16,0.592740813812981));
#4652=DIRECTION('center_axis',(-0.592740813812981,-2.46519032881566E-32,
-0.805393275139745));
#4653=DIRECTION('ref_axis',(0.805393275139745,-3.00222453186504E-16,-0.592740813812981));
#4654=DIRECTION('center_axis',(-0.592740813812981,-2.46519032881566E-32,
-0.805393275139745));
#4655=DIRECTION('ref_axis',(0.569499046373358,-0.707106781186546,-0.419131048933193));
#4656=DIRECTION('center_axis',(0.592740813812981,2.46519032881566E-32,0.805393275139745));
#4657=DIRECTION('ref_axis',(-0.805393275139745,3.00222453186504E-16,0.592740813812981));
#4658=DIRECTION('center_axis',(-0.59274081381298,0.,-0.805393275139745));
#4659=DIRECTION('ref_axis',(0.569499046373358,-0.707106781186546,-0.419131048933192));
#4660=DIRECTION('center_axis',(-0.592740813812981,-2.46519032881566E-32,
-0.805393275139745));
#4661=DIRECTION('ref_axis',(0.569499046373358,-0.707106781186546,-0.419131048933193));
#4662=DIRECTION('center_axis',(-0.59274081381298,0.,-0.805393275139745));
#4663=DIRECTION('ref_axis',(-0.805393275139745,3.00222453186504E-16,0.59274081381298));
#4664=DIRECTION('',(-0.59274081381298,0.,-0.805393275139746));
#4665=DIRECTION('center_axis',(-0.592740813812981,-2.46519032881566E-32,
-0.805393275139745));
#4666=DIRECTION('ref_axis',(0.805393275139745,-3.00222453186504E-16,-0.592740813812981));
#4667=DIRECTION('center_axis',(-0.554700196225229,-4.6188069721001E-17,
0.832050294337844));
#4668=DIRECTION('ref_axis',(-0.832050294337844,0.,-0.554700196225229));
#4669=DIRECTION('center_axis',(-0.554700196225229,-4.6188069721001E-17,
0.832050294337844));
#4670=DIRECTION('ref_axis',(-0.832050294337844,0.,-0.554700196225229));
#4671=DIRECTION('',(-0.554700196225229,-4.6188069721001E-17,0.832050294337844));
#4672=DIRECTION('center_axis',(-0.554700196225229,-4.6188069721001E-17,
0.832050294337844));
#4673=DIRECTION('ref_axis',(-0.832050294337844,0.,-0.554700196225229));
#4674=DIRECTION('center_axis',(-0.554700196225229,-4.6188069721001E-17,
0.832050294337844));
#4675=DIRECTION('ref_axis',(-0.832050294337844,0.,-0.554700196225229));
#4676=DIRECTION('center_axis',(0.554700196225229,4.6188069721001E-17,-0.832050294337844));
#4677=DIRECTION('ref_axis',(-2.49800180540661E-16,1.,-1.11022302462515E-16));
#4678=DIRECTION('center_axis',(-0.554700196225229,-4.6188069721001E-17,
0.832050294337844));
#4679=DIRECTION('ref_axis',(-0.832050294337844,0.,-0.554700196225229));
#4680=DIRECTION('center_axis',(-0.554700196225229,-4.6188069721001E-17,
0.832050294337844));
#4681=DIRECTION('ref_axis',(-0.832050294337844,0.,-0.554700196225229));
#4682=DIRECTION('',(-0.554700196225229,-4.6188069721001E-17,0.832050294337844));
#4683=DIRECTION('center_axis',(-0.554700196225229,-4.6188069721001E-17,
0.832050294337844));
#4684=DIRECTION('ref_axis',(-0.832050294337844,0.,-0.554700196225229));
#4685=DIRECTION('center_axis',(-0.554700196225229,-4.6188069721001E-17,
0.832050294337844));
#4686=DIRECTION('ref_axis',(-0.832050294337844,0.,-0.554700196225229));
#4687=DIRECTION('center_axis',(0.554700196225229,4.6188069721001E-17,-0.832050294337844));
#4688=DIRECTION('ref_axis',(-2.49800180540661E-16,1.,-1.11022302462515E-16));
#4689=DIRECTION('center_axis',(0.,-1.,0.));
#4690=DIRECTION('ref_axis',(-1.,0.,-9.51443809068936E-47));
#4691=DIRECTION('',(0.471857925532023,0.,0.881674598767944));
#4692=DIRECTION('',(-0.832050294337844,0.,-0.554700196225229));
#4693=DIRECTION('',(0.554700196225229,0.,-0.832050294337844));
#4694=DIRECTION('',(-0.832050294337844,0.,-0.554700196225229));
#4695=DIRECTION('',(0.,0.,-1.));
#4696=DIRECTION('',(-1.,0.,-9.51443809068936E-47));
#4697=DIRECTION('center_axis',(-0.881674598767944,-5.04163490579071E-16,
0.471857925532023));
#4698=DIRECTION('ref_axis',(0.471857925532023,-2.46519032881566E-32,0.881674598767944));
#4699=DIRECTION('',(-4.61386162769945E-16,1.,2.06356670881412E-16));
#4700=DIRECTION('',(-0.471857925532023,0.,-0.881674598767944));
#4701=DIRECTION('',(-8.42828216818493E-16,1.,-5.06374326647737E-16));
#4702=DIRECTION('center_axis',(0.,1.,0.));
#4703=DIRECTION('ref_axis',(1.,0.,9.51443809068936E-47));
#4704=DIRECTION('',(1.,0.,9.51443809068936E-47));
#4705=DIRECTION('',(0.,0.,-1.));
#4706=DIRECTION('',(0.832050294337844,0.,0.554700196225229));
#4707=DIRECTION('',(0.554700196225229,0.,-0.832050294337844));
#4708=DIRECTION('',(0.832050294337844,0.,0.554700196225229));
#4709=DIRECTION('center_axis',(-0.881674598767944,-5.04163490579071E-16,
0.471857925532023));
#4710=DIRECTION('ref_axis',(0.471857925532023,-2.46519032881566E-32,0.881674598767944));
#4711=DIRECTION('',(-8.42828216818493E-16,1.,-5.06374326647737E-16));
#4712=DIRECTION('',(-4.61386162769945E-16,1.,2.06356670881412E-16));
#4713=DIRECTION('center_axis',(0.554700196225229,0.,-0.832050294337844));
#4714=DIRECTION('ref_axis',(-2.24179649203157E-16,1.,-1.49453099468771E-16));
#4715=DIRECTION('center_axis',(-0.554700196225229,-4.6188069721001E-17,
0.832050294337844));
#4716=DIRECTION('ref_axis',(-2.49800180540661E-16,1.,-1.11022302462515E-16));
#4717=DIRECTION('',(0.554700196225229,0.,-0.832050294337844));
#4718=DIRECTION('center_axis',(0.554700196225229,0.,-0.832050294337844));
#4719=DIRECTION('ref_axis',(2.24179649203157E-16,-1.,1.49453099468771E-16));
#4720=DIRECTION('center_axis',(0.554700196225229,4.6188069721001E-17,-0.832050294337844));
#4721=DIRECTION('ref_axis',(2.49800180540661E-16,-1.,1.11022302462515E-16));
#4722=DIRECTION('center_axis',(0.554700196225229,4.6188069721001E-17,-0.832050294337844));
#4723=DIRECTION('ref_axis',(2.49800180540661E-16,-1.,1.11022302462515E-16));
#4724=DIRECTION('center_axis',(0.554700196225229,4.6188069721001E-17,-0.832050294337844));
#4725=DIRECTION('ref_axis',(-2.4980018054066E-16,1.,-1.11022302462515E-16));
#4726=DIRECTION('center_axis',(0.554700196225229,4.6188069721001E-17,-0.832050294337844));
#4727=DIRECTION('ref_axis',(-2.4980018054066E-16,1.,-1.11022302462515E-16));
#4728=DIRECTION('center_axis',(0.554700196225229,0.,-0.832050294337844));
#4729=DIRECTION('ref_axis',(-2.24179649203157E-16,1.,-1.49453099468771E-16));
#4730=DIRECTION('center_axis',(-0.554700196225229,-4.6188069721001E-17,
0.832050294337844));
#4731=DIRECTION('ref_axis',(-2.49800180540661E-16,1.,-1.11022302462515E-16));
#4732=DIRECTION('',(0.554700196225229,0.,-0.832050294337844));
#4733=DIRECTION('center_axis',(0.554700196225229,0.,-0.832050294337844));
#4734=DIRECTION('ref_axis',(2.24179649203157E-16,-1.,1.49453099468771E-16));
#4735=DIRECTION('center_axis',(0.554700196225229,4.6188069721001E-17,-0.832050294337844));
#4736=DIRECTION('ref_axis',(2.49800180540661E-16,-1.,1.11022302462515E-16));
#4737=DIRECTION('center_axis',(0.554700196225229,4.6188069721001E-17,-0.832050294337844));
#4738=DIRECTION('ref_axis',(2.49800180540661E-16,-1.,1.11022302462515E-16));
#4739=DIRECTION('center_axis',(0.554700196225229,4.6188069721001E-17,-0.832050294337844));
#4740=DIRECTION('ref_axis',(-2.4980018054066E-16,1.,-1.11022302462515E-16));
#4741=DIRECTION('center_axis',(0.554700196225229,4.6188069721001E-17,-0.832050294337844));
#4742=DIRECTION('ref_axis',(-2.4980018054066E-16,1.,-1.11022302462515E-16));
#4743=DIRECTION('center_axis',(-1.77635683940025E-15,0.889598658642725,
0.456743064031698));
#4744=DIRECTION('ref_axis',(0.,0.456743064031698,-0.889598658642725));
#4745=DIRECTION('',(-1.77635683940025E-15,0.889598658642725,0.456743064031698));
#4746=DIRECTION('center_axis',(-1.,-1.96336776970195E-62,0.));
#4747=DIRECTION('ref_axis',(-1.96336776970195E-62,1.,2.06356670881412E-16));
#4748=DIRECTION('',(0.,-1.,-2.06356670881412E-16));
#4749=DIRECTION('center_axis',(1.,1.96336776970195E-62,0.));
#4750=DIRECTION('ref_axis',(1.96336776970195E-62,-1.,-2.06356670881412E-16));
#4751=DIRECTION('',(0.,1.,2.06356670881412E-16));
#4752=DIRECTION('center_axis',(9.51443809068936E-47,2.06356670881412E-16,
-1.));
#4753=DIRECTION('ref_axis',(-1.,0.,-9.51443809068936E-47));
#4754=CARTESIAN_POINT('',(0.,0.,0.));
#4755=CARTESIAN_POINT('Origin',(107.800008088816,68.2000031395815,43.0000000000005));
#4756=CARTESIAN_POINT('',(138.300008088816,99.2000031395815,43.0000000000005));
#4757=CARTESIAN_POINT('',(138.300008088816,37.2000031395815,43.0000000000005));
#4758=CARTESIAN_POINT('',(138.300008088816,128.200003139581,43.0000000000005));
#4759=CARTESIAN_POINT('',(145.011822074905,37.2000031395815,43.0000000000005));
#4760=CARTESIAN_POINT('',(45.300008088816,37.2000031395815,43.0000000000005));
#4761=CARTESIAN_POINT('',(145.011822074905,29.2000031395815,43.0000000000005));
#4762=CARTESIAN_POINT('',(145.011822074905,52.7000031395815,43.0000000000005));
#4763=CARTESIAN_POINT('',(138.300008088816,29.2000031389521,43.0000000000005));
#4764=CARTESIAN_POINT('',(106.362754817631,29.2000031395815,43.0000000000005));
#4765=CARTESIAN_POINT('',(138.300008088816,28.9924624349104,43.0000000000005));
#4766=CARTESIAN_POINT('',(138.300008088816,68.1999968604185,43.0000000000005));
#4767=CARTESIAN_POINT('',(135.658995876133,28.9924624349104,43.0000000000005));
#4768=CARTESIAN_POINT('',(151.050008088816,28.9924624349104,43.0000000000005));
#4769=CARTESIAN_POINT('',(135.453614786022,29.2000031395815,43.0000000000005));
#4770=CARTESIAN_POINT('Origin',(134.300008088816,23.1367900362758,43.0000000000005));
#4771=CARTESIAN_POINT('',(133.14640139161,29.2000031395815,43.0000000000005));
#4772=CARTESIAN_POINT('',(106.362754817631,29.2000031395815,43.0000000000005));
#4773=CARTESIAN_POINT('',(132.941020301499,28.9924624349104,43.0000000000005));
#4774=CARTESIAN_POINT('Origin',(134.300008088816,23.1367900362758,43.0000000000005));
#4775=CARTESIAN_POINT('',(130.300008088816,28.9924624349104,43.0000000000005));
#4776=CARTESIAN_POINT('',(151.050008088816,28.9924624349104,43.0000000000005));
#4777=CARTESIAN_POINT('',(130.300008088816,29.2000031389521,43.0000000000005));
#4778=CARTESIAN_POINT('',(130.300008088816,8.19999686041855,43.0000000000005));
#4779=CARTESIAN_POINT('',(108.300008088816,29.2000031389521,43.0000000000005));
#4780=CARTESIAN_POINT('',(106.362754817631,29.2000031395815,43.0000000000005));
#4781=CARTESIAN_POINT('',(108.300008088816,28.9924624349104,43.0000000000005));
#4782=CARTESIAN_POINT('',(108.300008088816,68.1999968604185,43.0000000000005));
#4783=CARTESIAN_POINT('',(105.658995876133,28.9924624349104,43.0000000000005));
#4784=CARTESIAN_POINT('',(121.050008088816,28.9924624349104,43.0000000000005));
#4785=CARTESIAN_POINT('',(105.453614786022,29.2000031395815,43.0000000000005));
#4786=CARTESIAN_POINT('Origin',(104.300008088816,23.1367900362758,43.0000000000005));
#4787=CARTESIAN_POINT('',(103.14640139161,29.2000031395815,43.0000000000005));
#4788=CARTESIAN_POINT('',(106.362754817631,29.2000031395815,43.0000000000005));
#4789=CARTESIAN_POINT('',(102.941020301499,28.9924624349104,43.0000000000005));
#4790=CARTESIAN_POINT('Origin',(104.300008088816,23.1367900362758,43.0000000000005));
#4791=CARTESIAN_POINT('',(100.300008088816,28.9924624349104,43.0000000000005));
#4792=CARTESIAN_POINT('',(121.050008088816,28.9924624349104,43.0000000000005));
#4793=CARTESIAN_POINT('',(100.300008088816,29.2000031389521,43.0000000000005));
#4794=CARTESIAN_POINT('',(100.300008088816,8.19999686041855,43.0000000000005));
#4795=CARTESIAN_POINT('',(78.300008088816,29.2000031389521,43.0000000000005));
#4796=CARTESIAN_POINT('',(106.362754817631,29.2000031395815,43.0000000000005));
#4797=CARTESIAN_POINT('',(78.300008088816,28.9924624349104,43.0000000000005));
#4798=CARTESIAN_POINT('',(78.300008088816,68.1999968604185,43.0000000000005));
#4799=CARTESIAN_POINT('',(75.6589958761326,28.9924624349104,43.0000000000005));
#4800=CARTESIAN_POINT('',(91.0500080888159,28.9924624349104,43.0000000000005));
#4801=CARTESIAN_POINT('',(75.4536147860219,29.2000031395815,43.0000000000005));
#4802=CARTESIAN_POINT('Origin',(74.300008088816,23.1367900362758,43.0000000000005));
#4803=CARTESIAN_POINT('',(73.1464013916101,29.2000031395815,43.0000000000005));
#4804=CARTESIAN_POINT('',(106.362754817631,29.2000031395815,43.0000000000005));
#4805=CARTESIAN_POINT('',(72.9410203014994,28.9924624349104,43.0000000000005));
#4806=CARTESIAN_POINT('Origin',(74.300008088816,23.1367900362758,43.0000000000005));
#4807=CARTESIAN_POINT('',(70.300008088816,28.9924624349104,43.0000000000005));
#4808=CARTESIAN_POINT('',(91.0500080888159,28.9924624349104,43.0000000000005));
#4809=CARTESIAN_POINT('',(70.300008088816,29.2000031389521,43.0000000000005));
#4810=CARTESIAN_POINT('',(70.300008088816,8.19999686041855,43.0000000000005));
#4811=CARTESIAN_POINT('',(65.7627444038411,29.2000031395815,43.0000000000005));
#4812=CARTESIAN_POINT('',(106.362754817631,29.2000031395815,43.0000000000005));
#4813=CARTESIAN_POINT('',(65.7627444038411,37.2000031395815,43.0000000000005));
#4814=CARTESIAN_POINT('',(65.7627444038411,50.7000031395815,43.0000000000005));
#4815=CARTESIAN_POINT('',(70.300008088816,37.2000031395815,43.0000000000005));
#4816=CARTESIAN_POINT('',(45.300008088816,37.2000031395815,43.0000000000005));
#4817=CARTESIAN_POINT('',(70.300008088816,99.2000031395815,43.0000000000005));
#4818=CARTESIAN_POINT('',(70.300008088816,128.200003139581,43.0000000000005));
#4819=CARTESIAN_POINT('',(65.7627444038411,99.2000031395815,43.0000000000005));
#4820=CARTESIAN_POINT('',(170.300008088816,99.2000031395815,43.0000000000005));
#4821=CARTESIAN_POINT('',(65.7627444038411,107.200003139582,43.0000000000005));
#4822=CARTESIAN_POINT('',(65.7627444038411,85.7000031395815,43.0000000000005));
#4823=CARTESIAN_POINT('',(70.300008088816,107.200003139582,43.0000000000005));
#4824=CARTESIAN_POINT('',(106.362754817631,107.200003139582,43.0000000000005));
#4825=CARTESIAN_POINT('',(70.300008088816,107.40753756509,43.0000000000005));
#4826=CARTESIAN_POINT('',(70.300008088816,128.200003139581,43.0000000000005));
#4827=CARTESIAN_POINT('',(72.9410203014994,107.40753756509,43.0000000000005));
#4828=CARTESIAN_POINT('',(91.0500080888159,107.40753756509,43.0000000000005));
#4829=CARTESIAN_POINT('',(74.300008088816,106.694965722599,43.0000000000005));
#4830=CARTESIAN_POINT('Origin',(74.300008088816,113.263209963724,43.0000000000005));
#4831=CARTESIAN_POINT('',(75.6589958761326,107.40753756509,43.0000000000005));
#4832=CARTESIAN_POINT('Origin',(74.300008088816,113.263209963724,43.0000000000005));
#4833=CARTESIAN_POINT('',(78.300008088816,107.40753756509,43.0000000000005));
#4834=CARTESIAN_POINT('',(91.0500080888159,107.40753756509,43.0000000000005));
#4835=CARTESIAN_POINT('',(78.300008088816,107.200003139582,43.0000000000005));
#4836=CARTESIAN_POINT('',(78.300008088816,68.2000031395815,43.0000000000005));
#4837=CARTESIAN_POINT('',(100.300008088816,107.200003139582,43.0000000000005));
#4838=CARTESIAN_POINT('',(106.362754817631,107.200003139582,43.0000000000005));
#4839=CARTESIAN_POINT('',(100.300008088816,107.40753756509,43.0000000000005));
#4840=CARTESIAN_POINT('',(100.300008088816,128.200003139581,43.0000000000005));
#4841=CARTESIAN_POINT('',(102.941020301499,107.40753756509,43.0000000000005));
#4842=CARTESIAN_POINT('',(121.050008088816,107.40753756509,43.0000000000005));
#4843=CARTESIAN_POINT('',(103.146394506844,107.200003139582,43.0000000000005));
#4844=CARTESIAN_POINT('Origin',(104.300008088816,113.263209963724,43.0000000000005));
#4845=CARTESIAN_POINT('',(105.453621670788,107.200003139582,43.0000000000005));
#4846=CARTESIAN_POINT('',(106.362754817631,107.200003139582,43.0000000000005));
#4847=CARTESIAN_POINT('',(105.658995876133,107.40753756509,43.0000000000005));
#4848=CARTESIAN_POINT('Origin',(104.300008088816,113.263209963724,43.0000000000005));
#4849=CARTESIAN_POINT('',(108.300008088816,107.40753756509,43.0000000000005));
#4850=CARTESIAN_POINT('',(121.050008088816,107.40753756509,43.0000000000005));
#4851=CARTESIAN_POINT('',(108.300008088816,107.200003139582,43.0000000000005));
#4852=CARTESIAN_POINT('',(108.300008088816,68.2000031395815,43.0000000000005));
#4853=CARTESIAN_POINT('',(130.300008088816,107.200003139582,43.0000000000005));
#4854=CARTESIAN_POINT('',(106.362754817631,107.200003139582,43.0000000000005));
#4855=CARTESIAN_POINT('',(130.300008088816,107.40753756509,43.0000000000005));
#4856=CARTESIAN_POINT('',(130.300008088816,128.200003139581,43.0000000000005));
#4857=CARTESIAN_POINT('',(132.941020301499,107.40753756509,43.0000000000005));
#4858=CARTESIAN_POINT('',(151.050008088816,107.40753756509,43.0000000000005));
#4859=CARTESIAN_POINT('',(133.146394506844,107.200003139582,43.0000000000005));
#4860=CARTESIAN_POINT('Origin',(134.300008088816,113.263209963724,43.0000000000005));
#4861=CARTESIAN_POINT('',(135.453621670788,107.200003139582,43.0000000000005));
#4862=CARTESIAN_POINT('',(106.362754817631,107.200003139582,43.0000000000005));
#4863=CARTESIAN_POINT('',(135.658995876133,107.40753756509,43.0000000000005));
#4864=CARTESIAN_POINT('Origin',(134.300008088816,113.263209963724,43.0000000000005));
#4865=CARTESIAN_POINT('',(138.300008088816,107.40753756509,43.0000000000005));
#4866=CARTESIAN_POINT('',(151.050008088816,107.40753756509,43.0000000000005));
#4867=CARTESIAN_POINT('',(138.300008088816,107.200003139582,43.0000000000005));
#4868=CARTESIAN_POINT('',(138.300008088816,68.2000031395815,43.0000000000005));
#4869=CARTESIAN_POINT('',(145.011822074905,107.200003139582,43.0000000000005));
#4870=CARTESIAN_POINT('',(106.362754817631,107.200003139582,43.0000000000005));
#4871=CARTESIAN_POINT('',(145.011822074905,99.2000031395816,43.0000000000005));
#4872=CARTESIAN_POINT('',(145.011822074905,87.7000031395815,43.0000000000005));
#4873=CARTESIAN_POINT('',(170.300008088816,99.2000031395815,43.0000000000005));
#4874=CARTESIAN_POINT('',(74.3000080888159,99.2000031395815,43.0000000000005));
#4875=CARTESIAN_POINT('',(74.3000080888159,37.2000031395815,43.0000000000005));
#4876=CARTESIAN_POINT('',(74.3000080888159,66.2000031395815,43.0000000000005));
#4877=CARTESIAN_POINT('',(78.300008088816,33.2000031395815,43.0000000000005));
#4878=CARTESIAN_POINT('Origin',(78.300008088816,37.2000031395815,43.0000000000005));
#4879=CARTESIAN_POINT('',(130.300008088816,33.2000031395815,43.0000000000005));
#4880=CARTESIAN_POINT('',(93.050008088816,33.2000031395815,43.0000000000005));
#4881=CARTESIAN_POINT('',(134.300008088816,37.2000031395815,43.0000000000005));
#4882=CARTESIAN_POINT('Origin',(130.300008088816,37.2000031395815,43.0000000000005));
#4883=CARTESIAN_POINT('',(134.300008088816,99.2000031395815,43.0000000000005));
#4884=CARTESIAN_POINT('',(134.300008088816,52.7000031395815,43.0000000000005));
#4885=CARTESIAN_POINT('',(130.300008088816,103.200003139582,43.0000000000005));
#4886=CARTESIAN_POINT('Origin',(130.300008088816,99.2000031395815,43.0000000000005));
#4887=CARTESIAN_POINT('',(78.300008088816,103.200003139582,43.0000000000005));
#4888=CARTESIAN_POINT('',(103.050008088816,103.200003139582,43.0000000000005));
#4889=CARTESIAN_POINT('Origin',(78.300008088816,99.2000031395815,43.0000000000005));
#4890=CARTESIAN_POINT('Origin',(74.300008088816,71.8937271906994,47.7244197130209));
#4891=CARTESIAN_POINT('',(74.300008088816,71.8937271906994,47.7244197130209));
#4892=CARTESIAN_POINT('',(74.300008088816,71.8937271906994,49.9999998807913));
#4893=CARTESIAN_POINT('',(74.300008088816,71.8937271906994,49.3622098565107));
#4894=CARTESIAN_POINT('',(73.300008088816,71.8937271906994,47.7244197130209));
#4895=CARTESIAN_POINT('',(74.300008088816,71.8937271906994,47.7244197130209));
#4896=CARTESIAN_POINT('',(73.300008088816,71.8937271906994,49.9999998807913));
#4897=CARTESIAN_POINT('',(73.300008088816,71.8937271906994,47.7244197130209));
#4898=CARTESIAN_POINT('',(74.300008088816,71.8937271906994,49.9999998807913));
#4899=CARTESIAN_POINT('Ctrl Pts',(74.300008088816,71.7709440066479,46.8649386167532));
#4900=CARTESIAN_POINT('Ctrl Pts',(73.100008088816,71.7709440066479,46.8649386167532));
#4901=CARTESIAN_POINT('Ctrl Pts',(74.300008088816,71.8067460229902,47.0013043381476));
#4902=CARTESIAN_POINT('Ctrl Pts',(73.100008088816,71.8067460229902,47.0013043381476));
#4903=CARTESIAN_POINT('Ctrl Pts',(74.300008088816,71.8807030221184,47.2829979567934));
#4904=CARTESIAN_POINT('Ctrl Pts',(73.100008088816,71.8807030221184,47.2829979567934));
#4905=CARTESIAN_POINT('Ctrl Pts',(74.300008088816,71.8892946856315,47.5741909932835));
#4906=CARTESIAN_POINT('Ctrl Pts',(73.100008088816,71.8892946856315,47.5741909932835));
#4907=CARTESIAN_POINT('Ctrl Pts',(74.300008088816,71.8937271906994,47.7244197130209));
#4908=CARTESIAN_POINT('Ctrl Pts',(73.100008088816,71.8937271906994,47.7244197130209));
#4909=CARTESIAN_POINT('',(74.300008088816,71.7709440066479,46.8649386167532));
#4910=CARTESIAN_POINT('Ctrl Pts',(74.300008088816,71.7709440066479,46.8649386167532));
#4911=CARTESIAN_POINT('Ctrl Pts',(74.300008088816,71.8067460229902,47.0013043381476));
#4912=CARTESIAN_POINT('Ctrl Pts',(74.300008088816,71.8807030221184,47.2829979567934));
#4913=CARTESIAN_POINT('Ctrl Pts',(74.300008088816,71.8892946856315,47.5741909932835));
#4914=CARTESIAN_POINT('Ctrl Pts',(74.300008088816,71.8937271906994,47.7244197130209));
#4915=CARTESIAN_POINT('',(73.300008088816,71.7709440066479,46.8649386167532));
#4916=CARTESIAN_POINT('',(74.300008088816,71.7709440066479,46.8649386167532));
#4917=CARTESIAN_POINT('Ctrl Pts',(73.300008088816,71.7709440066479,46.8649386167532));
#4918=CARTESIAN_POINT('Ctrl Pts',(73.300008088816,71.8067460229902,47.0013043381476));
#4919=CARTESIAN_POINT('Ctrl Pts',(73.300008088816,71.8807030221184,47.2829979567934));
#4920=CARTESIAN_POINT('Ctrl Pts',(73.300008088816,71.8892946856315,47.5741909932835));
#4921=CARTESIAN_POINT('Ctrl Pts',(73.300008088816,71.8937271906994,47.7244197130209));
#4922=CARTESIAN_POINT('Ctrl Pts',(74.300008088816,71.49672926208,46.461800217629));
#4923=CARTESIAN_POINT('Ctrl Pts',(73.100008088816,71.49672926208,46.461800217629));
#4924=CARTESIAN_POINT('Ctrl Pts',(74.300008088816,71.5566336307072,46.5161788295844));
#4925=CARTESIAN_POINT('Ctrl Pts',(73.100008088816,71.5566336307072,46.5161788295844));
#4926=CARTESIAN_POINT('Ctrl Pts',(74.300008088816,71.6802647568602,46.6284058539024));
#4927=CARTESIAN_POINT('Ctrl Pts',(73.100008088816,71.6802647568602,46.6284058539024));
#4928=CARTESIAN_POINT('Ctrl Pts',(74.300008088816,71.7401009246789,46.7844858184554));
#4929=CARTESIAN_POINT('Ctrl Pts',(73.100008088816,71.7401009246789,46.7844858184554));
#4930=CARTESIAN_POINT('Ctrl Pts',(74.300008088816,71.7709440066479,46.8649386167532));
#4931=CARTESIAN_POINT('Ctrl Pts',(73.100008088816,71.7709440066479,46.8649386167532));
#4932=CARTESIAN_POINT('',(74.300008088816,71.49672926208,46.461800217629));
#4933=CARTESIAN_POINT('Ctrl Pts',(74.300008088816,71.49672926208,46.461800217629));
#4934=CARTESIAN_POINT('Ctrl Pts',(74.300008088816,71.5566336307072,46.5161788295844));
#4935=CARTESIAN_POINT('Ctrl Pts',(74.300008088816,71.6802647568602,46.6284058539024));
#4936=CARTESIAN_POINT('Ctrl Pts',(74.300008088816,71.7401009246789,46.7844858184554));
#4937=CARTESIAN_POINT('Ctrl Pts',(74.300008088816,71.7709440066479,46.8649386167532));
#4938=CARTESIAN_POINT('',(73.300008088816,71.49672926208,46.461800217629));
#4939=CARTESIAN_POINT('',(74.300008088816,71.49672926208,46.461800217629));
#4940=CARTESIAN_POINT('Ctrl Pts',(73.300008088816,71.49672926208,46.461800217629));
#4941=CARTESIAN_POINT('Ctrl Pts',(73.300008088816,71.5566336307072,46.5161788295844));
#4942=CARTESIAN_POINT('Ctrl Pts',(73.300008088816,71.6802647568602,46.6284058539024));
#4943=CARTESIAN_POINT('Ctrl Pts',(73.300008088816,71.7401009246789,46.7844858184554));
#4944=CARTESIAN_POINT('Ctrl Pts',(73.300008088816,71.7709440066479,46.8649386167532));
#4945=CARTESIAN_POINT('Ctrl Pts',(74.300008088816,71.0628956629895,46.3165073394781));
#4946=CARTESIAN_POINT('Ctrl Pts',(73.100008088816,71.0628956629895,46.3165073394781));
#4947=CARTESIAN_POINT('Ctrl Pts',(74.300008088816,71.1413253760323,46.3225502828317));
#4948=CARTESIAN_POINT('Ctrl Pts',(73.100008088816,71.1413253760323,46.3225502828317));
#4949=CARTESIAN_POINT('Ctrl Pts',(74.300008088816,71.2981136216785,46.334630685146));
#4950=CARTESIAN_POINT('Ctrl Pts',(73.100008088816,71.2981136216785,46.334630685146));
#4951=CARTESIAN_POINT('Ctrl Pts',(74.300008088816,71.430544089356,46.419423205146));
#4952=CARTESIAN_POINT('Ctrl Pts',(73.100008088816,71.430544089356,46.419423205146));
#4953=CARTESIAN_POINT('Ctrl Pts',(74.300008088816,71.49672926208,46.461800217629));
#4954=CARTESIAN_POINT('Ctrl Pts',(73.100008088816,71.49672926208,46.461800217629));
#4955=CARTESIAN_POINT('',(74.300008088816,71.0628956629895,46.3165073394781));
#4956=CARTESIAN_POINT('Ctrl Pts',(74.300008088816,71.0628956629895,46.3165073394781));
#4957=CARTESIAN_POINT('Ctrl Pts',(74.300008088816,71.1413253760323,46.3225502828317));
#4958=CARTESIAN_POINT('Ctrl Pts',(74.300008088816,71.2981136216785,46.334630685146));
#4959=CARTESIAN_POINT('Ctrl Pts',(74.300008088816,71.430544089356,46.419423205146));
#4960=CARTESIAN_POINT('Ctrl Pts',(74.300008088816,71.49672926208,46.461800217629));
#4961=CARTESIAN_POINT('',(73.300008088816,71.0628956629895,46.3165073394781));
#4962=CARTESIAN_POINT('',(74.300008088816,71.0628956629895,46.3165073394781));
#4963=CARTESIAN_POINT('Ctrl Pts',(73.300008088816,71.0628956629895,46.3165073394781));
#4964=CARTESIAN_POINT('Ctrl Pts',(73.300008088816,71.1413253760323,46.3225502828317));
#4965=CARTESIAN_POINT('Ctrl Pts',(73.300008088816,71.2981136216785,46.334630685146));
#4966=CARTESIAN_POINT('Ctrl Pts',(73.300008088816,71.430544089356,46.419423205146));
#4967=CARTESIAN_POINT('Ctrl Pts',(73.300008088816,71.49672926208,46.461800217629));
#4968=CARTESIAN_POINT('Ctrl Pts',(74.300008088816,70.5226498915814,46.4761255979543));
#4969=CARTESIAN_POINT('Ctrl Pts',(73.100008088816,70.5226498915814,46.4761255979543));
#4970=CARTESIAN_POINT('Ctrl Pts',(74.300008088816,70.6107706144377,46.4295918578602));
#4971=CARTESIAN_POINT('Ctrl Pts',(73.100008088816,70.6107706144377,46.4295918578602));
#4972=CARTESIAN_POINT('Ctrl Pts',(74.300008088816,70.7803294518842,46.3400532497252));
#4973=CARTESIAN_POINT('Ctrl Pts',(73.100008088816,70.7803294518842,46.3400532497252));
#4974=CARTESIAN_POINT('Ctrl Pts',(74.300008088816,70.9712146314367,46.3241470120768));
#4975=CARTESIAN_POINT('Ctrl Pts',(73.100008088816,70.9712146314367,46.3241470120768));
#4976=CARTESIAN_POINT('Ctrl Pts',(74.300008088816,71.0628956629895,46.3165073394781));
#4977=CARTESIAN_POINT('Ctrl Pts',(73.100008088816,71.0628956629895,46.3165073394781));
#4978=CARTESIAN_POINT('',(74.300008088816,70.5226498915814,46.4761255979543));
#4979=CARTESIAN_POINT('Ctrl Pts',(74.300008088816,70.5226498915814,46.4761255979543));
#4980=CARTESIAN_POINT('Ctrl Pts',(74.300008088816,70.6107706144377,46.4295918578602));
#4981=CARTESIAN_POINT('Ctrl Pts',(74.300008088816,70.7803294518842,46.3400532497252));
#4982=CARTESIAN_POINT('Ctrl Pts',(74.300008088816,70.9712146314367,46.3241470120768));
#4983=CARTESIAN_POINT('Ctrl Pts',(74.300008088816,71.0628956629895,46.3165073394781));
#4984=CARTESIAN_POINT('',(73.300008088816,70.5226498915814,46.4761255979543));
#4985=CARTESIAN_POINT('',(74.300008088816,70.5226498915814,46.4761255979543));
#4986=CARTESIAN_POINT('Ctrl Pts',(73.300008088816,70.5226498915814,46.4761255979543));
#4987=CARTESIAN_POINT('Ctrl Pts',(73.300008088816,70.6107706144377,46.4295918578602));
#4988=CARTESIAN_POINT('Ctrl Pts',(73.300008088816,70.7803294518842,46.3400532497252));
#4989=CARTESIAN_POINT('Ctrl Pts',(73.300008088816,70.9712146314367,46.3241470120768));
#4990=CARTESIAN_POINT('Ctrl Pts',(73.300008088816,71.0628956629895,46.3165073394781));
#4991=CARTESIAN_POINT('Origin',(74.300008088816,70.2688986136578,45.7926328778272));
#4992=CARTESIAN_POINT('',(74.300008088816,70.2688986136578,45.7926328778272));
#4993=CARTESIAN_POINT('',(74.300008088816,70.7508613225844,47.0908253662343));
#4994=CARTESIAN_POINT('',(73.300008088816,70.2688986136578,45.7926328778272));
#4995=CARTESIAN_POINT('',(74.300008088816,70.2688986136578,45.7926328778272));
#4996=CARTESIAN_POINT('',(73.300008088816,70.2688986136578,45.7926328778272));
#4997=CARTESIAN_POINT('Ctrl Pts',(74.300008088816,71.0260599925183,45.5552523136144));
#4998=CARTESIAN_POINT('Ctrl Pts',(73.100008088816,71.0260599925183,45.5552523136144));
#4999=CARTESIAN_POINT('Ctrl Pts',(74.300008088816,70.8984399652245,45.5670181009329));
#5000=CARTESIAN_POINT('Ctrl Pts',(73.100008088816,70.8984399652245,45.5670181009329));
#5001=CARTESIAN_POINT('Ctrl Pts',(74.300008088816,70.6294488824521,45.5918174364101));
#5002=CARTESIAN_POINT('Ctrl Pts',(73.100008088816,70.6294488824521,45.5918174364101));
#5003=CARTESIAN_POINT('Ctrl Pts',(74.300008088816,70.3931093224473,45.7234513226513));
#5004=CARTESIAN_POINT('Ctrl Pts',(73.100008088816,70.3931093224473,45.7234513226513));
#5005=CARTESIAN_POINT('Ctrl Pts',(74.300008088816,70.2688986136578,45.7926328778272));
#5006=CARTESIAN_POINT('Ctrl Pts',(73.100008088816,70.2688986136578,45.7926328778272));
#5007=CARTESIAN_POINT('',(74.300008088816,71.0260599925183,45.5552523136144));
#5008=CARTESIAN_POINT('Ctrl Pts',(74.300008088816,71.0260599925183,45.5552523136144));
#5009=CARTESIAN_POINT('Ctrl Pts',(74.300008088816,70.8984399652245,45.5670181009329));
#5010=CARTESIAN_POINT('Ctrl Pts',(74.300008088816,70.6294488824521,45.5918174364101));
#5011=CARTESIAN_POINT('Ctrl Pts',(74.300008088816,70.3931093224473,45.7234513226513));
#5012=CARTESIAN_POINT('Ctrl Pts',(74.300008088816,70.2688986136578,45.7926328778272));
#5013=CARTESIAN_POINT('',(73.300008088816,71.0260599925183,45.5552523136144));
#5014=CARTESIAN_POINT('',(74.300008088816,71.0260599925183,45.5552523136144));
#5015=CARTESIAN_POINT('Ctrl Pts',(73.300008088816,71.0260599925183,45.5552523136144));
#5016=CARTESIAN_POINT('Ctrl Pts',(73.300008088816,70.8984399652245,45.5670181009329));
#5017=CARTESIAN_POINT('Ctrl Pts',(73.300008088816,70.6294488824521,45.5918174364101));
#5018=CARTESIAN_POINT('Ctrl Pts',(73.300008088816,70.3931093224473,45.7234513226513));
#5019=CARTESIAN_POINT('Ctrl Pts',(73.300008088816,70.2688986136578,45.7926328778272));
#5020=CARTESIAN_POINT('Ctrl Pts',(74.300008088816,71.4987748934887,45.702592015267));
#5021=CARTESIAN_POINT('Ctrl Pts',(73.100008088816,71.4987748934887,45.702592015267));
#5022=CARTESIAN_POINT('Ctrl Pts',(74.300008088816,71.4254810913571,45.6596181050102));
#5023=CARTESIAN_POINT('Ctrl Pts',(73.100008088816,71.4254810913571,45.6596181050102));
#5024=CARTESIAN_POINT('Ctrl Pts',(74.300008088816,71.2792990016727,45.573908047399));
#5025=CARTESIAN_POINT('Ctrl Pts',(73.100008088816,71.2792990016727,45.573908047399));
#5026=CARTESIAN_POINT('Ctrl Pts',(74.300008088816,71.1103167412015,45.5614593805203));
#5027=CARTESIAN_POINT('Ctrl Pts',(73.100008088816,71.1103167412015,45.5614593805203));
#5028=CARTESIAN_POINT('Ctrl Pts',(74.300008088816,71.0260599925183,45.5552523136144));
#5029=CARTESIAN_POINT('Ctrl Pts',(73.100008088816,71.0260599925183,45.5552523136144));
#5030=CARTESIAN_POINT('',(74.300008088816,71.4987748934887,45.702592015267));
#5031=CARTESIAN_POINT('Ctrl Pts',(74.300008088816,71.4987748934887,45.702592015267));
#5032=CARTESIAN_POINT('Ctrl Pts',(74.300008088816,71.4254810913571,45.6596181050102));
#5033=CARTESIAN_POINT('Ctrl Pts',(74.300008088816,71.2792990016727,45.573908047399));
#5034=CARTESIAN_POINT('Ctrl Pts',(74.300008088816,71.1103167412015,45.5614593805203));
#5035=CARTESIAN_POINT('Ctrl Pts',(74.300008088816,71.0260599925183,45.5552523136144));
#5036=CARTESIAN_POINT('',(73.300008088816,71.4987748934887,45.702592015267));
#5037=CARTESIAN_POINT('',(74.300008088816,71.4987748934887,45.702592015267));
#5038=CARTESIAN_POINT('Ctrl Pts',(73.300008088816,71.4987748934887,45.702592015267));
#5039=CARTESIAN_POINT('Ctrl Pts',(73.300008088816,71.4254810913571,45.6596181050102));
#5040=CARTESIAN_POINT('Ctrl Pts',(73.300008088816,71.2792990016727,45.573908047399));
#5041=CARTESIAN_POINT('Ctrl Pts',(73.300008088816,71.1103167412015,45.5614593805203));
#5042=CARTESIAN_POINT('Ctrl Pts',(73.300008088816,71.0260599925183,45.5552523136144));
#5043=CARTESIAN_POINT('Ctrl Pts',(74.300008088816,71.9673973395489,46.3124145865446));
#5044=CARTESIAN_POINT('Ctrl Pts',(73.100008088816,71.9673973395489,46.3124145865446));
#5045=CARTESIAN_POINT('Ctrl Pts',(74.300008088816,71.8935406367936,46.1785319065279));
#5046=CARTESIAN_POINT('Ctrl Pts',(73.100008088816,71.8935406367936,46.1785319065279));
#5047=CARTESIAN_POINT('Ctrl Pts',(74.300008088816,71.7679195648379,45.9508141077019));
#5048=CARTESIAN_POINT('Ctrl Pts',(73.100008088816,71.7679195648379,45.9508141077019));
#5049=CARTESIAN_POINT('Ctrl Pts',(74.300008088816,71.5773163117992,45.7750278361141));
#5050=CARTESIAN_POINT('Ctrl Pts',(73.100008088816,71.5773163117992,45.7750278361141));
#5051=CARTESIAN_POINT('Ctrl Pts',(74.300008088816,71.4987748934887,45.702592015267));
#5052=CARTESIAN_POINT('Ctrl Pts',(73.100008088816,71.4987748934887,45.702592015267));
#5053=CARTESIAN_POINT('',(74.300008088816,71.9673973395489,46.3124145865446));
#5054=CARTESIAN_POINT('Ctrl Pts',(74.300008088816,71.9673973395489,46.3124145865446));
#5055=CARTESIAN_POINT('Ctrl Pts',(74.300008088816,71.8935406367936,46.1785319065279));
#5056=CARTESIAN_POINT('Ctrl Pts',(74.300008088816,71.7679195648379,45.9508141077019));
#5057=CARTESIAN_POINT('Ctrl Pts',(74.300008088816,71.5773163117992,45.7750278361141));
#5058=CARTESIAN_POINT('Ctrl Pts',(74.300008088816,71.4987748934887,45.702592015267));
#5059=CARTESIAN_POINT('',(73.300008088816,71.9673973395489,46.3124145865446));
#5060=CARTESIAN_POINT('',(74.300008088816,71.9673973395489,46.3124145865446));
#5061=CARTESIAN_POINT('Ctrl Pts',(73.300008088816,71.9673973395489,46.3124145865446));
#5062=CARTESIAN_POINT('Ctrl Pts',(73.300008088816,71.8935406367936,46.1785319065279));
#5063=CARTESIAN_POINT('Ctrl Pts',(73.300008088816,71.7679195648379,45.9508141077019));
#5064=CARTESIAN_POINT('Ctrl Pts',(73.300008088816,71.5773163117992,45.7750278361141));
#5065=CARTESIAN_POINT('Ctrl Pts',(73.300008088816,71.4987748934887,45.702592015267));
#5066=CARTESIAN_POINT('Origin',(74.300008088816,71.9673973395489,45.6534786820417));
#5067=CARTESIAN_POINT('',(74.300008088816,71.9673973395489,45.6534786820417));
#5068=CARTESIAN_POINT('',(74.300008088816,71.9673973395489,48.3267393410211));
#5069=CARTESIAN_POINT('',(73.300008088816,71.9673973395489,45.6534786820417));
#5070=CARTESIAN_POINT('',(74.300008088816,71.9673973395489,45.6534786820417));
#5071=CARTESIAN_POINT('',(73.300008088816,71.9673973395489,45.6534786820417));
#5072=CARTESIAN_POINT('Origin',(74.300008088816,72.6304262950085,45.6534786820417));
#5073=CARTESIAN_POINT('',(74.300008088816,72.6304262950085,45.6534786820417));
#5074=CARTESIAN_POINT('',(74.300008088816,68.415214717295,45.6534786820417));
#5075=CARTESIAN_POINT('',(73.300008088816,72.6304262950085,45.6534786820417));
#5076=CARTESIAN_POINT('',(74.300008088816,72.6304262950085,45.6534786820417));
#5077=CARTESIAN_POINT('',(73.300008088816,72.6304262950085,45.6534786820417));
#5078=CARTESIAN_POINT('Origin',(74.300008088816,72.6304262950085,49.9999998807913));
#5079=CARTESIAN_POINT('',(74.300008088816,72.6304262950085,49.9999998807913));
#5080=CARTESIAN_POINT('',(74.300008088816,72.6304262950085,50.4999999403959));
#5081=CARTESIAN_POINT('',(73.300008088816,72.6304262950085,49.9999998807913));
#5082=CARTESIAN_POINT('',(74.300008088816,72.6304262950085,49.9999998807913));
#5083=CARTESIAN_POINT('',(73.300008088816,72.6304262950085,49.9999998807913));
#5084=CARTESIAN_POINT('Origin',(74.300008088816,71.8937271906994,49.9999998807913));
#5085=CARTESIAN_POINT('',(74.300008088816,68.0468651651405,49.9999998807913));
#5086=CARTESIAN_POINT('',(73.300008088816,71.8937271906994,49.9999998807913));
#5087=CARTESIAN_POINT('Origin',(73.300008088816,68.2000029160641,47.0491130948072));
#5088=CARTESIAN_POINT('Ctrl Pts',(74.300008088816,68.0669897868298,46.1650748848921));
#5089=CARTESIAN_POINT('Ctrl Pts',(73.100008088816,68.0669897868298,46.1650748848921));
#5090=CARTESIAN_POINT('Ctrl Pts',(74.300008088816,68.243269633414,46.1822428008084));
#5091=CARTESIAN_POINT('Ctrl Pts',(73.100008088816,68.243269633414,46.1822428008084));
#5092=CARTESIAN_POINT('Ctrl Pts',(74.300008088816,68.5955445329091,46.2165508965503));
#5093=CARTESIAN_POINT('Ctrl Pts',(73.100008088816,68.5955445329091,46.2165508965503));
#5094=CARTESIAN_POINT('Ctrl Pts',(74.300008088816,68.8544304944409,46.4578780806719));
#5095=CARTESIAN_POINT('Ctrl Pts',(73.100008088816,68.8544304944409,46.4578780806719));
#5096=CARTESIAN_POINT('Ctrl Pts',(74.300008088816,68.9837688281201,46.5784441232687));
#5097=CARTESIAN_POINT('Ctrl Pts',(73.100008088816,68.9837688281201,46.5784441232687));
#5098=CARTESIAN_POINT('',(74.300008088816,68.0669897868298,46.1650748848921));
#5099=CARTESIAN_POINT('',(74.300008088816,68.9837688281201,46.5784441232687));
#5100=CARTESIAN_POINT('Ctrl Pts',(74.300008088816,68.0669897868298,46.1650748848921));
#5101=CARTESIAN_POINT('Ctrl Pts',(74.300008088816,68.243269633414,46.1822428008084));
#5102=CARTESIAN_POINT('Ctrl Pts',(74.300008088816,68.5955445329091,46.2165508965503));
#5103=CARTESIAN_POINT('Ctrl Pts',(74.300008088816,68.8544304944409,46.4578780806719));
#5104=CARTESIAN_POINT('Ctrl Pts',(74.300008088816,68.9837688281201,46.5784441232687));
#5105=CARTESIAN_POINT('',(73.300008088816,68.0669897868298,46.1650748848921));
#5106=CARTESIAN_POINT('',(74.300008088816,68.0669897868298,46.1650748848921));
#5107=CARTESIAN_POINT('',(73.300008088816,68.9837688281201,46.5784441232687));
#5108=CARTESIAN_POINT('Ctrl Pts',(73.300008088816,68.0669897868298,46.1650748848921));
#5109=CARTESIAN_POINT('Ctrl Pts',(73.300008088816,68.243269633414,46.1822428008084));
#5110=CARTESIAN_POINT('Ctrl Pts',(73.300008088816,68.5955445329091,46.2165508965503));
#5111=CARTESIAN_POINT('Ctrl Pts',(73.300008088816,68.8544304944409,46.4578780806719));
#5112=CARTESIAN_POINT('Ctrl Pts',(73.300008088816,68.9837688281201,46.5784441232687));
#5113=CARTESIAN_POINT('',(74.300008088816,68.9837688281201,46.5784441232687));
#5114=CARTESIAN_POINT('Ctrl Pts',(74.300008088816,67.1563452555798,46.5804909467703));
#5115=CARTESIAN_POINT('Ctrl Pts',(73.100008088816,67.1563452555798,46.5804909467703));
#5116=CARTESIAN_POINT('Ctrl Pts',(74.300008088816,67.2854111726996,46.4593288970396));
#5117=CARTESIAN_POINT('Ctrl Pts',(73.100008088816,67.2854111726996,46.4593288970396));
#5118=CARTESIAN_POINT('Ctrl Pts',(74.300008088816,67.5422687828014,46.2182009895072));
#5119=CARTESIAN_POINT('Ctrl Pts',(73.100008088816,67.5422687828014,46.2182009895072));
#5120=CARTESIAN_POINT('Ctrl Pts',(74.300008088816,67.8926621982694,46.182724922981));
#5121=CARTESIAN_POINT('Ctrl Pts',(73.100008088816,67.8926621982694,46.182724922981));
#5122=CARTESIAN_POINT('Ctrl Pts',(74.300008088816,68.0669897868298,46.1650748848921));
#5123=CARTESIAN_POINT('Ctrl Pts',(73.100008088816,68.0669897868298,46.1650748848921));
#5124=CARTESIAN_POINT('',(74.300008088816,67.1563452555798,46.5804909467703));
#5125=CARTESIAN_POINT('Ctrl Pts',(74.300008088816,67.1563452555798,46.5804909467703));
#5126=CARTESIAN_POINT('Ctrl Pts',(74.300008088816,67.2854111726996,46.4593288970396));
#5127=CARTESIAN_POINT('Ctrl Pts',(74.300008088816,67.5422687828014,46.2182009895072));
#5128=CARTESIAN_POINT('Ctrl Pts',(74.300008088816,67.8926621982694,46.182724922981));
#5129=CARTESIAN_POINT('Ctrl Pts',(74.300008088816,68.0669897868298,46.1650748848921));
#5130=CARTESIAN_POINT('',(73.300008088816,67.1563452555798,46.5804909467703));
#5131=CARTESIAN_POINT('',(74.300008088816,67.1563452555798,46.5804909467703));
#5132=CARTESIAN_POINT('Ctrl Pts',(73.300008088816,67.1563452555798,46.5804909467703));
#5133=CARTESIAN_POINT('Ctrl Pts',(73.300008088816,67.2854111726996,46.4593288970396));
#5134=CARTESIAN_POINT('Ctrl Pts',(73.300008088816,67.5422687828014,46.2182009895072));
#5135=CARTESIAN_POINT('Ctrl Pts',(73.300008088816,67.8926621982694,46.182724922981));
#5136=CARTESIAN_POINT('Ctrl Pts',(73.300008088816,68.0669897868298,46.1650748848921));
#5137=CARTESIAN_POINT('Ctrl Pts',(74.300008088816,66.7900437190197,47.8021829128271));
#5138=CARTESIAN_POINT('Ctrl Pts',(73.100008088816,66.7900437190197,47.8021829128271));
#5139=CARTESIAN_POINT('Ctrl Pts',(74.300008088816,66.7980082269177,47.5587679308293));
#5140=CARTESIAN_POINT('Ctrl Pts',(73.100008088816,66.7980082269177,47.5587679308293));
#5141=CARTESIAN_POINT('Ctrl Pts',(74.300008088816,66.8124611949465,47.117049622849));
#5142=CARTESIAN_POINT('Ctrl Pts',(73.100008088816,66.8124611949465,47.117049622849));
#5143=CARTESIAN_POINT('Ctrl Pts',(74.300008088816,67.0497967432214,46.746737467833));
#5144=CARTESIAN_POINT('Ctrl Pts',(73.100008088816,67.0497967432214,46.746737467833));
#5145=CARTESIAN_POINT('Ctrl Pts',(74.300008088816,67.1563452555798,46.5804909467703));
#5146=CARTESIAN_POINT('Ctrl Pts',(73.100008088816,67.1563452555798,46.5804909467703));
#5147=CARTESIAN_POINT('',(74.300008088816,66.7900437190197,47.8021829128271));
#5148=CARTESIAN_POINT('Ctrl Pts',(74.300008088816,66.7900437190197,47.8021829128271));
#5149=CARTESIAN_POINT('Ctrl Pts',(74.300008088816,66.7980082269177,47.5587679308293));
#5150=CARTESIAN_POINT('Ctrl Pts',(74.300008088816,66.8124611949465,47.117049622849));
#5151=CARTESIAN_POINT('Ctrl Pts',(74.300008088816,67.0497967432214,46.746737467833));
#5152=CARTESIAN_POINT('Ctrl Pts',(74.300008088816,67.1563452555798,46.5804909467703));
#5153=CARTESIAN_POINT('',(73.300008088816,66.7900437190197,47.8021829128271));
#5154=CARTESIAN_POINT('',(74.300008088816,66.7900437190197,47.8021829128271));
#5155=CARTESIAN_POINT('Ctrl Pts',(73.300008088816,66.7900437190197,47.8021829128271));
#5156=CARTESIAN_POINT('Ctrl Pts',(73.300008088816,66.7980082269177,47.5587679308293));
#5157=CARTESIAN_POINT('Ctrl Pts',(73.300008088816,66.8124611949465,47.117049622849));
#5158=CARTESIAN_POINT('Ctrl Pts',(73.300008088816,67.0497967432214,46.746737467833));
#5159=CARTESIAN_POINT('Ctrl Pts',(73.300008088816,67.1563452555798,46.5804909467703));
#5160=CARTESIAN_POINT('Ctrl Pts',(74.300008088816,67.1542996241711,49.0750341415411));
#5161=CARTESIAN_POINT('Ctrl Pts',(73.100008088816,67.1542996241711,49.0750341415411));
#5162=CARTESIAN_POINT('Ctrl Pts',(74.300008088816,67.0484326939333,48.9039635049674));
#5163=CARTESIAN_POINT('Ctrl Pts',(73.100008088816,67.0484326939333,48.9039635049674));
#5164=CARTESIAN_POINT('Ctrl Pts',(74.300008088816,66.8085365892791,48.5163147912228));
#5165=CARTESIAN_POINT('Ctrl Pts',(73.100008088816,66.8085365892791,48.5163147912228));
#5166=CARTESIAN_POINT('Ctrl Pts',(74.300008088816,66.7966722736326,48.0581551924326));
#5167=CARTESIAN_POINT('Ctrl Pts',(73.100008088816,66.7966722736326,48.0581551924326));
#5168=CARTESIAN_POINT('Ctrl Pts',(74.300008088816,66.7900437190197,47.8021829128271));
#5169=CARTESIAN_POINT('Ctrl Pts',(73.100008088816,66.7900437190197,47.8021829128271));
#5170=CARTESIAN_POINT('',(74.300008088816,67.1542996241711,49.0750341415411));
#5171=CARTESIAN_POINT('Ctrl Pts',(74.300008088816,67.1542996241711,49.0750341415411));
#5172=CARTESIAN_POINT('Ctrl Pts',(74.300008088816,67.0484326939333,48.9039635049674));
#5173=CARTESIAN_POINT('Ctrl Pts',(74.300008088816,66.8085365892791,48.5163147912228));
#5174=CARTESIAN_POINT('Ctrl Pts',(74.300008088816,66.7966722736326,48.0581551924326));
#5175=CARTESIAN_POINT('Ctrl Pts',(74.300008088816,66.7900437190197,47.8021829128271));
#5176=CARTESIAN_POINT('',(73.300008088816,67.1542996241711,49.0750341415411));
#5177=CARTESIAN_POINT('',(74.300008088816,67.1542996241711,49.0750341415411));
#5178=CARTESIAN_POINT('Ctrl Pts',(73.300008088816,67.1542996241711,49.0750341415411));
#5179=CARTESIAN_POINT('Ctrl Pts',(73.300008088816,67.0484326939333,48.9039635049674));
#5180=CARTESIAN_POINT('Ctrl Pts',(73.300008088816,66.8085365892791,48.5163147912228));
#5181=CARTESIAN_POINT('Ctrl Pts',(73.300008088816,66.7966722736326,48.0581551924326));
#5182=CARTESIAN_POINT('Ctrl Pts',(73.300008088816,66.7900437190197,47.8021829128271));
#5183=CARTESIAN_POINT('Ctrl Pts',(74.300008088816,68.0669897868298,49.4924967288976));
#5184=CARTESIAN_POINT('Ctrl Pts',(73.100008088816,68.0669897868298,49.4924967288976));
#5185=CARTESIAN_POINT('Ctrl Pts',(74.300008088816,67.8916761590638,49.4749004845702));
#5186=CARTESIAN_POINT('Ctrl Pts',(73.100008088816,67.8916761590638,49.4749004845702));
#5187=CARTESIAN_POINT('Ctrl Pts',(74.300008088816,67.5400244090423,49.4396051673128));
#5188=CARTESIAN_POINT('Ctrl Pts',(73.100008088816,67.5400244090423,49.4396051673128));
#5189=CARTESIAN_POINT('Ctrl Pts',(74.300008088816,67.2831240350983,49.1967936174115));
#5190=CARTESIAN_POINT('Ctrl Pts',(73.100008088816,67.2831240350983,49.1967936174115));
#5191=CARTESIAN_POINT('Ctrl Pts',(74.300008088816,67.1542996241711,49.0750341415411));
#5192=CARTESIAN_POINT('Ctrl Pts',(73.100008088816,67.1542996241711,49.0750341415411));
#5193=CARTESIAN_POINT('',(74.300008088816,68.0669897868298,49.4924967288976));
#5194=CARTESIAN_POINT('Ctrl Pts',(74.300008088816,68.0669897868298,49.4924967288976));
#5195=CARTESIAN_POINT('Ctrl Pts',(74.300008088816,67.8916761590638,49.4749004845702));
#5196=CARTESIAN_POINT('Ctrl Pts',(74.300008088816,67.5400244090423,49.4396051673128));
#5197=CARTESIAN_POINT('Ctrl Pts',(74.300008088816,67.2831240350983,49.1967936174115));
#5198=CARTESIAN_POINT('Ctrl Pts',(74.300008088816,67.1542996241711,49.0750341415411));
#5199=CARTESIAN_POINT('',(73.300008088816,68.0669897868298,49.4924967288976));
#5200=CARTESIAN_POINT('',(74.300008088816,68.0669897868298,49.4924967288976));
#5201=CARTESIAN_POINT('Ctrl Pts',(73.300008088816,68.0669897868298,49.4924967288976));
#5202=CARTESIAN_POINT('Ctrl Pts',(73.300008088816,67.8916761590638,49.4749004845702));
#5203=CARTESIAN_POINT('Ctrl Pts',(73.300008088816,67.5400244090423,49.4396051673128));
#5204=CARTESIAN_POINT('Ctrl Pts',(73.300008088816,67.2831240350983,49.1967936174115));
#5205=CARTESIAN_POINT('Ctrl Pts',(73.300008088816,67.1542996241711,49.0750341415411));
#5206=CARTESIAN_POINT('Ctrl Pts',(74.300008088816,68.9837688281201,49.0770803689962));
#5207=CARTESIAN_POINT('Ctrl Pts',(73.100008088816,68.9837688281201,49.0770803689962));
#5208=CARTESIAN_POINT('Ctrl Pts',(74.300008088816,68.8545038845418,49.1982435484691));
#5209=CARTESIAN_POINT('Ctrl Pts',(73.100008088816,68.8545038845418,49.1982435484691));
#5210=CARTESIAN_POINT('Ctrl Pts',(74.300008088816,68.5959713400413,49.440572398208));
#5211=CARTESIAN_POINT('Ctrl Pts',(73.100008088816,68.5959713400413,49.440572398208));
#5212=CARTESIAN_POINT('Ctrl Pts',(74.300008088816,68.2433181794899,49.4751885000665));
#5213=CARTESIAN_POINT('Ctrl Pts',(73.100008088816,68.2433181794899,49.4751885000665));
#5214=CARTESIAN_POINT('Ctrl Pts',(74.300008088816,68.0669897868298,49.4924967288976));
#5215=CARTESIAN_POINT('Ctrl Pts',(73.100008088816,68.0669897868298,49.4924967288976));
#5216=CARTESIAN_POINT('',(74.300008088816,68.9837688281201,49.0770803689962));
#5217=CARTESIAN_POINT('Ctrl Pts',(74.300008088816,68.9837688281201,49.0770803689962));
#5218=CARTESIAN_POINT('Ctrl Pts',(74.300008088816,68.8545038845418,49.1982435484691));
#5219=CARTESIAN_POINT('Ctrl Pts',(74.300008088816,68.5959713400413,49.440572398208));
#5220=CARTESIAN_POINT('Ctrl Pts',(74.300008088816,68.2433181794899,49.4751885000665));
#5221=CARTESIAN_POINT('Ctrl Pts',(74.300008088816,68.0669897868298,49.4924967288976));
#5222=CARTESIAN_POINT('',(73.300008088816,68.9837688281201,49.0770803689962));
#5223=CARTESIAN_POINT('',(74.300008088816,68.9837688281201,49.0770803689962));
#5224=CARTESIAN_POINT('Ctrl Pts',(73.300008088816,68.9837688281201,49.0770803689962));
#5225=CARTESIAN_POINT('Ctrl Pts',(73.300008088816,68.8545038845418,49.1982435484691));
#5226=CARTESIAN_POINT('Ctrl Pts',(73.300008088816,68.5959713400413,49.440572398208));
#5227=CARTESIAN_POINT('Ctrl Pts',(73.300008088816,68.2433181794899,49.4751885000665));
#5228=CARTESIAN_POINT('Ctrl Pts',(73.300008088816,68.0669897868298,49.4924967288976));
#5229=CARTESIAN_POINT('Ctrl Pts',(74.300008088816,69.3480247332714,47.8267394304281));
#5230=CARTESIAN_POINT('Ctrl Pts',(73.100008088816,69.3480247332714,47.8267394304281));
#5231=CARTESIAN_POINT('Ctrl Pts',(74.300008088816,69.3409226056063,48.0773786921777));
#5232=CARTESIAN_POINT('Ctrl Pts',(73.100008088816,69.3409226056063,48.0773786921777));
#5233=CARTESIAN_POINT('Ctrl Pts',(74.300008088816,69.328147560819,48.5282193339196));
#5234=CARTESIAN_POINT('Ctrl Pts',(73.100008088816,69.328147560819,48.5282193339196));
#5235=CARTESIAN_POINT('Ctrl Pts',(74.300008088816,69.0896684401646,48.9083005775572));
#5236=CARTESIAN_POINT('Ctrl Pts',(73.100008088816,69.0896684401646,48.9083005775572));
#5237=CARTESIAN_POINT('Ctrl Pts',(74.300008088816,68.9837688281201,49.0770803689962));
#5238=CARTESIAN_POINT('Ctrl Pts',(73.100008088816,68.9837688281201,49.0770803689962));
#5239=CARTESIAN_POINT('',(74.300008088816,69.3480247332714,47.8267394304281));
#5240=CARTESIAN_POINT('Ctrl Pts',(74.300008088816,69.3480247332714,47.8267394304281));
#5241=CARTESIAN_POINT('Ctrl Pts',(74.300008088816,69.3409226056063,48.0773786921777));
#5242=CARTESIAN_POINT('Ctrl Pts',(74.300008088816,69.328147560819,48.5282193339196));
#5243=CARTESIAN_POINT('Ctrl Pts',(74.300008088816,69.0896684401646,48.9083005775572));
#5244=CARTESIAN_POINT('Ctrl Pts',(74.300008088816,68.9837688281201,49.0770803689962));
#5245=CARTESIAN_POINT('',(73.300008088816,69.3480247332714,47.8267394304281));
#5246=CARTESIAN_POINT('',(74.300008088816,69.3480247332714,47.8267394304281));
#5247=CARTESIAN_POINT('Ctrl Pts',(73.300008088816,69.3480247332714,47.8267394304281));
#5248=CARTESIAN_POINT('Ctrl Pts',(73.300008088816,69.3409226056063,48.0773786921777));
#5249=CARTESIAN_POINT('Ctrl Pts',(73.300008088816,69.328147560819,48.5282193339196));
#5250=CARTESIAN_POINT('Ctrl Pts',(73.300008088816,69.0896684401646,48.9083005775572));
#5251=CARTESIAN_POINT('Ctrl Pts',(73.300008088816,68.9837688281201,49.0770803689962));
#5252=CARTESIAN_POINT('Ctrl Pts',(74.300008088816,68.9837688281201,46.5784441232687));
#5253=CARTESIAN_POINT('Ctrl Pts',(73.100008088816,68.9837688281201,46.5784441232687));
#5254=CARTESIAN_POINT('Ctrl Pts',(74.300008088816,69.0896637814234,46.746703558045));
#5255=CARTESIAN_POINT('Ctrl Pts',(73.100008088816,69.0896637814234,46.746703558045));
#5256=CARTESIAN_POINT('Ctrl Pts',(74.300008088816,69.3283475808209,47.1259548814));
#5257=CARTESIAN_POINT('Ctrl Pts',(73.100008088816,69.3283475808209,47.1259548814));
#5258=CARTESIAN_POINT('Ctrl Pts',(74.300008088816,69.3409908200075,47.5762327706365));
#5259=CARTESIAN_POINT('Ctrl Pts',(73.100008088816,69.3409908200075,47.5762327706365));
#5260=CARTESIAN_POINT('Ctrl Pts',(74.300008088816,69.3480247332714,47.8267394304281));
#5261=CARTESIAN_POINT('Ctrl Pts',(73.100008088816,69.3480247332714,47.8267394304281));
#5262=CARTESIAN_POINT('Ctrl Pts',(74.300008088816,68.9837688281201,46.5784441232687));
#5263=CARTESIAN_POINT('Ctrl Pts',(74.300008088816,69.0896637814234,46.746703558045));
#5264=CARTESIAN_POINT('Ctrl Pts',(74.300008088816,69.3283475808209,47.1259548814));
#5265=CARTESIAN_POINT('Ctrl Pts',(74.300008088816,69.3409908200075,47.5762327706365));
#5266=CARTESIAN_POINT('Ctrl Pts',(74.300008088816,69.3480247332714,47.8267394304281));
#5267=CARTESIAN_POINT('Ctrl Pts',(73.300008088816,68.9837688281201,46.5784441232687));
#5268=CARTESIAN_POINT('Ctrl Pts',(73.300008088816,69.0896637814234,46.746703558045));
#5269=CARTESIAN_POINT('Ctrl Pts',(73.300008088816,69.3283475808209,47.1259548814));
#5270=CARTESIAN_POINT('Ctrl Pts',(73.300008088816,69.3409908200075,47.5762327706365));
#5271=CARTESIAN_POINT('Ctrl Pts',(73.300008088816,69.3480247332714,47.8267394304281));
#5272=CARTESIAN_POINT('Ctrl Pts',(74.300008088816,68.0669897868298,50.0982265472418));
#5273=CARTESIAN_POINT('Ctrl Pts',(73.100008088816,68.0669897868298,50.0982265472418));
#5274=CARTESIAN_POINT('Ctrl Pts',(74.300008088816,68.3532984812486,50.0772241715643));
#5275=CARTESIAN_POINT('Ctrl Pts',(73.100008088816,68.3532984812486,50.0772241715643));
#5276=CARTESIAN_POINT('Ctrl Pts',(74.300008088816,68.9076240098748,50.0365612324822));
#5277=CARTESIAN_POINT('Ctrl Pts',(73.100008088816,68.9076240098748,50.0365612324822));
#5278=CARTESIAN_POINT('Ctrl Pts',(74.300008088816,69.3355356325752,49.6836116159855));
#5279=CARTESIAN_POINT('Ctrl Pts',(73.100008088816,69.3355356325752,49.6836116159855));
#5280=CARTESIAN_POINT('Ctrl Pts',(74.300008088816,69.5424312426709,49.5129601955419));
#5281=CARTESIAN_POINT('Ctrl Pts',(73.100008088816,69.5424312426709,49.5129601955419));
#5282=CARTESIAN_POINT('',(74.300008088816,68.0669897868298,50.0982265472418));
#5283=CARTESIAN_POINT('',(74.300008088816,69.5424312426709,49.5129601955419));
#5284=CARTESIAN_POINT('Ctrl Pts',(74.300008088816,68.0669897868298,50.0982265472418));
#5285=CARTESIAN_POINT('Ctrl Pts',(74.300008088816,68.3532984812486,50.0772241715643));
#5286=CARTESIAN_POINT('Ctrl Pts',(74.300008088816,68.9076240098748,50.0365612324822));
#5287=CARTESIAN_POINT('Ctrl Pts',(74.300008088816,69.3355356325752,49.6836116159855));
#5288=CARTESIAN_POINT('Ctrl Pts',(74.300008088816,69.5424312426709,49.5129601955419));
#5289=CARTESIAN_POINT('',(73.300008088816,68.0669897868298,50.0982265472418));
#5290=CARTESIAN_POINT('',(74.300008088816,68.0669897868298,50.0982265472418));
#5291=CARTESIAN_POINT('',(73.300008088816,69.5424312426709,49.5129601955419));
#5292=CARTESIAN_POINT('Ctrl Pts',(73.300008088816,68.0669897868298,50.0982265472418));
#5293=CARTESIAN_POINT('Ctrl Pts',(73.300008088816,68.3532984812486,50.0772241715643));
#5294=CARTESIAN_POINT('Ctrl Pts',(73.300008088816,68.9076240098748,50.0365612324822));
#5295=CARTESIAN_POINT('Ctrl Pts',(73.300008088816,69.3355356325752,49.6836116159855));
#5296=CARTESIAN_POINT('Ctrl Pts',(73.300008088816,69.5424312426709,49.5129601955419));
#5297=CARTESIAN_POINT('',(74.300008088816,69.5424312426709,49.5129601955419));
#5298=CARTESIAN_POINT('Ctrl Pts',(74.300008088816,67.017194636073,49.832196116448));
#5299=CARTESIAN_POINT('Ctrl Pts',(73.100008088816,67.017194636073,49.832196116448));
#5300=CARTESIAN_POINT('Ctrl Pts',(74.300008088816,67.1820052471472,49.9097862998989));
#5301=CARTESIAN_POINT('Ctrl Pts',(73.100008088816,67.1820052471472,49.9097862998989));
#5302=CARTESIAN_POINT('Ctrl Pts',(74.300008088816,67.5146401091284,50.0663854399364));
#5303=CARTESIAN_POINT('Ctrl Pts',(73.100008088816,67.5146401091284,50.0663854399364));
#5304=CARTESIAN_POINT('Ctrl Pts',(74.300008088816,67.8817645236431,50.0875489317404));
#5305=CARTESIAN_POINT('Ctrl Pts',(73.100008088816,67.8817645236431,50.0875489317404));
#5306=CARTESIAN_POINT('Ctrl Pts',(74.300008088816,68.0669897868298,50.0982265472418));
#5307=CARTESIAN_POINT('Ctrl Pts',(73.100008088816,68.0669897868298,50.0982265472418));
#5308=CARTESIAN_POINT('',(74.300008088816,67.017194636073,49.832196116448));
#5309=CARTESIAN_POINT('Ctrl Pts',(74.300008088816,67.017194636073,49.832196116448));
#5310=CARTESIAN_POINT('Ctrl Pts',(74.300008088816,67.1820052471472,49.9097862998989));
#5311=CARTESIAN_POINT('Ctrl Pts',(74.300008088816,67.5146401091284,50.0663854399364));
#5312=CARTESIAN_POINT('Ctrl Pts',(74.300008088816,67.8817645236431,50.0875489317404));
#5313=CARTESIAN_POINT('Ctrl Pts',(74.300008088816,68.0669897868298,50.0982265472418));
#5314=CARTESIAN_POINT('',(73.300008088816,67.017194636073,49.832196116448));
#5315=CARTESIAN_POINT('',(74.300008088816,67.017194636073,49.832196116448));
#5316=CARTESIAN_POINT('Ctrl Pts',(73.300008088816,67.017194636073,49.832196116448));
#5317=CARTESIAN_POINT('Ctrl Pts',(73.300008088816,67.1820052471472,49.9097862998989));
#5318=CARTESIAN_POINT('Ctrl Pts',(73.300008088816,67.5146401091284,50.0663854399364));
#5319=CARTESIAN_POINT('Ctrl Pts',(73.300008088816,67.8817645236431,50.0875489317404));
#5320=CARTESIAN_POINT('Ctrl Pts',(73.300008088816,68.0669897868298,50.0982265472418));
#5321=CARTESIAN_POINT('Ctrl Pts',(74.300008088816,66.2845867945813,49.0852658748632));
#5322=CARTESIAN_POINT('Ctrl Pts',(73.100008088816,66.2845867945813,49.0852658748632));
#5323=CARTESIAN_POINT('Ctrl Pts',(74.300008088816,66.3783025636696,49.2367588916662));
#5324=CARTESIAN_POINT('Ctrl Pts',(73.100008088816,66.3783025636696,49.2367588916662));
#5325=CARTESIAN_POINT('Ctrl Pts',(74.300008088816,66.566357215379,49.540752198112));
#5326=CARTESIAN_POINT('Ctrl Pts',(73.100008088816,66.566357215379,49.540752198112));
#5327=CARTESIAN_POINT('Ctrl Pts',(74.300008088816,66.8665838984268,49.7348337824707));
#5328=CARTESIAN_POINT('Ctrl Pts',(73.100008088816,66.8665838984268,49.7348337824707));
#5329=CARTESIAN_POINT('Ctrl Pts',(74.300008088816,67.017194636073,49.832196116448));
#5330=CARTESIAN_POINT('Ctrl Pts',(73.100008088816,67.017194636073,49.832196116448));
#5331=CARTESIAN_POINT('',(74.300008088816,66.2845867945813,49.0852658748632));
#5332=CARTESIAN_POINT('Ctrl Pts',(74.300008088816,66.2845867945813,49.0852658748632));
#5333=CARTESIAN_POINT('Ctrl Pts',(74.300008088816,66.3783025636696,49.2367588916662));
#5334=CARTESIAN_POINT('Ctrl Pts',(74.300008088816,66.566357215379,49.540752198112));
#5335=CARTESIAN_POINT('Ctrl Pts',(74.300008088816,66.8665838984268,49.7348337824707));
#5336=CARTESIAN_POINT('Ctrl Pts',(74.300008088816,67.017194636073,49.832196116448));
#5337=CARTESIAN_POINT('',(73.300008088816,66.2845867945813,49.0852658748632));
#5338=CARTESIAN_POINT('',(74.300008088816,66.2845867945813,49.0852658748632));
#5339=CARTESIAN_POINT('Ctrl Pts',(73.300008088816,66.2845867945813,49.0852658748632));
#5340=CARTESIAN_POINT('Ctrl Pts',(73.300008088816,66.3783025636696,49.2367588916662));
#5341=CARTESIAN_POINT('Ctrl Pts',(73.300008088816,66.566357215379,49.540752198112));
#5342=CARTESIAN_POINT('Ctrl Pts',(73.300008088816,66.8665838984268,49.7348337824707));
#5343=CARTESIAN_POINT('Ctrl Pts',(73.300008088816,67.017194636073,49.832196116448));
#5344=CARTESIAN_POINT('Ctrl Pts',(74.300008088816,66.0328835322522,47.7653478384023));
#5345=CARTESIAN_POINT('Ctrl Pts',(73.100008088816,66.0328835322522,47.7653478384023));
#5346=CARTESIAN_POINT('Ctrl Pts',(74.300008088816,66.0377952610786,48.0184616434455));
#5347=CARTESIAN_POINT('Ctrl Pts',(73.100008088816,66.0377952610786,48.0184616434455));
#5348=CARTESIAN_POINT('Ctrl Pts',(74.300008088816,66.0466308530281,48.4737820361556));
#5349=CARTESIAN_POINT('Ctrl Pts',(73.100008088816,66.0466308530281,48.4737820361556));
#5350=CARTESIAN_POINT('Ctrl Pts',(74.300008088816,66.2114091754227,48.897218746565));
#5351=CARTESIAN_POINT('Ctrl Pts',(73.100008088816,66.2114091754227,48.897218746565));
#5352=CARTESIAN_POINT('Ctrl Pts',(74.300008088816,66.2845867945813,49.0852658748632));
#5353=CARTESIAN_POINT('Ctrl Pts',(73.100008088816,66.2845867945813,49.0852658748632));
#5354=CARTESIAN_POINT('',(74.300008088816,66.0328835322522,47.7653478384023));
#5355=CARTESIAN_POINT('Ctrl Pts',(74.300008088816,66.0328835322522,47.7653478384023));
#5356=CARTESIAN_POINT('Ctrl Pts',(74.300008088816,66.0377952610786,48.0184616434455));
#5357=CARTESIAN_POINT('Ctrl Pts',(74.300008088816,66.0466308530281,48.4737820361556));
#5358=CARTESIAN_POINT('Ctrl Pts',(74.300008088816,66.2114091754227,48.897218746565));
#5359=CARTESIAN_POINT('Ctrl Pts',(74.300008088816,66.2845867945813,49.0852658748632));
#5360=CARTESIAN_POINT('',(73.300008088816,66.0328835322522,47.7653478384023));
#5361=CARTESIAN_POINT('',(74.300008088816,66.0328835322522,47.7653478384023));
#5362=CARTESIAN_POINT('Ctrl Pts',(73.300008088816,66.0328835322522,47.7653478384023));
#5363=CARTESIAN_POINT('Ctrl Pts',(73.300008088816,66.0377952610786,48.0184616434455));
#5364=CARTESIAN_POINT('Ctrl Pts',(73.300008088816,66.0466308530281,48.4737820361556));
#5365=CARTESIAN_POINT('Ctrl Pts',(73.300008088816,66.2114091754227,48.897218746565));
#5366=CARTESIAN_POINT('Ctrl Pts',(73.300008088816,66.2845867945813,49.0852658748632));
#5367=CARTESIAN_POINT('Ctrl Pts',(74.300008088816,66.6017764880322,46.1425645947462));
#5368=CARTESIAN_POINT('Ctrl Pts',(73.100008088816,66.6017764880322,46.1425645947462));
#5369=CARTESIAN_POINT('Ctrl Pts',(74.300008088816,66.4360401431646,46.3670910008171));
#5370=CARTESIAN_POINT('Ctrl Pts',(73.100008088816,66.4360401431646,46.3670910008171));
#5371=CARTESIAN_POINT('Ctrl Pts',(74.300008088816,66.0812847588162,46.8476853541301));
#5372=CARTESIAN_POINT('Ctrl Pts',(73.100008088816,66.0812847588162,46.8476853541301));
#5373=CARTESIAN_POINT('Ctrl Pts',(74.300008088816,66.049708070064,47.446363212161));
#5374=CARTESIAN_POINT('Ctrl Pts',(73.100008088816,66.049708070064,47.446363212161));
#5375=CARTESIAN_POINT('Ctrl Pts',(74.300008088816,66.0328835322522,47.7653478384023));
#5376=CARTESIAN_POINT('Ctrl Pts',(73.100008088816,66.0328835322522,47.7653478384023));
#5377=CARTESIAN_POINT('',(74.300008088816,66.6017764880322,46.1425645947462));
#5378=CARTESIAN_POINT('Ctrl Pts',(74.300008088816,66.6017764880322,46.1425645947462));
#5379=CARTESIAN_POINT('Ctrl Pts',(74.300008088816,66.4360401431646,46.3670910008171));
#5380=CARTESIAN_POINT('Ctrl Pts',(74.300008088816,66.0812847588162,46.8476853541301));
#5381=CARTESIAN_POINT('Ctrl Pts',(74.300008088816,66.049708070064,47.446363212161));
#5382=CARTESIAN_POINT('Ctrl Pts',(74.300008088816,66.0328835322522,47.7653478384023));
#5383=CARTESIAN_POINT('',(73.300008088816,66.6017764880322,46.1425645947462));
#5384=CARTESIAN_POINT('',(74.300008088816,66.6017764880322,46.1425645947462));
#5385=CARTESIAN_POINT('Ctrl Pts',(73.300008088816,66.6017764880322,46.1425645947462));
#5386=CARTESIAN_POINT('Ctrl Pts',(73.300008088816,66.4360401431646,46.3670910008171));
#5387=CARTESIAN_POINT('Ctrl Pts',(73.300008088816,66.0812847588162,46.8476853541301));
#5388=CARTESIAN_POINT('Ctrl Pts',(73.300008088816,66.049708070064,47.446363212161));
#5389=CARTESIAN_POINT('Ctrl Pts',(73.300008088816,66.0328835322522,47.7653478384023));
#5390=CARTESIAN_POINT('Ctrl Pts',(74.300008088816,68.0669897868298,45.5552520155912));
#5391=CARTESIAN_POINT('Ctrl Pts',(73.100008088816,68.0669897868298,45.5552520155912));
#5392=CARTESIAN_POINT('Ctrl Pts',(74.300008088816,67.7844644500372,45.577087805786));
#5393=CARTESIAN_POINT('Ctrl Pts',(73.100008088816,67.7844644500372,45.577087805786));
#5394=CARTESIAN_POINT('Ctrl Pts',(74.300008088816,67.2336755534299,45.6196571233718));
#5395=CARTESIAN_POINT('Ctrl Pts',(73.100008088816,67.2336755534299,45.6196571233718));
#5396=CARTESIAN_POINT('Ctrl Pts',(74.300008088816,66.8087418556323,45.9712971519533));
#5397=CARTESIAN_POINT('Ctrl Pts',(73.100008088816,66.8087418556323,45.9712971519533));
#5398=CARTESIAN_POINT('Ctrl Pts',(74.300008088816,66.6017764880322,46.1425645947462));
#5399=CARTESIAN_POINT('Ctrl Pts',(73.100008088816,66.6017764880322,46.1425645947462));
#5400=CARTESIAN_POINT('',(74.300008088816,68.0669897868298,45.5552520155912));
#5401=CARTESIAN_POINT('Ctrl Pts',(74.300008088816,68.0669897868298,45.5552520155912));
#5402=CARTESIAN_POINT('Ctrl Pts',(74.300008088816,67.7844644500372,45.577087805786));
#5403=CARTESIAN_POINT('Ctrl Pts',(74.300008088816,67.2336755534299,45.6196571233718));
#5404=CARTESIAN_POINT('Ctrl Pts',(74.300008088816,66.8087418556323,45.9712971519533));
#5405=CARTESIAN_POINT('Ctrl Pts',(74.300008088816,66.6017764880322,46.1425645947462));
#5406=CARTESIAN_POINT('',(73.300008088816,68.0669897868298,45.5552520155912));
#5407=CARTESIAN_POINT('',(74.300008088816,68.0669897868298,45.5552520155912));
#5408=CARTESIAN_POINT('Ctrl Pts',(73.300008088816,68.0669897868298,45.5552520155912));
#5409=CARTESIAN_POINT('Ctrl Pts',(73.300008088816,67.7844644500372,45.577087805786));
#5410=CARTESIAN_POINT('Ctrl Pts',(73.300008088816,67.2336755534299,45.6196571233718));
#5411=CARTESIAN_POINT('Ctrl Pts',(73.300008088816,66.8087418556323,45.9712971519533));
#5412=CARTESIAN_POINT('Ctrl Pts',(73.300008088816,66.6017764880322,46.1425645947462));
#5413=CARTESIAN_POINT('Ctrl Pts',(74.300008088816,69.4339722468518,46.038198947907));
#5414=CARTESIAN_POINT('Ctrl Pts',(73.100008088816,69.4339722468518,46.038198947907));
#5415=CARTESIAN_POINT('Ctrl Pts',(74.300008088816,69.2338057536363,45.8973612139239));
#5416=CARTESIAN_POINT('Ctrl Pts',(73.100008088816,69.2338057536363,45.8973612139239));
#5417=CARTESIAN_POINT('Ctrl Pts',(74.300008088816,68.8238134459759,45.6088894191004));
#5418=CARTESIAN_POINT('Ctrl Pts',(73.100008088816,68.8238134459759,45.6088894191004));
#5419=CARTESIAN_POINT('Ctrl Pts',(74.300008088816,68.3231958172894,45.5734097807075));
#5420=CARTESIAN_POINT('Ctrl Pts',(73.100008088816,68.3231958172894,45.5734097807075));
#5421=CARTESIAN_POINT('Ctrl Pts',(74.300008088816,68.0669897868298,45.5552520155912));
#5422=CARTESIAN_POINT('Ctrl Pts',(73.100008088816,68.0669897868298,45.5552520155912));
#5423=CARTESIAN_POINT('',(74.300008088816,69.4339722468518,46.038198947907));
#5424=CARTESIAN_POINT('Ctrl Pts',(74.300008088816,69.4339722468518,46.038198947907));
#5425=CARTESIAN_POINT('Ctrl Pts',(74.300008088816,69.2338057536363,45.8973612139239));
#5426=CARTESIAN_POINT('Ctrl Pts',(74.300008088816,68.8238134459759,45.6088894191004));
#5427=CARTESIAN_POINT('Ctrl Pts',(74.300008088816,68.3231958172894,45.5734097807075));
#5428=CARTESIAN_POINT('Ctrl Pts',(74.300008088816,68.0669897868298,45.5552520155912));
#5429=CARTESIAN_POINT('',(73.300008088816,69.4339722468518,46.038198947907));
#5430=CARTESIAN_POINT('',(74.300008088816,69.4339722468518,46.038198947907));
#5431=CARTESIAN_POINT('Ctrl Pts',(73.300008088816,69.4339722468518,46.038198947907));
#5432=CARTESIAN_POINT('Ctrl Pts',(73.300008088816,69.2338057536363,45.8973612139239));
#5433=CARTESIAN_POINT('Ctrl Pts',(73.300008088816,68.8238134459759,45.6088894191004));
#5434=CARTESIAN_POINT('Ctrl Pts',(73.300008088816,68.3231958172894,45.5734097807075));
#5435=CARTESIAN_POINT('Ctrl Pts',(73.300008088816,68.0669897868298,45.5552520155912));
#5436=CARTESIAN_POINT('Ctrl Pts',(74.300008088816,70.1051873042248,47.8267394304281));
#5437=CARTESIAN_POINT('Ctrl Pts',(73.100008088816,70.1051873042248,47.8267394304281));
#5438=CARTESIAN_POINT('Ctrl Pts',(74.300008088816,70.0883984281335,47.4608957394574));
#5439=CARTESIAN_POINT('Ctrl Pts',(73.100008088816,70.0883984281335,47.4608957394574));
#5440=CARTESIAN_POINT('Ctrl Pts',(74.300008088816,70.0575188078639,46.7880029148426));
#5441=CARTESIAN_POINT('Ctrl Pts',(73.100008088816,70.0575188078639,46.7880029148426));
#5442=CARTESIAN_POINT('Ctrl Pts',(74.300008088816,69.6293505850604,46.2731380241555));
#5443=CARTESIAN_POINT('Ctrl Pts',(73.100008088816,69.6293505850604,46.2731380241555));
#5444=CARTESIAN_POINT('Ctrl Pts',(74.300008088816,69.4339722468518,46.038198947907));
#5445=CARTESIAN_POINT('Ctrl Pts',(73.100008088816,69.4339722468518,46.038198947907));
#5446=CARTESIAN_POINT('',(74.300008088816,70.1051873042248,47.8267394304281));
#5447=CARTESIAN_POINT('Ctrl Pts',(74.300008088816,70.1051873042248,47.8267394304281));
#5448=CARTESIAN_POINT('Ctrl Pts',(74.300008088816,70.0883984281335,47.4608957394574));
#5449=CARTESIAN_POINT('Ctrl Pts',(74.300008088816,70.0575188078639,46.7880029148426));
#5450=CARTESIAN_POINT('Ctrl Pts',(74.300008088816,69.6293505850604,46.2731380241555));
#5451=CARTESIAN_POINT('Ctrl Pts',(74.300008088816,69.4339722468518,46.038198947907));
#5452=CARTESIAN_POINT('',(73.300008088816,70.1051873042248,47.8267394304281));
#5453=CARTESIAN_POINT('',(74.300008088816,70.1051873042248,47.8267394304281));
#5454=CARTESIAN_POINT('Ctrl Pts',(73.300008088816,70.1051873042248,47.8267394304281));
#5455=CARTESIAN_POINT('Ctrl Pts',(73.300008088816,70.0883984281335,47.4608957394574));
#5456=CARTESIAN_POINT('Ctrl Pts',(73.300008088816,70.0575188078639,46.7880029148426));
#5457=CARTESIAN_POINT('Ctrl Pts',(73.300008088816,69.6293505850604,46.2731380241555));
#5458=CARTESIAN_POINT('Ctrl Pts',(73.300008088816,69.4339722468518,46.038198947907));
#5459=CARTESIAN_POINT('Ctrl Pts',(74.300008088816,69.5424312426709,49.5129601955419));
#5460=CARTESIAN_POINT('Ctrl Pts',(73.100008088816,69.5424312426709,49.5129601955419));
#5461=CARTESIAN_POINT('Ctrl Pts',(74.300008088816,69.7062613656243,49.2830507984742));
#5462=CARTESIAN_POINT('Ctrl Pts',(73.100008088816,69.7062613656243,49.2830507984742));
#5463=CARTESIAN_POINT('Ctrl Pts',(74.300008088816,70.0640539556335,48.7809460746212));
#5464=CARTESIAN_POINT('Ctrl Pts',(73.100008088816,70.0640539556335,48.7809460746212));
#5465=CARTESIAN_POINT('Ctrl Pts',(74.300008088816,70.0907273991114,48.1621786301579));
#5466=CARTESIAN_POINT('Ctrl Pts',(73.100008088816,70.0907273991114,48.1621786301579));
#5467=CARTESIAN_POINT('Ctrl Pts',(74.300008088816,70.1051873042248,47.8267394304281));
#5468=CARTESIAN_POINT('Ctrl Pts',(73.100008088816,70.1051873042248,47.8267394304281));
#5469=CARTESIAN_POINT('Ctrl Pts',(74.300008088816,69.5424312426709,49.5129601955419));
#5470=CARTESIAN_POINT('Ctrl Pts',(74.300008088816,69.7062613656243,49.2830507984742));
#5471=CARTESIAN_POINT('Ctrl Pts',(74.300008088816,70.0640539556335,48.7809460746212));
#5472=CARTESIAN_POINT('Ctrl Pts',(74.300008088816,70.0907273991114,48.1621786301579));
#5473=CARTESIAN_POINT('Ctrl Pts',(74.300008088816,70.1051873042248,47.8267394304281));
#5474=CARTESIAN_POINT('Ctrl Pts',(73.300008088816,69.5424312426709,49.5129601955419));
#5475=CARTESIAN_POINT('Ctrl Pts',(73.300008088816,69.7062613656243,49.2830507984742));
#5476=CARTESIAN_POINT('Ctrl Pts',(73.300008088816,70.0640539556335,48.7809460746212));
#5477=CARTESIAN_POINT('Ctrl Pts',(73.300008088816,70.0907273991114,48.1621786301579));
#5478=CARTESIAN_POINT('Ctrl Pts',(73.300008088816,70.1051873042248,47.8267394304281));
#5479=CARTESIAN_POINT('Origin',(73.300008088816,68.2000029160641,47.0491130948072));
#5480=CARTESIAN_POINT('Origin',(74.300008088816,64.4326084925793,47.6261936426168));
#5481=CARTESIAN_POINT('',(74.300008088816,64.4326084925793,47.6261936426168));
#5482=CARTESIAN_POINT('',(74.300008088816,64.4326084925793,49.9999998807913));
#5483=CARTESIAN_POINT('',(74.300008088816,64.4326084925793,49.3130968213087));
#5484=CARTESIAN_POINT('',(73.300008088816,64.4326084925793,47.6261936426168));
#5485=CARTESIAN_POINT('',(74.300008088816,64.4326084925793,47.6261936426168));
#5486=CARTESIAN_POINT('',(73.300008088816,64.4326084925793,49.9999998807913));
#5487=CARTESIAN_POINT('',(73.300008088816,64.4326084925793,47.6261936426168));
#5488=CARTESIAN_POINT('',(74.300008088816,64.4326084925793,49.9999998807913));
#5489=CARTESIAN_POINT('Ctrl Pts',(74.300008088816,64.0908616854809,46.4924966096883));
#5490=CARTESIAN_POINT('Ctrl Pts',(73.100008088816,64.0908616854809,46.4924966096883));
#5491=CARTESIAN_POINT('Ctrl Pts',(74.300008088816,64.1898508677793,46.6321553467083));
#5492=CARTESIAN_POINT('Ctrl Pts',(73.100008088816,64.1898508677793,46.6321553467083));
#5493=CARTESIAN_POINT('Ctrl Pts',(74.300008088816,64.4277907007841,46.9678523975644));
#5494=CARTESIAN_POINT('Ctrl Pts',(73.100008088816,64.4277907007841,46.9678523975644));
#5495=CARTESIAN_POINT('Ctrl Pts',(74.300008088816,64.4308322861378,47.3834787205361));
#5496=CARTESIAN_POINT('Ctrl Pts',(73.100008088816,64.4308322861378,47.3834787205361));
#5497=CARTESIAN_POINT('Ctrl Pts',(74.300008088816,64.4326084925793,47.6261936426168));
#5498=CARTESIAN_POINT('Ctrl Pts',(73.100008088816,64.4326084925793,47.6261936426168));
#5499=CARTESIAN_POINT('',(74.300008088816,64.0908616854809,46.4924966096883));
#5500=CARTESIAN_POINT('Ctrl Pts',(74.300008088816,64.0908616854809,46.4924966096883));
#5501=CARTESIAN_POINT('Ctrl Pts',(74.300008088816,64.1898508677793,46.6321553467083));
#5502=CARTESIAN_POINT('Ctrl Pts',(74.300008088816,64.4277907007841,46.9678523975644));
#5503=CARTESIAN_POINT('Ctrl Pts',(74.300008088816,64.4308322861378,47.3834787205361));
#5504=CARTESIAN_POINT('Ctrl Pts',(74.300008088816,64.4326084925793,47.6261936426168));
#5505=CARTESIAN_POINT('',(73.300008088816,64.0908616854809,46.4924966096883));
#5506=CARTESIAN_POINT('',(74.300008088816,64.0908616854809,46.4924966096883));
#5507=CARTESIAN_POINT('Ctrl Pts',(73.300008088816,64.0908616854809,46.4924966096883));
#5508=CARTESIAN_POINT('Ctrl Pts',(73.300008088816,64.1898508677793,46.6321553467083));
#5509=CARTESIAN_POINT('Ctrl Pts',(73.300008088816,64.4277907007841,46.9678523975644));
#5510=CARTESIAN_POINT('Ctrl Pts',(73.300008088816,64.4308322861378,47.3834787205361));
#5511=CARTESIAN_POINT('Ctrl Pts',(73.300008088816,64.4326084925793,47.6261936426168));
#5512=CARTESIAN_POINT('Ctrl Pts',(74.300008088816,63.2784479930066,46.1937241554266));
#5513=CARTESIAN_POINT('Ctrl Pts',(73.100008088816,63.2784479930066,46.1937241554266));
#5514=CARTESIAN_POINT('Ctrl Pts',(74.300008088816,63.4293849462413,46.2056689045737));
#5515=CARTESIAN_POINT('Ctrl Pts',(73.100008088816,63.4293849462413,46.2056689045737));
#5516=CARTESIAN_POINT('Ctrl Pts',(74.300008088816,63.7282776195334,46.2293224760012));
#5517=CARTESIAN_POINT('Ctrl Pts',(73.100008088816,63.7282776195334,46.2293224760012));
#5518=CARTESIAN_POINT('Ctrl Pts',(74.300008088816,63.9708066794498,46.4053571703848));
#5519=CARTESIAN_POINT('Ctrl Pts',(73.100008088816,63.9708066794498,46.4053571703848));
#5520=CARTESIAN_POINT('Ctrl Pts',(74.300008088816,64.0908616854809,46.4924966096883));
#5521=CARTESIAN_POINT('Ctrl Pts',(73.100008088816,64.0908616854809,46.4924966096883));
#5522=CARTESIAN_POINT('',(74.300008088816,63.2784479930066,46.1937241554266));
#5523=CARTESIAN_POINT('Ctrl Pts',(74.300008088816,63.2784479930066,46.1937241554266));
#5524=CARTESIAN_POINT('Ctrl Pts',(74.300008088816,63.4293849462413,46.2056689045737));
#5525=CARTESIAN_POINT('Ctrl Pts',(74.300008088816,63.7282776195334,46.2293224760012));
#5526=CARTESIAN_POINT('Ctrl Pts',(74.300008088816,63.9708066794498,46.4053571703848));
#5527=CARTESIAN_POINT('Ctrl Pts',(74.300008088816,64.0908616854809,46.4924966096883));
#5528=CARTESIAN_POINT('',(73.300008088816,63.2784479930066,46.1937241554266));
#5529=CARTESIAN_POINT('',(74.300008088816,63.2784479930066,46.1937241554266));
#5530=CARTESIAN_POINT('Ctrl Pts',(73.300008088816,63.2784479930066,46.1937241554266));
#5531=CARTESIAN_POINT('Ctrl Pts',(73.300008088816,63.4293849462413,46.2056689045737));
#5532=CARTESIAN_POINT('Ctrl Pts',(73.300008088816,63.7282776195334,46.2293224760012));
#5533=CARTESIAN_POINT('Ctrl Pts',(73.300008088816,63.9708066794498,46.4053571703848));
#5534=CARTESIAN_POINT('Ctrl Pts',(73.300008088816,64.0908616854809,46.4924966096883));
#5535=CARTESIAN_POINT('Ctrl Pts',(74.300008088816,62.7648037745617,46.3267393708234));
#5536=CARTESIAN_POINT('Ctrl Pts',(73.100008088816,62.7648037745617,46.3267393708234));
#5537=CARTESIAN_POINT('Ctrl Pts',(74.300008088816,62.8426399135814,46.2879579534731));
#5538=CARTESIAN_POINT('Ctrl Pts',(73.100008088816,62.8426399135814,46.2879579534731));
#5539=CARTESIAN_POINT('Ctrl Pts',(74.300008088816,63.0042813999913,46.2074209943621));
#5540=CARTESIAN_POINT('Ctrl Pts',(73.100008088816,63.0042813999913,46.2074209943621));
#5541=CARTESIAN_POINT('Ctrl Pts',(74.300008088816,63.1848365733165,46.1984008030222));
#5542=CARTESIAN_POINT('Ctrl Pts',(73.100008088816,63.1848365733165,46.1984008030222));
#5543=CARTESIAN_POINT('Ctrl Pts',(74.300008088816,63.2784479930066,46.1937241554266));
#5544=CARTESIAN_POINT('Ctrl Pts',(73.100008088816,63.2784479930066,46.1937241554266));
#5545=CARTESIAN_POINT('',(74.300008088816,62.7648037745617,46.3267393708234));
#5546=CARTESIAN_POINT('Ctrl Pts',(74.300008088816,62.7648037745617,46.3267393708234));
#5547=CARTESIAN_POINT('Ctrl Pts',(74.300008088816,62.8426399135814,46.2879579534731));
#5548=CARTESIAN_POINT('Ctrl Pts',(74.300008088816,63.0042813999913,46.2074209943621));
#5549=CARTESIAN_POINT('Ctrl Pts',(74.300008088816,63.1848365733165,46.1984008030222));
#5550=CARTESIAN_POINT('Ctrl Pts',(74.300008088816,63.2784479930066,46.1937241554266));
#5551=CARTESIAN_POINT('',(73.300008088816,62.7648037745617,46.3267393708234));
#5552=CARTESIAN_POINT('',(74.300008088816,62.7648037745617,46.3267393708234));
#5553=CARTESIAN_POINT('Ctrl Pts',(73.300008088816,62.7648037745617,46.3267393708234));
#5554=CARTESIAN_POINT('Ctrl Pts',(73.300008088816,62.8426399135814,46.2879579534731));
#5555=CARTESIAN_POINT('Ctrl Pts',(73.300008088816,63.0042813999913,46.2074209943621));
#5556=CARTESIAN_POINT('Ctrl Pts',(73.300008088816,63.1848365733165,46.1984008030222));
#5557=CARTESIAN_POINT('Ctrl Pts',(73.300008088816,63.2784479930066,46.1937241554266));
#5558=CARTESIAN_POINT('Ctrl Pts',(74.300008088816,62.4598926379345,46.682810068131));
#5559=CARTESIAN_POINT('Ctrl Pts',(73.100008088816,62.4598926379345,46.682810068131));
#5560=CARTESIAN_POINT('Ctrl Pts',(74.300008088816,62.4947486432825,46.6118114749263));
#5561=CARTESIAN_POINT('Ctrl Pts',(73.100008088816,62.4947486432825,46.6118114749263));
#5562=CARTESIAN_POINT('Ctrl Pts',(74.300008088816,62.5657954861836,46.4670953536359));
#5563=CARTESIAN_POINT('Ctrl Pts',(73.100008088816,62.5657954861836,46.4670953536359));
#5564=CARTESIAN_POINT('Ctrl Pts',(74.300008088816,62.6976419653364,46.3741070549441));
#5565=CARTESIAN_POINT('Ctrl Pts',(73.100008088816,62.6976419653364,46.3741070549441));
#5566=CARTESIAN_POINT('Ctrl Pts',(74.300008088816,62.7648037745617,46.3267393708234));
#5567=CARTESIAN_POINT('Ctrl Pts',(73.100008088816,62.7648037745617,46.3267393708234));
#5568=CARTESIAN_POINT('',(74.300008088816,62.4598926379345,46.682810068131));
#5569=CARTESIAN_POINT('Ctrl Pts',(74.300008088816,62.4598926379345,46.682810068131));
#5570=CARTESIAN_POINT('Ctrl Pts',(74.300008088816,62.4947486432825,46.6118114749263));
#5571=CARTESIAN_POINT('Ctrl Pts',(74.300008088816,62.5657954861836,46.4670953536359));
#5572=CARTESIAN_POINT('Ctrl Pts',(74.300008088816,62.6976419653364,46.3741070549441));
#5573=CARTESIAN_POINT('Ctrl Pts',(74.300008088816,62.7648037745617,46.3267393708234));
#5574=CARTESIAN_POINT('',(73.300008088816,62.4598926379345,46.682810068131));
#5575=CARTESIAN_POINT('',(74.300008088816,62.4598926379345,46.682810068131));
#5576=CARTESIAN_POINT('Ctrl Pts',(73.300008088816,62.4598926379345,46.682810068131));
#5577=CARTESIAN_POINT('Ctrl Pts',(73.300008088816,62.4947486432825,46.6118114749263));
#5578=CARTESIAN_POINT('Ctrl Pts',(73.300008088816,62.5657954861836,46.4670953536359));
#5579=CARTESIAN_POINT('Ctrl Pts',(73.300008088816,62.6976419653364,46.3741070549441));
#5580=CARTESIAN_POINT('Ctrl Pts',(73.300008088816,62.7648037745617,46.3267393708234));
#5581=CARTESIAN_POINT('Ctrl Pts',(74.300008088816,62.3739451243542,47.3560707569128));
#5582=CARTESIAN_POINT('Ctrl Pts',(73.100008088816,62.3739451243542,47.3560707569128));
#5583=CARTESIAN_POINT('Ctrl Pts',(74.300008088816,62.3746525089642,47.2240188317011));
#5584=CARTESIAN_POINT('Ctrl Pts',(73.100008088816,62.3746525089642,47.2240188317011));
#5585=CARTESIAN_POINT('Ctrl Pts',(74.300008088816,62.3758754741791,46.9957202387894));
#5586=CARTESIAN_POINT('Ctrl Pts',(73.100008088816,62.3758754741791,46.9957202387894));
#5587=CARTESIAN_POINT('Ctrl Pts',(74.300008088816,62.4349766307624,46.7756062505758));
#5588=CARTESIAN_POINT('Ctrl Pts',(73.100008088816,62.4349766307624,46.7756062505758));
#5589=CARTESIAN_POINT('Ctrl Pts',(74.300008088816,62.4598926379345,46.682810068131));
#5590=CARTESIAN_POINT('Ctrl Pts',(73.100008088816,62.4598926379345,46.682810068131));
#5591=CARTESIAN_POINT('',(74.300008088816,62.3739451243542,47.3560707569128));
#5592=CARTESIAN_POINT('Ctrl Pts',(74.300008088816,62.3739451243542,47.3560707569128));
#5593=CARTESIAN_POINT('Ctrl Pts',(74.300008088816,62.3746525089642,47.2240188317011));
#5594=CARTESIAN_POINT('Ctrl Pts',(74.300008088816,62.3758754741791,46.9957202387894));
#5595=CARTESIAN_POINT('Ctrl Pts',(74.300008088816,62.4349766307624,46.7756062505758));
#5596=CARTESIAN_POINT('Ctrl Pts',(74.300008088816,62.4598926379345,46.682810068131));
#5597=CARTESIAN_POINT('',(73.300008088816,62.3739451243542,47.3560707569128));
#5598=CARTESIAN_POINT('',(74.300008088816,62.3739451243542,47.3560707569128));
#5599=CARTESIAN_POINT('Ctrl Pts',(73.300008088816,62.3739451243542,47.3560707569128));
#5600=CARTESIAN_POINT('Ctrl Pts',(73.300008088816,62.3746525089642,47.2240188317011));
#5601=CARTESIAN_POINT('Ctrl Pts',(73.300008088816,62.3758754741791,46.9957202387894));
#5602=CARTESIAN_POINT('Ctrl Pts',(73.300008088816,62.4349766307624,46.7756062505758));
#5603=CARTESIAN_POINT('Ctrl Pts',(73.300008088816,62.4598926379345,46.682810068131));
#5604=CARTESIAN_POINT('Origin',(74.300008088816,62.3739451243542,49.9999998807913));
#5605=CARTESIAN_POINT('',(74.300008088816,62.3739451243542,49.9999998807913));
#5606=CARTESIAN_POINT('',(74.300008088816,62.3739451243542,50.4999999403959));
#5607=CARTESIAN_POINT('',(73.300008088816,62.3739451243542,49.9999998807913));
#5608=CARTESIAN_POINT('',(74.300008088816,62.3739451243542,49.9999998807913));
#5609=CARTESIAN_POINT('',(73.300008088816,62.3739451243542,49.9999998807913));
#5610=CARTESIAN_POINT('Origin',(74.300008088816,61.6372460200451,49.9999998807913));
#5611=CARTESIAN_POINT('',(74.300008088816,61.6372460200451,49.9999998807913));
#5612=CARTESIAN_POINT('',(74.300008088816,62.9186245798133,49.9999998807913));
#5613=CARTESIAN_POINT('',(73.300008088816,61.6372460200451,49.9999998807913));
#5614=CARTESIAN_POINT('',(74.300008088816,61.6372460200451,49.9999998807913));
#5615=CARTESIAN_POINT('',(73.300008088816,61.6372460200451,49.9999998807913));
#5616=CARTESIAN_POINT('Origin',(74.300008088816,61.6372460200451,47.3274217844015));
#5617=CARTESIAN_POINT('',(74.300008088816,61.6372460200451,47.3274217844015));
#5618=CARTESIAN_POINT('',(74.300008088816,61.6372460200451,49.163710892201));
#5619=CARTESIAN_POINT('',(73.300008088816,61.6372460200451,47.3274217844015));
#5620=CARTESIAN_POINT('',(74.300008088816,61.6372460200451,47.3274217844015));
#5621=CARTESIAN_POINT('',(73.300008088816,61.6372460200451,47.3274217844015));
#5622=CARTESIAN_POINT('Ctrl Pts',(74.300008088816,61.6781729533337,46.6111867427831));
#5623=CARTESIAN_POINT('Ctrl Pts',(73.100008088816,61.6781729533337,46.6111867427831));
#5624=CARTESIAN_POINT('Ctrl Pts',(74.300008088816,61.6663624877731,46.7048750998037));
#5625=CARTESIAN_POINT('Ctrl Pts',(73.100008088816,61.6663624877731,46.7048750998037));
#5626=CARTESIAN_POINT('Ctrl Pts',(74.300008088816,61.6364021599212,46.9425400654934));
#5627=CARTESIAN_POINT('Ctrl Pts',(73.100008088816,61.6364021599212,46.9425400654934));
#5628=CARTESIAN_POINT('Ctrl Pts',(74.300008088816,61.6369276686731,47.182222811464));
#5629=CARTESIAN_POINT('Ctrl Pts',(73.100008088816,61.6369276686731,47.182222811464));
#5630=CARTESIAN_POINT('Ctrl Pts',(74.300008088816,61.6372460200451,47.3274217844015));
#5631=CARTESIAN_POINT('Ctrl Pts',(73.100008088816,61.6372460200451,47.3274217844015));
#5632=CARTESIAN_POINT('',(74.300008088816,61.6781729533337,46.6111867427831));
#5633=CARTESIAN_POINT('Ctrl Pts',(74.300008088816,61.6781729533337,46.6111867427831));
#5634=CARTESIAN_POINT('Ctrl Pts',(74.300008088816,61.6663624877731,46.7048750998037));
#5635=CARTESIAN_POINT('Ctrl Pts',(74.300008088816,61.6364021599212,46.9425400654934));
#5636=CARTESIAN_POINT('Ctrl Pts',(74.300008088816,61.6369276686731,47.182222811464));
#5637=CARTESIAN_POINT('Ctrl Pts',(74.300008088816,61.6372460200451,47.3274217844015));
#5638=CARTESIAN_POINT('',(73.300008088816,61.6781729533337,46.6111867427831));
#5639=CARTESIAN_POINT('',(74.300008088816,61.6781729533337,46.6111867427831));
#5640=CARTESIAN_POINT('Ctrl Pts',(73.300008088816,61.6781729533337,46.6111867427831));
#5641=CARTESIAN_POINT('Ctrl Pts',(73.300008088816,61.6663624877731,46.7048750998037));
#5642=CARTESIAN_POINT('Ctrl Pts',(73.300008088816,61.6364021599212,46.9425400654934));
#5643=CARTESIAN_POINT('Ctrl Pts',(73.300008088816,61.6369276686731,47.182222811464));
#5644=CARTESIAN_POINT('Ctrl Pts',(73.300008088816,61.6372460200451,47.3274217844015));
#5645=CARTESIAN_POINT('Ctrl Pts',(74.300008088816,61.9073695017956,46.0668485164648));
#5646=CARTESIAN_POINT('Ctrl Pts',(73.100008088816,61.9073695017956,46.0668485164648));
#5647=CARTESIAN_POINT('Ctrl Pts',(74.300008088816,61.8565503286044,46.1485233939479));
#5648=CARTESIAN_POINT('Ctrl Pts',(73.100008088816,61.8565503286044,46.1485233939479));
#5649=CARTESIAN_POINT('Ctrl Pts',(74.300008088816,61.7512900205373,46.3176942447381));
#5650=CARTESIAN_POINT('Ctrl Pts',(73.100008088816,61.7512900205373,46.3176942447381));
#5651=CARTESIAN_POINT('Ctrl Pts',(74.300008088816,61.703098063865,46.5111371478847));
#5652=CARTESIAN_POINT('Ctrl Pts',(73.100008088816,61.703098063865,46.5111371478847));
#5653=CARTESIAN_POINT('Ctrl Pts',(74.300008088816,61.6781729533337,46.6111867427831));
#5654=CARTESIAN_POINT('Ctrl Pts',(73.100008088816,61.6781729533337,46.6111867427831));
#5655=CARTESIAN_POINT('',(74.300008088816,61.9073695017956,46.0668485164648));
#5656=CARTESIAN_POINT('Ctrl Pts',(74.300008088816,61.9073695017956,46.0668485164648));
#5657=CARTESIAN_POINT('Ctrl Pts',(74.300008088816,61.8565503286044,46.1485233939479));
#5658=CARTESIAN_POINT('Ctrl Pts',(74.300008088816,61.7512900205373,46.3176942447381));
#5659=CARTESIAN_POINT('Ctrl Pts',(74.300008088816,61.703098063865,46.5111371478847));
#5660=CARTESIAN_POINT('Ctrl Pts',(74.300008088816,61.6781729533337,46.6111867427831));
#5661=CARTESIAN_POINT('',(73.300008088816,61.9073695017956,46.0668485164648));
#5662=CARTESIAN_POINT('',(74.300008088816,61.9073695017956,46.0668485164648));
#5663=CARTESIAN_POINT('Ctrl Pts',(73.300008088816,61.9073695017956,46.0668485164648));
#5664=CARTESIAN_POINT('Ctrl Pts',(73.300008088816,61.8565503286044,46.1485233939479));
#5665=CARTESIAN_POINT('Ctrl Pts',(73.300008088816,61.7512900205373,46.3176942447381));
#5666=CARTESIAN_POINT('Ctrl Pts',(73.300008088816,61.703098063865,46.5111371478847));
#5667=CARTESIAN_POINT('Ctrl Pts',(73.300008088816,61.6781729533337,46.6111867427831));
#5668=CARTESIAN_POINT('Ctrl Pts',(74.300008088816,62.4005478694104,45.6964527368551));
#5669=CARTESIAN_POINT('Ctrl Pts',(73.100008088816,62.4005478694104,45.6964527368551));
#5670=CARTESIAN_POINT('Ctrl Pts',(74.300008088816,62.2996550433368,45.7444678574581));
#5671=CARTESIAN_POINT('Ctrl Pts',(73.100008088816,62.2996550433368,45.7444678574581));
#5672=CARTESIAN_POINT('Ctrl Pts',(74.300008088816,62.1098998112681,45.8347727949585));
#5673=CARTESIAN_POINT('Ctrl Pts',(73.100008088816,62.1098998112681,45.8347727949585));
#5674=CARTESIAN_POINT('Ctrl Pts',(74.300008088816,61.9719645888538,45.9928302054583));
#5675=CARTESIAN_POINT('Ctrl Pts',(73.100008088816,61.9719645888538,45.9928302054583));
#5676=CARTESIAN_POINT('Ctrl Pts',(74.300008088816,61.9073695017956,46.0668485164648));
#5677=CARTESIAN_POINT('Ctrl Pts',(73.100008088816,61.9073695017956,46.0668485164648));
#5678=CARTESIAN_POINT('',(74.300008088816,62.4005478694104,45.6964527368551));
#5679=CARTESIAN_POINT('Ctrl Pts',(74.300008088816,62.4005478694104,45.6964527368551));
#5680=CARTESIAN_POINT('Ctrl Pts',(74.300008088816,62.2996550433368,45.7444678574581));
#5681=CARTESIAN_POINT('Ctrl Pts',(74.300008088816,62.1098998112681,45.8347727949585));
#5682=CARTESIAN_POINT('Ctrl Pts',(74.300008088816,61.9719645888538,45.9928302054583));
#5683=CARTESIAN_POINT('Ctrl Pts',(74.300008088816,61.9073695017956,46.0668485164648));
#5684=CARTESIAN_POINT('',(73.300008088816,62.4005478694104,45.6964527368551));
#5685=CARTESIAN_POINT('',(74.300008088816,62.4005478694104,45.6964527368551));
#5686=CARTESIAN_POINT('Ctrl Pts',(73.300008088816,62.4005478694104,45.6964527368551));
#5687=CARTESIAN_POINT('Ctrl Pts',(73.300008088816,62.2996550433368,45.7444678574581));
#5688=CARTESIAN_POINT('Ctrl Pts',(73.300008088816,62.1098998112681,45.8347727949585));
#5689=CARTESIAN_POINT('Ctrl Pts',(73.300008088816,61.9719645888538,45.9928302054583));
#5690=CARTESIAN_POINT('Ctrl Pts',(73.300008088816,61.9073695017956,46.0668485164648));
#5691=CARTESIAN_POINT('Ctrl Pts',(74.300008088816,63.122922785487,45.5552523136144));
#5692=CARTESIAN_POINT('Ctrl Pts',(73.100008088816,63.122922785487,45.5552523136144));
#5693=CARTESIAN_POINT('Ctrl Pts',(74.300008088816,62.9959614516618,45.5605589305193));
#5694=CARTESIAN_POINT('Ctrl Pts',(73.100008088816,62.9959614516618,45.5605589305193));
#5695=CARTESIAN_POINT('Ctrl Pts',(74.300008088816,62.7479040739056,45.570927012159));
#5696=CARTESIAN_POINT('Ctrl Pts',(73.100008088816,62.7479040739056,45.570927012159));
#5697=CARTESIAN_POINT('Ctrl Pts',(74.300008088816,62.5144936158889,45.6552756333007));
#5698=CARTESIAN_POINT('Ctrl Pts',(73.100008088816,62.5144936158889,45.6552756333007));
#5699=CARTESIAN_POINT('Ctrl Pts',(74.300008088816,62.4005478694104,45.6964527368551));
#5700=CARTESIAN_POINT('Ctrl Pts',(73.100008088816,62.4005478694104,45.6964527368551));
#5701=CARTESIAN_POINT('',(74.300008088816,63.122922785487,45.5552523136144));
#5702=CARTESIAN_POINT('Ctrl Pts',(74.300008088816,63.122922785487,45.5552523136144));
#5703=CARTESIAN_POINT('Ctrl Pts',(74.300008088816,62.9959614516618,45.5605589305193));
#5704=CARTESIAN_POINT('Ctrl Pts',(74.300008088816,62.7479040739056,45.570927012159));
#5705=CARTESIAN_POINT('Ctrl Pts',(74.300008088816,62.5144936158889,45.6552756333007));
#5706=CARTESIAN_POINT('Ctrl Pts',(74.300008088816,62.4005478694104,45.6964527368551));
#5707=CARTESIAN_POINT('',(73.300008088816,63.122922785487,45.5552523136144));
#5708=CARTESIAN_POINT('',(74.300008088816,63.122922785487,45.5552523136144));
#5709=CARTESIAN_POINT('Ctrl Pts',(73.300008088816,63.122922785487,45.5552523136144));
#5710=CARTESIAN_POINT('Ctrl Pts',(73.300008088816,62.9959614516618,45.5605589305193));
#5711=CARTESIAN_POINT('Ctrl Pts',(73.300008088816,62.7479040739056,45.570927012159));
#5712=CARTESIAN_POINT('Ctrl Pts',(73.300008088816,62.5144936158889,45.6552756333007));
#5713=CARTESIAN_POINT('Ctrl Pts',(73.300008088816,62.4005478694104,45.6964527368551));
#5714=CARTESIAN_POINT('Ctrl Pts',(74.300008088816,64.5062774493359,46.2714867591863));
#5715=CARTESIAN_POINT('Ctrl Pts',(73.100008088816,64.5062774493359,46.2714867591863));
#5716=CARTESIAN_POINT('Ctrl Pts',(74.300008088816,64.3267814989646,46.0625977076617));
#5717=CARTESIAN_POINT('Ctrl Pts',(73.100008088816,64.3267814989646,46.0625977076617));
#5718=CARTESIAN_POINT('Ctrl Pts',(74.300008088816,63.9624761796545,45.6386360948306));
#5719=CARTESIAN_POINT('Ctrl Pts',(73.100008088816,63.9624761796545,45.6386360948306));
#5720=CARTESIAN_POINT('Ctrl Pts',(74.300008088816,63.4054818506275,45.5833158571984));
#5721=CARTESIAN_POINT('Ctrl Pts',(73.100008088816,63.4054818506275,45.5833158571984));
#5722=CARTESIAN_POINT('Ctrl Pts',(74.300008088816,63.122922785487,45.5552523136144));
#5723=CARTESIAN_POINT('Ctrl Pts',(73.100008088816,63.122922785487,45.5552523136144));
#5724=CARTESIAN_POINT('',(74.300008088816,64.5062774493359,46.2714867591863));
#5725=CARTESIAN_POINT('Ctrl Pts',(74.300008088816,64.5062774493359,46.2714867591863));
#5726=CARTESIAN_POINT('Ctrl Pts',(74.300008088816,64.3267814989646,46.0625977076617));
#5727=CARTESIAN_POINT('Ctrl Pts',(74.300008088816,63.9624761796545,45.6386360948306));
#5728=CARTESIAN_POINT('Ctrl Pts',(74.300008088816,63.4054818506275,45.5833158571984));
#5729=CARTESIAN_POINT('Ctrl Pts',(74.300008088816,63.122922785487,45.5552523136144));
#5730=CARTESIAN_POINT('',(73.300008088816,64.5062774493359,46.2714867591863));
#5731=CARTESIAN_POINT('',(74.300008088816,64.5062774493359,46.2714867591863));
#5732=CARTESIAN_POINT('Ctrl Pts',(73.300008088816,64.5062774493359,46.2714867591863));
#5733=CARTESIAN_POINT('Ctrl Pts',(73.300008088816,64.3267814989646,46.0625977076617));
#5734=CARTESIAN_POINT('Ctrl Pts',(73.300008088816,63.9624761796545,45.6386360948306));
#5735=CARTESIAN_POINT('Ctrl Pts',(73.300008088816,63.4054818506275,45.5833158571984));
#5736=CARTESIAN_POINT('Ctrl Pts',(73.300008088816,63.122922785487,45.5552523136144));
#5737=CARTESIAN_POINT('Origin',(74.300008088816,64.5062774493359,45.6534786820417));
#5738=CARTESIAN_POINT('',(74.300008088816,64.5062774493359,45.6534786820417));
#5739=CARTESIAN_POINT('',(74.300008088816,64.5062774493359,48.3267393410211));
#5740=CARTESIAN_POINT('',(73.300008088816,64.5062774493359,45.6534786820417));
#5741=CARTESIAN_POINT('',(74.300008088816,64.5062774493359,45.6534786820417));
#5742=CARTESIAN_POINT('',(73.300008088816,64.5062774493359,45.6534786820417));
#5743=CARTESIAN_POINT('Origin',(74.300008088816,65.1693075968884,45.6534786820417));
#5744=CARTESIAN_POINT('',(74.300008088816,65.1693075968884,45.6534786820417));
#5745=CARTESIAN_POINT('',(74.300008088816,64.684655368235,45.6534786820417));
#5746=CARTESIAN_POINT('',(73.300008088816,65.1693075968884,45.6534786820417));
#5747=CARTESIAN_POINT('',(74.300008088816,65.1693075968884,45.6534786820417));
#5748=CARTESIAN_POINT('',(73.300008088816,65.1693075968884,45.6534786820417));
#5749=CARTESIAN_POINT('Origin',(74.300008088816,65.1693075968884,49.9999998807913));
#5750=CARTESIAN_POINT('',(74.300008088816,65.1693075968884,49.9999998807913));
#5751=CARTESIAN_POINT('',(74.300008088816,65.1693075968884,50.4999999403959));
#5752=CARTESIAN_POINT('',(73.300008088816,65.1693075968884,49.9999998807913));
#5753=CARTESIAN_POINT('',(74.300008088816,65.1693075968884,49.9999998807913));
#5754=CARTESIAN_POINT('',(73.300008088816,65.1693075968884,49.9999998807913));
#5755=CARTESIAN_POINT('Origin',(74.300008088816,64.4326084925793,49.9999998807913));
#5756=CARTESIAN_POINT('',(74.300008088816,64.3163058160804,49.9999998807913));
#5757=CARTESIAN_POINT('',(73.300008088816,64.4326084925793,49.9999998807913));
#5758=CARTESIAN_POINT('Origin',(73.300008088816,68.2000029160641,47.0491130948072));
#5759=CARTESIAN_POINT('Ctrl Pts',(74.300008088816,59.4742173030041,49.3165074586874));
#5760=CARTESIAN_POINT('Ctrl Pts',(73.100008088816,59.4742173030041,49.3165074586874));
#5761=CARTESIAN_POINT('Ctrl Pts',(74.300008088816,59.4390698204761,49.3319685302698));
#5762=CARTESIAN_POINT('Ctrl Pts',(73.100008088816,59.4390698204761,49.3319685302698));
#5763=CARTESIAN_POINT('Ctrl Pts',(74.300008088816,59.3591455319338,49.3671265290069));
#5764=CARTESIAN_POINT('Ctrl Pts',(73.100008088816,59.3591455319338,49.3671265290069));
#5765=CARTESIAN_POINT('Ctrl Pts',(74.300008088816,59.2715747309704,49.3687846171025));
#5766=CARTESIAN_POINT('Ctrl Pts',(73.100008088816,59.2715747309704,49.3687846171025));
#5767=CARTESIAN_POINT('Ctrl Pts',(74.300008088816,59.222514040675,49.3697135448461));
#5768=CARTESIAN_POINT('Ctrl Pts',(73.100008088816,59.222514040675,49.3697135448461));
#5769=CARTESIAN_POINT('',(74.300008088816,59.4742173030041,49.3165074586874));
#5770=CARTESIAN_POINT('',(74.300008088816,59.222514040675,49.3697135448461));
#5771=CARTESIAN_POINT('Ctrl Pts',(74.300008088816,59.4742173030041,49.3165074586874));
#5772=CARTESIAN_POINT('Ctrl Pts',(74.300008088816,59.4390698204761,49.3319685302698));
#5773=CARTESIAN_POINT('Ctrl Pts',(74.300008088816,59.3591455319338,49.3671265290069));
#5774=CARTESIAN_POINT('Ctrl Pts',(74.300008088816,59.2715747309704,49.3687846171025));
#5775=CARTESIAN_POINT('Ctrl Pts',(74.300008088816,59.222514040675,49.3697135448461));
#5776=CARTESIAN_POINT('',(73.300008088816,59.4742173030041,49.3165074586874));
#5777=CARTESIAN_POINT('',(74.300008088816,59.4742173030041,49.3165074586874));
#5778=CARTESIAN_POINT('',(73.300008088816,59.222514040675,49.3697135448461));
#5779=CARTESIAN_POINT('Ctrl Pts',(73.300008088816,59.4742173030041,49.3165074586874));
#5780=CARTESIAN_POINT('Ctrl Pts',(73.300008088816,59.4390698204761,49.3319685302698));
#5781=CARTESIAN_POINT('Ctrl Pts',(73.300008088816,59.3591455319338,49.3671265290069));
#5782=CARTESIAN_POINT('Ctrl Pts',(73.300008088816,59.2715747309704,49.3687846171025));
#5783=CARTESIAN_POINT('Ctrl Pts',(73.300008088816,59.222514040675,49.3697135448461));
#5784=CARTESIAN_POINT('',(74.300008088816,59.222514040675,49.3697135448461));
#5785=CARTESIAN_POINT('Ctrl Pts',(74.300008088816,59.6010941340588,49.1732602119451));
#5786=CARTESIAN_POINT('Ctrl Pts',(73.100008088816,59.6010941340588,49.1732602119451));
#5787=CARTESIAN_POINT('Ctrl Pts',(74.300008088816,59.5859048844322,49.2018487554714));
#5788=CARTESIAN_POINT('Ctrl Pts',(73.100008088816,59.5859048844322,49.2018487554714));
#5789=CARTESIAN_POINT('Ctrl Pts',(74.300008088816,59.555135277818,49.2597619677497));
#5790=CARTESIAN_POINT('Ctrl Pts',(73.100008088816,59.555135277818,49.2597619677497));
#5791=CARTESIAN_POINT('Ctrl Pts',(74.300008088816,59.5014175602717,49.2974326862919));
#5792=CARTESIAN_POINT('Ctrl Pts',(73.100008088816,59.5014175602717,49.2974326862919));
#5793=CARTESIAN_POINT('Ctrl Pts',(74.300008088816,59.4742173030041,49.3165074586874));
#5794=CARTESIAN_POINT('Ctrl Pts',(73.100008088816,59.4742173030041,49.3165074586874));
#5795=CARTESIAN_POINT('',(74.300008088816,59.6010941340588,49.1732602119451));
#5796=CARTESIAN_POINT('Ctrl Pts',(74.300008088816,59.6010941340588,49.1732602119451));
#5797=CARTESIAN_POINT('Ctrl Pts',(74.300008088816,59.5859048844322,49.2018487554714));
#5798=CARTESIAN_POINT('Ctrl Pts',(74.300008088816,59.555135277818,49.2597619677497));
#5799=CARTESIAN_POINT('Ctrl Pts',(74.300008088816,59.5014175602717,49.2974326862919));
#5800=CARTESIAN_POINT('Ctrl Pts',(74.300008088816,59.4742173030041,49.3165074586874));
#5801=CARTESIAN_POINT('',(73.300008088816,59.6010941340588,49.1732602119451));
#5802=CARTESIAN_POINT('',(74.300008088816,59.6010941340588,49.1732602119451));
#5803=CARTESIAN_POINT('Ctrl Pts',(73.300008088816,59.6010941340588,49.1732602119451));
#5804=CARTESIAN_POINT('Ctrl Pts',(73.300008088816,59.5859048844322,49.2018487554714));
#5805=CARTESIAN_POINT('Ctrl Pts',(73.300008088816,59.555135277818,49.2597619677497));
#5806=CARTESIAN_POINT('Ctrl Pts',(73.300008088816,59.5014175602717,49.2974326862919));
#5807=CARTESIAN_POINT('Ctrl Pts',(73.300008088816,59.4742173030041,49.3165074586874));
#5808=CARTESIAN_POINT('Ctrl Pts',(74.300008088816,59.6399754359387,48.7680761814123));
#5809=CARTESIAN_POINT('Ctrl Pts',(73.100008088816,59.6399754359387,48.7680761814123));
#5810=CARTESIAN_POINT('Ctrl Pts',(74.300008088816,59.6410607197934,48.8548744596853));
#5811=CARTESIAN_POINT('Ctrl Pts',(73.100008088816,59.6410607197934,48.8548744596853));
#5812=CARTESIAN_POINT('Ctrl Pts',(74.300008088816,59.6427710453751,48.9916620062208));
#5813=CARTESIAN_POINT('Ctrl Pts',(73.100008088816,59.6427710453751,48.9916620062208));
#5814=CARTESIAN_POINT('Ctrl Pts',(74.300008088816,59.6122486143533,49.1246569555305));
#5815=CARTESIAN_POINT('Ctrl Pts',(73.100008088816,59.6122486143533,49.1246569555305));
#5816=CARTESIAN_POINT('Ctrl Pts',(74.300008088816,59.6010941340588,49.1732602119451));
#5817=CARTESIAN_POINT('Ctrl Pts',(73.100008088816,59.6010941340588,49.1732602119451));
#5818=CARTESIAN_POINT('',(74.300008088816,59.6399754359387,48.7680761814123));
#5819=CARTESIAN_POINT('Ctrl Pts',(74.300008088816,59.6399754359387,48.7680761814123));
#5820=CARTESIAN_POINT('Ctrl Pts',(74.300008088816,59.6410607197934,48.8548744596853));
#5821=CARTESIAN_POINT('Ctrl Pts',(74.300008088816,59.6427710453751,48.9916620062208));
#5822=CARTESIAN_POINT('Ctrl Pts',(74.300008088816,59.6122486143533,49.1246569555305));
#5823=CARTESIAN_POINT('Ctrl Pts',(74.300008088816,59.6010941340588,49.1732602119451));
#5824=CARTESIAN_POINT('',(73.300008088816,59.6399754359387,48.7680761814123));
#5825=CARTESIAN_POINT('',(74.300008088816,59.6399754359387,48.7680761814123));
#5826=CARTESIAN_POINT('Ctrl Pts',(73.300008088816,59.6399754359387,48.7680761814123));
#5827=CARTESIAN_POINT('Ctrl Pts',(73.300008088816,59.6410607197934,48.8548744596853));
#5828=CARTESIAN_POINT('Ctrl Pts',(73.300008088816,59.6427710453751,48.9916620062208));
#5829=CARTESIAN_POINT('Ctrl Pts',(73.300008088816,59.6122486143533,49.1246569555305));
#5830=CARTESIAN_POINT('Ctrl Pts',(73.300008088816,59.6010941340588,49.1732602119451));
#5831=CARTESIAN_POINT('Origin',(74.300008088816,59.6399754359387,46.2264664769178));
#5832=CARTESIAN_POINT('',(74.300008088816,59.6399754359387,46.2264664769178));
#5833=CARTESIAN_POINT('',(74.300008088816,59.6399754359387,48.6132332384592));
#5834=CARTESIAN_POINT('',(73.300008088816,59.6399754359387,46.2264664769178));
#5835=CARTESIAN_POINT('',(74.300008088816,59.6399754359387,46.2264664769178));
#5836=CARTESIAN_POINT('',(73.300008088816,59.6399754359387,46.2264664769178));
#5837=CARTESIAN_POINT('Origin',(74.300008088816,58.8991850688122,46.2264664769178));
#5838=CARTESIAN_POINT('',(74.300008088816,58.8991850688122,46.2264664769178));
#5839=CARTESIAN_POINT('',(74.300008088816,61.5495941041969,46.2264664769178));
#5840=CARTESIAN_POINT('',(73.300008088816,58.8991850688122,46.2264664769178));
#5841=CARTESIAN_POINT('',(74.300008088816,58.8991850688122,46.2264664769178));
#5842=CARTESIAN_POINT('',(73.300008088816,58.8991850688122,46.2264664769178));
#5843=CARTESIAN_POINT('Origin',(74.300008088816,58.8991850688122,45.6534786820417));
#5844=CARTESIAN_POINT('',(74.300008088816,58.8991850688122,45.6534786820417));
#5845=CARTESIAN_POINT('',(74.300008088816,58.8991850688122,48.3267393410211));
#5846=CARTESIAN_POINT('',(73.300008088816,58.8991850688122,45.6534786820417));
#5847=CARTESIAN_POINT('',(74.300008088816,58.8991850688122,45.6534786820417));
#5848=CARTESIAN_POINT('',(73.300008088816,58.8991850688122,45.6534786820417));
#5849=CARTESIAN_POINT('Origin',(74.300008088816,59.6399754359387,45.6534786820417));
#5850=CARTESIAN_POINT('',(74.300008088816,59.6399754359387,45.6534786820417));
#5851=CARTESIAN_POINT('',(74.300008088816,61.9199892877601,45.6534786820417));
#5852=CARTESIAN_POINT('',(73.300008088816,59.6399754359387,45.6534786820417));
#5853=CARTESIAN_POINT('',(74.300008088816,59.6399754359387,45.6534786820417));
#5854=CARTESIAN_POINT('',(73.300008088816,59.6399754359387,45.6534786820417));
#5855=CARTESIAN_POINT('Origin',(74.300008088816,59.6399754359387,44.1350607872015));
#5856=CARTESIAN_POINT('',(74.300008088816,59.6399754359387,44.1350607872015));
#5857=CARTESIAN_POINT('',(74.300008088816,59.6399754359387,47.567530393601));
#5858=CARTESIAN_POINT('',(73.300008088816,59.6399754359387,44.1350607872015));
#5859=CARTESIAN_POINT('',(74.300008088816,59.6399754359387,44.1350607872015));
#5860=CARTESIAN_POINT('',(73.300008088816,59.6399754359387,44.1350607872015));
#5861=CARTESIAN_POINT('Origin',(74.300008088816,60.3725808932446,44.577079892159));
#5862=CARTESIAN_POINT('',(74.300008088816,60.3725808932446,44.577079892159));
#5863=CARTESIAN_POINT('',(74.300008088816,63.19608306477,46.2806461026716));
#5864=CARTESIAN_POINT('',(73.300008088816,60.3725808932446,44.577079892159));
#5865=CARTESIAN_POINT('',(74.300008088816,60.3725808932446,44.577079892159));
#5866=CARTESIAN_POINT('',(73.300008088816,60.3725808932446,44.577079892159));
#5867=CARTESIAN_POINT('Origin',(74.300008088816,60.3725808932446,45.6534786820417));
#5868=CARTESIAN_POINT('',(74.300008088816,60.3725808932446,45.6534786820417));
#5869=CARTESIAN_POINT('',(74.300008088816,60.3725808932446,48.3267393410211));
#5870=CARTESIAN_POINT('',(73.300008088816,60.3725808932446,45.6534786820417));
#5871=CARTESIAN_POINT('',(74.300008088816,60.3725808932446,45.6534786820417));
#5872=CARTESIAN_POINT('',(73.300008088816,60.3725808932446,45.6534786820417));
#5873=CARTESIAN_POINT('Origin',(74.300008088816,60.9128254725598,45.6534786820417));
#5874=CARTESIAN_POINT('',(74.300008088816,60.9128254725598,45.6534786820417));
#5875=CARTESIAN_POINT('',(74.300008088816,62.5564143060706,45.6534786820417));
#5876=CARTESIAN_POINT('',(73.300008088816,60.9128254725598,45.6534786820417));
#5877=CARTESIAN_POINT('',(74.300008088816,60.9128254725598,45.6534786820417));
#5878=CARTESIAN_POINT('',(73.300008088816,60.9128254725598,45.6534786820417));
#5879=CARTESIAN_POINT('Origin',(74.300008088816,60.9128254725598,46.2264664769178));
#5880=CARTESIAN_POINT('',(74.300008088816,60.9128254725598,46.2264664769178));
#5881=CARTESIAN_POINT('',(74.300008088816,60.9128254725598,48.6132332384592));
#5882=CARTESIAN_POINT('',(73.300008088816,60.9128254725598,46.2264664769178));
#5883=CARTESIAN_POINT('',(74.300008088816,60.9128254725598,46.2264664769178));
#5884=CARTESIAN_POINT('',(73.300008088816,60.9128254725598,46.2264664769178));
#5885=CARTESIAN_POINT('Origin',(74.300008088816,60.3725808932446,46.2264664769178));
#5886=CARTESIAN_POINT('',(74.300008088816,60.3725808932446,46.2264664769178));
#5887=CARTESIAN_POINT('',(74.300008088816,62.2862920164131,46.2264664769178));
#5888=CARTESIAN_POINT('',(73.300008088816,60.3725808932446,46.2264664769178));
#5889=CARTESIAN_POINT('',(74.300008088816,60.3725808932446,46.2264664769178));
#5890=CARTESIAN_POINT('',(73.300008088816,60.3725808932446,46.2264664769178));
#5891=CARTESIAN_POINT('Origin',(74.300008088816,60.3725808932446,48.7271486520773));
#5892=CARTESIAN_POINT('',(74.300008088816,60.3725808932446,48.7271486520773));
#5893=CARTESIAN_POINT('',(74.300008088816,60.3725808932446,49.8635743260389));
#5894=CARTESIAN_POINT('',(73.300008088816,60.3725808932446,48.7271486520773));
#5895=CARTESIAN_POINT('',(74.300008088816,60.3725808932446,48.7271486520773));
#5896=CARTESIAN_POINT('',(73.300008088816,60.3725808932446,48.7271486520773));
#5897=CARTESIAN_POINT('Ctrl Pts',(74.300008088816,60.2825397326611,49.5968620777136));
#5898=CARTESIAN_POINT('Ctrl Pts',(73.100008088816,60.2825397326611,49.5968620777136));
#5899=CARTESIAN_POINT('Ctrl Pts',(74.300008088816,60.3084199772523,49.4903591025651));
#5900=CARTESIAN_POINT('Ctrl Pts',(73.100008088816,60.3084199772523,49.4903591025651));
#5901=CARTESIAN_POINT('Ctrl Pts',(74.300008088816,60.377675945661,49.2053553555443));
#5902=CARTESIAN_POINT('Ctrl Pts',(73.100008088816,60.377675945661,49.2053553555443));
#5903=CARTESIAN_POINT('Ctrl Pts',(74.300008088816,60.3745430548892,48.9113113995889));
#5904=CARTESIAN_POINT('Ctrl Pts',(73.100008088816,60.3745430548892,48.9113113995889));
#5905=CARTESIAN_POINT('Ctrl Pts',(74.300008088816,60.3725808932446,48.7271486520773));
#5906=CARTESIAN_POINT('Ctrl Pts',(73.100008088816,60.3725808932446,48.7271486520773));
#5907=CARTESIAN_POINT('',(74.300008088816,60.2825397326611,49.5968620777136));
#5908=CARTESIAN_POINT('Ctrl Pts',(74.300008088816,60.2825397326611,49.5968620777136));
#5909=CARTESIAN_POINT('Ctrl Pts',(74.300008088816,60.3084199772523,49.4903591025651));
#5910=CARTESIAN_POINT('Ctrl Pts',(74.300008088816,60.377675945661,49.2053553555443));
#5911=CARTESIAN_POINT('Ctrl Pts',(74.300008088816,60.3745430548892,48.9113113995889));
#5912=CARTESIAN_POINT('Ctrl Pts',(74.300008088816,60.3725808932446,48.7271486520773));
#5913=CARTESIAN_POINT('',(73.300008088816,60.2825397326611,49.5968620777136));
#5914=CARTESIAN_POINT('',(74.300008088816,60.2825397326611,49.5968620777136));
#5915=CARTESIAN_POINT('Ctrl Pts',(73.300008088816,60.2825397326611,49.5968620777136));
#5916=CARTESIAN_POINT('Ctrl Pts',(73.300008088816,60.3084199772523,49.4903591025651));
#5917=CARTESIAN_POINT('Ctrl Pts',(73.300008088816,60.377675945661,49.2053553555443));
#5918=CARTESIAN_POINT('Ctrl Pts',(73.300008088816,60.3745430548892,48.9113113995889));
#5919=CARTESIAN_POINT('Ctrl Pts',(73.300008088816,60.3725808932446,48.7271486520773));
#5920=CARTESIAN_POINT('Ctrl Pts',(74.300008088816,59.971489317622,49.9304227828985));
#5921=CARTESIAN_POINT('Ctrl Pts',(73.100008088816,59.971489317622,49.9304227828985));
#5922=CARTESIAN_POINT('Ctrl Pts',(74.300008088816,60.0391601516426,49.8860138221559));
#5923=CARTESIAN_POINT('Ctrl Pts',(73.100008088816,60.0391601516426,49.8860138221559));
#5924=CARTESIAN_POINT('Ctrl Pts',(74.300008088816,60.1701739894532,49.8000360377194));
#5925=CARTESIAN_POINT('Ctrl Pts',(73.100008088816,60.1701739894532,49.8000360377194));
#5926=CARTESIAN_POINT('Ctrl Pts',(74.300008088816,60.2459185175844,49.663078676073));
#5927=CARTESIAN_POINT('Ctrl Pts',(73.100008088816,60.2459185175844,49.663078676073));
#5928=CARTESIAN_POINT('Ctrl Pts',(74.300008088816,60.2825397326611,49.5968620777136));
#5929=CARTESIAN_POINT('Ctrl Pts',(73.100008088816,60.2825397326611,49.5968620777136));
#5930=CARTESIAN_POINT('',(74.300008088816,59.971489317622,49.9304227828985));
#5931=CARTESIAN_POINT('Ctrl Pts',(74.300008088816,59.971489317622,49.9304227828985));
#5932=CARTESIAN_POINT('Ctrl Pts',(74.300008088816,60.0391601516426,49.8860138221559));
#5933=CARTESIAN_POINT('Ctrl Pts',(74.300008088816,60.1701739894532,49.8000360377194));
#5934=CARTESIAN_POINT('Ctrl Pts',(74.300008088816,60.2459185175844,49.663078676073));
#5935=CARTESIAN_POINT('Ctrl Pts',(74.300008088816,60.2825397326611,49.5968620777136));
#5936=CARTESIAN_POINT('',(73.300008088816,59.971489317622,49.9304227828985));
#5937=CARTESIAN_POINT('',(74.300008088816,59.971489317622,49.9304227828985));
#5938=CARTESIAN_POINT('Ctrl Pts',(73.300008088816,59.971489317622,49.9304227828985));
#5939=CARTESIAN_POINT('Ctrl Pts',(73.300008088816,60.0391601516426,49.8860138221559));
#5940=CARTESIAN_POINT('Ctrl Pts',(73.300008088816,60.1701739894532,49.8000360377194));
#5941=CARTESIAN_POINT('Ctrl Pts',(73.300008088816,60.2459185175844,49.663078676073));
#5942=CARTESIAN_POINT('Ctrl Pts',(73.300008088816,60.2825397326611,49.5968620777136));
#5943=CARTESIAN_POINT('Ctrl Pts',(74.300008088816,59.3493884875439,50.0572984218603));
#5944=CARTESIAN_POINT('Ctrl Pts',(73.100008088816,59.3493884875439,50.0572984218603));
#5945=CARTESIAN_POINT('Ctrl Pts',(74.300008088816,59.4698917415479,50.0549805444586));
#5946=CARTESIAN_POINT('Ctrl Pts',(73.100008088816,59.4698917415479,50.0549805444586));
#5947=CARTESIAN_POINT('Ctrl Pts',(74.300008088816,59.6856350609757,50.0508307265238));
#5948=CARTESIAN_POINT('Ctrl Pts',(73.100008088816,59.6856350609757,50.0508307265238));
#5949=CARTESIAN_POINT('Ctrl Pts',(74.300008088816,59.8839451611467,49.9672982591684));
#5950=CARTESIAN_POINT('Ctrl Pts',(73.100008088816,59.8839451611467,49.9672982591684));
#5951=CARTESIAN_POINT('Ctrl Pts',(74.300008088816,59.971489317622,49.9304227828985));
#5952=CARTESIAN_POINT('Ctrl Pts',(73.100008088816,59.971489317622,49.9304227828985));
#5953=CARTESIAN_POINT('',(74.300008088816,59.3493884875439,50.0572984218603));
#5954=CARTESIAN_POINT('Ctrl Pts',(74.300008088816,59.3493884875439,50.0572984218603));
#5955=CARTESIAN_POINT('Ctrl Pts',(74.300008088816,59.4698917415479,50.0549805444586));
#5956=CARTESIAN_POINT('Ctrl Pts',(74.300008088816,59.6856350609757,50.0508307265238));
#5957=CARTESIAN_POINT('Ctrl Pts',(74.300008088816,59.8839451611467,49.9672982591684));
#5958=CARTESIAN_POINT('Ctrl Pts',(74.300008088816,59.971489317622,49.9304227828985));
#5959=CARTESIAN_POINT('',(73.300008088816,59.3493884875439,50.0572984218603));
#5960=CARTESIAN_POINT('',(74.300008088816,59.3493884875439,50.0572984218603));
#5961=CARTESIAN_POINT('Ctrl Pts',(73.300008088816,59.3493884875439,50.0572984218603));
#5962=CARTESIAN_POINT('Ctrl Pts',(73.300008088816,59.4698917415479,50.0549805444586));
#5963=CARTESIAN_POINT('Ctrl Pts',(73.300008088816,59.6856350609757,50.0508307265238));
#5964=CARTESIAN_POINT('Ctrl Pts',(73.300008088816,59.8839451611467,49.9672982591684));
#5965=CARTESIAN_POINT('Ctrl Pts',(73.300008088816,59.971489317622,49.9304227828985));
#5966=CARTESIAN_POINT('Ctrl Pts',(74.300008088816,58.7927717044018,49.9918143749242));
#5967=CARTESIAN_POINT('Ctrl Pts',(73.100008088816,58.7927717044018,49.9918143749242));
#5968=CARTESIAN_POINT('Ctrl Pts',(74.300008088816,58.8906887581794,50.0108894870052));
#5969=CARTESIAN_POINT('Ctrl Pts',(73.100008088816,58.8906887581794,50.0108894870052));
#5970=CARTESIAN_POINT('Ctrl Pts',(74.300008088816,59.0746272542717,50.0467223403601));
#5971=CARTESIAN_POINT('Ctrl Pts',(73.100008088816,59.0746272542717,50.0467223403601));
#5972=CARTESIAN_POINT('Ctrl Pts',(74.300008088816,59.2618371355999,50.0539284041086));
#5973=CARTESIAN_POINT('Ctrl Pts',(73.100008088816,59.2618371355999,50.0539284041086));
#5974=CARTESIAN_POINT('Ctrl Pts',(74.300008088816,59.3493884875439,50.0572984218603));
#5975=CARTESIAN_POINT('Ctrl Pts',(73.100008088816,59.3493884875439,50.0572984218603));
#5976=CARTESIAN_POINT('',(74.300008088816,58.7927717044018,49.9918143749242));
#5977=CARTESIAN_POINT('Ctrl Pts',(74.300008088816,58.7927717044018,49.9918143749242));
#5978=CARTESIAN_POINT('Ctrl Pts',(74.300008088816,58.8906887581794,50.0108894870052));
#5979=CARTESIAN_POINT('Ctrl Pts',(74.300008088816,59.0746272542717,50.0467223403601));
#5980=CARTESIAN_POINT('Ctrl Pts',(74.300008088816,59.2618371355999,50.0539284041086));
#5981=CARTESIAN_POINT('Ctrl Pts',(74.300008088816,59.3493884875439,50.0572984218603));
#5982=CARTESIAN_POINT('',(73.300008088816,58.7927717044018,49.9918143749242));
#5983=CARTESIAN_POINT('',(74.300008088816,58.7927717044018,49.9918143749242));
#5984=CARTESIAN_POINT('Ctrl Pts',(73.300008088816,58.7927717044018,49.9918143749242));
#5985=CARTESIAN_POINT('Ctrl Pts',(73.300008088816,58.8906887581794,50.0108894870052));
#5986=CARTESIAN_POINT('Ctrl Pts',(73.300008088816,59.0746272542717,50.0467223403601));
#5987=CARTESIAN_POINT('Ctrl Pts',(73.300008088816,59.2618371355999,50.0539284041086));
#5988=CARTESIAN_POINT('Ctrl Pts',(73.300008088816,59.3493884875439,50.0572984218603));
#5989=CARTESIAN_POINT('Origin',(74.300008088816,58.8991850688122,49.3410639762884));
#5990=CARTESIAN_POINT('',(74.300008088816,58.8991850688122,49.3410639762884));
#5991=CARTESIAN_POINT('',(74.300008088816,58.8361060838005,49.7268113386558));
#5992=CARTESIAN_POINT('',(73.300008088816,58.8991850688122,49.3410639762884));
#5993=CARTESIAN_POINT('',(74.300008088816,58.8991850688122,49.3410639762884));
#5994=CARTESIAN_POINT('',(73.300008088816,58.8991850688122,49.3410639762884));
#5995=CARTESIAN_POINT('Ctrl Pts',(74.300008088816,59.222514040675,49.3697135448461));
#5996=CARTESIAN_POINT('Ctrl Pts',(73.100008088816,59.222514040675,49.3697135448461));
#5997=CARTESIAN_POINT('Ctrl Pts',(74.300008088816,59.1750459910675,49.3680286612595));
#5998=CARTESIAN_POINT('Ctrl Pts',(73.100008088816,59.1750459910675,49.3680286612595));
#5999=CARTESIAN_POINT('Ctrl Pts',(74.300008088816,59.0667879472069,49.3641860302113));
#6000=CARTESIAN_POINT('Ctrl Pts',(73.100008088816,59.0667879472069,49.3641860302113));
#6001=CARTESIAN_POINT('Ctrl Pts',(74.300008088816,58.9594553808969,49.3493787106135));
#6002=CARTESIAN_POINT('Ctrl Pts',(73.100008088816,58.9594553808969,49.3493787106135));
#6003=CARTESIAN_POINT('Ctrl Pts',(74.300008088816,58.8991850688122,49.3410639762884));
#6004=CARTESIAN_POINT('Ctrl Pts',(73.100008088816,58.8991850688122,49.3410639762884));
#6005=CARTESIAN_POINT('Ctrl Pts',(74.300008088816,59.222514040675,49.3697135448461));
#6006=CARTESIAN_POINT('Ctrl Pts',(74.300008088816,59.1750459910675,49.3680286612595));
#6007=CARTESIAN_POINT('Ctrl Pts',(74.300008088816,59.0667879472069,49.3641860302113));
#6008=CARTESIAN_POINT('Ctrl Pts',(74.300008088816,58.9594553808969,49.3493787106135));
#6009=CARTESIAN_POINT('Ctrl Pts',(74.300008088816,58.8991850688122,49.3410639762884));
#6010=CARTESIAN_POINT('Ctrl Pts',(73.300008088816,59.222514040675,49.3697135448461));
#6011=CARTESIAN_POINT('Ctrl Pts',(73.300008088816,59.1750459910675,49.3680286612595));
#6012=CARTESIAN_POINT('Ctrl Pts',(73.300008088816,59.0667879472069,49.3641860302113));
#6013=CARTESIAN_POINT('Ctrl Pts',(73.300008088816,58.9594553808969,49.3493787106135));
#6014=CARTESIAN_POINT('Ctrl Pts',(73.300008088816,58.8991850688122,49.3410639762884));
#6015=CARTESIAN_POINT('Origin',(73.300008088816,68.2000029160641,47.0491130948072));
#6016=CARTESIAN_POINT('Origin',(74.300008088816,76.8132370783947,47.2742151021963));
#6017=CARTESIAN_POINT('',(74.300008088816,76.8132370783947,47.2742151021963));
#6018=CARTESIAN_POINT('',(74.300008088816,76.8132370783947,49.9999998807913));
#6019=CARTESIAN_POINT('',(74.300008088816,76.8132370783947,49.1371075510984));
#6020=CARTESIAN_POINT('',(73.300008088816,76.8132370783947,47.2742151021963));
#6021=CARTESIAN_POINT('',(74.300008088816,76.8132370783947,47.2742151021963));
#6022=CARTESIAN_POINT('',(73.300008088816,76.8132370783947,49.9999998807913));
#6023=CARTESIAN_POINT('',(73.300008088816,76.8132370783947,47.2742151021963));
#6024=CARTESIAN_POINT('',(74.300008088816,76.8132370783947,49.9999998807913));
#6025=CARTESIAN_POINT('Origin',(74.300008088816,73.9974111392163,47.2742151021963));
#6026=CARTESIAN_POINT('',(74.300008088816,73.9974111392163,47.2742151021963));
#6027=CARTESIAN_POINT('',(74.300008088816,69.0987071393989,47.2742151021963));
#6028=CARTESIAN_POINT('',(73.300008088816,73.9974111392163,47.2742151021963));
#6029=CARTESIAN_POINT('',(74.300008088816,73.9974111392163,47.2742151021963));
#6030=CARTESIAN_POINT('',(73.300008088816,73.9974111392163,47.2742151021963));
#6031=CARTESIAN_POINT('Origin',(74.300008088816,73.9974111392163,46.5661661624914));
#6032=CARTESIAN_POINT('',(74.300008088816,73.9974111392163,46.5661661624914));
#6033=CARTESIAN_POINT('',(74.300008088816,73.9974111392163,48.783083081246));
#6034=CARTESIAN_POINT('',(73.300008088816,73.9974111392163,46.5661661624914));
#6035=CARTESIAN_POINT('',(74.300008088816,73.9974111392163,46.5661661624914));
#6036=CARTESIAN_POINT('',(73.300008088816,73.9974111392163,46.5661661624914));
#6037=CARTESIAN_POINT('Origin',(74.300008088816,76.8132370783947,46.5661661624914));
#6038=CARTESIAN_POINT('',(74.300008088816,76.8132370783947,46.5661661624914));
#6039=CARTESIAN_POINT('',(74.300008088816,70.5066201089881,46.5661661624914));
#6040=CARTESIAN_POINT('',(73.300008088816,76.8132370783947,46.5661661624914));
#6041=CARTESIAN_POINT('',(74.300008088816,76.8132370783947,46.5661661624914));
#6042=CARTESIAN_POINT('',(73.300008088816,76.8132370783947,46.5661661624914));
#6043=CARTESIAN_POINT('Origin',(74.300008088816,76.8132370783947,44.708049178124));
#6044=CARTESIAN_POINT('',(74.300008088816,76.8132370783947,44.708049178124));
#6045=CARTESIAN_POINT('',(74.300008088816,76.8132370783947,47.8540245890623));
#6046=CARTESIAN_POINT('',(73.300008088816,76.8132370783947,44.708049178124));
#6047=CARTESIAN_POINT('',(74.300008088816,76.8132370783947,44.708049178124));
#6048=CARTESIAN_POINT('',(73.300008088816,76.8132370783947,44.708049178124));
#6049=CARTESIAN_POINT('Origin',(74.300008088816,73.5594850852154,44.708049178124));
#6050=CARTESIAN_POINT('',(74.300008088816,73.5594850852154,44.708049178124));
#6051=CARTESIAN_POINT('',(74.300008088816,68.8797441123985,44.708049178124));
#6052=CARTESIAN_POINT('',(73.300008088816,73.5594850852154,44.708049178124));
#6053=CARTESIAN_POINT('',(74.300008088816,73.5594850852154,44.708049178124));
#6054=CARTESIAN_POINT('',(73.300008088816,73.5594850852154,44.708049178124));
#6055=CARTESIAN_POINT('Origin',(74.300008088816,73.5594850852154,43.9999996423727));
#6056=CARTESIAN_POINT('',(74.300008088816,73.5594850852154,43.9999996423727));
#6057=CARTESIAN_POINT('',(74.300008088816,73.5594850852154,47.4999998211866));
#6058=CARTESIAN_POINT('',(73.300008088816,73.5594850852154,43.9999996423727));
#6059=CARTESIAN_POINT('',(74.300008088816,73.5594850852154,43.9999996423727));
#6060=CARTESIAN_POINT('',(73.300008088816,73.5594850852154,43.9999996423727));
#6061=CARTESIAN_POINT('Origin',(74.300008088816,77.6072341277264,43.9999996423727));
#6062=CARTESIAN_POINT('',(74.300008088816,77.6072341277264,43.9999996423727));
#6063=CARTESIAN_POINT('',(74.300008088816,70.903618633654,43.9999996423727));
#6064=CARTESIAN_POINT('',(73.300008088816,77.6072341277264,43.9999996423727));
#6065=CARTESIAN_POINT('',(74.300008088816,77.6072341277264,43.9999996423727));
#6066=CARTESIAN_POINT('',(73.300008088816,77.6072341277264,43.9999996423727));
#6067=CARTESIAN_POINT('Origin',(74.300008088816,77.6072341277264,49.9999998807913));
#6068=CARTESIAN_POINT('',(74.300008088816,77.6072341277264,49.9999998807913));
#6069=CARTESIAN_POINT('',(74.300008088816,77.6072341277264,50.4999999403959));
#6070=CARTESIAN_POINT('',(73.300008088816,77.6072341277264,49.9999998807913));
#6071=CARTESIAN_POINT('',(74.300008088816,77.6072341277264,49.9999998807913));
#6072=CARTESIAN_POINT('',(73.300008088816,77.6072341277264,49.9999998807913));
#6073=CARTESIAN_POINT('Origin',(74.300008088816,76.8132370783947,49.9999998807913));
#6074=CARTESIAN_POINT('',(74.300008088816,70.5066201089881,49.9999998807913));
#6075=CARTESIAN_POINT('',(73.300008088816,76.8132370783947,49.9999998807913));
#6076=CARTESIAN_POINT('Origin',(73.300008088816,68.2000029160641,47.0491130948072));
#6077=CARTESIAN_POINT('Origin',(74.300008088816,64.2000031395815,51.0000000000005));
#6078=CARTESIAN_POINT('',(74.3000080888159,99.2000031395815,51.0000000000005));
#6079=CARTESIAN_POINT('',(74.300008088816,99.2000031395815,51.0000000000005));
#6080=CARTESIAN_POINT('',(74.3000080888159,37.2000031395815,51.0000000000005));
#6081=CARTESIAN_POINT('',(74.3000080888159,66.2000031395815,51.0000000000005));
#6082=CARTESIAN_POINT('',(74.300008088816,37.2000031395815,51.0000000000005));
#6083=CARTESIAN_POINT('Origin',(138.300008088816,128.200003139582,51.0000000000005));
#6084=CARTESIAN_POINT('',(138.300008088816,112.721267963165,42.7217528967051));
#6085=CARTESIAN_POINT('',(138.300008088816,108.471000822993,51.0000000000005));
#6086=CARTESIAN_POINT('',(138.300008088816,112.65400967243,42.8527518979653));
#6087=CARTESIAN_POINT('',(138.300008088816,107.200003139582,51.0000000000005));
#6088=CARTESIAN_POINT('',(138.300008088816,68.2000031395815,51.0000000000005));
#6089=CARTESIAN_POINT('',(138.300008088816,107.200003139582,51.0000000000005));
#6090=CARTESIAN_POINT('',(138.300008088816,108.629114133409,40.6207348021593));
#6091=CARTESIAN_POINT('',(138.300008088816,106.802141877282,44.1791294367302));
#6092=CARTESIAN_POINT('',(138.300008088816,120.705813573837,46.821226059899));
#6093=CARTESIAN_POINT('Origin',(134.300008088816,112.721267963165,42.7217528967051));
#6094=CARTESIAN_POINT('',(130.300008088816,112.721267963165,42.7217528967051));
#6095=CARTESIAN_POINT('Origin',(134.300008088816,112.721267963165,42.7217528967051));
#6096=CARTESIAN_POINT('',(130.300008088816,108.471000822993,51.0000000000005));
#6097=CARTESIAN_POINT('',(130.300008088816,110.463560293749,47.1190910775885));
#6098=CARTESIAN_POINT('',(151.050008088816,108.471000822993,51.0000000000005));
#6099=CARTESIAN_POINT('',(134.300008088816,113.452056865616,41.2983950428768));
#6100=CARTESIAN_POINT('Origin',(134.300008088816,112.721267963165,42.7217528967051));
#6101=CARTESIAN_POINT('Origin',(134.300008088816,112.396262952518,42.5548868802759));
#6102=CARTESIAN_POINT('',(130.300008088816,108.629114133409,40.6207348021593));
#6103=CARTESIAN_POINT('Origin',(134.300008088816,108.629114133409,40.6207348021593));
#6104=CARTESIAN_POINT('',(130.300008088816,112.396262952518,42.5548868802759));
#6105=CARTESIAN_POINT('Origin',(130.300008088816,107.200003139582,51.0000000000005));
#6106=CARTESIAN_POINT('',(130.300008088816,110.456086389535,37.0623401675884));
#6107=CARTESIAN_POINT('',(130.300008088816,107.200003139582,51.0000000000005));
#6108=CARTESIAN_POINT('',(130.300008088816,107.200003139582,51.0000000000005));
#6109=CARTESIAN_POINT('',(130.300008088816,128.200003139581,51.0000000000005));
#6110=CARTESIAN_POINT('Origin',(134.300008088816,108.629114133409,40.6207348021593));
#6111=CARTESIAN_POINT('Origin',(134.300008088816,108.629114133409,40.6207348021593));
#6112=CARTESIAN_POINT('Origin',(134.300008088816,111.297910109337,41.9909639942544));
#6113=CARTESIAN_POINT('',(134.300008088816,109.927680917242,44.6597599701826));
#6114=CARTESIAN_POINT('Origin',(134.300008088816,111.297910109337,41.9909639942544));
#6115=CARTESIAN_POINT('',(134.300008088816,112.028699011788,40.5676061404261));
#6116=CARTESIAN_POINT('Origin',(134.300008088816,111.297910109337,41.9909639942544));
#6117=CARTESIAN_POINT('Origin',(134.300008088816,111.742709438658,42.2193355262703));
#6118=CARTESIAN_POINT('',(134.300008088816,112.473498341109,40.7959776724419));
#6119=CARTESIAN_POINT('Origin',(134.300008088816,109.963512121373,41.3058493982069));
#6120=CARTESIAN_POINT('',(134.300008088816,107.200003139582,43.2592993312688));
#6121=CARTESIAN_POINT('Origin',(134.300008088816,107.200003139582,39.8869920881608));
#6122=CARTESIAN_POINT('Origin',(134.300008088816,107.200003139582,39.8869920881608));
#6123=CARTESIAN_POINT('',(134.300008088816,108.593282929278,43.9746453741351));
#6124=CARTESIAN_POINT('Origin',(78.300008088816,107.200003139582,51.0000000000005));
#6125=CARTESIAN_POINT('',(108.300008088816,107.200003139582,51.0000000000005));
#6126=CARTESIAN_POINT('',(108.300008088816,107.200003139582,51.0000000000005));
#6127=CARTESIAN_POINT('',(106.362754817631,107.200003139582,51.0000000000005));
#6128=CARTESIAN_POINT('Origin',(78.300008088816,107.200003139582,51.0000000000005));
#6129=CARTESIAN_POINT('Origin',(104.300008088816,109.963512121373,41.3058493982069));
#6130=CARTESIAN_POINT('',(104.300008088816,107.200003139582,43.2592993312688));
#6131=CARTESIAN_POINT('Origin',(104.300008088816,107.200003139582,39.8869920881608));
#6132=CARTESIAN_POINT('Origin',(104.300008088816,108.629114133409,40.6207348021593));
#6133=CARTESIAN_POINT('Origin',(104.300008088816,107.200003139582,39.8869920881608));
#6134=CARTESIAN_POINT('',(104.300008088816,109.927680917242,44.6597599701826));
#6135=CARTESIAN_POINT('',(104.300008088816,108.593282929278,43.9746453741351));
#6136=CARTESIAN_POINT('Origin',(104.300008088816,111.297910109337,41.9909639942544));
#6137=CARTESIAN_POINT('Origin',(104.300008088816,111.742709438658,42.2193355262703));
#6138=CARTESIAN_POINT('',(104.300008088816,113.452056865616,41.2983950428768));
#6139=CARTESIAN_POINT('Origin',(104.300008088816,112.721267963165,42.7217528967051));
#6140=CARTESIAN_POINT('',(104.300008088816,112.028699011788,40.5676061404261));
#6141=CARTESIAN_POINT('',(104.300008088816,112.473498341109,40.7959776724419));
#6142=CARTESIAN_POINT('Origin',(104.300008088816,111.297910109337,41.9909639942544));
#6143=CARTESIAN_POINT('Origin',(104.300008088816,111.297910109337,41.9909639942544));
#6144=CARTESIAN_POINT('Origin',(104.300008088816,108.629114133409,40.6207348021593));
#6145=CARTESIAN_POINT('',(108.300008088816,108.629114133409,40.6207348021593));
#6146=CARTESIAN_POINT('',(100.300008088816,108.629114133409,40.6207348021593));
#6147=CARTESIAN_POINT('Origin',(104.300008088816,108.629114133409,40.6207348021593));
#6148=CARTESIAN_POINT('',(108.300008088816,106.802141877282,44.1791294367302));
#6149=CARTESIAN_POINT('',(100.300008088816,110.456086389535,37.0623401675884));
#6150=CARTESIAN_POINT('Origin',(100.300008088816,107.200003139582,51.0000000000005));
#6151=CARTESIAN_POINT('',(100.300008088816,108.471000822993,51.0000000000005));
#6152=CARTESIAN_POINT('',(100.300008088816,112.721267963165,42.7217528967051));
#6153=CARTESIAN_POINT('',(100.300008088816,110.463560293749,47.1190910775885));
#6154=CARTESIAN_POINT('',(100.300008088816,112.396262952518,42.5548868802759));
#6155=CARTESIAN_POINT('',(100.300008088816,107.200003139582,51.0000000000005));
#6156=CARTESIAN_POINT('',(100.300008088816,107.200003139582,51.0000000000005));
#6157=CARTESIAN_POINT('',(100.300008088816,128.200003139581,51.0000000000005));
#6158=CARTESIAN_POINT('Origin',(104.300008088816,112.396262952518,42.5548868802759));
#6159=CARTESIAN_POINT('',(108.300008088816,112.721267963165,42.7217528967051));
#6160=CARTESIAN_POINT('Origin',(104.300008088816,112.721267963165,42.7217528967051));
#6161=CARTESIAN_POINT('',(108.300008088816,120.705813573837,46.821226059899));
#6162=CARTESIAN_POINT('Origin',(104.300008088816,112.721267963165,42.7217528967051));
#6163=CARTESIAN_POINT('',(108.300008088816,108.471000822993,51.0000000000005));
#6164=CARTESIAN_POINT('',(121.050008088816,108.471000822993,51.0000000000005));
#6165=CARTESIAN_POINT('',(108.300008088816,112.65400967243,42.8527518979653));
#6166=CARTESIAN_POINT('Origin',(108.300008088816,128.200003139582,51.0000000000005));
#6167=CARTESIAN_POINT('',(108.300008088816,68.2000031395815,51.0000000000005));
#6168=CARTESIAN_POINT('Origin',(78.300008088816,107.200003139582,51.0000000000005));
#6169=CARTESIAN_POINT('',(148.408562937469,107.200003139582,51.0000000000005));
#6170=CARTESIAN_POINT('',(106.362754817631,107.200003139582,51.0000000000005));
#6171=CARTESIAN_POINT('',(151.865096081776,107.200003139582,44.1643811996343));
#6172=CARTESIAN_POINT('',(142.12571898036,107.200003139582,63.4249137734249));
#6173=CARTESIAN_POINT('',(155.03003772128,107.200003139582,41.8350966861217));
#6174=CARTESIAN_POINT('',(153.419251171,107.200003139582,43.0205783137477));
#6175=CARTESIAN_POINT('',(152.066333652215,107.200003139582,37.808130310423));
#6176=CARTESIAN_POINT('',(155.267134046805,107.200003139582,42.1572539961776));
#6177=CARTESIAN_POINT('',(148.844760551656,107.200003139582,40.1790935656749));
#6178=CARTESIAN_POINT('Origin',(78.300008088816,107.200003139582,51.0000000000005));
#6179=CARTESIAN_POINT('',(78.300008088816,107.200003139582,51.0000000000005));
#6180=CARTESIAN_POINT('',(78.300008088816,107.200003139582,51.0000000000005));
#6181=CARTESIAN_POINT('',(106.362754817631,107.200003139582,51.0000000000005));
#6182=CARTESIAN_POINT('Origin',(78.300008088816,107.200003139582,51.0000000000005));
#6183=CARTESIAN_POINT('Origin',(74.300008088816,111.742709438658,42.2193355262703));
#6184=CARTESIAN_POINT('',(74.300008088816,113.452056865616,41.2983950428768));
#6185=CARTESIAN_POINT('Origin',(74.300008088816,112.721267963165,42.7217528967051));
#6186=CARTESIAN_POINT('',(74.300008088816,112.028699011788,40.5676061404261));
#6187=CARTESIAN_POINT('',(74.300008088816,112.473498341109,40.7959776724419));
#6188=CARTESIAN_POINT('Origin',(74.300008088816,111.297910109337,41.9909639942544));
#6189=CARTESIAN_POINT('Origin',(74.300008088816,111.297910109337,41.9909639942544));
#6190=CARTESIAN_POINT('',(74.300008088816,109.927680917242,44.6597599701826));
#6191=CARTESIAN_POINT('Origin',(74.300008088816,111.297910109337,41.9909639942544));
#6192=CARTESIAN_POINT('Origin',(74.300008088816,108.629114133409,40.6207348021593));
#6193=CARTESIAN_POINT('',(78.300008088816,108.629114133409,40.6207348021593));
#6194=CARTESIAN_POINT('',(70.300008088816,108.629114133409,40.6207348021593));
#6195=CARTESIAN_POINT('Origin',(74.300008088816,108.629114133409,40.6207348021593));
#6196=CARTESIAN_POINT('',(78.300008088816,106.802141877282,44.1791294367302));
#6197=CARTESIAN_POINT('Origin',(74.300008088816,108.629114133409,40.6207348021593));
#6198=CARTESIAN_POINT('',(70.300008088816,110.456086389535,37.0623401675884));
#6199=CARTESIAN_POINT('Origin',(70.300008088816,107.200003139582,51.0000000000005));
#6200=CARTESIAN_POINT('',(70.300008088816,108.471000822993,51.0000000000005));
#6201=CARTESIAN_POINT('',(70.300008088816,112.721267963165,42.7217528967051));
#6202=CARTESIAN_POINT('',(70.300008088816,110.463560293749,47.1190910775885));
#6203=CARTESIAN_POINT('',(70.300008088816,112.396262952518,42.5548868802759));
#6204=CARTESIAN_POINT('',(70.300008088816,107.200003139582,51.0000000000005));
#6205=CARTESIAN_POINT('',(70.300008088816,107.200003139582,51.0000000000005));
#6206=CARTESIAN_POINT('',(70.300008088816,128.200003139581,51.0000000000005));
#6207=CARTESIAN_POINT('Origin',(74.300008088816,112.396262952518,42.5548868802759));
#6208=CARTESIAN_POINT('',(78.300008088816,112.721267963165,42.7217528967051));
#6209=CARTESIAN_POINT('Origin',(74.300008088816,112.721267963165,42.7217528967051));
#6210=CARTESIAN_POINT('',(78.300008088816,120.705813573837,46.821226059899));
#6211=CARTESIAN_POINT('Origin',(74.300008088816,112.721267963165,42.7217528967051));
#6212=CARTESIAN_POINT('',(78.300008088816,108.471000822993,51.0000000000005));
#6213=CARTESIAN_POINT('',(91.050008088816,108.471000822993,51.0000000000005));
#6214=CARTESIAN_POINT('',(78.300008088816,112.65400967243,42.8527518979653));
#6215=CARTESIAN_POINT('Origin',(78.300008088816,128.200003139582,51.0000000000005));
#6216=CARTESIAN_POINT('',(78.300008088816,68.2000031395815,51.0000000000005));
#6217=CARTESIAN_POINT('Origin',(74.300008088816,26.4364878786273,41.3058493982069));
#6218=CARTESIAN_POINT('',(74.300008088816,26.4723190827583,44.6597599701826));
#6219=CARTESIAN_POINT('Origin',(74.300008088816,25.1020898906632,41.9909639942544));
#6220=CARTESIAN_POINT('',(74.300008088816,29.2000031395815,43.2592961073834));
#6221=CARTESIAN_POINT('',(74.300008088816,27.8067170707224,43.9746453741351));
#6222=CARTESIAN_POINT('Origin',(74.300008088816,29.2000031395815,39.8869888642754));
#6223=CARTESIAN_POINT('Origin',(74.300008088816,27.7708858665914,40.6207348021593));
#6224=CARTESIAN_POINT('Origin',(74.300008088816,29.2000031395815,39.8869888642754));
#6225=CARTESIAN_POINT('Origin',(74.300008088816,24.6572905613419,42.2193355262703));
#6226=CARTESIAN_POINT('',(74.300008088816,24.3713009882125,40.5676061404261));
#6227=CARTESIAN_POINT('Origin',(74.300008088816,25.1020898906632,41.9909639942544));
#6228=CARTESIAN_POINT('',(74.300008088816,22.9479431343841,41.2983950428768));
#6229=CARTESIAN_POINT('',(74.300008088816,23.9265016588912,40.7959776724419));
#6230=CARTESIAN_POINT('Origin',(74.300008088816,23.6787320368348,42.7217528967051));
#6231=CARTESIAN_POINT('Origin',(74.300008088816,25.1020898906632,41.9909639942544));
#6232=CARTESIAN_POINT('Origin',(74.300008088816,27.7708858665914,40.6207348021593));
#6233=CARTESIAN_POINT('',(78.300008088816,27.7708858665914,40.6207348021593));
#6234=CARTESIAN_POINT('',(70.300008088816,27.7708858665914,40.6207348021593));
#6235=CARTESIAN_POINT('Origin',(74.300008088816,27.7708858665914,40.6207348021593));
#6236=CARTESIAN_POINT('',(70.300008088816,25.9439136104646,37.0623401675884));
#6237=CARTESIAN_POINT('',(78.300008088816,29.5978581227182,44.1791294367302));
#6238=CARTESIAN_POINT('Origin',(70.300008088816,29.1999968604185,51.0000000000005));
#6239=CARTESIAN_POINT('',(70.300008088816,27.9289991770073,51.0000000000005));
#6240=CARTESIAN_POINT('',(70.300008088816,23.6787320368348,42.7217528967051));
#6241=CARTESIAN_POINT('',(70.300008088816,25.9364397062512,47.1190910775885));
#6242=CARTESIAN_POINT('',(70.300008088816,29.2000031389521,51.0000000000005));
#6243=CARTESIAN_POINT('',(70.300008088816,8.19999686041855,51.0000000000005));
#6244=CARTESIAN_POINT('',(70.300008088816,29.2000031395815,51.0000000000005));
#6245=CARTESIAN_POINT('',(70.300008088816,24.0037370474818,42.5548868802759));
#6246=CARTESIAN_POINT('Origin',(74.300008088816,24.0037370474818,42.5548868802759));
#6247=CARTESIAN_POINT('',(78.300008088816,23.6787320368348,42.7217528967051));
#6248=CARTESIAN_POINT('',(78.300008088816,15.6941864261629,46.821226059899));
#6249=CARTESIAN_POINT('Origin',(74.300008088816,23.6787320368348,42.7217528967051));
#6250=CARTESIAN_POINT('Origin',(74.300008088816,23.6787320368348,42.7217528967051));
#6251=CARTESIAN_POINT('',(78.300008088816,27.9289991770073,51.0000000000005));
#6252=CARTESIAN_POINT('',(78.300008088816,23.7459903275701,42.8527518979653));
#6253=CARTESIAN_POINT('',(91.050008088816,27.9289991770073,51.0000000000005));
#6254=CARTESIAN_POINT('Origin',(78.300008088816,8.19999686041853,51.0000000000005));
#6255=CARTESIAN_POINT('',(78.300008088816,29.2000031389521,51.0000000000005));
#6256=CARTESIAN_POINT('',(78.300008088816,29.2000031395815,51.0000000000005));
#6257=CARTESIAN_POINT('',(78.300008088816,68.1999968604185,51.0000000000005));
#6258=CARTESIAN_POINT('Origin',(130.300008088816,29.2000031395815,51.0000000000005));
#6259=CARTESIAN_POINT('',(62.0729474227412,29.2000031395815,51.0000000000005));
#6260=CARTESIAN_POINT('',(106.362754817631,29.2000031395815,51.0000000000005));
#6261=CARTESIAN_POINT('',(58.369813958591,29.2000031395815,44.0806318289405));
#6262=CARTESIAN_POINT('',(62.0982249402532,29.2000031395815,51.0472314735106));
#6263=CARTESIAN_POINT('',(54.9275934484054,29.2000031395815,41.7858181554834));
#6264=CARTESIAN_POINT('',(62.3751635572822,29.2000031395815,46.7508648947346));
#6265=CARTESIAN_POINT('',(57.7010944295315,29.2000031395815,37.6255666837942));
#6266=CARTESIAN_POINT('',(54.7057133699153,29.2000031395815,42.1186382732185));
#6267=CARTESIAN_POINT('',(65.1486645384084,29.2000031395815,42.5906134230454));
#6268=CARTESIAN_POINT('Origin',(130.300008088816,29.2000031395815,51.0000000000005));
#6269=CARTESIAN_POINT('',(100.300008088816,29.2000031389521,51.0000000000005));
#6270=CARTESIAN_POINT('',(100.300008088816,29.2000031395815,51.0000000000005));
#6271=CARTESIAN_POINT('',(106.362754817631,29.2000031395815,51.0000000000005));
#6272=CARTESIAN_POINT('Origin',(130.300008088816,29.2000031395815,51.0000000000005));
#6273=CARTESIAN_POINT('Origin',(104.300008088816,26.4364878786273,41.3058493982069));
#6274=CARTESIAN_POINT('',(104.300008088816,26.4723190827583,44.6597599701826));
#6275=CARTESIAN_POINT('Origin',(104.300008088816,25.1020898906632,41.9909639942544));
#6276=CARTESIAN_POINT('',(104.300008088816,29.2000031395815,43.2592961073834));
#6277=CARTESIAN_POINT('',(104.300008088816,27.8067170707224,43.9746453741351));
#6278=CARTESIAN_POINT('Origin',(104.300008088816,29.2000031395815,39.8869888642754));
#6279=CARTESIAN_POINT('Origin',(104.300008088816,27.7708858665914,40.6207348021593));
#6280=CARTESIAN_POINT('Origin',(104.300008088816,29.2000031395815,39.8869888642754));
#6281=CARTESIAN_POINT('Origin',(104.300008088816,24.6572905613419,42.2193355262703));
#6282=CARTESIAN_POINT('',(104.300008088816,24.3713009882125,40.5676061404261));
#6283=CARTESIAN_POINT('Origin',(104.300008088816,25.1020898906632,41.9909639942544));
#6284=CARTESIAN_POINT('',(104.300008088816,22.9479431343841,41.2983950428768));
#6285=CARTESIAN_POINT('',(104.300008088816,23.9265016588912,40.7959776724419));
#6286=CARTESIAN_POINT('Origin',(104.300008088816,23.6787320368348,42.7217528967051));
#6287=CARTESIAN_POINT('Origin',(104.300008088816,25.1020898906632,41.9909639942544));
#6288=CARTESIAN_POINT('Origin',(104.300008088816,27.7708858665914,40.6207348021593));
#6289=CARTESIAN_POINT('',(108.300008088816,27.7708858665914,40.6207348021593));
#6290=CARTESIAN_POINT('',(100.300008088816,27.7708858665914,40.6207348021593));
#6291=CARTESIAN_POINT('Origin',(104.300008088816,27.7708858665914,40.6207348021593));
#6292=CARTESIAN_POINT('',(100.300008088816,25.9439136104646,37.0623401675884));
#6293=CARTESIAN_POINT('',(108.300008088816,29.5978581227182,44.1791294367302));
#6294=CARTESIAN_POINT('Origin',(100.300008088816,29.1999968604185,51.0000000000005));
#6295=CARTESIAN_POINT('',(100.300008088816,27.9289991770073,51.0000000000005));
#6296=CARTESIAN_POINT('',(100.300008088816,23.6787320368348,42.7217528967051));
#6297=CARTESIAN_POINT('',(100.300008088816,25.9364397062512,47.1190910775885));
#6298=CARTESIAN_POINT('',(100.300008088816,8.19999686041855,51.0000000000005));
#6299=CARTESIAN_POINT('',(100.300008088816,24.0037370474818,42.5548868802759));
#6300=CARTESIAN_POINT('Origin',(104.300008088816,24.0037370474818,42.5548868802759));
#6301=CARTESIAN_POINT('',(108.300008088816,23.6787320368348,42.7217528967051));
#6302=CARTESIAN_POINT('',(108.300008088816,15.6941864261629,46.821226059899));
#6303=CARTESIAN_POINT('Origin',(104.300008088816,23.6787320368348,42.7217528967051));
#6304=CARTESIAN_POINT('Origin',(104.300008088816,23.6787320368348,42.7217528967051));
#6305=CARTESIAN_POINT('',(108.300008088816,27.9289991770073,51.0000000000005));
#6306=CARTESIAN_POINT('',(108.300008088816,23.7459903275701,42.8527518979653));
#6307=CARTESIAN_POINT('',(121.050008088816,27.9289991770073,51.0000000000005));
#6308=CARTESIAN_POINT('Origin',(108.300008088816,8.19999686041853,51.0000000000005));
#6309=CARTESIAN_POINT('',(108.300008088816,29.2000031389521,51.0000000000005));
#6310=CARTESIAN_POINT('',(108.300008088816,29.2000031395815,51.0000000000005));
#6311=CARTESIAN_POINT('',(108.300008088816,68.1999968604185,51.0000000000005));
#6312=CARTESIAN_POINT('Origin',(130.300008088816,29.2000031395815,51.0000000000005));
#6313=CARTESIAN_POINT('',(130.300008088816,29.2000031389521,51.0000000000005));
#6314=CARTESIAN_POINT('',(130.300008088816,29.2000031395815,51.0000000000005));
#6315=CARTESIAN_POINT('',(106.362754817631,29.2000031395815,51.0000000000005));
#6316=CARTESIAN_POINT('Origin',(130.300008088816,29.2000031395815,51.0000000000005));
#6317=CARTESIAN_POINT('Origin',(138.300008088816,8.19999686041853,51.0000000000005));
#6318=CARTESIAN_POINT('',(138.300008088816,23.6787320368348,42.7217528967051));
#6319=CARTESIAN_POINT('',(138.300008088816,27.9289991770073,51.0000000000005));
#6320=CARTESIAN_POINT('',(138.300008088816,23.7459903275701,42.8527518979653));
#6321=CARTESIAN_POINT('',(138.300008088816,27.7708858665914,40.6207348021593));
#6322=CARTESIAN_POINT('',(138.300008088816,15.6941864261629,46.821226059899));
#6323=CARTESIAN_POINT('',(138.300008088816,29.5978581227182,44.1791294367302));
#6324=CARTESIAN_POINT('',(138.300008088816,29.2000031389521,51.0000000000005));
#6325=CARTESIAN_POINT('',(138.300008088816,29.2000031395815,51.0000000000005));
#6326=CARTESIAN_POINT('',(138.300008088816,68.1999968604185,51.0000000000005));
#6327=CARTESIAN_POINT('Origin',(134.300008088816,23.6787320368348,42.7217528967051));
#6328=CARTESIAN_POINT('',(130.300008088816,23.6787320368348,42.7217528967051));
#6329=CARTESIAN_POINT('Origin',(134.300008088816,23.6787320368348,42.7217528967051));
#6330=CARTESIAN_POINT('',(130.300008088816,27.9289991770073,51.0000000000005));
#6331=CARTESIAN_POINT('',(151.050008088816,27.9289991770073,51.0000000000005));
#6332=CARTESIAN_POINT('',(130.300008088816,25.9364397062512,47.1190910775885));
#6333=CARTESIAN_POINT('',(134.300008088816,22.9479431343841,41.2983950428768));
#6334=CARTESIAN_POINT('Origin',(134.300008088816,23.6787320368348,42.7217528967051));
#6335=CARTESIAN_POINT('Origin',(134.300008088816,24.0037370474818,42.5548868802759));
#6336=CARTESIAN_POINT('',(130.300008088816,27.7708858665914,40.6207348021593));
#6337=CARTESIAN_POINT('Origin',(134.300008088816,27.7708858665914,40.6207348021593));
#6338=CARTESIAN_POINT('',(130.300008088816,24.0037370474818,42.5548868802759));
#6339=CARTESIAN_POINT('Origin',(130.300008088816,29.1999968604185,51.0000000000005));
#6340=CARTESIAN_POINT('',(130.300008088816,8.19999686041855,51.0000000000005));
#6341=CARTESIAN_POINT('',(130.300008088816,25.9439136104646,37.0623401675884));
#6342=CARTESIAN_POINT('Origin',(134.300008088816,27.7708858665914,40.6207348021593));
#6343=CARTESIAN_POINT('Origin',(134.300008088816,27.7708858665914,40.6207348021593));
#6344=CARTESIAN_POINT('Origin',(134.300008088816,25.1020898906632,41.9909639942544));
#6345=CARTESIAN_POINT('',(134.300008088816,26.4723190827583,44.6597599701826));
#6346=CARTESIAN_POINT('Origin',(134.300008088816,25.1020898906632,41.9909639942544));
#6347=CARTESIAN_POINT('',(134.300008088816,24.3713009882125,40.5676061404261));
#6348=CARTESIAN_POINT('Origin',(134.300008088816,25.1020898906632,41.9909639942544));
#6349=CARTESIAN_POINT('Origin',(134.300008088816,24.6572905613419,42.2193355262703));
#6350=CARTESIAN_POINT('',(134.300008088816,23.9265016588912,40.7959776724419));
#6351=CARTESIAN_POINT('Origin',(134.300008088816,26.4364878786273,41.3058493982069));
#6352=CARTESIAN_POINT('',(134.300008088816,29.2000031395815,43.2592961073834));
#6353=CARTESIAN_POINT('',(134.300008088816,27.8067170707224,43.9746453741351));
#6354=CARTESIAN_POINT('Origin',(134.300008088816,29.2000031395815,39.8869888642754));
#6355=CARTESIAN_POINT('Origin',(134.300008088816,29.2000031395815,39.8869888642754));
#6356=CARTESIAN_POINT('Origin',(130.300008088816,29.2000031395815,51.0000000000005));
#6357=CARTESIAN_POINT('',(152.066333652215,29.2000031395815,37.8081303104229));
#6358=CARTESIAN_POINT('',(151.94773442363,29.2000031395815,37.8954151257284));
#6359=CARTESIAN_POINT('',(155.03003772128,29.2000031395815,41.8350966861216));
#6360=CARTESIAN_POINT('',(155.267134046805,29.2000031395815,42.1572539961775));
#6361=CARTESIAN_POINT('',(151.865096081776,29.2000031395815,44.1643811996342));
#6362=CARTESIAN_POINT('',(155.03003772128,29.2000031395815,41.8350966861217));
#6363=CARTESIAN_POINT('',(148.408562937469,29.2000031395815,51.0000000000005));
#6364=CARTESIAN_POINT('',(151.492680262661,29.2000031395815,44.9008684452108));
#6365=CARTESIAN_POINT('',(106.362754817631,29.2000031395815,51.0000000000005));
#6366=CARTESIAN_POINT('Origin',(130.300008088816,29.2000031395815,51.0000000000005));
#6367=CARTESIAN_POINT('Origin',(78.300008088816,99.2000031395815,51.0000000000005));
#6368=CARTESIAN_POINT('',(78.300008088816,103.200003139582,51.0000000000005));
#6369=CARTESIAN_POINT('Origin',(78.300008088816,99.2000031395815,51.0000000000005));
#6370=CARTESIAN_POINT('',(78.300008088816,103.200003139582,51.0000000000005));
#6371=CARTESIAN_POINT('Origin',(74.300008088816,64.2000031395815,51.0000000000005));
#6372=CARTESIAN_POINT('Origin',(130.300008088816,99.2000031395815,51.0000000000005));
#6373=CARTESIAN_POINT('',(134.300008088816,99.2000031395815,51.0000000000005));
#6374=CARTESIAN_POINT('',(130.300008088816,103.200003139582,51.0000000000005));
#6375=CARTESIAN_POINT('Origin',(130.300008088816,99.2000031395815,51.0000000000005));
#6376=CARTESIAN_POINT('',(130.300008088816,103.200003139582,51.0000000000005));
#6377=CARTESIAN_POINT('',(134.300008088816,99.2000031395815,51.0000000000005));
#6378=CARTESIAN_POINT('Origin',(98.3000080888159,103.200003139582,51.0000000000005));
#6379=CARTESIAN_POINT('',(103.050008088816,103.200003139582,51.0000000000005));
#6380=CARTESIAN_POINT('Origin',(130.300008088816,37.2000031395815,51.0000000000005));
#6381=CARTESIAN_POINT('',(130.300008088816,33.2000031395815,51.0000000000005));
#6382=CARTESIAN_POINT('',(134.300008088816,37.2000031395815,51.0000000000005));
#6383=CARTESIAN_POINT('Origin',(130.300008088816,37.2000031395815,51.0000000000005));
#6384=CARTESIAN_POINT('',(134.300008088816,37.2000031395815,51.0000000000005));
#6385=CARTESIAN_POINT('',(130.300008088816,33.2000031395815,51.0000000000005));
#6386=CARTESIAN_POINT('Origin',(134.300008088816,37.2000031395815,51.0000000000005));
#6387=CARTESIAN_POINT('',(134.300008088816,52.7000031395815,51.0000000000005));
#6388=CARTESIAN_POINT('Origin',(78.300008088816,37.2000031395815,51.0000000000005));
#6389=CARTESIAN_POINT('',(78.300008088816,33.2000031395815,51.0000000000005));
#6390=CARTESIAN_POINT('Origin',(78.300008088816,37.2000031395815,51.0000000000005));
#6391=CARTESIAN_POINT('',(78.300008088816,33.2000031395815,51.0000000000005));
#6392=CARTESIAN_POINT('Origin',(78.300008088816,33.2000031395815,51.0000000000005));
#6393=CARTESIAN_POINT('',(93.050008088816,33.2000031395815,51.0000000000005));
#6394=CARTESIAN_POINT('Origin',(78.300008088816,107.200003139582,51.0000000000005));
#6395=CARTESIAN_POINT('',(57.7010944295315,107.200003139582,37.6255666837942));
#6396=CARTESIAN_POINT('',(67.9178953076392,107.200003139582,44.4367672691993));
#6397=CARTESIAN_POINT('',(54.9275934484054,107.200003139582,41.7858181554834));
#6398=CARTESIAN_POINT('',(54.7057133699153,107.200003139582,42.1186382732185));
#6399=CARTESIAN_POINT('',(58.369813958591,107.200003139582,44.0806318289405));
#6400=CARTESIAN_POINT('',(65.144394326513,107.200003139582,48.5970187408885));
#6401=CARTESIAN_POINT('',(62.0729474227411,107.200003139582,51.0000000000005));
#6402=CARTESIAN_POINT('',(62.9888245478027,107.200003139582,52.7113320621863));
#6403=CARTESIAN_POINT('',(106.362754817631,107.200003139582,51.0000000000005));
#6404=CARTESIAN_POINT('Origin',(138.300008088816,37.2000031395815,51.0000000000005));
#6405=CARTESIAN_POINT('',(138.300008088816,37.2000031395815,51.0000000000005));
#6406=CARTESIAN_POINT('',(138.300008088816,37.2000031395815,51.0000000000005));
#6407=CARTESIAN_POINT('',(148.408562937469,37.2000031395815,51.0000000000005));
#6408=CARTESIAN_POINT('',(45.300008088816,37.2000031395815,51.0000000000005));
#6409=CARTESIAN_POINT('',(151.865096081776,37.2000031395816,44.1643811996342));
#6410=CARTESIAN_POINT('',(148.234606773165,37.2000031395815,51.3440146463288));
#6411=CARTESIAN_POINT('',(155.03003772128,37.2000031395816,41.8350966861216));
#6412=CARTESIAN_POINT('',(153.419251171,37.2000031395816,43.0205783137476));
#6413=CARTESIAN_POINT('',(152.066333652215,37.2000031395816,37.8081303104229));
#6414=CARTESIAN_POINT('',(155.267134046805,37.2000031395816,42.1572539961775));
#6415=CARTESIAN_POINT('',(148.085227605133,37.2000031395816,40.738082808243));
#6416=CARTESIAN_POINT('Origin',(150.119051519455,66.331844386641,47.6173482444136));
#6417=CARTESIAN_POINT('',(148.408562937469,99.2000031395815,51.0000000000005));
#6418=CARTESIAN_POINT('',(148.408562937469,66.331844386641,51.0000000000005));
#6419=CARTESIAN_POINT('',(151.865096081776,99.2000031395816,44.1643811996343));
#6420=CARTESIAN_POINT('',(151.492680262661,99.2000031395815,44.9008684452108));
#6421=CARTESIAN_POINT('',(151.865096081776,49.7659237631113,44.1643811996342));
#6422=CARTESIAN_POINT('Origin',(170.300008088816,99.2000031395815,51.0000000000005));
#6423=CARTESIAN_POINT('',(152.066333652215,99.2000031395816,37.808130310423));
#6424=CARTESIAN_POINT('',(151.94773442363,99.2000031395816,37.8954151257285));
#6425=CARTESIAN_POINT('',(155.03003772128,99.2000031395816,41.8350966861217));
#6426=CARTESIAN_POINT('',(155.267134046805,99.2000031395816,42.1572539961776));
#6427=CARTESIAN_POINT('',(155.03003772128,99.2000031395816,41.8350966861217));
#6428=CARTESIAN_POINT('',(138.300008088816,99.2000031395815,51.0000000000005));
#6429=CARTESIAN_POINT('',(170.300008088816,99.2000031395815,51.0000000000005));
#6430=CARTESIAN_POINT('',(138.300008088816,99.2000031395815,51.0000000000005));
#6431=CARTESIAN_POINT('Origin',(150.119051519455,66.331844386641,47.6173482444136));
#6432=CARTESIAN_POINT('',(151.865096081776,49.7659237631113,44.1643811996342));
#6433=CARTESIAN_POINT('',(148.408562937469,66.331844386641,51.0000000000005));
#6434=CARTESIAN_POINT('Origin',(152.955444872934,33.2000031395815,39.0162202231325));
#6435=CARTESIAN_POINT('',(154.482513477634,33.2000031395815,36.029907868984));
#6436=CARTESIAN_POINT('Origin',(152.066333652215,33.2000031395815,37.8081303104229));
#6437=CARTESIAN_POINT('',(156.260735919073,33.2000031395815,38.4460876944032));
#6438=CARTESIAN_POINT('',(155.371624698353,33.2000031395815,37.2379977816936));
#6439=CARTESIAN_POINT('Origin',(153.844556093654,33.2000031395815,40.2243101358421));
#6440=CARTESIAN_POINT('Origin',(153.844556093654,33.2000031395815,40.2243101358421));
#6441=CARTESIAN_POINT('',(155.133185333877,33.2000031395815,39.2759248337414));
#6442=CARTESIAN_POINT('Origin',(153.844556093654,33.2000031395815,40.2243101358421));
#6443=CARTESIAN_POINT('Origin',(155.03003772128,33.2000031395815,41.8350966861216));
#6444=CARTESIAN_POINT('Origin',(155.03003772128,33.2000031395815,41.8350966861217));
#6445=CARTESIAN_POINT('',(156.318666961503,33.2000031395815,40.8867113840209));
#6446=CARTESIAN_POINT('Origin',(155.03003772128,33.2000031395815,41.8350966861217));
#6447=CARTESIAN_POINT('Origin',(155.267134046805,33.2000031395815,42.1572539961775));
#6448=CARTESIAN_POINT('Origin',(152.066333652215,33.2000031395815,37.8081303104229));
#6449=CARTESIAN_POINT('Origin',(155.267134046805,33.2000031395815,42.1572539961775));
#6450=CARTESIAN_POINT('',(156.555763287029,33.2000031395815,41.2088686940767));
#6451=CARTESIAN_POINT('Origin',(152.066333652215,33.2000031395815,37.8081303104229));
#6452=CARTESIAN_POINT('Origin',(152.955444872934,103.200003139582,39.0162202231326));
#6453=CARTESIAN_POINT('',(154.482513477634,103.200003139582,36.0299078689841));
#6454=CARTESIAN_POINT('Origin',(152.066333652215,103.200003139582,37.808130310423));
#6455=CARTESIAN_POINT('',(156.260735919073,103.200003139582,38.4460876944033));
#6456=CARTESIAN_POINT('',(155.371624698353,103.200003139582,37.2379977816937));
#6457=CARTESIAN_POINT('Origin',(153.844556093654,103.200003139582,40.2243101358422));
#6458=CARTESIAN_POINT('Origin',(153.844556093654,103.200003139582,40.2243101358422));
#6459=CARTESIAN_POINT('',(155.133185333877,103.200003139582,39.2759248337414));
#6460=CARTESIAN_POINT('Origin',(153.844556093654,103.200003139582,40.2243101358422));
#6461=CARTESIAN_POINT('Origin',(155.03003772128,33.2000031395815,41.8350966861216));
#6462=CARTESIAN_POINT('Origin',(155.03003772128,103.200003139582,41.8350966861217));
#6463=CARTESIAN_POINT('',(156.318666961503,103.200003139582,40.886711384021));
#6464=CARTESIAN_POINT('Origin',(155.03003772128,103.200003139582,41.8350966861217));
#6465=CARTESIAN_POINT('Origin',(155.267134046805,103.200003139582,42.1572539961776));
#6466=CARTESIAN_POINT('Origin',(152.066333652215,103.200003139582,37.808130310423));
#6467=CARTESIAN_POINT('Origin',(155.267134046805,103.200003139582,42.1572539961776));
#6468=CARTESIAN_POINT('',(156.555763287029,103.200003139582,41.2088686940768));
#6469=CARTESIAN_POINT('Origin',(152.066333652215,103.200003139582,37.808130310423));
#6470=CARTESIAN_POINT('Origin',(56.8690441351937,33.2000031395815,38.8736421253009));
#6471=CARTESIAN_POINT('',(60.1972453125451,33.2000031395815,39.2896672724699));
#6472=CARTESIAN_POINT('Origin',(57.7010944295315,33.2000031395815,37.6255666837942));
#6473=CARTESIAN_POINT('',(58.5331447238694,33.2000031395815,41.7858181554834));
#6474=CARTESIAN_POINT('',(59.3651950182072,33.2000031395815,40.5377427139766));
#6475=CARTESIAN_POINT('Origin',(56.0369938408559,33.2000031395815,40.1217175668077));
#6476=CARTESIAN_POINT('Origin',(56.0369938408559,33.2000031395815,40.1217175668077));
#6477=CARTESIAN_POINT('',(56.0369938408559,31.6000031395815,40.1217175668077));
#6478=CARTESIAN_POINT('Origin',(56.0369938408559,33.2000031395815,40.1217175668077));
#6479=CARTESIAN_POINT('Origin',(56.8690441351937,103.200003139582,38.8736421253009));
#6480=CARTESIAN_POINT('',(60.1972453125451,103.200003139582,39.2896672724699));
#6481=CARTESIAN_POINT('Origin',(57.7010944295315,103.200003139582,37.6255666837942));
#6482=CARTESIAN_POINT('',(58.5331447238694,103.200003139582,41.7858181554834));
#6483=CARTESIAN_POINT('',(59.3651950182072,103.200003139582,40.5377427139766));
#6484=CARTESIAN_POINT('Origin',(56.0369938408559,103.200003139582,40.1217175668077));
#6485=CARTESIAN_POINT('Origin',(56.0369938408559,103.200003139582,40.1217175668077));
#6486=CARTESIAN_POINT('',(56.0369938408559,101.600003139582,40.1217175668077));
#6487=CARTESIAN_POINT('Origin',(56.0369938408559,103.200003139582,40.1217175668077));
#6488=CARTESIAN_POINT('Origin',(70.300008088816,99.2000031395815,51.0000000000005));
#6489=CARTESIAN_POINT('',(58.369813958591,99.2000031395815,44.0806318289405));
#6490=CARTESIAN_POINT('',(62.0729474227411,99.2000031395815,51.0000000000005));
#6491=CARTESIAN_POINT('',(62.0982249402531,99.2000031395815,51.0472314735106));
#6492=CARTESIAN_POINT('',(54.9275934484054,99.2000031395816,41.7858181554834));
#6493=CARTESIAN_POINT('',(62.3751635572822,99.2000031395815,46.7508648947346));
#6494=CARTESIAN_POINT('',(57.7010944295315,99.2000031395816,37.6255666837942));
#6495=CARTESIAN_POINT('',(54.7057133699153,99.2000031395816,42.1186382732185));
#6496=CARTESIAN_POINT('',(65.1486645384084,99.2000031395815,42.5906134230454));
#6497=CARTESIAN_POINT('',(70.300008088816,99.2000031395815,51.0000000000005));
#6498=CARTESIAN_POINT('',(70.300008088816,99.2000031395815,51.0000000000005));
#6499=CARTESIAN_POINT('',(170.300008088816,99.2000031395815,51.0000000000005));
#6500=CARTESIAN_POINT('Origin',(60.2917482076421,66.331844386641,47.6717988226492));
#6501=CARTESIAN_POINT('',(62.0729474227412,37.2000031395815,51.0000000000005));
#6502=CARTESIAN_POINT('',(62.0729474227411,66.331844386641,51.0000000000005));
#6503=CARTESIAN_POINT('',(58.369813958591,37.2000031395815,44.0806318289405));
#6504=CARTESIAN_POINT('',(59.3151011666609,37.2000031395815,45.846917133899));
#6505=CARTESIAN_POINT('',(58.369813958591,84.7659237631113,44.0806318289405));
#6506=CARTESIAN_POINT('Origin',(45.300008088816,37.2000031395815,51.0000000000005));
#6507=CARTESIAN_POINT('',(70.300008088816,37.2000031395815,51.0000000000005));
#6508=CARTESIAN_POINT('',(45.300008088816,37.2000031395815,51.0000000000005));
#6509=CARTESIAN_POINT('',(70.300008088816,37.2000031395815,51.0000000000005));
#6510=CARTESIAN_POINT('',(57.7010944295315,37.2000031395816,37.6255666837942));
#6511=CARTESIAN_POINT('',(56.4948183845622,37.2000031395815,36.8213826538146));
#6512=CARTESIAN_POINT('',(54.9275934484054,37.2000031395816,41.7858181554834));
#6513=CARTESIAN_POINT('',(54.7057133699153,37.2000031395816,42.1186382732185));
#6514=CARTESIAN_POINT('',(53.7213174034361,37.2000031395815,40.9816341255039));
#6515=CARTESIAN_POINT('Origin',(60.2917482076421,66.331844386641,47.6717988226492));
#6516=CARTESIAN_POINT('',(58.369813958591,84.7659237631113,44.0806318289405));
#6517=CARTESIAN_POINT('',(62.0729474227411,66.331844386641,51.0000000000005));
#6518=CARTESIAN_POINT('Origin',(54.7057133699153,33.2000031395815,42.1186382732185));
#6519=CARTESIAN_POINT('',(54.9275934484054,31.6000031395815,41.7858181554834));
#6520=CARTESIAN_POINT('Origin',(54.9275934484054,33.2000031395815,41.7858181554834));
#6521=CARTESIAN_POINT('',(54.7057133699153,31.6000031395815,42.1186382732185));
#6522=CARTESIAN_POINT('Origin',(54.7057133699153,33.2000031395815,42.1186382732185));
#6523=CARTESIAN_POINT('Origin',(54.9275934484054,33.2000031395815,41.7858181554834));
#6524=CARTESIAN_POINT('Origin',(57.7010944295315,33.2000031395815,37.6255666837942));
#6525=CARTESIAN_POINT('Origin',(57.7010944295316,33.2000031395815,37.6255666837942));
#6526=CARTESIAN_POINT('Origin',(54.9275934484054,103.200003139582,41.7858181554834));
#6527=CARTESIAN_POINT('Origin',(54.7057133699153,103.200003139582,42.1186382732185));
#6528=CARTESIAN_POINT('',(54.9275934484054,101.600003139582,41.7858181554834));
#6529=CARTESIAN_POINT('Origin',(54.9275934484054,103.200003139582,41.7858181554834));
#6530=CARTESIAN_POINT('',(54.7057133699153,101.600003139582,42.1186382732185));
#6531=CARTESIAN_POINT('Origin',(54.7057133699153,103.200003139582,42.1186382732185));
#6532=CARTESIAN_POINT('Origin',(54.9275934484054,103.200003139582,41.7858181554834));
#6533=CARTESIAN_POINT('Origin',(57.7010944295315,103.200003139582,37.6255666837942));
#6534=CARTESIAN_POINT('Origin',(57.7010944295316,103.200003139582,37.6255666837942));
#6535=CARTESIAN_POINT('Origin',(54.9275934484054,103.200003139582,41.7858181554834));
#6536=CARTESIAN_POINT('Origin',(74.300008088816,109.963512121373,41.3058493982069));
#6537=CARTESIAN_POINT('',(74.300008088816,108.593282929278,43.9746453741351));
#6538=CARTESIAN_POINT('Origin',(70.300008088816,37.2000031395815,51.0000000000005));
#6539=CARTESIAN_POINT('',(70.300008088816,66.2000031395815,51.0000000000005));
#6540=CARTESIAN_POINT('Origin',(138.300008088816,64.2000031395815,51.0000000000005));
#6541=CARTESIAN_POINT('',(138.300008088816,66.2000031395815,51.0000000000005));
#6542=CARTESIAN_POINT('Origin',(107.800008088816,68.2000031395815,51.0000000000005));
#6543=UNCERTAINTY_MEASURE_WITH_UNIT(LENGTH_MEASURE(0.01),#6547,
'DISTANCE_ACCURACY_VALUE',
'Maximum model space distance between geometric entities at asserted c
onnectivities');
#6544=UNCERTAINTY_MEASURE_WITH_UNIT(LENGTH_MEASURE(0.01),#6547,
'DISTANCE_ACCURACY_VALUE',
'Maximum model space distance between geometric entities at asserted c
onnectivities');
#6545=(
GEOMETRIC_REPRESENTATION_CONTEXT(3)
GLOBAL_UNCERTAINTY_ASSIGNED_CONTEXT((#6543))
GLOBAL_UNIT_ASSIGNED_CONTEXT((#6547,#6549,#6550))
REPRESENTATION_CONTEXT('','3D')
);
#6546=(
GEOMETRIC_REPRESENTATION_CONTEXT(3)
GLOBAL_UNCERTAINTY_ASSIGNED_CONTEXT((#6544))
GLOBAL_UNIT_ASSIGNED_CONTEXT((#6547,#6549,#6550))
REPRESENTATION_CONTEXT('','3D')
);
#6547=(
LENGTH_UNIT()
NAMED_UNIT(*)
SI_UNIT(.MILLI.,.METRE.)
);
#6548=(
LENGTH_UNIT()
NAMED_UNIT(*)
SI_UNIT($,.METRE.)
);
#6549=(
NAMED_UNIT(*)
PLANE_ANGLE_UNIT()
SI_UNIT($,.RADIAN.)
);
#6550=(
NAMED_UNIT(*)
SI_UNIT($,.STERADIAN.)
SOLID_ANGLE_UNIT()
);
#6551=SHAPE_DEFINITION_REPRESENTATION(#6552,#6553);
#6552=PRODUCT_DEFINITION_SHAPE('',$,#6555);
#6553=SHAPE_REPRESENTATION('',(#3683),#6545);
#6554=PRODUCT_DEFINITION_CONTEXT('part definition',#6559,'design');
#6555=PRODUCT_DEFINITION('Window holder','Window holder',#6556,#6554);
#6556=PRODUCT_DEFINITION_FORMATION('',$,#6561);
#6557=PRODUCT_RELATED_PRODUCT_CATEGORY('Window holder','Window holder',
(#6561));
#6558=APPLICATION_PROTOCOL_DEFINITION('international standard',
'automotive_design',2009,#6559);
#6559=APPLICATION_CONTEXT(
'Core Data for Automotive Mechanical Design Process');
#6560=PRODUCT_CONTEXT('part definition',#6559,'mechanical');
#6561=PRODUCT('Window holder','Window holder',$,(#6560));
#6562=PRESENTATION_STYLE_ASSIGNMENT((#6564));
#6563=PRESENTATION_STYLE_ASSIGNMENT((#6565));
#6564=SURFACE_STYLE_USAGE(.BOTH.,#6566);
#6565=SURFACE_STYLE_USAGE(.BOTH.,#6567);
#6566=SURFACE_SIDE_STYLE('',(#6568));
#6567=SURFACE_SIDE_STYLE('',(#6569));
#6568=SURFACE_STYLE_FILL_AREA(#6570);
#6569=SURFACE_STYLE_FILL_AREA(#6571);
#6570=FILL_AREA_STYLE('Stahl - satiniert',(#6572));
#6571=FILL_AREA_STYLE('Opaque(160,160,160)',(#6573));
#6572=FILL_AREA_STYLE_COLOUR('Stahl - satiniert',#6574);
#6573=FILL_AREA_STYLE_COLOUR('Opaque(160,160,160)',#6575);
#6574=COLOUR_RGB('Stahl - satiniert',0.627450980392157,0.627450980392157,
0.627450980392157);
#6575=COLOUR_RGB('Opaque(160,160,160)',0.392156862745098,0.392156862745098,
0.392156862745098);
ENDSEC;
END-ISO-10303-21;
