ISO-10303-21;
HEADER;
/* Generated by software containing ST-Developer
 * from STEP Tools, Inc. (www.steptools.com) 
 */

FILE_DESCRIPTION(
/* description */ (''),
/* implementation_level */ '2;1');

FILE_NAME(
/* name */ 'Chassis bottom.step',
/* time_stamp */ '2026-01-02T21:48:23+01:00',
/* author */ (''),
/* organization */ (''),
/* preprocessor_version */ 'ST-DEVELOPER v20.1',
/* originating_system */ 'Autodesk Translation Framework v14.21.0.0',
/* authorisation */ '');

FILE_SCHEMA (('AUTOMOTIVE_DESIGN { 1 0 10303 214 3 1 1 }'));
ENDSEC;

DATA;
#10=MECHANICAL_DESIGN_GEOMETRIC_PRESENTATION_REPRESENTATION('',(#13),#10547);
#11=SHAPE_REPRESENTATION_RELATIONSHIP('SRR','None',#10554,#12);
#12=ADVANCED_BREP_SHAPE_REPRESENTATION('',(#14),#10546);
#13=STYLED_ITEM('',(#10563),#14);
#14=MANIFOLD_SOLID_BREP('Chassis bottom',#6278);
#15=B_SPLINE_CURVE_WITH_KNOTS('',3,(#10316,#10317,#10318,#10319,#10320,
#10321,#10322,#10323),.UNSPECIFIED.,.F.,.F.,(4,2,2,4),(3.21279816654193,
3.30464257132637,3.47437384042428,3.64410510952219),.UNSPECIFIED.);
#16=CYLINDRICAL_SURFACE('',#6338,4.);
#17=CYLINDRICAL_SURFACE('',#6346,4.);
#18=CYLINDRICAL_SURFACE('',#6352,4.);
#19=CYLINDRICAL_SURFACE('',#6381,1.60000000000001);
#20=CYLINDRICAL_SURFACE('',#6384,2.9);
#21=CYLINDRICAL_SURFACE('',#6390,1.6);
#22=CYLINDRICAL_SURFACE('',#6396,1.6);
#23=CYLINDRICAL_SURFACE('',#6398,2.9);
#24=CYLINDRICAL_SURFACE('',#6400,1.6);
#25=CYLINDRICAL_SURFACE('',#6406,1.6);
#26=CYLINDRICAL_SURFACE('',#6412,1.59999999999998);
#27=CYLINDRICAL_SURFACE('',#6433,1.6);
#28=CYLINDRICAL_SURFACE('',#6436,1.6);
#29=CYLINDRICAL_SURFACE('',#6444,5.);
#30=CYLINDRICAL_SURFACE('',#6447,1.6);
#31=CYLINDRICAL_SURFACE('',#6448,1.6);
#32=CYLINDRICAL_SURFACE('',#6454,4.);
#33=CYLINDRICAL_SURFACE('',#6457,4.);
#34=CYLINDRICAL_SURFACE('',#6460,1.6);
#35=CYLINDRICAL_SURFACE('',#6461,1.6);
#36=CYLINDRICAL_SURFACE('',#6470,4.);
#37=CYLINDRICAL_SURFACE('',#6473,4.);
#38=CYLINDRICAL_SURFACE('',#6476,5.);
#39=CYLINDRICAL_SURFACE('',#6482,1.6);
#40=CYLINDRICAL_SURFACE('',#6484,1.6);
#41=CYLINDRICAL_SURFACE('',#6486,1.6);
#42=CYLINDRICAL_SURFACE('',#6492,1.6);
#43=CYLINDRICAL_SURFACE('',#6500,1.);
#44=CYLINDRICAL_SURFACE('',#6505,1.);
#45=CYLINDRICAL_SURFACE('',#6509,4.);
#46=CYLINDRICAL_SURFACE('',#6511,4.);
#47=CYLINDRICAL_SURFACE('',#6513,3.);
#48=CYLINDRICAL_SURFACE('',#6515,3.);
#49=CYLINDRICAL_SURFACE('',#6518,3.);
#50=CYLINDRICAL_SURFACE('',#6520,3.);
#51=CYLINDRICAL_SURFACE('',#6522,3.);
#52=CYLINDRICAL_SURFACE('',#6524,3.);
#53=CYLINDRICAL_SURFACE('',#6527,3.);
#54=CYLINDRICAL_SURFACE('',#6529,3.);
#55=CYLINDRICAL_SURFACE('',#6532,3.);
#56=CYLINDRICAL_SURFACE('',#6534,3.);
#57=CYLINDRICAL_SURFACE('',#6548,3.);
#58=CYLINDRICAL_SURFACE('',#6551,3.);
#59=CYLINDRICAL_SURFACE('',#6554,4.);
#60=CYLINDRICAL_SURFACE('',#6557,4.);
#61=CYLINDRICAL_SURFACE('',#6560,0.5);
#62=CYLINDRICAL_SURFACE('',#6563,15.);
#63=CYLINDRICAL_SURFACE('',#6578,1.6);
#64=CYLINDRICAL_SURFACE('',#6580,1.6);
#65=CYLINDRICAL_SURFACE('',#6600,15.);
#66=CYLINDRICAL_SURFACE('',#6604,14.4);
#67=CYLINDRICAL_SURFACE('',#6613,1.);
#68=CYLINDRICAL_SURFACE('',#6616,1.);
#69=CYLINDRICAL_SURFACE('',#6621,1.);
#70=CYLINDRICAL_SURFACE('',#6626,1.);
#71=CYLINDRICAL_SURFACE('',#6647,4.);
#72=CYLINDRICAL_SURFACE('',#6649,4.);
#73=CYLINDRICAL_SURFACE('',#6651,4.);
#74=CYLINDRICAL_SURFACE('',#6668,4.);
#75=CYLINDRICAL_SURFACE('',#6669,1.6);
#76=CYLINDRICAL_SURFACE('',#6670,6.);
#77=CYLINDRICAL_SURFACE('',#6676,7.10000000000001);
#78=CYLINDRICAL_SURFACE('',#6684,13.75);
#79=CYLINDRICAL_SURFACE('',#6689,10.);
#80=CYLINDRICAL_SURFACE('',#6693,12.1);
#81=CYLINDRICAL_SURFACE('',#6697,10.);
#82=CYLINDRICAL_SURFACE('',#6701,11.1);
#83=CYLINDRICAL_SURFACE('',#6705,10.);
#84=CYLINDRICAL_SURFACE('',#6712,2.5);
#85=CYLINDRICAL_SURFACE('',#6715,5.);
#86=CYLINDRICAL_SURFACE('',#6718,5.);
#87=CYLINDRICAL_SURFACE('',#6721,2.5);
#88=CYLINDRICAL_SURFACE('',#6724,2.5);
#89=CYLINDRICAL_SURFACE('',#6735,2.5);
#90=CYLINDRICAL_SURFACE('',#6738,2.5);
#91=CYLINDRICAL_SURFACE('',#6741,5.);
#92=CYLINDRICAL_SURFACE('',#6744,5.);
#93=CYLINDRICAL_SURFACE('',#6747,2.5);
#94=CYLINDRICAL_SURFACE('',#6755,10.);
#95=CYLINDRICAL_SURFACE('',#6759,11.1);
#96=CYLINDRICAL_SURFACE('',#6763,10.);
#97=CYLINDRICAL_SURFACE('',#6767,12.1);
#98=CYLINDRICAL_SURFACE('',#6771,11.);
#99=CYLINDRICAL_SURFACE('',#6779,7.10000000000001);
#100=CYLINDRICAL_SURFACE('',#6783,6.);
#101=CYLINDRICAL_SURFACE('',#6787,14.4);
#102=CYLINDRICAL_SURFACE('',#6791,5.);
#103=CYLINDRICAL_SURFACE('',#6795,12.5);
#104=CYLINDRICAL_SURFACE('',#6797,1.6);
#105=CYLINDRICAL_SURFACE('',#6799,1.6);
#106=CYLINDRICAL_SURFACE('',#6801,1.6);
#107=CYLINDRICAL_SURFACE('',#6803,2.);
#108=CYLINDRICAL_SURFACE('',#6806,4.);
#109=CYLINDRICAL_SURFACE('',#6810,5.);
#110=CYLINDRICAL_SURFACE('',#6824,1.6);
#111=CYLINDRICAL_SURFACE('',#6826,2.);
#112=CYLINDRICAL_SURFACE('',#6829,4.);
#113=CYLINDRICAL_SURFACE('',#6834,1.6);
#114=CYLINDRICAL_SURFACE('',#6836,1.6);
#115=CYLINDRICAL_SURFACE('',#6838,1.6);
#116=CYLINDRICAL_SURFACE('',#6840,1.);
#117=CYLINDRICAL_SURFACE('',#6843,1.);
#118=CYLINDRICAL_SURFACE('',#6845,4.);
#119=CYLINDRICAL_SURFACE('',#6848,2.);
#120=CYLINDRICAL_SURFACE('',#6852,2.);
#121=CYLINDRICAL_SURFACE('',#6856,2.);
#122=CYLINDRICAL_SURFACE('',#6860,5.);
#123=CYLINDRICAL_SURFACE('',#6864,4.);
#124=CYLINDRICAL_SURFACE('',#6868,4.);
#125=(
BOUNDED_CURVE()
B_SPLINE_CURVE(2,(#8814,#8815,#8816,#8817,#8818),.UNSPECIFIED.,.F.,.F.)
B_SPLINE_CURVE_WITH_KNOTS((3,1,1,3),(11.7093478669395,11.7247211912795,
12.1547740103468,12.328734597298),.UNSPECIFIED.)
CURVE()
GEOMETRIC_REPRESENTATION_ITEM()
RATIONAL_B_SPLINE_CURVE((1.50435822402174,1.50249474264433,1.44804576701032,
1.35689305862281,1.32862278437087))
REPRESENTATION_ITEM('')
);
#126=(
BOUNDED_CURVE()
B_SPLINE_CURVE(2,(#8822,#8823,#8824),.UNSPECIFIED.,.F.,.F.)
B_SPLINE_CURVE_WITH_KNOTS((3,3),(0.,1.31862758701409),.UNSPECIFIED.)
CURVE()
GEOMETRIC_REPRESENTATION_ITEM()
RATIONAL_B_SPLINE_CURVE((1.,1.01737390885552,1.))
REPRESENTATION_ITEM('')
);
#127=(
BOUNDED_CURVE()
B_SPLINE_CURVE(2,(#8833,#8834,#8835),.UNSPECIFIED.,.F.,.F.)
B_SPLINE_CURVE_WITH_KNOTS((3,3),(8.53368740646467,9.38580485158298),
 .UNSPECIFIED.)
CURVE()
GEOMETRIC_REPRESENTATION_ITEM()
RATIONAL_B_SPLINE_CURVE((1.83333333333335,1.67849662327032,1.48442906574397))
REPRESENTATION_ITEM('')
);
#128=(
BOUNDED_CURVE()
B_SPLINE_CURVE(2,(#8839,#8840,#8841),.UNSPECIFIED.,.F.,.F.)
B_SPLINE_CURVE_WITH_KNOTS((3,3),(1.29834826548505,2.76473245512366),
 .UNSPECIFIED.)
CURVE()
GEOMETRIC_REPRESENTATION_ITEM()
RATIONAL_B_SPLINE_CURVE((1.41380202305721,1.6063247342946,1.70588235294133))
REPRESENTATION_ITEM('')
);
#129=(
BOUNDED_CURVE()
B_SPLINE_CURVE(2,(#9377,#9378,#9379),.UNSPECIFIED.,.F.,.F.)
B_SPLINE_CURVE_WITH_KNOTS((3,3),(0.144511505747688,0.289023011495376),
 .UNSPECIFIED.)
CURVE()
GEOMETRIC_REPRESENTATION_ITEM()
RATIONAL_B_SPLINE_CURVE((1.06694670951393,1.06694670951393,1.))
REPRESENTATION_ITEM('')
);
#130=(
BOUNDED_CURVE()
B_SPLINE_CURVE(2,(#9381,#9382,#9383),.UNSPECIFIED.,.F.,.F.)
B_SPLINE_CURVE_WITH_KNOTS((3,3),(0.,0.144511505747688),.UNSPECIFIED.)
CURVE()
GEOMETRIC_REPRESENTATION_ITEM()
RATIONAL_B_SPLINE_CURVE((1.,1.06694670951393,1.06694670951393))
REPRESENTATION_ITEM('')
);
#131=(
BOUNDED_CURVE()
B_SPLINE_CURVE(2,(#9876,#9877,#9878),.UNSPECIFIED.,.F.,.F.)
B_SPLINE_CURVE_WITH_KNOTS((3,3),(0.639392809241874,1.5966095746093),
 .UNSPECIFIED.)
CURVE()
GEOMETRIC_REPRESENTATION_ITEM()
RATIONAL_B_SPLINE_CURVE((1.27291403485661,1.39538975184335,1.27291403485661))
REPRESENTATION_ITEM('')
);
#132=ELLIPSE('',#6310,8.80240810167187,6.1501416936779);
#133=ELLIPSE('',#6315,6.52206411539852,6.01335442774402);
#134=ELLIPSE('',#6318,6.52206411539852,6.01335442774402);
#135=ELLIPSE('',#6319,8.07815928810077,5.64411734517097);
#136=ELLIPSE('',#6321,8.07815928810077,5.64411734517097);
#137=ELLIPSE('',#6540,21.2132034355964,15.);
#138=ELLIPSE('',#6543,21.2132034355965,15.);
#139=ELLIPSE('',#6869,5.65685424949239,4.);
#140=ELLIPSE('',#6870,4.32956880116958,4.);
#141=CONICAL_SURFACE('',#6309,6.,0.152649328395265);
#142=CONICAL_SURFACE('',#6314,5.5,0.152649328395265);
#143=CONICAL_SURFACE('',#6417,1.5,0.872664625997165);
#144=CONICAL_SURFACE('',#6420,1.5,0.872664625997165);
#145=CONICAL_SURFACE('',#6422,1.5,0.872664625997165);
#146=CONICAL_SURFACE('',#6424,1.5,0.872664625997165);
#147=CONICAL_SURFACE('',#6427,1.5,0.872664625997165);
#148=CONICAL_SURFACE('',#6430,1.5,0.872664625997165);
#149=CONICAL_SURFACE('',#6497,3.98492424049175,0.356696075024318);
#150=CONICAL_SURFACE('',#6609,1.5,0.872664625997165);
#151=CONICAL_SURFACE('',#6611,1.5,0.872664625997165);
#152=CONICAL_SURFACE('',#6628,3.98492424049175,0.35669607502432);
#153=CONICAL_SURFACE('',#6635,1.5,0.872664625997165);
#154=CONICAL_SURFACE('',#6640,1.5,0.872664625997165);
#155=CONICAL_SURFACE('',#6643,1.5,0.872664625997165);
#156=CONICAL_SURFACE('',#6645,1.5,0.872664625997165);
#157=CONICAL_SURFACE('',#6680,4.5,0.477345382373672);
#158=CONICAL_SURFACE('',#6709,13.5,0.785398163397447);
#159=CONICAL_SURFACE('',#6751,13.5,0.785398163397447);
#160=CONICAL_SURFACE('',#6775,4.5,0.477345382373672);
#161=FACE_BOUND('',#803,.T.);
#162=FACE_BOUND('',#805,.T.);
#163=FACE_BOUND('',#806,.T.);
#164=FACE_BOUND('',#808,.T.);
#165=FACE_BOUND('',#810,.T.);
#166=FACE_BOUND('',#811,.T.);
#167=FACE_BOUND('',#821,.T.);
#168=FACE_BOUND('',#829,.T.);
#169=FACE_BOUND('',#840,.T.);
#170=FACE_BOUND('',#842,.T.);
#171=FACE_BOUND('',#871,.T.);
#172=FACE_BOUND('',#882,.T.);
#173=FACE_BOUND('',#889,.T.);
#174=FACE_BOUND('',#892,.T.);
#175=FACE_BOUND('',#901,.T.);
#176=FACE_BOUND('',#904,.T.);
#177=FACE_BOUND('',#907,.T.);
#178=FACE_BOUND('',#914,.T.);
#179=FACE_BOUND('',#917,.T.);
#180=FACE_BOUND('',#924,.T.);
#181=FACE_BOUND('',#927,.T.);
#182=FACE_BOUND('',#931,.T.);
#183=FACE_BOUND('',#954,.T.);
#184=FACE_BOUND('',#955,.T.);
#185=FACE_BOUND('',#1002,.T.);
#186=FACE_BOUND('',#1003,.T.);
#187=FACE_BOUND('',#1004,.T.);
#188=FACE_BOUND('',#1005,.T.);
#189=FACE_BOUND('',#1006,.T.);
#190=FACE_BOUND('',#1007,.T.);
#191=FACE_BOUND('',#1019,.T.);
#192=FACE_BOUND('',#1030,.T.);
#193=FACE_BOUND('',#1031,.T.);
#194=FACE_BOUND('',#1032,.T.);
#195=FACE_BOUND('',#1033,.T.);
#196=FACE_BOUND('',#1034,.T.);
#197=FACE_BOUND('',#1035,.T.);
#198=FACE_BOUND('',#1036,.T.);
#199=FACE_BOUND('',#1037,.T.);
#200=FACE_BOUND('',#1038,.T.);
#201=FACE_BOUND('',#1039,.T.);
#202=FACE_BOUND('',#1040,.T.);
#203=FACE_BOUND('',#1041,.T.);
#204=FACE_BOUND('',#1042,.T.);
#205=FACE_BOUND('',#1079,.T.);
#206=FACE_BOUND('',#1080,.T.);
#207=FACE_BOUND('',#1170,.T.);
#208=FACE_BOUND('',#1171,.T.);
#209=FACE_BOUND('',#1172,.T.);
#210=FACE_BOUND('',#1173,.T.);
#211=FACE_BOUND('',#1174,.T.);
#212=FACE_BOUND('',#1175,.T.);
#213=FACE_BOUND('',#1176,.T.);
#214=FACE_BOUND('',#1177,.T.);
#215=FACE_BOUND('',#1178,.T.);
#216=FACE_BOUND('',#1179,.T.);
#217=FACE_BOUND('',#1180,.T.);
#218=CIRCLE('',#6296,4.);
#219=CIRCLE('',#6298,4.);
#220=CIRCLE('',#6299,4.);
#221=CIRCLE('',#6300,1.6);
#222=CIRCLE('',#6301,1.6);
#223=CIRCLE('',#6303,4.);
#224=CIRCLE('',#6305,4.);
#225=CIRCLE('',#6306,4.);
#226=CIRCLE('',#6307,1.6);
#227=CIRCLE('',#6308,1.6);
#228=CIRCLE('',#6311,6.69230769230762);
#229=CIRCLE('',#6312,5.);
#230=CIRCLE('',#6313,7.);
#231=CIRCLE('',#6316,6.19230769230762);
#232=CIRCLE('',#6317,4.5);
#233=CIRCLE('',#6320,6.5);
#234=CIRCLE('',#6329,1.6);
#235=CIRCLE('',#6337,1.6);
#236=CIRCLE('',#6339,4.);
#237=CIRCLE('',#6340,4.);
#238=CIRCLE('',#6342,4.);
#239=CIRCLE('',#6343,4.);
#240=CIRCLE('',#6344,4.);
#241=CIRCLE('',#6347,4.);
#242=CIRCLE('',#6348,4.);
#243=CIRCLE('',#6353,4.);
#244=CIRCLE('',#6354,4.);
#245=CIRCLE('',#6355,4.);
#246=CIRCLE('',#6358,4.);
#247=CIRCLE('',#6359,4.);
#248=CIRCLE('',#6360,1.6);
#249=CIRCLE('',#6362,4.);
#250=CIRCLE('',#6363,4.);
#251=CIRCLE('',#6364,1.6);
#252=CIRCLE('',#6366,4.);
#253=CIRCLE('',#6367,4.);
#254=CIRCLE('',#6368,4.);
#255=CIRCLE('',#6370,2.9);
#256=CIRCLE('',#6372,1.6);
#257=CIRCLE('',#6374,1.6);
#258=CIRCLE('',#6376,2.9);
#259=CIRCLE('',#6378,1.6);
#260=CIRCLE('',#6380,1.6);
#261=CIRCLE('',#6382,1.60000000000001);
#262=CIRCLE('',#6383,1.60000000000001);
#263=CIRCLE('',#6385,2.9);
#264=CIRCLE('',#6387,1.6);
#265=CIRCLE('',#6391,1.6);
#266=CIRCLE('',#6393,1.6);
#267=CIRCLE('',#6397,1.6);
#268=CIRCLE('',#6399,2.9);
#269=CIRCLE('',#6401,1.6);
#270=CIRCLE('',#6405,1.6);
#271=CIRCLE('',#6407,1.6);
#272=CIRCLE('',#6411,1.6);
#273=CIRCLE('',#6413,1.59999999999998);
#274=CIRCLE('',#6414,1.59999999999998);
#275=CIRCLE('',#6416,2.5);
#276=CIRCLE('',#6418,1.6);
#277=CIRCLE('',#6419,3.);
#278=CIRCLE('',#6421,3.);
#279=CIRCLE('',#6423,3.);
#280=CIRCLE('',#6425,1.6);
#281=CIRCLE('',#6426,3.);
#282=CIRCLE('',#6428,1.6);
#283=CIRCLE('',#6429,3.);
#284=CIRCLE('',#6431,1.6);
#285=CIRCLE('',#6432,3.);
#286=CIRCLE('',#6434,1.6);
#287=CIRCLE('',#6435,1.6);
#288=CIRCLE('',#6437,1.6);
#289=CIRCLE('',#6438,1.6);
#290=CIRCLE('',#6440,3.);
#291=CIRCLE('',#6441,3.);
#292=CIRCLE('',#6443,5.);
#293=CIRCLE('',#6445,5.);
#294=CIRCLE('',#6451,1.6);
#295=CIRCLE('',#6455,4.);
#296=CIRCLE('',#6458,4.);
#297=CIRCLE('',#6464,1.6);
#298=CIRCLE('',#6469,5.);
#299=CIRCLE('',#6471,4.);
#300=CIRCLE('',#6474,4.);
#301=CIRCLE('',#6477,5.);
#302=CIRCLE('',#6483,1.6);
#303=CIRCLE('',#6485,1.6);
#304=CIRCLE('',#6487,1.6);
#305=CIRCLE('',#6493,1.6);
#306=CIRCLE('',#6496,2.5);
#307=CIRCLE('',#6498,5.48108400737577);
#308=CIRCLE('',#6501,1.);
#309=CIRCLE('',#6502,1.);
#310=CIRCLE('',#6506,1.);
#311=CIRCLE('',#6507,1.);
#312=CIRCLE('',#6510,4.);
#313=CIRCLE('',#6512,4.);
#314=CIRCLE('',#6514,3.);
#315=CIRCLE('',#6516,3.);
#316=CIRCLE('',#6517,3.);
#317=CIRCLE('',#6519,3.);
#318=CIRCLE('',#6521,3.);
#319=CIRCLE('',#6523,3.);
#320=CIRCLE('',#6525,3.);
#321=CIRCLE('',#6526,3.);
#322=CIRCLE('',#6528,3.);
#323=CIRCLE('',#6530,3.);
#324=CIRCLE('',#6531,3.);
#325=CIRCLE('',#6533,3.);
#326=CIRCLE('',#6535,3.);
#327=CIRCLE('',#6536,3.);
#328=CIRCLE('',#6538,15.);
#329=CIRCLE('',#6545,15.);
#330=CIRCLE('',#6549,3.);
#331=CIRCLE('',#6550,3.);
#332=CIRCLE('',#6552,3.);
#333=CIRCLE('',#6553,3.);
#334=CIRCLE('',#6555,4.);
#335=CIRCLE('',#6558,4.);
#336=CIRCLE('',#6561,0.5);
#337=CIRCLE('',#6562,0.5);
#338=CIRCLE('',#6564,15.);
#339=CIRCLE('',#6565,15.);
#340=CIRCLE('',#6568,2.5);
#341=CIRCLE('',#6579,1.6);
#342=CIRCLE('',#6581,1.6);
#343=CIRCLE('',#6599,2.5);
#344=CIRCLE('',#6601,15.);
#345=CIRCLE('',#6602,15.);
#346=CIRCLE('',#6605,14.4);
#347=CIRCLE('',#6606,14.4);
#348=CIRCLE('',#6610,1.6);
#349=CIRCLE('',#6612,1.6);
#350=CIRCLE('',#6614,1.);
#351=CIRCLE('',#6615,1.);
#352=CIRCLE('',#6617,1.);
#353=CIRCLE('',#6618,1.);
#354=CIRCLE('',#6620,2.);
#355=CIRCLE('',#6622,1.);
#356=CIRCLE('',#6623,1.);
#357=CIRCLE('',#6625,1.);
#358=CIRCLE('',#6627,1.);
#359=CIRCLE('',#6629,5.48108400737578);
#360=CIRCLE('',#6630,5.48108400737578);
#361=CIRCLE('',#6632,4.);
#362=CIRCLE('',#6634,5.);
#363=CIRCLE('',#6636,1.6);
#364=CIRCLE('',#6638,2.);
#365=CIRCLE('',#6639,4.);
#366=CIRCLE('',#6641,1.6);
#367=CIRCLE('',#6642,1.6);
#368=CIRCLE('',#6644,1.6);
#369=CIRCLE('',#6646,1.6);
#370=CIRCLE('',#6648,4.);
#371=CIRCLE('',#6650,4.);
#372=CIRCLE('',#6652,4.);
#373=CIRCLE('',#6654,2.5);
#374=CIRCLE('',#6655,2.5);
#375=CIRCLE('',#6656,2.5);
#376=CIRCLE('',#6657,2.5);
#377=CIRCLE('',#6658,5.);
#378=CIRCLE('',#6659,5.);
#379=CIRCLE('',#6660,2.5);
#380=CIRCLE('',#6661,2.5);
#381=CIRCLE('',#6662,5.);
#382=CIRCLE('',#6663,5.);
#383=CIRCLE('',#6664,4.);
#384=CIRCLE('',#6665,1.);
#385=CIRCLE('',#6666,1.);
#386=CIRCLE('',#6667,4.);
#387=CIRCLE('',#6671,6.);
#388=CIRCLE('',#6672,6.);
#389=CIRCLE('',#6674,7.10000000000001);
#390=CIRCLE('',#6675,13.75);
#391=CIRCLE('',#6677,7.10000000000001);
#392=CIRCLE('',#6679,3.);
#393=CIRCLE('',#6681,6.);
#394=CIRCLE('',#6683,13.75);
#395=CIRCLE('',#6685,13.75);
#396=CIRCLE('',#6686,13.75);
#397=CIRCLE('',#6688,10.);
#398=CIRCLE('',#6690,10.);
#399=CIRCLE('',#6692,12.1);
#400=CIRCLE('',#6694,12.1);
#401=CIRCLE('',#6696,10.);
#402=CIRCLE('',#6698,10.);
#403=CIRCLE('',#6700,11.1);
#404=CIRCLE('',#6702,11.1);
#405=CIRCLE('',#6704,10.);
#406=CIRCLE('',#6706,10.);
#407=CIRCLE('',#6708,12.);
#408=CIRCLE('',#6710,15.0001000000001);
#409=CIRCLE('',#6713,2.5);
#410=CIRCLE('',#6716,5.);
#411=CIRCLE('',#6719,5.);
#412=CIRCLE('',#6722,2.5);
#413=CIRCLE('',#6725,2.5);
#414=CIRCLE('',#6736,2.5);
#415=CIRCLE('',#6739,2.5);
#416=CIRCLE('',#6742,5.);
#417=CIRCLE('',#6745,5.);
#418=CIRCLE('',#6748,2.5);
#419=CIRCLE('',#6750,15.0000999999999);
#420=CIRCLE('',#6752,12.);
#421=CIRCLE('',#6754,10.);
#422=CIRCLE('',#6756,10.);
#423=CIRCLE('',#6758,11.1);
#424=CIRCLE('',#6760,11.1);
#425=CIRCLE('',#6762,10.);
#426=CIRCLE('',#6764,10.);
#427=CIRCLE('',#6766,12.1);
#428=CIRCLE('',#6768,12.1);
#429=CIRCLE('',#6770,11.);
#430=CIRCLE('',#6772,11.);
#431=CIRCLE('',#6774,3.);
#432=CIRCLE('',#6776,6.);
#433=CIRCLE('',#6778,7.10000000000001);
#434=CIRCLE('',#6780,7.10000000000001);
#435=CIRCLE('',#6782,6.);
#436=CIRCLE('',#6784,6.);
#437=CIRCLE('',#6786,14.4);
#438=CIRCLE('',#6788,14.4);
#439=CIRCLE('',#6790,5.);
#440=CIRCLE('',#6792,5.);
#441=CIRCLE('',#6794,12.5);
#442=CIRCLE('',#6796,12.5);
#443=CIRCLE('',#6798,1.6);
#444=CIRCLE('',#6800,1.6);
#445=CIRCLE('',#6804,2.);
#446=CIRCLE('',#6807,4.);
#447=CIRCLE('',#6811,5.);
#448=CIRCLE('',#6825,1.6);
#449=CIRCLE('',#6827,2.);
#450=CIRCLE('',#6830,4.);
#451=CIRCLE('',#6835,1.6);
#452=CIRCLE('',#6837,1.6);
#453=CIRCLE('',#6839,1.6);
#454=CIRCLE('',#6841,1.);
#455=CIRCLE('',#6844,1.);
#456=CIRCLE('',#6846,4.);
#457=CIRCLE('',#6849,2.);
#458=CIRCLE('',#6850,2.);
#459=CIRCLE('',#6853,2.);
#460=CIRCLE('',#6854,2.);
#461=CIRCLE('',#6857,2.);
#462=CIRCLE('',#6858,2.);
#463=CIRCLE('',#6861,5.);
#464=CIRCLE('',#6862,5.);
#465=CIRCLE('',#6865,4.);
#466=CIRCLE('',#6866,4.);
#467=CIRCLE('',#6871,4.);
#468=CIRCLE('',#6872,4.);
#469=FACE_OUTER_BOUND('',#799,.T.);
#470=FACE_OUTER_BOUND('',#800,.T.);
#471=FACE_OUTER_BOUND('',#801,.T.);
#472=FACE_OUTER_BOUND('',#802,.T.);
#473=FACE_OUTER_BOUND('',#804,.T.);
#474=FACE_OUTER_BOUND('',#807,.T.);
#475=FACE_OUTER_BOUND('',#809,.T.);
#476=FACE_OUTER_BOUND('',#812,.T.);
#477=FACE_OUTER_BOUND('',#813,.T.);
#478=FACE_OUTER_BOUND('',#814,.T.);
#479=FACE_OUTER_BOUND('',#815,.T.);
#480=FACE_OUTER_BOUND('',#816,.T.);
#481=FACE_OUTER_BOUND('',#817,.T.);
#482=FACE_OUTER_BOUND('',#818,.T.);
#483=FACE_OUTER_BOUND('',#819,.T.);
#484=FACE_OUTER_BOUND('',#820,.T.);
#485=FACE_OUTER_BOUND('',#822,.T.);
#486=FACE_OUTER_BOUND('',#823,.T.);
#487=FACE_OUTER_BOUND('',#824,.T.);
#488=FACE_OUTER_BOUND('',#825,.T.);
#489=FACE_OUTER_BOUND('',#826,.T.);
#490=FACE_OUTER_BOUND('',#827,.T.);
#491=FACE_OUTER_BOUND('',#828,.T.);
#492=FACE_OUTER_BOUND('',#830,.T.);
#493=FACE_OUTER_BOUND('',#831,.T.);
#494=FACE_OUTER_BOUND('',#832,.T.);
#495=FACE_OUTER_BOUND('',#833,.T.);
#496=FACE_OUTER_BOUND('',#834,.T.);
#497=FACE_OUTER_BOUND('',#835,.T.);
#498=FACE_OUTER_BOUND('',#836,.T.);
#499=FACE_OUTER_BOUND('',#837,.T.);
#500=FACE_OUTER_BOUND('',#838,.T.);
#501=FACE_OUTER_BOUND('',#839,.T.);
#502=FACE_OUTER_BOUND('',#841,.T.);
#503=FACE_OUTER_BOUND('',#843,.T.);
#504=FACE_OUTER_BOUND('',#844,.T.);
#505=FACE_OUTER_BOUND('',#845,.T.);
#506=FACE_OUTER_BOUND('',#846,.T.);
#507=FACE_OUTER_BOUND('',#847,.T.);
#508=FACE_OUTER_BOUND('',#848,.T.);
#509=FACE_OUTER_BOUND('',#849,.T.);
#510=FACE_OUTER_BOUND('',#850,.T.);
#511=FACE_OUTER_BOUND('',#851,.T.);
#512=FACE_OUTER_BOUND('',#852,.T.);
#513=FACE_OUTER_BOUND('',#853,.T.);
#514=FACE_OUTER_BOUND('',#854,.T.);
#515=FACE_OUTER_BOUND('',#855,.T.);
#516=FACE_OUTER_BOUND('',#856,.T.);
#517=FACE_OUTER_BOUND('',#857,.T.);
#518=FACE_OUTER_BOUND('',#858,.T.);
#519=FACE_OUTER_BOUND('',#859,.T.);
#520=FACE_OUTER_BOUND('',#860,.T.);
#521=FACE_OUTER_BOUND('',#861,.T.);
#522=FACE_OUTER_BOUND('',#862,.T.);
#523=FACE_OUTER_BOUND('',#863,.T.);
#524=FACE_OUTER_BOUND('',#864,.T.);
#525=FACE_OUTER_BOUND('',#865,.T.);
#526=FACE_OUTER_BOUND('',#866,.T.);
#527=FACE_OUTER_BOUND('',#867,.T.);
#528=FACE_OUTER_BOUND('',#868,.T.);
#529=FACE_OUTER_BOUND('',#869,.T.);
#530=FACE_OUTER_BOUND('',#870,.T.);
#531=FACE_OUTER_BOUND('',#872,.T.);
#532=FACE_OUTER_BOUND('',#873,.T.);
#533=FACE_OUTER_BOUND('',#874,.T.);
#534=FACE_OUTER_BOUND('',#875,.T.);
#535=FACE_OUTER_BOUND('',#876,.T.);
#536=FACE_OUTER_BOUND('',#877,.T.);
#537=FACE_OUTER_BOUND('',#878,.T.);
#538=FACE_OUTER_BOUND('',#879,.T.);
#539=FACE_OUTER_BOUND('',#880,.T.);
#540=FACE_OUTER_BOUND('',#881,.T.);
#541=FACE_OUTER_BOUND('',#883,.T.);
#542=FACE_OUTER_BOUND('',#884,.T.);
#543=FACE_OUTER_BOUND('',#885,.T.);
#544=FACE_OUTER_BOUND('',#886,.T.);
#545=FACE_OUTER_BOUND('',#887,.T.);
#546=FACE_OUTER_BOUND('',#888,.T.);
#547=FACE_OUTER_BOUND('',#890,.T.);
#548=FACE_OUTER_BOUND('',#891,.T.);
#549=FACE_OUTER_BOUND('',#893,.T.);
#550=FACE_OUTER_BOUND('',#894,.T.);
#551=FACE_OUTER_BOUND('',#895,.T.);
#552=FACE_OUTER_BOUND('',#896,.T.);
#553=FACE_OUTER_BOUND('',#897,.T.);
#554=FACE_OUTER_BOUND('',#898,.T.);
#555=FACE_OUTER_BOUND('',#899,.T.);
#556=FACE_OUTER_BOUND('',#900,.T.);
#557=FACE_OUTER_BOUND('',#902,.T.);
#558=FACE_OUTER_BOUND('',#903,.T.);
#559=FACE_OUTER_BOUND('',#905,.T.);
#560=FACE_OUTER_BOUND('',#906,.T.);
#561=FACE_OUTER_BOUND('',#908,.T.);
#562=FACE_OUTER_BOUND('',#909,.T.);
#563=FACE_OUTER_BOUND('',#910,.T.);
#564=FACE_OUTER_BOUND('',#911,.T.);
#565=FACE_OUTER_BOUND('',#912,.T.);
#566=FACE_OUTER_BOUND('',#913,.T.);
#567=FACE_OUTER_BOUND('',#915,.T.);
#568=FACE_OUTER_BOUND('',#916,.T.);
#569=FACE_OUTER_BOUND('',#918,.T.);
#570=FACE_OUTER_BOUND('',#919,.T.);
#571=FACE_OUTER_BOUND('',#920,.T.);
#572=FACE_OUTER_BOUND('',#921,.T.);
#573=FACE_OUTER_BOUND('',#922,.T.);
#574=FACE_OUTER_BOUND('',#923,.T.);
#575=FACE_OUTER_BOUND('',#925,.T.);
#576=FACE_OUTER_BOUND('',#926,.T.);
#577=FACE_OUTER_BOUND('',#928,.T.);
#578=FACE_OUTER_BOUND('',#929,.T.);
#579=FACE_OUTER_BOUND('',#930,.T.);
#580=FACE_OUTER_BOUND('',#932,.T.);
#581=FACE_OUTER_BOUND('',#933,.T.);
#582=FACE_OUTER_BOUND('',#934,.T.);
#583=FACE_OUTER_BOUND('',#935,.T.);
#584=FACE_OUTER_BOUND('',#936,.T.);
#585=FACE_OUTER_BOUND('',#937,.T.);
#586=FACE_OUTER_BOUND('',#938,.T.);
#587=FACE_OUTER_BOUND('',#939,.T.);
#588=FACE_OUTER_BOUND('',#940,.T.);
#589=FACE_OUTER_BOUND('',#941,.T.);
#590=FACE_OUTER_BOUND('',#942,.T.);
#591=FACE_OUTER_BOUND('',#943,.T.);
#592=FACE_OUTER_BOUND('',#944,.T.);
#593=FACE_OUTER_BOUND('',#945,.T.);
#594=FACE_OUTER_BOUND('',#946,.T.);
#595=FACE_OUTER_BOUND('',#947,.T.);
#596=FACE_OUTER_BOUND('',#948,.T.);
#597=FACE_OUTER_BOUND('',#949,.T.);
#598=FACE_OUTER_BOUND('',#950,.T.);
#599=FACE_OUTER_BOUND('',#951,.T.);
#600=FACE_OUTER_BOUND('',#952,.T.);
#601=FACE_OUTER_BOUND('',#953,.T.);
#602=FACE_OUTER_BOUND('',#956,.T.);
#603=FACE_OUTER_BOUND('',#957,.T.);
#604=FACE_OUTER_BOUND('',#958,.T.);
#605=FACE_OUTER_BOUND('',#959,.T.);
#606=FACE_OUTER_BOUND('',#960,.T.);
#607=FACE_OUTER_BOUND('',#961,.T.);
#608=FACE_OUTER_BOUND('',#962,.T.);
#609=FACE_OUTER_BOUND('',#963,.T.);
#610=FACE_OUTER_BOUND('',#964,.T.);
#611=FACE_OUTER_BOUND('',#965,.T.);
#612=FACE_OUTER_BOUND('',#966,.T.);
#613=FACE_OUTER_BOUND('',#967,.T.);
#614=FACE_OUTER_BOUND('',#968,.T.);
#615=FACE_OUTER_BOUND('',#969,.T.);
#616=FACE_OUTER_BOUND('',#970,.T.);
#617=FACE_OUTER_BOUND('',#971,.T.);
#618=FACE_OUTER_BOUND('',#972,.T.);
#619=FACE_OUTER_BOUND('',#973,.T.);
#620=FACE_OUTER_BOUND('',#974,.T.);
#621=FACE_OUTER_BOUND('',#975,.T.);
#622=FACE_OUTER_BOUND('',#976,.T.);
#623=FACE_OUTER_BOUND('',#977,.T.);
#624=FACE_OUTER_BOUND('',#978,.T.);
#625=FACE_OUTER_BOUND('',#979,.T.);
#626=FACE_OUTER_BOUND('',#980,.T.);
#627=FACE_OUTER_BOUND('',#981,.T.);
#628=FACE_OUTER_BOUND('',#982,.T.);
#629=FACE_OUTER_BOUND('',#983,.T.);
#630=FACE_OUTER_BOUND('',#984,.T.);
#631=FACE_OUTER_BOUND('',#985,.T.);
#632=FACE_OUTER_BOUND('',#986,.T.);
#633=FACE_OUTER_BOUND('',#987,.T.);
#634=FACE_OUTER_BOUND('',#988,.T.);
#635=FACE_OUTER_BOUND('',#989,.T.);
#636=FACE_OUTER_BOUND('',#990,.T.);
#637=FACE_OUTER_BOUND('',#991,.T.);
#638=FACE_OUTER_BOUND('',#992,.T.);
#639=FACE_OUTER_BOUND('',#993,.T.);
#640=FACE_OUTER_BOUND('',#994,.T.);
#641=FACE_OUTER_BOUND('',#995,.T.);
#642=FACE_OUTER_BOUND('',#996,.T.);
#643=FACE_OUTER_BOUND('',#997,.T.);
#644=FACE_OUTER_BOUND('',#998,.T.);
#645=FACE_OUTER_BOUND('',#999,.T.);
#646=FACE_OUTER_BOUND('',#1000,.T.);
#647=FACE_OUTER_BOUND('',#1001,.T.);
#648=FACE_OUTER_BOUND('',#1008,.T.);
#649=FACE_OUTER_BOUND('',#1009,.T.);
#650=FACE_OUTER_BOUND('',#1010,.T.);
#651=FACE_OUTER_BOUND('',#1011,.T.);
#652=FACE_OUTER_BOUND('',#1012,.T.);
#653=FACE_OUTER_BOUND('',#1013,.T.);
#654=FACE_OUTER_BOUND('',#1014,.T.);
#655=FACE_OUTER_BOUND('',#1015,.T.);
#656=FACE_OUTER_BOUND('',#1016,.T.);
#657=FACE_OUTER_BOUND('',#1017,.T.);
#658=FACE_OUTER_BOUND('',#1018,.T.);
#659=FACE_OUTER_BOUND('',#1020,.T.);
#660=FACE_OUTER_BOUND('',#1021,.T.);
#661=FACE_OUTER_BOUND('',#1022,.T.);
#662=FACE_OUTER_BOUND('',#1023,.T.);
#663=FACE_OUTER_BOUND('',#1024,.T.);
#664=FACE_OUTER_BOUND('',#1025,.T.);
#665=FACE_OUTER_BOUND('',#1026,.T.);
#666=FACE_OUTER_BOUND('',#1027,.T.);
#667=FACE_OUTER_BOUND('',#1028,.T.);
#668=FACE_OUTER_BOUND('',#1029,.T.);
#669=FACE_OUTER_BOUND('',#1043,.T.);
#670=FACE_OUTER_BOUND('',#1044,.T.);
#671=FACE_OUTER_BOUND('',#1045,.T.);
#672=FACE_OUTER_BOUND('',#1046,.T.);
#673=FACE_OUTER_BOUND('',#1047,.T.);
#674=FACE_OUTER_BOUND('',#1048,.T.);
#675=FACE_OUTER_BOUND('',#1049,.T.);
#676=FACE_OUTER_BOUND('',#1050,.T.);
#677=FACE_OUTER_BOUND('',#1051,.T.);
#678=FACE_OUTER_BOUND('',#1052,.T.);
#679=FACE_OUTER_BOUND('',#1053,.T.);
#680=FACE_OUTER_BOUND('',#1054,.T.);
#681=FACE_OUTER_BOUND('',#1055,.T.);
#682=FACE_OUTER_BOUND('',#1056,.T.);
#683=FACE_OUTER_BOUND('',#1057,.T.);
#684=FACE_OUTER_BOUND('',#1058,.T.);
#685=FACE_OUTER_BOUND('',#1059,.T.);
#686=FACE_OUTER_BOUND('',#1060,.T.);
#687=FACE_OUTER_BOUND('',#1061,.T.);
#688=FACE_OUTER_BOUND('',#1062,.T.);
#689=FACE_OUTER_BOUND('',#1063,.T.);
#690=FACE_OUTER_BOUND('',#1064,.T.);
#691=FACE_OUTER_BOUND('',#1065,.T.);
#692=FACE_OUTER_BOUND('',#1066,.T.);
#693=FACE_OUTER_BOUND('',#1067,.T.);
#694=FACE_OUTER_BOUND('',#1068,.T.);
#695=FACE_OUTER_BOUND('',#1069,.T.);
#696=FACE_OUTER_BOUND('',#1070,.T.);
#697=FACE_OUTER_BOUND('',#1071,.T.);
#698=FACE_OUTER_BOUND('',#1072,.T.);
#699=FACE_OUTER_BOUND('',#1073,.T.);
#700=FACE_OUTER_BOUND('',#1074,.T.);
#701=FACE_OUTER_BOUND('',#1075,.T.);
#702=FACE_OUTER_BOUND('',#1076,.T.);
#703=FACE_OUTER_BOUND('',#1077,.T.);
#704=FACE_OUTER_BOUND('',#1078,.T.);
#705=FACE_OUTER_BOUND('',#1081,.T.);
#706=FACE_OUTER_BOUND('',#1082,.T.);
#707=FACE_OUTER_BOUND('',#1083,.T.);
#708=FACE_OUTER_BOUND('',#1084,.T.);
#709=FACE_OUTER_BOUND('',#1085,.T.);
#710=FACE_OUTER_BOUND('',#1086,.T.);
#711=FACE_OUTER_BOUND('',#1087,.T.);
#712=FACE_OUTER_BOUND('',#1088,.T.);
#713=FACE_OUTER_BOUND('',#1089,.T.);
#714=FACE_OUTER_BOUND('',#1090,.T.);
#715=FACE_OUTER_BOUND('',#1091,.T.);
#716=FACE_OUTER_BOUND('',#1092,.T.);
#717=FACE_OUTER_BOUND('',#1093,.T.);
#718=FACE_OUTER_BOUND('',#1094,.T.);
#719=FACE_OUTER_BOUND('',#1095,.T.);
#720=FACE_OUTER_BOUND('',#1096,.T.);
#721=FACE_OUTER_BOUND('',#1097,.T.);
#722=FACE_OUTER_BOUND('',#1098,.T.);
#723=FACE_OUTER_BOUND('',#1099,.T.);
#724=FACE_OUTER_BOUND('',#1100,.T.);
#725=FACE_OUTER_BOUND('',#1101,.T.);
#726=FACE_OUTER_BOUND('',#1102,.T.);
#727=FACE_OUTER_BOUND('',#1103,.T.);
#728=FACE_OUTER_BOUND('',#1104,.T.);
#729=FACE_OUTER_BOUND('',#1105,.T.);
#730=FACE_OUTER_BOUND('',#1106,.T.);
#731=FACE_OUTER_BOUND('',#1107,.T.);
#732=FACE_OUTER_BOUND('',#1108,.T.);
#733=FACE_OUTER_BOUND('',#1109,.T.);
#734=FACE_OUTER_BOUND('',#1110,.T.);
#735=FACE_OUTER_BOUND('',#1111,.T.);
#736=FACE_OUTER_BOUND('',#1112,.T.);
#737=FACE_OUTER_BOUND('',#1113,.T.);
#738=FACE_OUTER_BOUND('',#1114,.T.);
#739=FACE_OUTER_BOUND('',#1115,.T.);
#740=FACE_OUTER_BOUND('',#1116,.T.);
#741=FACE_OUTER_BOUND('',#1117,.T.);
#742=FACE_OUTER_BOUND('',#1118,.T.);
#743=FACE_OUTER_BOUND('',#1119,.T.);
#744=FACE_OUTER_BOUND('',#1120,.T.);
#745=FACE_OUTER_BOUND('',#1121,.T.);
#746=FACE_OUTER_BOUND('',#1122,.T.);
#747=FACE_OUTER_BOUND('',#1123,.T.);
#748=FACE_OUTER_BOUND('',#1124,.T.);
#749=FACE_OUTER_BOUND('',#1125,.T.);
#750=FACE_OUTER_BOUND('',#1126,.T.);
#751=FACE_OUTER_BOUND('',#1127,.T.);
#752=FACE_OUTER_BOUND('',#1128,.T.);
#753=FACE_OUTER_BOUND('',#1129,.T.);
#754=FACE_OUTER_BOUND('',#1130,.T.);
#755=FACE_OUTER_BOUND('',#1131,.T.);
#756=FACE_OUTER_BOUND('',#1132,.T.);
#757=FACE_OUTER_BOUND('',#1133,.T.);
#758=FACE_OUTER_BOUND('',#1134,.T.);
#759=FACE_OUTER_BOUND('',#1135,.T.);
#760=FACE_OUTER_BOUND('',#1136,.T.);
#761=FACE_OUTER_BOUND('',#1137,.T.);
#762=FACE_OUTER_BOUND('',#1138,.T.);
#763=FACE_OUTER_BOUND('',#1139,.T.);
#764=FACE_OUTER_BOUND('',#1140,.T.);
#765=FACE_OUTER_BOUND('',#1141,.T.);
#766=FACE_OUTER_BOUND('',#1142,.T.);
#767=FACE_OUTER_BOUND('',#1143,.T.);
#768=FACE_OUTER_BOUND('',#1144,.T.);
#769=FACE_OUTER_BOUND('',#1145,.T.);
#770=FACE_OUTER_BOUND('',#1146,.T.);
#771=FACE_OUTER_BOUND('',#1147,.T.);
#772=FACE_OUTER_BOUND('',#1148,.T.);
#773=FACE_OUTER_BOUND('',#1149,.T.);
#774=FACE_OUTER_BOUND('',#1150,.T.);
#775=FACE_OUTER_BOUND('',#1151,.T.);
#776=FACE_OUTER_BOUND('',#1152,.T.);
#777=FACE_OUTER_BOUND('',#1153,.T.);
#778=FACE_OUTER_BOUND('',#1154,.T.);
#779=FACE_OUTER_BOUND('',#1155,.T.);
#780=FACE_OUTER_BOUND('',#1156,.T.);
#781=FACE_OUTER_BOUND('',#1157,.T.);
#782=FACE_OUTER_BOUND('',#1158,.T.);
#783=FACE_OUTER_BOUND('',#1159,.T.);
#784=FACE_OUTER_BOUND('',#1160,.T.);
#785=FACE_OUTER_BOUND('',#1161,.T.);
#786=FACE_OUTER_BOUND('',#1162,.T.);
#787=FACE_OUTER_BOUND('',#1163,.T.);
#788=FACE_OUTER_BOUND('',#1164,.T.);
#789=FACE_OUTER_BOUND('',#1165,.T.);
#790=FACE_OUTER_BOUND('',#1166,.T.);
#791=FACE_OUTER_BOUND('',#1167,.T.);
#792=FACE_OUTER_BOUND('',#1168,.T.);
#793=FACE_OUTER_BOUND('',#1169,.T.);
#794=FACE_OUTER_BOUND('',#1181,.T.);
#795=FACE_OUTER_BOUND('',#1182,.T.);
#796=FACE_OUTER_BOUND('',#1183,.T.);
#797=FACE_OUTER_BOUND('',#1184,.T.);
#798=FACE_OUTER_BOUND('',#1185,.T.);
#799=EDGE_LOOP('',(#3945,#3946,#3947,#3948,#3949,#3950,#3951,#3952,#3953,
#3954,#3955,#3956));
#800=EDGE_LOOP('',(#3957,#3958,#3959,#3960,#3961));
#801=EDGE_LOOP('',(#3962,#3963,#3964,#3965,#3966));
#802=EDGE_LOOP('',(#3967,#3968,#3969,#3970,#3971,#3972));
#803=EDGE_LOOP('',(#3973,#3974,#3975,#3976));
#804=EDGE_LOOP('',(#3977,#3978,#3979,#3980));
#805=EDGE_LOOP('',(#3981));
#806=EDGE_LOOP('',(#3982));
#807=EDGE_LOOP('',(#3983,#3984,#3985,#3986,#3987,#3988));
#808=EDGE_LOOP('',(#3989,#3990,#3991,#3992));
#809=EDGE_LOOP('',(#3993,#3994,#3995,#3996));
#810=EDGE_LOOP('',(#3997));
#811=EDGE_LOOP('',(#3998));
#812=EDGE_LOOP('',(#3999,#4000,#4001,#4002,#4003,#4004));
#813=EDGE_LOOP('',(#4005,#4006,#4007,#4008,#4009,#4010,#4011,#4012,#4013));
#814=EDGE_LOOP('',(#4014,#4015,#4016,#4017));
#815=EDGE_LOOP('',(#4018,#4019,#4020,#4021));
#816=EDGE_LOOP('',(#4022,#4023,#4024,#4025));
#817=EDGE_LOOP('',(#4026,#4027,#4028,#4029));
#818=EDGE_LOOP('',(#4030,#4031,#4032,#4033));
#819=EDGE_LOOP('',(#4034,#4035,#4036,#4037));
#820=EDGE_LOOP('',(#4038,#4039,#4040,#4041,#4042,#4043));
#821=EDGE_LOOP('',(#4044));
#822=EDGE_LOOP('',(#4045,#4046,#4047,#4048));
#823=EDGE_LOOP('',(#4049,#4050,#4051,#4052));
#824=EDGE_LOOP('',(#4053,#4054,#4055,#4056));
#825=EDGE_LOOP('',(#4057,#4058,#4059,#4060));
#826=EDGE_LOOP('',(#4061,#4062,#4063,#4064));
#827=EDGE_LOOP('',(#4065,#4066,#4067,#4068));
#828=EDGE_LOOP('',(#4069,#4070,#4071,#4072,#4073,#4074));
#829=EDGE_LOOP('',(#4075));
#830=EDGE_LOOP('',(#4076,#4077,#4078,#4079));
#831=EDGE_LOOP('',(#4080,#4081,#4082,#4083,#4084,#4085,#4086,#4087));
#832=EDGE_LOOP('',(#4088,#4089,#4090,#4091,#4092,#4093,#4094,#4095));
#833=EDGE_LOOP('',(#4096,#4097,#4098,#4099));
#834=EDGE_LOOP('',(#4100,#4101,#4102,#4103,#4104,#4105,#4106,#4107,#4108,
#4109));
#835=EDGE_LOOP('',(#4110,#4111,#4112,#4113));
#836=EDGE_LOOP('',(#4114,#4115,#4116,#4117));
#837=EDGE_LOOP('',(#4118,#4119,#4120,#4121,#4122,#4123));
#838=EDGE_LOOP('',(#4124,#4125,#4126,#4127));
#839=EDGE_LOOP('',(#4128,#4129,#4130,#4131,#4132,#4133,#4134));
#840=EDGE_LOOP('',(#4135));
#841=EDGE_LOOP('',(#4136,#4137,#4138,#4139));
#842=EDGE_LOOP('',(#4140));
#843=EDGE_LOOP('',(#4141,#4142,#4143,#4144,#4145,#4146));
#844=EDGE_LOOP('',(#4147));
#845=EDGE_LOOP('',(#4148));
#846=EDGE_LOOP('',(#4149));
#847=EDGE_LOOP('',(#4150));
#848=EDGE_LOOP('',(#4151));
#849=EDGE_LOOP('',(#4152));
#850=EDGE_LOOP('',(#4153,#4154,#4155,#4156));
#851=EDGE_LOOP('',(#4157,#4158,#4159,#4160));
#852=EDGE_LOOP('',(#4161));
#853=EDGE_LOOP('',(#4162,#4163,#4164,#4165));
#854=EDGE_LOOP('',(#4166,#4167,#4168,#4169));
#855=EDGE_LOOP('',(#4170,#4171,#4172,#4173));
#856=EDGE_LOOP('',(#4174));
#857=EDGE_LOOP('',(#4175,#4176,#4177,#4178));
#858=EDGE_LOOP('',(#4179,#4180,#4181,#4182));
#859=EDGE_LOOP('',(#4183,#4184,#4185,#4186));
#860=EDGE_LOOP('',(#4187,#4188,#4189,#4190));
#861=EDGE_LOOP('',(#4191,#4192,#4193,#4194));
#862=EDGE_LOOP('',(#4195,#4196,#4197,#4198));
#863=EDGE_LOOP('',(#4199,#4200,#4201,#4202));
#864=EDGE_LOOP('',(#4203));
#865=EDGE_LOOP('',(#4204,#4205,#4206,#4207));
#866=EDGE_LOOP('',(#4208,#4209,#4210,#4211));
#867=EDGE_LOOP('',(#4212,#4213,#4214,#4215));
#868=EDGE_LOOP('',(#4216));
#869=EDGE_LOOP('',(#4217,#4218,#4219,#4220));
#870=EDGE_LOOP('',(#4221));
#871=EDGE_LOOP('',(#4222));
#872=EDGE_LOOP('',(#4223,#4224,#4225,#4226));
#873=EDGE_LOOP('',(#4227,#4228,#4229,#4230));
#874=EDGE_LOOP('',(#4231,#4232,#4233,#4234));
#875=EDGE_LOOP('',(#4235,#4236,#4237,#4238));
#876=EDGE_LOOP('',(#4239,#4240,#4241,#4242));
#877=EDGE_LOOP('',(#4243,#4244,#4245,#4246));
#878=EDGE_LOOP('',(#4247,#4248,#4249,#4250));
#879=EDGE_LOOP('',(#4251,#4252,#4253,#4254));
#880=EDGE_LOOP('',(#4255,#4256,#4257));
#881=EDGE_LOOP('',(#4258,#4259,#4260));
#882=EDGE_LOOP('',(#4261));
#883=EDGE_LOOP('',(#4262,#4263,#4264,#4265));
#884=EDGE_LOOP('',(#4266,#4267,#4268,#4269));
#885=EDGE_LOOP('',(#4270,#4271,#4272,#4273));
#886=EDGE_LOOP('',(#4274,#4275,#4276,#4277));
#887=EDGE_LOOP('',(#4278,#4279,#4280,#4281));
#888=EDGE_LOOP('',(#4282,#4283,#4284,#4285,#4286));
#889=EDGE_LOOP('',(#4287));
#890=EDGE_LOOP('',(#4288,#4289,#4290,#4291));
#891=EDGE_LOOP('',(#4292,#4293,#4294,#4295,#4296));
#892=EDGE_LOOP('',(#4297));
#893=EDGE_LOOP('',(#4298,#4299,#4300,#4301,#4302,#4303));
#894=EDGE_LOOP('',(#4304,#4305,#4306,#4307));
#895=EDGE_LOOP('',(#4308,#4309,#4310,#4311,#4312));
#896=EDGE_LOOP('',(#4313,#4314,#4315,#4316,#4317,#4318));
#897=EDGE_LOOP('',(#4319,#4320,#4321,#4322));
#898=EDGE_LOOP('',(#4323,#4324,#4325,#4326));
#899=EDGE_LOOP('',(#4327,#4328,#4329,#4330));
#900=EDGE_LOOP('',(#4331,#4332,#4333,#4334,#4335));
#901=EDGE_LOOP('',(#4336));
#902=EDGE_LOOP('',(#4337,#4338,#4339,#4340));
#903=EDGE_LOOP('',(#4341,#4342,#4343,#4344,#4345));
#904=EDGE_LOOP('',(#4346));
#905=EDGE_LOOP('',(#4347,#4348,#4349,#4350,#4351,#4352));
#906=EDGE_LOOP('',(#4353,#4354,#4355));
#907=EDGE_LOOP('',(#4356));
#908=EDGE_LOOP('',(#4357,#4358,#4359,#4360,#4361,#4362));
#909=EDGE_LOOP('',(#4363,#4364,#4365,#4366));
#910=EDGE_LOOP('',(#4367,#4368,#4369,#4370,#4371));
#911=EDGE_LOOP('',(#4372,#4373,#4374,#4375));
#912=EDGE_LOOP('',(#4376,#4377,#4378,#4379));
#913=EDGE_LOOP('',(#4380,#4381,#4382,#4383,#4384));
#914=EDGE_LOOP('',(#4385));
#915=EDGE_LOOP('',(#4386,#4387,#4388,#4389));
#916=EDGE_LOOP('',(#4390,#4391,#4392,#4393,#4394));
#917=EDGE_LOOP('',(#4395));
#918=EDGE_LOOP('',(#4396,#4397,#4398,#4399));
#919=EDGE_LOOP('',(#4400,#4401,#4402,#4403));
#920=EDGE_LOOP('',(#4404,#4405,#4406,#4407));
#921=EDGE_LOOP('',(#4408,#4409,#4410,#4411));
#922=EDGE_LOOP('',(#4412,#4413,#4414,#4415));
#923=EDGE_LOOP('',(#4416,#4417,#4418,#4419,#4420));
#924=EDGE_LOOP('',(#4421));
#925=EDGE_LOOP('',(#4422,#4423,#4424,#4425));
#926=EDGE_LOOP('',(#4426,#4427,#4428,#4429,#4430));
#927=EDGE_LOOP('',(#4431));
#928=EDGE_LOOP('',(#4432,#4433,#4434,#4435));
#929=EDGE_LOOP('',(#4436,#4437,#4438,#4439,#4440));
#930=EDGE_LOOP('',(#4441));
#931=EDGE_LOOP('',(#4442));
#932=EDGE_LOOP('',(#4443,#4444,#4445,#4446));
#933=EDGE_LOOP('',(#4447,#4448,#4449,#4450));
#934=EDGE_LOOP('',(#4451,#4452,#4453,#4454));
#935=EDGE_LOOP('',(#4455,#4456,#4457,#4458));
#936=EDGE_LOOP('',(#4459,#4460,#4461,#4462));
#937=EDGE_LOOP('',(#4463,#4464,#4465,#4466));
#938=EDGE_LOOP('',(#4467,#4468,#4469,#4470));
#939=EDGE_LOOP('',(#4471,#4472,#4473,#4474));
#940=EDGE_LOOP('',(#4475,#4476,#4477,#4478,#4479,#4480,#4481,#4482));
#941=EDGE_LOOP('',(#4483,#4484,#4485,#4486));
#942=EDGE_LOOP('',(#4487,#4488,#4489,#4490));
#943=EDGE_LOOP('',(#4491,#4492,#4493,#4494));
#944=EDGE_LOOP('',(#4495,#4496,#4497,#4498));
#945=EDGE_LOOP('',(#4499,#4500,#4501,#4502));
#946=EDGE_LOOP('',(#4503,#4504,#4505,#4506));
#947=EDGE_LOOP('',(#4507,#4508,#4509,#4510));
#948=EDGE_LOOP('',(#4511,#4512,#4513,#4514));
#949=EDGE_LOOP('',(#4515,#4516,#4517,#4518));
#950=EDGE_LOOP('',(#4519,#4520,#4521,#4522));
#951=EDGE_LOOP('',(#4523,#4524,#4525));
#952=EDGE_LOOP('',(#4526,#4527,#4528,#4529,#4530));
#953=EDGE_LOOP('',(#4531,#4532,#4533,#4534));
#954=EDGE_LOOP('',(#4535));
#955=EDGE_LOOP('',(#4536));
#956=EDGE_LOOP('',(#4537,#4538,#4539,#4540,#4541));
#957=EDGE_LOOP('',(#4542,#4543,#4544));
#958=EDGE_LOOP('',(#4545,#4546,#4547,#4548,#4549,#4550));
#959=EDGE_LOOP('',(#4551,#4552,#4553,#4554,#4555,#4556));
#960=EDGE_LOOP('',(#4557,#4558,#4559,#4560));
#961=EDGE_LOOP('',(#4561,#4562,#4563,#4564,#4565,#4566,#4567,#4568));
#962=EDGE_LOOP('',(#4569,#4570,#4571,#4572));
#963=EDGE_LOOP('',(#4573,#4574,#4575,#4576));
#964=EDGE_LOOP('',(#4577,#4578,#4579,#4580,#4581,#4582));
#965=EDGE_LOOP('',(#4583,#4584,#4585,#4586));
#966=EDGE_LOOP('',(#4587,#4588,#4589,#4590));
#967=EDGE_LOOP('',(#4591,#4592,#4593,#4594,#4595));
#968=EDGE_LOOP('',(#4596,#4597,#4598,#4599,#4600,#4601));
#969=EDGE_LOOP('',(#4602,#4603,#4604,#4605,#4606,#4607,#4608,#4609,#4610,
#4611,#4612,#4613));
#970=EDGE_LOOP('',(#4614,#4615,#4616,#4617));
#971=EDGE_LOOP('',(#4618,#4619,#4620,#4621));
#972=EDGE_LOOP('',(#4622,#4623,#4624,#4625));
#973=EDGE_LOOP('',(#4626,#4627,#4628,#4629));
#974=EDGE_LOOP('',(#4630,#4631,#4632,#4633));
#975=EDGE_LOOP('',(#4634,#4635,#4636,#4637));
#976=EDGE_LOOP('',(#4638,#4639,#4640,#4641));
#977=EDGE_LOOP('',(#4642,#4643,#4644,#4645));
#978=EDGE_LOOP('',(#4646,#4647,#4648,#4649,#4650));
#979=EDGE_LOOP('',(#4651,#4652,#4653,#4654));
#980=EDGE_LOOP('',(#4655,#4656,#4657,#4658));
#981=EDGE_LOOP('',(#4659,#4660,#4661,#4662));
#982=EDGE_LOOP('',(#4663,#4664,#4665,#4666,#4667));
#983=EDGE_LOOP('',(#4668,#4669,#4670,#4671,#4672,#4673));
#984=EDGE_LOOP('',(#4674,#4675,#4676,#4677,#4678,#4679));
#985=EDGE_LOOP('',(#4680,#4681,#4682,#4683,#4684));
#986=EDGE_LOOP('',(#4685,#4686,#4687,#4688));
#987=EDGE_LOOP('',(#4689,#4690,#4691,#4692));
#988=EDGE_LOOP('',(#4693,#4694,#4695,#4696));
#989=EDGE_LOOP('',(#4697,#4698,#4699,#4700));
#990=EDGE_LOOP('',(#4701,#4702,#4703,#4704));
#991=EDGE_LOOP('',(#4705,#4706,#4707,#4708));
#992=EDGE_LOOP('',(#4709,#4710,#4711,#4712));
#993=EDGE_LOOP('',(#4713,#4714,#4715,#4716));
#994=EDGE_LOOP('',(#4717,#4718,#4719,#4720));
#995=EDGE_LOOP('',(#4721,#4722,#4723,#4724));
#996=EDGE_LOOP('',(#4725,#4726,#4727,#4728,#4729,#4730));
#997=EDGE_LOOP('',(#4731,#4732,#4733,#4734,#4735,#4736,#4737,#4738,#4739,
#4740,#4741,#4742));
#998=EDGE_LOOP('',(#4743,#4744,#4745,#4746,#4747));
#999=EDGE_LOOP('',(#4748,#4749,#4750,#4751));
#1000=EDGE_LOOP('',(#4752,#4753,#4754,#4755));
#1001=EDGE_LOOP('',(#4756,#4757,#4758,#4759,#4760,#4761,#4762,#4763,#4764,
#4765,#4766,#4767,#4768,#4769,#4770,#4771,#4772,#4773,#4774,#4775,#4776,
#4777,#4778,#4779,#4780,#4781,#4782,#4783,#4784,#4785,#4786,#4787));
#1002=EDGE_LOOP('',(#4788));
#1003=EDGE_LOOP('',(#4789,#4790,#4791,#4792));
#1004=EDGE_LOOP('',(#4793));
#1005=EDGE_LOOP('',(#4794));
#1006=EDGE_LOOP('',(#4795));
#1007=EDGE_LOOP('',(#4796,#4797,#4798,#4799));
#1008=EDGE_LOOP('',(#4800,#4801,#4802,#4803));
#1009=EDGE_LOOP('',(#4804,#4805,#4806,#4807,#4808,#4809));
#1010=EDGE_LOOP('',(#4810,#4811,#4812,#4813));
#1011=EDGE_LOOP('',(#4814,#4815,#4816,#4817));
#1012=EDGE_LOOP('',(#4818,#4819,#4820,#4821));
#1013=EDGE_LOOP('',(#4822,#4823,#4824,#4825,#4826,#4827,#4828,#4829));
#1014=EDGE_LOOP('',(#4830,#4831,#4832,#4833));
#1015=EDGE_LOOP('',(#4834,#4835,#4836,#4837,#4838,#4839,#4840));
#1016=EDGE_LOOP('',(#4841,#4842,#4843,#4844));
#1017=EDGE_LOOP('',(#4845,#4846,#4847,#4848,#4849,#4850));
#1018=EDGE_LOOP('',(#4851,#4852,#4853,#4854,#4855,#4856,#4857,#4858,#4859,
#4860,#4861,#4862,#4863,#4864,#4865,#4866,#4867,#4868));
#1019=EDGE_LOOP('',(#4869));
#1020=EDGE_LOOP('',(#4870,#4871,#4872,#4873,#4874,#4875,#4876,#4877,#4878,
#4879,#4880,#4881,#4882));
#1021=EDGE_LOOP('',(#4883,#4884,#4885,#4886));
#1022=EDGE_LOOP('',(#4887,#4888,#4889,#4890,#4891,#4892));
#1023=EDGE_LOOP('',(#4893,#4894,#4895,#4896,#4897));
#1024=EDGE_LOOP('',(#4898,#4899,#4900,#4901));
#1025=EDGE_LOOP('',(#4902,#4903,#4904,#4905));
#1026=EDGE_LOOP('',(#4906,#4907,#4908,#4909,#4910,#4911));
#1027=EDGE_LOOP('',(#4912,#4913,#4914,#4915));
#1028=EDGE_LOOP('',(#4916,#4917,#4918,#4919));
#1029=EDGE_LOOP('',(#4920,#4921,#4922,#4923,#4924,#4925,#4926,#4927,#4928,
#4929,#4930,#4931,#4932,#4933,#4934,#4935,#4936,#4937,#4938,#4939,#4940,
#4941,#4942,#4943,#4944,#4945,#4946,#4947,#4948,#4949,#4950,#4951));
#1030=EDGE_LOOP('',(#4952));
#1031=EDGE_LOOP('',(#4953));
#1032=EDGE_LOOP('',(#4954));
#1033=EDGE_LOOP('',(#4955));
#1034=EDGE_LOOP('',(#4956));
#1035=EDGE_LOOP('',(#4957));
#1036=EDGE_LOOP('',(#4958));
#1037=EDGE_LOOP('',(#4959));
#1038=EDGE_LOOP('',(#4960));
#1039=EDGE_LOOP('',(#4961));
#1040=EDGE_LOOP('',(#4962));
#1041=EDGE_LOOP('',(#4963));
#1042=EDGE_LOOP('',(#4964,#4965,#4966,#4967,#4968,#4969,#4970,#4971,#4972,
#4973,#4974,#4975,#4976,#4977,#4978,#4979,#4980,#4981,#4982,#4983,#4984));
#1043=EDGE_LOOP('',(#4985,#4986,#4987,#4988));
#1044=EDGE_LOOP('',(#4989,#4990,#4991,#4992));
#1045=EDGE_LOOP('',(#4993,#4994,#4995,#4996));
#1046=EDGE_LOOP('',(#4997,#4998,#4999,#5000,#5001,#5002));
#1047=EDGE_LOOP('',(#5003,#5004,#5005,#5006));
#1048=EDGE_LOOP('',(#5007,#5008));
#1049=EDGE_LOOP('',(#5009,#5010,#5011,#5012));
#1050=EDGE_LOOP('',(#5013,#5014,#5015,#5016,#5017,#5018));
#1051=EDGE_LOOP('',(#5019,#5020,#5021,#5022,#5023,#5024,#5025,#5026));
#1052=EDGE_LOOP('',(#5027,#5028,#5029,#5030));
#1053=EDGE_LOOP('',(#5031,#5032,#5033,#5034));
#1054=EDGE_LOOP('',(#5035,#5036,#5037,#5038));
#1055=EDGE_LOOP('',(#5039,#5040,#5041,#5042));
#1056=EDGE_LOOP('',(#5043,#5044,#5045,#5046));
#1057=EDGE_LOOP('',(#5047,#5048,#5049,#5050));
#1058=EDGE_LOOP('',(#5051,#5052,#5053,#5054));
#1059=EDGE_LOOP('',(#5055,#5056,#5057,#5058));
#1060=EDGE_LOOP('',(#5059,#5060,#5061,#5062));
#1061=EDGE_LOOP('',(#5063,#5064,#5065,#5066));
#1062=EDGE_LOOP('',(#5067,#5068,#5069,#5070));
#1063=EDGE_LOOP('',(#5071,#5072,#5073,#5074,#5075));
#1064=EDGE_LOOP('',(#5076,#5077,#5078,#5079,#5080));
#1065=EDGE_LOOP('',(#5081,#5082,#5083,#5084));
#1066=EDGE_LOOP('',(#5085,#5086,#5087,#5088));
#1067=EDGE_LOOP('',(#5089,#5090,#5091,#5092));
#1068=EDGE_LOOP('',(#5093,#5094,#5095,#5096));
#1069=EDGE_LOOP('',(#5097,#5098,#5099,#5100));
#1070=EDGE_LOOP('',(#5101,#5102,#5103,#5104));
#1071=EDGE_LOOP('',(#5105,#5106,#5107,#5108));
#1072=EDGE_LOOP('',(#5109,#5110,#5111,#5112));
#1073=EDGE_LOOP('',(#5113,#5114,#5115,#5116,#5117,#5118));
#1074=EDGE_LOOP('',(#5119,#5120,#5121,#5122));
#1075=EDGE_LOOP('',(#5123,#5124,#5125,#5126,#5127,#5128,#5129,#5130,#5131,
#5132,#5133,#5134,#5135,#5136,#5137,#5138));
#1076=EDGE_LOOP('',(#5139,#5140,#5141,#5142));
#1077=EDGE_LOOP('',(#5143,#5144,#5145,#5146,#5147,#5148,#5149,#5150,#5151,
#5152,#5153,#5154));
#1078=EDGE_LOOP('',(#5155,#5156,#5157,#5158,#5159,#5160,#5161,#5162,#5163,
#5164,#5165,#5166,#5167,#5168,#5169,#5170));
#1079=EDGE_LOOP('',(#5171));
#1080=EDGE_LOOP('',(#5172));
#1081=EDGE_LOOP('',(#5173,#5174,#5175,#5176,#5177,#5178,#5179,#5180,#5181,
#5182,#5183,#5184));
#1082=EDGE_LOOP('',(#5185,#5186,#5187,#5188));
#1083=EDGE_LOOP('',(#5189,#5190,#5191,#5192,#5193,#5194,#5195,#5196,#5197,
#5198,#5199,#5200,#5201,#5202));
#1084=EDGE_LOOP('',(#5203,#5204,#5205,#5206));
#1085=EDGE_LOOP('',(#5207,#5208,#5209,#5210,#5211,#5212));
#1086=EDGE_LOOP('',(#5213,#5214,#5215,#5216));
#1087=EDGE_LOOP('',(#5217,#5218,#5219,#5220));
#1088=EDGE_LOOP('',(#5221,#5222,#5223,#5224));
#1089=EDGE_LOOP('',(#5225,#5226,#5227,#5228));
#1090=EDGE_LOOP('',(#5229,#5230,#5231,#5232));
#1091=EDGE_LOOP('',(#5233,#5234,#5235,#5236));
#1092=EDGE_LOOP('',(#5237,#5238,#5239,#5240));
#1093=EDGE_LOOP('',(#5241,#5242,#5243,#5244));
#1094=EDGE_LOOP('',(#5245,#5246,#5247,#5248,#5249));
#1095=EDGE_LOOP('',(#5250,#5251,#5252,#5253,#5254));
#1096=EDGE_LOOP('',(#5255,#5256,#5257,#5258));
#1097=EDGE_LOOP('',(#5259,#5260,#5261,#5262));
#1098=EDGE_LOOP('',(#5263,#5264,#5265,#5266));
#1099=EDGE_LOOP('',(#5267,#5268,#5269,#5270));
#1100=EDGE_LOOP('',(#5271,#5272,#5273,#5274));
#1101=EDGE_LOOP('',(#5275,#5276,#5277,#5278));
#1102=EDGE_LOOP('',(#5279,#5280,#5281,#5282));
#1103=EDGE_LOOP('',(#5283,#5284,#5285,#5286));
#1104=EDGE_LOOP('',(#5287,#5288,#5289,#5290));
#1105=EDGE_LOOP('',(#5291,#5292,#5293,#5294));
#1106=EDGE_LOOP('',(#5295,#5296));
#1107=EDGE_LOOP('',(#5297,#5298,#5299,#5300));
#1108=EDGE_LOOP('',(#5301,#5302,#5303,#5304));
#1109=EDGE_LOOP('',(#5305,#5306,#5307,#5308));
#1110=EDGE_LOOP('',(#5309,#5310,#5311,#5312));
#1111=EDGE_LOOP('',(#5313,#5314,#5315,#5316));
#1112=EDGE_LOOP('',(#5317,#5318,#5319,#5320,#5321,#5322,#5323,#5324));
#1113=EDGE_LOOP('',(#5325,#5326,#5327,#5328));
#1114=EDGE_LOOP('',(#5329,#5330,#5331,#5332,#5333,#5334,#5335,#5336,#5337,
#5338));
#1115=EDGE_LOOP('',(#5339,#5340,#5341,#5342));
#1116=EDGE_LOOP('',(#5343,#5344,#5345,#5346));
#1117=EDGE_LOOP('',(#5347,#5348,#5349,#5350,#5351));
#1118=EDGE_LOOP('',(#5352,#5353,#5354,#5355));
#1119=EDGE_LOOP('',(#5356,#5357,#5358,#5359));
#1120=EDGE_LOOP('',(#5360,#5361,#5362,#5363));
#1121=EDGE_LOOP('',(#5364,#5365,#5366,#5367,#5368,#5369));
#1122=EDGE_LOOP('',(#5370,#5371,#5372,#5373));
#1123=EDGE_LOOP('',(#5374,#5375,#5376,#5377,#5378,#5379));
#1124=EDGE_LOOP('',(#5380,#5381,#5382,#5383));
#1125=EDGE_LOOP('',(#5384,#5385,#5386,#5387,#5388,#5389));
#1126=EDGE_LOOP('',(#5390,#5391,#5392,#5393,#5394,#5395,#5396,#5397));
#1127=EDGE_LOOP('',(#5398,#5399,#5400,#5401));
#1128=EDGE_LOOP('',(#5402,#5403,#5404,#5405));
#1129=EDGE_LOOP('',(#5406,#5407,#5408,#5409,#5410));
#1130=EDGE_LOOP('',(#5411,#5412,#5413,#5414));
#1131=EDGE_LOOP('',(#5415,#5416,#5417,#5418));
#1132=EDGE_LOOP('',(#5419,#5420,#5421,#5422));
#1133=EDGE_LOOP('',(#5423,#5424,#5425,#5426));
#1134=EDGE_LOOP('',(#5427,#5428,#5429,#5430));
#1135=EDGE_LOOP('',(#5431,#5432,#5433,#5434));
#1136=EDGE_LOOP('',(#5435,#5436,#5437,#5438));
#1137=EDGE_LOOP('',(#5439,#5440,#5441,#5442));
#1138=EDGE_LOOP('',(#5443,#5444,#5445,#5446));
#1139=EDGE_LOOP('',(#5447,#5448,#5449,#5450,#5451));
#1140=EDGE_LOOP('',(#5452,#5453,#5454,#5455));
#1141=EDGE_LOOP('',(#5456,#5457,#5458,#5459));
#1142=EDGE_LOOP('',(#5460,#5461,#5462,#5463));
#1143=EDGE_LOOP('',(#5464,#5465,#5466,#5467));
#1144=EDGE_LOOP('',(#5468,#5469,#5470,#5471));
#1145=EDGE_LOOP('',(#5472,#5473,#5474,#5475));
#1146=EDGE_LOOP('',(#5476,#5477,#5478,#5479));
#1147=EDGE_LOOP('',(#5480,#5481,#5482,#5483,#5484));
#1148=EDGE_LOOP('',(#5485,#5486,#5487,#5488));
#1149=EDGE_LOOP('',(#5489,#5490,#5491,#5492));
#1150=EDGE_LOOP('',(#5493,#5494,#5495,#5496));
#1151=EDGE_LOOP('',(#5497,#5498,#5499,#5500));
#1152=EDGE_LOOP('',(#5501,#5502,#5503,#5504));
#1153=EDGE_LOOP('',(#5505,#5506,#5507,#5508));
#1154=EDGE_LOOP('',(#5509,#5510,#5511,#5512));
#1155=EDGE_LOOP('',(#5513,#5514,#5515,#5516,#5517));
#1156=EDGE_LOOP('',(#5518,#5519,#5520,#5521,#5522,#5523,#5524,#5525));
#1157=EDGE_LOOP('',(#5526,#5527,#5528,#5529));
#1158=EDGE_LOOP('',(#5530,#5531,#5532,#5533));
#1159=EDGE_LOOP('',(#5534,#5535,#5536,#5537));
#1160=EDGE_LOOP('',(#5538,#5539,#5540,#5541));
#1161=EDGE_LOOP('',(#5542,#5543,#5544,#5545));
#1162=EDGE_LOOP('',(#5546,#5547,#5548,#5549));
#1163=EDGE_LOOP('',(#5550,#5551,#5552,#5553));
#1164=EDGE_LOOP('',(#5554,#5555,#5556,#5557));
#1165=EDGE_LOOP('',(#5558,#5559,#5560,#5561,#5562,#5563));
#1166=EDGE_LOOP('',(#5564,#5565,#5566,#5567));
#1167=EDGE_LOOP('',(#5568,#5569,#5570,#5571));
#1168=EDGE_LOOP('',(#5572,#5573,#5574,#5575));
#1169=EDGE_LOOP('',(#5576,#5577,#5578,#5579,#5580,#5581,#5582,#5583,#5584,
#5585,#5586,#5587,#5588,#5589,#5590,#5591,#5592,#5593,#5594,#5595,#5596,
#5597,#5598,#5599,#5600,#5601,#5602,#5603,#5604,#5605,#5606,#5607,#5608,
#5609,#5610,#5611,#5612,#5613,#5614,#5615,#5616,#5617,#5618,#5619,#5620,
#5621,#5622,#5623,#5624,#5625,#5626,#5627,#5628,#5629,#5630,#5631,#5632,
#5633,#5634,#5635,#5636,#5637,#5638,#5639,#5640,#5641,#5642,#5643,#5644,
#5645,#5646,#5647,#5648,#5649,#5650,#5651,#5652,#5653,#5654,#5655,#5656,
#5657,#5658,#5659,#5660,#5661,#5662,#5663,#5664,#5665,#5666,#5667,#5668,
#5669,#5670,#5671,#5672,#5673,#5674,#5675,#5676,#5677,#5678));
#1170=EDGE_LOOP('',(#5679,#5680,#5681,#5682,#5683,#5684));
#1171=EDGE_LOOP('',(#5685,#5686,#5687,#5688,#5689,#5690));
#1172=EDGE_LOOP('',(#5691,#5692,#5693,#5694,#5695,#5696,#5697,#5698));
#1173=EDGE_LOOP('',(#5699));
#1174=EDGE_LOOP('',(#5700));
#1175=EDGE_LOOP('',(#5701));
#1176=EDGE_LOOP('',(#5702,#5703,#5704,#5705,#5706,#5707));
#1177=EDGE_LOOP('',(#5708));
#1178=EDGE_LOOP('',(#5709,#5710,#5711,#5712,#5713,#5714));
#1179=EDGE_LOOP('',(#5715));
#1180=EDGE_LOOP('',(#5716));
#1181=EDGE_LOOP('',(#5717,#5718,#5719,#5720));
#1182=EDGE_LOOP('',(#5721,#5722,#5723,#5724,#5725));
#1183=EDGE_LOOP('',(#5726,#5727,#5728,#5729));
#1184=EDGE_LOOP('',(#5730,#5731,#5732,#5733));
#1185=EDGE_LOOP('',(#5734,#5735,#5736,#5737,#5738,#5739,#5740,#5741,#5742,
#5743,#5744,#5745,#5746));
#1186=LINE('',#8701,#1819);
#1187=LINE('',#8703,#1820);
#1188=LINE('',#8705,#1821);
#1189=LINE('',#8707,#1822);
#1190=LINE('',#8709,#1823);
#1191=LINE('',#8711,#1824);
#1192=LINE('',#8713,#1825);
#1193=LINE('',#8715,#1826);
#1194=LINE('',#8717,#1827);
#1195=LINE('',#8719,#1828);
#1196=LINE('',#8721,#1829);
#1197=LINE('',#8722,#1830);
#1198=LINE('',#8726,#1831);
#1199=LINE('',#8727,#1832);
#1200=LINE('',#8729,#1833);
#1201=LINE('',#8730,#1834);
#1202=LINE('',#8734,#1835);
#1203=LINE('',#8735,#1836);
#1204=LINE('',#8737,#1837);
#1205=LINE('',#8738,#1838);
#1206=LINE('',#8742,#1839);
#1207=LINE('',#8744,#1840);
#1208=LINE('',#8746,#1841);
#1209=LINE('',#8748,#1842);
#1210=LINE('',#8750,#1843);
#1211=LINE('',#8754,#1844);
#1212=LINE('',#8756,#1845);
#1213=LINE('',#8758,#1846);
#1214=LINE('',#8759,#1847);
#1215=LINE('',#8765,#1848);
#1216=LINE('',#8768,#1849);
#1217=LINE('',#8778,#1850);
#1218=LINE('',#8780,#1851);
#1219=LINE('',#8782,#1852);
#1220=LINE('',#8784,#1853);
#1221=LINE('',#8785,#1854);
#1222=LINE('',#8788,#1855);
#1223=LINE('',#8790,#1856);
#1224=LINE('',#8792,#1857);
#1225=LINE('',#8793,#1858);
#1226=LINE('',#8799,#1859);
#1227=LINE('',#8802,#1860);
#1228=LINE('',#8852,#1861);
#1229=LINE('',#8854,#1862);
#1230=LINE('',#8856,#1863);
#1231=LINE('',#8857,#1864);
#1232=LINE('',#8860,#1865);
#1233=LINE('',#8862,#1866);
#1234=LINE('',#8863,#1867);
#1235=LINE('',#8866,#1868);
#1236=LINE('',#8868,#1869);
#1237=LINE('',#8869,#1870);
#1238=LINE('',#8872,#1871);
#1239=LINE('',#8874,#1872);
#1240=LINE('',#8875,#1873);
#1241=LINE('',#8878,#1874);
#1242=LINE('',#8880,#1875);
#1243=LINE('',#8881,#1876);
#1244=LINE('',#8883,#1877);
#1245=LINE('',#8884,#1878);
#1246=LINE('',#8891,#1879);
#1247=LINE('',#8893,#1880);
#1248=LINE('',#8895,#1881);
#1249=LINE('',#8896,#1882);
#1250=LINE('',#8899,#1883);
#1251=LINE('',#8901,#1884);
#1252=LINE('',#8902,#1885);
#1253=LINE('',#8905,#1886);
#1254=LINE('',#8907,#1887);
#1255=LINE('',#8908,#1888);
#1256=LINE('',#8911,#1889);
#1257=LINE('',#8913,#1890);
#1258=LINE('',#8914,#1891);
#1259=LINE('',#8917,#1892);
#1260=LINE('',#8919,#1893);
#1261=LINE('',#8920,#1894);
#1262=LINE('',#8922,#1895);
#1263=LINE('',#8923,#1896);
#1264=LINE('',#8932,#1897);
#1265=LINE('',#8935,#1898);
#1266=LINE('',#8938,#1899);
#1267=LINE('',#8942,#1900);
#1268=LINE('',#8946,#1901);
#1269=LINE('',#8949,#1902);
#1270=LINE('',#8952,#1903);
#1271=LINE('',#8954,#1904);
#1272=LINE('',#8956,#1905);
#1273=LINE('',#8958,#1906);
#1274=LINE('',#8960,#1907);
#1275=LINE('',#8961,#1908);
#1276=LINE('',#8967,#1909);
#1277=LINE('',#8970,#1910);
#1278=LINE('',#8973,#1911);
#1279=LINE('',#8975,#1912);
#1280=LINE('',#8977,#1913);
#1281=LINE('',#8979,#1914);
#1282=LINE('',#8981,#1915);
#1283=LINE('',#8983,#1916);
#1284=LINE('',#8985,#1917);
#1285=LINE('',#8987,#1918);
#1286=LINE('',#8988,#1919);
#1287=LINE('',#8992,#1920);
#1288=LINE('',#8994,#1921);
#1289=LINE('',#8996,#1922);
#1290=LINE('',#8997,#1923);
#1291=LINE('',#9000,#1924);
#1292=LINE('',#9002,#1925);
#1293=LINE('',#9003,#1926);
#1294=LINE('',#9008,#1927);
#1295=LINE('',#9012,#1928);
#1296=LINE('',#9016,#1929);
#1297=LINE('',#9017,#1930);
#1298=LINE('',#9022,#1931);
#1299=LINE('',#9059,#1932);
#1300=LINE('',#9064,#1933);
#1301=LINE('',#9071,#1934);
#1302=LINE('',#9073,#1935);
#1303=LINE('',#9075,#1936);
#1304=LINE('',#9076,#1937);
#1305=LINE('',#9079,#1938);
#1306=LINE('',#9081,#1939);
#1307=LINE('',#9082,#1940);
#1308=LINE('',#9085,#1941);
#1309=LINE('',#9093,#1942);
#1310=LINE('',#9095,#1943);
#1311=LINE('',#9097,#1944);
#1312=LINE('',#9098,#1945);
#1313=LINE('',#9101,#1946);
#1314=LINE('',#9103,#1947);
#1315=LINE('',#9104,#1948);
#1316=LINE('',#9108,#1949);
#1317=LINE('',#9111,#1950);
#1318=LINE('',#9116,#1951);
#1319=LINE('',#9120,#1952);
#1320=LINE('',#9122,#1953);
#1321=LINE('',#9124,#1954);
#1322=LINE('',#9125,#1955);
#1323=LINE('',#9128,#1956);
#1324=LINE('',#9130,#1957);
#1325=LINE('',#9131,#1958);
#1326=LINE('',#9138,#1959);
#1327=LINE('',#9142,#1960);
#1328=LINE('',#9144,#1961);
#1329=LINE('',#9146,#1962);
#1330=LINE('',#9147,#1963);
#1331=LINE('',#9150,#1964);
#1332=LINE('',#9152,#1965);
#1333=LINE('',#9153,#1966);
#1334=LINE('',#9161,#1967);
#1335=LINE('',#9170,#1968);
#1336=LINE('',#9174,#1969);
#1337=LINE('',#9178,#1970);
#1338=LINE('',#9184,#1971);
#1339=LINE('',#9190,#1972);
#1340=LINE('',#9196,#1973);
#1341=LINE('',#9202,#1974);
#1342=LINE('',#9208,#1975);
#1343=LINE('',#9215,#1976);
#1344=LINE('',#9222,#1977);
#1345=LINE('',#9223,#1978);
#1346=LINE('',#9226,#1979);
#1347=LINE('',#9229,#1980);
#1348=LINE('',#9233,#1981);
#1349=LINE('',#9235,#1982);
#1350=LINE('',#9237,#1983);
#1351=LINE('',#9238,#1984);
#1352=LINE('',#9240,#1985);
#1353=LINE('',#9242,#1986);
#1354=LINE('',#9244,#1987);
#1355=LINE('',#9245,#1988);
#1356=LINE('',#9247,#1989);
#1357=LINE('',#9251,#1990);
#1358=LINE('',#9255,#1991);
#1359=LINE('',#9258,#1992);
#1360=LINE('',#9259,#1993);
#1361=LINE('',#9262,#1994);
#1362=LINE('',#9263,#1995);
#1363=LINE('',#9265,#1996);
#1364=LINE('',#9269,#1997);
#1365=LINE('',#9270,#1998);
#1366=LINE('',#9272,#1999);
#1367=LINE('',#9274,#2000);
#1368=LINE('',#9276,#2001);
#1369=LINE('',#9277,#2002);
#1370=LINE('',#9279,#2003);
#1371=LINE('',#9283,#2004);
#1372=LINE('',#9287,#2005);
#1373=LINE('',#9289,#2006);
#1374=LINE('',#9290,#2007);
#1375=LINE('',#9291,#2008);
#1376=LINE('',#9297,#2009);
#1377=LINE('',#9298,#2010);
#1378=LINE('',#9301,#2011);
#1379=LINE('',#9304,#2012);
#1380=LINE('',#9307,#2013);
#1381=LINE('',#9308,#2014);
#1382=LINE('',#9312,#2015);
#1383=LINE('',#9316,#2016);
#1384=LINE('',#9317,#2017);
#1385=LINE('',#9318,#2018);
#1386=LINE('',#9321,#2019);
#1387=LINE('',#9324,#2020);
#1388=LINE('',#9328,#2021);
#1389=LINE('',#9329,#2022);
#1390=LINE('',#9330,#2023);
#1391=LINE('',#9333,#2024);
#1392=LINE('',#9334,#2025);
#1393=LINE('',#9337,#2026);
#1394=LINE('',#9338,#2027);
#1395=LINE('',#9340,#2028);
#1396=LINE('',#9343,#2029);
#1397=LINE('',#9348,#2030);
#1398=LINE('',#9351,#2031);
#1399=LINE('',#9355,#2032);
#1400=LINE('',#9357,#2033);
#1401=LINE('',#9358,#2034);
#1402=LINE('',#9361,#2035);
#1403=LINE('',#9362,#2036);
#1404=LINE('',#9365,#2037);
#1405=LINE('',#9366,#2038);
#1406=LINE('',#9368,#2039);
#1407=LINE('',#9372,#2040);
#1408=LINE('',#9375,#2041);
#1409=LINE('',#9384,#2042);
#1410=LINE('',#9391,#2043);
#1411=LINE('',#9395,#2044);
#1412=LINE('',#9397,#2045);
#1413=LINE('',#9399,#2046);
#1414=LINE('',#9400,#2047);
#1415=LINE('',#9405,#2048);
#1416=LINE('',#9409,#2049);
#1417=LINE('',#9411,#2050);
#1418=LINE('',#9412,#2051);
#1419=LINE('',#9416,#2052);
#1420=LINE('',#9418,#2053);
#1421=LINE('',#9420,#2054);
#1422=LINE('',#9421,#2055);
#1423=LINE('',#9426,#2056);
#1424=LINE('',#9431,#2057);
#1425=LINE('',#9432,#2058);
#1426=LINE('',#9433,#2059);
#1427=LINE('',#9436,#2060);
#1428=LINE('',#9442,#2061);
#1429=LINE('',#9444,#2062);
#1430=LINE('',#9445,#2063);
#1431=LINE('',#9449,#2064);
#1432=LINE('',#9454,#2065);
#1433=LINE('',#9459,#2066);
#1434=LINE('',#9463,#2067);
#1435=LINE('',#9467,#2068);
#1436=LINE('',#9472,#2069);
#1437=LINE('',#9476,#2070);
#1438=LINE('',#9482,#2071);
#1439=LINE('',#9487,#2072);
#1440=LINE('',#9492,#2073);
#1441=LINE('',#9499,#2074);
#1442=LINE('',#9500,#2075);
#1443=LINE('',#9505,#2076);
#1444=LINE('',#9507,#2077);
#1445=LINE('',#9508,#2078);
#1446=LINE('',#9511,#2079);
#1447=LINE('',#9513,#2080);
#1448=LINE('',#9514,#2081);
#1449=LINE('',#9519,#2082);
#1450=LINE('',#9521,#2083);
#1451=LINE('',#9522,#2084);
#1452=LINE('',#9526,#2085);
#1453=LINE('',#9529,#2086);
#1454=LINE('',#9531,#2087);
#1455=LINE('',#9533,#2088);
#1456=LINE('',#9534,#2089);
#1457=LINE('',#9537,#2090);
#1458=LINE('',#9539,#2091);
#1459=LINE('',#9541,#2092);
#1460=LINE('',#9542,#2093);
#1461=LINE('',#9547,#2094);
#1462=LINE('',#9552,#2095);
#1463=LINE('',#9556,#2096);
#1464=LINE('',#9560,#2097);
#1465=LINE('',#9562,#2098);
#1466=LINE('',#9563,#2099);
#1467=LINE('',#9568,#2100);
#1468=LINE('',#9569,#2101);
#1469=LINE('',#9575,#2102);
#1470=LINE('',#9578,#2103);
#1471=LINE('',#9583,#2104);
#1472=LINE('',#9587,#2105);
#1473=LINE('',#9589,#2106);
#1474=LINE('',#9590,#2107);
#1475=LINE('',#9592,#2108);
#1476=LINE('',#9596,#2109);
#1477=LINE('',#9598,#2110);
#1478=LINE('',#9599,#2111);
#1479=LINE('',#9601,#2112);
#1480=LINE('',#9604,#2113);
#1481=LINE('',#9606,#2114);
#1482=LINE('',#9607,#2115);
#1483=LINE('',#9610,#2116);
#1484=LINE('',#9611,#2117);
#1485=LINE('',#9615,#2118);
#1486=LINE('',#9617,#2119);
#1487=LINE('',#9619,#2120);
#1488=LINE('',#9620,#2121);
#1489=LINE('',#9623,#2122);
#1490=LINE('',#9625,#2123);
#1491=LINE('',#9626,#2124);
#1492=LINE('',#9629,#2125);
#1493=LINE('',#9631,#2126);
#1494=LINE('',#9632,#2127);
#1495=LINE('',#9635,#2128);
#1496=LINE('',#9637,#2129);
#1497=LINE('',#9638,#2130);
#1498=LINE('',#9641,#2131);
#1499=LINE('',#9643,#2132);
#1500=LINE('',#9644,#2133);
#1501=LINE('',#9646,#2134);
#1502=LINE('',#9647,#2135);
#1503=LINE('',#9650,#2136);
#1504=LINE('',#9655,#2137);
#1505=LINE('',#9658,#2138);
#1506=LINE('',#9659,#2139);
#1507=LINE('',#9662,#2140);
#1508=LINE('',#9663,#2141);
#1509=LINE('',#9666,#2142);
#1510=LINE('',#9667,#2143);
#1511=LINE('',#9669,#2144);
#1512=LINE('',#9671,#2145);
#1513=LINE('',#9673,#2146);
#1514=LINE('',#9674,#2147);
#1515=LINE('',#9677,#2148);
#1516=LINE('',#9678,#2149);
#1517=LINE('',#9680,#2150);
#1518=LINE('',#9683,#2151);
#1519=LINE('',#9685,#2152);
#1520=LINE('',#9686,#2153);
#1521=LINE('',#9689,#2154);
#1522=LINE('',#9690,#2155);
#1523=LINE('',#9694,#2156);
#1524=LINE('',#9696,#2157);
#1525=LINE('',#9698,#2158);
#1526=LINE('',#9699,#2159);
#1527=LINE('',#9702,#2160);
#1528=LINE('',#9704,#2161);
#1529=LINE('',#9705,#2162);
#1530=LINE('',#9708,#2163);
#1531=LINE('',#9710,#2164);
#1532=LINE('',#9711,#2165);
#1533=LINE('',#9714,#2166);
#1534=LINE('',#9716,#2167);
#1535=LINE('',#9717,#2168);
#1536=LINE('',#9720,#2169);
#1537=LINE('',#9722,#2170);
#1538=LINE('',#9723,#2171);
#1539=LINE('',#9726,#2172);
#1540=LINE('',#9728,#2173);
#1541=LINE('',#9729,#2174);
#1542=LINE('',#9732,#2175);
#1543=LINE('',#9734,#2176);
#1544=LINE('',#9735,#2177);
#1545=LINE('',#9738,#2178);
#1546=LINE('',#9740,#2179);
#1547=LINE('',#9741,#2180);
#1548=LINE('',#9744,#2181);
#1549=LINE('',#9746,#2182);
#1550=LINE('',#9752,#2183);
#1551=LINE('',#9757,#2184);
#1552=LINE('',#9759,#2185);
#1553=LINE('',#9761,#2186);
#1554=LINE('',#9762,#2187);
#1555=LINE('',#9767,#2188);
#1556=LINE('',#9772,#2189);
#1557=LINE('',#9774,#2190);
#1558=LINE('',#9776,#2191);
#1559=LINE('',#9778,#2192);
#1560=LINE('',#9780,#2193);
#1561=LINE('',#9782,#2194);
#1562=LINE('',#9784,#2195);
#1563=LINE('',#9786,#2196);
#1564=LINE('',#9788,#2197);
#1565=LINE('',#9790,#2198);
#1566=LINE('',#9792,#2199);
#1567=LINE('',#9794,#2200);
#1568=LINE('',#9795,#2201);
#1569=LINE('',#9797,#2202);
#1570=LINE('',#9799,#2203);
#1571=LINE('',#9801,#2204);
#1572=LINE('',#9803,#2205);
#1573=LINE('',#9805,#2206);
#1574=LINE('',#9807,#2207);
#1575=LINE('',#9809,#2208);
#1576=LINE('',#9811,#2209);
#1577=LINE('',#9813,#2210);
#1578=LINE('',#9815,#2211);
#1579=LINE('',#9817,#2212);
#1580=LINE('',#9818,#2213);
#1581=LINE('',#9819,#2214);
#1582=LINE('',#9823,#2215);
#1583=LINE('',#9825,#2216);
#1584=LINE('',#9827,#2217);
#1585=LINE('',#9828,#2218);
#1586=LINE('',#9832,#2219);
#1587=LINE('',#9836,#2220);
#1588=LINE('',#9841,#2221);
#1589=LINE('',#9848,#2222);
#1590=LINE('',#9851,#2223);
#1591=LINE('',#9854,#2224);
#1592=LINE('',#9859,#2225);
#1593=LINE('',#9864,#2226);
#1594=LINE('',#9866,#2227);
#1595=LINE('',#9870,#2228);
#1596=LINE('',#9880,#2229);
#1597=LINE('',#9883,#2230);
#1598=LINE('',#9886,#2231);
#1599=LINE('',#9887,#2232);
#1600=LINE('',#9889,#2233);
#1601=LINE('',#9890,#2234);
#1602=LINE('',#9896,#2235);
#1603=LINE('',#9898,#2236);
#1604=LINE('',#9900,#2237);
#1605=LINE('',#9902,#2238);
#1606=LINE('',#9904,#2239);
#1607=LINE('',#9906,#2240);
#1608=LINE('',#9908,#2241);
#1609=LINE('',#9910,#2242);
#1610=LINE('',#9912,#2243);
#1611=LINE('',#9914,#2244);
#1612=LINE('',#9916,#2245);
#1613=LINE('',#9917,#2246);
#1614=LINE('',#9921,#2247);
#1615=LINE('',#9927,#2248);
#1616=LINE('',#9931,#2249);
#1617=LINE('',#9933,#2250);
#1618=LINE('',#9934,#2251);
#1619=LINE('',#9940,#2252);
#1620=LINE('',#9944,#2253);
#1621=LINE('',#9948,#2254);
#1622=LINE('',#9960,#2255);
#1623=LINE('',#9962,#2256);
#1624=LINE('',#9966,#2257);
#1625=LINE('',#9970,#2258);
#1626=LINE('',#9974,#2259);
#1627=LINE('',#9978,#2260);
#1628=LINE('',#9981,#2261);
#1629=LINE('',#9983,#2262);
#1630=LINE('',#9987,#2263);
#1631=LINE('',#9991,#2264);
#1632=LINE('',#9994,#2265);
#1633=LINE('',#9999,#2266);
#1634=LINE('',#10003,#2267);
#1635=LINE('',#10006,#2268);
#1636=LINE('',#10012,#2269);
#1637=LINE('',#10017,#2270);
#1638=LINE('',#10021,#2271);
#1639=LINE('',#10025,#2272);
#1640=LINE('',#10029,#2273);
#1641=LINE('',#10032,#2274);
#1642=LINE('',#10035,#2275);
#1643=LINE('',#10037,#2276);
#1644=LINE('',#10041,#2277);
#1645=LINE('',#10045,#2278);
#1646=LINE('',#10050,#2279);
#1647=LINE('',#10054,#2280);
#1648=LINE('',#10058,#2281);
#1649=LINE('',#10062,#2282);
#1650=LINE('',#10066,#2283);
#1651=LINE('',#10070,#2284);
#1652=LINE('',#10073,#2285);
#1653=LINE('',#10078,#2286);
#1654=LINE('',#10082,#2287);
#1655=LINE('',#10086,#2288);
#1656=LINE('',#10089,#2289);
#1657=LINE('',#10093,#2290);
#1658=LINE('',#10094,#2291);
#1659=LINE('',#10098,#2292);
#1660=LINE('',#10101,#2293);
#1661=LINE('',#10102,#2294);
#1662=LINE('',#10106,#2295);
#1663=LINE('',#10109,#2296);
#1664=LINE('',#10110,#2297);
#1665=LINE('',#10114,#2298);
#1666=LINE('',#10117,#2299);
#1667=LINE('',#10118,#2300);
#1668=LINE('',#10122,#2301);
#1669=LINE('',#10125,#2302);
#1670=LINE('',#10126,#2303);
#1671=LINE('',#10130,#2304);
#1672=LINE('',#10133,#2305);
#1673=LINE('',#10134,#2306);
#1674=LINE('',#10136,#2307);
#1675=LINE('',#10138,#2308);
#1676=LINE('',#10139,#2309);
#1677=LINE('',#10141,#2310);
#1678=LINE('',#10143,#2311);
#1679=LINE('',#10144,#2312);
#1680=LINE('',#10146,#2313);
#1681=LINE('',#10147,#2314);
#1682=LINE('',#10150,#2315);
#1683=LINE('',#10151,#2316);
#1684=LINE('',#10154,#2317);
#1685=LINE('',#10155,#2318);
#1686=LINE('',#10158,#2319);
#1687=LINE('',#10159,#2320);
#1688=LINE('',#10162,#2321);
#1689=LINE('',#10163,#2322);
#1690=LINE('',#10167,#2323);
#1691=LINE('',#10170,#2324);
#1692=LINE('',#10171,#2325);
#1693=LINE('',#10175,#2326);
#1694=LINE('',#10178,#2327);
#1695=LINE('',#10179,#2328);
#1696=LINE('',#10183,#2329);
#1697=LINE('',#10186,#2330);
#1698=LINE('',#10187,#2331);
#1699=LINE('',#10191,#2332);
#1700=LINE('',#10194,#2333);
#1701=LINE('',#10195,#2334);
#1702=LINE('',#10199,#2335);
#1703=LINE('',#10202,#2336);
#1704=LINE('',#10206,#2337);
#1705=LINE('',#10211,#2338);
#1706=LINE('',#10214,#2339);
#1707=LINE('',#10219,#2340);
#1708=LINE('',#10222,#2341);
#1709=LINE('',#10226,#2342);
#1710=LINE('',#10230,#2343);
#1711=LINE('',#10235,#2344);
#1712=LINE('',#10238,#2345);
#1713=LINE('',#10242,#2346);
#1714=LINE('',#10246,#2347);
#1715=LINE('',#10252,#2348);
#1716=LINE('',#10257,#2349);
#1717=LINE('',#10258,#2350);
#1718=LINE('',#10263,#2351);
#1719=LINE('',#10264,#2352);
#1720=LINE('',#10269,#2353);
#1721=LINE('',#10270,#2354);
#1722=LINE('',#10275,#2355);
#1723=LINE('',#10276,#2356);
#1724=LINE('',#10281,#2357);
#1725=LINE('',#10282,#2358);
#1726=LINE('',#10284,#2359);
#1727=LINE('',#10286,#2360);
#1728=LINE('',#10291,#2361);
#1729=LINE('',#10294,#2362);
#1730=LINE('',#10297,#2363);
#1731=LINE('',#10300,#2364);
#1732=LINE('',#10303,#2365);
#1733=LINE('',#10308,#2366);
#1734=LINE('',#10309,#2367);
#1735=LINE('',#10312,#2368);
#1736=LINE('',#10314,#2369);
#1737=LINE('',#10327,#2370);
#1738=LINE('',#10332,#2371);
#1739=LINE('',#10334,#2372);
#1740=LINE('',#10337,#2373);
#1741=LINE('',#10339,#2374);
#1742=LINE('',#10340,#2375);
#1743=LINE('',#10344,#2376);
#1744=LINE('',#10347,#2377);
#1745=LINE('',#10348,#2378);
#1746=LINE('',#10352,#2379);
#1747=LINE('',#10355,#2380);
#1748=LINE('',#10356,#2381);
#1749=LINE('',#10358,#2382);
#1750=LINE('',#10363,#2383);
#1751=LINE('',#10364,#2384);
#1752=LINE('',#10367,#2385);
#1753=LINE('',#10368,#2386);
#1754=LINE('',#10370,#2387);
#1755=LINE('',#10371,#2388);
#1756=LINE('',#10373,#2389);
#1757=LINE('',#10375,#2390);
#1758=LINE('',#10377,#2391);
#1759=LINE('',#10379,#2392);
#1760=LINE('',#10381,#2393);
#1761=LINE('',#10383,#2394);
#1762=LINE('',#10385,#2395);
#1763=LINE('',#10387,#2396);
#1764=LINE('',#10389,#2397);
#1765=LINE('',#10391,#2398);
#1766=LINE('',#10395,#2399);
#1767=LINE('',#10398,#2400);
#1768=LINE('',#10401,#2401);
#1769=LINE('',#10404,#2402);
#1770=LINE('',#10405,#2403);
#1771=LINE('',#10409,#2404);
#1772=LINE('',#10412,#2405);
#1773=LINE('',#10413,#2406);
#1774=LINE('',#10416,#2407);
#1775=LINE('',#10417,#2408);
#1776=LINE('',#10419,#2409);
#1777=LINE('',#10423,#2410);
#1778=LINE('',#10426,#2411);
#1779=LINE('',#10431,#2412);
#1780=LINE('',#10435,#2413);
#1781=LINE('',#10438,#2414);
#1782=LINE('',#10439,#2415);
#1783=LINE('',#10445,#2416);
#1784=LINE('',#10447,#2417);
#1785=LINE('',#10452,#2418);
#1786=LINE('',#10455,#2419);
#1787=LINE('',#10459,#2420);
#1788=LINE('',#10461,#2421);
#1789=LINE('',#10463,#2422);
#1790=LINE('',#10464,#2423);
#1791=LINE('',#10466,#2424);
#1792=LINE('',#10467,#2425);
#1793=LINE('',#10472,#2426);
#1794=LINE('',#10476,#2427);
#1795=LINE('',#10478,#2428);
#1796=LINE('',#10479,#2429);
#1797=LINE('',#10484,#2430);
#1798=LINE('',#10488,#2431);
#1799=LINE('',#10490,#2432);
#1800=LINE('',#10491,#2433);
#1801=LINE('',#10495,#2434);
#1802=LINE('',#10501,#2435);
#1803=LINE('',#10502,#2436);
#1804=LINE('',#10503,#2437);
#1805=LINE('',#10507,#2438);
#1806=LINE('',#10513,#2439);
#1807=LINE('',#10514,#2440);
#1808=LINE('',#10515,#2441);
#1809=LINE('',#10523,#2442);
#1810=LINE('',#10527,#2443);
#1811=LINE('',#10528,#2444);
#1812=LINE('',#10530,#2445);
#1813=LINE('',#10532,#2446);
#1814=LINE('',#10534,#2447);
#1815=LINE('',#10536,#2448);
#1816=LINE('',#10538,#2449);
#1817=LINE('',#10540,#2450);
#1818=LINE('',#10542,#2451);
#1819=VECTOR('',#6886,10.);
#1820=VECTOR('',#6887,10.);
#1821=VECTOR('',#6888,10.);
#1822=VECTOR('',#6889,10.);
#1823=VECTOR('',#6890,10.);
#1824=VECTOR('',#6891,10.);
#1825=VECTOR('',#6892,10.);
#1826=VECTOR('',#6893,10.);
#1827=VECTOR('',#6894,10.);
#1828=VECTOR('',#6895,10.);
#1829=VECTOR('',#6896,10.);
#1830=VECTOR('',#6897,10.);
#1831=VECTOR('',#6900,10.);
#1832=VECTOR('',#6901,10.);
#1833=VECTOR('',#6902,10.);
#1834=VECTOR('',#6903,10.);
#1835=VECTOR('',#6906,10.);
#1836=VECTOR('',#6907,10.);
#1837=VECTOR('',#6908,10.);
#1838=VECTOR('',#6909,10.);
#1839=VECTOR('',#6912,10.);
#1840=VECTOR('',#6913,10.);
#1841=VECTOR('',#6914,10.);
#1842=VECTOR('',#6915,10.);
#1843=VECTOR('',#6916,10.);
#1844=VECTOR('',#6919,10.);
#1845=VECTOR('',#6920,10.);
#1846=VECTOR('',#6921,10.);
#1847=VECTOR('',#6922,10.);
#1848=VECTOR('',#6927,10.);
#1849=VECTOR('',#6930,10.);
#1850=VECTOR('',#6939,10.);
#1851=VECTOR('',#6940,10.);
#1852=VECTOR('',#6941,10.);
#1853=VECTOR('',#6942,10.);
#1854=VECTOR('',#6943,10.);
#1855=VECTOR('',#6944,10.);
#1856=VECTOR('',#6945,10.);
#1857=VECTOR('',#6946,10.);
#1858=VECTOR('',#6947,10.);
#1859=VECTOR('',#6952,10.);
#1860=VECTOR('',#6955,10.);
#1861=VECTOR('',#6988,10.);
#1862=VECTOR('',#6989,10.);
#1863=VECTOR('',#6990,10.);
#1864=VECTOR('',#6991,10.);
#1865=VECTOR('',#6994,10.);
#1866=VECTOR('',#6995,10.);
#1867=VECTOR('',#6996,10.);
#1868=VECTOR('',#6999,10.);
#1869=VECTOR('',#7000,10.);
#1870=VECTOR('',#7001,10.);
#1871=VECTOR('',#7004,10.);
#1872=VECTOR('',#7005,10.);
#1873=VECTOR('',#7006,10.);
#1874=VECTOR('',#7009,10.);
#1875=VECTOR('',#7010,10.);
#1876=VECTOR('',#7011,10.);
#1877=VECTOR('',#7014,10.);
#1878=VECTOR('',#7015,10.);
#1879=VECTOR('',#7022,10.);
#1880=VECTOR('',#7023,10.);
#1881=VECTOR('',#7024,10.);
#1882=VECTOR('',#7025,10.);
#1883=VECTOR('',#7028,10.);
#1884=VECTOR('',#7029,10.);
#1885=VECTOR('',#7030,10.);
#1886=VECTOR('',#7033,10.);
#1887=VECTOR('',#7034,10.);
#1888=VECTOR('',#7035,10.);
#1889=VECTOR('',#7038,10.);
#1890=VECTOR('',#7039,10.);
#1891=VECTOR('',#7040,10.);
#1892=VECTOR('',#7043,10.);
#1893=VECTOR('',#7044,10.);
#1894=VECTOR('',#7045,10.);
#1895=VECTOR('',#7048,10.);
#1896=VECTOR('',#7049,10.);
#1897=VECTOR('',#7058,10.);
#1898=VECTOR('',#7061,10.);
#1899=VECTOR('',#7064,10.);
#1900=VECTOR('',#7067,10.);
#1901=VECTOR('',#7070,10.);
#1902=VECTOR('',#7073,10.);
#1903=VECTOR('',#7076,10.);
#1904=VECTOR('',#7077,10.);
#1905=VECTOR('',#7078,10.);
#1906=VECTOR('',#7079,10.);
#1907=VECTOR('',#7080,10.);
#1908=VECTOR('',#7081,10.);
#1909=VECTOR('',#7086,10.);
#1910=VECTOR('',#7089,10.);
#1911=VECTOR('',#7092,10.);
#1912=VECTOR('',#7093,10.);
#1913=VECTOR('',#7094,10.);
#1914=VECTOR('',#7095,10.);
#1915=VECTOR('',#7096,10.);
#1916=VECTOR('',#7097,10.);
#1917=VECTOR('',#7098,10.);
#1918=VECTOR('',#7099,10.);
#1919=VECTOR('',#7100,10.);
#1920=VECTOR('',#7103,10.);
#1921=VECTOR('',#7104,10.);
#1922=VECTOR('',#7105,10.);
#1923=VECTOR('',#7106,10.);
#1924=VECTOR('',#7109,10.);
#1925=VECTOR('',#7110,10.);
#1926=VECTOR('',#7111,10.);
#1927=VECTOR('',#7116,10.);
#1928=VECTOR('',#7119,10.);
#1929=VECTOR('',#7124,10.);
#1930=VECTOR('',#7125,10.);
#1931=VECTOR('',#7130,10.);
#1932=VECTOR('',#7179,1.60000000000001);
#1933=VECTOR('',#7186,2.9);
#1934=VECTOR('',#7193,9.99999999999999);
#1935=VECTOR('',#7194,10.);
#1936=VECTOR('',#7195,10.);
#1937=VECTOR('',#7196,10.);
#1938=VECTOR('',#7199,10.);
#1939=VECTOR('',#7200,10.);
#1940=VECTOR('',#7201,10.);
#1941=VECTOR('',#7204,1.6);
#1942=VECTOR('',#7213,10.);
#1943=VECTOR('',#7214,10.);
#1944=VECTOR('',#7215,10.);
#1945=VECTOR('',#7216,10.);
#1946=VECTOR('',#7219,9.99999999999999);
#1947=VECTOR('',#7220,10.);
#1948=VECTOR('',#7221,10.);
#1949=VECTOR('',#7226,1.6);
#1950=VECTOR('',#7229,2.9);
#1951=VECTOR('',#7236,1.6);
#1952=VECTOR('',#7239,10.);
#1953=VECTOR('',#7240,10.);
#1954=VECTOR('',#7241,10.);
#1955=VECTOR('',#7242,10.);
#1956=VECTOR('',#7245,10.);
#1957=VECTOR('',#7246,10.);
#1958=VECTOR('',#7247,10.);
#1959=VECTOR('',#7256,1.6);
#1960=VECTOR('',#7259,10.);
#1961=VECTOR('',#7260,10.);
#1962=VECTOR('',#7261,10.);
#1963=VECTOR('',#7262,10.);
#1964=VECTOR('',#7265,10.);
#1965=VECTOR('',#7266,10.);
#1966=VECTOR('',#7267,10.);
#1967=VECTOR('',#7276,1.59999999999998);
#1968=VECTOR('',#7287,1.5);
#1969=VECTOR('',#7292,1.5);
#1970=VECTOR('',#7297,1.5);
#1971=VECTOR('',#7304,1.5);
#1972=VECTOR('',#7311,1.5);
#1973=VECTOR('',#7318,1.5);
#1974=VECTOR('',#7325,1.6);
#1975=VECTOR('',#7332,1.6);
#1976=VECTOR('',#7339,10.);
#1977=VECTOR('',#7346,10.);
#1978=VECTOR('',#7347,10.);
#1979=VECTOR('',#7350,10.);
#1980=VECTOR('',#7353,10.);
#1981=VECTOR('',#7356,10.);
#1982=VECTOR('',#7357,10.);
#1983=VECTOR('',#7358,10.);
#1984=VECTOR('',#7359,10.);
#1985=VECTOR('',#7362,1.6);
#1986=VECTOR('',#7365,1.6);
#1987=VECTOR('',#7368,10.);
#1988=VECTOR('',#7369,10.);
#1989=VECTOR('',#7372,10.);
#1990=VECTOR('',#7377,10.);
#1991=VECTOR('',#7382,10.);
#1992=VECTOR('',#7385,10.);
#1993=VECTOR('',#7386,10.);
#1994=VECTOR('',#7389,10.);
#1995=VECTOR('',#7390,10.);
#1996=VECTOR('',#7393,10.);
#1997=VECTOR('',#7398,10.);
#1998=VECTOR('',#7399,10.);
#1999=VECTOR('',#7402,1.6);
#2000=VECTOR('',#7405,1.6);
#2001=VECTOR('',#7408,10.);
#2002=VECTOR('',#7409,10.);
#2003=VECTOR('',#7412,10.);
#2004=VECTOR('',#7417,10.);
#2005=VECTOR('',#7422,10.);
#2006=VECTOR('',#7423,10.);
#2007=VECTOR('',#7424,10.);
#2008=VECTOR('',#7425,10.);
#2009=VECTOR('',#7430,10.);
#2010=VECTOR('',#7431,10.);
#2011=VECTOR('',#7434,10.);
#2012=VECTOR('',#7437,10.);
#2013=VECTOR('',#7440,10.);
#2014=VECTOR('',#7441,10.);
#2015=VECTOR('',#7446,10.);
#2016=VECTOR('',#7449,10.);
#2017=VECTOR('',#7450,10.);
#2018=VECTOR('',#7451,10.);
#2019=VECTOR('',#7454,10.);
#2020=VECTOR('',#7457,10.);
#2021=VECTOR('',#7460,10.);
#2022=VECTOR('',#7461,10.);
#2023=VECTOR('',#7462,10.);
#2024=VECTOR('',#7465,10.);
#2025=VECTOR('',#7466,10.);
#2026=VECTOR('',#7469,10.);
#2027=VECTOR('',#7470,10.);
#2028=VECTOR('',#7473,10.);
#2029=VECTOR('',#7476,1.6);
#2030=VECTOR('',#7483,1.6);
#2031=VECTOR('',#7486,1.6);
#2032=VECTOR('',#7491,10.);
#2033=VECTOR('',#7492,10.);
#2034=VECTOR('',#7493,10.);
#2035=VECTOR('',#7496,10.);
#2036=VECTOR('',#7497,10.);
#2037=VECTOR('',#7500,10.);
#2038=VECTOR('',#7501,10.);
#2039=VECTOR('',#7504,10.);
#2040=VECTOR('',#7509,1.6);
#2041=VECTOR('',#7512,10.);
#2042=VECTOR('',#7513,10.);
#2043=VECTOR('',#7522,3.98492424049175);
#2044=VECTOR('',#7525,10.);
#2045=VECTOR('',#7526,10.);
#2046=VECTOR('',#7527,10.);
#2047=VECTOR('',#7528,10.);
#2048=VECTOR('',#7533,10.);
#2049=VECTOR('',#7538,10.);
#2050=VECTOR('',#7539,10.);
#2051=VECTOR('',#7540,10.);
#2052=VECTOR('',#7543,10.);
#2053=VECTOR('',#7544,10.);
#2054=VECTOR('',#7545,10.);
#2055=VECTOR('',#7546,10.);
#2056=VECTOR('',#7551,10.);
#2057=VECTOR('',#7556,10.);
#2058=VECTOR('',#7557,10.);
#2059=VECTOR('',#7558,10.);
#2060=VECTOR('',#7561,10.);
#2061=VECTOR('',#7568,10.);
#2062=VECTOR('',#7569,10.);
#2063=VECTOR('',#7570,10.);
#2064=VECTOR('',#7575,3.);
#2065=VECTOR('',#7580,3.);
#2066=VECTOR('',#7587,3.);
#2067=VECTOR('',#7592,3.);
#2068=VECTOR('',#7597,3.);
#2069=VECTOR('',#7602,3.);
#2070=VECTOR('',#7607,3.);
#2071=VECTOR('',#7614,3.);
#2072=VECTOR('',#7621,3.);
#2073=VECTOR('',#7626,3.);
#2074=VECTOR('',#7633,10.);
#2075=VECTOR('',#7634,10.);
#2076=VECTOR('',#7639,10.);
#2077=VECTOR('',#7640,10.);
#2078=VECTOR('',#7641,10.);
#2079=VECTOR('',#7644,10.);
#2080=VECTOR('',#7645,10.);
#2081=VECTOR('',#7646,10.);
#2082=VECTOR('',#7651,10.);
#2083=VECTOR('',#7652,10.);
#2084=VECTOR('',#7653,10.);
#2085=VECTOR('',#7658,10.);
#2086=VECTOR('',#7661,10.);
#2087=VECTOR('',#7662,10.);
#2088=VECTOR('',#7663,10.);
#2089=VECTOR('',#7664,10.);
#2090=VECTOR('',#7667,10.);
#2091=VECTOR('',#7668,10.);
#2092=VECTOR('',#7669,10.);
#2093=VECTOR('',#7670,10.);
#2094=VECTOR('',#7675,3.);
#2095=VECTOR('',#7682,3.);
#2096=VECTOR('',#7687,10.);
#2097=VECTOR('',#7692,10.);
#2098=VECTOR('',#7693,10.);
#2099=VECTOR('',#7694,10.);
#2100=VECTOR('',#7701,10.);
#2101=VECTOR('',#7702,10.);
#2102=VECTOR('',#7707,10.);
#2103=VECTOR('',#7710,10.);
#2104=VECTOR('',#7715,10.);
#2105=VECTOR('',#7720,10.);
#2106=VECTOR('',#7721,10.);
#2107=VECTOR('',#7722,10.);
#2108=VECTOR('',#7725,10.);
#2109=VECTOR('',#7728,10.);
#2110=VECTOR('',#7729,10.);
#2111=VECTOR('',#7730,10.);
#2112=VECTOR('',#7733,10.);
#2113=VECTOR('',#7736,10.);
#2114=VECTOR('',#7737,10.);
#2115=VECTOR('',#7738,10.);
#2116=VECTOR('',#7741,10.);
#2117=VECTOR('',#7742,10.);
#2118=VECTOR('',#7745,10.);
#2119=VECTOR('',#7746,10.);
#2120=VECTOR('',#7747,10.);
#2121=VECTOR('',#7748,10.);
#2122=VECTOR('',#7751,10.);
#2123=VECTOR('',#7752,10.);
#2124=VECTOR('',#7753,10.);
#2125=VECTOR('',#7756,10.);
#2126=VECTOR('',#7757,10.);
#2127=VECTOR('',#7758,10.);
#2128=VECTOR('',#7761,10.);
#2129=VECTOR('',#7762,10.);
#2130=VECTOR('',#7763,10.);
#2131=VECTOR('',#7766,10.);
#2132=VECTOR('',#7767,10.);
#2133=VECTOR('',#7768,10.);
#2134=VECTOR('',#7771,10.);
#2135=VECTOR('',#7772,10.);
#2136=VECTOR('',#7775,1.6);
#2137=VECTOR('',#7782,1.6);
#2138=VECTOR('',#7785,10.);
#2139=VECTOR('',#7786,10.);
#2140=VECTOR('',#7789,10.);
#2141=VECTOR('',#7790,10.);
#2142=VECTOR('',#7793,10.);
#2143=VECTOR('',#7794,10.);
#2144=VECTOR('',#7797,10.);
#2145=VECTOR('',#7798,10.);
#2146=VECTOR('',#7799,10.);
#2147=VECTOR('',#7800,10.);
#2148=VECTOR('',#7803,10.);
#2149=VECTOR('',#7804,10.);
#2150=VECTOR('',#7807,10.);
#2151=VECTOR('',#7810,10.);
#2152=VECTOR('',#7811,10.);
#2153=VECTOR('',#7812,10.);
#2154=VECTOR('',#7815,10.);
#2155=VECTOR('',#7816,10.);
#2156=VECTOR('',#7819,10.);
#2157=VECTOR('',#7820,10.);
#2158=VECTOR('',#7821,10.);
#2159=VECTOR('',#7822,10.);
#2160=VECTOR('',#7825,10.);
#2161=VECTOR('',#7826,10.);
#2162=VECTOR('',#7827,10.);
#2163=VECTOR('',#7830,10.);
#2164=VECTOR('',#7831,10.);
#2165=VECTOR('',#7832,10.);
#2166=VECTOR('',#7835,10.);
#2167=VECTOR('',#7836,10.);
#2168=VECTOR('',#7837,10.);
#2169=VECTOR('',#7840,10.);
#2170=VECTOR('',#7841,10.);
#2171=VECTOR('',#7842,10.);
#2172=VECTOR('',#7845,10.);
#2173=VECTOR('',#7846,10.);
#2174=VECTOR('',#7847,10.);
#2175=VECTOR('',#7850,10.);
#2176=VECTOR('',#7851,10.);
#2177=VECTOR('',#7852,10.);
#2178=VECTOR('',#7855,10.);
#2179=VECTOR('',#7856,10.);
#2180=VECTOR('',#7857,10.);
#2181=VECTOR('',#7860,10.);
#2182=VECTOR('',#7861,10.);
#2183=VECTOR('',#7868,10.);
#2184=VECTOR('',#7873,10.);
#2185=VECTOR('',#7874,10.);
#2186=VECTOR('',#7875,10.);
#2187=VECTOR('',#7876,10.);
#2188=VECTOR('',#7881,10.);
#2189=VECTOR('',#7886,10.);
#2190=VECTOR('',#7887,10.);
#2191=VECTOR('',#7888,10.);
#2192=VECTOR('',#7889,10.);
#2193=VECTOR('',#7890,10.);
#2194=VECTOR('',#7891,10.);
#2195=VECTOR('',#7892,10.);
#2196=VECTOR('',#7893,10.);
#2197=VECTOR('',#7894,10.);
#2198=VECTOR('',#7895,10.);
#2199=VECTOR('',#7896,10.);
#2200=VECTOR('',#7897,10.);
#2201=VECTOR('',#7898,10.);
#2202=VECTOR('',#7899,10.);
#2203=VECTOR('',#7900,10.);
#2204=VECTOR('',#7901,10.);
#2205=VECTOR('',#7902,10.);
#2206=VECTOR('',#7903,10.);
#2207=VECTOR('',#7904,10.);
#2208=VECTOR('',#7905,10.);
#2209=VECTOR('',#7906,10.);
#2210=VECTOR('',#7907,10.);
#2211=VECTOR('',#7908,10.);
#2212=VECTOR('',#7909,10.);
#2213=VECTOR('',#7910,10.);
#2214=VECTOR('',#7911,10.);
#2215=VECTOR('',#7914,10.);
#2216=VECTOR('',#7915,10.);
#2217=VECTOR('',#7916,10.);
#2218=VECTOR('',#7917,10.);
#2219=VECTOR('',#7922,1.5);
#2220=VECTOR('',#7927,1.5);
#2221=VECTOR('',#7932,10.);
#2222=VECTOR('',#7941,10.);
#2223=VECTOR('',#7944,10.);
#2224=VECTOR('',#7947,10.);
#2225=VECTOR('',#7952,10.);
#2226=VECTOR('',#7957,10.);
#2227=VECTOR('',#7960,10.);
#2228=VECTOR('',#7965,10.);
#2229=VECTOR('',#7972,3.98492424049175);
#2230=VECTOR('',#7975,10.);
#2231=VECTOR('',#7978,10.);
#2232=VECTOR('',#7979,10.);
#2233=VECTOR('',#7980,10.);
#2234=VECTOR('',#7981,10.);
#2235=VECTOR('',#7986,10.);
#2236=VECTOR('',#7987,10.);
#2237=VECTOR('',#7988,10.);
#2238=VECTOR('',#7989,10.);
#2239=VECTOR('',#7990,10.);
#2240=VECTOR('',#7991,10.);
#2241=VECTOR('',#7992,10.);
#2242=VECTOR('',#7993,10.);
#2243=VECTOR('',#7994,10.);
#2244=VECTOR('',#7995,10.);
#2245=VECTOR('',#7996,10.);
#2246=VECTOR('',#7997,10.);
#2247=VECTOR('',#8002,1.5);
#2248=VECTOR('',#8007,10.);
#2249=VECTOR('',#8010,10.);
#2250=VECTOR('',#8011,10.);
#2251=VECTOR('',#8012,10.);
#2252=VECTOR('',#8019,1.5);
#2253=VECTOR('',#8024,1.5);
#2254=VECTOR('',#8029,1.5);
#2255=VECTOR('',#8046,9.99999999999999);
#2256=VECTOR('',#8049,10.);
#2257=VECTOR('',#8052,9.99999999999999);
#2258=VECTOR('',#8055,10.);
#2259=VECTOR('',#8058,10.);
#2260=VECTOR('',#8061,10.);
#2261=VECTOR('',#8064,10.);
#2262=VECTOR('',#8065,10.);
#2263=VECTOR('',#8068,10.);
#2264=VECTOR('',#8071,10.);
#2265=VECTOR('',#8074,10.);
#2266=VECTOR('',#8079,10.);
#2267=VECTOR('',#8084,10.);
#2268=VECTOR('',#8089,1.6);
#2269=VECTOR('',#8096,10.);
#2270=VECTOR('',#8103,10.);
#2271=VECTOR('',#8108,10.);
#2272=VECTOR('',#8111,10.);
#2273=VECTOR('',#8116,10.);
#2274=VECTOR('',#8119,10.);
#2275=VECTOR('',#8122,10.);
#2276=VECTOR('',#8125,10.);
#2277=VECTOR('',#8130,10.);
#2278=VECTOR('',#8135,10.);
#2279=VECTOR('',#8142,10.);
#2280=VECTOR('',#8147,10.);
#2281=VECTOR('',#8152,10.);
#2282=VECTOR('',#8157,10.);
#2283=VECTOR('',#8162,10.);
#2284=VECTOR('',#8167,10.);
#2285=VECTOR('',#8170,10.);
#2286=VECTOR('',#8177,10.);
#2287=VECTOR('',#8182,10.);
#2288=VECTOR('',#8187,10.);
#2289=VECTOR('',#8190,10.);
#2290=VECTOR('',#8195,10.);
#2291=VECTOR('',#8196,10.);
#2292=VECTOR('',#8201,10.);
#2293=VECTOR('',#8204,10.);
#2294=VECTOR('',#8205,10.);
#2295=VECTOR('',#8210,10.);
#2296=VECTOR('',#8213,10.);
#2297=VECTOR('',#8214,10.);
#2298=VECTOR('',#8219,10.);
#2299=VECTOR('',#8222,10.);
#2300=VECTOR('',#8223,10.);
#2301=VECTOR('',#8228,10.);
#2302=VECTOR('',#8231,10.);
#2303=VECTOR('',#8232,9.99999999999999);
#2304=VECTOR('',#8237,10.);
#2305=VECTOR('',#8240,10.);
#2306=VECTOR('',#8241,10.);
#2307=VECTOR('',#8244,10.);
#2308=VECTOR('',#8245,10.);
#2309=VECTOR('',#8246,10.);
#2310=VECTOR('',#8249,10.);
#2311=VECTOR('',#8252,10.);
#2312=VECTOR('',#8253,10.);
#2313=VECTOR('',#8256,10.);
#2314=VECTOR('',#8257,10.);
#2315=VECTOR('',#8260,10.);
#2316=VECTOR('',#8261,10.);
#2317=VECTOR('',#8264,10.);
#2318=VECTOR('',#8265,10.);
#2319=VECTOR('',#8268,10.);
#2320=VECTOR('',#8269,10.);
#2321=VECTOR('',#8272,10.);
#2322=VECTOR('',#8273,10.);
#2323=VECTOR('',#8278,10.);
#2324=VECTOR('',#8281,9.99999999999999);
#2325=VECTOR('',#8282,10.);
#2326=VECTOR('',#8287,10.);
#2327=VECTOR('',#8290,10.);
#2328=VECTOR('',#8291,10.);
#2329=VECTOR('',#8296,10.);
#2330=VECTOR('',#8299,10.);
#2331=VECTOR('',#8300,10.);
#2332=VECTOR('',#8305,10.);
#2333=VECTOR('',#8308,10.);
#2334=VECTOR('',#8309,10.);
#2335=VECTOR('',#8314,10.);
#2336=VECTOR('',#8317,10.);
#2337=VECTOR('',#8322,10.);
#2338=VECTOR('',#8329,10.);
#2339=VECTOR('',#8332,10.);
#2340=VECTOR('',#8339,10.);
#2341=VECTOR('',#8342,10.);
#2342=VECTOR('',#8347,10.);
#2343=VECTOR('',#8352,10.);
#2344=VECTOR('',#8359,10.);
#2345=VECTOR('',#8362,10.);
#2346=VECTOR('',#8367,10.);
#2347=VECTOR('',#8372,10.);
#2348=VECTOR('',#8379,10.);
#2349=VECTOR('',#8384,10.);
#2350=VECTOR('',#8385,10.);
#2351=VECTOR('',#8390,10.);
#2352=VECTOR('',#8391,10.);
#2353=VECTOR('',#8396,10.);
#2354=VECTOR('',#8397,10.);
#2355=VECTOR('',#8402,10.);
#2356=VECTOR('',#8403,10.);
#2357=VECTOR('',#8408,10.);
#2358=VECTOR('',#8409,10.);
#2359=VECTOR('',#8412,10.);
#2360=VECTOR('',#8413,10.);
#2361=VECTOR('',#8420,10.);
#2362=VECTOR('',#8423,10.);
#2363=VECTOR('',#8426,10.);
#2364=VECTOR('',#8429,10.);
#2365=VECTOR('',#8432,10.);
#2366=VECTOR('',#8437,10.);
#2367=VECTOR('',#8438,10.);
#2368=VECTOR('',#8441,10.);
#2369=VECTOR('',#8442,10.);
#2370=VECTOR('',#8447,1.6);
#2371=VECTOR('',#8454,1.6);
#2372=VECTOR('',#8457,1.6);
#2373=VECTOR('',#8460,10.);
#2374=VECTOR('',#8461,10.);
#2375=VECTOR('',#8462,10.);
#2376=VECTOR('',#8467,10.);
#2377=VECTOR('',#8470,10.);
#2378=VECTOR('',#8471,10.);
#2379=VECTOR('',#8476,10.);
#2380=VECTOR('',#8479,10.);
#2381=VECTOR('',#8480,10.);
#2382=VECTOR('',#8483,10.);
#2383=VECTOR('',#8488,10.);
#2384=VECTOR('',#8489,10.);
#2385=VECTOR('',#8492,10.);
#2386=VECTOR('',#8493,10.);
#2387=VECTOR('',#8496,10.);
#2388=VECTOR('',#8497,10.);
#2389=VECTOR('',#8500,10.);
#2390=VECTOR('',#8503,10.);
#2391=VECTOR('',#8506,10.);
#2392=VECTOR('',#8509,10.);
#2393=VECTOR('',#8512,10.);
#2394=VECTOR('',#8515,10.);
#2395=VECTOR('',#8518,10.);
#2396=VECTOR('',#8521,10.);
#2397=VECTOR('',#8524,10.);
#2398=VECTOR('',#8527,10.);
#2399=VECTOR('',#8532,1.6);
#2400=VECTOR('',#8535,10.);
#2401=VECTOR('',#8538,10.);
#2402=VECTOR('',#8541,10.);
#2403=VECTOR('',#8542,10.);
#2404=VECTOR('',#8547,10.);
#2405=VECTOR('',#8550,10.);
#2406=VECTOR('',#8551,10.);
#2407=VECTOR('',#8554,10.);
#2408=VECTOR('',#8555,10.);
#2409=VECTOR('',#8558,10.);
#2410=VECTOR('',#8563,1.6);
#2411=VECTOR('',#8566,1.6);
#2412=VECTOR('',#8573,1.6);
#2413=VECTOR('',#8578,10.);
#2414=VECTOR('',#8581,10.);
#2415=VECTOR('',#8582,10.);
#2416=VECTOR('',#8591,10.);
#2417=VECTOR('',#8594,10.);
#2418=VECTOR('',#8599,10.);
#2419=VECTOR('',#8602,10.);
#2420=VECTOR('',#8605,10.);
#2421=VECTOR('',#8606,10.);
#2422=VECTOR('',#8607,10.);
#2423=VECTOR('',#8608,10.);
#2424=VECTOR('',#8609,10.);
#2425=VECTOR('',#8610,10.);
#2426=VECTOR('',#8615,10.);
#2427=VECTOR('',#8620,10.);
#2428=VECTOR('',#8621,10.);
#2429=VECTOR('',#8622,10.);
#2430=VECTOR('',#8627,10.);
#2431=VECTOR('',#8632,10.);
#2432=VECTOR('',#8633,10.);
#2433=VECTOR('',#8634,10.);
#2434=VECTOR('',#8637,10.);
#2435=VECTOR('',#8644,10.);
#2436=VECTOR('',#8645,10.);
#2437=VECTOR('',#8646,10.);
#2438=VECTOR('',#8649,10.);
#2439=VECTOR('',#8656,10.);
#2440=VECTOR('',#8657,10.);
#2441=VECTOR('',#8658,10.);
#2442=VECTOR('',#8665,10.);
#2443=VECTOR('',#8672,10.);
#2444=VECTOR('',#8673,10.);
#2445=VECTOR('',#8676,10.);
#2446=VECTOR('',#8679,10.);
#2447=VECTOR('',#8682,10.);
#2448=VECTOR('',#8685,10.);
#2449=VECTOR('',#8688,10.);
#2450=VECTOR('',#8691,10.);
#2451=VECTOR('',#8694,10.);
#2452=VERTEX_POINT('',#8699);
#2453=VERTEX_POINT('',#8700);
#2454=VERTEX_POINT('',#8702);
#2455=VERTEX_POINT('',#8704);
#2456=VERTEX_POINT('',#8706);
#2457=VERTEX_POINT('',#8708);
#2458=VERTEX_POINT('',#8710);
#2459=VERTEX_POINT('',#8712);
#2460=VERTEX_POINT('',#8714);
#2461=VERTEX_POINT('',#8716);
#2462=VERTEX_POINT('',#8718);
#2463=VERTEX_POINT('',#8720);
#2464=VERTEX_POINT('',#8724);
#2465=VERTEX_POINT('',#8725);
#2466=VERTEX_POINT('',#8728);
#2467=VERTEX_POINT('',#8732);
#2468=VERTEX_POINT('',#8733);
#2469=VERTEX_POINT('',#8736);
#2470=VERTEX_POINT('',#8740);
#2471=VERTEX_POINT('',#8741);
#2472=VERTEX_POINT('',#8743);
#2473=VERTEX_POINT('',#8745);
#2474=VERTEX_POINT('',#8747);
#2475=VERTEX_POINT('',#8749);
#2476=VERTEX_POINT('',#8752);
#2477=VERTEX_POINT('',#8753);
#2478=VERTEX_POINT('',#8755);
#2479=VERTEX_POINT('',#8757);
#2480=VERTEX_POINT('',#8761);
#2481=VERTEX_POINT('',#8762);
#2482=VERTEX_POINT('',#8764);
#2483=VERTEX_POINT('',#8766);
#2484=VERTEX_POINT('',#8769);
#2485=VERTEX_POINT('',#8771);
#2486=VERTEX_POINT('',#8774);
#2487=VERTEX_POINT('',#8775);
#2488=VERTEX_POINT('',#8777);
#2489=VERTEX_POINT('',#8779);
#2490=VERTEX_POINT('',#8781);
#2491=VERTEX_POINT('',#8783);
#2492=VERTEX_POINT('',#8786);
#2493=VERTEX_POINT('',#8787);
#2494=VERTEX_POINT('',#8789);
#2495=VERTEX_POINT('',#8791);
#2496=VERTEX_POINT('',#8795);
#2497=VERTEX_POINT('',#8796);
#2498=VERTEX_POINT('',#8798);
#2499=VERTEX_POINT('',#8800);
#2500=VERTEX_POINT('',#8803);
#2501=VERTEX_POINT('',#8805);
#2502=VERTEX_POINT('',#8808);
#2503=VERTEX_POINT('',#8809);
#2504=VERTEX_POINT('',#8811);
#2505=VERTEX_POINT('',#8813);
#2506=VERTEX_POINT('',#8819);
#2507=VERTEX_POINT('',#8821);
#2508=VERTEX_POINT('',#8827);
#2509=VERTEX_POINT('',#8828);
#2510=VERTEX_POINT('',#8830);
#2511=VERTEX_POINT('',#8832);
#2512=VERTEX_POINT('',#8836);
#2513=VERTEX_POINT('',#8838);
#2514=VERTEX_POINT('',#8842);
#2515=VERTEX_POINT('',#8844);
#2516=VERTEX_POINT('',#8846);
#2517=VERTEX_POINT('',#8850);
#2518=VERTEX_POINT('',#8851);
#2519=VERTEX_POINT('',#8853);
#2520=VERTEX_POINT('',#8855);
#2521=VERTEX_POINT('',#8859);
#2522=VERTEX_POINT('',#8861);
#2523=VERTEX_POINT('',#8865);
#2524=VERTEX_POINT('',#8867);
#2525=VERTEX_POINT('',#8871);
#2526=VERTEX_POINT('',#8873);
#2527=VERTEX_POINT('',#8877);
#2528=VERTEX_POINT('',#8879);
#2529=VERTEX_POINT('',#8886);
#2530=VERTEX_POINT('',#8889);
#2531=VERTEX_POINT('',#8890);
#2532=VERTEX_POINT('',#8892);
#2533=VERTEX_POINT('',#8894);
#2534=VERTEX_POINT('',#8898);
#2535=VERTEX_POINT('',#8900);
#2536=VERTEX_POINT('',#8904);
#2537=VERTEX_POINT('',#8906);
#2538=VERTEX_POINT('',#8910);
#2539=VERTEX_POINT('',#8912);
#2540=VERTEX_POINT('',#8916);
#2541=VERTEX_POINT('',#8918);
#2542=VERTEX_POINT('',#8925);
#2543=VERTEX_POINT('',#8928);
#2544=VERTEX_POINT('',#8929);
#2545=VERTEX_POINT('',#8931);
#2546=VERTEX_POINT('',#8933);
#2547=VERTEX_POINT('',#8937);
#2548=VERTEX_POINT('',#8939);
#2549=VERTEX_POINT('',#8941);
#2550=VERTEX_POINT('',#8943);
#2551=VERTEX_POINT('',#8945);
#2552=VERTEX_POINT('',#8947);
#2553=VERTEX_POINT('',#8951);
#2554=VERTEX_POINT('',#8953);
#2555=VERTEX_POINT('',#8955);
#2556=VERTEX_POINT('',#8957);
#2557=VERTEX_POINT('',#8959);
#2558=VERTEX_POINT('',#8963);
#2559=VERTEX_POINT('',#8964);
#2560=VERTEX_POINT('',#8966);
#2561=VERTEX_POINT('',#8968);
#2562=VERTEX_POINT('',#8972);
#2563=VERTEX_POINT('',#8974);
#2564=VERTEX_POINT('',#8976);
#2565=VERTEX_POINT('',#8978);
#2566=VERTEX_POINT('',#8980);
#2567=VERTEX_POINT('',#8982);
#2568=VERTEX_POINT('',#8984);
#2569=VERTEX_POINT('',#8986);
#2570=VERTEX_POINT('',#8990);
#2571=VERTEX_POINT('',#8991);
#2572=VERTEX_POINT('',#8993);
#2573=VERTEX_POINT('',#8995);
#2574=VERTEX_POINT('',#8999);
#2575=VERTEX_POINT('',#9001);
#2576=VERTEX_POINT('',#9005);
#2577=VERTEX_POINT('',#9007);
#2578=VERTEX_POINT('',#9009);
#2579=VERTEX_POINT('',#9011);
#2580=VERTEX_POINT('',#9015);
#2581=VERTEX_POINT('',#9019);
#2582=VERTEX_POINT('',#9021);
#2583=VERTEX_POINT('',#9024);
#2584=VERTEX_POINT('',#9027);
#2585=VERTEX_POINT('',#9030);
#2586=VERTEX_POINT('',#9033);
#2587=VERTEX_POINT('',#9038);
#2588=VERTEX_POINT('',#9041);
#2589=VERTEX_POINT('',#9044);
#2590=VERTEX_POINT('',#9047);
#2591=VERTEX_POINT('',#9050);
#2592=VERTEX_POINT('',#9053);
#2593=VERTEX_POINT('',#9056);
#2594=VERTEX_POINT('',#9058);
#2595=VERTEX_POINT('',#9062);
#2596=VERTEX_POINT('',#9066);
#2597=VERTEX_POINT('',#9069);
#2598=VERTEX_POINT('',#9070);
#2599=VERTEX_POINT('',#9072);
#2600=VERTEX_POINT('',#9074);
#2601=VERTEX_POINT('',#9078);
#2602=VERTEX_POINT('',#9080);
#2603=VERTEX_POINT('',#9084);
#2604=VERTEX_POINT('',#9088);
#2605=VERTEX_POINT('',#9091);
#2606=VERTEX_POINT('',#9092);
#2607=VERTEX_POINT('',#9094);
#2608=VERTEX_POINT('',#9096);
#2609=VERTEX_POINT('',#9100);
#2610=VERTEX_POINT('',#9102);
#2611=VERTEX_POINT('',#9106);
#2612=VERTEX_POINT('',#9110);
#2613=VERTEX_POINT('',#9114);
#2614=VERTEX_POINT('',#9118);
#2615=VERTEX_POINT('',#9119);
#2616=VERTEX_POINT('',#9121);
#2617=VERTEX_POINT('',#9123);
#2618=VERTEX_POINT('',#9127);
#2619=VERTEX_POINT('',#9129);
#2620=VERTEX_POINT('',#9133);
#2621=VERTEX_POINT('',#9136);
#2622=VERTEX_POINT('',#9140);
#2623=VERTEX_POINT('',#9141);
#2624=VERTEX_POINT('',#9143);
#2625=VERTEX_POINT('',#9145);
#2626=VERTEX_POINT('',#9149);
#2627=VERTEX_POINT('',#9151);
#2628=VERTEX_POINT('',#9155);
#2629=VERTEX_POINT('',#9158);
#2630=VERTEX_POINT('',#9160);
#2631=VERTEX_POINT('',#9164);
#2632=VERTEX_POINT('',#9167);
#2633=VERTEX_POINT('',#9169);
#2634=VERTEX_POINT('',#9173);
#2635=VERTEX_POINT('',#9177);
#2636=VERTEX_POINT('',#9181);
#2637=VERTEX_POINT('',#9183);
#2638=VERTEX_POINT('',#9187);
#2639=VERTEX_POINT('',#9189);
#2640=VERTEX_POINT('',#9193);
#2641=VERTEX_POINT('',#9195);
#2642=VERTEX_POINT('',#9199);
#2643=VERTEX_POINT('',#9201);
#2644=VERTEX_POINT('',#9205);
#2645=VERTEX_POINT('',#9207);
#2646=VERTEX_POINT('',#9211);
#2647=VERTEX_POINT('',#9212);
#2648=VERTEX_POINT('',#9214);
#2649=VERTEX_POINT('',#9218);
#2650=VERTEX_POINT('',#9219);
#2651=VERTEX_POINT('',#9221);
#2652=VERTEX_POINT('',#9225);
#2653=VERTEX_POINT('',#9227);
#2654=VERTEX_POINT('',#9231);
#2655=VERTEX_POINT('',#9232);
#2656=VERTEX_POINT('',#9234);
#2657=VERTEX_POINT('',#9236);
#2658=VERTEX_POINT('',#9248);
#2659=VERTEX_POINT('',#9254);
#2660=VERTEX_POINT('',#9256);
#2661=VERTEX_POINT('',#9261);
#2662=VERTEX_POINT('',#9268);
#2663=VERTEX_POINT('',#9280);
#2664=VERTEX_POINT('',#9286);
#2665=VERTEX_POINT('',#9288);
#2666=VERTEX_POINT('',#9293);
#2667=VERTEX_POINT('',#9294);
#2668=VERTEX_POINT('',#9296);
#2669=VERTEX_POINT('',#9300);
#2670=VERTEX_POINT('',#9302);
#2671=VERTEX_POINT('',#9306);
#2672=VERTEX_POINT('',#9310);
#2673=VERTEX_POINT('',#9314);
#2674=VERTEX_POINT('',#9315);
#2675=VERTEX_POINT('',#9320);
#2676=VERTEX_POINT('',#9322);
#2677=VERTEX_POINT('',#9326);
#2678=VERTEX_POINT('',#9327);
#2679=VERTEX_POINT('',#9332);
#2680=VERTEX_POINT('',#9336);
#2681=VERTEX_POINT('',#9342);
#2682=VERTEX_POINT('',#9346);
#2683=VERTEX_POINT('',#9350);
#2684=VERTEX_POINT('',#9354);
#2685=VERTEX_POINT('',#9356);
#2686=VERTEX_POINT('',#9360);
#2687=VERTEX_POINT('',#9364);
#2688=VERTEX_POINT('',#9370);
#2689=VERTEX_POINT('',#9374);
#2690=VERTEX_POINT('',#9376);
#2691=VERTEX_POINT('',#9380);
#2692=VERTEX_POINT('',#9386);
#2693=VERTEX_POINT('',#9389);
#2694=VERTEX_POINT('',#9393);
#2695=VERTEX_POINT('',#9394);
#2696=VERTEX_POINT('',#9396);
#2697=VERTEX_POINT('',#9398);
#2698=VERTEX_POINT('',#9402);
#2699=VERTEX_POINT('',#9404);
#2700=VERTEX_POINT('',#9408);
#2701=VERTEX_POINT('',#9410);
#2702=VERTEX_POINT('',#9414);
#2703=VERTEX_POINT('',#9415);
#2704=VERTEX_POINT('',#9417);
#2705=VERTEX_POINT('',#9419);
#2706=VERTEX_POINT('',#9423);
#2707=VERTEX_POINT('',#9425);
#2708=VERTEX_POINT('',#9429);
#2709=VERTEX_POINT('',#9430);
#2710=VERTEX_POINT('',#9435);
#2711=VERTEX_POINT('',#9439);
#2712=VERTEX_POINT('',#9441);
#2713=VERTEX_POINT('',#9443);
#2714=VERTEX_POINT('',#9447);
#2715=VERTEX_POINT('',#9451);
#2716=VERTEX_POINT('',#9453);
#2717=VERTEX_POINT('',#9457);
#2718=VERTEX_POINT('',#9461);
#2719=VERTEX_POINT('',#9465);
#2720=VERTEX_POINT('',#9469);
#2721=VERTEX_POINT('',#9471);
#2722=VERTEX_POINT('',#9475);
#2723=VERTEX_POINT('',#9479);
#2724=VERTEX_POINT('',#9481);
#2725=VERTEX_POINT('',#9485);
#2726=VERTEX_POINT('',#9489);
#2727=VERTEX_POINT('',#9491);
#2728=VERTEX_POINT('',#9495);
#2729=VERTEX_POINT('',#9496);
#2730=VERTEX_POINT('',#9498);
#2731=VERTEX_POINT('',#9502);
#2732=VERTEX_POINT('',#9504);
#2733=VERTEX_POINT('',#9506);
#2734=VERTEX_POINT('',#9510);
#2735=VERTEX_POINT('',#9512);
#2736=VERTEX_POINT('',#9516);
#2737=VERTEX_POINT('',#9517);
#2738=VERTEX_POINT('',#9520);
#2739=VERTEX_POINT('',#9524);
#2740=VERTEX_POINT('',#9528);
#2741=VERTEX_POINT('',#9530);
#2742=VERTEX_POINT('',#9532);
#2743=VERTEX_POINT('',#9536);
#2744=VERTEX_POINT('',#9538);
#2745=VERTEX_POINT('',#9540);
#2746=VERTEX_POINT('',#9544);
#2747=VERTEX_POINT('',#9546);
#2748=VERTEX_POINT('',#9550);
#2749=VERTEX_POINT('',#9555);
#2750=VERTEX_POINT('',#9559);
#2751=VERTEX_POINT('',#9561);
#2752=VERTEX_POINT('',#9567);
#2753=VERTEX_POINT('',#9571);
#2754=VERTEX_POINT('',#9572);
#2755=VERTEX_POINT('',#9574);
#2756=VERTEX_POINT('',#9576);
#2757=VERTEX_POINT('',#9580);
#2758=VERTEX_POINT('',#9582);
#2759=VERTEX_POINT('',#9586);
#2760=VERTEX_POINT('',#9588);
#2761=VERTEX_POINT('',#9593);
#2762=VERTEX_POINT('',#9595);
#2763=VERTEX_POINT('',#9597);
#2764=VERTEX_POINT('',#9603);
#2765=VERTEX_POINT('',#9605);
#2766=VERTEX_POINT('',#9609);
#2767=VERTEX_POINT('',#9613);
#2768=VERTEX_POINT('',#9614);
#2769=VERTEX_POINT('',#9616);
#2770=VERTEX_POINT('',#9618);
#2771=VERTEX_POINT('',#9622);
#2772=VERTEX_POINT('',#9624);
#2773=VERTEX_POINT('',#9628);
#2774=VERTEX_POINT('',#9630);
#2775=VERTEX_POINT('',#9634);
#2776=VERTEX_POINT('',#9636);
#2777=VERTEX_POINT('',#9640);
#2778=VERTEX_POINT('',#9642);
#2779=VERTEX_POINT('',#9649);
#2780=VERTEX_POINT('',#9653);
#2781=VERTEX_POINT('',#9657);
#2782=VERTEX_POINT('',#9661);
#2783=VERTEX_POINT('',#9665);
#2784=VERTEX_POINT('',#9670);
#2785=VERTEX_POINT('',#9672);
#2786=VERTEX_POINT('',#9676);
#2787=VERTEX_POINT('',#9682);
#2788=VERTEX_POINT('',#9684);
#2789=VERTEX_POINT('',#9688);
#2790=VERTEX_POINT('',#9692);
#2791=VERTEX_POINT('',#9693);
#2792=VERTEX_POINT('',#9695);
#2793=VERTEX_POINT('',#9697);
#2794=VERTEX_POINT('',#9701);
#2795=VERTEX_POINT('',#9703);
#2796=VERTEX_POINT('',#9707);
#2797=VERTEX_POINT('',#9709);
#2798=VERTEX_POINT('',#9713);
#2799=VERTEX_POINT('',#9715);
#2800=VERTEX_POINT('',#9719);
#2801=VERTEX_POINT('',#9721);
#2802=VERTEX_POINT('',#9725);
#2803=VERTEX_POINT('',#9727);
#2804=VERTEX_POINT('',#9731);
#2805=VERTEX_POINT('',#9733);
#2806=VERTEX_POINT('',#9737);
#2807=VERTEX_POINT('',#9739);
#2808=VERTEX_POINT('',#9743);
#2809=VERTEX_POINT('',#9745);
#2810=VERTEX_POINT('',#9749);
#2811=VERTEX_POINT('',#9750);
#2812=VERTEX_POINT('',#9755);
#2813=VERTEX_POINT('',#9756);
#2814=VERTEX_POINT('',#9758);
#2815=VERTEX_POINT('',#9760);
#2816=VERTEX_POINT('',#9764);
#2817=VERTEX_POINT('',#9766);
#2818=VERTEX_POINT('',#9770);
#2819=VERTEX_POINT('',#9771);
#2820=VERTEX_POINT('',#9773);
#2821=VERTEX_POINT('',#9775);
#2822=VERTEX_POINT('',#9777);
#2823=VERTEX_POINT('',#9779);
#2824=VERTEX_POINT('',#9781);
#2825=VERTEX_POINT('',#9783);
#2826=VERTEX_POINT('',#9785);
#2827=VERTEX_POINT('',#9787);
#2828=VERTEX_POINT('',#9789);
#2829=VERTEX_POINT('',#9791);
#2830=VERTEX_POINT('',#9793);
#2831=VERTEX_POINT('',#9796);
#2832=VERTEX_POINT('',#9798);
#2833=VERTEX_POINT('',#9800);
#2834=VERTEX_POINT('',#9802);
#2835=VERTEX_POINT('',#9804);
#2836=VERTEX_POINT('',#9806);
#2837=VERTEX_POINT('',#9808);
#2838=VERTEX_POINT('',#9810);
#2839=VERTEX_POINT('',#9812);
#2840=VERTEX_POINT('',#9814);
#2841=VERTEX_POINT('',#9816);
#2842=VERTEX_POINT('',#9821);
#2843=VERTEX_POINT('',#9822);
#2844=VERTEX_POINT('',#9824);
#2845=VERTEX_POINT('',#9826);
#2846=VERTEX_POINT('',#9830);
#2847=VERTEX_POINT('',#9834);
#2848=VERTEX_POINT('',#9838);
#2849=VERTEX_POINT('',#9840);
#2850=VERTEX_POINT('',#9844);
#2851=VERTEX_POINT('',#9846);
#2852=VERTEX_POINT('',#9850);
#2853=VERTEX_POINT('',#9852);
#2854=VERTEX_POINT('',#9856);
#2855=VERTEX_POINT('',#9858);
#2856=VERTEX_POINT('',#9862);
#2857=VERTEX_POINT('',#9863);
#2858=VERTEX_POINT('',#9868);
#2859=VERTEX_POINT('',#9872);
#2860=VERTEX_POINT('',#9873);
#2861=VERTEX_POINT('',#9875);
#2862=VERTEX_POINT('',#9882);
#2863=VERTEX_POINT('',#9884);
#2864=VERTEX_POINT('',#9888);
#2865=VERTEX_POINT('',#9892);
#2866=VERTEX_POINT('',#9893);
#2867=VERTEX_POINT('',#9895);
#2868=VERTEX_POINT('',#9897);
#2869=VERTEX_POINT('',#9899);
#2870=VERTEX_POINT('',#9901);
#2871=VERTEX_POINT('',#9903);
#2872=VERTEX_POINT('',#9905);
#2873=VERTEX_POINT('',#9907);
#2874=VERTEX_POINT('',#9909);
#2875=VERTEX_POINT('',#9911);
#2876=VERTEX_POINT('',#9913);
#2877=VERTEX_POINT('',#9915);
#2878=VERTEX_POINT('',#9919);
#2879=VERTEX_POINT('',#9923);
#2880=VERTEX_POINT('',#9924);
#2881=VERTEX_POINT('',#9926);
#2882=VERTEX_POINT('',#9928);
#2883=VERTEX_POINT('',#9930);
#2884=VERTEX_POINT('',#9932);
#2885=VERTEX_POINT('',#9936);
#2886=VERTEX_POINT('',#9937);
#2887=VERTEX_POINT('',#9942);
#2888=VERTEX_POINT('',#9946);
#2889=VERTEX_POINT('',#9956);
#2890=VERTEX_POINT('',#9957);
#2891=VERTEX_POINT('',#9959);
#2892=VERTEX_POINT('',#9963);
#2893=VERTEX_POINT('',#9965);
#2894=VERTEX_POINT('',#9967);
#2895=VERTEX_POINT('',#9969);
#2896=VERTEX_POINT('',#9971);
#2897=VERTEX_POINT('',#9973);
#2898=VERTEX_POINT('',#9975);
#2899=VERTEX_POINT('',#9977);
#2900=VERTEX_POINT('',#9979);
#2901=VERTEX_POINT('',#9982);
#2902=VERTEX_POINT('',#9984);
#2903=VERTEX_POINT('',#9986);
#2904=VERTEX_POINT('',#9988);
#2905=VERTEX_POINT('',#9990);
#2906=VERTEX_POINT('',#9992);
#2907=VERTEX_POINT('',#9996);
#2908=VERTEX_POINT('',#9998);
#2909=VERTEX_POINT('',#10001);
#2910=VERTEX_POINT('',#10008);
#2911=VERTEX_POINT('',#10010);
#2912=VERTEX_POINT('',#10014);
#2913=VERTEX_POINT('',#10019);
#2914=VERTEX_POINT('',#10023);
#2915=VERTEX_POINT('',#10024);
#2916=VERTEX_POINT('',#10028);
#2917=VERTEX_POINT('',#10030);
#2918=VERTEX_POINT('',#10034);
#2919=VERTEX_POINT('',#10040);
#2920=VERTEX_POINT('',#10044);
#2921=VERTEX_POINT('',#10048);
#2922=VERTEX_POINT('',#10052);
#2923=VERTEX_POINT('',#10056);
#2924=VERTEX_POINT('',#10060);
#2925=VERTEX_POINT('',#10064);
#2926=VERTEX_POINT('',#10068);
#2927=VERTEX_POINT('',#10072);
#2928=VERTEX_POINT('',#10076);
#2929=VERTEX_POINT('',#10080);
#2930=VERTEX_POINT('',#10084);
#2931=VERTEX_POINT('',#10088);
#2932=VERTEX_POINT('',#10092);
#2933=VERTEX_POINT('',#10096);
#2934=VERTEX_POINT('',#10100);
#2935=VERTEX_POINT('',#10104);
#2936=VERTEX_POINT('',#10108);
#2937=VERTEX_POINT('',#10112);
#2938=VERTEX_POINT('',#10116);
#2939=VERTEX_POINT('',#10120);
#2940=VERTEX_POINT('',#10124);
#2941=VERTEX_POINT('',#10128);
#2942=VERTEX_POINT('',#10132);
#2943=VERTEX_POINT('',#10137);
#2944=VERTEX_POINT('',#10149);
#2945=VERTEX_POINT('',#10153);
#2946=VERTEX_POINT('',#10157);
#2947=VERTEX_POINT('',#10161);
#2948=VERTEX_POINT('',#10165);
#2949=VERTEX_POINT('',#10169);
#2950=VERTEX_POINT('',#10173);
#2951=VERTEX_POINT('',#10177);
#2952=VERTEX_POINT('',#10181);
#2953=VERTEX_POINT('',#10185);
#2954=VERTEX_POINT('',#10189);
#2955=VERTEX_POINT('',#10193);
#2956=VERTEX_POINT('',#10197);
#2957=VERTEX_POINT('',#10201);
#2958=VERTEX_POINT('',#10205);
#2959=VERTEX_POINT('',#10209);
#2960=VERTEX_POINT('',#10213);
#2961=VERTEX_POINT('',#10217);
#2962=VERTEX_POINT('',#10221);
#2963=VERTEX_POINT('',#10225);
#2964=VERTEX_POINT('',#10229);
#2965=VERTEX_POINT('',#10233);
#2966=VERTEX_POINT('',#10237);
#2967=VERTEX_POINT('',#10241);
#2968=VERTEX_POINT('',#10245);
#2969=VERTEX_POINT('',#10249);
#2970=VERTEX_POINT('',#10250);
#2971=VERTEX_POINT('',#10254);
#2972=VERTEX_POINT('',#10255);
#2973=VERTEX_POINT('',#10260);
#2974=VERTEX_POINT('',#10261);
#2975=VERTEX_POINT('',#10266);
#2976=VERTEX_POINT('',#10267);
#2977=VERTEX_POINT('',#10272);
#2978=VERTEX_POINT('',#10273);
#2979=VERTEX_POINT('',#10278);
#2980=VERTEX_POINT('',#10279);
#2981=VERTEX_POINT('',#10285);
#2982=VERTEX_POINT('',#10289);
#2983=VERTEX_POINT('',#10293);
#2984=VERTEX_POINT('',#10295);
#2985=VERTEX_POINT('',#10299);
#2986=VERTEX_POINT('',#10301);
#2987=VERTEX_POINT('',#10305);
#2988=VERTEX_POINT('',#10306);
#2989=VERTEX_POINT('',#10311);
#2990=VERTEX_POINT('',#10313);
#2991=VERTEX_POINT('',#10315);
#2992=VERTEX_POINT('',#10326);
#2993=VERTEX_POINT('',#10330);
#2994=VERTEX_POINT('',#10336);
#2995=VERTEX_POINT('',#10338);
#2996=VERTEX_POINT('',#10342);
#2997=VERTEX_POINT('',#10346);
#2998=VERTEX_POINT('',#10350);
#2999=VERTEX_POINT('',#10354);
#3000=VERTEX_POINT('',#10360);
#3001=VERTEX_POINT('',#10361);
#3002=VERTEX_POINT('',#10366);
#3003=VERTEX_POINT('',#10393);
#3004=VERTEX_POINT('',#10397);
#3005=VERTEX_POINT('',#10399);
#3006=VERTEX_POINT('',#10403);
#3007=VERTEX_POINT('',#10407);
#3008=VERTEX_POINT('',#10411);
#3009=VERTEX_POINT('',#10415);
#3010=VERTEX_POINT('',#10421);
#3011=VERTEX_POINT('',#10425);
#3012=VERTEX_POINT('',#10429);
#3013=VERTEX_POINT('',#10433);
#3014=VERTEX_POINT('',#10437);
#3015=VERTEX_POINT('',#10443);
#3016=VERTEX_POINT('',#10449);
#3017=VERTEX_POINT('',#10450);
#3018=VERTEX_POINT('',#10453);
#3019=VERTEX_POINT('',#10457);
#3020=VERTEX_POINT('',#10458);
#3021=VERTEX_POINT('',#10460);
#3022=VERTEX_POINT('',#10462);
#3023=VERTEX_POINT('',#10465);
#3024=VERTEX_POINT('',#10469);
#3025=VERTEX_POINT('',#10471);
#3026=VERTEX_POINT('',#10475);
#3027=VERTEX_POINT('',#10477);
#3028=VERTEX_POINT('',#10481);
#3029=VERTEX_POINT('',#10483);
#3030=VERTEX_POINT('',#10487);
#3031=VERTEX_POINT('',#10489);
#3032=VERTEX_POINT('',#10493);
#3033=VERTEX_POINT('',#10494);
#3034=VERTEX_POINT('',#10499);
#3035=VERTEX_POINT('',#10500);
#3036=VERTEX_POINT('',#10505);
#3037=VERTEX_POINT('',#10506);
#3038=VERTEX_POINT('',#10511);
#3039=VERTEX_POINT('',#10512);
#3040=VERTEX_POINT('',#10517);
#3041=VERTEX_POINT('',#10518);
#3042=VERTEX_POINT('',#10520);
#3043=VERTEX_POINT('',#10522);
#3044=EDGE_CURVE('',#2452,#2453,#1186,.T.);
#3045=EDGE_CURVE('',#2453,#2454,#1187,.F.);
#3046=EDGE_CURVE('',#2454,#2455,#1188,.T.);
#3047=EDGE_CURVE('',#2456,#2455,#1189,.F.);
#3048=EDGE_CURVE('',#2457,#2456,#1190,.T.);
#3049=EDGE_CURVE('',#2458,#2457,#1191,.T.);
#3050=EDGE_CURVE('',#2459,#2458,#1192,.F.);
#3051=EDGE_CURVE('',#2460,#2459,#1193,.F.);
#3052=EDGE_CURVE('',#2461,#2460,#1194,.F.);
#3053=EDGE_CURVE('',#2461,#2462,#1195,.F.);
#3054=EDGE_CURVE('',#2462,#2463,#1196,.F.);
#3055=EDGE_CURVE('',#2463,#2452,#1197,.T.);
#3056=EDGE_CURVE('',#2464,#2465,#1198,.T.);
#3057=EDGE_CURVE('',#2464,#2453,#1199,.T.);
#3058=EDGE_CURVE('',#2452,#2466,#1200,.F.);
#3059=EDGE_CURVE('',#2466,#2465,#1201,.T.);
#3060=EDGE_CURVE('',#2467,#2468,#1202,.T.);
#3061=EDGE_CURVE('',#2457,#2467,#1203,.F.);
#3062=EDGE_CURVE('',#2469,#2456,#1204,.T.);
#3063=EDGE_CURVE('',#2468,#2469,#1205,.T.);
#3064=EDGE_CURVE('',#2470,#2471,#1206,.T.);
#3065=EDGE_CURVE('',#2471,#2472,#1207,.T.);
#3066=EDGE_CURVE('',#2473,#2472,#1208,.T.);
#3067=EDGE_CURVE('',#2473,#2474,#1209,.T.);
#3068=EDGE_CURVE('',#2474,#2475,#1210,.T.);
#3069=EDGE_CURVE('',#2475,#2470,#218,.T.);
#3070=EDGE_CURVE('',#2476,#2477,#1211,.T.);
#3071=EDGE_CURVE('',#2478,#2476,#1212,.T.);
#3072=EDGE_CURVE('',#2479,#2478,#1213,.T.);
#3073=EDGE_CURVE('',#2477,#2479,#1214,.T.);
#3074=EDGE_CURVE('',#2480,#2481,#219,.T.);
#3075=EDGE_CURVE('',#2481,#2482,#1215,.T.);
#3076=EDGE_CURVE('',#2482,#2483,#220,.T.);
#3077=EDGE_CURVE('',#2483,#2480,#1216,.T.);
#3078=EDGE_CURVE('',#2484,#2484,#221,.T.);
#3079=EDGE_CURVE('',#2485,#2485,#222,.T.);
#3080=EDGE_CURVE('',#2486,#2487,#223,.T.);
#3081=EDGE_CURVE('',#2488,#2486,#1217,.T.);
#3082=EDGE_CURVE('',#2489,#2488,#1218,.T.);
#3083=EDGE_CURVE('',#2489,#2490,#1219,.T.);
#3084=EDGE_CURVE('',#2491,#2490,#1220,.T.);
#3085=EDGE_CURVE('',#2487,#2491,#1221,.T.);
#3086=EDGE_CURVE('',#2492,#2493,#1222,.T.);
#3087=EDGE_CURVE('',#2493,#2494,#1223,.T.);
#3088=EDGE_CURVE('',#2494,#2495,#1224,.T.);
#3089=EDGE_CURVE('',#2495,#2492,#1225,.T.);
#3090=EDGE_CURVE('',#2496,#2497,#224,.T.);
#3091=EDGE_CURVE('',#2498,#2496,#1226,.T.);
#3092=EDGE_CURVE('',#2499,#2498,#225,.T.);
#3093=EDGE_CURVE('',#2497,#2499,#1227,.T.);
#3094=EDGE_CURVE('',#2500,#2500,#226,.T.);
#3095=EDGE_CURVE('',#2501,#2501,#227,.T.);
#3096=EDGE_CURVE('',#2502,#2503,#132,.F.);
#3097=EDGE_CURVE('',#2503,#2504,#228,.F.);
#3098=EDGE_CURVE('',#2505,#2504,#125,.T.);
#3099=EDGE_CURVE('',#2505,#2506,#229,.T.);
#3100=EDGE_CURVE('',#2506,#2507,#126,.F.);
#3101=EDGE_CURVE('',#2502,#2507,#230,.T.);
#3102=EDGE_CURVE('',#2508,#2509,#133,.F.);
#3103=EDGE_CURVE('',#2509,#2510,#231,.F.);
#3104=EDGE_CURVE('',#2511,#2510,#127,.T.);
#3105=EDGE_CURVE('',#2511,#2512,#232,.T.);
#3106=EDGE_CURVE('',#2512,#2513,#128,.F.);
#3107=EDGE_CURVE('',#2514,#2513,#134,.T.);
#3108=EDGE_CURVE('',#2515,#2514,#135,.T.);
#3109=EDGE_CURVE('',#2516,#2515,#233,.T.);
#3110=EDGE_CURVE('',#2516,#2508,#136,.F.);
#3111=EDGE_CURVE('',#2517,#2518,#1228,.T.);
#3112=EDGE_CURVE('',#2517,#2519,#1229,.T.);
#3113=EDGE_CURVE('',#2519,#2520,#1230,.T.);
#3114=EDGE_CURVE('',#2518,#2520,#1231,.T.);
#3115=EDGE_CURVE('',#2521,#2517,#1232,.T.);
#3116=EDGE_CURVE('',#2521,#2522,#1233,.T.);
#3117=EDGE_CURVE('',#2522,#2519,#1234,.T.);
#3118=EDGE_CURVE('',#2523,#2521,#1235,.T.);
#3119=EDGE_CURVE('',#2523,#2524,#1236,.T.);
#3120=EDGE_CURVE('',#2524,#2522,#1237,.T.);
#3121=EDGE_CURVE('',#2525,#2523,#1238,.T.);
#3122=EDGE_CURVE('',#2525,#2526,#1239,.T.);
#3123=EDGE_CURVE('',#2526,#2524,#1240,.T.);
#3124=EDGE_CURVE('',#2527,#2525,#1241,.T.);
#3125=EDGE_CURVE('',#2527,#2528,#1242,.T.);
#3126=EDGE_CURVE('',#2528,#2526,#1243,.T.);
#3127=EDGE_CURVE('',#2518,#2527,#1244,.T.);
#3128=EDGE_CURVE('',#2520,#2528,#1245,.T.);
#3129=EDGE_CURVE('',#2529,#2529,#234,.T.);
#3130=EDGE_CURVE('',#2530,#2531,#1246,.T.);
#3131=EDGE_CURVE('',#2530,#2532,#1247,.T.);
#3132=EDGE_CURVE('',#2532,#2533,#1248,.T.);
#3133=EDGE_CURVE('',#2531,#2533,#1249,.T.);
#3134=EDGE_CURVE('',#2534,#2530,#1250,.T.);
#3135=EDGE_CURVE('',#2534,#2535,#1251,.T.);
#3136=EDGE_CURVE('',#2535,#2532,#1252,.T.);
#3137=EDGE_CURVE('',#2536,#2534,#1253,.T.);
#3138=EDGE_CURVE('',#2536,#2537,#1254,.T.);
#3139=EDGE_CURVE('',#2537,#2535,#1255,.T.);
#3140=EDGE_CURVE('',#2538,#2536,#1256,.T.);
#3141=EDGE_CURVE('',#2538,#2539,#1257,.T.);
#3142=EDGE_CURVE('',#2539,#2537,#1258,.T.);
#3143=EDGE_CURVE('',#2540,#2538,#1259,.T.);
#3144=EDGE_CURVE('',#2540,#2541,#1260,.T.);
#3145=EDGE_CURVE('',#2541,#2539,#1261,.T.);
#3146=EDGE_CURVE('',#2531,#2540,#1262,.T.);
#3147=EDGE_CURVE('',#2533,#2541,#1263,.T.);
#3148=EDGE_CURVE('',#2542,#2542,#235,.T.);
#3149=EDGE_CURVE('',#2543,#2544,#236,.T.);
#3150=EDGE_CURVE('',#2544,#2545,#1264,.T.);
#3151=EDGE_CURVE('',#2545,#2546,#237,.F.);
#3152=EDGE_CURVE('',#2546,#2543,#1265,.T.);
#3153=EDGE_CURVE('',#2547,#2543,#1266,.T.);
#3154=EDGE_CURVE('',#2548,#2547,#238,.T.);
#3155=EDGE_CURVE('',#2549,#2548,#1267,.T.);
#3156=EDGE_CURVE('',#2550,#2549,#239,.T.);
#3157=EDGE_CURVE('',#2551,#2550,#1268,.T.);
#3158=EDGE_CURVE('',#2552,#2551,#240,.T.);
#3159=EDGE_CURVE('',#2552,#2544,#1269,.T.);
#3160=EDGE_CURVE('',#2546,#2553,#1270,.T.);
#3161=EDGE_CURVE('',#2554,#2553,#1271,.T.);
#3162=EDGE_CURVE('',#2555,#2554,#1272,.T.);
#3163=EDGE_CURVE('',#2556,#2555,#1273,.T.);
#3164=EDGE_CURVE('',#2556,#2557,#1274,.T.);
#3165=EDGE_CURVE('',#2547,#2557,#1275,.T.);
#3166=EDGE_CURVE('',#2558,#2559,#241,.T.);
#3167=EDGE_CURVE('',#2560,#2559,#1276,.T.);
#3168=EDGE_CURVE('',#2560,#2561,#242,.F.);
#3169=EDGE_CURVE('',#2561,#2558,#1277,.T.);
#3170=EDGE_CURVE('',#2561,#2562,#1278,.T.);
#3171=EDGE_CURVE('',#2562,#2563,#1279,.T.);
#3172=EDGE_CURVE('',#2563,#2564,#1280,.T.);
#3173=EDGE_CURVE('',#2565,#2564,#1281,.T.);
#3174=EDGE_CURVE('',#2566,#2565,#1282,.T.);
#3175=EDGE_CURVE('',#2567,#2566,#1283,.T.);
#3176=EDGE_CURVE('',#2567,#2568,#1284,.T.);
#3177=EDGE_CURVE('',#2569,#2568,#1285,.T.);
#3178=EDGE_CURVE('',#2569,#2558,#1286,.T.);
#3179=EDGE_CURVE('',#2570,#2571,#1287,.T.);
#3180=EDGE_CURVE('',#2572,#2571,#1288,.T.);
#3181=EDGE_CURVE('',#2573,#2572,#1289,.T.);
#3182=EDGE_CURVE('',#2573,#2570,#1290,.T.);
#3183=EDGE_CURVE('',#2574,#2550,#1291,.T.);
#3184=EDGE_CURVE('',#2575,#2574,#1292,.T.);
#3185=EDGE_CURVE('',#2575,#2551,#1293,.T.);
#3186=EDGE_CURVE('',#2553,#2576,#243,.T.);
#3187=EDGE_CURVE('',#2577,#2576,#1294,.T.);
#3188=EDGE_CURVE('',#2577,#2578,#244,.T.);
#3189=EDGE_CURVE('',#2579,#2578,#1295,.T.);
#3190=EDGE_CURVE('',#2554,#2579,#245,.T.);
#3191=EDGE_CURVE('',#2580,#2552,#1296,.T.);
#3192=EDGE_CURVE('',#2580,#2545,#1297,.T.);
#3193=EDGE_CURVE('',#2580,#2581,#246,.T.);
#3194=EDGE_CURVE('',#2582,#2581,#1298,.T.);
#3195=EDGE_CURVE('',#2576,#2582,#247,.T.);
#3196=EDGE_CURVE('',#2583,#2583,#248,.T.);
#3197=EDGE_CURVE('',#2560,#2584,#249,.T.);
#3198=EDGE_CURVE('',#2562,#2584,#250,.T.);
#3199=EDGE_CURVE('',#2585,#2585,#251,.T.);
#3200=EDGE_CURVE('',#2586,#2569,#252,.T.);
#3201=EDGE_CURVE('',#2571,#2586,#253,.T.);
#3202=EDGE_CURVE('',#2559,#2570,#254,.T.);
#3203=EDGE_CURVE('',#2587,#2587,#255,.T.);
#3204=EDGE_CURVE('',#2588,#2588,#256,.T.);
#3205=EDGE_CURVE('',#2589,#2589,#257,.T.);
#3206=EDGE_CURVE('',#2590,#2590,#258,.T.);
#3207=EDGE_CURVE('',#2591,#2591,#259,.T.);
#3208=EDGE_CURVE('',#2592,#2592,#260,.T.);
#3209=EDGE_CURVE('',#2593,#2593,#261,.T.);
#3210=EDGE_CURVE('',#2593,#2594,#1299,.T.);
#3211=EDGE_CURVE('',#2594,#2594,#262,.T.);
#3212=EDGE_CURVE('',#2595,#2595,#263,.T.);
#3213=EDGE_CURVE('',#2595,#2587,#1300,.T.);
#3214=EDGE_CURVE('',#2596,#2596,#264,.T.);
#3215=EDGE_CURVE('',#2597,#2598,#1301,.T.);
#3216=EDGE_CURVE('',#2597,#2599,#1302,.T.);
#3217=EDGE_CURVE('',#2600,#2599,#1303,.T.);
#3218=EDGE_CURVE('',#2598,#2600,#1304,.T.);
#3219=EDGE_CURVE('',#2598,#2601,#1305,.T.);
#3220=EDGE_CURVE('',#2602,#2600,#1306,.T.);
#3221=EDGE_CURVE('',#2601,#2602,#1307,.T.);
#3222=EDGE_CURVE('',#2588,#2603,#1308,.T.);
#3223=EDGE_CURVE('',#2603,#2603,#265,.T.);
#3224=EDGE_CURVE('',#2604,#2604,#266,.T.);
#3225=EDGE_CURVE('',#2605,#2606,#1309,.T.);
#3226=EDGE_CURVE('',#2606,#2607,#1310,.T.);
#3227=EDGE_CURVE('',#2607,#2608,#1311,.T.);
#3228=EDGE_CURVE('',#2605,#2608,#1312,.T.);
#3229=EDGE_CURVE('',#2609,#2605,#1313,.T.);
#3230=EDGE_CURVE('',#2608,#2610,#1314,.T.);
#3231=EDGE_CURVE('',#2609,#2610,#1315,.T.);
#3232=EDGE_CURVE('',#2611,#2611,#267,.T.);
#3233=EDGE_CURVE('',#2611,#2589,#1316,.T.);
#3234=EDGE_CURVE('',#2590,#2612,#1317,.T.);
#3235=EDGE_CURVE('',#2612,#2612,#268,.T.);
#3236=EDGE_CURVE('',#2613,#2613,#269,.T.);
#3237=EDGE_CURVE('',#2613,#2591,#1318,.T.);
#3238=EDGE_CURVE('',#2614,#2615,#1319,.T.);
#3239=EDGE_CURVE('',#2615,#2616,#1320,.T.);
#3240=EDGE_CURVE('',#2616,#2617,#1321,.T.);
#3241=EDGE_CURVE('',#2614,#2617,#1322,.T.);
#3242=EDGE_CURVE('',#2615,#2618,#1323,.T.);
#3243=EDGE_CURVE('',#2618,#2619,#1324,.T.);
#3244=EDGE_CURVE('',#2619,#2616,#1325,.T.);
#3245=EDGE_CURVE('',#2620,#2620,#270,.T.);
#3246=EDGE_CURVE('',#2621,#2621,#271,.T.);
#3247=EDGE_CURVE('',#2621,#2592,#1326,.T.);
#3248=EDGE_CURVE('',#2622,#2623,#1327,.T.);
#3249=EDGE_CURVE('',#2623,#2624,#1328,.T.);
#3250=EDGE_CURVE('',#2624,#2625,#1329,.T.);
#3251=EDGE_CURVE('',#2622,#2625,#1330,.T.);
#3252=EDGE_CURVE('',#2626,#2622,#1331,.T.);
#3253=EDGE_CURVE('',#2625,#2627,#1332,.T.);
#3254=EDGE_CURVE('',#2626,#2627,#1333,.T.);
#3255=EDGE_CURVE('',#2628,#2628,#272,.T.);
#3256=EDGE_CURVE('',#2629,#2629,#273,.T.);
#3257=EDGE_CURVE('',#2629,#2630,#1334,.T.);
#3258=EDGE_CURVE('',#2630,#2630,#274,.T.);
#3259=EDGE_CURVE('',#2631,#2631,#275,.T.);
#3260=EDGE_CURVE('',#2632,#2632,#276,.T.);
#3261=EDGE_CURVE('',#2632,#2633,#1335,.T.);
#3262=EDGE_CURVE('',#2633,#2633,#277,.T.);
#3263=EDGE_CURVE('',#2630,#2634,#1336,.T.);
#3264=EDGE_CURVE('',#2634,#2634,#278,.T.);
#3265=EDGE_CURVE('',#2594,#2635,#1337,.T.);
#3266=EDGE_CURVE('',#2635,#2635,#279,.T.);
#3267=EDGE_CURVE('',#2636,#2636,#280,.T.);
#3268=EDGE_CURVE('',#2636,#2637,#1338,.T.);
#3269=EDGE_CURVE('',#2637,#2637,#281,.T.);
#3270=EDGE_CURVE('',#2638,#2638,#282,.T.);
#3271=EDGE_CURVE('',#2638,#2639,#1339,.T.);
#3272=EDGE_CURVE('',#2639,#2639,#283,.T.);
#3273=EDGE_CURVE('',#2640,#2640,#284,.T.);
#3274=EDGE_CURVE('',#2640,#2641,#1340,.T.);
#3275=EDGE_CURVE('',#2641,#2641,#285,.T.);
#3276=EDGE_CURVE('',#2642,#2642,#286,.T.);
#3277=EDGE_CURVE('',#2642,#2643,#1341,.T.);
#3278=EDGE_CURVE('',#2643,#2643,#287,.T.);
#3279=EDGE_CURVE('',#2644,#2644,#288,.T.);
#3280=EDGE_CURVE('',#2644,#2645,#1342,.T.);
#3281=EDGE_CURVE('',#2645,#2645,#289,.T.);
#3282=EDGE_CURVE('',#2646,#2647,#290,.T.);
#3283=EDGE_CURVE('',#2648,#2646,#1343,.T.);
#3284=EDGE_CURVE('',#2647,#2648,#291,.T.);
#3285=EDGE_CURVE('',#2649,#2650,#292,.T.);
#3286=EDGE_CURVE('',#2649,#2651,#1344,.T.);
#3287=EDGE_CURVE('',#2651,#2650,#1345,.T.);
#3288=EDGE_CURVE('',#2650,#2652,#1346,.T.);
#3289=EDGE_CURVE('',#2653,#2652,#293,.T.);
#3290=EDGE_CURVE('',#2653,#2649,#1347,.T.);
#3291=EDGE_CURVE('',#2654,#2655,#1348,.T.);
#3292=EDGE_CURVE('',#2656,#2655,#1349,.T.);
#3293=EDGE_CURVE('',#2656,#2657,#1350,.T.);
#3294=EDGE_CURVE('',#2657,#2654,#1351,.T.);
#3295=EDGE_CURVE('',#2484,#2596,#1352,.T.);
#3296=EDGE_CURVE('',#2485,#2638,#1353,.T.);
#3297=EDGE_CURVE('',#2601,#2479,#1354,.T.);
#3298=EDGE_CURVE('',#2477,#2602,#1355,.T.);
#3299=EDGE_CURVE('',#2478,#2597,#1356,.T.);
#3300=EDGE_CURVE('',#2658,#2658,#294,.T.);
#3301=EDGE_CURVE('',#2599,#2476,#1357,.T.);
#3302=EDGE_CURVE('',#2659,#2482,#1358,.T.);
#3303=EDGE_CURVE('',#2660,#2659,#295,.T.);
#3304=EDGE_CURVE('',#2660,#2470,#1359,.T.);
#3305=EDGE_CURVE('',#2475,#2483,#1360,.T.);
#3306=EDGE_CURVE('',#2481,#2661,#1361,.T.);
#3307=EDGE_CURVE('',#2659,#2661,#1362,.T.);
#3308=EDGE_CURVE('',#2657,#2480,#1363,.T.);
#3309=EDGE_CURVE('',#2661,#2656,#296,.T.);
#3310=EDGE_CURVE('',#2662,#2474,#1364,.T.);
#3311=EDGE_CURVE('',#2657,#2662,#1365,.T.);
#3312=EDGE_CURVE('',#2604,#2500,#1366,.T.);
#3313=EDGE_CURVE('',#2636,#2501,#1367,.T.);
#3314=EDGE_CURVE('',#2495,#2609,#1368,.T.);
#3315=EDGE_CURVE('',#2610,#2492,#1369,.T.);
#3316=EDGE_CURVE('',#2606,#2494,#1370,.T.);
#3317=EDGE_CURVE('',#2663,#2663,#297,.T.);
#3318=EDGE_CURVE('',#2493,#2607,#1371,.T.);
#3319=EDGE_CURVE('',#2664,#2496,#1372,.T.);
#3320=EDGE_CURVE('',#2664,#2665,#1373,.T.);
#3321=EDGE_CURVE('',#2665,#2488,#1374,.T.);
#3322=EDGE_CURVE('',#2486,#2498,#1375,.T.);
#3323=EDGE_CURVE('',#2666,#2667,#298,.T.);
#3324=EDGE_CURVE('',#2668,#2667,#1376,.T.);
#3325=EDGE_CURVE('',#2666,#2668,#1377,.T.);
#3326=EDGE_CURVE('',#2669,#2487,#1378,.T.);
#3327=EDGE_CURVE('',#2669,#2670,#299,.T.);
#3328=EDGE_CURVE('',#2670,#2499,#1379,.T.);
#3329=EDGE_CURVE('',#2670,#2671,#1380,.T.);
#3330=EDGE_CURVE('',#2497,#2671,#1381,.T.);
#3331=EDGE_CURVE('',#2671,#2672,#300,.T.);
#3332=EDGE_CURVE('',#2672,#2664,#1382,.T.);
#3333=EDGE_CURVE('',#2673,#2674,#1383,.T.);
#3334=EDGE_CURVE('',#2664,#2674,#1384,.T.);
#3335=EDGE_CURVE('',#2672,#2673,#1385,.T.);
#3336=EDGE_CURVE('',#2675,#2666,#1386,.T.);
#3337=EDGE_CURVE('',#2675,#2676,#301,.T.);
#3338=EDGE_CURVE('',#2667,#2676,#1387,.T.);
#3339=EDGE_CURVE('',#2677,#2678,#1388,.T.);
#3340=EDGE_CURVE('',#2617,#2677,#1389,.T.);
#3341=EDGE_CURVE('',#2678,#2619,#1390,.T.);
#3342=EDGE_CURVE('',#2679,#2614,#1391,.T.);
#3343=EDGE_CURVE('',#2679,#2677,#1392,.T.);
#3344=EDGE_CURVE('',#2679,#2680,#1393,.T.);
#3345=EDGE_CURVE('',#2618,#2680,#1394,.T.);
#3346=EDGE_CURVE('',#2678,#2680,#1395,.T.);
#3347=EDGE_CURVE('',#2632,#2681,#1396,.T.);
#3348=EDGE_CURVE('',#2681,#2681,#302,.T.);
#3349=EDGE_CURVE('',#2682,#2682,#303,.T.);
#3350=EDGE_CURVE('',#2682,#2620,#1397,.T.);
#3351=EDGE_CURVE('',#2640,#2683,#1398,.T.);
#3352=EDGE_CURVE('',#2683,#2683,#304,.T.);
#3353=EDGE_CURVE('',#2684,#2626,#1399,.T.);
#3354=EDGE_CURVE('',#2627,#2685,#1400,.T.);
#3355=EDGE_CURVE('',#2684,#2685,#1401,.T.);
#3356=EDGE_CURVE('',#2684,#2686,#1402,.T.);
#3357=EDGE_CURVE('',#2623,#2686,#1403,.T.);
#3358=EDGE_CURVE('',#2687,#2686,#1404,.T.);
#3359=EDGE_CURVE('',#2687,#2624,#1405,.T.);
#3360=EDGE_CURVE('',#2685,#2687,#1406,.T.);
#3361=EDGE_CURVE('',#2688,#2688,#305,.T.);
#3362=EDGE_CURVE('',#2688,#2628,#1407,.T.);
#3363=EDGE_CURVE('',#2689,#2646,#1408,.T.);
#3364=EDGE_CURVE('',#2690,#2689,#129,.T.);
#3365=EDGE_CURVE('',#2691,#2690,#130,.T.);
#3366=EDGE_CURVE('',#2648,#2691,#1409,.T.);
#3367=EDGE_CURVE('',#2692,#2692,#306,.T.);
#3368=EDGE_CURVE('',#2693,#2693,#307,.T.);
#3369=EDGE_CURVE('',#2693,#2631,#1410,.T.);
#3370=EDGE_CURVE('',#2694,#2695,#1411,.T.);
#3371=EDGE_CURVE('',#2696,#2695,#1412,.T.);
#3372=EDGE_CURVE('',#2697,#2696,#1413,.T.);
#3373=EDGE_CURVE('',#2694,#2697,#1414,.T.);
#3374=EDGE_CURVE('',#2694,#2698,#308,.F.);
#3375=EDGE_CURVE('',#2698,#2699,#1415,.T.);
#3376=EDGE_CURVE('',#2695,#2699,#309,.T.);
#3377=EDGE_CURVE('',#2700,#2698,#1416,.T.);
#3378=EDGE_CURVE('',#2701,#2700,#1417,.T.);
#3379=EDGE_CURVE('',#2699,#2701,#1418,.T.);
#3380=EDGE_CURVE('',#2702,#2703,#1419,.T.);
#3381=EDGE_CURVE('',#2704,#2702,#1420,.T.);
#3382=EDGE_CURVE('',#2704,#2705,#1421,.T.);
#3383=EDGE_CURVE('',#2703,#2705,#1422,.T.);
#3384=EDGE_CURVE('',#2704,#2706,#310,.F.);
#3385=EDGE_CURVE('',#2706,#2707,#1423,.T.);
#3386=EDGE_CURVE('',#2705,#2707,#311,.T.);
#3387=EDGE_CURVE('',#2708,#2709,#1424,.T.);
#3388=EDGE_CURVE('',#2707,#2708,#1425,.T.);
#3389=EDGE_CURVE('',#2709,#2706,#1426,.T.);
#3390=EDGE_CURVE('',#2586,#2710,#1427,.T.);
#3391=EDGE_CURVE('',#2710,#2572,#312,.T.);
#3392=EDGE_CURVE('',#2711,#2573,#313,.T.);
#3393=EDGE_CURVE('',#2711,#2712,#1428,.T.);
#3394=EDGE_CURVE('',#2712,#2713,#1429,.T.);
#3395=EDGE_CURVE('',#2713,#2584,#1430,.T.);
#3396=EDGE_CURVE('',#2714,#2714,#314,.T.);
#3397=EDGE_CURVE('',#2714,#2633,#1431,.T.);
#3398=EDGE_CURVE('',#2715,#2715,#315,.T.);
#3399=EDGE_CURVE('',#2715,#2716,#1432,.T.);
#3400=EDGE_CURVE('',#2716,#2716,#316,.T.);
#3401=EDGE_CURVE('',#2717,#2717,#317,.T.);
#3402=EDGE_CURVE('',#2717,#2634,#1433,.T.);
#3403=EDGE_CURVE('',#2718,#2718,#318,.T.);
#3404=EDGE_CURVE('',#2718,#2635,#1434,.T.);
#3405=EDGE_CURVE('',#2719,#2719,#319,.T.);
#3406=EDGE_CURVE('',#2719,#2637,#1435,.T.);
#3407=EDGE_CURVE('',#2720,#2720,#320,.T.);
#3408=EDGE_CURVE('',#2720,#2721,#1436,.T.);
#3409=EDGE_CURVE('',#2721,#2721,#321,.T.);
#3410=EDGE_CURVE('',#2639,#2722,#1437,.T.);
#3411=EDGE_CURVE('',#2722,#2722,#322,.T.);
#3412=EDGE_CURVE('',#2723,#2723,#323,.T.);
#3413=EDGE_CURVE('',#2723,#2724,#1438,.T.);
#3414=EDGE_CURVE('',#2724,#2724,#324,.T.);
#3415=EDGE_CURVE('',#2725,#2725,#325,.T.);
#3416=EDGE_CURVE('',#2725,#2641,#1439,.T.);
#3417=EDGE_CURVE('',#2726,#2726,#326,.T.);
#3418=EDGE_CURVE('',#2726,#2727,#1440,.T.);
#3419=EDGE_CURVE('',#2727,#2727,#327,.T.);
#3420=EDGE_CURVE('',#2728,#2729,#328,.T.);
#3421=EDGE_CURVE('',#2729,#2730,#1441,.T.);
#3422=EDGE_CURVE('',#2728,#2730,#1442,.T.);
#3423=EDGE_CURVE('',#2731,#2728,#137,.F.);
#3424=EDGE_CURVE('',#2730,#2732,#1443,.T.);
#3425=EDGE_CURVE('',#2732,#2733,#1444,.T.);
#3426=EDGE_CURVE('',#2733,#2731,#1445,.T.);
#3427=EDGE_CURVE('',#2734,#2732,#1446,.T.);
#3428=EDGE_CURVE('',#2735,#2734,#1447,.T.);
#3429=EDGE_CURVE('',#2735,#2733,#1448,.T.);
#3430=EDGE_CURVE('',#2736,#2737,#138,.F.);
#3431=EDGE_CURVE('',#2737,#2735,#1449,.T.);
#3432=EDGE_CURVE('',#2734,#2738,#1450,.T.);
#3433=EDGE_CURVE('',#2738,#2736,#1451,.F.);
#3434=EDGE_CURVE('',#2739,#2736,#329,.T.);
#3435=EDGE_CURVE('',#2738,#2739,#1452,.T.);
#3436=EDGE_CURVE('',#2740,#2668,#1453,.T.);
#3437=EDGE_CURVE('',#2740,#2741,#1454,.T.);
#3438=EDGE_CURVE('',#2742,#2741,#1455,.T.);
#3439=EDGE_CURVE('',#2742,#2675,#1456,.T.);
#3440=EDGE_CURVE('',#2743,#2653,#1457,.T.);
#3441=EDGE_CURVE('',#2743,#2744,#1458,.T.);
#3442=EDGE_CURVE('',#2745,#2744,#1459,.T.);
#3443=EDGE_CURVE('',#2745,#2651,#1460,.T.);
#3444=EDGE_CURVE('',#2746,#2746,#330,.T.);
#3445=EDGE_CURVE('',#2746,#2747,#1461,.T.);
#3446=EDGE_CURVE('',#2747,#2747,#331,.T.);
#3447=EDGE_CURVE('',#2748,#2748,#332,.T.);
#3448=EDGE_CURVE('',#2748,#2647,#1462,.T.);
#3449=EDGE_CURVE('',#2691,#2689,#333,.T.);
#3450=EDGE_CURVE('',#2749,#2549,#1463,.T.);
#3451=EDGE_CURVE('',#2749,#2574,#334,.T.);
#3452=EDGE_CURVE('',#2750,#2582,#1464,.T.);
#3453=EDGE_CURVE('',#2751,#2581,#1465,.T.);
#3454=EDGE_CURVE('',#2750,#2751,#1466,.T.);
#3455=EDGE_CURVE('',#2575,#2751,#335,.T.);
#3456=EDGE_CURVE('',#2752,#2548,#1467,.T.);
#3457=EDGE_CURVE('',#2749,#2752,#1468,.T.);
#3458=EDGE_CURVE('',#2753,#2754,#336,.F.);
#3459=EDGE_CURVE('',#2754,#2755,#1469,.T.);
#3460=EDGE_CURVE('',#2755,#2756,#337,.F.);
#3461=EDGE_CURVE('',#2756,#2753,#1470,.T.);
#3462=EDGE_CURVE('',#2729,#2757,#338,.T.);
#3463=EDGE_CURVE('',#2758,#2731,#1471,.T.);
#3464=EDGE_CURVE('',#2758,#2757,#339,.T.);
#3465=EDGE_CURVE('',#2759,#2745,#1472,.T.);
#3466=EDGE_CURVE('',#2759,#2760,#1473,.T.);
#3467=EDGE_CURVE('',#2652,#2760,#1474,.T.);
#3468=EDGE_CURVE('',#2655,#2743,#1475,.T.);
#3469=EDGE_CURVE('',#2760,#2761,#340,.T.);
#3470=EDGE_CURVE('',#2761,#2762,#1476,.T.);
#3471=EDGE_CURVE('',#2763,#2762,#1477,.T.);
#3472=EDGE_CURVE('',#2763,#2660,#1478,.F.);
#3473=EDGE_CURVE('',#2763,#2471,#1479,.T.);
#3474=EDGE_CURVE('',#2504,#2764,#1480,.T.);
#3475=EDGE_CURVE('',#2503,#2765,#1481,.T.);
#3476=EDGE_CURVE('',#2764,#2765,#1482,.T.);
#3477=EDGE_CURVE('',#2502,#2766,#1483,.T.);
#3478=EDGE_CURVE('',#2765,#2766,#1484,.T.);
#3479=EDGE_CURVE('',#2767,#2768,#1485,.T.);
#3480=EDGE_CURVE('',#2769,#2768,#1486,.T.);
#3481=EDGE_CURVE('',#2769,#2770,#1487,.T.);
#3482=EDGE_CURVE('',#2770,#2767,#1488,.T.);
#3483=EDGE_CURVE('',#2768,#2771,#1489,.T.);
#3484=EDGE_CURVE('',#2767,#2772,#1490,.T.);
#3485=EDGE_CURVE('',#2771,#2772,#1491,.T.);
#3486=EDGE_CURVE('',#2771,#2773,#1492,.T.);
#3487=EDGE_CURVE('',#2772,#2774,#1493,.T.);
#3488=EDGE_CURVE('',#2774,#2773,#1494,.T.);
#3489=EDGE_CURVE('',#2773,#2775,#1495,.T.);
#3490=EDGE_CURVE('',#2776,#2774,#1496,.T.);
#3491=EDGE_CURVE('',#2775,#2776,#1497,.T.);
#3492=EDGE_CURVE('',#2775,#2777,#1498,.T.);
#3493=EDGE_CURVE('',#2776,#2778,#1499,.T.);
#3494=EDGE_CURVE('',#2778,#2777,#1500,.T.);
#3495=EDGE_CURVE('',#2770,#2507,#1501,.T.);
#3496=EDGE_CURVE('',#2766,#2769,#1502,.T.);
#3497=EDGE_CURVE('',#2663,#2779,#1503,.T.);
#3498=EDGE_CURVE('',#2779,#2779,#341,.T.);
#3499=EDGE_CURVE('',#2780,#2780,#342,.T.);
#3500=EDGE_CURVE('',#2780,#2658,#1504,.T.);
#3501=EDGE_CURVE('',#2781,#2473,#1505,.T.);
#3502=EDGE_CURVE('',#2781,#2662,#1506,.T.);
#3503=EDGE_CURVE('',#2782,#2654,#1507,.T.);
#3504=EDGE_CURVE('',#2782,#2781,#1508,.T.);
#3505=EDGE_CURVE('',#2783,#2782,#1509,.T.);
#3506=EDGE_CURVE('',#2744,#2783,#1510,.T.);
#3507=EDGE_CURVE('',#2742,#2673,#1511,.T.);
#3508=EDGE_CURVE('',#2784,#2741,#1512,.T.);
#3509=EDGE_CURVE('',#2785,#2784,#1513,.T.);
#3510=EDGE_CURVE('',#2674,#2785,#1514,.T.);
#3511=EDGE_CURVE('',#2785,#2786,#1515,.T.);
#3512=EDGE_CURVE('',#2786,#2665,#1516,.T.);
#3513=EDGE_CURVE('',#2786,#2489,#1517,.T.);
#3514=EDGE_CURVE('',#2777,#2787,#1518,.T.);
#3515=EDGE_CURVE('',#2788,#2778,#1519,.T.);
#3516=EDGE_CURVE('',#2787,#2788,#1520,.T.);
#3517=EDGE_CURVE('',#2789,#2491,#1521,.T.);
#3518=EDGE_CURVE('',#2789,#2669,#1522,.F.);
#3519=EDGE_CURVE('',#2790,#2791,#1523,.T.);
#3520=EDGE_CURVE('',#2791,#2792,#1524,.T.);
#3521=EDGE_CURVE('',#2792,#2793,#1525,.T.);
#3522=EDGE_CURVE('',#2793,#2790,#1526,.T.);
#3523=EDGE_CURVE('',#2791,#2794,#1527,.T.);
#3524=EDGE_CURVE('',#2795,#2794,#1528,.T.);
#3525=EDGE_CURVE('',#2792,#2795,#1529,.T.);
#3526=EDGE_CURVE('',#2794,#2796,#1530,.T.);
#3527=EDGE_CURVE('',#2796,#2797,#1531,.T.);
#3528=EDGE_CURVE('',#2795,#2797,#1532,.T.);
#3529=EDGE_CURVE('',#2796,#2798,#1533,.T.);
#3530=EDGE_CURVE('',#2799,#2798,#1534,.T.);
#3531=EDGE_CURVE('',#2797,#2799,#1535,.T.);
#3532=EDGE_CURVE('',#2798,#2800,#1536,.T.);
#3533=EDGE_CURVE('',#2800,#2801,#1537,.T.);
#3534=EDGE_CURVE('',#2801,#2799,#1538,.T.);
#3535=EDGE_CURVE('',#2800,#2802,#1539,.T.);
#3536=EDGE_CURVE('',#2803,#2802,#1540,.T.);
#3537=EDGE_CURVE('',#2801,#2803,#1541,.T.);
#3538=EDGE_CURVE('',#2802,#2804,#1542,.T.);
#3539=EDGE_CURVE('',#2804,#2805,#1543,.T.);
#3540=EDGE_CURVE('',#2805,#2803,#1544,.T.);
#3541=EDGE_CURVE('',#2676,#2806,#1545,.T.);
#3542=EDGE_CURVE('',#2807,#2806,#1546,.T.);
#3543=EDGE_CURVE('',#2807,#2740,#1547,.T.);
#3544=EDGE_CURVE('',#2789,#2808,#1548,.T.);
#3545=EDGE_CURVE('',#2809,#2808,#1549,.T.);
#3546=EDGE_CURVE('',#2806,#2809,#343,.T.);
#3547=EDGE_CURVE('',#2810,#2811,#344,.T.);
#3548=EDGE_CURVE('',#2737,#2810,#1550,.T.);
#3549=EDGE_CURVE('',#2811,#2739,#345,.T.);
#3550=EDGE_CURVE('',#2812,#2813,#1551,.T.);
#3551=EDGE_CURVE('',#2813,#2814,#1552,.T.);
#3552=EDGE_CURVE('',#2814,#2815,#1553,.T.);
#3553=EDGE_CURVE('',#2812,#2815,#1554,.T.);
#3554=EDGE_CURVE('',#2813,#2816,#346,.T.);
#3555=EDGE_CURVE('',#2817,#2816,#1555,.F.);
#3556=EDGE_CURVE('',#2817,#2814,#347,.T.);
#3557=EDGE_CURVE('',#2818,#2819,#1556,.F.);
#3558=EDGE_CURVE('',#2820,#2819,#1557,.T.);
#3559=EDGE_CURVE('',#2821,#2820,#1558,.T.);
#3560=EDGE_CURVE('',#2822,#2821,#1559,.T.);
#3561=EDGE_CURVE('',#2823,#2822,#1560,.T.);
#3562=EDGE_CURVE('',#2824,#2823,#1561,.T.);
#3563=EDGE_CURVE('',#2825,#2824,#1562,.T.);
#3564=EDGE_CURVE('',#2826,#2825,#1563,.T.);
#3565=EDGE_CURVE('',#2827,#2826,#1564,.T.);
#3566=EDGE_CURVE('',#2828,#2827,#1565,.T.);
#3567=EDGE_CURVE('',#2829,#2828,#1566,.T.);
#3568=EDGE_CURVE('',#2830,#2829,#1567,.T.);
#3569=EDGE_CURVE('',#2830,#2758,#1568,.T.);
#3570=EDGE_CURVE('',#2831,#2810,#1569,.T.);
#3571=EDGE_CURVE('',#2831,#2832,#1570,.T.);
#3572=EDGE_CURVE('',#2832,#2833,#1571,.T.);
#3573=EDGE_CURVE('',#2833,#2834,#1572,.T.);
#3574=EDGE_CURVE('',#2834,#2835,#1573,.T.);
#3575=EDGE_CURVE('',#2835,#2836,#1574,.T.);
#3576=EDGE_CURVE('',#2836,#2837,#1575,.T.);
#3577=EDGE_CURVE('',#2837,#2838,#1576,.T.);
#3578=EDGE_CURVE('',#2838,#2839,#1577,.T.);
#3579=EDGE_CURVE('',#2839,#2840,#1578,.T.);
#3580=EDGE_CURVE('',#2840,#2841,#1579,.T.);
#3581=EDGE_CURVE('',#2817,#2841,#1580,.T.);
#3582=EDGE_CURVE('',#2818,#2816,#1581,.T.);
#3583=EDGE_CURVE('',#2842,#2843,#1582,.T.);
#3584=EDGE_CURVE('',#2844,#2842,#1583,.T.);
#3585=EDGE_CURVE('',#2845,#2844,#1584,.T.);
#3586=EDGE_CURVE('',#2843,#2845,#1585,.T.);
#3587=EDGE_CURVE('',#2846,#2846,#348,.T.);
#3588=EDGE_CURVE('',#2846,#2690,#1586,.T.);
#3589=EDGE_CURVE('',#2847,#2847,#349,.T.);
#3590=EDGE_CURVE('',#2847,#2747,#1587,.T.);
#3591=EDGE_CURVE('',#2848,#2709,#350,.T.);
#3592=EDGE_CURVE('',#2849,#2848,#1588,.T.);
#3593=EDGE_CURVE('',#2849,#2708,#351,.T.);
#3594=EDGE_CURVE('',#2702,#2850,#352,.T.);
#3595=EDGE_CURVE('',#2851,#2703,#353,.T.);
#3596=EDGE_CURVE('',#2851,#2850,#1589,.T.);
#3597=EDGE_CURVE('',#2852,#2849,#1590,.T.);
#3598=EDGE_CURVE('',#2853,#2852,#354,.T.);
#3599=EDGE_CURVE('',#2851,#2853,#1591,.T.);
#3600=EDGE_CURVE('',#2854,#2700,#355,.T.);
#3601=EDGE_CURVE('',#2855,#2854,#1592,.T.);
#3602=EDGE_CURVE('',#2701,#2855,#356,.T.);
#3603=EDGE_CURVE('',#2856,#2857,#1593,.T.);
#3604=EDGE_CURVE('',#2856,#2696,#357,.T.);
#3605=EDGE_CURVE('',#2857,#2855,#1594,.T.);
#3606=EDGE_CURVE('',#2697,#2858,#358,.T.);
#3607=EDGE_CURVE('',#2856,#2858,#1595,.T.);
#3608=EDGE_CURVE('',#2859,#2860,#359,.T.);
#3609=EDGE_CURVE('',#2861,#2859,#131,.T.);
#3610=EDGE_CURVE('',#2860,#2861,#360,.T.);
#3611=EDGE_CURVE('',#2860,#2692,#1596,.T.);
#3612=EDGE_CURVE('',#2850,#2862,#1597,.T.);
#3613=EDGE_CURVE('',#2862,#2863,#361,.T.);
#3614=EDGE_CURVE('',#2863,#2854,#1598,.T.);
#3615=EDGE_CURVE('',#2858,#2859,#1599,.T.);
#3616=EDGE_CURVE('',#2861,#2864,#1600,.T.);
#3617=EDGE_CURVE('',#2848,#2864,#1601,.T.);
#3618=EDGE_CURVE('',#2865,#2866,#362,.T.);
#3619=EDGE_CURVE('',#2866,#2867,#1602,.T.);
#3620=EDGE_CURVE('',#2867,#2868,#1603,.T.);
#3621=EDGE_CURVE('',#2868,#2869,#1604,.T.);
#3622=EDGE_CURVE('',#2870,#2869,#1605,.T.);
#3623=EDGE_CURVE('',#2870,#2871,#1606,.T.);
#3624=EDGE_CURVE('',#2871,#2872,#1607,.T.);
#3625=EDGE_CURVE('',#2873,#2872,#1608,.T.);
#3626=EDGE_CURVE('',#2874,#2873,#1609,.T.);
#3627=EDGE_CURVE('',#2875,#2874,#1610,.T.);
#3628=EDGE_CURVE('',#2875,#2876,#1611,.T.);
#3629=EDGE_CURVE('',#2877,#2876,#1612,.T.);
#3630=EDGE_CURVE('',#2865,#2877,#1613,.T.);
#3631=EDGE_CURVE('',#2878,#2878,#363,.T.);
#3632=EDGE_CURVE('',#2878,#2721,#1614,.T.);
#3633=EDGE_CURVE('',#2879,#2880,#364,.T.);
#3634=EDGE_CURVE('',#2880,#2881,#1615,.T.);
#3635=EDGE_CURVE('',#2881,#2882,#365,.T.);
#3636=EDGE_CURVE('',#2883,#2882,#1616,.T.);
#3637=EDGE_CURVE('',#2884,#2883,#1617,.T.);
#3638=EDGE_CURVE('',#2879,#2884,#1618,.T.);
#3639=EDGE_CURVE('',#2885,#2886,#366,.T.);
#3640=EDGE_CURVE('',#2886,#2885,#367,.T.);
#3641=EDGE_CURVE('',#2886,#2716,#1619,.T.);
#3642=EDGE_CURVE('',#2887,#2887,#368,.T.);
#3643=EDGE_CURVE('',#2887,#2727,#1620,.T.);
#3644=EDGE_CURVE('',#2888,#2888,#369,.T.);
#3645=EDGE_CURVE('',#2888,#2724,#1621,.T.);
#3646=EDGE_CURVE('',#2711,#2563,#370,.T.);
#3647=EDGE_CURVE('',#2568,#2710,#371,.T.);
#3648=EDGE_CURVE('',#2750,#2577,#372,.T.);
#3649=EDGE_CURVE('',#2889,#2890,#373,.T.);
#3650=EDGE_CURVE('',#2891,#2890,#1622,.T.);
#3651=EDGE_CURVE('',#2891,#2759,#374,.T.);
#3652=EDGE_CURVE('',#2783,#2784,#1623,.T.);
#3653=EDGE_CURVE('',#2892,#2807,#375,.T.);
#3654=EDGE_CURVE('',#2892,#2893,#1624,.T.);
#3655=EDGE_CURVE('',#2894,#2893,#376,.T.);
#3656=EDGE_CURVE('',#2895,#2894,#1625,.T.);
#3657=EDGE_CURVE('',#2896,#2895,#377,.T.);
#3658=EDGE_CURVE('',#2896,#2897,#1626,.T.);
#3659=EDGE_CURVE('',#2898,#2897,#378,.T.);
#3660=EDGE_CURVE('',#2898,#2899,#1627,.T.);
#3661=EDGE_CURVE('',#2900,#2899,#379,.T.);
#3662=EDGE_CURVE('',#2739,#2900,#1628,.T.);
#3663=EDGE_CURVE('',#2901,#2729,#1629,.T.);
#3664=EDGE_CURVE('',#2902,#2901,#380,.T.);
#3665=EDGE_CURVE('',#2902,#2903,#1630,.T.);
#3666=EDGE_CURVE('',#2904,#2903,#381,.T.);
#3667=EDGE_CURVE('',#2905,#2904,#1631,.T.);
#3668=EDGE_CURVE('',#2906,#2905,#382,.T.);
#3669=EDGE_CURVE('',#2889,#2906,#1632,.T.);
#3670=EDGE_CURVE('',#2557,#2752,#383,.T.);
#3671=EDGE_CURVE('',#2907,#2556,#384,.T.);
#3672=EDGE_CURVE('',#2908,#2907,#1633,.T.);
#3673=EDGE_CURVE('',#2564,#2908,#385,.T.);
#3674=EDGE_CURVE('',#2909,#2567,#386,.T.);
#3675=EDGE_CURVE('',#2578,#2909,#1634,.T.);
#3676=EDGE_CURVE('',#2529,#2585,#1635,.T.);
#3677=EDGE_CURVE('',#2844,#2910,#387,.T.);
#3678=EDGE_CURVE('',#2911,#2842,#388,.T.);
#3679=EDGE_CURVE('',#2910,#2911,#1636,.T.);
#3680=EDGE_CURVE('',#2754,#2912,#389,.T.);
#3681=EDGE_CURVE('',#2753,#2845,#390,.T.);
#3682=EDGE_CURVE('',#2912,#2910,#1637,.T.);
#3683=EDGE_CURVE('',#2913,#2755,#391,.T.);
#3684=EDGE_CURVE('',#2913,#2912,#1638,.T.);
#3685=EDGE_CURVE('',#2914,#2915,#1639,.T.);
#3686=EDGE_CURVE('',#2915,#2914,#392,.T.);
#3687=EDGE_CURVE('',#2914,#2916,#1640,.T.);
#3688=EDGE_CURVE('',#2916,#2917,#393,.T.);
#3689=EDGE_CURVE('',#2917,#2915,#1641,.T.);
#3690=EDGE_CURVE('',#2918,#2916,#1642,.T.);
#3691=EDGE_CURVE('',#2756,#2918,#394,.T.);
#3692=EDGE_CURVE('',#2917,#2913,#1643,.T.);
#3693=EDGE_CURVE('',#2843,#2818,#395,.T.);
#3694=EDGE_CURVE('',#2919,#2918,#1644,.T.);
#3695=EDGE_CURVE('',#2919,#2819,#396,.T.);
#3696=EDGE_CURVE('',#2919,#2920,#1645,.T.);
#3697=EDGE_CURVE('',#2920,#2820,#397,.T.);
#3698=EDGE_CURVE('',#2821,#2921,#398,.T.);
#3699=EDGE_CURVE('',#2921,#2920,#1646,.T.);
#3700=EDGE_CURVE('',#2922,#2822,#399,.T.);
#3701=EDGE_CURVE('',#2922,#2921,#1647,.T.);
#3702=EDGE_CURVE('',#2823,#2923,#400,.T.);
#3703=EDGE_CURVE('',#2923,#2922,#1648,.T.);
#3704=EDGE_CURVE('',#2924,#2824,#401,.T.);
#3705=EDGE_CURVE('',#2923,#2924,#1649,.T.);
#3706=EDGE_CURVE('',#2825,#2925,#402,.T.);
#3707=EDGE_CURVE('',#2925,#2924,#1650,.T.);
#3708=EDGE_CURVE('',#2926,#2826,#403,.T.);
#3709=EDGE_CURVE('',#2925,#2926,#1651,.T.);
#3710=EDGE_CURVE('',#2926,#2927,#1652,.T.);
#3711=EDGE_CURVE('',#2927,#2827,#404,.T.);
#3712=EDGE_CURVE('',#2928,#2828,#405,.T.);
#3713=EDGE_CURVE('',#2927,#2928,#1653,.T.);
#3714=EDGE_CURVE('',#2829,#2929,#406,.T.);
#3715=EDGE_CURVE('',#2928,#2929,#1654,.T.);
#3716=EDGE_CURVE('',#2930,#2830,#407,.T.);
#3717=EDGE_CURVE('',#2929,#2930,#1655,.T.);
#3718=EDGE_CURVE('',#2931,#2930,#1656,.T.);
#3719=EDGE_CURVE('',#2757,#2931,#408,.T.);
#3720=EDGE_CURVE('',#2931,#2932,#1657,.T.);
#3721=EDGE_CURVE('',#2901,#2932,#1658,.T.);
#3722=EDGE_CURVE('',#2932,#2933,#409,.T.);
#3723=EDGE_CURVE('',#2902,#2933,#1659,.T.);
#3724=EDGE_CURVE('',#2933,#2934,#1660,.T.);
#3725=EDGE_CURVE('',#2903,#2934,#1661,.T.);
#3726=EDGE_CURVE('',#2934,#2935,#410,.T.);
#3727=EDGE_CURVE('',#2935,#2904,#1662,.T.);
#3728=EDGE_CURVE('',#2936,#2935,#1663,.T.);
#3729=EDGE_CURVE('',#2905,#2936,#1664,.T.);
#3730=EDGE_CURVE('',#2937,#2936,#411,.T.);
#3731=EDGE_CURVE('',#2937,#2906,#1665,.T.);
#3732=EDGE_CURVE('',#2938,#2937,#1666,.T.);
#3733=EDGE_CURVE('',#2938,#2889,#1667,.T.);
#3734=EDGE_CURVE('',#2939,#2938,#412,.T.);
#3735=EDGE_CURVE('',#2890,#2939,#1668,.T.);
#3736=EDGE_CURVE('',#2940,#2891,#1669,.T.);
#3737=EDGE_CURVE('',#2939,#2940,#1670,.T.);
#3738=EDGE_CURVE('',#2941,#2940,#413,.T.);
#3739=EDGE_CURVE('',#2761,#2941,#1671,.T.);
#3740=EDGE_CURVE('',#2762,#2942,#1672,.T.);
#3741=EDGE_CURVE('',#2941,#2942,#1673,.T.);
#3742=EDGE_CURVE('',#2472,#2787,#1674,.T.);
#3743=EDGE_CURVE('',#2943,#2942,#1675,.T.);
#3744=EDGE_CURVE('',#2943,#2764,#1676,.T.);
#3745=EDGE_CURVE('',#2505,#2943,#1677,.T.);
#3746=EDGE_CURVE('',#2469,#2506,#1678,.T.);
#3747=EDGE_CURVE('',#2788,#2455,#1679,.T.);
#3748=EDGE_CURVE('',#2805,#2454,#1680,.T.);
#3749=EDGE_CURVE('',#2490,#2804,#1681,.T.);
#3750=EDGE_CURVE('',#2944,#2464,#1682,.T.);
#3751=EDGE_CURVE('',#2793,#2944,#1683,.T.);
#3752=EDGE_CURVE('',#2945,#2790,#1684,.T.);
#3753=EDGE_CURVE('',#2944,#2945,#1685,.T.);
#3754=EDGE_CURVE('',#2945,#2946,#1686,.T.);
#3755=EDGE_CURVE('',#2808,#2946,#1687,.T.);
#3756=EDGE_CURVE('',#2947,#2946,#1688,.T.);
#3757=EDGE_CURVE('',#2809,#2947,#1689,.T.);
#3758=EDGE_CURVE('',#2947,#2948,#414,.T.);
#3759=EDGE_CURVE('',#2948,#2892,#1690,.T.);
#3760=EDGE_CURVE('',#2949,#2948,#1691,.T.);
#3761=EDGE_CURVE('',#2893,#2949,#1692,.T.);
#3762=EDGE_CURVE('',#2949,#2950,#415,.T.);
#3763=EDGE_CURVE('',#2894,#2950,#1693,.T.);
#3764=EDGE_CURVE('',#2950,#2951,#1694,.T.);
#3765=EDGE_CURVE('',#2895,#2951,#1695,.T.);
#3766=EDGE_CURVE('',#2951,#2952,#416,.T.);
#3767=EDGE_CURVE('',#2952,#2896,#1696,.T.);
#3768=EDGE_CURVE('',#2953,#2952,#1697,.T.);
#3769=EDGE_CURVE('',#2897,#2953,#1698,.T.);
#3770=EDGE_CURVE('',#2953,#2954,#417,.T.);
#3771=EDGE_CURVE('',#2954,#2898,#1699,.T.);
#3772=EDGE_CURVE('',#2955,#2899,#1700,.T.);
#3773=EDGE_CURVE('',#2954,#2955,#1701,.T.);
#3774=EDGE_CURVE('',#2955,#2956,#418,.T.);
#3775=EDGE_CURVE('',#2956,#2900,#1702,.T.);
#3776=EDGE_CURVE('',#2956,#2957,#1703,.T.);
#3777=EDGE_CURVE('',#2957,#2811,#419,.T.);
#3778=EDGE_CURVE('',#2957,#2958,#1704,.T.);
#3779=EDGE_CURVE('',#2958,#2831,#420,.T.);
#3780=EDGE_CURVE('',#2832,#2959,#421,.T.);
#3781=EDGE_CURVE('',#2959,#2958,#1705,.T.);
#3782=EDGE_CURVE('',#2960,#2959,#1706,.T.);
#3783=EDGE_CURVE('',#2960,#2833,#422,.T.);
#3784=EDGE_CURVE('',#2961,#2834,#423,.T.);
#3785=EDGE_CURVE('',#2961,#2960,#1707,.T.);
#3786=EDGE_CURVE('',#2962,#2961,#1708,.T.);
#3787=EDGE_CURVE('',#2835,#2962,#424,.T.);
#3788=EDGE_CURVE('',#2963,#2962,#1709,.T.);
#3789=EDGE_CURVE('',#2836,#2963,#425,.T.);
#3790=EDGE_CURVE('',#2964,#2963,#1710,.T.);
#3791=EDGE_CURVE('',#2837,#2964,#426,.T.);
#3792=EDGE_CURVE('',#2965,#2838,#427,.T.);
#3793=EDGE_CURVE('',#2965,#2964,#1711,.T.);
#3794=EDGE_CURVE('',#2965,#2966,#1712,.T.);
#3795=EDGE_CURVE('',#2839,#2966,#428,.T.);
#3796=EDGE_CURVE('',#2966,#2967,#1713,.T.);
#3797=EDGE_CURVE('',#2967,#2840,#429,.T.);
#3798=EDGE_CURVE('',#2967,#2968,#1714,.T.);
#3799=EDGE_CURVE('',#2841,#2968,#430,.T.);
#3800=EDGE_CURVE('',#2969,#2970,#431,.T.);
#3801=EDGE_CURVE('',#2970,#2969,#1715,.T.);
#3802=EDGE_CURVE('',#2971,#2972,#432,.T.);
#3803=EDGE_CURVE('',#2972,#2969,#1716,.T.);
#3804=EDGE_CURVE('',#2970,#2971,#1717,.T.);
#3805=EDGE_CURVE('',#2973,#2974,#433,.T.);
#3806=EDGE_CURVE('',#2972,#2973,#1718,.T.);
#3807=EDGE_CURVE('',#2974,#2971,#1719,.T.);
#3808=EDGE_CURVE('',#2975,#2976,#434,.T.);
#3809=EDGE_CURVE('',#2973,#2976,#1720,.T.);
#3810=EDGE_CURVE('',#2975,#2974,#1721,.T.);
#3811=EDGE_CURVE('',#2977,#2978,#435,.T.);
#3812=EDGE_CURVE('',#2978,#2976,#1722,.T.);
#3813=EDGE_CURVE('',#2975,#2977,#1723,.T.);
#3814=EDGE_CURVE('',#2979,#2980,#436,.T.);
#3815=EDGE_CURVE('',#2980,#2978,#1724,.T.);
#3816=EDGE_CURVE('',#2979,#2977,#1725,.T.);
#3817=EDGE_CURVE('',#2968,#2980,#1726,.T.);
#3818=EDGE_CURVE('',#2979,#2981,#1727,.T.);
#3819=EDGE_CURVE('',#2815,#2981,#437,.T.);
#3820=EDGE_CURVE('',#2982,#2812,#438,.T.);
#3821=EDGE_CURVE('',#2982,#2981,#1728,.F.);
#3822=EDGE_CURVE('',#2982,#2983,#1729,.T.);
#3823=EDGE_CURVE('',#2983,#2984,#439,.T.);
#3824=EDGE_CURVE('',#2984,#2911,#1730,.T.);
#3825=EDGE_CURVE('',#2985,#2983,#1731,.T.);
#3826=EDGE_CURVE('',#2986,#2985,#440,.T.);
#3827=EDGE_CURVE('',#2984,#2986,#1732,.T.);
#3828=EDGE_CURVE('',#2987,#2988,#441,.T.);
#3829=EDGE_CURVE('',#2987,#2986,#1733,.T.);
#3830=EDGE_CURVE('',#2985,#2988,#1734,.T.);
#3831=EDGE_CURVE('',#2987,#2989,#1735,.T.);
#3832=EDGE_CURVE('',#2990,#2988,#1736,.T.);
#3833=EDGE_CURVE('',#2991,#2990,#15,.T.);
#3834=EDGE_CURVE('',#2989,#2991,#442,.T.);
#3835=EDGE_CURVE('',#2846,#2992,#1737,.T.);
#3836=EDGE_CURVE('',#2992,#2992,#443,.T.);
#3837=EDGE_CURVE('',#2993,#2993,#444,.T.);
#3838=EDGE_CURVE('',#2993,#2847,#1738,.T.);
#3839=EDGE_CURVE('',#2583,#2542,#1739,.T.);
#3840=EDGE_CURVE('',#2864,#2994,#1740,.T.);
#3841=EDGE_CURVE('',#2994,#2995,#1741,.T.);
#3842=EDGE_CURVE('',#2995,#2852,#1742,.T.);
#3843=EDGE_CURVE('',#2995,#2996,#445,.T.);
#3844=EDGE_CURVE('',#2996,#2853,#1743,.T.);
#3845=EDGE_CURVE('',#2997,#2996,#1744,.T.);
#3846=EDGE_CURVE('',#2862,#2997,#1745,.T.);
#3847=EDGE_CURVE('',#2997,#2998,#446,.T.);
#3848=EDGE_CURVE('',#2998,#2863,#1746,.T.);
#3849=EDGE_CURVE('',#2999,#2998,#1747,.F.);
#3850=EDGE_CURVE('',#2999,#2857,#1748,.T.);
#3851=EDGE_CURVE('',#2994,#2999,#1749,.T.);
#3852=EDGE_CURVE('',#3000,#3001,#447,.T.);
#3853=EDGE_CURVE('',#2866,#3000,#1750,.T.);
#3854=EDGE_CURVE('',#3001,#2865,#1751,.T.);
#3855=EDGE_CURVE('',#3000,#3002,#1752,.T.);
#3856=EDGE_CURVE('',#2867,#3002,#1753,.T.);
#3857=EDGE_CURVE('',#2465,#3002,#1754,.T.);
#3858=EDGE_CURVE('',#2868,#2466,#1755,.T.);
#3859=EDGE_CURVE('',#2452,#2869,#1756,.T.);
#3860=EDGE_CURVE('',#2870,#2463,#1757,.F.);
#3861=EDGE_CURVE('',#2871,#2462,#1758,.T.);
#3862=EDGE_CURVE('',#2872,#2461,#1759,.T.);
#3863=EDGE_CURVE('',#2873,#2460,#1760,.T.);
#3864=EDGE_CURVE('',#2874,#2459,#1761,.T.);
#3865=EDGE_CURVE('',#2875,#2458,#1762,.F.);
#3866=EDGE_CURVE('',#2457,#2876,#1763,.T.);
#3867=EDGE_CURVE('',#2877,#2467,#1764,.T.);
#3868=EDGE_CURVE('',#3001,#2468,#1765,.T.);
#3869=EDGE_CURVE('',#3003,#3003,#448,.T.);
#3870=EDGE_CURVE('',#3003,#2878,#1766,.T.);
#3871=EDGE_CURVE('',#2879,#3004,#1767,.T.);
#3872=EDGE_CURVE('',#3004,#3005,#449,.T.);
#3873=EDGE_CURVE('',#3005,#2880,#1768,.T.);
#3874=EDGE_CURVE('',#3006,#3005,#1769,.T.);
#3875=EDGE_CURVE('',#2881,#3006,#1770,.T.);
#3876=EDGE_CURVE('',#3006,#3007,#450,.T.);
#3877=EDGE_CURVE('',#3007,#2882,#1771,.T.);
#3878=EDGE_CURVE('',#3008,#3007,#1772,.T.);
#3879=EDGE_CURVE('',#3008,#2883,#1773,.T.);
#3880=EDGE_CURVE('',#3009,#3008,#1774,.T.);
#3881=EDGE_CURVE('',#3009,#2884,#1775,.T.);
#3882=EDGE_CURVE('',#3004,#3009,#1776,.T.);
#3883=EDGE_CURVE('',#3010,#3010,#451,.T.);
#3884=EDGE_CURVE('',#3010,#2885,#1777,.T.);
#3885=EDGE_CURVE('',#2887,#3011,#1778,.T.);
#3886=EDGE_CURVE('',#3011,#3011,#452,.T.);
#3887=EDGE_CURVE('',#3012,#3012,#453,.T.);
#3888=EDGE_CURVE('',#3012,#2888,#1779,.T.);
#3889=EDGE_CURVE('',#2555,#3013,#454,.T.);
#3890=EDGE_CURVE('',#3013,#2907,#1780,.T.);
#3891=EDGE_CURVE('',#3014,#3013,#1781,.T.);
#3892=EDGE_CURVE('',#2908,#3014,#1782,.T.);
#3893=EDGE_CURVE('',#2565,#3014,#455,.T.);
#3894=EDGE_CURVE('',#3015,#2566,#456,.T.);
#3895=EDGE_CURVE('',#2909,#3015,#1783,.T.);
#3896=EDGE_CURVE('',#2579,#3015,#1784,.T.);
#3897=EDGE_CURVE('',#3016,#3017,#457,.T.);
#3898=EDGE_CURVE('',#3017,#2991,#1785,.T.);
#3899=EDGE_CURVE('',#3018,#2990,#458,.F.);
#3900=EDGE_CURVE('',#3018,#3016,#1786,.T.);
#3901=EDGE_CURVE('',#3019,#3020,#1787,.T.);
#3902=EDGE_CURVE('',#3020,#3021,#1788,.T.);
#3903=EDGE_CURVE('',#3022,#3021,#1789,.T.);
#3904=EDGE_CURVE('',#2989,#3022,#1790,.T.);
#3905=EDGE_CURVE('',#3017,#3023,#1791,.T.);
#3906=EDGE_CURVE('',#3019,#3023,#1792,.F.);
#3907=EDGE_CURVE('',#3024,#3021,#459,.T.);
#3908=EDGE_CURVE('',#3025,#3024,#1793,.T.);
#3909=EDGE_CURVE('',#3025,#3022,#460,.T.);
#3910=EDGE_CURVE('',#3024,#3026,#1794,.T.);
#3911=EDGE_CURVE('',#3026,#3027,#1795,.T.);
#3912=EDGE_CURVE('',#3027,#3025,#1796,.T.);
#3913=EDGE_CURVE('',#3028,#3026,#461,.T.);
#3914=EDGE_CURVE('',#3028,#3029,#1797,.T.);
#3915=EDGE_CURVE('',#3029,#3027,#462,.T.);
#3916=EDGE_CURVE('',#3030,#3028,#1798,.T.);
#3917=EDGE_CURVE('',#3031,#3030,#1799,.T.);
#3918=EDGE_CURVE('',#3029,#3031,#1800,.T.);
#3919=EDGE_CURVE('',#3032,#3033,#1801,.T.);
#3920=EDGE_CURVE('',#3033,#3031,#463,.T.);
#3921=EDGE_CURVE('',#3030,#3032,#464,.F.);
#3922=EDGE_CURVE('',#3034,#3035,#1802,.T.);
#3923=EDGE_CURVE('',#3033,#3034,#1803,.T.);
#3924=EDGE_CURVE('',#3035,#3032,#1804,.T.);
#3925=EDGE_CURVE('',#3036,#3037,#1805,.T.);
#3926=EDGE_CURVE('',#3037,#3034,#465,.T.);
#3927=EDGE_CURVE('',#3036,#3035,#466,.T.);
#3928=EDGE_CURVE('',#3038,#3039,#1806,.T.);
#3929=EDGE_CURVE('',#3037,#3038,#1807,.T.);
#3930=EDGE_CURVE('',#3039,#3036,#1808,.T.);
#3931=EDGE_CURVE('',#3040,#3041,#139,.T.);
#3932=EDGE_CURVE('',#3041,#3042,#140,.T.);
#3933=EDGE_CURVE('',#3042,#3043,#1809,.T.);
#3934=EDGE_CURVE('',#3043,#3038,#467,.T.);
#3935=EDGE_CURVE('',#3040,#3039,#468,.T.);
#3936=EDGE_CURVE('',#2515,#3040,#1810,.T.);
#3937=EDGE_CURVE('',#3041,#2514,#1811,.T.);
#3938=EDGE_CURVE('',#2513,#3042,#1812,.F.);
#3939=EDGE_CURVE('',#2512,#3043,#1813,.T.);
#3940=EDGE_CURVE('',#3018,#2511,#1814,.T.);
#3941=EDGE_CURVE('',#2510,#3016,#1815,.T.);
#3942=EDGE_CURVE('',#3023,#2509,#1816,.T.);
#3943=EDGE_CURVE('',#2508,#3019,#1817,.T.);
#3944=EDGE_CURVE('',#3020,#2516,#1818,.T.);
#3945=ORIENTED_EDGE('',*,*,#3044,.T.);
#3946=ORIENTED_EDGE('',*,*,#3045,.T.);
#3947=ORIENTED_EDGE('',*,*,#3046,.T.);
#3948=ORIENTED_EDGE('',*,*,#3047,.F.);
#3949=ORIENTED_EDGE('',*,*,#3048,.F.);
#3950=ORIENTED_EDGE('',*,*,#3049,.F.);
#3951=ORIENTED_EDGE('',*,*,#3050,.F.);
#3952=ORIENTED_EDGE('',*,*,#3051,.F.);
#3953=ORIENTED_EDGE('',*,*,#3052,.F.);
#3954=ORIENTED_EDGE('',*,*,#3053,.T.);
#3955=ORIENTED_EDGE('',*,*,#3054,.T.);
#3956=ORIENTED_EDGE('',*,*,#3055,.T.);
#3957=ORIENTED_EDGE('',*,*,#3056,.F.);
#3958=ORIENTED_EDGE('',*,*,#3057,.T.);
#3959=ORIENTED_EDGE('',*,*,#3044,.F.);
#3960=ORIENTED_EDGE('',*,*,#3058,.T.);
#3961=ORIENTED_EDGE('',*,*,#3059,.T.);
#3962=ORIENTED_EDGE('',*,*,#3060,.F.);
#3963=ORIENTED_EDGE('',*,*,#3061,.F.);
#3964=ORIENTED_EDGE('',*,*,#3048,.T.);
#3965=ORIENTED_EDGE('',*,*,#3062,.F.);
#3966=ORIENTED_EDGE('',*,*,#3063,.F.);
#3967=ORIENTED_EDGE('',*,*,#3064,.T.);
#3968=ORIENTED_EDGE('',*,*,#3065,.T.);
#3969=ORIENTED_EDGE('',*,*,#3066,.F.);
#3970=ORIENTED_EDGE('',*,*,#3067,.T.);
#3971=ORIENTED_EDGE('',*,*,#3068,.T.);
#3972=ORIENTED_EDGE('',*,*,#3069,.T.);
#3973=ORIENTED_EDGE('',*,*,#3070,.F.);
#3974=ORIENTED_EDGE('',*,*,#3071,.F.);
#3975=ORIENTED_EDGE('',*,*,#3072,.F.);
#3976=ORIENTED_EDGE('',*,*,#3073,.F.);
#3977=ORIENTED_EDGE('',*,*,#3074,.T.);
#3978=ORIENTED_EDGE('',*,*,#3075,.T.);
#3979=ORIENTED_EDGE('',*,*,#3076,.T.);
#3980=ORIENTED_EDGE('',*,*,#3077,.T.);
#3981=ORIENTED_EDGE('',*,*,#3078,.T.);
#3982=ORIENTED_EDGE('',*,*,#3079,.T.);
#3983=ORIENTED_EDGE('',*,*,#3080,.F.);
#3984=ORIENTED_EDGE('',*,*,#3081,.F.);
#3985=ORIENTED_EDGE('',*,*,#3082,.F.);
#3986=ORIENTED_EDGE('',*,*,#3083,.T.);
#3987=ORIENTED_EDGE('',*,*,#3084,.F.);
#3988=ORIENTED_EDGE('',*,*,#3085,.F.);
#3989=ORIENTED_EDGE('',*,*,#3086,.T.);
#3990=ORIENTED_EDGE('',*,*,#3087,.T.);
#3991=ORIENTED_EDGE('',*,*,#3088,.T.);
#3992=ORIENTED_EDGE('',*,*,#3089,.T.);
#3993=ORIENTED_EDGE('',*,*,#3090,.F.);
#3994=ORIENTED_EDGE('',*,*,#3091,.F.);
#3995=ORIENTED_EDGE('',*,*,#3092,.F.);
#3996=ORIENTED_EDGE('',*,*,#3093,.F.);
#3997=ORIENTED_EDGE('',*,*,#3094,.F.);
#3998=ORIENTED_EDGE('',*,*,#3095,.F.);
#3999=ORIENTED_EDGE('',*,*,#3096,.T.);
#4000=ORIENTED_EDGE('',*,*,#3097,.T.);
#4001=ORIENTED_EDGE('',*,*,#3098,.F.);
#4002=ORIENTED_EDGE('',*,*,#3099,.T.);
#4003=ORIENTED_EDGE('',*,*,#3100,.T.);
#4004=ORIENTED_EDGE('',*,*,#3101,.F.);
#4005=ORIENTED_EDGE('',*,*,#3102,.T.);
#4006=ORIENTED_EDGE('',*,*,#3103,.T.);
#4007=ORIENTED_EDGE('',*,*,#3104,.F.);
#4008=ORIENTED_EDGE('',*,*,#3105,.T.);
#4009=ORIENTED_EDGE('',*,*,#3106,.T.);
#4010=ORIENTED_EDGE('',*,*,#3107,.F.);
#4011=ORIENTED_EDGE('',*,*,#3108,.F.);
#4012=ORIENTED_EDGE('',*,*,#3109,.F.);
#4013=ORIENTED_EDGE('',*,*,#3110,.T.);
#4014=ORIENTED_EDGE('',*,*,#3111,.F.);
#4015=ORIENTED_EDGE('',*,*,#3112,.T.);
#4016=ORIENTED_EDGE('',*,*,#3113,.T.);
#4017=ORIENTED_EDGE('',*,*,#3114,.F.);
#4018=ORIENTED_EDGE('',*,*,#3115,.F.);
#4019=ORIENTED_EDGE('',*,*,#3116,.T.);
#4020=ORIENTED_EDGE('',*,*,#3117,.T.);
#4021=ORIENTED_EDGE('',*,*,#3112,.F.);
#4022=ORIENTED_EDGE('',*,*,#3118,.F.);
#4023=ORIENTED_EDGE('',*,*,#3119,.T.);
#4024=ORIENTED_EDGE('',*,*,#3120,.T.);
#4025=ORIENTED_EDGE('',*,*,#3116,.F.);
#4026=ORIENTED_EDGE('',*,*,#3121,.F.);
#4027=ORIENTED_EDGE('',*,*,#3122,.T.);
#4028=ORIENTED_EDGE('',*,*,#3123,.T.);
#4029=ORIENTED_EDGE('',*,*,#3119,.F.);
#4030=ORIENTED_EDGE('',*,*,#3124,.F.);
#4031=ORIENTED_EDGE('',*,*,#3125,.T.);
#4032=ORIENTED_EDGE('',*,*,#3126,.T.);
#4033=ORIENTED_EDGE('',*,*,#3122,.F.);
#4034=ORIENTED_EDGE('',*,*,#3127,.F.);
#4035=ORIENTED_EDGE('',*,*,#3114,.T.);
#4036=ORIENTED_EDGE('',*,*,#3128,.T.);
#4037=ORIENTED_EDGE('',*,*,#3125,.F.);
#4038=ORIENTED_EDGE('',*,*,#3128,.F.);
#4039=ORIENTED_EDGE('',*,*,#3113,.F.);
#4040=ORIENTED_EDGE('',*,*,#3117,.F.);
#4041=ORIENTED_EDGE('',*,*,#3120,.F.);
#4042=ORIENTED_EDGE('',*,*,#3123,.F.);
#4043=ORIENTED_EDGE('',*,*,#3126,.F.);
#4044=ORIENTED_EDGE('',*,*,#3129,.F.);
#4045=ORIENTED_EDGE('',*,*,#3130,.F.);
#4046=ORIENTED_EDGE('',*,*,#3131,.T.);
#4047=ORIENTED_EDGE('',*,*,#3132,.T.);
#4048=ORIENTED_EDGE('',*,*,#3133,.F.);
#4049=ORIENTED_EDGE('',*,*,#3134,.F.);
#4050=ORIENTED_EDGE('',*,*,#3135,.T.);
#4051=ORIENTED_EDGE('',*,*,#3136,.T.);
#4052=ORIENTED_EDGE('',*,*,#3131,.F.);
#4053=ORIENTED_EDGE('',*,*,#3137,.F.);
#4054=ORIENTED_EDGE('',*,*,#3138,.T.);
#4055=ORIENTED_EDGE('',*,*,#3139,.T.);
#4056=ORIENTED_EDGE('',*,*,#3135,.F.);
#4057=ORIENTED_EDGE('',*,*,#3140,.F.);
#4058=ORIENTED_EDGE('',*,*,#3141,.T.);
#4059=ORIENTED_EDGE('',*,*,#3142,.T.);
#4060=ORIENTED_EDGE('',*,*,#3138,.F.);
#4061=ORIENTED_EDGE('',*,*,#3143,.F.);
#4062=ORIENTED_EDGE('',*,*,#3144,.T.);
#4063=ORIENTED_EDGE('',*,*,#3145,.T.);
#4064=ORIENTED_EDGE('',*,*,#3141,.F.);
#4065=ORIENTED_EDGE('',*,*,#3146,.F.);
#4066=ORIENTED_EDGE('',*,*,#3133,.T.);
#4067=ORIENTED_EDGE('',*,*,#3147,.T.);
#4068=ORIENTED_EDGE('',*,*,#3144,.F.);
#4069=ORIENTED_EDGE('',*,*,#3147,.F.);
#4070=ORIENTED_EDGE('',*,*,#3132,.F.);
#4071=ORIENTED_EDGE('',*,*,#3136,.F.);
#4072=ORIENTED_EDGE('',*,*,#3139,.F.);
#4073=ORIENTED_EDGE('',*,*,#3142,.F.);
#4074=ORIENTED_EDGE('',*,*,#3145,.F.);
#4075=ORIENTED_EDGE('',*,*,#3148,.F.);
#4076=ORIENTED_EDGE('',*,*,#3149,.T.);
#4077=ORIENTED_EDGE('',*,*,#3150,.T.);
#4078=ORIENTED_EDGE('',*,*,#3151,.T.);
#4079=ORIENTED_EDGE('',*,*,#3152,.T.);
#4080=ORIENTED_EDGE('',*,*,#3149,.F.);
#4081=ORIENTED_EDGE('',*,*,#3153,.F.);
#4082=ORIENTED_EDGE('',*,*,#3154,.F.);
#4083=ORIENTED_EDGE('',*,*,#3155,.F.);
#4084=ORIENTED_EDGE('',*,*,#3156,.F.);
#4085=ORIENTED_EDGE('',*,*,#3157,.F.);
#4086=ORIENTED_EDGE('',*,*,#3158,.F.);
#4087=ORIENTED_EDGE('',*,*,#3159,.T.);
#4088=ORIENTED_EDGE('',*,*,#3152,.F.);
#4089=ORIENTED_EDGE('',*,*,#3160,.T.);
#4090=ORIENTED_EDGE('',*,*,#3161,.F.);
#4091=ORIENTED_EDGE('',*,*,#3162,.F.);
#4092=ORIENTED_EDGE('',*,*,#3163,.F.);
#4093=ORIENTED_EDGE('',*,*,#3164,.T.);
#4094=ORIENTED_EDGE('',*,*,#3165,.F.);
#4095=ORIENTED_EDGE('',*,*,#3153,.T.);
#4096=ORIENTED_EDGE('',*,*,#3166,.T.);
#4097=ORIENTED_EDGE('',*,*,#3167,.F.);
#4098=ORIENTED_EDGE('',*,*,#3168,.T.);
#4099=ORIENTED_EDGE('',*,*,#3169,.T.);
#4100=ORIENTED_EDGE('',*,*,#3169,.F.);
#4101=ORIENTED_EDGE('',*,*,#3170,.T.);
#4102=ORIENTED_EDGE('',*,*,#3171,.T.);
#4103=ORIENTED_EDGE('',*,*,#3172,.T.);
#4104=ORIENTED_EDGE('',*,*,#3173,.F.);
#4105=ORIENTED_EDGE('',*,*,#3174,.F.);
#4106=ORIENTED_EDGE('',*,*,#3175,.F.);
#4107=ORIENTED_EDGE('',*,*,#3176,.T.);
#4108=ORIENTED_EDGE('',*,*,#3177,.F.);
#4109=ORIENTED_EDGE('',*,*,#3178,.T.);
#4110=ORIENTED_EDGE('',*,*,#3179,.T.);
#4111=ORIENTED_EDGE('',*,*,#3180,.F.);
#4112=ORIENTED_EDGE('',*,*,#3181,.F.);
#4113=ORIENTED_EDGE('',*,*,#3182,.T.);
#4114=ORIENTED_EDGE('',*,*,#3157,.T.);
#4115=ORIENTED_EDGE('',*,*,#3183,.F.);
#4116=ORIENTED_EDGE('',*,*,#3184,.F.);
#4117=ORIENTED_EDGE('',*,*,#3185,.T.);
#4118=ORIENTED_EDGE('',*,*,#3186,.T.);
#4119=ORIENTED_EDGE('',*,*,#3187,.F.);
#4120=ORIENTED_EDGE('',*,*,#3188,.T.);
#4121=ORIENTED_EDGE('',*,*,#3189,.F.);
#4122=ORIENTED_EDGE('',*,*,#3190,.F.);
#4123=ORIENTED_EDGE('',*,*,#3161,.T.);
#4124=ORIENTED_EDGE('',*,*,#3150,.F.);
#4125=ORIENTED_EDGE('',*,*,#3159,.F.);
#4126=ORIENTED_EDGE('',*,*,#3191,.F.);
#4127=ORIENTED_EDGE('',*,*,#3192,.T.);
#4128=ORIENTED_EDGE('',*,*,#3193,.T.);
#4129=ORIENTED_EDGE('',*,*,#3194,.F.);
#4130=ORIENTED_EDGE('',*,*,#3195,.F.);
#4131=ORIENTED_EDGE('',*,*,#3186,.F.);
#4132=ORIENTED_EDGE('',*,*,#3160,.F.);
#4133=ORIENTED_EDGE('',*,*,#3151,.F.);
#4134=ORIENTED_EDGE('',*,*,#3192,.F.);
#4135=ORIENTED_EDGE('',*,*,#3196,.F.);
#4136=ORIENTED_EDGE('',*,*,#3197,.T.);
#4137=ORIENTED_EDGE('',*,*,#3198,.F.);
#4138=ORIENTED_EDGE('',*,*,#3170,.F.);
#4139=ORIENTED_EDGE('',*,*,#3168,.F.);
#4140=ORIENTED_EDGE('',*,*,#3199,.F.);
#4141=ORIENTED_EDGE('',*,*,#3166,.F.);
#4142=ORIENTED_EDGE('',*,*,#3178,.F.);
#4143=ORIENTED_EDGE('',*,*,#3200,.F.);
#4144=ORIENTED_EDGE('',*,*,#3201,.F.);
#4145=ORIENTED_EDGE('',*,*,#3179,.F.);
#4146=ORIENTED_EDGE('',*,*,#3202,.F.);
#4147=ORIENTED_EDGE('',*,*,#3203,.F.);
#4148=ORIENTED_EDGE('',*,*,#3204,.T.);
#4149=ORIENTED_EDGE('',*,*,#3205,.F.);
#4150=ORIENTED_EDGE('',*,*,#3206,.T.);
#4151=ORIENTED_EDGE('',*,*,#3207,.F.);
#4152=ORIENTED_EDGE('',*,*,#3208,.F.);
#4153=ORIENTED_EDGE('',*,*,#3209,.F.);
#4154=ORIENTED_EDGE('',*,*,#3210,.T.);
#4155=ORIENTED_EDGE('',*,*,#3211,.T.);
#4156=ORIENTED_EDGE('',*,*,#3210,.F.);
#4157=ORIENTED_EDGE('',*,*,#3212,.F.);
#4158=ORIENTED_EDGE('',*,*,#3213,.T.);
#4159=ORIENTED_EDGE('',*,*,#3203,.T.);
#4160=ORIENTED_EDGE('',*,*,#3213,.F.);
#4161=ORIENTED_EDGE('',*,*,#3214,.T.);
#4162=ORIENTED_EDGE('',*,*,#3215,.F.);
#4163=ORIENTED_EDGE('',*,*,#3216,.T.);
#4164=ORIENTED_EDGE('',*,*,#3217,.F.);
#4165=ORIENTED_EDGE('',*,*,#3218,.F.);
#4166=ORIENTED_EDGE('',*,*,#3219,.F.);
#4167=ORIENTED_EDGE('',*,*,#3218,.T.);
#4168=ORIENTED_EDGE('',*,*,#3220,.F.);
#4169=ORIENTED_EDGE('',*,*,#3221,.F.);
#4170=ORIENTED_EDGE('',*,*,#3204,.F.);
#4171=ORIENTED_EDGE('',*,*,#3222,.T.);
#4172=ORIENTED_EDGE('',*,*,#3223,.F.);
#4173=ORIENTED_EDGE('',*,*,#3222,.F.);
#4174=ORIENTED_EDGE('',*,*,#3224,.F.);
#4175=ORIENTED_EDGE('',*,*,#3225,.T.);
#4176=ORIENTED_EDGE('',*,*,#3226,.T.);
#4177=ORIENTED_EDGE('',*,*,#3227,.T.);
#4178=ORIENTED_EDGE('',*,*,#3228,.F.);
#4179=ORIENTED_EDGE('',*,*,#3229,.T.);
#4180=ORIENTED_EDGE('',*,*,#3228,.T.);
#4181=ORIENTED_EDGE('',*,*,#3230,.T.);
#4182=ORIENTED_EDGE('',*,*,#3231,.F.);
#4183=ORIENTED_EDGE('',*,*,#3232,.T.);
#4184=ORIENTED_EDGE('',*,*,#3233,.T.);
#4185=ORIENTED_EDGE('',*,*,#3205,.T.);
#4186=ORIENTED_EDGE('',*,*,#3233,.F.);
#4187=ORIENTED_EDGE('',*,*,#3206,.F.);
#4188=ORIENTED_EDGE('',*,*,#3234,.T.);
#4189=ORIENTED_EDGE('',*,*,#3235,.T.);
#4190=ORIENTED_EDGE('',*,*,#3234,.F.);
#4191=ORIENTED_EDGE('',*,*,#3236,.T.);
#4192=ORIENTED_EDGE('',*,*,#3237,.T.);
#4193=ORIENTED_EDGE('',*,*,#3207,.T.);
#4194=ORIENTED_EDGE('',*,*,#3237,.F.);
#4195=ORIENTED_EDGE('',*,*,#3238,.T.);
#4196=ORIENTED_EDGE('',*,*,#3239,.T.);
#4197=ORIENTED_EDGE('',*,*,#3240,.T.);
#4198=ORIENTED_EDGE('',*,*,#3241,.F.);
#4199=ORIENTED_EDGE('',*,*,#3242,.T.);
#4200=ORIENTED_EDGE('',*,*,#3243,.T.);
#4201=ORIENTED_EDGE('',*,*,#3244,.T.);
#4202=ORIENTED_EDGE('',*,*,#3239,.F.);
#4203=ORIENTED_EDGE('',*,*,#3245,.F.);
#4204=ORIENTED_EDGE('',*,*,#3246,.T.);
#4205=ORIENTED_EDGE('',*,*,#3247,.T.);
#4206=ORIENTED_EDGE('',*,*,#3208,.T.);
#4207=ORIENTED_EDGE('',*,*,#3247,.F.);
#4208=ORIENTED_EDGE('',*,*,#3248,.T.);
#4209=ORIENTED_EDGE('',*,*,#3249,.T.);
#4210=ORIENTED_EDGE('',*,*,#3250,.T.);
#4211=ORIENTED_EDGE('',*,*,#3251,.F.);
#4212=ORIENTED_EDGE('',*,*,#3252,.T.);
#4213=ORIENTED_EDGE('',*,*,#3251,.T.);
#4214=ORIENTED_EDGE('',*,*,#3253,.T.);
#4215=ORIENTED_EDGE('',*,*,#3254,.F.);
#4216=ORIENTED_EDGE('',*,*,#3255,.F.);
#4217=ORIENTED_EDGE('',*,*,#3256,.F.);
#4218=ORIENTED_EDGE('',*,*,#3257,.T.);
#4219=ORIENTED_EDGE('',*,*,#3258,.T.);
#4220=ORIENTED_EDGE('',*,*,#3257,.F.);
#4221=ORIENTED_EDGE('',*,*,#3259,.T.);
#4222=ORIENTED_EDGE('',*,*,#3209,.T.);
#4223=ORIENTED_EDGE('',*,*,#3260,.T.);
#4224=ORIENTED_EDGE('',*,*,#3261,.T.);
#4225=ORIENTED_EDGE('',*,*,#3262,.F.);
#4226=ORIENTED_EDGE('',*,*,#3261,.F.);
#4227=ORIENTED_EDGE('',*,*,#3258,.F.);
#4228=ORIENTED_EDGE('',*,*,#3263,.T.);
#4229=ORIENTED_EDGE('',*,*,#3264,.F.);
#4230=ORIENTED_EDGE('',*,*,#3263,.F.);
#4231=ORIENTED_EDGE('',*,*,#3211,.F.);
#4232=ORIENTED_EDGE('',*,*,#3265,.T.);
#4233=ORIENTED_EDGE('',*,*,#3266,.F.);
#4234=ORIENTED_EDGE('',*,*,#3265,.F.);
#4235=ORIENTED_EDGE('',*,*,#3267,.F.);
#4236=ORIENTED_EDGE('',*,*,#3268,.T.);
#4237=ORIENTED_EDGE('',*,*,#3269,.F.);
#4238=ORIENTED_EDGE('',*,*,#3268,.F.);
#4239=ORIENTED_EDGE('',*,*,#3270,.T.);
#4240=ORIENTED_EDGE('',*,*,#3271,.T.);
#4241=ORIENTED_EDGE('',*,*,#3272,.T.);
#4242=ORIENTED_EDGE('',*,*,#3271,.F.);
#4243=ORIENTED_EDGE('',*,*,#3273,.F.);
#4244=ORIENTED_EDGE('',*,*,#3274,.T.);
#4245=ORIENTED_EDGE('',*,*,#3275,.F.);
#4246=ORIENTED_EDGE('',*,*,#3274,.F.);
#4247=ORIENTED_EDGE('',*,*,#3276,.F.);
#4248=ORIENTED_EDGE('',*,*,#3277,.T.);
#4249=ORIENTED_EDGE('',*,*,#3278,.F.);
#4250=ORIENTED_EDGE('',*,*,#3277,.F.);
#4251=ORIENTED_EDGE('',*,*,#3279,.F.);
#4252=ORIENTED_EDGE('',*,*,#3280,.T.);
#4253=ORIENTED_EDGE('',*,*,#3281,.F.);
#4254=ORIENTED_EDGE('',*,*,#3280,.F.);
#4255=ORIENTED_EDGE('',*,*,#3282,.F.);
#4256=ORIENTED_EDGE('',*,*,#3283,.F.);
#4257=ORIENTED_EDGE('',*,*,#3284,.F.);
#4258=ORIENTED_EDGE('',*,*,#3285,.F.);
#4259=ORIENTED_EDGE('',*,*,#3286,.T.);
#4260=ORIENTED_EDGE('',*,*,#3287,.T.);
#4261=ORIENTED_EDGE('',*,*,#3212,.T.);
#4262=ORIENTED_EDGE('',*,*,#3285,.T.);
#4263=ORIENTED_EDGE('',*,*,#3288,.T.);
#4264=ORIENTED_EDGE('',*,*,#3289,.F.);
#4265=ORIENTED_EDGE('',*,*,#3290,.T.);
#4266=ORIENTED_EDGE('',*,*,#3291,.T.);
#4267=ORIENTED_EDGE('',*,*,#3292,.F.);
#4268=ORIENTED_EDGE('',*,*,#3293,.T.);
#4269=ORIENTED_EDGE('',*,*,#3294,.T.);
#4270=ORIENTED_EDGE('',*,*,#3078,.F.);
#4271=ORIENTED_EDGE('',*,*,#3295,.T.);
#4272=ORIENTED_EDGE('',*,*,#3214,.F.);
#4273=ORIENTED_EDGE('',*,*,#3295,.F.);
#4274=ORIENTED_EDGE('',*,*,#3079,.F.);
#4275=ORIENTED_EDGE('',*,*,#3296,.T.);
#4276=ORIENTED_EDGE('',*,*,#3270,.F.);
#4277=ORIENTED_EDGE('',*,*,#3296,.F.);
#4278=ORIENTED_EDGE('',*,*,#3297,.F.);
#4279=ORIENTED_EDGE('',*,*,#3221,.T.);
#4280=ORIENTED_EDGE('',*,*,#3298,.F.);
#4281=ORIENTED_EDGE('',*,*,#3073,.T.);
#4282=ORIENTED_EDGE('',*,*,#3299,.T.);
#4283=ORIENTED_EDGE('',*,*,#3215,.T.);
#4284=ORIENTED_EDGE('',*,*,#3219,.T.);
#4285=ORIENTED_EDGE('',*,*,#3297,.T.);
#4286=ORIENTED_EDGE('',*,*,#3072,.T.);
#4287=ORIENTED_EDGE('',*,*,#3300,.F.);
#4288=ORIENTED_EDGE('',*,*,#3301,.F.);
#4289=ORIENTED_EDGE('',*,*,#3216,.F.);
#4290=ORIENTED_EDGE('',*,*,#3299,.F.);
#4291=ORIENTED_EDGE('',*,*,#3071,.T.);
#4292=ORIENTED_EDGE('',*,*,#3298,.T.);
#4293=ORIENTED_EDGE('',*,*,#3220,.T.);
#4294=ORIENTED_EDGE('',*,*,#3217,.T.);
#4295=ORIENTED_EDGE('',*,*,#3301,.T.);
#4296=ORIENTED_EDGE('',*,*,#3070,.T.);
#4297=ORIENTED_EDGE('',*,*,#3223,.T.);
#4298=ORIENTED_EDGE('',*,*,#3302,.F.);
#4299=ORIENTED_EDGE('',*,*,#3303,.F.);
#4300=ORIENTED_EDGE('',*,*,#3304,.T.);
#4301=ORIENTED_EDGE('',*,*,#3069,.F.);
#4302=ORIENTED_EDGE('',*,*,#3305,.T.);
#4303=ORIENTED_EDGE('',*,*,#3076,.F.);
#4304=ORIENTED_EDGE('',*,*,#3306,.T.);
#4305=ORIENTED_EDGE('',*,*,#3307,.F.);
#4306=ORIENTED_EDGE('',*,*,#3302,.T.);
#4307=ORIENTED_EDGE('',*,*,#3075,.F.);
#4308=ORIENTED_EDGE('',*,*,#3308,.F.);
#4309=ORIENTED_EDGE('',*,*,#3293,.F.);
#4310=ORIENTED_EDGE('',*,*,#3309,.F.);
#4311=ORIENTED_EDGE('',*,*,#3306,.F.);
#4312=ORIENTED_EDGE('',*,*,#3074,.F.);
#4313=ORIENTED_EDGE('',*,*,#3310,.F.);
#4314=ORIENTED_EDGE('',*,*,#3311,.F.);
#4315=ORIENTED_EDGE('',*,*,#3308,.T.);
#4316=ORIENTED_EDGE('',*,*,#3077,.F.);
#4317=ORIENTED_EDGE('',*,*,#3305,.F.);
#4318=ORIENTED_EDGE('',*,*,#3068,.F.);
#4319=ORIENTED_EDGE('',*,*,#3224,.T.);
#4320=ORIENTED_EDGE('',*,*,#3312,.T.);
#4321=ORIENTED_EDGE('',*,*,#3094,.T.);
#4322=ORIENTED_EDGE('',*,*,#3312,.F.);
#4323=ORIENTED_EDGE('',*,*,#3267,.T.);
#4324=ORIENTED_EDGE('',*,*,#3313,.T.);
#4325=ORIENTED_EDGE('',*,*,#3095,.T.);
#4326=ORIENTED_EDGE('',*,*,#3313,.F.);
#4327=ORIENTED_EDGE('',*,*,#3314,.T.);
#4328=ORIENTED_EDGE('',*,*,#3231,.T.);
#4329=ORIENTED_EDGE('',*,*,#3315,.T.);
#4330=ORIENTED_EDGE('',*,*,#3089,.F.);
#4331=ORIENTED_EDGE('',*,*,#3316,.F.);
#4332=ORIENTED_EDGE('',*,*,#3225,.F.);
#4333=ORIENTED_EDGE('',*,*,#3229,.F.);
#4334=ORIENTED_EDGE('',*,*,#3314,.F.);
#4335=ORIENTED_EDGE('',*,*,#3088,.F.);
#4336=ORIENTED_EDGE('',*,*,#3317,.T.);
#4337=ORIENTED_EDGE('',*,*,#3318,.T.);
#4338=ORIENTED_EDGE('',*,*,#3226,.F.);
#4339=ORIENTED_EDGE('',*,*,#3316,.T.);
#4340=ORIENTED_EDGE('',*,*,#3087,.F.);
#4341=ORIENTED_EDGE('',*,*,#3315,.F.);
#4342=ORIENTED_EDGE('',*,*,#3230,.F.);
#4343=ORIENTED_EDGE('',*,*,#3227,.F.);
#4344=ORIENTED_EDGE('',*,*,#3318,.F.);
#4345=ORIENTED_EDGE('',*,*,#3086,.F.);
#4346=ORIENTED_EDGE('',*,*,#3232,.F.);
#4347=ORIENTED_EDGE('',*,*,#3319,.F.);
#4348=ORIENTED_EDGE('',*,*,#3320,.T.);
#4349=ORIENTED_EDGE('',*,*,#3321,.T.);
#4350=ORIENTED_EDGE('',*,*,#3081,.T.);
#4351=ORIENTED_EDGE('',*,*,#3322,.T.);
#4352=ORIENTED_EDGE('',*,*,#3091,.T.);
#4353=ORIENTED_EDGE('',*,*,#3323,.T.);
#4354=ORIENTED_EDGE('',*,*,#3324,.F.);
#4355=ORIENTED_EDGE('',*,*,#3325,.F.);
#4356=ORIENTED_EDGE('',*,*,#3235,.F.);
#4357=ORIENTED_EDGE('',*,*,#3326,.F.);
#4358=ORIENTED_EDGE('',*,*,#3327,.T.);
#4359=ORIENTED_EDGE('',*,*,#3328,.T.);
#4360=ORIENTED_EDGE('',*,*,#3092,.T.);
#4361=ORIENTED_EDGE('',*,*,#3322,.F.);
#4362=ORIENTED_EDGE('',*,*,#3080,.T.);
#4363=ORIENTED_EDGE('',*,*,#3328,.F.);
#4364=ORIENTED_EDGE('',*,*,#3329,.T.);
#4365=ORIENTED_EDGE('',*,*,#3330,.F.);
#4366=ORIENTED_EDGE('',*,*,#3093,.T.);
#4367=ORIENTED_EDGE('',*,*,#3330,.T.);
#4368=ORIENTED_EDGE('',*,*,#3331,.T.);
#4369=ORIENTED_EDGE('',*,*,#3332,.T.);
#4370=ORIENTED_EDGE('',*,*,#3319,.T.);
#4371=ORIENTED_EDGE('',*,*,#3090,.T.);
#4372=ORIENTED_EDGE('',*,*,#3333,.T.);
#4373=ORIENTED_EDGE('',*,*,#3334,.F.);
#4374=ORIENTED_EDGE('',*,*,#3332,.F.);
#4375=ORIENTED_EDGE('',*,*,#3335,.T.);
#4376=ORIENTED_EDGE('',*,*,#3323,.F.);
#4377=ORIENTED_EDGE('',*,*,#3336,.F.);
#4378=ORIENTED_EDGE('',*,*,#3337,.T.);
#4379=ORIENTED_EDGE('',*,*,#3338,.F.);
#4380=ORIENTED_EDGE('',*,*,#3339,.F.);
#4381=ORIENTED_EDGE('',*,*,#3340,.F.);
#4382=ORIENTED_EDGE('',*,*,#3240,.F.);
#4383=ORIENTED_EDGE('',*,*,#3244,.F.);
#4384=ORIENTED_EDGE('',*,*,#3341,.F.);
#4385=ORIENTED_EDGE('',*,*,#3236,.F.);
#4386=ORIENTED_EDGE('',*,*,#3342,.T.);
#4387=ORIENTED_EDGE('',*,*,#3241,.T.);
#4388=ORIENTED_EDGE('',*,*,#3340,.T.);
#4389=ORIENTED_EDGE('',*,*,#3343,.F.);
#4390=ORIENTED_EDGE('',*,*,#3344,.T.);
#4391=ORIENTED_EDGE('',*,*,#3345,.F.);
#4392=ORIENTED_EDGE('',*,*,#3242,.F.);
#4393=ORIENTED_EDGE('',*,*,#3238,.F.);
#4394=ORIENTED_EDGE('',*,*,#3342,.F.);
#4395=ORIENTED_EDGE('',*,*,#3276,.T.);
#4396=ORIENTED_EDGE('',*,*,#3345,.T.);
#4397=ORIENTED_EDGE('',*,*,#3346,.F.);
#4398=ORIENTED_EDGE('',*,*,#3341,.T.);
#4399=ORIENTED_EDGE('',*,*,#3243,.F.);
#4400=ORIENTED_EDGE('',*,*,#3260,.F.);
#4401=ORIENTED_EDGE('',*,*,#3347,.T.);
#4402=ORIENTED_EDGE('',*,*,#3348,.F.);
#4403=ORIENTED_EDGE('',*,*,#3347,.F.);
#4404=ORIENTED_EDGE('',*,*,#3349,.F.);
#4405=ORIENTED_EDGE('',*,*,#3350,.T.);
#4406=ORIENTED_EDGE('',*,*,#3245,.T.);
#4407=ORIENTED_EDGE('',*,*,#3350,.F.);
#4408=ORIENTED_EDGE('',*,*,#3273,.T.);
#4409=ORIENTED_EDGE('',*,*,#3351,.T.);
#4410=ORIENTED_EDGE('',*,*,#3352,.F.);
#4411=ORIENTED_EDGE('',*,*,#3351,.F.);
#4412=ORIENTED_EDGE('',*,*,#3353,.T.);
#4413=ORIENTED_EDGE('',*,*,#3254,.T.);
#4414=ORIENTED_EDGE('',*,*,#3354,.T.);
#4415=ORIENTED_EDGE('',*,*,#3355,.F.);
#4416=ORIENTED_EDGE('',*,*,#3353,.F.);
#4417=ORIENTED_EDGE('',*,*,#3356,.T.);
#4418=ORIENTED_EDGE('',*,*,#3357,.F.);
#4419=ORIENTED_EDGE('',*,*,#3248,.F.);
#4420=ORIENTED_EDGE('',*,*,#3252,.F.);
#4421=ORIENTED_EDGE('',*,*,#3279,.T.);
#4422=ORIENTED_EDGE('',*,*,#3357,.T.);
#4423=ORIENTED_EDGE('',*,*,#3358,.F.);
#4424=ORIENTED_EDGE('',*,*,#3359,.T.);
#4425=ORIENTED_EDGE('',*,*,#3249,.F.);
#4426=ORIENTED_EDGE('',*,*,#3354,.F.);
#4427=ORIENTED_EDGE('',*,*,#3253,.F.);
#4428=ORIENTED_EDGE('',*,*,#3250,.F.);
#4429=ORIENTED_EDGE('',*,*,#3359,.F.);
#4430=ORIENTED_EDGE('',*,*,#3360,.F.);
#4431=ORIENTED_EDGE('',*,*,#3246,.F.);
#4432=ORIENTED_EDGE('',*,*,#3361,.F.);
#4433=ORIENTED_EDGE('',*,*,#3362,.T.);
#4434=ORIENTED_EDGE('',*,*,#3255,.T.);
#4435=ORIENTED_EDGE('',*,*,#3362,.F.);
#4436=ORIENTED_EDGE('',*,*,#3363,.F.);
#4437=ORIENTED_EDGE('',*,*,#3364,.F.);
#4438=ORIENTED_EDGE('',*,*,#3365,.F.);
#4439=ORIENTED_EDGE('',*,*,#3366,.F.);
#4440=ORIENTED_EDGE('',*,*,#3283,.T.);
#4441=ORIENTED_EDGE('',*,*,#3367,.T.);
#4442=ORIENTED_EDGE('',*,*,#3256,.T.);
#4443=ORIENTED_EDGE('',*,*,#3368,.T.);
#4444=ORIENTED_EDGE('',*,*,#3369,.T.);
#4445=ORIENTED_EDGE('',*,*,#3259,.F.);
#4446=ORIENTED_EDGE('',*,*,#3369,.F.);
#4447=ORIENTED_EDGE('',*,*,#3370,.T.);
#4448=ORIENTED_EDGE('',*,*,#3371,.F.);
#4449=ORIENTED_EDGE('',*,*,#3372,.F.);
#4450=ORIENTED_EDGE('',*,*,#3373,.F.);
#4451=ORIENTED_EDGE('',*,*,#3370,.F.);
#4452=ORIENTED_EDGE('',*,*,#3374,.T.);
#4453=ORIENTED_EDGE('',*,*,#3375,.T.);
#4454=ORIENTED_EDGE('',*,*,#3376,.F.);
#4455=ORIENTED_EDGE('',*,*,#3377,.F.);
#4456=ORIENTED_EDGE('',*,*,#3378,.F.);
#4457=ORIENTED_EDGE('',*,*,#3379,.F.);
#4458=ORIENTED_EDGE('',*,*,#3375,.F.);
#4459=ORIENTED_EDGE('',*,*,#3380,.F.);
#4460=ORIENTED_EDGE('',*,*,#3381,.F.);
#4461=ORIENTED_EDGE('',*,*,#3382,.T.);
#4462=ORIENTED_EDGE('',*,*,#3383,.F.);
#4463=ORIENTED_EDGE('',*,*,#3382,.F.);
#4464=ORIENTED_EDGE('',*,*,#3384,.T.);
#4465=ORIENTED_EDGE('',*,*,#3385,.T.);
#4466=ORIENTED_EDGE('',*,*,#3386,.F.);
#4467=ORIENTED_EDGE('',*,*,#3387,.F.);
#4468=ORIENTED_EDGE('',*,*,#3388,.F.);
#4469=ORIENTED_EDGE('',*,*,#3385,.F.);
#4470=ORIENTED_EDGE('',*,*,#3389,.F.);
#4471=ORIENTED_EDGE('',*,*,#3390,.T.);
#4472=ORIENTED_EDGE('',*,*,#3391,.T.);
#4473=ORIENTED_EDGE('',*,*,#3180,.T.);
#4474=ORIENTED_EDGE('',*,*,#3201,.T.);
#4475=ORIENTED_EDGE('',*,*,#3182,.F.);
#4476=ORIENTED_EDGE('',*,*,#3392,.F.);
#4477=ORIENTED_EDGE('',*,*,#3393,.T.);
#4478=ORIENTED_EDGE('',*,*,#3394,.T.);
#4479=ORIENTED_EDGE('',*,*,#3395,.T.);
#4480=ORIENTED_EDGE('',*,*,#3197,.F.);
#4481=ORIENTED_EDGE('',*,*,#3167,.T.);
#4482=ORIENTED_EDGE('',*,*,#3202,.T.);
#4483=ORIENTED_EDGE('',*,*,#3396,.F.);
#4484=ORIENTED_EDGE('',*,*,#3397,.T.);
#4485=ORIENTED_EDGE('',*,*,#3262,.T.);
#4486=ORIENTED_EDGE('',*,*,#3397,.F.);
#4487=ORIENTED_EDGE('',*,*,#3398,.F.);
#4488=ORIENTED_EDGE('',*,*,#3399,.T.);
#4489=ORIENTED_EDGE('',*,*,#3400,.T.);
#4490=ORIENTED_EDGE('',*,*,#3399,.F.);
#4491=ORIENTED_EDGE('',*,*,#3401,.F.);
#4492=ORIENTED_EDGE('',*,*,#3402,.T.);
#4493=ORIENTED_EDGE('',*,*,#3264,.T.);
#4494=ORIENTED_EDGE('',*,*,#3402,.F.);
#4495=ORIENTED_EDGE('',*,*,#3403,.F.);
#4496=ORIENTED_EDGE('',*,*,#3404,.T.);
#4497=ORIENTED_EDGE('',*,*,#3266,.T.);
#4498=ORIENTED_EDGE('',*,*,#3404,.F.);
#4499=ORIENTED_EDGE('',*,*,#3405,.F.);
#4500=ORIENTED_EDGE('',*,*,#3406,.T.);
#4501=ORIENTED_EDGE('',*,*,#3269,.T.);
#4502=ORIENTED_EDGE('',*,*,#3406,.F.);
#4503=ORIENTED_EDGE('',*,*,#3407,.F.);
#4504=ORIENTED_EDGE('',*,*,#3408,.T.);
#4505=ORIENTED_EDGE('',*,*,#3409,.T.);
#4506=ORIENTED_EDGE('',*,*,#3408,.F.);
#4507=ORIENTED_EDGE('',*,*,#3272,.F.);
#4508=ORIENTED_EDGE('',*,*,#3410,.T.);
#4509=ORIENTED_EDGE('',*,*,#3411,.T.);
#4510=ORIENTED_EDGE('',*,*,#3410,.F.);
#4511=ORIENTED_EDGE('',*,*,#3412,.F.);
#4512=ORIENTED_EDGE('',*,*,#3413,.T.);
#4513=ORIENTED_EDGE('',*,*,#3414,.T.);
#4514=ORIENTED_EDGE('',*,*,#3413,.F.);
#4515=ORIENTED_EDGE('',*,*,#3415,.F.);
#4516=ORIENTED_EDGE('',*,*,#3416,.T.);
#4517=ORIENTED_EDGE('',*,*,#3275,.T.);
#4518=ORIENTED_EDGE('',*,*,#3416,.F.);
#4519=ORIENTED_EDGE('',*,*,#3417,.F.);
#4520=ORIENTED_EDGE('',*,*,#3418,.T.);
#4521=ORIENTED_EDGE('',*,*,#3419,.T.);
#4522=ORIENTED_EDGE('',*,*,#3418,.F.);
#4523=ORIENTED_EDGE('',*,*,#3420,.T.);
#4524=ORIENTED_EDGE('',*,*,#3421,.T.);
#4525=ORIENTED_EDGE('',*,*,#3422,.F.);
#4526=ORIENTED_EDGE('',*,*,#3423,.T.);
#4527=ORIENTED_EDGE('',*,*,#3422,.T.);
#4528=ORIENTED_EDGE('',*,*,#3424,.T.);
#4529=ORIENTED_EDGE('',*,*,#3425,.T.);
#4530=ORIENTED_EDGE('',*,*,#3426,.T.);
#4531=ORIENTED_EDGE('',*,*,#3427,.F.);
#4532=ORIENTED_EDGE('',*,*,#3428,.F.);
#4533=ORIENTED_EDGE('',*,*,#3429,.T.);
#4534=ORIENTED_EDGE('',*,*,#3425,.F.);
#4535=ORIENTED_EDGE('',*,*,#3281,.T.);
#4536=ORIENTED_EDGE('',*,*,#3278,.T.);
#4537=ORIENTED_EDGE('',*,*,#3430,.T.);
#4538=ORIENTED_EDGE('',*,*,#3431,.T.);
#4539=ORIENTED_EDGE('',*,*,#3428,.T.);
#4540=ORIENTED_EDGE('',*,*,#3432,.T.);
#4541=ORIENTED_EDGE('',*,*,#3433,.T.);
#4542=ORIENTED_EDGE('',*,*,#3434,.T.);
#4543=ORIENTED_EDGE('',*,*,#3433,.F.);
#4544=ORIENTED_EDGE('',*,*,#3435,.T.);
#4545=ORIENTED_EDGE('',*,*,#3336,.T.);
#4546=ORIENTED_EDGE('',*,*,#3325,.T.);
#4547=ORIENTED_EDGE('',*,*,#3436,.F.);
#4548=ORIENTED_EDGE('',*,*,#3437,.T.);
#4549=ORIENTED_EDGE('',*,*,#3438,.F.);
#4550=ORIENTED_EDGE('',*,*,#3439,.T.);
#4551=ORIENTED_EDGE('',*,*,#3290,.F.);
#4552=ORIENTED_EDGE('',*,*,#3440,.F.);
#4553=ORIENTED_EDGE('',*,*,#3441,.T.);
#4554=ORIENTED_EDGE('',*,*,#3442,.F.);
#4555=ORIENTED_EDGE('',*,*,#3443,.T.);
#4556=ORIENTED_EDGE('',*,*,#3286,.F.);
#4557=ORIENTED_EDGE('',*,*,#3444,.F.);
#4558=ORIENTED_EDGE('',*,*,#3445,.T.);
#4559=ORIENTED_EDGE('',*,*,#3446,.T.);
#4560=ORIENTED_EDGE('',*,*,#3445,.F.);
#4561=ORIENTED_EDGE('',*,*,#3447,.F.);
#4562=ORIENTED_EDGE('',*,*,#3448,.T.);
#4563=ORIENTED_EDGE('',*,*,#3284,.T.);
#4564=ORIENTED_EDGE('',*,*,#3366,.T.);
#4565=ORIENTED_EDGE('',*,*,#3449,.T.);
#4566=ORIENTED_EDGE('',*,*,#3363,.T.);
#4567=ORIENTED_EDGE('',*,*,#3282,.T.);
#4568=ORIENTED_EDGE('',*,*,#3448,.F.);
#4569=ORIENTED_EDGE('',*,*,#3450,.F.);
#4570=ORIENTED_EDGE('',*,*,#3451,.T.);
#4571=ORIENTED_EDGE('',*,*,#3183,.T.);
#4572=ORIENTED_EDGE('',*,*,#3156,.T.);
#4573=ORIENTED_EDGE('',*,*,#3452,.T.);
#4574=ORIENTED_EDGE('',*,*,#3194,.T.);
#4575=ORIENTED_EDGE('',*,*,#3453,.F.);
#4576=ORIENTED_EDGE('',*,*,#3454,.F.);
#4577=ORIENTED_EDGE('',*,*,#3185,.F.);
#4578=ORIENTED_EDGE('',*,*,#3455,.T.);
#4579=ORIENTED_EDGE('',*,*,#3453,.T.);
#4580=ORIENTED_EDGE('',*,*,#3193,.F.);
#4581=ORIENTED_EDGE('',*,*,#3191,.T.);
#4582=ORIENTED_EDGE('',*,*,#3158,.T.);
#4583=ORIENTED_EDGE('',*,*,#3456,.F.);
#4584=ORIENTED_EDGE('',*,*,#3457,.F.);
#4585=ORIENTED_EDGE('',*,*,#3450,.T.);
#4586=ORIENTED_EDGE('',*,*,#3155,.T.);
#4587=ORIENTED_EDGE('',*,*,#3458,.T.);
#4588=ORIENTED_EDGE('',*,*,#3459,.T.);
#4589=ORIENTED_EDGE('',*,*,#3460,.T.);
#4590=ORIENTED_EDGE('',*,*,#3461,.T.);
#4591=ORIENTED_EDGE('',*,*,#3462,.F.);
#4592=ORIENTED_EDGE('',*,*,#3420,.F.);
#4593=ORIENTED_EDGE('',*,*,#3423,.F.);
#4594=ORIENTED_EDGE('',*,*,#3463,.F.);
#4595=ORIENTED_EDGE('',*,*,#3464,.T.);
#4596=ORIENTED_EDGE('',*,*,#3288,.F.);
#4597=ORIENTED_EDGE('',*,*,#3287,.F.);
#4598=ORIENTED_EDGE('',*,*,#3443,.F.);
#4599=ORIENTED_EDGE('',*,*,#3465,.F.);
#4600=ORIENTED_EDGE('',*,*,#3466,.T.);
#4601=ORIENTED_EDGE('',*,*,#3467,.F.);
#4602=ORIENTED_EDGE('',*,*,#3303,.T.);
#4603=ORIENTED_EDGE('',*,*,#3307,.T.);
#4604=ORIENTED_EDGE('',*,*,#3309,.T.);
#4605=ORIENTED_EDGE('',*,*,#3292,.T.);
#4606=ORIENTED_EDGE('',*,*,#3468,.T.);
#4607=ORIENTED_EDGE('',*,*,#3440,.T.);
#4608=ORIENTED_EDGE('',*,*,#3289,.T.);
#4609=ORIENTED_EDGE('',*,*,#3467,.T.);
#4610=ORIENTED_EDGE('',*,*,#3469,.T.);
#4611=ORIENTED_EDGE('',*,*,#3470,.T.);
#4612=ORIENTED_EDGE('',*,*,#3471,.F.);
#4613=ORIENTED_EDGE('',*,*,#3472,.T.);
#4614=ORIENTED_EDGE('',*,*,#3304,.F.);
#4615=ORIENTED_EDGE('',*,*,#3472,.F.);
#4616=ORIENTED_EDGE('',*,*,#3473,.T.);
#4617=ORIENTED_EDGE('',*,*,#3064,.F.);
#4618=ORIENTED_EDGE('',*,*,#3474,.F.);
#4619=ORIENTED_EDGE('',*,*,#3097,.F.);
#4620=ORIENTED_EDGE('',*,*,#3475,.T.);
#4621=ORIENTED_EDGE('',*,*,#3476,.F.);
#4622=ORIENTED_EDGE('',*,*,#3477,.T.);
#4623=ORIENTED_EDGE('',*,*,#3478,.F.);
#4624=ORIENTED_EDGE('',*,*,#3475,.F.);
#4625=ORIENTED_EDGE('',*,*,#3096,.F.);
#4626=ORIENTED_EDGE('',*,*,#3479,.T.);
#4627=ORIENTED_EDGE('',*,*,#3480,.F.);
#4628=ORIENTED_EDGE('',*,*,#3481,.T.);
#4629=ORIENTED_EDGE('',*,*,#3482,.T.);
#4630=ORIENTED_EDGE('',*,*,#3483,.F.);
#4631=ORIENTED_EDGE('',*,*,#3479,.F.);
#4632=ORIENTED_EDGE('',*,*,#3484,.T.);
#4633=ORIENTED_EDGE('',*,*,#3485,.F.);
#4634=ORIENTED_EDGE('',*,*,#3486,.F.);
#4635=ORIENTED_EDGE('',*,*,#3485,.T.);
#4636=ORIENTED_EDGE('',*,*,#3487,.T.);
#4637=ORIENTED_EDGE('',*,*,#3488,.T.);
#4638=ORIENTED_EDGE('',*,*,#3489,.F.);
#4639=ORIENTED_EDGE('',*,*,#3488,.F.);
#4640=ORIENTED_EDGE('',*,*,#3490,.F.);
#4641=ORIENTED_EDGE('',*,*,#3491,.F.);
#4642=ORIENTED_EDGE('',*,*,#3492,.F.);
#4643=ORIENTED_EDGE('',*,*,#3491,.T.);
#4644=ORIENTED_EDGE('',*,*,#3493,.T.);
#4645=ORIENTED_EDGE('',*,*,#3494,.T.);
#4646=ORIENTED_EDGE('',*,*,#3101,.T.);
#4647=ORIENTED_EDGE('',*,*,#3495,.F.);
#4648=ORIENTED_EDGE('',*,*,#3481,.F.);
#4649=ORIENTED_EDGE('',*,*,#3496,.F.);
#4650=ORIENTED_EDGE('',*,*,#3477,.F.);
#4651=ORIENTED_EDGE('',*,*,#3317,.F.);
#4652=ORIENTED_EDGE('',*,*,#3497,.T.);
#4653=ORIENTED_EDGE('',*,*,#3498,.F.);
#4654=ORIENTED_EDGE('',*,*,#3497,.F.);
#4655=ORIENTED_EDGE('',*,*,#3499,.T.);
#4656=ORIENTED_EDGE('',*,*,#3500,.T.);
#4657=ORIENTED_EDGE('',*,*,#3300,.T.);
#4658=ORIENTED_EDGE('',*,*,#3500,.F.);
#4659=ORIENTED_EDGE('',*,*,#3501,.F.);
#4660=ORIENTED_EDGE('',*,*,#3502,.T.);
#4661=ORIENTED_EDGE('',*,*,#3310,.T.);
#4662=ORIENTED_EDGE('',*,*,#3067,.F.);
#4663=ORIENTED_EDGE('',*,*,#3503,.T.);
#4664=ORIENTED_EDGE('',*,*,#3294,.F.);
#4665=ORIENTED_EDGE('',*,*,#3311,.T.);
#4666=ORIENTED_EDGE('',*,*,#3502,.F.);
#4667=ORIENTED_EDGE('',*,*,#3504,.F.);
#4668=ORIENTED_EDGE('',*,*,#3291,.F.);
#4669=ORIENTED_EDGE('',*,*,#3503,.F.);
#4670=ORIENTED_EDGE('',*,*,#3505,.F.);
#4671=ORIENTED_EDGE('',*,*,#3506,.F.);
#4672=ORIENTED_EDGE('',*,*,#3441,.F.);
#4673=ORIENTED_EDGE('',*,*,#3468,.F.);
#4674=ORIENTED_EDGE('',*,*,#3507,.F.);
#4675=ORIENTED_EDGE('',*,*,#3438,.T.);
#4676=ORIENTED_EDGE('',*,*,#3508,.F.);
#4677=ORIENTED_EDGE('',*,*,#3509,.F.);
#4678=ORIENTED_EDGE('',*,*,#3510,.F.);
#4679=ORIENTED_EDGE('',*,*,#3333,.F.);
#4680=ORIENTED_EDGE('',*,*,#3510,.T.);
#4681=ORIENTED_EDGE('',*,*,#3511,.T.);
#4682=ORIENTED_EDGE('',*,*,#3512,.T.);
#4683=ORIENTED_EDGE('',*,*,#3320,.F.);
#4684=ORIENTED_EDGE('',*,*,#3334,.T.);
#4685=ORIENTED_EDGE('',*,*,#3321,.F.);
#4686=ORIENTED_EDGE('',*,*,#3512,.F.);
#4687=ORIENTED_EDGE('',*,*,#3513,.T.);
#4688=ORIENTED_EDGE('',*,*,#3082,.T.);
#4689=ORIENTED_EDGE('',*,*,#3514,.F.);
#4690=ORIENTED_EDGE('',*,*,#3494,.F.);
#4691=ORIENTED_EDGE('',*,*,#3515,.F.);
#4692=ORIENTED_EDGE('',*,*,#3516,.F.);
#4693=ORIENTED_EDGE('',*,*,#3517,.F.);
#4694=ORIENTED_EDGE('',*,*,#3518,.T.);
#4695=ORIENTED_EDGE('',*,*,#3326,.T.);
#4696=ORIENTED_EDGE('',*,*,#3085,.T.);
#4697=ORIENTED_EDGE('',*,*,#3519,.T.);
#4698=ORIENTED_EDGE('',*,*,#3520,.T.);
#4699=ORIENTED_EDGE('',*,*,#3521,.T.);
#4700=ORIENTED_EDGE('',*,*,#3522,.T.);
#4701=ORIENTED_EDGE('',*,*,#3523,.T.);
#4702=ORIENTED_EDGE('',*,*,#3524,.F.);
#4703=ORIENTED_EDGE('',*,*,#3525,.F.);
#4704=ORIENTED_EDGE('',*,*,#3520,.F.);
#4705=ORIENTED_EDGE('',*,*,#3526,.T.);
#4706=ORIENTED_EDGE('',*,*,#3527,.T.);
#4707=ORIENTED_EDGE('',*,*,#3528,.F.);
#4708=ORIENTED_EDGE('',*,*,#3524,.T.);
#4709=ORIENTED_EDGE('',*,*,#3527,.F.);
#4710=ORIENTED_EDGE('',*,*,#3529,.T.);
#4711=ORIENTED_EDGE('',*,*,#3530,.F.);
#4712=ORIENTED_EDGE('',*,*,#3531,.F.);
#4713=ORIENTED_EDGE('',*,*,#3532,.T.);
#4714=ORIENTED_EDGE('',*,*,#3533,.T.);
#4715=ORIENTED_EDGE('',*,*,#3534,.T.);
#4716=ORIENTED_EDGE('',*,*,#3530,.T.);
#4717=ORIENTED_EDGE('',*,*,#3535,.T.);
#4718=ORIENTED_EDGE('',*,*,#3536,.F.);
#4719=ORIENTED_EDGE('',*,*,#3537,.F.);
#4720=ORIENTED_EDGE('',*,*,#3533,.F.);
#4721=ORIENTED_EDGE('',*,*,#3538,.T.);
#4722=ORIENTED_EDGE('',*,*,#3539,.T.);
#4723=ORIENTED_EDGE('',*,*,#3540,.T.);
#4724=ORIENTED_EDGE('',*,*,#3536,.T.);
#4725=ORIENTED_EDGE('',*,*,#3338,.T.);
#4726=ORIENTED_EDGE('',*,*,#3541,.T.);
#4727=ORIENTED_EDGE('',*,*,#3542,.F.);
#4728=ORIENTED_EDGE('',*,*,#3543,.T.);
#4729=ORIENTED_EDGE('',*,*,#3436,.T.);
#4730=ORIENTED_EDGE('',*,*,#3324,.T.);
#4731=ORIENTED_EDGE('',*,*,#3518,.F.);
#4732=ORIENTED_EDGE('',*,*,#3544,.T.);
#4733=ORIENTED_EDGE('',*,*,#3545,.F.);
#4734=ORIENTED_EDGE('',*,*,#3546,.F.);
#4735=ORIENTED_EDGE('',*,*,#3541,.F.);
#4736=ORIENTED_EDGE('',*,*,#3337,.F.);
#4737=ORIENTED_EDGE('',*,*,#3439,.F.);
#4738=ORIENTED_EDGE('',*,*,#3507,.T.);
#4739=ORIENTED_EDGE('',*,*,#3335,.F.);
#4740=ORIENTED_EDGE('',*,*,#3331,.F.);
#4741=ORIENTED_EDGE('',*,*,#3329,.F.);
#4742=ORIENTED_EDGE('',*,*,#3327,.F.);
#4743=ORIENTED_EDGE('',*,*,#3547,.F.);
#4744=ORIENTED_EDGE('',*,*,#3548,.F.);
#4745=ORIENTED_EDGE('',*,*,#3430,.F.);
#4746=ORIENTED_EDGE('',*,*,#3434,.F.);
#4747=ORIENTED_EDGE('',*,*,#3549,.F.);
#4748=ORIENTED_EDGE('',*,*,#3550,.T.);
#4749=ORIENTED_EDGE('',*,*,#3551,.T.);
#4750=ORIENTED_EDGE('',*,*,#3552,.T.);
#4751=ORIENTED_EDGE('',*,*,#3553,.F.);
#4752=ORIENTED_EDGE('',*,*,#3554,.T.);
#4753=ORIENTED_EDGE('',*,*,#3555,.F.);
#4754=ORIENTED_EDGE('',*,*,#3556,.T.);
#4755=ORIENTED_EDGE('',*,*,#3551,.F.);
#4756=ORIENTED_EDGE('',*,*,#3557,.T.);
#4757=ORIENTED_EDGE('',*,*,#3558,.F.);
#4758=ORIENTED_EDGE('',*,*,#3559,.F.);
#4759=ORIENTED_EDGE('',*,*,#3560,.F.);
#4760=ORIENTED_EDGE('',*,*,#3561,.F.);
#4761=ORIENTED_EDGE('',*,*,#3562,.F.);
#4762=ORIENTED_EDGE('',*,*,#3563,.F.);
#4763=ORIENTED_EDGE('',*,*,#3564,.F.);
#4764=ORIENTED_EDGE('',*,*,#3565,.F.);
#4765=ORIENTED_EDGE('',*,*,#3566,.F.);
#4766=ORIENTED_EDGE('',*,*,#3567,.F.);
#4767=ORIENTED_EDGE('',*,*,#3568,.F.);
#4768=ORIENTED_EDGE('',*,*,#3569,.T.);
#4769=ORIENTED_EDGE('',*,*,#3463,.T.);
#4770=ORIENTED_EDGE('',*,*,#3426,.F.);
#4771=ORIENTED_EDGE('',*,*,#3429,.F.);
#4772=ORIENTED_EDGE('',*,*,#3431,.F.);
#4773=ORIENTED_EDGE('',*,*,#3548,.T.);
#4774=ORIENTED_EDGE('',*,*,#3570,.F.);
#4775=ORIENTED_EDGE('',*,*,#3571,.T.);
#4776=ORIENTED_EDGE('',*,*,#3572,.T.);
#4777=ORIENTED_EDGE('',*,*,#3573,.T.);
#4778=ORIENTED_EDGE('',*,*,#3574,.T.);
#4779=ORIENTED_EDGE('',*,*,#3575,.T.);
#4780=ORIENTED_EDGE('',*,*,#3576,.T.);
#4781=ORIENTED_EDGE('',*,*,#3577,.T.);
#4782=ORIENTED_EDGE('',*,*,#3578,.T.);
#4783=ORIENTED_EDGE('',*,*,#3579,.T.);
#4784=ORIENTED_EDGE('',*,*,#3580,.T.);
#4785=ORIENTED_EDGE('',*,*,#3581,.F.);
#4786=ORIENTED_EDGE('',*,*,#3555,.T.);
#4787=ORIENTED_EDGE('',*,*,#3582,.F.);
#4788=ORIENTED_EDGE('',*,*,#3361,.T.);
#4789=ORIENTED_EDGE('',*,*,#3360,.T.);
#4790=ORIENTED_EDGE('',*,*,#3358,.T.);
#4791=ORIENTED_EDGE('',*,*,#3356,.F.);
#4792=ORIENTED_EDGE('',*,*,#3355,.T.);
#4793=ORIENTED_EDGE('',*,*,#3352,.T.);
#4794=ORIENTED_EDGE('',*,*,#3349,.T.);
#4795=ORIENTED_EDGE('',*,*,#3348,.T.);
#4796=ORIENTED_EDGE('',*,*,#3346,.T.);
#4797=ORIENTED_EDGE('',*,*,#3344,.F.);
#4798=ORIENTED_EDGE('',*,*,#3343,.T.);
#4799=ORIENTED_EDGE('',*,*,#3339,.T.);
#4800=ORIENTED_EDGE('',*,*,#3583,.F.);
#4801=ORIENTED_EDGE('',*,*,#3584,.F.);
#4802=ORIENTED_EDGE('',*,*,#3585,.F.);
#4803=ORIENTED_EDGE('',*,*,#3586,.F.);
#4804=ORIENTED_EDGE('',*,*,#3587,.F.);
#4805=ORIENTED_EDGE('',*,*,#3588,.T.);
#4806=ORIENTED_EDGE('',*,*,#3364,.T.);
#4807=ORIENTED_EDGE('',*,*,#3449,.F.);
#4808=ORIENTED_EDGE('',*,*,#3365,.T.);
#4809=ORIENTED_EDGE('',*,*,#3588,.F.);
#4810=ORIENTED_EDGE('',*,*,#3589,.F.);
#4811=ORIENTED_EDGE('',*,*,#3590,.T.);
#4812=ORIENTED_EDGE('',*,*,#3446,.F.);
#4813=ORIENTED_EDGE('',*,*,#3590,.F.);
#4814=ORIENTED_EDGE('',*,*,#3591,.F.);
#4815=ORIENTED_EDGE('',*,*,#3592,.F.);
#4816=ORIENTED_EDGE('',*,*,#3593,.T.);
#4817=ORIENTED_EDGE('',*,*,#3387,.T.);
#4818=ORIENTED_EDGE('',*,*,#3594,.F.);
#4819=ORIENTED_EDGE('',*,*,#3380,.T.);
#4820=ORIENTED_EDGE('',*,*,#3595,.F.);
#4821=ORIENTED_EDGE('',*,*,#3596,.T.);
#4822=ORIENTED_EDGE('',*,*,#3383,.T.);
#4823=ORIENTED_EDGE('',*,*,#3386,.T.);
#4824=ORIENTED_EDGE('',*,*,#3388,.T.);
#4825=ORIENTED_EDGE('',*,*,#3593,.F.);
#4826=ORIENTED_EDGE('',*,*,#3597,.F.);
#4827=ORIENTED_EDGE('',*,*,#3598,.F.);
#4828=ORIENTED_EDGE('',*,*,#3599,.F.);
#4829=ORIENTED_EDGE('',*,*,#3595,.T.);
#4830=ORIENTED_EDGE('',*,*,#3600,.F.);
#4831=ORIENTED_EDGE('',*,*,#3601,.F.);
#4832=ORIENTED_EDGE('',*,*,#3602,.F.);
#4833=ORIENTED_EDGE('',*,*,#3378,.T.);
#4834=ORIENTED_EDGE('',*,*,#3603,.F.);
#4835=ORIENTED_EDGE('',*,*,#3604,.T.);
#4836=ORIENTED_EDGE('',*,*,#3371,.T.);
#4837=ORIENTED_EDGE('',*,*,#3376,.T.);
#4838=ORIENTED_EDGE('',*,*,#3379,.T.);
#4839=ORIENTED_EDGE('',*,*,#3602,.T.);
#4840=ORIENTED_EDGE('',*,*,#3605,.F.);
#4841=ORIENTED_EDGE('',*,*,#3606,.F.);
#4842=ORIENTED_EDGE('',*,*,#3372,.T.);
#4843=ORIENTED_EDGE('',*,*,#3604,.F.);
#4844=ORIENTED_EDGE('',*,*,#3607,.T.);
#4845=ORIENTED_EDGE('',*,*,#3608,.F.);
#4846=ORIENTED_EDGE('',*,*,#3609,.F.);
#4847=ORIENTED_EDGE('',*,*,#3610,.F.);
#4848=ORIENTED_EDGE('',*,*,#3611,.T.);
#4849=ORIENTED_EDGE('',*,*,#3367,.F.);
#4850=ORIENTED_EDGE('',*,*,#3611,.F.);
#4851=ORIENTED_EDGE('',*,*,#3591,.T.);
#4852=ORIENTED_EDGE('',*,*,#3389,.T.);
#4853=ORIENTED_EDGE('',*,*,#3384,.F.);
#4854=ORIENTED_EDGE('',*,*,#3381,.T.);
#4855=ORIENTED_EDGE('',*,*,#3594,.T.);
#4856=ORIENTED_EDGE('',*,*,#3612,.T.);
#4857=ORIENTED_EDGE('',*,*,#3613,.T.);
#4858=ORIENTED_EDGE('',*,*,#3614,.T.);
#4859=ORIENTED_EDGE('',*,*,#3600,.T.);
#4860=ORIENTED_EDGE('',*,*,#3377,.T.);
#4861=ORIENTED_EDGE('',*,*,#3374,.F.);
#4862=ORIENTED_EDGE('',*,*,#3373,.T.);
#4863=ORIENTED_EDGE('',*,*,#3606,.T.);
#4864=ORIENTED_EDGE('',*,*,#3615,.T.);
#4865=ORIENTED_EDGE('',*,*,#3608,.T.);
#4866=ORIENTED_EDGE('',*,*,#3610,.T.);
#4867=ORIENTED_EDGE('',*,*,#3616,.T.);
#4868=ORIENTED_EDGE('',*,*,#3617,.F.);
#4869=ORIENTED_EDGE('',*,*,#3368,.F.);
#4870=ORIENTED_EDGE('',*,*,#3618,.T.);
#4871=ORIENTED_EDGE('',*,*,#3619,.T.);
#4872=ORIENTED_EDGE('',*,*,#3620,.T.);
#4873=ORIENTED_EDGE('',*,*,#3621,.T.);
#4874=ORIENTED_EDGE('',*,*,#3622,.F.);
#4875=ORIENTED_EDGE('',*,*,#3623,.T.);
#4876=ORIENTED_EDGE('',*,*,#3624,.T.);
#4877=ORIENTED_EDGE('',*,*,#3625,.F.);
#4878=ORIENTED_EDGE('',*,*,#3626,.F.);
#4879=ORIENTED_EDGE('',*,*,#3627,.F.);
#4880=ORIENTED_EDGE('',*,*,#3628,.T.);
#4881=ORIENTED_EDGE('',*,*,#3629,.F.);
#4882=ORIENTED_EDGE('',*,*,#3630,.F.);
#4883=ORIENTED_EDGE('',*,*,#3631,.F.);
#4884=ORIENTED_EDGE('',*,*,#3632,.T.);
#4885=ORIENTED_EDGE('',*,*,#3409,.F.);
#4886=ORIENTED_EDGE('',*,*,#3632,.F.);
#4887=ORIENTED_EDGE('',*,*,#3633,.T.);
#4888=ORIENTED_EDGE('',*,*,#3634,.T.);
#4889=ORIENTED_EDGE('',*,*,#3635,.T.);
#4890=ORIENTED_EDGE('',*,*,#3636,.F.);
#4891=ORIENTED_EDGE('',*,*,#3637,.F.);
#4892=ORIENTED_EDGE('',*,*,#3638,.F.);
#4893=ORIENTED_EDGE('',*,*,#3639,.F.);
#4894=ORIENTED_EDGE('',*,*,#3640,.F.);
#4895=ORIENTED_EDGE('',*,*,#3641,.T.);
#4896=ORIENTED_EDGE('',*,*,#3400,.F.);
#4897=ORIENTED_EDGE('',*,*,#3641,.F.);
#4898=ORIENTED_EDGE('',*,*,#3642,.F.);
#4899=ORIENTED_EDGE('',*,*,#3643,.T.);
#4900=ORIENTED_EDGE('',*,*,#3419,.F.);
#4901=ORIENTED_EDGE('',*,*,#3643,.F.);
#4902=ORIENTED_EDGE('',*,*,#3644,.F.);
#4903=ORIENTED_EDGE('',*,*,#3645,.T.);
#4904=ORIENTED_EDGE('',*,*,#3414,.F.);
#4905=ORIENTED_EDGE('',*,*,#3645,.F.);
#4906=ORIENTED_EDGE('',*,*,#3646,.T.);
#4907=ORIENTED_EDGE('',*,*,#3171,.F.);
#4908=ORIENTED_EDGE('',*,*,#3198,.T.);
#4909=ORIENTED_EDGE('',*,*,#3395,.F.);
#4910=ORIENTED_EDGE('',*,*,#3394,.F.);
#4911=ORIENTED_EDGE('',*,*,#3393,.F.);
#4912=ORIENTED_EDGE('',*,*,#3647,.T.);
#4913=ORIENTED_EDGE('',*,*,#3390,.F.);
#4914=ORIENTED_EDGE('',*,*,#3200,.T.);
#4915=ORIENTED_EDGE('',*,*,#3177,.T.);
#4916=ORIENTED_EDGE('',*,*,#3648,.T.);
#4917=ORIENTED_EDGE('',*,*,#3187,.T.);
#4918=ORIENTED_EDGE('',*,*,#3195,.T.);
#4919=ORIENTED_EDGE('',*,*,#3452,.F.);
#4920=ORIENTED_EDGE('',*,*,#3649,.T.);
#4921=ORIENTED_EDGE('',*,*,#3650,.F.);
#4922=ORIENTED_EDGE('',*,*,#3651,.T.);
#4923=ORIENTED_EDGE('',*,*,#3465,.T.);
#4924=ORIENTED_EDGE('',*,*,#3442,.T.);
#4925=ORIENTED_EDGE('',*,*,#3506,.T.);
#4926=ORIENTED_EDGE('',*,*,#3652,.T.);
#4927=ORIENTED_EDGE('',*,*,#3508,.T.);
#4928=ORIENTED_EDGE('',*,*,#3437,.F.);
#4929=ORIENTED_EDGE('',*,*,#3543,.F.);
#4930=ORIENTED_EDGE('',*,*,#3653,.F.);
#4931=ORIENTED_EDGE('',*,*,#3654,.T.);
#4932=ORIENTED_EDGE('',*,*,#3655,.F.);
#4933=ORIENTED_EDGE('',*,*,#3656,.F.);
#4934=ORIENTED_EDGE('',*,*,#3657,.F.);
#4935=ORIENTED_EDGE('',*,*,#3658,.T.);
#4936=ORIENTED_EDGE('',*,*,#3659,.F.);
#4937=ORIENTED_EDGE('',*,*,#3660,.T.);
#4938=ORIENTED_EDGE('',*,*,#3661,.F.);
#4939=ORIENTED_EDGE('',*,*,#3662,.F.);
#4940=ORIENTED_EDGE('',*,*,#3435,.F.);
#4941=ORIENTED_EDGE('',*,*,#3432,.F.);
#4942=ORIENTED_EDGE('',*,*,#3427,.T.);
#4943=ORIENTED_EDGE('',*,*,#3424,.F.);
#4944=ORIENTED_EDGE('',*,*,#3421,.F.);
#4945=ORIENTED_EDGE('',*,*,#3663,.F.);
#4946=ORIENTED_EDGE('',*,*,#3664,.F.);
#4947=ORIENTED_EDGE('',*,*,#3665,.T.);
#4948=ORIENTED_EDGE('',*,*,#3666,.F.);
#4949=ORIENTED_EDGE('',*,*,#3667,.F.);
#4950=ORIENTED_EDGE('',*,*,#3668,.F.);
#4951=ORIENTED_EDGE('',*,*,#3669,.F.);
#4952=ORIENTED_EDGE('',*,*,#3447,.T.);
#4953=ORIENTED_EDGE('',*,*,#3444,.T.);
#4954=ORIENTED_EDGE('',*,*,#3417,.T.);
#4955=ORIENTED_EDGE('',*,*,#3415,.T.);
#4956=ORIENTED_EDGE('',*,*,#3412,.T.);
#4957=ORIENTED_EDGE('',*,*,#3411,.F.);
#4958=ORIENTED_EDGE('',*,*,#3407,.T.);
#4959=ORIENTED_EDGE('',*,*,#3405,.T.);
#4960=ORIENTED_EDGE('',*,*,#3403,.T.);
#4961=ORIENTED_EDGE('',*,*,#3401,.T.);
#4962=ORIENTED_EDGE('',*,*,#3398,.T.);
#4963=ORIENTED_EDGE('',*,*,#3396,.T.);
#4964=ORIENTED_EDGE('',*,*,#3648,.F.);
#4965=ORIENTED_EDGE('',*,*,#3454,.T.);
#4966=ORIENTED_EDGE('',*,*,#3455,.F.);
#4967=ORIENTED_EDGE('',*,*,#3184,.T.);
#4968=ORIENTED_EDGE('',*,*,#3451,.F.);
#4969=ORIENTED_EDGE('',*,*,#3457,.T.);
#4970=ORIENTED_EDGE('',*,*,#3670,.F.);
#4971=ORIENTED_EDGE('',*,*,#3164,.F.);
#4972=ORIENTED_EDGE('',*,*,#3671,.F.);
#4973=ORIENTED_EDGE('',*,*,#3672,.F.);
#4974=ORIENTED_EDGE('',*,*,#3673,.F.);
#4975=ORIENTED_EDGE('',*,*,#3172,.F.);
#4976=ORIENTED_EDGE('',*,*,#3646,.F.);
#4977=ORIENTED_EDGE('',*,*,#3392,.T.);
#4978=ORIENTED_EDGE('',*,*,#3181,.T.);
#4979=ORIENTED_EDGE('',*,*,#3391,.F.);
#4980=ORIENTED_EDGE('',*,*,#3647,.F.);
#4981=ORIENTED_EDGE('',*,*,#3176,.F.);
#4982=ORIENTED_EDGE('',*,*,#3674,.F.);
#4983=ORIENTED_EDGE('',*,*,#3675,.F.);
#4984=ORIENTED_EDGE('',*,*,#3188,.F.);
#4985=ORIENTED_EDGE('',*,*,#3670,.T.);
#4986=ORIENTED_EDGE('',*,*,#3456,.T.);
#4987=ORIENTED_EDGE('',*,*,#3154,.T.);
#4988=ORIENTED_EDGE('',*,*,#3165,.T.);
#4989=ORIENTED_EDGE('',*,*,#3129,.T.);
#4990=ORIENTED_EDGE('',*,*,#3676,.T.);
#4991=ORIENTED_EDGE('',*,*,#3199,.T.);
#4992=ORIENTED_EDGE('',*,*,#3676,.F.);
#4993=ORIENTED_EDGE('',*,*,#3677,.F.);
#4994=ORIENTED_EDGE('',*,*,#3584,.T.);
#4995=ORIENTED_EDGE('',*,*,#3678,.F.);
#4996=ORIENTED_EDGE('',*,*,#3679,.F.);
#4997=ORIENTED_EDGE('',*,*,#3680,.F.);
#4998=ORIENTED_EDGE('',*,*,#3458,.F.);
#4999=ORIENTED_EDGE('',*,*,#3681,.T.);
#5000=ORIENTED_EDGE('',*,*,#3585,.T.);
#5001=ORIENTED_EDGE('',*,*,#3677,.T.);
#5002=ORIENTED_EDGE('',*,*,#3682,.F.);
#5003=ORIENTED_EDGE('',*,*,#3683,.T.);
#5004=ORIENTED_EDGE('',*,*,#3459,.F.);
#5005=ORIENTED_EDGE('',*,*,#3680,.T.);
#5006=ORIENTED_EDGE('',*,*,#3684,.F.);
#5007=ORIENTED_EDGE('',*,*,#3685,.F.);
#5008=ORIENTED_EDGE('',*,*,#3686,.F.);
#5009=ORIENTED_EDGE('',*,*,#3687,.T.);
#5010=ORIENTED_EDGE('',*,*,#3688,.T.);
#5011=ORIENTED_EDGE('',*,*,#3689,.T.);
#5012=ORIENTED_EDGE('',*,*,#3686,.T.);
#5013=ORIENTED_EDGE('',*,*,#3688,.F.);
#5014=ORIENTED_EDGE('',*,*,#3690,.F.);
#5015=ORIENTED_EDGE('',*,*,#3691,.F.);
#5016=ORIENTED_EDGE('',*,*,#3460,.F.);
#5017=ORIENTED_EDGE('',*,*,#3683,.F.);
#5018=ORIENTED_EDGE('',*,*,#3692,.F.);
#5019=ORIENTED_EDGE('',*,*,#3557,.F.);
#5020=ORIENTED_EDGE('',*,*,#3693,.F.);
#5021=ORIENTED_EDGE('',*,*,#3586,.T.);
#5022=ORIENTED_EDGE('',*,*,#3681,.F.);
#5023=ORIENTED_EDGE('',*,*,#3461,.F.);
#5024=ORIENTED_EDGE('',*,*,#3691,.T.);
#5025=ORIENTED_EDGE('',*,*,#3694,.F.);
#5026=ORIENTED_EDGE('',*,*,#3695,.T.);
#5027=ORIENTED_EDGE('',*,*,#3695,.F.);
#5028=ORIENTED_EDGE('',*,*,#3696,.T.);
#5029=ORIENTED_EDGE('',*,*,#3697,.T.);
#5030=ORIENTED_EDGE('',*,*,#3558,.T.);
#5031=ORIENTED_EDGE('',*,*,#3698,.F.);
#5032=ORIENTED_EDGE('',*,*,#3559,.T.);
#5033=ORIENTED_EDGE('',*,*,#3697,.F.);
#5034=ORIENTED_EDGE('',*,*,#3699,.F.);
#5035=ORIENTED_EDGE('',*,*,#3700,.T.);
#5036=ORIENTED_EDGE('',*,*,#3560,.T.);
#5037=ORIENTED_EDGE('',*,*,#3698,.T.);
#5038=ORIENTED_EDGE('',*,*,#3701,.F.);
#5039=ORIENTED_EDGE('',*,*,#3702,.F.);
#5040=ORIENTED_EDGE('',*,*,#3561,.T.);
#5041=ORIENTED_EDGE('',*,*,#3700,.F.);
#5042=ORIENTED_EDGE('',*,*,#3703,.F.);
#5043=ORIENTED_EDGE('',*,*,#3704,.T.);
#5044=ORIENTED_EDGE('',*,*,#3562,.T.);
#5045=ORIENTED_EDGE('',*,*,#3702,.T.);
#5046=ORIENTED_EDGE('',*,*,#3705,.T.);
#5047=ORIENTED_EDGE('',*,*,#3706,.F.);
#5048=ORIENTED_EDGE('',*,*,#3563,.T.);
#5049=ORIENTED_EDGE('',*,*,#3704,.F.);
#5050=ORIENTED_EDGE('',*,*,#3707,.F.);
#5051=ORIENTED_EDGE('',*,*,#3708,.T.);
#5052=ORIENTED_EDGE('',*,*,#3564,.T.);
#5053=ORIENTED_EDGE('',*,*,#3706,.T.);
#5054=ORIENTED_EDGE('',*,*,#3709,.T.);
#5055=ORIENTED_EDGE('',*,*,#3710,.T.);
#5056=ORIENTED_EDGE('',*,*,#3711,.T.);
#5057=ORIENTED_EDGE('',*,*,#3565,.T.);
#5058=ORIENTED_EDGE('',*,*,#3708,.F.);
#5059=ORIENTED_EDGE('',*,*,#3712,.T.);
#5060=ORIENTED_EDGE('',*,*,#3566,.T.);
#5061=ORIENTED_EDGE('',*,*,#3711,.F.);
#5062=ORIENTED_EDGE('',*,*,#3713,.T.);
#5063=ORIENTED_EDGE('',*,*,#3714,.F.);
#5064=ORIENTED_EDGE('',*,*,#3567,.T.);
#5065=ORIENTED_EDGE('',*,*,#3712,.F.);
#5066=ORIENTED_EDGE('',*,*,#3715,.T.);
#5067=ORIENTED_EDGE('',*,*,#3716,.T.);
#5068=ORIENTED_EDGE('',*,*,#3568,.T.);
#5069=ORIENTED_EDGE('',*,*,#3714,.T.);
#5070=ORIENTED_EDGE('',*,*,#3717,.T.);
#5071=ORIENTED_EDGE('',*,*,#3464,.F.);
#5072=ORIENTED_EDGE('',*,*,#3569,.F.);
#5073=ORIENTED_EDGE('',*,*,#3716,.F.);
#5074=ORIENTED_EDGE('',*,*,#3718,.F.);
#5075=ORIENTED_EDGE('',*,*,#3719,.F.);
#5076=ORIENTED_EDGE('',*,*,#3719,.T.);
#5077=ORIENTED_EDGE('',*,*,#3720,.T.);
#5078=ORIENTED_EDGE('',*,*,#3721,.F.);
#5079=ORIENTED_EDGE('',*,*,#3663,.T.);
#5080=ORIENTED_EDGE('',*,*,#3462,.T.);
#5081=ORIENTED_EDGE('',*,*,#3721,.T.);
#5082=ORIENTED_EDGE('',*,*,#3722,.T.);
#5083=ORIENTED_EDGE('',*,*,#3723,.F.);
#5084=ORIENTED_EDGE('',*,*,#3664,.T.);
#5085=ORIENTED_EDGE('',*,*,#3723,.T.);
#5086=ORIENTED_EDGE('',*,*,#3724,.T.);
#5087=ORIENTED_EDGE('',*,*,#3725,.F.);
#5088=ORIENTED_EDGE('',*,*,#3665,.F.);
#5089=ORIENTED_EDGE('',*,*,#3725,.T.);
#5090=ORIENTED_EDGE('',*,*,#3726,.T.);
#5091=ORIENTED_EDGE('',*,*,#3727,.T.);
#5092=ORIENTED_EDGE('',*,*,#3666,.T.);
#5093=ORIENTED_EDGE('',*,*,#3728,.F.);
#5094=ORIENTED_EDGE('',*,*,#3729,.F.);
#5095=ORIENTED_EDGE('',*,*,#3667,.T.);
#5096=ORIENTED_EDGE('',*,*,#3727,.F.);
#5097=ORIENTED_EDGE('',*,*,#3730,.F.);
#5098=ORIENTED_EDGE('',*,*,#3731,.T.);
#5099=ORIENTED_EDGE('',*,*,#3668,.T.);
#5100=ORIENTED_EDGE('',*,*,#3729,.T.);
#5101=ORIENTED_EDGE('',*,*,#3732,.F.);
#5102=ORIENTED_EDGE('',*,*,#3733,.T.);
#5103=ORIENTED_EDGE('',*,*,#3669,.T.);
#5104=ORIENTED_EDGE('',*,*,#3731,.F.);
#5105=ORIENTED_EDGE('',*,*,#3734,.F.);
#5106=ORIENTED_EDGE('',*,*,#3735,.F.);
#5107=ORIENTED_EDGE('',*,*,#3649,.F.);
#5108=ORIENTED_EDGE('',*,*,#3733,.F.);
#5109=ORIENTED_EDGE('',*,*,#3736,.T.);
#5110=ORIENTED_EDGE('',*,*,#3650,.T.);
#5111=ORIENTED_EDGE('',*,*,#3735,.T.);
#5112=ORIENTED_EDGE('',*,*,#3737,.T.);
#5113=ORIENTED_EDGE('',*,*,#3469,.F.);
#5114=ORIENTED_EDGE('',*,*,#3466,.F.);
#5115=ORIENTED_EDGE('',*,*,#3651,.F.);
#5116=ORIENTED_EDGE('',*,*,#3736,.F.);
#5117=ORIENTED_EDGE('',*,*,#3738,.F.);
#5118=ORIENTED_EDGE('',*,*,#3739,.F.);
#5119=ORIENTED_EDGE('',*,*,#3740,.F.);
#5120=ORIENTED_EDGE('',*,*,#3470,.F.);
#5121=ORIENTED_EDGE('',*,*,#3739,.T.);
#5122=ORIENTED_EDGE('',*,*,#3741,.T.);
#5123=ORIENTED_EDGE('',*,*,#3478,.T.);
#5124=ORIENTED_EDGE('',*,*,#3496,.T.);
#5125=ORIENTED_EDGE('',*,*,#3480,.T.);
#5126=ORIENTED_EDGE('',*,*,#3483,.T.);
#5127=ORIENTED_EDGE('',*,*,#3486,.T.);
#5128=ORIENTED_EDGE('',*,*,#3489,.T.);
#5129=ORIENTED_EDGE('',*,*,#3492,.T.);
#5130=ORIENTED_EDGE('',*,*,#3514,.T.);
#5131=ORIENTED_EDGE('',*,*,#3742,.F.);
#5132=ORIENTED_EDGE('',*,*,#3065,.F.);
#5133=ORIENTED_EDGE('',*,*,#3473,.F.);
#5134=ORIENTED_EDGE('',*,*,#3471,.T.);
#5135=ORIENTED_EDGE('',*,*,#3740,.T.);
#5136=ORIENTED_EDGE('',*,*,#3743,.F.);
#5137=ORIENTED_EDGE('',*,*,#3744,.T.);
#5138=ORIENTED_EDGE('',*,*,#3476,.T.);
#5139=ORIENTED_EDGE('',*,*,#3745,.F.);
#5140=ORIENTED_EDGE('',*,*,#3098,.T.);
#5141=ORIENTED_EDGE('',*,*,#3474,.T.);
#5142=ORIENTED_EDGE('',*,*,#3744,.F.);
#5143=ORIENTED_EDGE('',*,*,#3495,.T.);
#5144=ORIENTED_EDGE('',*,*,#3100,.F.);
#5145=ORIENTED_EDGE('',*,*,#3746,.F.);
#5146=ORIENTED_EDGE('',*,*,#3062,.T.);
#5147=ORIENTED_EDGE('',*,*,#3047,.T.);
#5148=ORIENTED_EDGE('',*,*,#3747,.F.);
#5149=ORIENTED_EDGE('',*,*,#3515,.T.);
#5150=ORIENTED_EDGE('',*,*,#3493,.F.);
#5151=ORIENTED_EDGE('',*,*,#3490,.T.);
#5152=ORIENTED_EDGE('',*,*,#3487,.F.);
#5153=ORIENTED_EDGE('',*,*,#3484,.F.);
#5154=ORIENTED_EDGE('',*,*,#3482,.F.);
#5155=ORIENTED_EDGE('',*,*,#3742,.T.);
#5156=ORIENTED_EDGE('',*,*,#3516,.T.);
#5157=ORIENTED_EDGE('',*,*,#3747,.T.);
#5158=ORIENTED_EDGE('',*,*,#3046,.F.);
#5159=ORIENTED_EDGE('',*,*,#3748,.F.);
#5160=ORIENTED_EDGE('',*,*,#3539,.F.);
#5161=ORIENTED_EDGE('',*,*,#3749,.F.);
#5162=ORIENTED_EDGE('',*,*,#3083,.F.);
#5163=ORIENTED_EDGE('',*,*,#3513,.F.);
#5164=ORIENTED_EDGE('',*,*,#3511,.F.);
#5165=ORIENTED_EDGE('',*,*,#3509,.T.);
#5166=ORIENTED_EDGE('',*,*,#3652,.F.);
#5167=ORIENTED_EDGE('',*,*,#3505,.T.);
#5168=ORIENTED_EDGE('',*,*,#3504,.T.);
#5169=ORIENTED_EDGE('',*,*,#3501,.T.);
#5170=ORIENTED_EDGE('',*,*,#3066,.T.);
#5171=ORIENTED_EDGE('',*,*,#3499,.F.);
#5172=ORIENTED_EDGE('',*,*,#3498,.T.);
#5173=ORIENTED_EDGE('',*,*,#3750,.F.);
#5174=ORIENTED_EDGE('',*,*,#3751,.F.);
#5175=ORIENTED_EDGE('',*,*,#3521,.F.);
#5176=ORIENTED_EDGE('',*,*,#3525,.T.);
#5177=ORIENTED_EDGE('',*,*,#3528,.T.);
#5178=ORIENTED_EDGE('',*,*,#3531,.T.);
#5179=ORIENTED_EDGE('',*,*,#3534,.F.);
#5180=ORIENTED_EDGE('',*,*,#3537,.T.);
#5181=ORIENTED_EDGE('',*,*,#3540,.F.);
#5182=ORIENTED_EDGE('',*,*,#3748,.T.);
#5183=ORIENTED_EDGE('',*,*,#3045,.F.);
#5184=ORIENTED_EDGE('',*,*,#3057,.F.);
#5185=ORIENTED_EDGE('',*,*,#3752,.T.);
#5186=ORIENTED_EDGE('',*,*,#3522,.F.);
#5187=ORIENTED_EDGE('',*,*,#3751,.T.);
#5188=ORIENTED_EDGE('',*,*,#3753,.T.);
#5189=ORIENTED_EDGE('',*,*,#3749,.T.);
#5190=ORIENTED_EDGE('',*,*,#3538,.F.);
#5191=ORIENTED_EDGE('',*,*,#3535,.F.);
#5192=ORIENTED_EDGE('',*,*,#3532,.F.);
#5193=ORIENTED_EDGE('',*,*,#3529,.F.);
#5194=ORIENTED_EDGE('',*,*,#3526,.F.);
#5195=ORIENTED_EDGE('',*,*,#3523,.F.);
#5196=ORIENTED_EDGE('',*,*,#3519,.F.);
#5197=ORIENTED_EDGE('',*,*,#3752,.F.);
#5198=ORIENTED_EDGE('',*,*,#3754,.T.);
#5199=ORIENTED_EDGE('',*,*,#3755,.F.);
#5200=ORIENTED_EDGE('',*,*,#3544,.F.);
#5201=ORIENTED_EDGE('',*,*,#3517,.T.);
#5202=ORIENTED_EDGE('',*,*,#3084,.T.);
#5203=ORIENTED_EDGE('',*,*,#3755,.T.);
#5204=ORIENTED_EDGE('',*,*,#3756,.F.);
#5205=ORIENTED_EDGE('',*,*,#3757,.F.);
#5206=ORIENTED_EDGE('',*,*,#3545,.T.);
#5207=ORIENTED_EDGE('',*,*,#3546,.T.);
#5208=ORIENTED_EDGE('',*,*,#3757,.T.);
#5209=ORIENTED_EDGE('',*,*,#3758,.T.);
#5210=ORIENTED_EDGE('',*,*,#3759,.T.);
#5211=ORIENTED_EDGE('',*,*,#3653,.T.);
#5212=ORIENTED_EDGE('',*,*,#3542,.T.);
#5213=ORIENTED_EDGE('',*,*,#3759,.F.);
#5214=ORIENTED_EDGE('',*,*,#3760,.F.);
#5215=ORIENTED_EDGE('',*,*,#3761,.F.);
#5216=ORIENTED_EDGE('',*,*,#3654,.F.);
#5217=ORIENTED_EDGE('',*,*,#3762,.T.);
#5218=ORIENTED_EDGE('',*,*,#3763,.F.);
#5219=ORIENTED_EDGE('',*,*,#3655,.T.);
#5220=ORIENTED_EDGE('',*,*,#3761,.T.);
#5221=ORIENTED_EDGE('',*,*,#3763,.T.);
#5222=ORIENTED_EDGE('',*,*,#3764,.T.);
#5223=ORIENTED_EDGE('',*,*,#3765,.F.);
#5224=ORIENTED_EDGE('',*,*,#3656,.T.);
#5225=ORIENTED_EDGE('',*,*,#3766,.T.);
#5226=ORIENTED_EDGE('',*,*,#3767,.T.);
#5227=ORIENTED_EDGE('',*,*,#3657,.T.);
#5228=ORIENTED_EDGE('',*,*,#3765,.T.);
#5229=ORIENTED_EDGE('',*,*,#3768,.F.);
#5230=ORIENTED_EDGE('',*,*,#3769,.F.);
#5231=ORIENTED_EDGE('',*,*,#3658,.F.);
#5232=ORIENTED_EDGE('',*,*,#3767,.F.);
#5233=ORIENTED_EDGE('',*,*,#3770,.T.);
#5234=ORIENTED_EDGE('',*,*,#3771,.T.);
#5235=ORIENTED_EDGE('',*,*,#3659,.T.);
#5236=ORIENTED_EDGE('',*,*,#3769,.T.);
#5237=ORIENTED_EDGE('',*,*,#3772,.T.);
#5238=ORIENTED_EDGE('',*,*,#3660,.F.);
#5239=ORIENTED_EDGE('',*,*,#3771,.F.);
#5240=ORIENTED_EDGE('',*,*,#3773,.T.);
#5241=ORIENTED_EDGE('',*,*,#3661,.T.);
#5242=ORIENTED_EDGE('',*,*,#3772,.F.);
#5243=ORIENTED_EDGE('',*,*,#3774,.T.);
#5244=ORIENTED_EDGE('',*,*,#3775,.T.);
#5245=ORIENTED_EDGE('',*,*,#3549,.T.);
#5246=ORIENTED_EDGE('',*,*,#3662,.T.);
#5247=ORIENTED_EDGE('',*,*,#3775,.F.);
#5248=ORIENTED_EDGE('',*,*,#3776,.T.);
#5249=ORIENTED_EDGE('',*,*,#3777,.T.);
#5250=ORIENTED_EDGE('',*,*,#3777,.F.);
#5251=ORIENTED_EDGE('',*,*,#3778,.T.);
#5252=ORIENTED_EDGE('',*,*,#3779,.T.);
#5253=ORIENTED_EDGE('',*,*,#3570,.T.);
#5254=ORIENTED_EDGE('',*,*,#3547,.T.);
#5255=ORIENTED_EDGE('',*,*,#3780,.F.);
#5256=ORIENTED_EDGE('',*,*,#3571,.F.);
#5257=ORIENTED_EDGE('',*,*,#3779,.F.);
#5258=ORIENTED_EDGE('',*,*,#3781,.F.);
#5259=ORIENTED_EDGE('',*,*,#3780,.T.);
#5260=ORIENTED_EDGE('',*,*,#3782,.F.);
#5261=ORIENTED_EDGE('',*,*,#3783,.T.);
#5262=ORIENTED_EDGE('',*,*,#3572,.F.);
#5263=ORIENTED_EDGE('',*,*,#3784,.T.);
#5264=ORIENTED_EDGE('',*,*,#3573,.F.);
#5265=ORIENTED_EDGE('',*,*,#3783,.F.);
#5266=ORIENTED_EDGE('',*,*,#3785,.F.);
#5267=ORIENTED_EDGE('',*,*,#3574,.F.);
#5268=ORIENTED_EDGE('',*,*,#3784,.F.);
#5269=ORIENTED_EDGE('',*,*,#3786,.F.);
#5270=ORIENTED_EDGE('',*,*,#3787,.F.);
#5271=ORIENTED_EDGE('',*,*,#3788,.F.);
#5272=ORIENTED_EDGE('',*,*,#3789,.F.);
#5273=ORIENTED_EDGE('',*,*,#3575,.F.);
#5274=ORIENTED_EDGE('',*,*,#3787,.T.);
#5275=ORIENTED_EDGE('',*,*,#3790,.F.);
#5276=ORIENTED_EDGE('',*,*,#3791,.F.);
#5277=ORIENTED_EDGE('',*,*,#3576,.F.);
#5278=ORIENTED_EDGE('',*,*,#3789,.T.);
#5279=ORIENTED_EDGE('',*,*,#3792,.T.);
#5280=ORIENTED_EDGE('',*,*,#3577,.F.);
#5281=ORIENTED_EDGE('',*,*,#3791,.T.);
#5282=ORIENTED_EDGE('',*,*,#3793,.F.);
#5283=ORIENTED_EDGE('',*,*,#3792,.F.);
#5284=ORIENTED_EDGE('',*,*,#3794,.T.);
#5285=ORIENTED_EDGE('',*,*,#3795,.F.);
#5286=ORIENTED_EDGE('',*,*,#3578,.F.);
#5287=ORIENTED_EDGE('',*,*,#3795,.T.);
#5288=ORIENTED_EDGE('',*,*,#3796,.T.);
#5289=ORIENTED_EDGE('',*,*,#3797,.T.);
#5290=ORIENTED_EDGE('',*,*,#3579,.F.);
#5291=ORIENTED_EDGE('',*,*,#3797,.F.);
#5292=ORIENTED_EDGE('',*,*,#3798,.T.);
#5293=ORIENTED_EDGE('',*,*,#3799,.F.);
#5294=ORIENTED_EDGE('',*,*,#3580,.F.);
#5295=ORIENTED_EDGE('',*,*,#3800,.F.);
#5296=ORIENTED_EDGE('',*,*,#3801,.F.);
#5297=ORIENTED_EDGE('',*,*,#3802,.T.);
#5298=ORIENTED_EDGE('',*,*,#3803,.T.);
#5299=ORIENTED_EDGE('',*,*,#3800,.T.);
#5300=ORIENTED_EDGE('',*,*,#3804,.T.);
#5301=ORIENTED_EDGE('',*,*,#3805,.F.);
#5302=ORIENTED_EDGE('',*,*,#3806,.F.);
#5303=ORIENTED_EDGE('',*,*,#3802,.F.);
#5304=ORIENTED_EDGE('',*,*,#3807,.F.);
#5305=ORIENTED_EDGE('',*,*,#3808,.T.);
#5306=ORIENTED_EDGE('',*,*,#3809,.F.);
#5307=ORIENTED_EDGE('',*,*,#3805,.T.);
#5308=ORIENTED_EDGE('',*,*,#3810,.F.);
#5309=ORIENTED_EDGE('',*,*,#3811,.T.);
#5310=ORIENTED_EDGE('',*,*,#3812,.T.);
#5311=ORIENTED_EDGE('',*,*,#3808,.F.);
#5312=ORIENTED_EDGE('',*,*,#3813,.T.);
#5313=ORIENTED_EDGE('',*,*,#3814,.T.);
#5314=ORIENTED_EDGE('',*,*,#3815,.T.);
#5315=ORIENTED_EDGE('',*,*,#3811,.F.);
#5316=ORIENTED_EDGE('',*,*,#3816,.F.);
#5317=ORIENTED_EDGE('',*,*,#3552,.F.);
#5318=ORIENTED_EDGE('',*,*,#3556,.F.);
#5319=ORIENTED_EDGE('',*,*,#3581,.T.);
#5320=ORIENTED_EDGE('',*,*,#3799,.T.);
#5321=ORIENTED_EDGE('',*,*,#3817,.T.);
#5322=ORIENTED_EDGE('',*,*,#3814,.F.);
#5323=ORIENTED_EDGE('',*,*,#3818,.T.);
#5324=ORIENTED_EDGE('',*,*,#3819,.F.);
#5325=ORIENTED_EDGE('',*,*,#3820,.T.);
#5326=ORIENTED_EDGE('',*,*,#3553,.T.);
#5327=ORIENTED_EDGE('',*,*,#3819,.T.);
#5328=ORIENTED_EDGE('',*,*,#3821,.F.);
#5329=ORIENTED_EDGE('',*,*,#3678,.T.);
#5330=ORIENTED_EDGE('',*,*,#3583,.T.);
#5331=ORIENTED_EDGE('',*,*,#3693,.T.);
#5332=ORIENTED_EDGE('',*,*,#3582,.T.);
#5333=ORIENTED_EDGE('',*,*,#3554,.F.);
#5334=ORIENTED_EDGE('',*,*,#3550,.F.);
#5335=ORIENTED_EDGE('',*,*,#3820,.F.);
#5336=ORIENTED_EDGE('',*,*,#3822,.T.);
#5337=ORIENTED_EDGE('',*,*,#3823,.T.);
#5338=ORIENTED_EDGE('',*,*,#3824,.T.);
#5339=ORIENTED_EDGE('',*,*,#3825,.F.);
#5340=ORIENTED_EDGE('',*,*,#3826,.F.);
#5341=ORIENTED_EDGE('',*,*,#3827,.F.);
#5342=ORIENTED_EDGE('',*,*,#3823,.F.);
#5343=ORIENTED_EDGE('',*,*,#3828,.F.);
#5344=ORIENTED_EDGE('',*,*,#3829,.T.);
#5345=ORIENTED_EDGE('',*,*,#3826,.T.);
#5346=ORIENTED_EDGE('',*,*,#3830,.T.);
#5347=ORIENTED_EDGE('',*,*,#3831,.F.);
#5348=ORIENTED_EDGE('',*,*,#3828,.T.);
#5349=ORIENTED_EDGE('',*,*,#3832,.F.);
#5350=ORIENTED_EDGE('',*,*,#3833,.F.);
#5351=ORIENTED_EDGE('',*,*,#3834,.F.);
#5352=ORIENTED_EDGE('',*,*,#3587,.T.);
#5353=ORIENTED_EDGE('',*,*,#3835,.T.);
#5354=ORIENTED_EDGE('',*,*,#3836,.F.);
#5355=ORIENTED_EDGE('',*,*,#3835,.F.);
#5356=ORIENTED_EDGE('',*,*,#3837,.T.);
#5357=ORIENTED_EDGE('',*,*,#3838,.T.);
#5358=ORIENTED_EDGE('',*,*,#3589,.T.);
#5359=ORIENTED_EDGE('',*,*,#3838,.F.);
#5360=ORIENTED_EDGE('',*,*,#3196,.T.);
#5361=ORIENTED_EDGE('',*,*,#3839,.T.);
#5362=ORIENTED_EDGE('',*,*,#3148,.T.);
#5363=ORIENTED_EDGE('',*,*,#3839,.F.);
#5364=ORIENTED_EDGE('',*,*,#3840,.T.);
#5365=ORIENTED_EDGE('',*,*,#3841,.T.);
#5366=ORIENTED_EDGE('',*,*,#3842,.T.);
#5367=ORIENTED_EDGE('',*,*,#3597,.T.);
#5368=ORIENTED_EDGE('',*,*,#3592,.T.);
#5369=ORIENTED_EDGE('',*,*,#3617,.T.);
#5370=ORIENTED_EDGE('',*,*,#3598,.T.);
#5371=ORIENTED_EDGE('',*,*,#3842,.F.);
#5372=ORIENTED_EDGE('',*,*,#3843,.T.);
#5373=ORIENTED_EDGE('',*,*,#3844,.T.);
#5374=ORIENTED_EDGE('',*,*,#3599,.T.);
#5375=ORIENTED_EDGE('',*,*,#3844,.F.);
#5376=ORIENTED_EDGE('',*,*,#3845,.F.);
#5377=ORIENTED_EDGE('',*,*,#3846,.F.);
#5378=ORIENTED_EDGE('',*,*,#3612,.F.);
#5379=ORIENTED_EDGE('',*,*,#3596,.F.);
#5380=ORIENTED_EDGE('',*,*,#3613,.F.);
#5381=ORIENTED_EDGE('',*,*,#3846,.T.);
#5382=ORIENTED_EDGE('',*,*,#3847,.T.);
#5383=ORIENTED_EDGE('',*,*,#3848,.T.);
#5384=ORIENTED_EDGE('',*,*,#3605,.T.);
#5385=ORIENTED_EDGE('',*,*,#3601,.T.);
#5386=ORIENTED_EDGE('',*,*,#3614,.F.);
#5387=ORIENTED_EDGE('',*,*,#3848,.F.);
#5388=ORIENTED_EDGE('',*,*,#3849,.F.);
#5389=ORIENTED_EDGE('',*,*,#3850,.T.);
#5390=ORIENTED_EDGE('',*,*,#3851,.F.);
#5391=ORIENTED_EDGE('',*,*,#3840,.F.);
#5392=ORIENTED_EDGE('',*,*,#3616,.F.);
#5393=ORIENTED_EDGE('',*,*,#3609,.T.);
#5394=ORIENTED_EDGE('',*,*,#3615,.F.);
#5395=ORIENTED_EDGE('',*,*,#3607,.F.);
#5396=ORIENTED_EDGE('',*,*,#3603,.T.);
#5397=ORIENTED_EDGE('',*,*,#3850,.F.);
#5398=ORIENTED_EDGE('',*,*,#3852,.F.);
#5399=ORIENTED_EDGE('',*,*,#3853,.F.);
#5400=ORIENTED_EDGE('',*,*,#3618,.F.);
#5401=ORIENTED_EDGE('',*,*,#3854,.F.);
#5402=ORIENTED_EDGE('',*,*,#3853,.T.);
#5403=ORIENTED_EDGE('',*,*,#3855,.T.);
#5404=ORIENTED_EDGE('',*,*,#3856,.F.);
#5405=ORIENTED_EDGE('',*,*,#3619,.F.);
#5406=ORIENTED_EDGE('',*,*,#3856,.T.);
#5407=ORIENTED_EDGE('',*,*,#3857,.F.);
#5408=ORIENTED_EDGE('',*,*,#3059,.F.);
#5409=ORIENTED_EDGE('',*,*,#3858,.F.);
#5410=ORIENTED_EDGE('',*,*,#3620,.F.);
#5411=ORIENTED_EDGE('',*,*,#3859,.T.);
#5412=ORIENTED_EDGE('',*,*,#3621,.F.);
#5413=ORIENTED_EDGE('',*,*,#3858,.T.);
#5414=ORIENTED_EDGE('',*,*,#3058,.F.);
#5415=ORIENTED_EDGE('',*,*,#3860,.F.);
#5416=ORIENTED_EDGE('',*,*,#3622,.T.);
#5417=ORIENTED_EDGE('',*,*,#3859,.F.);
#5418=ORIENTED_EDGE('',*,*,#3055,.F.);
#5419=ORIENTED_EDGE('',*,*,#3861,.F.);
#5420=ORIENTED_EDGE('',*,*,#3623,.F.);
#5421=ORIENTED_EDGE('',*,*,#3860,.T.);
#5422=ORIENTED_EDGE('',*,*,#3054,.F.);
#5423=ORIENTED_EDGE('',*,*,#3862,.F.);
#5424=ORIENTED_EDGE('',*,*,#3624,.F.);
#5425=ORIENTED_EDGE('',*,*,#3861,.T.);
#5426=ORIENTED_EDGE('',*,*,#3053,.F.);
#5427=ORIENTED_EDGE('',*,*,#3863,.F.);
#5428=ORIENTED_EDGE('',*,*,#3625,.T.);
#5429=ORIENTED_EDGE('',*,*,#3862,.T.);
#5430=ORIENTED_EDGE('',*,*,#3052,.T.);
#5431=ORIENTED_EDGE('',*,*,#3864,.F.);
#5432=ORIENTED_EDGE('',*,*,#3626,.T.);
#5433=ORIENTED_EDGE('',*,*,#3863,.T.);
#5434=ORIENTED_EDGE('',*,*,#3051,.T.);
#5435=ORIENTED_EDGE('',*,*,#3865,.F.);
#5436=ORIENTED_EDGE('',*,*,#3627,.T.);
#5437=ORIENTED_EDGE('',*,*,#3864,.T.);
#5438=ORIENTED_EDGE('',*,*,#3050,.T.);
#5439=ORIENTED_EDGE('',*,*,#3866,.T.);
#5440=ORIENTED_EDGE('',*,*,#3628,.F.);
#5441=ORIENTED_EDGE('',*,*,#3865,.T.);
#5442=ORIENTED_EDGE('',*,*,#3049,.T.);
#5443=ORIENTED_EDGE('',*,*,#3867,.F.);
#5444=ORIENTED_EDGE('',*,*,#3629,.T.);
#5445=ORIENTED_EDGE('',*,*,#3866,.F.);
#5446=ORIENTED_EDGE('',*,*,#3061,.T.);
#5447=ORIENTED_EDGE('',*,*,#3854,.T.);
#5448=ORIENTED_EDGE('',*,*,#3630,.T.);
#5449=ORIENTED_EDGE('',*,*,#3867,.T.);
#5450=ORIENTED_EDGE('',*,*,#3060,.T.);
#5451=ORIENTED_EDGE('',*,*,#3868,.F.);
#5452=ORIENTED_EDGE('',*,*,#3869,.F.);
#5453=ORIENTED_EDGE('',*,*,#3870,.T.);
#5454=ORIENTED_EDGE('',*,*,#3631,.T.);
#5455=ORIENTED_EDGE('',*,*,#3870,.F.);
#5456=ORIENTED_EDGE('',*,*,#3633,.F.);
#5457=ORIENTED_EDGE('',*,*,#3871,.T.);
#5458=ORIENTED_EDGE('',*,*,#3872,.T.);
#5459=ORIENTED_EDGE('',*,*,#3873,.T.);
#5460=ORIENTED_EDGE('',*,*,#3873,.F.);
#5461=ORIENTED_EDGE('',*,*,#3874,.F.);
#5462=ORIENTED_EDGE('',*,*,#3875,.F.);
#5463=ORIENTED_EDGE('',*,*,#3634,.F.);
#5464=ORIENTED_EDGE('',*,*,#3635,.F.);
#5465=ORIENTED_EDGE('',*,*,#3875,.T.);
#5466=ORIENTED_EDGE('',*,*,#3876,.T.);
#5467=ORIENTED_EDGE('',*,*,#3877,.T.);
#5468=ORIENTED_EDGE('',*,*,#3877,.F.);
#5469=ORIENTED_EDGE('',*,*,#3878,.F.);
#5470=ORIENTED_EDGE('',*,*,#3879,.T.);
#5471=ORIENTED_EDGE('',*,*,#3636,.T.);
#5472=ORIENTED_EDGE('',*,*,#3880,.F.);
#5473=ORIENTED_EDGE('',*,*,#3881,.T.);
#5474=ORIENTED_EDGE('',*,*,#3637,.T.);
#5475=ORIENTED_EDGE('',*,*,#3879,.F.);
#5476=ORIENTED_EDGE('',*,*,#3871,.F.);
#5477=ORIENTED_EDGE('',*,*,#3638,.T.);
#5478=ORIENTED_EDGE('',*,*,#3881,.F.);
#5479=ORIENTED_EDGE('',*,*,#3882,.F.);
#5480=ORIENTED_EDGE('',*,*,#3883,.F.);
#5481=ORIENTED_EDGE('',*,*,#3884,.T.);
#5482=ORIENTED_EDGE('',*,*,#3639,.T.);
#5483=ORIENTED_EDGE('',*,*,#3640,.T.);
#5484=ORIENTED_EDGE('',*,*,#3884,.F.);
#5485=ORIENTED_EDGE('',*,*,#3642,.T.);
#5486=ORIENTED_EDGE('',*,*,#3885,.T.);
#5487=ORIENTED_EDGE('',*,*,#3886,.T.);
#5488=ORIENTED_EDGE('',*,*,#3885,.F.);
#5489=ORIENTED_EDGE('',*,*,#3887,.F.);
#5490=ORIENTED_EDGE('',*,*,#3888,.T.);
#5491=ORIENTED_EDGE('',*,*,#3644,.T.);
#5492=ORIENTED_EDGE('',*,*,#3888,.F.);
#5493=ORIENTED_EDGE('',*,*,#3889,.T.);
#5494=ORIENTED_EDGE('',*,*,#3890,.T.);
#5495=ORIENTED_EDGE('',*,*,#3671,.T.);
#5496=ORIENTED_EDGE('',*,*,#3163,.T.);
#5497=ORIENTED_EDGE('',*,*,#3891,.F.);
#5498=ORIENTED_EDGE('',*,*,#3892,.F.);
#5499=ORIENTED_EDGE('',*,*,#3672,.T.);
#5500=ORIENTED_EDGE('',*,*,#3890,.F.);
#5501=ORIENTED_EDGE('',*,*,#3893,.F.);
#5502=ORIENTED_EDGE('',*,*,#3173,.T.);
#5503=ORIENTED_EDGE('',*,*,#3673,.T.);
#5504=ORIENTED_EDGE('',*,*,#3892,.T.);
#5505=ORIENTED_EDGE('',*,*,#3894,.F.);
#5506=ORIENTED_EDGE('',*,*,#3895,.F.);
#5507=ORIENTED_EDGE('',*,*,#3674,.T.);
#5508=ORIENTED_EDGE('',*,*,#3175,.T.);
#5509=ORIENTED_EDGE('',*,*,#3896,.F.);
#5510=ORIENTED_EDGE('',*,*,#3189,.T.);
#5511=ORIENTED_EDGE('',*,*,#3675,.T.);
#5512=ORIENTED_EDGE('',*,*,#3895,.T.);
#5513=ORIENTED_EDGE('',*,*,#3897,.T.);
#5514=ORIENTED_EDGE('',*,*,#3898,.T.);
#5515=ORIENTED_EDGE('',*,*,#3833,.T.);
#5516=ORIENTED_EDGE('',*,*,#3899,.F.);
#5517=ORIENTED_EDGE('',*,*,#3900,.T.);
#5518=ORIENTED_EDGE('',*,*,#3901,.T.);
#5519=ORIENTED_EDGE('',*,*,#3902,.T.);
#5520=ORIENTED_EDGE('',*,*,#3903,.F.);
#5521=ORIENTED_EDGE('',*,*,#3904,.F.);
#5522=ORIENTED_EDGE('',*,*,#3834,.T.);
#5523=ORIENTED_EDGE('',*,*,#3898,.F.);
#5524=ORIENTED_EDGE('',*,*,#3905,.T.);
#5525=ORIENTED_EDGE('',*,*,#3906,.F.);
#5526=ORIENTED_EDGE('',*,*,#3907,.F.);
#5527=ORIENTED_EDGE('',*,*,#3908,.F.);
#5528=ORIENTED_EDGE('',*,*,#3909,.T.);
#5529=ORIENTED_EDGE('',*,*,#3903,.T.);
#5530=ORIENTED_EDGE('',*,*,#3908,.T.);
#5531=ORIENTED_EDGE('',*,*,#3910,.T.);
#5532=ORIENTED_EDGE('',*,*,#3911,.T.);
#5533=ORIENTED_EDGE('',*,*,#3912,.T.);
#5534=ORIENTED_EDGE('',*,*,#3913,.F.);
#5535=ORIENTED_EDGE('',*,*,#3914,.T.);
#5536=ORIENTED_EDGE('',*,*,#3915,.T.);
#5537=ORIENTED_EDGE('',*,*,#3911,.F.);
#5538=ORIENTED_EDGE('',*,*,#3914,.F.);
#5539=ORIENTED_EDGE('',*,*,#3916,.F.);
#5540=ORIENTED_EDGE('',*,*,#3917,.F.);
#5541=ORIENTED_EDGE('',*,*,#3918,.F.);
#5542=ORIENTED_EDGE('',*,*,#3919,.T.);
#5543=ORIENTED_EDGE('',*,*,#3920,.T.);
#5544=ORIENTED_EDGE('',*,*,#3917,.T.);
#5545=ORIENTED_EDGE('',*,*,#3921,.T.);
#5546=ORIENTED_EDGE('',*,*,#3922,.F.);
#5547=ORIENTED_EDGE('',*,*,#3923,.F.);
#5548=ORIENTED_EDGE('',*,*,#3919,.F.);
#5549=ORIENTED_EDGE('',*,*,#3924,.F.);
#5550=ORIENTED_EDGE('',*,*,#3925,.T.);
#5551=ORIENTED_EDGE('',*,*,#3926,.T.);
#5552=ORIENTED_EDGE('',*,*,#3922,.T.);
#5553=ORIENTED_EDGE('',*,*,#3927,.F.);
#5554=ORIENTED_EDGE('',*,*,#3928,.F.);
#5555=ORIENTED_EDGE('',*,*,#3929,.F.);
#5556=ORIENTED_EDGE('',*,*,#3925,.F.);
#5557=ORIENTED_EDGE('',*,*,#3930,.F.);
#5558=ORIENTED_EDGE('',*,*,#3931,.T.);
#5559=ORIENTED_EDGE('',*,*,#3932,.T.);
#5560=ORIENTED_EDGE('',*,*,#3933,.T.);
#5561=ORIENTED_EDGE('',*,*,#3934,.T.);
#5562=ORIENTED_EDGE('',*,*,#3928,.T.);
#5563=ORIENTED_EDGE('',*,*,#3935,.F.);
#5564=ORIENTED_EDGE('',*,*,#3936,.F.);
#5565=ORIENTED_EDGE('',*,*,#3108,.T.);
#5566=ORIENTED_EDGE('',*,*,#3937,.F.);
#5567=ORIENTED_EDGE('',*,*,#3931,.F.);
#5568=ORIENTED_EDGE('',*,*,#3938,.T.);
#5569=ORIENTED_EDGE('',*,*,#3932,.F.);
#5570=ORIENTED_EDGE('',*,*,#3937,.T.);
#5571=ORIENTED_EDGE('',*,*,#3107,.T.);
#5572=ORIENTED_EDGE('',*,*,#3939,.T.);
#5573=ORIENTED_EDGE('',*,*,#3933,.F.);
#5574=ORIENTED_EDGE('',*,*,#3938,.F.);
#5575=ORIENTED_EDGE('',*,*,#3106,.F.);
#5576=ORIENTED_EDGE('',*,*,#3056,.T.);
#5577=ORIENTED_EDGE('',*,*,#3857,.T.);
#5578=ORIENTED_EDGE('',*,*,#3855,.F.);
#5579=ORIENTED_EDGE('',*,*,#3852,.T.);
#5580=ORIENTED_EDGE('',*,*,#3868,.T.);
#5581=ORIENTED_EDGE('',*,*,#3063,.T.);
#5582=ORIENTED_EDGE('',*,*,#3746,.T.);
#5583=ORIENTED_EDGE('',*,*,#3099,.F.);
#5584=ORIENTED_EDGE('',*,*,#3745,.T.);
#5585=ORIENTED_EDGE('',*,*,#3743,.T.);
#5586=ORIENTED_EDGE('',*,*,#3741,.F.);
#5587=ORIENTED_EDGE('',*,*,#3738,.T.);
#5588=ORIENTED_EDGE('',*,*,#3737,.F.);
#5589=ORIENTED_EDGE('',*,*,#3734,.T.);
#5590=ORIENTED_EDGE('',*,*,#3732,.T.);
#5591=ORIENTED_EDGE('',*,*,#3730,.T.);
#5592=ORIENTED_EDGE('',*,*,#3728,.T.);
#5593=ORIENTED_EDGE('',*,*,#3726,.F.);
#5594=ORIENTED_EDGE('',*,*,#3724,.F.);
#5595=ORIENTED_EDGE('',*,*,#3722,.F.);
#5596=ORIENTED_EDGE('',*,*,#3720,.F.);
#5597=ORIENTED_EDGE('',*,*,#3718,.T.);
#5598=ORIENTED_EDGE('',*,*,#3717,.F.);
#5599=ORIENTED_EDGE('',*,*,#3715,.F.);
#5600=ORIENTED_EDGE('',*,*,#3713,.F.);
#5601=ORIENTED_EDGE('',*,*,#3710,.F.);
#5602=ORIENTED_EDGE('',*,*,#3709,.F.);
#5603=ORIENTED_EDGE('',*,*,#3707,.T.);
#5604=ORIENTED_EDGE('',*,*,#3705,.F.);
#5605=ORIENTED_EDGE('',*,*,#3703,.T.);
#5606=ORIENTED_EDGE('',*,*,#3701,.T.);
#5607=ORIENTED_EDGE('',*,*,#3699,.T.);
#5608=ORIENTED_EDGE('',*,*,#3696,.F.);
#5609=ORIENTED_EDGE('',*,*,#3694,.T.);
#5610=ORIENTED_EDGE('',*,*,#3690,.T.);
#5611=ORIENTED_EDGE('',*,*,#3687,.F.);
#5612=ORIENTED_EDGE('',*,*,#3685,.T.);
#5613=ORIENTED_EDGE('',*,*,#3689,.F.);
#5614=ORIENTED_EDGE('',*,*,#3692,.T.);
#5615=ORIENTED_EDGE('',*,*,#3684,.T.);
#5616=ORIENTED_EDGE('',*,*,#3682,.T.);
#5617=ORIENTED_EDGE('',*,*,#3679,.T.);
#5618=ORIENTED_EDGE('',*,*,#3824,.F.);
#5619=ORIENTED_EDGE('',*,*,#3827,.T.);
#5620=ORIENTED_EDGE('',*,*,#3829,.F.);
#5621=ORIENTED_EDGE('',*,*,#3831,.T.);
#5622=ORIENTED_EDGE('',*,*,#3904,.T.);
#5623=ORIENTED_EDGE('',*,*,#3909,.F.);
#5624=ORIENTED_EDGE('',*,*,#3912,.F.);
#5625=ORIENTED_EDGE('',*,*,#3915,.F.);
#5626=ORIENTED_EDGE('',*,*,#3918,.T.);
#5627=ORIENTED_EDGE('',*,*,#3920,.F.);
#5628=ORIENTED_EDGE('',*,*,#3923,.T.);
#5629=ORIENTED_EDGE('',*,*,#3926,.F.);
#5630=ORIENTED_EDGE('',*,*,#3929,.T.);
#5631=ORIENTED_EDGE('',*,*,#3934,.F.);
#5632=ORIENTED_EDGE('',*,*,#3939,.F.);
#5633=ORIENTED_EDGE('',*,*,#3105,.F.);
#5634=ORIENTED_EDGE('',*,*,#3940,.F.);
#5635=ORIENTED_EDGE('',*,*,#3899,.T.);
#5636=ORIENTED_EDGE('',*,*,#3832,.T.);
#5637=ORIENTED_EDGE('',*,*,#3830,.F.);
#5638=ORIENTED_EDGE('',*,*,#3825,.T.);
#5639=ORIENTED_EDGE('',*,*,#3822,.F.);
#5640=ORIENTED_EDGE('',*,*,#3821,.T.);
#5641=ORIENTED_EDGE('',*,*,#3818,.F.);
#5642=ORIENTED_EDGE('',*,*,#3816,.T.);
#5643=ORIENTED_EDGE('',*,*,#3813,.F.);
#5644=ORIENTED_EDGE('',*,*,#3810,.T.);
#5645=ORIENTED_EDGE('',*,*,#3807,.T.);
#5646=ORIENTED_EDGE('',*,*,#3804,.F.);
#5647=ORIENTED_EDGE('',*,*,#3801,.T.);
#5648=ORIENTED_EDGE('',*,*,#3803,.F.);
#5649=ORIENTED_EDGE('',*,*,#3806,.T.);
#5650=ORIENTED_EDGE('',*,*,#3809,.T.);
#5651=ORIENTED_EDGE('',*,*,#3812,.F.);
#5652=ORIENTED_EDGE('',*,*,#3815,.F.);
#5653=ORIENTED_EDGE('',*,*,#3817,.F.);
#5654=ORIENTED_EDGE('',*,*,#3798,.F.);
#5655=ORIENTED_EDGE('',*,*,#3796,.F.);
#5656=ORIENTED_EDGE('',*,*,#3794,.F.);
#5657=ORIENTED_EDGE('',*,*,#3793,.T.);
#5658=ORIENTED_EDGE('',*,*,#3790,.T.);
#5659=ORIENTED_EDGE('',*,*,#3788,.T.);
#5660=ORIENTED_EDGE('',*,*,#3786,.T.);
#5661=ORIENTED_EDGE('',*,*,#3785,.T.);
#5662=ORIENTED_EDGE('',*,*,#3782,.T.);
#5663=ORIENTED_EDGE('',*,*,#3781,.T.);
#5664=ORIENTED_EDGE('',*,*,#3778,.F.);
#5665=ORIENTED_EDGE('',*,*,#3776,.F.);
#5666=ORIENTED_EDGE('',*,*,#3774,.F.);
#5667=ORIENTED_EDGE('',*,*,#3773,.F.);
#5668=ORIENTED_EDGE('',*,*,#3770,.F.);
#5669=ORIENTED_EDGE('',*,*,#3768,.T.);
#5670=ORIENTED_EDGE('',*,*,#3766,.F.);
#5671=ORIENTED_EDGE('',*,*,#3764,.F.);
#5672=ORIENTED_EDGE('',*,*,#3762,.F.);
#5673=ORIENTED_EDGE('',*,*,#3760,.T.);
#5674=ORIENTED_EDGE('',*,*,#3758,.F.);
#5675=ORIENTED_EDGE('',*,*,#3756,.T.);
#5676=ORIENTED_EDGE('',*,*,#3754,.F.);
#5677=ORIENTED_EDGE('',*,*,#3753,.F.);
#5678=ORIENTED_EDGE('',*,*,#3750,.T.);
#5679=ORIENTED_EDGE('',*,*,#3111,.T.);
#5680=ORIENTED_EDGE('',*,*,#3127,.T.);
#5681=ORIENTED_EDGE('',*,*,#3124,.T.);
#5682=ORIENTED_EDGE('',*,*,#3121,.T.);
#5683=ORIENTED_EDGE('',*,*,#3118,.T.);
#5684=ORIENTED_EDGE('',*,*,#3115,.T.);
#5685=ORIENTED_EDGE('',*,*,#3130,.T.);
#5686=ORIENTED_EDGE('',*,*,#3146,.T.);
#5687=ORIENTED_EDGE('',*,*,#3143,.T.);
#5688=ORIENTED_EDGE('',*,*,#3140,.T.);
#5689=ORIENTED_EDGE('',*,*,#3137,.T.);
#5690=ORIENTED_EDGE('',*,*,#3134,.T.);
#5691=ORIENTED_EDGE('',*,*,#3162,.T.);
#5692=ORIENTED_EDGE('',*,*,#3190,.T.);
#5693=ORIENTED_EDGE('',*,*,#3896,.T.);
#5694=ORIENTED_EDGE('',*,*,#3894,.T.);
#5695=ORIENTED_EDGE('',*,*,#3174,.T.);
#5696=ORIENTED_EDGE('',*,*,#3893,.T.);
#5697=ORIENTED_EDGE('',*,*,#3891,.T.);
#5698=ORIENTED_EDGE('',*,*,#3889,.F.);
#5699=ORIENTED_EDGE('',*,*,#3887,.T.);
#5700=ORIENTED_EDGE('',*,*,#3886,.F.);
#5701=ORIENTED_EDGE('',*,*,#3883,.T.);
#5702=ORIENTED_EDGE('',*,*,#3882,.T.);
#5703=ORIENTED_EDGE('',*,*,#3880,.T.);
#5704=ORIENTED_EDGE('',*,*,#3878,.T.);
#5705=ORIENTED_EDGE('',*,*,#3876,.F.);
#5706=ORIENTED_EDGE('',*,*,#3874,.T.);
#5707=ORIENTED_EDGE('',*,*,#3872,.F.);
#5708=ORIENTED_EDGE('',*,*,#3869,.T.);
#5709=ORIENTED_EDGE('',*,*,#3851,.T.);
#5710=ORIENTED_EDGE('',*,*,#3849,.T.);
#5711=ORIENTED_EDGE('',*,*,#3847,.F.);
#5712=ORIENTED_EDGE('',*,*,#3845,.T.);
#5713=ORIENTED_EDGE('',*,*,#3843,.F.);
#5714=ORIENTED_EDGE('',*,*,#3841,.F.);
#5715=ORIENTED_EDGE('',*,*,#3837,.F.);
#5716=ORIENTED_EDGE('',*,*,#3836,.T.);
#5717=ORIENTED_EDGE('',*,*,#3940,.T.);
#5718=ORIENTED_EDGE('',*,*,#3104,.T.);
#5719=ORIENTED_EDGE('',*,*,#3941,.T.);
#5720=ORIENTED_EDGE('',*,*,#3900,.F.);
#5721=ORIENTED_EDGE('',*,*,#3941,.F.);
#5722=ORIENTED_EDGE('',*,*,#3103,.F.);
#5723=ORIENTED_EDGE('',*,*,#3942,.F.);
#5724=ORIENTED_EDGE('',*,*,#3905,.F.);
#5725=ORIENTED_EDGE('',*,*,#3897,.F.);
#5726=ORIENTED_EDGE('',*,*,#3943,.T.);
#5727=ORIENTED_EDGE('',*,*,#3906,.T.);
#5728=ORIENTED_EDGE('',*,*,#3942,.T.);
#5729=ORIENTED_EDGE('',*,*,#3102,.F.);
#5730=ORIENTED_EDGE('',*,*,#3944,.F.);
#5731=ORIENTED_EDGE('',*,*,#3901,.F.);
#5732=ORIENTED_EDGE('',*,*,#3943,.F.);
#5733=ORIENTED_EDGE('',*,*,#3110,.F.);
#5734=ORIENTED_EDGE('',*,*,#3109,.T.);
#5735=ORIENTED_EDGE('',*,*,#3936,.T.);
#5736=ORIENTED_EDGE('',*,*,#3935,.T.);
#5737=ORIENTED_EDGE('',*,*,#3930,.T.);
#5738=ORIENTED_EDGE('',*,*,#3927,.T.);
#5739=ORIENTED_EDGE('',*,*,#3924,.T.);
#5740=ORIENTED_EDGE('',*,*,#3921,.F.);
#5741=ORIENTED_EDGE('',*,*,#3916,.T.);
#5742=ORIENTED_EDGE('',*,*,#3913,.T.);
#5743=ORIENTED_EDGE('',*,*,#3910,.F.);
#5744=ORIENTED_EDGE('',*,*,#3907,.T.);
#5745=ORIENTED_EDGE('',*,*,#3902,.F.);
#5746=ORIENTED_EDGE('',*,*,#3944,.T.);
#5747=PLANE('',#6292);
#5748=PLANE('',#6293);
#5749=PLANE('',#6294);
#5750=PLANE('',#6295);
#5751=PLANE('',#6297);
#5752=PLANE('',#6302);
#5753=PLANE('',#6304);
#5754=PLANE('',#6322);
#5755=PLANE('',#6323);
#5756=PLANE('',#6324);
#5757=PLANE('',#6325);
#5758=PLANE('',#6326);
#5759=PLANE('',#6327);
#5760=PLANE('',#6328);
#5761=PLANE('',#6330);
#5762=PLANE('',#6331);
#5763=PLANE('',#6332);
#5764=PLANE('',#6333);
#5765=PLANE('',#6334);
#5766=PLANE('',#6335);
#5767=PLANE('',#6336);
#5768=PLANE('',#6341);
#5769=PLANE('',#6345);
#5770=PLANE('',#6349);
#5771=PLANE('',#6350);
#5772=PLANE('',#6351);
#5773=PLANE('',#6356);
#5774=PLANE('',#6357);
#5775=PLANE('',#6361);
#5776=PLANE('',#6365);
#5777=PLANE('',#6369);
#5778=PLANE('',#6371);
#5779=PLANE('',#6373);
#5780=PLANE('',#6375);
#5781=PLANE('',#6377);
#5782=PLANE('',#6379);
#5783=PLANE('',#6386);
#5784=PLANE('',#6388);
#5785=PLANE('',#6389);
#5786=PLANE('',#6392);
#5787=PLANE('',#6394);
#5788=PLANE('',#6395);
#5789=PLANE('',#6402);
#5790=PLANE('',#6403);
#5791=PLANE('',#6404);
#5792=PLANE('',#6408);
#5793=PLANE('',#6409);
#5794=PLANE('',#6410);
#5795=PLANE('',#6415);
#5796=PLANE('',#6439);
#5797=PLANE('',#6442);
#5798=PLANE('',#6446);
#5799=PLANE('',#6449);
#5800=PLANE('',#6450);
#5801=PLANE('',#6452);
#5802=PLANE('',#6453);
#5803=PLANE('',#6456);
#5804=PLANE('',#6459);
#5805=PLANE('',#6462);
#5806=PLANE('',#6463);
#5807=PLANE('',#6465);
#5808=PLANE('',#6466);
#5809=PLANE('',#6467);
#5810=PLANE('',#6468);
#5811=PLANE('',#6472);
#5812=PLANE('',#6475);
#5813=PLANE('',#6478);
#5814=PLANE('',#6479);
#5815=PLANE('',#6480);
#5816=PLANE('',#6481);
#5817=PLANE('',#6488);
#5818=PLANE('',#6489);
#5819=PLANE('',#6490);
#5820=PLANE('',#6491);
#5821=PLANE('',#6494);
#5822=PLANE('',#6495);
#5823=PLANE('',#6499);
#5824=PLANE('',#6503);
#5825=PLANE('',#6504);
#5826=PLANE('',#6508);
#5827=PLANE('',#6537);
#5828=PLANE('',#6539);
#5829=PLANE('',#6541);
#5830=PLANE('',#6542);
#5831=PLANE('',#6544);
#5832=PLANE('',#6546);
#5833=PLANE('',#6547);
#5834=PLANE('',#6556);
#5835=PLANE('',#6559);
#5836=PLANE('',#6566);
#5837=PLANE('',#6567);
#5838=PLANE('',#6569);
#5839=PLANE('',#6570);
#5840=PLANE('',#6571);
#5841=PLANE('',#6572);
#5842=PLANE('',#6573);
#5843=PLANE('',#6574);
#5844=PLANE('',#6575);
#5845=PLANE('',#6576);
#5846=PLANE('',#6577);
#5847=PLANE('',#6582);
#5848=PLANE('',#6583);
#5849=PLANE('',#6584);
#5850=PLANE('',#6585);
#5851=PLANE('',#6586);
#5852=PLANE('',#6587);
#5853=PLANE('',#6588);
#5854=PLANE('',#6589);
#5855=PLANE('',#6590);
#5856=PLANE('',#6591);
#5857=PLANE('',#6592);
#5858=PLANE('',#6593);
#5859=PLANE('',#6594);
#5860=PLANE('',#6595);
#5861=PLANE('',#6596);
#5862=PLANE('',#6597);
#5863=PLANE('',#6598);
#5864=PLANE('',#6603);
#5865=PLANE('',#6607);
#5866=PLANE('',#6608);
#5867=PLANE('',#6619);
#5868=PLANE('',#6624);
#5869=PLANE('',#6631);
#5870=PLANE('',#6633);
#5871=PLANE('',#6637);
#5872=PLANE('',#6653);
#5873=PLANE('',#6673);
#5874=PLANE('',#6678);
#5875=PLANE('',#6682);
#5876=PLANE('',#6687);
#5877=PLANE('',#6691);
#5878=PLANE('',#6695);
#5879=PLANE('',#6699);
#5880=PLANE('',#6703);
#5881=PLANE('',#6707);
#5882=PLANE('',#6711);
#5883=PLANE('',#6714);
#5884=PLANE('',#6717);
#5885=PLANE('',#6720);
#5886=PLANE('',#6723);
#5887=PLANE('',#6726);
#5888=PLANE('',#6727);
#5889=PLANE('',#6728);
#5890=PLANE('',#6729);
#5891=PLANE('',#6730);
#5892=PLANE('',#6731);
#5893=PLANE('',#6732);
#5894=PLANE('',#6733);
#5895=PLANE('',#6734);
#5896=PLANE('',#6737);
#5897=PLANE('',#6740);
#5898=PLANE('',#6743);
#5899=PLANE('',#6746);
#5900=PLANE('',#6749);
#5901=PLANE('',#6753);
#5902=PLANE('',#6757);
#5903=PLANE('',#6761);
#5904=PLANE('',#6765);
#5905=PLANE('',#6769);
#5906=PLANE('',#6773);
#5907=PLANE('',#6777);
#5908=PLANE('',#6781);
#5909=PLANE('',#6785);
#5910=PLANE('',#6789);
#5911=PLANE('',#6793);
#5912=PLANE('',#6802);
#5913=PLANE('',#6805);
#5914=PLANE('',#6808);
#5915=PLANE('',#6809);
#5916=PLANE('',#6812);
#5917=PLANE('',#6813);
#5918=PLANE('',#6814);
#5919=PLANE('',#6815);
#5920=PLANE('',#6816);
#5921=PLANE('',#6817);
#5922=PLANE('',#6818);
#5923=PLANE('',#6819);
#5924=PLANE('',#6820);
#5925=PLANE('',#6821);
#5926=PLANE('',#6822);
#5927=PLANE('',#6823);
#5928=PLANE('',#6828);
#5929=PLANE('',#6831);
#5930=PLANE('',#6832);
#5931=PLANE('',#6833);
#5932=PLANE('',#6842);
#5933=PLANE('',#6847);
#5934=PLANE('',#6851);
#5935=PLANE('',#6855);
#5936=PLANE('',#6859);
#5937=PLANE('',#6863);
#5938=PLANE('',#6867);
#5939=PLANE('',#6873);
#5940=PLANE('',#6874);
#5941=PLANE('',#6875);
#5942=PLANE('',#6876);
#5943=PLANE('',#6877);
#5944=PLANE('',#6878);
#5945=PLANE('',#6879);
#5946=PLANE('',#6880);
#5947=PLANE('',#6881);
#5948=ADVANCED_FACE('',(#469),#5747,.T.);
#5949=ADVANCED_FACE('',(#470),#5748,.T.);
#5950=ADVANCED_FACE('',(#471),#5749,.F.);
#5951=ADVANCED_FACE('',(#472,#161),#5750,.F.);
#5952=ADVANCED_FACE('',(#473,#162,#163),#5751,.T.);
#5953=ADVANCED_FACE('',(#474,#164),#5752,.T.);
#5954=ADVANCED_FACE('',(#475,#165,#166),#5753,.F.);
#5955=ADVANCED_FACE('',(#476),#141,.T.);
#5956=ADVANCED_FACE('',(#477),#142,.T.);
#5957=ADVANCED_FACE('',(#478),#5754,.F.);
#5958=ADVANCED_FACE('',(#479),#5755,.F.);
#5959=ADVANCED_FACE('',(#480),#5756,.F.);
#5960=ADVANCED_FACE('',(#481),#5757,.F.);
#5961=ADVANCED_FACE('',(#482),#5758,.F.);
#5962=ADVANCED_FACE('',(#483),#5759,.F.);
#5963=ADVANCED_FACE('',(#484,#167),#5760,.T.);
#5964=ADVANCED_FACE('',(#485),#5761,.F.);
#5965=ADVANCED_FACE('',(#486),#5762,.F.);
#5966=ADVANCED_FACE('',(#487),#5763,.F.);
#5967=ADVANCED_FACE('',(#488),#5764,.F.);
#5968=ADVANCED_FACE('',(#489),#5765,.F.);
#5969=ADVANCED_FACE('',(#490),#5766,.F.);
#5970=ADVANCED_FACE('',(#491,#168),#5767,.T.);
#5971=ADVANCED_FACE('',(#492),#16,.T.);
#5972=ADVANCED_FACE('',(#493),#5768,.T.);
#5973=ADVANCED_FACE('',(#494),#5769,.F.);
#5974=ADVANCED_FACE('',(#495),#17,.T.);
#5975=ADVANCED_FACE('',(#496),#5770,.T.);
#5976=ADVANCED_FACE('',(#497),#5771,.F.);
#5977=ADVANCED_FACE('',(#498),#5772,.F.);
#5978=ADVANCED_FACE('',(#499),#18,.F.);
#5979=ADVANCED_FACE('',(#500),#5773,.F.);
#5980=ADVANCED_FACE('',(#501,#169),#5774,.T.);
#5981=ADVANCED_FACE('',(#502,#170),#5775,.T.);
#5982=ADVANCED_FACE('',(#503),#5776,.T.);
#5983=ADVANCED_FACE('',(#504),#5777,.F.);
#5984=ADVANCED_FACE('',(#505),#5778,.F.);
#5985=ADVANCED_FACE('',(#506),#5779,.T.);
#5986=ADVANCED_FACE('',(#507),#5780,.T.);
#5987=ADVANCED_FACE('',(#508),#5781,.T.);
#5988=ADVANCED_FACE('',(#509),#5782,.T.);
#5989=ADVANCED_FACE('',(#510),#19,.F.);
#5990=ADVANCED_FACE('',(#511),#20,.F.);
#5991=ADVANCED_FACE('',(#512),#5783,.T.);
#5992=ADVANCED_FACE('',(#513),#5784,.T.);
#5993=ADVANCED_FACE('',(#514),#5785,.T.);
#5994=ADVANCED_FACE('',(#515),#21,.F.);
#5995=ADVANCED_FACE('',(#516),#5786,.F.);
#5996=ADVANCED_FACE('',(#517),#5787,.F.);
#5997=ADVANCED_FACE('',(#518),#5788,.F.);
#5998=ADVANCED_FACE('',(#519),#22,.F.);
#5999=ADVANCED_FACE('',(#520),#23,.F.);
#6000=ADVANCED_FACE('',(#521),#24,.F.);
#6001=ADVANCED_FACE('',(#522),#5789,.F.);
#6002=ADVANCED_FACE('',(#523),#5790,.F.);
#6003=ADVANCED_FACE('',(#524),#5791,.F.);
#6004=ADVANCED_FACE('',(#525),#25,.F.);
#6005=ADVANCED_FACE('',(#526),#5792,.F.);
#6006=ADVANCED_FACE('',(#527),#5793,.F.);
#6007=ADVANCED_FACE('',(#528),#5794,.F.);
#6008=ADVANCED_FACE('',(#529),#26,.F.);
#6009=ADVANCED_FACE('',(#530,#171),#5795,.T.);
#6010=ADVANCED_FACE('',(#531),#143,.F.);
#6011=ADVANCED_FACE('',(#532),#144,.F.);
#6012=ADVANCED_FACE('',(#533),#145,.F.);
#6013=ADVANCED_FACE('',(#534),#146,.F.);
#6014=ADVANCED_FACE('',(#535),#147,.F.);
#6015=ADVANCED_FACE('',(#536),#148,.F.);
#6016=ADVANCED_FACE('',(#537),#27,.F.);
#6017=ADVANCED_FACE('',(#538),#28,.F.);
#6018=ADVANCED_FACE('',(#539),#5796,.T.);
#6019=ADVANCED_FACE('',(#540,#172),#5797,.T.);
#6020=ADVANCED_FACE('',(#541),#29,.T.);
#6021=ADVANCED_FACE('',(#542),#5798,.T.);
#6022=ADVANCED_FACE('',(#543),#30,.F.);
#6023=ADVANCED_FACE('',(#544),#31,.F.);
#6024=ADVANCED_FACE('',(#545),#5799,.T.);
#6025=ADVANCED_FACE('',(#546,#173),#5800,.T.);
#6026=ADVANCED_FACE('',(#547),#5801,.T.);
#6027=ADVANCED_FACE('',(#548,#174),#5802,.F.);
#6028=ADVANCED_FACE('',(#549),#32,.T.);
#6029=ADVANCED_FACE('',(#550),#5803,.T.);
#6030=ADVANCED_FACE('',(#551),#33,.T.);
#6031=ADVANCED_FACE('',(#552),#5804,.T.);
#6032=ADVANCED_FACE('',(#553),#34,.F.);
#6033=ADVANCED_FACE('',(#554),#35,.F.);
#6034=ADVANCED_FACE('',(#555),#5805,.F.);
#6035=ADVANCED_FACE('',(#556,#175),#5806,.F.);
#6036=ADVANCED_FACE('',(#557),#5807,.F.);
#6037=ADVANCED_FACE('',(#558,#176),#5808,.T.);
#6038=ADVANCED_FACE('',(#559),#5809,.F.);
#6039=ADVANCED_FACE('',(#560,#177),#5810,.F.);
#6040=ADVANCED_FACE('',(#561),#36,.T.);
#6041=ADVANCED_FACE('',(#562),#5811,.F.);
#6042=ADVANCED_FACE('',(#563),#37,.T.);
#6043=ADVANCED_FACE('',(#564),#5812,.F.);
#6044=ADVANCED_FACE('',(#565),#38,.T.);
#6045=ADVANCED_FACE('',(#566,#178),#5813,.T.);
#6046=ADVANCED_FACE('',(#567),#5814,.F.);
#6047=ADVANCED_FACE('',(#568,#179),#5815,.F.);
#6048=ADVANCED_FACE('',(#569),#5816,.F.);
#6049=ADVANCED_FACE('',(#570),#39,.F.);
#6050=ADVANCED_FACE('',(#571),#40,.F.);
#6051=ADVANCED_FACE('',(#572),#41,.F.);
#6052=ADVANCED_FACE('',(#573),#5817,.F.);
#6053=ADVANCED_FACE('',(#574,#180),#5818,.F.);
#6054=ADVANCED_FACE('',(#575),#5819,.F.);
#6055=ADVANCED_FACE('',(#576,#181),#5820,.T.);
#6056=ADVANCED_FACE('',(#577),#42,.F.);
#6057=ADVANCED_FACE('',(#578),#5821,.T.);
#6058=ADVANCED_FACE('',(#579,#182),#5822,.T.);
#6059=ADVANCED_FACE('',(#580),#149,.T.);
#6060=ADVANCED_FACE('',(#581),#5823,.T.);
#6061=ADVANCED_FACE('',(#582),#43,.T.);
#6062=ADVANCED_FACE('',(#583),#5824,.T.);
#6063=ADVANCED_FACE('',(#584),#5825,.T.);
#6064=ADVANCED_FACE('',(#585),#44,.T.);
#6065=ADVANCED_FACE('',(#586),#5826,.T.);
#6066=ADVANCED_FACE('',(#587),#45,.F.);
#6067=ADVANCED_FACE('',(#588),#46,.F.);
#6068=ADVANCED_FACE('',(#589),#47,.F.);
#6069=ADVANCED_FACE('',(#590),#48,.F.);
#6070=ADVANCED_FACE('',(#591),#49,.F.);
#6071=ADVANCED_FACE('',(#592),#50,.F.);
#6072=ADVANCED_FACE('',(#593),#51,.F.);
#6073=ADVANCED_FACE('',(#594),#52,.F.);
#6074=ADVANCED_FACE('',(#595),#53,.F.);
#6075=ADVANCED_FACE('',(#596),#54,.F.);
#6076=ADVANCED_FACE('',(#597),#55,.F.);
#6077=ADVANCED_FACE('',(#598),#56,.F.);
#6078=ADVANCED_FACE('',(#599),#5827,.F.);
#6079=ADVANCED_FACE('',(#600),#5828,.T.);
#6080=ADVANCED_FACE('',(#601,#183,#184),#5829,.T.);
#6081=ADVANCED_FACE('',(#602),#5830,.T.);
#6082=ADVANCED_FACE('',(#603),#5831,.F.);
#6083=ADVANCED_FACE('',(#604),#5832,.T.);
#6084=ADVANCED_FACE('',(#605),#5833,.F.);
#6085=ADVANCED_FACE('',(#606),#57,.F.);
#6086=ADVANCED_FACE('',(#607),#58,.F.);
#6087=ADVANCED_FACE('',(#608),#59,.F.);
#6088=ADVANCED_FACE('',(#609),#5834,.F.);
#6089=ADVANCED_FACE('',(#610),#60,.F.);
#6090=ADVANCED_FACE('',(#611),#5835,.F.);
#6091=ADVANCED_FACE('',(#612),#61,.T.);
#6092=ADVANCED_FACE('',(#613),#62,.T.);
#6093=ADVANCED_FACE('',(#614),#5836,.F.);
#6094=ADVANCED_FACE('',(#615),#5837,.F.);
#6095=ADVANCED_FACE('',(#616),#5838,.F.);
#6096=ADVANCED_FACE('',(#617),#5839,.F.);
#6097=ADVANCED_FACE('',(#618),#5840,.T.);
#6098=ADVANCED_FACE('',(#619),#5841,.F.);
#6099=ADVANCED_FACE('',(#620),#5842,.F.);
#6100=ADVANCED_FACE('',(#621),#5843,.F.);
#6101=ADVANCED_FACE('',(#622),#5844,.F.);
#6102=ADVANCED_FACE('',(#623),#5845,.F.);
#6103=ADVANCED_FACE('',(#624),#5846,.F.);
#6104=ADVANCED_FACE('',(#625),#63,.F.);
#6105=ADVANCED_FACE('',(#626),#64,.F.);
#6106=ADVANCED_FACE('',(#627),#5847,.F.);
#6107=ADVANCED_FACE('',(#628),#5848,.F.);
#6108=ADVANCED_FACE('',(#629),#5849,.F.);
#6109=ADVANCED_FACE('',(#630),#5850,.F.);
#6110=ADVANCED_FACE('',(#631),#5851,.T.);
#6111=ADVANCED_FACE('',(#632),#5852,.T.);
#6112=ADVANCED_FACE('',(#633),#5853,.F.);
#6113=ADVANCED_FACE('',(#634),#5854,.T.);
#6114=ADVANCED_FACE('',(#635),#5855,.T.);
#6115=ADVANCED_FACE('',(#636),#5856,.T.);
#6116=ADVANCED_FACE('',(#637),#5857,.T.);
#6117=ADVANCED_FACE('',(#638),#5858,.T.);
#6118=ADVANCED_FACE('',(#639),#5859,.T.);
#6119=ADVANCED_FACE('',(#640),#5860,.T.);
#6120=ADVANCED_FACE('',(#641),#5861,.T.);
#6121=ADVANCED_FACE('',(#642),#5862,.T.);
#6122=ADVANCED_FACE('',(#643),#5863,.T.);
#6123=ADVANCED_FACE('',(#644),#65,.T.);
#6124=ADVANCED_FACE('',(#645),#5864,.T.);
#6125=ADVANCED_FACE('',(#646),#66,.F.);
#6126=ADVANCED_FACE('',(#647,#185,#186,#187,#188,#189,#190),#5865,.T.);
#6127=ADVANCED_FACE('',(#648),#5866,.F.);
#6128=ADVANCED_FACE('',(#649),#150,.F.);
#6129=ADVANCED_FACE('',(#650),#151,.F.);
#6130=ADVANCED_FACE('',(#651),#67,.F.);
#6131=ADVANCED_FACE('',(#652),#68,.F.);
#6132=ADVANCED_FACE('',(#653),#5867,.T.);
#6133=ADVANCED_FACE('',(#654),#69,.F.);
#6134=ADVANCED_FACE('',(#655),#5868,.T.);
#6135=ADVANCED_FACE('',(#656),#70,.F.);
#6136=ADVANCED_FACE('',(#657),#152,.T.);
#6137=ADVANCED_FACE('',(#658,#191),#5869,.T.);
#6138=ADVANCED_FACE('',(#659),#5870,.T.);
#6139=ADVANCED_FACE('',(#660),#153,.F.);
#6140=ADVANCED_FACE('',(#661),#5871,.F.);
#6141=ADVANCED_FACE('',(#662),#154,.F.);
#6142=ADVANCED_FACE('',(#663),#155,.F.);
#6143=ADVANCED_FACE('',(#664),#156,.F.);
#6144=ADVANCED_FACE('',(#665),#71,.T.);
#6145=ADVANCED_FACE('',(#666),#72,.T.);
#6146=ADVANCED_FACE('',(#667),#73,.T.);
#6147=ADVANCED_FACE('',(#668,#192,#193,#194,#195,#196,#197,#198,#199,#200,
#201,#202,#203,#204),#5872,.T.);
#6148=ADVANCED_FACE('',(#669),#74,.T.);
#6149=ADVANCED_FACE('',(#670),#75,.F.);
#6150=ADVANCED_FACE('',(#671),#76,.F.);
#6151=ADVANCED_FACE('',(#672),#5873,.F.);
#6152=ADVANCED_FACE('',(#673),#77,.F.);
#6153=ADVANCED_FACE('',(#674),#5874,.F.);
#6154=ADVANCED_FACE('',(#675),#157,.F.);
#6155=ADVANCED_FACE('',(#676),#5875,.F.);
#6156=ADVANCED_FACE('',(#677),#78,.F.);
#6157=ADVANCED_FACE('',(#678),#5876,.T.);
#6158=ADVANCED_FACE('',(#679),#79,.F.);
#6159=ADVANCED_FACE('',(#680),#5877,.F.);
#6160=ADVANCED_FACE('',(#681),#80,.F.);
#6161=ADVANCED_FACE('',(#682),#5878,.T.);
#6162=ADVANCED_FACE('',(#683),#81,.F.);
#6163=ADVANCED_FACE('',(#684),#5879,.F.);
#6164=ADVANCED_FACE('',(#685),#82,.F.);
#6165=ADVANCED_FACE('',(#686),#5880,.T.);
#6166=ADVANCED_FACE('',(#687),#83,.F.);
#6167=ADVANCED_FACE('',(#688),#5881,.F.);
#6168=ADVANCED_FACE('',(#689),#158,.T.);
#6169=ADVANCED_FACE('',(#690),#5882,.F.);
#6170=ADVANCED_FACE('',(#691),#84,.F.);
#6171=ADVANCED_FACE('',(#692),#5883,.T.);
#6172=ADVANCED_FACE('',(#693),#85,.T.);
#6173=ADVANCED_FACE('',(#694),#5884,.T.);
#6174=ADVANCED_FACE('',(#695),#86,.T.);
#6175=ADVANCED_FACE('',(#696),#5885,.T.);
#6176=ADVANCED_FACE('',(#697),#87,.F.);
#6177=ADVANCED_FACE('',(#698),#5886,.T.);
#6178=ADVANCED_FACE('',(#699),#88,.F.);
#6179=ADVANCED_FACE('',(#700),#5887,.T.);
#6180=ADVANCED_FACE('',(#701),#5888,.T.);
#6181=ADVANCED_FACE('',(#702),#5889,.F.);
#6182=ADVANCED_FACE('',(#703),#5890,.F.);
#6183=ADVANCED_FACE('',(#704,#205,#206),#5891,.T.);
#6184=ADVANCED_FACE('',(#705),#5892,.T.);
#6185=ADVANCED_FACE('',(#706),#5893,.T.);
#6186=ADVANCED_FACE('',(#707),#5894,.F.);
#6187=ADVANCED_FACE('',(#708),#5895,.F.);
#6188=ADVANCED_FACE('',(#709),#89,.F.);
#6189=ADVANCED_FACE('',(#710),#5896,.F.);
#6190=ADVANCED_FACE('',(#711),#90,.F.);
#6191=ADVANCED_FACE('',(#712),#5897,.T.);
#6192=ADVANCED_FACE('',(#713),#91,.T.);
#6193=ADVANCED_FACE('',(#714),#5898,.T.);
#6194=ADVANCED_FACE('',(#715),#92,.T.);
#6195=ADVANCED_FACE('',(#716),#5899,.T.);
#6196=ADVANCED_FACE('',(#717),#93,.F.);
#6197=ADVANCED_FACE('',(#718),#5900,.F.);
#6198=ADVANCED_FACE('',(#719),#159,.T.);
#6199=ADVANCED_FACE('',(#720),#5901,.T.);
#6200=ADVANCED_FACE('',(#721),#94,.F.);
#6201=ADVANCED_FACE('',(#722),#5902,.F.);
#6202=ADVANCED_FACE('',(#723),#95,.F.);
#6203=ADVANCED_FACE('',(#724),#5903,.F.);
#6204=ADVANCED_FACE('',(#725),#96,.F.);
#6205=ADVANCED_FACE('',(#726),#5904,.T.);
#6206=ADVANCED_FACE('',(#727),#97,.F.);
#6207=ADVANCED_FACE('',(#728),#5905,.F.);
#6208=ADVANCED_FACE('',(#729),#98,.F.);
#6209=ADVANCED_FACE('',(#730),#5906,.T.);
#6210=ADVANCED_FACE('',(#731),#160,.F.);
#6211=ADVANCED_FACE('',(#732),#5907,.T.);
#6212=ADVANCED_FACE('',(#733),#99,.F.);
#6213=ADVANCED_FACE('',(#734),#5908,.F.);
#6214=ADVANCED_FACE('',(#735),#100,.F.);
#6215=ADVANCED_FACE('',(#736),#5909,.T.);
#6216=ADVANCED_FACE('',(#737),#101,.F.);
#6217=ADVANCED_FACE('',(#738),#5910,.T.);
#6218=ADVANCED_FACE('',(#739),#102,.F.);
#6219=ADVANCED_FACE('',(#740),#5911,.F.);
#6220=ADVANCED_FACE('',(#741),#103,.F.);
#6221=ADVANCED_FACE('',(#742),#104,.F.);
#6222=ADVANCED_FACE('',(#743),#105,.F.);
#6223=ADVANCED_FACE('',(#744),#106,.F.);
#6224=ADVANCED_FACE('',(#745),#5912,.T.);
#6225=ADVANCED_FACE('',(#746),#107,.F.);
#6226=ADVANCED_FACE('',(#747),#5913,.T.);
#6227=ADVANCED_FACE('',(#748),#108,.F.);
#6228=ADVANCED_FACE('',(#749),#5914,.T.);
#6229=ADVANCED_FACE('',(#750),#5915,.T.);
#6230=ADVANCED_FACE('',(#751),#109,.T.);
#6231=ADVANCED_FACE('',(#752),#5916,.T.);
#6232=ADVANCED_FACE('',(#753),#5917,.F.);
#6233=ADVANCED_FACE('',(#754),#5918,.T.);
#6234=ADVANCED_FACE('',(#755),#5919,.F.);
#6235=ADVANCED_FACE('',(#756),#5920,.T.);
#6236=ADVANCED_FACE('',(#757),#5921,.T.);
#6237=ADVANCED_FACE('',(#758),#5922,.T.);
#6238=ADVANCED_FACE('',(#759),#5923,.F.);
#6239=ADVANCED_FACE('',(#760),#5924,.F.);
#6240=ADVANCED_FACE('',(#761),#5925,.T.);
#6241=ADVANCED_FACE('',(#762),#5926,.F.);
#6242=ADVANCED_FACE('',(#763),#5927,.T.);
#6243=ADVANCED_FACE('',(#764),#110,.F.);
#6244=ADVANCED_FACE('',(#765),#111,.F.);
#6245=ADVANCED_FACE('',(#766),#5928,.F.);
#6246=ADVANCED_FACE('',(#767),#112,.F.);
#6247=ADVANCED_FACE('',(#768),#5929,.F.);
#6248=ADVANCED_FACE('',(#769),#5930,.F.);
#6249=ADVANCED_FACE('',(#770),#5931,.F.);
#6250=ADVANCED_FACE('',(#771),#113,.F.);
#6251=ADVANCED_FACE('',(#772),#114,.F.);
#6252=ADVANCED_FACE('',(#773),#115,.F.);
#6253=ADVANCED_FACE('',(#774),#116,.F.);
#6254=ADVANCED_FACE('',(#775),#5932,.T.);
#6255=ADVANCED_FACE('',(#776),#117,.F.);
#6256=ADVANCED_FACE('',(#777),#118,.F.);
#6257=ADVANCED_FACE('',(#778),#5933,.T.);
#6258=ADVANCED_FACE('',(#779),#119,.F.);
#6259=ADVANCED_FACE('',(#780),#5934,.T.);
#6260=ADVANCED_FACE('',(#781),#120,.F.);
#6261=ADVANCED_FACE('',(#782),#5935,.T.);
#6262=ADVANCED_FACE('',(#783),#121,.F.);
#6263=ADVANCED_FACE('',(#784),#5936,.T.);
#6264=ADVANCED_FACE('',(#785),#122,.T.);
#6265=ADVANCED_FACE('',(#786),#5937,.T.);
#6266=ADVANCED_FACE('',(#787),#123,.F.);
#6267=ADVANCED_FACE('',(#788),#5938,.T.);
#6268=ADVANCED_FACE('',(#789),#124,.F.);
#6269=ADVANCED_FACE('',(#790),#5939,.T.);
#6270=ADVANCED_FACE('',(#791),#5940,.T.);
#6271=ADVANCED_FACE('',(#792),#5941,.T.);
#6272=ADVANCED_FACE('',(#793,#207,#208,#209,#210,#211,#212,#213,#214,#215,
#216,#217),#5942,.T.);
#6273=ADVANCED_FACE('',(#794),#5943,.T.);
#6274=ADVANCED_FACE('',(#795),#5944,.T.);
#6275=ADVANCED_FACE('',(#796),#5945,.T.);
#6276=ADVANCED_FACE('',(#797),#5946,.T.);
#6277=ADVANCED_FACE('',(#798),#5947,.T.);
#6278=CLOSED_SHELL('',(#5948,#5949,#5950,#5951,#5952,#5953,#5954,#5955,
#5956,#5957,#5958,#5959,#5960,#5961,#5962,#5963,#5964,#5965,#5966,#5967,
#5968,#5969,#5970,#5971,#5972,#5973,#5974,#5975,#5976,#5977,#5978,#5979,
#5980,#5981,#5982,#5983,#5984,#5985,#5986,#5987,#5988,#5989,#5990,#5991,
#5992,#5993,#5994,#5995,#5996,#5997,#5998,#5999,#6000,#6001,#6002,#6003,
#6004,#6005,#6006,#6007,#6008,#6009,#6010,#6011,#6012,#6013,#6014,#6015,
#6016,#6017,#6018,#6019,#6020,#6021,#6022,#6023,#6024,#6025,#6026,#6027,
#6028,#6029,#6030,#6031,#6032,#6033,#6034,#6035,#6036,#6037,#6038,#6039,
#6040,#6041,#6042,#6043,#6044,#6045,#6046,#6047,#6048,#6049,#6050,#6051,
#6052,#6053,#6054,#6055,#6056,#6057,#6058,#6059,#6060,#6061,#6062,#6063,
#6064,#6065,#6066,#6067,#6068,#6069,#6070,#6071,#6072,#6073,#6074,#6075,
#6076,#6077,#6078,#6079,#6080,#6081,#6082,#6083,#6084,#6085,#6086,#6087,
#6088,#6089,#6090,#6091,#6092,#6093,#6094,#6095,#6096,#6097,#6098,#6099,
#6100,#6101,#6102,#6103,#6104,#6105,#6106,#6107,#6108,#6109,#6110,#6111,
#6112,#6113,#6114,#6115,#6116,#6117,#6118,#6119,#6120,#6121,#6122,#6123,
#6124,#6125,#6126,#6127,#6128,#6129,#6130,#6131,#6132,#6133,#6134,#6135,
#6136,#6137,#6138,#6139,#6140,#6141,#6142,#6143,#6144,#6145,#6146,#6147,
#6148,#6149,#6150,#6151,#6152,#6153,#6154,#6155,#6156,#6157,#6158,#6159,
#6160,#6161,#6162,#6163,#6164,#6165,#6166,#6167,#6168,#6169,#6170,#6171,
#6172,#6173,#6174,#6175,#6176,#6177,#6178,#6179,#6180,#6181,#6182,#6183,
#6184,#6185,#6186,#6187,#6188,#6189,#6190,#6191,#6192,#6193,#6194,#6195,
#6196,#6197,#6198,#6199,#6200,#6201,#6202,#6203,#6204,#6205,#6206,#6207,
#6208,#6209,#6210,#6211,#6212,#6213,#6214,#6215,#6216,#6217,#6218,#6219,
#6220,#6221,#6222,#6223,#6224,#6225,#6226,#6227,#6228,#6229,#6230,#6231,
#6232,#6233,#6234,#6235,#6236,#6237,#6238,#6239,#6240,#6241,#6242,#6243,
#6244,#6245,#6246,#6247,#6248,#6249,#6250,#6251,#6252,#6253,#6254,#6255,
#6256,#6257,#6258,#6259,#6260,#6261,#6262,#6263,#6264,#6265,#6266,#6267,
#6268,#6269,#6270,#6271,#6272,#6273,#6274,#6275,#6276,#6277));
#6279=DERIVED_UNIT_ELEMENT(#6281,1.);
#6280=DERIVED_UNIT_ELEMENT(#10549,-3.);
#6281=(
MASS_UNIT()
NAMED_UNIT(*)
SI_UNIT(.KILO.,.GRAM.)
);
#6282=DERIVED_UNIT((#6279,#6280));
#6283=MEASURE_REPRESENTATION_ITEM('density measure',
POSITIVE_RATIO_MEASURE(7850.),#6282);
#6284=PROPERTY_DEFINITION_REPRESENTATION(#6289,#6286);
#6285=PROPERTY_DEFINITION_REPRESENTATION(#6290,#6287);
#6286=REPRESENTATION('material name',(#6288),#10546);
#6287=REPRESENTATION('density',(#6283),#10546);
#6288=DESCRIPTIVE_REPRESENTATION_ITEM('Stahl','Stahl');
#6289=PROPERTY_DEFINITION('material property','material name',#10556);
#6290=PROPERTY_DEFINITION('material property','density of part',#10556);
#6291=AXIS2_PLACEMENT_3D('',#8697,#6882,#6883);
#6292=AXIS2_PLACEMENT_3D('',#8698,#6884,#6885);
#6293=AXIS2_PLACEMENT_3D('',#8723,#6898,#6899);
#6294=AXIS2_PLACEMENT_3D('',#8731,#6904,#6905);
#6295=AXIS2_PLACEMENT_3D('',#8739,#6910,#6911);
#6296=AXIS2_PLACEMENT_3D('',#8751,#6917,#6918);
#6297=AXIS2_PLACEMENT_3D('',#8760,#6923,#6924);
#6298=AXIS2_PLACEMENT_3D('',#8763,#6925,#6926);
#6299=AXIS2_PLACEMENT_3D('',#8767,#6928,#6929);
#6300=AXIS2_PLACEMENT_3D('',#8770,#6931,#6932);
#6301=AXIS2_PLACEMENT_3D('',#8772,#6933,#6934);
#6302=AXIS2_PLACEMENT_3D('',#8773,#6935,#6936);
#6303=AXIS2_PLACEMENT_3D('',#8776,#6937,#6938);
#6304=AXIS2_PLACEMENT_3D('',#8794,#6948,#6949);
#6305=AXIS2_PLACEMENT_3D('',#8797,#6950,#6951);
#6306=AXIS2_PLACEMENT_3D('',#8801,#6953,#6954);
#6307=AXIS2_PLACEMENT_3D('',#8804,#6956,#6957);
#6308=AXIS2_PLACEMENT_3D('',#8806,#6958,#6959);
#6309=AXIS2_PLACEMENT_3D('',#8807,#6960,#6961);
#6310=AXIS2_PLACEMENT_3D('',#8810,#6962,#6963);
#6311=AXIS2_PLACEMENT_3D('',#8812,#6964,#6965);
#6312=AXIS2_PLACEMENT_3D('',#8820,#6966,#6967);
#6313=AXIS2_PLACEMENT_3D('',#8825,#6968,#6969);
#6314=AXIS2_PLACEMENT_3D('',#8826,#6970,#6971);
#6315=AXIS2_PLACEMENT_3D('',#8829,#6972,#6973);
#6316=AXIS2_PLACEMENT_3D('',#8831,#6974,#6975);
#6317=AXIS2_PLACEMENT_3D('',#8837,#6976,#6977);
#6318=AXIS2_PLACEMENT_3D('',#8843,#6978,#6979);
#6319=AXIS2_PLACEMENT_3D('',#8845,#6980,#6981);
#6320=AXIS2_PLACEMENT_3D('',#8847,#6982,#6983);
#6321=AXIS2_PLACEMENT_3D('',#8848,#6984,#6985);
#6322=AXIS2_PLACEMENT_3D('',#8849,#6986,#6987);
#6323=AXIS2_PLACEMENT_3D('',#8858,#6992,#6993);
#6324=AXIS2_PLACEMENT_3D('',#8864,#6997,#6998);
#6325=AXIS2_PLACEMENT_3D('',#8870,#7002,#7003);
#6326=AXIS2_PLACEMENT_3D('',#8876,#7007,#7008);
#6327=AXIS2_PLACEMENT_3D('',#8882,#7012,#7013);
#6328=AXIS2_PLACEMENT_3D('',#8885,#7016,#7017);
#6329=AXIS2_PLACEMENT_3D('',#8887,#7018,#7019);
#6330=AXIS2_PLACEMENT_3D('',#8888,#7020,#7021);
#6331=AXIS2_PLACEMENT_3D('',#8897,#7026,#7027);
#6332=AXIS2_PLACEMENT_3D('',#8903,#7031,#7032);
#6333=AXIS2_PLACEMENT_3D('',#8909,#7036,#7037);
#6334=AXIS2_PLACEMENT_3D('',#8915,#7041,#7042);
#6335=AXIS2_PLACEMENT_3D('',#8921,#7046,#7047);
#6336=AXIS2_PLACEMENT_3D('',#8924,#7050,#7051);
#6337=AXIS2_PLACEMENT_3D('',#8926,#7052,#7053);
#6338=AXIS2_PLACEMENT_3D('',#8927,#7054,#7055);
#6339=AXIS2_PLACEMENT_3D('',#8930,#7056,#7057);
#6340=AXIS2_PLACEMENT_3D('',#8934,#7059,#7060);
#6341=AXIS2_PLACEMENT_3D('',#8936,#7062,#7063);
#6342=AXIS2_PLACEMENT_3D('',#8940,#7065,#7066);
#6343=AXIS2_PLACEMENT_3D('',#8944,#7068,#7069);
#6344=AXIS2_PLACEMENT_3D('',#8948,#7071,#7072);
#6345=AXIS2_PLACEMENT_3D('',#8950,#7074,#7075);
#6346=AXIS2_PLACEMENT_3D('',#8962,#7082,#7083);
#6347=AXIS2_PLACEMENT_3D('',#8965,#7084,#7085);
#6348=AXIS2_PLACEMENT_3D('',#8969,#7087,#7088);
#6349=AXIS2_PLACEMENT_3D('',#8971,#7090,#7091);
#6350=AXIS2_PLACEMENT_3D('',#8989,#7101,#7102);
#6351=AXIS2_PLACEMENT_3D('',#8998,#7107,#7108);
#6352=AXIS2_PLACEMENT_3D('',#9004,#7112,#7113);
#6353=AXIS2_PLACEMENT_3D('',#9006,#7114,#7115);
#6354=AXIS2_PLACEMENT_3D('',#9010,#7117,#7118);
#6355=AXIS2_PLACEMENT_3D('',#9013,#7120,#7121);
#6356=AXIS2_PLACEMENT_3D('',#9014,#7122,#7123);
#6357=AXIS2_PLACEMENT_3D('',#9018,#7126,#7127);
#6358=AXIS2_PLACEMENT_3D('',#9020,#7128,#7129);
#6359=AXIS2_PLACEMENT_3D('',#9023,#7131,#7132);
#6360=AXIS2_PLACEMENT_3D('',#9025,#7133,#7134);
#6361=AXIS2_PLACEMENT_3D('',#9026,#7135,#7136);
#6362=AXIS2_PLACEMENT_3D('',#9028,#7137,#7138);
#6363=AXIS2_PLACEMENT_3D('',#9029,#7139,#7140);
#6364=AXIS2_PLACEMENT_3D('',#9031,#7141,#7142);
#6365=AXIS2_PLACEMENT_3D('',#9032,#7143,#7144);
#6366=AXIS2_PLACEMENT_3D('',#9034,#7145,#7146);
#6367=AXIS2_PLACEMENT_3D('',#9035,#7147,#7148);
#6368=AXIS2_PLACEMENT_3D('',#9036,#7149,#7150);
#6369=AXIS2_PLACEMENT_3D('',#9037,#7151,#7152);
#6370=AXIS2_PLACEMENT_3D('',#9039,#7153,#7154);
#6371=AXIS2_PLACEMENT_3D('',#9040,#7155,#7156);
#6372=AXIS2_PLACEMENT_3D('',#9042,#7157,#7158);
#6373=AXIS2_PLACEMENT_3D('',#9043,#7159,#7160);
#6374=AXIS2_PLACEMENT_3D('',#9045,#7161,#7162);
#6375=AXIS2_PLACEMENT_3D('',#9046,#7163,#7164);
#6376=AXIS2_PLACEMENT_3D('',#9048,#7165,#7166);
#6377=AXIS2_PLACEMENT_3D('',#9049,#7167,#7168);
#6378=AXIS2_PLACEMENT_3D('',#9051,#7169,#7170);
#6379=AXIS2_PLACEMENT_3D('',#9052,#7171,#7172);
#6380=AXIS2_PLACEMENT_3D('',#9054,#7173,#7174);
#6381=AXIS2_PLACEMENT_3D('',#9055,#7175,#7176);
#6382=AXIS2_PLACEMENT_3D('',#9057,#7177,#7178);
#6383=AXIS2_PLACEMENT_3D('',#9060,#7180,#7181);
#6384=AXIS2_PLACEMENT_3D('',#9061,#7182,#7183);
#6385=AXIS2_PLACEMENT_3D('',#9063,#7184,#7185);
#6386=AXIS2_PLACEMENT_3D('',#9065,#7187,#7188);
#6387=AXIS2_PLACEMENT_3D('',#9067,#7189,#7190);
#6388=AXIS2_PLACEMENT_3D('',#9068,#7191,#7192);
#6389=AXIS2_PLACEMENT_3D('',#9077,#7197,#7198);
#6390=AXIS2_PLACEMENT_3D('',#9083,#7202,#7203);
#6391=AXIS2_PLACEMENT_3D('',#9086,#7205,#7206);
#6392=AXIS2_PLACEMENT_3D('',#9087,#7207,#7208);
#6393=AXIS2_PLACEMENT_3D('',#9089,#7209,#7210);
#6394=AXIS2_PLACEMENT_3D('',#9090,#7211,#7212);
#6395=AXIS2_PLACEMENT_3D('',#9099,#7217,#7218);
#6396=AXIS2_PLACEMENT_3D('',#9105,#7222,#7223);
#6397=AXIS2_PLACEMENT_3D('',#9107,#7224,#7225);
#6398=AXIS2_PLACEMENT_3D('',#9109,#7227,#7228);
#6399=AXIS2_PLACEMENT_3D('',#9112,#7230,#7231);
#6400=AXIS2_PLACEMENT_3D('',#9113,#7232,#7233);
#6401=AXIS2_PLACEMENT_3D('',#9115,#7234,#7235);
#6402=AXIS2_PLACEMENT_3D('',#9117,#7237,#7238);
#6403=AXIS2_PLACEMENT_3D('',#9126,#7243,#7244);
#6404=AXIS2_PLACEMENT_3D('',#9132,#7248,#7249);
#6405=AXIS2_PLACEMENT_3D('',#9134,#7250,#7251);
#6406=AXIS2_PLACEMENT_3D('',#9135,#7252,#7253);
#6407=AXIS2_PLACEMENT_3D('',#9137,#7254,#7255);
#6408=AXIS2_PLACEMENT_3D('',#9139,#7257,#7258);
#6409=AXIS2_PLACEMENT_3D('',#9148,#7263,#7264);
#6410=AXIS2_PLACEMENT_3D('',#9154,#7268,#7269);
#6411=AXIS2_PLACEMENT_3D('',#9156,#7270,#7271);
#6412=AXIS2_PLACEMENT_3D('',#9157,#7272,#7273);
#6413=AXIS2_PLACEMENT_3D('',#9159,#7274,#7275);
#6414=AXIS2_PLACEMENT_3D('',#9162,#7277,#7278);
#6415=AXIS2_PLACEMENT_3D('',#9163,#7279,#7280);
#6416=AXIS2_PLACEMENT_3D('',#9165,#7281,#7282);
#6417=AXIS2_PLACEMENT_3D('',#9166,#7283,#7284);
#6418=AXIS2_PLACEMENT_3D('',#9168,#7285,#7286);
#6419=AXIS2_PLACEMENT_3D('',#9171,#7288,#7289);
#6420=AXIS2_PLACEMENT_3D('',#9172,#7290,#7291);
#6421=AXIS2_PLACEMENT_3D('',#9175,#7293,#7294);
#6422=AXIS2_PLACEMENT_3D('',#9176,#7295,#7296);
#6423=AXIS2_PLACEMENT_3D('',#9179,#7298,#7299);
#6424=AXIS2_PLACEMENT_3D('',#9180,#7300,#7301);
#6425=AXIS2_PLACEMENT_3D('',#9182,#7302,#7303);
#6426=AXIS2_PLACEMENT_3D('',#9185,#7305,#7306);
#6427=AXIS2_PLACEMENT_3D('',#9186,#7307,#7308);
#6428=AXIS2_PLACEMENT_3D('',#9188,#7309,#7310);
#6429=AXIS2_PLACEMENT_3D('',#9191,#7312,#7313);
#6430=AXIS2_PLACEMENT_3D('',#9192,#7314,#7315);
#6431=AXIS2_PLACEMENT_3D('',#9194,#7316,#7317);
#6432=AXIS2_PLACEMENT_3D('',#9197,#7319,#7320);
#6433=AXIS2_PLACEMENT_3D('',#9198,#7321,#7322);
#6434=AXIS2_PLACEMENT_3D('',#9200,#7323,#7324);
#6435=AXIS2_PLACEMENT_3D('',#9203,#7326,#7327);
#6436=AXIS2_PLACEMENT_3D('',#9204,#7328,#7329);
#6437=AXIS2_PLACEMENT_3D('',#9206,#7330,#7331);
#6438=AXIS2_PLACEMENT_3D('',#9209,#7333,#7334);
#6439=AXIS2_PLACEMENT_3D('',#9210,#7335,#7336);
#6440=AXIS2_PLACEMENT_3D('',#9213,#7337,#7338);
#6441=AXIS2_PLACEMENT_3D('',#9216,#7340,#7341);
#6442=AXIS2_PLACEMENT_3D('',#9217,#7342,#7343);
#6443=AXIS2_PLACEMENT_3D('',#9220,#7344,#7345);
#6444=AXIS2_PLACEMENT_3D('',#9224,#7348,#7349);
#6445=AXIS2_PLACEMENT_3D('',#9228,#7351,#7352);
#6446=AXIS2_PLACEMENT_3D('',#9230,#7354,#7355);
#6447=AXIS2_PLACEMENT_3D('',#9239,#7360,#7361);
#6448=AXIS2_PLACEMENT_3D('',#9241,#7363,#7364);
#6449=AXIS2_PLACEMENT_3D('',#9243,#7366,#7367);
#6450=AXIS2_PLACEMENT_3D('',#9246,#7370,#7371);
#6451=AXIS2_PLACEMENT_3D('',#9249,#7373,#7374);
#6452=AXIS2_PLACEMENT_3D('',#9250,#7375,#7376);
#6453=AXIS2_PLACEMENT_3D('',#9252,#7378,#7379);
#6454=AXIS2_PLACEMENT_3D('',#9253,#7380,#7381);
#6455=AXIS2_PLACEMENT_3D('',#9257,#7383,#7384);
#6456=AXIS2_PLACEMENT_3D('',#9260,#7387,#7388);
#6457=AXIS2_PLACEMENT_3D('',#9264,#7391,#7392);
#6458=AXIS2_PLACEMENT_3D('',#9266,#7394,#7395);
#6459=AXIS2_PLACEMENT_3D('',#9267,#7396,#7397);
#6460=AXIS2_PLACEMENT_3D('',#9271,#7400,#7401);
#6461=AXIS2_PLACEMENT_3D('',#9273,#7403,#7404);
#6462=AXIS2_PLACEMENT_3D('',#9275,#7406,#7407);
#6463=AXIS2_PLACEMENT_3D('',#9278,#7410,#7411);
#6464=AXIS2_PLACEMENT_3D('',#9281,#7413,#7414);
#6465=AXIS2_PLACEMENT_3D('',#9282,#7415,#7416);
#6466=AXIS2_PLACEMENT_3D('',#9284,#7418,#7419);
#6467=AXIS2_PLACEMENT_3D('',#9285,#7420,#7421);
#6468=AXIS2_PLACEMENT_3D('',#9292,#7426,#7427);
#6469=AXIS2_PLACEMENT_3D('',#9295,#7428,#7429);
#6470=AXIS2_PLACEMENT_3D('',#9299,#7432,#7433);
#6471=AXIS2_PLACEMENT_3D('',#9303,#7435,#7436);
#6472=AXIS2_PLACEMENT_3D('',#9305,#7438,#7439);
#6473=AXIS2_PLACEMENT_3D('',#9309,#7442,#7443);
#6474=AXIS2_PLACEMENT_3D('',#9311,#7444,#7445);
#6475=AXIS2_PLACEMENT_3D('',#9313,#7447,#7448);
#6476=AXIS2_PLACEMENT_3D('',#9319,#7452,#7453);
#6477=AXIS2_PLACEMENT_3D('',#9323,#7455,#7456);
#6478=AXIS2_PLACEMENT_3D('',#9325,#7458,#7459);
#6479=AXIS2_PLACEMENT_3D('',#9331,#7463,#7464);
#6480=AXIS2_PLACEMENT_3D('',#9335,#7467,#7468);
#6481=AXIS2_PLACEMENT_3D('',#9339,#7471,#7472);
#6482=AXIS2_PLACEMENT_3D('',#9341,#7474,#7475);
#6483=AXIS2_PLACEMENT_3D('',#9344,#7477,#7478);
#6484=AXIS2_PLACEMENT_3D('',#9345,#7479,#7480);
#6485=AXIS2_PLACEMENT_3D('',#9347,#7481,#7482);
#6486=AXIS2_PLACEMENT_3D('',#9349,#7484,#7485);
#6487=AXIS2_PLACEMENT_3D('',#9352,#7487,#7488);
#6488=AXIS2_PLACEMENT_3D('',#9353,#7489,#7490);
#6489=AXIS2_PLACEMENT_3D('',#9359,#7494,#7495);
#6490=AXIS2_PLACEMENT_3D('',#9363,#7498,#7499);
#6491=AXIS2_PLACEMENT_3D('',#9367,#7502,#7503);
#6492=AXIS2_PLACEMENT_3D('',#9369,#7505,#7506);
#6493=AXIS2_PLACEMENT_3D('',#9371,#7507,#7508);
#6494=AXIS2_PLACEMENT_3D('',#9373,#7510,#7511);
#6495=AXIS2_PLACEMENT_3D('',#9385,#7514,#7515);
#6496=AXIS2_PLACEMENT_3D('',#9387,#7516,#7517);
#6497=AXIS2_PLACEMENT_3D('',#9388,#7518,#7519);
#6498=AXIS2_PLACEMENT_3D('',#9390,#7520,#7521);
#6499=AXIS2_PLACEMENT_3D('',#9392,#7523,#7524);
#6500=AXIS2_PLACEMENT_3D('',#9401,#7529,#7530);
#6501=AXIS2_PLACEMENT_3D('',#9403,#7531,#7532);
#6502=AXIS2_PLACEMENT_3D('',#9406,#7534,#7535);
#6503=AXIS2_PLACEMENT_3D('',#9407,#7536,#7537);
#6504=AXIS2_PLACEMENT_3D('',#9413,#7541,#7542);
#6505=AXIS2_PLACEMENT_3D('',#9422,#7547,#7548);
#6506=AXIS2_PLACEMENT_3D('',#9424,#7549,#7550);
#6507=AXIS2_PLACEMENT_3D('',#9427,#7552,#7553);
#6508=AXIS2_PLACEMENT_3D('',#9428,#7554,#7555);
#6509=AXIS2_PLACEMENT_3D('',#9434,#7559,#7560);
#6510=AXIS2_PLACEMENT_3D('',#9437,#7562,#7563);
#6511=AXIS2_PLACEMENT_3D('',#9438,#7564,#7565);
#6512=AXIS2_PLACEMENT_3D('',#9440,#7566,#7567);
#6513=AXIS2_PLACEMENT_3D('',#9446,#7571,#7572);
#6514=AXIS2_PLACEMENT_3D('',#9448,#7573,#7574);
#6515=AXIS2_PLACEMENT_3D('',#9450,#7576,#7577);
#6516=AXIS2_PLACEMENT_3D('',#9452,#7578,#7579);
#6517=AXIS2_PLACEMENT_3D('',#9455,#7581,#7582);
#6518=AXIS2_PLACEMENT_3D('',#9456,#7583,#7584);
#6519=AXIS2_PLACEMENT_3D('',#9458,#7585,#7586);
#6520=AXIS2_PLACEMENT_3D('',#9460,#7588,#7589);
#6521=AXIS2_PLACEMENT_3D('',#9462,#7590,#7591);
#6522=AXIS2_PLACEMENT_3D('',#9464,#7593,#7594);
#6523=AXIS2_PLACEMENT_3D('',#9466,#7595,#7596);
#6524=AXIS2_PLACEMENT_3D('',#9468,#7598,#7599);
#6525=AXIS2_PLACEMENT_3D('',#9470,#7600,#7601);
#6526=AXIS2_PLACEMENT_3D('',#9473,#7603,#7604);
#6527=AXIS2_PLACEMENT_3D('',#9474,#7605,#7606);
#6528=AXIS2_PLACEMENT_3D('',#9477,#7608,#7609);
#6529=AXIS2_PLACEMENT_3D('',#9478,#7610,#7611);
#6530=AXIS2_PLACEMENT_3D('',#9480,#7612,#7613);
#6531=AXIS2_PLACEMENT_3D('',#9483,#7615,#7616);
#6532=AXIS2_PLACEMENT_3D('',#9484,#7617,#7618);
#6533=AXIS2_PLACEMENT_3D('',#9486,#7619,#7620);
#6534=AXIS2_PLACEMENT_3D('',#9488,#7622,#7623);
#6535=AXIS2_PLACEMENT_3D('',#9490,#7624,#7625);
#6536=AXIS2_PLACEMENT_3D('',#9493,#7627,#7628);
#6537=AXIS2_PLACEMENT_3D('',#9494,#7629,#7630);
#6538=AXIS2_PLACEMENT_3D('',#9497,#7631,#7632);
#6539=AXIS2_PLACEMENT_3D('',#9501,#7635,#7636);
#6540=AXIS2_PLACEMENT_3D('',#9503,#7637,#7638);
#6541=AXIS2_PLACEMENT_3D('',#9509,#7642,#7643);
#6542=AXIS2_PLACEMENT_3D('',#9515,#7647,#7648);
#6543=AXIS2_PLACEMENT_3D('',#9518,#7649,#7650);
#6544=AXIS2_PLACEMENT_3D('',#9523,#7654,#7655);
#6545=AXIS2_PLACEMENT_3D('',#9525,#7656,#7657);
#6546=AXIS2_PLACEMENT_3D('',#9527,#7659,#7660);
#6547=AXIS2_PLACEMENT_3D('',#9535,#7665,#7666);
#6548=AXIS2_PLACEMENT_3D('',#9543,#7671,#7672);
#6549=AXIS2_PLACEMENT_3D('',#9545,#7673,#7674);
#6550=AXIS2_PLACEMENT_3D('',#9548,#7676,#7677);
#6551=AXIS2_PLACEMENT_3D('',#9549,#7678,#7679);
#6552=AXIS2_PLACEMENT_3D('',#9551,#7680,#7681);
#6553=AXIS2_PLACEMENT_3D('',#9553,#7683,#7684);
#6554=AXIS2_PLACEMENT_3D('',#9554,#7685,#7686);
#6555=AXIS2_PLACEMENT_3D('',#9557,#7688,#7689);
#6556=AXIS2_PLACEMENT_3D('',#9558,#7690,#7691);
#6557=AXIS2_PLACEMENT_3D('',#9564,#7695,#7696);
#6558=AXIS2_PLACEMENT_3D('',#9565,#7697,#7698);
#6559=AXIS2_PLACEMENT_3D('',#9566,#7699,#7700);
#6560=AXIS2_PLACEMENT_3D('',#9570,#7703,#7704);
#6561=AXIS2_PLACEMENT_3D('',#9573,#7705,#7706);
#6562=AXIS2_PLACEMENT_3D('',#9577,#7708,#7709);
#6563=AXIS2_PLACEMENT_3D('',#9579,#7711,#7712);
#6564=AXIS2_PLACEMENT_3D('',#9581,#7713,#7714);
#6565=AXIS2_PLACEMENT_3D('',#9584,#7716,#7717);
#6566=AXIS2_PLACEMENT_3D('',#9585,#7718,#7719);
#6567=AXIS2_PLACEMENT_3D('',#9591,#7723,#7724);
#6568=AXIS2_PLACEMENT_3D('',#9594,#7726,#7727);
#6569=AXIS2_PLACEMENT_3D('',#9600,#7731,#7732);
#6570=AXIS2_PLACEMENT_3D('',#9602,#7734,#7735);
#6571=AXIS2_PLACEMENT_3D('',#9608,#7739,#7740);
#6572=AXIS2_PLACEMENT_3D('',#9612,#7743,#7744);
#6573=AXIS2_PLACEMENT_3D('',#9621,#7749,#7750);
#6574=AXIS2_PLACEMENT_3D('',#9627,#7754,#7755);
#6575=AXIS2_PLACEMENT_3D('',#9633,#7759,#7760);
#6576=AXIS2_PLACEMENT_3D('',#9639,#7764,#7765);
#6577=AXIS2_PLACEMENT_3D('',#9645,#7769,#7770);
#6578=AXIS2_PLACEMENT_3D('',#9648,#7773,#7774);
#6579=AXIS2_PLACEMENT_3D('',#9651,#7776,#7777);
#6580=AXIS2_PLACEMENT_3D('',#9652,#7778,#7779);
#6581=AXIS2_PLACEMENT_3D('',#9654,#7780,#7781);
#6582=AXIS2_PLACEMENT_3D('',#9656,#7783,#7784);
#6583=AXIS2_PLACEMENT_3D('',#9660,#7787,#7788);
#6584=AXIS2_PLACEMENT_3D('',#9664,#7791,#7792);
#6585=AXIS2_PLACEMENT_3D('',#9668,#7795,#7796);
#6586=AXIS2_PLACEMENT_3D('',#9675,#7801,#7802);
#6587=AXIS2_PLACEMENT_3D('',#9679,#7805,#7806);
#6588=AXIS2_PLACEMENT_3D('',#9681,#7808,#7809);
#6589=AXIS2_PLACEMENT_3D('',#9687,#7813,#7814);
#6590=AXIS2_PLACEMENT_3D('',#9691,#7817,#7818);
#6591=AXIS2_PLACEMENT_3D('',#9700,#7823,#7824);
#6592=AXIS2_PLACEMENT_3D('',#9706,#7828,#7829);
#6593=AXIS2_PLACEMENT_3D('',#9712,#7833,#7834);
#6594=AXIS2_PLACEMENT_3D('',#9718,#7838,#7839);
#6595=AXIS2_PLACEMENT_3D('',#9724,#7843,#7844);
#6596=AXIS2_PLACEMENT_3D('',#9730,#7848,#7849);
#6597=AXIS2_PLACEMENT_3D('',#9736,#7853,#7854);
#6598=AXIS2_PLACEMENT_3D('',#9742,#7858,#7859);
#6599=AXIS2_PLACEMENT_3D('',#9747,#7862,#7863);
#6600=AXIS2_PLACEMENT_3D('',#9748,#7864,#7865);
#6601=AXIS2_PLACEMENT_3D('',#9751,#7866,#7867);
#6602=AXIS2_PLACEMENT_3D('',#9753,#7869,#7870);
#6603=AXIS2_PLACEMENT_3D('',#9754,#7871,#7872);
#6604=AXIS2_PLACEMENT_3D('',#9763,#7877,#7878);
#6605=AXIS2_PLACEMENT_3D('',#9765,#7879,#7880);
#6606=AXIS2_PLACEMENT_3D('',#9768,#7882,#7883);
#6607=AXIS2_PLACEMENT_3D('',#9769,#7884,#7885);
#6608=AXIS2_PLACEMENT_3D('',#9820,#7912,#7913);
#6609=AXIS2_PLACEMENT_3D('',#9829,#7918,#7919);
#6610=AXIS2_PLACEMENT_3D('',#9831,#7920,#7921);
#6611=AXIS2_PLACEMENT_3D('',#9833,#7923,#7924);
#6612=AXIS2_PLACEMENT_3D('',#9835,#7925,#7926);
#6613=AXIS2_PLACEMENT_3D('',#9837,#7928,#7929);
#6614=AXIS2_PLACEMENT_3D('',#9839,#7930,#7931);
#6615=AXIS2_PLACEMENT_3D('',#9842,#7933,#7934);
#6616=AXIS2_PLACEMENT_3D('',#9843,#7935,#7936);
#6617=AXIS2_PLACEMENT_3D('',#9845,#7937,#7938);
#6618=AXIS2_PLACEMENT_3D('',#9847,#7939,#7940);
#6619=AXIS2_PLACEMENT_3D('',#9849,#7942,#7943);
#6620=AXIS2_PLACEMENT_3D('',#9853,#7945,#7946);
#6621=AXIS2_PLACEMENT_3D('',#9855,#7948,#7949);
#6622=AXIS2_PLACEMENT_3D('',#9857,#7950,#7951);
#6623=AXIS2_PLACEMENT_3D('',#9860,#7953,#7954);
#6624=AXIS2_PLACEMENT_3D('',#9861,#7955,#7956);
#6625=AXIS2_PLACEMENT_3D('',#9865,#7958,#7959);
#6626=AXIS2_PLACEMENT_3D('',#9867,#7961,#7962);
#6627=AXIS2_PLACEMENT_3D('',#9869,#7963,#7964);
#6628=AXIS2_PLACEMENT_3D('',#9871,#7966,#7967);
#6629=AXIS2_PLACEMENT_3D('',#9874,#7968,#7969);
#6630=AXIS2_PLACEMENT_3D('',#9879,#7970,#7971);
#6631=AXIS2_PLACEMENT_3D('',#9881,#7973,#7974);
#6632=AXIS2_PLACEMENT_3D('',#9885,#7976,#7977);
#6633=AXIS2_PLACEMENT_3D('',#9891,#7982,#7983);
#6634=AXIS2_PLACEMENT_3D('',#9894,#7984,#7985);
#6635=AXIS2_PLACEMENT_3D('',#9918,#7998,#7999);
#6636=AXIS2_PLACEMENT_3D('',#9920,#8000,#8001);
#6637=AXIS2_PLACEMENT_3D('',#9922,#8003,#8004);
#6638=AXIS2_PLACEMENT_3D('',#9925,#8005,#8006);
#6639=AXIS2_PLACEMENT_3D('',#9929,#8008,#8009);
#6640=AXIS2_PLACEMENT_3D('',#9935,#8013,#8014);
#6641=AXIS2_PLACEMENT_3D('',#9938,#8015,#8016);
#6642=AXIS2_PLACEMENT_3D('',#9939,#8017,#8018);
#6643=AXIS2_PLACEMENT_3D('',#9941,#8020,#8021);
#6644=AXIS2_PLACEMENT_3D('',#9943,#8022,#8023);
#6645=AXIS2_PLACEMENT_3D('',#9945,#8025,#8026);
#6646=AXIS2_PLACEMENT_3D('',#9947,#8027,#8028);
#6647=AXIS2_PLACEMENT_3D('',#9949,#8030,#8031);
#6648=AXIS2_PLACEMENT_3D('',#9950,#8032,#8033);
#6649=AXIS2_PLACEMENT_3D('',#9951,#8034,#8035);
#6650=AXIS2_PLACEMENT_3D('',#9952,#8036,#8037);
#6651=AXIS2_PLACEMENT_3D('',#9953,#8038,#8039);
#6652=AXIS2_PLACEMENT_3D('',#9954,#8040,#8041);
#6653=AXIS2_PLACEMENT_3D('',#9955,#8042,#8043);
#6654=AXIS2_PLACEMENT_3D('',#9958,#8044,#8045);
#6655=AXIS2_PLACEMENT_3D('',#9961,#8047,#8048);
#6656=AXIS2_PLACEMENT_3D('',#9964,#8050,#8051);
#6657=AXIS2_PLACEMENT_3D('',#9968,#8053,#8054);
#6658=AXIS2_PLACEMENT_3D('',#9972,#8056,#8057);
#6659=AXIS2_PLACEMENT_3D('',#9976,#8059,#8060);
#6660=AXIS2_PLACEMENT_3D('',#9980,#8062,#8063);
#6661=AXIS2_PLACEMENT_3D('',#9985,#8066,#8067);
#6662=AXIS2_PLACEMENT_3D('',#9989,#8069,#8070);
#6663=AXIS2_PLACEMENT_3D('',#9993,#8072,#8073);
#6664=AXIS2_PLACEMENT_3D('',#9995,#8075,#8076);
#6665=AXIS2_PLACEMENT_3D('',#9997,#8077,#8078);
#6666=AXIS2_PLACEMENT_3D('',#10000,#8080,#8081);
#6667=AXIS2_PLACEMENT_3D('',#10002,#8082,#8083);
#6668=AXIS2_PLACEMENT_3D('',#10004,#8085,#8086);
#6669=AXIS2_PLACEMENT_3D('',#10005,#8087,#8088);
#6670=AXIS2_PLACEMENT_3D('',#10007,#8090,#8091);
#6671=AXIS2_PLACEMENT_3D('',#10009,#8092,#8093);
#6672=AXIS2_PLACEMENT_3D('',#10011,#8094,#8095);
#6673=AXIS2_PLACEMENT_3D('',#10013,#8097,#8098);
#6674=AXIS2_PLACEMENT_3D('',#10015,#8099,#8100);
#6675=AXIS2_PLACEMENT_3D('',#10016,#8101,#8102);
#6676=AXIS2_PLACEMENT_3D('',#10018,#8104,#8105);
#6677=AXIS2_PLACEMENT_3D('',#10020,#8106,#8107);
#6678=AXIS2_PLACEMENT_3D('',#10022,#8109,#8110);
#6679=AXIS2_PLACEMENT_3D('',#10026,#8112,#8113);
#6680=AXIS2_PLACEMENT_3D('',#10027,#8114,#8115);
#6681=AXIS2_PLACEMENT_3D('',#10031,#8117,#8118);
#6682=AXIS2_PLACEMENT_3D('',#10033,#8120,#8121);
#6683=AXIS2_PLACEMENT_3D('',#10036,#8123,#8124);
#6684=AXIS2_PLACEMENT_3D('',#10038,#8126,#8127);
#6685=AXIS2_PLACEMENT_3D('',#10039,#8128,#8129);
#6686=AXIS2_PLACEMENT_3D('',#10042,#8131,#8132);
#6687=AXIS2_PLACEMENT_3D('',#10043,#8133,#8134);
#6688=AXIS2_PLACEMENT_3D('',#10046,#8136,#8137);
#6689=AXIS2_PLACEMENT_3D('',#10047,#8138,#8139);
#6690=AXIS2_PLACEMENT_3D('',#10049,#8140,#8141);
#6691=AXIS2_PLACEMENT_3D('',#10051,#8143,#8144);
#6692=AXIS2_PLACEMENT_3D('',#10053,#8145,#8146);
#6693=AXIS2_PLACEMENT_3D('',#10055,#8148,#8149);
#6694=AXIS2_PLACEMENT_3D('',#10057,#8150,#8151);
#6695=AXIS2_PLACEMENT_3D('',#10059,#8153,#8154);
#6696=AXIS2_PLACEMENT_3D('',#10061,#8155,#8156);
#6697=AXIS2_PLACEMENT_3D('',#10063,#8158,#8159);
#6698=AXIS2_PLACEMENT_3D('',#10065,#8160,#8161);
#6699=AXIS2_PLACEMENT_3D('',#10067,#8163,#8164);
#6700=AXIS2_PLACEMENT_3D('',#10069,#8165,#8166);
#6701=AXIS2_PLACEMENT_3D('',#10071,#8168,#8169);
#6702=AXIS2_PLACEMENT_3D('',#10074,#8171,#8172);
#6703=AXIS2_PLACEMENT_3D('',#10075,#8173,#8174);
#6704=AXIS2_PLACEMENT_3D('',#10077,#8175,#8176);
#6705=AXIS2_PLACEMENT_3D('',#10079,#8178,#8179);
#6706=AXIS2_PLACEMENT_3D('',#10081,#8180,#8181);
#6707=AXIS2_PLACEMENT_3D('',#10083,#8183,#8184);
#6708=AXIS2_PLACEMENT_3D('',#10085,#8185,#8186);
#6709=AXIS2_PLACEMENT_3D('',#10087,#8188,#8189);
#6710=AXIS2_PLACEMENT_3D('',#10090,#8191,#8192);
#6711=AXIS2_PLACEMENT_3D('',#10091,#8193,#8194);
#6712=AXIS2_PLACEMENT_3D('',#10095,#8197,#8198);
#6713=AXIS2_PLACEMENT_3D('',#10097,#8199,#8200);
#6714=AXIS2_PLACEMENT_3D('',#10099,#8202,#8203);
#6715=AXIS2_PLACEMENT_3D('',#10103,#8206,#8207);
#6716=AXIS2_PLACEMENT_3D('',#10105,#8208,#8209);
#6717=AXIS2_PLACEMENT_3D('',#10107,#8211,#8212);
#6718=AXIS2_PLACEMENT_3D('',#10111,#8215,#8216);
#6719=AXIS2_PLACEMENT_3D('',#10113,#8217,#8218);
#6720=AXIS2_PLACEMENT_3D('',#10115,#8220,#8221);
#6721=AXIS2_PLACEMENT_3D('',#10119,#8224,#8225);
#6722=AXIS2_PLACEMENT_3D('',#10121,#8226,#8227);
#6723=AXIS2_PLACEMENT_3D('',#10123,#8229,#8230);
#6724=AXIS2_PLACEMENT_3D('',#10127,#8233,#8234);
#6725=AXIS2_PLACEMENT_3D('',#10129,#8235,#8236);
#6726=AXIS2_PLACEMENT_3D('',#10131,#8238,#8239);
#6727=AXIS2_PLACEMENT_3D('',#10135,#8242,#8243);
#6728=AXIS2_PLACEMENT_3D('',#10140,#8247,#8248);
#6729=AXIS2_PLACEMENT_3D('',#10142,#8250,#8251);
#6730=AXIS2_PLACEMENT_3D('',#10145,#8254,#8255);
#6731=AXIS2_PLACEMENT_3D('',#10148,#8258,#8259);
#6732=AXIS2_PLACEMENT_3D('',#10152,#8262,#8263);
#6733=AXIS2_PLACEMENT_3D('',#10156,#8266,#8267);
#6734=AXIS2_PLACEMENT_3D('',#10160,#8270,#8271);
#6735=AXIS2_PLACEMENT_3D('',#10164,#8274,#8275);
#6736=AXIS2_PLACEMENT_3D('',#10166,#8276,#8277);
#6737=AXIS2_PLACEMENT_3D('',#10168,#8279,#8280);
#6738=AXIS2_PLACEMENT_3D('',#10172,#8283,#8284);
#6739=AXIS2_PLACEMENT_3D('',#10174,#8285,#8286);
#6740=AXIS2_PLACEMENT_3D('',#10176,#8288,#8289);
#6741=AXIS2_PLACEMENT_3D('',#10180,#8292,#8293);
#6742=AXIS2_PLACEMENT_3D('',#10182,#8294,#8295);
#6743=AXIS2_PLACEMENT_3D('',#10184,#8297,#8298);
#6744=AXIS2_PLACEMENT_3D('',#10188,#8301,#8302);
#6745=AXIS2_PLACEMENT_3D('',#10190,#8303,#8304);
#6746=AXIS2_PLACEMENT_3D('',#10192,#8306,#8307);
#6747=AXIS2_PLACEMENT_3D('',#10196,#8310,#8311);
#6748=AXIS2_PLACEMENT_3D('',#10198,#8312,#8313);
#6749=AXIS2_PLACEMENT_3D('',#10200,#8315,#8316);
#6750=AXIS2_PLACEMENT_3D('',#10203,#8318,#8319);
#6751=AXIS2_PLACEMENT_3D('',#10204,#8320,#8321);
#6752=AXIS2_PLACEMENT_3D('',#10207,#8323,#8324);
#6753=AXIS2_PLACEMENT_3D('',#10208,#8325,#8326);
#6754=AXIS2_PLACEMENT_3D('',#10210,#8327,#8328);
#6755=AXIS2_PLACEMENT_3D('',#10212,#8330,#8331);
#6756=AXIS2_PLACEMENT_3D('',#10215,#8333,#8334);
#6757=AXIS2_PLACEMENT_3D('',#10216,#8335,#8336);
#6758=AXIS2_PLACEMENT_3D('',#10218,#8337,#8338);
#6759=AXIS2_PLACEMENT_3D('',#10220,#8340,#8341);
#6760=AXIS2_PLACEMENT_3D('',#10223,#8343,#8344);
#6761=AXIS2_PLACEMENT_3D('',#10224,#8345,#8346);
#6762=AXIS2_PLACEMENT_3D('',#10227,#8348,#8349);
#6763=AXIS2_PLACEMENT_3D('',#10228,#8350,#8351);
#6764=AXIS2_PLACEMENT_3D('',#10231,#8353,#8354);
#6765=AXIS2_PLACEMENT_3D('',#10232,#8355,#8356);
#6766=AXIS2_PLACEMENT_3D('',#10234,#8357,#8358);
#6767=AXIS2_PLACEMENT_3D('',#10236,#8360,#8361);
#6768=AXIS2_PLACEMENT_3D('',#10239,#8363,#8364);
#6769=AXIS2_PLACEMENT_3D('',#10240,#8365,#8366);
#6770=AXIS2_PLACEMENT_3D('',#10243,#8368,#8369);
#6771=AXIS2_PLACEMENT_3D('',#10244,#8370,#8371);
#6772=AXIS2_PLACEMENT_3D('',#10247,#8373,#8374);
#6773=AXIS2_PLACEMENT_3D('',#10248,#8375,#8376);
#6774=AXIS2_PLACEMENT_3D('',#10251,#8377,#8378);
#6775=AXIS2_PLACEMENT_3D('',#10253,#8380,#8381);
#6776=AXIS2_PLACEMENT_3D('',#10256,#8382,#8383);
#6777=AXIS2_PLACEMENT_3D('',#10259,#8386,#8387);
#6778=AXIS2_PLACEMENT_3D('',#10262,#8388,#8389);
#6779=AXIS2_PLACEMENT_3D('',#10265,#8392,#8393);
#6780=AXIS2_PLACEMENT_3D('',#10268,#8394,#8395);
#6781=AXIS2_PLACEMENT_3D('',#10271,#8398,#8399);
#6782=AXIS2_PLACEMENT_3D('',#10274,#8400,#8401);
#6783=AXIS2_PLACEMENT_3D('',#10277,#8404,#8405);
#6784=AXIS2_PLACEMENT_3D('',#10280,#8406,#8407);
#6785=AXIS2_PLACEMENT_3D('',#10283,#8410,#8411);
#6786=AXIS2_PLACEMENT_3D('',#10287,#8414,#8415);
#6787=AXIS2_PLACEMENT_3D('',#10288,#8416,#8417);
#6788=AXIS2_PLACEMENT_3D('',#10290,#8418,#8419);
#6789=AXIS2_PLACEMENT_3D('',#10292,#8421,#8422);
#6790=AXIS2_PLACEMENT_3D('',#10296,#8424,#8425);
#6791=AXIS2_PLACEMENT_3D('',#10298,#8427,#8428);
#6792=AXIS2_PLACEMENT_3D('',#10302,#8430,#8431);
#6793=AXIS2_PLACEMENT_3D('',#10304,#8433,#8434);
#6794=AXIS2_PLACEMENT_3D('',#10307,#8435,#8436);
#6795=AXIS2_PLACEMENT_3D('',#10310,#8439,#8440);
#6796=AXIS2_PLACEMENT_3D('',#10324,#8443,#8444);
#6797=AXIS2_PLACEMENT_3D('',#10325,#8445,#8446);
#6798=AXIS2_PLACEMENT_3D('',#10328,#8448,#8449);
#6799=AXIS2_PLACEMENT_3D('',#10329,#8450,#8451);
#6800=AXIS2_PLACEMENT_3D('',#10331,#8452,#8453);
#6801=AXIS2_PLACEMENT_3D('',#10333,#8455,#8456);
#6802=AXIS2_PLACEMENT_3D('',#10335,#8458,#8459);
#6803=AXIS2_PLACEMENT_3D('',#10341,#8463,#8464);
#6804=AXIS2_PLACEMENT_3D('',#10343,#8465,#8466);
#6805=AXIS2_PLACEMENT_3D('',#10345,#8468,#8469);
#6806=AXIS2_PLACEMENT_3D('',#10349,#8472,#8473);
#6807=AXIS2_PLACEMENT_3D('',#10351,#8474,#8475);
#6808=AXIS2_PLACEMENT_3D('',#10353,#8477,#8478);
#6809=AXIS2_PLACEMENT_3D('',#10357,#8481,#8482);
#6810=AXIS2_PLACEMENT_3D('',#10359,#8484,#8485);
#6811=AXIS2_PLACEMENT_3D('',#10362,#8486,#8487);
#6812=AXIS2_PLACEMENT_3D('',#10365,#8490,#8491);
#6813=AXIS2_PLACEMENT_3D('',#10369,#8494,#8495);
#6814=AXIS2_PLACEMENT_3D('',#10372,#8498,#8499);
#6815=AXIS2_PLACEMENT_3D('',#10374,#8501,#8502);
#6816=AXIS2_PLACEMENT_3D('',#10376,#8504,#8505);
#6817=AXIS2_PLACEMENT_3D('',#10378,#8507,#8508);
#6818=AXIS2_PLACEMENT_3D('',#10380,#8510,#8511);
#6819=AXIS2_PLACEMENT_3D('',#10382,#8513,#8514);
#6820=AXIS2_PLACEMENT_3D('',#10384,#8516,#8517);
#6821=AXIS2_PLACEMENT_3D('',#10386,#8519,#8520);
#6822=AXIS2_PLACEMENT_3D('',#10388,#8522,#8523);
#6823=AXIS2_PLACEMENT_3D('',#10390,#8525,#8526);
#6824=AXIS2_PLACEMENT_3D('',#10392,#8528,#8529);
#6825=AXIS2_PLACEMENT_3D('',#10394,#8530,#8531);
#6826=AXIS2_PLACEMENT_3D('',#10396,#8533,#8534);
#6827=AXIS2_PLACEMENT_3D('',#10400,#8536,#8537);
#6828=AXIS2_PLACEMENT_3D('',#10402,#8539,#8540);
#6829=AXIS2_PLACEMENT_3D('',#10406,#8543,#8544);
#6830=AXIS2_PLACEMENT_3D('',#10408,#8545,#8546);
#6831=AXIS2_PLACEMENT_3D('',#10410,#8548,#8549);
#6832=AXIS2_PLACEMENT_3D('',#10414,#8552,#8553);
#6833=AXIS2_PLACEMENT_3D('',#10418,#8556,#8557);
#6834=AXIS2_PLACEMENT_3D('',#10420,#8559,#8560);
#6835=AXIS2_PLACEMENT_3D('',#10422,#8561,#8562);
#6836=AXIS2_PLACEMENT_3D('',#10424,#8564,#8565);
#6837=AXIS2_PLACEMENT_3D('',#10427,#8567,#8568);
#6838=AXIS2_PLACEMENT_3D('',#10428,#8569,#8570);
#6839=AXIS2_PLACEMENT_3D('',#10430,#8571,#8572);
#6840=AXIS2_PLACEMENT_3D('',#10432,#8574,#8575);
#6841=AXIS2_PLACEMENT_3D('',#10434,#8576,#8577);
#6842=AXIS2_PLACEMENT_3D('',#10436,#8579,#8580);
#6843=AXIS2_PLACEMENT_3D('',#10440,#8583,#8584);
#6844=AXIS2_PLACEMENT_3D('',#10441,#8585,#8586);
#6845=AXIS2_PLACEMENT_3D('',#10442,#8587,#8588);
#6846=AXIS2_PLACEMENT_3D('',#10444,#8589,#8590);
#6847=AXIS2_PLACEMENT_3D('',#10446,#8592,#8593);
#6848=AXIS2_PLACEMENT_3D('',#10448,#8595,#8596);
#6849=AXIS2_PLACEMENT_3D('',#10451,#8597,#8598);
#6850=AXIS2_PLACEMENT_3D('',#10454,#8600,#8601);
#6851=AXIS2_PLACEMENT_3D('',#10456,#8603,#8604);
#6852=AXIS2_PLACEMENT_3D('',#10468,#8611,#8612);
#6853=AXIS2_PLACEMENT_3D('',#10470,#8613,#8614);
#6854=AXIS2_PLACEMENT_3D('',#10473,#8616,#8617);
#6855=AXIS2_PLACEMENT_3D('',#10474,#8618,#8619);
#6856=AXIS2_PLACEMENT_3D('',#10480,#8623,#8624);
#6857=AXIS2_PLACEMENT_3D('',#10482,#8625,#8626);
#6858=AXIS2_PLACEMENT_3D('',#10485,#8628,#8629);
#6859=AXIS2_PLACEMENT_3D('',#10486,#8630,#8631);
#6860=AXIS2_PLACEMENT_3D('',#10492,#8635,#8636);
#6861=AXIS2_PLACEMENT_3D('',#10496,#8638,#8639);
#6862=AXIS2_PLACEMENT_3D('',#10497,#8640,#8641);
#6863=AXIS2_PLACEMENT_3D('',#10498,#8642,#8643);
#6864=AXIS2_PLACEMENT_3D('',#10504,#8647,#8648);
#6865=AXIS2_PLACEMENT_3D('',#10508,#8650,#8651);
#6866=AXIS2_PLACEMENT_3D('',#10509,#8652,#8653);
#6867=AXIS2_PLACEMENT_3D('',#10510,#8654,#8655);
#6868=AXIS2_PLACEMENT_3D('',#10516,#8659,#8660);
#6869=AXIS2_PLACEMENT_3D('',#10519,#8661,#8662);
#6870=AXIS2_PLACEMENT_3D('',#10521,#8663,#8664);
#6871=AXIS2_PLACEMENT_3D('',#10524,#8666,#8667);
#6872=AXIS2_PLACEMENT_3D('',#10525,#8668,#8669);
#6873=AXIS2_PLACEMENT_3D('',#10526,#8670,#8671);
#6874=AXIS2_PLACEMENT_3D('',#10529,#8674,#8675);
#6875=AXIS2_PLACEMENT_3D('',#10531,#8677,#8678);
#6876=AXIS2_PLACEMENT_3D('',#10533,#8680,#8681);
#6877=AXIS2_PLACEMENT_3D('',#10535,#8683,#8684);
#6878=AXIS2_PLACEMENT_3D('',#10537,#8686,#8687);
#6879=AXIS2_PLACEMENT_3D('',#10539,#8689,#8690);
#6880=AXIS2_PLACEMENT_3D('',#10541,#8692,#8693);
#6881=AXIS2_PLACEMENT_3D('',#10543,#8695,#8696);
#6882=DIRECTION('axis',(0.,0.,1.));
#6883=DIRECTION('refdir',(1.,0.,0.));
#6884=DIRECTION('center_axis',(0.,0.,1.));
#6885=DIRECTION('ref_axis',(1.,0.,0.));
#6886=DIRECTION('',(3.15544362088405E-30,1.,3.72736777716927E-29));
#6887=DIRECTION('',(1.,-3.15544362088405E-30,0.));
#6888=DIRECTION('',(0.,-1.,0.));
#6889=DIRECTION('',(1.,3.15544362088405E-30,0.));
#6890=DIRECTION('',(3.15544362088405E-30,-1.,3.72736777716927E-29));
#6891=DIRECTION('',(1.,0.,0.));
#6892=DIRECTION('',(3.15544362088405E-30,-1.,0.));
#6893=DIRECTION('',(-1.,-3.15544362088405E-30,0.));
#6894=DIRECTION('',(-3.15544362088405E-30,1.,0.));
#6895=DIRECTION('',(-1.,3.15544362088405E-30,0.));
#6896=DIRECTION('',(3.15544362088405E-30,1.,0.));
#6897=DIRECTION('',(1.,0.,0.));
#6898=DIRECTION('center_axis',(0.707106765381371,-2.2312355321066E-30,0.707106796991724));
#6899=DIRECTION('ref_axis',(0.707106796991724,0.,-0.707106765381371));
#6900=DIRECTION('',(-3.15544362088405E-30,-1.,0.));
#6901=DIRECTION('',(-0.707106796991724,2.23123563185129E-30,0.707106765381371));
#6902=DIRECTION('',(-0.577350277792874,-0.577350277792874,0.577350251983129));
#6903=DIRECTION('',(0.707106796991724,0.,-0.707106765381371));
#6904=DIRECTION('center_axis',(-0.707106765381371,-2.2312355321066E-30,
-0.707106796991724));
#6905=DIRECTION('ref_axis',(0.707106796991724,0.,-0.707106765381371));
#6906=DIRECTION('',(0.707106796991724,0.,-0.707106765381371));
#6907=DIRECTION('',(-0.577350277792874,0.577350277792874,0.577350251983129));
#6908=DIRECTION('',(-0.707106796991724,-2.23123563185129E-30,0.707106765381371));
#6909=DIRECTION('',(3.15544362088405E-30,-1.,0.));
#6910=DIRECTION('center_axis',(0.,0.,-1.));
#6911=DIRECTION('ref_axis',(1.,0.,0.));
#6912=DIRECTION('',(-0.707106781186555,0.70710678118654,0.));
#6913=DIRECTION('',(-1.,0.,0.));
#6914=DIRECTION('',(0.,1.,0.));
#6915=DIRECTION('',(1.,0.,0.));
#6916=DIRECTION('',(3.11150763893057E-61,1.,0.));
#6917=DIRECTION('center_axis',(0.,0.,-1.));
#6918=DIRECTION('ref_axis',(1.,-3.11150763893057E-61,0.));
#6919=DIRECTION('',(0.,1.,0.));
#6920=DIRECTION('',(1.,0.,0.));
#6921=DIRECTION('',(0.,-1.,0.));
#6922=DIRECTION('',(-1.,0.,0.));
#6923=DIRECTION('center_axis',(5.24825179985385E-136,3.37344619321435E-75,
1.));
#6924=DIRECTION('ref_axis',(-1.,3.11150763893057E-61,-5.24825179985385E-136));
#6925=DIRECTION('center_axis',(5.24825179985385E-136,3.37344619321435E-75,
1.));
#6926=DIRECTION('ref_axis',(-1.,3.11150763893057E-61,-5.24825179985385E-136));
#6927=DIRECTION('',(3.11150763893057E-61,1.,-3.37344619321435E-75));
#6928=DIRECTION('center_axis',(5.24825179985385E-136,3.37344619321435E-75,
1.));
#6929=DIRECTION('ref_axis',(1.,-3.11150763893057E-61,5.24825179985385E-136));
#6930=DIRECTION('',(-3.11150763893057E-61,-1.,3.37344619321435E-75));
#6931=DIRECTION('center_axis',(-5.24825179985385E-136,-3.37344619321435E-75,
-1.));
#6932=DIRECTION('ref_axis',(-1.,3.11150763893057E-61,-5.24825179985385E-136));
#6933=DIRECTION('center_axis',(-5.24825179985385E-136,-3.37344619321435E-75,
-1.));
#6934=DIRECTION('ref_axis',(-1.,3.11150763893057E-61,-5.24825179985385E-136));
#6935=DIRECTION('center_axis',(0.,0.,1.));
#6936=DIRECTION('ref_axis',(1.,0.,0.));
#6937=DIRECTION('center_axis',(0.,0.,1.));
#6938=DIRECTION('ref_axis',(1.,3.11150763893057E-61,0.));
#6939=DIRECTION('',(3.11150763893057E-61,-1.,0.));
#6940=DIRECTION('',(1.,0.,0.));
#6941=DIRECTION('',(0.,-1.,0.));
#6942=DIRECTION('',(-1.,0.,0.));
#6943=DIRECTION('',(-0.707106781186555,-0.70710678118654,0.));
#6944=DIRECTION('',(0.,-1.,0.));
#6945=DIRECTION('',(-1.,0.,0.));
#6946=DIRECTION('',(0.,1.,0.));
#6947=DIRECTION('',(1.,0.,0.));
#6948=DIRECTION('center_axis',(-5.24825179985385E-136,3.37344619321435E-75,
-1.));
#6949=DIRECTION('ref_axis',(-1.,-3.11150763893057E-61,-5.24825179985385E-136));
#6950=DIRECTION('center_axis',(-5.24825179985385E-136,3.37344619321435E-75,
-1.));
#6951=DIRECTION('ref_axis',(-1.,-3.11150763893057E-61,-5.24825179985385E-136));
#6952=DIRECTION('',(-3.11150763893057E-61,1.,3.37344619321435E-75));
#6953=DIRECTION('center_axis',(-5.24825179985385E-136,3.37344619321435E-75,
-1.));
#6954=DIRECTION('ref_axis',(1.,3.11150763893057E-61,5.24825179985385E-136));
#6955=DIRECTION('',(3.11150763893057E-61,-1.,-3.37344619321435E-75));
#6956=DIRECTION('center_axis',(5.24825179985385E-136,-3.37344619321435E-75,
1.));
#6957=DIRECTION('ref_axis',(-1.,-3.11150763893057E-61,-5.24825179985385E-136));
#6958=DIRECTION('center_axis',(5.24825179985385E-136,-3.37344619321435E-75,
1.));
#6959=DIRECTION('ref_axis',(-1.,-3.11150763893057E-61,-5.24825179985385E-136));
#6960=DIRECTION('center_axis',(0.,0.,-1.));
#6961=DIRECTION('ref_axis',(-1.,0.,0.));
#6962=DIRECTION('center_axis',(0.707106781186546,0.,-0.707106781186549));
#6963=DIRECTION('ref_axis',(0.707106781186549,0.,0.707106781186546));
#6964=DIRECTION('center_axis',(0.,0.,-1.));
#6965=DIRECTION('ref_axis',(-1.,0.,0.));
#6966=DIRECTION('center_axis',(0.,0.,-1.));
#6967=DIRECTION('ref_axis',(-1.,0.,0.));
#6968=DIRECTION('center_axis',(0.,0.,-1.));
#6969=DIRECTION('ref_axis',(-1.,0.,0.));
#6970=DIRECTION('center_axis',(0.,0.,-1.));
#6971=DIRECTION('ref_axis',(1.,0.,0.));
#6972=DIRECTION('center_axis',(-0.382683432365091,0.,-0.923879532511286));
#6973=DIRECTION('ref_axis',(0.923879532511286,8.85173715851773E-15,-0.382683432365091));
#6974=DIRECTION('center_axis',(0.,0.,-1.));
#6975=DIRECTION('ref_axis',(1.,0.,0.));
#6976=DIRECTION('center_axis',(0.,0.,-1.));
#6977=DIRECTION('ref_axis',(1.,0.,0.));
#6978=DIRECTION('center_axis',(-0.382683432365091,0.,-0.923879532511286));
#6979=DIRECTION('ref_axis',(0.923879532511286,8.85173715851773E-15,-0.382683432365091));
#6980=DIRECTION('center_axis',(-0.707106781186549,0.,-0.707106781186546));
#6981=DIRECTION('ref_axis',(0.707106781186546,3.29844357368054E-15,-0.707106781186549));
#6982=DIRECTION('center_axis',(0.,0.,-1.));
#6983=DIRECTION('ref_axis',(-1.,0.,0.));
#6984=DIRECTION('center_axis',(-0.707106781186549,0.,-0.707106781186546));
#6985=DIRECTION('ref_axis',(0.707106781186546,3.29844357368054E-15,-0.707106781186549));
#6986=DIRECTION('center_axis',(-0.499999806428066,-0.866025515543218,0.));
#6987=DIRECTION('ref_axis',(-0.866025515543218,0.499999806428066,0.));
#6988=DIRECTION('',(-0.866025515543218,0.499999806428066,0.));
#6989=DIRECTION('',(0.,0.,-1.));
#6990=DIRECTION('',(-0.866025515543218,0.499999806428066,0.));
#6991=DIRECTION('',(0.,0.,-1.));
#6992=DIRECTION('center_axis',(0.50000019357191,-0.866025292025616,0.));
#6993=DIRECTION('ref_axis',(-0.866025292025616,-0.50000019357191,0.));
#6994=DIRECTION('',(-0.866025292025616,-0.50000019357191,0.));
#6995=DIRECTION('',(0.,0.,-1.));
#6996=DIRECTION('',(-0.866025292025616,-0.50000019357191,0.));
#6997=DIRECTION('center_axis',(0.999999999999975,2.23517602071606E-7,0.));
#6998=DIRECTION('ref_axis',(2.23517602071606E-7,-0.999999999999975,0.));
#6999=DIRECTION('',(2.23517602071606E-7,-0.999999999999975,0.));
#7000=DIRECTION('',(0.,0.,-1.));
#7001=DIRECTION('',(2.23517602071606E-7,-0.999999999999975,0.));
#7002=DIRECTION('center_axis',(0.499999806428066,0.866025515543218,0.));
#7003=DIRECTION('ref_axis',(0.866025515543218,-0.499999806428066,0.));
#7004=DIRECTION('',(0.866025515543218,-0.499999806428066,0.));
#7005=DIRECTION('',(0.,0.,-1.));
#7006=DIRECTION('',(0.866025515543218,-0.499999806428066,0.));
#7007=DIRECTION('center_axis',(-0.50000019357191,0.866025292025616,0.));
#7008=DIRECTION('ref_axis',(0.866025292025616,0.50000019357191,0.));
#7009=DIRECTION('',(0.866025292025616,0.50000019357191,0.));
#7010=DIRECTION('',(0.,0.,-1.));
#7011=DIRECTION('',(0.866025292025616,0.50000019357191,0.));
#7012=DIRECTION('center_axis',(-0.999999999999975,-2.23517603445151E-7,
0.));
#7013=DIRECTION('ref_axis',(-2.23517603445151E-7,0.999999999999975,0.));
#7014=DIRECTION('',(-2.23517603445151E-7,0.999999999999975,0.));
#7015=DIRECTION('',(-2.23517603445151E-7,0.999999999999975,0.));
#7016=DIRECTION('center_axis',(0.,0.,1.));
#7017=DIRECTION('ref_axis',(-1.,0.,0.));
#7018=DIRECTION('center_axis',(0.,0.,1.));
#7019=DIRECTION('ref_axis',(-1.,0.,0.));
#7020=DIRECTION('center_axis',(-0.500000354881231,-0.866025198893567,0.));
#7021=DIRECTION('ref_axis',(-0.866025198893567,0.500000354881231,0.));
#7022=DIRECTION('',(-0.866025198893567,0.500000354881231,0.));
#7023=DIRECTION('',(0.,0.,-1.));
#7024=DIRECTION('',(-0.866025198893567,0.500000354881231,0.));
#7025=DIRECTION('',(0.,0.,-1.));
#7026=DIRECTION('center_axis',(0.499999645118182,-0.866025608675455,0.));
#7027=DIRECTION('ref_axis',(-0.866025608675455,-0.499999645118182,0.));
#7028=DIRECTION('',(-0.866025608675455,-0.499999645118182,0.));
#7029=DIRECTION('',(0.,0.,-1.));
#7030=DIRECTION('',(-0.866025608675455,-0.499999645118182,0.));
#7031=DIRECTION('center_axis',(0.999999999999664,-8.19563768539214E-7,0.));
#7032=DIRECTION('ref_axis',(-8.19563768539214E-7,-0.999999999999664,0.));
#7033=DIRECTION('',(-8.19563768539214E-7,-0.999999999999664,0.));
#7034=DIRECTION('',(0.,0.,-1.));
#7035=DIRECTION('',(-8.19563768539214E-7,-0.999999999999664,0.));
#7036=DIRECTION('center_axis',(0.500000709762879,0.866024994002262,0.));
#7037=DIRECTION('ref_axis',(0.866024994002262,-0.500000709762879,0.));
#7038=DIRECTION('',(0.866024994002262,-0.500000709762879,0.));
#7039=DIRECTION('',(0.,0.,-1.));
#7040=DIRECTION('',(0.866024994002262,-0.500000709762879,0.));
#7041=DIRECTION('center_axis',(-0.499999290236787,0.866025813566033,0.));
#7042=DIRECTION('ref_axis',(0.866025813566033,0.499999290236787,0.));
#7043=DIRECTION('',(0.866025813566033,0.499999290236787,0.));
#7044=DIRECTION('',(0.,0.,-1.));
#7045=DIRECTION('',(0.866025813566033,0.499999290236787,0.));
#7046=DIRECTION('center_axis',(-0.999999999999664,8.19563768539215E-7,0.));
#7047=DIRECTION('ref_axis',(8.19563768539215E-7,0.999999999999664,0.));
#7048=DIRECTION('',(8.19563768539215E-7,0.999999999999664,0.));
#7049=DIRECTION('',(8.19563768539215E-7,0.999999999999664,0.));
#7050=DIRECTION('center_axis',(0.,0.,1.));
#7051=DIRECTION('ref_axis',(-1.,0.,0.));
#7052=DIRECTION('center_axis',(0.,0.,1.));
#7053=DIRECTION('ref_axis',(-1.,0.,0.));
#7054=DIRECTION('center_axis',(0.,0.,1.));
#7055=DIRECTION('ref_axis',(-0.707106781186547,-0.707106781186548,0.));
#7056=DIRECTION('center_axis',(0.,0.,1.));
#7057=DIRECTION('ref_axis',(-0.707106781186547,-0.707106781186548,0.));
#7058=DIRECTION('',(0.,0.,1.));
#7059=DIRECTION('center_axis',(0.,0.,1.));
#7060=DIRECTION('ref_axis',(-0.707106781186547,-0.707106781186548,0.));
#7061=DIRECTION('',(0.,0.,-1.));
#7062=DIRECTION('center_axis',(0.,0.,-1.));
#7063=DIRECTION('ref_axis',(1.,0.,0.));
#7064=DIRECTION('',(0.,-1.,0.));
#7065=DIRECTION('center_axis',(0.,0.,-1.));
#7066=DIRECTION('ref_axis',(-0.707106781186549,-0.707106781186546,0.));
#7067=DIRECTION('',(-1.,0.,0.));
#7068=DIRECTION('center_axis',(0.,0.,1.));
#7069=DIRECTION('ref_axis',(0.707106781186546,0.707106781186549,0.));
#7070=DIRECTION('',(0.,1.,0.));
#7071=DIRECTION('center_axis',(0.,0.,-1.));
#7072=DIRECTION('ref_axis',(0.707106781186547,0.707106781186548,0.));
#7073=DIRECTION('',(-1.,0.,0.));
#7074=DIRECTION('center_axis',(1.,0.,0.));
#7075=DIRECTION('ref_axis',(0.,0.,-1.));
#7076=DIRECTION('',(0.,-1.,0.));
#7077=DIRECTION('',(0.,0.,-1.));
#7078=DIRECTION('',(0.,-1.,0.));
#7079=DIRECTION('',(0.,0.,1.));
#7080=DIRECTION('',(0.,-1.,-2.06356670881412E-16));
#7081=DIRECTION('',(0.,0.,-1.));
#7082=DIRECTION('center_axis',(0.,0.,1.));
#7083=DIRECTION('ref_axis',(0.707106781186548,0.707106781186548,0.));
#7084=DIRECTION('center_axis',(0.,0.,1.));
#7085=DIRECTION('ref_axis',(0.707106781186548,0.707106781186548,0.));
#7086=DIRECTION('',(0.,0.,-1.));
#7087=DIRECTION('center_axis',(0.,0.,1.));
#7088=DIRECTION('ref_axis',(0.707106781186548,0.707106781186548,0.));
#7089=DIRECTION('',(0.,0.,-1.));
#7090=DIRECTION('center_axis',(1.,0.,0.));
#7091=DIRECTION('ref_axis',(0.,0.,-1.));
#7092=DIRECTION('',(0.,1.,0.));
#7093=DIRECTION('',(0.,0.,-1.));
#7094=DIRECTION('',(0.,1.,2.06356670881412E-16));
#7095=DIRECTION('',(0.,0.,-1.));
#7096=DIRECTION('',(0.,1.,0.));
#7097=DIRECTION('',(0.,0.,1.));
#7098=DIRECTION('',(0.,1.,2.06356670881412E-16));
#7099=DIRECTION('',(0.,0.,-1.));
#7100=DIRECTION('',(0.,1.,0.));
#7101=DIRECTION('center_axis',(-1.,0.,0.));
#7102=DIRECTION('ref_axis',(0.,-1.,0.));
#7103=DIRECTION('',(0.,-1.,0.));
#7104=DIRECTION('',(0.,0.,1.));
#7105=DIRECTION('',(0.,-1.,-2.06356670881412E-16));
#7106=DIRECTION('',(0.,0.,1.));
#7107=DIRECTION('center_axis',(1.,0.,0.));
#7108=DIRECTION('ref_axis',(0.,1.,0.));
#7109=DIRECTION('',(0.,0.,1.));
#7110=DIRECTION('',(0.,1.,2.06356670881412E-16));
#7111=DIRECTION('',(0.,0.,1.));
#7112=DIRECTION('center_axis',(0.,0.,1.));
#7113=DIRECTION('ref_axis',(0.707106781186546,-0.707106781186549,0.));
#7114=DIRECTION('center_axis',(0.,0.,-1.));
#7115=DIRECTION('ref_axis',(0.707106781186546,-0.707106781186549,0.));
#7116=DIRECTION('',(0.,0.,1.));
#7117=DIRECTION('center_axis',(9.51443809068936E-47,2.06356670881412E-16,
-1.));
#7118=DIRECTION('ref_axis',(0.707106781186546,-0.707106781186549,-1.45916201323327E-16));
#7119=DIRECTION('',(0.,0.,-1.));
#7120=DIRECTION('center_axis',(0.,0.,-1.));
#7121=DIRECTION('ref_axis',(0.707106781186546,-0.707106781186549,0.));
#7122=DIRECTION('center_axis',(0.,1.,0.));
#7123=DIRECTION('ref_axis',(-1.,0.,0.));
#7124=DIRECTION('',(0.,0.,-1.));
#7125=DIRECTION('',(-1.,0.,0.));
#7126=DIRECTION('center_axis',(0.,0.,-1.));
#7127=DIRECTION('ref_axis',(1.,0.,0.));
#7128=DIRECTION('center_axis',(0.,0.,-1.));
#7129=DIRECTION('ref_axis',(0.707106781186547,0.707106781186548,0.));
#7130=DIRECTION('',(1.,0.,0.));
#7131=DIRECTION('center_axis',(0.,0.,-1.));
#7132=DIRECTION('ref_axis',(0.,-1.,0.));
#7133=DIRECTION('center_axis',(0.,0.,-1.));
#7134=DIRECTION('ref_axis',(-1.,0.,0.));
#7135=DIRECTION('center_axis',(0.,0.,-1.));
#7136=DIRECTION('ref_axis',(1.,0.,0.));
#7137=DIRECTION('center_axis',(0.,0.,-1.));
#7138=DIRECTION('ref_axis',(-0.707106781186548,-0.707106781186548,0.));
#7139=DIRECTION('center_axis',(0.,0.,-1.));
#7140=DIRECTION('ref_axis',(0.707106781186548,-0.707106781186548,0.));
#7141=DIRECTION('center_axis',(0.,0.,-1.));
#7142=DIRECTION('ref_axis',(-1.,0.,0.));
#7143=DIRECTION('center_axis',(0.,0.,-1.));
#7144=DIRECTION('ref_axis',(1.,0.,0.));
#7145=DIRECTION('center_axis',(0.,0.,-1.));
#7146=DIRECTION('ref_axis',(0.707106781186548,0.707106781186548,0.));
#7147=DIRECTION('center_axis',(0.,0.,1.));
#7148=DIRECTION('ref_axis',(-0.707106781186548,-0.707106781186548,0.));
#7149=DIRECTION('center_axis',(0.,0.,-1.));
#7150=DIRECTION('ref_axis',(-0.707106781186548,-0.707106781186548,0.));
#7151=DIRECTION('center_axis',(-5.24825179985385E-136,-3.37344619321435E-75,
-1.));
#7152=DIRECTION('ref_axis',(1.,-3.11150763893057E-61,5.24825179985385E-136));
#7153=DIRECTION('center_axis',(-5.24825179985385E-136,-3.37344619321435E-75,
-1.));
#7154=DIRECTION('ref_axis',(1.,-3.11150763893057E-61,5.24825179985385E-136));
#7155=DIRECTION('center_axis',(1.,0.,0.));
#7156=DIRECTION('ref_axis',(0.,0.,1.));
#7157=DIRECTION('center_axis',(-1.,0.,0.));
#7158=DIRECTION('ref_axis',(0.,1.,0.));
#7159=DIRECTION('center_axis',(-1.,0.,0.));
#7160=DIRECTION('ref_axis',(0.,0.,1.));
#7161=DIRECTION('center_axis',(1.,0.,0.));
#7162=DIRECTION('ref_axis',(0.,-1.,0.));
#7163=DIRECTION('center_axis',(5.24825179985385E-136,-3.37344619321435E-75,
1.));
#7164=DIRECTION('ref_axis',(1.,3.11150763893057E-61,5.24825179985385E-136));
#7165=DIRECTION('center_axis',(5.24825179985385E-136,-3.37344619321435E-75,
1.));
#7166=DIRECTION('ref_axis',(1.,3.11150763893057E-61,5.24825179985385E-136));
#7167=DIRECTION('center_axis',(1.,0.,0.));
#7168=DIRECTION('ref_axis',(0.,-1.,0.));
#7169=DIRECTION('center_axis',(-1.,0.,0.));
#7170=DIRECTION('ref_axis',(0.,1.,0.));
#7171=DIRECTION('center_axis',(1.,0.,0.));
#7172=DIRECTION('ref_axis',(0.,-1.,0.));
#7173=DIRECTION('center_axis',(-1.,0.,0.));
#7174=DIRECTION('ref_axis',(0.,1.,0.));
#7175=DIRECTION('center_axis',(0.,0.,-1.));
#7176=DIRECTION('ref_axis',(-1.,0.,0.));
#7177=DIRECTION('center_axis',(0.,0.,-1.));
#7178=DIRECTION('ref_axis',(-1.,0.,0.));
#7179=DIRECTION('',(0.,0.,-1.));
#7180=DIRECTION('center_axis',(0.,0.,-1.));
#7181=DIRECTION('ref_axis',(-1.,0.,0.));
#7182=DIRECTION('center_axis',(-5.24825179985385E-136,-3.37344619321435E-75,
-1.));
#7183=DIRECTION('ref_axis',(1.,-3.11150763893057E-61,5.24825179985385E-136));
#7184=DIRECTION('center_axis',(-5.24825179985385E-136,-3.37344619321435E-75,
-1.));
#7185=DIRECTION('ref_axis',(1.,-3.11150763893057E-61,5.24825179985385E-136));
#7186=DIRECTION('',(-5.24825179985385E-136,-3.37344619321435E-75,-1.));
#7187=DIRECTION('center_axis',(-4.84007523777763E-94,2.46519032881566E-32,
1.));
#7188=DIRECTION('ref_axis',(1.,0.,4.84007523777763E-94));
#7189=DIRECTION('center_axis',(-4.84007523777763E-94,2.46519032881566E-32,
1.));
#7190=DIRECTION('ref_axis',(-1.,3.11150763893057E-61,-8.15446606330545E-93));
#7191=DIRECTION('center_axis',(0.,0.5,0.866025403784439));
#7192=DIRECTION('ref_axis',(0.,-0.866025403784439,0.5));
#7193=DIRECTION('',(0.,0.866025403784438,-0.5));
#7194=DIRECTION('',(1.,0.,0.));
#7195=DIRECTION('',(0.,-0.866025403784439,0.5));
#7196=DIRECTION('',(1.,0.,0.));
#7197=DIRECTION('center_axis',(0.,-0.5,0.866025403784439));
#7198=DIRECTION('ref_axis',(0.,-0.866025403784439,-0.5));
#7199=DIRECTION('',(0.,0.866025403784439,0.5));
#7200=DIRECTION('',(0.,-0.866025403784439,-0.5));
#7201=DIRECTION('',(1.,0.,0.));
#7202=DIRECTION('center_axis',(-1.,0.,0.));
#7203=DIRECTION('ref_axis',(0.,1.,0.));
#7204=DIRECTION('',(-1.,0.,0.));
#7205=DIRECTION('center_axis',(1.,0.,0.));
#7206=DIRECTION('ref_axis',(0.,1.,0.));
#7207=DIRECTION('center_axis',(4.84007523777763E-94,2.46519032881566E-32,
-1.));
#7208=DIRECTION('ref_axis',(1.,0.,4.84007523777763E-94));
#7209=DIRECTION('center_axis',(4.84007523777763E-94,2.46519032881566E-32,
-1.));
#7210=DIRECTION('ref_axis',(-1.,-3.11150763893057E-61,-8.15446606330545E-93));
#7211=DIRECTION('center_axis',(0.,-0.5,-0.866025403784439));
#7212=DIRECTION('ref_axis',(0.,0.866025403784439,-0.5));
#7213=DIRECTION('',(0.,-0.866025403784439,0.5));
#7214=DIRECTION('',(1.,0.,0.));
#7215=DIRECTION('',(0.,0.866025403784439,-0.5));
#7216=DIRECTION('',(1.,0.,0.));
#7217=DIRECTION('center_axis',(0.,0.5,-0.866025403784439));
#7218=DIRECTION('ref_axis',(0.,0.866025403784439,0.5));
#7219=DIRECTION('',(0.,-0.866025403784438,-0.5));
#7220=DIRECTION('',(0.,0.866025403784439,0.5));
#7221=DIRECTION('',(1.,0.,0.));
#7222=DIRECTION('center_axis',(1.,0.,0.));
#7223=DIRECTION('ref_axis',(0.,-1.,0.));
#7224=DIRECTION('center_axis',(-1.,0.,0.));
#7225=DIRECTION('ref_axis',(0.,-1.,0.));
#7226=DIRECTION('',(1.,0.,0.));
#7227=DIRECTION('center_axis',(5.24825179985385E-136,-3.37344619321435E-75,
1.));
#7228=DIRECTION('ref_axis',(1.,3.11150763893057E-61,5.24825179985385E-136));
#7229=DIRECTION('',(5.24825179985385E-136,-3.37344619321435E-75,1.));
#7230=DIRECTION('center_axis',(5.24825179985385E-136,-3.37344619321435E-75,
1.));
#7231=DIRECTION('ref_axis',(1.,3.11150763893057E-61,5.24825179985385E-136));
#7232=DIRECTION('center_axis',(-1.,0.,0.));
#7233=DIRECTION('ref_axis',(0.,1.,0.));
#7234=DIRECTION('center_axis',(1.,0.,0.));
#7235=DIRECTION('ref_axis',(0.,1.,0.));
#7236=DIRECTION('',(-1.,0.,0.));
#7237=DIRECTION('center_axis',(0.,-0.500000000000001,-0.866025403784438));
#7238=DIRECTION('ref_axis',(0.,-0.866025403784438,0.500000000000001));
#7239=DIRECTION('',(0.,0.866025403784438,-0.500000000000001));
#7240=DIRECTION('',(-1.,0.,0.));
#7241=DIRECTION('',(0.,-0.866025403784438,0.500000000000001));
#7242=DIRECTION('',(-1.,0.,0.));
#7243=DIRECTION('center_axis',(0.,0.499999999999999,-0.866025403784439));
#7244=DIRECTION('ref_axis',(0.,-0.866025403784439,-0.499999999999999));
#7245=DIRECTION('',(0.,0.866025403784439,0.499999999999999));
#7246=DIRECTION('',(-1.,0.,0.));
#7247=DIRECTION('',(0.,-0.866025403784439,-0.499999999999999));
#7248=DIRECTION('center_axis',(0.,0.,-1.));
#7249=DIRECTION('ref_axis',(1.,0.,0.));
#7250=DIRECTION('center_axis',(0.,0.,-1.));
#7251=DIRECTION('ref_axis',(1.,0.,0.));
#7252=DIRECTION('center_axis',(-1.,0.,0.));
#7253=DIRECTION('ref_axis',(0.,1.,0.));
#7254=DIRECTION('center_axis',(1.,0.,0.));
#7255=DIRECTION('ref_axis',(0.,1.,0.));
#7256=DIRECTION('',(-1.,0.,0.));
#7257=DIRECTION('center_axis',(0.,0.5,-0.866025403784439));
#7258=DIRECTION('ref_axis',(0.,-0.866025403784439,-0.5));
#7259=DIRECTION('',(0.,0.866025403784439,0.5));
#7260=DIRECTION('',(-1.,0.,0.));
#7261=DIRECTION('',(0.,-0.866025403784439,-0.5));
#7262=DIRECTION('',(-1.,0.,0.));
#7263=DIRECTION('center_axis',(0.,-0.5,-0.866025403784439));
#7264=DIRECTION('ref_axis',(0.,-0.866025403784439,0.5));
#7265=DIRECTION('',(0.,0.866025403784439,-0.5));
#7266=DIRECTION('',(0.,-0.866025403784439,0.5));
#7267=DIRECTION('',(-1.,0.,0.));
#7268=DIRECTION('center_axis',(0.,0.,-1.));
#7269=DIRECTION('ref_axis',(1.,0.,0.));
#7270=DIRECTION('center_axis',(0.,0.,-1.));
#7271=DIRECTION('ref_axis',(1.,0.,0.));
#7272=DIRECTION('center_axis',(0.,0.,-1.));
#7273=DIRECTION('ref_axis',(-1.,0.,0.));
#7274=DIRECTION('center_axis',(0.,0.,-1.));
#7275=DIRECTION('ref_axis',(-1.,0.,0.));
#7276=DIRECTION('',(0.,0.,-1.));
#7277=DIRECTION('center_axis',(0.,0.,-1.));
#7278=DIRECTION('ref_axis',(-1.,0.,0.));
#7279=DIRECTION('center_axis',(0.,0.,1.));
#7280=DIRECTION('ref_axis',(-1.,0.,0.));
#7281=DIRECTION('center_axis',(0.,0.,1.));
#7282=DIRECTION('ref_axis',(-1.,0.,0.));
#7283=DIRECTION('center_axis',(9.51443809068936E-47,2.06356670881412E-16,
-1.));
#7284=DIRECTION('ref_axis',(-1.,0.,-9.51443809068936E-47));
#7285=DIRECTION('center_axis',(-9.51443809068936E-47,-2.06356670881412E-16,
1.));
#7286=DIRECTION('ref_axis',(-1.,0.,-9.51443809068936E-47));
#7287=DIRECTION('',(0.766044443118978,3.88301236917074E-17,-0.642787609686539));
#7288=DIRECTION('center_axis',(-9.51443809068936E-47,-2.06356670881412E-16,
1.));
#7289=DIRECTION('ref_axis',(-1.,0.,-9.51443809068936E-47));
#7290=DIRECTION('center_axis',(9.51443809068936E-47,2.06356670881412E-16,
-1.));
#7291=DIRECTION('ref_axis',(-1.,0.,-9.51443809068936E-47));
#7292=DIRECTION('',(0.766044443118978,3.88301236917074E-17,-0.642787609686539));
#7293=DIRECTION('center_axis',(-9.51443809068936E-47,-2.06356670881412E-16,
1.));
#7294=DIRECTION('ref_axis',(-1.,0.,-9.51443809068936E-47));
#7295=DIRECTION('center_axis',(9.51443809068936E-47,2.06356670881412E-16,
-1.));
#7296=DIRECTION('ref_axis',(-1.,0.,-9.51443809068936E-47));
#7297=DIRECTION('',(0.766044443118978,3.88301236917074E-17,-0.642787609686539));
#7298=DIRECTION('center_axis',(-9.51443809068936E-47,-2.06356670881412E-16,
1.));
#7299=DIRECTION('ref_axis',(-1.,0.,-9.51443809068936E-47));
#7300=DIRECTION('center_axis',(9.51443809068936E-47,2.06356670881412E-16,
-1.));
#7301=DIRECTION('ref_axis',(-1.,0.,-9.51443809068936E-47));
#7302=DIRECTION('center_axis',(-5.24825179985385E-136,3.37344619321435E-75,
-1.));
#7303=DIRECTION('ref_axis',(-1.,-3.11150763893057E-61,-5.24825179985385E-136));
#7304=DIRECTION('',(0.766044443118978,3.88301236917074E-17,-0.642787609686539));
#7305=DIRECTION('center_axis',(-9.51443809068936E-47,-2.06356670881412E-16,
1.));
#7306=DIRECTION('ref_axis',(-1.,0.,-9.51443809068936E-47));
#7307=DIRECTION('center_axis',(9.51443809068936E-47,-2.06356670881412E-16,
-1.));
#7308=DIRECTION('ref_axis',(-1.,0.,-9.51443809068936E-47));
#7309=DIRECTION('center_axis',(5.24825179985385E-136,3.37344619321435E-75,
1.));
#7310=DIRECTION('ref_axis',(-1.,3.11150763893057E-61,-5.24825179985385E-136));
#7311=DIRECTION('',(0.766044443118978,-2.26456898745762E-16,-0.642787609686539));
#7312=DIRECTION('center_axis',(9.51443809068936E-47,-2.06356670881412E-16,
-1.));
#7313=DIRECTION('ref_axis',(-1.,0.,-9.51443809068936E-47));
#7314=DIRECTION('center_axis',(9.51443809068936E-47,2.06356670881412E-16,
-1.));
#7315=DIRECTION('ref_axis',(-1.,0.,-9.51443809068936E-47));
#7316=DIRECTION('center_axis',(0.,0.,-1.));
#7317=DIRECTION('ref_axis',(-1.,0.,0.));
#7318=DIRECTION('',(0.766044443118978,3.88301236917074E-17,-0.642787609686539));
#7319=DIRECTION('center_axis',(-9.51443809068936E-47,-2.06356670881412E-16,
1.));
#7320=DIRECTION('ref_axis',(-1.,0.,-9.51443809068936E-47));
#7321=DIRECTION('center_axis',(1.,0.,0.));
#7322=DIRECTION('ref_axis',(0.,1.,0.));
#7323=DIRECTION('center_axis',(1.,0.,0.));
#7324=DIRECTION('ref_axis',(0.,1.,0.));
#7325=DIRECTION('',(1.,0.,0.));
#7326=DIRECTION('center_axis',(-1.,0.,0.));
#7327=DIRECTION('ref_axis',(0.,1.,0.));
#7328=DIRECTION('center_axis',(1.,0.,0.));
#7329=DIRECTION('ref_axis',(0.,1.,0.));
#7330=DIRECTION('center_axis',(1.,0.,0.));
#7331=DIRECTION('ref_axis',(0.,1.,0.));
#7332=DIRECTION('',(1.,0.,0.));
#7333=DIRECTION('center_axis',(-1.,0.,0.));
#7334=DIRECTION('ref_axis',(0.,1.,0.));
#7335=DIRECTION('center_axis',(0.,0.,-1.));
#7336=DIRECTION('ref_axis',(1.,0.,0.));
#7337=DIRECTION('center_axis',(0.,0.,1.));
#7338=DIRECTION('ref_axis',(-1.,0.,-9.51443809068936E-47));
#7339=DIRECTION('',(0.,-1.,0.));
#7340=DIRECTION('center_axis',(0.,0.,1.));
#7341=DIRECTION('ref_axis',(-1.,0.,-9.51443809068936E-47));
#7342=DIRECTION('center_axis',(5.24825179985385E-136,3.37344619321435E-75,
1.));
#7343=DIRECTION('ref_axis',(-1.,3.11150763893057E-61,-5.24825179985385E-136));
#7344=DIRECTION('center_axis',(-5.24825179985385E-136,-3.37344619321435E-75,
-1.));
#7345=DIRECTION('ref_axis',(-1.,1.77046950552473E-210,5.24825179985385E-136));
#7346=DIRECTION('',(1.,3.70074341541719E-16,-1.24842587868022E-90));
#7347=DIRECTION('',(0.707106781186548,0.707106781186547,-2.38538667918981E-75));
#7348=DIRECTION('center_axis',(0.,0.,1.));
#7349=DIRECTION('ref_axis',(-0.379884520417098,0.925033918917286,0.));
#7350=DIRECTION('',(0.,0.,-1.));
#7351=DIRECTION('center_axis',(0.,0.,-1.));
#7352=DIRECTION('ref_axis',(-1.,0.,0.));
#7353=DIRECTION('',(0.,0.,1.));
#7354=DIRECTION('center_axis',(1.,-2.7937883882681E-16,0.));
#7355=DIRECTION('ref_axis',(-2.7937883882681E-16,-1.,4.90909346529772E-91));
#7356=DIRECTION('',(0.,0.,-1.));
#7357=DIRECTION('',(-2.7937883882681E-16,-1.,4.90909346529772E-91));
#7358=DIRECTION('',(5.24825179985385E-136,3.37344619321435E-75,1.));
#7359=DIRECTION('',(0.,-1.,3.37344619321435E-75));
#7360=DIRECTION('center_axis',(-5.24825179985385E-136,-3.37344619321435E-75,
-1.));
#7361=DIRECTION('ref_axis',(-1.,3.11150763893057E-61,-5.24825179985385E-136));
#7362=DIRECTION('',(-5.24825179985385E-136,-3.37344619321435E-75,-1.));
#7363=DIRECTION('center_axis',(-5.24825179985385E-136,-3.37344619321435E-75,
-1.));
#7364=DIRECTION('ref_axis',(-1.,3.11150763893057E-61,-5.24825179985385E-136));
#7365=DIRECTION('',(-5.24825179985385E-136,-3.37344619321435E-75,-1.));
#7366=DIRECTION('center_axis',(0.,-1.,0.));
#7367=DIRECTION('ref_axis',(0.,0.,-1.));
#7368=DIRECTION('',(0.,0.,1.));
#7369=DIRECTION('',(0.,0.,-1.));
#7370=DIRECTION('center_axis',(1.,0.,0.));
#7371=DIRECTION('ref_axis',(0.,1.,0.));
#7372=DIRECTION('',(0.,0.,-1.));
#7373=DIRECTION('center_axis',(1.,0.,0.));
#7374=DIRECTION('ref_axis',(0.,1.,0.));
#7375=DIRECTION('center_axis',(0.,1.,0.));
#7376=DIRECTION('ref_axis',(0.,0.,1.));
#7377=DIRECTION('',(0.,0.,1.));
#7378=DIRECTION('center_axis',(1.,0.,0.));
#7379=DIRECTION('ref_axis',(0.,1.,0.));
#7380=DIRECTION('center_axis',(5.24825179985385E-136,3.37344619321435E-75,
1.));
#7381=DIRECTION('ref_axis',(1.,-3.11150763893057E-61,5.24825179985385E-136));
#7382=DIRECTION('',(5.24825179985385E-136,3.37344619321435E-75,1.));
#7383=DIRECTION('center_axis',(0.,-4.90909346529773E-91,-1.));
#7384=DIRECTION('ref_axis',(-1.,0.,0.));
#7385=DIRECTION('',(5.24825179985385E-136,3.37344619321435E-75,1.));
#7386=DIRECTION('',(5.24825179985385E-136,3.37344619321435E-75,1.));
#7387=DIRECTION('center_axis',(1.,-3.11150763893057E-61,5.24825179985385E-136));
#7388=DIRECTION('ref_axis',(3.11150763893057E-61,1.,-3.37344619321435E-75));
#7389=DIRECTION('',(0.,0.,-1.));
#7390=DIRECTION('',(0.,-1.,-4.50892919924403E-107));
#7391=DIRECTION('center_axis',(5.24825179985385E-136,3.37344619321435E-75,
1.));
#7392=DIRECTION('ref_axis',(-1.,3.11150763893057E-61,-5.24825179985385E-136));
#7393=DIRECTION('',(5.24825179985385E-136,3.37344619321435E-75,1.));
#7394=DIRECTION('center_axis',(-9.01785839848807E-107,-4.90909346529773E-91,
-1.));
#7395=DIRECTION('ref_axis',(1.,0.,-9.01785839848807E-107));
#7396=DIRECTION('center_axis',(-1.,3.11150763893057E-61,-5.24825179985385E-136));
#7397=DIRECTION('ref_axis',(-3.11150763893057E-61,-1.,3.37344619321435E-75));
#7398=DIRECTION('',(-5.24825179985385E-136,0.,1.));
#7399=DIRECTION('',(3.11150763893057E-61,1.,0.));
#7400=DIRECTION('center_axis',(5.24825179985385E-136,-3.37344619321435E-75,
1.));
#7401=DIRECTION('ref_axis',(-1.,-3.11150763893057E-61,-5.24825179985385E-136));
#7402=DIRECTION('',(5.24825179985385E-136,-3.37344619321435E-75,1.));
#7403=DIRECTION('center_axis',(5.24825179985385E-136,-3.37344619321435E-75,
1.));
#7404=DIRECTION('ref_axis',(-1.,-3.11150763893057E-61,-5.24825179985385E-136));
#7405=DIRECTION('',(5.24825179985385E-136,-3.37344619321435E-75,1.));
#7406=DIRECTION('center_axis',(0.,1.,0.));
#7407=DIRECTION('ref_axis',(0.,0.,1.));
#7408=DIRECTION('',(0.,0.,-1.));
#7409=DIRECTION('',(0.,0.,1.));
#7410=DIRECTION('center_axis',(-1.,0.,0.));
#7411=DIRECTION('ref_axis',(0.,-1.,0.));
#7412=DIRECTION('',(0.,0.,1.));
#7413=DIRECTION('center_axis',(-1.,0.,0.));
#7414=DIRECTION('ref_axis',(0.,-1.,0.));
#7415=DIRECTION('center_axis',(0.,-1.,0.));
#7416=DIRECTION('ref_axis',(0.,0.,-1.));
#7417=DIRECTION('',(0.,0.,-1.));
#7418=DIRECTION('center_axis',(-1.,0.,0.));
#7419=DIRECTION('ref_axis',(0.,-1.,0.));
#7420=DIRECTION('center_axis',(1.,3.11150763893057E-61,5.24825179985385E-136));
#7421=DIRECTION('ref_axis',(-3.11150763893057E-61,1.,3.37344619321435E-75));
#7422=DIRECTION('',(5.24825179985385E-136,-3.37344619321435E-75,1.));
#7423=DIRECTION('',(3.11150763893057E-61,-1.,0.));
#7424=DIRECTION('',(-5.24825179985385E-136,0.,1.));
#7425=DIRECTION('',(5.24825179985385E-136,-3.37344619321435E-75,1.));
#7426=DIRECTION('center_axis',(-5.24825179985385E-136,3.37344619321435E-75,
-1.));
#7427=DIRECTION('ref_axis',(-1.,-3.11150763893057E-61,-5.24825179985385E-136));
#7428=DIRECTION('center_axis',(5.24825179985385E-136,-3.37344619321435E-75,
1.));
#7429=DIRECTION('ref_axis',(-1.,-1.77046950552473E-210,5.24825179985385E-136));
#7430=DIRECTION('',(0.707106781186548,-0.707106781186547,-2.38538667918981E-75));
#7431=DIRECTION('',(1.,-3.70074341541719E-16,-1.24842587868022E-90));
#7432=DIRECTION('center_axis',(-5.24825179985385E-136,3.37344619321435E-75,
-1.));
#7433=DIRECTION('ref_axis',(1.,3.11150763893057E-61,5.24825179985385E-136));
#7434=DIRECTION('',(5.24825179985385E-136,-3.37344619321435E-75,1.));
#7435=DIRECTION('center_axis',(0.,-4.90909346529773E-91,1.));
#7436=DIRECTION('ref_axis',(-1.,0.,0.));
#7437=DIRECTION('',(5.24825179985385E-136,-3.37344619321435E-75,1.));
#7438=DIRECTION('center_axis',(-1.,-3.11150763893057E-61,-5.24825179985385E-136));
#7439=DIRECTION('ref_axis',(3.11150763893057E-61,-1.,-3.37344619321435E-75));
#7440=DIRECTION('',(0.,1.,-4.50892919924403E-107));
#7441=DIRECTION('',(0.,0.,-1.));
#7442=DIRECTION('center_axis',(-5.24825179985385E-136,3.37344619321435E-75,
-1.));
#7443=DIRECTION('ref_axis',(-1.,-3.11150763893057E-61,-5.24825179985385E-136));
#7444=DIRECTION('center_axis',(9.01785839848807E-107,-4.90909346529773E-91,
1.));
#7445=DIRECTION('ref_axis',(1.,0.,-9.01785839848807E-107));
#7446=DIRECTION('',(5.24825179985385E-136,-3.37344619321435E-75,1.));
#7447=DIRECTION('center_axis',(-1.,-2.7937883882681E-16,0.));
#7448=DIRECTION('ref_axis',(-2.7937883882681E-16,1.,4.90909346529772E-91));
#7449=DIRECTION('',(0.,0.,1.));
#7450=DIRECTION('',(0.,1.,3.37344619321435E-75));
#7451=DIRECTION('',(-2.7937883882681E-16,1.,4.90909346529772E-91));
#7452=DIRECTION('center_axis',(0.,0.,-1.));
#7453=DIRECTION('ref_axis',(-0.379884520417098,-0.925033918917286,0.));
#7454=DIRECTION('',(0.,0.,1.));
#7455=DIRECTION('center_axis',(0.,0.,1.));
#7456=DIRECTION('ref_axis',(-1.,0.,0.));
#7457=DIRECTION('',(0.,0.,-1.));
#7458=DIRECTION('center_axis',(1.,0.,0.));
#7459=DIRECTION('ref_axis',(0.,1.,0.));
#7460=DIRECTION('',(0.,1.,2.06356670881412E-16));
#7461=DIRECTION('',(0.,0.,1.));
#7462=DIRECTION('',(0.,0.,-1.));
#7463=DIRECTION('center_axis',(0.,-1.,0.));
#7464=DIRECTION('ref_axis',(0.,0.,1.));
#7465=DIRECTION('',(0.,0.,-1.));
#7466=DIRECTION('',(-1.,0.,0.));
#7467=DIRECTION('center_axis',(1.,0.,0.));
#7468=DIRECTION('ref_axis',(0.,1.,0.));
#7469=DIRECTION('',(0.,1.,0.));
#7470=DIRECTION('',(0.,0.,1.));
#7471=DIRECTION('center_axis',(0.,1.,0.));
#7472=DIRECTION('ref_axis',(0.,0.,-1.));
#7473=DIRECTION('',(1.,0.,0.));
#7474=DIRECTION('center_axis',(-9.51443809068936E-47,-2.06356670881412E-16,
1.));
#7475=DIRECTION('ref_axis',(-1.,0.,-9.51443809068936E-47));
#7476=DIRECTION('',(-9.51443809068936E-47,-2.06356670881412E-16,1.));
#7477=DIRECTION('center_axis',(0.,0.,-1.));
#7478=DIRECTION('ref_axis',(-1.,0.,0.));
#7479=DIRECTION('center_axis',(0.,0.,-1.));
#7480=DIRECTION('ref_axis',(1.,0.,0.));
#7481=DIRECTION('center_axis',(0.,0.,-1.));
#7482=DIRECTION('ref_axis',(1.,0.,0.));
#7483=DIRECTION('',(0.,0.,-1.));
#7484=DIRECTION('center_axis',(0.,0.,1.));
#7485=DIRECTION('ref_axis',(-1.,0.,0.));
#7486=DIRECTION('',(0.,0.,1.));
#7487=DIRECTION('center_axis',(0.,0.,-1.));
#7488=DIRECTION('ref_axis',(-1.,0.,0.));
#7489=DIRECTION('center_axis',(0.,-1.,0.));
#7490=DIRECTION('ref_axis',(0.,0.,1.));
#7491=DIRECTION('',(0.,0.,-1.));
#7492=DIRECTION('',(0.,0.,1.));
#7493=DIRECTION('',(-1.,0.,0.));
#7494=DIRECTION('center_axis',(1.,0.,0.));
#7495=DIRECTION('ref_axis',(0.,1.,0.));
#7496=DIRECTION('',(0.,1.,0.));
#7497=DIRECTION('',(0.,0.,1.));
#7498=DIRECTION('center_axis',(0.,1.,0.));
#7499=DIRECTION('ref_axis',(0.,0.,-1.));
#7500=DIRECTION('',(1.,0.,0.));
#7501=DIRECTION('',(0.,0.,-1.));
#7502=DIRECTION('center_axis',(1.,0.,0.));
#7503=DIRECTION('ref_axis',(0.,1.,0.));
#7504=DIRECTION('',(0.,1.,2.06356670881412E-16));
#7505=DIRECTION('center_axis',(0.,0.,-1.));
#7506=DIRECTION('ref_axis',(1.,0.,0.));
#7507=DIRECTION('center_axis',(0.,0.,-1.));
#7508=DIRECTION('ref_axis',(1.,0.,0.));
#7509=DIRECTION('',(0.,0.,-1.));
#7510=DIRECTION('center_axis',(-1.,0.,0.));
#7511=DIRECTION('ref_axis',(0.,0.,-1.));
#7512=DIRECTION('',(9.51443809068936E-47,2.06356670881412E-16,-1.));
#7513=DIRECTION('',(-9.51443809068936E-47,-2.06356670881412E-16,1.));
#7514=DIRECTION('center_axis',(0.,0.,1.));
#7515=DIRECTION('ref_axis',(-1.,0.,0.));
#7516=DIRECTION('center_axis',(0.,0.,1.));
#7517=DIRECTION('ref_axis',(-1.,0.,0.));
#7518=DIRECTION('center_axis',(0.,0.,-1.));
#7519=DIRECTION('ref_axis',(-1.,0.,0.));
#7520=DIRECTION('center_axis',(0.,0.,1.));
#7521=DIRECTION('ref_axis',(-1.,0.,0.));
#7522=DIRECTION('',(-0.349180183313287,4.27622393820303E-17,0.937055601115163));
#7523=DIRECTION('center_axis',(1.,0.,0.));
#7524=DIRECTION('ref_axis',(0.,1.,0.));
#7525=DIRECTION('',(0.,0.,1.));
#7526=DIRECTION('',(0.,1.,0.));
#7527=DIRECTION('',(0.,0.,1.));
#7528=DIRECTION('',(0.,-1.,0.));
#7529=DIRECTION('center_axis',(0.,0.,1.));
#7530=DIRECTION('ref_axis',(0.707106781186548,0.707106781186548,0.));
#7531=DIRECTION('center_axis',(0.,0.,-1.));
#7532=DIRECTION('ref_axis',(0.707106781186548,0.707106781186548,0.));
#7533=DIRECTION('',(0.,0.,1.));
#7534=DIRECTION('center_axis',(0.,0.,1.));
#7535=DIRECTION('ref_axis',(0.707106781186548,0.707106781186548,0.));
#7536=DIRECTION('center_axis',(0.,1.,0.));
#7537=DIRECTION('ref_axis',(-1.,0.,0.));
#7538=DIRECTION('',(1.,0.,0.));
#7539=DIRECTION('',(0.,0.,-1.));
#7540=DIRECTION('',(-1.,0.,0.));
#7541=DIRECTION('center_axis',(-1.,0.,0.));
#7542=DIRECTION('ref_axis',(0.,-1.,0.));
#7543=DIRECTION('',(0.,0.,1.));
#7544=DIRECTION('',(0.,1.,0.));
#7545=DIRECTION('',(0.,0.,1.));
#7546=DIRECTION('',(0.,-1.,0.));
#7547=DIRECTION('center_axis',(0.,0.,1.));
#7548=DIRECTION('ref_axis',(-0.707106781186548,-0.707106781186548,0.));
#7549=DIRECTION('center_axis',(0.,0.,-1.));
#7550=DIRECTION('ref_axis',(-0.707106781186548,-0.707106781186548,0.));
#7551=DIRECTION('',(0.,0.,1.));
#7552=DIRECTION('center_axis',(0.,0.,1.));
#7553=DIRECTION('ref_axis',(-0.707106781186548,-0.707106781186548,0.));
#7554=DIRECTION('center_axis',(0.,-1.,0.));
#7555=DIRECTION('ref_axis',(1.,0.,0.));
#7556=DIRECTION('',(3.68935645762482E-14,0.,-1.));
#7557=DIRECTION('',(1.,0.,0.));
#7558=DIRECTION('',(-1.,0.,0.));
#7559=DIRECTION('center_axis',(0.,0.,1.));
#7560=DIRECTION('ref_axis',(-0.707106781186548,-0.707106781186548,0.));
#7561=DIRECTION('',(0.,0.,-1.));
#7562=DIRECTION('center_axis',(9.51443809068936E-47,2.06356670881412E-16,
-1.));
#7563=DIRECTION('ref_axis',(-0.707106781186548,-0.707106781186548,0.));
#7564=DIRECTION('center_axis',(0.,0.,-1.));
#7565=DIRECTION('ref_axis',(-1.,1.22464679914735E-16,0.));
#7566=DIRECTION('center_axis',(0.,0.,1.));
#7567=DIRECTION('ref_axis',(1.,0.,0.));
#7568=DIRECTION('',(0.,0.,1.));
#7569=DIRECTION('',(0.,0.,1.));
#7570=DIRECTION('',(0.,0.,1.));
#7571=DIRECTION('center_axis',(-9.51443809068936E-47,-2.06356670881412E-16,
1.));
#7572=DIRECTION('ref_axis',(-1.,0.,-9.51443809068936E-47));
#7573=DIRECTION('center_axis',(-9.51443809068936E-47,-2.06356670881412E-16,
1.));
#7574=DIRECTION('ref_axis',(-1.,0.,-9.51443809068936E-47));
#7575=DIRECTION('',(-9.51443809068936E-47,-2.06356670881412E-16,1.));
#7576=DIRECTION('center_axis',(-9.51443809068936E-47,-2.06356670881412E-16,
1.));
#7577=DIRECTION('ref_axis',(-1.,0.,-9.51443809068936E-47));
#7578=DIRECTION('center_axis',(-9.51443809068936E-47,-2.06356670881412E-16,
1.));
#7579=DIRECTION('ref_axis',(-1.,0.,-9.51443809068936E-47));
#7580=DIRECTION('',(-9.51443809068936E-47,-2.06356670881412E-16,1.));
#7581=DIRECTION('center_axis',(-9.51443809068936E-47,-2.06356670881412E-16,
1.));
#7582=DIRECTION('ref_axis',(-1.,0.,-9.51443809068936E-47));
#7583=DIRECTION('center_axis',(-9.51443809068936E-47,-2.06356670881412E-16,
1.));
#7584=DIRECTION('ref_axis',(-1.,0.,-9.51443809068936E-47));
#7585=DIRECTION('center_axis',(-9.51443809068936E-47,-2.06356670881412E-16,
1.));
#7586=DIRECTION('ref_axis',(-1.,0.,-9.51443809068936E-47));
#7587=DIRECTION('',(-9.51443809068936E-47,-2.06356670881412E-16,1.));
#7588=DIRECTION('center_axis',(-9.51443809068936E-47,-2.06356670881412E-16,
1.));
#7589=DIRECTION('ref_axis',(-1.,0.,-9.51443809068936E-47));
#7590=DIRECTION('center_axis',(-9.51443809068936E-47,-2.06356670881412E-16,
1.));
#7591=DIRECTION('ref_axis',(-1.,0.,-9.51443809068936E-47));
#7592=DIRECTION('',(-9.51443809068936E-47,-2.06356670881412E-16,1.));
#7593=DIRECTION('center_axis',(-9.51443809068936E-47,-2.06356670881412E-16,
1.));
#7594=DIRECTION('ref_axis',(-1.,0.,-9.51443809068936E-47));
#7595=DIRECTION('center_axis',(-9.51443809068936E-47,-2.06356670881412E-16,
1.));
#7596=DIRECTION('ref_axis',(-1.,0.,-9.51443809068936E-47));
#7597=DIRECTION('',(-9.51443809068936E-47,-2.06356670881412E-16,1.));
#7598=DIRECTION('center_axis',(-9.51443809068936E-47,-2.06356670881412E-16,
1.));
#7599=DIRECTION('ref_axis',(-1.,0.,-9.51443809068936E-47));
#7600=DIRECTION('center_axis',(-9.51443809068936E-47,-2.06356670881412E-16,
1.));
#7601=DIRECTION('ref_axis',(-1.,0.,-9.51443809068936E-47));
#7602=DIRECTION('',(-9.51443809068936E-47,-2.06356670881412E-16,1.));
#7603=DIRECTION('center_axis',(-9.51443809068936E-47,-2.06356670881412E-16,
1.));
#7604=DIRECTION('ref_axis',(-1.,0.,-9.51443809068936E-47));
#7605=DIRECTION('center_axis',(9.51443809068936E-47,-2.06356670881412E-16,
-1.));
#7606=DIRECTION('ref_axis',(-1.,0.,-9.51443809068936E-47));
#7607=DIRECTION('',(9.51443809068936E-47,-2.06356670881412E-16,-1.));
#7608=DIRECTION('center_axis',(9.51443809068936E-47,-2.06356670881412E-16,
-1.));
#7609=DIRECTION('ref_axis',(-1.,0.,-9.51443809068936E-47));
#7610=DIRECTION('center_axis',(-9.51443809068936E-47,-2.06356670881412E-16,
1.));
#7611=DIRECTION('ref_axis',(-1.,0.,-9.51443809068936E-47));
#7612=DIRECTION('center_axis',(-9.51443809068936E-47,-2.06356670881412E-16,
1.));
#7613=DIRECTION('ref_axis',(-1.,0.,-9.51443809068936E-47));
#7614=DIRECTION('',(-9.51443809068936E-47,-2.06356670881412E-16,1.));
#7615=DIRECTION('center_axis',(-9.51443809068936E-47,-2.06356670881412E-16,
1.));
#7616=DIRECTION('ref_axis',(-1.,0.,-9.51443809068936E-47));
#7617=DIRECTION('center_axis',(-9.51443809068936E-47,-2.06356670881412E-16,
1.));
#7618=DIRECTION('ref_axis',(-1.,0.,-9.51443809068936E-47));
#7619=DIRECTION('center_axis',(-9.51443809068936E-47,-2.06356670881412E-16,
1.));
#7620=DIRECTION('ref_axis',(-1.,0.,-9.51443809068936E-47));
#7621=DIRECTION('',(-9.51443809068936E-47,-2.06356670881412E-16,1.));
#7622=DIRECTION('center_axis',(-9.51443809068936E-47,-2.06356670881412E-16,
1.));
#7623=DIRECTION('ref_axis',(-1.,0.,-9.51443809068936E-47));
#7624=DIRECTION('center_axis',(-9.51443809068936E-47,-2.06356670881412E-16,
1.));
#7625=DIRECTION('ref_axis',(-1.,0.,-9.51443809068936E-47));
#7626=DIRECTION('',(-9.51443809068936E-47,-2.06356670881412E-16,1.));
#7627=DIRECTION('center_axis',(-9.51443809068936E-47,-2.06356670881412E-16,
1.));
#7628=DIRECTION('ref_axis',(-1.,0.,-9.51443809068936E-47));
#7629=DIRECTION('center_axis',(-1.55575381946529E-61,1.,1.68672309660717E-75));
#7630=DIRECTION('ref_axis',(-1.,-1.55575381946529E-61,0.));
#7631=DIRECTION('center_axis',(-1.55575381946529E-61,1.,1.68672309660717E-75));
#7632=DIRECTION('ref_axis',(9.51443809068936E-47,1.68672309660717E-75,-1.));
#7633=DIRECTION('',(1.,1.55575381946529E-61,9.51443809068936E-47));
#7634=DIRECTION('',(0.,1.68672309660717E-75,-1.));
#7635=DIRECTION('center_axis',(0.707106781186545,-0.70710678118655,-1.19269333959491E-75));
#7636=DIRECTION('ref_axis',(-1.68672309660719E-75,-1.35000070295687E-90,
-1.));
#7637=DIRECTION('center_axis',(0.707106781186545,-0.70710678118655,-1.19269333959491E-75));
#7638=DIRECTION('ref_axis',(0.70710678118655,0.707106781186545,1.45916201323326E-16));
#7639=DIRECTION('',(0.70710678118655,0.707106781186545,1.45916201323326E-16));
#7640=DIRECTION('',(0.,-1.68672309660717E-75,1.));
#7641=DIRECTION('',(-0.70710678118655,-0.707106781186545,0.));
#7642=DIRECTION('center_axis',(1.,0.,0.));
#7643=DIRECTION('ref_axis',(0.,-1.,0.));
#7644=DIRECTION('',(0.,-1.,0.));
#7645=DIRECTION('',(0.,2.67010927489846E-30,-1.));
#7646=DIRECTION('',(0.,-1.,0.));
#7647=DIRECTION('center_axis',(0.707106781186551,0.707106781186544,1.88805237478979E-30));
#7648=DIRECTION('ref_axis',(2.67010927489843E-30,3.85357077689325E-45,-1.));
#7649=DIRECTION('center_axis',(0.707106781186551,0.707106781186544,1.88805237478979E-30));
#7650=DIRECTION('ref_axis',(0.707106781186544,-0.707106781186551,-1.45916201323328E-16));
#7651=DIRECTION('',(0.707106781186544,-0.707106781186551,0.));
#7652=DIRECTION('',(-0.707106781186544,0.707106781186551,1.45916201323328E-16));
#7653=DIRECTION('',(4.95433823295184E-46,2.67010927489846E-30,-1.));
#7654=DIRECTION('center_axis',(1.87970762572214E-31,-1.,-2.67010927489846E-30));
#7655=DIRECTION('ref_axis',(1.,1.87970762572214E-31,5.01902476553806E-61));
#7656=DIRECTION('center_axis',(1.87970762572214E-31,-1.,-2.67010927489846E-30));
#7657=DIRECTION('ref_axis',(1.33933401694336E-46,2.67010927489846E-30,-1.));
#7658=DIRECTION('',(-1.,-1.87970762572214E-31,-1.33933401694336E-46));
#7659=DIRECTION('center_axis',(-1.55575381946529E-61,1.,1.68672309660717E-75));
#7660=DIRECTION('ref_axis',(-1.,-1.55575381946529E-61,0.));
#7661=DIRECTION('',(5.24825179985385E-136,-3.37344619321435E-75,1.));
#7662=DIRECTION('',(-1.,-1.55575381946529E-61,-9.51443809068936E-47));
#7663=DIRECTION('',(-1.68672309660718E-75,1.68672309660717E-75,-1.));
#7664=DIRECTION('',(1.,1.55575381946529E-61,-5.24825179985385E-136));
#7665=DIRECTION('center_axis',(1.55575381946529E-61,1.,-1.68672309660717E-75));
#7666=DIRECTION('ref_axis',(-1.,1.55575381946529E-61,0.));
#7667=DIRECTION('',(1.,-1.55575381946529E-61,-5.24825179985385E-136));
#7668=DIRECTION('',(-1.68672309660718E-75,-1.68672309660717E-75,-1.));
#7669=DIRECTION('',(-1.,1.55575381946529E-61,-9.51443809068936E-47));
#7670=DIRECTION('',(5.24825179985385E-136,3.37344619321435E-75,1.));
#7671=DIRECTION('center_axis',(-9.51443809068936E-47,-2.06356670881412E-16,
1.));
#7672=DIRECTION('ref_axis',(-1.,0.,-9.51443809068936E-47));
#7673=DIRECTION('center_axis',(-9.51443809068936E-47,-2.06356670881412E-16,
1.));
#7674=DIRECTION('ref_axis',(-1.,0.,-9.51443809068936E-47));
#7675=DIRECTION('',(-9.51443809068936E-47,-2.06356670881412E-16,1.));
#7676=DIRECTION('center_axis',(-9.51443809068936E-47,-2.06356670881412E-16,
1.));
#7677=DIRECTION('ref_axis',(-1.,0.,-9.51443809068936E-47));
#7678=DIRECTION('center_axis',(-9.51443809068936E-47,-2.06356670881412E-16,
1.));
#7679=DIRECTION('ref_axis',(-1.,0.,-9.51443809068936E-47));
#7680=DIRECTION('center_axis',(-9.51443809068936E-47,-2.06356670881412E-16,
1.));
#7681=DIRECTION('ref_axis',(-1.,0.,-9.51443809068936E-47));
#7682=DIRECTION('',(-9.51443809068936E-47,-2.06356670881412E-16,1.));
#7683=DIRECTION('center_axis',(-9.51443809068936E-47,-2.06356670881412E-16,
1.));
#7684=DIRECTION('ref_axis',(-1.,0.,-9.51443809068936E-47));
#7685=DIRECTION('center_axis',(0.,0.,1.));
#7686=DIRECTION('ref_axis',(0.707106781186546,0.707106781186549,0.));
#7687=DIRECTION('',(0.,0.,1.));
#7688=DIRECTION('center_axis',(9.51443809068936E-47,2.06356670881412E-16,
-1.));
#7689=DIRECTION('ref_axis',(0.707106781186546,0.707106781186549,0.));
#7690=DIRECTION('center_axis',(0.,-1.,0.));
#7691=DIRECTION('ref_axis',(1.,0.,0.));
#7692=DIRECTION('',(0.,0.,1.));
#7693=DIRECTION('',(0.,0.,1.));
#7694=DIRECTION('',(1.,0.,9.51443809068936E-47));
#7695=DIRECTION('center_axis',(0.,0.,1.));
#7696=DIRECTION('ref_axis',(0.707106781186546,-0.707106781186549,0.));
#7697=DIRECTION('center_axis',(9.51443809068936E-47,2.06356670881412E-16,
-1.));
#7698=DIRECTION('ref_axis',(0.707106781186546,-0.707106781186549,0.));
#7699=DIRECTION('center_axis',(0.,1.,0.));
#7700=DIRECTION('ref_axis',(-1.,0.,0.));
#7701=DIRECTION('',(0.,0.,1.));
#7702=DIRECTION('',(-1.,0.,-9.51443809068936E-47));
#7703=DIRECTION('center_axis',(0.,-1.,-2.06356670881413E-16));
#7704=DIRECTION('ref_axis',(0.117846735132214,-2.04918735413809E-16,0.99303179557287));
#7705=DIRECTION('center_axis',(1.84238387837831E-103,1.,2.47289404859321E-30));
#7706=DIRECTION('ref_axis',(0.117846735132214,-2.45566241733598E-30,0.99303179557287));
#7707=DIRECTION('',(0.,-1.,0.));
#7708=DIRECTION('center_axis',(0.,-1.,0.));
#7709=DIRECTION('ref_axis',(0.117846735132214,0.,0.99303179557287));
#7710=DIRECTION('',(0.,1.,2.06356670881413E-16));
#7711=DIRECTION('center_axis',(0.,-1.,-2.06356670881412E-16));
#7712=DIRECTION('ref_axis',(9.51443809068936E-47,2.06356670881412E-16,-1.));
#7713=DIRECTION('center_axis',(-1.55575381946529E-61,1.,1.68672309660717E-75));
#7714=DIRECTION('ref_axis',(9.51443809068936E-47,1.68672309660717E-75,-1.));
#7715=DIRECTION('',(0.,1.,0.));
#7716=DIRECTION('center_axis',(1.2526918246622E-32,1.,4.12713341762822E-16));
#7717=DIRECTION('ref_axis',(9.77293940526701E-47,4.12713341762822E-16,-1.));
#7718=DIRECTION('center_axis',(-0.707106781186547,0.707106781186548,-2.38538667918981E-75));
#7719=DIRECTION('ref_axis',(-0.707106781186548,-0.707106781186547,2.38538667918981E-75));
#7720=DIRECTION('',(-0.707106781186548,-0.707106781186547,-1.45916201323327E-16));
#7721=DIRECTION('',(-1.68672309660718E-75,1.68672309660717E-75,1.));
#7722=DIRECTION('',(0.707106781186548,0.707106781186547,2.38538667918981E-75));
#7723=DIRECTION('center_axis',(0.,3.37344619321435E-75,-1.));
#7724=DIRECTION('ref_axis',(-1.,0.,0.));
#7725=DIRECTION('',(0.818400532906594,-0.574648212159582,-1.93854482374717E-75));
#7726=DIRECTION('center_axis',(0.,3.37344619321435E-75,-1.));
#7727=DIRECTION('ref_axis',(0.,1.,3.37344619321435E-75));
#7728=DIRECTION('',(0.,1.,3.37344619321435E-75));
#7729=DIRECTION('',(1.,0.,0.));
#7730=DIRECTION('',(-0.707106781186555,0.70710678118654,2.38538667918978E-75));
#7731=DIRECTION('center_axis',(-0.70710678118654,-0.707106781186555,0.));
#7732=DIRECTION('ref_axis',(0.,0.,-1.));
#7733=DIRECTION('',(0.,0.,1.));
#7734=DIRECTION('center_axis',(0.,0.,-1.));
#7735=DIRECTION('ref_axis',(1.,0.,0.));
#7736=DIRECTION('',(0.,-1.,0.));
#7737=DIRECTION('',(0.,-1.,0.));
#7738=DIRECTION('',(-1.,0.,0.));
#7739=DIRECTION('center_axis',(-0.707106781186546,0.,0.707106781186549));
#7740=DIRECTION('ref_axis',(0.707106781186549,0.,0.707106781186546));
#7741=DIRECTION('',(0.,-1.,0.));
#7742=DIRECTION('',(-0.707106781186549,0.,-0.707106781186546));
#7743=DIRECTION('center_axis',(-1.,0.,0.));
#7744=DIRECTION('ref_axis',(0.,1.47655281909559E-32,-1.));
#7745=DIRECTION('',(0.,-0.857492925712544,-0.514495755427527));
#7746=DIRECTION('',(0.,0.,1.));
#7747=DIRECTION('',(0.,1.,0.));
#7748=DIRECTION('',(0.,0.,1.));
#7749=DIRECTION('center_axis',(0.,0.514495755427527,-0.857492925712544));
#7750=DIRECTION('ref_axis',(1.,0.,0.));
#7751=DIRECTION('',(-1.,0.,0.));
#7752=DIRECTION('',(-1.,-3.15544362088405E-30,0.));
#7753=DIRECTION('',(0.,0.857492925712544,0.514495755427527));
#7754=DIRECTION('center_axis',(1.,0.,0.));
#7755=DIRECTION('ref_axis',(0.,0.,1.));
#7756=DIRECTION('',(0.,0.,-1.));
#7757=DIRECTION('',(0.,0.,-1.));
#7758=DIRECTION('',(0.,-1.,0.));
#7759=DIRECTION('center_axis',(0.,0.,-1.));
#7760=DIRECTION('ref_axis',(0.,-1.,0.));
#7761=DIRECTION('',(-1.,0.,0.));
#7762=DIRECTION('',(1.,0.,0.));
#7763=DIRECTION('',(0.,1.,0.));
#7764=DIRECTION('center_axis',(-1.,0.,0.));
#7765=DIRECTION('ref_axis',(0.,0.,-1.));
#7766=DIRECTION('',(0.,0.,1.));
#7767=DIRECTION('',(0.,0.,1.));
#7768=DIRECTION('',(0.,-1.,0.));
#7769=DIRECTION('center_axis',(0.,0.,-1.));
#7770=DIRECTION('ref_axis',(0.,-1.,0.));
#7771=DIRECTION('',(1.,0.,0.));
#7772=DIRECTION('',(-1.,0.,0.));
#7773=DIRECTION('center_axis',(-1.,0.,0.));
#7774=DIRECTION('ref_axis',(0.,-1.,0.));
#7775=DIRECTION('',(-1.,0.,0.));
#7776=DIRECTION('center_axis',(1.,0.,0.));
#7777=DIRECTION('ref_axis',(0.,-1.,0.));
#7778=DIRECTION('center_axis',(1.,0.,0.));
#7779=DIRECTION('ref_axis',(0.,1.,0.));
#7780=DIRECTION('center_axis',(-1.,0.,0.));
#7781=DIRECTION('ref_axis',(0.,1.,0.));
#7782=DIRECTION('',(1.,0.,0.));
#7783=DIRECTION('center_axis',(0.,1.,0.));
#7784=DIRECTION('ref_axis',(-1.,0.,0.));
#7785=DIRECTION('',(0.,0.,1.));
#7786=DIRECTION('',(1.,0.,0.));
#7787=DIRECTION('center_axis',(0.,0.,-1.));
#7788=DIRECTION('ref_axis',(1.,0.,0.));
#7789=DIRECTION('',(0.818400532906594,-0.574648212159582,0.));
#7790=DIRECTION('',(4.11478371105728E-16,1.,-1.95531549178441E-25));
#7791=DIRECTION('center_axis',(0.574648212159582,0.818400532906594,0.));
#7792=DIRECTION('ref_axis',(-0.818400532906594,0.574648212159582,5.98342663592455E-25));
#7793=DIRECTION('',(0.,0.,1.));
#7794=DIRECTION('',(-0.818400532906594,0.574648212159582,1.18582491989206E-16));
#7795=DIRECTION('center_axis',(0.574648212159582,-0.818400532906594,0.));
#7796=DIRECTION('ref_axis',(0.818400532906594,0.574648212159582,-5.98342663592455E-25));
#7797=DIRECTION('',(-0.818400532906594,-0.574648212159582,1.93854482374717E-75));
#7798=DIRECTION('',(0.818400532906594,0.574648212159582,1.18582491989206E-16));
#7799=DIRECTION('',(0.,0.,-1.));
#7800=DIRECTION('',(-0.818400532906594,-0.574648212159582,0.));
#7801=DIRECTION('center_axis',(0.,0.,1.));
#7802=DIRECTION('ref_axis',(1.,0.,0.));
#7803=DIRECTION('',(4.11478371105728E-16,-1.,-1.95531549178441E-25));
#7804=DIRECTION('',(1.,0.,0.));
#7805=DIRECTION('center_axis',(0.,1.,0.));
#7806=DIRECTION('ref_axis',(-1.,0.,0.));
#7807=DIRECTION('',(0.,0.,1.));
#7808=DIRECTION('center_axis',(0.,0.,-1.));
#7809=DIRECTION('ref_axis',(1.,0.,0.));
#7810=DIRECTION('',(-1.,0.,0.));
#7811=DIRECTION('',(1.,0.,0.));
#7812=DIRECTION('',(4.11478371105728E-16,1.,-1.95531549178441E-25));
#7813=DIRECTION('center_axis',(0.70710678118654,-0.707106781186555,0.));
#7814=DIRECTION('ref_axis',(0.,0.,-1.));
#7815=DIRECTION('',(0.,0.,1.));
#7816=DIRECTION('',(-0.707106781186555,-0.70710678118654,2.38538667918978E-75));
#7817=DIRECTION('center_axis',(0.,0.,1.));
#7818=DIRECTION('ref_axis',(0.,1.,0.));
#7819=DIRECTION('',(-1.,0.,0.));
#7820=DIRECTION('',(0.,-1.,0.));
#7821=DIRECTION('',(1.,0.,0.));
#7822=DIRECTION('',(0.,1.,0.));
#7823=DIRECTION('center_axis',(1.,0.,0.));
#7824=DIRECTION('ref_axis',(0.,-1.47655281909559E-32,-1.));
#7825=DIRECTION('',(0.,0.,1.));
#7826=DIRECTION('',(0.,0.857492925712544,-0.514495755427527));
#7827=DIRECTION('',(0.,0.,1.));
#7828=DIRECTION('center_axis',(0.,0.514495755427527,0.857492925712544));
#7829=DIRECTION('ref_axis',(1.,0.,0.));
#7830=DIRECTION('',(-1.,0.,0.));
#7831=DIRECTION('',(0.,-0.857492925712544,0.514495755427527));
#7832=DIRECTION('',(-1.,3.15544362088405E-30,0.));
#7833=DIRECTION('center_axis',(-1.,0.,0.));
#7834=DIRECTION('ref_axis',(0.,0.,1.));
#7835=DIRECTION('',(0.,0.,-1.));
#7836=DIRECTION('',(0.,1.,0.));
#7837=DIRECTION('',(0.,0.,-1.));
#7838=DIRECTION('center_axis',(0.,0.,1.));
#7839=DIRECTION('ref_axis',(0.,1.,0.));
#7840=DIRECTION('',(-1.,0.,0.));
#7841=DIRECTION('',(0.,-1.,0.));
#7842=DIRECTION('',(1.,0.,0.));
#7843=DIRECTION('center_axis',(1.,0.,0.));
#7844=DIRECTION('ref_axis',(0.,0.,-1.));
#7845=DIRECTION('',(0.,0.,1.));
#7846=DIRECTION('',(0.,1.,0.));
#7847=DIRECTION('',(0.,0.,1.));
#7848=DIRECTION('center_axis',(0.,0.,1.));
#7849=DIRECTION('ref_axis',(1.,0.,0.));
#7850=DIRECTION('',(-1.,0.,0.));
#7851=DIRECTION('',(4.11478371105728E-16,-1.,-1.95531549178441E-25));
#7852=DIRECTION('',(1.,0.,0.));
#7853=DIRECTION('center_axis',(0.707106781186547,0.707106781186548,2.38538667918981E-75));
#7854=DIRECTION('ref_axis',(-0.707106781186548,0.707106781186547,2.38538667918981E-75));
#7855=DIRECTION('',(0.707106781186548,-0.707106781186547,2.38538667918981E-75));
#7856=DIRECTION('',(-1.68672309660718E-75,-1.68672309660717E-75,1.));
#7857=DIRECTION('',(-0.707106781186548,0.707106781186547,-1.45916201323327E-16));
#7858=DIRECTION('center_axis',(0.,3.37344619321435E-75,1.));
#7859=DIRECTION('ref_axis',(-1.,0.,0.));
#7860=DIRECTION('',(1.,0.,0.));
#7861=DIRECTION('',(0.,-1.,3.37344619321435E-75));
#7862=DIRECTION('center_axis',(0.,3.37344619321435E-75,1.));
#7863=DIRECTION('ref_axis',(0.,-1.,3.37344619321435E-75));
#7864=DIRECTION('center_axis',(0.,-1.,-2.06356670881412E-16));
#7865=DIRECTION('ref_axis',(9.51443809068936E-47,2.06356670881412E-16,-1.));
#7866=DIRECTION('center_axis',(2.18952885050753E-47,1.,-3.50324616081204E-46));
#7867=DIRECTION('ref_axis',(9.51443809068936E-47,-3.50324616081204E-46,
-1.));
#7868=DIRECTION('',(0.,1.,2.06356670881412E-16));
#7869=DIRECTION('center_axis',(1.87970762572214E-31,-1.,-2.67010927489846E-30));
#7870=DIRECTION('ref_axis',(1.33933401694336E-46,2.67010927489846E-30,-1.));
#7871=DIRECTION('center_axis',(-1.4832579608992E-14,0.,1.));
#7872=DIRECTION('ref_axis',(1.,0.,1.4832579608992E-14));
#7873=DIRECTION('',(1.,-2.91474185946154E-44,1.4832579608992E-14));
#7874=DIRECTION('',(0.,1.,0.));
#7875=DIRECTION('',(-1.,4.36079629356264E-48,-1.4832579608992E-14));
#7876=DIRECTION('',(0.,1.,0.));
#7877=DIRECTION('center_axis',(0.,1.,0.));
#7878=DIRECTION('ref_axis',(-1.52259157662879E-14,0.,1.));
#7879=DIRECTION('center_axis',(7.53197924574589E-45,-1.,-2.47289404859321E-30));
#7880=DIRECTION('ref_axis',(-1.52259157662879E-14,-2.47289404859321E-30,
1.));
#7881=DIRECTION('',(0.,1.,0.));
#7882=DIRECTION('center_axis',(4.36079629356265E-48,1.,-5.75382844289524E-49));
#7883=DIRECTION('ref_axis',(-1.52259157662879E-14,5.7538284428959E-49,1.));
#7884=DIRECTION('center_axis',(0.,0.,1.));
#7885=DIRECTION('ref_axis',(1.,0.,0.));
#7886=DIRECTION('',(0.,1.,2.06356670881413E-16));
#7887=DIRECTION('',(1.,1.81921435595779E-108,6.12323399573678E-17));
#7888=DIRECTION('',(0.,1.,0.));
#7889=DIRECTION('',(-1.,-1.81921435595779E-108,-6.12323399573678E-17));
#7890=DIRECTION('',(0.,1.,0.));
#7891=DIRECTION('',(1.,1.55575381946529E-61,0.));
#7892=DIRECTION('',(0.,1.,0.));
#7893=DIRECTION('',(-1.,0.,-1.71963892401177E-16));
#7894=DIRECTION('',(1.2526918246622E-32,1.,4.12713341762818E-16));
#7895=DIRECTION('',(1.,-1.2526918246622E-32,-2.58501314577652E-48));
#7896=DIRECTION('',(1.2526918246622E-32,1.,4.12713341762822E-16));
#7897=DIRECTION('',(-1.,1.2526918246622E-32,2.58501314577652E-48));
#7898=DIRECTION('',(0.707106781186548,0.707106781186547,2.91832402646653E-16));
#7899=DIRECTION('',(0.707106781186548,-0.707106781186547,0.));
#7900=DIRECTION('',(-1.,2.18952885050753E-47,0.));
#7901=DIRECTION('',(0.,-1.,0.));
#7902=DIRECTION('',(1.,-2.18952885050753E-47,0.));
#7903=DIRECTION('',(0.,-1.,-4.38256058456117E-30));
#7904=DIRECTION('',(-1.,-1.87970762572214E-31,0.));
#7905=DIRECTION('',(0.,-1.,0.));
#7906=DIRECTION('',(1.,1.87970762572214E-31,0.));
#7907=DIRECTION('',(0.,-1.,0.));
#7908=DIRECTION('',(-1.,5.85526532408517E-47,2.24208736770652E-13));
#7909=DIRECTION('',(0.,-1.,0.));
#7910=DIRECTION('',(-1.,5.85526532408517E-47,2.24208736770652E-13));
#7911=DIRECTION('',(1.,7.53197924574589E-45,0.));
#7912=DIRECTION('center_axis',(-8.88178419700125E-15,0.,-1.));
#7913=DIRECTION('ref_axis',(-1.,0.,8.88178419700125E-15));
#7914=DIRECTION('',(1.,2.94956905273995E-44,-8.88178419700125E-15));
#7915=DIRECTION('',(1.84238387837831E-103,1.,2.47289404859321E-30));
#7916=DIRECTION('',(-1.,-2.19637112816536E-44,8.88178419700125E-15));
#7917=DIRECTION('',(0.,-1.,-2.06356670881413E-16));
#7918=DIRECTION('center_axis',(9.51443809068936E-47,2.06356670881412E-16,
-1.));
#7919=DIRECTION('ref_axis',(-1.,0.,-9.51443809068936E-47));
#7920=DIRECTION('center_axis',(0.,0.,-1.));
#7921=DIRECTION('ref_axis',(-1.,0.,0.));
#7922=DIRECTION('',(0.766044443118978,3.88301236917074E-17,-0.642787609686539));
#7923=DIRECTION('center_axis',(9.51443809068936E-47,2.06356670881412E-16,
-1.));
#7924=DIRECTION('ref_axis',(-1.,0.,-9.51443809068936E-47));
#7925=DIRECTION('center_axis',(0.,0.,-1.));
#7926=DIRECTION('ref_axis',(-1.,0.,0.));
#7927=DIRECTION('',(0.766044443118978,3.88301236917074E-17,-0.642787609686539));
#7928=DIRECTION('center_axis',(-3.68935645762482E-14,0.,1.));
#7929=DIRECTION('ref_axis',(0.707106781186535,0.70710678118656,2.60876896940084E-14));
#7930=DIRECTION('center_axis',(0.,0.,1.));
#7931=DIRECTION('ref_axis',(0.707106781186535,0.70710678118656,0.));
#7932=DIRECTION('',(3.68935645762482E-14,0.,-1.));
#7933=DIRECTION('center_axis',(0.,0.,1.));
#7934=DIRECTION('ref_axis',(0.707106781186535,0.70710678118656,0.));
#7935=DIRECTION('center_axis',(0.,0.,-1.));
#7936=DIRECTION('ref_axis',(0.707106781186548,0.707106781186548,0.));
#7937=DIRECTION('center_axis',(0.,0.,1.));
#7938=DIRECTION('ref_axis',(0.707106781186548,0.707106781186548,0.));
#7939=DIRECTION('center_axis',(0.,0.,-1.));
#7940=DIRECTION('ref_axis',(0.707106781186548,0.707106781186548,0.));
#7941=DIRECTION('',(0.,0.,-1.));
#7942=DIRECTION('center_axis',(0.,0.,1.));
#7943=DIRECTION('ref_axis',(1.,0.,0.));
#7944=DIRECTION('',(0.,-1.,0.));
#7945=DIRECTION('center_axis',(0.,0.,-1.));
#7946=DIRECTION('ref_axis',(0.707106781186548,0.707106781186548,0.));
#7947=DIRECTION('',(1.,0.,0.));
#7948=DIRECTION('center_axis',(0.,0.,-1.));
#7949=DIRECTION('ref_axis',(-0.707106781186548,-0.707106781186548,0.));
#7950=DIRECTION('center_axis',(0.,0.,1.));
#7951=DIRECTION('ref_axis',(-0.707106781186548,-0.707106781186548,0.));
#7952=DIRECTION('',(0.,0.,-1.));
#7953=DIRECTION('center_axis',(0.,0.,-1.));
#7954=DIRECTION('ref_axis',(-0.707106781186548,-0.707106781186548,0.));
#7955=DIRECTION('center_axis',(0.,0.,1.));
#7956=DIRECTION('ref_axis',(1.,0.,0.));
#7957=DIRECTION('',(-1.,0.,0.));
#7958=DIRECTION('center_axis',(0.,0.,-1.));
#7959=DIRECTION('ref_axis',(-0.707106781186548,-0.707106781186548,0.));
#7960=DIRECTION('',(0.,1.,0.));
#7961=DIRECTION('center_axis',(0.,0.,1.));
#7962=DIRECTION('ref_axis',(-0.707106781186548,-0.707106781186548,0.));
#7963=DIRECTION('center_axis',(0.,0.,1.));
#7964=DIRECTION('ref_axis',(-0.707106781186548,-0.707106781186548,0.));
#7965=DIRECTION('',(0.,0.,-1.));
#7966=DIRECTION('center_axis',(0.,0.,-1.));
#7967=DIRECTION('ref_axis',(-1.,0.,0.));
#7968=DIRECTION('center_axis',(0.,0.,-1.));
#7969=DIRECTION('ref_axis',(-1.,0.,0.));
#7970=DIRECTION('center_axis',(0.,0.,-1.));
#7971=DIRECTION('ref_axis',(-1.,0.,0.));
#7972=DIRECTION('',(-0.349180183313289,4.27622393820305E-17,0.937055601115162));
#7973=DIRECTION('center_axis',(0.,0.,1.));
#7974=DIRECTION('ref_axis',(0.,1.,0.));
#7975=DIRECTION('',(-1.,0.,0.));
#7976=DIRECTION('center_axis',(0.,0.,1.));
#7977=DIRECTION('ref_axis',(-0.707106781186547,0.707106781186548,0.));
#7978=DIRECTION('',(0.,-1.,0.));
#7979=DIRECTION('',(1.,0.,0.));
#7980=DIRECTION('',(1.,0.,0.));
#7981=DIRECTION('',(0.,-1.,0.));
#7982=DIRECTION('center_axis',(0.,0.,1.));
#7983=DIRECTION('ref_axis',(0.,1.,0.));
#7984=DIRECTION('center_axis',(0.,0.,-1.));
#7985=DIRECTION('ref_axis',(-1.,0.,0.));
#7986=DIRECTION('',(0.,1.,0.));
#7987=DIRECTION('',(-1.,0.,0.));
#7988=DIRECTION('',(-0.707106781186548,-0.707106781186547,0.));
#7989=DIRECTION('',(1.,0.,0.));
#7990=DIRECTION('',(3.15544362088405E-30,1.,0.));
#7991=DIRECTION('',(-1.,3.15544362088405E-30,0.));
#7992=DIRECTION('',(-3.15544362088405E-30,1.,0.));
#7993=DIRECTION('',(-1.,-3.15544362088405E-30,0.));
#7994=DIRECTION('',(3.15544362088405E-30,-1.,0.));
#7995=DIRECTION('',(1.,0.,0.));
#7996=DIRECTION('',(-0.707106781186548,0.707106781186547,0.));
#7997=DIRECTION('',(-1.,0.,0.));
#7998=DIRECTION('center_axis',(9.51443809068936E-47,2.06356670881412E-16,
-1.));
#7999=DIRECTION('ref_axis',(-1.,0.,-9.51443809068936E-47));
#8000=DIRECTION('center_axis',(0.,0.,-1.));
#8001=DIRECTION('ref_axis',(-1.,0.,0.));
#8002=DIRECTION('',(0.766044443118978,3.88301236917074E-17,-0.642787609686539));
#8003=DIRECTION('center_axis',(0.,0.,-1.));
#8004=DIRECTION('ref_axis',(-1.,0.,0.));
#8005=DIRECTION('center_axis',(0.,0.,1.));
#8006=DIRECTION('ref_axis',(0.707106781186548,-0.707106781186548,0.));
#8007=DIRECTION('',(0.,1.,0.));
#8008=DIRECTION('center_axis',(0.,0.,1.));
#8009=DIRECTION('ref_axis',(0.707106781186551,0.707106781186544,0.));
#8010=DIRECTION('',(1.,0.,0.));
#8011=DIRECTION('',(0.,1.,0.));
#8012=DIRECTION('',(-1.,0.,0.));
#8013=DIRECTION('center_axis',(9.51443809068936E-47,2.06356670881412E-16,
-1.));
#8014=DIRECTION('ref_axis',(-1.,0.,-9.51443809068936E-47));
#8015=DIRECTION('center_axis',(0.,0.,-1.));
#8016=DIRECTION('ref_axis',(1.,0.,0.));
#8017=DIRECTION('center_axis',(0.,0.,-1.));
#8018=DIRECTION('ref_axis',(1.,0.,0.));
#8019=DIRECTION('',(0.766044443118978,3.88301236917074E-17,-0.642787609686539));
#8020=DIRECTION('center_axis',(9.51443809068936E-47,2.06356670881412E-16,
-1.));
#8021=DIRECTION('ref_axis',(-1.,0.,-9.51443809068936E-47));
#8022=DIRECTION('center_axis',(0.,0.,-1.));
#8023=DIRECTION('ref_axis',(-1.,0.,0.));
#8024=DIRECTION('',(0.766044443118978,3.88301236917074E-17,-0.642787609686539));
#8025=DIRECTION('center_axis',(9.51443809068936E-47,2.06356670881412E-16,
-1.));
#8026=DIRECTION('ref_axis',(-1.,0.,-9.51443809068936E-47));
#8027=DIRECTION('center_axis',(0.,0.,-1.));
#8028=DIRECTION('ref_axis',(-1.,0.,0.));
#8029=DIRECTION('',(0.766044443118978,3.88301236917074E-17,-0.642787609686539));
#8030=DIRECTION('center_axis',(0.,0.,-1.));
#8031=DIRECTION('ref_axis',(0.707106781186548,-0.707106781186548,0.));
#8032=DIRECTION('center_axis',(-9.51443809068936E-47,-2.06356670881412E-16,
1.));
#8033=DIRECTION('ref_axis',(0.707106781186548,-0.707106781186548,0.));
#8034=DIRECTION('center_axis',(0.,0.,1.));
#8035=DIRECTION('ref_axis',(0.707106781186548,0.707106781186548,0.));
#8036=DIRECTION('center_axis',(-9.51443809068936E-47,-2.06356670881412E-16,
1.));
#8037=DIRECTION('ref_axis',(0.707106781186548,0.707106781186548,0.));
#8038=DIRECTION('center_axis',(0.,0.,1.));
#8039=DIRECTION('ref_axis',(0.,-1.,0.));
#8040=DIRECTION('center_axis',(-9.51443809068936E-47,-2.06356670881412E-16,
1.));
#8041=DIRECTION('ref_axis',(0.,-1.,0.));
#8042=DIRECTION('center_axis',(9.51443809068936E-47,2.06356670881412E-16,
-1.));
#8043=DIRECTION('ref_axis',(1.,-6.26345912331102E-33,9.38518743340053E-47));
#8044=DIRECTION('center_axis',(-9.51443809068936E-47,2.06356670881412E-16,
1.));
#8045=DIRECTION('ref_axis',(0.923879532511288,0.382683432365087,-7.89692791043314E-17));
#8046=DIRECTION('',(0.707106781186548,-0.707106781186547,1.45916201323327E-16));
#8047=DIRECTION('center_axis',(-9.51443809068936E-47,2.06356670881412E-16,
1.));
#8048=DIRECTION('ref_axis',(1.96336776970195E-62,1.,-2.06356670881412E-16));
#8049=DIRECTION('',(4.11478371105728E-16,1.,-1.95531549178441E-25));
#8050=DIRECTION('center_axis',(9.51443809068936E-47,2.06356670881412E-16,
-1.));
#8051=DIRECTION('ref_axis',(1.96336776970195E-62,-1.,-2.06356670881412E-16));
#8052=DIRECTION('',(0.707106781186548,0.707106781186547,1.45916201323327E-16));
#8053=DIRECTION('center_axis',(9.51443809068936E-47,2.06356670881412E-16,
-1.));
#8054=DIRECTION('ref_axis',(0.923879532511288,-0.382683432365087,-7.89692791043314E-17));
#8055=DIRECTION('',(0.,-1.,-2.06356670881412E-16));
#8056=DIRECTION('center_axis',(-9.51443809068936E-47,-2.06356670881412E-16,
1.));
#8057=DIRECTION('ref_axis',(-0.707106781186549,0.707106781186546,1.45916201323327E-16));
#8058=DIRECTION('',(1.,4.80096443081149E-15,0.));
#8059=DIRECTION('center_axis',(-9.51443809068936E-47,-2.06356670881412E-16,
1.));
#8060=DIRECTION('ref_axis',(0.707106781186545,0.70710678118655,1.45916201323327E-16));
#8061=DIRECTION('',(4.736951571734E-15,-1.,-9.34198976216545E-46));
#8062=DIRECTION('center_axis',(9.51443809068936E-47,2.06356670881412E-16,
-1.));
#8063=DIRECTION('ref_axis',(-0.707106781186548,-0.707106781186548,-1.45916201323327E-16));
#8064=DIRECTION('',(-1.,-1.87970762572214E-31,-1.33933401694336E-46));
#8065=DIRECTION('',(1.,1.55575381946529E-61,9.51443809068936E-47));
#8066=DIRECTION('center_axis',(9.51443809068936E-47,2.06356670881412E-16,
-1.));
#8067=DIRECTION('ref_axis',(-0.70710678118655,0.707106781186545,1.45916201323326E-16));
#8068=DIRECTION('',(4.736951571734E-15,-1.,-9.34198976216545E-46));
#8069=DIRECTION('center_axis',(-9.51443809068936E-47,-2.06356670881412E-16,
1.));
#8070=DIRECTION('ref_axis',(0.707106781186548,-0.707106781186548,-1.45916201323327E-16));
#8071=DIRECTION('',(1.,0.,3.67765951608804E-30));
#8072=DIRECTION('center_axis',(-9.51443809068936E-47,-2.06356670881412E-16,
1.));
#8073=DIRECTION('ref_axis',(-0.707106781186548,-0.707106781186548,-1.45916201323327E-16));
#8074=DIRECTION('',(0.,-1.,-2.06356670881412E-16));
#8075=DIRECTION('center_axis',(-9.51443809068936E-47,-2.06356670881412E-16,
1.));
#8076=DIRECTION('ref_axis',(-0.707106781186549,-0.707106781186546,0.));
#8077=DIRECTION('center_axis',(9.51443809068936E-47,2.06356670881412E-16,
-1.));
#8078=DIRECTION('ref_axis',(0.707106781186554,0.707106781186541,1.45916201323326E-16));
#8079=DIRECTION('',(1.,-6.26345912331102E-33,9.38518743340053E-47));
#8080=DIRECTION('center_axis',(9.51443809068936E-47,2.06356670881412E-16,
-1.));
#8081=DIRECTION('ref_axis',(-0.707106781186548,0.707106781186548,1.45916201323327E-16));
#8082=DIRECTION('center_axis',(9.51443809068936E-47,2.06356670881412E-16,
-1.));
#8083=DIRECTION('ref_axis',(-0.707106781186547,-0.707106781186548,-1.45916201323327E-16));
#8084=DIRECTION('',(-1.,0.,-9.51443809068936E-47));
#8085=DIRECTION('center_axis',(0.,0.,1.));
#8086=DIRECTION('ref_axis',(-0.707106781186549,-0.707106781186546,0.));
#8087=DIRECTION('center_axis',(0.,0.,-1.));
#8088=DIRECTION('ref_axis',(-1.,0.,0.));
#8089=DIRECTION('',(0.,0.,-1.));
#8090=DIRECTION('center_axis',(1.84238387837831E-103,1.,2.47289404859321E-30));
#8091=DIRECTION('ref_axis',(-1.,1.84238387837831E-103,-7.85454954447636E-90));
#8092=DIRECTION('center_axis',(1.84238387837831E-103,1.,2.47289404859321E-30));
#8093=DIRECTION('ref_axis',(-1.,1.84238387837831E-103,-7.85454954447636E-90));
#8094=DIRECTION('center_axis',(-1.84238387837831E-103,-1.,-2.47289404859321E-30));
#8095=DIRECTION('ref_axis',(-1.,1.84238387837831E-103,-7.85454954447636E-90));
#8096=DIRECTION('',(1.84238387837831E-103,1.,2.47289404859321E-30));
#8097=DIRECTION('center_axis',(1.84238387837831E-103,1.,2.47289404859321E-30));
#8098=DIRECTION('ref_axis',(-1.,1.84238387837831E-103,-7.85454954447636E-90));
#8099=DIRECTION('center_axis',(1.84238387837831E-103,1.,2.47289404859321E-30));
#8100=DIRECTION('ref_axis',(1.,-1.84238387837831E-103,-4.5560201280658E-133));
#8101=DIRECTION('center_axis',(1.84238387837831E-103,1.,2.47289404859321E-30));
#8102=DIRECTION('ref_axis',(1.,-2.35281973301743E-76,9.51443809068936E-47));
#8103=DIRECTION('',(1.,2.67049153042851E-44,-1.07972901318522E-14));
#8104=DIRECTION('center_axis',(0.,-1.,0.));
#8105=DIRECTION('ref_axis',(1.,0.,0.));
#8106=DIRECTION('center_axis',(0.,-1.,0.));
#8107=DIRECTION('ref_axis',(1.,0.,0.));
#8108=DIRECTION('',(0.,1.,0.));
#8109=DIRECTION('center_axis',(0.,-1.,0.));
#8110=DIRECTION('ref_axis',(1.,0.,0.));
#8111=DIRECTION('',(-1.,0.,0.));
#8112=DIRECTION('center_axis',(0.,-1.,0.));
#8113=DIRECTION('ref_axis',(1.,0.,0.));
#8114=DIRECTION('center_axis',(0.,1.,0.));
#8115=DIRECTION('ref_axis',(1.,0.,0.));
#8116=DIRECTION('',(0.459422918873766,0.888217643155949,0.));
#8117=DIRECTION('center_axis',(0.,1.,0.));
#8118=DIRECTION('ref_axis',(1.,0.,0.));
#8119=DIRECTION('',(0.459422918873766,-0.888217643155949,0.));
#8120=DIRECTION('center_axis',(0.,-1.,0.));
#8121=DIRECTION('ref_axis',(1.,0.,0.));
#8122=DIRECTION('',(-1.,0.,0.));
#8123=DIRECTION('center_axis',(0.,1.,0.));
#8124=DIRECTION('ref_axis',(1.,0.,9.51443809068936E-47));
#8125=DIRECTION('',(-1.,0.,0.));
#8126=DIRECTION('center_axis',(0.,1.,2.06356670881413E-16));
#8127=DIRECTION('ref_axis',(1.,-1.96336776970196E-62,9.51443809068936E-47));
#8128=DIRECTION('center_axis',(7.53197924574589E-45,-1.,-2.47289404859321E-30));
#8129=DIRECTION('ref_axis',(1.,7.53197924574589E-45,9.51443809068936E-47));
#8130=DIRECTION('',(0.,1.,2.47289404859319E-30));
#8131=DIRECTION('center_axis',(-1.49805781710154E-107,-1.,-6.39767717200022E-120));
#8132=DIRECTION('ref_axis',(1.,-1.49805781710154E-107,9.51443809068936E-47));
#8133=DIRECTION('center_axis',(1.49805781710154E-107,1.,6.39767717200022E-120));
#8134=DIRECTION('ref_axis',(-1.,1.49805781710154E-107,0.));
#8135=DIRECTION('',(1.,-1.02866607751653E-105,-5.70407969496031E-13));
#8136=DIRECTION('center_axis',(0.,-1.,0.));
#8137=DIRECTION('ref_axis',(-1.,0.,0.));
#8138=DIRECTION('center_axis',(0.,1.,0.));
#8139=DIRECTION('ref_axis',(-1.,0.,0.));
#8140=DIRECTION('center_axis',(0.,1.,0.));
#8141=DIRECTION('ref_axis',(-1.,0.,0.));
#8142=DIRECTION('',(0.,1.,0.));
#8143=DIRECTION('center_axis',(1.49805781710154E-107,1.,6.39767717200022E-120));
#8144=DIRECTION('ref_axis',(-1.,1.49805781710154E-107,0.));
#8145=DIRECTION('center_axis',(0.,-1.,0.));
#8146=DIRECTION('ref_axis',(-1.,0.,0.));
#8147=DIRECTION('',(1.,-1.02866607751653E-105,-5.70407969496031E-13));
#8148=DIRECTION('center_axis',(0.,1.,0.));
#8149=DIRECTION('ref_axis',(-1.,0.,0.));
#8150=DIRECTION('center_axis',(-1.55575381946529E-61,1.,1.68672309660717E-75));
#8151=DIRECTION('ref_axis',(-1.,-1.55575381946529E-61,-2.62412589992693E-136));
#8152=DIRECTION('',(0.,1.,0.));
#8153=DIRECTION('center_axis',(-1.55575381946529E-61,1.,1.68672309660717E-75));
#8154=DIRECTION('ref_axis',(-1.,-1.55575381946529E-61,0.));
#8155=DIRECTION('center_axis',(1.55575381946529E-61,-1.,-1.68672309660717E-75));
#8156=DIRECTION('ref_axis',(-1.,-1.55575381946529E-61,-2.62412589992693E-136));
#8157=DIRECTION('',(1.,1.55575381946529E-61,0.));
#8158=DIRECTION('center_axis',(0.,1.,0.));
#8159=DIRECTION('ref_axis',(-1.,0.,0.));
#8160=DIRECTION('center_axis',(0.,1.,0.));
#8161=DIRECTION('ref_axis',(-1.,0.,0.));
#8162=DIRECTION('',(0.,1.,0.));
#8163=DIRECTION('center_axis',(-5.20002788997331E-46,1.,-4.9303806576313E-32));
#8164=DIRECTION('ref_axis',(-1.,-5.20002788997331E-46,0.));
#8165=DIRECTION('center_axis',(-2.00497680818836E-31,-1.,-4.1271334176282E-16));
#8166=DIRECTION('ref_axis',(1.,-2.00497680818836E-31,-8.01630547206609E-47));
#8167=DIRECTION('',(-1.,0.,-1.71963892401177E-16));
#8168=DIRECTION('center_axis',(1.2526918246622E-32,1.,4.12713341762818E-16));
#8169=DIRECTION('ref_axis',(1.,-1.2526918246622E-32,-2.58501314577685E-48));
#8170=DIRECTION('',(-1.2526918246622E-32,-1.,-4.12713341762818E-16));
#8171=DIRECTION('center_axis',(-2.00497680818836E-31,-1.,-4.1271334176282E-16));
#8172=DIRECTION('ref_axis',(1.,-2.00497680818836E-31,-8.01630547206607E-47));
#8173=DIRECTION('center_axis',(1.2526918246622E-32,1.,4.12713341762822E-16));
#8174=DIRECTION('ref_axis',(-1.,1.2526918246622E-32,2.58501314577652E-48));
#8175=DIRECTION('center_axis',(-1.2526918246622E-32,-1.,-4.12713341762822E-16));
#8176=DIRECTION('ref_axis',(-1.,1.2526918246622E-32,2.58501314577653E-48));
#8177=DIRECTION('',(1.,-1.2526918246622E-32,-2.58501314577652E-48));
#8178=DIRECTION('center_axis',(1.2526918246622E-32,1.,4.12713341762822E-16));
#8179=DIRECTION('ref_axis',(-1.,1.2526918246622E-32,2.58501314577653E-48));
#8180=DIRECTION('center_axis',(1.2526918246622E-32,1.,4.12713341762822E-16));
#8181=DIRECTION('ref_axis',(-1.,1.2526918246622E-32,2.58501314577653E-48));
#8182=DIRECTION('',(-1.2526918246622E-32,-1.,-4.12713341762822E-16));
#8183=DIRECTION('center_axis',(1.2526918246622E-32,1.,4.12713341762822E-16));
#8184=DIRECTION('ref_axis',(-1.,1.2526918246622E-32,2.58501314577652E-48));
#8185=DIRECTION('center_axis',(-1.2526918246622E-32,-1.,-4.12713341762822E-16));
#8186=DIRECTION('ref_axis',(9.77293940526701E-47,4.12713341762822E-16,-1.));
#8187=DIRECTION('',(-1.,1.2526918246622E-32,2.58501314577652E-48));
#8188=DIRECTION('center_axis',(1.2526918246622E-32,1.,4.12713341762822E-16));
#8189=DIRECTION('ref_axis',(9.77293940526701E-47,4.12713341762822E-16,-1.));
#8190=DIRECTION('',(0.707106781186547,-0.707106781186548,-2.91832402646653E-16));
#8191=DIRECTION('center_axis',(-1.55575381946529E-61,1.,1.68672309660717E-75));
#8192=DIRECTION('ref_axis',(9.62932756383498E-47,1.68672309660717E-75,-1.));
#8193=DIRECTION('center_axis',(-1.55575381946529E-61,1.,1.68672309660717E-75));
#8194=DIRECTION('ref_axis',(-1.,-1.55575381946529E-61,0.));
#8195=DIRECTION('',(-1.,-1.55575381946529E-61,0.));
#8196=DIRECTION('',(7.9899256235534E-90,-1.68672309660717E-75,1.));
#8197=DIRECTION('center_axis',(-7.9899256235534E-90,1.68672309660717E-75,
-1.));
#8198=DIRECTION('ref_axis',(-0.70710678118655,0.707106781186545,1.1926933395949E-75));
#8199=DIRECTION('center_axis',(0.,0.,1.));
#8200=DIRECTION('ref_axis',(-0.70710678118655,0.707106781186545,0.));
#8201=DIRECTION('',(7.9899256235534E-90,-1.68672309660717E-75,1.));
#8202=DIRECTION('center_axis',(1.,4.736951571734E-15,0.));
#8203=DIRECTION('ref_axis',(-4.736951571734E-15,1.,9.34198976216545E-46));
#8204=DIRECTION('',(4.736951571734E-15,-1.,0.));
#8205=DIRECTION('',(0.,0.,1.));
#8206=DIRECTION('center_axis',(0.,0.,1.));
#8207=DIRECTION('ref_axis',(0.707106781186548,-0.707106781186548,0.));
#8208=DIRECTION('center_axis',(0.,0.,-1.));
#8209=DIRECTION('ref_axis',(0.707106781186548,-0.707106781186548,0.));
#8210=DIRECTION('',(0.,0.,-1.));
#8211=DIRECTION('center_axis',(0.,-1.,0.));
#8212=DIRECTION('ref_axis',(1.,0.,3.67765951608804E-30));
#8213=DIRECTION('',(1.,0.,0.));
#8214=DIRECTION('',(0.,0.,1.));
#8215=DIRECTION('center_axis',(0.,0.,1.));
#8216=DIRECTION('ref_axis',(-0.707106781186548,-0.707106781186548,0.));
#8217=DIRECTION('center_axis',(0.,0.,1.));
#8218=DIRECTION('ref_axis',(-0.707106781186548,-0.707106781186548,0.));
#8219=DIRECTION('',(0.,0.,-1.));
#8220=DIRECTION('center_axis',(-1.,0.,0.));
#8221=DIRECTION('ref_axis',(0.,-1.,0.));
#8222=DIRECTION('',(0.,-1.,0.));
#8223=DIRECTION('',(0.,0.,-1.));
#8224=DIRECTION('center_axis',(0.,0.,1.));
#8225=DIRECTION('ref_axis',(0.923879532511288,0.382683432365087,0.));
#8226=DIRECTION('center_axis',(0.,0.,-1.));
#8227=DIRECTION('ref_axis',(0.923879532511288,0.382683432365087,0.));
#8228=DIRECTION('',(0.,0.,1.));
#8229=DIRECTION('center_axis',(-0.707106781186547,-0.707106781186549,0.));
#8230=DIRECTION('ref_axis',(0.707106781186549,-0.707106781186547,5.25174785893029E-31));
#8231=DIRECTION('',(1.68672309660718E-75,-1.68672309660717E-75,-1.));
#8232=DIRECTION('',(-0.707106781186548,0.707106781186547,0.));
#8233=DIRECTION('center_axis',(1.68672309660718E-75,-1.68672309660717E-75,
-1.));
#8234=DIRECTION('ref_axis',(2.8450348046281E-150,1.,-1.68672309660717E-75));
#8235=DIRECTION('center_axis',(0.,0.,-1.));
#8236=DIRECTION('ref_axis',(0.,1.,0.));
#8237=DIRECTION('',(-1.68672309660718E-75,1.68672309660717E-75,1.));
#8238=DIRECTION('center_axis',(-1.,0.,0.));
#8239=DIRECTION('ref_axis',(0.,1.,0.));
#8240=DIRECTION('',(0.,0.,1.));
#8241=DIRECTION('',(0.,1.,0.));
#8242=DIRECTION('center_axis',(0.,1.,0.));
#8243=DIRECTION('ref_axis',(0.,0.,1.));
#8244=DIRECTION('',(0.,0.,-1.));
#8245=DIRECTION('',(-1.,0.,0.));
#8246=DIRECTION('',(0.,0.,-1.));
#8247=DIRECTION('center_axis',(1.,0.,0.));
#8248=DIRECTION('ref_axis',(0.,0.,1.));
#8249=DIRECTION('',(0.,-1.,0.));
#8250=DIRECTION('center_axis',(-3.15544362088405E-30,1.,0.));
#8251=DIRECTION('ref_axis',(-1.,-3.15544362088405E-30,-4.70851352803846E-30));
#8252=DIRECTION('',(1.,3.15544362088405E-30,0.));
#8253=DIRECTION('',(0.,0.,1.));
#8254=DIRECTION('center_axis',(-1.,0.,0.));
#8255=DIRECTION('ref_axis',(0.,0.,1.));
#8256=DIRECTION('',(0.,0.,1.));
#8257=DIRECTION('',(0.,0.,-1.));
#8258=DIRECTION('center_axis',(3.15544362088405E-30,1.,0.));
#8259=DIRECTION('ref_axis',(-1.,3.15544362088405E-30,-4.70851352803846E-30));
#8260=DIRECTION('',(-1.,3.15544362088405E-30,0.));
#8261=DIRECTION('',(0.,0.,1.));
#8262=DIRECTION('center_axis',(-1.,0.,0.));
#8263=DIRECTION('ref_axis',(0.,0.,1.));
#8264=DIRECTION('',(0.,0.,-1.));
#8265=DIRECTION('',(0.,1.,0.));
#8266=DIRECTION('center_axis',(0.,1.,0.));
#8267=DIRECTION('ref_axis',(0.,0.,1.));
#8268=DIRECTION('',(-1.,0.,0.));
#8269=DIRECTION('',(0.,0.,1.));
#8270=DIRECTION('center_axis',(1.,0.,0.));
#8271=DIRECTION('ref_axis',(0.,-1.,0.));
#8272=DIRECTION('',(0.,-1.,0.));
#8273=DIRECTION('',(-1.68672309660718E-75,-1.68672309660717E-75,1.));
#8274=DIRECTION('center_axis',(-1.68672309660718E-75,-1.68672309660717E-75,
1.));
#8275=DIRECTION('ref_axis',(2.8450348046281E-150,-1.,-1.68672309660717E-75));
#8276=DIRECTION('center_axis',(0.,0.,1.));
#8277=DIRECTION('ref_axis',(0.,-1.,0.));
#8278=DIRECTION('',(1.68672309660718E-75,1.68672309660717E-75,-1.));
#8279=DIRECTION('center_axis',(0.707106781186547,-0.707106781186549,0.));
#8280=DIRECTION('ref_axis',(0.707106781186549,0.707106781186547,5.25174785893029E-31));
#8281=DIRECTION('',(-0.707106781186548,-0.707106781186547,0.));
#8282=DIRECTION('',(0.,0.,1.));
#8283=DIRECTION('center_axis',(0.,0.,-1.));
#8284=DIRECTION('ref_axis',(0.923879532511288,-0.382683432365087,0.));
#8285=DIRECTION('center_axis',(0.,0.,1.));
#8286=DIRECTION('ref_axis',(0.923879532511288,-0.382683432365087,0.));
#8287=DIRECTION('',(0.,0.,1.));
#8288=DIRECTION('center_axis',(-1.,0.,0.));
#8289=DIRECTION('ref_axis',(0.,-1.,0.));
#8290=DIRECTION('',(0.,1.,0.));
#8291=DIRECTION('',(0.,0.,1.));
#8292=DIRECTION('center_axis',(0.,0.,1.));
#8293=DIRECTION('ref_axis',(-0.707106781186549,0.707106781186546,0.));
#8294=DIRECTION('center_axis',(0.,0.,-1.));
#8295=DIRECTION('ref_axis',(-0.707106781186549,0.707106781186546,0.));
#8296=DIRECTION('',(0.,0.,-1.));
#8297=DIRECTION('center_axis',(-4.80096443081149E-15,1.,0.));
#8298=DIRECTION('ref_axis',(-1.,-4.80096443081149E-15,0.));
#8299=DIRECTION('',(-1.,-4.80096443081149E-15,0.));
#8300=DIRECTION('',(0.,0.,1.));
#8301=DIRECTION('center_axis',(0.,0.,1.));
#8302=DIRECTION('ref_axis',(0.707106781186545,0.70710678118655,0.));
#8303=DIRECTION('center_axis',(0.,0.,-1.));
#8304=DIRECTION('ref_axis',(0.707106781186545,0.70710678118655,0.));
#8305=DIRECTION('',(0.,0.,-1.));
#8306=DIRECTION('center_axis',(1.,4.736951571734E-15,0.));
#8307=DIRECTION('ref_axis',(-4.736951571734E-15,1.,9.34198976216545E-46));
#8308=DIRECTION('',(-1.26481783264318E-44,2.67010927489846E-30,-1.));
#8309=DIRECTION('',(4.736951571734E-15,-1.,0.));
#8310=DIRECTION('center_axis',(1.26481783264318E-44,-2.67010927489846E-30,
1.));
#8311=DIRECTION('ref_axis',(-0.707106781186548,-0.707106781186548,-1.88805237478979E-30));
#8312=DIRECTION('center_axis',(0.,0.,1.));
#8313=DIRECTION('ref_axis',(-0.707106781186548,-0.707106781186548,0.));
#8314=DIRECTION('',(-1.26481783264318E-44,2.67010927489846E-30,-1.));
#8315=DIRECTION('center_axis',(1.87970762572214E-31,-1.,-2.67010927489846E-30));
#8316=DIRECTION('ref_axis',(1.,1.87970762572214E-31,5.01902476553806E-61));
#8317=DIRECTION('',(1.,1.87970762572214E-31,0.));
#8318=DIRECTION('center_axis',(1.87970762572214E-31,-1.,-2.67010927489846E-30));
#8319=DIRECTION('ref_axis',(1.16693836899917E-46,2.67010927489846E-30,-1.));
#8320=DIRECTION('center_axis',(0.,-1.,0.));
#8321=DIRECTION('ref_axis',(9.51443809068936E-47,0.,-1.));
#8322=DIRECTION('',(0.707106781186547,0.707106781186548,0.));
#8323=DIRECTION('center_axis',(-2.18952885050753E-47,-1.,3.50324616081204E-46));
#8324=DIRECTION('ref_axis',(9.51443809068936E-47,-3.50324616081204E-46,
-1.));
#8325=DIRECTION('center_axis',(2.18952885050753E-47,1.,-3.50324616081204E-46));
#8326=DIRECTION('ref_axis',(-1.,2.18952885050753E-47,0.));
#8327=DIRECTION('center_axis',(2.18952885050753E-47,1.,-3.50324616081204E-46));
#8328=DIRECTION('ref_axis',(-1.,2.18952885050753E-47,-7.6704585395277E-93));
#8329=DIRECTION('',(-1.,2.18952885050753E-47,0.));
#8330=DIRECTION('center_axis',(0.,1.,0.));
#8331=DIRECTION('ref_axis',(-1.,0.,0.));
#8332=DIRECTION('',(0.,1.,0.));
#8333=DIRECTION('center_axis',(0.,-1.,0.));
#8334=DIRECTION('ref_axis',(-1.,0.,0.));
#8335=DIRECTION('center_axis',(2.18952885050753E-47,1.,-3.50324616081204E-46));
#8336=DIRECTION('ref_axis',(-1.,2.18952885050753E-47,0.));
#8337=DIRECTION('center_axis',(1.87970762572214E-31,-1.,-2.67010927489846E-30));
#8338=DIRECTION('ref_axis',(1.,1.87970762572214E-31,5.01902476553806E-61));
#8339=DIRECTION('',(1.,-2.18952885050753E-47,0.));
#8340=DIRECTION('center_axis',(0.,1.,4.38256058456117E-30));
#8341=DIRECTION('ref_axis',(1.,1.41070583858541E-90,-3.21890778545087E-61));
#8342=DIRECTION('',(0.,1.,4.38256058456117E-30));
#8343=DIRECTION('center_axis',(-1.87970762572214E-31,1.,2.67010927489846E-30));
#8344=DIRECTION('ref_axis',(1.,1.87970762572214E-31,1.80011698008718E-61));
#8345=DIRECTION('center_axis',(1.87970762572214E-31,-1.,-2.67010927489846E-30));
#8346=DIRECTION('ref_axis',(1.,1.87970762572214E-31,5.01902476553806E-61));
#8347=DIRECTION('',(-1.,-1.87970762572214E-31,0.));
#8348=DIRECTION('center_axis',(-1.87970762572214E-31,1.,2.67010927489846E-30));
#8349=DIRECTION('ref_axis',(1.,1.87970762572214E-31,1.00380495310761E-60));
#8350=DIRECTION('center_axis',(0.,-1.,0.));
#8351=DIRECTION('ref_axis',(1.,0.,5.01902476553806E-61));
#8352=DIRECTION('',(0.,1.,0.));
#8353=DIRECTION('center_axis',(-1.87970762572214E-31,1.,2.67010927489846E-30));
#8354=DIRECTION('ref_axis',(1.,1.87970762572214E-31,5.01902476553806E-61));
#8355=DIRECTION('center_axis',(1.87970762572214E-31,-1.,-2.67010927489846E-30));
#8356=DIRECTION('ref_axis',(1.,1.87970762572214E-31,5.01902476553806E-61));
#8357=DIRECTION('center_axis',(1.87970762572214E-31,-1.,-2.67010927489846E-30));
#8358=DIRECTION('ref_axis',(1.,1.87970762572214E-31,5.01902476553805E-61));
#8359=DIRECTION('',(1.,1.87970762572214E-31,0.));
#8360=DIRECTION('center_axis',(0.,-1.,0.));
#8361=DIRECTION('ref_axis',(1.,0.,0.));
#8362=DIRECTION('',(0.,-1.,0.));
#8363=DIRECTION('center_axis',(0.,1.,0.));
#8364=DIRECTION('ref_axis',(1.,0.,0.));
#8365=DIRECTION('center_axis',(-4.36079629356265E-48,-1.,5.75382844289524E-49));
#8366=DIRECTION('ref_axis',(1.,-4.36079629356265E-48,0.));
#8367=DIRECTION('',(1.,-3.06558120204968E-49,-6.12323399573685E-17));
#8368=DIRECTION('center_axis',(0.,-1.,0.));
#8369=DIRECTION('ref_axis',(1.,0.,0.));
#8370=DIRECTION('center_axis',(0.,-1.,0.));
#8371=DIRECTION('ref_axis',(1.,0.,0.));
#8372=DIRECTION('',(0.,-1.,0.));
#8373=DIRECTION('center_axis',(0.,1.,0.));
#8374=DIRECTION('ref_axis',(1.,0.,0.));
#8375=DIRECTION('center_axis',(-4.36079629356265E-48,-1.,5.75382844289524E-49));
#8376=DIRECTION('ref_axis',(1.,-4.36079629356265E-48,0.));
#8377=DIRECTION('center_axis',(4.36079629356265E-48,1.,-5.75382844289524E-49));
#8378=DIRECTION('ref_axis',(1.,-4.36079629356265E-48,2.50912737475729E-96));
#8379=DIRECTION('',(1.,-4.36079629356265E-48,0.));
#8380=DIRECTION('center_axis',(0.,-1.,0.));
#8381=DIRECTION('ref_axis',(1.,0.,8.36375791585763E-97));
#8382=DIRECTION('center_axis',(0.,-1.,0.));
#8383=DIRECTION('ref_axis',(1.,0.,0.));
#8384=DIRECTION('',(-0.459422918873766,0.888217643155949,0.));
#8385=DIRECTION('',(-0.459422918873766,-0.888217643155949,0.));
#8386=DIRECTION('center_axis',(0.,-1.,0.));
#8387=DIRECTION('ref_axis',(1.,0.,0.));
#8388=DIRECTION('center_axis',(0.,1.,0.));
#8389=DIRECTION('ref_axis',(1.,0.,0.));
#8390=DIRECTION('',(1.,0.,0.));
#8391=DIRECTION('',(1.,0.,0.));
#8392=DIRECTION('center_axis',(0.,1.,0.));
#8393=DIRECTION('ref_axis',(1.,0.,0.));
#8394=DIRECTION('center_axis',(0.,-1.,0.));
#8395=DIRECTION('ref_axis',(1.,0.,0.));
#8396=DIRECTION('',(0.,-1.,0.));
#8397=DIRECTION('',(0.,1.,0.));
#8398=DIRECTION('center_axis',(0.,-1.,0.));
#8399=DIRECTION('ref_axis',(1.,0.,0.));
#8400=DIRECTION('center_axis',(0.,-1.,0.));
#8401=DIRECTION('ref_axis',(1.,0.,0.));
#8402=DIRECTION('',(1.,4.36079629356264E-48,1.07972901318522E-14));
#8403=DIRECTION('',(1.,4.36079629356264E-48,1.07972901318522E-14));
#8404=DIRECTION('center_axis',(0.,1.,0.));
#8405=DIRECTION('ref_axis',(1.,0.,0.));
#8406=DIRECTION('center_axis',(0.,-1.,0.));
#8407=DIRECTION('ref_axis',(1.,0.,0.));
#8408=DIRECTION('',(0.,1.,0.));
#8409=DIRECTION('',(0.,1.,0.));
#8410=DIRECTION('center_axis',(-4.36079629356265E-48,-1.,5.75382844289524E-49));
#8411=DIRECTION('ref_axis',(1.,-4.36079629356265E-48,0.));
#8412=DIRECTION('',(-1.,-4.36079629356264E-48,-1.07972901318522E-14));
#8413=DIRECTION('',(-1.,0.,0.));
#8414=DIRECTION('center_axis',(0.,1.,0.));
#8415=DIRECTION('ref_axis',(1.52259157662879E-14,0.,-1.));
#8416=DIRECTION('center_axis',(0.,1.,0.));
#8417=DIRECTION('ref_axis',(1.52259157662879E-14,0.,-1.));
#8418=DIRECTION('center_axis',(7.53197924574589E-45,-1.,-2.47289404859321E-30));
#8419=DIRECTION('ref_axis',(1.52259157662879E-14,2.47289404859321E-30,-1.));
#8420=DIRECTION('',(0.,-1.,0.));
#8421=DIRECTION('center_axis',(-7.53197924574589E-45,1.,2.47289404859321E-30));
#8422=DIRECTION('ref_axis',(-1.,-7.53197924574589E-45,-1.57772181044202E-30));
#8423=DIRECTION('',(1.,7.53197924574589E-45,0.));
#8424=DIRECTION('center_axis',(7.53197924574589E-45,-1.,-2.47289404859321E-30));
#8425=DIRECTION('ref_axis',(-1.,-7.53197924574589E-45,-1.57772181044202E-30));
#8426=DIRECTION('',(1.,7.53197924574589E-45,0.));
#8427=DIRECTION('center_axis',(0.,1.,0.));
#8428=DIRECTION('ref_axis',(-1.,0.,-1.57772181044202E-30));
#8429=DIRECTION('',(0.,1.,0.));
#8430=DIRECTION('center_axis',(-7.53197924574589E-45,1.,2.47289404859321E-30));
#8431=DIRECTION('ref_axis',(-1.,-7.53197924574589E-45,-1.57772181044202E-30));
#8432=DIRECTION('',(0.,-1.,-2.4713533046377E-30));
#8433=DIRECTION('center_axis',(-7.53197924574589E-45,1.,2.47289404859321E-30));
#8434=DIRECTION('ref_axis',(-1.,-7.53197924574589E-45,-1.57772181044202E-30));
#8435=DIRECTION('center_axis',(-7.53197924574589E-45,1.,2.47289404859321E-30));
#8436=DIRECTION('ref_axis',(1.,7.53197924574589E-45,9.51443809068936E-47));
#8437=DIRECTION('',(-1.,-7.53197924574589E-45,0.));
#8438=DIRECTION('',(-1.,-7.53197924574589E-45,0.));
#8439=DIRECTION('center_axis',(0.,-1.,-2.06356670881412E-16));
#8440=DIRECTION('ref_axis',(1.,-1.96336776970195E-62,9.51443809068936E-47));
#8441=DIRECTION('',(0.,-1.,0.));
#8442=DIRECTION('',(0.,1.,2.06356670881412E-16));
#8443=DIRECTION('center_axis',(-1.40129846432482E-45,1.,6.33254034675165E-59));
#8444=DIRECTION('ref_axis',(-1.,-1.40129846432482E-45,-1.90527290126938E-15));
#8445=DIRECTION('center_axis',(0.,0.,1.));
#8446=DIRECTION('ref_axis',(-1.,0.,0.));
#8447=DIRECTION('',(0.,0.,1.));
#8448=DIRECTION('center_axis',(0.,0.,-1.));
#8449=DIRECTION('ref_axis',(-1.,0.,0.));
#8450=DIRECTION('center_axis',(0.,0.,-1.));
#8451=DIRECTION('ref_axis',(-1.,0.,0.));
#8452=DIRECTION('center_axis',(0.,0.,1.));
#8453=DIRECTION('ref_axis',(-1.,0.,0.));
#8454=DIRECTION('',(0.,0.,-1.));
#8455=DIRECTION('center_axis',(0.,0.,1.));
#8456=DIRECTION('ref_axis',(-1.,0.,0.));
#8457=DIRECTION('',(0.,0.,1.));
#8458=DIRECTION('center_axis',(-1.,0.,-3.68935645762482E-14));
#8459=DIRECTION('ref_axis',(3.68935645762482E-14,0.,-1.));
#8460=DIRECTION('',(-3.68935645762482E-14,0.,1.));
#8461=DIRECTION('',(0.,1.,0.));
#8462=DIRECTION('',(3.68935645762482E-14,0.,-1.));
#8463=DIRECTION('center_axis',(-3.68935645762482E-14,0.,1.));
#8464=DIRECTION('ref_axis',(0.707106781186548,0.707106781186548,2.60876896940089E-14));
#8465=DIRECTION('center_axis',(0.,0.,1.));
#8466=DIRECTION('ref_axis',(0.707106781186548,0.707106781186548,0.));
#8467=DIRECTION('',(3.68935645762482E-14,0.,-1.));
#8468=DIRECTION('center_axis',(0.,-1.,0.));
#8469=DIRECTION('ref_axis',(1.,0.,0.));
#8470=DIRECTION('',(1.,0.,0.));
#8471=DIRECTION('',(0.,0.,1.));
#8472=DIRECTION('center_axis',(0.,0.,1.));
#8473=DIRECTION('ref_axis',(-0.707106781186547,0.707106781186548,0.));
#8474=DIRECTION('center_axis',(0.,0.,1.));
#8475=DIRECTION('ref_axis',(-0.707106781186547,0.707106781186548,0.));
#8476=DIRECTION('',(0.,0.,-1.));
#8477=DIRECTION('center_axis',(1.,0.,0.));
#8478=DIRECTION('ref_axis',(0.,0.,-1.));
#8479=DIRECTION('',(0.,-1.,0.));
#8480=DIRECTION('',(0.,0.,-1.));
#8481=DIRECTION('center_axis',(0.,1.,0.));
#8482=DIRECTION('ref_axis',(0.,0.,1.));
#8483=DIRECTION('',(-1.,0.,0.));
#8484=DIRECTION('center_axis',(0.,0.,-1.));
#8485=DIRECTION('ref_axis',(-1.,0.,0.));
#8486=DIRECTION('center_axis',(0.,0.,1.));
#8487=DIRECTION('ref_axis',(-1.,0.,0.));
#8488=DIRECTION('',(0.,0.,1.));
#8489=DIRECTION('',(0.,0.,-1.));
#8490=DIRECTION('center_axis',(-1.,0.,0.));
#8491=DIRECTION('ref_axis',(0.,1.,0.));
#8492=DIRECTION('',(0.,1.,0.));
#8493=DIRECTION('',(0.,0.,1.));
#8494=DIRECTION('center_axis',(0.,1.,0.));
#8495=DIRECTION('ref_axis',(0.,0.,1.));
#8496=DIRECTION('',(1.,0.,0.));
#8497=DIRECTION('',(0.,0.,1.));
#8498=DIRECTION('center_axis',(0.707106781186547,-0.707106781186548,0.));
#8499=DIRECTION('ref_axis',(0.,0.,-1.));
#8500=DIRECTION('',(0.,0.,-1.));
#8501=DIRECTION('center_axis',(0.,1.,0.));
#8502=DIRECTION('ref_axis',(1.,0.,0.));
#8503=DIRECTION('',(0.,0.,-1.));
#8504=DIRECTION('center_axis',(-1.,3.15544362088405E-30,0.));
#8505=DIRECTION('ref_axis',(-3.15544362088405E-30,-1.,-3.72736777716926E-29));
#8506=DIRECTION('',(0.,0.,1.));
#8507=DIRECTION('center_axis',(-3.15544362088405E-30,-1.,0.));
#8508=DIRECTION('ref_axis',(1.,-3.15544362088405E-30,4.70851352803846E-30));
#8509=DIRECTION('',(0.,0.,1.));
#8510=DIRECTION('center_axis',(1.,-3.15544362088405E-30,0.));
#8511=DIRECTION('ref_axis',(3.15544362088405E-30,1.,3.72736777716927E-29));
#8512=DIRECTION('',(0.,0.,1.));
#8513=DIRECTION('center_axis',(3.15544362088405E-30,-1.,0.));
#8514=DIRECTION('ref_axis',(1.,3.15544362088405E-30,4.70851352803846E-30));
#8515=DIRECTION('',(0.,0.,1.));
#8516=DIRECTION('center_axis',(1.,3.15544362088405E-30,0.));
#8517=DIRECTION('ref_axis',(-3.15544362088405E-30,1.,-3.72736777716926E-29));
#8518=DIRECTION('',(0.,0.,-1.));
#8519=DIRECTION('center_axis',(0.,1.,0.));
#8520=DIRECTION('ref_axis',(1.,0.,0.));
#8521=DIRECTION('',(0.,0.,-1.));
#8522=DIRECTION('center_axis',(-0.707106781186547,-0.707106781186548,0.));
#8523=DIRECTION('ref_axis',(0.,0.,-1.));
#8524=DIRECTION('',(0.,0.,1.));
#8525=DIRECTION('center_axis',(0.,1.,0.));
#8526=DIRECTION('ref_axis',(0.,0.,1.));
#8527=DIRECTION('',(-1.,0.,0.));
#8528=DIRECTION('center_axis',(0.,0.,-1.));
#8529=DIRECTION('ref_axis',(-1.,0.,0.));
#8530=DIRECTION('center_axis',(0.,0.,-1.));
#8531=DIRECTION('ref_axis',(-1.,0.,0.));
#8532=DIRECTION('',(0.,0.,-1.));
#8533=DIRECTION('center_axis',(0.,0.,-1.));
#8534=DIRECTION('ref_axis',(0.707106781186548,-0.707106781186548,0.));
#8535=DIRECTION('',(0.,0.,1.));
#8536=DIRECTION('center_axis',(0.,0.,1.));
#8537=DIRECTION('ref_axis',(0.707106781186548,-0.707106781186548,0.));
#8538=DIRECTION('',(0.,0.,-1.));
#8539=DIRECTION('center_axis',(1.,0.,0.));
#8540=DIRECTION('ref_axis',(0.,0.,-1.));
#8541=DIRECTION('',(0.,-1.,0.));
#8542=DIRECTION('',(0.,0.,1.));
#8543=DIRECTION('center_axis',(0.,0.,1.));
#8544=DIRECTION('ref_axis',(0.707106781186551,0.707106781186544,0.));
#8545=DIRECTION('center_axis',(0.,0.,1.));
#8546=DIRECTION('ref_axis',(0.707106781186551,0.707106781186544,0.));
#8547=DIRECTION('',(0.,0.,-1.));
#8548=DIRECTION('center_axis',(0.,1.,0.));
#8549=DIRECTION('ref_axis',(1.,0.,0.));
#8550=DIRECTION('',(1.,0.,0.));
#8551=DIRECTION('',(0.,0.,-1.));
#8552=DIRECTION('center_axis',(-1.,0.,0.));
#8553=DIRECTION('ref_axis',(0.,1.,0.));
#8554=DIRECTION('',(0.,1.,0.));
#8555=DIRECTION('',(0.,0.,-1.));
#8556=DIRECTION('center_axis',(0.,-1.,0.));
#8557=DIRECTION('ref_axis',(-1.,0.,0.));
#8558=DIRECTION('',(-1.,0.,0.));
#8559=DIRECTION('center_axis',(0.,0.,-1.));
#8560=DIRECTION('ref_axis',(1.,0.,0.));
#8561=DIRECTION('center_axis',(0.,0.,-1.));
#8562=DIRECTION('ref_axis',(1.,0.,0.));
#8563=DIRECTION('',(0.,0.,-1.));
#8564=DIRECTION('center_axis',(0.,0.,1.));
#8565=DIRECTION('ref_axis',(-1.,0.,0.));
#8566=DIRECTION('',(0.,0.,1.));
#8567=DIRECTION('center_axis',(0.,0.,1.));
#8568=DIRECTION('ref_axis',(-1.,0.,0.));
#8569=DIRECTION('center_axis',(0.,0.,-1.));
#8570=DIRECTION('ref_axis',(-1.,0.,0.));
#8571=DIRECTION('center_axis',(0.,0.,-1.));
#8572=DIRECTION('ref_axis',(-1.,0.,0.));
#8573=DIRECTION('',(0.,0.,-1.));
#8574=DIRECTION('center_axis',(0.,0.,-1.));
#8575=DIRECTION('ref_axis',(0.707106781186554,0.707106781186541,0.));
#8576=DIRECTION('center_axis',(0.,0.,1.));
#8577=DIRECTION('ref_axis',(0.707106781186554,0.707106781186541,0.));
#8578=DIRECTION('',(0.,0.,-1.));
#8579=DIRECTION('center_axis',(0.,-1.,0.));
#8580=DIRECTION('ref_axis',(0.,0.,-1.));
#8581=DIRECTION('',(1.,0.,0.));
#8582=DIRECTION('',(0.,0.,1.));
#8583=DIRECTION('center_axis',(0.,0.,1.));
#8584=DIRECTION('ref_axis',(-0.707106781186548,0.707106781186548,0.));
#8585=DIRECTION('center_axis',(0.,0.,-1.));
#8586=DIRECTION('ref_axis',(-0.707106781186548,0.707106781186548,0.));
#8587=DIRECTION('center_axis',(0.,0.,-1.));
#8588=DIRECTION('ref_axis',(-0.707106781186547,-0.707106781186548,0.));
#8589=DIRECTION('center_axis',(0.,0.,-1.));
#8590=DIRECTION('ref_axis',(-0.707106781186547,-0.707106781186548,0.));
#8591=DIRECTION('',(0.,0.,1.));
#8592=DIRECTION('center_axis',(0.,1.,0.));
#8593=DIRECTION('ref_axis',(-1.,0.,0.));
#8594=DIRECTION('',(-1.,0.,0.));
#8595=DIRECTION('center_axis',(0.,4.9303805728598E-31,-1.));
#8596=DIRECTION('ref_axis',(-0.707106781186544,0.707106781186551,0.));
#8597=DIRECTION('center_axis',(0.,0.,-1.));
#8598=DIRECTION('ref_axis',(-0.707106781186544,0.707106781186551,0.));
#8599=DIRECTION('',(0.,-4.9303805728598E-31,1.));
#8600=DIRECTION('center_axis',(0.,0.,1.));
#8601=DIRECTION('ref_axis',(-0.707106781186544,0.707106781186551,0.));
#8602=DIRECTION('',(0.,4.9303805728598E-31,-1.));
#8603=DIRECTION('center_axis',(-1.28189897098416E-30,-1.,-4.9303805728598E-31));
#8604=DIRECTION('ref_axis',(1.,-1.28189897098416E-30,0.));
#8605=DIRECTION('',(0.707106781186546,-5.57808901488997E-31,-0.707106781186549));
#8606=DIRECTION('',(1.,0.,1.06581408775829E-14));
#8607=DIRECTION('',(0.,4.9303805728598E-31,-1.));
#8608=DIRECTION('',(1.,5.25486907256359E-45,0.));
#8609=DIRECTION('',(1.,-1.28189897098416E-30,0.));
#8610=DIRECTION('',(0.923879532511286,-9.95642725990729E-31,-0.382683432365091));
#8611=DIRECTION('center_axis',(0.,-4.9303805728598E-31,1.));
#8612=DIRECTION('ref_axis',(0.707106781186544,0.707106781186551,3.4863055368996E-31));
#8613=DIRECTION('center_axis',(0.,0.,1.));
#8614=DIRECTION('ref_axis',(0.707106781186544,0.707106781186551,0.));
#8615=DIRECTION('',(0.,4.9303805728598E-31,-1.));
#8616=DIRECTION('center_axis',(0.,0.,1.));
#8617=DIRECTION('ref_axis',(0.707106781186544,0.707106781186551,0.));
#8618=DIRECTION('center_axis',(-1.,0.,0.));
#8619=DIRECTION('ref_axis',(0.,0.,1.));
#8620=DIRECTION('',(0.,-1.,0.));
#8621=DIRECTION('',(0.,0.,1.));
#8622=DIRECTION('',(0.,1.,0.));
#8623=DIRECTION('center_axis',(0.,0.,-1.));
#8624=DIRECTION('ref_axis',(0.707106781186546,-0.707106781186549,0.));
#8625=DIRECTION('center_axis',(0.,0.,1.));
#8626=DIRECTION('ref_axis',(0.707106781186546,-0.707106781186549,0.));
#8627=DIRECTION('',(0.,0.,1.));
#8628=DIRECTION('center_axis',(0.,0.,1.));
#8629=DIRECTION('ref_axis',(0.707106781186546,-0.707106781186549,0.));
#8630=DIRECTION('center_axis',(0.,1.,0.));
#8631=DIRECTION('ref_axis',(-1.,0.,0.));
#8632=DIRECTION('',(1.,0.,0.));
#8633=DIRECTION('',(0.,0.,-1.));
#8634=DIRECTION('',(-1.,0.,0.));
#8635=DIRECTION('center_axis',(0.,0.,1.));
#8636=DIRECTION('ref_axis',(-0.707106781186548,0.707106781186548,0.));
#8637=DIRECTION('',(0.,0.,1.));
#8638=DIRECTION('center_axis',(0.,0.,-1.));
#8639=DIRECTION('ref_axis',(-0.707106781186548,0.707106781186548,0.));
#8640=DIRECTION('center_axis',(0.,0.,-1.));
#8641=DIRECTION('ref_axis',(-0.707106781186548,0.707106781186548,0.));
#8642=DIRECTION('center_axis',(-1.,0.,0.));
#8643=DIRECTION('ref_axis',(0.,-1.,0.));
#8644=DIRECTION('',(0.,0.,-1.));
#8645=DIRECTION('',(0.,-1.,0.));
#8646=DIRECTION('',(0.,1.,0.));
#8647=DIRECTION('center_axis',(0.,0.,1.));
#8648=DIRECTION('ref_axis',(0.707106781186546,-0.707106781186549,0.));
#8649=DIRECTION('',(0.,0.,1.));
#8650=DIRECTION('center_axis',(0.,0.,1.));
#8651=DIRECTION('ref_axis',(0.707106781186546,-0.707106781186549,0.));
#8652=DIRECTION('center_axis',(0.,0.,1.));
#8653=DIRECTION('ref_axis',(0.707106781186546,-0.707106781186549,0.));
#8654=DIRECTION('center_axis',(0.,1.,0.));
#8655=DIRECTION('ref_axis',(-1.,0.,0.));
#8656=DIRECTION('',(0.,0.,-1.));
#8657=DIRECTION('',(-1.,0.,0.));
#8658=DIRECTION('',(1.,0.,0.));
#8659=DIRECTION('center_axis',(0.,0.,1.));
#8660=DIRECTION('ref_axis',(-0.707106781186549,-0.707106781186546,0.));
#8661=DIRECTION('center_axis',(-0.707106781186549,0.,-0.707106781186546));
#8662=DIRECTION('ref_axis',(-0.707106781186546,9.81307786677358E-17,0.707106781186549));
#8663=DIRECTION('center_axis',(-0.382683432365091,0.,-0.923879532511286));
#8664=DIRECTION('ref_axis',(-0.923879532511286,3.20535102804361E-16,0.382683432365091));
#8665=DIRECTION('',(0.,0.,1.));
#8666=DIRECTION('center_axis',(0.,0.,1.));
#8667=DIRECTION('ref_axis',(-0.707106781186549,-0.707106781186546,0.));
#8668=DIRECTION('center_axis',(0.,0.,1.));
#8669=DIRECTION('ref_axis',(-0.707106781186549,-0.707106781186546,0.));
#8670=DIRECTION('center_axis',(0.707106781186549,0.,0.707106781186546));
#8671=DIRECTION('ref_axis',(0.707106781186546,0.,-0.707106781186549));
#8672=DIRECTION('',(0.,-1.,0.));
#8673=DIRECTION('',(0.,1.,0.));
#8674=DIRECTION('center_axis',(0.382683432365091,0.,0.923879532511286));
#8675=DIRECTION('ref_axis',(0.923879532511286,0.,-0.382683432365091));
#8676=DIRECTION('',(0.,1.,0.));
#8677=DIRECTION('center_axis',(1.,0.,0.));
#8678=DIRECTION('ref_axis',(0.,1.,0.));
#8679=DIRECTION('',(0.,-1.,0.));
#8680=DIRECTION('center_axis',(0.,0.,1.));
#8681=DIRECTION('ref_axis',(1.,0.,0.));
#8682=DIRECTION('',(0.,-1.,0.));
#8683=DIRECTION('center_axis',(1.,0.,0.));
#8684=DIRECTION('ref_axis',(0.,0.,-1.));
#8685=DIRECTION('',(0.,1.,0.));
#8686=DIRECTION('center_axis',(0.,0.,1.));
#8687=DIRECTION('ref_axis',(1.,0.,0.));
#8688=DIRECTION('',(0.,-1.,0.));
#8689=DIRECTION('center_axis',(0.382683432365091,0.,0.923879532511286));
#8690=DIRECTION('ref_axis',(0.923879532511286,0.,-0.382683432365091));
#8691=DIRECTION('',(0.,1.,0.));
#8692=DIRECTION('center_axis',(0.707106781186549,0.,0.707106781186546));
#8693=DIRECTION('ref_axis',(0.707106781186546,0.,-0.707106781186549));
#8694=DIRECTION('',(0.,-1.,0.));
#8695=DIRECTION('center_axis',(0.,0.,1.));
#8696=DIRECTION('ref_axis',(0.,1.,0.));
#8697=CARTESIAN_POINT('',(0.,0.,0.));
#8698=CARTESIAN_POINT('Origin',(-2.37282248356957,66.1000000000002,4.99999977648105));
#8699=CARTESIAN_POINT('',(11.1271775164304,69.1000000000002,4.99999977648105));
#8700=CARTESIAN_POINT('',(11.1271775164304,76.6000000000002,4.99999977648105));
#8701=CARTESIAN_POINT('',(11.1271775164304,57.6000000000002,4.99999977648105));
#8702=CARTESIAN_POINT('',(-19.9999999999997,76.6000000000002,4.99999977648105));
#8703=CARTESIAN_POINT('',(4.37717751643043,76.6000000000002,4.99999977648105));
#8704=CARTESIAN_POINT('',(-19.9999999999997,55.5999999999998,4.99999977648105));
#8705=CARTESIAN_POINT('',(-19.9999999999997,76.6000000000002,4.99999977648105));
#8706=CARTESIAN_POINT('',(11.1271775164304,55.5999999999998,4.99999977648105));
#8707=CARTESIAN_POINT('',(4.37717751643043,55.5999999999998,4.99999977648105));
#8708=CARTESIAN_POINT('',(11.1271775164304,63.0999999999998,4.99999977648105));
#8709=CARTESIAN_POINT('',(11.1271775164304,74.5999999999998,4.99999977648105));
#8710=CARTESIAN_POINT('',(8.97717751643044,63.0999999999998,4.99999977648105));
#8711=CARTESIAN_POINT('',(3.37717751643043,63.0999999999998,4.99999977648105));
#8712=CARTESIAN_POINT('',(8.97717751643044,59.7499999999998,4.99999977648105));
#8713=CARTESIAN_POINT('',(8.97717751643044,62.8499999999998,4.99999977648105));
#8714=CARTESIAN_POINT('',(-13.7228224835696,59.7499999999998,4.99999977648105));
#8715=CARTESIAN_POINT('',(-8.12282248356957,59.7499999999998,4.99999977648105));
#8716=CARTESIAN_POINT('',(-13.7228224835696,72.4500000000002,4.99999977648105));
#8717=CARTESIAN_POINT('',(-13.7228224835696,69.3499999999998,4.99999977648105));
#8718=CARTESIAN_POINT('',(8.97717751643044,72.4500000000002,4.99999977648105));
#8719=CARTESIAN_POINT('',(-8.12282248356957,72.4500000000002,4.99999977648105));
#8720=CARTESIAN_POINT('',(8.97717751643044,69.1000000000002,4.99999977648105));
#8721=CARTESIAN_POINT('',(8.97717751643044,69.3500000000002,4.99999977648105));
#8722=CARTESIAN_POINT('',(3.37717751643043,69.1000000000002,4.99999977648105));
#8723=CARTESIAN_POINT('Origin',(13.6271775164304,78.3500000000001,2.49999988824052));
#8724=CARTESIAN_POINT('',(16.1271775459553,76.6000000000002,-9.4796355024999E-8));
#8725=CARTESIAN_POINT('',(16.1271775164304,72.6000000000002,0.));
#8726=CARTESIAN_POINT('',(16.1271775164304,90.7250000000001,4.44089209850063E-15));
#8727=CARTESIAN_POINT('',(16.8771775164304,76.6000000000002,-0.749999966472157));
#8728=CARTESIAN_POINT('',(14.6271775164304,72.6000000000002,1.49999993294431));
#8729=CARTESIAN_POINT('',(17.0855108559726,75.0583333395424,-0.958333296701049));
#8730=CARTESIAN_POINT('',(22.0953833705965,72.6000000000002,-5.96820558736461));
#8731=CARTESIAN_POINT('Origin',(13.6271775164304,53.8499999999999,2.49999988824052));
#8732=CARTESIAN_POINT('',(14.6271775164304,59.5999999999998,1.49999993294431));
#8733=CARTESIAN_POINT('',(16.1271775164304,59.5999999999998,0.));
#8734=CARTESIAN_POINT('',(22.0953833705965,59.5999999999998,-5.96820558736461));
#8735=CARTESIAN_POINT('',(17.0855108559726,57.1416666604576,-0.958333296701049));
#8736=CARTESIAN_POINT('',(16.1271775459553,55.5999999999998,-9.4796355024999E-8));
#8737=CARTESIAN_POINT('',(16.8771775164304,55.5999999999998,-0.749999966472157));
#8738=CARTESIAN_POINT('',(16.1271775164304,78.475,4.44089209850063E-15));
#8739=CARTESIAN_POINT('Origin',(-15.7500001862645,43.0999999999998,2.99999977648105));
#8740=CARTESIAN_POINT('',(-7.49976784581212,47.7997677713061,2.99999977648105));
#8741=CARTESIAN_POINT('',(-7.79976785255336,48.0997677780474,2.99999977648105));
#8742=CARTESIAN_POINT('',(-8.46250010244553,48.7625000279395,2.99999977648105));
#8743=CARTESIAN_POINT('',(-20.0000001488091,48.0997677780474,2.99999977648105));
#8744=CARTESIAN_POINT('',(-4.12500016763805,48.0997677780474,2.99999977648105));
#8745=CARTESIAN_POINT('',(-20.0000002976165,38.0999999999998,2.99999977648105));
#8746=CARTESIAN_POINT('',(-20.0000002980232,48.0999999999998,2.99999977648105));
#8747=CARTESIAN_POINT('',(-11.5000000745058,38.0999999999998,2.99999977648105));
#8748=CARTESIAN_POINT('',(-11.5000000745058,38.0999999999998,2.99999977648105));
#8749=CARTESIAN_POINT('',(-11.5000000745058,43.7997677780474,2.99999977648105));
#8750=CARTESIAN_POINT('',(-11.5000000745058,43.4498838890236,2.99999977648105));
#8751=CARTESIAN_POINT('Origin',(-7.50000007450581,43.7997677780474,2.99999977648105));
#8752=CARTESIAN_POINT('',(-14.9999999999997,40.2999999999998,2.99999977648105));
#8753=CARTESIAN_POINT('',(-14.9999999999997,45.8999999999998,2.99999977648105));
#8754=CARTESIAN_POINT('',(-14.9999999999997,40.2999999999998,2.99999977648105));
#8755=CARTESIAN_POINT('',(-17.9999999999997,40.2999999999998,2.99999977648105));
#8756=CARTESIAN_POINT('',(-17.9999999999997,40.2999999999998,2.99999977648105));
#8757=CARTESIAN_POINT('',(-17.9999999999997,45.8999999999998,2.99999977648105));
#8758=CARTESIAN_POINT('',(-17.9999999999997,45.8999999999998,2.99999977648105));
#8759=CARTESIAN_POINT('',(-14.9999999999997,45.8999999999998,2.99999977648105));
#8760=CARTESIAN_POINT('Origin',(-7.50000007450581,39.7997677780474,5.19999977648105));
#8761=CARTESIAN_POINT('',(-11.5000000745058,35.7997677780474,5.19999977648105));
#8762=CARTESIAN_POINT('',(-3.50000007450581,35.7997677780474,5.19999977648105));
#8763=CARTESIAN_POINT('Origin',(-7.50000007450581,35.7997677780474,5.19999977648105));
#8764=CARTESIAN_POINT('',(-3.50000007450581,43.7997677780474,5.19999977648105));
#8765=CARTESIAN_POINT('',(-3.50000007450581,35.7997677780474,5.19999977648105));
#8766=CARTESIAN_POINT('',(-11.5000000745058,43.7997677780474,5.19999977648105));
#8767=CARTESIAN_POINT('Origin',(-7.50000007450581,43.7997677780474,5.19999977648105));
#8768=CARTESIAN_POINT('',(-11.5000000745058,43.7997677780474,5.19999977648105));
#8769=CARTESIAN_POINT('',(-5.90000007450581,43.7997677780474,5.19999977648105));
#8770=CARTESIAN_POINT('Origin',(-7.50000007450581,43.7997677780474,5.19999977648105));
#8771=CARTESIAN_POINT('',(-5.90000007450581,35.7997677780474,5.19999977648105));
#8772=CARTESIAN_POINT('Origin',(-7.50000007450581,35.7997677780474,5.19999977648105));
#8773=CARTESIAN_POINT('Origin',(-15.7500001862645,89.1000000000002,2.99999977648105));
#8774=CARTESIAN_POINT('',(-11.5000000745058,88.4002322219527,2.99999977648105));
#8775=CARTESIAN_POINT('',(-7.499767845812,84.400232228694,2.99999977648105));
#8776=CARTESIAN_POINT('Origin',(-7.50000007450581,88.4002322219527,2.99999977648105));
#8777=CARTESIAN_POINT('',(-11.5000000745058,94.1000000000002,2.99999977648105));
#8778=CARTESIAN_POINT('',(-11.5000000745058,88.7501161109765,2.99999977648105));
#8779=CARTESIAN_POINT('',(-20.0000002976165,94.1000000000002,2.99999977648105));
#8780=CARTESIAN_POINT('',(-11.5000000745058,94.1000000000002,2.99999977648105));
#8781=CARTESIAN_POINT('',(-20.0000001488091,84.1002322219527,2.99999977648105));
#8782=CARTESIAN_POINT('',(-20.0000002980232,84.1000000000002,2.99999977648105));
#8783=CARTESIAN_POINT('',(-7.79976785255336,84.1002322219527,2.99999977648105));
#8784=CARTESIAN_POINT('',(-4.12500016763805,84.1002322219527,2.99999977648105));
#8785=CARTESIAN_POINT('',(-8.46250010244553,83.4374999720605,2.99999977648105));
#8786=CARTESIAN_POINT('',(-14.9999999999997,91.9000000000002,2.99999977648105));
#8787=CARTESIAN_POINT('',(-14.9999999999997,86.3000000000002,2.99999977648105));
#8788=CARTESIAN_POINT('',(-14.9999999999997,91.9000000000002,2.99999977648105));
#8789=CARTESIAN_POINT('',(-17.9999999999997,86.3000000000002,2.99999977648105));
#8790=CARTESIAN_POINT('',(-14.9999999999997,86.3000000000002,2.99999977648105));
#8791=CARTESIAN_POINT('',(-17.9999999999997,91.9000000000002,2.99999977648105));
#8792=CARTESIAN_POINT('',(-17.9999999999997,86.3000000000002,2.99999977648105));
#8793=CARTESIAN_POINT('',(-17.9999999999997,91.9000000000002,2.99999977648105));
#8794=CARTESIAN_POINT('Origin',(-7.50000007450581,92.4002322219527,5.19999977648105));
#8795=CARTESIAN_POINT('',(-11.5000000745058,96.4002322219527,5.19999977648105));
#8796=CARTESIAN_POINT('',(-3.50000007450581,96.4002322219527,5.19999977648105));
#8797=CARTESIAN_POINT('Origin',(-7.50000007450581,96.4002322219527,5.19999977648105));
#8798=CARTESIAN_POINT('',(-11.5000000745058,88.4002322219527,5.19999977648105));
#8799=CARTESIAN_POINT('',(-11.5000000745058,88.4002322219527,5.19999977648105));
#8800=CARTESIAN_POINT('',(-3.50000007450581,88.4002322219527,5.19999977648105));
#8801=CARTESIAN_POINT('Origin',(-7.50000007450581,88.4002322219527,5.19999977648105));
#8802=CARTESIAN_POINT('',(-3.50000007450581,96.4002322219527,5.19999977648105));
#8803=CARTESIAN_POINT('',(-5.90000007450581,88.4002322219527,5.19999977648105));
#8804=CARTESIAN_POINT('Origin',(-7.50000007450581,88.4002322219527,5.19999977648105));
#8805=CARTESIAN_POINT('',(-5.90000007450581,96.4002322219527,5.19999977648105));
#8806=CARTESIAN_POINT('Origin',(-7.50000007450581,96.4002322219527,5.19999977648105));
#8807=CARTESIAN_POINT('Origin',(33.0000000000003,58.1,-6.5));
#8808=CARTESIAN_POINT('',(27.0000000000003,54.494448724536,-13.000000223519));
#8809=CARTESIAN_POINT('',(29.0000002235198,52.734649681831,-10.9999999999995));
#8810=CARTESIAN_POINT('Origin',(32.0424242370059,58.1,-7.95757598651342));
#8811=CARTESIAN_POINT('',(32.0000000000003,51.4828267176596,-10.9999999999995));
#8812=CARTESIAN_POINT('Origin',(33.0000000000003,58.1,-10.9999999999995));
#8813=CARTESIAN_POINT('',(32.0000000000003,53.2010205144336,0.));
#8814=CARTESIAN_POINT('Ctrl Pts',(32.0000000000003,53.2010205144336,6.73798039121912E-14));
#8815=CARTESIAN_POINT('Ctrl Pts',(32.0000000000003,53.1836724154164,-0.110484375558769));
#8816=CARTESIAN_POINT('Ctrl Pts',(32.0000000000003,52.6592271609354,-3.45144468571934));
#8817=CARTESIAN_POINT('Ctrl Pts',(32.0000000000003,51.7737699121758,-9.13010092442501));
#8818=CARTESIAN_POINT('Ctrl Pts',(32.0000000000003,51.4828267176596,-10.9999999999995));
#8819=CARTESIAN_POINT('',(28.6698729810782,55.5999999999998,0.));
#8820=CARTESIAN_POINT('Origin',(33.0000000000003,58.1,0.));
#8821=CARTESIAN_POINT('',(26.4616515846894,55.5999999999998,-13.000000223519));
#8822=CARTESIAN_POINT('Ctrl Pts',(26.4616515478738,55.5999999999998,-13.000000223519));
#8823=CARTESIAN_POINT('Ctrl Pts',(27.7497807198792,55.5999999999998,-5.17935126815476));
#8824=CARTESIAN_POINT('Ctrl Pts',(28.6698729810782,55.5999999999998,-1.11022302462516E-15));
#8825=CARTESIAN_POINT('Origin',(33.0000000000003,58.1,-13.000000223519));
#8826=CARTESIAN_POINT('Origin',(121.,21.2000000000002,-6.5));
#8827=CARTESIAN_POINT('',(125.707106781187,25.3889047694973,-11.7071067811861));
#8828=CARTESIAN_POINT('',(124.,26.617072507934,-10.9999999999995));
#8829=CARTESIAN_POINT('Origin',(121.383982443352,21.2000000000002,-9.91641004862964));
#8830=CARTESIAN_POINT('',(118.3,26.7726721199272,-10.9999999999995));
#8831=CARTESIAN_POINT('Origin',(121.,21.2000000000002,-10.9999999999995));
#8832=CARTESIAN_POINT('',(118.3,24.8000000000002,0.));
#8833=CARTESIAN_POINT('Ctrl Pts',(118.3,24.8000000000001,4.75740658988463E-13));
#8834=CARTESIAN_POINT('Ctrl Pts',(118.3,25.6302253166601,-4.31717164663126));
#8835=CARTESIAN_POINT('Ctrl Pts',(118.3,26.7726721199272,-10.9999999999992));
#8836=CARTESIAN_POINT('',(125.,19.1384471871913,0.));
#8837=CARTESIAN_POINT('Origin',(121.,21.2000000000002,0.));
#8838=CARTESIAN_POINT('',(125.,16.3898079984041,-11.4142135623726));
#8839=CARTESIAN_POINT('Ctrl Pts',(125.,16.3898079984041,-11.4142135623726));
#8840=CARTESIAN_POINT('Ctrl Pts',(125.,17.9884993843712,-3.42431285081263));
#8841=CARTESIAN_POINT('Ctrl Pts',(125.,19.138447187193,5.1258614211413E-12));
#8842=CARTESIAN_POINT('',(125.707106781187,17.0110952305032,-11.7071067811861));
#8843=CARTESIAN_POINT('Origin',(121.383982443352,21.2000000000002,-9.91641004862964));
#8844=CARTESIAN_POINT('',(127.00000022352,18.700000536447,-13.000000223519));
#8845=CARTESIAN_POINT('Origin',(121.878787878788,21.2000000000002,-7.87878787878736));
#8846=CARTESIAN_POINT('',(127.00000022352,23.6999994635534,-13.000000223519));
#8847=CARTESIAN_POINT('Origin',(121.,21.2000000000002,-13.000000223519));
#8848=CARTESIAN_POINT('Origin',(121.878787878788,21.2000000000002,-7.87878787878736));
#8849=CARTESIAN_POINT('Origin',(33.0000007226688,54.8668384925382,0.));
#8850=CARTESIAN_POINT('',(33.0000007226688,54.8668384925382,0.));
#8851=CARTESIAN_POINT('',(30.2000003613346,56.4834186204198,0.));
#8852=CARTESIAN_POINT('',(70.5572297429356,33.183173400605,0.));
#8853=CARTESIAN_POINT('',(33.0000007226688,54.8668384925382,-3.));
#8854=CARTESIAN_POINT('',(33.0000007226688,54.8668384925382,0.));
#8855=CARTESIAN_POINT('',(30.2000003613346,56.4834186204198,-3.));
#8856=CARTESIAN_POINT('',(30.2000003613346,56.4834186204198,-3.));
#8857=CARTESIAN_POINT('',(30.2000003613346,56.4834186204198,0.));
#8858=CARTESIAN_POINT('Origin',(35.8000003613345,56.4834198721184,0.));
#8859=CARTESIAN_POINT('',(35.8000003613345,56.4834198721184,0.));
#8860=CARTESIAN_POINT('',(92.8427763702103,89.4170989562546,0.));
#8861=CARTESIAN_POINT('',(35.8000003613345,56.4834198721184,-3.));
#8862=CARTESIAN_POINT('',(35.8000003613345,56.4834198721184,0.));
#8863=CARTESIAN_POINT('',(33.0000007226688,54.8668384925382,-3.));
#8864=CARTESIAN_POINT('Origin',(35.799999638666,59.7165813795802,0.));
#8865=CARTESIAN_POINT('',(35.799999638666,59.7165813795802,0.));
#8866=CARTESIAN_POINT('',(35.7999947901902,81.4082766975871,0.));
#8867=CARTESIAN_POINT('',(35.799999638666,59.7165813795802,-3.));
#8868=CARTESIAN_POINT('',(35.799999638666,59.7165813795802,0.));
#8869=CARTESIAN_POINT('',(35.8000003613345,56.4834198721184,-3.));
#8870=CARTESIAN_POINT('Origin',(32.9999992773318,61.3331615074618,0.));
#8871=CARTESIAN_POINT('',(32.9999992773318,61.3331615074618,0.));
#8872=CARTESIAN_POINT('',(71.9572284782657,38.8412063515878,0.));
#8873=CARTESIAN_POINT('',(32.9999992773318,61.3331615074618,-3.));
#8874=CARTESIAN_POINT('',(32.9999992773318,61.3331615074618,0.));
#8875=CARTESIAN_POINT('',(35.799999638666,59.7165813795802,-3.));
#8876=CARTESIAN_POINT('Origin',(30.1999996386661,59.7165801278816,0.));
#8877=CARTESIAN_POINT('',(30.1999996386661,59.7165801278816,0.));
#8878=CARTESIAN_POINT('',(88.6427754668748,93.458549901808,0.));
#8879=CARTESIAN_POINT('',(30.1999996386661,59.7165801278816,-3.));
#8880=CARTESIAN_POINT('',(30.1999996386661,59.7165801278816,0.));
#8881=CARTESIAN_POINT('',(32.9999992773318,61.3331615074618,-3.));
#8882=CARTESIAN_POINT('Origin',(30.2000003613346,56.4834186204198,0.));
#8883=CARTESIAN_POINT('',(30.1999951515246,79.7916946921575,0.));
#8884=CARTESIAN_POINT('',(30.1999996386661,59.7165801278816,-3.));
#8885=CARTESIAN_POINT('Origin',(33.0000000000003,58.1,-3.));
#8886=CARTESIAN_POINT('',(34.6000000000003,58.1,-3.));
#8887=CARTESIAN_POINT('Origin',(33.0000000000003,58.1,-3.));
#8888=CARTESIAN_POINT('Origin',(121.,17.9668384925394,0.));
#8889=CARTESIAN_POINT('',(121.,17.9668384925394,0.));
#8890=CARTESIAN_POINT('',(118.19999867511,19.5834215410484,0.));
#8891=CARTESIAN_POINT('',(117.568114038392,19.9482406514005,0.));
#8892=CARTESIAN_POINT('',(121.,17.9668384925394,-3.));
#8893=CARTESIAN_POINT('',(121.,17.9668384925394,0.));
#8894=CARTESIAN_POINT('',(118.19999867511,19.5834215410484,-3.));
#8895=CARTESIAN_POINT('',(118.19999867511,19.5834215410484,-3.));
#8896=CARTESIAN_POINT('',(118.19999867511,19.5834215410484,0.));
#8897=CARTESIAN_POINT('Origin',(123.799998675108,19.5834169514912,0.));
#8898=CARTESIAN_POINT('',(123.799998675108,19.5834169514912,0.));
#8899=CARTESIAN_POINT('',(155.831867856155,38.0770077443674,0.));
#8900=CARTESIAN_POINT('',(123.799998675108,19.5834169514912,-3.));
#8901=CARTESIAN_POINT('',(123.799998675108,19.5834169514912,0.));
#8902=CARTESIAN_POINT('',(121.,17.9668384925394,-3.));
#8903=CARTESIAN_POINT('Origin',(123.80000132489,22.816578458952,0.));
#8904=CARTESIAN_POINT('',(123.80000132489,22.816578458952,0.));
#8905=CARTESIAN_POINT('',(123.800034223594,62.9583044733346,0.));
#8906=CARTESIAN_POINT('',(123.80000132489,22.816578458952,-3.));
#8907=CARTESIAN_POINT('',(123.80000132489,22.816578458952,0.));
#8908=CARTESIAN_POINT('',(123.799998675108,19.5834169514912,-3.));
#8909=CARTESIAN_POINT('Origin',(121.000002649782,24.433161507461,0.));
#8910=CARTESIAN_POINT('',(121.000002649782,24.433161507461,0.));
#8911=CARTESIAN_POINT('',(118.968101200261,25.6062825766738,0.));
#8912=CARTESIAN_POINT('',(121.000002649782,24.433161507461,-3.));
#8913=CARTESIAN_POINT('',(121.000002649782,24.433161507461,0.));
#8914=CARTESIAN_POINT('',(123.80000132489,22.816578458952,-3.));
#8915=CARTESIAN_POINT('Origin',(118.200001324892,22.8165830485092,0.));
#8916=CARTESIAN_POINT('',(118.200001324892,22.8165830485092,0.));
#8917=CARTESIAN_POINT('',(151.631869213263,42.1184444406592,0.));
#8918=CARTESIAN_POINT('',(118.200001324892,22.8165830485092,-3.));
#8919=CARTESIAN_POINT('',(118.200001324892,22.8165830485092,0.));
#8920=CARTESIAN_POINT('',(121.000002649782,24.433161507461,-3.));
#8921=CARTESIAN_POINT('Origin',(118.19999867511,19.5834215410484,0.));
#8922=CARTESIAN_POINT('',(118.200032898705,61.3417283091613,0.));
#8923=CARTESIAN_POINT('',(118.200001324892,22.8165830485092,-3.));
#8924=CARTESIAN_POINT('Origin',(121.,21.2000000000002,-3.));
#8925=CARTESIAN_POINT('',(122.6,21.2000000000002,-3.));
#8926=CARTESIAN_POINT('Origin',(121.,21.2000000000002,-3.));
#8927=CARTESIAN_POINT('Origin',(120.8,29.2000000000002,-7.49999999999975));
#8928=CARTESIAN_POINT('',(116.8,29.2000000000002,-12.800000223519));
#8929=CARTESIAN_POINT('',(120.8,25.2000000000002,-12.800000223519));
#8930=CARTESIAN_POINT('Origin',(120.8,29.2000000000002,-12.800000223519));
#8931=CARTESIAN_POINT('',(120.8,25.2000000000002,-9.79999999999951));
#8932=CARTESIAN_POINT('',(120.8,25.2000000000002,-7.49999999999975));
#8933=CARTESIAN_POINT('',(116.8,29.2000000000002,-9.79999999999951));
#8934=CARTESIAN_POINT('Origin',(120.8,29.2000000000002,-9.79999999999951));
#8935=CARTESIAN_POINT('',(116.8,29.2000000000002,-7.49999999999975));
#8936=CARTESIAN_POINT('Origin',(123.645751311065,24.2000000000003,-12.800000223519));
#8937=CARTESIAN_POINT('',(116.8,61.2000000000002,-12.800000223519));
#8938=CARTESIAN_POINT('',(116.8,50.2000000000002,-12.800000223519));
#8939=CARTESIAN_POINT('',(120.8,57.2000000000002,-12.7999999999995));
#8940=CARTESIAN_POINT('Origin',(120.8,61.2000000000002,-12.800000223519));
#8941=CARTESIAN_POINT('',(121.,57.2000000000002,-12.7999999999995));
#8942=CARTESIAN_POINT('',(117.,57.2000000000002,-12.7999999999995));
#8943=CARTESIAN_POINT('',(125.,53.2000000000002,-12.7999999999995));
#8944=CARTESIAN_POINT('Origin',(121.,53.2000000000002,-12.800000223519));
#8945=CARTESIAN_POINT('',(125.,21.2000000000002,-12.800000223519));
#8946=CARTESIAN_POINT('',(125.,57.2000000000002,-12.7999999999995));
#8947=CARTESIAN_POINT('',(121.,25.2000000000002,-12.800000223519));
#8948=CARTESIAN_POINT('Origin',(121.,21.2000000000002,-12.800000223519));
#8949=CARTESIAN_POINT('',(120.322875655532,25.2000000000002,-12.800000223519));
#8950=CARTESIAN_POINT('Origin',(116.8,76.2000000000001,0.));
#8951=CARTESIAN_POINT('',(116.8,15.2000000000002,-9.800000223519));
#8952=CARTESIAN_POINT('',(116.8,46.7000000000002,-9.79999999999951));
#8953=CARTESIAN_POINT('',(116.8,15.2000000000002,0.));
#8954=CARTESIAN_POINT('',(116.8,15.2000000000002,-8.00000022351895));
#8955=CARTESIAN_POINT('',(116.8,74.7000000000001,-4.46427309858585E-7));
#8956=CARTESIAN_POINT('',(116.8,71.1500000000002,0.));
#8957=CARTESIAN_POINT('',(116.8,74.7000000000001,-14.9999999999995));
#8958=CARTESIAN_POINT('',(116.8,74.7000000000001,2.66453525910038E-13));
#8959=CARTESIAN_POINT('',(116.8,61.2000000000002,-14.9999999999995));
#8960=CARTESIAN_POINT('',(116.8,64.8500000000002,-14.9999999999995));
#8961=CARTESIAN_POINT('',(116.8,61.2000000000002,-13.000000223519));
#8962=CARTESIAN_POINT('Origin',(33.0000000000003,50.1,-10.1000001117592));
#8963=CARTESIAN_POINT('',(37.0000000000003,50.1,-12.7999999999995));
#8964=CARTESIAN_POINT('',(33.0000000000003,54.1,-12.7999999999995));
#8965=CARTESIAN_POINT('Origin',(33.0000000000003,50.1,-12.7999999999995));
#8966=CARTESIAN_POINT('',(33.0000000000003,54.1,-9.79999999999951));
#8967=CARTESIAN_POINT('',(33.0000000000003,54.1,-14.9999999999995));
#8968=CARTESIAN_POINT('',(37.0000000000003,50.1,-9.79999999999951));
#8969=CARTESIAN_POINT('Origin',(33.0000000000003,50.1,-9.79999999999951));
#8970=CARTESIAN_POINT('',(37.0000000000003,50.1,-10.1000001117592));
#8971=CARTESIAN_POINT('Origin',(37.0000000000003,48.7997677780478,-5.20000022351895));
#8972=CARTESIAN_POINT('',(37.0000000000003,66.1,-9.7999999999995));
#8973=CARTESIAN_POINT('',(37.0000000000003,49.4498838890239,-9.7999999999995));
#8974=CARTESIAN_POINT('',(37.0000000000003,66.1,-14.9999999999995));
#8975=CARTESIAN_POINT('',(37.0000000000003,66.1,-12.9999999999995));
#8976=CARTESIAN_POINT('',(37.0000000000003,74.7000000000001,-14.9999999999995));
#8977=CARTESIAN_POINT('',(37.0000000000003,64.8500000000002,-14.9999999999995));
#8978=CARTESIAN_POINT('',(37.0000000000003,74.7000000000001,0.));
#8979=CARTESIAN_POINT('',(37.0000000000003,74.7000000000001,-2.60000011175921));
#8980=CARTESIAN_POINT('',(37.0000000000003,15.2000000000002,0.));
#8981=CARTESIAN_POINT('',(37.0000000000003,57.4498838890241,0.));
#8982=CARTESIAN_POINT('',(37.0000000000003,15.2000000000002,-14.9999999999995));
#8983=CARTESIAN_POINT('',(37.0000000000003,15.2000000000002,-9.10000022351895));
#8984=CARTESIAN_POINT('',(37.0000000000003,34.1,-14.9999999999995));
#8985=CARTESIAN_POINT('',(37.0000000000003,64.8500000000002,-14.9999999999995));
#8986=CARTESIAN_POINT('',(37.0000000000003,34.1,-12.7999999999995));
#8987=CARTESIAN_POINT('',(37.0000000000003,34.1,-12.9999999999995));
#8988=CARTESIAN_POINT('',(37.0000000000003,49.4498838890239,-12.7999999999995));
#8989=CARTESIAN_POINT('Origin',(29.0000000000003,62.1,-14.9999999999995));
#8990=CARTESIAN_POINT('',(29.0000000000003,58.1,-12.7999999999995));
#8991=CARTESIAN_POINT('',(29.0000000000003,42.1,-12.7999999999995));
#8992=CARTESIAN_POINT('',(29.0000000000003,38.1,-12.7999999999995));
#8993=CARTESIAN_POINT('',(29.0000000000003,42.1,-14.9999999999995));
#8994=CARTESIAN_POINT('',(29.0000000000003,42.1,-12.9999999999995));
#8995=CARTESIAN_POINT('',(29.0000000000003,58.1,-14.9999999999995));
#8996=CARTESIAN_POINT('',(29.0000000000003,74.55,-14.9999999999995));
#8997=CARTESIAN_POINT('',(29.0000000000003,58.1,-12.9999999999995));
#8998=CARTESIAN_POINT('Origin',(125.,17.2000000000002,-14.9999999999995));
#8999=CARTESIAN_POINT('',(125.,53.2000000000002,-14.9999999999995));
#9000=CARTESIAN_POINT('',(125.,53.2000000000002,-12.9999999999995));
#9001=CARTESIAN_POINT('',(125.,21.2000000000002,-14.9999999999995));
#9002=CARTESIAN_POINT('',(125.,52.1000000000002,-14.9999999999995));
#9003=CARTESIAN_POINT('',(125.,21.2000000000002,-12.9999999999995));
#9004=CARTESIAN_POINT('Origin',(112.8,15.2000000000002,-6.50000011175948));
#9005=CARTESIAN_POINT('',(116.672983346207,14.2000000000002,-9.800000223519));
#9006=CARTESIAN_POINT('Origin',(112.8,15.2000000000002,-9.800000223519));
#9007=CARTESIAN_POINT('',(116.672983346207,14.2000000000002,-14.9999999999995));
#9008=CARTESIAN_POINT('',(116.672983346207,14.2000000000002,-13.000000223519));
#9009=CARTESIAN_POINT('',(112.8,11.2000000000002,-14.9999999999995));
#9010=CARTESIAN_POINT('Origin',(112.8,15.2000000000002,-14.9999999999995));
#9011=CARTESIAN_POINT('',(112.8,11.2000000000002,0.));
#9012=CARTESIAN_POINT('',(112.8,11.2000000000002,-8.00000022351895));
#9013=CARTESIAN_POINT('Origin',(112.8,15.2000000000002,0.));
#9014=CARTESIAN_POINT('Origin',(125.,25.2000000000002,-14.9999999999995));
#9015=CARTESIAN_POINT('',(121.,25.2000000000002,-9.79999999999951));
#9016=CARTESIAN_POINT('',(121.,25.2000000000002,-14.9999999999995));
#9017=CARTESIAN_POINT('',(117.,25.2000000000002,-9.79999999999951));
#9018=CARTESIAN_POINT('Origin',(121.,21.2000000000002,-9.79999999999951));
#9019=CARTESIAN_POINT('',(121.,17.2000000000002,-9.79999999999951));
#9020=CARTESIAN_POINT('Origin',(121.,21.2000000000002,-9.79999999999951));
#9021=CARTESIAN_POINT('',(120.545966692415,17.2000000000002,-9.7999999999995));
#9022=CARTESIAN_POINT('',(117.,17.2000000000002,-9.79999999999951));
#9023=CARTESIAN_POINT('Origin',(120.545966692415,13.2000000000002,-9.800000223519));
#9024=CARTESIAN_POINT('',(122.6,21.2000000000002,-9.79999999999951));
#9025=CARTESIAN_POINT('Origin',(121.,21.2000000000002,-9.79999999999951));
#9026=CARTESIAN_POINT('Origin',(33.0000000000003,58.1,-9.79999999999951));
#9027=CARTESIAN_POINT('',(33.0000000000003,62.1,-9.79999999999951));
#9028=CARTESIAN_POINT('Origin',(33.0000000000003,58.1,-9.79999999999951));
#9029=CARTESIAN_POINT('Origin',(33.0000000000003,66.1,-9.7999999999995));
#9030=CARTESIAN_POINT('',(34.6000000000003,58.1,-9.79999999999951));
#9031=CARTESIAN_POINT('Origin',(33.0000000000003,58.1,-9.79999999999951));
#9032=CARTESIAN_POINT('Origin',(33.0000000000003,50.1,-12.7999999999995));
#9033=CARTESIAN_POINT('',(33.0000000000003,38.1,-12.7999999999995));
#9034=CARTESIAN_POINT('Origin',(33.0000000000003,34.1,-12.7999999999995));
#9035=CARTESIAN_POINT('Origin',(33.0000000000003,42.1,-12.7999999999995));
#9036=CARTESIAN_POINT('Origin',(33.0000000000003,58.1,-12.7999999999995));
#9037=CARTESIAN_POINT('Origin',(6.84524454960943E-60,25.9997677780474,-9.20000022351895));
#9038=CARTESIAN_POINT('',(-2.9,25.9997677780474,-9.20000022351895));
#9039=CARTESIAN_POINT('Origin',(6.84524454960943E-60,25.9997677780474,-9.20000022351895));
#9040=CARTESIAN_POINT('Origin',(-12.9999999999997,86.5999999999999,-14.000000223519));
#9041=CARTESIAN_POINT('',(-12.9999999999997,41.4999999999998,-10.9999999999995));
#9042=CARTESIAN_POINT('Origin',(-12.9999999999997,43.0999999999998,-10.9999999999995));
#9043=CARTESIAN_POINT('Origin',(-12.9999999999997,45.6000000000002,-14.000000223519));
#9044=CARTESIAN_POINT('',(-12.9999999999997,90.7000000000002,-10.9999999999995));
#9045=CARTESIAN_POINT('Origin',(-12.9999999999997,89.1000000000002,-10.9999999999995));
#9046=CARTESIAN_POINT('Origin',(6.84524454960943E-60,106.200232221953,-9.20000022351895));
#9047=CARTESIAN_POINT('',(-2.9,106.200232221953,-9.20000022351895));
#9048=CARTESIAN_POINT('Origin',(6.84524454960943E-60,106.200232221953,-9.20000022351895));
#9049=CARTESIAN_POINT('Origin',(186.5,108.,0.));
#9050=CARTESIAN_POINT('',(186.5,87.5000000000001,-11.0000001639128));
#9051=CARTESIAN_POINT('Origin',(186.5,89.1000000000001,-11.0000001639128));
#9052=CARTESIAN_POINT('Origin',(186.5,108.,0.));
#9053=CARTESIAN_POINT('',(186.5,41.5000000000001,-11.0000001639128));
#9054=CARTESIAN_POINT('Origin',(186.5,43.1000000000001,-11.0000001639128));
#9055=CARTESIAN_POINT('Origin',(43.0000000000002,115.2,-11.000000223519));
#9056=CARTESIAN_POINT('',(44.6000000000003,115.2,-5.00000022351895));
#9057=CARTESIAN_POINT('Origin',(43.0000000000002,115.2,-5.00000022351895));
#9058=CARTESIAN_POINT('',(44.6000000000003,115.2,-11.3252605163513));
#9059=CARTESIAN_POINT('',(44.6000000000002,115.2,-11.000000223519));
#9060=CARTESIAN_POINT('Origin',(43.0000000000002,115.2,-11.3252605163513));
#9061=CARTESIAN_POINT('Origin',(6.84524454960943E-60,25.9997677780474,-7.70000022351895));
#9062=CARTESIAN_POINT('',(-2.9,25.9997677780474,-5.20000022351895));
#9063=CARTESIAN_POINT('Origin',(6.84524454960943E-60,25.9997677780474,-5.20000022351895));
#9064=CARTESIAN_POINT('',(-2.9,25.9997677780474,-7.70000022351895));
#9065=CARTESIAN_POINT('Origin',(-7.50000007450581,43.7997677780474,-4.79999999999947));
#9066=CARTESIAN_POINT('',(-5.90000007450581,43.7997677780474,-4.79999999999947));
#9067=CARTESIAN_POINT('Origin',(-7.50000007450581,43.7997677780474,-4.79999999999947));
#9068=CARTESIAN_POINT('Origin',(-19.9999999999997,43.0999999999998,-14.2331615074614));
#9069=CARTESIAN_POINT('',(-17.9999999999997,40.2999999999998,-12.6165807537304));
#9070=CARTESIAN_POINT('',(-17.9999999999997,43.0999999999998,-14.2331615074614));
#9071=CARTESIAN_POINT('',(-17.9999999999997,42.1004809585077,-13.6560889197957));
#9072=CARTESIAN_POINT('',(-14.9999999999997,40.2999999999998,-12.6165807537304));
#9073=CARTESIAN_POINT('',(-19.9999999999997,40.2999999999998,-12.6165807537304));
#9074=CARTESIAN_POINT('',(-14.9999999999997,43.0999999999998,-14.2331615074614));
#9075=CARTESIAN_POINT('',(-14.9999999999997,40.2999999999998,-12.6165807537304));
#9076=CARTESIAN_POINT('',(-19.9999999999997,43.0999999999998,-14.2331615074614));
#9077=CARTESIAN_POINT('Origin',(-19.9999999999997,45.8999999999998,-12.6165807537304));
#9078=CARTESIAN_POINT('',(-17.9999999999997,45.8999999999998,-12.6165807537304));
#9079=CARTESIAN_POINT('',(-17.9999999999997,45.499519041492,-12.8477985429303));
#9080=CARTESIAN_POINT('',(-14.9999999999997,45.8999999999998,-12.6165807537304));
#9081=CARTESIAN_POINT('',(-14.9999999999997,43.0999999999998,-14.2331615074614));
#9082=CARTESIAN_POINT('',(-19.9999999999997,45.8999999999998,-12.6165807537304));
#9083=CARTESIAN_POINT('Origin',(-19.9999999999997,43.0999999999998,-10.9999999999995));
#9084=CARTESIAN_POINT('',(-14.9999999999997,41.4999999999998,-10.9999999999995));
#9085=CARTESIAN_POINT('',(-19.9999999999997,41.4999999999998,-10.9999999999995));
#9086=CARTESIAN_POINT('Origin',(-14.9999999999997,43.0999999999998,-10.9999999999995));
#9087=CARTESIAN_POINT('Origin',(-7.50000007450581,88.4002322219527,-4.79999999999947));
#9088=CARTESIAN_POINT('',(-5.90000007450581,88.4002322219527,-4.79999999999947));
#9089=CARTESIAN_POINT('Origin',(-7.50000007450581,88.4002322219527,-4.79999999999947));
#9090=CARTESIAN_POINT('Origin',(-19.9999999999997,86.3000000000002,-12.6165807537304));
#9091=CARTESIAN_POINT('',(-17.9999999999997,89.1000000000002,-14.2331615074614));
#9092=CARTESIAN_POINT('',(-17.9999999999997,86.3000000000002,-12.6165807537304));
#9093=CARTESIAN_POINT('',(-17.9999999999997,86.7004809585081,-12.8477985429303));
#9094=CARTESIAN_POINT('',(-14.9999999999997,86.3000000000002,-12.6165807537304));
#9095=CARTESIAN_POINT('',(-19.9999999999997,86.3000000000002,-12.6165807537304));
#9096=CARTESIAN_POINT('',(-14.9999999999997,89.1000000000002,-14.2331615074614));
#9097=CARTESIAN_POINT('',(-14.9999999999997,89.1000000000002,-14.2331615074614));
#9098=CARTESIAN_POINT('',(-19.9999999999997,89.1000000000002,-14.2331615074614));
#9099=CARTESIAN_POINT('Origin',(-19.9999999999997,89.1000000000002,-14.2331615074614));
#9100=CARTESIAN_POINT('',(-17.9999999999997,91.9000000000002,-12.6165807537304));
#9101=CARTESIAN_POINT('',(-17.9999999999997,90.0995190414924,-13.6560889197957));
#9102=CARTESIAN_POINT('',(-14.9999999999997,91.9000000000002,-12.6165807537304));
#9103=CARTESIAN_POINT('',(-14.9999999999997,91.9000000000002,-12.6165807537304));
#9104=CARTESIAN_POINT('',(-19.9999999999997,91.9000000000002,-12.6165807537304));
#9105=CARTESIAN_POINT('Origin',(-19.9999999999997,89.1000000000002,-10.9999999999995));
#9106=CARTESIAN_POINT('',(-14.9999999999997,90.7000000000002,-10.9999999999995));
#9107=CARTESIAN_POINT('Origin',(-14.9999999999997,89.1000000000002,-10.9999999999995));
#9108=CARTESIAN_POINT('',(-19.9999999999997,90.7000000000002,-10.9999999999995));
#9109=CARTESIAN_POINT('Origin',(6.84524454960943E-60,106.200232221953,-7.70000022351895));
#9110=CARTESIAN_POINT('',(-2.9,106.200232221953,-5.20000022351895));
#9111=CARTESIAN_POINT('',(-2.9,106.200232221953,-7.70000022351895));
#9112=CARTESIAN_POINT('Origin',(6.84524454960943E-60,106.200232221953,-5.20000022351895));
#9113=CARTESIAN_POINT('Origin',(193.5,89.1000000000001,-11.0000001639128));
#9114=CARTESIAN_POINT('',(188.5,87.5000000000001,-11.0000001639128));
#9115=CARTESIAN_POINT('Origin',(188.5,89.1000000000001,-11.0000001639128));
#9116=CARTESIAN_POINT('',(193.5,87.5000000000001,-11.0000001639128));
#9117=CARTESIAN_POINT('Origin',(193.5,89.1000000000001,-14.2331616713747));
#9118=CARTESIAN_POINT('',(191.5,86.3000000000001,-12.6165809176437));
#9119=CARTESIAN_POINT('',(191.5,89.1000000000001,-14.2331616713747));
#9120=CARTESIAN_POINT('',(191.5,87.5592150520524,-13.3435890669138));
#9121=CARTESIAN_POINT('',(188.5,89.1000000000001,-14.2331616713747));
#9122=CARTESIAN_POINT('',(193.5,89.1000000000001,-14.2331616713747));
#9123=CARTESIAN_POINT('',(188.5,86.3000000000001,-12.6165809176437));
#9124=CARTESIAN_POINT('',(188.5,89.1000000000001,-14.2331616713747));
#9125=CARTESIAN_POINT('',(193.5,86.3000000000001,-12.6165809176437));
#9126=CARTESIAN_POINT('Origin',(193.5,91.9000000000001,-12.6165809176437));
#9127=CARTESIAN_POINT('',(191.5,91.9000000000001,-12.6165809176437));
#9128=CARTESIAN_POINT('',(191.5,92.0407849479478,-12.5352986900483));
#9129=CARTESIAN_POINT('',(188.5,91.9000000000001,-12.6165809176437));
#9130=CARTESIAN_POINT('',(193.5,91.9000000000001,-12.6165809176437));
#9131=CARTESIAN_POINT('',(188.5,91.9000000000001,-12.6165809176437));
#9132=CARTESIAN_POINT('Origin',(191.5,56.1,-5.00000000000004));
#9133=CARTESIAN_POINT('',(189.9,56.1,-5.00000000000004));
#9134=CARTESIAN_POINT('Origin',(191.5,56.1,-5.00000000000004));
#9135=CARTESIAN_POINT('Origin',(193.5,43.1000000000001,-11.0000001639128));
#9136=CARTESIAN_POINT('',(188.5,41.5000000000001,-11.0000001639128));
#9137=CARTESIAN_POINT('Origin',(188.5,43.1000000000001,-11.0000001639128));
#9138=CARTESIAN_POINT('',(193.5,41.5000000000001,-11.0000001639128));
#9139=CARTESIAN_POINT('Origin',(193.5,45.9000000000001,-12.6165809176437));
#9140=CARTESIAN_POINT('',(191.5,43.1000000000001,-14.2331616713747));
#9141=CARTESIAN_POINT('',(191.5,45.9000000000001,-12.6165809176437));
#9142=CARTESIAN_POINT('',(191.5,46.0407849479478,-12.5352986900483));
#9143=CARTESIAN_POINT('',(188.5,45.9000000000001,-12.6165809176437));
#9144=CARTESIAN_POINT('',(193.5,45.9000000000001,-12.6165809176437));
#9145=CARTESIAN_POINT('',(188.5,43.1000000000001,-14.2331616713747));
#9146=CARTESIAN_POINT('',(188.5,43.1000000000001,-14.2331616713747));
#9147=CARTESIAN_POINT('',(193.5,43.1000000000001,-14.2331616713747));
#9148=CARTESIAN_POINT('Origin',(193.5,43.1000000000001,-14.2331616713747));
#9149=CARTESIAN_POINT('',(191.5,40.3000000000001,-12.6165809176437));
#9150=CARTESIAN_POINT('',(191.5,41.5592150520524,-13.3435890669138));
#9151=CARTESIAN_POINT('',(188.5,40.3000000000001,-12.6165809176437));
#9152=CARTESIAN_POINT('',(188.5,40.3000000000001,-12.6165809176437));
#9153=CARTESIAN_POINT('',(193.5,40.3000000000001,-12.6165809176437));
#9154=CARTESIAN_POINT('Origin',(191.5,76.0999999999996,-4.9999999999995));
#9155=CARTESIAN_POINT('',(189.9,76.0999999999996,-4.9999999999995));
#9156=CARTESIAN_POINT('Origin',(191.5,76.0999999999996,-4.9999999999995));
#9157=CARTESIAN_POINT('Origin',(105.,83.2000000000001,-11.000000223519));
#9158=CARTESIAN_POINT('',(106.6,83.2000000000001,-5.00000022351895));
#9159=CARTESIAN_POINT('Origin',(105.,83.2000000000001,-5.00000022351895));
#9160=CARTESIAN_POINT('',(106.6,83.2000000000001,-11.3252605163513));
#9161=CARTESIAN_POINT('',(106.6,83.2000000000001,-11.000000223519));
#9162=CARTESIAN_POINT('Origin',(105.,83.2000000000001,-11.3252605163513));
#9163=CARTESIAN_POINT('Origin',(43.0000000000002,115.2,-5.00000022351895));
#9164=CARTESIAN_POINT('',(45.5000000000002,115.2,-5.00000022351895));
#9165=CARTESIAN_POINT('Origin',(43.0000000000002,115.2,-5.00000022351895));
#9166=CARTESIAN_POINT('Origin',(189.5,98.2000000000001,-11.2413505532335));
#9167=CARTESIAN_POINT('',(191.1,98.2000000000001,-11.3252605163513));
#9168=CARTESIAN_POINT('Origin',(189.5,98.2000000000001,-11.3252605163513));
#9169=CARTESIAN_POINT('',(192.5,98.2000000000001,-12.4999999999995));
#9170=CARTESIAN_POINT('',(191.,98.2000000000001,-11.2413505532335));
#9171=CARTESIAN_POINT('Origin',(189.5,98.2000000000001,-12.4999999999995));
#9172=CARTESIAN_POINT('Origin',(105.,83.2000000000001,-11.2413505532335));
#9173=CARTESIAN_POINT('',(108.,83.2000000000001,-12.4999999999995));
#9174=CARTESIAN_POINT('',(106.5,83.2000000000001,-11.2413505532335));
#9175=CARTESIAN_POINT('Origin',(105.,83.2000000000001,-12.4999999999995));
#9176=CARTESIAN_POINT('Origin',(43.0000000000002,115.2,-11.2413505532335));
#9177=CARTESIAN_POINT('',(46.0000000000002,115.2,-12.4999999999995));
#9178=CARTESIAN_POINT('',(44.5000000000002,115.2,-11.2413505532335));
#9179=CARTESIAN_POINT('Origin',(43.0000000000002,115.2,-12.4999999999995));
#9180=CARTESIAN_POINT('Origin',(-7.50000007450581,96.4002322219527,-11.2413505532335));
#9181=CARTESIAN_POINT('',(-5.90000007450581,96.4002322219527,-11.3252605163513));
#9182=CARTESIAN_POINT('Origin',(-7.50000007450581,96.4002322219527,-11.3252605163513));
#9183=CARTESIAN_POINT('',(-4.50000007450581,96.4002322219527,-12.4999999999995));
#9184=CARTESIAN_POINT('',(-6.00000007450581,96.4002322219527,-11.2413505532335));
#9185=CARTESIAN_POINT('Origin',(-7.50000007450581,96.4002322219527,-12.4999999999995));
#9186=CARTESIAN_POINT('Origin',(-7.50000007450581,35.7997677780474,-11.2413505532335));
#9187=CARTESIAN_POINT('',(-5.90000007450581,35.7997677780474,-11.3252605163513));
#9188=CARTESIAN_POINT('Origin',(-7.50000007450581,35.7997677780474,-11.3252605163513));
#9189=CARTESIAN_POINT('',(-4.50000007450581,35.7997677780474,-12.4999999999995));
#9190=CARTESIAN_POINT('',(-6.00000007450581,35.7997677780474,-11.2413505532335));
#9191=CARTESIAN_POINT('Origin',(-7.50000007450581,35.7997677780474,-12.4999999999995));
#9192=CARTESIAN_POINT('Origin',(189.5,34.0000000000002,-11.2413505532335));
#9193=CARTESIAN_POINT('',(191.1,34.0000000000002,-11.3252605163513));
#9194=CARTESIAN_POINT('Origin',(189.5,34.0000000000002,-11.3252605163513));
#9195=CARTESIAN_POINT('',(192.5,34.0000000000002,-12.4999999999995));
#9196=CARTESIAN_POINT('',(191.,34.0000000000002,-11.2413505532335));
#9197=CARTESIAN_POINT('Origin',(189.5,34.0000000000002,-12.4999999999995));
#9198=CARTESIAN_POINT('Origin',(191.5,89.1000000000001,-11.0000001639128));
#9199=CARTESIAN_POINT('',(191.5,87.5000000000001,-11.0000001639128));
#9200=CARTESIAN_POINT('Origin',(191.5,89.1000000000001,-11.0000001639128));
#9201=CARTESIAN_POINT('',(193.5,87.5000000000001,-11.0000001639128));
#9202=CARTESIAN_POINT('',(191.5,87.5000000000001,-11.0000001639128));
#9203=CARTESIAN_POINT('Origin',(193.5,89.1000000000001,-11.0000001639128));
#9204=CARTESIAN_POINT('Origin',(191.5,43.1000000000001,-11.0000001639128));
#9205=CARTESIAN_POINT('',(191.5,41.5000000000001,-11.0000001639128));
#9206=CARTESIAN_POINT('Origin',(191.5,43.1000000000001,-11.0000001639128));
#9207=CARTESIAN_POINT('',(193.5,41.5000000000001,-11.0000001639128));
#9208=CARTESIAN_POINT('',(191.5,41.5000000000001,-11.0000001639128));
#9209=CARTESIAN_POINT('Origin',(193.5,43.1000000000001,-11.0000001639128));
#9210=CARTESIAN_POINT('Origin',(123.645751311065,24.2000000000003,-13.000000223519));
#9211=CARTESIAN_POINT('',(123.645751311065,11.7857864376271,-13.000000223519));
#9212=CARTESIAN_POINT('',(124.,13.2000000000002,-13.000000223519));
#9213=CARTESIAN_POINT('Origin',(121.,13.2000000000002,-13.000000223519));
#9214=CARTESIAN_POINT('',(123.645751311065,14.6142135623733,-13.000000223519));
#9215=CARTESIAN_POINT('',(123.645751311065,24.2000000000002,-13.000000223519));
#9216=CARTESIAN_POINT('Origin',(121.,13.2000000000002,-13.000000223519));
#9217=CARTESIAN_POINT('Origin',(1.0547118733939E-14,25.9998838890236,-5.20000022351895));
#9218=CARTESIAN_POINT('',(-1.40079594403195,21.1999999999998,-5.20000022351895));
#9219=CARTESIAN_POINT('',(4.36982694980409,23.5698269498037,-5.20000022351895));
#9220=CARTESIAN_POINT('Origin',(6.84524454960943E-60,25.9997677780474,-5.20000022351895));
#9221=CARTESIAN_POINT('',(2.00000000000026,21.1999999999998,-5.20000022351895));
#9222=CARTESIAN_POINT('',(-9.99999999999972,21.1999999999998,-5.20000022351895));
#9223=CARTESIAN_POINT('',(2.00000000000026,21.1999999999998,-5.20000022351895));
#9224=CARTESIAN_POINT('Origin',(6.84524454960943E-60,25.9997677780474,-5.20000022351895));
#9225=CARTESIAN_POINT('',(4.36982694980409,23.5698269498037,-6.20000022351895));
#9226=CARTESIAN_POINT('',(4.3698269498041,23.5698269498037,-5.20000022351895));
#9227=CARTESIAN_POINT('',(-1.40079594403195,21.1999999999998,-6.20000022351895));
#9228=CARTESIAN_POINT('Origin',(6.84524454960943E-60,25.9997677780474,-6.20000022351895));
#9229=CARTESIAN_POINT('',(-1.40079594403195,21.1999999999998,-5.20000022351895));
#9230=CARTESIAN_POINT('Origin',(-11.5000000745058,35.7997677780474,-5.20000022351895));
#9231=CARTESIAN_POINT('',(-11.5000000745058,27.8705211431643,-5.0000002229447));
#9232=CARTESIAN_POINT('',(-11.5000000745058,27.8705211431643,-6.20000022351895));
#9233=CARTESIAN_POINT('',(-11.5000000745058,27.8705211431643,-10.1000001117592));
#9234=CARTESIAN_POINT('',(-11.5000000745058,35.7997677780474,-6.20000022351895));
#9235=CARTESIAN_POINT('',(-11.5000000745058,35.7997677780474,-6.20000022351895));
#9236=CARTESIAN_POINT('',(-11.5000000745058,35.7997677780474,-5.00000022351895));
#9237=CARTESIAN_POINT('',(-11.5000000745058,35.7997677780474,-5.20000022351895));
#9238=CARTESIAN_POINT('',(-11.5000000745058,37.3998258335355,-5.00000022351895));
#9239=CARTESIAN_POINT('Origin',(-7.50000007450581,43.7997677780474,-5.20000022351895));
#9240=CARTESIAN_POINT('',(-5.90000007450581,43.7997677780474,-5.20000022351895));
#9241=CARTESIAN_POINT('Origin',(-7.50000007450581,35.7997677780474,-5.20000022351895));
#9242=CARTESIAN_POINT('',(-5.90000007450581,35.7997677780474,-5.20000022351895));
#9243=CARTESIAN_POINT('Origin',(-19.9999999999997,45.8999999999998,-5.00000010481119));
#9244=CARTESIAN_POINT('',(-17.9999999999997,45.8999999999998,-7.30829045547373));
#9245=CARTESIAN_POINT('',(-14.9999999999997,45.8999999999998,-12.6165807537304));
#9246=CARTESIAN_POINT('Origin',(-17.9999999999997,43.0999999999998,-9.61658080613628));
#9247=CARTESIAN_POINT('',(-17.9999999999997,40.2999999999998,-11.1165807799333));
#9248=CARTESIAN_POINT('',(-17.9999999999997,41.4999999999998,-10.9999999999995));
#9249=CARTESIAN_POINT('Origin',(-17.9999999999997,43.0999999999998,-10.9999999999995));
#9250=CARTESIAN_POINT('Origin',(-19.9999999999997,40.2999999999998,-12.6165807537304));
#9251=CARTESIAN_POINT('',(-14.9999999999997,40.2999999999998,-5.00000022351895));
#9252=CARTESIAN_POINT('Origin',(-14.9999999999997,43.0999999999998,-9.61658080613628));
#9253=CARTESIAN_POINT('Origin',(-7.50000007450581,43.7997677780474,-5.20000022351895));
#9254=CARTESIAN_POINT('',(-3.50000007450581,43.7997677780474,-6.20000022351895));
#9255=CARTESIAN_POINT('',(-3.50000007450581,43.7997677780474,-5.20000022351895));
#9256=CARTESIAN_POINT('',(-7.49976784581212,47.7997677713061,-6.20000022351895));
#9257=CARTESIAN_POINT('Origin',(-7.50000007450581,43.7997677780474,-6.20000022351895));
#9258=CARTESIAN_POINT('',(-7.49976784581214,47.7997677713061,-5.20000022351895));
#9259=CARTESIAN_POINT('',(-11.5000000745058,43.7997677780474,-5.20000022351895));
#9260=CARTESIAN_POINT('Origin',(-3.50000007450581,35.7997677780474,-5.20000022351895));
#9261=CARTESIAN_POINT('',(-3.50000007450581,35.7997677780474,-6.20000022351895));
#9262=CARTESIAN_POINT('',(-3.50000007450581,35.7997677780474,-5.20000022351895));
#9263=CARTESIAN_POINT('',(-3.50000007450581,35.7997677780474,-6.20000022351895));
#9264=CARTESIAN_POINT('Origin',(-7.50000007450581,35.7997677780474,-5.20000022351895));
#9265=CARTESIAN_POINT('',(-11.5000000745058,35.7997677780474,-5.20000022351895));
#9266=CARTESIAN_POINT('Origin',(-7.50000007450581,35.7997677780474,-6.20000022351895));
#9267=CARTESIAN_POINT('Origin',(-11.5000000745058,43.7997677780474,-5.20000022351895));
#9268=CARTESIAN_POINT('',(-11.5000000745058,38.0999999999998,-5.00000022351895));
#9269=CARTESIAN_POINT('',(-11.5000000745058,38.0999999999998,-5.10000022351895));
#9270=CARTESIAN_POINT('',(-11.5000000745058,34.8998258335355,-5.00000022351895));
#9271=CARTESIAN_POINT('Origin',(-7.50000007450581,88.4002322219527,-5.20000022351895));
#9272=CARTESIAN_POINT('',(-5.90000007450581,88.4002322219527,-5.20000022351895));
#9273=CARTESIAN_POINT('Origin',(-7.50000007450581,96.4002322219527,-5.20000022351895));
#9274=CARTESIAN_POINT('',(-5.90000007450581,96.4002322219527,-5.20000022351895));
#9275=CARTESIAN_POINT('Origin',(-19.9999999999997,91.9000000000002,-12.6165807537304));
#9276=CARTESIAN_POINT('',(-17.9999999999997,91.9000000000002,-11.1165807799333));
#9277=CARTESIAN_POINT('',(-14.9999999999997,91.9000000000002,-5.00000022351895));
#9278=CARTESIAN_POINT('Origin',(-17.9999999999997,89.1000000000002,-9.61658080613628));
#9279=CARTESIAN_POINT('',(-17.9999999999997,86.3000000000002,-7.30829045547373));
#9280=CARTESIAN_POINT('',(-17.9999999999997,90.7000000000002,-10.9999999999995));
#9281=CARTESIAN_POINT('Origin',(-17.9999999999997,89.1000000000002,-10.9999999999995));
#9282=CARTESIAN_POINT('Origin',(-19.9999999999997,86.3000000000002,-5.00000010481119));
#9283=CARTESIAN_POINT('',(-14.9999999999997,86.3000000000002,-12.6165807537304));
#9284=CARTESIAN_POINT('Origin',(-14.9999999999997,89.1000000000002,-9.61658080613628));
#9285=CARTESIAN_POINT('Origin',(-11.5000000745058,88.4002322219527,-5.20000022351895));
#9286=CARTESIAN_POINT('',(-11.5000000745058,96.4002322219527,-5.00000022351895));
#9287=CARTESIAN_POINT('',(-11.5000000745058,96.4002322219527,-5.20000022351895));
#9288=CARTESIAN_POINT('',(-11.5000000745058,94.1000000000002,-5.00000022351895));
#9289=CARTESIAN_POINT('',(-11.5000000745058,97.3001741664646,-5.00000022351895));
#9290=CARTESIAN_POINT('',(-11.5000000745058,94.1000000000002,-5.10000022351895));
#9291=CARTESIAN_POINT('',(-11.5000000745058,88.4002322219527,-5.20000022351895));
#9292=CARTESIAN_POINT('Origin',(1.0547118733939E-14,106.200116110976,-5.20000022351895));
#9293=CARTESIAN_POINT('',(-1.40079594403195,111.,-5.20000022351895));
#9294=CARTESIAN_POINT('',(4.36982694980409,108.630173050196,-5.20000022351895));
#9295=CARTESIAN_POINT('Origin',(6.84524454960943E-60,106.200232221953,-5.20000022351895));
#9296=CARTESIAN_POINT('',(2.00000000000026,111.,-5.20000022351895));
#9297=CARTESIAN_POINT('',(2.00000000000026,111.,-5.20000022351895));
#9298=CARTESIAN_POINT('',(-9.99999999999972,111.,-5.20000022351895));
#9299=CARTESIAN_POINT('Origin',(-7.50000007450581,88.4002322219527,-5.20000022351895));
#9300=CARTESIAN_POINT('',(-7.49976784581207,84.400232228694,-6.20000022351895));
#9301=CARTESIAN_POINT('',(-7.49976784581202,84.400232228694,-5.20000022351895));
#9302=CARTESIAN_POINT('',(-3.50000007450581,88.4002322219527,-6.20000022351895));
#9303=CARTESIAN_POINT('Origin',(-7.50000007450581,88.4002322219527,-6.20000022351895));
#9304=CARTESIAN_POINT('',(-3.50000007450581,88.4002322219527,-5.20000022351895));
#9305=CARTESIAN_POINT('Origin',(-3.50000007450581,96.4002322219527,-5.20000022351895));
#9306=CARTESIAN_POINT('',(-3.50000007450581,96.4002322219527,-6.20000022351895));
#9307=CARTESIAN_POINT('',(-3.50000007450581,96.4002322219527,-6.20000022351895));
#9308=CARTESIAN_POINT('',(-3.50000007450581,96.4002322219527,-5.20000022351895));
#9309=CARTESIAN_POINT('Origin',(-7.50000007450581,96.4002322219527,-5.20000022351895));
#9310=CARTESIAN_POINT('',(-11.5000000745058,96.4002322219527,-6.20000022351895));
#9311=CARTESIAN_POINT('Origin',(-7.50000007450581,96.4002322219527,-6.20000022351895));
#9312=CARTESIAN_POINT('',(-11.5000000745058,96.4002322219527,-5.20000022351895));
#9313=CARTESIAN_POINT('Origin',(-11.5000000745058,96.4002322219527,-5.20000022351895));
#9314=CARTESIAN_POINT('',(-11.5000000745058,104.329478856836,-6.20000022351895));
#9315=CARTESIAN_POINT('',(-11.5000000745058,104.329478856836,-5.0000002229447));
#9316=CARTESIAN_POINT('',(-11.5000000745058,104.329478856836,-10.1000001117592));
#9317=CARTESIAN_POINT('',(-11.5000000745058,94.8001741664646,-5.00000022351895));
#9318=CARTESIAN_POINT('',(-11.5000000745058,96.4002322219527,-6.20000022351895));
#9319=CARTESIAN_POINT('Origin',(6.84524454960943E-60,106.200232221953,-5.20000022351895));
#9320=CARTESIAN_POINT('',(-1.40079594403195,111.,-6.20000022351895));
#9321=CARTESIAN_POINT('',(-1.40079594403195,111.,-5.20000022351895));
#9322=CARTESIAN_POINT('',(4.36982694980409,108.630173050196,-6.20000022351895));
#9323=CARTESIAN_POINT('Origin',(6.84524454960943E-60,106.200232221953,-6.20000022351895));
#9324=CARTESIAN_POINT('',(4.3698269498041,108.630173050196,-5.20000022351895));
#9325=CARTESIAN_POINT('Origin',(188.5,89.1000000000001,-7.11658083568734));
#9326=CARTESIAN_POINT('',(188.5,86.3000000000001,0.));
#9327=CARTESIAN_POINT('',(188.5,91.9000000000001,0.));
#9328=CARTESIAN_POINT('',(188.5,87.0000000000001,0.));
#9329=CARTESIAN_POINT('',(188.5,86.3000000000001,-9.38341941018182));
#9330=CARTESIAN_POINT('',(188.5,91.9000000000001,-9.38341941018182));
#9331=CARTESIAN_POINT('Origin',(193.5,86.3000000000001,-12.6165809176437));
#9332=CARTESIAN_POINT('',(191.5,86.3000000000001,0.));
#9333=CARTESIAN_POINT('',(191.5,86.3000000000001,-9.86658087666553));
#9334=CARTESIAN_POINT('',(177.25,86.3000000000001,0.));
#9335=CARTESIAN_POINT('Origin',(191.5,89.1000000000001,-7.11658083568734));
#9336=CARTESIAN_POINT('',(191.5,91.9000000000001,0.));
#9337=CARTESIAN_POINT('',(191.5,92.1000000000001,0.));
#9338=CARTESIAN_POINT('',(191.5,91.9000000000001,-3.55829041784367));
#9339=CARTESIAN_POINT('Origin',(193.5,91.9000000000001,0.));
#9340=CARTESIAN_POINT('',(177.25,91.9000000000001,0.));
#9341=CARTESIAN_POINT('Origin',(189.5,98.2000000000001,-4.99999999999946));
#9342=CARTESIAN_POINT('',(191.1,98.2000000000001,-1.11022302462516E-15));
#9343=CARTESIAN_POINT('',(191.1,98.2000000000001,-4.99999999999946));
#9344=CARTESIAN_POINT('Origin',(189.5,98.2000000000001,-1.11022302462516E-15));
#9345=CARTESIAN_POINT('Origin',(191.5,56.1,15.5));
#9346=CARTESIAN_POINT('',(189.9,56.1,0.));
#9347=CARTESIAN_POINT('Origin',(191.5,56.1,0.));
#9348=CARTESIAN_POINT('',(189.9,56.1,15.5));
#9349=CARTESIAN_POINT('Origin',(189.5,34.0000000000002,0.));
#9350=CARTESIAN_POINT('',(191.1,34.0000000000002,0.));
#9351=CARTESIAN_POINT('',(191.1,34.0000000000002,0.));
#9352=CARTESIAN_POINT('Origin',(189.5,34.0000000000002,0.));
#9353=CARTESIAN_POINT('Origin',(193.5,40.3000000000001,-12.6165809176437));
#9354=CARTESIAN_POINT('',(191.5,40.3000000000001,0.));
#9355=CARTESIAN_POINT('',(191.5,40.3000000000001,-9.86658087666553));
#9356=CARTESIAN_POINT('',(188.5,40.3000000000001,0.));
#9357=CARTESIAN_POINT('',(188.5,40.3000000000001,0.));
#9358=CARTESIAN_POINT('',(177.25,40.3000000000001,0.));
#9359=CARTESIAN_POINT('Origin',(191.5,43.1000000000001,-7.11658083568734));
#9360=CARTESIAN_POINT('',(191.5,45.9000000000001,0.));
#9361=CARTESIAN_POINT('',(191.5,73.1000000000001,0.));
#9362=CARTESIAN_POINT('',(191.5,45.9000000000001,-3.55829041784367));
#9363=CARTESIAN_POINT('Origin',(193.5,45.9000000000001,0.));
#9364=CARTESIAN_POINT('',(188.5,45.9000000000001,0.));
#9365=CARTESIAN_POINT('',(177.25,45.9000000000001,0.));
#9366=CARTESIAN_POINT('',(188.5,45.9000000000001,-12.6165809176437));
#9367=CARTESIAN_POINT('Origin',(188.5,43.1000000000001,-7.11658083568734));
#9368=CARTESIAN_POINT('',(188.5,91.0000000000001,0.));
#9369=CARTESIAN_POINT('Origin',(191.5,76.0999999999996,15.5000000000005));
#9370=CARTESIAN_POINT('',(189.9,76.0999999999996,2.22044604925031E-15));
#9371=CARTESIAN_POINT('Origin',(191.5,76.0999999999996,0.));
#9372=CARTESIAN_POINT('',(189.9,76.0999999999996,15.5000000000005));
#9373=CARTESIAN_POINT('Origin',(123.645751311064,24.2000000000003,-10.9999999999995));
#9374=CARTESIAN_POINT('',(123.645751311064,11.7857864376269,-12.4999999999995));
#9375=CARTESIAN_POINT('',(123.645751311064,11.7857864376269,-13.7499999999995));
#9376=CARTESIAN_POINT('',(123.645751311065,13.2000000000002,-12.2027500557686));
#9377=CARTESIAN_POINT('Ctrl Pts',(123.645751311065,13.2000000000002,-12.2027500557686));
#9378=CARTESIAN_POINT('Ctrl Pts',(123.645751311064,12.537261388145,-12.2027500557686));
#9379=CARTESIAN_POINT('Ctrl Pts',(123.645751311064,11.7857864376267,-12.4999999999995));
#9380=CARTESIAN_POINT('',(123.645751311064,14.6142135623735,-12.4999999999995));
#9381=CARTESIAN_POINT('Ctrl Pts',(123.645751311064,14.6142135623737,-12.4999999999995));
#9382=CARTESIAN_POINT('Ctrl Pts',(123.645751311065,13.8627386118554,-12.2027500557686));
#9383=CARTESIAN_POINT('Ctrl Pts',(123.645751311065,13.2000000000002,-12.2027500557686));
#9384=CARTESIAN_POINT('',(123.645751311064,14.6142135623735,-13.7499999999995));
#9385=CARTESIAN_POINT('Origin',(105.,83.2000000000001,-5.00000022351895));
#9386=CARTESIAN_POINT('',(107.5,83.2000000000001,-5.00000022351895));
#9387=CARTESIAN_POINT('Origin',(105.,83.2000000000001,-5.00000022351895));
#9388=CARTESIAN_POINT('Origin',(43.0000000000002,115.2,-8.98492446401071));
#9389=CARTESIAN_POINT('',(48.481084007376,115.2,-13.000000223519));
#9390=CARTESIAN_POINT('Origin',(43.0000000000002,115.2,-13.000000223519));
#9391=CARTESIAN_POINT('',(46.984924240492,115.2,-8.98492446401071));
#9392=CARTESIAN_POINT('Origin',(41.0000000000003,79.2000000000001,-13.000000223519));
#9393=CARTESIAN_POINT('',(41.0000000000003,80.2000000000001,-13.000000223519));
#9394=CARTESIAN_POINT('',(41.0000000000003,80.2000000000001,-5.00000022351895));
#9395=CARTESIAN_POINT('',(41.0000000000003,80.2000000000001,-10.000000223519));
#9396=CARTESIAN_POINT('',(41.0000000000003,79.2000000000001,-5.00000022351895));
#9397=CARTESIAN_POINT('',(41.0000000000003,79.2000000000001,-5.00000022351895));
#9398=CARTESIAN_POINT('',(41.0000000000003,79.2000000000001,-13.000000223519));
#9399=CARTESIAN_POINT('',(41.0000000000003,79.2000000000001,-6.50000011176158));
#9400=CARTESIAN_POINT('',(41.0000000000003,54.7000000000002,-13.000000223519));
#9401=CARTESIAN_POINT('Origin',(40.0000000000003,80.2000000000001,-13.000000223519));
#9402=CARTESIAN_POINT('',(40.0000000000003,81.2000000000001,-13.000000223519));
#9403=CARTESIAN_POINT('Origin',(40.0000000000003,80.2000000000001,-13.000000223519));
#9404=CARTESIAN_POINT('',(40.0000000000003,81.2000000000001,-5.00000022351895));
#9405=CARTESIAN_POINT('',(40.0000000000003,81.2000000000001,-13.000000223519));
#9406=CARTESIAN_POINT('Origin',(40.0000000000003,80.2000000000001,-5.00000022351895));
#9407=CARTESIAN_POINT('Origin',(41.0000000000003,81.2000000000001,-13.000000223519));
#9408=CARTESIAN_POINT('',(38.0000000000003,81.2000000000001,-13.000000223519));
#9409=CARTESIAN_POINT('',(92.5000000000003,81.2000000000001,-13.000000223519));
#9410=CARTESIAN_POINT('',(38.0000000000003,81.2000000000001,-5.00000022351895));
#9411=CARTESIAN_POINT('',(38.0000000000003,81.2000000000001,-9.10000022351895));
#9412=CARTESIAN_POINT('',(41.0000000000003,81.2000000000001,-5.00000022351895));
#9413=CARTESIAN_POINT('Origin',(107.,119.2,-13.000000223519));
#9414=CARTESIAN_POINT('',(107.,120.,-13.000000223519));
#9415=CARTESIAN_POINT('',(107.,120.,-5.00000022351895));
#9416=CARTESIAN_POINT('',(107.,120.,-13.000000223519));
#9417=CARTESIAN_POINT('',(107.,118.2,-13.000000223519));
#9418=CARTESIAN_POINT('',(107.,70.7000000000002,-13.000000223519));
#9419=CARTESIAN_POINT('',(107.,118.2,-5.00000022351895));
#9420=CARTESIAN_POINT('',(107.,118.2,-10.000000223519));
#9421=CARTESIAN_POINT('',(107.,119.2,-5.00000022351895));
#9422=CARTESIAN_POINT('Origin',(108.000000000001,118.2,-13.000000223519));
#9423=CARTESIAN_POINT('',(108.000000000001,117.2,-13.000000223519));
#9424=CARTESIAN_POINT('Origin',(108.000000000001,118.2,-13.000000223519));
#9425=CARTESIAN_POINT('',(108.000000000001,117.2,-5.00000022351895));
#9426=CARTESIAN_POINT('',(108.000000000001,117.2,-13.000000223519));
#9427=CARTESIAN_POINT('Origin',(108.000000000001,118.2,-5.00000022351895));
#9428=CARTESIAN_POINT('Origin',(107.,117.2,-13.000000223519));
#9429=CARTESIAN_POINT('',(110.,117.2,-5.00000022351895));
#9430=CARTESIAN_POINT('',(110.,117.2,-13.000000223519));
#9431=CARTESIAN_POINT('',(110.,117.2,-6.50000011175945));
#9432=CARTESIAN_POINT('',(107.,117.2,-5.00000022351895));
#9433=CARTESIAN_POINT('',(125.5,117.2,-13.000000223519));
#9434=CARTESIAN_POINT('Origin',(33.0000000000003,42.1,-14.9999999999995));
#9435=CARTESIAN_POINT('',(33.0000000000003,38.1,-14.9999999999995));
#9436=CARTESIAN_POINT('',(33.0000000000003,38.1,-14.9999999999995));
#9437=CARTESIAN_POINT('Origin',(33.0000000000003,42.1,-14.9999999999995));
#9438=CARTESIAN_POINT('Origin',(33.0000000000003,58.1,-12.9999999999995));
#9439=CARTESIAN_POINT('',(32.9999999570421,62.1,-14.9999999999995));
#9440=CARTESIAN_POINT('Origin',(33.0000000000003,58.1,-14.9999999999995));
#9441=CARTESIAN_POINT('',(32.9999999570421,62.1,-12.9999999999995));
#9442=CARTESIAN_POINT('',(33.0000000000003,62.1,-12.9999999999995));
#9443=CARTESIAN_POINT('',(32.9999999570421,62.1,-12.7999999999995));
#9444=CARTESIAN_POINT('',(32.9999999570421,62.1,-12.9999999999995));
#9445=CARTESIAN_POINT('',(33.0000000000003,62.1,-14.9999999999995));
#9446=CARTESIAN_POINT('Origin',(189.5,98.2000000000001,-13.7499999999995));
#9447=CARTESIAN_POINT('',(192.5,98.2000000000001,-14.9999999999995));
#9448=CARTESIAN_POINT('Origin',(189.5,98.2000000000001,-14.9999999999995));
#9449=CARTESIAN_POINT('',(192.5,98.2000000000001,-13.7499999999995));
#9450=CARTESIAN_POINT('Origin',(139.5,103.2,-13.7499999999995));
#9451=CARTESIAN_POINT('',(142.5,103.2,-14.9999999999995));
#9452=CARTESIAN_POINT('Origin',(139.5,103.2,-14.9999999999995));
#9453=CARTESIAN_POINT('',(142.5,103.2,-12.4999999999995));
#9454=CARTESIAN_POINT('',(142.5,103.2,-13.7499999999995));
#9455=CARTESIAN_POINT('Origin',(139.5,103.2,-12.4999999999995));
#9456=CARTESIAN_POINT('Origin',(105.,83.2000000000001,-13.7499999999995));
#9457=CARTESIAN_POINT('',(108.,83.2000000000001,-14.9999999999995));
#9458=CARTESIAN_POINT('Origin',(105.,83.2000000000001,-14.9999999999995));
#9459=CARTESIAN_POINT('',(108.,83.2000000000001,-13.7499999999995));
#9460=CARTESIAN_POINT('Origin',(43.0000000000002,115.2,-13.7499999999995));
#9461=CARTESIAN_POINT('',(46.0000000000002,115.2,-14.9999999999995));
#9462=CARTESIAN_POINT('Origin',(43.0000000000002,115.2,-14.9999999999995));
#9463=CARTESIAN_POINT('',(46.0000000000002,115.2,-13.7499999999995));
#9464=CARTESIAN_POINT('Origin',(-7.50000007450581,96.4002322219527,-13.7499999999995));
#9465=CARTESIAN_POINT('',(-4.50000007450581,96.4002322219527,-14.9999999999995));
#9466=CARTESIAN_POINT('Origin',(-7.50000007450581,96.4002322219527,-14.9999999999995));
#9467=CARTESIAN_POINT('',(-4.50000007450581,96.4002322219527,-13.7499999999995));
#9468=CARTESIAN_POINT('Origin',(117.000001698732,79.2000000000001,-13.7499999999995));
#9469=CARTESIAN_POINT('',(120.000001698732,79.2000000000001,-14.9999999999995));
#9470=CARTESIAN_POINT('Origin',(117.000001698732,79.2000000000001,-14.9999999999995));
#9471=CARTESIAN_POINT('',(120.000001698732,79.2000000000001,-12.4999999999995));
#9472=CARTESIAN_POINT('',(120.000001698732,79.2000000000001,-13.7499999999995));
#9473=CARTESIAN_POINT('Origin',(117.000001698732,79.2000000000001,-12.4999999999995));
#9474=CARTESIAN_POINT('Origin',(-7.50000007450581,35.7997677780474,-13.7499999999995));
#9475=CARTESIAN_POINT('',(-4.50000007450581,35.7997677780474,-14.9999999999995));
#9476=CARTESIAN_POINT('',(-4.50000007450581,35.7997677780474,-13.7499999999995));
#9477=CARTESIAN_POINT('Origin',(-7.50000007450581,35.7997677780474,-14.9999999999995));
#9478=CARTESIAN_POINT('Origin',(147.,67.2000000000001,-13.7499999999995));
#9479=CARTESIAN_POINT('',(150.,67.2000000000001,-14.9999999999995));
#9480=CARTESIAN_POINT('Origin',(147.,67.2000000000001,-14.9999999999995));
#9481=CARTESIAN_POINT('',(150.,67.2000000000001,-12.4999999999995));
#9482=CARTESIAN_POINT('',(150.,67.2000000000001,-13.7499999999995));
#9483=CARTESIAN_POINT('Origin',(147.,67.2000000000001,-12.4999999999995));
#9484=CARTESIAN_POINT('Origin',(189.5,34.0000000000002,-13.7499999999995));
#9485=CARTESIAN_POINT('',(192.5,34.0000000000002,-14.9999999999995));
#9486=CARTESIAN_POINT('Origin',(189.5,34.0000000000002,-14.9999999999995));
#9487=CARTESIAN_POINT('',(192.5,34.0000000000002,-13.7499999999995));
#9488=CARTESIAN_POINT('Origin',(159.5,29.2000000000001,-13.7499999999995));
#9489=CARTESIAN_POINT('',(162.5,29.2000000000001,-14.9999999999995));
#9490=CARTESIAN_POINT('Origin',(159.5,29.2000000000001,-14.9999999999995));
#9491=CARTESIAN_POINT('',(162.5,29.2000000000001,-12.4999999999995));
#9492=CARTESIAN_POINT('',(162.5,29.2000000000001,-13.7499999999995));
#9493=CARTESIAN_POINT('Origin',(159.5,29.2000000000001,-12.4999999999995));
#9494=CARTESIAN_POINT('Origin',(195.5,23.0001000000003,-7.50000011175864));
#9495=CARTESIAN_POINT('',(184.914213562373,23.0001000000003,-9.7322006120161));
#9496=CARTESIAN_POINT('',(173.5,23.0001000000002,-14.9999999999995));
#9497=CARTESIAN_POINT('Origin',(173.5,23.0001000000003,5.21605726123553E-13));
#9498=CARTESIAN_POINT('',(184.914213562373,23.0001000000003,-14.9999999999995));
#9499=CARTESIAN_POINT('',(150.875,23.0001000000003,-14.9999999999995));
#9500=CARTESIAN_POINT('',(184.914213562373,23.0001000000003,-5.62500008381898));
#9501=CARTESIAN_POINT('Origin',(189.207106781187,27.2929932188137,-3.75000005587932));
#9502=CARTESIAN_POINT('',(188.5,26.5858864376272,-1.32647412981226E-14));
#9503=CARTESIAN_POINT('Origin',(173.5,11.5858864376272,5.19250327012092E-13));
#9504=CARTESIAN_POINT('',(193.5,31.5858864376271,-15.));
#9505=CARTESIAN_POINT('',(193.957081781186,32.0429682188136,-14.9999999999995));
#9506=CARTESIAN_POINT('',(193.5,31.5858864376271,-3.62046107172048E-75));
#9507=CARTESIAN_POINT('',(193.5,31.5858864376271,-1.87500002793966));
#9508=CARTESIAN_POINT('',(201.107081781186,39.1929682188135,-2.77555756156289E-16));
#9509=CARTESIAN_POINT('Origin',(193.5,116.,0.));
#9510=CARTESIAN_POINT('',(193.5,100.614113562373,-15.));
#9511=CARTESIAN_POINT('',(193.5,108.,-15.));
#9512=CARTESIAN_POINT('',(193.5,100.614113562373,-2.15736205235893E-30));
#9513=CARTESIAN_POINT('',(193.5,100.614113562373,4.10782519111308E-14));
#9514=CARTESIAN_POINT('',(193.5,116.,0.));
#9515=CARTESIAN_POINT('Origin',(189.207106781187,104.907006781187,8.21565038222617E-14));
#9516=CARTESIAN_POINT('',(184.914213562373,109.1999,-9.73220061201614));
#9517=CARTESIAN_POINT('',(188.5,105.614113562373,5.49199987319112E-15));
#9518=CARTESIAN_POINT('Origin',(173.5,120.614113562373,5.43399882360708E-13));
#9519=CARTESIAN_POINT('',(182.607081781187,111.507031781187,0.));
#9520=CARTESIAN_POINT('',(184.914213562373,109.1999,-14.9999999999995));
#9521=CARTESIAN_POINT('',(183.507081781187,110.607031781187,-14.9999999999995));
#9522=CARTESIAN_POINT('',(184.914213562373,109.1999,1.23234755733393E-13));
#9523=CARTESIAN_POINT('Origin',(193.,109.1999,1.64313007644523E-13));
#9524=CARTESIAN_POINT('',(173.5,109.1999,-14.9999999999995));
#9525=CARTESIAN_POINT('Origin',(173.5,109.1999,5.41044483249248E-13));
#9526=CARTESIAN_POINT('',(150.875,109.1999,-14.9999999999995));
#9527=CARTESIAN_POINT('Origin',(156.5,111.,-7.50000011175864));
#9528=CARTESIAN_POINT('',(2.00000000000028,111.,-14.9999999999995));
#9529=CARTESIAN_POINT('',(2.00000000000026,111.,-13.000000223519));
#9530=CARTESIAN_POINT('',(-2.00000000000045,111.,-15.0000000005738));
#9531=CARTESIAN_POINT('',(142.75,111.,-14.9999999999995));
#9532=CARTESIAN_POINT('',(-2.00000000000026,111.,-6.20000022351895));
#9533=CARTESIAN_POINT('',(-2.00000000000027,111.,-6.3500001676388));
#9534=CARTESIAN_POINT('',(81.3979707543829,111.,-6.20000022351895));
#9535=CARTESIAN_POINT('Origin',(156.5,21.1999999999998,-7.50000011175864));
#9536=CARTESIAN_POINT('',(-2.00000000000026,21.1999999999998,-6.20000022351895));
#9537=CARTESIAN_POINT('',(81.3979707543829,21.1999999999998,-6.20000022351895));
#9538=CARTESIAN_POINT('',(-2.00000000000026,21.1999999999998,-15.0000000005738));
#9539=CARTESIAN_POINT('',(-2.00000000000027,21.1999999999999,-6.3500001676388));
#9540=CARTESIAN_POINT('',(2.00000000000028,21.1999999999999,-14.9999999999995));
#9541=CARTESIAN_POINT('',(142.75,21.1999999999998,-14.9999999999995));
#9542=CARTESIAN_POINT('',(2.00000000000026,21.1999999999998,-13.000000223519));
#9543=CARTESIAN_POINT('Origin',(33.0000000000003,66.1,-13.7499999999995));
#9544=CARTESIAN_POINT('',(36.0000000000003,66.1,-14.9999999999995));
#9545=CARTESIAN_POINT('Origin',(33.0000000000003,66.1,-14.9999999999995));
#9546=CARTESIAN_POINT('',(36.0000000000003,66.1,-12.4999999999995));
#9547=CARTESIAN_POINT('',(36.0000000000003,66.1,-13.7499999999995));
#9548=CARTESIAN_POINT('Origin',(33.0000000000003,66.1,-12.4999999999995));
#9549=CARTESIAN_POINT('Origin',(121.,13.2000000000002,-13.7499999999995));
#9550=CARTESIAN_POINT('',(124.,13.2000000000002,-14.9999999999995));
#9551=CARTESIAN_POINT('Origin',(121.,13.2000000000002,-14.9999999999995));
#9552=CARTESIAN_POINT('',(124.,13.2000000000002,-13.7499999999995));
#9553=CARTESIAN_POINT('Origin',(121.,13.2000000000002,-12.4999999999995));
#9554=CARTESIAN_POINT('Origin',(121.,53.2000000000002,-14.9999999999995));
#9555=CARTESIAN_POINT('',(121.,57.2000000000002,-14.9999999999995));
#9556=CARTESIAN_POINT('',(121.,57.2000000000002,-12.9999999999995));
#9557=CARTESIAN_POINT('Origin',(121.,53.2000000000002,-14.9999999999995));
#9558=CARTESIAN_POINT('Origin',(117.,17.2000000000002,-14.9999999999995));
#9559=CARTESIAN_POINT('',(120.545966692415,17.2000000000002,-14.9999999999995));
#9560=CARTESIAN_POINT('',(120.545966692415,17.2000000000002,-12.9999999999995));
#9561=CARTESIAN_POINT('',(121.,17.2000000000002,-14.9999999999995));
#9562=CARTESIAN_POINT('',(121.,17.2000000000002,-12.9999999999995));
#9563=CARTESIAN_POINT('',(132.75,17.2000000000002,-14.9999999999995));
#9564=CARTESIAN_POINT('Origin',(121.,21.2000000000002,-14.9999999999995));
#9565=CARTESIAN_POINT('Origin',(121.,21.2000000000002,-14.9999999999995));
#9566=CARTESIAN_POINT('Origin',(125.,57.2000000000002,-14.9999999999995));
#9567=CARTESIAN_POINT('',(120.8,57.2000000000002,-14.9999999999995));
#9568=CARTESIAN_POINT('',(120.8,57.2000000000002,-7.49999999999975));
#9569=CARTESIAN_POINT('',(136.75,57.2000000000002,-14.9999999999995));
#9570=CARTESIAN_POINT('Origin',(159.706037331168,79.0000000000001,-3.57618426410939));
#9571=CARTESIAN_POINT('',(160.190036021302,82.7999999999999,-3.4507041144915));
#9572=CARTESIAN_POINT('',(159.264850814636,82.7999999999999,-3.34090898357584));
#9573=CARTESIAN_POINT('Origin',(159.706037331168,82.7999999999999,-3.57618426410939));
#9574=CARTESIAN_POINT('',(159.264850814636,77.6,-3.34090898357584));
#9575=CARTESIAN_POINT('',(159.264850814636,79.0000000000001,-3.34090898357585));
#9576=CARTESIAN_POINT('',(160.190036021302,77.6,-3.4507041144915));
#9577=CARTESIAN_POINT('Origin',(159.706037331168,77.6,-3.57618426410939));
#9578=CARTESIAN_POINT('',(160.190036021302,79.0000000000001,-3.4507041144915));
#9579=CARTESIAN_POINT('Origin',(173.5,87.0000000000001,5.34812532424296E-13));
#9580=CARTESIAN_POINT('',(160.999940000058,23.0000500000003,-8.2915619759085));
#9581=CARTESIAN_POINT('Origin',(173.5,23.0001000000003,5.21605726123553E-13));
#9582=CARTESIAN_POINT('',(188.5,23.0000000000002,-9.4009341374285E-15));
#9583=CARTESIAN_POINT('',(188.5,23.0001000000002,-1.32068063007432E-14));
#9584=CARTESIAN_POINT('Origin',(173.5,23.0000000000002,5.25411598286868E-13));
#9585=CARTESIAN_POINT('Origin',(22.677669529664,41.8776695296635,-14.9999999999995));
#9586=CARTESIAN_POINT('',(20.9099025766977,40.1099025766972,-14.9999999999995));
#9587=CARTESIAN_POINT('',(60.5388347648321,79.7388347648316,-14.9999999999995));
#9588=CARTESIAN_POINT('',(20.9099025766976,40.1099025766972,-6.20000022351895));
#9589=CARTESIAN_POINT('',(20.9099025766977,40.1099025766972,-14.9999999999995));
#9590=CARTESIAN_POINT('',(16.8627911142794,36.062791114279,-6.20000022351895));
#9591=CARTESIAN_POINT('Origin',(6.29594150876563,34.9998838890236,-6.20000022351895));
#9592=CARTESIAN_POINT('',(-2.46676478118614,21.5277436123542,-6.20000022351895));
#9593=CARTESIAN_POINT('',(24.0918830920371,40.4036884365397,-6.20000022351895));
#9594=CARTESIAN_POINT('Origin',(22.677669529664,38.3421356237308,-6.20000022351895));
#9595=CARTESIAN_POINT('',(24.0918830920371,48.0997677780474,-6.20000022351895));
#9596=CARTESIAN_POINT('',(24.0918830920371,48.7997677780474,-6.20000022351895));
#9597=CARTESIAN_POINT('',(-7.79976785255335,48.0997677780474,-6.20000022351895));
#9598=CARTESIAN_POINT('',(-1.85202924561705,48.0997677780474,-6.20000022351895));
#9599=CARTESIAN_POINT('',(-0.925985650943816,41.225985576438,-6.20000022351895));
#9600=CARTESIAN_POINT('Origin',(-7.6500000745058,47.9499999999998,-5.00000022351895));
#9601=CARTESIAN_POINT('',(-7.79976785255335,48.0997677780474,-4.95000022351895));
#9602=CARTESIAN_POINT('Origin',(33.0000000000003,50.1,-10.9999999999995));
#9603=CARTESIAN_POINT('',(32.0000000000003,48.0997677780474,-10.9999999999995));
#9604=CARTESIAN_POINT('',(32.0000000000003,68.7501161109761,-10.9999999999995));
#9605=CARTESIAN_POINT('',(29.0000000000003,48.0997677780474,-10.9999999999995));
#9606=CARTESIAN_POINT('',(29.0000000000003,38.1,-10.9999999999995));
#9607=CARTESIAN_POINT('',(11.5000000000003,48.0997677780474,-10.9999999999995));
#9608=CARTESIAN_POINT('Origin',(28.0000000000003,84.05,-12.000000223519));
#9609=CARTESIAN_POINT('',(27.0000000000003,48.0997677780474,-13.000000223519));
#9610=CARTESIAN_POINT('',(27.0000000000003,84.05,-13.000000223519));
#9611=CARTESIAN_POINT('',(20.2000000000003,48.0997677780474,-19.800000223519));
#9612=CARTESIAN_POINT('Origin',(11.1271775164304,55.5999999999998,-2.23518952235935E-7));
#9613=CARTESIAN_POINT('',(11.1271775164304,55.5999999999998,-1.70000022351895));
#9614=CARTESIAN_POINT('',(11.1271775164304,48.0997677780474,-6.20013955669041));
#9615=CARTESIAN_POINT('',(11.1271775164304,53.1441176470586,-3.17352963528366));
#9616=CARTESIAN_POINT('',(11.1271775164304,48.0997677780474,-13.000000223519));
#9617=CARTESIAN_POINT('',(11.1271775164304,48.0997677780474,-2.45000022351895));
#9618=CARTESIAN_POINT('',(11.1271775164304,55.5999999999998,-13.000000223519));
#9619=CARTESIAN_POINT('',(11.1271775164304,80.7999999999998,-13.000000223519));
#9620=CARTESIAN_POINT('',(11.1271775164304,55.5999999999998,-6.50000022351895));
#9621=CARTESIAN_POINT('Origin',(9.62717751643044,50.5999999999998,-4.70000022351895));
#9622=CARTESIAN_POINT('',(9.12717751643044,48.0997677780474,-6.20013955669041));
#9623=CARTESIAN_POINT('',(8.56358868370943,48.0997677780474,-6.20013955669041));
#9624=CARTESIAN_POINT('',(9.12717751643044,55.5999999999998,-1.70000022351895));
#9625=CARTESIAN_POINT('',(10.1271775164304,55.5999999999998,-1.70000022351895));
#9626=CARTESIAN_POINT('',(9.12717751643044,50.2764705882351,-4.89411787057778));
#9627=CARTESIAN_POINT('Origin',(9.12717751643044,55.5999999999998,-13.000000223519));
#9628=CARTESIAN_POINT('',(9.12717751643044,48.0997677780474,-13.000000223519));
#9629=CARTESIAN_POINT('',(9.12717751643044,48.0997677780474,-8.95000022351895));
#9630=CARTESIAN_POINT('',(9.12717751643044,55.5999999999998,-13.000000223519));
#9631=CARTESIAN_POINT('',(9.12717751643044,55.5999999999998,-13.000000223519));
#9632=CARTESIAN_POINT('',(9.12717751643044,80.7999999999998,-13.000000223519));
#9633=CARTESIAN_POINT('Origin',(144.,106.,-13.000000223519));
#9634=CARTESIAN_POINT('',(-14.9999999999997,48.0997677780474,-13.000000223519));
#9635=CARTESIAN_POINT('',(75.7499999254944,48.0997677780474,-13.000000223519));
#9636=CARTESIAN_POINT('',(-14.9999999999997,55.5999999999998,-13.000000223519));
#9637=CARTESIAN_POINT('',(88.0000000000003,55.5999999999998,-13.000000223519));
#9638=CARTESIAN_POINT('',(-14.9999999999997,86.0499999999998,-13.000000223519));
#9639=CARTESIAN_POINT('Origin',(-14.9999999999997,66.0999999999998,-9.10000022351895));
#9640=CARTESIAN_POINT('',(-15.0000000368168,48.0997677780474,-5.00000022351895));
#9641=CARTESIAN_POINT('',(-14.9999999999997,48.0997677780474,-7.00000022351895));
#9642=CARTESIAN_POINT('',(-15.0000000367928,55.5999999999998,-5.00000022351895));
#9643=CARTESIAN_POINT('',(-14.9999999999997,55.5999999999998,-9.10000022351895));
#9644=CARTESIAN_POINT('',(-15.0000000745058,44.0999999999998,-5.00000022351895));
#9645=CARTESIAN_POINT('Origin',(144.,106.,-13.000000223519));
#9646=CARTESIAN_POINT('',(88.0000000000003,55.5999999999998,-13.000000223519));
#9647=CARTESIAN_POINT('',(75.7499999254944,48.0997677780474,-13.000000223519));
#9648=CARTESIAN_POINT('Origin',(-17.9999999999997,89.1000000000002,-10.9999999999995));
#9649=CARTESIAN_POINT('',(-19.9999999999997,90.7000000000002,-10.9999999999995));
#9650=CARTESIAN_POINT('',(-17.9999999999997,90.7000000000002,-10.9999999999995));
#9651=CARTESIAN_POINT('Origin',(-19.9999999999997,89.1000000000002,-10.9999999999995));
#9652=CARTESIAN_POINT('Origin',(-17.9999999999997,43.0999999999998,-10.9999999999995));
#9653=CARTESIAN_POINT('',(-19.9999999999997,41.4999999999998,-10.9999999999995));
#9654=CARTESIAN_POINT('Origin',(-19.9999999999997,43.0999999999998,-10.9999999999995));
#9655=CARTESIAN_POINT('',(-17.9999999999997,41.4999999999998,-10.9999999999995));
#9656=CARTESIAN_POINT('Origin',(-11.5000000745058,38.0999999999998,-5.00000022351895));
#9657=CARTESIAN_POINT('',(-20.0000001326248,38.0999999999998,-5.00000012417696));
#9658=CARTESIAN_POINT('',(-20.0000002980232,38.0999999999998,-5.00000022351895));
#9659=CARTESIAN_POINT('',(-5.7500000372529,38.0999999999998,-5.00000022351895));
#9660=CARTESIAN_POINT('Origin',(1.11022302462516E-14,25.9998838890236,-5.00000022351895));
#9661=CARTESIAN_POINT('',(-19.9999999999997,33.8388820668725,-5.00000011221204));
#9662=CARTESIAN_POINT('',(-2.45889503203988,21.52221778839,-5.00000022351895));
#9663=CARTESIAN_POINT('',(-19.9999999999997,101.,-4.99999999999947));
#9664=CARTESIAN_POINT('Origin',(-2.00000000000025,21.1999999999998,-14.9999999999995));
#9665=CARTESIAN_POINT('',(-19.9999999999997,33.8388820668725,-14.9999999999995));
#9666=CARTESIAN_POINT('',(-19.9999999999997,33.8388820668725,-14.5000001117592));
#9667=CARTESIAN_POINT('',(32.9282822168541,-3.32524665207131,-14.9999999999995));
#9668=CARTESIAN_POINT('Origin',(-19.9999999999997,98.3611179331276,-14.9999999999995));
#9669=CARTESIAN_POINT('',(-11.4667647811859,104.35281535421,-6.20000022351895));
#9670=CARTESIAN_POINT('',(-19.9999999999997,98.3611179331276,-14.9999999999995));
#9671=CARTESIAN_POINT('',(33.7573934409176,136.107415484364,-14.9999999999995));
#9672=CARTESIAN_POINT('',(-19.9999999999997,98.3611179331277,-5.00000011221204));
#9673=CARTESIAN_POINT('',(-19.9999999999997,98.3611179331276,-14.5000001117592));
#9674=CARTESIAN_POINT('',(-11.4588950320396,104.358341178174,-5.00000022351895));
#9675=CARTESIAN_POINT('Origin',(1.11022302462516E-14,106.200116110976,-5.00000022351895));
#9676=CARTESIAN_POINT('',(-20.0000001326248,94.1000000000002,-5.00000012417696));
#9677=CARTESIAN_POINT('',(-19.9999999999997,31.1999999999996,-4.99999999999947));
#9678=CARTESIAN_POINT('',(-5.7500000372529,94.1000000000002,-5.00000022351895));
#9679=CARTESIAN_POINT('Origin',(-11.5000000745058,94.1000000000002,-5.00000022351895));
#9680=CARTESIAN_POINT('',(-20.0000002980232,94.1000000000002,-5.00000022351895));
#9681=CARTESIAN_POINT('Origin',(1.11022302462516E-14,21.9998838890236,-5.00000022351895));
#9682=CARTESIAN_POINT('',(-20.000000000006,48.0997677780474,-5.00000011221913));
#9683=CARTESIAN_POINT('',(3.74999992549421,48.0997677780474,-5.00000022351895));
#9684=CARTESIAN_POINT('',(-19.9999999999997,55.5999999999998,-5.00000011221913));
#9685=CARTESIAN_POINT('',(-7.93641124178478,55.5999999999998,-5.00000022351895));
#9686=CARTESIAN_POINT('',(-19.9999999999997,97.0000000000004,-4.99999999999947));
#9687=CARTESIAN_POINT('Origin',(-7.6500000745058,84.2500000000002,-5.00000022351895));
#9688=CARTESIAN_POINT('',(-7.79976785255335,84.1002322219527,-6.20000022351895));
#9689=CARTESIAN_POINT('',(-7.79976785255335,84.1002322219527,-4.95000022351895));
#9690=CARTESIAN_POINT('',(-0.925985650943816,90.9740144235621,-6.20000022351895));
#9691=CARTESIAN_POINT('Origin',(144.,26.2000000000002,-13.000000223519));
#9692=CARTESIAN_POINT('',(32.0000000000003,84.1002322219527,-13.000000223519));
#9693=CARTESIAN_POINT('',(11.1271775164304,84.1002322219527,-13.000000223519));
#9694=CARTESIAN_POINT('',(75.7499999254944,84.1002322219527,-13.000000223519));
#9695=CARTESIAN_POINT('',(11.1271775164304,76.6000000000002,-13.000000223519));
#9696=CARTESIAN_POINT('',(11.1271775164304,51.4000000000002,-13.000000223519));
#9697=CARTESIAN_POINT('',(32.0000000000003,76.6000000000002,-13.000000223519));
#9698=CARTESIAN_POINT('',(88.0000000000003,76.6000000000002,-13.000000223519));
#9699=CARTESIAN_POINT('',(32.0000000000003,35.499883889024,-13.000000223519));
#9700=CARTESIAN_POINT('Origin',(11.1271775164304,76.6000000000002,-2.23518952235935E-7));
#9701=CARTESIAN_POINT('',(11.1271775164304,84.1002322219527,-6.20013955669041));
#9702=CARTESIAN_POINT('',(11.1271775164304,84.1002322219527,-2.45000022351895));
#9703=CARTESIAN_POINT('',(11.1271775164304,76.6000000000002,-1.70000022351895));
#9704=CARTESIAN_POINT('',(11.1271775164304,79.0558823529414,-3.17352963528366));
#9705=CARTESIAN_POINT('',(11.1271775164304,76.6000000000002,-6.50000022351895));
#9706=CARTESIAN_POINT('Origin',(9.62717751643044,81.6000000000003,-4.70000022351895));
#9707=CARTESIAN_POINT('',(9.12717751643044,84.1002322219527,-6.20013955669041));
#9708=CARTESIAN_POINT('',(8.56358868370943,84.1002322219527,-6.20013955669041));
#9709=CARTESIAN_POINT('',(9.12717751643044,76.6000000000002,-1.70000022351895));
#9710=CARTESIAN_POINT('',(9.12717751643044,81.923529411765,-4.89411787057778));
#9711=CARTESIAN_POINT('',(10.1271775164304,76.6000000000002,-1.70000022351895));
#9712=CARTESIAN_POINT('Origin',(9.12717751643044,76.6000000000002,-13.000000223519));
#9713=CARTESIAN_POINT('',(9.12717751643044,84.1002322219527,-13.000000223519));
#9714=CARTESIAN_POINT('',(9.12717751643044,84.1002322219527,-8.95000022351895));
#9715=CARTESIAN_POINT('',(9.12717751643044,76.6000000000002,-13.000000223519));
#9716=CARTESIAN_POINT('',(9.12717751643044,51.4000000000002,-13.000000223519));
#9717=CARTESIAN_POINT('',(9.12717751643044,76.6000000000002,-13.000000223519));
#9718=CARTESIAN_POINT('Origin',(144.,26.2000000000002,-13.000000223519));
#9719=CARTESIAN_POINT('',(-14.9999999999997,84.1002322219527,-13.000000223519));
#9720=CARTESIAN_POINT('',(75.7499999254944,84.1002322219527,-13.000000223519));
#9721=CARTESIAN_POINT('',(-14.9999999999997,76.6000000000002,-13.000000223519));
#9722=CARTESIAN_POINT('',(-14.9999999999997,46.1500000000002,-13.000000223519));
#9723=CARTESIAN_POINT('',(88.0000000000003,76.6000000000002,-13.000000223519));
#9724=CARTESIAN_POINT('Origin',(-14.9999999999997,66.1000000000002,-9.10000022351895));
#9725=CARTESIAN_POINT('',(-15.0000000368168,84.1002322219527,-5.00000022351895));
#9726=CARTESIAN_POINT('',(-14.9999999999997,84.1002322219527,-7.00000022351895));
#9727=CARTESIAN_POINT('',(-15.0000000367928,76.6000000000003,-5.00000022351895));
#9728=CARTESIAN_POINT('',(-15.0000000745058,88.1000000000002,-5.00000022351895));
#9729=CARTESIAN_POINT('',(-14.9999999999997,76.6000000000002,-9.10000022351895));
#9730=CARTESIAN_POINT('Origin',(1.11022302462516E-14,110.200116110976,-5.00000022351895));
#9731=CARTESIAN_POINT('',(-20.000000000006,84.1002322219527,-5.00000011221913));
#9732=CARTESIAN_POINT('',(3.74999992549421,84.1002322219527,-5.00000022351895));
#9733=CARTESIAN_POINT('',(-19.9999999999997,76.6000000000003,-5.00000011221913));
#9734=CARTESIAN_POINT('',(-19.9999999999997,35.1999999999996,-4.99999999999947));
#9735=CARTESIAN_POINT('',(-7.93641124178478,76.6000000000003,-5.00000022351895));
#9736=CARTESIAN_POINT('Origin',(22.677669529664,90.3223304703366,-14.9999999999995));
#9737=CARTESIAN_POINT('',(20.9099025766976,92.0900974233029,-6.20000022351895));
#9738=CARTESIAN_POINT('',(16.8627911142794,96.1372088857211,-6.20000022351895));
#9739=CARTESIAN_POINT('',(20.9099025766977,92.0900974233029,-14.9999999999995));
#9740=CARTESIAN_POINT('',(20.9099025766977,92.0900974233029,-14.9999999999995));
#9741=CARTESIAN_POINT('',(60.5388347648321,52.4611652351685,-14.9999999999995));
#9742=CARTESIAN_POINT('Origin',(6.29594150876563,97.2001161109765,-6.20000022351895));
#9743=CARTESIAN_POINT('',(24.0918830920371,84.1002322219527,-6.20000022351895));
#9744=CARTESIAN_POINT('',(-1.85202924561705,84.1002322219527,-6.20000022351895));
#9745=CARTESIAN_POINT('',(24.0918830920371,91.7963115634604,-6.20000022351895));
#9746=CARTESIAN_POINT('',(24.0918830920371,83.4002322219527,-6.20000022351895));
#9747=CARTESIAN_POINT('Origin',(22.677669529664,93.8578643762692,-6.20000022351895));
#9748=CARTESIAN_POINT('Origin',(173.5,79.0000000000001,5.34812532424296E-13));
#9749=CARTESIAN_POINT('',(188.5,109.2,6.23197146061861E-15));
#9750=CARTESIAN_POINT('',(160.999940000058,109.19995,-8.29156197590843));
#9751=CARTESIAN_POINT('Origin',(173.5,109.2,5.41044503884915E-13));
#9752=CARTESIAN_POINT('',(188.5,79.0000000000001,0.));
#9753=CARTESIAN_POINT('Origin',(173.5,109.1999,5.41044483249248E-13));
#9754=CARTESIAN_POINT('Origin',(148.5,87.4999999999999,-14.3999999999999));
#9755=CARTESIAN_POINT('',(131.,83.7999999999999,-14.3999999999999));
#9756=CARTESIAN_POINT('',(173.5,83.7999999999999,-14.3999999999995));
#9757=CARTESIAN_POINT('',(156.75,83.8,-14.3999999999998));
#9758=CARTESIAN_POINT('',(173.5,96.2,-14.3999999999995));
#9759=CARTESIAN_POINT('',(173.5,87.4999999999999,-14.3999999999995));
#9760=CARTESIAN_POINT('',(131.,96.1999999999999,-14.3999999999999));
#9761=CARTESIAN_POINT('',(161.1,96.2,-14.3999999999997));
#9762=CARTESIAN_POINT('',(131.,87.4999999999999,-14.3999999999999));
#9763=CARTESIAN_POINT('Origin',(173.5,87.4999999999999,5.17684928741139E-13));
#9764=CARTESIAN_POINT('',(187.9,83.7999999999999,3.21476226317117E-30));
#9765=CARTESIAN_POINT('Origin',(173.5,83.7999999999999,5.17684928741139E-13));
#9766=CARTESIAN_POINT('',(187.9,96.2,2.00483416863864E-15));
#9767=CARTESIAN_POINT('',(187.9,87.4999999999999,0.));
#9768=CARTESIAN_POINT('Origin',(173.5,96.2,5.17684928741139E-13));
#9769=CARTESIAN_POINT('Origin',(161.,103.1,0.));
#9770=CARTESIAN_POINT('',(187.25,83.7999999999999,3.64332019439622E-29));
#9771=CARTESIAN_POINT('',(187.25,49.2000000000002,-1.27412793529801E-14));
#9772=CARTESIAN_POINT('',(187.25,79.0000000000001,0.));
#9773=CARTESIAN_POINT('',(183.5,49.2000000000002,1.40686224303515E-13));
#9774=CARTESIAN_POINT('',(185.6,49.2000000000002,1.40814812217425E-13));
#9775=CARTESIAN_POINT('',(183.5,48.2000000000002,1.40686224303515E-13));
#9776=CARTESIAN_POINT('',(183.5,48.2000000000002,1.40686224303515E-13));
#9777=CARTESIAN_POINT('',(185.6,48.2000000000002,1.40814812217425E-13));
#9778=CARTESIAN_POINT('',(185.6,48.2000000000002,1.40814812217425E-13));
#9779=CARTESIAN_POINT('',(185.6,43.0000000000002,1.40814812217425E-13));
#9780=CARTESIAN_POINT('',(185.6,43.0000000000002,1.40814812217425E-13));
#9781=CARTESIAN_POINT('',(183.5,43.0000000000002,-1.91753617815113E-14));
#9782=CARTESIAN_POINT('',(168.5,43.0000000000002,0.));
#9783=CARTESIAN_POINT('',(183.5,28.2000000000002,-1.91753617815113E-14));
#9784=CARTESIAN_POINT('',(183.5,28.2000000000002,-1.91753617815113E-14));
#9785=CARTESIAN_POINT('',(184.6,28.2000000000002,-1.34867962208804E-14));
#9786=CARTESIAN_POINT('',(188.5,28.2000000000002,-1.83155423195055E-14));
#9787=CARTESIAN_POINT('',(184.6,21.0000000000002,-1.64583322815727E-14));
#9788=CARTESIAN_POINT('',(184.6,28.2000000000002,-1.34867962208804E-14));
#9789=CARTESIAN_POINT('',(183.5,21.0000000000002,1.45797361295334E-13));
#9790=CARTESIAN_POINT('',(167.25,21.0000000000002,-1.64583322815728E-14));
#9791=CARTESIAN_POINT('',(183.5,20.0000000000002,1.45384647953571E-13));
#9792=CARTESIAN_POINT('',(183.5,21.0000000000002,-1.64583322815727E-14));
#9793=CARTESIAN_POINT('',(185.5,20.0000000000002,-1.68710456233356E-14));
#9794=CARTESIAN_POINT('',(167.25,20.0000000000002,-1.68710456233356E-14));
#9795=CARTESIAN_POINT('',(187.,21.5000000000002,-1.62519756106913E-14));
#9796=CARTESIAN_POINT('',(185.5,112.2,1.39985868346379E-91));
#9797=CARTESIAN_POINT('',(187.,110.7,0.));
#9798=CARTESIAN_POINT('',(183.5,112.2,1.62255693576907E-13));
#9799=CARTESIAN_POINT('',(167.25,112.2,0.));
#9800=CARTESIAN_POINT('',(183.5,111.2,1.62255693576907E-13));
#9801=CARTESIAN_POINT('',(183.5,111.2,0.));
#9802=CARTESIAN_POINT('',(184.6,111.2,0.));
#9803=CARTESIAN_POINT('',(167.25,111.2,0.));
#9804=CARTESIAN_POINT('',(184.6,104.,0.));
#9805=CARTESIAN_POINT('',(184.6,104.,0.));
#9806=CARTESIAN_POINT('',(183.5,104.,0.));
#9807=CARTESIAN_POINT('',(167.25,104.,0.));
#9808=CARTESIAN_POINT('',(183.5,102.4,0.));
#9809=CARTESIAN_POINT('',(183.5,104.,0.));
#9810=CARTESIAN_POINT('',(185.6,102.4,5.17684928741138E-13));
#9811=CARTESIAN_POINT('',(167.25,102.4,0.));
#9812=CARTESIAN_POINT('',(185.6,97.2,5.17684928741138E-13));
#9813=CARTESIAN_POINT('',(185.6,102.5,5.17684928741138E-13));
#9814=CARTESIAN_POINT('',(184.5,97.2,5.17752284315092E-13));
#9815=CARTESIAN_POINT('',(187.9,97.2,2.00483416863864E-15));
#9816=CARTESIAN_POINT('',(184.5,96.2,5.17752284315092E-13));
#9817=CARTESIAN_POINT('',(184.5,97.3,5.17752284315092E-13));
#9818=CARTESIAN_POINT('',(187.9,96.2,2.00483416863864E-15));
#9819=CARTESIAN_POINT('',(161.,83.7999999999999,3.21476226317117E-30));
#9820=CARTESIAN_POINT('Origin',(159.000002279878,82.7999999999999,-1.99999999999958));
#9821=CARTESIAN_POINT('',(158.65685652937,83.8,-1.99999999999958));
#9822=CARTESIAN_POINT('',(159.896232139587,83.7999999999999,-1.99999999999966));
#9823=CARTESIAN_POINT('',(160.000001139939,83.7999999999999,-1.99999999999959));
#9824=CARTESIAN_POINT('',(158.65685652937,82.7999999999999,-1.99999999999958));
#9825=CARTESIAN_POINT('',(158.65685652937,82.7999999999999,-1.99999999999958));
#9826=CARTESIAN_POINT('',(159.896232139587,82.7999999999999,-1.99999999999966));
#9827=CARTESIAN_POINT('',(156.000002279878,82.7999999999999,-1.99999999999956));
#9828=CARTESIAN_POINT('',(159.896232139587,79.0000000000001,-1.99999999999959));
#9829=CARTESIAN_POINT('Origin',(121.,13.2000000000002,-11.2413505532335));
#9830=CARTESIAN_POINT('',(122.6,13.2000000000002,-11.3252605163513));
#9831=CARTESIAN_POINT('Origin',(121.,13.2000000000002,-11.3252605163513));
#9832=CARTESIAN_POINT('',(122.5,13.2000000000002,-11.2413505532335));
#9833=CARTESIAN_POINT('Origin',(33.0000000000003,66.1,-11.2413505532335));
#9834=CARTESIAN_POINT('',(34.6000000000003,66.1,-11.3252605163513));
#9835=CARTESIAN_POINT('Origin',(33.0000000000003,66.1,-11.3252605163513));
#9836=CARTESIAN_POINT('',(34.5000000000003,66.1,-11.2413505532335));
#9837=CARTESIAN_POINT('Origin',(110.,116.2,-6.50000011175945));
#9838=CARTESIAN_POINT('',(111.,116.2,-13.000000223519));
#9839=CARTESIAN_POINT('Origin',(110.,116.2,-13.0000002235202));
#9840=CARTESIAN_POINT('',(111.,116.2,-5.00000022351895));
#9841=CARTESIAN_POINT('',(111.,116.2,-6.50000011175942));
#9842=CARTESIAN_POINT('Origin',(110.,116.2,-5.00000022351888));
#9843=CARTESIAN_POINT('Origin',(106.,120.,-13.000000223519));
#9844=CARTESIAN_POINT('',(106.,121.,-13.000000223519));
#9845=CARTESIAN_POINT('Origin',(106.,120.,-13.000000223519));
#9846=CARTESIAN_POINT('',(106.,121.,-5.00000022351895));
#9847=CARTESIAN_POINT('Origin',(106.,120.,-5.00000022351895));
#9848=CARTESIAN_POINT('',(106.,121.,-10.000000223519));
#9849=CARTESIAN_POINT('Origin',(108.,118.2,-5.00000022351895));
#9850=CARTESIAN_POINT('',(111.,119.,-5.00000022351895));
#9851=CARTESIAN_POINT('',(111.,123.6,-5.00000022351895));
#9852=CARTESIAN_POINT('',(109.,121.,-5.00000022351895));
#9853=CARTESIAN_POINT('Origin',(109.,119.,-5.00000022351892));
#9854=CARTESIAN_POINT('',(74.0000000000003,121.,-5.00000022351895));
#9855=CARTESIAN_POINT('Origin',(38.0000000000003,82.2000000000001,-9.10000022351895));
#9856=CARTESIAN_POINT('',(37.0000000000003,82.2000000000001,-13.000000223519));
#9857=CARTESIAN_POINT('Origin',(38.0000000000003,82.2000000000001,-13.000000223519));
#9858=CARTESIAN_POINT('',(37.0000000000003,82.2000000000001,-5.00000022351895));
#9859=CARTESIAN_POINT('',(37.0000000000003,82.2000000000001,-10.000000223519));
#9860=CARTESIAN_POINT('Origin',(38.0000000000003,82.2000000000001,-5.00000022351895));
#9861=CARTESIAN_POINT('Origin',(40.0000000000003,80.2000000000001,-5.00000022351895));
#9862=CARTESIAN_POINT('',(42.0000000000003,78.2000000000001,-5.00000022351895));
#9863=CARTESIAN_POINT('',(37.0000000006298,78.2000000000001,-5.00000022351895));
#9864=CARTESIAN_POINT('',(41.0000000000003,78.2000000000001,-5.00000022351895));
#9865=CARTESIAN_POINT('Origin',(42.0000000000003,79.2000000000001,-5.00000022351895));
#9866=CARTESIAN_POINT('',(37.0000000000003,64.4998838890239,-5.00000022351895));
#9867=CARTESIAN_POINT('Origin',(42.0000000000003,79.2000000000001,-6.50000011176158));
#9868=CARTESIAN_POINT('',(42.0000000000003,78.2000000000001,-13.000000223519));
#9869=CARTESIAN_POINT('Origin',(42.0000000000003,79.2000000000001,-13.000000223519));
#9870=CARTESIAN_POINT('',(42.0000000000003,78.2000000000001,-6.50000011176158));
#9871=CARTESIAN_POINT('Origin',(105.,83.2000000000001,-8.98492446401071));
#9872=CARTESIAN_POINT('',(102.754497406835,78.2000000000001,-13.000000223519));
#9873=CARTESIAN_POINT('',(110.481084007376,83.2000000000001,-13.000000223519));
#9874=CARTESIAN_POINT('Origin',(105.,83.2000000000001,-13.000000223519));
#9875=CARTESIAN_POINT('',(107.245502593165,78.2000000000001,-13.000000223519));
#9876=CARTESIAN_POINT('Ctrl Pts',(107.245502593165,78.2000000000001,-13.000000223519));
#9877=CARTESIAN_POINT('Ctrl Pts',(105.,78.2000000000001,-10.5312540733886));
#9878=CARTESIAN_POINT('Ctrl Pts',(102.754497406835,78.2000000000001,-13.000000223519));
#9879=CARTESIAN_POINT('Origin',(105.,83.2000000000001,-13.000000223519));
#9880=CARTESIAN_POINT('',(108.984924240492,83.2000000000001,-8.98492446401071));
#9881=CARTESIAN_POINT('Origin',(144.,30.2000000000002,-13.000000223519));
#9882=CARTESIAN_POINT('',(41.0000000000003,121.,-13.000000223519));
#9883=CARTESIAN_POINT('',(91.0000000000002,121.,-13.000000223519));
#9884=CARTESIAN_POINT('',(37.0000000000003,117.,-13.000000223519));
#9885=CARTESIAN_POINT('Origin',(41.0000000000003,117.,-13.000000223519));
#9886=CARTESIAN_POINT('',(37.0000000000003,39.499883889024,-13.000000223519));
#9887=CARTESIAN_POINT('',(93.0000000000003,78.2000000000001,-13.000000223519));
#9888=CARTESIAN_POINT('',(111.,78.2000000000001,-13.000000223519));
#9889=CARTESIAN_POINT('',(93.0000000000003,78.2000000000001,-13.000000223519));
#9890=CARTESIAN_POINT('',(111.,79.6000000000002,-13.000000223519));
#9891=CARTESIAN_POINT('Origin',(144.,26.2000000000002,-13.000000223519));
#9892=CARTESIAN_POINT('',(28.2303039929155,59.5999999999998,-13.));
#9893=CARTESIAN_POINT('',(29.0000000000003,61.1,-13.));
#9894=CARTESIAN_POINT('Origin',(33.0000000000003,58.1,-13.000000223519));
#9895=CARTESIAN_POINT('',(29.0000000000003,72.6000000000002,-13.));
#9896=CARTESIAN_POINT('',(29.0000000000003,42.9,-13.000000223519));
#9897=CARTESIAN_POINT('',(14.6271775164304,72.6000000000002,-13.000000223519));
#9898=CARTESIAN_POINT('',(88.0000000000003,72.6000000000002,-13.000000223519));
#9899=CARTESIAN_POINT('',(11.1271775164304,69.1000000000002,-13.000000223519));
#9900=CARTESIAN_POINT('',(34.4953831373229,92.4682056208927,-13.000000223519));
#9901=CARTESIAN_POINT('',(8.97717751643044,69.1000000000003,-13.000000223519));
#9902=CARTESIAN_POINT('',(76.5635887582154,69.1000000000003,-13.000000223519));
#9903=CARTESIAN_POINT('',(8.97717751643043,72.4500000000002,-13.000000223519));
#9904=CARTESIAN_POINT('',(8.97717751643043,49.4000000000002,-13.000000223519));
#9905=CARTESIAN_POINT('',(-13.7228224835696,72.4500000000002,-13.000000223519));
#9906=CARTESIAN_POINT('',(65.0635887582153,72.4500000000002,-13.000000223519));
#9907=CARTESIAN_POINT('',(-13.7228224835696,59.7499999999998,-13.000000223519));
#9908=CARTESIAN_POINT('',(-13.7228224835696,89.2999999999998,-13.000000223519));
#9909=CARTESIAN_POINT('',(8.97717751643043,59.7499999999998,-13.000000223519));
#9910=CARTESIAN_POINT('',(65.0635887582153,59.7499999999998,-13.000000223519));
#9911=CARTESIAN_POINT('',(8.97717751643044,63.0999999999998,-13.000000223519));
#9912=CARTESIAN_POINT('',(8.97717751643043,82.7999999999998,-13.000000223519));
#9913=CARTESIAN_POINT('',(11.1271775164304,63.0999999999998,-13.000000223519));
#9914=CARTESIAN_POINT('',(76.5635887582154,63.0999999999998,-13.000000223519));
#9915=CARTESIAN_POINT('',(14.6271775164304,59.5999999999998,-13.000000223519));
#9916=CARTESIAN_POINT('',(34.4953831373229,39.7317943791074,-13.000000223519));
#9917=CARTESIAN_POINT('',(88.0000000000003,59.5999999999998,-13.000000223519));
#9918=CARTESIAN_POINT('Origin',(117.000001698732,79.2000000000001,-11.2413505532335));
#9919=CARTESIAN_POINT('',(118.600001698732,79.2000000000001,-11.3252605163513));
#9920=CARTESIAN_POINT('Origin',(117.000001698732,79.2000000000001,-11.3252605163513));
#9921=CARTESIAN_POINT('',(118.500001698732,79.2000000000001,-11.2413505532335));
#9922=CARTESIAN_POINT('Origin',(123.25,109.6,-13.));
#9923=CARTESIAN_POINT('',(133.5,98.2000000000002,-13.));
#9924=CARTESIAN_POINT('',(135.5,100.2,-13.));
#9925=CARTESIAN_POINT('Origin',(133.5,100.2,-13.));
#9926=CARTESIAN_POINT('',(135.5,117.,-13.));
#9927=CARTESIAN_POINT('',(135.5,121.,-13.));
#9928=CARTESIAN_POINT('',(131.5,121.,-13.));
#9929=CARTESIAN_POINT('Origin',(131.5,117.,-13.));
#9930=CARTESIAN_POINT('',(113.,121.,-13.));
#9931=CARTESIAN_POINT('',(133.5,121.,-13.));
#9932=CARTESIAN_POINT('',(113.,98.2000000000002,-13.));
#9933=CARTESIAN_POINT('',(113.,98.2000000000002,-13.));
#9934=CARTESIAN_POINT('',(133.5,98.2000000000002,-13.));
#9935=CARTESIAN_POINT('Origin',(139.5,103.2,-11.2413505532335));
#9936=CARTESIAN_POINT('',(137.9,103.2,-11.3252605163513));
#9937=CARTESIAN_POINT('',(141.1,103.2,-11.3252605163513));
#9938=CARTESIAN_POINT('Origin',(139.5,103.2,-11.3252605163513));
#9939=CARTESIAN_POINT('Origin',(139.5,103.2,-11.3252605163513));
#9940=CARTESIAN_POINT('',(141.,103.2,-11.2413505532335));
#9941=CARTESIAN_POINT('Origin',(159.5,29.2000000000001,-11.2413505532335));
#9942=CARTESIAN_POINT('',(161.1,29.2000000000001,-11.3252605163513));
#9943=CARTESIAN_POINT('Origin',(159.5,29.2000000000001,-11.3252605163513));
#9944=CARTESIAN_POINT('',(161.,29.2000000000001,-11.2413505532335));
#9945=CARTESIAN_POINT('Origin',(147.,67.2000000000001,-11.2413505532335));
#9946=CARTESIAN_POINT('',(148.6,67.2000000000001,-11.3252605163513));
#9947=CARTESIAN_POINT('Origin',(147.,67.2000000000001,-11.3252605163513));
#9948=CARTESIAN_POINT('',(148.5,67.2000000000001,-11.2413505532335));
#9949=CARTESIAN_POINT('Origin',(33.0000000000003,66.1,-10.1000001117592));
#9950=CARTESIAN_POINT('Origin',(33.0000000000003,66.1,-14.9999999999995));
#9951=CARTESIAN_POINT('Origin',(33.0000000000003,34.1,-10.1000001117592));
#9952=CARTESIAN_POINT('Origin',(33.0000000000003,34.1,-14.9999999999995));
#9953=CARTESIAN_POINT('Origin',(120.545966692415,13.2000000000002,-6.50000011175948));
#9954=CARTESIAN_POINT('Origin',(120.545966692415,13.2000000000002,-14.9999999999995));
#9955=CARTESIAN_POINT('Origin',(148.5,87.0000000000001,-14.9999999999995));
#9956=CARTESIAN_POINT('',(34.9999999999999,28.519805153395,-14.9999999999995));
#9957=CARTESIAN_POINT('',(34.2677669529662,30.2875721063614,-14.9999999999995));
#9958=CARTESIAN_POINT('Origin',(32.4999999999999,28.519805153395,-14.9999999999995));
#9959=CARTESIAN_POINT('',(24.4454364826304,40.1099025766972,-14.9999999999995));
#9960=CARTESIAN_POINT('',(46.427669529664,18.1276695296637,-14.9999999999995));
#9961=CARTESIAN_POINT('Origin',(22.677669529664,38.3421356237308,-14.9999999999995));
#9962=CARTESIAN_POINT('',(-19.9999999999997,97.0000000000004,-14.9999999999995));
#9963=CARTESIAN_POINT('',(24.4454364826304,92.0900974233029,-14.9999999999995));
#9964=CARTESIAN_POINT('Origin',(22.677669529664,93.8578643762692,-14.9999999999995));
#9965=CARTESIAN_POINT('',(34.2677669529662,101.912427893639,-14.9999999999995));
#9966=CARTESIAN_POINT('',(46.427669529664,114.072330470336,-14.9999999999995));
#9967=CARTESIAN_POINT('',(34.9999999999999,103.680194846605,-14.9999999999995));
#9968=CARTESIAN_POINT('Origin',(32.4999999999999,103.680194846605,-14.9999999999995));
#9969=CARTESIAN_POINT('',(35.0000000000001,117.999999999999,-14.9999999999995));
#9970=CARTESIAN_POINT('',(35.,76.5500000000001,-14.9999999999995));
#9971=CARTESIAN_POINT('',(40.,122.999999999999,-14.9999999999995));
#9972=CARTESIAN_POINT('Origin',(40.0000000000001,117.999999999999,-14.9999999999995));
#9973=CARTESIAN_POINT('',(133.5,123.,-14.9999999999995));
#9974=CARTESIAN_POINT('',(59.4999999999998,123.,-14.9999999999995));
#9975=CARTESIAN_POINT('',(138.5,118.,-14.9999999999995));
#9976=CARTESIAN_POINT('Origin',(133.5,118.,-14.9999999999995));
#9977=CARTESIAN_POINT('',(138.5,111.6999,-14.9999999999995));
#9978=CARTESIAN_POINT('',(138.5,131.,-14.9999999999995));
#9979=CARTESIAN_POINT('',(141.,109.1999,-14.9999999999995));
#9980=CARTESIAN_POINT('Origin',(141.,111.6999,-14.9999999999995));
#9981=CARTESIAN_POINT('',(150.875,109.1999,-14.9999999999995));
#9982=CARTESIAN_POINT('',(141.,23.0001000000003,-14.9999999999995));
#9983=CARTESIAN_POINT('',(150.875,23.0001000000003,-14.9999999999995));
#9984=CARTESIAN_POINT('',(138.5,20.5001000000003,-14.9999999999995));
#9985=CARTESIAN_POINT('Origin',(141.,20.5001000000003,-14.9999999999995));
#9986=CARTESIAN_POINT('',(138.5,14.2000000000003,-14.9999999999995));
#9987=CARTESIAN_POINT('',(138.5,131.,-14.9999999999995));
#9988=CARTESIAN_POINT('',(133.5,9.20000000000031,-14.9999999999995));
#9989=CARTESIAN_POINT('Origin',(133.5,14.2000000000003,-14.9999999999995));
#9990=CARTESIAN_POINT('',(40.0000000000001,9.20000000000031,-14.9999999999995));
#9991=CARTESIAN_POINT('',(96.5000000000001,9.20000000000031,-14.9999999999995));
#9992=CARTESIAN_POINT('',(35.0000000000001,14.2000000000003,-14.9999999999995));
#9993=CARTESIAN_POINT('Origin',(40.0000000000001,14.2000000000003,-14.9999999999995));
#9994=CARTESIAN_POINT('',(35.,76.5500000000001,-14.9999999999995));
#9995=CARTESIAN_POINT('Origin',(120.8,61.2000000000002,-14.9999999999995));
#9996=CARTESIAN_POINT('',(115.8,75.7000000000001,-14.9999999999995));
#9997=CARTESIAN_POINT('Origin',(115.8,74.7000000000001,-14.9999999999995));
#9998=CARTESIAN_POINT('',(38.0000000000003,75.7000000000001,-14.9999999999995));
#9999=CARTESIAN_POINT('',(117.624999925494,75.7000000000001,-14.9999999999995));
#10000=CARTESIAN_POINT('Origin',(38.0000000000003,74.7000000000001,-14.9999999999995));
#10001=CARTESIAN_POINT('',(41.0000000000003,11.2000000000002,-14.9999999999995));
#10002=CARTESIAN_POINT('Origin',(41.0000000000003,15.2000000000002,-14.9999999999995));
#10003=CARTESIAN_POINT('',(112.7,11.2000000000002,-14.9999999999995));
#10004=CARTESIAN_POINT('Origin',(120.8,61.2000000000002,-7.49999999999975));
#10005=CARTESIAN_POINT('Origin',(33.0000000000003,58.1,0.));
#10006=CARTESIAN_POINT('',(34.6000000000003,58.1,0.));
#10007=CARTESIAN_POINT('Origin',(153.000002279878,82.7999999999999,4.14615941063127E-13));
#10008=CARTESIAN_POINT('',(147.000002279878,82.7999999999999,4.14615941063127E-13));
#10009=CARTESIAN_POINT('Origin',(153.000002279878,82.7999999999999,4.14615941063127E-13));
#10010=CARTESIAN_POINT('',(147.000002279878,83.7999999999999,4.14615941063127E-13));
#10011=CARTESIAN_POINT('Origin',(153.000002279878,83.7999999999999,4.14615941063127E-13));
#10012=CARTESIAN_POINT('',(147.000002279878,82.7999999999999,4.14615941063127E-13));
#10013=CARTESIAN_POINT('Origin',(153.000002279878,82.7999999999999,-3.54999999999955));
#10014=CARTESIAN_POINT('',(145.900002279878,82.7999999999999,4.14615941063127E-13));
#10015=CARTESIAN_POINT('Origin',(153.000002279878,82.7999999999999,4.14615941063127E-13));
#10016=CARTESIAN_POINT('Origin',(173.5,82.7999999999999,5.35596687773645E-13));
#10017=CARTESIAN_POINT('',(143.500004559755,82.7999999999999,5.17190197315723E-13));
#10018=CARTESIAN_POINT('Origin',(153.000002279878,96.2,4.14615941063127E-13));
#10019=CARTESIAN_POINT('',(145.900002279878,77.6,4.15500966965965E-13));
#10020=CARTESIAN_POINT('Origin',(153.000002279878,77.6,4.14615941063127E-13));
#10021=CARTESIAN_POINT('',(145.900002279878,96.2,0.));
#10022=CARTESIAN_POINT('Origin',(153.000002279878,71.8,-2.99999999999955));
#10023=CARTESIAN_POINT('',(156.000002279878,71.8,0.));
#10024=CARTESIAN_POINT('',(150.000002279878,71.8,0.));
#10025=CARTESIAN_POINT('',(157.000001139939,71.8,0.));
#10026=CARTESIAN_POINT('Origin',(153.000002279878,71.8,4.14615941063127E-13));
#10027=CARTESIAN_POINT('Origin',(153.000002279878,74.7,4.14615941063127E-13));
#10028=CARTESIAN_POINT('',(159.000002279878,77.6,4.14668299697496E-13));
#10029=CARTESIAN_POINT('',(157.500002279878,74.7,0.));
#10030=CARTESIAN_POINT('',(147.000002279878,77.6,4.15223411209809E-13));
#10031=CARTESIAN_POINT('Origin',(153.000002279878,77.6,4.14615941063127E-13));
#10032=CARTESIAN_POINT('',(148.500002279878,74.7,0.));
#10033=CARTESIAN_POINT('Origin',(153.000002279878,77.6,-3.54999999999955));
#10034=CARTESIAN_POINT('',(159.75,77.6,4.87387907810444E-13));
#10035=CARTESIAN_POINT('',(157.000001139939,77.6,0.));
#10036=CARTESIAN_POINT('Origin',(173.5,77.6,5.34523633085062E-13));
#10037=CARTESIAN_POINT('',(157.000001139939,77.6,0.));
#10038=CARTESIAN_POINT('Origin',(173.5,79.0000000000001,5.34812532424296E-13));
#10039=CARTESIAN_POINT('Origin',(173.5,83.7999999999999,5.35534780772381E-13));
#10040=CARTESIAN_POINT('',(159.75,49.2000000000002,1.08050613925902E-12));
#10041=CARTESIAN_POINT('',(159.75,82.4999999999999,-6.46368986834746E-17));
#10042=CARTESIAN_POINT('Origin',(173.5,49.2000000000002,5.2866310363203E-13));
#10043=CARTESIAN_POINT('Origin',(173.5,49.2000000000002,-6.87499999999919));
#10044=CARTESIAN_POINT('',(163.5,49.2000000000002,1.39461577504368E-13));
#10045=CARTESIAN_POINT('',(159.75,49.2000000000002,1.08050613925902E-12));
#10046=CARTESIAN_POINT('Origin',(173.5,49.2000000000002,5.340172748447E-13));
#10047=CARTESIAN_POINT('Origin',(173.5,48.2000000000002,5.340172748447E-13));
#10048=CARTESIAN_POINT('',(163.5,48.2000000000002,1.39461577504368E-13));
#10049=CARTESIAN_POINT('Origin',(173.5,48.2000000000002,5.340172748447E-13));
#10050=CARTESIAN_POINT('',(163.5,48.2000000000002,1.39461577504368E-13));
#10051=CARTESIAN_POINT('Origin',(173.5,48.2000000000002,-6.87499999999919));
#10052=CARTESIAN_POINT('',(161.4,48.2000000000002,1.39332989590457E-13));
#10053=CARTESIAN_POINT('Origin',(173.5,48.2000000000002,1.39332989590457E-13));
#10054=CARTESIAN_POINT('',(159.75,48.2000000000002,1.08050613925902E-12));
#10055=CARTESIAN_POINT('Origin',(173.5,43.0000000000002,1.39332989590457E-13));
#10056=CARTESIAN_POINT('',(161.4,43.0000000000002,1.39332989590457E-13));
#10057=CARTESIAN_POINT('Origin',(173.5,43.0000000000002,1.39332989590457E-13));
#10058=CARTESIAN_POINT('',(161.4,43.0000000000002,1.39332989590457E-13));
#10059=CARTESIAN_POINT('Origin',(176.,43.0000000000002,-7.50000011175864));
#10060=CARTESIAN_POINT('',(163.5,43.0000000000002,-2.26146396295349E-14));
#10061=CARTESIAN_POINT('Origin',(173.5,43.0000000000002,1.3988810110277E-13));
#10062=CARTESIAN_POINT('',(168.5,43.0000000000002,0.));
#10063=CARTESIAN_POINT('Origin',(173.5,28.2000000000002,1.3988810110277E-13));
#10064=CARTESIAN_POINT('',(163.5,28.2000000000002,-2.26146396295349E-14));
#10065=CARTESIAN_POINT('Origin',(173.5,28.2000000000002,1.3988810110277E-13));
#10066=CARTESIAN_POINT('',(163.5,28.2000000000002,-2.26146396295349E-14));
#10067=CARTESIAN_POINT('Origin',(173.5,28.2000000000002,-7.49999999999975));
#10068=CARTESIAN_POINT('',(162.4,28.2000000000002,-1.34867962208804E-14));
#10069=CARTESIAN_POINT('Origin',(173.5,28.2000000000002,1.49993544155174E-13));
#10070=CARTESIAN_POINT('',(188.5,28.2000000000002,-1.83155423195055E-14));
#10071=CARTESIAN_POINT('Origin',(173.5,28.2000000000002,1.49993544155174E-13));
#10072=CARTESIAN_POINT('',(162.4,21.0000000000002,1.45662650147428E-13));
#10073=CARTESIAN_POINT('',(162.4,28.2000000000002,-1.34867962208804E-14));
#10074=CARTESIAN_POINT('Origin',(173.5,21.0000000000002,1.47022008094482E-13));
#10075=CARTESIAN_POINT('Origin',(173.5,21.0000000000002,1.4785467536295E-13));
#10076=CARTESIAN_POINT('',(163.5,21.0000000000002,-1.64583322815727E-14));
#10077=CARTESIAN_POINT('Origin',(173.5,21.0000000000002,1.47022008094482E-13));
#10078=CARTESIAN_POINT('',(167.25,21.0000000000002,-1.64583322815728E-14));
#10079=CARTESIAN_POINT('Origin',(173.5,21.0000000000002,1.47022008094482E-13));
#10080=CARTESIAN_POINT('',(163.5,20.0000000000002,-1.68710456233356E-14));
#10081=CARTESIAN_POINT('Origin',(173.5,20.0000000000002,1.46609294752719E-13));
#10082=CARTESIAN_POINT('',(163.5,21.0000000000002,-1.64583322815727E-14));
#10083=CARTESIAN_POINT('Origin',(173.5,20.0000000000002,1.47441962021188E-13));
#10084=CARTESIAN_POINT('',(161.5,20.0000000000002,-1.68710456233356E-14));
#10085=CARTESIAN_POINT('Origin',(173.5,20.0000000000002,5.24173458261579E-13));
#10086=CARTESIAN_POINT('',(167.25,20.0000000000002,-1.68710456233356E-14));
#10087=CARTESIAN_POINT('Origin',(173.5,21.5000000000002,5.24792528274223E-13));
#10088=CARTESIAN_POINT('',(158.4999,23.0001000000002,-3.94430452610506E-29));
#10089=CARTESIAN_POINT('',(160.,21.5000000000002,-1.62519756106913E-14));
#10090=CARTESIAN_POINT('Origin',(173.5,23.0001000000003,5.25411639558202E-13));
#10091=CARTESIAN_POINT('Origin',(195.5,23.0001000000003,-7.50000011175864));
#10092=CARTESIAN_POINT('',(141.,23.0001000000003,0.));
#10093=CARTESIAN_POINT('',(157.125,23.0001000000003,0.));
#10094=CARTESIAN_POINT('',(141.,23.0001000000003,-11.2500000558791));
#10095=CARTESIAN_POINT('Origin',(141.,20.5001000000003,-11.2500000558791));
#10096=CARTESIAN_POINT('',(138.5,20.5001000000003,-5.74245836067651E-10));
#10097=CARTESIAN_POINT('Origin',(141.,20.5001000000003,0.));
#10098=CARTESIAN_POINT('',(138.5,20.5001000000003,-11.2500000558791));
#10099=CARTESIAN_POINT('Origin',(138.5,116.,-14.9999999999995));
#10100=CARTESIAN_POINT('',(138.5,14.2000000000003,-5.74245836067651E-10));
#10101=CARTESIAN_POINT('',(138.5,109.55,0.));
#10102=CARTESIAN_POINT('',(138.5,14.2000000000003,-14.9999999999995));
#10103=CARTESIAN_POINT('Origin',(133.5,14.2000000000003,-14.9999999999995));
#10104=CARTESIAN_POINT('',(133.5,9.20000000000031,-1.11306649822988E-7));
#10105=CARTESIAN_POINT('Origin',(133.5,14.2000000000003,0.));
#10106=CARTESIAN_POINT('',(133.5,9.20000000000031,-14.9999999999995));
#10107=CARTESIAN_POINT('Origin',(59.5,9.20000000000031,-14.9999999999995));
#10108=CARTESIAN_POINT('',(40.0000000000001,9.20000000000031,0.));
#10109=CARTESIAN_POINT('',(59.5,9.20000000000031,-2.23518952235935E-7));
#10110=CARTESIAN_POINT('',(40.0000000000001,9.20000000000031,-14.9999999999995));
#10111=CARTESIAN_POINT('Origin',(40.0000000000001,14.2000000000003,-14.9999999999995));
#10112=CARTESIAN_POINT('',(35.0000000000001,14.2000000000003,0.));
#10113=CARTESIAN_POINT('Origin',(40.0000000000001,14.2000000000003,0.));
#10114=CARTESIAN_POINT('',(35.0000000000001,14.2000000000003,-14.9999999999995));
#10115=CARTESIAN_POINT('Origin',(35.0000000000001,24.2000000000002,-14.9999999999995));
#10116=CARTESIAN_POINT('',(35.0000000000001,28.519805153395,-5.74245836067651E-10));
#10117=CARTESIAN_POINT('',(35.0000000000001,45.1500000000002,0.));
#10118=CARTESIAN_POINT('',(35.0000000000001,28.519805153395,-14.9999999999995));
#10119=CARTESIAN_POINT('Origin',(32.4999999999999,28.519805153395,-14.9999999999995));
#10120=CARTESIAN_POINT('',(34.2677669529662,30.2875721063614,-1.11306649822988E-7));
#10121=CARTESIAN_POINT('Origin',(32.4999999999999,28.519805153395,0.));
#10122=CARTESIAN_POINT('',(34.2677669529662,30.2875721063614,-14.9999999999995));
#10123=CARTESIAN_POINT('Origin',(22.677669529664,41.8776695296636,-14.9999999999995));
#10124=CARTESIAN_POINT('',(24.4454364826304,40.1099025766972,-1.11306649822988E-7));
#10125=CARTESIAN_POINT('',(24.4454364826304,40.1099025766972,-14.9999999999995));
#10126=CARTESIAN_POINT('',(40.3553390593277,24.1999999999999,-2.23518952235935E-7));
#10127=CARTESIAN_POINT('Origin',(22.677669529664,38.3421356237308,-14.9999999999995));
#10128=CARTESIAN_POINT('',(24.0918830920371,40.4036884365397,0.));
#10129=CARTESIAN_POINT('Origin',(22.677669529664,38.3421356237308,0.));
#10130=CARTESIAN_POINT('',(24.0918830920371,40.4036884365397,-14.9999999999995));
#10131=CARTESIAN_POINT('Origin',(24.0918830920371,40.4036884365397,0.));
#10132=CARTESIAN_POINT('',(24.0918830920371,48.0997677780474,-5.74246021104822E-10));
#10133=CARTESIAN_POINT('',(24.0918830920371,48.0997677780474,-2.60000011175948));
#10134=CARTESIAN_POINT('',(24.0918830920371,38.7518442182699,0.));
#10135=CARTESIAN_POINT('Origin',(-9.99999999999973,48.0997677780474,-5.20000022351895));
#10136=CARTESIAN_POINT('',(-19.9999999999997,48.0997677780474,-9.45000022351895));
#10137=CARTESIAN_POINT('',(32.0000000000003,48.0997677780474,-1.11306650193062E-7));
#10138=CARTESIAN_POINT('',(84.2499999254942,48.0997677780474,0.));
#10139=CARTESIAN_POINT('',(32.0000000000003,48.0997677780474,-8.95000022351895));
#10140=CARTESIAN_POINT('Origin',(32.0000000000003,87.4002322219523,-13.000000223519));
#10141=CARTESIAN_POINT('',(32.0000000000003,87.4002322219523,-2.23518952235935E-7));
#10142=CARTESIAN_POINT('Origin',(11.1271775164304,55.5999999999998,-13.000000223519));
#10143=CARTESIAN_POINT('',(48.9385886837095,55.5999999999998,0.));
#10144=CARTESIAN_POINT('',(-19.9999999999997,55.5999999999998,-5.00000022351895));
#10145=CARTESIAN_POINT('Origin',(-19.9999999999997,49.6000000000002,-14.000000223519));
#10146=CARTESIAN_POINT('',(-19.9999999999997,76.6000000000002,-5.00000022351895));
#10147=CARTESIAN_POINT('',(-19.9999999999997,84.1002322219527,-9.45000022351895));
#10148=CARTESIAN_POINT('Origin',(11.1271775164304,76.6000000000002,-13.000000223519));
#10149=CARTESIAN_POINT('',(32.0000000000003,76.6000000000002,-2.22606210501889E-7));
#10150=CARTESIAN_POINT('',(48.9385886837095,76.6000000000002,0.));
#10151=CARTESIAN_POINT('',(32.0000000000003,76.6000000000002,-6.50000022351895));
#10152=CARTESIAN_POINT('Origin',(32.0000000000003,44.7997677780478,-13.000000223519));
#10153=CARTESIAN_POINT('',(32.0000000000003,84.1002322219527,-1.11306650193062E-7));
#10154=CARTESIAN_POINT('',(32.0000000000003,84.1002322219527,-8.95000022351895));
#10155=CARTESIAN_POINT('',(32.0000000000003,44.7997677780478,-2.23518952235935E-7));
#10156=CARTESIAN_POINT('Origin',(-9.99999999999973,84.1002322219527,-5.20000022351895));
#10157=CARTESIAN_POINT('',(24.0918830920371,84.1002322219527,-5.74246021104822E-10));
#10158=CARTESIAN_POINT('',(84.2499999254942,84.1002322219527,0.));
#10159=CARTESIAN_POINT('',(24.0918830920371,84.1002322219527,-2.60000011175948));
#10160=CARTESIAN_POINT('Origin',(24.0918830920371,91.7963115634604,0.));
#10161=CARTESIAN_POINT('',(24.0918830920371,91.7963115634604,0.));
#10162=CARTESIAN_POINT('',(24.0918830920371,93.4481557817302,0.));
#10163=CARTESIAN_POINT('',(24.0918830920371,91.7963115634604,-14.9999999999995));
#10164=CARTESIAN_POINT('Origin',(22.677669529664,93.8578643762692,-14.9999999999995));
#10165=CARTESIAN_POINT('',(24.4454364826304,92.0900974233029,-1.11306649822988E-7));
#10166=CARTESIAN_POINT('Origin',(22.677669529664,93.8578643762692,0.));
#10167=CARTESIAN_POINT('',(24.4454364826304,92.0900974233029,-14.9999999999995));
#10168=CARTESIAN_POINT('Origin',(22.677669529664,90.3223304703365,-14.9999999999995));
#10169=CARTESIAN_POINT('',(34.2677669529664,101.912427893639,-1.11306649822988E-7));
#10170=CARTESIAN_POINT('',(40.3553390593277,108.,-2.23518952235935E-7));
#10171=CARTESIAN_POINT('',(34.2677669529662,101.912427893639,-14.9999999999995));
#10172=CARTESIAN_POINT('Origin',(32.4999999999999,103.680194846605,-14.9999999999995));
#10173=CARTESIAN_POINT('',(35.,103.680194846605,-5.74245836067651E-10));
#10174=CARTESIAN_POINT('Origin',(32.4999999999999,103.680194846605,0.));
#10175=CARTESIAN_POINT('',(35.0000000000001,103.680194846605,-14.9999999999995));
#10176=CARTESIAN_POINT('Origin',(35.0000000000001,24.2000000000002,-14.9999999999995));
#10177=CARTESIAN_POINT('',(35.0000000000001,117.999999999999,0.));
#10178=CARTESIAN_POINT('',(35.,84.6000000000001,0.));
#10179=CARTESIAN_POINT('',(35.0000000000001,117.999999999999,-14.9999999999995));
#10180=CARTESIAN_POINT('Origin',(40.0000000000001,117.999999999999,-14.9999999999995));
#10181=CARTESIAN_POINT('',(40.,122.999999999999,0.));
#10182=CARTESIAN_POINT('Origin',(40.0000000000001,117.999999999999,0.));
#10183=CARTESIAN_POINT('',(40.,122.999999999999,-14.9999999999995));
#10184=CARTESIAN_POINT('Origin',(133.5,123.,-14.9999999999995));
#10185=CARTESIAN_POINT('',(133.5,123.,-5.74245836067651E-10));
#10186=CARTESIAN_POINT('',(157.,123.,0.));
#10187=CARTESIAN_POINT('',(133.5,123.,-14.9999999999995));
#10188=CARTESIAN_POINT('Origin',(133.5,118.,-14.9999999999995));
#10189=CARTESIAN_POINT('',(138.5,118.,-5.74245836067651E-10));
#10190=CARTESIAN_POINT('Origin',(133.5,118.,0.));
#10191=CARTESIAN_POINT('',(138.5,118.,-14.9999999999995));
#10192=CARTESIAN_POINT('Origin',(138.5,116.,-14.9999999999995));
#10193=CARTESIAN_POINT('',(138.5,111.6999,-5.74246206141993E-10));
#10194=CARTESIAN_POINT('',(138.5,111.6999,-7.49999999999965));
#10195=CARTESIAN_POINT('',(138.5,101.55,0.));
#10196=CARTESIAN_POINT('Origin',(141.,111.6999,-7.49999999999965));
#10197=CARTESIAN_POINT('',(141.,109.1999,0.));
#10198=CARTESIAN_POINT('Origin',(141.,111.6999,0.));
#10199=CARTESIAN_POINT('',(141.,109.1999,-7.49999999999965));
#10200=CARTESIAN_POINT('Origin',(193.,109.1999,1.64313007644523E-13));
#10201=CARTESIAN_POINT('',(158.4999,109.1999,-7.88860905221012E-30));
#10202=CARTESIAN_POINT('',(157.125,109.1999,0.));
#10203=CARTESIAN_POINT('Origin',(173.5,109.1999,5.41044503884915E-13));
#10204=CARTESIAN_POINT('Origin',(173.5,110.7,5.41044503884915E-13));
#10205=CARTESIAN_POINT('',(161.5,112.2,-4.41051366022853E-92));
#10206=CARTESIAN_POINT('',(160.,110.7,0.));
#10207=CARTESIAN_POINT('Origin',(173.5,112.2,5.41044503884915E-13));
#10208=CARTESIAN_POINT('Origin',(173.5,112.2,1.64313007644523E-13));
#10209=CARTESIAN_POINT('',(163.5,112.2,0.));
#10210=CARTESIAN_POINT('Origin',(173.5,112.2,1.63480340376054E-13));
#10211=CARTESIAN_POINT('',(167.25,112.2,0.));
#10212=CARTESIAN_POINT('Origin',(173.5,111.2,1.63480340376054E-13));
#10213=CARTESIAN_POINT('',(163.5,111.2,0.));
#10214=CARTESIAN_POINT('',(163.5,111.2,0.));
#10215=CARTESIAN_POINT('Origin',(173.5,111.2,1.63480340376054E-13));
#10216=CARTESIAN_POINT('Origin',(173.5,111.2,1.64313007644523E-13));
#10217=CARTESIAN_POINT('',(162.4,111.2,1.62120982429001E-13));
#10218=CARTESIAN_POINT('Origin',(173.5,111.2,1.63480340376055E-13));
#10219=CARTESIAN_POINT('',(167.25,111.2,0.));
#10220=CARTESIAN_POINT('Origin',(173.5,104.,1.63480340376055E-13));
#10221=CARTESIAN_POINT('',(162.4,104.,0.));
#10222=CARTESIAN_POINT('',(162.4,104.,0.));
#10223=CARTESIAN_POINT('Origin',(173.5,104.,1.63480340376055E-13));
#10224=CARTESIAN_POINT('Origin',(173.5,104.,1.64313007644523E-13));
#10225=CARTESIAN_POINT('',(163.5,104.,0.));
#10226=CARTESIAN_POINT('',(167.25,104.,0.));
#10227=CARTESIAN_POINT('Origin',(173.5,104.,1.63480340376055E-13));
#10228=CARTESIAN_POINT('Origin',(173.5,104.,1.63480340376055E-13));
#10229=CARTESIAN_POINT('',(163.5,102.4,1.62255693576907E-13));
#10230=CARTESIAN_POINT('',(163.5,104.,0.));
#10231=CARTESIAN_POINT('Origin',(173.5,102.4,1.63480340376055E-13));
#10232=CARTESIAN_POINT('Origin',(173.5,102.4,1.64313007644523E-13));
#10233=CARTESIAN_POINT('',(161.4,102.4,5.19166751368107E-13));
#10234=CARTESIAN_POINT('Origin',(173.5,102.4,5.17684928741138E-13));
#10235=CARTESIAN_POINT('',(167.25,102.4,0.));
#10236=CARTESIAN_POINT('Origin',(173.5,102.5,5.17684928741138E-13));
#10237=CARTESIAN_POINT('',(161.4,97.2,5.19166751368107E-13));
#10238=CARTESIAN_POINT('',(161.4,102.5,5.19166751368107E-13));
#10239=CARTESIAN_POINT('Origin',(173.5,97.2,5.17684928741138E-13));
#10240=CARTESIAN_POINT('Origin',(173.7,97.2,-7.19999999999964));
#10241=CARTESIAN_POINT('',(162.5,97.2,5.19099395794154E-13));
#10242=CARTESIAN_POINT('',(161.4,97.2,5.19166751368107E-13));
#10243=CARTESIAN_POINT('Origin',(173.5,97.2,5.25135490647699E-13));
#10244=CARTESIAN_POINT('Origin',(173.5,97.3,5.25135490647699E-13));
#10245=CARTESIAN_POINT('',(162.5,96.2,5.19099395794154E-13));
#10246=CARTESIAN_POINT('',(162.5,97.3,5.19099395794154E-13));
#10247=CARTESIAN_POINT('Origin',(173.5,96.2,5.25135490647699E-13));
#10248=CARTESIAN_POINT('Origin',(173.7,108.2,-7.19999999999964));
#10249=CARTESIAN_POINT('',(156.000002279878,108.2,-2.84785899829918E-95));
#10250=CARTESIAN_POINT('',(150.000002279878,108.2,-4.35333542315355E-95));
#10251=CARTESIAN_POINT('Origin',(153.000002279878,108.2,4.14615941063127E-13));
#10252=CARTESIAN_POINT('',(167.35,108.2,0.));
#10253=CARTESIAN_POINT('Origin',(153.000002279878,105.3,4.14615941063127E-13));
#10254=CARTESIAN_POINT('',(147.000002279878,102.4,4.15350729142616E-13));
#10255=CARTESIAN_POINT('',(159.000002279878,102.4,4.14615941063127E-13));
#10256=CARTESIAN_POINT('Origin',(153.000002279878,102.4,4.14615941063127E-13));
#10257=CARTESIAN_POINT('',(157.500002279878,105.3,0.));
#10258=CARTESIAN_POINT('',(148.500002279878,105.3,0.));
#10259=CARTESIAN_POINT('Origin',(153.000002279878,102.4,-3.54999999999955));
#10260=CARTESIAN_POINT('',(160.100002279878,102.4,4.14615941063127E-13));
#10261=CARTESIAN_POINT('',(145.900002279878,102.4,4.15485440290522E-13));
#10262=CARTESIAN_POINT('Origin',(153.000002279878,102.4,4.14615941063127E-13));
#10263=CARTESIAN_POINT('',(157.000001139939,102.4,0.));
#10264=CARTESIAN_POINT('',(157.000001139939,102.4,0.));
#10265=CARTESIAN_POINT('Origin',(153.000002279878,96.2,4.14615941063127E-13));
#10266=CARTESIAN_POINT('',(145.900002279878,97.2,4.15485440290522E-13));
#10267=CARTESIAN_POINT('',(160.100002279878,97.2,4.14615941063127E-13));
#10268=CARTESIAN_POINT('Origin',(153.000002279878,97.2,4.14615941063127E-13));
#10269=CARTESIAN_POINT('',(160.100002279878,96.2,0.));
#10270=CARTESIAN_POINT('',(145.900002279878,96.2,0.));
#10271=CARTESIAN_POINT('Origin',(153.000002279878,97.2,-3.54999999999955));
#10272=CARTESIAN_POINT('',(147.000002279878,97.2,4.15350729142616E-13));
#10273=CARTESIAN_POINT('',(159.000002279878,97.2,4.14615941063127E-13));
#10274=CARTESIAN_POINT('Origin',(153.000002279878,97.2,4.14615941063127E-13));
#10275=CARTESIAN_POINT('',(162.5,97.2,5.17190197315723E-13));
#10276=CARTESIAN_POINT('',(162.5,97.2,5.17190197315723E-13));
#10277=CARTESIAN_POINT('Origin',(153.000002279878,96.2,4.14615941063127E-13));
#10278=CARTESIAN_POINT('',(147.000002279878,96.2,4.15350729142616E-13));
#10279=CARTESIAN_POINT('',(159.000002279878,96.2,4.14615941063127E-13));
#10280=CARTESIAN_POINT('Origin',(153.000002279878,96.2,4.14615941063127E-13));
#10281=CARTESIAN_POINT('',(159.000002279878,96.2,4.14615941063127E-13));
#10282=CARTESIAN_POINT('',(147.000002279878,96.2,4.15350729142616E-13));
#10283=CARTESIAN_POINT('Origin',(173.7,96.2,-7.19999999999964));
#10284=CARTESIAN_POINT('',(162.5,96.2,5.17190197315723E-13));
#10285=CARTESIAN_POINT('',(116.6,96.1999999999999,0.));
#10286=CARTESIAN_POINT('',(133.,96.1999999999999,0.));
#10287=CARTESIAN_POINT('Origin',(131.,96.1999999999999,1.46549439250521E-13));
#10288=CARTESIAN_POINT('Origin',(131.,95.4999999999999,1.46549439250521E-13));
#10289=CARTESIAN_POINT('',(116.6,83.7999999999999,3.21476226317117E-30));
#10290=CARTESIAN_POINT('Origin',(131.,83.7999999999999,1.46549439250521E-13));
#10291=CARTESIAN_POINT('',(116.6,95.4999999999999,0.));
#10292=CARTESIAN_POINT('Origin',(161.,83.7999999999999,1.46549439250521E-13));
#10293=CARTESIAN_POINT('',(127.,83.7999999999999,3.21476226317117E-30));
#10294=CARTESIAN_POINT('',(161.,83.7999999999999,3.21476226317117E-30));
#10295=CARTESIAN_POINT('',(137.,83.7999999999999,1.45937115850947E-13));
#10296=CARTESIAN_POINT('Origin',(132.,83.7999999999999,1.46549439250521E-13));
#10297=CARTESIAN_POINT('',(161.,83.7999999999999,3.21476226317117E-30));
#10298=CARTESIAN_POINT('Origin',(132.,86.4999999999999,1.46549439250521E-13));
#10299=CARTESIAN_POINT('',(127.,81.4999999999999,-1.23567665231885E-29));
#10300=CARTESIAN_POINT('',(127.,86.4999999999999,0.));
#10301=CARTESIAN_POINT('',(137.,81.4999999999999,1.45937115850947E-13));
#10302=CARTESIAN_POINT('Origin',(132.,81.4999999999999,1.46549439250521E-13));
#10303=CARTESIAN_POINT('',(137.,86.4999999999999,1.45937115850947E-13));
#10304=CARTESIAN_POINT('Origin',(145.5,81.4999999999999,1.46549439250521E-13));
#10305=CARTESIAN_POINT('',(144.5,81.4999999999999,-1.02613547436952E-29));
#10306=CARTESIAN_POINT('',(119.5,81.4999999999999,-1.03178335440753E-16));
#10307=CARTESIAN_POINT('Origin',(132.,81.4999999999999,5.33677570734448E-13));
#10308=CARTESIAN_POINT('',(145.5,81.4999999999999,-1.23567665231885E-29));
#10309=CARTESIAN_POINT('',(145.5,81.4999999999999,-1.23567665231885E-29));
#10310=CARTESIAN_POINT('Origin',(132.,87.0000000000001,5.34812532424296E-13));
#10311=CARTESIAN_POINT('',(144.5,63.2000000000001,5.42979701316131E-13));
#10312=CARTESIAN_POINT('',(144.5,68.2000000000001,5.42979701316131E-13));
#10313=CARTESIAN_POINT('',(119.5,63.0330302779824,2.65135136068295E-13));
#10314=CARTESIAN_POINT('',(119.5,87.0000000000001,0.));
#10315=CARTESIAN_POINT('',(120.3,63.2000000000001,-4.39999999999948));
#10316=CARTESIAN_POINT('Ctrl Pts',(120.3,63.2000000000001,-4.39999999999974));
#10317=CARTESIAN_POINT('Ctrl Pts',(120.187913814151,63.2000000000001,-4.10195264217444));
#10318=CARTESIAN_POINT('Ctrl Pts',(120.086248628247,63.1906255954117,-3.79691528959154));
#10319=CARTESIAN_POINT('Ctrl Pts',(119.829985501661,63.1512567807764,-2.91479248129543));
#10320=CARTESIAN_POINT('Ctrl Pts',(119.704075433801,63.1111687261465,-2.32634955753178));
#10321=CARTESIAN_POINT('Ctrl Pts',(119.539065856576,63.0516672312299,-1.15186073394752));
#10322=CARTESIAN_POINT('Ctrl Pts',(119.5,63.0330302779824,-0.565770896992499));
#10323=CARTESIAN_POINT('Ctrl Pts',(119.5,63.0330302779824,5.3027027213659E-13));
#10324=CARTESIAN_POINT('Origin',(132.,63.2000000000001,5.20694598549198E-13));
#10325=CARTESIAN_POINT('Origin',(121.,13.2000000000002,-13.000000223519));
#10326=CARTESIAN_POINT('',(122.6,13.2000000000002,-2.23518952235935E-7));
#10327=CARTESIAN_POINT('',(122.6,13.2000000000002,-13.000000223519));
#10328=CARTESIAN_POINT('Origin',(121.,13.2000000000002,-2.23518952235935E-7));
#10329=CARTESIAN_POINT('Origin',(33.0000000000003,66.1,0.));
#10330=CARTESIAN_POINT('',(34.6000000000003,66.1,0.));
#10331=CARTESIAN_POINT('Origin',(33.0000000000003,66.1,0.));
#10332=CARTESIAN_POINT('',(34.6000000000003,66.1,0.));
#10333=CARTESIAN_POINT('Origin',(121.,21.2000000000002,-13.000000223519));
#10334=CARTESIAN_POINT('',(122.6,21.2000000000002,-13.000000223519));
#10335=CARTESIAN_POINT('Origin',(111.,129.,-2.99760216648793E-14));
#10336=CARTESIAN_POINT('',(111.,78.2000000000001,-5.74245836067651E-10));
#10337=CARTESIAN_POINT('',(111.,78.2000000000001,-6.50000011175822));
#10338=CARTESIAN_POINT('',(111.,119.,-2.83830929773737E-14));
#10339=CARTESIAN_POINT('',(111.,84.6000000000001,0.));
#10340=CARTESIAN_POINT('',(111.,119.,-6.50000011175818));
#10341=CARTESIAN_POINT('Origin',(109.,119.,-6.50000011175826));
#10342=CARTESIAN_POINT('',(109.,121.,-1.11307210485615E-7));
#10343=CARTESIAN_POINT('Origin',(109.,119.,-1.12576614696991E-12));
#10344=CARTESIAN_POINT('',(109.,121.,-6.50000011175826));
#10345=CARTESIAN_POINT('Origin',(40.0000000000001,121.,-13.000000223519));
#10346=CARTESIAN_POINT('',(41.0000000000003,121.,-1.11306650193062E-7));
#10347=CARTESIAN_POINT('',(110.,121.,-2.23518952235935E-7));
#10348=CARTESIAN_POINT('',(41.0000000000003,121.,-9.10000022351895));
#10349=CARTESIAN_POINT('Origin',(41.0000000000003,117.,-9.10000022351895));
#10350=CARTESIAN_POINT('',(37.0000000000003,117.,0.));
#10351=CARTESIAN_POINT('Origin',(41.0000000000003,117.,0.));
#10352=CARTESIAN_POINT('',(37.0000000000003,117.,-9.10000022351895));
#10353=CARTESIAN_POINT('Origin',(37.0000000000003,48.7997677780478,-5.20000022351895));
#10354=CARTESIAN_POINT('',(37.0000000006298,78.2000000000001,-2.5522028934688E-10));
#10355=CARTESIAN_POINT('',(37.0000000000003,67.9498838890239,0.));
#10356=CARTESIAN_POINT('',(37.0000000000003,78.2000000000001,-7.60000022351895));
#10357=CARTESIAN_POINT('Origin',(42.0000000000003,78.2000000000001,-13.000000223519));
#10358=CARTESIAN_POINT('',(64.3749999254945,78.2000000000001,0.));
#10359=CARTESIAN_POINT('Origin',(33.0000000000003,58.1,0.));
#10360=CARTESIAN_POINT('',(29.0000000000003,61.1,0.));
#10361=CARTESIAN_POINT('',(28.2303039929155,59.5999999999998,0.));
#10362=CARTESIAN_POINT('Origin',(33.0000000000003,58.1,0.));
#10363=CARTESIAN_POINT('',(29.0000000000003,61.1,0.));
#10364=CARTESIAN_POINT('',(28.2303039929155,59.5999999999998,0.));
#10365=CARTESIAN_POINT('Origin',(29.0000000000003,62.1,0.));
#10366=CARTESIAN_POINT('',(29.0000000000003,72.6000000000002,0.));
#10367=CARTESIAN_POINT('',(29.0000000000003,62.1,0.));
#10368=CARTESIAN_POINT('',(29.0000000000003,72.6000000000002,-6.5000001117595));
#10369=CARTESIAN_POINT('Origin',(32.0000000000003,72.6000000000002,-13.000000223519));
#10370=CARTESIAN_POINT('',(59.3749999254945,72.6000000000002,0.));
#10371=CARTESIAN_POINT('',(14.6271775164304,72.6000000000002,-13.000000223519));
#10372=CARTESIAN_POINT('Origin',(12.8771775164304,70.8500000000002,-13.000000223519));
#10373=CARTESIAN_POINT('',(11.1271775164304,69.1000000000003,-4.00000022351895));
#10374=CARTESIAN_POINT('Origin',(9.12717751643044,69.1000000000002,4.99999977648105));
#10375=CARTESIAN_POINT('',(8.97717751643043,69.1000000000002,-4.00000022351895));
#10376=CARTESIAN_POINT('Origin',(8.97717751643044,72.6000000000002,-13.000000223519));
#10377=CARTESIAN_POINT('',(8.97717751643043,72.4500000000002,-13.000000223519));
#10378=CARTESIAN_POINT('Origin',(-13.8728224835696,72.4500000000002,-13.000000223519));
#10379=CARTESIAN_POINT('',(-13.7228224835696,72.4500000000002,-13.000000223519));
#10380=CARTESIAN_POINT('Origin',(-13.7228224835696,59.6000000000002,-13.000000223519));
#10381=CARTESIAN_POINT('',(-13.7228224835696,59.7499999999998,-13.000000223519));
#10382=CARTESIAN_POINT('Origin',(-13.8728224835696,59.7499999999998,-13.000000223519));
#10383=CARTESIAN_POINT('',(8.97717751643043,59.7499999999998,-13.000000223519));
#10384=CARTESIAN_POINT('Origin',(8.97717751643044,59.5999999999998,-13.000000223519));
#10385=CARTESIAN_POINT('',(8.97717751643043,63.0999999999998,-4.00000022351895));
#10386=CARTESIAN_POINT('Origin',(9.12717751643044,63.0999999999998,4.99999977648105));
#10387=CARTESIAN_POINT('',(11.1271775164304,63.0999999999998,-4.00000022351895));
#10388=CARTESIAN_POINT('Origin',(12.8771775164304,61.3499999999998,-13.000000223519));
#10389=CARTESIAN_POINT('',(14.6271775164304,59.5999999999998,-13.000000223519));
#10390=CARTESIAN_POINT('Origin',(32.0000000000003,59.5999999999998,-13.000000223519));
#10391=CARTESIAN_POINT('',(59.3749999254945,59.5999999999998,0.));
#10392=CARTESIAN_POINT('Origin',(117.000001698732,79.2000000000001,0.));
#10393=CARTESIAN_POINT('',(118.600001698732,79.2000000000001,0.));
#10394=CARTESIAN_POINT('Origin',(117.000001698732,79.2000000000001,0.));
#10395=CARTESIAN_POINT('',(118.600001698732,79.2000000000001,0.));
#10396=CARTESIAN_POINT('Origin',(133.5,100.2,0.));
#10397=CARTESIAN_POINT('',(133.5,98.2000000000002,0.));
#10398=CARTESIAN_POINT('',(133.5,98.2000000000002,0.));
#10399=CARTESIAN_POINT('',(135.5,100.2,0.));
#10400=CARTESIAN_POINT('Origin',(133.5,100.2,0.));
#10401=CARTESIAN_POINT('',(135.5,100.2,0.));
#10402=CARTESIAN_POINT('Origin',(135.5,121.,0.));
#10403=CARTESIAN_POINT('',(135.5,117.,0.));
#10404=CARTESIAN_POINT('',(135.5,112.05,0.));
#10405=CARTESIAN_POINT('',(135.5,117.,0.));
#10406=CARTESIAN_POINT('Origin',(131.5,117.,0.));
#10407=CARTESIAN_POINT('',(131.5,121.,0.));
#10408=CARTESIAN_POINT('Origin',(131.5,117.,0.));
#10409=CARTESIAN_POINT('',(131.5,121.,0.));
#10410=CARTESIAN_POINT('Origin',(113.,121.,0.));
#10411=CARTESIAN_POINT('',(113.,121.,0.));
#10412=CARTESIAN_POINT('',(147.25,121.,0.));
#10413=CARTESIAN_POINT('',(113.,121.,0.));
#10414=CARTESIAN_POINT('Origin',(113.,98.2000000000002,0.));
#10415=CARTESIAN_POINT('',(113.,98.2000000000002,0.));
#10416=CARTESIAN_POINT('',(113.,100.65,0.));
#10417=CARTESIAN_POINT('',(113.,98.2000000000002,0.));
#10418=CARTESIAN_POINT('Origin',(133.5,98.2000000000002,0.));
#10419=CARTESIAN_POINT('',(147.25,98.2000000000002,0.));
#10420=CARTESIAN_POINT('Origin',(139.5,103.2,-12.));
#10421=CARTESIAN_POINT('',(137.9,103.2,0.));
#10422=CARTESIAN_POINT('Origin',(139.5,103.2,0.));
#10423=CARTESIAN_POINT('',(137.9,103.2,-12.));
#10424=CARTESIAN_POINT('Origin',(159.5,29.2000000000001,0.));
#10425=CARTESIAN_POINT('',(161.1,29.2000000000001,0.));
#10426=CARTESIAN_POINT('',(161.1,29.2000000000001,0.));
#10427=CARTESIAN_POINT('Origin',(159.5,29.2000000000001,0.));
#10428=CARTESIAN_POINT('Origin',(147.,67.2000000000001,0.));
#10429=CARTESIAN_POINT('',(148.6,67.2000000000001,0.));
#10430=CARTESIAN_POINT('Origin',(147.,67.2000000000001,0.));
#10431=CARTESIAN_POINT('',(148.6,67.2000000000001,0.));
#10432=CARTESIAN_POINT('Origin',(115.8,74.7000000000001,2.66453525910038E-13));
#10433=CARTESIAN_POINT('',(115.8,75.7000000000001,-4.46427309858585E-7));
#10434=CARTESIAN_POINT('Origin',(115.8,74.7000000000001,-4.47038430717583E-7));
#10435=CARTESIAN_POINT('',(115.8,75.7000000000001,2.66453525910038E-13));
#10436=CARTESIAN_POINT('Origin',(141.5,75.7000000000001,5.32907051820075E-13));
#10437=CARTESIAN_POINT('',(38.0000000000003,75.7000000000001,0.));
#10438=CARTESIAN_POINT('',(114.124999925494,75.7000000000001,0.));
#10439=CARTESIAN_POINT('',(38.0000000000003,75.7000000000001,-2.60000011175921));
#10440=CARTESIAN_POINT('Origin',(38.0000000000003,74.7000000000001,-2.60000011175921));
#10441=CARTESIAN_POINT('Origin',(38.0000000000003,74.7000000000001,0.));
#10442=CARTESIAN_POINT('Origin',(41.0000000000003,15.2000000000002,-9.10000022351895));
#10443=CARTESIAN_POINT('',(41.0000000000003,11.2000000000002,0.));
#10444=CARTESIAN_POINT('Origin',(41.0000000000003,15.2000000000002,0.));
#10445=CARTESIAN_POINT('',(41.0000000000003,11.2000000000002,9.09999977648105));
#10446=CARTESIAN_POINT('Origin',(131.5,11.2000000000002,-13.000000223519));
#10447=CARTESIAN_POINT('',(109.124999925494,11.2000000000002,0.));
#10448=CARTESIAN_POINT('Origin',(120.3,61.2000000000001,0.499999832360756));
#10449=CARTESIAN_POINT('',(118.3,61.2000000000001,-10.9999999999995));
#10450=CARTESIAN_POINT('',(120.3,63.2000000000002,-10.9999999999995));
#10451=CARTESIAN_POINT('Origin',(120.3,61.2000000000001,-10.9999999999995));
#10452=CARTESIAN_POINT('',(120.3,63.2000000000001,0.499999832360756));
#10453=CARTESIAN_POINT('',(118.3,61.2000000000001,0.));
#10454=CARTESIAN_POINT('Origin',(120.3,61.2000000000001,0.));
#10455=CARTESIAN_POINT('',(118.3,61.2000000000001,0.499999832360756));
#10456=CARTESIAN_POINT('Origin',(132.15,63.2000000000001,-6.50000011175929));
#10457=CARTESIAN_POINT('',(125.707106781187,63.2000000000001,-11.707106781186));
#10458=CARTESIAN_POINT('',(127.,63.2000000000002,-13.000000223519));
#10459=CARTESIAN_POINT('',(126.16250002794,63.2000000000001,-12.1625000279394));
#10460=CARTESIAN_POINT('',(153.5,63.2000000000001,-13.0000002235191));
#10461=CARTESIAN_POINT('',(149.5,63.2000000000001,-13.0000002235191));
#10462=CARTESIAN_POINT('',(153.5,63.2000000000001,0.));
#10463=CARTESIAN_POINT('',(153.5,63.2000000000001,-9.75000016763912));
#10464=CARTESIAN_POINT('',(155.25,63.2000000000001,0.));
#10465=CARTESIAN_POINT('',(124.,63.2000000000001,-10.9999999999995));
#10466=CARTESIAN_POINT('',(125.225,63.2000000000001,-10.9999999999995));
#10467=CARTESIAN_POINT('',(127.109511652886,63.2000000000001,-12.288001898982));
#10468=CARTESIAN_POINT('Origin',(153.5,61.2000000000001,-9.75000016763912));
#10469=CARTESIAN_POINT('',(155.5,61.2000000000001,-13.0000002235189));
#10470=CARTESIAN_POINT('Origin',(153.5,61.2000000000001,-13.000000223519));
#10471=CARTESIAN_POINT('',(155.5,61.2000000000001,-1.51810930975863E-15));
#10472=CARTESIAN_POINT('',(155.5,61.2000000000001,-9.75000016763912));
#10473=CARTESIAN_POINT('Origin',(153.5,61.2000000000001,0.));
#10474=CARTESIAN_POINT('Origin',(155.5,26.2000000000002,-13.000000223519));
#10475=CARTESIAN_POINT('',(155.5,28.2000000000002,-13.0000002235189));
#10476=CARTESIAN_POINT('',(155.5,28.2000000000002,-13.000000223519));
#10477=CARTESIAN_POINT('',(155.5,28.2000000000002,-8.32787944884516E-15));
#10478=CARTESIAN_POINT('',(155.5,28.2000000000002,-13.000000223519));
#10479=CARTESIAN_POINT('',(155.5,84.6000000000001,0.));
#10480=CARTESIAN_POINT('Origin',(153.5,28.2000000000002,-13.000000223519));
#10481=CARTESIAN_POINT('',(153.5,26.2000000000002,-13.000000223519));
#10482=CARTESIAN_POINT('Origin',(153.5,28.2000000000002,-13.000000223519));
#10483=CARTESIAN_POINT('',(153.5,26.2000000000002,-1.11306649822988E-7));
#10484=CARTESIAN_POINT('',(153.5,26.2000000000002,-13.000000223519));
#10485=CARTESIAN_POINT('Origin',(153.5,28.2000000000002,0.));
#10486=CARTESIAN_POINT('Origin',(163.5,26.2000000000002,-13.000000223519));
#10487=CARTESIAN_POINT('',(141.5,26.2000000000002,-13.000000223519));
#10488=CARTESIAN_POINT('',(163.5,26.2000000000002,-13.000000223519));
#10489=CARTESIAN_POINT('',(141.5,26.2000000000002,-1.11306649822988E-7));
#10490=CARTESIAN_POINT('',(141.5,26.2000000000002,-13.000000223519));
#10491=CARTESIAN_POINT('',(163.5,26.2000000000002,-2.23518952235935E-7));
#10492=CARTESIAN_POINT('Origin',(141.5,21.2000000000002,-13.000000223519));
#10493=CARTESIAN_POINT('',(136.5,21.2000000000002,-13.000000223519));
#10494=CARTESIAN_POINT('',(136.5,21.2000000000002,-1.11306649822988E-7));
#10495=CARTESIAN_POINT('',(136.5,21.2000000000002,-13.000000223519));
#10496=CARTESIAN_POINT('Origin',(141.5,21.2000000000002,0.));
#10497=CARTESIAN_POINT('Origin',(141.5,21.2000000000002,-13.000000223519));
#10498=CARTESIAN_POINT('Origin',(136.5,26.2000000000002,-13.000000223519));
#10499=CARTESIAN_POINT('',(136.5,15.2000000000002,-1.11306649822988E-7));
#10500=CARTESIAN_POINT('',(136.5,15.2000000000002,-13.000000223519));
#10501=CARTESIAN_POINT('',(136.5,15.2000000000002,-13.000000223519));
#10502=CARTESIAN_POINT('',(136.5,26.2000000000002,-2.23518952235935E-7));
#10503=CARTESIAN_POINT('',(136.5,28.2000000000002,-13.000000223519));
#10504=CARTESIAN_POINT('Origin',(132.5,15.2000000000002,-13.000000223519));
#10505=CARTESIAN_POINT('',(132.5,11.2000000000002,-13.000000223519));
#10506=CARTESIAN_POINT('',(132.5,11.2000000000002,-1.11306649822988E-7));
#10507=CARTESIAN_POINT('',(132.5,11.2000000000002,-13.000000223519));
#10508=CARTESIAN_POINT('Origin',(132.5,15.2000000000002,0.));
#10509=CARTESIAN_POINT('Origin',(132.5,15.2000000000002,-13.000000223519));
#10510=CARTESIAN_POINT('Origin',(131.5,11.2000000000002,-13.000000223519));
#10511=CARTESIAN_POINT('',(129.,11.2000000000002,-2.23518952235935E-7));
#10512=CARTESIAN_POINT('',(129.,11.2000000000002,-13.000000223519));
#10513=CARTESIAN_POINT('',(129.,11.2000000000002,-13.000000223519));
#10514=CARTESIAN_POINT('',(131.5,11.2000000000002,-2.23518952235935E-7));
#10515=CARTESIAN_POINT('',(147.5,11.2000000000002,-13.000000223519));
#10516=CARTESIAN_POINT('Origin',(129.,15.2000000000002,-13.000000223519));
#10517=CARTESIAN_POINT('',(127.00000022352,11.7358982558134,-13.000000223519));
#10518=CARTESIAN_POINT('',(125.707106781187,12.9291291869656,-11.707106781186));
#10519=CARTESIAN_POINT('Origin',(129.,15.2000000000002,-14.9999999999995));
#10520=CARTESIAN_POINT('',(125.,15.2000000000002,-11.4142135623726));
#10521=CARTESIAN_POINT('Origin',(129.,15.2000000000002,-13.071067811865));
#10522=CARTESIAN_POINT('',(125.,15.2000000000002,-2.23518952235935E-7));
#10523=CARTESIAN_POINT('',(125.,15.2000000000002,-13.000000223519));
#10524=CARTESIAN_POINT('Origin',(129.,15.2000000000002,0.));
#10525=CARTESIAN_POINT('Origin',(129.,15.2000000000002,-13.000000223519));
#10526=CARTESIAN_POINT('Origin',(126.,33.2000000000002,-11.9999999999995));
#10527=CARTESIAN_POINT('',(127.000000223519,27.7000000000002,-13.000000223519));
#10528=CARTESIAN_POINT('',(125.707106781187,37.2000000000002,-11.707106781186));
#10529=CARTESIAN_POINT('Origin',(124.853553390593,37.2000000000002,-11.3535533905928));
#10530=CARTESIAN_POINT('',(125.,23.2000000000002,-11.4142135623726));
#10531=CARTESIAN_POINT('Origin',(125.,9.2000000000002,-13.000000223519));
#10532=CARTESIAN_POINT('',(125.,9.2000000000002,-2.23518952235935E-7));
#10533=CARTESIAN_POINT('Origin',(161.,103.1,0.));
#10534=CARTESIAN_POINT('',(118.3,73.4000000000001,0.));
#10535=CARTESIAN_POINT('Origin',(118.3,43.7000000000002,7.4999997764808));
#10536=CARTESIAN_POINT('',(118.3,50.4500000000002,-10.9999999999995));
#10537=CARTESIAN_POINT('Origin',(121.,41.2000000000002,-10.9999999999995));
#10538=CARTESIAN_POINT('',(124.,39.2000000000002,-10.9999999999995));
#10539=CARTESIAN_POINT('Origin',(124.853553390593,37.2000000000002,-11.3535533905928));
#10540=CARTESIAN_POINT('',(125.707106781187,37.2000000000002,-11.707106781186));
#10541=CARTESIAN_POINT('Origin',(126.,33.2000000000002,-11.9999999999995));
#10542=CARTESIAN_POINT('',(127.000000223519,27.7000000000002,-13.000000223519));
#10543=CARTESIAN_POINT('Origin',(144.,30.2000000000002,-13.000000223519));
#10544=UNCERTAINTY_MEASURE_WITH_UNIT(LENGTH_MEASURE(0.01),#10548,
'DISTANCE_ACCURACY_VALUE',
'Maximum model space distance between geometric entities at asserted c
onnectivities');
#10545=UNCERTAINTY_MEASURE_WITH_UNIT(LENGTH_MEASURE(0.01),#10548,
'DISTANCE_ACCURACY_VALUE',
'Maximum model space distance between geometric entities at asserted c
onnectivities');
#10546=(
GEOMETRIC_REPRESENTATION_CONTEXT(3)
GLOBAL_UNCERTAINTY_ASSIGNED_CONTEXT((#10544))
GLOBAL_UNIT_ASSIGNED_CONTEXT((#10548,#10550,#10551))
REPRESENTATION_CONTEXT('','3D')
);
#10547=(
GEOMETRIC_REPRESENTATION_CONTEXT(3)
GLOBAL_UNCERTAINTY_ASSIGNED_CONTEXT((#10545))
GLOBAL_UNIT_ASSIGNED_CONTEXT((#10548,#10550,#10551))
REPRESENTATION_CONTEXT('','3D')
);
#10548=(
LENGTH_UNIT()
NAMED_UNIT(*)
SI_UNIT(.MILLI.,.METRE.)
);
#10549=(
LENGTH_UNIT()
NAMED_UNIT(*)
SI_UNIT($,.METRE.)
);
#10550=(
NAMED_UNIT(*)
PLANE_ANGLE_UNIT()
SI_UNIT($,.RADIAN.)
);
#10551=(
NAMED_UNIT(*)
SI_UNIT($,.STERADIAN.)
SOLID_ANGLE_UNIT()
);
#10552=SHAPE_DEFINITION_REPRESENTATION(#10553,#10554);
#10553=PRODUCT_DEFINITION_SHAPE('',$,#10556);
#10554=SHAPE_REPRESENTATION('',(#6291),#10546);
#10555=PRODUCT_DEFINITION_CONTEXT('part definition',#10560,'design');
#10556=PRODUCT_DEFINITION('Chassis bottom','Chassis bottom',#10557,#10555);
#10557=PRODUCT_DEFINITION_FORMATION('',$,#10562);
#10558=PRODUCT_RELATED_PRODUCT_CATEGORY('Chassis bottom',
'Chassis bottom',(#10562));
#10559=APPLICATION_PROTOCOL_DEFINITION('international standard',
'automotive_design',2009,#10560);
#10560=APPLICATION_CONTEXT(
'Core Data for Automotive Mechanical Design Process');
#10561=PRODUCT_CONTEXT('part definition',#10560,'mechanical');
#10562=PRODUCT('Chassis bottom','Chassis bottom',$,(#10561));
#10563=PRESENTATION_STYLE_ASSIGNMENT((#10564));
#10564=SURFACE_STYLE_USAGE(.BOTH.,#10565);
#10565=SURFACE_SIDE_STYLE('',(#10566));
#10566=SURFACE_STYLE_FILL_AREA(#10567);
#10567=FILL_AREA_STYLE('Stahl - satiniert',(#10568));
#10568=FILL_AREA_STYLE_COLOUR('Stahl - satiniert',#10569);
#10569=COLOUR_RGB('Stahl - satiniert',0.627450980392157,0.627450980392157,
0.627450980392157);
ENDSEC;
END-ISO-10303-21;
