ISO-10303-21;
HEADER;
/* Generated by software containing ST-Developer
 * from STEP Tools, Inc. (www.steptools.com) 
 */

FILE_DESCRIPTION(
/* description */ (''),
/* implementation_level */ '2;1');

FILE_NAME(
/* name */ 'Chassis securing bracket.step',
/* time_stamp */ '2026-01-02T21:48:27+01:00',
/* author */ (''),
/* organization */ (''),
/* preprocessor_version */ 'ST-DEVELOPER v20.1',
/* originating_system */ 'Autodesk Translation Framework v14.21.0.0',
/* authorisation */ '');

FILE_SCHEMA (('AUTOMOTIVE_DESIGN { 1 0 10303 214 3 1 1 }'));
ENDSEC;

DATA;
#10=MECHANICAL_DESIGN_GEOMETRIC_PRESENTATION_REPRESENTATION('',(#13),#2565);
#11=SHAPE_REPRESENTATION_RELATIONSHIP('SRR','None',#2572,#12);
#12=ADVANCED_BREP_SHAPE_REPRESENTATION('',(#14),#2564);
#13=STYLED_ITEM('',(#2581),#14);
#14=MANIFOLD_SOLID_BREP('Chassis securing bracket',#1541);
#15=CONICAL_SURFACE('',#1605,2.3,0.785398163397448);
#16=CONICAL_SURFACE('',#1674,2.3,0.785398163397448);
#17=(
BOUNDED_CURVE()
B_SPLINE_CURVE(2,(#2222,#2223,#2224),.UNSPECIFIED.,.F.,.F.)
B_SPLINE_CURVE_WITH_KNOTS((3,3),(0.404442878239378,0.775387618060839),
 .UNSPECIFIED.)
CURVE()
GEOMETRIC_REPRESENTATION_ITEM()
RATIONAL_B_SPLINE_CURVE((1.48275862068918,1.58866995073937,1.48275862068918))
REPRESENTATION_ITEM('')
);
#18=(
BOUNDED_CURVE()
B_SPLINE_CURVE(2,(#2234,#2235,#2236),.UNSPECIFIED.,.F.,.F.)
B_SPLINE_CURVE_WITH_KNOTS((3,3),(0.404442878239375,0.775387618060836),
 .UNSPECIFIED.)
CURVE()
GEOMETRIC_REPRESENTATION_ITEM()
RATIONAL_B_SPLINE_CURVE((1.48275862068918,1.58866995073937,1.48275862068917))
REPRESENTATION_ITEM('')
);
#19=(
BOUNDED_CURVE()
B_SPLINE_CURVE(2,(#2246,#2247,#2248),.UNSPECIFIED.,.F.,.F.)
B_SPLINE_CURVE_WITH_KNOTS((3,3),(0.404442878239377,0.775387618060828),
 .UNSPECIFIED.)
CURVE()
GEOMETRIC_REPRESENTATION_ITEM()
RATIONAL_B_SPLINE_CURVE((1.48275862068918,1.58866995073936,1.48275862068918))
REPRESENTATION_ITEM('')
);
#20=(
BOUNDED_CURVE()
B_SPLINE_CURVE(2,(#2258,#2259,#2260),.UNSPECIFIED.,.F.,.F.)
B_SPLINE_CURVE_WITH_KNOTS((3,3),(-0.880334039517347,-0.678822509939075),
 .UNSPECIFIED.)
CURVE()
GEOMETRIC_REPRESENTATION_ITEM()
RATIONAL_B_SPLINE_CURVE((1.58620689654994,1.64285714285711,1.64285714285711))
REPRESENTATION_ITEM('')
);
#21=(
BOUNDED_CURVE()
B_SPLINE_CURVE(2,(#2262,#2263,#2264),.UNSPECIFIED.,.F.,.F.)
B_SPLINE_CURVE_WITH_KNOTS((3,3),(-0.678822509939075,-0.477310980360793),
 .UNSPECIFIED.)
CURVE()
GEOMETRIC_REPRESENTATION_ITEM()
RATIONAL_B_SPLINE_CURVE((1.64285714285711,1.64285714285711,1.58620689654994))
REPRESENTATION_ITEM('')
);
#22=(
BOUNDED_CURVE()
B_SPLINE_CURVE(2,(#2274,#2275,#2276),.UNSPECIFIED.,.F.,.F.)
B_SPLINE_CURVE_WITH_KNOTS((3,3),(0.404442878239374,0.775387618060837),
 .UNSPECIFIED.)
CURVE()
GEOMETRIC_REPRESENTATION_ITEM()
RATIONAL_B_SPLINE_CURVE((1.48275862068918,1.58866995073937,1.48275862068917))
REPRESENTATION_ITEM('')
);
#23=(
BOUNDED_CURVE()
B_SPLINE_CURVE(2,(#2284,#2285,#2286),.UNSPECIFIED.,.F.,.F.)
B_SPLINE_CURVE_WITH_KNOTS((3,3),(0.404442878239377,0.77538761806083),
 .UNSPECIFIED.)
CURVE()
GEOMETRIC_REPRESENTATION_ITEM()
RATIONAL_B_SPLINE_CURVE((1.48275862068918,1.58866995073936,1.48275862068918))
REPRESENTATION_ITEM('')
);
#24=(
BOUNDED_CURVE()
B_SPLINE_CURVE(2,(#2484,#2485,#2486),.UNSPECIFIED.,.F.,.F.)
B_SPLINE_CURVE_WITH_KNOTS((3,3),(0.404442878239373,0.775387618060837),
 .UNSPECIFIED.)
CURVE()
GEOMETRIC_REPRESENTATION_ITEM()
RATIONAL_B_SPLINE_CURVE((1.48275862068919,1.58866995073938,1.48275862068919))
REPRESENTATION_ITEM('')
);
#25=(
BOUNDED_CURVE()
B_SPLINE_CURVE(2,(#2494,#2495,#2496),.UNSPECIFIED.,.F.,.F.)
B_SPLINE_CURVE_WITH_KNOTS((3,3),(0.404442878239373,0.775387618060837),
 .UNSPECIFIED.)
CURVE()
GEOMETRIC_REPRESENTATION_ITEM()
RATIONAL_B_SPLINE_CURVE((1.48275862068919,1.58866995073938,1.48275862068919))
REPRESENTATION_ITEM('')
);
#26=(
BOUNDED_CURVE()
B_SPLINE_CURVE(2,(#2504,#2505,#2506),.UNSPECIFIED.,.F.,.F.)
B_SPLINE_CURVE_WITH_KNOTS((3,3),(0.404442878239373,0.775387618060835),
 .UNSPECIFIED.)
CURVE()
GEOMETRIC_REPRESENTATION_ITEM()
RATIONAL_B_SPLINE_CURVE((1.48275862068919,1.58866995073938,1.48275862068919))
REPRESENTATION_ITEM('')
);
#27=(
BOUNDED_CURVE()
B_SPLINE_CURVE(2,(#2514,#2515,#2516),.UNSPECIFIED.,.F.,.F.)
B_SPLINE_CURVE_WITH_KNOTS((3,3),(-0.880334039517332,-0.678822509939069),
 .UNSPECIFIED.)
CURVE()
GEOMETRIC_REPRESENTATION_ITEM()
RATIONAL_B_SPLINE_CURVE((1.58620689654997,1.64285714285713,1.64285714285713))
REPRESENTATION_ITEM('')
);
#28=(
BOUNDED_CURVE()
B_SPLINE_CURVE(2,(#2518,#2519,#2520),.UNSPECIFIED.,.F.,.F.)
B_SPLINE_CURVE_WITH_KNOTS((3,3),(-0.678822509939069,-0.477310980360793),
 .UNSPECIFIED.)
CURVE()
GEOMETRIC_REPRESENTATION_ITEM()
RATIONAL_B_SPLINE_CURVE((1.64285714285713,1.64285714285712,1.58620689654996))
REPRESENTATION_ITEM('')
);
#29=(
BOUNDED_CURVE()
B_SPLINE_CURVE(2,(#2528,#2529,#2530),.UNSPECIFIED.,.F.,.F.)
B_SPLINE_CURVE_WITH_KNOTS((3,3),(0.404442878239374,0.775387618060838),
 .UNSPECIFIED.)
CURVE()
GEOMETRIC_REPRESENTATION_ITEM()
RATIONAL_B_SPLINE_CURVE((1.48275862068918,1.58866995073938,1.48275862068918))
REPRESENTATION_ITEM('')
);
#30=(
BOUNDED_CURVE()
B_SPLINE_CURVE(2,(#2537,#2538,#2539),.UNSPECIFIED.,.F.,.F.)
B_SPLINE_CURVE_WITH_KNOTS((3,3),(0.404442878239374,0.775387618060837),
 .UNSPECIFIED.)
CURVE()
GEOMETRIC_REPRESENTATION_ITEM()
RATIONAL_B_SPLINE_CURVE((1.48275862068919,1.58866995073939,1.48275862068919))
REPRESENTATION_ITEM('')
);
#31=CYLINDRICAL_SURFACE('',#1564,5.);
#32=CYLINDRICAL_SURFACE('',#1567,5.);
#33=CYLINDRICAL_SURFACE('',#1570,5.);
#34=CYLINDRICAL_SURFACE('',#1572,1.6);
#35=CYLINDRICAL_SURFACE('',#1574,1.6);
#36=CYLINDRICAL_SURFACE('',#1583,5.);
#37=CYLINDRICAL_SURFACE('',#1593,1.6);
#38=CYLINDRICAL_SURFACE('',#1615,3.);
#39=CYLINDRICAL_SURFACE('',#1617,4.);
#40=CYLINDRICAL_SURFACE('',#1619,3.);
#41=CYLINDRICAL_SURFACE('',#1631,5.);
#42=CYLINDRICAL_SURFACE('',#1634,5.);
#43=CYLINDRICAL_SURFACE('',#1637,5.);
#44=CYLINDRICAL_SURFACE('',#1639,1.6);
#45=CYLINDRICAL_SURFACE('',#1641,1.6);
#46=CYLINDRICAL_SURFACE('',#1649,5.);
#47=CYLINDRICAL_SURFACE('',#1662,1.6);
#48=FACE_BOUND('',#188,.T.);
#49=FACE_BOUND('',#189,.T.);
#50=FACE_BOUND('',#190,.T.);
#51=FACE_BOUND('',#201,.T.);
#52=FACE_BOUND('',#234,.T.);
#53=FACE_BOUND('',#235,.T.);
#54=FACE_BOUND('',#236,.T.);
#55=FACE_BOUND('',#246,.T.);
#56=FACE_BOUND('',#254,.T.);
#57=FACE_BOUND('',#255,.T.);
#58=FACE_BOUND('',#256,.T.);
#59=FACE_BOUND('',#257,.T.);
#60=FACE_BOUND('',#258,.T.);
#61=FACE_BOUND('',#259,.T.);
#62=CIRCLE('',#1557,5.);
#63=CIRCLE('',#1558,5.);
#64=CIRCLE('',#1559,5.);
#65=CIRCLE('',#1560,5.);
#66=CIRCLE('',#1561,1.6);
#67=CIRCLE('',#1562,1.6);
#68=CIRCLE('',#1565,5.);
#69=CIRCLE('',#1568,5.);
#70=CIRCLE('',#1571,5.);
#71=CIRCLE('',#1573,1.6);
#72=CIRCLE('',#1575,1.6);
#73=CIRCLE('',#1576,1.6);
#74=CIRCLE('',#1584,5.);
#75=CIRCLE('',#1586,3.);
#76=CIRCLE('',#1594,1.6);
#77=CIRCLE('',#1596,3.);
#78=CIRCLE('',#1598,3.);
#79=CIRCLE('',#1600,3.);
#80=CIRCLE('',#1602,3.);
#81=CIRCLE('',#1604,3.);
#82=CIRCLE('',#1612,3.);
#83=CIRCLE('',#1613,4.);
#84=CIRCLE('',#1614,3.);
#85=CIRCLE('',#1616,3.);
#86=CIRCLE('',#1618,4.);
#87=CIRCLE('',#1620,3.);
#88=CIRCLE('',#1625,5.);
#89=CIRCLE('',#1626,5.);
#90=CIRCLE('',#1627,5.);
#91=CIRCLE('',#1628,5.);
#92=CIRCLE('',#1629,1.6);
#93=CIRCLE('',#1630,1.6);
#94=CIRCLE('',#1632,5.);
#95=CIRCLE('',#1635,5.);
#96=CIRCLE('',#1638,5.);
#97=CIRCLE('',#1640,1.6);
#98=CIRCLE('',#1642,1.6);
#99=CIRCLE('',#1643,1.6);
#100=CIRCLE('',#1650,5.);
#101=CIRCLE('',#1655,3.);
#102=CIRCLE('',#1663,1.6);
#103=CIRCLE('',#1665,3.);
#104=CIRCLE('',#1667,3.);
#105=CIRCLE('',#1669,3.);
#106=CIRCLE('',#1671,3.);
#107=CIRCLE('',#1673,3.);
#108=FACE_OUTER_BOUND('',#186,.T.);
#109=FACE_OUTER_BOUND('',#187,.T.);
#110=FACE_OUTER_BOUND('',#191,.T.);
#111=FACE_OUTER_BOUND('',#192,.T.);
#112=FACE_OUTER_BOUND('',#193,.T.);
#113=FACE_OUTER_BOUND('',#194,.T.);
#114=FACE_OUTER_BOUND('',#195,.T.);
#115=FACE_OUTER_BOUND('',#196,.T.);
#116=FACE_OUTER_BOUND('',#197,.T.);
#117=FACE_OUTER_BOUND('',#198,.T.);
#118=FACE_OUTER_BOUND('',#199,.T.);
#119=FACE_OUTER_BOUND('',#200,.T.);
#120=FACE_OUTER_BOUND('',#202,.T.);
#121=FACE_OUTER_BOUND('',#203,.T.);
#122=FACE_OUTER_BOUND('',#204,.T.);
#123=FACE_OUTER_BOUND('',#205,.T.);
#124=FACE_OUTER_BOUND('',#206,.T.);
#125=FACE_OUTER_BOUND('',#207,.T.);
#126=FACE_OUTER_BOUND('',#208,.T.);
#127=FACE_OUTER_BOUND('',#209,.T.);
#128=FACE_OUTER_BOUND('',#210,.T.);
#129=FACE_OUTER_BOUND('',#211,.T.);
#130=FACE_OUTER_BOUND('',#212,.T.);
#131=FACE_OUTER_BOUND('',#213,.T.);
#132=FACE_OUTER_BOUND('',#214,.T.);
#133=FACE_OUTER_BOUND('',#215,.T.);
#134=FACE_OUTER_BOUND('',#216,.T.);
#135=FACE_OUTER_BOUND('',#217,.T.);
#136=FACE_OUTER_BOUND('',#218,.T.);
#137=FACE_OUTER_BOUND('',#219,.T.);
#138=FACE_OUTER_BOUND('',#220,.T.);
#139=FACE_OUTER_BOUND('',#221,.T.);
#140=FACE_OUTER_BOUND('',#222,.T.);
#141=FACE_OUTER_BOUND('',#223,.T.);
#142=FACE_OUTER_BOUND('',#224,.T.);
#143=FACE_OUTER_BOUND('',#225,.T.);
#144=FACE_OUTER_BOUND('',#226,.T.);
#145=FACE_OUTER_BOUND('',#227,.T.);
#146=FACE_OUTER_BOUND('',#228,.T.);
#147=FACE_OUTER_BOUND('',#229,.T.);
#148=FACE_OUTER_BOUND('',#230,.T.);
#149=FACE_OUTER_BOUND('',#231,.T.);
#150=FACE_OUTER_BOUND('',#232,.T.);
#151=FACE_OUTER_BOUND('',#233,.T.);
#152=FACE_OUTER_BOUND('',#237,.T.);
#153=FACE_OUTER_BOUND('',#238,.T.);
#154=FACE_OUTER_BOUND('',#239,.T.);
#155=FACE_OUTER_BOUND('',#240,.T.);
#156=FACE_OUTER_BOUND('',#241,.T.);
#157=FACE_OUTER_BOUND('',#242,.T.);
#158=FACE_OUTER_BOUND('',#243,.T.);
#159=FACE_OUTER_BOUND('',#244,.T.);
#160=FACE_OUTER_BOUND('',#245,.T.);
#161=FACE_OUTER_BOUND('',#247,.T.);
#162=FACE_OUTER_BOUND('',#248,.T.);
#163=FACE_OUTER_BOUND('',#249,.T.);
#164=FACE_OUTER_BOUND('',#250,.T.);
#165=FACE_OUTER_BOUND('',#251,.T.);
#166=FACE_OUTER_BOUND('',#252,.T.);
#167=FACE_OUTER_BOUND('',#253,.T.);
#168=FACE_OUTER_BOUND('',#260,.T.);
#169=FACE_OUTER_BOUND('',#261,.T.);
#170=FACE_OUTER_BOUND('',#262,.T.);
#171=FACE_OUTER_BOUND('',#263,.T.);
#172=FACE_OUTER_BOUND('',#264,.T.);
#173=FACE_OUTER_BOUND('',#265,.T.);
#174=FACE_OUTER_BOUND('',#266,.T.);
#175=FACE_OUTER_BOUND('',#267,.T.);
#176=FACE_OUTER_BOUND('',#268,.T.);
#177=FACE_OUTER_BOUND('',#269,.T.);
#178=FACE_OUTER_BOUND('',#270,.T.);
#179=FACE_OUTER_BOUND('',#271,.T.);
#180=FACE_OUTER_BOUND('',#272,.T.);
#181=FACE_OUTER_BOUND('',#273,.T.);
#182=FACE_OUTER_BOUND('',#274,.T.);
#183=FACE_OUTER_BOUND('',#275,.T.);
#184=FACE_OUTER_BOUND('',#276,.T.);
#185=FACE_OUTER_BOUND('',#277,.T.);
#186=EDGE_LOOP('',(#964,#965,#966,#967));
#187=EDGE_LOOP('',(#968,#969,#970,#971,#972,#973,#974,#975,#976,#977,#978,
#979));
#188=EDGE_LOOP('',(#980,#981,#982,#983,#984,#985));
#189=EDGE_LOOP('',(#986));
#190=EDGE_LOOP('',(#987));
#191=EDGE_LOOP('',(#988,#989,#990,#991));
#192=EDGE_LOOP('',(#992,#993,#994,#995));
#193=EDGE_LOOP('',(#996,#997,#998,#999));
#194=EDGE_LOOP('',(#1000,#1001,#1002,#1003));
#195=EDGE_LOOP('',(#1004,#1005,#1006,#1007));
#196=EDGE_LOOP('',(#1008,#1009,#1010,#1011));
#197=EDGE_LOOP('',(#1012,#1013,#1014,#1015));
#198=EDGE_LOOP('',(#1016,#1017,#1018,#1019));
#199=EDGE_LOOP('',(#1020,#1021,#1022,#1023));
#200=EDGE_LOOP('',(#1024,#1025,#1026,#1027,#1028,#1029));
#201=EDGE_LOOP('',(#1030));
#202=EDGE_LOOP('',(#1031,#1032,#1033,#1034));
#203=EDGE_LOOP('',(#1035,#1036,#1037,#1038));
#204=EDGE_LOOP('',(#1039,#1040,#1041,#1042));
#205=EDGE_LOOP('',(#1043,#1044,#1045,#1046));
#206=EDGE_LOOP('',(#1047,#1048,#1049,#1050));
#207=EDGE_LOOP('',(#1051,#1052,#1053));
#208=EDGE_LOOP('',(#1054,#1055,#1056,#1057,#1058,#1059));
#209=EDGE_LOOP('',(#1060,#1061,#1062,#1063,#1064,#1065));
#210=EDGE_LOOP('',(#1066,#1067,#1068,#1069,#1070,#1071));
#211=EDGE_LOOP('',(#1072,#1073,#1074,#1075,#1076,#1077,#1078));
#212=EDGE_LOOP('',(#1079,#1080,#1081,#1082,#1083,#1084));
#213=EDGE_LOOP('',(#1085,#1086,#1087,#1088,#1089,#1090));
#214=EDGE_LOOP('',(#1091,#1092,#1093,#1094));
#215=EDGE_LOOP('',(#1095,#1096,#1097));
#216=EDGE_LOOP('',(#1098,#1099,#1100));
#217=EDGE_LOOP('',(#1101,#1102,#1103));
#218=EDGE_LOOP('',(#1104,#1105,#1106));
#219=EDGE_LOOP('',(#1107,#1108,#1109));
#220=EDGE_LOOP('',(#1110,#1111,#1112,#1113,#1114,#1115,#1116,#1117,#1118,
#1119,#1120,#1121,#1122,#1123,#1124,#1125));
#221=EDGE_LOOP('',(#1126,#1127,#1128,#1129));
#222=EDGE_LOOP('',(#1130,#1131,#1132,#1133));
#223=EDGE_LOOP('',(#1134,#1135,#1136,#1137));
#224=EDGE_LOOP('',(#1138,#1139,#1140,#1141));
#225=EDGE_LOOP('',(#1142,#1143,#1144,#1145,#1146,#1147,#1148));
#226=EDGE_LOOP('',(#1149,#1150,#1151,#1152,#1153,#1154,#1155,#1156));
#227=EDGE_LOOP('',(#1157,#1158,#1159,#1160));
#228=EDGE_LOOP('',(#1161,#1162,#1163,#1164));
#229=EDGE_LOOP('',(#1165,#1166,#1167,#1168));
#230=EDGE_LOOP('',(#1169,#1170,#1171,#1172));
#231=EDGE_LOOP('',(#1173,#1174,#1175,#1176));
#232=EDGE_LOOP('',(#1177,#1178,#1179,#1180,#1181,#1182,#1183,#1184,#1185,
#1186));
#233=EDGE_LOOP('',(#1187,#1188,#1189,#1190,#1191,#1192,#1193,#1194,#1195,
#1196,#1197,#1198));
#234=EDGE_LOOP('',(#1199));
#235=EDGE_LOOP('',(#1200));
#236=EDGE_LOOP('',(#1201,#1202,#1203,#1204,#1205,#1206));
#237=EDGE_LOOP('',(#1207,#1208,#1209,#1210));
#238=EDGE_LOOP('',(#1211,#1212,#1213,#1214));
#239=EDGE_LOOP('',(#1215,#1216,#1217,#1218));
#240=EDGE_LOOP('',(#1219,#1220,#1221,#1222));
#241=EDGE_LOOP('',(#1223,#1224,#1225,#1226));
#242=EDGE_LOOP('',(#1227,#1228,#1229,#1230));
#243=EDGE_LOOP('',(#1231,#1232,#1233,#1234));
#244=EDGE_LOOP('',(#1235,#1236,#1237,#1238));
#245=EDGE_LOOP('',(#1239,#1240,#1241,#1242,#1243,#1244));
#246=EDGE_LOOP('',(#1245));
#247=EDGE_LOOP('',(#1246,#1247,#1248,#1249));
#248=EDGE_LOOP('',(#1250,#1251,#1252,#1253));
#249=EDGE_LOOP('',(#1254,#1255,#1256,#1257));
#250=EDGE_LOOP('',(#1258,#1259,#1260,#1261));
#251=EDGE_LOOP('',(#1262,#1263,#1264,#1265));
#252=EDGE_LOOP('',(#1266,#1267,#1268,#1269));
#253=EDGE_LOOP('',(#1270,#1271,#1272,#1273,#1274,#1275,#1276,#1277,#1278,
#1279,#1280,#1281,#1282,#1283,#1284,#1285,#1286,#1287,#1288,#1289,#1290,
#1291,#1292,#1293));
#254=EDGE_LOOP('',(#1294,#1295,#1296,#1297,#1298,#1299));
#255=EDGE_LOOP('',(#1300));
#256=EDGE_LOOP('',(#1301));
#257=EDGE_LOOP('',(#1302,#1303,#1304,#1305,#1306,#1307));
#258=EDGE_LOOP('',(#1308));
#259=EDGE_LOOP('',(#1309));
#260=EDGE_LOOP('',(#1310,#1311,#1312));
#261=EDGE_LOOP('',(#1313,#1314,#1315,#1316,#1317,#1318));
#262=EDGE_LOOP('',(#1319,#1320,#1321,#1322,#1323,#1324));
#263=EDGE_LOOP('',(#1325,#1326,#1327,#1328,#1329,#1330));
#264=EDGE_LOOP('',(#1331,#1332,#1333,#1334,#1335,#1336,#1337));
#265=EDGE_LOOP('',(#1338,#1339,#1340,#1341,#1342,#1343));
#266=EDGE_LOOP('',(#1344,#1345,#1346,#1347,#1348,#1349));
#267=EDGE_LOOP('',(#1350,#1351,#1352,#1353));
#268=EDGE_LOOP('',(#1354,#1355,#1356));
#269=EDGE_LOOP('',(#1357,#1358,#1359));
#270=EDGE_LOOP('',(#1360,#1361,#1362));
#271=EDGE_LOOP('',(#1363,#1364,#1365));
#272=EDGE_LOOP('',(#1366,#1367,#1368));
#273=EDGE_LOOP('',(#1369,#1370,#1371,#1372,#1373,#1374,#1375,#1376,#1377,
#1378,#1379,#1380,#1381,#1382,#1383,#1384));
#274=EDGE_LOOP('',(#1385,#1386,#1387,#1388));
#275=EDGE_LOOP('',(#1389,#1390,#1391,#1392));
#276=EDGE_LOOP('',(#1393,#1394,#1395,#1396));
#277=EDGE_LOOP('',(#1397,#1398,#1399,#1400,#1401,#1402,#1403));
#278=LINE('',#2093,#438);
#279=LINE('',#2095,#439);
#280=LINE('',#2097,#440);
#281=LINE('',#2098,#441);
#282=LINE('',#2101,#442);
#283=LINE('',#2105,#443);
#284=LINE('',#2107,#444);
#285=LINE('',#2111,#445);
#286=LINE('',#2115,#446);
#287=LINE('',#2119,#447);
#288=LINE('',#2120,#448);
#289=LINE('',#2123,#449);
#290=LINE('',#2125,#450);
#291=LINE('',#2127,#451);
#292=LINE('',#2129,#452);
#293=LINE('',#2131,#453);
#294=LINE('',#2132,#454);
#295=LINE('',#2140,#455);
#296=LINE('',#2141,#456);
#297=LINE('',#2142,#457);
#298=LINE('',#2145,#458);
#299=LINE('',#2148,#459);
#300=LINE('',#2151,#460);
#301=LINE('',#2152,#461);
#302=LINE('',#2156,#462);
#303=LINE('',#2159,#463);
#304=LINE('',#2160,#464);
#305=LINE('',#2164,#465);
#306=LINE('',#2168,#466);
#307=LINE('',#2173,#467);
#308=LINE('',#2177,#468);
#309=LINE('',#2178,#469);
#310=LINE('',#2182,#470);
#311=LINE('',#2184,#471);
#312=LINE('',#2186,#472);
#313=LINE('',#2188,#473);
#314=LINE('',#2190,#474);
#315=LINE('',#2191,#475);
#316=LINE('',#2193,#476);
#317=LINE('',#2194,#477);
#318=LINE('',#2196,#478);
#319=LINE('',#2199,#479);
#320=LINE('',#2200,#480);
#321=LINE('',#2203,#481);
#322=LINE('',#2204,#482);
#323=LINE('',#2208,#483);
#324=LINE('',#2214,#484);
#325=LINE('',#2215,#485);
#326=LINE('',#2219,#486);
#327=LINE('',#2220,#487);
#328=LINE('',#2226,#488);
#329=LINE('',#2227,#489);
#330=LINE('',#2230,#490);
#331=LINE('',#2232,#491);
#332=LINE('',#2238,#492);
#333=LINE('',#2239,#493);
#334=LINE('',#2242,#494);
#335=LINE('',#2244,#495);
#336=LINE('',#2250,#496);
#337=LINE('',#2251,#497);
#338=LINE('',#2254,#498);
#339=LINE('',#2256,#499);
#340=LINE('',#2266,#500);
#341=LINE('',#2267,#501);
#342=LINE('',#2270,#502);
#343=LINE('',#2272,#503);
#344=LINE('',#2278,#504);
#345=LINE('',#2279,#505);
#346=LINE('',#2281,#506);
#347=LINE('',#2283,#507);
#348=LINE('',#2290,#508);
#349=LINE('',#2302,#509);
#350=LINE('',#2304,#510);
#351=LINE('',#2306,#511);
#352=LINE('',#2308,#512);
#353=LINE('',#2312,#513);
#354=LINE('',#2314,#514);
#355=LINE('',#2315,#515);
#356=LINE('',#2319,#516);
#357=LINE('',#2320,#517);
#358=LINE('',#2327,#518);
#359=LINE('',#2331,#519);
#360=LINE('',#2335,#520);
#361=LINE('',#2339,#521);
#362=LINE('',#2342,#522);
#363=LINE('',#2344,#523);
#364=LINE('',#2345,#524);
#365=LINE('',#2348,#525);
#366=LINE('',#2350,#526);
#367=LINE('',#2351,#527);
#368=LINE('',#2354,#528);
#369=LINE('',#2356,#529);
#370=LINE('',#2357,#530);
#371=LINE('',#2360,#531);
#372=LINE('',#2362,#532);
#373=LINE('',#2366,#533);
#374=LINE('',#2370,#534);
#375=LINE('',#2374,#535);
#376=LINE('',#2376,#536);
#377=LINE('',#2384,#537);
#378=LINE('',#2386,#538);
#379=LINE('',#2388,#539);
#380=LINE('',#2390,#540);
#381=LINE('',#2392,#541);
#382=LINE('',#2393,#542);
#383=LINE('',#2396,#543);
#384=LINE('',#2399,#544);
#385=LINE('',#2402,#545);
#386=LINE('',#2403,#546);
#387=LINE('',#2406,#547);
#388=LINE('',#2410,#548);
#389=LINE('',#2411,#549);
#390=LINE('',#2414,#550);
#391=LINE('',#2418,#551);
#392=LINE('',#2424,#552);
#393=LINE('',#2428,#553);
#394=LINE('',#2429,#554);
#395=LINE('',#2433,#555);
#396=LINE('',#2435,#556);
#397=LINE('',#2437,#557);
#398=LINE('',#2439,#558);
#399=LINE('',#2441,#559);
#400=LINE('',#2442,#560);
#401=LINE('',#2444,#561);
#402=LINE('',#2445,#562);
#403=LINE('',#2447,#563);
#404=LINE('',#2449,#564);
#405=LINE('',#2453,#565);
#406=LINE('',#2455,#566);
#407=LINE('',#2458,#567);
#408=LINE('',#2459,#568);
#409=LINE('',#2461,#569);
#410=LINE('',#2464,#570);
#411=LINE('',#2466,#571);
#412=LINE('',#2468,#572);
#413=LINE('',#2470,#573);
#414=LINE('',#2472,#574);
#415=LINE('',#2473,#575);
#416=LINE('',#2479,#576);
#417=LINE('',#2480,#577);
#418=LINE('',#2482,#578);
#419=LINE('',#2488,#579);
#420=LINE('',#2489,#580);
#421=LINE('',#2492,#581);
#422=LINE('',#2498,#582);
#423=LINE('',#2499,#583);
#424=LINE('',#2502,#584);
#425=LINE('',#2508,#585);
#426=LINE('',#2509,#586);
#427=LINE('',#2512,#587);
#428=LINE('',#2522,#588);
#429=LINE('',#2523,#589);
#430=LINE('',#2526,#590);
#431=LINE('',#2532,#591);
#432=LINE('',#2533,#592);
#433=LINE('',#2536,#593);
#434=LINE('',#2542,#594);
#435=LINE('',#2555,#595);
#436=LINE('',#2557,#596);
#437=LINE('',#2559,#597);
#438=VECTOR('',#1683,10.);
#439=VECTOR('',#1684,10.);
#440=VECTOR('',#1685,10.);
#441=VECTOR('',#1686,10.);
#442=VECTOR('',#1689,10.);
#443=VECTOR('',#1692,10.);
#444=VECTOR('',#1693,10.);
#445=VECTOR('',#1696,10.);
#446=VECTOR('',#1699,10.);
#447=VECTOR('',#1702,10.);
#448=VECTOR('',#1703,10.);
#449=VECTOR('',#1704,9.99999999999999);
#450=VECTOR('',#1705,9.99999999999999);
#451=VECTOR('',#1706,10.);
#452=VECTOR('',#1707,10.);
#453=VECTOR('',#1708,10.);
#454=VECTOR('',#1709,10.);
#455=VECTOR('',#1716,10.);
#456=VECTOR('',#1717,10.);
#457=VECTOR('',#1718,10.);
#458=VECTOR('',#1721,10.);
#459=VECTOR('',#1724,10.);
#460=VECTOR('',#1727,10.);
#461=VECTOR('',#1728,10.);
#462=VECTOR('',#1733,10.);
#463=VECTOR('',#1736,10.);
#464=VECTOR('',#1737,10.);
#465=VECTOR('',#1742,10.);
#466=VECTOR('',#1747,1.6);
#467=VECTOR('',#1752,1.6);
#468=VECTOR('',#1757,10.);
#469=VECTOR('',#1758,10.);
#470=VECTOR('',#1761,10.);
#471=VECTOR('',#1762,9.99999999999999);
#472=VECTOR('',#1763,10.);
#473=VECTOR('',#1764,10.);
#474=VECTOR('',#1765,10.);
#475=VECTOR('',#1766,10.);
#476=VECTOR('',#1769,10.);
#477=VECTOR('',#1770,10.);
#478=VECTOR('',#1773,10.);
#479=VECTOR('',#1776,10.);
#480=VECTOR('',#1777,10.);
#481=VECTOR('',#1780,10.);
#482=VECTOR('',#1781,10.);
#483=VECTOR('',#1786,10.);
#484=VECTOR('',#1791,10.);
#485=VECTOR('',#1792,10.);
#486=VECTOR('',#1795,10.);
#487=VECTOR('',#1796,10.);
#488=VECTOR('',#1797,10.);
#489=VECTOR('',#1798,10.);
#490=VECTOR('',#1801,10.);
#491=VECTOR('',#1802,10.);
#492=VECTOR('',#1803,10.);
#493=VECTOR('',#1804,10.);
#494=VECTOR('',#1807,10.);
#495=VECTOR('',#1808,10.);
#496=VECTOR('',#1809,10.);
#497=VECTOR('',#1810,10.);
#498=VECTOR('',#1813,10.);
#499=VECTOR('',#1814,10.);
#500=VECTOR('',#1815,10.);
#501=VECTOR('',#1816,10.);
#502=VECTOR('',#1819,10.);
#503=VECTOR('',#1820,10.);
#504=VECTOR('',#1821,10.);
#505=VECTOR('',#1822,10.);
#506=VECTOR('',#1825,9.99999999999999);
#507=VECTOR('',#1826,10.);
#508=VECTOR('',#1831,1.6);
#509=VECTOR('',#1854,2.3);
#510=VECTOR('',#1857,10.);
#511=VECTOR('',#1860,10.);
#512=VECTOR('',#1863,10.);
#513=VECTOR('',#1868,10.);
#514=VECTOR('',#1869,10.);
#515=VECTOR('',#1870,10.);
#516=VECTOR('',#1873,10.);
#517=VECTOR('',#1874,10.);
#518=VECTOR('',#1881,10.);
#519=VECTOR('',#1886,10.);
#520=VECTOR('',#1891,10.);
#521=VECTOR('',#1896,10.);
#522=VECTOR('',#1899,10.);
#523=VECTOR('',#1900,10.);
#524=VECTOR('',#1901,10.);
#525=VECTOR('',#1904,10.);
#526=VECTOR('',#1905,10.);
#527=VECTOR('',#1906,10.);
#528=VECTOR('',#1909,10.);
#529=VECTOR('',#1910,10.);
#530=VECTOR('',#1911,10.);
#531=VECTOR('',#1914,10.);
#532=VECTOR('',#1915,10.);
#533=VECTOR('',#1918,10.);
#534=VECTOR('',#1921,10.);
#535=VECTOR('',#1924,10.);
#536=VECTOR('',#1925,10.);
#537=VECTOR('',#1932,10.);
#538=VECTOR('',#1933,10.);
#539=VECTOR('',#1934,10.);
#540=VECTOR('',#1935,10.);
#541=VECTOR('',#1936,10.);
#542=VECTOR('',#1937,10.);
#543=VECTOR('',#1940,10.);
#544=VECTOR('',#1943,10.);
#545=VECTOR('',#1946,10.);
#546=VECTOR('',#1947,10.);
#547=VECTOR('',#1950,10.);
#548=VECTOR('',#1955,10.);
#549=VECTOR('',#1956,10.);
#550=VECTOR('',#1959,10.);
#551=VECTOR('',#1964,1.6);
#552=VECTOR('',#1971,1.6);
#553=VECTOR('',#1976,10.);
#554=VECTOR('',#1977,10.);
#555=VECTOR('',#1980,10.);
#556=VECTOR('',#1981,10.);
#557=VECTOR('',#1982,10.);
#558=VECTOR('',#1983,10.);
#559=VECTOR('',#1984,10.);
#560=VECTOR('',#1985,10.);
#561=VECTOR('',#1988,10.);
#562=VECTOR('',#1989,10.);
#563=VECTOR('',#1992,10.);
#564=VECTOR('',#1995,10.);
#565=VECTOR('',#2000,10.);
#566=VECTOR('',#2003,10.);
#567=VECTOR('',#2006,10.);
#568=VECTOR('',#2007,10.);
#569=VECTOR('',#2010,10.);
#570=VECTOR('',#2011,10.);
#571=VECTOR('',#2012,10.);
#572=VECTOR('',#2013,10.);
#573=VECTOR('',#2014,10.);
#574=VECTOR('',#2015,10.);
#575=VECTOR('',#2016,10.);
#576=VECTOR('',#2021,10.);
#577=VECTOR('',#2022,10.);
#578=VECTOR('',#2025,10.);
#579=VECTOR('',#2026,10.);
#580=VECTOR('',#2027,10.);
#581=VECTOR('',#2030,10.);
#582=VECTOR('',#2031,10.);
#583=VECTOR('',#2032,10.);
#584=VECTOR('',#2035,10.);
#585=VECTOR('',#2036,10.);
#586=VECTOR('',#2037,10.);
#587=VECTOR('',#2040,10.);
#588=VECTOR('',#2041,10.);
#589=VECTOR('',#2042,10.);
#590=VECTOR('',#2045,10.);
#591=VECTOR('',#2046,10.);
#592=VECTOR('',#2047,10.);
#593=VECTOR('',#2050,10.);
#594=VECTOR('',#2053,1.6);
#595=VECTOR('',#2078,2.3);
#596=VECTOR('',#2081,10.);
#597=VECTOR('',#2084,10.);
#598=VERTEX_POINT('',#2091);
#599=VERTEX_POINT('',#2092);
#600=VERTEX_POINT('',#2094);
#601=VERTEX_POINT('',#2096);
#602=VERTEX_POINT('',#2100);
#603=VERTEX_POINT('',#2102);
#604=VERTEX_POINT('',#2104);
#605=VERTEX_POINT('',#2106);
#606=VERTEX_POINT('',#2108);
#607=VERTEX_POINT('',#2110);
#608=VERTEX_POINT('',#2112);
#609=VERTEX_POINT('',#2114);
#610=VERTEX_POINT('',#2116);
#611=VERTEX_POINT('',#2118);
#612=VERTEX_POINT('',#2121);
#613=VERTEX_POINT('',#2122);
#614=VERTEX_POINT('',#2124);
#615=VERTEX_POINT('',#2126);
#616=VERTEX_POINT('',#2128);
#617=VERTEX_POINT('',#2130);
#618=VERTEX_POINT('',#2133);
#619=VERTEX_POINT('',#2135);
#620=VERTEX_POINT('',#2138);
#621=VERTEX_POINT('',#2139);
#622=VERTEX_POINT('',#2144);
#623=VERTEX_POINT('',#2146);
#624=VERTEX_POINT('',#2150);
#625=VERTEX_POINT('',#2154);
#626=VERTEX_POINT('',#2158);
#627=VERTEX_POINT('',#2162);
#628=VERTEX_POINT('',#2166);
#629=VERTEX_POINT('',#2170);
#630=VERTEX_POINT('',#2172);
#631=VERTEX_POINT('',#2176);
#632=VERTEX_POINT('',#2180);
#633=VERTEX_POINT('',#2181);
#634=VERTEX_POINT('',#2183);
#635=VERTEX_POINT('',#2185);
#636=VERTEX_POINT('',#2187);
#637=VERTEX_POINT('',#2189);
#638=VERTEX_POINT('',#2198);
#639=VERTEX_POINT('',#2202);
#640=VERTEX_POINT('',#2206);
#641=VERTEX_POINT('',#2210);
#642=VERTEX_POINT('',#2211);
#643=VERTEX_POINT('',#2213);
#644=VERTEX_POINT('',#2217);
#645=VERTEX_POINT('',#2218);
#646=VERTEX_POINT('',#2221);
#647=VERTEX_POINT('',#2225);
#648=VERTEX_POINT('',#2229);
#649=VERTEX_POINT('',#2231);
#650=VERTEX_POINT('',#2233);
#651=VERTEX_POINT('',#2237);
#652=VERTEX_POINT('',#2241);
#653=VERTEX_POINT('',#2243);
#654=VERTEX_POINT('',#2245);
#655=VERTEX_POINT('',#2249);
#656=VERTEX_POINT('',#2253);
#657=VERTEX_POINT('',#2255);
#658=VERTEX_POINT('',#2257);
#659=VERTEX_POINT('',#2261);
#660=VERTEX_POINT('',#2265);
#661=VERTEX_POINT('',#2269);
#662=VERTEX_POINT('',#2271);
#663=VERTEX_POINT('',#2273);
#664=VERTEX_POINT('',#2277);
#665=VERTEX_POINT('',#2282);
#666=VERTEX_POINT('',#2288);
#667=VERTEX_POINT('',#2311);
#668=VERTEX_POINT('',#2313);
#669=VERTEX_POINT('',#2317);
#670=VERTEX_POINT('',#2318);
#671=VERTEX_POINT('',#2321);
#672=VERTEX_POINT('',#2323);
#673=VERTEX_POINT('',#2325);
#674=VERTEX_POINT('',#2329);
#675=VERTEX_POINT('',#2333);
#676=VERTEX_POINT('',#2337);
#677=VERTEX_POINT('',#2341);
#678=VERTEX_POINT('',#2343);
#679=VERTEX_POINT('',#2347);
#680=VERTEX_POINT('',#2349);
#681=VERTEX_POINT('',#2353);
#682=VERTEX_POINT('',#2355);
#683=VERTEX_POINT('',#2359);
#684=VERTEX_POINT('',#2361);
#685=VERTEX_POINT('',#2363);
#686=VERTEX_POINT('',#2365);
#687=VERTEX_POINT('',#2367);
#688=VERTEX_POINT('',#2369);
#689=VERTEX_POINT('',#2371);
#690=VERTEX_POINT('',#2373);
#691=VERTEX_POINT('',#2375);
#692=VERTEX_POINT('',#2378);
#693=VERTEX_POINT('',#2380);
#694=VERTEX_POINT('',#2382);
#695=VERTEX_POINT('',#2383);
#696=VERTEX_POINT('',#2385);
#697=VERTEX_POINT('',#2387);
#698=VERTEX_POINT('',#2389);
#699=VERTEX_POINT('',#2391);
#700=VERTEX_POINT('',#2395);
#701=VERTEX_POINT('',#2397);
#702=VERTEX_POINT('',#2401);
#703=VERTEX_POINT('',#2405);
#704=VERTEX_POINT('',#2409);
#705=VERTEX_POINT('',#2413);
#706=VERTEX_POINT('',#2417);
#707=VERTEX_POINT('',#2421);
#708=VERTEX_POINT('',#2423);
#709=VERTEX_POINT('',#2427);
#710=VERTEX_POINT('',#2431);
#711=VERTEX_POINT('',#2432);
#712=VERTEX_POINT('',#2434);
#713=VERTEX_POINT('',#2436);
#714=VERTEX_POINT('',#2438);
#715=VERTEX_POINT('',#2440);
#716=VERTEX_POINT('',#2451);
#717=VERTEX_POINT('',#2457);
#718=VERTEX_POINT('',#2462);
#719=VERTEX_POINT('',#2463);
#720=VERTEX_POINT('',#2465);
#721=VERTEX_POINT('',#2467);
#722=VERTEX_POINT('',#2469);
#723=VERTEX_POINT('',#2471);
#724=VERTEX_POINT('',#2475);
#725=VERTEX_POINT('',#2476);
#726=VERTEX_POINT('',#2478);
#727=VERTEX_POINT('',#2483);
#728=VERTEX_POINT('',#2487);
#729=VERTEX_POINT('',#2491);
#730=VERTEX_POINT('',#2493);
#731=VERTEX_POINT('',#2497);
#732=VERTEX_POINT('',#2501);
#733=VERTEX_POINT('',#2503);
#734=VERTEX_POINT('',#2507);
#735=VERTEX_POINT('',#2511);
#736=VERTEX_POINT('',#2513);
#737=VERTEX_POINT('',#2517);
#738=VERTEX_POINT('',#2521);
#739=VERTEX_POINT('',#2525);
#740=VERTEX_POINT('',#2527);
#741=VERTEX_POINT('',#2531);
#742=VERTEX_POINT('',#2535);
#743=VERTEX_POINT('',#2541);
#744=EDGE_CURVE('',#598,#599,#278,.T.);
#745=EDGE_CURVE('',#599,#600,#279,.T.);
#746=EDGE_CURVE('',#600,#601,#280,.T.);
#747=EDGE_CURVE('',#601,#598,#281,.T.);
#748=EDGE_CURVE('',#601,#602,#282,.T.);
#749=EDGE_CURVE('',#603,#602,#62,.T.);
#750=EDGE_CURVE('',#604,#603,#283,.T.);
#751=EDGE_CURVE('',#604,#605,#284,.T.);
#752=EDGE_CURVE('',#605,#606,#63,.T.);
#753=EDGE_CURVE('',#606,#607,#285,.T.);
#754=EDGE_CURVE('',#607,#608,#64,.T.);
#755=EDGE_CURVE('',#608,#609,#286,.T.);
#756=EDGE_CURVE('',#609,#610,#65,.T.);
#757=EDGE_CURVE('',#611,#610,#287,.T.);
#758=EDGE_CURVE('',#598,#611,#288,.T.);
#759=EDGE_CURVE('',#612,#613,#289,.T.);
#760=EDGE_CURVE('',#614,#612,#290,.T.);
#761=EDGE_CURVE('',#614,#615,#291,.T.);
#762=EDGE_CURVE('',#615,#616,#292,.T.);
#763=EDGE_CURVE('',#616,#617,#293,.T.);
#764=EDGE_CURVE('',#617,#613,#294,.T.);
#765=EDGE_CURVE('',#618,#618,#66,.T.);
#766=EDGE_CURVE('',#619,#619,#67,.T.);
#767=EDGE_CURVE('',#620,#621,#295,.T.);
#768=EDGE_CURVE('',#620,#600,#296,.T.);
#769=EDGE_CURVE('',#599,#621,#297,.T.);
#770=EDGE_CURVE('',#605,#622,#298,.T.);
#771=EDGE_CURVE('',#622,#623,#68,.T.);
#772=EDGE_CURVE('',#606,#623,#299,.T.);
#773=EDGE_CURVE('',#623,#624,#300,.T.);
#774=EDGE_CURVE('',#607,#624,#301,.T.);
#775=EDGE_CURVE('',#624,#625,#69,.T.);
#776=EDGE_CURVE('',#608,#625,#302,.T.);
#777=EDGE_CURVE('',#625,#626,#303,.T.);
#778=EDGE_CURVE('',#609,#626,#304,.T.);
#779=EDGE_CURVE('',#626,#627,#70,.T.);
#780=EDGE_CURVE('',#627,#610,#305,.T.);
#781=EDGE_CURVE('',#628,#628,#71,.T.);
#782=EDGE_CURVE('',#628,#619,#306,.T.);
#783=EDGE_CURVE('',#629,#629,#72,.T.);
#784=EDGE_CURVE('',#629,#630,#307,.T.);
#785=EDGE_CURVE('',#630,#630,#73,.T.);
#786=EDGE_CURVE('',#631,#604,#308,.T.);
#787=EDGE_CURVE('',#631,#622,#309,.T.);
#788=EDGE_CURVE('',#632,#633,#310,.T.);
#789=EDGE_CURVE('',#634,#632,#311,.T.);
#790=EDGE_CURVE('',#635,#634,#312,.T.);
#791=EDGE_CURVE('',#636,#635,#313,.T.);
#792=EDGE_CURVE('',#637,#636,#314,.T.);
#793=EDGE_CURVE('',#633,#637,#315,.T.);
#794=EDGE_CURVE('',#615,#633,#316,.T.);
#795=EDGE_CURVE('',#616,#637,#317,.T.);
#796=EDGE_CURVE('',#617,#636,#318,.T.);
#797=EDGE_CURVE('',#638,#611,#319,.F.);
#798=EDGE_CURVE('',#627,#638,#320,.T.);
#799=EDGE_CURVE('',#639,#631,#321,.T.);
#800=EDGE_CURVE('',#639,#603,#322,.T.);
#801=EDGE_CURVE('',#639,#640,#74,.T.);
#802=EDGE_CURVE('',#602,#640,#323,.T.);
#803=EDGE_CURVE('',#641,#642,#75,.T.);
#804=EDGE_CURVE('',#643,#641,#324,.T.);
#805=EDGE_CURVE('',#642,#643,#325,.T.);
#806=EDGE_CURVE('',#644,#645,#326,.T.);
#807=EDGE_CURVE('',#644,#643,#327,.T.);
#808=EDGE_CURVE('',#641,#646,#17,.T.);
#809=EDGE_CURVE('',#646,#647,#328,.T.);
#810=EDGE_CURVE('',#645,#647,#329,.T.);
#811=EDGE_CURVE('',#645,#648,#330,.T.);
#812=EDGE_CURVE('',#647,#649,#331,.T.);
#813=EDGE_CURVE('',#649,#650,#18,.T.);
#814=EDGE_CURVE('',#650,#651,#332,.T.);
#815=EDGE_CURVE('',#648,#651,#333,.T.);
#816=EDGE_CURVE('',#648,#652,#334,.T.);
#817=EDGE_CURVE('',#651,#653,#335,.T.);
#818=EDGE_CURVE('',#653,#654,#19,.T.);
#819=EDGE_CURVE('',#654,#655,#336,.T.);
#820=EDGE_CURVE('',#652,#655,#337,.T.);
#821=EDGE_CURVE('',#652,#656,#338,.T.);
#822=EDGE_CURVE('',#655,#657,#339,.T.);
#823=EDGE_CURVE('',#657,#658,#20,.T.);
#824=EDGE_CURVE('',#658,#659,#21,.T.);
#825=EDGE_CURVE('',#659,#660,#340,.T.);
#826=EDGE_CURVE('',#656,#660,#341,.T.);
#827=EDGE_CURVE('',#656,#661,#342,.T.);
#828=EDGE_CURVE('',#660,#662,#343,.T.);
#829=EDGE_CURVE('',#662,#663,#22,.T.);
#830=EDGE_CURVE('',#663,#664,#344,.T.);
#831=EDGE_CURVE('',#661,#664,#345,.T.);
#832=EDGE_CURVE('',#661,#644,#346,.T.);
#833=EDGE_CURVE('',#664,#665,#347,.T.);
#834=EDGE_CURVE('',#665,#642,#23,.T.);
#835=EDGE_CURVE('',#666,#666,#76,.T.);
#836=EDGE_CURVE('',#666,#618,#348,.T.);
#837=EDGE_CURVE('',#665,#663,#77,.T.);
#838=EDGE_CURVE('',#649,#646,#78,.T.);
#839=EDGE_CURVE('',#662,#659,#79,.T.);
#840=EDGE_CURVE('',#653,#650,#80,.T.);
#841=EDGE_CURVE('',#657,#654,#81,.T.);
#842=EDGE_CURVE('',#666,#658,#349,.T.);
#843=EDGE_CURVE('',#613,#635,#350,.T.);
#844=EDGE_CURVE('',#612,#634,#351,.T.);
#845=EDGE_CURVE('',#614,#632,#352,.T.);
#846=EDGE_CURVE('',#638,#667,#353,.T.);
#847=EDGE_CURVE('',#668,#667,#354,.T.);
#848=EDGE_CURVE('',#621,#668,#355,.T.);
#849=EDGE_CURVE('',#669,#670,#356,.T.);
#850=EDGE_CURVE('',#669,#620,#357,.T.);
#851=EDGE_CURVE('',#671,#668,#82,.T.);
#852=EDGE_CURVE('',#671,#672,#83,.T.);
#853=EDGE_CURVE('',#673,#672,#84,.T.);
#854=EDGE_CURVE('',#673,#670,#358,.T.);
#855=EDGE_CURVE('',#667,#674,#85,.T.);
#856=EDGE_CURVE('',#674,#671,#359,.T.);
#857=EDGE_CURVE('',#674,#675,#86,.T.);
#858=EDGE_CURVE('',#672,#675,#360,.T.);
#859=EDGE_CURVE('',#675,#676,#87,.T.);
#860=EDGE_CURVE('',#676,#673,#361,.T.);
#861=EDGE_CURVE('',#670,#677,#362,.T.);
#862=EDGE_CURVE('',#678,#677,#363,.T.);
#863=EDGE_CURVE('',#678,#669,#364,.T.);
#864=EDGE_CURVE('',#677,#679,#365,.T.);
#865=EDGE_CURVE('',#679,#680,#366,.T.);
#866=EDGE_CURVE('',#680,#678,#367,.T.);
#867=EDGE_CURVE('',#681,#680,#368,.T.);
#868=EDGE_CURVE('',#682,#681,#369,.T.);
#869=EDGE_CURVE('',#640,#682,#370,.F.);
#870=EDGE_CURVE('',#679,#683,#371,.T.);
#871=EDGE_CURVE('',#683,#684,#372,.T.);
#872=EDGE_CURVE('',#685,#684,#88,.T.);
#873=EDGE_CURVE('',#686,#685,#373,.T.);
#874=EDGE_CURVE('',#687,#686,#89,.T.);
#875=EDGE_CURVE('',#688,#687,#374,.T.);
#876=EDGE_CURVE('',#689,#688,#90,.T.);
#877=EDGE_CURVE('',#690,#689,#375,.T.);
#878=EDGE_CURVE('',#690,#691,#376,.T.);
#879=EDGE_CURVE('',#681,#691,#91,.T.);
#880=EDGE_CURVE('',#692,#692,#92,.T.);
#881=EDGE_CURVE('',#693,#693,#93,.T.);
#882=EDGE_CURVE('',#694,#695,#377,.T.);
#883=EDGE_CURVE('',#696,#694,#378,.T.);
#884=EDGE_CURVE('',#696,#697,#379,.T.);
#885=EDGE_CURVE('',#697,#698,#380,.T.);
#886=EDGE_CURVE('',#698,#699,#381,.T.);
#887=EDGE_CURVE('',#699,#695,#382,.T.);
#888=EDGE_CURVE('',#688,#700,#383,.T.);
#889=EDGE_CURVE('',#701,#700,#94,.T.);
#890=EDGE_CURVE('',#689,#701,#384,.T.);
#891=EDGE_CURVE('',#687,#702,#385,.T.);
#892=EDGE_CURVE('',#700,#702,#386,.T.);
#893=EDGE_CURVE('',#686,#703,#387,.T.);
#894=EDGE_CURVE('',#702,#703,#95,.T.);
#895=EDGE_CURVE('',#685,#704,#388,.T.);
#896=EDGE_CURVE('',#703,#704,#389,.T.);
#897=EDGE_CURVE('',#705,#684,#390,.T.);
#898=EDGE_CURVE('',#704,#705,#96,.T.);
#899=EDGE_CURVE('',#693,#706,#391,.T.);
#900=EDGE_CURVE('',#706,#706,#97,.T.);
#901=EDGE_CURVE('',#707,#707,#98,.T.);
#902=EDGE_CURVE('',#707,#708,#392,.T.);
#903=EDGE_CURVE('',#708,#708,#99,.T.);
#904=EDGE_CURVE('',#709,#690,#393,.T.);
#905=EDGE_CURVE('',#709,#701,#394,.T.);
#906=EDGE_CURVE('',#710,#711,#395,.T.);
#907=EDGE_CURVE('',#712,#710,#396,.T.);
#908=EDGE_CURVE('',#713,#712,#397,.T.);
#909=EDGE_CURVE('',#714,#713,#398,.T.);
#910=EDGE_CURVE('',#715,#714,#399,.T.);
#911=EDGE_CURVE('',#711,#715,#400,.T.);
#912=EDGE_CURVE('',#697,#711,#401,.T.);
#913=EDGE_CURVE('',#698,#715,#402,.T.);
#914=EDGE_CURVE('',#699,#714,#403,.T.);
#915=EDGE_CURVE('',#695,#713,#404,.T.);
#916=EDGE_CURVE('',#682,#716,#100,.T.);
#917=EDGE_CURVE('',#691,#716,#405,.T.);
#918=EDGE_CURVE('',#716,#709,#406,.T.);
#919=EDGE_CURVE('',#717,#683,#407,.T.);
#920=EDGE_CURVE('',#705,#717,#408,.T.);
#921=EDGE_CURVE('',#717,#676,#409,.T.);
#922=EDGE_CURVE('',#718,#719,#410,.T.);
#923=EDGE_CURVE('',#719,#720,#411,.T.);
#924=EDGE_CURVE('',#720,#721,#412,.T.);
#925=EDGE_CURVE('',#721,#722,#413,.T.);
#926=EDGE_CURVE('',#722,#723,#414,.T.);
#927=EDGE_CURVE('',#723,#718,#415,.T.);
#928=EDGE_CURVE('',#724,#725,#101,.T.);
#929=EDGE_CURVE('',#726,#724,#416,.T.);
#930=EDGE_CURVE('',#725,#726,#417,.T.);
#931=EDGE_CURVE('',#719,#726,#418,.T.);
#932=EDGE_CURVE('',#724,#727,#24,.T.);
#933=EDGE_CURVE('',#727,#728,#419,.T.);
#934=EDGE_CURVE('',#720,#728,#420,.T.);
#935=EDGE_CURVE('',#728,#729,#421,.T.);
#936=EDGE_CURVE('',#729,#730,#25,.T.);
#937=EDGE_CURVE('',#730,#731,#422,.T.);
#938=EDGE_CURVE('',#721,#731,#423,.T.);
#939=EDGE_CURVE('',#731,#732,#424,.T.);
#940=EDGE_CURVE('',#732,#733,#26,.T.);
#941=EDGE_CURVE('',#733,#734,#425,.T.);
#942=EDGE_CURVE('',#722,#734,#426,.T.);
#943=EDGE_CURVE('',#734,#735,#427,.T.);
#944=EDGE_CURVE('',#735,#736,#27,.T.);
#945=EDGE_CURVE('',#736,#737,#28,.T.);
#946=EDGE_CURVE('',#737,#738,#428,.T.);
#947=EDGE_CURVE('',#723,#738,#429,.T.);
#948=EDGE_CURVE('',#738,#739,#430,.T.);
#949=EDGE_CURVE('',#739,#740,#29,.T.);
#950=EDGE_CURVE('',#740,#741,#431,.T.);
#951=EDGE_CURVE('',#718,#741,#432,.T.);
#952=EDGE_CURVE('',#741,#742,#433,.T.);
#953=EDGE_CURVE('',#742,#725,#30,.T.);
#954=EDGE_CURVE('',#692,#743,#434,.T.);
#955=EDGE_CURVE('',#743,#743,#102,.T.);
#956=EDGE_CURVE('',#742,#740,#103,.T.);
#957=EDGE_CURVE('',#729,#727,#104,.T.);
#958=EDGE_CURVE('',#739,#737,#105,.T.);
#959=EDGE_CURVE('',#732,#730,#106,.T.);
#960=EDGE_CURVE('',#735,#733,#107,.T.);
#961=EDGE_CURVE('',#743,#736,#435,.T.);
#962=EDGE_CURVE('',#694,#712,#436,.T.);
#963=EDGE_CURVE('',#696,#710,#437,.T.);
#964=ORIENTED_EDGE('',*,*,#744,.T.);
#965=ORIENTED_EDGE('',*,*,#745,.T.);
#966=ORIENTED_EDGE('',*,*,#746,.T.);
#967=ORIENTED_EDGE('',*,*,#747,.T.);
#968=ORIENTED_EDGE('',*,*,#747,.F.);
#969=ORIENTED_EDGE('',*,*,#748,.T.);
#970=ORIENTED_EDGE('',*,*,#749,.F.);
#971=ORIENTED_EDGE('',*,*,#750,.F.);
#972=ORIENTED_EDGE('',*,*,#751,.T.);
#973=ORIENTED_EDGE('',*,*,#752,.T.);
#974=ORIENTED_EDGE('',*,*,#753,.T.);
#975=ORIENTED_EDGE('',*,*,#754,.T.);
#976=ORIENTED_EDGE('',*,*,#755,.T.);
#977=ORIENTED_EDGE('',*,*,#756,.T.);
#978=ORIENTED_EDGE('',*,*,#757,.F.);
#979=ORIENTED_EDGE('',*,*,#758,.F.);
#980=ORIENTED_EDGE('',*,*,#759,.F.);
#981=ORIENTED_EDGE('',*,*,#760,.F.);
#982=ORIENTED_EDGE('',*,*,#761,.T.);
#983=ORIENTED_EDGE('',*,*,#762,.T.);
#984=ORIENTED_EDGE('',*,*,#763,.T.);
#985=ORIENTED_EDGE('',*,*,#764,.T.);
#986=ORIENTED_EDGE('',*,*,#765,.T.);
#987=ORIENTED_EDGE('',*,*,#766,.T.);
#988=ORIENTED_EDGE('',*,*,#767,.F.);
#989=ORIENTED_EDGE('',*,*,#768,.T.);
#990=ORIENTED_EDGE('',*,*,#745,.F.);
#991=ORIENTED_EDGE('',*,*,#769,.T.);
#992=ORIENTED_EDGE('',*,*,#752,.F.);
#993=ORIENTED_EDGE('',*,*,#770,.T.);
#994=ORIENTED_EDGE('',*,*,#771,.T.);
#995=ORIENTED_EDGE('',*,*,#772,.F.);
#996=ORIENTED_EDGE('',*,*,#753,.F.);
#997=ORIENTED_EDGE('',*,*,#772,.T.);
#998=ORIENTED_EDGE('',*,*,#773,.T.);
#999=ORIENTED_EDGE('',*,*,#774,.F.);
#1000=ORIENTED_EDGE('',*,*,#754,.F.);
#1001=ORIENTED_EDGE('',*,*,#774,.T.);
#1002=ORIENTED_EDGE('',*,*,#775,.T.);
#1003=ORIENTED_EDGE('',*,*,#776,.F.);
#1004=ORIENTED_EDGE('',*,*,#755,.F.);
#1005=ORIENTED_EDGE('',*,*,#776,.T.);
#1006=ORIENTED_EDGE('',*,*,#777,.T.);
#1007=ORIENTED_EDGE('',*,*,#778,.F.);
#1008=ORIENTED_EDGE('',*,*,#756,.F.);
#1009=ORIENTED_EDGE('',*,*,#778,.T.);
#1010=ORIENTED_EDGE('',*,*,#779,.T.);
#1011=ORIENTED_EDGE('',*,*,#780,.T.);
#1012=ORIENTED_EDGE('',*,*,#781,.T.);
#1013=ORIENTED_EDGE('',*,*,#782,.T.);
#1014=ORIENTED_EDGE('',*,*,#766,.F.);
#1015=ORIENTED_EDGE('',*,*,#782,.F.);
#1016=ORIENTED_EDGE('',*,*,#783,.T.);
#1017=ORIENTED_EDGE('',*,*,#784,.T.);
#1018=ORIENTED_EDGE('',*,*,#785,.T.);
#1019=ORIENTED_EDGE('',*,*,#784,.F.);
#1020=ORIENTED_EDGE('',*,*,#786,.F.);
#1021=ORIENTED_EDGE('',*,*,#787,.T.);
#1022=ORIENTED_EDGE('',*,*,#770,.F.);
#1023=ORIENTED_EDGE('',*,*,#751,.F.);
#1024=ORIENTED_EDGE('',*,*,#788,.F.);
#1025=ORIENTED_EDGE('',*,*,#789,.F.);
#1026=ORIENTED_EDGE('',*,*,#790,.F.);
#1027=ORIENTED_EDGE('',*,*,#791,.F.);
#1028=ORIENTED_EDGE('',*,*,#792,.F.);
#1029=ORIENTED_EDGE('',*,*,#793,.F.);
#1030=ORIENTED_EDGE('',*,*,#785,.F.);
#1031=ORIENTED_EDGE('',*,*,#762,.F.);
#1032=ORIENTED_EDGE('',*,*,#794,.T.);
#1033=ORIENTED_EDGE('',*,*,#793,.T.);
#1034=ORIENTED_EDGE('',*,*,#795,.F.);
#1035=ORIENTED_EDGE('',*,*,#763,.F.);
#1036=ORIENTED_EDGE('',*,*,#795,.T.);
#1037=ORIENTED_EDGE('',*,*,#792,.T.);
#1038=ORIENTED_EDGE('',*,*,#796,.F.);
#1039=ORIENTED_EDGE('',*,*,#797,.T.);
#1040=ORIENTED_EDGE('',*,*,#757,.T.);
#1041=ORIENTED_EDGE('',*,*,#780,.F.);
#1042=ORIENTED_EDGE('',*,*,#798,.T.);
#1043=ORIENTED_EDGE('',*,*,#799,.T.);
#1044=ORIENTED_EDGE('',*,*,#786,.T.);
#1045=ORIENTED_EDGE('',*,*,#750,.T.);
#1046=ORIENTED_EDGE('',*,*,#800,.F.);
#1047=ORIENTED_EDGE('',*,*,#801,.F.);
#1048=ORIENTED_EDGE('',*,*,#800,.T.);
#1049=ORIENTED_EDGE('',*,*,#749,.T.);
#1050=ORIENTED_EDGE('',*,*,#802,.T.);
#1051=ORIENTED_EDGE('',*,*,#803,.F.);
#1052=ORIENTED_EDGE('',*,*,#804,.F.);
#1053=ORIENTED_EDGE('',*,*,#805,.F.);
#1054=ORIENTED_EDGE('',*,*,#806,.F.);
#1055=ORIENTED_EDGE('',*,*,#807,.T.);
#1056=ORIENTED_EDGE('',*,*,#804,.T.);
#1057=ORIENTED_EDGE('',*,*,#808,.T.);
#1058=ORIENTED_EDGE('',*,*,#809,.T.);
#1059=ORIENTED_EDGE('',*,*,#810,.F.);
#1060=ORIENTED_EDGE('',*,*,#811,.F.);
#1061=ORIENTED_EDGE('',*,*,#810,.T.);
#1062=ORIENTED_EDGE('',*,*,#812,.T.);
#1063=ORIENTED_EDGE('',*,*,#813,.T.);
#1064=ORIENTED_EDGE('',*,*,#814,.T.);
#1065=ORIENTED_EDGE('',*,*,#815,.F.);
#1066=ORIENTED_EDGE('',*,*,#816,.F.);
#1067=ORIENTED_EDGE('',*,*,#815,.T.);
#1068=ORIENTED_EDGE('',*,*,#817,.T.);
#1069=ORIENTED_EDGE('',*,*,#818,.T.);
#1070=ORIENTED_EDGE('',*,*,#819,.T.);
#1071=ORIENTED_EDGE('',*,*,#820,.F.);
#1072=ORIENTED_EDGE('',*,*,#821,.F.);
#1073=ORIENTED_EDGE('',*,*,#820,.T.);
#1074=ORIENTED_EDGE('',*,*,#822,.T.);
#1075=ORIENTED_EDGE('',*,*,#823,.T.);
#1076=ORIENTED_EDGE('',*,*,#824,.T.);
#1077=ORIENTED_EDGE('',*,*,#825,.T.);
#1078=ORIENTED_EDGE('',*,*,#826,.F.);
#1079=ORIENTED_EDGE('',*,*,#827,.F.);
#1080=ORIENTED_EDGE('',*,*,#826,.T.);
#1081=ORIENTED_EDGE('',*,*,#828,.T.);
#1082=ORIENTED_EDGE('',*,*,#829,.T.);
#1083=ORIENTED_EDGE('',*,*,#830,.T.);
#1084=ORIENTED_EDGE('',*,*,#831,.F.);
#1085=ORIENTED_EDGE('',*,*,#832,.F.);
#1086=ORIENTED_EDGE('',*,*,#831,.T.);
#1087=ORIENTED_EDGE('',*,*,#833,.T.);
#1088=ORIENTED_EDGE('',*,*,#834,.T.);
#1089=ORIENTED_EDGE('',*,*,#805,.T.);
#1090=ORIENTED_EDGE('',*,*,#807,.F.);
#1091=ORIENTED_EDGE('',*,*,#835,.F.);
#1092=ORIENTED_EDGE('',*,*,#836,.T.);
#1093=ORIENTED_EDGE('',*,*,#765,.F.);
#1094=ORIENTED_EDGE('',*,*,#836,.F.);
#1095=ORIENTED_EDGE('',*,*,#837,.F.);
#1096=ORIENTED_EDGE('',*,*,#833,.F.);
#1097=ORIENTED_EDGE('',*,*,#830,.F.);
#1098=ORIENTED_EDGE('',*,*,#838,.F.);
#1099=ORIENTED_EDGE('',*,*,#812,.F.);
#1100=ORIENTED_EDGE('',*,*,#809,.F.);
#1101=ORIENTED_EDGE('',*,*,#839,.F.);
#1102=ORIENTED_EDGE('',*,*,#828,.F.);
#1103=ORIENTED_EDGE('',*,*,#825,.F.);
#1104=ORIENTED_EDGE('',*,*,#840,.F.);
#1105=ORIENTED_EDGE('',*,*,#817,.F.);
#1106=ORIENTED_EDGE('',*,*,#814,.F.);
#1107=ORIENTED_EDGE('',*,*,#841,.F.);
#1108=ORIENTED_EDGE('',*,*,#822,.F.);
#1109=ORIENTED_EDGE('',*,*,#819,.F.);
#1110=ORIENTED_EDGE('',*,*,#835,.T.);
#1111=ORIENTED_EDGE('',*,*,#842,.T.);
#1112=ORIENTED_EDGE('',*,*,#823,.F.);
#1113=ORIENTED_EDGE('',*,*,#841,.T.);
#1114=ORIENTED_EDGE('',*,*,#818,.F.);
#1115=ORIENTED_EDGE('',*,*,#840,.T.);
#1116=ORIENTED_EDGE('',*,*,#813,.F.);
#1117=ORIENTED_EDGE('',*,*,#838,.T.);
#1118=ORIENTED_EDGE('',*,*,#808,.F.);
#1119=ORIENTED_EDGE('',*,*,#803,.T.);
#1120=ORIENTED_EDGE('',*,*,#834,.F.);
#1121=ORIENTED_EDGE('',*,*,#837,.T.);
#1122=ORIENTED_EDGE('',*,*,#829,.F.);
#1123=ORIENTED_EDGE('',*,*,#839,.T.);
#1124=ORIENTED_EDGE('',*,*,#824,.F.);
#1125=ORIENTED_EDGE('',*,*,#842,.F.);
#1126=ORIENTED_EDGE('',*,*,#764,.F.);
#1127=ORIENTED_EDGE('',*,*,#796,.T.);
#1128=ORIENTED_EDGE('',*,*,#791,.T.);
#1129=ORIENTED_EDGE('',*,*,#843,.F.);
#1130=ORIENTED_EDGE('',*,*,#759,.T.);
#1131=ORIENTED_EDGE('',*,*,#843,.T.);
#1132=ORIENTED_EDGE('',*,*,#790,.T.);
#1133=ORIENTED_EDGE('',*,*,#844,.F.);
#1134=ORIENTED_EDGE('',*,*,#760,.T.);
#1135=ORIENTED_EDGE('',*,*,#844,.T.);
#1136=ORIENTED_EDGE('',*,*,#789,.T.);
#1137=ORIENTED_EDGE('',*,*,#845,.F.);
#1138=ORIENTED_EDGE('',*,*,#761,.F.);
#1139=ORIENTED_EDGE('',*,*,#845,.T.);
#1140=ORIENTED_EDGE('',*,*,#788,.T.);
#1141=ORIENTED_EDGE('',*,*,#794,.F.);
#1142=ORIENTED_EDGE('',*,*,#846,.T.);
#1143=ORIENTED_EDGE('',*,*,#847,.F.);
#1144=ORIENTED_EDGE('',*,*,#848,.F.);
#1145=ORIENTED_EDGE('',*,*,#769,.F.);
#1146=ORIENTED_EDGE('',*,*,#744,.F.);
#1147=ORIENTED_EDGE('',*,*,#758,.T.);
#1148=ORIENTED_EDGE('',*,*,#797,.F.);
#1149=ORIENTED_EDGE('',*,*,#849,.F.);
#1150=ORIENTED_EDGE('',*,*,#850,.T.);
#1151=ORIENTED_EDGE('',*,*,#767,.T.);
#1152=ORIENTED_EDGE('',*,*,#848,.T.);
#1153=ORIENTED_EDGE('',*,*,#851,.F.);
#1154=ORIENTED_EDGE('',*,*,#852,.T.);
#1155=ORIENTED_EDGE('',*,*,#853,.F.);
#1156=ORIENTED_EDGE('',*,*,#854,.T.);
#1157=ORIENTED_EDGE('',*,*,#851,.T.);
#1158=ORIENTED_EDGE('',*,*,#847,.T.);
#1159=ORIENTED_EDGE('',*,*,#855,.T.);
#1160=ORIENTED_EDGE('',*,*,#856,.T.);
#1161=ORIENTED_EDGE('',*,*,#856,.F.);
#1162=ORIENTED_EDGE('',*,*,#857,.T.);
#1163=ORIENTED_EDGE('',*,*,#858,.F.);
#1164=ORIENTED_EDGE('',*,*,#852,.F.);
#1165=ORIENTED_EDGE('',*,*,#853,.T.);
#1166=ORIENTED_EDGE('',*,*,#858,.T.);
#1167=ORIENTED_EDGE('',*,*,#859,.T.);
#1168=ORIENTED_EDGE('',*,*,#860,.T.);
#1169=ORIENTED_EDGE('',*,*,#849,.T.);
#1170=ORIENTED_EDGE('',*,*,#861,.T.);
#1171=ORIENTED_EDGE('',*,*,#862,.F.);
#1172=ORIENTED_EDGE('',*,*,#863,.T.);
#1173=ORIENTED_EDGE('',*,*,#864,.T.);
#1174=ORIENTED_EDGE('',*,*,#865,.T.);
#1175=ORIENTED_EDGE('',*,*,#866,.T.);
#1176=ORIENTED_EDGE('',*,*,#862,.T.);
#1177=ORIENTED_EDGE('',*,*,#866,.F.);
#1178=ORIENTED_EDGE('',*,*,#867,.F.);
#1179=ORIENTED_EDGE('',*,*,#868,.F.);
#1180=ORIENTED_EDGE('',*,*,#869,.F.);
#1181=ORIENTED_EDGE('',*,*,#802,.F.);
#1182=ORIENTED_EDGE('',*,*,#748,.F.);
#1183=ORIENTED_EDGE('',*,*,#746,.F.);
#1184=ORIENTED_EDGE('',*,*,#768,.F.);
#1185=ORIENTED_EDGE('',*,*,#850,.F.);
#1186=ORIENTED_EDGE('',*,*,#863,.F.);
#1187=ORIENTED_EDGE('',*,*,#865,.F.);
#1188=ORIENTED_EDGE('',*,*,#870,.T.);
#1189=ORIENTED_EDGE('',*,*,#871,.T.);
#1190=ORIENTED_EDGE('',*,*,#872,.F.);
#1191=ORIENTED_EDGE('',*,*,#873,.F.);
#1192=ORIENTED_EDGE('',*,*,#874,.F.);
#1193=ORIENTED_EDGE('',*,*,#875,.F.);
#1194=ORIENTED_EDGE('',*,*,#876,.F.);
#1195=ORIENTED_EDGE('',*,*,#877,.F.);
#1196=ORIENTED_EDGE('',*,*,#878,.T.);
#1197=ORIENTED_EDGE('',*,*,#879,.F.);
#1198=ORIENTED_EDGE('',*,*,#867,.T.);
#1199=ORIENTED_EDGE('',*,*,#880,.F.);
#1200=ORIENTED_EDGE('',*,*,#881,.F.);
#1201=ORIENTED_EDGE('',*,*,#882,.F.);
#1202=ORIENTED_EDGE('',*,*,#883,.F.);
#1203=ORIENTED_EDGE('',*,*,#884,.T.);
#1204=ORIENTED_EDGE('',*,*,#885,.T.);
#1205=ORIENTED_EDGE('',*,*,#886,.T.);
#1206=ORIENTED_EDGE('',*,*,#887,.T.);
#1207=ORIENTED_EDGE('',*,*,#876,.T.);
#1208=ORIENTED_EDGE('',*,*,#888,.T.);
#1209=ORIENTED_EDGE('',*,*,#889,.F.);
#1210=ORIENTED_EDGE('',*,*,#890,.F.);
#1211=ORIENTED_EDGE('',*,*,#875,.T.);
#1212=ORIENTED_EDGE('',*,*,#891,.T.);
#1213=ORIENTED_EDGE('',*,*,#892,.F.);
#1214=ORIENTED_EDGE('',*,*,#888,.F.);
#1215=ORIENTED_EDGE('',*,*,#874,.T.);
#1216=ORIENTED_EDGE('',*,*,#893,.T.);
#1217=ORIENTED_EDGE('',*,*,#894,.F.);
#1218=ORIENTED_EDGE('',*,*,#891,.F.);
#1219=ORIENTED_EDGE('',*,*,#873,.T.);
#1220=ORIENTED_EDGE('',*,*,#895,.T.);
#1221=ORIENTED_EDGE('',*,*,#896,.F.);
#1222=ORIENTED_EDGE('',*,*,#893,.F.);
#1223=ORIENTED_EDGE('',*,*,#872,.T.);
#1224=ORIENTED_EDGE('',*,*,#897,.F.);
#1225=ORIENTED_EDGE('',*,*,#898,.F.);
#1226=ORIENTED_EDGE('',*,*,#895,.F.);
#1227=ORIENTED_EDGE('',*,*,#881,.T.);
#1228=ORIENTED_EDGE('',*,*,#899,.T.);
#1229=ORIENTED_EDGE('',*,*,#900,.F.);
#1230=ORIENTED_EDGE('',*,*,#899,.F.);
#1231=ORIENTED_EDGE('',*,*,#901,.T.);
#1232=ORIENTED_EDGE('',*,*,#902,.T.);
#1233=ORIENTED_EDGE('',*,*,#903,.T.);
#1234=ORIENTED_EDGE('',*,*,#902,.F.);
#1235=ORIENTED_EDGE('',*,*,#904,.T.);
#1236=ORIENTED_EDGE('',*,*,#877,.T.);
#1237=ORIENTED_EDGE('',*,*,#890,.T.);
#1238=ORIENTED_EDGE('',*,*,#905,.F.);
#1239=ORIENTED_EDGE('',*,*,#906,.F.);
#1240=ORIENTED_EDGE('',*,*,#907,.F.);
#1241=ORIENTED_EDGE('',*,*,#908,.F.);
#1242=ORIENTED_EDGE('',*,*,#909,.F.);
#1243=ORIENTED_EDGE('',*,*,#910,.F.);
#1244=ORIENTED_EDGE('',*,*,#911,.F.);
#1245=ORIENTED_EDGE('',*,*,#901,.F.);
#1246=ORIENTED_EDGE('',*,*,#885,.F.);
#1247=ORIENTED_EDGE('',*,*,#912,.T.);
#1248=ORIENTED_EDGE('',*,*,#911,.T.);
#1249=ORIENTED_EDGE('',*,*,#913,.F.);
#1250=ORIENTED_EDGE('',*,*,#886,.F.);
#1251=ORIENTED_EDGE('',*,*,#913,.T.);
#1252=ORIENTED_EDGE('',*,*,#910,.T.);
#1253=ORIENTED_EDGE('',*,*,#914,.F.);
#1254=ORIENTED_EDGE('',*,*,#887,.F.);
#1255=ORIENTED_EDGE('',*,*,#914,.T.);
#1256=ORIENTED_EDGE('',*,*,#909,.T.);
#1257=ORIENTED_EDGE('',*,*,#915,.F.);
#1258=ORIENTED_EDGE('',*,*,#916,.F.);
#1259=ORIENTED_EDGE('',*,*,#868,.T.);
#1260=ORIENTED_EDGE('',*,*,#879,.T.);
#1261=ORIENTED_EDGE('',*,*,#917,.T.);
#1262=ORIENTED_EDGE('',*,*,#918,.F.);
#1263=ORIENTED_EDGE('',*,*,#917,.F.);
#1264=ORIENTED_EDGE('',*,*,#878,.F.);
#1265=ORIENTED_EDGE('',*,*,#904,.F.);
#1266=ORIENTED_EDGE('',*,*,#919,.F.);
#1267=ORIENTED_EDGE('',*,*,#920,.F.);
#1268=ORIENTED_EDGE('',*,*,#897,.T.);
#1269=ORIENTED_EDGE('',*,*,#871,.F.);
#1270=ORIENTED_EDGE('',*,*,#869,.T.);
#1271=ORIENTED_EDGE('',*,*,#916,.T.);
#1272=ORIENTED_EDGE('',*,*,#918,.T.);
#1273=ORIENTED_EDGE('',*,*,#905,.T.);
#1274=ORIENTED_EDGE('',*,*,#889,.T.);
#1275=ORIENTED_EDGE('',*,*,#892,.T.);
#1276=ORIENTED_EDGE('',*,*,#894,.T.);
#1277=ORIENTED_EDGE('',*,*,#896,.T.);
#1278=ORIENTED_EDGE('',*,*,#898,.T.);
#1279=ORIENTED_EDGE('',*,*,#920,.T.);
#1280=ORIENTED_EDGE('',*,*,#921,.T.);
#1281=ORIENTED_EDGE('',*,*,#859,.F.);
#1282=ORIENTED_EDGE('',*,*,#857,.F.);
#1283=ORIENTED_EDGE('',*,*,#855,.F.);
#1284=ORIENTED_EDGE('',*,*,#846,.F.);
#1285=ORIENTED_EDGE('',*,*,#798,.F.);
#1286=ORIENTED_EDGE('',*,*,#779,.F.);
#1287=ORIENTED_EDGE('',*,*,#777,.F.);
#1288=ORIENTED_EDGE('',*,*,#775,.F.);
#1289=ORIENTED_EDGE('',*,*,#773,.F.);
#1290=ORIENTED_EDGE('',*,*,#771,.F.);
#1291=ORIENTED_EDGE('',*,*,#787,.F.);
#1292=ORIENTED_EDGE('',*,*,#799,.F.);
#1293=ORIENTED_EDGE('',*,*,#801,.T.);
#1294=ORIENTED_EDGE('',*,*,#832,.T.);
#1295=ORIENTED_EDGE('',*,*,#806,.T.);
#1296=ORIENTED_EDGE('',*,*,#811,.T.);
#1297=ORIENTED_EDGE('',*,*,#816,.T.);
#1298=ORIENTED_EDGE('',*,*,#821,.T.);
#1299=ORIENTED_EDGE('',*,*,#827,.T.);
#1300=ORIENTED_EDGE('',*,*,#783,.F.);
#1301=ORIENTED_EDGE('',*,*,#781,.F.);
#1302=ORIENTED_EDGE('',*,*,#922,.T.);
#1303=ORIENTED_EDGE('',*,*,#923,.T.);
#1304=ORIENTED_EDGE('',*,*,#924,.T.);
#1305=ORIENTED_EDGE('',*,*,#925,.T.);
#1306=ORIENTED_EDGE('',*,*,#926,.T.);
#1307=ORIENTED_EDGE('',*,*,#927,.T.);
#1308=ORIENTED_EDGE('',*,*,#900,.T.);
#1309=ORIENTED_EDGE('',*,*,#903,.F.);
#1310=ORIENTED_EDGE('',*,*,#928,.F.);
#1311=ORIENTED_EDGE('',*,*,#929,.F.);
#1312=ORIENTED_EDGE('',*,*,#930,.F.);
#1313=ORIENTED_EDGE('',*,*,#923,.F.);
#1314=ORIENTED_EDGE('',*,*,#931,.T.);
#1315=ORIENTED_EDGE('',*,*,#929,.T.);
#1316=ORIENTED_EDGE('',*,*,#932,.T.);
#1317=ORIENTED_EDGE('',*,*,#933,.T.);
#1318=ORIENTED_EDGE('',*,*,#934,.F.);
#1319=ORIENTED_EDGE('',*,*,#924,.F.);
#1320=ORIENTED_EDGE('',*,*,#934,.T.);
#1321=ORIENTED_EDGE('',*,*,#935,.T.);
#1322=ORIENTED_EDGE('',*,*,#936,.T.);
#1323=ORIENTED_EDGE('',*,*,#937,.T.);
#1324=ORIENTED_EDGE('',*,*,#938,.F.);
#1325=ORIENTED_EDGE('',*,*,#925,.F.);
#1326=ORIENTED_EDGE('',*,*,#938,.T.);
#1327=ORIENTED_EDGE('',*,*,#939,.T.);
#1328=ORIENTED_EDGE('',*,*,#940,.T.);
#1329=ORIENTED_EDGE('',*,*,#941,.T.);
#1330=ORIENTED_EDGE('',*,*,#942,.F.);
#1331=ORIENTED_EDGE('',*,*,#926,.F.);
#1332=ORIENTED_EDGE('',*,*,#942,.T.);
#1333=ORIENTED_EDGE('',*,*,#943,.T.);
#1334=ORIENTED_EDGE('',*,*,#944,.T.);
#1335=ORIENTED_EDGE('',*,*,#945,.T.);
#1336=ORIENTED_EDGE('',*,*,#946,.T.);
#1337=ORIENTED_EDGE('',*,*,#947,.F.);
#1338=ORIENTED_EDGE('',*,*,#927,.F.);
#1339=ORIENTED_EDGE('',*,*,#947,.T.);
#1340=ORIENTED_EDGE('',*,*,#948,.T.);
#1341=ORIENTED_EDGE('',*,*,#949,.T.);
#1342=ORIENTED_EDGE('',*,*,#950,.T.);
#1343=ORIENTED_EDGE('',*,*,#951,.F.);
#1344=ORIENTED_EDGE('',*,*,#922,.F.);
#1345=ORIENTED_EDGE('',*,*,#951,.T.);
#1346=ORIENTED_EDGE('',*,*,#952,.T.);
#1347=ORIENTED_EDGE('',*,*,#953,.T.);
#1348=ORIENTED_EDGE('',*,*,#930,.T.);
#1349=ORIENTED_EDGE('',*,*,#931,.F.);
#1350=ORIENTED_EDGE('',*,*,#880,.T.);
#1351=ORIENTED_EDGE('',*,*,#954,.T.);
#1352=ORIENTED_EDGE('',*,*,#955,.F.);
#1353=ORIENTED_EDGE('',*,*,#954,.F.);
#1354=ORIENTED_EDGE('',*,*,#956,.F.);
#1355=ORIENTED_EDGE('',*,*,#952,.F.);
#1356=ORIENTED_EDGE('',*,*,#950,.F.);
#1357=ORIENTED_EDGE('',*,*,#957,.F.);
#1358=ORIENTED_EDGE('',*,*,#935,.F.);
#1359=ORIENTED_EDGE('',*,*,#933,.F.);
#1360=ORIENTED_EDGE('',*,*,#958,.F.);
#1361=ORIENTED_EDGE('',*,*,#948,.F.);
#1362=ORIENTED_EDGE('',*,*,#946,.F.);
#1363=ORIENTED_EDGE('',*,*,#959,.F.);
#1364=ORIENTED_EDGE('',*,*,#939,.F.);
#1365=ORIENTED_EDGE('',*,*,#937,.F.);
#1366=ORIENTED_EDGE('',*,*,#960,.F.);
#1367=ORIENTED_EDGE('',*,*,#943,.F.);
#1368=ORIENTED_EDGE('',*,*,#941,.F.);
#1369=ORIENTED_EDGE('',*,*,#955,.T.);
#1370=ORIENTED_EDGE('',*,*,#961,.T.);
#1371=ORIENTED_EDGE('',*,*,#944,.F.);
#1372=ORIENTED_EDGE('',*,*,#960,.T.);
#1373=ORIENTED_EDGE('',*,*,#940,.F.);
#1374=ORIENTED_EDGE('',*,*,#959,.T.);
#1375=ORIENTED_EDGE('',*,*,#936,.F.);
#1376=ORIENTED_EDGE('',*,*,#957,.T.);
#1377=ORIENTED_EDGE('',*,*,#932,.F.);
#1378=ORIENTED_EDGE('',*,*,#928,.T.);
#1379=ORIENTED_EDGE('',*,*,#953,.F.);
#1380=ORIENTED_EDGE('',*,*,#956,.T.);
#1381=ORIENTED_EDGE('',*,*,#949,.F.);
#1382=ORIENTED_EDGE('',*,*,#958,.T.);
#1383=ORIENTED_EDGE('',*,*,#945,.F.);
#1384=ORIENTED_EDGE('',*,*,#961,.F.);
#1385=ORIENTED_EDGE('',*,*,#882,.T.);
#1386=ORIENTED_EDGE('',*,*,#915,.T.);
#1387=ORIENTED_EDGE('',*,*,#908,.T.);
#1388=ORIENTED_EDGE('',*,*,#962,.F.);
#1389=ORIENTED_EDGE('',*,*,#883,.T.);
#1390=ORIENTED_EDGE('',*,*,#962,.T.);
#1391=ORIENTED_EDGE('',*,*,#907,.T.);
#1392=ORIENTED_EDGE('',*,*,#963,.F.);
#1393=ORIENTED_EDGE('',*,*,#884,.F.);
#1394=ORIENTED_EDGE('',*,*,#963,.T.);
#1395=ORIENTED_EDGE('',*,*,#906,.T.);
#1396=ORIENTED_EDGE('',*,*,#912,.F.);
#1397=ORIENTED_EDGE('',*,*,#864,.F.);
#1398=ORIENTED_EDGE('',*,*,#861,.F.);
#1399=ORIENTED_EDGE('',*,*,#854,.F.);
#1400=ORIENTED_EDGE('',*,*,#860,.F.);
#1401=ORIENTED_EDGE('',*,*,#921,.F.);
#1402=ORIENTED_EDGE('',*,*,#919,.T.);
#1403=ORIENTED_EDGE('',*,*,#870,.F.);
#1404=PLANE('',#1555);
#1405=PLANE('',#1556);
#1406=PLANE('',#1563);
#1407=PLANE('',#1566);
#1408=PLANE('',#1569);
#1409=PLANE('',#1577);
#1410=PLANE('',#1578);
#1411=PLANE('',#1579);
#1412=PLANE('',#1580);
#1413=PLANE('',#1581);
#1414=PLANE('',#1582);
#1415=PLANE('',#1585);
#1416=PLANE('',#1587);
#1417=PLANE('',#1588);
#1418=PLANE('',#1589);
#1419=PLANE('',#1590);
#1420=PLANE('',#1591);
#1421=PLANE('',#1592);
#1422=PLANE('',#1595);
#1423=PLANE('',#1597);
#1424=PLANE('',#1599);
#1425=PLANE('',#1601);
#1426=PLANE('',#1603);
#1427=PLANE('',#1606);
#1428=PLANE('',#1607);
#1429=PLANE('',#1608);
#1430=PLANE('',#1609);
#1431=PLANE('',#1610);
#1432=PLANE('',#1611);
#1433=PLANE('',#1621);
#1434=PLANE('',#1622);
#1435=PLANE('',#1623);
#1436=PLANE('',#1624);
#1437=PLANE('',#1633);
#1438=PLANE('',#1636);
#1439=PLANE('',#1644);
#1440=PLANE('',#1645);
#1441=PLANE('',#1646);
#1442=PLANE('',#1647);
#1443=PLANE('',#1648);
#1444=PLANE('',#1651);
#1445=PLANE('',#1652);
#1446=PLANE('',#1653);
#1447=PLANE('',#1654);
#1448=PLANE('',#1656);
#1449=PLANE('',#1657);
#1450=PLANE('',#1658);
#1451=PLANE('',#1659);
#1452=PLANE('',#1660);
#1453=PLANE('',#1661);
#1454=PLANE('',#1664);
#1455=PLANE('',#1666);
#1456=PLANE('',#1668);
#1457=PLANE('',#1670);
#1458=PLANE('',#1672);
#1459=PLANE('',#1675);
#1460=PLANE('',#1676);
#1461=PLANE('',#1677);
#1462=PLANE('',#1678);
#1463=ADVANCED_FACE('',(#108),#1404,.T.);
#1464=ADVANCED_FACE('',(#109,#48,#49,#50),#1405,.T.);
#1465=ADVANCED_FACE('',(#110),#1406,.T.);
#1466=ADVANCED_FACE('',(#111),#31,.T.);
#1467=ADVANCED_FACE('',(#112),#1407,.F.);
#1468=ADVANCED_FACE('',(#113),#32,.T.);
#1469=ADVANCED_FACE('',(#114),#1408,.F.);
#1470=ADVANCED_FACE('',(#115),#33,.T.);
#1471=ADVANCED_FACE('',(#116),#34,.F.);
#1472=ADVANCED_FACE('',(#117),#35,.F.);
#1473=ADVANCED_FACE('',(#118),#1409,.F.);
#1474=ADVANCED_FACE('',(#119,#51),#1410,.T.);
#1475=ADVANCED_FACE('',(#120),#1411,.F.);
#1476=ADVANCED_FACE('',(#121),#1412,.F.);
#1477=ADVANCED_FACE('',(#122),#1413,.T.);
#1478=ADVANCED_FACE('',(#123),#1414,.T.);
#1479=ADVANCED_FACE('',(#124),#36,.T.);
#1480=ADVANCED_FACE('',(#125),#1415,.T.);
#1481=ADVANCED_FACE('',(#126),#1416,.F.);
#1482=ADVANCED_FACE('',(#127),#1417,.F.);
#1483=ADVANCED_FACE('',(#128),#1418,.F.);
#1484=ADVANCED_FACE('',(#129),#1419,.F.);
#1485=ADVANCED_FACE('',(#130),#1420,.F.);
#1486=ADVANCED_FACE('',(#131),#1421,.F.);
#1487=ADVANCED_FACE('',(#132),#37,.F.);
#1488=ADVANCED_FACE('',(#133),#1422,.T.);
#1489=ADVANCED_FACE('',(#134),#1423,.T.);
#1490=ADVANCED_FACE('',(#135),#1424,.T.);
#1491=ADVANCED_FACE('',(#136),#1425,.T.);
#1492=ADVANCED_FACE('',(#137),#1426,.T.);
#1493=ADVANCED_FACE('',(#138),#15,.F.);
#1494=ADVANCED_FACE('',(#139),#1427,.F.);
#1495=ADVANCED_FACE('',(#140),#1428,.F.);
#1496=ADVANCED_FACE('',(#141),#1429,.F.);
#1497=ADVANCED_FACE('',(#142),#1430,.F.);
#1498=ADVANCED_FACE('',(#143),#1431,.F.);
#1499=ADVANCED_FACE('',(#144),#1432,.F.);
#1500=ADVANCED_FACE('',(#145),#38,.T.);
#1501=ADVANCED_FACE('',(#146),#39,.F.);
#1502=ADVANCED_FACE('',(#147),#40,.T.);
#1503=ADVANCED_FACE('',(#148),#1433,.T.);
#1504=ADVANCED_FACE('',(#149),#1434,.T.);
#1505=ADVANCED_FACE('',(#150),#1435,.T.);
#1506=ADVANCED_FACE('',(#151,#52,#53,#54),#1436,.F.);
#1507=ADVANCED_FACE('',(#152),#41,.T.);
#1508=ADVANCED_FACE('',(#153),#1437,.T.);
#1509=ADVANCED_FACE('',(#154),#42,.T.);
#1510=ADVANCED_FACE('',(#155),#1438,.T.);
#1511=ADVANCED_FACE('',(#156),#43,.T.);
#1512=ADVANCED_FACE('',(#157),#44,.F.);
#1513=ADVANCED_FACE('',(#158),#45,.F.);
#1514=ADVANCED_FACE('',(#159),#1439,.T.);
#1515=ADVANCED_FACE('',(#160,#55),#1440,.T.);
#1516=ADVANCED_FACE('',(#161),#1441,.F.);
#1517=ADVANCED_FACE('',(#162),#1442,.F.);
#1518=ADVANCED_FACE('',(#163),#1443,.F.);
#1519=ADVANCED_FACE('',(#164),#46,.T.);
#1520=ADVANCED_FACE('',(#165),#1444,.F.);
#1521=ADVANCED_FACE('',(#166),#1445,.F.);
#1522=ADVANCED_FACE('',(#167,#56,#57,#58,#59,#60,#61),#1446,.T.);
#1523=ADVANCED_FACE('',(#168),#1447,.T.);
#1524=ADVANCED_FACE('',(#169),#1448,.F.);
#1525=ADVANCED_FACE('',(#170),#1449,.F.);
#1526=ADVANCED_FACE('',(#171),#1450,.F.);
#1527=ADVANCED_FACE('',(#172),#1451,.F.);
#1528=ADVANCED_FACE('',(#173),#1452,.F.);
#1529=ADVANCED_FACE('',(#174),#1453,.F.);
#1530=ADVANCED_FACE('',(#175),#47,.F.);
#1531=ADVANCED_FACE('',(#176),#1454,.T.);
#1532=ADVANCED_FACE('',(#177),#1455,.T.);
#1533=ADVANCED_FACE('',(#178),#1456,.T.);
#1534=ADVANCED_FACE('',(#179),#1457,.T.);
#1535=ADVANCED_FACE('',(#180),#1458,.T.);
#1536=ADVANCED_FACE('',(#181),#16,.F.);
#1537=ADVANCED_FACE('',(#182),#1459,.F.);
#1538=ADVANCED_FACE('',(#183),#1460,.F.);
#1539=ADVANCED_FACE('',(#184),#1461,.F.);
#1540=ADVANCED_FACE('',(#185),#1462,.T.);
#1541=CLOSED_SHELL('',(#1463,#1464,#1465,#1466,#1467,#1468,#1469,#1470,
#1471,#1472,#1473,#1474,#1475,#1476,#1477,#1478,#1479,#1480,#1481,#1482,
#1483,#1484,#1485,#1486,#1487,#1488,#1489,#1490,#1491,#1492,#1493,#1494,
#1495,#1496,#1497,#1498,#1499,#1500,#1501,#1502,#1503,#1504,#1505,#1506,
#1507,#1508,#1509,#1510,#1511,#1512,#1513,#1514,#1515,#1516,#1517,#1518,
#1519,#1520,#1521,#1522,#1523,#1524,#1525,#1526,#1527,#1528,#1529,#1530,
#1531,#1532,#1533,#1534,#1535,#1536,#1537,#1538,#1539,#1540));
#1542=DERIVED_UNIT_ELEMENT(#1544,1.);
#1543=DERIVED_UNIT_ELEMENT(#2567,-3.);
#1544=(
MASS_UNIT()
NAMED_UNIT(*)
SI_UNIT(.KILO.,.GRAM.)
);
#1545=DERIVED_UNIT((#1542,#1543));
#1546=MEASURE_REPRESENTATION_ITEM('density measure',
POSITIVE_RATIO_MEASURE(7850.),#1545);
#1547=PROPERTY_DEFINITION_REPRESENTATION(#1552,#1549);
#1548=PROPERTY_DEFINITION_REPRESENTATION(#1553,#1550);
#1549=REPRESENTATION('material name',(#1551),#2564);
#1550=REPRESENTATION('density',(#1546),#2564);
#1551=DESCRIPTIVE_REPRESENTATION_ITEM('Stahl','Stahl');
#1552=PROPERTY_DEFINITION('material property','material name',#2574);
#1553=PROPERTY_DEFINITION('material property','density of part',#2574);
#1554=AXIS2_PLACEMENT_3D('',#2089,#1679,#1680);
#1555=AXIS2_PLACEMENT_3D('',#2090,#1681,#1682);
#1556=AXIS2_PLACEMENT_3D('',#2099,#1687,#1688);
#1557=AXIS2_PLACEMENT_3D('',#2103,#1690,#1691);
#1558=AXIS2_PLACEMENT_3D('',#2109,#1694,#1695);
#1559=AXIS2_PLACEMENT_3D('',#2113,#1697,#1698);
#1560=AXIS2_PLACEMENT_3D('',#2117,#1700,#1701);
#1561=AXIS2_PLACEMENT_3D('',#2134,#1710,#1711);
#1562=AXIS2_PLACEMENT_3D('',#2136,#1712,#1713);
#1563=AXIS2_PLACEMENT_3D('',#2137,#1714,#1715);
#1564=AXIS2_PLACEMENT_3D('',#2143,#1719,#1720);
#1565=AXIS2_PLACEMENT_3D('',#2147,#1722,#1723);
#1566=AXIS2_PLACEMENT_3D('',#2149,#1725,#1726);
#1567=AXIS2_PLACEMENT_3D('',#2153,#1729,#1730);
#1568=AXIS2_PLACEMENT_3D('',#2155,#1731,#1732);
#1569=AXIS2_PLACEMENT_3D('',#2157,#1734,#1735);
#1570=AXIS2_PLACEMENT_3D('',#2161,#1738,#1739);
#1571=AXIS2_PLACEMENT_3D('',#2163,#1740,#1741);
#1572=AXIS2_PLACEMENT_3D('',#2165,#1743,#1744);
#1573=AXIS2_PLACEMENT_3D('',#2167,#1745,#1746);
#1574=AXIS2_PLACEMENT_3D('',#2169,#1748,#1749);
#1575=AXIS2_PLACEMENT_3D('',#2171,#1750,#1751);
#1576=AXIS2_PLACEMENT_3D('',#2174,#1753,#1754);
#1577=AXIS2_PLACEMENT_3D('',#2175,#1755,#1756);
#1578=AXIS2_PLACEMENT_3D('',#2179,#1759,#1760);
#1579=AXIS2_PLACEMENT_3D('',#2192,#1767,#1768);
#1580=AXIS2_PLACEMENT_3D('',#2195,#1771,#1772);
#1581=AXIS2_PLACEMENT_3D('',#2197,#1774,#1775);
#1582=AXIS2_PLACEMENT_3D('',#2201,#1778,#1779);
#1583=AXIS2_PLACEMENT_3D('',#2205,#1782,#1783);
#1584=AXIS2_PLACEMENT_3D('',#2207,#1784,#1785);
#1585=AXIS2_PLACEMENT_3D('',#2209,#1787,#1788);
#1586=AXIS2_PLACEMENT_3D('',#2212,#1789,#1790);
#1587=AXIS2_PLACEMENT_3D('',#2216,#1793,#1794);
#1588=AXIS2_PLACEMENT_3D('',#2228,#1799,#1800);
#1589=AXIS2_PLACEMENT_3D('',#2240,#1805,#1806);
#1590=AXIS2_PLACEMENT_3D('',#2252,#1811,#1812);
#1591=AXIS2_PLACEMENT_3D('',#2268,#1817,#1818);
#1592=AXIS2_PLACEMENT_3D('',#2280,#1823,#1824);
#1593=AXIS2_PLACEMENT_3D('',#2287,#1827,#1828);
#1594=AXIS2_PLACEMENT_3D('',#2289,#1829,#1830);
#1595=AXIS2_PLACEMENT_3D('',#2291,#1832,#1833);
#1596=AXIS2_PLACEMENT_3D('',#2292,#1834,#1835);
#1597=AXIS2_PLACEMENT_3D('',#2293,#1836,#1837);
#1598=AXIS2_PLACEMENT_3D('',#2294,#1838,#1839);
#1599=AXIS2_PLACEMENT_3D('',#2295,#1840,#1841);
#1600=AXIS2_PLACEMENT_3D('',#2296,#1842,#1843);
#1601=AXIS2_PLACEMENT_3D('',#2297,#1844,#1845);
#1602=AXIS2_PLACEMENT_3D('',#2298,#1846,#1847);
#1603=AXIS2_PLACEMENT_3D('',#2299,#1848,#1849);
#1604=AXIS2_PLACEMENT_3D('',#2300,#1850,#1851);
#1605=AXIS2_PLACEMENT_3D('',#2301,#1852,#1853);
#1606=AXIS2_PLACEMENT_3D('',#2303,#1855,#1856);
#1607=AXIS2_PLACEMENT_3D('',#2305,#1858,#1859);
#1608=AXIS2_PLACEMENT_3D('',#2307,#1861,#1862);
#1609=AXIS2_PLACEMENT_3D('',#2309,#1864,#1865);
#1610=AXIS2_PLACEMENT_3D('',#2310,#1866,#1867);
#1611=AXIS2_PLACEMENT_3D('',#2316,#1871,#1872);
#1612=AXIS2_PLACEMENT_3D('',#2322,#1875,#1876);
#1613=AXIS2_PLACEMENT_3D('',#2324,#1877,#1878);
#1614=AXIS2_PLACEMENT_3D('',#2326,#1879,#1880);
#1615=AXIS2_PLACEMENT_3D('',#2328,#1882,#1883);
#1616=AXIS2_PLACEMENT_3D('',#2330,#1884,#1885);
#1617=AXIS2_PLACEMENT_3D('',#2332,#1887,#1888);
#1618=AXIS2_PLACEMENT_3D('',#2334,#1889,#1890);
#1619=AXIS2_PLACEMENT_3D('',#2336,#1892,#1893);
#1620=AXIS2_PLACEMENT_3D('',#2338,#1894,#1895);
#1621=AXIS2_PLACEMENT_3D('',#2340,#1897,#1898);
#1622=AXIS2_PLACEMENT_3D('',#2346,#1902,#1903);
#1623=AXIS2_PLACEMENT_3D('',#2352,#1907,#1908);
#1624=AXIS2_PLACEMENT_3D('',#2358,#1912,#1913);
#1625=AXIS2_PLACEMENT_3D('',#2364,#1916,#1917);
#1626=AXIS2_PLACEMENT_3D('',#2368,#1919,#1920);
#1627=AXIS2_PLACEMENT_3D('',#2372,#1922,#1923);
#1628=AXIS2_PLACEMENT_3D('',#2377,#1926,#1927);
#1629=AXIS2_PLACEMENT_3D('',#2379,#1928,#1929);
#1630=AXIS2_PLACEMENT_3D('',#2381,#1930,#1931);
#1631=AXIS2_PLACEMENT_3D('',#2394,#1938,#1939);
#1632=AXIS2_PLACEMENT_3D('',#2398,#1941,#1942);
#1633=AXIS2_PLACEMENT_3D('',#2400,#1944,#1945);
#1634=AXIS2_PLACEMENT_3D('',#2404,#1948,#1949);
#1635=AXIS2_PLACEMENT_3D('',#2407,#1951,#1952);
#1636=AXIS2_PLACEMENT_3D('',#2408,#1953,#1954);
#1637=AXIS2_PLACEMENT_3D('',#2412,#1957,#1958);
#1638=AXIS2_PLACEMENT_3D('',#2415,#1960,#1961);
#1639=AXIS2_PLACEMENT_3D('',#2416,#1962,#1963);
#1640=AXIS2_PLACEMENT_3D('',#2419,#1965,#1966);
#1641=AXIS2_PLACEMENT_3D('',#2420,#1967,#1968);
#1642=AXIS2_PLACEMENT_3D('',#2422,#1969,#1970);
#1643=AXIS2_PLACEMENT_3D('',#2425,#1972,#1973);
#1644=AXIS2_PLACEMENT_3D('',#2426,#1974,#1975);
#1645=AXIS2_PLACEMENT_3D('',#2430,#1978,#1979);
#1646=AXIS2_PLACEMENT_3D('',#2443,#1986,#1987);
#1647=AXIS2_PLACEMENT_3D('',#2446,#1990,#1991);
#1648=AXIS2_PLACEMENT_3D('',#2448,#1993,#1994);
#1649=AXIS2_PLACEMENT_3D('',#2450,#1996,#1997);
#1650=AXIS2_PLACEMENT_3D('',#2452,#1998,#1999);
#1651=AXIS2_PLACEMENT_3D('',#2454,#2001,#2002);
#1652=AXIS2_PLACEMENT_3D('',#2456,#2004,#2005);
#1653=AXIS2_PLACEMENT_3D('',#2460,#2008,#2009);
#1654=AXIS2_PLACEMENT_3D('',#2474,#2017,#2018);
#1655=AXIS2_PLACEMENT_3D('',#2477,#2019,#2020);
#1656=AXIS2_PLACEMENT_3D('',#2481,#2023,#2024);
#1657=AXIS2_PLACEMENT_3D('',#2490,#2028,#2029);
#1658=AXIS2_PLACEMENT_3D('',#2500,#2033,#2034);
#1659=AXIS2_PLACEMENT_3D('',#2510,#2038,#2039);
#1660=AXIS2_PLACEMENT_3D('',#2524,#2043,#2044);
#1661=AXIS2_PLACEMENT_3D('',#2534,#2048,#2049);
#1662=AXIS2_PLACEMENT_3D('',#2540,#2051,#2052);
#1663=AXIS2_PLACEMENT_3D('',#2543,#2054,#2055);
#1664=AXIS2_PLACEMENT_3D('',#2544,#2056,#2057);
#1665=AXIS2_PLACEMENT_3D('',#2545,#2058,#2059);
#1666=AXIS2_PLACEMENT_3D('',#2546,#2060,#2061);
#1667=AXIS2_PLACEMENT_3D('',#2547,#2062,#2063);
#1668=AXIS2_PLACEMENT_3D('',#2548,#2064,#2065);
#1669=AXIS2_PLACEMENT_3D('',#2549,#2066,#2067);
#1670=AXIS2_PLACEMENT_3D('',#2550,#2068,#2069);
#1671=AXIS2_PLACEMENT_3D('',#2551,#2070,#2071);
#1672=AXIS2_PLACEMENT_3D('',#2552,#2072,#2073);
#1673=AXIS2_PLACEMENT_3D('',#2553,#2074,#2075);
#1674=AXIS2_PLACEMENT_3D('',#2554,#2076,#2077);
#1675=AXIS2_PLACEMENT_3D('',#2556,#2079,#2080);
#1676=AXIS2_PLACEMENT_3D('',#2558,#2082,#2083);
#1677=AXIS2_PLACEMENT_3D('',#2560,#2085,#2086);
#1678=AXIS2_PLACEMENT_3D('',#2561,#2087,#2088);
#1679=DIRECTION('axis',(0.,0.,1.));
#1680=DIRECTION('refdir',(1.,0.,0.));
#1681=DIRECTION('center_axis',(-3.71107443705116E-136,-0.707106781186549,
-0.707106781186546));
#1682=DIRECTION('ref_axis',(-1.,5.34613863612431E-151,5.24825179985386E-136));
#1683=DIRECTION('',(2.20016815120155E-61,-0.707106781186546,0.707106781186549));
#1684=DIRECTION('',(-1.,0.,5.24825179985385E-136));
#1685=DIRECTION('',(0.,0.707106781186546,-0.707106781186549));
#1686=DIRECTION('',(1.,0.,-5.24825179985385E-136));
#1687=DIRECTION('center_axis',(-5.24825179985385E-136,3.37344619321435E-75,
-1.));
#1688=DIRECTION('ref_axis',(-1.,-3.11150763893057E-61,-5.24825179985385E-136));
#1689=DIRECTION('',(-3.11150763893057E-61,1.,3.37344619321435E-75));
#1690=DIRECTION('center_axis',(5.24825179985385E-136,-3.37344619321435E-75,
1.));
#1691=DIRECTION('ref_axis',(-0.947134564230979,0.320836589620001,1.08232497189747E-75));
#1692=DIRECTION('',(-0.607750846998188,-0.794127765522013,-2.67894728752605E-75));
#1693=DIRECTION('',(0.707106781186548,0.707106781186547,2.38538667918981E-75));
#1694=DIRECTION('center_axis',(-5.24825179985385E-136,3.37344619321435E-75,
-1.));
#1695=DIRECTION('ref_axis',(-0.890761866966704,0.454470347061271,1.53313126222265E-75));
#1696=DIRECTION('',(1.,3.11150763893057E-61,5.24825179985385E-136));
#1697=DIRECTION('center_axis',(-5.24825179985385E-136,3.37344619321435E-75,
-1.));
#1698=DIRECTION('ref_axis',(-0.890761866966704,0.454470347061271,1.53313126222265E-75));
#1699=DIRECTION('',(0.707106781186548,-0.707106781186547,-2.38538667918981E-75));
#1700=DIRECTION('center_axis',(-5.24825179985385E-136,3.37344619321435E-75,
-1.));
#1701=DIRECTION('ref_axis',(-0.890761866966704,0.454470347061271,1.53313126222265E-75));
#1702=DIRECTION('',(0.607750846998188,0.794127765522013,2.67894728752605E-75));
#1703=DIRECTION('',(0.,1.,0.));
#1704=DIRECTION('',(-0.866025403784438,0.5,1.68672309660718E-75));
#1705=DIRECTION('',(-0.866025403784438,-0.5,-1.68672309660718E-75));
#1706=DIRECTION('',(1.03015858199119E-15,1.,3.37344619321435E-75));
#1707=DIRECTION('',(-0.866025403784439,0.5,1.68672309660717E-75));
#1708=DIRECTION('',(-0.866025403784439,-0.5,-1.68672309660718E-75));
#1709=DIRECTION('',(0.,-1.,-3.37344619321435E-75));
#1710=DIRECTION('center_axis',(5.24825179985385E-136,-3.37344619321435E-75,
1.));
#1711=DIRECTION('ref_axis',(-1.,-3.11150763893057E-61,-5.24825179985385E-136));
#1712=DIRECTION('center_axis',(5.24825179985385E-136,-3.37344619321435E-75,
1.));
#1713=DIRECTION('ref_axis',(-1.,-3.11150763893057E-61,-5.24825179985385E-136));
#1714=DIRECTION('center_axis',(0.,-1.,0.));
#1715=DIRECTION('ref_axis',(0.,0.,-1.));
#1716=DIRECTION('',(1.,0.,0.));
#1717=DIRECTION('',(0.,0.,-1.));
#1718=DIRECTION('',(-5.24825179985385E-136,0.,1.));
#1719=DIRECTION('center_axis',(-5.24825179985385E-136,3.37344619321435E-75,
-1.));
#1720=DIRECTION('ref_axis',(-0.890761866966704,0.454470347061271,1.53313126222265E-75));
#1721=DIRECTION('',(5.24825179985385E-136,-3.37344619321435E-75,1.));
#1722=DIRECTION('center_axis',(-5.24825179985385E-136,3.37344619321435E-75,
-1.));
#1723=DIRECTION('ref_axis',(-0.890761866966704,0.454470347061271,1.53313126222265E-75));
#1724=DIRECTION('',(5.24825179985385E-136,-3.37344619321435E-75,1.));
#1725=DIRECTION('center_axis',(3.11150763893057E-61,-1.,-3.37344619321435E-75));
#1726=DIRECTION('ref_axis',(1.,3.11150763893057E-61,5.24825179985385E-136));
#1727=DIRECTION('',(1.,3.11150763893057E-61,5.24825179985385E-136));
#1728=DIRECTION('',(5.24825179985385E-136,-3.37344619321435E-75,1.));
#1729=DIRECTION('center_axis',(-5.24825179985385E-136,3.37344619321435E-75,
-1.));
#1730=DIRECTION('ref_axis',(-0.890761866966704,0.454470347061271,1.53313126222265E-75));
#1731=DIRECTION('center_axis',(-5.24825179985385E-136,3.37344619321435E-75,
-1.));
#1732=DIRECTION('ref_axis',(-0.890761866966704,0.454470347061271,1.53313126222265E-75));
#1733=DIRECTION('',(5.24825179985385E-136,-3.37344619321435E-75,1.));
#1734=DIRECTION('center_axis',(-0.707106781186547,-0.707106781186548,-2.38538667918981E-75));
#1735=DIRECTION('ref_axis',(0.707106781186548,-0.707106781186547,-2.38538667918981E-75));
#1736=DIRECTION('',(0.707106781186548,-0.707106781186547,-2.38538667918981E-75));
#1737=DIRECTION('',(5.24825179985385E-136,-3.37344619321435E-75,1.));
#1738=DIRECTION('center_axis',(-5.24825179985385E-136,3.37344619321435E-75,
-1.));
#1739=DIRECTION('ref_axis',(0.997346454743105,-0.0728014368770242,-2.45591730093332E-76));
#1740=DIRECTION('center_axis',(-5.24825179985385E-136,3.37344619321435E-75,
-1.));
#1741=DIRECTION('ref_axis',(-0.890761866966704,0.454470347061271,1.53313126222265E-75));
#1742=DIRECTION('',(-5.24825179985385E-136,3.37344619321435E-75,-1.));
#1743=DIRECTION('center_axis',(-5.24825179985385E-136,3.37344619321435E-75,
-1.));
#1744=DIRECTION('ref_axis',(-1.,-3.11150763893057E-61,-5.24825179985385E-136));
#1745=DIRECTION('center_axis',(5.24825179985385E-136,-3.37344619321435E-75,
1.));
#1746=DIRECTION('ref_axis',(-1.,-3.11150763893057E-61,-5.24825179985385E-136));
#1747=DIRECTION('',(-5.24825179985385E-136,3.37344619321435E-75,-1.));
#1748=DIRECTION('center_axis',(-5.24825179985385E-136,3.37344619321435E-75,
-1.));
#1749=DIRECTION('ref_axis',(-1.,-3.11150763893057E-61,-5.24825179985385E-136));
#1750=DIRECTION('center_axis',(0.,0.,1.));
#1751=DIRECTION('ref_axis',(-1.,-3.11150763893057E-61,0.));
#1752=DIRECTION('',(-5.24825179985385E-136,3.37344619321435E-75,-1.));
#1753=DIRECTION('center_axis',(0.,0.,-1.));
#1754=DIRECTION('ref_axis',(-1.,-3.11150763893057E-61,0.));
#1755=DIRECTION('center_axis',(0.707106781186547,-0.707106781186548,-2.38538667918981E-75));
#1756=DIRECTION('ref_axis',(0.707106781186548,0.707106781186547,2.38538667918981E-75));
#1757=DIRECTION('',(-5.24825179985385E-136,3.37344619321435E-75,-1.));
#1758=DIRECTION('',(0.707106781186548,0.707106781186547,2.38538667918981E-75));
#1759=DIRECTION('center_axis',(0.,0.,-1.));
#1760=DIRECTION('ref_axis',(1.,0.,0.));
#1761=DIRECTION('',(1.03015858199119E-15,1.,0.));
#1762=DIRECTION('',(0.866025403784438,0.5,0.));
#1763=DIRECTION('',(0.866025403784439,-0.5,0.));
#1764=DIRECTION('',(0.,-1.,0.));
#1765=DIRECTION('',(-0.866025403784439,-0.5,0.));
#1766=DIRECTION('',(-0.866025403784439,0.5,0.));
#1767=DIRECTION('center_axis',(0.5,0.866025403784439,0.));
#1768=DIRECTION('ref_axis',(-0.866025403784439,0.5,0.));
#1769=DIRECTION('',(0.,0.,1.));
#1770=DIRECTION('',(0.,0.,1.));
#1771=DIRECTION('center_axis',(-0.5,0.866025403784439,0.));
#1772=DIRECTION('ref_axis',(-0.866025403784439,-0.5,0.));
#1773=DIRECTION('',(0.,0.,1.));
#1774=DIRECTION('center_axis',(0.794127765522013,-0.607750846998188,-2.05021478122883E-75));
#1775=DIRECTION('ref_axis',(-0.607750846998188,-0.794127765522013,-2.67894728752605E-75));
#1776=DIRECTION('',(5.24825179985385E-136,-3.37344619321435E-75,1.));
#1777=DIRECTION('',(-0.607750846998188,-0.794127765522013,-2.67894728752605E-75));
#1778=DIRECTION('center_axis',(-0.794127765522013,0.607750846998188,2.05021478122883E-75));
#1779=DIRECTION('ref_axis',(0.607750846998188,0.794127765522013,2.67894728752605E-75));
#1780=DIRECTION('',(0.607750846998188,0.794127765522013,2.67894728752605E-75));
#1781=DIRECTION('',(-5.24825179985385E-136,3.37344619321435E-75,-1.));
#1782=DIRECTION('center_axis',(-5.24825179985385E-136,3.37344619321435E-75,
-1.));
#1783=DIRECTION('ref_axis',(-0.947134564230979,0.320836589620001,1.08232497189747E-75));
#1784=DIRECTION('center_axis',(0.,0.,1.));
#1785=DIRECTION('ref_axis',(-0.947134564230979,0.320836589620001,0.));
#1786=DIRECTION('',(5.24825179985385E-136,-3.37344619321435E-75,1.));
#1787=DIRECTION('center_axis',(0.,0.,1.));
#1788=DIRECTION('ref_axis',(-1.,0.,0.));
#1789=DIRECTION('center_axis',(0.,0.,1.));
#1790=DIRECTION('ref_axis',(-1.,-3.11150763893057E-61,0.));
#1791=DIRECTION('',(-6.86772387994129E-16,1.,0.));
#1792=DIRECTION('',(-0.866025403784439,0.5,0.));
#1793=DIRECTION('center_axis',(-1.,-6.86772387994129E-16,0.));
#1794=DIRECTION('ref_axis',(-6.86772387994129E-16,1.,0.));
#1795=DIRECTION('',(-6.86772387994129E-16,1.,0.));
#1796=DIRECTION('',(0.,0.,-1.));
#1797=DIRECTION('',(-6.86772387994129E-16,1.,0.));
#1798=DIRECTION('',(0.,0.,-1.));
#1799=DIRECTION('center_axis',(-0.5,0.866025403784439,0.));
#1800=DIRECTION('ref_axis',(0.866025403784439,0.5,0.));
#1801=DIRECTION('',(0.866025403784439,0.5,0.));
#1802=DIRECTION('',(0.866025403784439,0.5,0.));
#1803=DIRECTION('',(0.866025403784439,0.5,0.));
#1804=DIRECTION('',(0.,0.,-1.));
#1805=DIRECTION('center_axis',(0.5,0.866025403784439,0.));
#1806=DIRECTION('ref_axis',(0.866025403784439,-0.5,0.));
#1807=DIRECTION('',(0.866025403784439,-0.5,0.));
#1808=DIRECTION('',(0.866025403784439,-0.5,0.));
#1809=DIRECTION('',(0.866025403784439,-0.5,0.));
#1810=DIRECTION('',(0.,0.,-1.));
#1811=DIRECTION('center_axis',(1.,0.,0.));
#1812=DIRECTION('ref_axis',(0.,-1.,0.));
#1813=DIRECTION('',(0.,-1.,0.));
#1814=DIRECTION('',(0.,-1.,0.));
#1815=DIRECTION('',(0.,-1.,0.));
#1816=DIRECTION('',(0.,0.,-1.));
#1817=DIRECTION('center_axis',(0.5,-0.866025403784439,0.));
#1818=DIRECTION('ref_axis',(-0.866025403784439,-0.5,0.));
#1819=DIRECTION('',(-0.866025403784439,-0.5,0.));
#1820=DIRECTION('',(-0.866025403784439,-0.5,0.));
#1821=DIRECTION('',(-0.866025403784439,-0.5,0.));
#1822=DIRECTION('',(0.,0.,-1.));
#1823=DIRECTION('center_axis',(-0.5,-0.866025403784439,0.));
#1824=DIRECTION('ref_axis',(-0.866025403784439,0.5,0.));
#1825=DIRECTION('',(-0.866025403784438,0.5,0.));
#1826=DIRECTION('',(-0.866025403784439,0.5,0.));
#1827=DIRECTION('center_axis',(-5.24825179985385E-136,3.37344619321435E-75,
-1.));
#1828=DIRECTION('ref_axis',(-1.,-3.11150763893057E-61,-5.24825179985385E-136));
#1829=DIRECTION('center_axis',(0.,0.,-1.));
#1830=DIRECTION('ref_axis',(-1.,-3.11150763893057E-61,0.));
#1831=DIRECTION('',(-5.24825179985385E-136,3.37344619321435E-75,-1.));
#1832=DIRECTION('center_axis',(0.,0.,1.));
#1833=DIRECTION('ref_axis',(-1.,0.,0.));
#1834=DIRECTION('center_axis',(0.,0.,1.));
#1835=DIRECTION('ref_axis',(-1.,-3.11150763893057E-61,0.));
#1836=DIRECTION('center_axis',(0.,0.,1.));
#1837=DIRECTION('ref_axis',(-1.,0.,0.));
#1838=DIRECTION('center_axis',(0.,0.,1.));
#1839=DIRECTION('ref_axis',(-1.,-3.11150763893057E-61,0.));
#1840=DIRECTION('center_axis',(0.,0.,1.));
#1841=DIRECTION('ref_axis',(-1.,0.,0.));
#1842=DIRECTION('center_axis',(0.,0.,1.));
#1843=DIRECTION('ref_axis',(-1.,-3.11150763893057E-61,0.));
#1844=DIRECTION('center_axis',(0.,0.,1.));
#1845=DIRECTION('ref_axis',(-1.,0.,0.));
#1846=DIRECTION('center_axis',(0.,0.,1.));
#1847=DIRECTION('ref_axis',(-1.,-3.11150763893057E-61,0.));
#1848=DIRECTION('center_axis',(0.,0.,1.));
#1849=DIRECTION('ref_axis',(-1.,0.,0.));
#1850=DIRECTION('center_axis',(0.,0.,1.));
#1851=DIRECTION('ref_axis',(-1.,-3.11150763893057E-61,0.));
#1852=DIRECTION('center_axis',(0.,0.,1.));
#1853=DIRECTION('ref_axis',(-1.,-3.11150763893057E-61,0.));
#1854=DIRECTION('',(0.707106781186547,8.65956056235493E-17,0.707106781186548));
#1855=DIRECTION('center_axis',(-1.,0.,0.));
#1856=DIRECTION('ref_axis',(0.,-1.,0.));
#1857=DIRECTION('',(0.,0.,1.));
#1858=DIRECTION('center_axis',(-0.5,-0.866025403784439,0.));
#1859=DIRECTION('ref_axis',(0.866025403784439,-0.5,0.));
#1860=DIRECTION('',(0.,0.,1.));
#1861=DIRECTION('center_axis',(0.5,-0.866025403784438,0.));
#1862=DIRECTION('ref_axis',(0.866025403784438,0.5,0.));
#1863=DIRECTION('',(0.,0.,1.));
#1864=DIRECTION('center_axis',(1.,-1.03015858199119E-15,0.));
#1865=DIRECTION('ref_axis',(1.03015858199119E-15,1.,0.));
#1866=DIRECTION('center_axis',(-1.,-3.11150763893057E-61,-5.24825179985385E-136));
#1867=DIRECTION('ref_axis',(3.11150763893057E-61,-1.,-3.37344619321435E-75));
#1868=DIRECTION('',(3.11150763893057E-61,-1.,-3.37344619321435E-75));
#1869=DIRECTION('',(-5.24825179985385E-136,-1.63299755662764E-196,1.));
#1870=DIRECTION('',(-6.33207048265298E-17,-1.,0.));
#1871=DIRECTION('center_axis',(0.,-4.90909346529772E-91,1.));
#1872=DIRECTION('ref_axis',(-1.,0.,0.));
#1873=DIRECTION('',(1.,0.,0.));
#1874=DIRECTION('',(8.44276064353731E-17,1.,0.));
#1875=DIRECTION('center_axis',(0.,-4.90909346529772E-91,1.));
#1876=DIRECTION('ref_axis',(0.845154254728516,-0.53452248382485,-2.62402083239928E-91));
#1877=DIRECTION('center_axis',(0.,0.,1.));
#1878=DIRECTION('ref_axis',(-1.,0.,0.));
#1879=DIRECTION('center_axis',(0.,-4.90909346529772E-91,1.));
#1880=DIRECTION('ref_axis',(0.845154254728516,0.53452248382485,2.62402083239928E-91));
#1881=DIRECTION('',(-6.33207048265298E-17,-1.,0.));
#1882=DIRECTION('center_axis',(0.,0.,-1.));
#1883=DIRECTION('ref_axis',(0.845154254728516,-0.53452248382485,0.));
#1884=DIRECTION('center_axis',(0.,0.,-1.));
#1885=DIRECTION('ref_axis',(0.845154254728516,-0.53452248382485,0.));
#1886=DIRECTION('',(0.,0.,-1.));
#1887=DIRECTION('center_axis',(0.,0.,-1.));
#1888=DIRECTION('ref_axis',(-1.,0.,0.));
#1889=DIRECTION('center_axis',(0.,0.,1.));
#1890=DIRECTION('ref_axis',(-1.,0.,0.));
#1891=DIRECTION('',(0.,0.,1.));
#1892=DIRECTION('center_axis',(0.,0.,-1.));
#1893=DIRECTION('ref_axis',(0.845154254728516,0.53452248382485,0.));
#1894=DIRECTION('center_axis',(0.,0.,-1.));
#1895=DIRECTION('ref_axis',(0.845154254728516,0.53452248382485,0.));
#1896=DIRECTION('',(0.,0.,-1.));
#1897=DIRECTION('center_axis',(0.,1.,0.));
#1898=DIRECTION('ref_axis',(0.,0.,1.));
#1899=DIRECTION('',(0.,0.,-1.));
#1900=DIRECTION('',(1.,0.,0.));
#1901=DIRECTION('',(0.,0.,1.));
#1902=DIRECTION('center_axis',(0.,0.707106781186548,-0.707106781186547));
#1903=DIRECTION('ref_axis',(-1.,0.,0.));
#1904=DIRECTION('',(0.,-0.707106781186547,-0.707106781186548));
#1905=DIRECTION('',(-1.,0.,0.));
#1906=DIRECTION('',(0.,0.707106781186547,0.707106781186548));
#1907=DIRECTION('center_axis',(-1.,0.,0.));
#1908=DIRECTION('ref_axis',(0.,-1.,0.));
#1909=DIRECTION('',(0.,1.,0.));
#1910=DIRECTION('',(0.,0.,-1.));
#1911=DIRECTION('',(0.,1.,0.));
#1912=DIRECTION('center_axis',(0.,0.,1.));
#1913=DIRECTION('ref_axis',(-1.,0.,0.));
#1914=DIRECTION('',(0.,-1.,0.));
#1915=DIRECTION('',(0.607750846998188,-0.794127765522013,0.));
#1916=DIRECTION('center_axis',(0.,0.,1.));
#1917=DIRECTION('ref_axis',(-0.890761866966704,-0.454470347061271,0.));
#1918=DIRECTION('',(0.707106781186548,0.707106781186547,0.));
#1919=DIRECTION('center_axis',(0.,0.,1.));
#1920=DIRECTION('ref_axis',(-0.890761866966704,-0.454470347061271,0.));
#1921=DIRECTION('',(1.,0.,0.));
#1922=DIRECTION('center_axis',(0.,0.,1.));
#1923=DIRECTION('ref_axis',(-0.890761866966704,-0.454470347061271,0.));
#1924=DIRECTION('',(0.707106781186548,-0.707106781186547,0.));
#1925=DIRECTION('',(-0.607750846998188,0.794127765522013,0.));
#1926=DIRECTION('center_axis',(0.,0.,1.));
#1927=DIRECTION('ref_axis',(-0.947134564230979,-0.320836589620002,0.));
#1928=DIRECTION('center_axis',(0.,0.,-1.));
#1929=DIRECTION('ref_axis',(-1.,0.,0.));
#1930=DIRECTION('center_axis',(0.,0.,-1.));
#1931=DIRECTION('ref_axis',(-1.,0.,0.));
#1932=DIRECTION('',(0.866025440475473,-0.499999936449259,0.));
#1933=DIRECTION('',(0.866025367093398,0.500000063550741,0.));
#1934=DIRECTION('',(7.338207468568E-8,-0.999999999999997,0.));
#1935=DIRECTION('',(0.866025440475475,-0.499999936449256,0.));
#1936=DIRECTION('',(0.866025367093399,0.500000063550739,0.));
#1937=DIRECTION('',(-7.33820753724525E-8,0.999999999999997,0.));
#1938=DIRECTION('center_axis',(0.,0.,1.));
#1939=DIRECTION('ref_axis',(-0.890761866966704,-0.454470347061271,0.));
#1940=DIRECTION('',(0.,0.,1.));
#1941=DIRECTION('center_axis',(0.,0.,1.));
#1942=DIRECTION('ref_axis',(-0.890761866966704,-0.454470347061271,0.));
#1943=DIRECTION('',(0.,0.,1.));
#1944=DIRECTION('center_axis',(0.,-1.,0.));
#1945=DIRECTION('ref_axis',(1.,0.,0.));
#1946=DIRECTION('',(0.,0.,1.));
#1947=DIRECTION('',(1.,0.,0.));
#1948=DIRECTION('center_axis',(0.,0.,1.));
#1949=DIRECTION('ref_axis',(-0.890761866966704,-0.454470347061271,0.));
#1950=DIRECTION('',(0.,0.,1.));
#1951=DIRECTION('center_axis',(0.,0.,1.));
#1952=DIRECTION('ref_axis',(-0.890761866966704,-0.454470347061271,0.));
#1953=DIRECTION('center_axis',(0.707106781186547,-0.707106781186548,0.));
#1954=DIRECTION('ref_axis',(0.707106781186548,0.707106781186547,0.));
#1955=DIRECTION('',(0.,0.,1.));
#1956=DIRECTION('',(0.707106781186548,0.707106781186547,0.));
#1957=DIRECTION('center_axis',(0.,0.,1.));
#1958=DIRECTION('ref_axis',(0.997346454743105,0.0728014368770264,0.));
#1959=DIRECTION('',(0.,0.,-1.));
#1960=DIRECTION('center_axis',(0.,0.,1.));
#1961=DIRECTION('ref_axis',(-0.890761866966704,-0.454470347061271,0.));
#1962=DIRECTION('center_axis',(0.,0.,1.));
#1963=DIRECTION('ref_axis',(-1.,0.,0.));
#1964=DIRECTION('',(0.,0.,1.));
#1965=DIRECTION('center_axis',(0.,0.,-1.));
#1966=DIRECTION('ref_axis',(-1.,0.,0.));
#1967=DIRECTION('center_axis',(0.,0.,1.));
#1968=DIRECTION('ref_axis',(-1.,0.,0.));
#1969=DIRECTION('center_axis',(0.,0.,-1.));
#1970=DIRECTION('ref_axis',(-1.,0.,0.));
#1971=DIRECTION('',(0.,0.,1.));
#1972=DIRECTION('center_axis',(0.,0.,1.));
#1973=DIRECTION('ref_axis',(-1.,0.,0.));
#1974=DIRECTION('center_axis',(-0.707106781186547,-0.707106781186548,0.));
#1975=DIRECTION('ref_axis',(0.707106781186548,-0.707106781186547,0.));
#1976=DIRECTION('',(0.,0.,-1.));
#1977=DIRECTION('',(0.707106781186548,-0.707106781186547,0.));
#1978=DIRECTION('center_axis',(0.,0.,-1.));
#1979=DIRECTION('ref_axis',(1.,0.,0.));
#1980=DIRECTION('',(7.338207468568E-8,-0.999999999999997,0.));
#1981=DIRECTION('',(-0.866025367093398,-0.500000063550741,0.));
#1982=DIRECTION('',(-0.866025440475473,0.499999936449259,0.));
#1983=DIRECTION('',(-7.33820753724525E-8,0.999999999999997,0.));
#1984=DIRECTION('',(0.866025367093399,0.500000063550739,0.));
#1985=DIRECTION('',(0.866025440475475,-0.499999936449256,0.));
#1986=DIRECTION('center_axis',(-0.499999936449256,-0.866025440475475,0.));
#1987=DIRECTION('ref_axis',(0.866025440475475,-0.499999936449256,0.));
#1988=DIRECTION('',(0.,0.,1.));
#1989=DIRECTION('',(0.,0.,1.));
#1990=DIRECTION('center_axis',(0.500000063550739,-0.866025367093399,0.));
#1991=DIRECTION('ref_axis',(0.866025367093399,0.500000063550739,0.));
#1992=DIRECTION('',(0.,0.,1.));
#1993=DIRECTION('center_axis',(0.999999999999997,7.33820753724525E-8,0.));
#1994=DIRECTION('ref_axis',(-7.33820753724525E-8,0.999999999999997,0.));
#1995=DIRECTION('',(0.,0.,1.));
#1996=DIRECTION('center_axis',(0.,0.,-1.));
#1997=DIRECTION('ref_axis',(-0.947134564230979,-0.320836589620002,0.));
#1998=DIRECTION('center_axis',(0.,0.,1.));
#1999=DIRECTION('ref_axis',(-0.947134564230979,-0.320836589620002,0.));
#2000=DIRECTION('',(0.,0.,1.));
#2001=DIRECTION('center_axis',(0.794127765522013,0.607750846998188,0.));
#2002=DIRECTION('ref_axis',(0.607750846998188,-0.794127765522013,0.));
#2003=DIRECTION('',(0.607750846998188,-0.794127765522013,0.));
#2004=DIRECTION('center_axis',(-0.794127765522013,-0.607750846998188,0.));
#2005=DIRECTION('ref_axis',(-0.607750846998188,0.794127765522013,0.));
#2006=DIRECTION('',(0.,0.,-1.));
#2007=DIRECTION('',(-0.607750846998188,0.794127765522013,0.));
#2008=DIRECTION('center_axis',(0.,0.,1.));
#2009=DIRECTION('ref_axis',(-1.,0.,0.));
#2010=DIRECTION('',(6.33207048265298E-17,1.,0.));
#2011=DIRECTION('',(-0.866025403784438,0.500000000000001,0.));
#2012=DIRECTION('',(6.8677238799413E-16,1.,0.));
#2013=DIRECTION('',(0.866025403784439,0.499999999999999,0.));
#2014=DIRECTION('',(0.866025403784438,-0.500000000000001,0.));
#2015=DIRECTION('',(-8.58465484992663E-16,-1.,0.));
#2016=DIRECTION('',(-0.866025403784439,-0.499999999999999,0.));
#2017=DIRECTION('center_axis',(0.,0.,1.));
#2018=DIRECTION('ref_axis',(-1.,0.,0.));
#2019=DIRECTION('center_axis',(0.,0.,1.));
#2020=DIRECTION('ref_axis',(-1.,0.,0.));
#2021=DIRECTION('',(6.8677238799413E-16,1.,0.));
#2022=DIRECTION('',(-0.866025403784438,0.500000000000001,0.));
#2023=DIRECTION('center_axis',(-1.,6.8677238799413E-16,0.));
#2024=DIRECTION('ref_axis',(6.8677238799413E-16,1.,0.));
#2025=DIRECTION('',(0.,0.,-1.));
#2026=DIRECTION('',(6.8677238799413E-16,1.,0.));
#2027=DIRECTION('',(0.,0.,-1.));
#2028=DIRECTION('center_axis',(-0.499999999999999,0.866025403784439,0.));
#2029=DIRECTION('ref_axis',(0.866025403784439,0.499999999999999,0.));
#2030=DIRECTION('',(0.866025403784439,0.499999999999999,0.));
#2031=DIRECTION('',(0.866025403784439,0.499999999999999,0.));
#2032=DIRECTION('',(0.,0.,-1.));
#2033=DIRECTION('center_axis',(0.500000000000001,0.866025403784438,0.));
#2034=DIRECTION('ref_axis',(0.866025403784438,-0.500000000000001,0.));
#2035=DIRECTION('',(0.866025403784438,-0.500000000000001,0.));
#2036=DIRECTION('',(0.866025403784438,-0.500000000000001,0.));
#2037=DIRECTION('',(0.,0.,-1.));
#2038=DIRECTION('center_axis',(1.,-8.58465484992663E-16,0.));
#2039=DIRECTION('ref_axis',(-8.58465484992663E-16,-1.,0.));
#2040=DIRECTION('',(-8.58465484992663E-16,-1.,0.));
#2041=DIRECTION('',(-8.58465484992663E-16,-1.,0.));
#2042=DIRECTION('',(0.,0.,-1.));
#2043=DIRECTION('center_axis',(0.499999999999999,-0.866025403784439,0.));
#2044=DIRECTION('ref_axis',(-0.866025403784439,-0.499999999999999,0.));
#2045=DIRECTION('',(-0.866025403784439,-0.499999999999999,0.));
#2046=DIRECTION('',(-0.866025403784439,-0.499999999999999,0.));
#2047=DIRECTION('',(0.,0.,-1.));
#2048=DIRECTION('center_axis',(-0.500000000000001,-0.866025403784438,0.));
#2049=DIRECTION('ref_axis',(-0.866025403784438,0.500000000000001,0.));
#2050=DIRECTION('',(-0.866025403784438,0.500000000000001,0.));
#2051=DIRECTION('center_axis',(0.,0.,1.));
#2052=DIRECTION('ref_axis',(-1.,0.,0.));
#2053=DIRECTION('',(0.,0.,1.));
#2054=DIRECTION('center_axis',(0.,0.,-1.));
#2055=DIRECTION('ref_axis',(-1.,0.,0.));
#2056=DIRECTION('center_axis',(0.,0.,1.));
#2057=DIRECTION('ref_axis',(-1.,0.,0.));
#2058=DIRECTION('center_axis',(0.,0.,1.));
#2059=DIRECTION('ref_axis',(-1.,0.,0.));
#2060=DIRECTION('center_axis',(0.,0.,1.));
#2061=DIRECTION('ref_axis',(-1.,0.,0.));
#2062=DIRECTION('center_axis',(0.,0.,1.));
#2063=DIRECTION('ref_axis',(-1.,0.,0.));
#2064=DIRECTION('center_axis',(0.,0.,1.));
#2065=DIRECTION('ref_axis',(-1.,0.,0.));
#2066=DIRECTION('center_axis',(0.,0.,1.));
#2067=DIRECTION('ref_axis',(-1.,0.,0.));
#2068=DIRECTION('center_axis',(0.,0.,1.));
#2069=DIRECTION('ref_axis',(-1.,0.,0.));
#2070=DIRECTION('center_axis',(0.,0.,1.));
#2071=DIRECTION('ref_axis',(-1.,0.,0.));
#2072=DIRECTION('center_axis',(0.,0.,1.));
#2073=DIRECTION('ref_axis',(-1.,0.,0.));
#2074=DIRECTION('center_axis',(0.,0.,1.));
#2075=DIRECTION('ref_axis',(-1.,0.,0.));
#2076=DIRECTION('center_axis',(0.,0.,1.));
#2077=DIRECTION('ref_axis',(-1.,0.,0.));
#2078=DIRECTION('',(0.707106781186547,8.65956056235493E-17,0.707106781186548));
#2079=DIRECTION('center_axis',(0.499999936449259,0.866025440475473,0.));
#2080=DIRECTION('ref_axis',(-0.866025440475473,0.499999936449259,0.));
#2081=DIRECTION('',(0.,0.,1.));
#2082=DIRECTION('center_axis',(-0.500000063550741,0.866025367093398,0.));
#2083=DIRECTION('ref_axis',(-0.866025367093398,-0.500000063550741,0.));
#2084=DIRECTION('',(0.,0.,1.));
#2085=DIRECTION('center_axis',(-0.999999999999997,-7.338207468568E-8,0.));
#2086=DIRECTION('ref_axis',(7.338207468568E-8,-0.999999999999997,0.));
#2087=DIRECTION('center_axis',(1.,0.,0.));
#2088=DIRECTION('ref_axis',(0.,1.,0.));
#2089=CARTESIAN_POINT('',(0.,0.,0.));
#2090=CARTESIAN_POINT('Origin',(-7.00000005587936,72.9500000000002,5.69999977648105));
#2091=CARTESIAN_POINT('',(-3.50000007450581,73.4500000000002,5.19999977648105));
#2092=CARTESIAN_POINT('',(-3.50000007450581,72.4500000000002,6.19999977648105));
#2093=CARTESIAN_POINT('',(-3.50000007450581,78.7371035436053,-0.0871037671240116));
#2094=CARTESIAN_POINT('',(-11.5000000745058,72.4500000000002,6.19999977648105));
#2095=CARTESIAN_POINT('',(-7.00000005587936,72.4500000000002,6.19999977648105));
#2096=CARTESIAN_POINT('',(-11.5000000745058,73.4500000000002,5.19999977648105));
#2097=CARTESIAN_POINT('',(-11.5000000745058,63.8874419445121,14.7625578319692));
#2098=CARTESIAN_POINT('',(-7.00000005587936,73.4500000000002,5.19999977648105));
#2099=CARTESIAN_POINT('Origin',(-2.5000000372529,97.2001161109765,5.19999977648105));
#2100=CARTESIAN_POINT('',(-11.5000000745058,97.7068988756388,5.19999977648105));
#2101=CARTESIAN_POINT('',(-11.5000000745058,92.8001741664646,5.19999977648105));
#2102=CARTESIAN_POINT('',(-10.4706389021159,100.74565311063,5.19999977648105));
#2103=CARTESIAN_POINT('Origin',(-6.50000007450581,97.7068988756388,5.19999977648105));
#2104=CARTESIAN_POINT('',(-4.65419956704331,108.345800432957,5.19999977648105));
#2105=CARTESIAN_POINT('',(-10.3542114557461,100.897784972375,5.19999977648105));
#2106=CARTESIAN_POINT('',(-2.4299408282437,110.570059171757,5.19999977648105));
#2107=CARTESIAN_POINT('',(-6.75988445647128,106.240115543529,5.19999977648105));
#2108=CARTESIAN_POINT('',(-1.40079594403199,111.,5.19999977648105));
#2109=CARTESIAN_POINT('Origin',(6.84524454960943E-60,106.200232221953,5.19999977648105));
#2110=CARTESIAN_POINT('',(1.40079594403199,111.,5.19999977648105));
#2111=CARTESIAN_POINT('',(-1.95039799064245,111.,5.19999977648105));
#2112=CARTESIAN_POINT('',(2.4299408282437,110.570059171757,5.19999977648105));
#2113=CARTESIAN_POINT('Origin',(6.84524454960943E-60,106.200232221953,5.19999977648105));
#2114=CARTESIAN_POINT('',(4.3698269498041,108.630173050196,5.19999977648105));
#2115=CARTESIAN_POINT('',(4.53994137706463,108.460058622936,5.19999977648105));
#2116=CARTESIAN_POINT('',(3.97063882761006,103.161477986962,5.19999977648105));
#2117=CARTESIAN_POINT('Origin',(6.84524454960943E-60,106.200232221953,5.19999977648105));
#2118=CARTESIAN_POINT('',(-3.50000007450581,93.3998432518368,5.19999977648105));
#2119=CARTESIAN_POINT('',(1.33706623672688,99.720276502393,5.19999977648105));
#2120=CARTESIAN_POINT('',(-3.50000007450581,88.4002322219527,5.19999977648105));
#2121=CARTESIAN_POINT('',(-7.5000000745058,85.1670707144908,5.19999977648105));
#2122=CARTESIAN_POINT('',(-10.3000000745058,86.7836514682217,5.19999977648105));
#2123=CARTESIAN_POINT('',(-9.63023081009797,86.3969600031209,5.19999977648105));
#2124=CARTESIAN_POINT('',(-4.70000007450581,86.7836514682217,5.19999977648105));
#2125=CARTESIAN_POINT('',(-3.01976931097397,87.7537331518475,5.19999977648105));
#2126=CARTESIAN_POINT('',(-4.7000000745058,90.0168129756836,5.19999977648105));
#2127=CARTESIAN_POINT('',(-4.7000000745058,91.9918837895991,5.19999977648105));
#2128=CARTESIAN_POINT('',(-7.50000007450581,91.6333937294146,5.19999977648105));
#2129=CARTESIAN_POINT('',(-5.43023081009796,90.4384118874483,5.19999977648105));
#2130=CARTESIAN_POINT('',(-10.3000000745058,90.0168129756836,5.19999977648105));
#2131=CARTESIAN_POINT('',(-4.41976931097397,93.4117657899059,5.19999977648105));
#2132=CARTESIAN_POINT('',(-10.3000000745058,93.6084645433301,5.19999977648105));
#2133=CARTESIAN_POINT('',(-5.90000007450581,96.4002322219527,5.19999977648105));
#2134=CARTESIAN_POINT('Origin',(-7.50000007450581,96.4002322219527,5.19999977648105));
#2135=CARTESIAN_POINT('',(1.6,106.200232221953,5.19999977648105));
#2136=CARTESIAN_POINT('Origin',(6.84524454960943E-60,106.200232221953,5.19999977648105));
#2137=CARTESIAN_POINT('Origin',(-11.5000000745058,72.4500000000002,11.599999776481));
#2138=CARTESIAN_POINT('',(-11.5000000745058,72.4500000000002,11.599999776481));
#2139=CARTESIAN_POINT('',(-3.50000007450581,72.4500000000002,11.599999776481));
#2140=CARTESIAN_POINT('',(-9.50000007450581,72.4500000000002,11.599999776481));
#2141=CARTESIAN_POINT('',(-11.5000000745058,72.4500000000002,8.19999977648105));
#2142=CARTESIAN_POINT('',(-3.50000007450581,72.4500000000002,8.19999977648105));
#2143=CARTESIAN_POINT('Origin',(6.84524454960943E-60,106.200232221953,4.79999977648105));
#2144=CARTESIAN_POINT('',(-2.4299408282437,110.570059171757,14.799999776481));
#2145=CARTESIAN_POINT('',(-2.4299408282437,110.570059171757,4.79999977648105));
#2146=CARTESIAN_POINT('',(-1.40079594403199,111.,14.799999776481));
#2147=CARTESIAN_POINT('Origin',(6.84524454960943E-60,106.200232221953,14.799999776481));
#2148=CARTESIAN_POINT('',(-1.40079594403199,111.,4.79999977648105));
#2149=CARTESIAN_POINT('Origin',(-1.40079594403199,111.,4.79999977648105));
#2150=CARTESIAN_POINT('',(1.40079594403199,111.,14.799999776481));
#2151=CARTESIAN_POINT('',(-2.00000000000026,111.,14.799999776481));
#2152=CARTESIAN_POINT('',(1.40079594403199,111.,4.79999977648105));
#2153=CARTESIAN_POINT('Origin',(6.84524454960943E-60,106.200232221953,4.79999977648105));
#2154=CARTESIAN_POINT('',(2.4299408282437,110.570059171757,14.799999776481));
#2155=CARTESIAN_POINT('Origin',(6.84524454960943E-60,106.200232221953,14.799999776481));
#2156=CARTESIAN_POINT('',(2.4299408282437,110.570059171757,4.79999977648105));
#2157=CARTESIAN_POINT('Origin',(2.4299408282437,110.570059171757,4.79999977648105));
#2158=CARTESIAN_POINT('',(4.3698269498041,108.630173050196,14.799999776481));
#2159=CARTESIAN_POINT('',(2.00000000000026,111.,14.799999776481));
#2160=CARTESIAN_POINT('',(4.3698269498041,108.630173050196,4.79999977648105));
#2161=CARTESIAN_POINT('Origin',(6.84524454960943E-60,106.200232221953,4.79999977648105));
#2162=CARTESIAN_POINT('',(3.97063882761006,103.161477986962,14.799999776481));
#2163=CARTESIAN_POINT('Origin',(6.84524454960943E-60,106.200232221953,14.799999776481));
#2164=CARTESIAN_POINT('',(3.97063882761006,103.161477986962,14.799999776481));
#2165=CARTESIAN_POINT('Origin',(6.84524454960943E-60,106.200232221953,4.79999977648105));
#2166=CARTESIAN_POINT('',(1.6,106.200232221953,14.799999776481));
#2167=CARTESIAN_POINT('Origin',(6.84524454960943E-60,106.200232221953,14.799999776481));
#2168=CARTESIAN_POINT('',(1.6,106.200232221953,4.79999977648105));
#2169=CARTESIAN_POINT('Origin',(-7.50000007450581,88.4002322219527,4.79999977648105));
#2170=CARTESIAN_POINT('',(-5.90000007450581,88.4002322219527,14.799999776481));
#2171=CARTESIAN_POINT('Origin',(-7.50000007450581,88.4002322219527,14.799999776481));
#2172=CARTESIAN_POINT('',(-5.90000007450581,88.4002322219527,8.19999977648105));
#2173=CARTESIAN_POINT('',(-5.90000007450581,88.4002322219527,4.79999977648105));
#2174=CARTESIAN_POINT('Origin',(-7.50000007450581,88.4002322219527,8.19999977648105));
#2175=CARTESIAN_POINT('Origin',(-4.3698269498041,108.630173050196,4.79999977648105));
#2176=CARTESIAN_POINT('',(-4.65419956704331,108.345800432957,14.799999776481));
#2177=CARTESIAN_POINT('',(-4.65419956704331,108.345800432957,9.79999977648105));
#2178=CARTESIAN_POINT('',(-9.99999999999973,103.000000000001,14.799999776481));
#2179=CARTESIAN_POINT('Origin',(-7.50000007450581,88.4002322219527,8.19999977648105));
#2180=CARTESIAN_POINT('',(-4.70000007450581,86.7836514682217,8.19999977648105));
#2181=CARTESIAN_POINT('',(-4.7000000745058,90.0168129756836,8.19999977648105));
#2182=CARTESIAN_POINT('',(-4.7000000745058,90.0168129756836,8.19999977648105));
#2183=CARTESIAN_POINT('',(-7.50000007450581,85.1670707144908,8.19999977648105));
#2184=CARTESIAN_POINT('',(-4.70000007450581,86.7836514682217,8.19999977648105));
#2185=CARTESIAN_POINT('',(-10.3000000745058,86.7836514682217,8.19999977648105));
#2186=CARTESIAN_POINT('',(-7.50000007450581,85.1670707144908,8.19999977648105));
#2187=CARTESIAN_POINT('',(-10.3000000745058,90.0168129756836,8.19999977648105));
#2188=CARTESIAN_POINT('',(-10.3000000745058,86.7836514682217,8.19999977648105));
#2189=CARTESIAN_POINT('',(-7.50000007450581,91.6333937294146,8.19999977648105));
#2190=CARTESIAN_POINT('',(-10.3000000745058,90.0168129756836,8.19999977648105));
#2191=CARTESIAN_POINT('',(-7.50000007450581,91.6333937294146,8.19999977648105));
#2192=CARTESIAN_POINT('Origin',(-4.7000000745058,90.0168129756836,5.19999977648105));
#2193=CARTESIAN_POINT('',(-4.7000000745058,90.0168129756836,5.19999977648105));
#2194=CARTESIAN_POINT('',(-7.50000007450581,91.6333937294146,5.19999977648105));
#2195=CARTESIAN_POINT('Origin',(-7.50000007450581,91.6333937294146,5.19999977648105));
#2196=CARTESIAN_POINT('',(-10.3000000745058,90.0168129756836,5.19999977648105));
#2197=CARTESIAN_POINT('Origin',(3.97063882761006,103.161477986962,14.799999776481));
#2198=CARTESIAN_POINT('',(-3.50000007450581,93.3998432518368,14.799999776481));
#2199=CARTESIAN_POINT('',(-3.50000007450581,93.3998432518368,9.79999977648105));
#2200=CARTESIAN_POINT('',(1.33706623672688,99.720276502393,14.799999776481));
#2201=CARTESIAN_POINT('Origin',(-11.4706389021159,99.4389864569436,14.799999776481));
#2202=CARTESIAN_POINT('',(-10.4706389021159,100.74565311063,14.799999776481));
#2203=CARTESIAN_POINT('',(-10.3542114557461,100.897784972375,14.799999776481));
#2204=CARTESIAN_POINT('',(-10.4706389021159,100.74565311063,9.79999977648105));
#2205=CARTESIAN_POINT('Origin',(-6.50000007450581,97.7068988756388,9.79999977648105));
#2206=CARTESIAN_POINT('',(-11.5000000745058,97.7068988756388,14.799999776481));
#2207=CARTESIAN_POINT('Origin',(-6.50000007450581,97.7068988756388,14.799999776481));
#2208=CARTESIAN_POINT('',(-11.5000000745058,97.7068988756388,9.79999977648105));
#2209=CARTESIAN_POINT('Origin',(-7.50000007450581,96.4002322219527,12.399999776481));
#2210=CARTESIAN_POINT('',(-10.3000000745058,95.3231992605258,12.399999776481));
#2211=CARTESIAN_POINT('',(-9.83273797981468,94.5138775720697,12.399999776481));
#2212=CARTESIAN_POINT('Origin',(-7.50000007450581,96.4002322219527,12.399999776481));
#2213=CARTESIAN_POINT('',(-10.3000000745058,94.7836514682217,12.399999776481));
#2214=CARTESIAN_POINT('',(-10.3000000745058,98.0168129756836,12.399999776481));
#2215=CARTESIAN_POINT('',(-10.3000000745058,94.7836514682217,12.399999776481));
#2216=CARTESIAN_POINT('Origin',(-10.3000000745058,94.7836514682217,14.799999776481));
#2217=CARTESIAN_POINT('',(-10.3000000745058,94.7836514682217,14.799999776481));
#2218=CARTESIAN_POINT('',(-10.3000000745058,98.0168129756836,14.799999776481));
#2219=CARTESIAN_POINT('',(-10.3000000745058,60.8917676786229,14.799999776481));
#2220=CARTESIAN_POINT('',(-10.3000000745058,94.7836514682217,14.799999776481));
#2221=CARTESIAN_POINT('',(-10.3000000745058,97.4772651833796,12.399999776481));
#2222=CARTESIAN_POINT('Ctrl Pts',(-10.3000000745058,95.3231992605207,12.3999997764829));
#2223=CARTESIAN_POINT('Ctrl Pts',(-10.3000000745058,96.4002322219527,12.0133331098128));
#2224=CARTESIAN_POINT('Ctrl Pts',(-10.3000000745058,97.4772651833847,12.3999997764829));
#2225=CARTESIAN_POINT('',(-10.3000000745058,98.0168129756836,12.399999776481));
#2226=CARTESIAN_POINT('',(-10.3000000745058,98.0168129756836,12.399999776481));
#2227=CARTESIAN_POINT('',(-10.3000000745058,98.0168129756836,14.799999776481));
#2228=CARTESIAN_POINT('Origin',(-10.3000000745058,98.0168129756836,14.799999776481));
#2229=CARTESIAN_POINT('',(-7.50000007450581,99.6333937294146,14.799999776481));
#2230=CARTESIAN_POINT('',(-22.7506162324873,90.8284463852963,14.799999776481));
#2231=CARTESIAN_POINT('',(-9.83273797981468,98.2865868718357,12.399999776481));
#2232=CARTESIAN_POINT('',(-7.50000007450581,99.6333937294146,12.399999776481));
#2233=CARTESIAN_POINT('',(-7.96726216919693,99.3636198332626,12.399999776481));
#2234=CARTESIAN_POINT('Ctrl Pts',(-9.8327379798191,98.2865868718331,12.3999997764829));
#2235=CARTESIAN_POINT('Ctrl Pts',(-8.90000007450581,98.8251033525491,12.0133331098128));
#2236=CARTESIAN_POINT('Ctrl Pts',(-7.96726216919252,99.3636198332651,12.3999997764829));
#2237=CARTESIAN_POINT('',(-7.50000007450581,99.6333937294146,12.399999776481));
#2238=CARTESIAN_POINT('',(-7.50000007450581,99.6333937294146,12.399999776481));
#2239=CARTESIAN_POINT('',(-7.50000007450581,99.6333937294146,14.799999776481));
#2240=CARTESIAN_POINT('Origin',(-7.50000007450581,99.6333937294146,14.799999776481));
#2241=CARTESIAN_POINT('',(-4.7000000745058,98.0168129756836,14.799999776481));
#2242=CARTESIAN_POINT('',(10.1006161114154,89.4716732365698,14.799999776481));
#2243=CARTESIAN_POINT('',(-7.03273797981467,99.3636198332626,12.399999776481));
#2244=CARTESIAN_POINT('',(-4.7000000745058,98.0168129756836,12.399999776481));
#2245=CARTESIAN_POINT('',(-5.16726216919694,98.2865868718357,12.399999776481));
#2246=CARTESIAN_POINT('Ctrl Pts',(-7.03273797981907,99.3636198332651,12.3999997764829));
#2247=CARTESIAN_POINT('Ctrl Pts',(-6.1000000745058,98.8251033525491,12.0133331098128));
#2248=CARTESIAN_POINT('Ctrl Pts',(-5.16726216919254,98.2865868718332,12.3999997764829));
#2249=CARTESIAN_POINT('',(-4.7000000745058,98.0168129756836,12.399999776481));
#2250=CARTESIAN_POINT('',(-4.7000000745058,98.0168129756836,12.399999776481));
#2251=CARTESIAN_POINT('',(-4.7000000745058,98.0168129756836,14.799999776481));
#2252=CARTESIAN_POINT('Origin',(-4.7000000745058,98.0168129756836,14.799999776481));
#2253=CARTESIAN_POINT('',(-4.7000000745058,94.7836514682217,14.799999776481));
#2254=CARTESIAN_POINT('',(-4.7000000745058,62.5083484323538,14.799999776481));
#2255=CARTESIAN_POINT('',(-4.7000000745058,97.4772651833796,12.399999776481));
#2256=CARTESIAN_POINT('',(-4.7000000745058,94.7836514682217,12.399999776481));
#2257=CARTESIAN_POINT('',(-4.7000000745058,96.4002322219527,12.1999997764811));
#2258=CARTESIAN_POINT('Ctrl Pts',(-4.7000000745058,97.4772651833974,12.3999997764875));
#2259=CARTESIAN_POINT('Ctrl Pts',(-4.7000000745058,96.9201791688565,12.1999997764811));
#2260=CARTESIAN_POINT('Ctrl Pts',(-4.7000000745058,96.4002322219527,12.1999997764811));
#2261=CARTESIAN_POINT('',(-4.7000000745058,95.3231992605258,12.399999776481));
#2262=CARTESIAN_POINT('Ctrl Pts',(-4.7000000745058,96.4002322219527,12.1999997764811));
#2263=CARTESIAN_POINT('Ctrl Pts',(-4.7000000745058,95.8802852750489,12.1999997764811));
#2264=CARTESIAN_POINT('Ctrl Pts',(-4.7000000745058,95.323199260508,12.3999997764875));
#2265=CARTESIAN_POINT('',(-4.7000000745058,94.7836514682217,12.399999776481));
#2266=CARTESIAN_POINT('',(-4.7000000745058,94.7836514682217,12.399999776481));
#2267=CARTESIAN_POINT('',(-4.7000000745058,94.7836514682217,14.799999776481));
#2268=CARTESIAN_POINT('Origin',(-4.7000000745058,94.7836514682217,14.799999776481));
#2269=CARTESIAN_POINT('',(-7.50000007450581,93.1670707144908,14.799999776481));
#2270=CARTESIAN_POINT('',(-18.5506162324873,86.7869945009689,14.799999776481));
#2271=CARTESIAN_POINT('',(-5.16726216919693,94.5138775720697,12.399999776481));
#2272=CARTESIAN_POINT('',(-7.50000007450581,93.1670707144908,12.399999776481));
#2273=CARTESIAN_POINT('',(-7.03273797981469,93.4368446106428,12.399999776481));
#2274=CARTESIAN_POINT('Ctrl Pts',(-5.16726216919251,94.5138775720722,12.3999997764829));
#2275=CARTESIAN_POINT('Ctrl Pts',(-6.1000000745058,93.9753610913562,12.0133331098128));
#2276=CARTESIAN_POINT('Ctrl Pts',(-7.0327379798191,93.4368446106403,12.3999997764829));
#2277=CARTESIAN_POINT('',(-7.50000007450581,93.1670707144908,12.399999776481));
#2278=CARTESIAN_POINT('',(-7.50000007450581,93.1670707144908,12.399999776481));
#2279=CARTESIAN_POINT('',(-7.50000007450581,93.1670707144908,14.799999776481));
#2280=CARTESIAN_POINT('Origin',(-7.50000007450581,93.1670707144908,14.799999776481));
#2281=CARTESIAN_POINT('',(8.70061611141536,83.8136405985114,14.799999776481));
#2282=CARTESIAN_POINT('',(-7.96726216919694,93.4368446106428,12.399999776481));
#2283=CARTESIAN_POINT('',(-10.3000000745058,94.7836514682217,12.399999776481));
#2284=CARTESIAN_POINT('Ctrl Pts',(-7.96726216919254,93.4368446106403,12.3999997764829));
#2285=CARTESIAN_POINT('Ctrl Pts',(-8.90000007450581,93.9753610913563,12.0133331098128));
#2286=CARTESIAN_POINT('Ctrl Pts',(-9.83273797981908,94.5138775720722,12.3999997764829));
#2287=CARTESIAN_POINT('Origin',(-7.50000007450581,96.4002322219527,4.79999977648105));
#2288=CARTESIAN_POINT('',(-5.90000007450581,96.4002322219527,10.999999776481));
#2289=CARTESIAN_POINT('Origin',(-7.50000007450581,96.4002322219527,10.999999776481));
#2290=CARTESIAN_POINT('',(-5.90000007450581,96.4002322219527,4.79999977648105));
#2291=CARTESIAN_POINT('Origin',(-7.50000007450581,96.4002322219527,12.399999776481));
#2292=CARTESIAN_POINT('Origin',(-7.50000007450581,96.4002322219527,12.399999776481));
#2293=CARTESIAN_POINT('Origin',(-7.50000007450581,96.4002322219527,12.399999776481));
#2294=CARTESIAN_POINT('Origin',(-7.50000007450581,96.4002322219527,12.399999776481));
#2295=CARTESIAN_POINT('Origin',(-7.50000007450581,96.4002322219527,12.399999776481));
#2296=CARTESIAN_POINT('Origin',(-7.50000007450581,96.4002322219527,12.399999776481));
#2297=CARTESIAN_POINT('Origin',(-7.50000007450581,96.4002322219527,12.399999776481));
#2298=CARTESIAN_POINT('Origin',(-7.50000007450581,96.4002322219527,12.399999776481));
#2299=CARTESIAN_POINT('Origin',(-7.50000007450581,96.4002322219527,12.399999776481));
#2300=CARTESIAN_POINT('Origin',(-7.50000007450581,96.4002322219527,12.399999776481));
#2301=CARTESIAN_POINT('Origin',(-7.50000007450581,96.4002322219527,11.6999997764811));
#2302=CARTESIAN_POINT('',(-5.20000007450581,96.4002322219527,11.6999997764811));
#2303=CARTESIAN_POINT('Origin',(-10.3000000745058,90.0168129756836,5.19999977648105));
#2304=CARTESIAN_POINT('',(-10.3000000745058,86.7836514682217,5.19999977648105));
#2305=CARTESIAN_POINT('Origin',(-10.3000000745058,86.7836514682217,5.19999977648105));
#2306=CARTESIAN_POINT('',(-7.50000007450581,85.1670707144908,5.19999977648105));
#2307=CARTESIAN_POINT('Origin',(-7.50000007450581,85.1670707144908,5.19999977648105));
#2308=CARTESIAN_POINT('',(-4.70000007450581,86.7836514682217,5.19999977648105));
#2309=CARTESIAN_POINT('Origin',(-4.70000007450581,86.7836514682217,5.19999977648105));
#2310=CARTESIAN_POINT('Origin',(-3.50000007450581,99.1984141744204,4.79999977648105));
#2311=CARTESIAN_POINT('',(-3.50000007450581,72.4247875422894,14.799999776481));
#2312=CARTESIAN_POINT('',(-3.50000007450581,100.199265142698,14.799999776481));
#2313=CARTESIAN_POINT('',(-3.50000007450581,72.4247875422894,11.599999776481));
#2314=CARTESIAN_POINT('',(-3.50000007450581,72.4247875422894,14.799999776481));
#2315=CARTESIAN_POINT('',(-3.50000007450581,39.8002322219527,11.599999776481));
#2316=CARTESIAN_POINT('Origin',(-7.50000007450581,64.1002322219527,11.599999776481));
#2317=CARTESIAN_POINT('',(-11.5000000745058,59.7500000000002,11.599999776481));
#2318=CARTESIAN_POINT('',(-3.50000007450581,59.7500000000002,11.599999776481));
#2319=CARTESIAN_POINT('',(-9.50000007450581,59.7500000000002,11.599999776481));
#2320=CARTESIAN_POINT('',(-11.5000000745058,92.4002322219527,11.599999776481));
#2321=CARTESIAN_POINT('',(-5.21428578879152,69.7142638335737,11.599999776481));
#2322=CARTESIAN_POINT('Origin',(-6.50000007450581,72.4247875422894,11.599999776481));
#2323=CARTESIAN_POINT('',(-5.21428578879152,62.4862006103317,11.599999776481));
#2324=CARTESIAN_POINT('Origin',(-3.50000007450581,66.1002322219527,11.599999776481));
#2325=CARTESIAN_POINT('',(-3.50000007450581,59.7756769016159,11.599999776481));
#2326=CARTESIAN_POINT('Origin',(-6.50000007450581,59.7756769016159,11.599999776481));
#2327=CARTESIAN_POINT('',(-3.50000007450581,39.8002322219527,11.599999776481));
#2328=CARTESIAN_POINT('Origin',(-6.50000007450581,72.4247875422894,14.799999776481));
#2329=CARTESIAN_POINT('',(-5.21428578879152,69.7142638335737,14.799999776481));
#2330=CARTESIAN_POINT('Origin',(-6.50000007450581,72.4247875422894,14.799999776481));
#2331=CARTESIAN_POINT('',(-5.21428578879152,69.7142638335737,14.799999776481));
#2332=CARTESIAN_POINT('Origin',(-3.50000007450581,66.1002322219527,14.799999776481));
#2333=CARTESIAN_POINT('',(-5.21428578879152,62.4862006103317,14.799999776481));
#2334=CARTESIAN_POINT('Origin',(-3.50000007450581,66.1002322219527,14.799999776481));
#2335=CARTESIAN_POINT('',(-5.21428578879152,62.4862006103317,14.799999776481));
#2336=CARTESIAN_POINT('Origin',(-6.50000007450581,59.7756769016159,14.799999776481));
#2337=CARTESIAN_POINT('',(-3.50000007450581,59.7756769016159,14.799999776481));
#2338=CARTESIAN_POINT('Origin',(-6.50000007450581,59.7756769016159,14.799999776481));
#2339=CARTESIAN_POINT('',(-3.50000007450581,59.7756769016159,14.799999776481));
#2340=CARTESIAN_POINT('Origin',(-11.5000000745058,59.7500000000002,5.19999977648105));
#2341=CARTESIAN_POINT('',(-3.50000007450581,59.7500000000002,6.19999977648105));
#2342=CARTESIAN_POINT('',(-3.50000007450581,59.7500000000002,4.99999977648105));
#2343=CARTESIAN_POINT('',(-11.5000000745058,59.7500000000002,6.19999977648105));
#2344=CARTESIAN_POINT('',(-7.00000005587936,59.7500000000002,6.19999977648105));
#2345=CARTESIAN_POINT('',(-11.5000000745058,59.7500000000002,4.99999977648105));
#2346=CARTESIAN_POINT('Origin',(-7.00000005587936,59.2500000000002,5.69999977648105));
#2347=CARTESIAN_POINT('',(-3.50000007450581,58.7500000000002,5.19999977648105));
#2348=CARTESIAN_POINT('',(-3.50000007450581,53.4628964563952,-0.0871037671240105));
#2349=CARTESIAN_POINT('',(-11.5000000745058,58.7500000000002,5.19999977648105));
#2350=CARTESIAN_POINT('',(-7.00000005587936,58.7500000000002,5.19999977648105));
#2351=CARTESIAN_POINT('',(-11.5000000745058,55.1624419445121,1.61244172099293));
#2352=CARTESIAN_POINT('Origin',(-11.5000000745058,43.7997677780478,4.79999977648105));
#2353=CARTESIAN_POINT('',(-11.5000000745058,34.4931011243617,5.19999977648105));
#2354=CARTESIAN_POINT('',(-11.5000000745058,43.7997677780478,5.19999977648105));
#2355=CARTESIAN_POINT('',(-11.5000000745058,34.4931011243617,14.799999776481));
#2356=CARTESIAN_POINT('',(-11.5000000745058,34.4931011243617,9.79999977648105));
#2357=CARTESIAN_POINT('',(-11.5000000745058,35.3998258335359,14.799999776481));
#2358=CARTESIAN_POINT('Origin',(-2.5000000372529,34.999883889024,5.19999977648105));
#2359=CARTESIAN_POINT('',(-3.50000007450581,38.8001567481636,5.19999977648105));
#2360=CARTESIAN_POINT('',(-3.50000007450581,36.000734857302,5.19999977648105));
#2361=CARTESIAN_POINT('',(3.97063882761006,29.0385220130387,5.19999977648105));
#2362=CARTESIAN_POINT('',(1.33706623672688,32.4797234976075,5.19999977648105));
#2363=CARTESIAN_POINT('',(4.3698269498041,23.5698269498041,5.19999977648105));
#2364=CARTESIAN_POINT('Origin',(0.,25.9997677780478,5.19999977648105));
#2365=CARTESIAN_POINT('',(2.4299408282437,21.6299408282437,5.19999977648105));
#2366=CARTESIAN_POINT('',(4.53994137706463,23.7399413770646,5.19999977648105));
#2367=CARTESIAN_POINT('',(1.40079594403199,21.2000000000002,5.19999977648105));
#2368=CARTESIAN_POINT('Origin',(0.,25.9997677780478,5.19999977648105));
#2369=CARTESIAN_POINT('',(-1.40079594403199,21.2000000000002,5.19999977648105));
#2370=CARTESIAN_POINT('',(-1.95039799064245,21.2000000000002,5.19999977648105));
#2371=CARTESIAN_POINT('',(-2.4299408282437,21.6299408282437,5.19999977648105));
#2372=CARTESIAN_POINT('Origin',(0.,25.9997677780478,5.19999977648105));
#2373=CARTESIAN_POINT('',(-4.65419956704331,23.8541995670433,5.19999977648105));
#2374=CARTESIAN_POINT('',(-6.75988445647128,25.9598844564712,5.19999977648105));
#2375=CARTESIAN_POINT('',(-10.4706389021159,31.4543468893707,5.19999977648105));
#2376=CARTESIAN_POINT('',(-10.3542114557461,31.3022150276256,5.19999977648105));
#2377=CARTESIAN_POINT('Origin',(-6.50000007450581,34.4931011243617,5.19999977648105));
#2378=CARTESIAN_POINT('',(-5.90000007450581,35.7997677780478,5.19999977648105));
#2379=CARTESIAN_POINT('Origin',(-7.50000007450581,35.7997677780478,5.19999977648105));
#2380=CARTESIAN_POINT('',(1.6,25.9997677780478,5.19999977648105));
#2381=CARTESIAN_POINT('Origin',(0.,25.9997677780478,5.19999977648105));
#2382=CARTESIAN_POINT('',(-7.50000031176191,47.0329292855097,5.19999977648105));
#2383=CARTESIAN_POINT('',(-4.70000019313386,45.4163487372485,5.19999977648105));
#2384=CARTESIAN_POINT('',(-1.61976946182065,43.6379769967369,5.19999977648105));
#2385=CARTESIAN_POINT('',(-10.3000001931338,45.4163483263089,5.19999977648105));
#2386=CARTESIAN_POINT('',(-8.23023133801233,46.6113301344855,5.19999977648105));
#2387=CARTESIAN_POINT('',(-10.2999999558777,42.183186818847,5.19999977648105));
#2388=CARTESIAN_POINT('',(-10.2999998109429,40.2081158214764,5.19999977648105));
#2389=CARTESIAN_POINT('',(-7.4999998372497,40.5666062705859,5.19999977648105));
#2390=CARTESIAN_POINT('',(-5.81976916525051,39.5965248042049,5.19999977648105));
#2391=CARTESIAN_POINT('',(-4.69999995587776,42.1831872297866,5.19999977648105));
#2392=CARTESIAN_POINT('',(-6.83023092281415,40.9532975991621,5.19999977648105));
#2393=CARTESIAN_POINT('',(-4.6999996923149,38.591535478685,5.19999977648105));
#2394=CARTESIAN_POINT('Origin',(0.,25.9997677780478,4.79999977648105));
#2395=CARTESIAN_POINT('',(-1.40079594403199,21.2000000000002,14.799999776481));
#2396=CARTESIAN_POINT('',(-1.40079594403199,21.2000000000002,4.79999977648105));
#2397=CARTESIAN_POINT('',(-2.4299408282437,21.6299408282437,14.799999776481));
#2398=CARTESIAN_POINT('Origin',(0.,25.9997677780478,14.799999776481));
#2399=CARTESIAN_POINT('',(-2.4299408282437,21.6299408282437,4.79999977648105));
#2400=CARTESIAN_POINT('Origin',(-1.40079594403199,21.2000000000002,4.79999977648105));
#2401=CARTESIAN_POINT('',(1.40079594403199,21.2000000000002,14.799999776481));
#2402=CARTESIAN_POINT('',(1.40079594403199,21.2000000000002,4.79999977648105));
#2403=CARTESIAN_POINT('',(-2.00000000000026,21.2000000000002,14.799999776481));
#2404=CARTESIAN_POINT('Origin',(0.,25.9997677780478,4.79999977648105));
#2405=CARTESIAN_POINT('',(2.4299408282437,21.6299408282437,14.799999776481));
#2406=CARTESIAN_POINT('',(2.4299408282437,21.6299408282437,4.79999977648105));
#2407=CARTESIAN_POINT('Origin',(0.,25.9997677780478,14.799999776481));
#2408=CARTESIAN_POINT('Origin',(2.4299408282437,21.6299408282437,4.79999977648105));
#2409=CARTESIAN_POINT('',(4.3698269498041,23.5698269498041,14.799999776481));
#2410=CARTESIAN_POINT('',(4.3698269498041,23.5698269498041,4.79999977648105));
#2411=CARTESIAN_POINT('',(2.00000000000026,21.2000000000002,14.799999776481));
#2412=CARTESIAN_POINT('Origin',(0.,25.9997677780478,4.79999977648105));
#2413=CARTESIAN_POINT('',(3.97063882761006,29.0385220130387,14.799999776481));
#2414=CARTESIAN_POINT('',(3.97063882761006,29.0385220130387,14.799999776481));
#2415=CARTESIAN_POINT('Origin',(0.,25.9997677780478,14.799999776481));
#2416=CARTESIAN_POINT('Origin',(0.,25.9997677780478,4.79999977648105));
#2417=CARTESIAN_POINT('',(1.6,25.9997677780478,14.799999776481));
#2418=CARTESIAN_POINT('',(1.6,25.9997677780478,4.79999977648105));
#2419=CARTESIAN_POINT('Origin',(0.,25.9997677780478,14.799999776481));
#2420=CARTESIAN_POINT('Origin',(-7.50000007450581,43.7997677780478,4.79999977648105));
#2421=CARTESIAN_POINT('',(-5.90000007450581,43.7997677780478,8.19999977648105));
#2422=CARTESIAN_POINT('Origin',(-7.50000007450581,43.7997677780478,8.19999977648105));
#2423=CARTESIAN_POINT('',(-5.90000007450581,43.7997677780478,14.799999776481));
#2424=CARTESIAN_POINT('',(-5.90000007450581,43.7997677780478,4.79999977648105));
#2425=CARTESIAN_POINT('Origin',(-7.50000007450581,43.7997677780478,14.799999776481));
#2426=CARTESIAN_POINT('Origin',(-4.3698269498041,23.5698269498041,4.79999977648105));
#2427=CARTESIAN_POINT('',(-4.65419956704331,23.8541995670433,14.799999776481));
#2428=CARTESIAN_POINT('',(-4.65419956704331,23.8541995670433,9.79999977648105));
#2429=CARTESIAN_POINT('',(-9.99999999999973,29.1999999999997,14.799999776481));
#2430=CARTESIAN_POINT('Origin',(-7.5000000745058,43.7997677780478,8.19999977648105));
#2431=CARTESIAN_POINT('',(-10.3000001931338,45.4163483263089,8.19999977648105));
#2432=CARTESIAN_POINT('',(-10.2999999558777,42.183186818847,8.19999977648105));
#2433=CARTESIAN_POINT('',(-10.2999999558777,42.183186818847,8.19999977648105));
#2434=CARTESIAN_POINT('',(-7.5000003117619,47.0329292855097,8.19999977648105));
#2435=CARTESIAN_POINT('',(-10.3000001931338,45.4163483263089,8.19999977648105));
#2436=CARTESIAN_POINT('',(-4.70000019313386,45.4163487372485,8.19999977648105));
#2437=CARTESIAN_POINT('',(-7.5000003117619,47.0329292855097,8.19999977648105));
#2438=CARTESIAN_POINT('',(-4.69999995587776,42.1831872297866,8.19999977648105));
#2439=CARTESIAN_POINT('',(-4.70000019313386,45.4163487372485,8.19999977648105));
#2440=CARTESIAN_POINT('',(-7.4999998372497,40.5666062705859,8.19999977648105));
#2441=CARTESIAN_POINT('',(-4.69999995587776,42.1831872297866,8.19999977648105));
#2442=CARTESIAN_POINT('',(-7.4999998372497,40.5666062705859,8.19999977648105));
#2443=CARTESIAN_POINT('Origin',(-10.2999999558777,42.183186818847,5.19999977648105));
#2444=CARTESIAN_POINT('',(-10.2999999558777,42.183186818847,5.19999977648105));
#2445=CARTESIAN_POINT('',(-7.4999998372497,40.5666062705859,5.19999977648105));
#2446=CARTESIAN_POINT('Origin',(-7.4999998372497,40.5666062705859,5.19999977648105));
#2447=CARTESIAN_POINT('',(-4.69999995587776,42.1831872297866,5.19999977648105));
#2448=CARTESIAN_POINT('Origin',(-4.69999995587776,42.1831872297866,5.19999977648105));
#2449=CARTESIAN_POINT('',(-4.70000019313386,45.4163487372485,5.19999977648105));
#2450=CARTESIAN_POINT('Origin',(-6.50000007450581,34.4931011243617,9.79999977648105));
#2451=CARTESIAN_POINT('',(-10.4706389021159,31.4543468893707,14.799999776481));
#2452=CARTESIAN_POINT('Origin',(-6.50000007450581,34.4931011243617,14.799999776481));
#2453=CARTESIAN_POINT('',(-10.4706389021159,31.4543468893707,9.79999977648105));
#2454=CARTESIAN_POINT('Origin',(-11.4706389021159,32.7610135430568,14.799999776481));
#2455=CARTESIAN_POINT('',(-10.3542114557461,31.3022150276256,14.799999776481));
#2456=CARTESIAN_POINT('Origin',(3.97063882761006,29.0385220130387,14.799999776481));
#2457=CARTESIAN_POINT('',(-3.50000007450581,38.8001567481636,14.799999776481));
#2458=CARTESIAN_POINT('',(-3.50000007450581,38.8001567481636,9.79999977648105));
#2459=CARTESIAN_POINT('',(1.33706623672688,32.4797234976075,14.799999776481));
#2460=CARTESIAN_POINT('Origin',(-2.5000000372529,34.999883889024,14.799999776481));
#2461=CARTESIAN_POINT('',(-3.50000007450581,39.8002322219527,14.799999776481));
#2462=CARTESIAN_POINT('',(-7.50000007450581,32.5666062705859,14.799999776481));
#2463=CARTESIAN_POINT('',(-10.3000000745058,34.1831870243168,14.799999776481));
#2464=CARTESIAN_POINT('',(-6.15182011854285,31.7882342100946,14.799999776481));
#2465=CARTESIAN_POINT('',(-10.3000000745058,37.4163485317787,14.799999776481));
#2466=CARTESIAN_POINT('',(-10.3000000745058,34.5915354566704,14.799999776481));
#2467=CARTESIAN_POINT('',(-7.5000000745058,39.0329292855097,14.799999776481));
#2468=CARTESIAN_POINT('',(-7.89818000252908,38.8030399968795,14.799999776481));
#2469=CARTESIAN_POINT('',(-4.70000007450581,37.4163485317787,14.799999776481));
#2470=CARTESIAN_POINT('',(-4.75182011854285,37.4462668481529,14.799999776481));
#2471=CARTESIAN_POINT('',(-4.70000007450581,34.1831870243168,14.799999776481));
#2472=CARTESIAN_POINT('',(-4.70000007450581,36.2081162104013,14.799999776481));
#2473=CARTESIAN_POINT('',(-3.69818000252909,34.7615881125521,14.799999776481));
#2474=CARTESIAN_POINT('Origin',(-7.50000007450581,35.7997677780478,12.399999776481));
#2475=CARTESIAN_POINT('',(-10.3000000745058,34.7227348166209,12.399999776481));
#2476=CARTESIAN_POINT('',(-9.83273797981469,33.9134131281648,12.399999776481));
#2477=CARTESIAN_POINT('Origin',(-7.50000007450581,35.7997677780478,12.399999776481));
#2478=CARTESIAN_POINT('',(-10.3000000745058,34.1831870243168,12.399999776481));
#2479=CARTESIAN_POINT('',(-10.3000000745058,37.4163485317787,12.399999776481));
#2480=CARTESIAN_POINT('',(-10.3000000745058,34.1831870243168,12.399999776481));
#2481=CARTESIAN_POINT('Origin',(-10.3000000745058,34.1831870243168,14.799999776481));
#2482=CARTESIAN_POINT('',(-10.3000000745058,34.1831870243168,14.799999776481));
#2483=CARTESIAN_POINT('',(-10.3000000745058,36.8768007394746,12.399999776481));
#2484=CARTESIAN_POINT('Ctrl Pts',(-10.3000000745058,34.7227348166158,12.3999997764829));
#2485=CARTESIAN_POINT('Ctrl Pts',(-10.3000000745058,35.7997677780478,12.0133331098128));
#2486=CARTESIAN_POINT('Ctrl Pts',(-10.3000000745058,36.8768007394797,12.3999997764829));
#2487=CARTESIAN_POINT('',(-10.3000000745058,37.4163485317787,12.399999776481));
#2488=CARTESIAN_POINT('',(-10.3000000745058,37.4163485317787,12.399999776481));
#2489=CARTESIAN_POINT('',(-10.3000000745058,37.4163485317787,14.799999776481));
#2490=CARTESIAN_POINT('Origin',(-10.3000000745058,37.4163485317787,14.799999776481));
#2491=CARTESIAN_POINT('',(-9.83273797981469,37.6861224279307,12.399999776481));
#2492=CARTESIAN_POINT('',(-7.5000000745058,39.0329292855097,12.399999776481));
#2493=CARTESIAN_POINT('',(-7.96726216919692,38.7631553893576,12.399999776481));
#2494=CARTESIAN_POINT('Ctrl Pts',(-9.8327379798191,37.6861224279282,12.3999997764829));
#2495=CARTESIAN_POINT('Ctrl Pts',(-8.9000000745058,38.2246389086442,12.0133331098128));
#2496=CARTESIAN_POINT('Ctrl Pts',(-7.96726216919252,38.7631553893602,12.3999997764829));
#2497=CARTESIAN_POINT('',(-7.5000000745058,39.0329292855097,12.399999776481));
#2498=CARTESIAN_POINT('',(-7.5000000745058,39.0329292855097,12.399999776481));
#2499=CARTESIAN_POINT('',(-7.5000000745058,39.0329292855097,14.799999776481));
#2500=CARTESIAN_POINT('Origin',(-7.5000000745058,39.0329292855097,14.799999776481));
#2501=CARTESIAN_POINT('',(-7.03273797981469,38.7631553893576,12.399999776481));
#2502=CARTESIAN_POINT('',(-4.70000007450581,37.4163485317787,12.399999776481));
#2503=CARTESIAN_POINT('',(-5.16726216919692,37.6861224279307,12.399999776481));
#2504=CARTESIAN_POINT('Ctrl Pts',(-7.03273797981908,38.7631553893602,12.3999997764829));
#2505=CARTESIAN_POINT('Ctrl Pts',(-6.1000000745058,38.2246389086442,12.0133331098128));
#2506=CARTESIAN_POINT('Ctrl Pts',(-5.16726216919252,37.6861224279282,12.3999997764829));
#2507=CARTESIAN_POINT('',(-4.70000007450581,37.4163485317787,12.399999776481));
#2508=CARTESIAN_POINT('',(-4.70000007450581,37.4163485317787,12.399999776481));
#2509=CARTESIAN_POINT('',(-4.70000007450581,37.4163485317787,14.799999776481));
#2510=CARTESIAN_POINT('Origin',(-4.70000007450581,37.4163485317787,14.799999776481));
#2511=CARTESIAN_POINT('',(-4.70000007450581,36.8768007394746,12.399999776481));
#2512=CARTESIAN_POINT('',(-4.70000007450581,34.1831870243168,12.399999776481));
#2513=CARTESIAN_POINT('',(-4.70000007450581,35.7997677780478,12.1999997764811));
#2514=CARTESIAN_POINT('Ctrl Pts',(-4.70000007450581,36.8768007394924,12.3999997764875));
#2515=CARTESIAN_POINT('Ctrl Pts',(-4.70000007450581,36.3197147249515,12.1999997764811));
#2516=CARTESIAN_POINT('Ctrl Pts',(-4.70000007450581,35.7997677780478,12.1999997764811));
#2517=CARTESIAN_POINT('',(-4.70000007450581,34.7227348166209,12.399999776481));
#2518=CARTESIAN_POINT('Ctrl Pts',(-4.70000007450581,35.7997677780478,12.1999997764811));
#2519=CARTESIAN_POINT('Ctrl Pts',(-4.70000007450581,35.279820831144,12.1999997764811));
#2520=CARTESIAN_POINT('Ctrl Pts',(-4.70000007450581,34.7227348166031,12.3999997764875));
#2521=CARTESIAN_POINT('',(-4.70000007450581,34.1831870243168,12.399999776481));
#2522=CARTESIAN_POINT('',(-4.70000007450581,34.1831870243168,12.399999776481));
#2523=CARTESIAN_POINT('',(-4.70000007450581,34.1831870243168,14.799999776481));
#2524=CARTESIAN_POINT('Origin',(-4.70000007450581,34.1831870243168,14.799999776481));
#2525=CARTESIAN_POINT('',(-5.16726216919693,33.9134131281648,12.399999776481));
#2526=CARTESIAN_POINT('',(-7.50000007450581,32.5666062705859,12.399999776481));
#2527=CARTESIAN_POINT('',(-7.03273797981469,32.8363801667379,12.399999776481));
#2528=CARTESIAN_POINT('Ctrl Pts',(-5.16726216919252,33.9134131281673,12.3999997764829));
#2529=CARTESIAN_POINT('Ctrl Pts',(-6.10000007450581,33.3748966474513,12.0133331098128));
#2530=CARTESIAN_POINT('Ctrl Pts',(-7.0327379798191,32.8363801667353,12.3999997764829));
#2531=CARTESIAN_POINT('',(-7.50000007450581,32.5666062705859,12.399999776481));
#2532=CARTESIAN_POINT('',(-7.50000007450581,32.5666062705859,12.399999776481));
#2533=CARTESIAN_POINT('',(-7.50000007450581,32.5666062705859,14.799999776481));
#2534=CARTESIAN_POINT('Origin',(-7.50000007450581,32.5666062705859,14.799999776481));
#2535=CARTESIAN_POINT('',(-7.96726216919693,32.8363801667379,12.399999776481));
#2536=CARTESIAN_POINT('',(-10.3000000745058,34.1831870243168,12.399999776481));
#2537=CARTESIAN_POINT('Ctrl Pts',(-7.96726216919252,32.8363801667353,12.3999997764829));
#2538=CARTESIAN_POINT('Ctrl Pts',(-8.9000000745058,33.3748966474513,12.0133331098128));
#2539=CARTESIAN_POINT('Ctrl Pts',(-9.83273797981909,33.9134131281673,12.3999997764829));
#2540=CARTESIAN_POINT('Origin',(-7.50000007450581,35.7997677780478,4.79999977648105));
#2541=CARTESIAN_POINT('',(-5.90000007450581,35.7997677780478,10.999999776481));
#2542=CARTESIAN_POINT('',(-5.90000007450581,35.7997677780478,4.79999977648105));
#2543=CARTESIAN_POINT('Origin',(-7.50000007450581,35.7997677780478,10.999999776481));
#2544=CARTESIAN_POINT('Origin',(-7.50000007450581,35.7997677780478,12.399999776481));
#2545=CARTESIAN_POINT('Origin',(-7.50000007450581,35.7997677780478,12.399999776481));
#2546=CARTESIAN_POINT('Origin',(-7.50000007450581,35.7997677780478,12.399999776481));
#2547=CARTESIAN_POINT('Origin',(-7.50000007450581,35.7997677780478,12.399999776481));
#2548=CARTESIAN_POINT('Origin',(-7.50000007450581,35.7997677780478,12.399999776481));
#2549=CARTESIAN_POINT('Origin',(-7.50000007450581,35.7997677780478,12.399999776481));
#2550=CARTESIAN_POINT('Origin',(-7.50000007450581,35.7997677780478,12.399999776481));
#2551=CARTESIAN_POINT('Origin',(-7.50000007450581,35.7997677780478,12.399999776481));
#2552=CARTESIAN_POINT('Origin',(-7.50000007450581,35.7997677780478,12.399999776481));
#2553=CARTESIAN_POINT('Origin',(-7.50000007450581,35.7997677780478,12.399999776481));
#2554=CARTESIAN_POINT('Origin',(-7.50000007450581,35.7997677780478,11.6999997764811));
#2555=CARTESIAN_POINT('',(-5.20000007450581,35.7997677780478,11.6999997764811));
#2556=CARTESIAN_POINT('Origin',(-4.70000019313386,45.4163487372485,5.19999977648105));
#2557=CARTESIAN_POINT('',(-7.5000003117619,47.0329292855097,5.19999977648105));
#2558=CARTESIAN_POINT('Origin',(-7.5000003117619,47.0329292855097,5.19999977648105));
#2559=CARTESIAN_POINT('',(-10.3000001931338,45.4163483263089,5.19999977648105));
#2560=CARTESIAN_POINT('Origin',(-10.3000001931338,45.4163483263089,5.19999977648105));
#2561=CARTESIAN_POINT('Origin',(-3.50000007450581,37.00158582558,4.79999977648105));
#2562=UNCERTAINTY_MEASURE_WITH_UNIT(LENGTH_MEASURE(0.01),#2566,
'DISTANCE_ACCURACY_VALUE',
'Maximum model space distance between geometric entities at asserted c
onnectivities');
#2563=UNCERTAINTY_MEASURE_WITH_UNIT(LENGTH_MEASURE(0.01),#2566,
'DISTANCE_ACCURACY_VALUE',
'Maximum model space distance between geometric entities at asserted c
onnectivities');
#2564=(
GEOMETRIC_REPRESENTATION_CONTEXT(3)
GLOBAL_UNCERTAINTY_ASSIGNED_CONTEXT((#2562))
GLOBAL_UNIT_ASSIGNED_CONTEXT((#2566,#2568,#2569))
REPRESENTATION_CONTEXT('','3D')
);
#2565=(
GEOMETRIC_REPRESENTATION_CONTEXT(3)
GLOBAL_UNCERTAINTY_ASSIGNED_CONTEXT((#2563))
GLOBAL_UNIT_ASSIGNED_CONTEXT((#2566,#2568,#2569))
REPRESENTATION_CONTEXT('','3D')
);
#2566=(
LENGTH_UNIT()
NAMED_UNIT(*)
SI_UNIT(.MILLI.,.METRE.)
);
#2567=(
LENGTH_UNIT()
NAMED_UNIT(*)
SI_UNIT($,.METRE.)
);
#2568=(
NAMED_UNIT(*)
PLANE_ANGLE_UNIT()
SI_UNIT($,.RADIAN.)
);
#2569=(
NAMED_UNIT(*)
SI_UNIT($,.STERADIAN.)
SOLID_ANGLE_UNIT()
);
#2570=SHAPE_DEFINITION_REPRESENTATION(#2571,#2572);
#2571=PRODUCT_DEFINITION_SHAPE('',$,#2574);
#2572=SHAPE_REPRESENTATION('',(#1554),#2564);
#2573=PRODUCT_DEFINITION_CONTEXT('part definition',#2578,'design');
#2574=PRODUCT_DEFINITION('Chassis securing bracket',
'Chassis securing bracket',#2575,#2573);
#2575=PRODUCT_DEFINITION_FORMATION('',$,#2580);
#2576=PRODUCT_RELATED_PRODUCT_CATEGORY('Chassis securing bracket',
'Chassis securing bracket',(#2580));
#2577=APPLICATION_PROTOCOL_DEFINITION('international standard',
'automotive_design',2009,#2578);
#2578=APPLICATION_CONTEXT(
'Core Data for Automotive Mechanical Design Process');
#2579=PRODUCT_CONTEXT('part definition',#2578,'mechanical');
#2580=PRODUCT('Chassis securing bracket','Chassis securing bracket',$,(#2579));
#2581=PRESENTATION_STYLE_ASSIGNMENT((#2582));
#2582=SURFACE_STYLE_USAGE(.BOTH.,#2583);
#2583=SURFACE_SIDE_STYLE('',(#2584));
#2584=SURFACE_STYLE_FILL_AREA(#2585);
#2585=FILL_AREA_STYLE('Stahl - satiniert',(#2586));
#2586=FILL_AREA_STYLE_COLOUR('Stahl - satiniert',#2587);
#2587=COLOUR_RGB('Stahl - satiniert',0.627450980392157,0.627450980392157,
0.627450980392157);
ENDSEC;
END-ISO-10303-21;
