ISO-10303-21;
HEADER;
/* Generated by software containing ST-Developer
 * from STEP Tools, Inc. (www.steptools.com) 
 */

FILE_DESCRIPTION(
/* description */ (''),
/* implementation_level */ '2;1');

FILE_NAME(
/* name */ 'Left front wheel mount.step',
/* time_stamp */ '2026-01-02T21:46:26+01:00',
/* author */ (''),
/* organization */ (''),
/* preprocessor_version */ 'ST-DEVELOPER v20.1',
/* originating_system */ 'Autodesk Translation Framework v14.21.0.0',
/* authorisation */ '');

FILE_SCHEMA (('AUTOMOTIVE_DESIGN { 1 0 10303 214 3 1 1 }'));
ENDSEC;

DATA;
#10=MECHANICAL_DESIGN_GEOMETRIC_PRESENTATION_REPRESENTATION('',(#13),#1794);
#11=SHAPE_REPRESENTATION_RELATIONSHIP('SRR','None',#1801,#12);
#12=ADVANCED_BREP_SHAPE_REPRESENTATION('',(#14),#1793);
#13=STYLED_ITEM('',(#1810),#14);
#14=MANIFOLD_SOLID_BREP('Left front wheel mount',#1061);
#15=ELLIPSE('',#1152,2.26274169979893,1.6000000000014);
#16=ELLIPSE('',#1153,2.26274169979893,1.6000000000014);
#17=(
BOUNDED_CURVE()
B_SPLINE_CURVE(2,(#1568,#1569,#1570),.UNSPECIFIED.,.F.,.F.)
B_SPLINE_CURVE_WITH_KNOTS((3,3),(-1.32704045723468,-0.877202462300123),
 .UNSPECIFIED.)
CURVE()
GEOMETRIC_REPRESENTATION_ITEM()
RATIONAL_B_SPLINE_CURVE((2.03448275862124,2.15525687253515,2.07528275064879))
REPRESENTATION_ITEM('')
);
#18=(
BOUNDED_CURVE()
B_SPLINE_CURVE(2,(#1574,#1575,#1576),.UNSPECIFIED.,.F.,.F.)
B_SPLINE_CURVE_WITH_KNOTS((3,3),(0.404442878235631,0.775387618066579),
 .UNSPECIFIED.)
CURVE()
GEOMETRIC_REPRESENTATION_ITEM()
RATIONAL_B_SPLINE_CURVE((1.48275862069004,1.58866995074603,1.48275862069004))
REPRESENTATION_ITEM('')
);
#19=(
BOUNDED_CURVE()
B_SPLINE_CURVE(2,(#1580,#1581,#1582),.UNSPECIFIED.,.F.,.F.)
B_SPLINE_CURVE_WITH_KNOTS((3,3),(0.404442878236987,0.775387618064487),
 .UNSPECIFIED.)
CURVE()
GEOMETRIC_REPRESENTATION_ITEM()
RATIONAL_B_SPLINE_CURVE((1.48275862068974,1.58866995074363,1.48275862068974))
REPRESENTATION_ITEM('')
);
#20=(
BOUNDED_CURVE()
B_SPLINE_CURVE(2,(#1586,#1587,#1588),.UNSPECIFIED.,.F.,.F.)
B_SPLINE_CURVE_WITH_KNOTS((3,3),(0.404442878240737,0.775387618058753),
 .UNSPECIFIED.)
CURVE()
GEOMETRIC_REPRESENTATION_ITEM()
RATIONAL_B_SPLINE_CURVE((1.48275862068888,1.58866995073696,1.48275862068888))
REPRESENTATION_ITEM('')
);
#21=(
BOUNDED_CURVE()
B_SPLINE_CURVE(2,(#1592,#1593,#1594),.UNSPECIFIED.,.F.,.F.)
B_SPLINE_CURVE_WITH_KNOTS((3,3),(0.40444287824312,0.775387618055107),
 .UNSPECIFIED.)
CURVE()
GEOMETRIC_REPRESENTATION_ITEM()
RATIONAL_B_SPLINE_CURVE((1.48275862068836,1.58866995073276,1.48275862068836))
REPRESENTATION_ITEM('')
);
#22=(
BOUNDED_CURVE()
B_SPLINE_CURVE(2,(#1598,#1599,#1600),.UNSPECIFIED.,.F.,.F.)
B_SPLINE_CURVE_WITH_KNOTS((3,3),(0.404442878241755,0.77538761805719),
 .UNSPECIFIED.)
CURVE()
GEOMETRIC_REPRESENTATION_ITEM()
RATIONAL_B_SPLINE_CURVE((1.48275862068868,1.5886699507352,1.48275862068869))
REPRESENTATION_ITEM('')
);
#23=(
BOUNDED_CURVE()
B_SPLINE_CURVE(2,(#1603,#1604,#1605),.UNSPECIFIED.,.F.,.F.)
B_SPLINE_CURVE_WITH_KNOTS((3,3),(-0.877202462300123,-0.785777566166633),
 .UNSPECIFIED.)
CURVE()
GEOMETRIC_REPRESENTATION_ITEM()
RATIONAL_B_SPLINE_CURVE((2.07528275064879,2.05902884175456,2.03448275862123))
REPRESENTATION_ITEM('')
);
#24=(
BOUNDED_CURVE()
B_SPLINE_CURVE(2,(#1636,#1637,#1638),.UNSPECIFIED.,.F.,.F.)
B_SPLINE_CURVE_WITH_KNOTS((3,3),(-1.32704045723439,-0.877202462300083),
 .UNSPECIFIED.)
CURVE()
GEOMETRIC_REPRESENTATION_ITEM()
RATIONAL_B_SPLINE_CURVE((2.03448275862111,2.15525687253483,2.07528275064853))
REPRESENTATION_ITEM('')
);
#25=(
BOUNDED_CURVE()
B_SPLINE_CURVE(2,(#1642,#1643,#1644),.UNSPECIFIED.,.F.,.F.)
B_SPLINE_CURVE_WITH_KNOTS((3,3),(0.404442878235902,0.775387618066152),
 .UNSPECIFIED.)
CURVE()
GEOMETRIC_REPRESENTATION_ITEM()
RATIONAL_B_SPLINE_CURVE((1.48275862068996,1.58866995074553,1.48275862068996))
REPRESENTATION_ITEM('')
);
#26=(
BOUNDED_CURVE()
B_SPLINE_CURVE(2,(#1648,#1649,#1650),.UNSPECIFIED.,.F.,.F.)
B_SPLINE_CURVE_WITH_KNOTS((3,3),(0.404442878237132,0.775387618064271),
 .UNSPECIFIED.)
CURVE()
GEOMETRIC_REPRESENTATION_ITEM()
RATIONAL_B_SPLINE_CURVE((1.48275862068969,1.58866995074335,1.48275862068969))
REPRESENTATION_ITEM('')
);
#27=(
BOUNDED_CURVE()
B_SPLINE_CURVE(2,(#1654,#1655,#1656),.UNSPECIFIED.,.F.,.F.)
B_SPLINE_CURVE_WITH_KNOTS((3,3),(0.404442878240605,0.775387618058947),
 .UNSPECIFIED.)
CURVE()
GEOMETRIC_REPRESENTATION_ITEM()
RATIONAL_B_SPLINE_CURVE((1.48275862068892,1.58866995073721,1.48275862068893))
REPRESENTATION_ITEM('')
);
#28=(
BOUNDED_CURVE()
B_SPLINE_CURVE(2,(#1660,#1661,#1662),.UNSPECIFIED.,.F.,.F.)
B_SPLINE_CURVE_WITH_KNOTS((3,3),(0.404442878242852,0.775387618055522),
 .UNSPECIFIED.)
CURVE()
GEOMETRIC_REPRESENTATION_ITEM()
RATIONAL_B_SPLINE_CURVE((1.4827586206884,1.58866995073322,1.4827586206884))
REPRESENTATION_ITEM('')
);
#29=(
BOUNDED_CURVE()
B_SPLINE_CURVE(2,(#1666,#1667,#1668),.UNSPECIFIED.,.F.,.F.)
B_SPLINE_CURVE_WITH_KNOTS((3,3),(0.404442878241623,0.775387618057401),
 .UNSPECIFIED.)
CURVE()
GEOMETRIC_REPRESENTATION_ITEM()
RATIONAL_B_SPLINE_CURVE((1.48275862068868,1.5886699507354,1.48275862068868))
REPRESENTATION_ITEM('')
);
#30=(
BOUNDED_CURVE()
B_SPLINE_CURVE(2,(#1671,#1672,#1673),.UNSPECIFIED.,.F.,.F.)
B_SPLINE_CURVE_WITH_KNOTS((3,3),(-0.877202462300083,-0.785777566166868),
 .UNSPECIFIED.)
CURVE()
GEOMETRIC_REPRESENTATION_ITEM()
RATIONAL_B_SPLINE_CURVE((2.07528275064853,2.05902884175435,2.03448275862112))
REPRESENTATION_ITEM('')
);
#31=CONICAL_SURFACE('',#1097,2.30000000000201,0.785398163397448);
#32=CONICAL_SURFACE('',#1112,2.30000000000201,0.785398163397448);
#33=CYLINDRICAL_SURFACE('',#1083,5.00000000000437);
#34=CYLINDRICAL_SURFACE('',#1111,1.6000000000014);
#35=CYLINDRICAL_SURFACE('',#1126,1.6000000000014);
#36=CYLINDRICAL_SURFACE('',#1127,2.90000000000254);
#37=CYLINDRICAL_SURFACE('',#1144,4.0000000000035);
#38=CYLINDRICAL_SURFACE('',#1146,4.0000000000035);
#39=CYLINDRICAL_SURFACE('',#1148,5.00000000000437);
#40=CYLINDRICAL_SURFACE('',#1151,1.6000000000014);
#41=CYLINDRICAL_SURFACE('',#1160,1.6000000000014);
#42=CYLINDRICAL_SURFACE('',#1162,1.6000000000014);
#43=CYLINDRICAL_SURFACE('',#1165,2.00000000000175);
#44=CYLINDRICAL_SURFACE('',#1167,2.00000000000175);
#45=FACE_BOUND('',#111,.T.);
#46=FACE_BOUND('',#112,.T.);
#47=FACE_BOUND('',#113,.T.);
#48=FACE_BOUND('',#117,.T.);
#49=FACE_BOUND('',#118,.T.);
#50=FACE_BOUND('',#119,.T.);
#51=FACE_BOUND('',#120,.T.);
#52=FACE_BOUND('',#121,.T.);
#53=FACE_BOUND('',#159,.T.);
#54=FACE_BOUND('',#162,.T.);
#55=FACE_BOUND('',#170,.T.);
#56=FACE_OUTER_BOUND('',#110,.T.);
#57=FACE_OUTER_BOUND('',#114,.T.);
#58=FACE_OUTER_BOUND('',#115,.T.);
#59=FACE_OUTER_BOUND('',#116,.T.);
#60=FACE_OUTER_BOUND('',#122,.T.);
#61=FACE_OUTER_BOUND('',#123,.T.);
#62=FACE_OUTER_BOUND('',#124,.T.);
#63=FACE_OUTER_BOUND('',#125,.T.);
#64=FACE_OUTER_BOUND('',#126,.T.);
#65=FACE_OUTER_BOUND('',#127,.T.);
#66=FACE_OUTER_BOUND('',#128,.T.);
#67=FACE_OUTER_BOUND('',#129,.T.);
#68=FACE_OUTER_BOUND('',#130,.T.);
#69=FACE_OUTER_BOUND('',#131,.T.);
#70=FACE_OUTER_BOUND('',#132,.T.);
#71=FACE_OUTER_BOUND('',#133,.T.);
#72=FACE_OUTER_BOUND('',#134,.T.);
#73=FACE_OUTER_BOUND('',#135,.T.);
#74=FACE_OUTER_BOUND('',#136,.T.);
#75=FACE_OUTER_BOUND('',#137,.T.);
#76=FACE_OUTER_BOUND('',#138,.T.);
#77=FACE_OUTER_BOUND('',#139,.T.);
#78=FACE_OUTER_BOUND('',#140,.T.);
#79=FACE_OUTER_BOUND('',#141,.T.);
#80=FACE_OUTER_BOUND('',#142,.T.);
#81=FACE_OUTER_BOUND('',#143,.T.);
#82=FACE_OUTER_BOUND('',#144,.T.);
#83=FACE_OUTER_BOUND('',#145,.T.);
#84=FACE_OUTER_BOUND('',#146,.T.);
#85=FACE_OUTER_BOUND('',#147,.T.);
#86=FACE_OUTER_BOUND('',#148,.T.);
#87=FACE_OUTER_BOUND('',#149,.T.);
#88=FACE_OUTER_BOUND('',#150,.T.);
#89=FACE_OUTER_BOUND('',#151,.T.);
#90=FACE_OUTER_BOUND('',#152,.T.);
#91=FACE_OUTER_BOUND('',#153,.T.);
#92=FACE_OUTER_BOUND('',#154,.T.);
#93=FACE_OUTER_BOUND('',#155,.T.);
#94=FACE_OUTER_BOUND('',#156,.T.);
#95=FACE_OUTER_BOUND('',#157,.T.);
#96=FACE_OUTER_BOUND('',#158,.T.);
#97=FACE_OUTER_BOUND('',#160,.T.);
#98=FACE_OUTER_BOUND('',#161,.T.);
#99=FACE_OUTER_BOUND('',#163,.T.);
#100=FACE_OUTER_BOUND('',#164,.T.);
#101=FACE_OUTER_BOUND('',#165,.T.);
#102=FACE_OUTER_BOUND('',#166,.T.);
#103=FACE_OUTER_BOUND('',#167,.T.);
#104=FACE_OUTER_BOUND('',#168,.T.);
#105=FACE_OUTER_BOUND('',#169,.T.);
#106=FACE_OUTER_BOUND('',#171,.T.);
#107=FACE_OUTER_BOUND('',#172,.T.);
#108=FACE_OUTER_BOUND('',#173,.T.);
#109=FACE_OUTER_BOUND('',#174,.T.);
#110=EDGE_LOOP('',(#663,#664,#665,#666,#667,#668,#669,#670,#671,#672,#673,
#674,#675));
#111=EDGE_LOOP('',(#676));
#112=EDGE_LOOP('',(#677,#678,#679,#680,#681,#682));
#113=EDGE_LOOP('',(#683,#684,#685,#686,#687,#688));
#114=EDGE_LOOP('',(#689,#690,#691,#692));
#115=EDGE_LOOP('',(#693,#694,#695,#696));
#116=EDGE_LOOP('',(#697,#698,#699,#700,#701,#702,#703,#704,#705,#706,#707,
#708,#709));
#117=EDGE_LOOP('',(#710));
#118=EDGE_LOOP('',(#711));
#119=EDGE_LOOP('',(#712));
#120=EDGE_LOOP('',(#713));
#121=EDGE_LOOP('',(#714,#715,#716,#717));
#122=EDGE_LOOP('',(#718,#719,#720,#721));
#123=EDGE_LOOP('',(#722,#723,#724,#725,#726,#727,#728,#729,#730,#731,#732,
#733,#734,#735,#736,#737,#738));
#124=EDGE_LOOP('',(#739,#740,#741));
#125=EDGE_LOOP('',(#742,#743,#744));
#126=EDGE_LOOP('',(#745,#746,#747));
#127=EDGE_LOOP('',(#748,#749,#750));
#128=EDGE_LOOP('',(#751,#752,#753));
#129=EDGE_LOOP('',(#754,#755,#756,#757,#758));
#130=EDGE_LOOP('',(#759,#760,#761,#762,#763,#764,#765,#766,#767,#768,#769,
#770,#771,#772,#773,#774,#775));
#131=EDGE_LOOP('',(#776,#777,#778));
#132=EDGE_LOOP('',(#779,#780,#781));
#133=EDGE_LOOP('',(#782,#783,#784));
#134=EDGE_LOOP('',(#785,#786,#787));
#135=EDGE_LOOP('',(#788,#789,#790));
#136=EDGE_LOOP('',(#791,#792,#793,#794,#795));
#137=EDGE_LOOP('',(#796,#797,#798,#799));
#138=EDGE_LOOP('',(#800));
#139=EDGE_LOOP('',(#801,#802,#803,#804,#805,#806));
#140=EDGE_LOOP('',(#807,#808,#809,#810,#811,#812));
#141=EDGE_LOOP('',(#813,#814,#815,#816,#817,#818));
#142=EDGE_LOOP('',(#819,#820,#821,#822,#823,#824,#825));
#143=EDGE_LOOP('',(#826,#827,#828,#829,#830,#831));
#144=EDGE_LOOP('',(#832,#833,#834,#835,#836,#837));
#145=EDGE_LOOP('',(#838,#839,#840));
#146=EDGE_LOOP('',(#841,#842,#843,#844,#845,#846,#847));
#147=EDGE_LOOP('',(#848,#849,#850,#851,#852,#853));
#148=EDGE_LOOP('',(#854,#855,#856,#857,#858,#859));
#149=EDGE_LOOP('',(#860,#861,#862,#863,#864,#865));
#150=EDGE_LOOP('',(#866,#867,#868,#869,#870,#871));
#151=EDGE_LOOP('',(#872,#873,#874,#875,#876,#877));
#152=EDGE_LOOP('',(#878,#879,#880));
#153=EDGE_LOOP('',(#881,#882,#883,#884));
#154=EDGE_LOOP('',(#885,#886,#887,#888));
#155=EDGE_LOOP('',(#889,#890,#891,#892));
#156=EDGE_LOOP('',(#893,#894,#895,#896));
#157=EDGE_LOOP('',(#897,#898,#899,#900));
#158=EDGE_LOOP('',(#901,#902,#903,#904));
#159=EDGE_LOOP('',(#905));
#160=EDGE_LOOP('',(#906,#907,#908,#909,#910,#911,#912,#913));
#161=EDGE_LOOP('',(#914,#915,#916,#917,#918));
#162=EDGE_LOOP('',(#919));
#163=EDGE_LOOP('',(#920,#921,#922,#923));
#164=EDGE_LOOP('',(#924,#925,#926,#927));
#165=EDGE_LOOP('',(#928,#929,#930,#931));
#166=EDGE_LOOP('',(#932,#933,#934,#935));
#167=EDGE_LOOP('',(#936,#937,#938,#939));
#168=EDGE_LOOP('',(#940,#941,#942,#943,#944));
#169=EDGE_LOOP('',(#945,#946,#947,#948,#949));
#170=EDGE_LOOP('',(#950));
#171=EDGE_LOOP('',(#951,#952,#953,#954));
#172=EDGE_LOOP('',(#955,#956,#957,#958));
#173=EDGE_LOOP('',(#959,#960,#961,#962));
#174=EDGE_LOOP('',(#963,#964,#965,#966));
#175=LINE('',#1461,#274);
#176=LINE('',#1465,#275);
#177=LINE('',#1469,#276);
#178=LINE('',#1473,#277);
#179=LINE('',#1475,#278);
#180=LINE('',#1479,#279);
#181=LINE('',#1482,#280);
#182=LINE('',#1487,#281);
#183=LINE('',#1489,#282);
#184=LINE('',#1491,#283);
#185=LINE('',#1493,#284);
#186=LINE('',#1495,#285);
#187=LINE('',#1496,#286);
#188=LINE('',#1499,#287);
#189=LINE('',#1501,#288);
#190=LINE('',#1503,#289);
#191=LINE('',#1505,#290);
#192=LINE('',#1507,#291);
#193=LINE('',#1508,#292);
#194=LINE('',#1511,#293);
#195=LINE('',#1514,#294);
#196=LINE('',#1517,#295);
#197=LINE('',#1518,#296);
#198=LINE('',#1521,#297);
#199=LINE('',#1525,#298);
#200=LINE('',#1529,#299);
#201=LINE('',#1531,#300);
#202=LINE('',#1535,#301);
#203=LINE('',#1539,#302);
#204=LINE('',#1551,#303);
#205=LINE('',#1553,#304);
#206=LINE('',#1555,#305);
#207=LINE('',#1556,#306);
#208=LINE('',#1558,#307);
#209=LINE('',#1559,#308);
#210=LINE('',#1566,#309);
#211=LINE('',#1608,#310);
#212=LINE('',#1609,#311);
#213=LINE('',#1612,#312);
#214=LINE('',#1613,#313);
#215=LINE('',#1616,#314);
#216=LINE('',#1617,#315);
#217=LINE('',#1620,#316);
#218=LINE('',#1621,#317);
#219=LINE('',#1624,#318);
#220=LINE('',#1625,#319);
#221=LINE('',#1627,#320);
#222=LINE('',#1634,#321);
#223=LINE('',#1676,#322);
#224=LINE('',#1677,#323);
#225=LINE('',#1680,#324);
#226=LINE('',#1681,#325);
#227=LINE('',#1684,#326);
#228=LINE('',#1685,#327);
#229=LINE('',#1688,#328);
#230=LINE('',#1689,#329);
#231=LINE('',#1692,#330);
#232=LINE('',#1693,#331);
#233=LINE('',#1695,#332);
#234=LINE('',#1699,#333);
#235=LINE('',#1702,#334);
#236=LINE('',#1704,#335);
#237=LINE('',#1705,#336);
#238=LINE('',#1707,#337);
#239=LINE('',#1708,#338);
#240=LINE('',#1710,#339);
#241=LINE('',#1712,#340);
#242=LINE('',#1714,#341);
#243=LINE('',#1718,#342);
#244=LINE('',#1719,#343);
#245=LINE('',#1721,#344);
#246=LINE('',#1723,#345);
#247=LINE('',#1726,#346);
#248=LINE('',#1727,#347);
#249=LINE('',#1729,#348);
#250=LINE('',#1730,#349);
#251=LINE('',#1734,#350);
#252=LINE('',#1736,#351);
#253=LINE('',#1738,#352);
#254=LINE('',#1740,#353);
#255=LINE('',#1743,#354);
#256=LINE('',#1744,#355);
#257=LINE('',#1749,#356);
#258=LINE('',#1753,#357);
#259=LINE('',#1756,#358);
#260=LINE('',#1758,#359);
#261=LINE('',#1760,#360);
#262=LINE('',#1761,#361);
#263=LINE('',#1766,#362);
#264=LINE('',#1767,#363);
#265=LINE('',#1770,#364);
#266=LINE('',#1771,#365);
#267=LINE('',#1774,#366);
#268=LINE('',#1775,#367);
#269=LINE('',#1777,#368);
#270=LINE('',#1780,#369);
#271=LINE('',#1783,#370);
#272=LINE('',#1786,#371);
#273=LINE('',#1789,#372);
#274=VECTOR('',#1174,10.0000000000087);
#275=VECTOR('',#1177,10.0000000000087);
#276=VECTOR('',#1180,10.0000000000087);
#277=VECTOR('',#1183,10.0000000000087);
#278=VECTOR('',#1184,10.0000000000087);
#279=VECTOR('',#1187,10.0000000000087);
#280=VECTOR('',#1190,10.0000000000087);
#281=VECTOR('',#1193,10.0000000000087);
#282=VECTOR('',#1194,10.0000000000087);
#283=VECTOR('',#1195,10.0000000000087);
#284=VECTOR('',#1196,10.0000000000087);
#285=VECTOR('',#1197,10.0000000000087);
#286=VECTOR('',#1198,10.0000000000087);
#287=VECTOR('',#1199,10.0000000000087);
#288=VECTOR('',#1200,10.0000000000087);
#289=VECTOR('',#1201,10.0000000000087);
#290=VECTOR('',#1202,10.0000000000087);
#291=VECTOR('',#1203,10.0000000000087);
#292=VECTOR('',#1204,10.0000000000087);
#293=VECTOR('',#1207,10.0000000000087);
#294=VECTOR('',#1210,10.0000000000087);
#295=VECTOR('',#1213,10.0000000000087);
#296=VECTOR('',#1214,10.0000000000087);
#297=VECTOR('',#1217,10.0000000000087);
#298=VECTOR('',#1220,10.0000000000087);
#299=VECTOR('',#1223,10.0000000000087);
#300=VECTOR('',#1224,10.0000000000087);
#301=VECTOR('',#1227,10.0000000000087);
#302=VECTOR('',#1230,10.0000000000087);
#303=VECTOR('',#1241,10.0000000000087);
#304=VECTOR('',#1242,10.0000000000087);
#305=VECTOR('',#1243,10.0000000000087);
#306=VECTOR('',#1244,10.0000000000087);
#307=VECTOR('',#1247,10.0000000000087);
#308=VECTOR('',#1248,10.0000000000087);
#309=VECTOR('',#1255,2.30000000000201);
#310=VECTOR('',#1270,10.0000000000087);
#311=VECTOR('',#1271,10.0000000000087);
#312=VECTOR('',#1274,10.0000000000087);
#313=VECTOR('',#1275,10.0000000000087);
#314=VECTOR('',#1278,10.0000000000087);
#315=VECTOR('',#1279,10.0000000000087);
#316=VECTOR('',#1282,10.0000000000087);
#317=VECTOR('',#1283,10.0000000000087);
#318=VECTOR('',#1286,10.0000000000087);
#319=VECTOR('',#1287,10.0000000000087);
#320=VECTOR('',#1290,1.6000000000014);
#321=VECTOR('',#1297,2.30000000000201);
#322=VECTOR('',#1312,10.0000000000087);
#323=VECTOR('',#1313,10.0000000000087);
#324=VECTOR('',#1316,10.0000000000087);
#325=VECTOR('',#1317,10.0000000000087);
#326=VECTOR('',#1320,10.0000000000087);
#327=VECTOR('',#1321,10.0000000000087);
#328=VECTOR('',#1324,10.0000000000087);
#329=VECTOR('',#1325,10.0000000000087);
#330=VECTOR('',#1328,10.0000000000087);
#331=VECTOR('',#1329,10.0000000000087);
#332=VECTOR('',#1332,1.6000000000014);
#333=VECTOR('',#1337,2.90000000000254);
#334=VECTOR('',#1342,10.0000000000087);
#335=VECTOR('',#1343,10.0000000000087);
#336=VECTOR('',#1344,10.0000000000087);
#337=VECTOR('',#1347,10.0000000000087);
#338=VECTOR('',#1348,10.0000000000087);
#339=VECTOR('',#1351,10.0000000000087);
#340=VECTOR('',#1354,10.0000000000087);
#341=VECTOR('',#1357,10.0000000000087);
#342=VECTOR('',#1364,10.0000000000087);
#343=VECTOR('',#1365,10.0000000000087);
#344=VECTOR('',#1368,10.0000000000087);
#345=VECTOR('',#1371,10.0000000000087);
#346=VECTOR('',#1374,10.0000000000087);
#347=VECTOR('',#1375,10.0000000000087);
#348=VECTOR('',#1378,10.0000000000087);
#349=VECTOR('',#1379,10.0000000000087);
#350=VECTOR('',#1386,10.0000000000087);
#351=VECTOR('',#1389,10.0000000000087);
#352=VECTOR('',#1392,10.0000000000087);
#353=VECTOR('',#1395,10.0000000000087);
#354=VECTOR('',#1400,10.0000000000087);
#355=VECTOR('',#1401,10.0000000000087);
#356=VECTOR('',#1406,1.6000000000014);
#357=VECTOR('',#1411,1.6000000000014);
#358=VECTOR('',#1414,10.0000000000087);
#359=VECTOR('',#1415,10.0000000000087);
#360=VECTOR('',#1416,10.0000000000087);
#361=VECTOR('',#1417,10.0000000000087);
#362=VECTOR('',#1422,10.0000000000087);
#363=VECTOR('',#1423,10.0000000000087);
#364=VECTOR('',#1426,10.0000000000087);
#365=VECTOR('',#1427,10.0000000000087);
#366=VECTOR('',#1430,10.0000000000087);
#367=VECTOR('',#1431,10.0000000000087);
#368=VECTOR('',#1434,10.0000000000087);
#369=VECTOR('',#1437,1.6000000000014);
#370=VECTOR('',#1442,1.6000000000014);
#371=VECTOR('',#1447,10.0000000000087);
#372=VECTOR('',#1452,10.0000000000087);
#373=CIRCLE('',#1076,5.00000000000437);
#374=CIRCLE('',#1077,4.0000000000035);
#375=CIRCLE('',#1078,5.00000000000437);
#376=CIRCLE('',#1079,4.0000000000035);
#377=CIRCLE('',#1080,2.00000000000175);
#378=CIRCLE('',#1081,2.00000000000175);
#379=CIRCLE('',#1082,1.6000000000014);
#380=CIRCLE('',#1084,5.00000000000437);
#381=CIRCLE('',#1087,2.00000000000175);
#382=CIRCLE('',#1088,2.00000000000175);
#383=CIRCLE('',#1089,4.0000000000035);
#384=CIRCLE('',#1090,5.00000000000437);
#385=CIRCLE('',#1091,4.0000000000035);
#386=CIRCLE('',#1092,2.90000000000254);
#387=CIRCLE('',#1093,1.6000000000014);
#388=CIRCLE('',#1094,1.6000000000014);
#389=CIRCLE('',#1095,1.6000000000014);
#390=CIRCLE('',#1098,1.6000000000014);
#391=CIRCLE('',#1099,1.6000000000014);
#392=CIRCLE('',#1100,3.00000000000262);
#393=CIRCLE('',#1101,3.00000000000262);
#394=CIRCLE('',#1102,3.00000000000262);
#395=CIRCLE('',#1103,3.00000000000262);
#396=CIRCLE('',#1104,3.00000000000262);
#397=CIRCLE('',#1105,3.00000000000262);
#398=CIRCLE('',#1113,1.6000000000014);
#399=CIRCLE('',#1114,1.6000000000014);
#400=CIRCLE('',#1115,3.00000000000262);
#401=CIRCLE('',#1116,3.00000000000262);
#402=CIRCLE('',#1117,3.00000000000262);
#403=CIRCLE('',#1118,3.00000000000262);
#404=CIRCLE('',#1119,3.00000000000262);
#405=CIRCLE('',#1120,3.00000000000262);
#406=CIRCLE('',#1128,2.90000000000254);
#407=CIRCLE('',#1150,1.6000000000014);
#408=CIRCLE('',#1155,1.6000000000014);
#409=CIRCLE('',#1161,1.6000000000014);
#410=VERTEX_POINT('',#1457);
#411=VERTEX_POINT('',#1458);
#412=VERTEX_POINT('',#1460);
#413=VERTEX_POINT('',#1462);
#414=VERTEX_POINT('',#1464);
#415=VERTEX_POINT('',#1466);
#416=VERTEX_POINT('',#1468);
#417=VERTEX_POINT('',#1470);
#418=VERTEX_POINT('',#1472);
#419=VERTEX_POINT('',#1474);
#420=VERTEX_POINT('',#1476);
#421=VERTEX_POINT('',#1478);
#422=VERTEX_POINT('',#1480);
#423=VERTEX_POINT('',#1483);
#424=VERTEX_POINT('',#1485);
#425=VERTEX_POINT('',#1486);
#426=VERTEX_POINT('',#1488);
#427=VERTEX_POINT('',#1490);
#428=VERTEX_POINT('',#1492);
#429=VERTEX_POINT('',#1494);
#430=VERTEX_POINT('',#1497);
#431=VERTEX_POINT('',#1498);
#432=VERTEX_POINT('',#1500);
#433=VERTEX_POINT('',#1502);
#434=VERTEX_POINT('',#1504);
#435=VERTEX_POINT('',#1506);
#436=VERTEX_POINT('',#1510);
#437=VERTEX_POINT('',#1512);
#438=VERTEX_POINT('',#1516);
#439=VERTEX_POINT('',#1520);
#440=VERTEX_POINT('',#1522);
#441=VERTEX_POINT('',#1524);
#442=VERTEX_POINT('',#1526);
#443=VERTEX_POINT('',#1528);
#444=VERTEX_POINT('',#1530);
#445=VERTEX_POINT('',#1532);
#446=VERTEX_POINT('',#1534);
#447=VERTEX_POINT('',#1536);
#448=VERTEX_POINT('',#1538);
#449=VERTEX_POINT('',#1541);
#450=VERTEX_POINT('',#1543);
#451=VERTEX_POINT('',#1545);
#452=VERTEX_POINT('',#1547);
#453=VERTEX_POINT('',#1549);
#454=VERTEX_POINT('',#1550);
#455=VERTEX_POINT('',#1552);
#456=VERTEX_POINT('',#1554);
#457=VERTEX_POINT('',#1561);
#458=VERTEX_POINT('',#1562);
#459=VERTEX_POINT('',#1565);
#460=VERTEX_POINT('',#1567);
#461=VERTEX_POINT('',#1571);
#462=VERTEX_POINT('',#1573);
#463=VERTEX_POINT('',#1577);
#464=VERTEX_POINT('',#1579);
#465=VERTEX_POINT('',#1583);
#466=VERTEX_POINT('',#1585);
#467=VERTEX_POINT('',#1589);
#468=VERTEX_POINT('',#1591);
#469=VERTEX_POINT('',#1595);
#470=VERTEX_POINT('',#1597);
#471=VERTEX_POINT('',#1601);
#472=VERTEX_POINT('',#1607);
#473=VERTEX_POINT('',#1611);
#474=VERTEX_POINT('',#1615);
#475=VERTEX_POINT('',#1619);
#476=VERTEX_POINT('',#1623);
#477=VERTEX_POINT('',#1629);
#478=VERTEX_POINT('',#1630);
#479=VERTEX_POINT('',#1633);
#480=VERTEX_POINT('',#1635);
#481=VERTEX_POINT('',#1639);
#482=VERTEX_POINT('',#1641);
#483=VERTEX_POINT('',#1645);
#484=VERTEX_POINT('',#1647);
#485=VERTEX_POINT('',#1651);
#486=VERTEX_POINT('',#1653);
#487=VERTEX_POINT('',#1657);
#488=VERTEX_POINT('',#1659);
#489=VERTEX_POINT('',#1663);
#490=VERTEX_POINT('',#1665);
#491=VERTEX_POINT('',#1669);
#492=VERTEX_POINT('',#1675);
#493=VERTEX_POINT('',#1679);
#494=VERTEX_POINT('',#1683);
#495=VERTEX_POINT('',#1687);
#496=VERTEX_POINT('',#1691);
#497=VERTEX_POINT('',#1697);
#498=VERTEX_POINT('',#1703);
#499=VERTEX_POINT('',#1725);
#500=VERTEX_POINT('',#1745);
#501=VERTEX_POINT('',#1748);
#502=VERTEX_POINT('',#1750);
#503=VERTEX_POINT('',#1755);
#504=VERTEX_POINT('',#1757);
#505=VERTEX_POINT('',#1759);
#506=VERTEX_POINT('',#1762);
#507=VERTEX_POINT('',#1765);
#508=VERTEX_POINT('',#1769);
#509=VERTEX_POINT('',#1773);
#510=VERTEX_POINT('',#1779);
#511=EDGE_CURVE('',#410,#411,#373,.T.);
#512=EDGE_CURVE('',#411,#412,#175,.T.);
#513=EDGE_CURVE('',#412,#413,#374,.T.);
#514=EDGE_CURVE('',#413,#414,#176,.T.);
#515=EDGE_CURVE('',#414,#415,#375,.T.);
#516=EDGE_CURVE('',#415,#416,#177,.T.);
#517=EDGE_CURVE('',#416,#417,#376,.T.);
#518=EDGE_CURVE('',#417,#418,#178,.T.);
#519=EDGE_CURVE('',#418,#419,#179,.T.);
#520=EDGE_CURVE('',#419,#420,#377,.T.);
#521=EDGE_CURVE('',#421,#420,#180,.T.);
#522=EDGE_CURVE('',#421,#422,#378,.T.);
#523=EDGE_CURVE('',#422,#410,#181,.T.);
#524=EDGE_CURVE('',#423,#423,#379,.T.);
#525=EDGE_CURVE('',#424,#425,#182,.T.);
#526=EDGE_CURVE('',#426,#424,#183,.T.);
#527=EDGE_CURVE('',#427,#426,#184,.T.);
#528=EDGE_CURVE('',#428,#427,#185,.T.);
#529=EDGE_CURVE('',#429,#428,#186,.T.);
#530=EDGE_CURVE('',#425,#429,#187,.T.);
#531=EDGE_CURVE('',#430,#431,#188,.T.);
#532=EDGE_CURVE('',#432,#430,#189,.T.);
#533=EDGE_CURVE('',#433,#432,#190,.T.);
#534=EDGE_CURVE('',#434,#433,#191,.T.);
#535=EDGE_CURVE('',#435,#434,#192,.T.);
#536=EDGE_CURVE('',#431,#435,#193,.T.);
#537=EDGE_CURVE('',#410,#436,#194,.T.);
#538=EDGE_CURVE('',#437,#436,#380,.T.);
#539=EDGE_CURVE('',#411,#437,#195,.T.);
#540=EDGE_CURVE('',#438,#437,#196,.T.);
#541=EDGE_CURVE('',#438,#412,#197,.T.);
#542=EDGE_CURVE('',#439,#436,#198,.T.);
#543=EDGE_CURVE('',#439,#440,#381,.T.);
#544=EDGE_CURVE('',#441,#440,#199,.T.);
#545=EDGE_CURVE('',#441,#442,#382,.T.);
#546=EDGE_CURVE('',#442,#443,#200,.T.);
#547=EDGE_CURVE('',#443,#444,#201,.T.);
#548=EDGE_CURVE('',#444,#445,#383,.T.);
#549=EDGE_CURVE('',#445,#446,#202,.T.);
#550=EDGE_CURVE('',#446,#447,#384,.T.);
#551=EDGE_CURVE('',#447,#448,#203,.T.);
#552=EDGE_CURVE('',#448,#438,#385,.T.);
#553=EDGE_CURVE('',#449,#449,#386,.T.);
#554=EDGE_CURVE('',#450,#450,#387,.T.);
#555=EDGE_CURVE('',#451,#451,#388,.T.);
#556=EDGE_CURVE('',#452,#452,#389,.T.);
#557=EDGE_CURVE('',#453,#454,#204,.T.);
#558=EDGE_CURVE('',#454,#455,#205,.T.);
#559=EDGE_CURVE('',#455,#456,#206,.T.);
#560=EDGE_CURVE('',#456,#453,#207,.T.);
#561=EDGE_CURVE('',#443,#418,#208,.T.);
#562=EDGE_CURVE('',#417,#444,#209,.T.);
#563=EDGE_CURVE('',#457,#458,#390,.T.);
#564=EDGE_CURVE('',#458,#457,#391,.T.);
#565=EDGE_CURVE('',#458,#459,#210,.T.);
#566=EDGE_CURVE('',#459,#460,#17,.F.);
#567=EDGE_CURVE('',#461,#460,#392,.T.);
#568=EDGE_CURVE('',#461,#462,#18,.T.);
#569=EDGE_CURVE('',#463,#462,#393,.T.);
#570=EDGE_CURVE('',#463,#464,#19,.T.);
#571=EDGE_CURVE('',#465,#464,#394,.T.);
#572=EDGE_CURVE('',#465,#466,#20,.T.);
#573=EDGE_CURVE('',#467,#466,#395,.T.);
#574=EDGE_CURVE('',#467,#468,#21,.T.);
#575=EDGE_CURVE('',#469,#468,#396,.T.);
#576=EDGE_CURVE('',#469,#470,#22,.T.);
#577=EDGE_CURVE('',#471,#470,#397,.T.);
#578=EDGE_CURVE('',#471,#459,#23,.F.);
#579=EDGE_CURVE('',#470,#472,#211,.T.);
#580=EDGE_CURVE('',#472,#471,#212,.T.);
#581=EDGE_CURVE('',#468,#473,#213,.T.);
#582=EDGE_CURVE('',#473,#469,#214,.T.);
#583=EDGE_CURVE('',#460,#474,#215,.T.);
#584=EDGE_CURVE('',#474,#461,#216,.T.);
#585=EDGE_CURVE('',#466,#475,#217,.T.);
#586=EDGE_CURVE('',#475,#467,#218,.T.);
#587=EDGE_CURVE('',#462,#476,#219,.T.);
#588=EDGE_CURVE('',#476,#463,#220,.T.);
#589=EDGE_CURVE('',#450,#457,#221,.T.);
#590=EDGE_CURVE('',#477,#478,#398,.T.);
#591=EDGE_CURVE('',#478,#477,#399,.T.);
#592=EDGE_CURVE('',#478,#479,#222,.T.);
#593=EDGE_CURVE('',#479,#480,#24,.F.);
#594=EDGE_CURVE('',#481,#480,#400,.T.);
#595=EDGE_CURVE('',#481,#482,#25,.T.);
#596=EDGE_CURVE('',#483,#482,#401,.T.);
#597=EDGE_CURVE('',#483,#484,#26,.T.);
#598=EDGE_CURVE('',#485,#484,#402,.T.);
#599=EDGE_CURVE('',#485,#486,#27,.T.);
#600=EDGE_CURVE('',#487,#486,#403,.T.);
#601=EDGE_CURVE('',#487,#488,#28,.T.);
#602=EDGE_CURVE('',#489,#488,#404,.T.);
#603=EDGE_CURVE('',#489,#490,#29,.T.);
#604=EDGE_CURVE('',#491,#490,#405,.T.);
#605=EDGE_CURVE('',#491,#479,#30,.F.);
#606=EDGE_CURVE('',#490,#492,#223,.T.);
#607=EDGE_CURVE('',#492,#491,#224,.T.);
#608=EDGE_CURVE('',#488,#493,#225,.T.);
#609=EDGE_CURVE('',#493,#489,#226,.T.);
#610=EDGE_CURVE('',#480,#494,#227,.T.);
#611=EDGE_CURVE('',#494,#481,#228,.T.);
#612=EDGE_CURVE('',#486,#495,#229,.T.);
#613=EDGE_CURVE('',#495,#487,#230,.T.);
#614=EDGE_CURVE('',#482,#496,#231,.T.);
#615=EDGE_CURVE('',#496,#483,#232,.T.);
#616=EDGE_CURVE('',#451,#477,#233,.T.);
#617=EDGE_CURVE('',#497,#497,#406,.T.);
#618=EDGE_CURVE('',#497,#449,#234,.T.);
#619=EDGE_CURVE('',#431,#495,#235,.T.);
#620=EDGE_CURVE('',#498,#485,#236,.T.);
#621=EDGE_CURVE('',#430,#498,#237,.T.);
#622=EDGE_CURVE('',#484,#498,#238,.T.);
#623=EDGE_CURVE('',#432,#496,#239,.T.);
#624=EDGE_CURVE('',#433,#494,#240,.T.);
#625=EDGE_CURVE('',#434,#492,#241,.T.);
#626=EDGE_CURVE('',#435,#493,#242,.T.);
#627=EDGE_CURVE('',#425,#474,#243,.T.);
#628=EDGE_CURVE('',#424,#472,#244,.T.);
#629=EDGE_CURVE('',#426,#473,#245,.T.);
#630=EDGE_CURVE('',#427,#475,#246,.T.);
#631=EDGE_CURVE('',#499,#465,#247,.T.);
#632=EDGE_CURVE('',#428,#499,#248,.T.);
#633=EDGE_CURVE('',#464,#499,#249,.T.);
#634=EDGE_CURVE('',#429,#476,#250,.T.);
#635=EDGE_CURVE('',#445,#416,#251,.T.);
#636=EDGE_CURVE('',#446,#415,#252,.T.);
#637=EDGE_CURVE('',#413,#448,#253,.T.);
#638=EDGE_CURVE('',#447,#414,#254,.T.);
#639=EDGE_CURVE('',#440,#421,#255,.T.);
#640=EDGE_CURVE('',#420,#441,#256,.T.);
#641=EDGE_CURVE('',#500,#500,#407,.T.);
#642=EDGE_CURVE('',#452,#501,#257,.T.);
#643=EDGE_CURVE('',#502,#501,#15,.T.);
#644=EDGE_CURVE('',#501,#502,#16,.T.);
#645=EDGE_CURVE('',#501,#423,#258,.T.);
#646=EDGE_CURVE('',#503,#454,#259,.T.);
#647=EDGE_CURVE('',#504,#503,#260,.T.);
#648=EDGE_CURVE('',#505,#504,#261,.T.);
#649=EDGE_CURVE('',#455,#505,#262,.T.);
#650=EDGE_CURVE('',#506,#506,#408,.T.);
#651=EDGE_CURVE('',#507,#503,#263,.T.);
#652=EDGE_CURVE('',#453,#507,#264,.T.);
#653=EDGE_CURVE('',#508,#505,#265,.T.);
#654=EDGE_CURVE('',#508,#456,#266,.T.);
#655=EDGE_CURVE('',#509,#504,#267,.T.);
#656=EDGE_CURVE('',#509,#508,#268,.T.);
#657=EDGE_CURVE('',#507,#509,#269,.T.);
#658=EDGE_CURVE('',#500,#510,#270,.T.);
#659=EDGE_CURVE('',#510,#510,#409,.T.);
#660=EDGE_CURVE('',#506,#502,#271,.T.);
#661=EDGE_CURVE('',#442,#419,#272,.T.);
#662=EDGE_CURVE('',#422,#439,#273,.T.);
#663=ORIENTED_EDGE('',*,*,#511,.T.);
#664=ORIENTED_EDGE('',*,*,#512,.T.);
#665=ORIENTED_EDGE('',*,*,#513,.T.);
#666=ORIENTED_EDGE('',*,*,#514,.T.);
#667=ORIENTED_EDGE('',*,*,#515,.T.);
#668=ORIENTED_EDGE('',*,*,#516,.T.);
#669=ORIENTED_EDGE('',*,*,#517,.T.);
#670=ORIENTED_EDGE('',*,*,#518,.T.);
#671=ORIENTED_EDGE('',*,*,#519,.T.);
#672=ORIENTED_EDGE('',*,*,#520,.T.);
#673=ORIENTED_EDGE('',*,*,#521,.F.);
#674=ORIENTED_EDGE('',*,*,#522,.T.);
#675=ORIENTED_EDGE('',*,*,#523,.T.);
#676=ORIENTED_EDGE('',*,*,#524,.T.);
#677=ORIENTED_EDGE('',*,*,#525,.F.);
#678=ORIENTED_EDGE('',*,*,#526,.F.);
#679=ORIENTED_EDGE('',*,*,#527,.F.);
#680=ORIENTED_EDGE('',*,*,#528,.F.);
#681=ORIENTED_EDGE('',*,*,#529,.F.);
#682=ORIENTED_EDGE('',*,*,#530,.F.);
#683=ORIENTED_EDGE('',*,*,#531,.F.);
#684=ORIENTED_EDGE('',*,*,#532,.F.);
#685=ORIENTED_EDGE('',*,*,#533,.F.);
#686=ORIENTED_EDGE('',*,*,#534,.F.);
#687=ORIENTED_EDGE('',*,*,#535,.F.);
#688=ORIENTED_EDGE('',*,*,#536,.F.);
#689=ORIENTED_EDGE('',*,*,#511,.F.);
#690=ORIENTED_EDGE('',*,*,#537,.T.);
#691=ORIENTED_EDGE('',*,*,#538,.F.);
#692=ORIENTED_EDGE('',*,*,#539,.F.);
#693=ORIENTED_EDGE('',*,*,#539,.T.);
#694=ORIENTED_EDGE('',*,*,#540,.F.);
#695=ORIENTED_EDGE('',*,*,#541,.T.);
#696=ORIENTED_EDGE('',*,*,#512,.F.);
#697=ORIENTED_EDGE('',*,*,#540,.T.);
#698=ORIENTED_EDGE('',*,*,#538,.T.);
#699=ORIENTED_EDGE('',*,*,#542,.F.);
#700=ORIENTED_EDGE('',*,*,#543,.T.);
#701=ORIENTED_EDGE('',*,*,#544,.F.);
#702=ORIENTED_EDGE('',*,*,#545,.T.);
#703=ORIENTED_EDGE('',*,*,#546,.T.);
#704=ORIENTED_EDGE('',*,*,#547,.T.);
#705=ORIENTED_EDGE('',*,*,#548,.T.);
#706=ORIENTED_EDGE('',*,*,#549,.T.);
#707=ORIENTED_EDGE('',*,*,#550,.T.);
#708=ORIENTED_EDGE('',*,*,#551,.T.);
#709=ORIENTED_EDGE('',*,*,#552,.T.);
#710=ORIENTED_EDGE('',*,*,#553,.F.);
#711=ORIENTED_EDGE('',*,*,#554,.F.);
#712=ORIENTED_EDGE('',*,*,#555,.F.);
#713=ORIENTED_EDGE('',*,*,#556,.T.);
#714=ORIENTED_EDGE('',*,*,#557,.T.);
#715=ORIENTED_EDGE('',*,*,#558,.T.);
#716=ORIENTED_EDGE('',*,*,#559,.T.);
#717=ORIENTED_EDGE('',*,*,#560,.T.);
#718=ORIENTED_EDGE('',*,*,#561,.T.);
#719=ORIENTED_EDGE('',*,*,#518,.F.);
#720=ORIENTED_EDGE('',*,*,#562,.T.);
#721=ORIENTED_EDGE('',*,*,#547,.F.);
#722=ORIENTED_EDGE('',*,*,#563,.F.);
#723=ORIENTED_EDGE('',*,*,#564,.F.);
#724=ORIENTED_EDGE('',*,*,#565,.T.);
#725=ORIENTED_EDGE('',*,*,#566,.T.);
#726=ORIENTED_EDGE('',*,*,#567,.F.);
#727=ORIENTED_EDGE('',*,*,#568,.T.);
#728=ORIENTED_EDGE('',*,*,#569,.F.);
#729=ORIENTED_EDGE('',*,*,#570,.T.);
#730=ORIENTED_EDGE('',*,*,#571,.F.);
#731=ORIENTED_EDGE('',*,*,#572,.T.);
#732=ORIENTED_EDGE('',*,*,#573,.F.);
#733=ORIENTED_EDGE('',*,*,#574,.T.);
#734=ORIENTED_EDGE('',*,*,#575,.F.);
#735=ORIENTED_EDGE('',*,*,#576,.T.);
#736=ORIENTED_EDGE('',*,*,#577,.F.);
#737=ORIENTED_EDGE('',*,*,#578,.T.);
#738=ORIENTED_EDGE('',*,*,#565,.F.);
#739=ORIENTED_EDGE('',*,*,#577,.T.);
#740=ORIENTED_EDGE('',*,*,#579,.T.);
#741=ORIENTED_EDGE('',*,*,#580,.T.);
#742=ORIENTED_EDGE('',*,*,#575,.T.);
#743=ORIENTED_EDGE('',*,*,#581,.T.);
#744=ORIENTED_EDGE('',*,*,#582,.T.);
#745=ORIENTED_EDGE('',*,*,#567,.T.);
#746=ORIENTED_EDGE('',*,*,#583,.T.);
#747=ORIENTED_EDGE('',*,*,#584,.T.);
#748=ORIENTED_EDGE('',*,*,#573,.T.);
#749=ORIENTED_EDGE('',*,*,#585,.T.);
#750=ORIENTED_EDGE('',*,*,#586,.T.);
#751=ORIENTED_EDGE('',*,*,#569,.T.);
#752=ORIENTED_EDGE('',*,*,#587,.T.);
#753=ORIENTED_EDGE('',*,*,#588,.T.);
#754=ORIENTED_EDGE('',*,*,#554,.T.);
#755=ORIENTED_EDGE('',*,*,#589,.T.);
#756=ORIENTED_EDGE('',*,*,#563,.T.);
#757=ORIENTED_EDGE('',*,*,#564,.T.);
#758=ORIENTED_EDGE('',*,*,#589,.F.);
#759=ORIENTED_EDGE('',*,*,#590,.F.);
#760=ORIENTED_EDGE('',*,*,#591,.F.);
#761=ORIENTED_EDGE('',*,*,#592,.T.);
#762=ORIENTED_EDGE('',*,*,#593,.T.);
#763=ORIENTED_EDGE('',*,*,#594,.F.);
#764=ORIENTED_EDGE('',*,*,#595,.T.);
#765=ORIENTED_EDGE('',*,*,#596,.F.);
#766=ORIENTED_EDGE('',*,*,#597,.T.);
#767=ORIENTED_EDGE('',*,*,#598,.F.);
#768=ORIENTED_EDGE('',*,*,#599,.T.);
#769=ORIENTED_EDGE('',*,*,#600,.F.);
#770=ORIENTED_EDGE('',*,*,#601,.T.);
#771=ORIENTED_EDGE('',*,*,#602,.F.);
#772=ORIENTED_EDGE('',*,*,#603,.T.);
#773=ORIENTED_EDGE('',*,*,#604,.F.);
#774=ORIENTED_EDGE('',*,*,#605,.T.);
#775=ORIENTED_EDGE('',*,*,#592,.F.);
#776=ORIENTED_EDGE('',*,*,#604,.T.);
#777=ORIENTED_EDGE('',*,*,#606,.T.);
#778=ORIENTED_EDGE('',*,*,#607,.T.);
#779=ORIENTED_EDGE('',*,*,#602,.T.);
#780=ORIENTED_EDGE('',*,*,#608,.T.);
#781=ORIENTED_EDGE('',*,*,#609,.T.);
#782=ORIENTED_EDGE('',*,*,#594,.T.);
#783=ORIENTED_EDGE('',*,*,#610,.T.);
#784=ORIENTED_EDGE('',*,*,#611,.T.);
#785=ORIENTED_EDGE('',*,*,#600,.T.);
#786=ORIENTED_EDGE('',*,*,#612,.T.);
#787=ORIENTED_EDGE('',*,*,#613,.T.);
#788=ORIENTED_EDGE('',*,*,#596,.T.);
#789=ORIENTED_EDGE('',*,*,#614,.T.);
#790=ORIENTED_EDGE('',*,*,#615,.T.);
#791=ORIENTED_EDGE('',*,*,#555,.T.);
#792=ORIENTED_EDGE('',*,*,#616,.T.);
#793=ORIENTED_EDGE('',*,*,#590,.T.);
#794=ORIENTED_EDGE('',*,*,#591,.T.);
#795=ORIENTED_EDGE('',*,*,#616,.F.);
#796=ORIENTED_EDGE('',*,*,#617,.F.);
#797=ORIENTED_EDGE('',*,*,#618,.T.);
#798=ORIENTED_EDGE('',*,*,#553,.T.);
#799=ORIENTED_EDGE('',*,*,#618,.F.);
#800=ORIENTED_EDGE('',*,*,#617,.T.);
#801=ORIENTED_EDGE('',*,*,#531,.T.);
#802=ORIENTED_EDGE('',*,*,#619,.T.);
#803=ORIENTED_EDGE('',*,*,#612,.F.);
#804=ORIENTED_EDGE('',*,*,#599,.F.);
#805=ORIENTED_EDGE('',*,*,#620,.F.);
#806=ORIENTED_EDGE('',*,*,#621,.F.);
#807=ORIENTED_EDGE('',*,*,#532,.T.);
#808=ORIENTED_EDGE('',*,*,#621,.T.);
#809=ORIENTED_EDGE('',*,*,#622,.F.);
#810=ORIENTED_EDGE('',*,*,#597,.F.);
#811=ORIENTED_EDGE('',*,*,#615,.F.);
#812=ORIENTED_EDGE('',*,*,#623,.F.);
#813=ORIENTED_EDGE('',*,*,#533,.T.);
#814=ORIENTED_EDGE('',*,*,#623,.T.);
#815=ORIENTED_EDGE('',*,*,#614,.F.);
#816=ORIENTED_EDGE('',*,*,#595,.F.);
#817=ORIENTED_EDGE('',*,*,#611,.F.);
#818=ORIENTED_EDGE('',*,*,#624,.F.);
#819=ORIENTED_EDGE('',*,*,#534,.T.);
#820=ORIENTED_EDGE('',*,*,#624,.T.);
#821=ORIENTED_EDGE('',*,*,#610,.F.);
#822=ORIENTED_EDGE('',*,*,#593,.F.);
#823=ORIENTED_EDGE('',*,*,#605,.F.);
#824=ORIENTED_EDGE('',*,*,#607,.F.);
#825=ORIENTED_EDGE('',*,*,#625,.F.);
#826=ORIENTED_EDGE('',*,*,#535,.T.);
#827=ORIENTED_EDGE('',*,*,#625,.T.);
#828=ORIENTED_EDGE('',*,*,#606,.F.);
#829=ORIENTED_EDGE('',*,*,#603,.F.);
#830=ORIENTED_EDGE('',*,*,#609,.F.);
#831=ORIENTED_EDGE('',*,*,#626,.F.);
#832=ORIENTED_EDGE('',*,*,#536,.T.);
#833=ORIENTED_EDGE('',*,*,#626,.T.);
#834=ORIENTED_EDGE('',*,*,#608,.F.);
#835=ORIENTED_EDGE('',*,*,#601,.F.);
#836=ORIENTED_EDGE('',*,*,#613,.F.);
#837=ORIENTED_EDGE('',*,*,#619,.F.);
#838=ORIENTED_EDGE('',*,*,#598,.T.);
#839=ORIENTED_EDGE('',*,*,#622,.T.);
#840=ORIENTED_EDGE('',*,*,#620,.T.);
#841=ORIENTED_EDGE('',*,*,#525,.T.);
#842=ORIENTED_EDGE('',*,*,#627,.T.);
#843=ORIENTED_EDGE('',*,*,#583,.F.);
#844=ORIENTED_EDGE('',*,*,#566,.F.);
#845=ORIENTED_EDGE('',*,*,#578,.F.);
#846=ORIENTED_EDGE('',*,*,#580,.F.);
#847=ORIENTED_EDGE('',*,*,#628,.F.);
#848=ORIENTED_EDGE('',*,*,#526,.T.);
#849=ORIENTED_EDGE('',*,*,#628,.T.);
#850=ORIENTED_EDGE('',*,*,#579,.F.);
#851=ORIENTED_EDGE('',*,*,#576,.F.);
#852=ORIENTED_EDGE('',*,*,#582,.F.);
#853=ORIENTED_EDGE('',*,*,#629,.F.);
#854=ORIENTED_EDGE('',*,*,#527,.T.);
#855=ORIENTED_EDGE('',*,*,#629,.T.);
#856=ORIENTED_EDGE('',*,*,#581,.F.);
#857=ORIENTED_EDGE('',*,*,#574,.F.);
#858=ORIENTED_EDGE('',*,*,#586,.F.);
#859=ORIENTED_EDGE('',*,*,#630,.F.);
#860=ORIENTED_EDGE('',*,*,#528,.T.);
#861=ORIENTED_EDGE('',*,*,#630,.T.);
#862=ORIENTED_EDGE('',*,*,#585,.F.);
#863=ORIENTED_EDGE('',*,*,#572,.F.);
#864=ORIENTED_EDGE('',*,*,#631,.F.);
#865=ORIENTED_EDGE('',*,*,#632,.F.);
#866=ORIENTED_EDGE('',*,*,#529,.T.);
#867=ORIENTED_EDGE('',*,*,#632,.T.);
#868=ORIENTED_EDGE('',*,*,#633,.F.);
#869=ORIENTED_EDGE('',*,*,#570,.F.);
#870=ORIENTED_EDGE('',*,*,#588,.F.);
#871=ORIENTED_EDGE('',*,*,#634,.F.);
#872=ORIENTED_EDGE('',*,*,#530,.T.);
#873=ORIENTED_EDGE('',*,*,#634,.T.);
#874=ORIENTED_EDGE('',*,*,#587,.F.);
#875=ORIENTED_EDGE('',*,*,#568,.F.);
#876=ORIENTED_EDGE('',*,*,#584,.F.);
#877=ORIENTED_EDGE('',*,*,#627,.F.);
#878=ORIENTED_EDGE('',*,*,#571,.T.);
#879=ORIENTED_EDGE('',*,*,#633,.T.);
#880=ORIENTED_EDGE('',*,*,#631,.T.);
#881=ORIENTED_EDGE('',*,*,#548,.F.);
#882=ORIENTED_EDGE('',*,*,#562,.F.);
#883=ORIENTED_EDGE('',*,*,#517,.F.);
#884=ORIENTED_EDGE('',*,*,#635,.F.);
#885=ORIENTED_EDGE('',*,*,#635,.T.);
#886=ORIENTED_EDGE('',*,*,#516,.F.);
#887=ORIENTED_EDGE('',*,*,#636,.F.);
#888=ORIENTED_EDGE('',*,*,#549,.F.);
#889=ORIENTED_EDGE('',*,*,#552,.F.);
#890=ORIENTED_EDGE('',*,*,#637,.F.);
#891=ORIENTED_EDGE('',*,*,#513,.F.);
#892=ORIENTED_EDGE('',*,*,#541,.F.);
#893=ORIENTED_EDGE('',*,*,#637,.T.);
#894=ORIENTED_EDGE('',*,*,#551,.F.);
#895=ORIENTED_EDGE('',*,*,#638,.T.);
#896=ORIENTED_EDGE('',*,*,#514,.F.);
#897=ORIENTED_EDGE('',*,*,#550,.F.);
#898=ORIENTED_EDGE('',*,*,#636,.T.);
#899=ORIENTED_EDGE('',*,*,#515,.F.);
#900=ORIENTED_EDGE('',*,*,#638,.F.);
#901=ORIENTED_EDGE('',*,*,#639,.T.);
#902=ORIENTED_EDGE('',*,*,#521,.T.);
#903=ORIENTED_EDGE('',*,*,#640,.T.);
#904=ORIENTED_EDGE('',*,*,#544,.T.);
#905=ORIENTED_EDGE('',*,*,#641,.T.);
#906=ORIENTED_EDGE('',*,*,#556,.F.);
#907=ORIENTED_EDGE('',*,*,#642,.T.);
#908=ORIENTED_EDGE('',*,*,#643,.F.);
#909=ORIENTED_EDGE('',*,*,#644,.F.);
#910=ORIENTED_EDGE('',*,*,#645,.T.);
#911=ORIENTED_EDGE('',*,*,#524,.F.);
#912=ORIENTED_EDGE('',*,*,#645,.F.);
#913=ORIENTED_EDGE('',*,*,#642,.F.);
#914=ORIENTED_EDGE('',*,*,#646,.F.);
#915=ORIENTED_EDGE('',*,*,#647,.F.);
#916=ORIENTED_EDGE('',*,*,#648,.F.);
#917=ORIENTED_EDGE('',*,*,#649,.F.);
#918=ORIENTED_EDGE('',*,*,#558,.F.);
#919=ORIENTED_EDGE('',*,*,#650,.T.);
#920=ORIENTED_EDGE('',*,*,#651,.T.);
#921=ORIENTED_EDGE('',*,*,#646,.T.);
#922=ORIENTED_EDGE('',*,*,#557,.F.);
#923=ORIENTED_EDGE('',*,*,#652,.T.);
#924=ORIENTED_EDGE('',*,*,#559,.F.);
#925=ORIENTED_EDGE('',*,*,#649,.T.);
#926=ORIENTED_EDGE('',*,*,#653,.F.);
#927=ORIENTED_EDGE('',*,*,#654,.T.);
#928=ORIENTED_EDGE('',*,*,#653,.T.);
#929=ORIENTED_EDGE('',*,*,#648,.T.);
#930=ORIENTED_EDGE('',*,*,#655,.F.);
#931=ORIENTED_EDGE('',*,*,#656,.T.);
#932=ORIENTED_EDGE('',*,*,#655,.T.);
#933=ORIENTED_EDGE('',*,*,#647,.T.);
#934=ORIENTED_EDGE('',*,*,#651,.F.);
#935=ORIENTED_EDGE('',*,*,#657,.T.);
#936=ORIENTED_EDGE('',*,*,#641,.F.);
#937=ORIENTED_EDGE('',*,*,#658,.T.);
#938=ORIENTED_EDGE('',*,*,#659,.T.);
#939=ORIENTED_EDGE('',*,*,#658,.F.);
#940=ORIENTED_EDGE('',*,*,#650,.F.);
#941=ORIENTED_EDGE('',*,*,#660,.T.);
#942=ORIENTED_EDGE('',*,*,#643,.T.);
#943=ORIENTED_EDGE('',*,*,#644,.T.);
#944=ORIENTED_EDGE('',*,*,#660,.F.);
#945=ORIENTED_EDGE('',*,*,#652,.F.);
#946=ORIENTED_EDGE('',*,*,#560,.F.);
#947=ORIENTED_EDGE('',*,*,#654,.F.);
#948=ORIENTED_EDGE('',*,*,#656,.F.);
#949=ORIENTED_EDGE('',*,*,#657,.F.);
#950=ORIENTED_EDGE('',*,*,#659,.F.);
#951=ORIENTED_EDGE('',*,*,#561,.F.);
#952=ORIENTED_EDGE('',*,*,#546,.F.);
#953=ORIENTED_EDGE('',*,*,#661,.T.);
#954=ORIENTED_EDGE('',*,*,#519,.F.);
#955=ORIENTED_EDGE('',*,*,#545,.F.);
#956=ORIENTED_EDGE('',*,*,#640,.F.);
#957=ORIENTED_EDGE('',*,*,#520,.F.);
#958=ORIENTED_EDGE('',*,*,#661,.F.);
#959=ORIENTED_EDGE('',*,*,#662,.T.);
#960=ORIENTED_EDGE('',*,*,#542,.T.);
#961=ORIENTED_EDGE('',*,*,#537,.F.);
#962=ORIENTED_EDGE('',*,*,#523,.F.);
#963=ORIENTED_EDGE('',*,*,#522,.F.);
#964=ORIENTED_EDGE('',*,*,#639,.F.);
#965=ORIENTED_EDGE('',*,*,#543,.F.);
#966=ORIENTED_EDGE('',*,*,#662,.F.);
#967=PLANE('',#1075);
#968=PLANE('',#1085);
#969=PLANE('',#1086);
#970=PLANE('',#1096);
#971=PLANE('',#1106);
#972=PLANE('',#1107);
#973=PLANE('',#1108);
#974=PLANE('',#1109);
#975=PLANE('',#1110);
#976=PLANE('',#1121);
#977=PLANE('',#1122);
#978=PLANE('',#1123);
#979=PLANE('',#1124);
#980=PLANE('',#1125);
#981=PLANE('',#1129);
#982=PLANE('',#1130);
#983=PLANE('',#1131);
#984=PLANE('',#1132);
#985=PLANE('',#1133);
#986=PLANE('',#1134);
#987=PLANE('',#1135);
#988=PLANE('',#1136);
#989=PLANE('',#1137);
#990=PLANE('',#1138);
#991=PLANE('',#1139);
#992=PLANE('',#1140);
#993=PLANE('',#1141);
#994=PLANE('',#1142);
#995=PLANE('',#1143);
#996=PLANE('',#1145);
#997=PLANE('',#1147);
#998=PLANE('',#1149);
#999=PLANE('',#1154);
#1000=PLANE('',#1156);
#1001=PLANE('',#1157);
#1002=PLANE('',#1158);
#1003=PLANE('',#1159);
#1004=PLANE('',#1163);
#1005=PLANE('',#1164);
#1006=PLANE('',#1166);
#1007=ADVANCED_FACE('',(#56,#45,#46,#47),#967,.T.);
#1008=ADVANCED_FACE('',(#57),#33,.T.);
#1009=ADVANCED_FACE('',(#58),#968,.T.);
#1010=ADVANCED_FACE('',(#59,#48,#49,#50,#51,#52),#969,.T.);
#1011=ADVANCED_FACE('',(#60),#970,.T.);
#1012=ADVANCED_FACE('',(#61),#31,.F.);
#1013=ADVANCED_FACE('',(#62),#971,.F.);
#1014=ADVANCED_FACE('',(#63),#972,.F.);
#1015=ADVANCED_FACE('',(#64),#973,.F.);
#1016=ADVANCED_FACE('',(#65),#974,.F.);
#1017=ADVANCED_FACE('',(#66),#975,.F.);
#1018=ADVANCED_FACE('',(#67),#34,.F.);
#1019=ADVANCED_FACE('',(#68),#32,.F.);
#1020=ADVANCED_FACE('',(#69),#976,.F.);
#1021=ADVANCED_FACE('',(#70),#977,.F.);
#1022=ADVANCED_FACE('',(#71),#978,.F.);
#1023=ADVANCED_FACE('',(#72),#979,.F.);
#1024=ADVANCED_FACE('',(#73),#980,.F.);
#1025=ADVANCED_FACE('',(#74),#35,.F.);
#1026=ADVANCED_FACE('',(#75),#36,.F.);
#1027=ADVANCED_FACE('',(#76),#981,.T.);
#1028=ADVANCED_FACE('',(#77),#982,.T.);
#1029=ADVANCED_FACE('',(#78),#983,.T.);
#1030=ADVANCED_FACE('',(#79),#984,.T.);
#1031=ADVANCED_FACE('',(#80),#985,.T.);
#1032=ADVANCED_FACE('',(#81),#986,.T.);
#1033=ADVANCED_FACE('',(#82),#987,.T.);
#1034=ADVANCED_FACE('',(#83),#988,.F.);
#1035=ADVANCED_FACE('',(#84),#989,.T.);
#1036=ADVANCED_FACE('',(#85),#990,.T.);
#1037=ADVANCED_FACE('',(#86),#991,.T.);
#1038=ADVANCED_FACE('',(#87),#992,.T.);
#1039=ADVANCED_FACE('',(#88),#993,.T.);
#1040=ADVANCED_FACE('',(#89),#994,.T.);
#1041=ADVANCED_FACE('',(#90),#995,.F.);
#1042=ADVANCED_FACE('',(#91),#37,.T.);
#1043=ADVANCED_FACE('',(#92),#996,.T.);
#1044=ADVANCED_FACE('',(#93),#38,.T.);
#1045=ADVANCED_FACE('',(#94),#997,.T.);
#1046=ADVANCED_FACE('',(#95),#39,.T.);
#1047=ADVANCED_FACE('',(#96,#53),#998,.T.);
#1048=ADVANCED_FACE('',(#97),#40,.F.);
#1049=ADVANCED_FACE('',(#98,#54),#999,.T.);
#1050=ADVANCED_FACE('',(#99),#1000,.F.);
#1051=ADVANCED_FACE('',(#100),#1001,.F.);
#1052=ADVANCED_FACE('',(#101),#1002,.F.);
#1053=ADVANCED_FACE('',(#102),#1003,.F.);
#1054=ADVANCED_FACE('',(#103),#41,.F.);
#1055=ADVANCED_FACE('',(#104),#42,.F.);
#1056=ADVANCED_FACE('',(#105,#55),#1004,.F.);
#1057=ADVANCED_FACE('',(#106),#1005,.T.);
#1058=ADVANCED_FACE('',(#107),#43,.T.);
#1059=ADVANCED_FACE('',(#108),#1006,.T.);
#1060=ADVANCED_FACE('',(#109),#44,.T.);
#1061=CLOSED_SHELL('',(#1007,#1008,#1009,#1010,#1011,#1012,#1013,#1014,
#1015,#1016,#1017,#1018,#1019,#1020,#1021,#1022,#1023,#1024,#1025,#1026,
#1027,#1028,#1029,#1030,#1031,#1032,#1033,#1034,#1035,#1036,#1037,#1038,
#1039,#1040,#1041,#1042,#1043,#1044,#1045,#1046,#1047,#1048,#1049,#1050,
#1051,#1052,#1053,#1054,#1055,#1056,#1057,#1058,#1059,#1060));
#1062=DERIVED_UNIT_ELEMENT(#1064,1.);
#1063=DERIVED_UNIT_ELEMENT(#1796,-3.);
#1064=(
MASS_UNIT()
NAMED_UNIT(*)
SI_UNIT(.KILO.,.GRAM.)
);
#1065=DERIVED_UNIT((#1062,#1063));
#1066=MEASURE_REPRESENTATION_ITEM('density measure',
POSITIVE_RATIO_MEASURE(7850.),#1065);
#1067=PROPERTY_DEFINITION_REPRESENTATION(#1072,#1069);
#1068=PROPERTY_DEFINITION_REPRESENTATION(#1073,#1070);
#1069=REPRESENTATION('material name',(#1071),#1793);
#1070=REPRESENTATION('density',(#1066),#1793);
#1071=DESCRIPTIVE_REPRESENTATION_ITEM('Stahl','Stahl');
#1072=PROPERTY_DEFINITION('material property','material name',#1803);
#1073=PROPERTY_DEFINITION('material property','density of part',#1803);
#1074=AXIS2_PLACEMENT_3D('',#1455,#1168,#1169);
#1075=AXIS2_PLACEMENT_3D('',#1456,#1170,#1171);
#1076=AXIS2_PLACEMENT_3D('',#1459,#1172,#1173);
#1077=AXIS2_PLACEMENT_3D('',#1463,#1175,#1176);
#1078=AXIS2_PLACEMENT_3D('',#1467,#1178,#1179);
#1079=AXIS2_PLACEMENT_3D('',#1471,#1181,#1182);
#1080=AXIS2_PLACEMENT_3D('',#1477,#1185,#1186);
#1081=AXIS2_PLACEMENT_3D('',#1481,#1188,#1189);
#1082=AXIS2_PLACEMENT_3D('',#1484,#1191,#1192);
#1083=AXIS2_PLACEMENT_3D('',#1509,#1205,#1206);
#1084=AXIS2_PLACEMENT_3D('',#1513,#1208,#1209);
#1085=AXIS2_PLACEMENT_3D('',#1515,#1211,#1212);
#1086=AXIS2_PLACEMENT_3D('',#1519,#1215,#1216);
#1087=AXIS2_PLACEMENT_3D('',#1523,#1218,#1219);
#1088=AXIS2_PLACEMENT_3D('',#1527,#1221,#1222);
#1089=AXIS2_PLACEMENT_3D('',#1533,#1225,#1226);
#1090=AXIS2_PLACEMENT_3D('',#1537,#1228,#1229);
#1091=AXIS2_PLACEMENT_3D('',#1540,#1231,#1232);
#1092=AXIS2_PLACEMENT_3D('',#1542,#1233,#1234);
#1093=AXIS2_PLACEMENT_3D('',#1544,#1235,#1236);
#1094=AXIS2_PLACEMENT_3D('',#1546,#1237,#1238);
#1095=AXIS2_PLACEMENT_3D('',#1548,#1239,#1240);
#1096=AXIS2_PLACEMENT_3D('',#1557,#1245,#1246);
#1097=AXIS2_PLACEMENT_3D('',#1560,#1249,#1250);
#1098=AXIS2_PLACEMENT_3D('',#1563,#1251,#1252);
#1099=AXIS2_PLACEMENT_3D('',#1564,#1253,#1254);
#1100=AXIS2_PLACEMENT_3D('',#1572,#1256,#1257);
#1101=AXIS2_PLACEMENT_3D('',#1578,#1258,#1259);
#1102=AXIS2_PLACEMENT_3D('',#1584,#1260,#1261);
#1103=AXIS2_PLACEMENT_3D('',#1590,#1262,#1263);
#1104=AXIS2_PLACEMENT_3D('',#1596,#1264,#1265);
#1105=AXIS2_PLACEMENT_3D('',#1602,#1266,#1267);
#1106=AXIS2_PLACEMENT_3D('',#1606,#1268,#1269);
#1107=AXIS2_PLACEMENT_3D('',#1610,#1272,#1273);
#1108=AXIS2_PLACEMENT_3D('',#1614,#1276,#1277);
#1109=AXIS2_PLACEMENT_3D('',#1618,#1280,#1281);
#1110=AXIS2_PLACEMENT_3D('',#1622,#1284,#1285);
#1111=AXIS2_PLACEMENT_3D('',#1626,#1288,#1289);
#1112=AXIS2_PLACEMENT_3D('',#1628,#1291,#1292);
#1113=AXIS2_PLACEMENT_3D('',#1631,#1293,#1294);
#1114=AXIS2_PLACEMENT_3D('',#1632,#1295,#1296);
#1115=AXIS2_PLACEMENT_3D('',#1640,#1298,#1299);
#1116=AXIS2_PLACEMENT_3D('',#1646,#1300,#1301);
#1117=AXIS2_PLACEMENT_3D('',#1652,#1302,#1303);
#1118=AXIS2_PLACEMENT_3D('',#1658,#1304,#1305);
#1119=AXIS2_PLACEMENT_3D('',#1664,#1306,#1307);
#1120=AXIS2_PLACEMENT_3D('',#1670,#1308,#1309);
#1121=AXIS2_PLACEMENT_3D('',#1674,#1310,#1311);
#1122=AXIS2_PLACEMENT_3D('',#1678,#1314,#1315);
#1123=AXIS2_PLACEMENT_3D('',#1682,#1318,#1319);
#1124=AXIS2_PLACEMENT_3D('',#1686,#1322,#1323);
#1125=AXIS2_PLACEMENT_3D('',#1690,#1326,#1327);
#1126=AXIS2_PLACEMENT_3D('',#1694,#1330,#1331);
#1127=AXIS2_PLACEMENT_3D('',#1696,#1333,#1334);
#1128=AXIS2_PLACEMENT_3D('',#1698,#1335,#1336);
#1129=AXIS2_PLACEMENT_3D('',#1700,#1338,#1339);
#1130=AXIS2_PLACEMENT_3D('',#1701,#1340,#1341);
#1131=AXIS2_PLACEMENT_3D('',#1706,#1345,#1346);
#1132=AXIS2_PLACEMENT_3D('',#1709,#1349,#1350);
#1133=AXIS2_PLACEMENT_3D('',#1711,#1352,#1353);
#1134=AXIS2_PLACEMENT_3D('',#1713,#1355,#1356);
#1135=AXIS2_PLACEMENT_3D('',#1715,#1358,#1359);
#1136=AXIS2_PLACEMENT_3D('',#1716,#1360,#1361);
#1137=AXIS2_PLACEMENT_3D('',#1717,#1362,#1363);
#1138=AXIS2_PLACEMENT_3D('',#1720,#1366,#1367);
#1139=AXIS2_PLACEMENT_3D('',#1722,#1369,#1370);
#1140=AXIS2_PLACEMENT_3D('',#1724,#1372,#1373);
#1141=AXIS2_PLACEMENT_3D('',#1728,#1376,#1377);
#1142=AXIS2_PLACEMENT_3D('',#1731,#1380,#1381);
#1143=AXIS2_PLACEMENT_3D('',#1732,#1382,#1383);
#1144=AXIS2_PLACEMENT_3D('',#1733,#1384,#1385);
#1145=AXIS2_PLACEMENT_3D('',#1735,#1387,#1388);
#1146=AXIS2_PLACEMENT_3D('',#1737,#1390,#1391);
#1147=AXIS2_PLACEMENT_3D('',#1739,#1393,#1394);
#1148=AXIS2_PLACEMENT_3D('',#1741,#1396,#1397);
#1149=AXIS2_PLACEMENT_3D('',#1742,#1398,#1399);
#1150=AXIS2_PLACEMENT_3D('',#1746,#1402,#1403);
#1151=AXIS2_PLACEMENT_3D('',#1747,#1404,#1405);
#1152=AXIS2_PLACEMENT_3D('',#1751,#1407,#1408);
#1153=AXIS2_PLACEMENT_3D('',#1752,#1409,#1410);
#1154=AXIS2_PLACEMENT_3D('',#1754,#1412,#1413);
#1155=AXIS2_PLACEMENT_3D('',#1763,#1418,#1419);
#1156=AXIS2_PLACEMENT_3D('',#1764,#1420,#1421);
#1157=AXIS2_PLACEMENT_3D('',#1768,#1424,#1425);
#1158=AXIS2_PLACEMENT_3D('',#1772,#1428,#1429);
#1159=AXIS2_PLACEMENT_3D('',#1776,#1432,#1433);
#1160=AXIS2_PLACEMENT_3D('',#1778,#1435,#1436);
#1161=AXIS2_PLACEMENT_3D('',#1781,#1438,#1439);
#1162=AXIS2_PLACEMENT_3D('',#1782,#1440,#1441);
#1163=AXIS2_PLACEMENT_3D('',#1784,#1443,#1444);
#1164=AXIS2_PLACEMENT_3D('',#1785,#1445,#1446);
#1165=AXIS2_PLACEMENT_3D('',#1787,#1448,#1449);
#1166=AXIS2_PLACEMENT_3D('',#1788,#1450,#1451);
#1167=AXIS2_PLACEMENT_3D('',#1790,#1453,#1454);
#1168=DIRECTION('axis',(0.,0.,1.));
#1169=DIRECTION('refdir',(1.,0.,0.));
#1170=DIRECTION('center_axis',(1.24761991566912E-16,6.98131930972308E-17,
-1.));
#1171=DIRECTION('ref_axis',(-1.,2.77555756156419E-17,-1.24761991566912E-16));
#1172=DIRECTION('center_axis',(1.24761991566912E-16,6.98131930972308E-17,
-1.));
#1173=DIRECTION('ref_axis',(-0.275298223530711,0.961358875821529,3.27687781909408E-17));
#1174=DIRECTION('',(0.974315906456532,0.225185511136453,1.37278512476506E-16));
#1175=DIRECTION('center_axis',(1.24761991566912E-16,6.98131930972308E-17,
-1.));
#1176=DIRECTION('ref_axis',(0.974315906456534,0.225185511136447,1.37278512476506E-16));
#1177=DIRECTION('',(0.974315906456532,0.225185511136453,1.37278512476506E-16));
#1178=DIRECTION('center_axis',(1.24761991566912E-16,6.98131930972308E-17,
-1.));
#1179=DIRECTION('ref_axis',(0.225185511136453,-0.974315906456532,-3.99255116737564E-17));
#1180=DIRECTION('',(-0.974315906456532,-0.225185511136453,-1.37278512476506E-16));
#1181=DIRECTION('center_axis',(1.24761991566912E-16,6.98131930972308E-17,
-1.));
#1182=DIRECTION('ref_axis',(-0.974315906456534,-0.225185511136447,-1.37278512476506E-16));
#1183=DIRECTION('',(-0.974315906456532,-0.225185511136453,-1.37278512476506E-16));
#1184=DIRECTION('',(-2.77555756156419E-17,-1.,-6.98131930972308E-17));
#1185=DIRECTION('center_axis',(1.24761991566912E-16,6.98131930972308E-17,
-1.));
#1186=DIRECTION('ref_axis',(0.707106781186549,-0.707106781186546,3.88546680159649E-17));
#1187=DIRECTION('',(1.,-2.77555756156419E-17,1.24761991566912E-16));
#1188=DIRECTION('center_axis',(1.24761991566912E-16,6.98131930972308E-17,
-1.));
#1189=DIRECTION('ref_axis',(-0.707106781186549,-0.707106781186546,-1.3758543252664E-16));
#1190=DIRECTION('',(2.77555756156419E-17,1.,6.98131930972308E-17));
#1191=DIRECTION('center_axis',(-1.24761991566912E-16,-6.98131930972308E-17,
1.));
#1192=DIRECTION('ref_axis',(-1.,2.77555756156419E-17,-1.24761991566912E-16));
#1193=DIRECTION('',(0.292141580019923,0.956375081870844,1.03215763606819E-16));
#1194=DIRECTION('',(-0.682174326436611,0.7311895707344,-3.40627488696863E-17));
#1195=DIRECTION('',(-0.974315906456535,-0.225185511136444,-1.37278512476505E-16));
#1196=DIRECTION('',(-0.292141580019923,-0.956375081870844,-1.03215763606819E-16));
#1197=DIRECTION('',(0.682174326436611,-0.7311895707344,3.40627488696862E-17));
#1198=DIRECTION('',(0.974315906456535,0.225185511136443,1.37278512476505E-16));
#1199=DIRECTION('',(-0.292141580019922,-0.956375081870844,-1.03215763606819E-16));
#1200=DIRECTION('',(0.682174326436611,-0.7311895707344,3.40627488696863E-17));
#1201=DIRECTION('',(0.974315906456535,0.225185511136444,1.37278512476505E-16));
#1202=DIRECTION('',(0.292141580019924,0.956375081870843,1.03215763606819E-16));
#1203=DIRECTION('',(-0.682174326436611,0.7311895707344,-3.40627488696862E-17));
#1204=DIRECTION('',(-0.974315906456535,-0.225185511136443,-1.37278512476505E-16));
#1205=DIRECTION('center_axis',(1.24761991566912E-16,6.98131930972308E-17,
-1.));
#1206=DIRECTION('ref_axis',(-0.275298223530711,0.961358875821529,3.27687781909408E-17));
#1207=DIRECTION('',(-1.24761991566912E-16,-6.98131930972308E-17,1.));
#1208=DIRECTION('center_axis',(-1.24761991566912E-16,-6.98131930972308E-17,
1.));
#1209=DIRECTION('ref_axis',(-0.275298223530711,0.961358875821529,3.27687781909408E-17));
#1210=DIRECTION('',(-1.24761991566912E-16,-6.98131930972308E-17,1.));
#1211=DIRECTION('center_axis',(-0.225185511136453,0.974315906456532,3.99255116737565E-17));
#1212=DIRECTION('ref_axis',(0.974315906456532,0.225185511136453,1.37278512476506E-16));
#1213=DIRECTION('',(-0.974315906456532,-0.225185511136453,-1.37278512476506E-16));
#1214=DIRECTION('',(1.24761991566912E-16,6.98131930972308E-17,-1.));
#1215=DIRECTION('center_axis',(-1.24761991566912E-16,-6.98131930972308E-17,
1.));
#1216=DIRECTION('ref_axis',(1.,-2.77555756156419E-17,1.24761991566912E-16));
#1217=DIRECTION('',(2.77555756156419E-17,1.,6.98131930972308E-17));
#1218=DIRECTION('center_axis',(-1.24761991566912E-16,-6.98131930972308E-17,
1.));
#1219=DIRECTION('ref_axis',(-0.707106781186549,-0.707106781186546,-1.3758543252664E-16));
#1220=DIRECTION('',(-1.,2.77555756156419E-17,-1.24761991566912E-16));
#1221=DIRECTION('center_axis',(-1.24761991566912E-16,-6.98131930972308E-17,
1.));
#1222=DIRECTION('ref_axis',(0.707106781186549,-0.707106781186546,3.88546680159649E-17));
#1223=DIRECTION('',(2.77555756156419E-17,1.,6.98131930972308E-17));
#1224=DIRECTION('',(0.974315906456532,0.225185511136453,1.37278512476506E-16));
#1225=DIRECTION('center_axis',(-1.24761991566912E-16,-6.98131930972308E-17,
1.));
#1226=DIRECTION('ref_axis',(-0.974315906456534,-0.225185511136447,-1.37278512476506E-16));
#1227=DIRECTION('',(0.974315906456532,0.225185511136453,1.37278512476506E-16));
#1228=DIRECTION('center_axis',(-1.24761991566912E-16,-6.98131930972308E-17,
1.));
#1229=DIRECTION('ref_axis',(0.225185511136453,-0.974315906456532,-3.99255116737564E-17));
#1230=DIRECTION('',(-0.974315906456532,-0.225185511136453,-1.37278512476506E-16));
#1231=DIRECTION('center_axis',(-1.24761991566912E-16,-6.98131930972308E-17,
1.));
#1232=DIRECTION('ref_axis',(0.974315906456534,0.225185511136447,1.37278512476506E-16));
#1233=DIRECTION('center_axis',(-1.24761991566912E-16,-6.98131930972308E-17,
1.));
#1234=DIRECTION('ref_axis',(0.998660415706807,-0.0517433483677606,1.20982493991526E-16));
#1235=DIRECTION('center_axis',(-1.24761991566912E-16,-6.98131930972308E-17,
1.));
#1236=DIRECTION('ref_axis',(-0.998660415706807,0.0517433483677606,-1.20982493991526E-16));
#1237=DIRECTION('center_axis',(-1.24761991566912E-16,-6.98131930972308E-17,
1.));
#1238=DIRECTION('ref_axis',(-0.998660415706807,0.0517433483677606,-1.20982493991526E-16));
#1239=DIRECTION('center_axis',(1.24761991566912E-16,6.98131930972308E-17,
-1.));
#1240=DIRECTION('ref_axis',(-1.,2.77555756156419E-17,-1.24761991566912E-16));
#1241=DIRECTION('',(2.77555756156419E-17,1.,6.98131930972308E-17));
#1242=DIRECTION('',(1.,-2.77555756156419E-17,1.24761991566912E-16));
#1243=DIRECTION('',(-2.77555756156419E-17,-1.,-6.98131930972308E-17));
#1244=DIRECTION('',(-1.,2.77555756156419E-17,-1.24761991566912E-16));
#1245=DIRECTION('center_axis',(0.225185511136453,-0.974315906456532,-3.99255116737565E-17));
#1246=DIRECTION('ref_axis',(-0.974315906456532,-0.225185511136453,-1.37278512476506E-16));
#1247=DIRECTION('',(1.24761991566912E-16,6.98131930972308E-17,-1.));
#1248=DIRECTION('',(-1.24761991566912E-16,-6.98131930972308E-17,1.));
#1249=DIRECTION('center_axis',(1.24761991566912E-16,6.98131930972308E-17,
-1.));
#1250=DIRECTION('ref_axis',(0.998660415706807,-0.0517433483677606,1.20982493991526E-16));
#1251=DIRECTION('center_axis',(1.34460002020839E-16,7.11539775637647E-17,
-1.));
#1252=DIRECTION('ref_axis',(0.998660415706807,-0.0517433483677606,1.30598136465235E-16));
#1253=DIRECTION('center_axis',(1.34460002020839E-16,7.11539775637647E-17,
-1.));
#1254=DIRECTION('ref_axis',(0.998660415706807,-0.0517433483677606,1.30598136465235E-16));
#1255=DIRECTION('',(-0.706159552048859,0.0365880725121415,-0.707106781186548));
#1256=DIRECTION('center_axis',(-1.34460002020839E-16,-7.11539775637647E-17,
1.));
#1257=DIRECTION('ref_axis',(0.998660415706807,-0.0517433483677606,1.30598136465235E-16));
#1258=DIRECTION('center_axis',(-1.34460002020839E-16,-7.11539775637647E-17,
1.));
#1259=DIRECTION('ref_axis',(0.998660415706807,-0.0517433483677606,1.30598136465235E-16));
#1260=DIRECTION('center_axis',(-1.34460002020839E-16,-7.11539775637647E-17,
1.));
#1261=DIRECTION('ref_axis',(0.998660415706807,-0.0517433483677606,1.30598136465235E-16));
#1262=DIRECTION('center_axis',(-1.34460002020839E-16,-7.11539775637647E-17,
1.));
#1263=DIRECTION('ref_axis',(0.998660415706807,-0.0517433483677606,1.30598136465235E-16));
#1264=DIRECTION('center_axis',(-1.34460002020839E-16,-7.11539775637647E-17,
1.));
#1265=DIRECTION('ref_axis',(0.998660415706807,-0.0517433483677606,1.30598136465235E-16));
#1266=DIRECTION('center_axis',(-1.34460002020839E-16,-7.11539775637647E-17,
1.));
#1267=DIRECTION('ref_axis',(0.998660415706807,-0.0517433483677606,1.30598136465235E-16));
#1268=DIRECTION('center_axis',(-1.34460002020839E-16,-7.11539775637647E-17,
1.));
#1269=DIRECTION('ref_axis',(0.998660415706807,-0.0517433483677606,1.30598136465236E-16));
#1270=DIRECTION('',(-0.682174326436611,0.7311895707344,-3.9698115000337E-17));
#1271=DIRECTION('',(0.292141580019923,0.956375081870844,1.07331248557832E-16));
#1272=DIRECTION('center_axis',(-1.34460002020839E-16,-7.11539775637647E-17,
1.));
#1273=DIRECTION('ref_axis',(0.998660415706807,-0.0517433483677606,1.30598136465236E-16));
#1274=DIRECTION('',(-0.974315906456535,-0.225185511136444,-1.47029363558169E-16));
#1275=DIRECTION('',(-0.682174326436611,0.7311895707344,-3.9698115000337E-17));
#1276=DIRECTION('center_axis',(-1.34460002020839E-16,-7.11539775637647E-17,
1.));
#1277=DIRECTION('ref_axis',(0.998660415706807,-0.0517433483677606,1.30598136465236E-16));
#1278=DIRECTION('',(0.292141580019923,0.956375081870844,1.07331248557832E-16));
#1279=DIRECTION('',(0.974315906456535,0.225185511136443,1.47029363558169E-16));
#1280=DIRECTION('center_axis',(-1.34460002020839E-16,-7.11539775637647E-17,
1.));
#1281=DIRECTION('ref_axis',(0.998660415706807,-0.0517433483677606,1.30598136465236E-16));
#1282=DIRECTION('',(-0.292141580019923,-0.956375081870844,-1.07331248557832E-16));
#1283=DIRECTION('',(-0.974315906456535,-0.225185511136444,-1.47029363558169E-16));
#1284=DIRECTION('center_axis',(-1.34460002020839E-16,-7.11539775637647E-17,
1.));
#1285=DIRECTION('ref_axis',(0.998660415706807,-0.0517433483677606,1.30598136465236E-16));
#1286=DIRECTION('',(0.974315906456535,0.225185511136443,1.47029363558169E-16));
#1287=DIRECTION('',(0.682174326436611,-0.7311895707344,3.96981150003369E-17));
#1288=DIRECTION('center_axis',(1.24761991566912E-16,6.98131930972308E-17,
-1.));
#1289=DIRECTION('ref_axis',(-0.998660415706807,0.0517433483677606,-1.20982493991526E-16));
#1290=DIRECTION('',(1.24761991566912E-16,6.98131930972308E-17,-1.));
#1291=DIRECTION('center_axis',(1.24761991566912E-16,6.98131930972308E-17,
-1.));
#1292=DIRECTION('ref_axis',(0.998660415706807,-0.0517433483677606,1.20982493991526E-16));
#1293=DIRECTION('center_axis',(1.34460002020839E-16,7.11539775637647E-17,
-1.));
#1294=DIRECTION('ref_axis',(0.998660415706807,-0.0517433483677606,1.30598136465235E-16));
#1295=DIRECTION('center_axis',(1.34460002020839E-16,7.11539775637647E-17,
-1.));
#1296=DIRECTION('ref_axis',(0.998660415706807,-0.0517433483677606,1.30598136465235E-16));
#1297=DIRECTION('',(-0.706159552048859,0.0365880725121415,-0.707106781186548));
#1298=DIRECTION('center_axis',(-1.34460002020839E-16,-7.11539775637647E-17,
1.));
#1299=DIRECTION('ref_axis',(0.998660415706807,-0.0517433483677606,1.30598136465235E-16));
#1300=DIRECTION('center_axis',(-1.34460002020839E-16,-7.11539775637647E-17,
1.));
#1301=DIRECTION('ref_axis',(0.998660415706807,-0.0517433483677606,1.30598136465235E-16));
#1302=DIRECTION('center_axis',(-1.34460002020839E-16,-7.11539775637647E-17,
1.));
#1303=DIRECTION('ref_axis',(0.998660415706807,-0.0517433483677606,1.30598136465235E-16));
#1304=DIRECTION('center_axis',(-1.34460002020839E-16,-7.11539775637647E-17,
1.));
#1305=DIRECTION('ref_axis',(0.998660415706807,-0.0517433483677606,1.30598136465235E-16));
#1306=DIRECTION('center_axis',(-1.34460002020839E-16,-7.11539775637647E-17,
1.));
#1307=DIRECTION('ref_axis',(0.998660415706807,-0.0517433483677606,1.30598136465235E-16));
#1308=DIRECTION('center_axis',(-1.34460002020839E-16,-7.11539775637647E-17,
1.));
#1309=DIRECTION('ref_axis',(0.998660415706807,-0.0517433483677606,1.30598136465235E-16));
#1310=DIRECTION('center_axis',(-1.34460002020839E-16,-7.11539775637647E-17,
1.));
#1311=DIRECTION('ref_axis',(0.998660415706807,-0.0517433483677606,1.30598136465236E-16));
#1312=DIRECTION('',(-0.682174326436611,0.7311895707344,-3.96981150003369E-17));
#1313=DIRECTION('',(0.292141580019924,0.956375081870843,1.07331248557832E-16));
#1314=DIRECTION('center_axis',(-1.34460002020839E-16,-7.11539775637647E-17,
1.));
#1315=DIRECTION('ref_axis',(0.998660415706807,-0.0517433483677606,1.30598136465236E-16));
#1316=DIRECTION('',(-0.974315906456535,-0.225185511136443,-1.47029363558168E-16));
#1317=DIRECTION('',(-0.682174326436611,0.7311895707344,-3.96981150003369E-17));
#1318=DIRECTION('center_axis',(-1.34460002020839E-16,-7.11539775637647E-17,
1.));
#1319=DIRECTION('ref_axis',(0.998660415706807,-0.0517433483677606,1.30598136465236E-16));
#1320=DIRECTION('',(0.292141580019924,0.956375081870843,1.07331248557832E-16));
#1321=DIRECTION('',(0.974315906456535,0.225185511136444,1.47029363558169E-16));
#1322=DIRECTION('center_axis',(-1.34460002020839E-16,-7.11539775637647E-17,
1.));
#1323=DIRECTION('ref_axis',(0.998660415706807,-0.0517433483677606,1.30598136465236E-16));
#1324=DIRECTION('',(-0.292141580019922,-0.956375081870844,-1.07331248557831E-16));
#1325=DIRECTION('',(-0.974315906456535,-0.225185511136443,-1.47029363558168E-16));
#1326=DIRECTION('center_axis',(-1.34460002020839E-16,-7.11539775637647E-17,
1.));
#1327=DIRECTION('ref_axis',(0.998660415706807,-0.0517433483677606,1.30598136465236E-16));
#1328=DIRECTION('',(0.974315906456535,0.225185511136444,1.47029363558169E-16));
#1329=DIRECTION('',(0.682174326436611,-0.7311895707344,3.9698115000337E-17));
#1330=DIRECTION('center_axis',(1.24761991566912E-16,6.98131930972308E-17,
-1.));
#1331=DIRECTION('ref_axis',(-0.998660415706807,0.0517433483677606,-1.20982493991526E-16));
#1332=DIRECTION('',(1.24761991566912E-16,6.98131930972308E-17,-1.));
#1333=DIRECTION('center_axis',(-1.24761991566912E-16,-6.98131930972308E-17,
1.));
#1334=DIRECTION('ref_axis',(0.998660415706807,-0.0517433483677606,1.20982493991526E-16));
#1335=DIRECTION('center_axis',(-1.24761991566912E-16,-6.98131930972308E-17,
1.));
#1336=DIRECTION('ref_axis',(0.998660415706807,-0.0517433483677606,1.20982493991526E-16));
#1337=DIRECTION('',(-1.24761991566912E-16,-6.98131930972308E-17,1.));
#1338=DIRECTION('center_axis',(-1.24761991566912E-16,-6.98131930972308E-17,
1.));
#1339=DIRECTION('ref_axis',(0.998660415706807,-0.0517433483677606,1.20982493991526E-16));
#1340=DIRECTION('center_axis',(-0.956375081870844,0.292141580019922,-9.89239233615138E-17));
#1341=DIRECTION('ref_axis',(-0.292141580019922,-0.956375081870844,-1.07331248557831E-16));
#1342=DIRECTION('',(-1.24761991566912E-16,-6.98131930972308E-17,1.));
#1343=DIRECTION('',(-0.292141580019922,-0.956375081870844,-1.07331248557831E-16));
#1344=DIRECTION('',(-1.24761991566912E-16,-6.98131930972308E-17,1.));
#1345=DIRECTION('center_axis',(-0.7311895707344,-0.682174326436611,-1.38849435035271E-16));
#1346=DIRECTION('ref_axis',(0.682174326436611,-0.7311895707344,3.9698115000337E-17));
#1347=DIRECTION('',(0.682174326436611,-0.7311895707344,3.9698115000337E-17));
#1348=DIRECTION('',(-1.24761991566912E-16,-6.98131930972308E-17,1.));
#1349=DIRECTION('center_axis',(0.225185511136444,-0.974315906456535,-3.99255116737578E-17));
#1350=DIRECTION('ref_axis',(0.974315906456535,0.225185511136444,1.47029363558169E-16));
#1351=DIRECTION('',(-1.24761991566912E-16,-6.98131930972308E-17,1.));
#1352=DIRECTION('center_axis',(0.956375081870843,-0.292141580019924,9.89239233615136E-17));
#1353=DIRECTION('ref_axis',(0.292141580019924,0.956375081870843,1.07331248557832E-16));
#1354=DIRECTION('',(-1.24761991566912E-16,-6.98131930972308E-17,1.));
#1355=DIRECTION('center_axis',(0.7311895707344,0.682174326436611,1.38849435035271E-16));
#1356=DIRECTION('ref_axis',(-0.682174326436611,0.7311895707344,-3.96981150003369E-17));
#1357=DIRECTION('',(-1.24761991566912E-16,-6.98131930972308E-17,1.));
#1358=DIRECTION('center_axis',(-0.225185511136443,0.974315906456535,3.99255116737578E-17));
#1359=DIRECTION('ref_axis',(-0.974315906456535,-0.225185511136443,-1.47029363558168E-16));
#1360=DIRECTION('center_axis',(-1.34460002020839E-16,-7.11539775637647E-17,
1.));
#1361=DIRECTION('ref_axis',(0.998660415706807,-0.0517433483677606,1.30598136465236E-16));
#1362=DIRECTION('center_axis',(0.956375081870844,-0.292141580019923,9.89239233615137E-17));
#1363=DIRECTION('ref_axis',(0.292141580019923,0.956375081870844,1.07331248557832E-16));
#1364=DIRECTION('',(-1.24761991566912E-16,-6.98131930972308E-17,1.));
#1365=DIRECTION('',(-1.24761991566912E-16,-6.98131930972308E-17,1.));
#1366=DIRECTION('center_axis',(0.7311895707344,0.682174326436611,1.38849435035271E-16));
#1367=DIRECTION('ref_axis',(-0.682174326436611,0.7311895707344,-3.9698115000337E-17));
#1368=DIRECTION('',(-1.24761991566912E-16,-6.98131930972308E-17,1.));
#1369=DIRECTION('center_axis',(-0.225185511136444,0.974315906456535,3.99255116737578E-17));
#1370=DIRECTION('ref_axis',(-0.974315906456535,-0.225185511136444,-1.47029363558169E-16));
#1371=DIRECTION('',(-1.24761991566912E-16,-6.98131930972308E-17,1.));
#1372=DIRECTION('center_axis',(-0.956375081870844,0.292141580019923,-9.89239233615137E-17));
#1373=DIRECTION('ref_axis',(-0.292141580019923,-0.956375081870844,-1.07331248557832E-16));
#1374=DIRECTION('',(-0.292141580019923,-0.956375081870844,-1.07331248557832E-16));
#1375=DIRECTION('',(-1.24761991566912E-16,-6.98131930972308E-17,1.));
#1376=DIRECTION('center_axis',(-0.7311895707344,-0.682174326436611,-1.38849435035271E-16));
#1377=DIRECTION('ref_axis',(0.682174326436611,-0.7311895707344,3.96981150003369E-17));
#1378=DIRECTION('',(0.682174326436611,-0.7311895707344,3.96981150003369E-17));
#1379=DIRECTION('',(-1.24761991566912E-16,-6.98131930972308E-17,1.));
#1380=DIRECTION('center_axis',(0.225185511136443,-0.974315906456535,-3.99255116737578E-17));
#1381=DIRECTION('ref_axis',(0.974315906456535,0.225185511136443,1.47029363558169E-16));
#1382=DIRECTION('center_axis',(-1.34460002020839E-16,-7.11539775637647E-17,
1.));
#1383=DIRECTION('ref_axis',(0.998660415706807,-0.0517433483677606,1.30598136465236E-16));
#1384=DIRECTION('center_axis',(1.24761991566912E-16,6.98131930972308E-17,
-1.));
#1385=DIRECTION('ref_axis',(-0.974315906456534,-0.225185511136447,-1.37278512476506E-16));
#1386=DIRECTION('',(1.24761991566912E-16,6.98131930972308E-17,-1.));
#1387=DIRECTION('center_axis',(0.225185511136453,-0.974315906456532,-3.99255116737565E-17));
#1388=DIRECTION('ref_axis',(-0.974315906456532,-0.225185511136453,-1.37278512476506E-16));
#1389=DIRECTION('',(1.24761991566912E-16,6.98131930972308E-17,-1.));
#1390=DIRECTION('center_axis',(1.24761991566912E-16,6.98131930972308E-17,
-1.));
#1391=DIRECTION('ref_axis',(0.974315906456534,0.225185511136447,1.37278512476506E-16));
#1392=DIRECTION('',(-1.24761991566912E-16,-6.98131930972308E-17,1.));
#1393=DIRECTION('center_axis',(-0.225185511136453,0.974315906456532,3.99255116737565E-17));
#1394=DIRECTION('ref_axis',(0.974315906456532,0.225185511136453,1.37278512476506E-16));
#1395=DIRECTION('',(1.24761991566912E-16,6.98131930972308E-17,-1.));
#1396=DIRECTION('center_axis',(1.24761991566912E-16,6.98131930972308E-17,
-1.));
#1397=DIRECTION('ref_axis',(0.225185511136453,-0.974315906456532,-3.99255116737564E-17));
#1398=DIRECTION('center_axis',(-2.77555756156419E-17,-1.,-6.98131930972308E-17));
#1399=DIRECTION('ref_axis',(1.24761991566912E-16,6.98131930972308E-17,-1.));
#1400=DIRECTION('',(1.24761991566912E-16,6.98131930972308E-17,-1.));
#1401=DIRECTION('',(-1.24761991566912E-16,-6.98131930972308E-17,1.));
#1402=DIRECTION('center_axis',(2.77555756156419E-17,1.,6.98131930972308E-17));
#1403=DIRECTION('ref_axis',(1.,-2.77555756156419E-17,1.24761991566912E-16));
#1404=DIRECTION('center_axis',(1.24761991566912E-16,6.98131930972308E-17,
-1.));
#1405=DIRECTION('ref_axis',(-1.,2.77555756156419E-17,-1.24761991566912E-16));
#1406=DIRECTION('',(1.24761991566912E-16,6.98131930972308E-17,-1.));
#1407=DIRECTION('center_axis',(-6.85938945377458E-17,0.707106781186547,
0.707106781186548));
#1408=DIRECTION('ref_axis',(1.07846206004858E-16,0.707106781186548,-0.707106781186547));
#1409=DIRECTION('center_axis',(1.07846206004859E-16,0.707106781186547,-0.707106781186548));
#1410=DIRECTION('ref_axis',(-6.85938945377457E-17,0.707106781186548,0.707106781186547));
#1411=DIRECTION('',(1.24761991566912E-16,6.98131930972308E-17,-1.));
#1412=DIRECTION('center_axis',(-2.77555756156419E-17,-1.,-6.98131930972308E-17));
#1413=DIRECTION('ref_axis',(1.,-2.77555756156419E-17,1.24761991566912E-16));
#1414=DIRECTION('',(-1.24761991566912E-16,-6.98131930972308E-17,1.));
#1415=DIRECTION('',(-0.866025403784438,-6.63807142000674E-17,0.5));
#1416=DIRECTION('',(-0.866025403784439,1.69965932590937E-16,-0.499999999999999));
#1417=DIRECTION('',(-3.90317299428686E-16,6.98131930972308E-17,-1.));
#1418=DIRECTION('center_axis',(2.77555756156419E-17,1.,6.98131930972308E-17));
#1419=DIRECTION('ref_axis',(1.,-2.77555756156419E-17,1.24761991566912E-16));
#1420=DIRECTION('center_axis',(-1.,2.77555756156419E-17,-1.24761991566912E-16));
#1421=DIRECTION('ref_axis',(-1.24761991566912E-16,-6.98131930972308E-17,
1.));
#1422=DIRECTION('',(2.77555756156419E-17,1.,6.98131930972308E-17));
#1423=DIRECTION('',(1.24761991566912E-16,6.98131930972308E-17,-1.));
#1424=DIRECTION('center_axis',(1.,-2.77555756156419E-17,-3.90317299428686E-16));
#1425=DIRECTION('ref_axis',(-3.90317299428686E-16,6.98131930972308E-17,
-1.));
#1426=DIRECTION('',(2.77555756156419E-17,1.,6.98131930972308E-17));
#1427=DIRECTION('',(3.90317299428686E-16,-6.98131930972308E-17,1.));
#1428=DIRECTION('center_axis',(0.5,4.65822109336893E-17,-0.866025403784439));
#1429=DIRECTION('ref_axis',(-0.866025403784439,1.69965932590937E-16,-0.5));
#1430=DIRECTION('',(2.77555756156419E-17,1.,6.98131930972308E-17));
#1431=DIRECTION('',(0.866025403784439,-1.69965932590937E-16,0.499999999999999));
#1432=DIRECTION('center_axis',(-0.5,7.43377865493312E-17,-0.866025403784438));
#1433=DIRECTION('ref_axis',(-0.866025403784438,-6.63807142000674E-17,0.5));
#1434=DIRECTION('',(0.866025403784438,6.63807142000674E-17,-0.5));
#1435=DIRECTION('center_axis',(2.77555756156419E-17,1.,6.98131930972308E-17));
#1436=DIRECTION('ref_axis',(1.,-2.77555756156419E-17,1.24761991566912E-16));
#1437=DIRECTION('',(2.77555756156419E-17,1.,6.98131930972308E-17));
#1438=DIRECTION('center_axis',(2.77555756156419E-17,1.,6.98131930972308E-17));
#1439=DIRECTION('ref_axis',(1.,-2.77555756156419E-17,1.24761991566912E-16));
#1440=DIRECTION('center_axis',(2.77555756156419E-17,1.,6.98131930972308E-17));
#1441=DIRECTION('ref_axis',(1.,-2.77555756156419E-17,1.24761991566912E-16));
#1442=DIRECTION('',(2.77555756156419E-17,1.,6.98131930972308E-17));
#1443=DIRECTION('center_axis',(-2.77555756156419E-17,-1.,-6.98131930972308E-17));
#1444=DIRECTION('ref_axis',(1.,-2.77555756156419E-17,1.24761991566912E-16));
#1445=DIRECTION('center_axis',(1.,-2.77555756156419E-17,1.24761991566912E-16));
#1446=DIRECTION('ref_axis',(1.24761991566912E-16,6.98131930972308E-17,-1.));
#1447=DIRECTION('',(1.24761991566912E-16,6.98131930972308E-17,-1.));
#1448=DIRECTION('center_axis',(1.24761991566912E-16,6.98131930972308E-17,
-1.));
#1449=DIRECTION('ref_axis',(0.707106781186549,-0.707106781186546,3.88546680159649E-17));
#1450=DIRECTION('center_axis',(-1.,2.77555756156419E-17,-1.24761991566912E-16));
#1451=DIRECTION('ref_axis',(-1.24761991566912E-16,-6.98131930972308E-17,
1.));
#1452=DIRECTION('',(-1.24761991566912E-16,-6.98131930972308E-17,1.));
#1453=DIRECTION('center_axis',(-1.24761991566912E-16,-6.98131930972308E-17,
1.));
#1454=DIRECTION('ref_axis',(-0.707106781186549,-0.707106781186546,-1.3758543252664E-16));
#1455=CARTESIAN_POINT('',(0.,0.,0.));
#1456=CARTESIAN_POINT('Origin',(5.0000000000047,18.9997677780408,-5.00000000001795));
#1457=CARTESIAN_POINT('',(-5.00000000000405,25.9997677766519,-5.00000000001795));
#1458=CARTESIAN_POINT('',(-1.12592755568293,30.8713473103339,-5.00000000001795));
#1459=CARTESIAN_POINT('Origin',(3.2421988403829E-13,25.9997677780469,-5.00000000001795));
#1460=CARTESIAN_POINT('',(7.83662268338349,32.9427868129592,-5.00000000001795));
#1461=CARTESIAN_POINT('',(0.618834322797739,31.2745995746287,-5.00000000001795));
#1462=CARTESIAN_POINT('',(15.3836412426924,34.6870662818381,-5.00000000001795));
#1463=CARTESIAN_POINT('Origin',(11.8353174741746,32.8406106409413,-5.00000000001795));
#1464=CARTESIAN_POINT('',(18.3603905734648,35.3750575330669,-5.00000000001795));
#1465=CARTESIAN_POINT('',(0.618834322797739,31.2745995746287,-5.00000000001795));
#1466=CARTESIAN_POINT('',(20.6122456848313,25.631898468493,-5.00000000001795));
#1467=CARTESIAN_POINT('Origin',(19.486318129148,30.5034780007799,-5.00000000001795));
#1468=CARTESIAN_POINT('',(17.6354963540588,24.9439072172643,-5.00000000001795));
#1469=CARTESIAN_POINT('',(1.12592755568357,21.12818824576,-5.00000000001795));
#1470=CARTESIAN_POINT('',(10.08847779475,23.1996277483854,-5.00000000001795));
#1471=CARTESIAN_POINT('Origin',(13.6368015632677,25.0460833892823,-5.00000000001795));
#1472=CARTESIAN_POINT('',(5.0000000000047,22.023570305904,-5.00000000001795));
#1473=CARTESIAN_POINT('',(1.12592755568357,21.12818824576,-5.00000000001795));
#1474=CARTESIAN_POINT('',(5.0000000000047,20.9997677780426,-5.00000000001795));
#1475=CARTESIAN_POINT('',(5.0000000000047,23.6107872611313,-5.00000000001795));
#1476=CARTESIAN_POINT('',(3.00000000000295,18.9997677780408,-5.00000000001795));
#1477=CARTESIAN_POINT('Origin',(3.00000000000295,20.9997677780426,-5.00000000001795));
#1478=CARTESIAN_POINT('',(-3.0000000000023,18.9997677780408,-5.00000000001795));
#1479=CARTESIAN_POINT('',(-5.00000000000404,18.9997677780408,-5.00000000001795));
#1480=CARTESIAN_POINT('',(-5.00000000000404,20.9997677780426,-5.00000000001795));
#1481=CARTESIAN_POINT('Origin',(-3.0000000000023,20.9997677780426,-5.00000000001795));
#1482=CARTESIAN_POINT('',(-5.00000000000404,18.9997677780408,-5.00000000001795));
#1483=CARTESIAN_POINT('',(1.60000000000172,25.9997677780469,-5.00000000001795));
#1484=CARTESIAN_POINT('Origin',(3.2421988403829E-13,25.9997677780469,-5.00000000001795));
#1485=CARTESIAN_POINT('',(10.4866808784026,24.3180222626269,-5.00000000001815));
#1486=CARTESIAN_POINT('',(11.4312217896529,27.4101373640302,-5.00000000001815));
#1487=CARTESIAN_POINT('',(9.45901921229774,20.95379725231,-5.00000000001795));
#1488=CARTESIAN_POINT('',(12.6922606520181,21.9539682878688,-5.00000000001815));
#1489=CARTESIAN_POINT('',(11.6155430918147,23.1080496130335,-5.00000000001795));
#1490=CARTESIAN_POINT('',(15.842381336884,22.6820294145139,-5.00000000001815));
#1491=CARTESIAN_POINT('',(10.0896934839061,21.3524586397819,-5.00000000001795));
#1492=CARTESIAN_POINT('',(16.7869222481343,25.7741445159172,-5.00000000001815));
#1493=CARTESIAN_POINT('',(15.2869901264043,20.8638619548986,-5.00000000001795));
#1494=CARTESIAN_POINT('',(14.5813424745188,28.1381984906753,-5.00000000001815));
#1495=CARTESIAN_POINT('',(14.6074148011232,28.1102528284609,-5.00000000001795));
#1496=CARTESIAN_POINT('',(7.25359427910801,26.4445971526206,-5.00000000001795));
#1497=CARTESIAN_POINT('',(14.985438159041,33.568671767577,-5.00000000001815));
#1498=CARTESIAN_POINT('',(14.0408972477907,30.4765566661737,-5.00000000001815));
#1499=CARTESIAN_POINT('',(12.4734979181141,25.3454087407689,-5.00000000001795));
#1500=CARTESIAN_POINT('',(12.7798583854255,35.9327257423351,-5.00000000001815));
#1501=CARTESIAN_POINT('',(15.1690518980467,33.3718651071653,-5.00000000001795));
#1502=CARTESIAN_POINT('',(9.6297377005596,35.20466461569,-5.00000000001815));
#1503=CARTESIAN_POINT('',(5.45211019001471,34.2391244042804,-5.00000000001795));
#1504=CARTESIAN_POINT('',(8.68519678930926,32.1125495142867,-5.00000000001815));
#1505=CARTESIAN_POINT('',(6.64552700400754,25.4353440381803,-5.00000000001795));
#1506=CARTESIAN_POINT('',(10.8907765629248,29.7484955395286,-5.00000000001815));
#1507=CARTESIAN_POINT('',(12.1771801887383,28.3696618917379,-5.00000000001795));
#1508=CARTESIAN_POINT('',(8.28820939481284,29.1469858914416,-5.00000000001795));
#1509=CARTESIAN_POINT('Origin',(3.22972264122619E-13,25.9997677780469,4.99999999999079));
#1510=CARTESIAN_POINT('',(-5.00000000000405,25.9997677766519,4.99999999999079));
#1511=CARTESIAN_POINT('',(-5.00000000000405,25.9997677780469,4.99999999999079));
#1512=CARTESIAN_POINT('',(-1.12592755568292,30.8713473103338,4.99999999999079));
#1513=CARTESIAN_POINT('Origin',(3.22972264122619E-13,25.9997677780469,4.99999999999079));
#1514=CARTESIAN_POINT('',(-1.12592755568293,30.8713473103339,4.99999999999079));
#1515=CARTESIAN_POINT('Origin',(-0.442147953918102,31.0293835880008,4.99999999999079));
#1516=CARTESIAN_POINT('',(7.83662268338348,32.9427868129592,4.99999999999079));
#1517=CARTESIAN_POINT('',(-4.06450189983679,30.1921791254405,4.99999999999079));
#1518=CARTESIAN_POINT('',(7.83662268338348,32.9427868129592,4.99999999999079));
#1519=CARTESIAN_POINT('Origin',(-5.00000000000405,18.9997677780408,4.99999999999079));
#1520=CARTESIAN_POINT('',(-5.00000000000405,20.9997677780426,4.99999999999079));
#1521=CARTESIAN_POINT('',(-5.00000000000405,18.9997677780408,4.99999999999079));
#1522=CARTESIAN_POINT('',(-3.0000000000023,18.9997677780408,4.99999999999079));
#1523=CARTESIAN_POINT('Origin',(-3.0000000000023,20.9997677780426,4.99999999999079));
#1524=CARTESIAN_POINT('',(3.00000000000295,18.9997677780408,4.99999999999079));
#1525=CARTESIAN_POINT('',(5.0000000000047,18.9997677780408,4.99999999999079));
#1526=CARTESIAN_POINT('',(5.0000000000047,20.9997677780426,4.99999999999079));
#1527=CARTESIAN_POINT('Origin',(3.00000000000295,20.9997677780426,4.99999999999079));
#1528=CARTESIAN_POINT('',(5.0000000000047,22.023570305904,4.99999999999079));
#1529=CARTESIAN_POINT('',(5.0000000000047,23.6107872611313,4.99999999999079));
#1530=CARTESIAN_POINT('',(10.08847779475,23.1996277483854,4.99999999999079));
#1531=CARTESIAN_POINT('',(1.12592755568357,21.12818824576,4.99999999999079));
#1532=CARTESIAN_POINT('',(17.6354963540588,24.9439072172643,4.99999999999079));
#1533=CARTESIAN_POINT('Origin',(13.6368015632677,25.0460833892823,4.99999999999079));
#1534=CARTESIAN_POINT('',(20.6122456848313,25.631898468493,4.99999999999079));
#1535=CARTESIAN_POINT('',(1.12592755568357,21.12818824576,4.99999999999079));
#1536=CARTESIAN_POINT('',(18.3603905734648,35.3750575330669,4.99999999999079));
#1537=CARTESIAN_POINT('Origin',(19.486318129148,30.5034780007799,4.99999999999079));
#1538=CARTESIAN_POINT('',(15.3836412426924,34.6870662818381,4.99999999999079));
#1539=CARTESIAN_POINT('',(-4.06450189983679,30.1921791254405,4.99999999999079));
#1540=CARTESIAN_POINT('Origin',(11.8353174741746,32.8406106409413,4.99999999999079));
#1541=CARTESIAN_POINT('',(16.5902029235957,30.6535337110466,4.99999999999079));
#1542=CARTESIAN_POINT('Origin',(19.486318129148,30.5034780007799,4.99999999999079));
#1543=CARTESIAN_POINT('',(15.2346582284,24.9632940318938,4.99999999999079));
#1544=CARTESIAN_POINT('Origin',(13.6368015632677,25.0460833892823,4.99999999999079));
#1545=CARTESIAN_POINT('',(13.4331741393069,32.7578212835528,4.99999999999079));
#1546=CARTESIAN_POINT('Origin',(11.8353174741746,32.8406106409413,4.99999999999079));
#1547=CARTESIAN_POINT('',(1.60000000000172,25.9997677780469,4.99999999999079));
#1548=CARTESIAN_POINT('Origin',(3.22972264122619E-13,25.9997677780469,4.99999999999079));
#1549=CARTESIAN_POINT('',(-2.80000000000212,20.4997677780421,4.99999999999079));
#1550=CARTESIAN_POINT('',(-2.80000000000212,23.4997677780447,4.99999999999079));
#1551=CARTESIAN_POINT('',(-2.80000000000212,18.9997677780408,4.99999999999079));
#1552=CARTESIAN_POINT('',(2.80000000000277,23.4997677780447,4.99999999999079));
#1553=CARTESIAN_POINT('',(-2.50000000000186,23.4997677780447,4.99999999999079));
#1554=CARTESIAN_POINT('',(2.80000000000277,20.4997677780421,4.99999999999079));
#1555=CARTESIAN_POINT('',(2.80000000000277,19.9997677780417,4.99999999999079));
#1556=CARTESIAN_POINT('',(-2.50000000000186,20.4997677780421,4.99999999999079));
#1557=CARTESIAN_POINT('Origin',(20.6122456848313,25.631898468493,4.99999999999079));
#1558=CARTESIAN_POINT('',(5.0000000000047,22.023570305904,4.99999999999079));
#1559=CARTESIAN_POINT('',(10.08847779475,23.1996277483854,4.99999999999079));
#1560=CARTESIAN_POINT('Origin',(13.6368015632677,25.0460833892823,0.699999999986835));
#1561=CARTESIAN_POINT('',(15.2346582284,24.9632940318938,1.39999999998745));
#1562=CARTESIAN_POINT('',(12.0389448981354,25.1288727466708,1.39999999998745));
#1563=CARTESIAN_POINT('Origin',(13.6368015632677,25.0460833892823,1.39999999998745));
#1564=CARTESIAN_POINT('Origin',(13.6368015632677,25.0460833892823,1.39999999998745));
#1565=CARTESIAN_POINT('',(10.7546953794443,25.1954132535254,0.114027813153384));
#1566=CARTESIAN_POINT('',(11.33988260714,25.1650930905283,0.699999999986835));
#1567=CARTESIAN_POINT('',(11.2735974451184,26.89412730001,-1.37766637114577E-11));
#1568=CARTESIAN_POINT('Ctrl Pts',(11.2735974451184,26.89412730001,-1.37090649566778E-11));
#1569=CARTESIAN_POINT('Ctrl Pts',(11.0091201170562,26.0283158456416,0.325014558402665));
#1570=CARTESIAN_POINT('Ctrl Pts',(10.7546953794443,25.1954132535254,0.114027813153384));
#1571=CARTESIAN_POINT('',(11.9569117859647,27.5316357094173,-1.37765579978274E-11));
#1572=CARTESIAN_POINT('Origin',(13.6368015632677,25.0460833892823,-1.3776495670751E-11));
#1573=CARTESIAN_POINT('',(14.0556524782101,28.016700145289,-1.37762412868857E-11));
#1574=CARTESIAN_POINT('Ctrl Pts',(11.9569117859597,27.5316357094161,-1.55905404865127E-11));
#1575=CARTESIAN_POINT('Ctrl Pts',(13.0062821320874,27.7741679273531,0.386666666673705));
#1576=CARTESIAN_POINT('Ctrl Pts',(14.0556524782151,28.0167001452901,-1.55968674667961E-11));
#1577=CARTESIAN_POINT('',(14.9494081262976,27.7436867720475,-1.37761587585357E-11));
#1578=CARTESIAN_POINT('Origin',(13.6368015632677,25.0460833892823,-1.3776495670751E-11));
#1579=CARTESIAN_POINT('',(16.4188565963446,26.1686562345566,-1.3776073246179E-11));
#1580=CARTESIAN_POINT('Ctrl Pts',(14.9494081262942,27.7436867720512,-1.56012102461653E-11));
#1581=CARTESIAN_POINT('Ctrl Pts',(15.6841323613211,26.9561715033021,0.386666666666838));
#1582=CARTESIAN_POINT('Ctrl Pts',(16.4188565963481,26.1686562345529,-1.55917384946168E-11));
#1583=CARTESIAN_POINT('',(16.6292979035942,25.2581344518787,-1.37760964314594E-11));
#1584=CARTESIAN_POINT('Origin',(13.6368015632677,25.0460833892823,-1.3776495670751E-11));
#1585=CARTESIAN_POINT('',(16.0000056814297,23.1980394785707,-1.37763276300443E-11));
#1586=CARTESIAN_POINT('Ctrl Pts',(16.6292979035957,25.2581344518836,-1.56010604951617E-11));
#1587=CARTESIAN_POINT('Ctrl Pts',(16.3146517925119,24.2280869652247,0.386666666647959));
#1588=CARTESIAN_POINT('Ctrl Pts',(16.0000056814282,23.1980394785658,-1.5606152029591E-11));
#1589=CARTESIAN_POINT('',(15.3166913405241,22.5605310691157,-1.37764333436747E-11));
#1590=CARTESIAN_POINT('Origin',(13.6368015632677,25.0460833892823,-1.3776495670751E-11));
#1591=CARTESIAN_POINT('',(13.2179506483811,22.0754666332677,-1.37767500546164E-11));
#1592=CARTESIAN_POINT('Ctrl Pts',(15.3166913405291,22.5605310691169,-1.55876577795374E-11));
#1593=CARTESIAN_POINT('Ctrl Pts',(14.2673209944526,22.3179988511918,0.386666666635965));
#1594=CARTESIAN_POINT('Ctrl Pts',(13.2179506483761,22.0754666332666,-1.55913266793467E-11));
#1595=CARTESIAN_POINT('',(12.3241950002055,22.3484800065327,-1.3777942805991E-11));
#1596=CARTESIAN_POINT('Origin',(13.6368015632677,25.0460833892823,-1.3776495670751E-11));
#1597=CARTESIAN_POINT('',(10.8547465302042,23.9235105439747,-1.37780283183477E-11));
#1598=CARTESIAN_POINT('Ctrl Pts',(12.324195000209,22.348480006529,-1.55846627592814E-11));
#1599=CARTESIAN_POINT('Ctrl Pts',(11.5894707652049,23.1359952752537,0.386666666642839));
#1600=CARTESIAN_POINT('Ctrl Pts',(10.8547465302008,23.9235105439784,-1.55671418908044E-11));
#1601=CARTESIAN_POINT('',(10.6443052229427,24.8340323266654,-1.37768949100427E-11));
#1602=CARTESIAN_POINT('Origin',(13.6368015632677,25.0460833892823,-1.3776495670751E-11));
#1603=CARTESIAN_POINT('Ctrl Pts',(10.7546953794443,25.1954132535254,0.114027813153384));
#1604=CARTESIAN_POINT('Ctrl Pts',(10.7005695848854,25.0182232718766,0.069142927606491));
#1605=CARTESIAN_POINT('Ctrl Pts',(10.6443052229427,24.8340323266654,-1.37117116154644E-11));
#1606=CARTESIAN_POINT('Origin',(13.6368015632684,25.0460833892721,-1.3776495670751E-11));
#1607=CARTESIAN_POINT('',(10.4866808784026,24.3180222626269,-1.3778049737378E-11));
#1608=CARTESIAN_POINT('',(10.4866808784026,24.3180222626269,-1.3778049737378E-11));
#1609=CARTESIAN_POINT('',(11.4312217896529,27.4101373640302,-1.37766058011195E-11));
#1610=CARTESIAN_POINT('Origin',(13.6368015632684,25.0460833892721,-1.3776495670751E-11));
#1611=CARTESIAN_POINT('',(12.6922606520181,21.9539682878688,-1.37768293839849E-11));
#1612=CARTESIAN_POINT('',(12.6922606520181,21.9539682878688,-1.37768293839849E-11));
#1613=CARTESIAN_POINT('',(10.4866808784026,24.3180222626269,-1.3778049737378E-11));
#1614=CARTESIAN_POINT('Origin',(13.6368015632684,25.0460833892721,-1.3776495670751E-11));
#1615=CARTESIAN_POINT('',(11.4312217896529,27.4101373640302,-1.37766058011195E-11));
#1616=CARTESIAN_POINT('',(11.4312217896529,27.4101373640302,-1.37766058011195E-11));
#1617=CARTESIAN_POINT('',(14.5813424745188,28.1381984906753,-1.37761619575172E-11));
#1618=CARTESIAN_POINT('Origin',(13.6368015632684,25.0460833892721,-1.3776495670751E-11));
#1619=CARTESIAN_POINT('',(15.842381336884,22.6820294145139,-1.37763855403825E-11));
#1620=CARTESIAN_POINT('',(15.842381336884,22.6820294145139,-1.37763855403825E-11));
#1621=CARTESIAN_POINT('',(12.6922606520181,21.9539682878688,-1.37768293839849E-11));
#1622=CARTESIAN_POINT('Origin',(13.6368015632684,25.0460833892721,-1.3776495670751E-11));
#1623=CARTESIAN_POINT('',(14.5813424745188,28.1381984906753,-1.37761619575172E-11));
#1624=CARTESIAN_POINT('',(14.5813424745188,28.1381984906753,-1.37761619575172E-11));
#1625=CARTESIAN_POINT('',(16.7869222481343,25.7741445159172,-1.37760518271487E-11));
#1626=CARTESIAN_POINT('Origin',(13.6368015632677,25.0460833892823,4.99999999999079));
#1627=CARTESIAN_POINT('',(15.2346582284,24.9632940318938,4.99999999999079));
#1628=CARTESIAN_POINT('Origin',(11.8353174741746,32.8406106409413,0.699999999986836));
#1629=CARTESIAN_POINT('',(13.4331741393069,32.7578212835528,1.39999999998745));
#1630=CARTESIAN_POINT('',(10.2374608090423,32.9233999983298,1.39999999998745));
#1631=CARTESIAN_POINT('Origin',(11.8353174741746,32.8406106409413,1.39999999998745));
#1632=CARTESIAN_POINT('Origin',(11.8353174741746,32.8406106409413,1.39999999998745));
#1633=CARTESIAN_POINT('',(8.95321129035074,32.9899405051844,0.114027813152908));
#1634=CARTESIAN_POINT('',(9.53839851804694,32.9596203421873,0.699999999986836));
#1635=CARTESIAN_POINT('',(9.47211335602462,34.6886545516683,-1.37763443073643E-11));
#1636=CARTESIAN_POINT('Ctrl Pts',(9.47211335602464,34.6886545516683,-1.38191605051756E-11));
#1637=CARTESIAN_POINT('Ctrl Pts',(9.20763602796251,33.8228430973003,0.325014558402107));
#1638=CARTESIAN_POINT('Ctrl Pts',(8.95321129035074,32.9899405051844,0.114027813152908));
#1639=CARTESIAN_POINT('',(10.1554276968732,35.3261629610775,-1.3776238593734E-11));
#1640=CARTESIAN_POINT('Origin',(11.8353174741746,32.8406106409413,-1.37761762666576E-11));
#1641=CARTESIAN_POINT('',(12.254168389115,35.8112273969483,-1.37759218827923E-11));
#1642=CARTESIAN_POINT('Ctrl Pts',(10.1554276968683,35.3261629610763,-1.56091096120788E-11));
#1643=CARTESIAN_POINT('Ctrl Pts',(11.2047980429941,35.5686951790129,0.386666666672303));
#1644=CARTESIAN_POINT('Ctrl Pts',(12.2541683891199,35.8112273969494,-1.56104199334393E-11));
#1645=CARTESIAN_POINT('',(13.1479240372054,35.5382140237061,-1.37758393544423E-11));
#1646=CARTESIAN_POINT('Origin',(11.8353174741746,32.8406106409413,-1.37761762666576E-11));
#1647=CARTESIAN_POINT('',(14.6173725072511,33.9631834862166,-1.37757538420856E-11));
#1648=CARTESIAN_POINT('Ctrl Pts',(13.147924037202,35.5382140237098,-1.56037560133804E-11));
#1649=CARTESIAN_POINT('Ctrl Pts',(13.8826482722282,34.7506987549614,0.386666666666117));
#1650=CARTESIAN_POINT('Ctrl Pts',(14.6173725072545,33.9631834862129,-1.56036811378741E-11));
#1651=CARTESIAN_POINT('',(14.827813814501,33.0526617035388,-1.3775777027366E-11));
#1652=CARTESIAN_POINT('Origin',(11.8353174741746,32.8406106409413,-1.37761762666576E-11));
#1653=CARTESIAN_POINT('',(14.1985215923359,30.992566730229,-1.37760082259509E-11));
#1654=CARTESIAN_POINT('Ctrl Pts',(14.8278138145025,33.0526617035436,-1.55936478200364E-11));
#1655=CARTESIAN_POINT('Ctrl Pts',(14.5131677034184,32.0226142168839,0.386666666648621));
#1656=CARTESIAN_POINT('Ctrl Pts',(14.1985215923344,30.9925667302242,-1.55773623974135E-11));
#1657=CARTESIAN_POINT('',(13.5152072514327,30.355058320776,-1.37772241626059E-11));
#1658=CARTESIAN_POINT('Origin',(11.8353174741746,32.8406106409413,-1.37761762666576E-11));
#1659=CARTESIAN_POINT('',(11.4164665592859,29.8699938849271,-1.37775408735476E-11));
#1660=CARTESIAN_POINT('Ctrl Pts',(13.5152072514376,30.3550583207771,-1.56004614911162E-11));
#1661=CARTESIAN_POINT('Ctrl Pts',(12.4658369053593,30.1125261028515,0.38666666663732));
#1662=CARTESIAN_POINT('Ctrl Pts',(11.4164665592809,29.8699938849259,-1.55951827679212E-11));
#1663=CARTESIAN_POINT('',(10.5227109111133,30.1430072581913,-1.37765131788729E-11));
#1664=CARTESIAN_POINT('Origin',(11.8353174741746,32.8406106409413,-1.37761762666576E-11));
#1665=CARTESIAN_POINT('',(9.0532624411107,31.7180377956347,-1.37765986912297E-11));
#1666=CARTESIAN_POINT('Ctrl Pts',(10.5227109111168,30.1430072581876,-1.55998250493097E-11));
#1667=CARTESIAN_POINT('Ctrl Pts',(9.78798667611203,30.930522526913,0.386666666643507));
#1668=CARTESIAN_POINT('Ctrl Pts',(9.05326244110724,31.7180377956384,-1.5595594583203E-11));
#1669=CARTESIAN_POINT('',(8.84282113384945,32.6285595783255,-1.37765755059493E-11));
#1670=CARTESIAN_POINT('Origin',(11.8353174741746,32.8406106409413,-1.37761762666576E-11));
#1671=CARTESIAN_POINT('Ctrl Pts',(8.95321129035074,32.9899405051844,0.114027813152908));
#1672=CARTESIAN_POINT('Ctrl Pts',(8.89908549579203,32.8127505235362,0.0691429276061452));
#1673=CARTESIAN_POINT('Ctrl Pts',(8.84282113384947,32.6285595783255,-1.37812205150429E-11));
#1674=CARTESIAN_POINT('Origin',(11.8353174741751,32.8406106409318,-1.37761762666576E-11));
#1675=CARTESIAN_POINT('',(8.68519678930926,32.1125495142867,-1.377662011026E-11));
#1676=CARTESIAN_POINT('',(8.68519678930926,32.1125495142867,-1.377662011026E-11));
#1677=CARTESIAN_POINT('',(9.6297377005596,35.20466461569,-1.37762863970261E-11));
#1678=CARTESIAN_POINT('Origin',(11.8353174741751,32.8406106409318,-1.37761762666576E-11));
#1679=CARTESIAN_POINT('',(10.8907765629248,29.7484955395286,-1.37776202029161E-11));
#1680=CARTESIAN_POINT('',(10.8907765629248,29.7484955395286,-1.37776202029161E-11));
#1681=CARTESIAN_POINT('',(8.68519678930926,32.1125495142867,-1.377662011026E-11));
#1682=CARTESIAN_POINT('Origin',(11.8353174741751,32.8406106409318,-1.37761762666576E-11));
#1683=CARTESIAN_POINT('',(9.6297377005596,35.20466461569,-1.37762863970261E-11));
#1684=CARTESIAN_POINT('',(9.6297377005596,35.20466461569,-1.37762863970261E-11));
#1685=CARTESIAN_POINT('',(12.7798583854255,35.9327257423351,-1.37758425534238E-11));
#1686=CARTESIAN_POINT('Origin',(11.8353174741751,32.8406106409318,-1.37761762666576E-11));
#1687=CARTESIAN_POINT('',(14.0408972477907,30.4765566661737,-1.37760661362892E-11));
#1688=CARTESIAN_POINT('',(14.0408972477907,30.4765566661737,-1.37760661362892E-11));
#1689=CARTESIAN_POINT('',(10.8907765629248,29.7484955395286,-1.37776202029161E-11));
#1690=CARTESIAN_POINT('Origin',(11.8353174741751,32.8406106409318,-1.37761762666576E-11));
#1691=CARTESIAN_POINT('',(12.7798583854255,35.9327257423351,-1.37758425534238E-11));
#1692=CARTESIAN_POINT('',(12.7798583854255,35.9327257423351,-1.37758425534238E-11));
#1693=CARTESIAN_POINT('',(14.985438159041,33.568671767577,-1.37757324230553E-11));
#1694=CARTESIAN_POINT('Origin',(11.8353174741746,32.8406106409413,4.99999999999079));
#1695=CARTESIAN_POINT('',(13.4331741393069,32.7578212835528,4.99999999999079));
#1696=CARTESIAN_POINT('Origin',(19.486318129148,30.5034780007799,3.49999999998948));
#1697=CARTESIAN_POINT('',(16.5902029235957,30.6535337110466,1.99999999998817));
#1698=CARTESIAN_POINT('Origin',(19.486318129148,30.5034780007799,1.99999999998817));
#1699=CARTESIAN_POINT('',(16.5902029235957,30.6535337110465,3.49999999998948));
#1700=CARTESIAN_POINT('Origin',(19.486318129148,30.5034780007799,1.99999999998817));
#1701=CARTESIAN_POINT('Origin',(14.985438159041,33.568671767577,-5.00000000001815));
#1702=CARTESIAN_POINT('',(14.0408972477907,30.4765566661737,-5.00000000001815));
#1703=CARTESIAN_POINT('',(14.985438159041,33.568671767577,-1.37757324230553E-11));
#1704=CARTESIAN_POINT('',(14.0408972477907,30.4765566661737,-1.37760661362892E-11));
#1705=CARTESIAN_POINT('',(14.985438159041,33.568671767577,-5.00000000001815));
#1706=CARTESIAN_POINT('Origin',(12.7798583854255,35.9327257423351,-5.00000000001815));
#1707=CARTESIAN_POINT('',(14.985438159041,33.568671767577,-1.37757324230553E-11));
#1708=CARTESIAN_POINT('',(12.7798583854255,35.9327257423351,-5.00000000001815));
#1709=CARTESIAN_POINT('Origin',(9.6297377005596,35.20466461569,-5.00000000001815));
#1710=CARTESIAN_POINT('',(9.6297377005596,35.20466461569,-5.00000000001815));
#1711=CARTESIAN_POINT('Origin',(8.68519678930926,32.1125495142867,-5.00000000001815));
#1712=CARTESIAN_POINT('',(8.68519678930926,32.1125495142867,-5.00000000001815));
#1713=CARTESIAN_POINT('Origin',(10.8907765629248,29.7484955395286,-5.00000000001815));
#1714=CARTESIAN_POINT('',(10.8907765629248,29.7484955395286,-5.00000000001815));
#1715=CARTESIAN_POINT('Origin',(14.0408972477907,30.4765566661737,-5.00000000001815));
#1716=CARTESIAN_POINT('Origin',(11.8353174741751,32.8406106409318,-1.37761762666576E-11));
#1717=CARTESIAN_POINT('Origin',(10.4866808784026,24.3180222626269,-5.00000000001815));
#1718=CARTESIAN_POINT('',(11.4312217896529,27.4101373640302,-5.00000000001815));
#1719=CARTESIAN_POINT('',(10.4866808784026,24.3180222626269,-5.00000000001815));
#1720=CARTESIAN_POINT('Origin',(12.6922606520181,21.9539682878688,-5.00000000001815));
#1721=CARTESIAN_POINT('',(12.6922606520181,21.9539682878688,-5.00000000001815));
#1722=CARTESIAN_POINT('Origin',(15.842381336884,22.6820294145139,-5.00000000001815));
#1723=CARTESIAN_POINT('',(15.842381336884,22.6820294145139,-5.00000000001815));
#1724=CARTESIAN_POINT('Origin',(16.7869222481343,25.7741445159172,-5.00000000001815));
#1725=CARTESIAN_POINT('',(16.7869222481343,25.7741445159172,-1.37760518271487E-11));
#1726=CARTESIAN_POINT('',(15.842381336884,22.6820294145139,-1.37763855403825E-11));
#1727=CARTESIAN_POINT('',(16.7869222481343,25.7741445159172,-5.00000000001815));
#1728=CARTESIAN_POINT('Origin',(14.5813424745188,28.1381984906753,-5.00000000001815));
#1729=CARTESIAN_POINT('',(16.7869222481343,25.7741445159172,-1.37760518271487E-11));
#1730=CARTESIAN_POINT('',(14.5813424745188,28.1381984906753,-5.00000000001815));
#1731=CARTESIAN_POINT('Origin',(11.4312217896529,27.4101373640302,-5.00000000001815));
#1732=CARTESIAN_POINT('Origin',(13.6368015632684,25.0460833892721,-1.3776495670751E-11));
#1733=CARTESIAN_POINT('Origin',(13.6368015632677,25.0460833892823,4.99999999999079));
#1734=CARTESIAN_POINT('',(17.6354963540588,24.9439072172643,4.99999999999079));
#1735=CARTESIAN_POINT('Origin',(20.6122456848313,25.631898468493,4.99999999999079));
#1736=CARTESIAN_POINT('',(20.6122456848313,25.631898468493,4.99999999999079));
#1737=CARTESIAN_POINT('Origin',(11.8353174741746,32.8406106409413,4.99999999999079));
#1738=CARTESIAN_POINT('',(15.3836412426924,34.6870662818381,4.99999999999079));
#1739=CARTESIAN_POINT('Origin',(-0.442147953918102,31.0293835880008,4.99999999999079));
#1740=CARTESIAN_POINT('',(18.3603905734648,35.3750575330669,4.99999999999079));
#1741=CARTESIAN_POINT('Origin',(19.486318129148,30.5034780007799,4.99999999999079));
#1742=CARTESIAN_POINT('Origin',(3.25622231100397E-13,18.9997677780408,-1.35832198855378E-11));
#1743=CARTESIAN_POINT('',(-3.0000000000023,18.9997677780408,-2.50000000001577));
#1744=CARTESIAN_POINT('',(3.00000000000295,18.9997677780408,2.4999999999886));
#1745=CARTESIAN_POINT('',(-1.60000000000107,18.9997677780408,-1.35836154482121E-11));
#1746=CARTESIAN_POINT('Origin',(3.25622231100397E-13,18.9997677780408,-1.35832198855378E-11));
#1747=CARTESIAN_POINT('Origin',(3.22972264122619E-13,25.9997677780469,4.99999999999079));
#1748=CARTESIAN_POINT('',(1.60000000000172,25.9997677780469,-1.35825315739996E-11));
#1749=CARTESIAN_POINT('',(1.60000000000172,25.9997677780469,4.99999999999079));
#1750=CARTESIAN_POINT('',(-1.60000000000107,25.9997677780469,-1.35829308123726E-11));
#1751=CARTESIAN_POINT('Origin',(3.23596074080454E-13,25.9997677780469,-1.35827311931861E-11));
#1752=CARTESIAN_POINT('Origin',(3.23596074080454E-13,25.9997677780469,-1.35827311931861E-11));
#1753=CARTESIAN_POINT('',(1.60000000000172,25.9997677780469,4.99999999999079));
#1754=CARTESIAN_POINT('Origin',(3.25747131190668E-13,23.4997677780448,-1.35829057261688E-11));
#1755=CARTESIAN_POINT('',(-2.80000000000212,23.4997677780447,-1.61658075374595));
#1756=CARTESIAN_POINT('',(-2.80000000000212,23.4997677780447,4.99999999999079));
#1757=CARTESIAN_POINT('',(3.1948916871164E-13,23.4997677780447,-3.23316150747831));
#1758=CARTESIAN_POINT('',(-2.80000000000212,23.4997677780447,-1.61658075374595));
#1759=CARTESIAN_POINT('',(2.80000000000277,23.4997677780447,-1.61658075374595));
#1760=CARTESIAN_POINT('',(3.1948916871164E-13,23.4997677780447,-3.23316150747831));
#1761=CARTESIAN_POINT('',(2.80000000000277,23.4997677780447,-1.61658075374595));
#1762=CARTESIAN_POINT('',(-1.60000000000107,23.4997677780448,-1.35829094018675E-11));
#1763=CARTESIAN_POINT('Origin',(3.25747131190668E-13,23.4997677780448,-1.35829057261688E-11));
#1764=CARTESIAN_POINT('Origin',(-2.80000000000212,18.9997677780408,-1.61658075374595));
#1765=CARTESIAN_POINT('',(-2.80000000000212,20.4997677780421,-1.61658075374595));
#1766=CARTESIAN_POINT('',(-2.80000000000212,18.9997677780408,-1.61658075374595));
#1767=CARTESIAN_POINT('',(-2.80000000000212,20.4997677780421,-0.366580753744855));
#1768=CARTESIAN_POINT('Origin',(2.80000000000277,18.9997677780408,4.99999999999079));
#1769=CARTESIAN_POINT('',(2.80000000000277,20.4997677780421,-1.61658075374595));
#1770=CARTESIAN_POINT('',(2.80000000000277,18.9997677780408,-1.61658075374595));
#1771=CARTESIAN_POINT('',(2.80000000000277,20.4997677780421,2.94170962312351));
#1772=CARTESIAN_POINT('Origin',(2.80000000000277,18.9997677780408,-1.61658075374595));
#1773=CARTESIAN_POINT('',(3.21626348034045E-13,20.4997677780421,-3.23316150747831));
#1774=CARTESIAN_POINT('',(3.21584714670621E-13,18.9997677780408,-3.23316150747831));
#1775=CARTESIAN_POINT('',(2.2912658773676,20.4997677780421,-1.91029853639531));
#1776=CARTESIAN_POINT('Origin',(3.21584714670621E-13,18.9997677780408,-3.23316150747831));
#1777=CARTESIAN_POINT('',(-0.89126587736573,20.4997677780421,-2.71858891326149));
#1778=CARTESIAN_POINT('Origin',(3.25622231100397E-13,18.9997677780408,-1.35832198855378E-11));
#1779=CARTESIAN_POINT('',(-1.60000000000107,20.4997677780421,-1.35835107284225E-11));
#1780=CARTESIAN_POINT('',(-1.60000000000107,18.9997677780408,-1.35832235612364E-11));
#1781=CARTESIAN_POINT('Origin',(3.25663864463821E-13,20.4997677780421,-1.35831151657481E-11));
#1782=CARTESIAN_POINT('Origin',(3.25622231100397E-13,18.9997677780408,-1.35832198855378E-11));
#1783=CARTESIAN_POINT('',(-1.60000000000107,18.9997677780408,-1.35832235612364E-11));
#1784=CARTESIAN_POINT('Origin',(3.25553647319267E-13,20.4997677780421,0.883419246256237));
#1785=CARTESIAN_POINT('Origin',(5.0000000000047,18.9997677780408,4.99999999999079));
#1786=CARTESIAN_POINT('',(5.0000000000047,20.9997677780426,2.4999999999886));
#1787=CARTESIAN_POINT('Origin',(3.00000000000295,20.9997677780426,2.4999999999886));
#1788=CARTESIAN_POINT('Origin',(-5.00000000000404,18.9997677780408,-5.00000000001795));
#1789=CARTESIAN_POINT('',(-5.00000000000404,20.9997677780426,-2.50000000001577));
#1790=CARTESIAN_POINT('Origin',(-3.0000000000023,20.9997677780426,-2.50000000001577));
#1791=UNCERTAINTY_MEASURE_WITH_UNIT(LENGTH_MEASURE(0.01),#1795,
'DISTANCE_ACCURACY_VALUE',
'Maximum model space distance between geometric entities at asserted c
onnectivities');
#1792=UNCERTAINTY_MEASURE_WITH_UNIT(LENGTH_MEASURE(0.01),#1795,
'DISTANCE_ACCURACY_VALUE',
'Maximum model space distance between geometric entities at asserted c
onnectivities');
#1793=(
GEOMETRIC_REPRESENTATION_CONTEXT(3)
GLOBAL_UNCERTAINTY_ASSIGNED_CONTEXT((#1791))
GLOBAL_UNIT_ASSIGNED_CONTEXT((#1795,#1797,#1798))
REPRESENTATION_CONTEXT('','3D')
);
#1794=(
GEOMETRIC_REPRESENTATION_CONTEXT(3)
GLOBAL_UNCERTAINTY_ASSIGNED_CONTEXT((#1792))
GLOBAL_UNIT_ASSIGNED_CONTEXT((#1795,#1797,#1798))
REPRESENTATION_CONTEXT('','3D')
);
#1795=(
LENGTH_UNIT()
NAMED_UNIT(*)
SI_UNIT(.MILLI.,.METRE.)
);
#1796=(
LENGTH_UNIT()
NAMED_UNIT(*)
SI_UNIT($,.METRE.)
);
#1797=(
NAMED_UNIT(*)
PLANE_ANGLE_UNIT()
SI_UNIT($,.RADIAN.)
);
#1798=(
NAMED_UNIT(*)
SI_UNIT($,.STERADIAN.)
SOLID_ANGLE_UNIT()
);
#1799=SHAPE_DEFINITION_REPRESENTATION(#1800,#1801);
#1800=PRODUCT_DEFINITION_SHAPE('',$,#1803);
#1801=SHAPE_REPRESENTATION('',(#1074),#1793);
#1802=PRODUCT_DEFINITION_CONTEXT('part definition',#1807,'design');
#1803=PRODUCT_DEFINITION('Left front wheel mount',
'Left front wheel mount',#1804,#1802);
#1804=PRODUCT_DEFINITION_FORMATION('',$,#1809);
#1805=PRODUCT_RELATED_PRODUCT_CATEGORY('Left front wheel mount',
'Left front wheel mount',(#1809));
#1806=APPLICATION_PROTOCOL_DEFINITION('international standard',
'automotive_design',2009,#1807);
#1807=APPLICATION_CONTEXT(
'Core Data for Automotive Mechanical Design Process');
#1808=PRODUCT_CONTEXT('part definition',#1807,'mechanical');
#1809=PRODUCT('Left front wheel mount','Left front wheel mount',$,(#1808));
#1810=PRESENTATION_STYLE_ASSIGNMENT((#1811));
#1811=SURFACE_STYLE_USAGE(.BOTH.,#1812);
#1812=SURFACE_SIDE_STYLE('',(#1813));
#1813=SURFACE_STYLE_FILL_AREA(#1814);
#1814=FILL_AREA_STYLE('Stahl - satiniert',(#1815));
#1815=FILL_AREA_STYLE_COLOUR('Stahl - satiniert',#1816);
#1816=COLOUR_RGB('Stahl - satiniert',0.627450980392157,0.627450980392157,
0.627450980392157);
ENDSEC;
END-ISO-10303-21;
