ISO-10303-21;
HEADER;
/* Generated by software containing ST-Developer
 * from STEP Tools, Inc. (www.steptools.com) 
 */

FILE_DESCRIPTION(
/* description */ (''),
/* implementation_level */ '2;1');

FILE_NAME(
/* name */ 'Remote control top.step',
/* time_stamp */ '2026-04-11T13:41:21+02:00',
/* author */ (''),
/* organization */ (''),
/* preprocessor_version */ 'ST-DEVELOPER v20.1',
/* originating_system */ 'Autodesk Translation Framework v14.24.0.0',
/* authorisation */ '');

FILE_SCHEMA (('AUTOMOTIVE_DESIGN { 1 0 10303 214 3 1 1 }'));
ENDSEC;

DATA;
#10=MECHANICAL_DESIGN_GEOMETRIC_PRESENTATION_REPRESENTATION('',(#13),#4209);
#11=SHAPE_REPRESENTATION_RELATIONSHIP('SRR','None',#4216,#12);
#12=ADVANCED_BREP_SHAPE_REPRESENTATION('',(#14),#4208);
#13=STYLED_ITEM('',(#4226),#14);
#14=MANIFOLD_SOLID_BREP('Remote control top',#2325);
#15=(
BOUNDED_CURVE()
B_SPLINE_CURVE(2,(#3694,#3695,#3696),.UNSPECIFIED.,.F.,.F.)
B_SPLINE_CURVE_WITH_KNOTS((3,3),(0.,0.481871352126261),.UNSPECIFIED.)
CURVE()
GEOMETRIC_REPRESENTATION_ITEM()
RATIONAL_B_SPLINE_CURVE((1.,1.03749999999999,1.03749999999999))
REPRESENTATION_ITEM('')
);
#16=(
BOUNDED_CURVE()
B_SPLINE_CURVE(2,(#3699,#3700,#3701),.UNSPECIFIED.,.F.,.F.)
B_SPLINE_CURVE_WITH_KNOTS((3,3),(0.481871352126268,0.963742704252537),
 .UNSPECIFIED.)
CURVE()
GEOMETRIC_REPRESENTATION_ITEM()
RATIONAL_B_SPLINE_CURVE((1.0375,1.0375,1.))
REPRESENTATION_ITEM('')
);
#17=CONICAL_SURFACE('',#2462,12.45,0.785398163397447);
#18=CONICAL_SURFACE('',#2543,8.,0.785398163397447);
#19=CONICAL_SURFACE('',#2549,1.45,0.785398163397443);
#20=CONICAL_SURFACE('',#2552,1.45,0.785398163397442);
#21=B_SPLINE_CURVE_WITH_KNOTS('',3,(#3512,#3513,#3514,#3515,#3516,#3517),
 .UNSPECIFIED.,.F.,.F.,(4,2,4),(0.701950839897313,0.765434131595919,0.870348041221077),
 .UNSPECIFIED.);
#22=B_SPLINE_CURVE_WITH_KNOTS('',3,(#3532,#3533,#3534,#3535,#3536,#3537),
 .UNSPECIFIED.,.F.,.F.,(4,2,4),(0.870348041221079,0.975261950846237,1.03874524254485),
 .UNSPECIFIED.);
#23=B_SPLINE_CURVE_WITH_KNOTS('',3,(#3546,#3547,#3548,#3549,#3550,#3551),
 .UNSPECIFIED.,.F.,.F.,(4,2,4),(0.701950839897311,0.765434131595922,0.87034804122108),
 .UNSPECIFIED.);
#24=B_SPLINE_CURVE_WITH_KNOTS('',3,(#3557,#3558,#3559,#3560,#3561,#3562),
 .UNSPECIFIED.,.F.,.F.,(4,2,4),(0.870348041221081,0.975261950846239,1.03874524254485),
 .UNSPECIFIED.);
#25=B_SPLINE_CURVE_WITH_KNOTS('',3,(#3583,#3584,#3585,#3586,#3587,#3588,
#3589,#3590,#3591,#3592,#3593,#3594,#3595,#3596,#3597,#3598,#3599,#3600,
#3601,#3602,#3603,#3604),.UNSPECIFIED.,.F.,.F.,(4,2,2,2,2,2,2,2,2,2,4),
(0.,0.0311797833113608,0.137822342280401,0.152808298354186,0.159504442599086,
0.164480154079472,0.169734829509166,0.177812139669316,0.193623658220799,
0.23283458548473,0.322871347263814),.UNSPECIFIED.);
#26=B_SPLINE_CURVE_WITH_KNOTS('',3,(#3659,#3660,#3661,#3662,#3663,#3664,
#3665,#3666,#3667,#3668,#3669,#3670,#3671,#3672,#3673,#3674,#3675,#3676,
#3677,#3678,#3679,#3680),.UNSPECIFIED.,.F.,.F.,(4,2,2,2,2,2,2,2,2,2,4),
(0.,0.0311797833113497,0.137822342280257,0.152808298354039,0.15950444259875,
0.164480154079447,0.169734829509642,0.177812139670243,0.193623658222634,
0.232834585489173,0.322871347274221),.UNSPECIFIED.);
#27=B_SPLINE_CURVE_WITH_KNOTS('',3,(#3836,#3837,#3838,#3839,#3840),
 .UNSPECIFIED.,.F.,.F.,(4,1,4),(-0.785398163397437,-0.391834028069377,0.00173010725868254),
 .UNSPECIFIED.);
#28=B_SPLINE_CURVE_WITH_KNOTS('',3,(#3844,#3845,#3846,#3847,#3848),
 .UNSPECIFIED.,.F.,.F.,(4,1,4),(-0.00173010725867853,0.391834028069387,
0.785398163397452),.UNSPECIFIED.);
#29=B_SPLINE_CURVE_WITH_KNOTS('',3,(#3909,#3910,#3911,#3912,#3913,#3914),
 .UNSPECIFIED.,.F.,.F.,(4,2,4),(0.581639469122755,0.640655816737418,0.69967216435208),
 .UNSPECIFIED.);
#30=B_SPLINE_CURVE_WITH_KNOTS('',3,(#3918,#3919,#3920,#3921,#3922,#3923),
 .UNSPECIFIED.,.F.,.F.,(4,2,4),(0.228088565625166,0.287104913239828,0.346121260854491),
 .UNSPECIFIED.);
#31=B_SPLINE_CURVE_WITH_KNOTS('',3,(#3958,#3959,#3960,#3961,#3962,#3963),
 .UNSPECIFIED.,.F.,.F.,(4,2,4),(1.57229888111839,1.635782172817,1.74069608244216),
 .UNSPECIFIED.);
#32=B_SPLINE_CURVE_WITH_KNOTS('',3,(#4014,#4015,#4016,#4017,#4018,#4019),
 .UNSPECIFIED.,.F.,.F.,(4,2,4),(1.74069608244216,1.84560999206731,1.90909328376592),
 .UNSPECIFIED.);
#33=B_SPLINE_CURVE_WITH_KNOTS('',3,(#4080,#4081,#4082,#4083,#4084),
 .UNSPECIFIED.,.F.,.F.,(4,1,4),(-0.00173010725868254,0.391834028069377,
0.785398163397437),.UNSPECIFIED.);
#34=B_SPLINE_CURVE_WITH_KNOTS('',3,(#4111,#4112,#4113,#4114,#4115),
 .UNSPECIFIED.,.F.,.F.,(4,1,4),(-0.785398163397452,-0.391834028069387,0.00173010725867853),
 .UNSPECIFIED.);
#35=B_SPLINE_CURVE_WITH_KNOTS('',3,(#4131,#4132,#4133,#4134,#4135,#4136),
 .UNSPECIFIED.,.F.,.F.,(4,2,4),(1.74069608244216,1.84560999206732,1.90909328376593),
 .UNSPECIFIED.);
#36=B_SPLINE_CURVE_WITH_KNOTS('',3,(#4137,#4138,#4139,#4140,#4141,#4142),
 .UNSPECIFIED.,.F.,.F.,(4,2,4),(1.57229888111839,1.635782172817,1.74069608244216),
 .UNSPECIFIED.);
#37=TOROIDAL_SURFACE('',#2362,3.,1.5);
#38=TOROIDAL_SURFACE('',#2381,2.5,1.5);
#39=TOROIDAL_SURFACE('',#2387,2.5,1.5);
#40=TOROIDAL_SURFACE('',#2395,3.,1.49999999999999);
#41=TOROIDAL_SURFACE('',#2412,2.5,1.5);
#42=TOROIDAL_SURFACE('',#2419,2.5,1.5);
#43=TOROIDAL_SURFACE('',#2429,5.5,1.5);
#44=TOROIDAL_SURFACE('',#2455,5.5,1.5);
#45=TOROIDAL_SURFACE('',#2559,2.5,1.5);
#46=TOROIDAL_SURFACE('',#2564,2.5,1.5);
#47=CYLINDRICAL_SURFACE('',#2354,1.5);
#48=CYLINDRICAL_SURFACE('',#2360,1.5);
#49=CYLINDRICAL_SURFACE('',#2371,1.5);
#50=CYLINDRICAL_SURFACE('',#2373,1.5);
#51=CYLINDRICAL_SURFACE('',#2374,1.5);
#52=CYLINDRICAL_SURFACE('',#2375,1.5);
#53=CYLINDRICAL_SURFACE('',#2377,1.5);
#54=CYLINDRICAL_SURFACE('',#2379,1.5);
#55=CYLINDRICAL_SURFACE('',#2385,1.5);
#56=CYLINDRICAL_SURFACE('',#2391,1.5);
#57=CYLINDRICAL_SURFACE('',#2392,1.5);
#58=CYLINDRICAL_SURFACE('',#2393,1.5);
#59=CYLINDRICAL_SURFACE('',#2400,1.5);
#60=CYLINDRICAL_SURFACE('',#2402,1.5);
#61=CYLINDRICAL_SURFACE('',#2403,1.5);
#62=CYLINDRICAL_SURFACE('',#2405,1.5);
#63=CYLINDRICAL_SURFACE('',#2407,1.5);
#64=CYLINDRICAL_SURFACE('',#2410,1.5);
#65=CYLINDRICAL_SURFACE('',#2415,1.5);
#66=CYLINDRICAL_SURFACE('',#2417,1.5);
#67=CYLINDRICAL_SURFACE('',#2426,4.);
#68=CYLINDRICAL_SURFACE('',#2433,3.);
#69=CYLINDRICAL_SURFACE('',#2445,1.5);
#70=CYLINDRICAL_SURFACE('',#2448,4.);
#71=CYLINDRICAL_SURFACE('',#2453,1.5);
#72=CYLINDRICAL_SURFACE('',#2457,4.);
#73=CYLINDRICAL_SURFACE('',#2483,3.);
#74=CYLINDRICAL_SURFACE('',#2488,5.);
#75=CYLINDRICAL_SURFACE('',#2491,1.5);
#76=CYLINDRICAL_SURFACE('',#2496,4.);
#77=CYLINDRICAL_SURFACE('',#2497,4.);
#78=CYLINDRICAL_SURFACE('',#2500,4.);
#79=CYLINDRICAL_SURFACE('',#2505,5.);
#80=CYLINDRICAL_SURFACE('',#2506,3.00000000000001);
#81=CYLINDRICAL_SURFACE('',#2513,1.5);
#82=CYLINDRICAL_SURFACE('',#2517,1.5);
#83=CYLINDRICAL_SURFACE('',#2523,1.5);
#84=CYLINDRICAL_SURFACE('',#2527,1.5);
#85=CYLINDRICAL_SURFACE('',#2529,1.5);
#86=CYLINDRICAL_SURFACE('',#2532,1.5);
#87=CYLINDRICAL_SURFACE('',#2534,1.5);
#88=CYLINDRICAL_SURFACE('',#2545,7.);
#89=CYLINDRICAL_SURFACE('',#2555,1.2);
#90=CYLINDRICAL_SURFACE('',#2557,1.2);
#91=CYLINDRICAL_SURFACE('',#2562,1.5);
#92=CYLINDRICAL_SURFACE('',#2571,1.6);
#93=CYLINDRICAL_SURFACE('',#2573,1.6);
#94=CYLINDRICAL_SURFACE('',#2579,1.6);
#95=CYLINDRICAL_SURFACE('',#2580,1.6);
#96=CYLINDRICAL_SURFACE('',#2581,3.);
#97=CYLINDRICAL_SURFACE('',#2582,3.);
#98=B_SPLINE_SURFACE_WITH_KNOTS('',3,3,((#3329,#3330,#3331,#3332,#3333,
#3334),(#3335,#3336,#3337,#3338,#3339,#3340),(#3341,#3342,#3343,#3344,#3345,
#3346),(#3347,#3348,#3349,#3350,#3351,#3352),(#3353,#3354,#3355,#3356,#3357,
#3358)),.UNSPECIFIED.,.F.,.F.,.F.,(4,1,4),(4,1,1,4),(0.,0.571428571428571,
1.),(-1.5707963267949,-0.897597901025655,-0.448798950512828,-9.25185853854296E-17),
 .UNSPECIFIED.);
#99=B_SPLINE_SURFACE_WITH_KNOTS('',3,3,((#3373,#3374,#3375,#3376,#3377),
(#3378,#3379,#3380,#3381,#3382),(#3383,#3384,#3385,#3386,#3387),(#3388,
#3389,#3390,#3391,#3392),(#3393,#3394,#3395,#3396,#3397)),.UNSPECIFIED.,
 .F.,.F.,.F.,(4,1,4),(4,1,4),(0.,0.571428571428571,1.),(0.,0.673198425769241,
1.5707963267949),.UNSPECIFIED.);
#100=B_SPLINE_SURFACE_WITH_KNOTS('',3,3,((#3932,#3933,#3934,#3935,#3936),
(#3937,#3938,#3939,#3940,#3941),(#3942,#3943,#3944,#3945,#3946),(#3947,
#3948,#3949,#3950,#3951)),.UNSPECIFIED.,.F.,.F.,.F.,(4,4),(4,1,4),(0.,1.),
(-1.62097806526547E-17,0.673198425769242,1.5707963267949),.UNSPECIFIED.);
#101=B_SPLINE_SURFACE_WITH_KNOTS('',3,3,((#3989,#3990,#3991,#3992,#3993),
(#3994,#3995,#3996,#3997,#3998),(#3999,#4000,#4001,#4002,#4003),(#4004,
#4005,#4006,#4007,#4008)),.UNSPECIFIED.,.F.,.F.,.F.,(4,4),(4,1,4),(0.,1.),
(-1.5707963267949,-0.673198425769241,8.5040593366707E-16),.UNSPECIFIED.);
#102=B_SPLINE_SURFACE_WITH_KNOTS('',3,3,((#4060,#4061,#4062,#4063,#4064),
(#4065,#4066,#4067,#4068,#4069),(#4070,#4071,#4072,#4073,#4074),(#4075,
#4076,#4077,#4078,#4079)),.UNSPECIFIED.,.F.,.F.,.F.,(4,4),(4,1,4),(0.,1.),
(-0.00173010725868254,0.391834028069377,0.785398163397437),
 .UNSPECIFIED.);
#103=B_SPLINE_SURFACE_WITH_KNOTS('',3,3,((#4091,#4092,#4093,#4094,#4095),
(#4096,#4097,#4098,#4099,#4100),(#4101,#4102,#4103,#4104,#4105),(#4106,
#4107,#4108,#4109,#4110)),.UNSPECIFIED.,.F.,.F.,.F.,(4,4),(4,1,4),(0.,1.),
(-0.785398163397452,-0.391834028069387,0.00173010725867853),
 .UNSPECIFIED.);
#104=SPHERICAL_SURFACE('',#2346,1.5);
#105=SPHERICAL_SURFACE('',#2367,1.5);
#106=SPHERICAL_SURFACE('',#2422,1.5);
#107=SPHERICAL_SURFACE('',#2424,1.5);
#108=SPHERICAL_SURFACE('',#2537,1.5);
#109=SPHERICAL_SURFACE('',#2538,1.5);
#110=ELLIPSE('',#2344,7.07106781186569,5.);
#111=ELLIPSE('',#2345,7.07106781186569,5.);
#112=ELLIPSE('',#2350,3.35410196624968,1.5);
#113=ELLIPSE('',#2352,4.24264068711929,3.);
#114=ELLIPSE('',#2356,4.24264068711928,3.);
#115=ELLIPSE('',#2358,3.35410196624968,1.5);
#116=ELLIPSE('',#2507,4.2426406871193,3.00000000000001);
#117=ELLIPSE('',#2510,4.24264068711929,3.00000000000001);
#118=ELLIPSE('',#2515,1.94785930633715,1.5);
#119=ELLIPSE('',#2516,1.94785930633717,1.5);
#120=ELLIPSE('',#2525,1.94785930633716,1.5);
#121=ELLIPSE('',#2526,1.94785930633716,1.49999999999999);
#122=FACE_BOUND('',#268,.T.);
#123=FACE_BOUND('',#321,.T.);
#124=FACE_BOUND('',#329,.T.);
#125=FACE_BOUND('',#330,.T.);
#126=FACE_BOUND('',#331,.T.);
#127=FACE_BOUND('',#332,.T.);
#128=FACE_BOUND('',#359,.T.);
#129=FACE_BOUND('',#370,.T.);
#130=FACE_BOUND('',#372,.T.);
#131=FACE_BOUND('',#395,.T.);
#132=FACE_BOUND('',#399,.T.);
#133=FACE_BOUND('',#401,.T.);
#134=FACE_OUTER_BOUND('',#267,.T.);
#135=FACE_OUTER_BOUND('',#269,.T.);
#136=FACE_OUTER_BOUND('',#270,.T.);
#137=FACE_OUTER_BOUND('',#271,.T.);
#138=FACE_OUTER_BOUND('',#272,.T.);
#139=FACE_OUTER_BOUND('',#273,.T.);
#140=FACE_OUTER_BOUND('',#274,.T.);
#141=FACE_OUTER_BOUND('',#275,.T.);
#142=FACE_OUTER_BOUND('',#276,.T.);
#143=FACE_OUTER_BOUND('',#277,.T.);
#144=FACE_OUTER_BOUND('',#278,.T.);
#145=FACE_OUTER_BOUND('',#279,.T.);
#146=FACE_OUTER_BOUND('',#280,.T.);
#147=FACE_OUTER_BOUND('',#281,.T.);
#148=FACE_OUTER_BOUND('',#282,.T.);
#149=FACE_OUTER_BOUND('',#283,.T.);
#150=FACE_OUTER_BOUND('',#284,.T.);
#151=FACE_OUTER_BOUND('',#285,.T.);
#152=FACE_OUTER_BOUND('',#286,.T.);
#153=FACE_OUTER_BOUND('',#287,.T.);
#154=FACE_OUTER_BOUND('',#288,.T.);
#155=FACE_OUTER_BOUND('',#289,.T.);
#156=FACE_OUTER_BOUND('',#290,.T.);
#157=FACE_OUTER_BOUND('',#291,.T.);
#158=FACE_OUTER_BOUND('',#292,.T.);
#159=FACE_OUTER_BOUND('',#293,.T.);
#160=FACE_OUTER_BOUND('',#294,.T.);
#161=FACE_OUTER_BOUND('',#295,.T.);
#162=FACE_OUTER_BOUND('',#296,.T.);
#163=FACE_OUTER_BOUND('',#297,.T.);
#164=FACE_OUTER_BOUND('',#298,.T.);
#165=FACE_OUTER_BOUND('',#299,.T.);
#166=FACE_OUTER_BOUND('',#300,.T.);
#167=FACE_OUTER_BOUND('',#301,.T.);
#168=FACE_OUTER_BOUND('',#302,.T.);
#169=FACE_OUTER_BOUND('',#303,.T.);
#170=FACE_OUTER_BOUND('',#304,.T.);
#171=FACE_OUTER_BOUND('',#305,.T.);
#172=FACE_OUTER_BOUND('',#306,.T.);
#173=FACE_OUTER_BOUND('',#307,.T.);
#174=FACE_OUTER_BOUND('',#308,.T.);
#175=FACE_OUTER_BOUND('',#309,.T.);
#176=FACE_OUTER_BOUND('',#310,.T.);
#177=FACE_OUTER_BOUND('',#311,.T.);
#178=FACE_OUTER_BOUND('',#312,.T.);
#179=FACE_OUTER_BOUND('',#313,.T.);
#180=FACE_OUTER_BOUND('',#314,.T.);
#181=FACE_OUTER_BOUND('',#315,.T.);
#182=FACE_OUTER_BOUND('',#316,.T.);
#183=FACE_OUTER_BOUND('',#317,.T.);
#184=FACE_OUTER_BOUND('',#318,.T.);
#185=FACE_OUTER_BOUND('',#319,.T.);
#186=FACE_OUTER_BOUND('',#320,.T.);
#187=FACE_OUTER_BOUND('',#322,.T.);
#188=FACE_OUTER_BOUND('',#323,.T.);
#189=FACE_OUTER_BOUND('',#324,.T.);
#190=FACE_OUTER_BOUND('',#325,.T.);
#191=FACE_OUTER_BOUND('',#326,.T.);
#192=FACE_OUTER_BOUND('',#327,.T.);
#193=FACE_OUTER_BOUND('',#328,.T.);
#194=FACE_OUTER_BOUND('',#333,.T.);
#195=FACE_OUTER_BOUND('',#334,.T.);
#196=FACE_OUTER_BOUND('',#335,.T.);
#197=FACE_OUTER_BOUND('',#336,.T.);
#198=FACE_OUTER_BOUND('',#337,.T.);
#199=FACE_OUTER_BOUND('',#338,.T.);
#200=FACE_OUTER_BOUND('',#339,.T.);
#201=FACE_OUTER_BOUND('',#340,.T.);
#202=FACE_OUTER_BOUND('',#341,.T.);
#203=FACE_OUTER_BOUND('',#342,.T.);
#204=FACE_OUTER_BOUND('',#343,.T.);
#205=FACE_OUTER_BOUND('',#344,.T.);
#206=FACE_OUTER_BOUND('',#345,.T.);
#207=FACE_OUTER_BOUND('',#346,.T.);
#208=FACE_OUTER_BOUND('',#347,.T.);
#209=FACE_OUTER_BOUND('',#348,.T.);
#210=FACE_OUTER_BOUND('',#349,.T.);
#211=FACE_OUTER_BOUND('',#350,.T.);
#212=FACE_OUTER_BOUND('',#351,.T.);
#213=FACE_OUTER_BOUND('',#352,.T.);
#214=FACE_OUTER_BOUND('',#353,.T.);
#215=FACE_OUTER_BOUND('',#354,.T.);
#216=FACE_OUTER_BOUND('',#355,.T.);
#217=FACE_OUTER_BOUND('',#356,.T.);
#218=FACE_OUTER_BOUND('',#357,.T.);
#219=FACE_OUTER_BOUND('',#358,.T.);
#220=FACE_OUTER_BOUND('',#360,.T.);
#221=FACE_OUTER_BOUND('',#361,.T.);
#222=FACE_OUTER_BOUND('',#362,.T.);
#223=FACE_OUTER_BOUND('',#363,.T.);
#224=FACE_OUTER_BOUND('',#364,.T.);
#225=FACE_OUTER_BOUND('',#365,.T.);
#226=FACE_OUTER_BOUND('',#366,.T.);
#227=FACE_OUTER_BOUND('',#367,.T.);
#228=FACE_OUTER_BOUND('',#368,.T.);
#229=FACE_OUTER_BOUND('',#369,.T.);
#230=FACE_OUTER_BOUND('',#371,.T.);
#231=FACE_OUTER_BOUND('',#373,.T.);
#232=FACE_OUTER_BOUND('',#374,.T.);
#233=FACE_OUTER_BOUND('',#375,.T.);
#234=FACE_OUTER_BOUND('',#376,.T.);
#235=FACE_OUTER_BOUND('',#377,.T.);
#236=FACE_OUTER_BOUND('',#378,.T.);
#237=FACE_OUTER_BOUND('',#379,.T.);
#238=FACE_OUTER_BOUND('',#380,.T.);
#239=FACE_OUTER_BOUND('',#381,.T.);
#240=FACE_OUTER_BOUND('',#382,.T.);
#241=FACE_OUTER_BOUND('',#383,.T.);
#242=FACE_OUTER_BOUND('',#384,.T.);
#243=FACE_OUTER_BOUND('',#385,.T.);
#244=FACE_OUTER_BOUND('',#386,.T.);
#245=FACE_OUTER_BOUND('',#387,.T.);
#246=FACE_OUTER_BOUND('',#388,.T.);
#247=FACE_OUTER_BOUND('',#389,.T.);
#248=FACE_OUTER_BOUND('',#390,.T.);
#249=FACE_OUTER_BOUND('',#391,.T.);
#250=FACE_OUTER_BOUND('',#392,.T.);
#251=FACE_OUTER_BOUND('',#393,.T.);
#252=FACE_OUTER_BOUND('',#394,.T.);
#253=FACE_OUTER_BOUND('',#396,.T.);
#254=FACE_OUTER_BOUND('',#397,.T.);
#255=FACE_OUTER_BOUND('',#398,.T.);
#256=FACE_OUTER_BOUND('',#400,.T.);
#257=FACE_OUTER_BOUND('',#402,.T.);
#258=FACE_OUTER_BOUND('',#403,.T.);
#259=FACE_OUTER_BOUND('',#404,.T.);
#260=FACE_OUTER_BOUND('',#405,.T.);
#261=FACE_OUTER_BOUND('',#406,.T.);
#262=FACE_OUTER_BOUND('',#407,.T.);
#263=FACE_OUTER_BOUND('',#408,.T.);
#264=FACE_OUTER_BOUND('',#409,.T.);
#265=FACE_OUTER_BOUND('',#410,.T.);
#266=FACE_OUTER_BOUND('',#411,.T.);
#267=EDGE_LOOP('',(#1460,#1461,#1462,#1463,#1464,#1465));
#268=EDGE_LOOP('',(#1466));
#269=EDGE_LOOP('',(#1467,#1468,#1469,#1470,#1471,#1472));
#270=EDGE_LOOP('',(#1473,#1474,#1475,#1476,#1477,#1478));
#271=EDGE_LOOP('',(#1479,#1480,#1481));
#272=EDGE_LOOP('',(#1482,#1483,#1484,#1485));
#273=EDGE_LOOP('',(#1486,#1487,#1488,#1489));
#274=EDGE_LOOP('',(#1490,#1491,#1492,#1493));
#275=EDGE_LOOP('',(#1494,#1495,#1496,#1497));
#276=EDGE_LOOP('',(#1498,#1499,#1500,#1501));
#277=EDGE_LOOP('',(#1502,#1503,#1504));
#278=EDGE_LOOP('',(#1505,#1506,#1507,#1508));
#279=EDGE_LOOP('',(#1509,#1510,#1511,#1512));
#280=EDGE_LOOP('',(#1513,#1514,#1515,#1516));
#281=EDGE_LOOP('',(#1517,#1518,#1519,#1520));
#282=EDGE_LOOP('',(#1521,#1522,#1523,#1524));
#283=EDGE_LOOP('',(#1525,#1526,#1527,#1528));
#284=EDGE_LOOP('',(#1529,#1530,#1531,#1532));
#285=EDGE_LOOP('',(#1533,#1534,#1535,#1536));
#286=EDGE_LOOP('',(#1537,#1538,#1539,#1540));
#287=EDGE_LOOP('',(#1541,#1542,#1543,#1544));
#288=EDGE_LOOP('',(#1545,#1546,#1547,#1548));
#289=EDGE_LOOP('',(#1549,#1550,#1551,#1552));
#290=EDGE_LOOP('',(#1553,#1554,#1555,#1556));
#291=EDGE_LOOP('',(#1557,#1558,#1559,#1560));
#292=EDGE_LOOP('',(#1561,#1562,#1563,#1564));
#293=EDGE_LOOP('',(#1565,#1566,#1567,#1568));
#294=EDGE_LOOP('',(#1569,#1570,#1571,#1572));
#295=EDGE_LOOP('',(#1573,#1574,#1575,#1576));
#296=EDGE_LOOP('',(#1577,#1578,#1579,#1580));
#297=EDGE_LOOP('',(#1581,#1582,#1583,#1584));
#298=EDGE_LOOP('',(#1585,#1586,#1587,#1588));
#299=EDGE_LOOP('',(#1589,#1590,#1591,#1592));
#300=EDGE_LOOP('',(#1593,#1594,#1595,#1596));
#301=EDGE_LOOP('',(#1597,#1598,#1599));
#302=EDGE_LOOP('',(#1600,#1601,#1602));
#303=EDGE_LOOP('',(#1603,#1604,#1605,#1606));
#304=EDGE_LOOP('',(#1607,#1608,#1609,#1610));
#305=EDGE_LOOP('',(#1611,#1612,#1613,#1614,#1615,#1616));
#306=EDGE_LOOP('',(#1617,#1618,#1619,#1620,#1621,#1622,#1623,#1624,#1625,
#1626));
#307=EDGE_LOOP('',(#1627,#1628,#1629,#1630,#1631,#1632,#1633));
#308=EDGE_LOOP('',(#1634,#1635,#1636,#1637,#1638));
#309=EDGE_LOOP('',(#1639,#1640,#1641,#1642,#1643));
#310=EDGE_LOOP('',(#1644,#1645,#1646,#1647));
#311=EDGE_LOOP('',(#1648,#1649,#1650,#1651,#1652,#1653,#1654,#1655,#1656,
#1657));
#312=EDGE_LOOP('',(#1658,#1659,#1660,#1661));
#313=EDGE_LOOP('',(#1662,#1663,#1664,#1665,#1666,#1667));
#314=EDGE_LOOP('',(#1668,#1669,#1670,#1671));
#315=EDGE_LOOP('',(#1672,#1673,#1674,#1675));
#316=EDGE_LOOP('',(#1676,#1677,#1678,#1679));
#317=EDGE_LOOP('',(#1680,#1681,#1682,#1683,#1684,#1685));
#318=EDGE_LOOP('',(#1686,#1687,#1688,#1689));
#319=EDGE_LOOP('',(#1690,#1691,#1692,#1693));
#320=EDGE_LOOP('',(#1694,#1695,#1696,#1697,#1698,#1699,#1700,#1701,#1702,
#1703,#1704,#1705));
#321=EDGE_LOOP('',(#1706));
#322=EDGE_LOOP('',(#1707,#1708,#1709,#1710));
#323=EDGE_LOOP('',(#1711,#1712,#1713,#1714));
#324=EDGE_LOOP('',(#1715,#1716,#1717,#1718,#1719,#1720,#1721));
#325=EDGE_LOOP('',(#1722,#1723,#1724,#1725,#1726,#1727,#1728,#1729,#1730,
#1731,#1732,#1733));
#326=EDGE_LOOP('',(#1734,#1735,#1736,#1737,#1738,#1739));
#327=EDGE_LOOP('',(#1740,#1741,#1742,#1743));
#328=EDGE_LOOP('',(#1744,#1745,#1746,#1747,#1748,#1749,#1750,#1751,#1752,
#1753,#1754,#1755,#1756,#1757,#1758,#1759,#1760,#1761,#1762,#1763,#1764,
#1765,#1766,#1767,#1768,#1769,#1770,#1771));
#329=EDGE_LOOP('',(#1772));
#330=EDGE_LOOP('',(#1773));
#331=EDGE_LOOP('',(#1774));
#332=EDGE_LOOP('',(#1775));
#333=EDGE_LOOP('',(#1776,#1777,#1778,#1779,#1780,#1781,#1782));
#334=EDGE_LOOP('',(#1783,#1784,#1785,#1786));
#335=EDGE_LOOP('',(#1787,#1788,#1789,#1790,#1791));
#336=EDGE_LOOP('',(#1792,#1793,#1794,#1795,#1796,#1797,#1798));
#337=EDGE_LOOP('',(#1799,#1800,#1801,#1802,#1803));
#338=EDGE_LOOP('',(#1804,#1805,#1806,#1807,#1808,#1809,#1810,#1811,#1812));
#339=EDGE_LOOP('',(#1813,#1814,#1815,#1816));
#340=EDGE_LOOP('',(#1817,#1818,#1819,#1820,#1821,#1822));
#341=EDGE_LOOP('',(#1823,#1824,#1825,#1826));
#342=EDGE_LOOP('',(#1827,#1828,#1829,#1830));
#343=EDGE_LOOP('',(#1831,#1832,#1833,#1834));
#344=EDGE_LOOP('',(#1835,#1836,#1837,#1838,#1839,#1840,#1841,#1842));
#345=EDGE_LOOP('',(#1843,#1844,#1845,#1846,#1847,#1848,#1849,#1850,#1851,
#1852,#1853));
#346=EDGE_LOOP('',(#1854,#1855,#1856,#1857,#1858,#1859));
#347=EDGE_LOOP('',(#1860,#1861,#1862,#1863));
#348=EDGE_LOOP('',(#1864,#1865,#1866,#1867));
#349=EDGE_LOOP('',(#1868,#1869,#1870,#1871));
#350=EDGE_LOOP('',(#1872,#1873,#1874,#1875));
#351=EDGE_LOOP('',(#1876,#1877,#1878,#1879,#1880,#1881,#1882,#1883,#1884));
#352=EDGE_LOOP('',(#1885,#1886,#1887,#1888,#1889,#1890));
#353=EDGE_LOOP('',(#1891,#1892,#1893,#1894));
#354=EDGE_LOOP('',(#1895,#1896,#1897,#1898,#1899,#1900,#1901,#1902,#1903,
#1904));
#355=EDGE_LOOP('',(#1905,#1906,#1907,#1908));
#356=EDGE_LOOP('',(#1909,#1910,#1911));
#357=EDGE_LOOP('',(#1912,#1913,#1914,#1915,#1916));
#358=EDGE_LOOP('',(#1917,#1918,#1919,#1920,#1921,#1922,#1923,#1924,#1925,
#1926));
#359=EDGE_LOOP('',(#1927,#1928,#1929,#1930));
#360=EDGE_LOOP('',(#1931,#1932,#1933,#1934));
#361=EDGE_LOOP('',(#1935,#1936,#1937));
#362=EDGE_LOOP('',(#1938,#1939,#1940,#1941,#1942));
#363=EDGE_LOOP('',(#1943,#1944,#1945,#1946));
#364=EDGE_LOOP('',(#1947,#1948,#1949,#1950,#1951,#1952));
#365=EDGE_LOOP('',(#1953,#1954,#1955,#1956));
#366=EDGE_LOOP('',(#1957,#1958,#1959,#1960));
#367=EDGE_LOOP('',(#1961,#1962,#1963));
#368=EDGE_LOOP('',(#1964,#1965,#1966));
#369=EDGE_LOOP('',(#1967));
#370=EDGE_LOOP('',(#1968));
#371=EDGE_LOOP('',(#1969));
#372=EDGE_LOOP('',(#1970));
#373=EDGE_LOOP('',(#1971,#1972,#1973,#1974));
#374=EDGE_LOOP('',(#1975,#1976,#1977,#1978));
#375=EDGE_LOOP('',(#1979,#1980,#1981));
#376=EDGE_LOOP('',(#1982,#1983,#1984));
#377=EDGE_LOOP('',(#1985,#1986,#1987,#1988));
#378=EDGE_LOOP('',(#1989,#1990,#1991,#1992));
#379=EDGE_LOOP('',(#1993,#1994,#1995,#1996));
#380=EDGE_LOOP('',(#1997,#1998,#1999,#2000));
#381=EDGE_LOOP('',(#2001,#2002,#2003,#2004));
#382=EDGE_LOOP('',(#2005,#2006,#2007,#2008));
#383=EDGE_LOOP('',(#2009,#2010,#2011,#2012));
#384=EDGE_LOOP('',(#2013,#2014,#2015,#2016,#2017));
#385=EDGE_LOOP('',(#2018,#2019,#2020,#2021,#2022));
#386=EDGE_LOOP('',(#2023,#2024,#2025,#2026,#2027,#2028));
#387=EDGE_LOOP('',(#2029,#2030,#2031,#2032));
#388=EDGE_LOOP('',(#2033,#2034,#2035,#2036,#2037,#2038));
#389=EDGE_LOOP('',(#2039,#2040,#2041,#2042));
#390=EDGE_LOOP('',(#2043,#2044,#2045,#2046));
#391=EDGE_LOOP('',(#2047,#2048,#2049,#2050));
#392=EDGE_LOOP('',(#2051,#2052,#2053,#2054));
#393=EDGE_LOOP('',(#2055,#2056,#2057,#2058));
#394=EDGE_LOOP('',(#2059,#2060,#2061,#2062,#2063,#2064,#2065,#2066,#2067,
#2068,#2069));
#395=EDGE_LOOP('',(#2070,#2071,#2072,#2073));
#396=EDGE_LOOP('',(#2074,#2075,#2076,#2077));
#397=EDGE_LOOP('',(#2078,#2079,#2080,#2081));
#398=EDGE_LOOP('',(#2082));
#399=EDGE_LOOP('',(#2083));
#400=EDGE_LOOP('',(#2084));
#401=EDGE_LOOP('',(#2085));
#402=EDGE_LOOP('',(#2086,#2087,#2088,#2089));
#403=EDGE_LOOP('',(#2090,#2091,#2092,#2093));
#404=EDGE_LOOP('',(#2094,#2095,#2096,#2097,#2098,#2099,#2100,#2101));
#405=EDGE_LOOP('',(#2102,#2103,#2104,#2105,#2106,#2107,#2108));
#406=EDGE_LOOP('',(#2109,#2110,#2111,#2112,#2113,#2114,#2115));
#407=EDGE_LOOP('',(#2116,#2117,#2118,#2119));
#408=EDGE_LOOP('',(#2120,#2121,#2122,#2123));
#409=EDGE_LOOP('',(#2124,#2125,#2126,#2127));
#410=EDGE_LOOP('',(#2128,#2129,#2130,#2131));
#411=EDGE_LOOP('',(#2132,#2133,#2134,#2135));
#412=CIRCLE('',#2340,12.);
#413=CIRCLE('',#2341,7.);
#414=CIRCLE('',#2347,1.5);
#415=CIRCLE('',#2348,1.5);
#416=CIRCLE('',#2349,1.5);
#417=CIRCLE('',#2351,1.5);
#418=CIRCLE('',#2353,1.5);
#419=CIRCLE('',#2355,1.5);
#420=CIRCLE('',#2357,1.5);
#421=CIRCLE('',#2359,1.5);
#422=CIRCLE('',#2361,1.5);
#423=CIRCLE('',#2363,1.5);
#424=CIRCLE('',#2364,1.5);
#425=CIRCLE('',#2365,1.49999999999999);
#426=CIRCLE('',#2366,2.99999999999999);
#427=CIRCLE('',#2368,1.5);
#428=CIRCLE('',#2369,1.5);
#429=CIRCLE('',#2370,1.49999999999999);
#430=CIRCLE('',#2372,1.5);
#431=CIRCLE('',#2376,1.5);
#432=CIRCLE('',#2378,1.5);
#433=CIRCLE('',#2380,1.5);
#434=CIRCLE('',#2382,1.5);
#435=CIRCLE('',#2383,2.5);
#436=CIRCLE('',#2384,4.);
#437=CIRCLE('',#2386,1.49999999999999);
#438=CIRCLE('',#2388,1.5);
#439=CIRCLE('',#2389,2.5);
#440=CIRCLE('',#2390,4.);
#441=CIRCLE('',#2394,1.5);
#442=CIRCLE('',#2396,3.);
#443=CIRCLE('',#2397,1.5);
#444=CIRCLE('',#2398,1.5);
#445=CIRCLE('',#2399,1.49999999999999);
#446=CIRCLE('',#2401,1.49999999999999);
#447=CIRCLE('',#2404,1.5);
#448=CIRCLE('',#2406,1.5);
#449=CIRCLE('',#2408,1.5);
#450=CIRCLE('',#2409,1.5);
#451=CIRCLE('',#2411,1.5);
#452=CIRCLE('',#2413,3.);
#453=CIRCLE('',#2414,4.);
#454=CIRCLE('',#2416,1.5);
#455=CIRCLE('',#2418,1.49999999999999);
#456=CIRCLE('',#2420,3.);
#457=CIRCLE('',#2421,4.);
#458=CIRCLE('',#2423,1.49999999999999);
#459=CIRCLE('',#2425,1.5);
#460=CIRCLE('',#2427,4.);
#461=CIRCLE('',#2430,5.5);
#462=CIRCLE('',#2431,5.5);
#463=CIRCLE('',#2432,1.5);
#464=CIRCLE('',#2434,3.);
#465=CIRCLE('',#2435,3.);
#466=CIRCLE('',#2436,3.);
#467=CIRCLE('',#2437,3.);
#468=CIRCLE('',#2439,3.);
#469=CIRCLE('',#2440,5.5);
#470=CIRCLE('',#2442,5.5);
#471=CIRCLE('',#2443,3.);
#472=CIRCLE('',#2446,1.5);
#473=CIRCLE('',#2449,4.);
#474=CIRCLE('',#2454,1.5);
#475=CIRCLE('',#2456,4.);
#476=CIRCLE('',#2460,8.99999999999999);
#477=CIRCLE('',#2463,12.9);
#478=CIRCLE('',#2469,4.);
#479=CIRCLE('',#2470,4.);
#480=CIRCLE('',#2471,4.);
#481=CIRCLE('',#2472,5.);
#482=CIRCLE('',#2473,5.);
#483=CIRCLE('',#2474,1.6);
#484=CIRCLE('',#2475,1.6);
#485=CIRCLE('',#2476,1.6);
#486=CIRCLE('',#2477,1.6);
#487=CIRCLE('',#2484,3.);
#488=CIRCLE('',#2487,1.2);
#489=CIRCLE('',#2492,1.49999999999999);
#490=CIRCLE('',#2494,1.7);
#491=CIRCLE('',#2498,4.);
#492=CIRCLE('',#2501,4.);
#493=CIRCLE('',#2503,1.7);
#494=CIRCLE('',#2508,3.00000000000001);
#495=CIRCLE('',#2509,3.00000000000001);
#496=CIRCLE('',#2511,3.00000000000001);
#497=CIRCLE('',#2512,3.00000000000001);
#498=CIRCLE('',#2514,1.5);
#499=CIRCLE('',#2518,1.5);
#500=CIRCLE('',#2520,3.);
#501=CIRCLE('',#2521,3.);
#502=CIRCLE('',#2522,3.);
#503=CIRCLE('',#2524,1.5);
#504=CIRCLE('',#2528,1.49999999999999);
#505=CIRCLE('',#2530,1.49999999999999);
#506=CIRCLE('',#2533,1.5);
#507=CIRCLE('',#2535,1.5);
#508=CIRCLE('',#2536,1.5);
#509=CIRCLE('',#2540,1.6);
#510=CIRCLE('',#2542,1.6);
#511=CIRCLE('',#2544,7.);
#512=CIRCLE('',#2550,1.2);
#513=CIRCLE('',#2553,1.2);
#514=CIRCLE('',#2556,1.2);
#515=CIRCLE('',#2560,3.);
#516=CIRCLE('',#2561,1.5);
#517=CIRCLE('',#2563,1.5);
#518=CIRCLE('',#2565,3.);
#519=CIRCLE('',#2572,1.6);
#520=CIRCLE('',#2574,1.6);
#521=CIRCLE('',#2576,3.);
#522=CIRCLE('',#2578,3.);
#523=LINE('',#3292,#720);
#524=LINE('',#3294,#721);
#525=LINE('',#3296,#722);
#526=LINE('',#3298,#723);
#527=LINE('',#3301,#724);
#528=LINE('',#3306,#725);
#529=LINE('',#3308,#726);
#530=LINE('',#3310,#727);
#531=LINE('',#3312,#728);
#532=LINE('',#3313,#729);
#533=LINE('',#3316,#730);
#534=LINE('',#3320,#731);
#535=LINE('',#3371,#732);
#536=LINE('',#3372,#733);
#537=LINE('',#3410,#734);
#538=LINE('',#3411,#735);
#539=LINE('',#3432,#736);
#540=LINE('',#3433,#737);
#541=LINE('',#3435,#738);
#542=LINE('',#3436,#739);
#543=LINE('',#3438,#740);
#544=LINE('',#3439,#741);
#545=LINE('',#3443,#742);
#546=LINE('',#3444,#743);
#547=LINE('',#3449,#744);
#548=LINE('',#3450,#745);
#549=LINE('',#3455,#746);
#550=LINE('',#3456,#747);
#551=LINE('',#3467,#748);
#552=LINE('',#3468,#749);
#553=LINE('',#3476,#750);
#554=LINE('',#3477,#751);
#555=LINE('',#3479,#752);
#556=LINE('',#3480,#753);
#557=LINE('',#3485,#754);
#558=LINE('',#3486,#755);
#559=LINE('',#3499,#756);
#560=LINE('',#3500,#757);
#561=LINE('',#3502,#758);
#562=LINE('',#3503,#759);
#563=LINE('',#3508,#760);
#564=LINE('',#3509,#761);
#565=LINE('',#3520,#762);
#566=LINE('',#3526,#763);
#567=LINE('',#3529,#764);
#568=LINE('',#3539,#765);
#569=LINE('',#3554,#766);
#570=LINE('',#3564,#767);
#571=LINE('',#3574,#768);
#572=LINE('',#3577,#769);
#573=LINE('',#3612,#770);
#574=LINE('',#3621,#771);
#575=LINE('',#3629,#772);
#576=LINE('',#3632,#773);
#577=LINE('',#3635,#774);
#578=LINE('',#3637,#775);
#579=LINE('',#3639,#776);
#580=LINE('',#3641,#777);
#581=LINE('',#3642,#778);
#582=LINE('',#3645,#779);
#583=LINE('',#3649,#780);
#584=LINE('',#3650,#781);
#585=LINE('',#3656,#782);
#586=LINE('',#3682,#783);
#587=LINE('',#3683,#784);
#588=LINE('',#3687,#785);
#589=LINE('',#3688,#786);
#590=LINE('',#3704,#787);
#591=LINE('',#3706,#788);
#592=LINE('',#3708,#789);
#593=LINE('',#3710,#790);
#594=LINE('',#3711,#791);
#595=LINE('',#3714,#792);
#596=LINE('',#3716,#793);
#597=LINE('',#3718,#794);
#598=LINE('',#3720,#795);
#599=LINE('',#3722,#796);
#600=LINE('',#3724,#797);
#601=LINE('',#3726,#798);
#602=LINE('',#3728,#799);
#603=LINE('',#3730,#800);
#604=LINE('',#3731,#801);
#605=LINE('',#3734,#802);
#606=LINE('',#3736,#803);
#607=LINE('',#3737,#804);
#608=LINE('',#3740,#805);
#609=LINE('',#3741,#806);
#610=LINE('',#3744,#807);
#611=LINE('',#3746,#808);
#612=LINE('',#3748,#809);
#613=LINE('',#3750,#810);
#614=LINE('',#3752,#811);
#615=LINE('',#3754,#812);
#616=LINE('',#3756,#813);
#617=LINE('',#3758,#814);
#618=LINE('',#3760,#815);
#619=LINE('',#3762,#816);
#620=LINE('',#3766,#817);
#621=LINE('',#3771,#818);
#622=LINE('',#3773,#819);
#623=LINE('',#3775,#820);
#624=LINE('',#3777,#821);
#625=LINE('',#3778,#822);
#626=LINE('',#3782,#823);
#627=LINE('',#3794,#824);
#628=LINE('',#3795,#825);
#629=LINE('',#3797,#826);
#630=LINE('',#3799,#827);
#631=LINE('',#3800,#828);
#632=LINE('',#3802,#829);
#633=LINE('',#3806,#830);
#634=LINE('',#3808,#831);
#635=LINE('',#3809,#832);
#636=LINE('',#3811,#833);
#637=LINE('',#3813,#834);
#638=LINE('',#3814,#835);
#639=LINE('',#3817,#836);
#640=LINE('',#3820,#837);
#641=LINE('',#3823,#838);
#642=LINE('',#3826,#839);
#643=LINE('',#3828,#840);
#644=LINE('',#3834,#841);
#645=LINE('',#3842,#842);
#646=LINE('',#3849,#843);
#647=LINE('',#3854,#844);
#648=LINE('',#3856,#845);
#649=LINE('',#3857,#846);
#650=LINE('',#3858,#847);
#651=LINE('',#3861,#848);
#652=LINE('',#3863,#849);
#653=LINE('',#3864,#850);
#654=LINE('',#3868,#851);
#655=LINE('',#3872,#852);
#656=LINE('',#3873,#853);
#657=LINE('',#3876,#854);
#658=LINE('',#3880,#855);
#659=LINE('',#3882,#856);
#660=LINE('',#3884,#857);
#661=LINE('',#3887,#858);
#662=LINE('',#3888,#859);
#663=LINE('',#3891,#860);
#664=LINE('',#3893,#861);
#665=LINE('',#3895,#862);
#666=LINE('',#3896,#863);
#667=LINE('',#3905,#864);
#668=LINE('',#3928,#865);
#669=LINE('',#3931,#866);
#670=LINE('',#3956,#867);
#671=LINE('',#3967,#868);
#672=LINE('',#3969,#869);
#673=LINE('',#3973,#870);
#674=LINE('',#3979,#871);
#675=LINE('',#3981,#872);
#676=LINE('',#3983,#873);
#677=LINE('',#3984,#874);
#678=LINE('',#3987,#875);
#679=LINE('',#4022,#876);
#680=LINE('',#4026,#877);
#681=LINE('',#4027,#878);
#682=LINE('',#4044,#879);
#683=LINE('',#4046,#880);
#684=LINE('',#4048,#881);
#685=LINE('',#4050,#882);
#686=LINE('',#4052,#883);
#687=LINE('',#4055,#884);
#688=LINE('',#4058,#885);
#689=LINE('',#4059,#886);
#690=LINE('',#4087,#887);
#691=LINE('',#4089,#888);
#692=LINE('',#4120,#889);
#693=LINE('',#4122,#890);
#694=LINE('',#4123,#891);
#695=LINE('',#4147,#892);
#696=LINE('',#4149,#893);
#697=LINE('',#4150,#894);
#698=LINE('',#4153,#895);
#699=LINE('',#4154,#896);
#700=LINE('',#4157,#897);
#701=LINE('',#4158,#898);
#702=LINE('',#4160,#899);
#703=LINE('',#4163,#900);
#704=LINE('',#4165,#901);
#705=LINE('',#4167,#902);
#706=LINE('',#4169,#903);
#707=LINE('',#4171,#904);
#708=LINE('',#4172,#905);
#709=LINE('',#4176,#906);
#710=LINE('',#4180,#907);
#711=LINE('',#4188,#908);
#712=LINE('',#4190,#909);
#713=LINE('',#4192,#910);
#714=LINE('',#4194,#911);
#715=LINE('',#4196,#912);
#716=LINE('',#4198,#913);
#717=LINE('',#4200,#914);
#718=LINE('',#4202,#915);
#719=LINE('',#4204,#916);
#720=VECTOR('',#2593,10.);
#721=VECTOR('',#2594,10.);
#722=VECTOR('',#2595,10.);
#723=VECTOR('',#2596,10.);
#724=VECTOR('',#2599,10.);
#725=VECTOR('',#2604,10.);
#726=VECTOR('',#2605,10.);
#727=VECTOR('',#2606,10.);
#728=VECTOR('',#2607,10.);
#729=VECTOR('',#2608,10.);
#730=VECTOR('',#2611,10.);
#731=VECTOR('',#2614,10.);
#732=VECTOR('',#2637,10.);
#733=VECTOR('',#2638,10.);
#734=VECTOR('',#2651,10.);
#735=VECTOR('',#2652,10.);
#736=VECTOR('',#2675,10.);
#737=VECTOR('',#2676,10.);
#738=VECTOR('',#2679,10.);
#739=VECTOR('',#2680,10.);
#740=VECTOR('',#2683,10.);
#741=VECTOR('',#2684,10.);
#742=VECTOR('',#2689,10.);
#743=VECTOR('',#2690,10.);
#744=VECTOR('',#2695,10.);
#745=VECTOR('',#2696,10.);
#746=VECTOR('',#2701,10.);
#747=VECTOR('',#2702,10.);
#748=VECTOR('',#2715,10.);
#749=VECTOR('',#2716,10.);
#750=VECTOR('',#2727,10.);
#751=VECTOR('',#2728,10.);
#752=VECTOR('',#2731,10.);
#753=VECTOR('',#2732,10.);
#754=VECTOR('',#2737,10.);
#755=VECTOR('',#2738,10.);
#756=VECTOR('',#2753,10.);
#757=VECTOR('',#2754,10.);
#758=VECTOR('',#2757,10.);
#759=VECTOR('',#2758,10.);
#760=VECTOR('',#2763,10.);
#761=VECTOR('',#2764,10.);
#762=VECTOR('',#2769,10.);
#763=VECTOR('',#2774,10.);
#764=VECTOR('',#2777,10.);
#765=VECTOR('',#2780,10.);
#766=VECTOR('',#2793,10.);
#767=VECTOR('',#2796,10.);
#768=VECTOR('',#2815,10.);
#769=VECTOR('',#2818,10.);
#770=VECTOR('',#2833,3.);
#771=VECTOR('',#2846,10.);
#772=VECTOR('',#2857,10.);
#773=VECTOR('',#2860,10.);
#774=VECTOR('',#2863,10.);
#775=VECTOR('',#2864,10.);
#776=VECTOR('',#2865,10.);
#777=VECTOR('',#2866,10.);
#778=VECTOR('',#2867,10.);
#779=VECTOR('',#2870,10.);
#780=VECTOR('',#2875,4.);
#781=VECTOR('',#2876,10.);
#782=VECTOR('',#2885,10.);
#783=VECTOR('',#2892,10.);
#784=VECTOR('',#2893,10.);
#785=VECTOR('',#2898,10.);
#786=VECTOR('',#2899,10.);
#787=VECTOR('',#2910,10.);
#788=VECTOR('',#2911,10.);
#789=VECTOR('',#2912,10.);
#790=VECTOR('',#2913,10.);
#791=VECTOR('',#2914,10.);
#792=VECTOR('',#2917,10.);
#793=VECTOR('',#2918,10.);
#794=VECTOR('',#2919,10.);
#795=VECTOR('',#2920,10.);
#796=VECTOR('',#2921,10.);
#797=VECTOR('',#2922,10.);
#798=VECTOR('',#2923,10.);
#799=VECTOR('',#2924,10.);
#800=VECTOR('',#2925,10.);
#801=VECTOR('',#2926,10.);
#802=VECTOR('',#2929,10.);
#803=VECTOR('',#2930,10.);
#804=VECTOR('',#2931,10.);
#805=VECTOR('',#2934,10.);
#806=VECTOR('',#2935,10.);
#807=VECTOR('',#2938,10.);
#808=VECTOR('',#2939,10.);
#809=VECTOR('',#2940,10.);
#810=VECTOR('',#2941,10.);
#811=VECTOR('',#2942,10.);
#812=VECTOR('',#2943,10.);
#813=VECTOR('',#2944,10.);
#814=VECTOR('',#2945,10.);
#815=VECTOR('',#2946,10.);
#816=VECTOR('',#2947,10.);
#817=VECTOR('',#2950,10.);
#818=VECTOR('',#2955,10.);
#819=VECTOR('',#2956,10.);
#820=VECTOR('',#2957,10.);
#821=VECTOR('',#2958,10.);
#822=VECTOR('',#2959,10.);
#823=VECTOR('',#2962,10.);
#824=VECTOR('',#2975,10.);
#825=VECTOR('',#2976,10.);
#826=VECTOR('',#2977,10.);
#827=VECTOR('',#2978,10.);
#828=VECTOR('',#2979,10.);
#829=VECTOR('',#2982,10.);
#830=VECTOR('',#2987,10.);
#831=VECTOR('',#2988,10.);
#832=VECTOR('',#2989,10.);
#833=VECTOR('',#2992,10.);
#834=VECTOR('',#2993,10.);
#835=VECTOR('',#2994,10.);
#836=VECTOR('',#2997,3.);
#837=VECTOR('',#3002,10.);
#838=VECTOR('',#3005,10.);
#839=VECTOR('',#3010,10.);
#840=VECTOR('',#3013,10.);
#841=VECTOR('',#3020,10.);
#842=VECTOR('',#3021,10.);
#843=VECTOR('',#3022,1.5);
#844=VECTOR('',#3027,10.);
#845=VECTOR('',#3028,10.);
#846=VECTOR('',#3029,10.);
#847=VECTOR('',#3030,10.);
#848=VECTOR('',#3033,10.);
#849=VECTOR('',#3034,10.);
#850=VECTOR('',#3035,10.);
#851=VECTOR('',#3040,4.);
#852=VECTOR('',#3045,10.);
#853=VECTOR('',#3046,10.);
#854=VECTOR('',#3049,10.);
#855=VECTOR('',#3054,10.);
#856=VECTOR('',#3055,10.);
#857=VECTOR('',#3056,10.);
#858=VECTOR('',#3059,10.);
#859=VECTOR('',#3060,10.);
#860=VECTOR('',#3063,10.);
#861=VECTOR('',#3064,10.);
#862=VECTOR('',#3065,10.);
#863=VECTOR('',#3066,10.);
#864=VECTOR('',#3075,3.00000000000001);
#865=VECTOR('',#3086,10.);
#866=VECTOR('',#3089,10.);
#867=VECTOR('',#3096,10.);
#868=VECTOR('',#3101,10.);
#869=VECTOR('',#3102,10.);
#870=VECTOR('',#3105,10.);
#871=VECTOR('',#3110,10.);
#872=VECTOR('',#3111,10.);
#873=VECTOR('',#3112,10.);
#874=VECTOR('',#3113,10.);
#875=VECTOR('',#3116,10.);
#876=VECTOR('',#3129,10.);
#877=VECTOR('',#3134,10.);
#878=VECTOR('',#3135,10.);
#879=VECTOR('',#3162,8.);
#880=VECTOR('',#3165,7.5);
#881=VECTOR('',#3168,10.);
#882=VECTOR('',#3171,10.);
#883=VECTOR('',#3174,10.);
#884=VECTOR('',#3177,10.);
#885=VECTOR('',#3182,10.);
#886=VECTOR('',#3183,10.);
#887=VECTOR('',#3186,10.);
#888=VECTOR('',#3189,10.);
#889=VECTOR('',#3200,10.);
#890=VECTOR('',#3201,10.);
#891=VECTOR('',#3202,10.);
#892=VECTOR('',#3219,10.);
#893=VECTOR('',#3220,10.);
#894=VECTOR('',#3221,10.);
#895=VECTOR('',#3224,10.);
#896=VECTOR('',#3225,10.);
#897=VECTOR('',#3228,10.);
#898=VECTOR('',#3229,10.);
#899=VECTOR('',#3232,10.);
#900=VECTOR('',#3235,10.);
#901=VECTOR('',#3236,10.);
#902=VECTOR('',#3237,10.);
#903=VECTOR('',#3238,10.);
#904=VECTOR('',#3239,10.);
#905=VECTOR('',#3240,10.);
#906=VECTOR('',#3245,1.6);
#907=VECTOR('',#3250,1.6);
#908=VECTOR('',#3261,1.6);
#909=VECTOR('',#3264,1.6);
#910=VECTOR('',#3267,3.);
#911=VECTOR('',#3270,3.);
#912=VECTOR('',#3273,10.);
#913=VECTOR('',#3276,10.);
#914=VECTOR('',#3279,10.);
#915=VECTOR('',#3282,10.);
#916=VECTOR('',#3285,10.);
#917=VERTEX_POINT('',#3290);
#918=VERTEX_POINT('',#3291);
#919=VERTEX_POINT('',#3293);
#920=VERTEX_POINT('',#3295);
#921=VERTEX_POINT('',#3297);
#922=VERTEX_POINT('',#3299);
#923=VERTEX_POINT('',#3302);
#924=VERTEX_POINT('',#3305);
#925=VERTEX_POINT('',#3307);
#926=VERTEX_POINT('',#3309);
#927=VERTEX_POINT('',#3311);
#928=VERTEX_POINT('',#3315);
#929=VERTEX_POINT('',#3317);
#930=VERTEX_POINT('',#3319);
#931=VERTEX_POINT('',#3323);
#932=VERTEX_POINT('',#3324);
#933=VERTEX_POINT('',#3326);
#934=VERTEX_POINT('',#3359);
#935=VERTEX_POINT('',#3360);
#936=VERTEX_POINT('',#3362);
#937=VERTEX_POINT('',#3364);
#938=VERTEX_POINT('',#3368);
#939=VERTEX_POINT('',#3369);
#940=VERTEX_POINT('',#3398);
#941=VERTEX_POINT('',#3399);
#942=VERTEX_POINT('',#3401);
#943=VERTEX_POINT('',#3403);
#944=VERTEX_POINT('',#3407);
#945=VERTEX_POINT('',#3408);
#946=VERTEX_POINT('',#3413);
#947=VERTEX_POINT('',#3414);
#948=VERTEX_POINT('',#3416);
#949=VERTEX_POINT('',#3418);
#950=VERTEX_POINT('',#3422);
#951=VERTEX_POINT('',#3423);
#952=VERTEX_POINT('',#3425);
#953=VERTEX_POINT('',#3429);
#954=VERTEX_POINT('',#3430);
#955=VERTEX_POINT('',#3441);
#956=VERTEX_POINT('',#3446);
#957=VERTEX_POINT('',#3447);
#958=VERTEX_POINT('',#3452);
#959=VERTEX_POINT('',#3453);
#960=VERTEX_POINT('',#3458);
#961=VERTEX_POINT('',#3459);
#962=VERTEX_POINT('',#3464);
#963=VERTEX_POINT('',#3465);
#964=VERTEX_POINT('',#3470);
#965=VERTEX_POINT('',#3471);
#966=VERTEX_POINT('',#3482);
#967=VERTEX_POINT('',#3483);
#968=VERTEX_POINT('',#3488);
#969=VERTEX_POINT('',#3489);
#970=VERTEX_POINT('',#3491);
#971=VERTEX_POINT('',#3493);
#972=VERTEX_POINT('',#3497);
#973=VERTEX_POINT('',#3505);
#974=VERTEX_POINT('',#3506);
#975=VERTEX_POINT('',#3511);
#976=VERTEX_POINT('',#3518);
#977=VERTEX_POINT('',#3522);
#978=VERTEX_POINT('',#3523);
#979=VERTEX_POINT('',#3525);
#980=VERTEX_POINT('',#3527);
#981=VERTEX_POINT('',#3531);
#982=VERTEX_POINT('',#3538);
#983=VERTEX_POINT('',#3545);
#984=VERTEX_POINT('',#3552);
#985=VERTEX_POINT('',#3556);
#986=VERTEX_POINT('',#3563);
#987=VERTEX_POINT('',#3575);
#988=VERTEX_POINT('',#3580);
#989=VERTEX_POINT('',#3582);
#990=VERTEX_POINT('',#3605);
#991=VERTEX_POINT('',#3609);
#992=VERTEX_POINT('',#3611);
#993=VERTEX_POINT('',#3617);
#994=VERTEX_POINT('',#3619);
#995=VERTEX_POINT('',#3623);
#996=VERTEX_POINT('',#3628);
#997=VERTEX_POINT('',#3630);
#998=VERTEX_POINT('',#3634);
#999=VERTEX_POINT('',#3636);
#1000=VERTEX_POINT('',#3638);
#1001=VERTEX_POINT('',#3640);
#1002=VERTEX_POINT('',#3644);
#1003=VERTEX_POINT('',#3648);
#1004=VERTEX_POINT('',#3654);
#1005=VERTEX_POINT('',#3686);
#1006=VERTEX_POINT('',#3689);
#1007=VERTEX_POINT('',#3693);
#1008=VERTEX_POINT('',#3697);
#1009=VERTEX_POINT('',#3703);
#1010=VERTEX_POINT('',#3705);
#1011=VERTEX_POINT('',#3707);
#1012=VERTEX_POINT('',#3709);
#1013=VERTEX_POINT('',#3713);
#1014=VERTEX_POINT('',#3715);
#1015=VERTEX_POINT('',#3717);
#1016=VERTEX_POINT('',#3719);
#1017=VERTEX_POINT('',#3721);
#1018=VERTEX_POINT('',#3723);
#1019=VERTEX_POINT('',#3725);
#1020=VERTEX_POINT('',#3727);
#1021=VERTEX_POINT('',#3729);
#1022=VERTEX_POINT('',#3733);
#1023=VERTEX_POINT('',#3735);
#1024=VERTEX_POINT('',#3739);
#1025=VERTEX_POINT('',#3743);
#1026=VERTEX_POINT('',#3745);
#1027=VERTEX_POINT('',#3747);
#1028=VERTEX_POINT('',#3749);
#1029=VERTEX_POINT('',#3751);
#1030=VERTEX_POINT('',#3753);
#1031=VERTEX_POINT('',#3755);
#1032=VERTEX_POINT('',#3757);
#1033=VERTEX_POINT('',#3759);
#1034=VERTEX_POINT('',#3761);
#1035=VERTEX_POINT('',#3763);
#1036=VERTEX_POINT('',#3765);
#1037=VERTEX_POINT('',#3768);
#1038=VERTEX_POINT('',#3770);
#1039=VERTEX_POINT('',#3772);
#1040=VERTEX_POINT('',#3774);
#1041=VERTEX_POINT('',#3776);
#1042=VERTEX_POINT('',#3779);
#1043=VERTEX_POINT('',#3781);
#1044=VERTEX_POINT('',#3784);
#1045=VERTEX_POINT('',#3786);
#1046=VERTEX_POINT('',#3788);
#1047=VERTEX_POINT('',#3790);
#1048=VERTEX_POINT('',#3793);
#1049=VERTEX_POINT('',#3796);
#1050=VERTEX_POINT('',#3798);
#1051=VERTEX_POINT('',#3805);
#1052=VERTEX_POINT('',#3807);
#1053=VERTEX_POINT('',#3812);
#1054=VERTEX_POINT('',#3816);
#1055=VERTEX_POINT('',#3822);
#1056=VERTEX_POINT('',#3831);
#1057=VERTEX_POINT('',#3833);
#1058=VERTEX_POINT('',#3835);
#1059=VERTEX_POINT('',#3841);
#1060=VERTEX_POINT('',#3843);
#1061=VERTEX_POINT('',#3851);
#1062=VERTEX_POINT('',#3853);
#1063=VERTEX_POINT('',#3855);
#1064=VERTEX_POINT('',#3860);
#1065=VERTEX_POINT('',#3862);
#1066=VERTEX_POINT('',#3867);
#1067=VERTEX_POINT('',#3871);
#1068=VERTEX_POINT('',#3875);
#1069=VERTEX_POINT('',#3879);
#1070=VERTEX_POINT('',#3881);
#1071=VERTEX_POINT('',#3883);
#1072=VERTEX_POINT('',#3886);
#1073=VERTEX_POINT('',#3890);
#1074=VERTEX_POINT('',#3892);
#1075=VERTEX_POINT('',#3894);
#1076=VERTEX_POINT('',#3899);
#1077=VERTEX_POINT('',#3900);
#1078=VERTEX_POINT('',#3902);
#1079=VERTEX_POINT('',#3904);
#1080=VERTEX_POINT('',#3906);
#1081=VERTEX_POINT('',#3908);
#1082=VERTEX_POINT('',#3915);
#1083=VERTEX_POINT('',#3917);
#1084=VERTEX_POINT('',#3927);
#1085=VERTEX_POINT('',#3929);
#1086=VERTEX_POINT('',#3955);
#1087=VERTEX_POINT('',#3957);
#1088=VERTEX_POINT('',#3966);
#1089=VERTEX_POINT('',#3968);
#1090=VERTEX_POINT('',#3970);
#1091=VERTEX_POINT('',#3972);
#1092=VERTEX_POINT('',#3974);
#1093=VERTEX_POINT('',#3977);
#1094=VERTEX_POINT('',#3978);
#1095=VERTEX_POINT('',#3980);
#1096=VERTEX_POINT('',#3982);
#1097=VERTEX_POINT('',#3986);
#1098=VERTEX_POINT('',#4012);
#1099=VERTEX_POINT('',#4021);
#1100=VERTEX_POINT('',#4025);
#1101=VERTEX_POINT('',#4036);
#1102=VERTEX_POINT('',#4039);
#1103=VERTEX_POINT('',#4042);
#1104=VERTEX_POINT('',#4054);
#1105=VERTEX_POINT('',#4086);
#1106=VERTEX_POINT('',#4121);
#1107=VERTEX_POINT('',#4125);
#1108=VERTEX_POINT('',#4129);
#1109=VERTEX_POINT('',#4146);
#1110=VERTEX_POINT('',#4148);
#1111=VERTEX_POINT('',#4152);
#1112=VERTEX_POINT('',#4156);
#1113=VERTEX_POINT('',#4162);
#1114=VERTEX_POINT('',#4164);
#1115=VERTEX_POINT('',#4166);
#1116=VERTEX_POINT('',#4168);
#1117=VERTEX_POINT('',#4170);
#1118=VERTEX_POINT('',#4174);
#1119=VERTEX_POINT('',#4178);
#1120=VERTEX_POINT('',#4182);
#1121=VERTEX_POINT('',#4185);
#1122=EDGE_CURVE('',#917,#918,#523,.T.);
#1123=EDGE_CURVE('',#917,#919,#524,.T.);
#1124=EDGE_CURVE('',#920,#919,#525,.T.);
#1125=EDGE_CURVE('',#920,#921,#526,.T.);
#1126=EDGE_CURVE('',#921,#922,#412,.T.);
#1127=EDGE_CURVE('',#918,#922,#527,.T.);
#1128=EDGE_CURVE('',#923,#923,#413,.T.);
#1129=EDGE_CURVE('',#924,#919,#528,.F.);
#1130=EDGE_CURVE('',#924,#925,#529,.F.);
#1131=EDGE_CURVE('',#925,#926,#530,.T.);
#1132=EDGE_CURVE('',#927,#926,#531,.F.);
#1133=EDGE_CURVE('',#927,#920,#532,.T.);
#1134=EDGE_CURVE('',#917,#928,#533,.F.);
#1135=EDGE_CURVE('',#928,#929,#110,.F.);
#1136=EDGE_CURVE('',#930,#929,#534,.T.);
#1137=EDGE_CURVE('',#924,#930,#111,.T.);
#1138=EDGE_CURVE('',#931,#932,#414,.F.);
#1139=EDGE_CURVE('',#933,#931,#415,.F.);
#1140=EDGE_CURVE('',#932,#933,#416,.F.);
#1141=EDGE_CURVE('',#934,#935,#112,.F.);
#1142=EDGE_CURVE('',#936,#934,#417,.T.);
#1143=EDGE_CURVE('',#936,#937,#113,.T.);
#1144=EDGE_CURVE('',#935,#937,#418,.T.);
#1145=EDGE_CURVE('',#938,#939,#419,.T.);
#1146=EDGE_CURVE('',#939,#936,#535,.T.);
#1147=EDGE_CURVE('',#934,#938,#536,.T.);
#1148=EDGE_CURVE('',#940,#941,#114,.T.);
#1149=EDGE_CURVE('',#942,#941,#420,.T.);
#1150=EDGE_CURVE('',#943,#942,#115,.F.);
#1151=EDGE_CURVE('',#940,#943,#421,.T.);
#1152=EDGE_CURVE('',#944,#945,#422,.T.);
#1153=EDGE_CURVE('',#945,#942,#537,.T.);
#1154=EDGE_CURVE('',#941,#944,#538,.T.);
#1155=EDGE_CURVE('',#946,#947,#423,.T.);
#1156=EDGE_CURVE('',#948,#946,#424,.F.);
#1157=EDGE_CURVE('',#949,#948,#425,.T.);
#1158=EDGE_CURVE('',#949,#947,#426,.T.);
#1159=EDGE_CURVE('',#950,#951,#427,.F.);
#1160=EDGE_CURVE('',#952,#950,#428,.F.);
#1161=EDGE_CURVE('',#951,#952,#429,.F.);
#1162=EDGE_CURVE('',#953,#954,#430,.T.);
#1163=EDGE_CURVE('',#954,#952,#539,.T.);
#1164=EDGE_CURVE('',#950,#953,#540,.T.);
#1165=EDGE_CURVE('',#942,#951,#541,.T.);
#1166=EDGE_CURVE('',#952,#943,#542,.T.);
#1167=EDGE_CURVE('',#951,#948,#543,.T.);
#1168=EDGE_CURVE('',#946,#950,#544,.T.);
#1169=EDGE_CURVE('',#945,#955,#431,.T.);
#1170=EDGE_CURVE('',#955,#949,#545,.T.);
#1171=EDGE_CURVE('',#948,#945,#546,.T.);
#1172=EDGE_CURVE('',#956,#957,#432,.T.);
#1173=EDGE_CURVE('',#957,#946,#547,.T.);
#1174=EDGE_CURVE('',#947,#956,#548,.T.);
#1175=EDGE_CURVE('',#958,#959,#433,.T.);
#1176=EDGE_CURVE('',#959,#940,#549,.T.);
#1177=EDGE_CURVE('',#943,#958,#550,.T.);
#1178=EDGE_CURVE('',#960,#961,#434,.T.);
#1179=EDGE_CURVE('',#961,#959,#435,.T.);
#1180=EDGE_CURVE('',#958,#960,#436,.T.);
#1181=EDGE_CURVE('',#962,#963,#437,.T.);
#1182=EDGE_CURVE('',#963,#961,#551,.T.);
#1183=EDGE_CURVE('',#960,#962,#552,.T.);
#1184=EDGE_CURVE('',#964,#965,#438,.T.);
#1185=EDGE_CURVE('',#965,#963,#439,.T.);
#1186=EDGE_CURVE('',#962,#964,#440,.T.);
#1187=EDGE_CURVE('',#937,#965,#553,.T.);
#1188=EDGE_CURVE('',#964,#935,#554,.T.);
#1189=EDGE_CURVE('',#935,#933,#555,.T.);
#1190=EDGE_CURVE('',#931,#934,#556,.T.);
#1191=EDGE_CURVE('',#966,#967,#441,.T.);
#1192=EDGE_CURVE('',#967,#932,#557,.T.);
#1193=EDGE_CURVE('',#933,#966,#558,.T.);
#1194=EDGE_CURVE('',#968,#969,#442,.T.);
#1195=EDGE_CURVE('',#970,#969,#443,.T.);
#1196=EDGE_CURVE('',#971,#970,#444,.F.);
#1197=EDGE_CURVE('',#968,#971,#445,.T.);
#1198=EDGE_CURVE('',#972,#938,#446,.T.);
#1199=EDGE_CURVE('',#938,#970,#559,.T.);
#1200=EDGE_CURVE('',#969,#972,#560,.T.);
#1201=EDGE_CURVE('',#932,#971,#561,.T.);
#1202=EDGE_CURVE('',#970,#931,#562,.T.);
#1203=EDGE_CURVE('',#973,#974,#447,.T.);
#1204=EDGE_CURVE('',#974,#968,#563,.T.);
#1205=EDGE_CURVE('',#971,#973,#564,.T.);
#1206=EDGE_CURVE('',#973,#975,#21,.T.);
#1207=EDGE_CURVE('',#975,#976,#448,.T.);
#1208=EDGE_CURVE('',#976,#974,#565,.T.);
#1209=EDGE_CURVE('',#977,#978,#449,.T.);
#1210=EDGE_CURVE('',#978,#979,#566,.T.);
#1211=EDGE_CURVE('',#979,#980,#450,.T.);
#1212=EDGE_CURVE('',#980,#977,#567,.T.);
#1213=EDGE_CURVE('',#981,#980,#22,.T.);
#1214=EDGE_CURVE('',#979,#982,#568,.T.);
#1215=EDGE_CURVE('',#982,#981,#451,.T.);
#1216=EDGE_CURVE('',#975,#981,#452,.T.);
#1217=EDGE_CURVE('',#982,#976,#453,.T.);
#1218=EDGE_CURVE('',#977,#983,#23,.T.);
#1219=EDGE_CURVE('',#983,#984,#454,.T.);
#1220=EDGE_CURVE('',#984,#978,#569,.T.);
#1221=EDGE_CURVE('',#985,#957,#24,.T.);
#1222=EDGE_CURVE('',#956,#986,#570,.T.);
#1223=EDGE_CURVE('',#986,#985,#455,.T.);
#1224=EDGE_CURVE('',#983,#985,#456,.T.);
#1225=EDGE_CURVE('',#986,#984,#457,.T.);
#1226=EDGE_CURVE('',#944,#955,#458,.T.);
#1227=EDGE_CURVE('',#972,#939,#459,.T.);
#1228=EDGE_CURVE('',#958,#954,#571,.T.);
#1229=EDGE_CURVE('',#987,#954,#460,.T.);
#1230=EDGE_CURVE('',#987,#960,#572,.T.);
#1231=EDGE_CURVE('',#953,#988,#461,.T.);
#1232=EDGE_CURVE('',#988,#989,#25,.T.);
#1233=EDGE_CURVE('',#989,#990,#462,.T.);
#1234=EDGE_CURVE('',#987,#990,#463,.T.);
#1235=EDGE_CURVE('',#991,#977,#464,.T.);
#1236=EDGE_CURVE('',#991,#992,#573,.T.);
#1237=EDGE_CURVE('',#992,#992,#465,.T.);
#1238=EDGE_CURVE('',#989,#991,#466,.T.);
#1239=EDGE_CURVE('',#957,#988,#467,.T.);
#1240=EDGE_CURVE('',#980,#993,#468,.T.);
#1241=EDGE_CURVE('',#994,#993,#469,.T.);
#1242=EDGE_CURVE('',#990,#994,#574,.T.);
#1243=EDGE_CURVE('',#995,#967,#470,.T.);
#1244=EDGE_CURVE('',#995,#973,#471,.T.);
#1245=EDGE_CURVE('',#972,#996,#575,.T.);
#1246=EDGE_CURVE('',#997,#996,#472,.T.);
#1247=EDGE_CURVE('',#997,#939,#576,.T.);
#1248=EDGE_CURVE('',#998,#976,#577,.T.);
#1249=EDGE_CURVE('',#998,#999,#578,.T.);
#1250=EDGE_CURVE('',#1000,#999,#579,.T.);
#1251=EDGE_CURVE('',#1001,#1000,#580,.T.);
#1252=EDGE_CURVE('',#996,#1001,#581,.T.);
#1253=EDGE_CURVE('',#982,#1002,#582,.T.);
#1254=EDGE_CURVE('',#1002,#998,#473,.T.);
#1255=EDGE_CURVE('',#1003,#984,#583,.T.);
#1256=EDGE_CURVE('',#1003,#1002,#584,.T.);
#1257=EDGE_CURVE('',#994,#1004,#474,.T.);
#1258=EDGE_CURVE('',#1004,#987,#585,.T.);
#1259=EDGE_CURVE('',#966,#1004,#475,.T.);
#1260=EDGE_CURVE('',#995,#993,#26,.F.);
#1261=EDGE_CURVE('',#962,#1004,#586,.T.);
#1262=EDGE_CURVE('',#966,#964,#587,.T.);
#1263=EDGE_CURVE('',#1005,#997,#588,.T.);
#1264=EDGE_CURVE('',#944,#1005,#589,.T.);
#1265=EDGE_CURVE('',#1006,#1006,#476,.T.);
#1266=EDGE_CURVE('',#1007,#921,#15,.T.);
#1267=EDGE_CURVE('',#1007,#1008,#477,.T.);
#1268=EDGE_CURVE('',#922,#1008,#16,.T.);
#1269=EDGE_CURVE('',#1009,#1008,#590,.T.);
#1270=EDGE_CURVE('',#1010,#1009,#591,.T.);
#1271=EDGE_CURVE('',#1010,#1011,#592,.T.);
#1272=EDGE_CURVE('',#1012,#1011,#593,.T.);
#1273=EDGE_CURVE('',#918,#1012,#594,.T.);
#1274=EDGE_CURVE('',#1007,#1013,#595,.T.);
#1275=EDGE_CURVE('',#1013,#1014,#596,.T.);
#1276=EDGE_CURVE('',#1015,#1014,#597,.T.);
#1277=EDGE_CURVE('',#1016,#1015,#598,.T.);
#1278=EDGE_CURVE('',#1017,#1016,#599,.T.);
#1279=EDGE_CURVE('',#1018,#1017,#600,.T.);
#1280=EDGE_CURVE('',#1019,#1018,#601,.T.);
#1281=EDGE_CURVE('',#1020,#1019,#602,.T.);
#1282=EDGE_CURVE('',#1021,#1020,#603,.T.);
#1283=EDGE_CURVE('',#1021,#1009,#604,.T.);
#1284=EDGE_CURVE('',#1022,#1012,#605,.F.);
#1285=EDGE_CURVE('',#1022,#1023,#606,.T.);
#1286=EDGE_CURVE('',#928,#1023,#607,.T.);
#1287=EDGE_CURVE('',#1011,#1024,#608,.T.);
#1288=EDGE_CURVE('',#1024,#1022,#609,.T.);
#1289=EDGE_CURVE('',#1024,#1025,#610,.T.);
#1290=EDGE_CURVE('',#1026,#1025,#611,.T.);
#1291=EDGE_CURVE('',#1027,#1026,#612,.T.);
#1292=EDGE_CURVE('',#1028,#1027,#613,.T.);
#1293=EDGE_CURVE('',#1029,#1028,#614,.T.);
#1294=EDGE_CURVE('',#1030,#1029,#615,.T.);
#1295=EDGE_CURVE('',#1031,#1030,#616,.T.);
#1296=EDGE_CURVE('',#1032,#1031,#617,.T.);
#1297=EDGE_CURVE('',#1033,#1032,#618,.T.);
#1298=EDGE_CURVE('',#1034,#1033,#619,.T.);
#1299=EDGE_CURVE('',#1035,#1034,#478,.T.);
#1300=EDGE_CURVE('',#1036,#1035,#620,.T.);
#1301=EDGE_CURVE('',#999,#1036,#479,.T.);
#1302=EDGE_CURVE('',#1037,#1003,#480,.T.);
#1303=EDGE_CURVE('',#1038,#1037,#621,.T.);
#1304=EDGE_CURVE('',#1039,#1038,#622,.T.);
#1305=EDGE_CURVE('',#1040,#1039,#623,.T.);
#1306=EDGE_CURVE('',#1040,#1041,#624,.T.);
#1307=EDGE_CURVE('',#926,#1041,#625,.T.);
#1308=EDGE_CURVE('',#1042,#925,#481,.T.);
#1309=EDGE_CURVE('',#1043,#1042,#626,.T.);
#1310=EDGE_CURVE('',#1023,#1043,#482,.T.);
#1311=EDGE_CURVE('',#1044,#1044,#483,.T.);
#1312=EDGE_CURVE('',#1045,#1045,#484,.T.);
#1313=EDGE_CURVE('',#1046,#1046,#485,.T.);
#1314=EDGE_CURVE('',#1047,#1047,#486,.T.);
#1315=EDGE_CURVE('',#1025,#1048,#627,.T.);
#1316=EDGE_CURVE('',#1048,#1021,#628,.T.);
#1317=EDGE_CURVE('',#1020,#1049,#629,.T.);
#1318=EDGE_CURVE('',#1049,#1050,#630,.T.);
#1319=EDGE_CURVE('',#1026,#1050,#631,.T.);
#1320=EDGE_CURVE('',#1010,#1048,#632,.T.);
#1321=EDGE_CURVE('',#1051,#927,#633,.T.);
#1322=EDGE_CURVE('',#1052,#1051,#634,.T.);
#1323=EDGE_CURVE('',#1052,#1013,#635,.T.);
#1324=EDGE_CURVE('',#1041,#1051,#636,.T.);
#1325=EDGE_CURVE('',#1053,#1040,#637,.T.);
#1326=EDGE_CURVE('',#1053,#1052,#638,.T.);
#1327=EDGE_CURVE('',#975,#1054,#639,.T.);
#1328=EDGE_CURVE('',#1054,#1054,#487,.T.);
#1329=EDGE_CURVE('',#1014,#1053,#640,.T.);
#1330=EDGE_CURVE('',#1039,#1055,#641,.T.);
#1331=EDGE_CURVE('',#1015,#1055,#488,.T.);
#1332=EDGE_CURVE('',#930,#1042,#642,.T.);
#1333=EDGE_CURVE('',#1043,#929,#643,.T.);
#1334=EDGE_CURVE('',#1056,#1005,#489,.T.);
#1335=EDGE_CURVE('',#1056,#1057,#644,.T.);
#1336=EDGE_CURVE('',#1058,#1057,#27,.T.);
#1337=EDGE_CURVE('',#1059,#1058,#645,.T.);
#1338=EDGE_CURVE('',#1060,#1059,#28,.T.);
#1339=EDGE_CURVE('',#1060,#955,#646,.T.);
#1340=EDGE_CURVE('',#1061,#1060,#490,.T.);
#1341=EDGE_CURVE('',#1061,#1062,#647,.T.);
#1342=EDGE_CURVE('',#1063,#1062,#648,.T.);
#1343=EDGE_CURVE('',#1063,#1038,#649,.T.);
#1344=EDGE_CURVE('',#986,#1037,#650,.T.);
#1345=EDGE_CURVE('',#1064,#1063,#651,.T.);
#1346=EDGE_CURVE('',#1064,#1065,#652,.T.);
#1347=EDGE_CURVE('',#1055,#1065,#653,.T.);
#1348=EDGE_CURVE('',#1036,#1066,#654,.T.);
#1349=EDGE_CURVE('',#1000,#1066,#491,.T.);
#1350=EDGE_CURVE('',#1067,#1035,#655,.T.);
#1351=EDGE_CURVE('',#1066,#1067,#656,.T.);
#1352=EDGE_CURVE('',#1034,#1068,#657,.T.);
#1353=EDGE_CURVE('',#1067,#1068,#492,.T.);
#1354=EDGE_CURVE('',#1033,#1069,#658,.T.);
#1355=EDGE_CURVE('',#1070,#1069,#659,.T.);
#1356=EDGE_CURVE('',#1070,#1071,#660,.T.);
#1357=EDGE_CURVE('',#1057,#1071,#493,.T.);
#1358=EDGE_CURVE('',#1072,#1056,#661,.T.);
#1359=EDGE_CURVE('',#1068,#1072,#662,.T.);
#1360=EDGE_CURVE('',#1073,#1032,#663,.T.);
#1361=EDGE_CURVE('',#1074,#1073,#664,.T.);
#1362=EDGE_CURVE('',#1074,#1075,#665,.T.);
#1363=EDGE_CURVE('',#1069,#1075,#666,.T.);
#1364=EDGE_CURVE('',#1076,#1077,#116,.T.);
#1365=EDGE_CURVE('',#1078,#1076,#494,.T.);
#1366=EDGE_CURVE('',#1078,#1079,#667,.T.);
#1367=EDGE_CURVE('',#1080,#1079,#495,.F.);
#1368=EDGE_CURVE('',#1081,#1080,#29,.T.);
#1369=EDGE_CURVE('',#1082,#1081,#117,.F.);
#1370=EDGE_CURVE('',#1083,#1082,#30,.T.);
#1371=EDGE_CURVE('',#1079,#1083,#496,.F.);
#1372=EDGE_CURVE('',#1077,#1078,#497,.T.);
#1373=EDGE_CURVE('',#1080,#1084,#668,.T.);
#1374=EDGE_CURVE('',#1084,#1085,#498,.T.);
#1375=EDGE_CURVE('',#1085,#1081,#669,.T.);
#1376=EDGE_CURVE('',#1084,#1072,#118,.T.);
#1377=EDGE_CURVE('',#1072,#1085,#119,.T.);
#1378=EDGE_CURVE('',#1084,#1086,#670,.T.);
#1379=EDGE_CURVE('',#1086,#1087,#31,.T.);
#1380=EDGE_CURVE('',#1087,#1068,#499,.T.);
#1381=EDGE_CURVE('',#1088,#1083,#671,.T.);
#1382=EDGE_CURVE('',#1089,#1088,#672,.T.);
#1383=EDGE_CURVE('',#1089,#1090,#500,.T.);
#1384=EDGE_CURVE('',#1091,#1090,#673,.T.);
#1385=EDGE_CURVE('',#1091,#1092,#501,.T.);
#1386=EDGE_CURVE('',#1092,#1086,#502,.T.);
#1387=EDGE_CURVE('',#1093,#1094,#674,.T.);
#1388=EDGE_CURVE('',#1094,#1095,#675,.T.);
#1389=EDGE_CURVE('',#1095,#1096,#676,.T.);
#1390=EDGE_CURVE('',#1096,#1093,#677,.T.);
#1391=EDGE_CURVE('',#1082,#1097,#678,.T.);
#1392=EDGE_CURVE('',#1097,#1088,#503,.T.);
#1393=EDGE_CURVE('',#1097,#1001,#120,.T.);
#1394=EDGE_CURVE('',#1001,#1088,#121,.T.);
#1395=EDGE_CURVE('',#1000,#1098,#504,.T.);
#1396=EDGE_CURVE('',#1098,#1089,#32,.T.);
#1397=EDGE_CURVE('',#1097,#1099,#679,.T.);
#1398=EDGE_CURVE('',#1099,#996,#505,.T.);
#1399=EDGE_CURVE('',#1100,#1085,#680,.T.);
#1400=EDGE_CURVE('',#1099,#1100,#681,.T.);
#1401=EDGE_CURVE('',#1056,#1100,#506,.T.);
#1402=EDGE_CURVE('',#1100,#1005,#507,.T.);
#1403=EDGE_CURVE('',#997,#1099,#508,.T.);
#1404=EDGE_CURVE('',#1101,#1101,#509,.T.);
#1405=EDGE_CURVE('',#1102,#1102,#510,.T.);
#1406=EDGE_CURVE('',#1103,#1103,#511,.T.);
#1407=EDGE_CURVE('',#1103,#1006,#682,.T.);
#1408=EDGE_CURVE('',#923,#1103,#683,.T.);
#1409=EDGE_CURVE('',#1075,#1070,#684,.T.);
#1410=EDGE_CURVE('',#1062,#1064,#685,.T.);
#1411=EDGE_CURVE('',#1074,#1071,#686,.T.);
#1412=EDGE_CURVE('',#1104,#1057,#687,.T.);
#1413=EDGE_CURVE('',#1074,#1104,#512,.T.);
#1414=EDGE_CURVE('',#1016,#1059,#688,.T.);
#1415=EDGE_CURVE('',#1058,#1017,#689,.T.);
#1416=EDGE_CURVE('',#1104,#1017,#33,.T.);
#1417=EDGE_CURVE('',#1060,#1105,#690,.T.);
#1418=EDGE_CURVE('',#1105,#1065,#513,.T.);
#1419=EDGE_CURVE('',#1065,#1061,#691,.T.);
#1420=EDGE_CURVE('',#1016,#1105,#34,.T.);
#1421=EDGE_CURVE('',#1073,#1018,#514,.T.);
#1422=EDGE_CURVE('',#1077,#1049,#692,.T.);
#1423=EDGE_CURVE('',#1106,#1019,#693,.T.);
#1424=EDGE_CURVE('',#1106,#1076,#694,.T.);
#1425=EDGE_CURVE('',#1107,#1098,#515,.T.);
#1426=EDGE_CURVE('',#1107,#1066,#516,.T.);
#1427=EDGE_CURVE('',#1067,#1108,#517,.T.);
#1428=EDGE_CURVE('',#1108,#1091,#35,.T.);
#1429=EDGE_CURVE('',#1090,#1107,#36,.T.);
#1430=EDGE_CURVE('',#1087,#1108,#518,.T.);
#1431=EDGE_CURVE('',#1095,#1109,#695,.T.);
#1432=EDGE_CURVE('',#1110,#1094,#696,.T.);
#1433=EDGE_CURVE('',#1109,#1110,#697,.T.);
#1434=EDGE_CURVE('',#1111,#1096,#698,.T.);
#1435=EDGE_CURVE('',#1111,#1109,#699,.T.);
#1436=EDGE_CURVE('',#1112,#1093,#700,.F.);
#1437=EDGE_CURVE('',#1112,#1111,#701,.T.);
#1438=EDGE_CURVE('',#1110,#1112,#702,.T.);
#1439=EDGE_CURVE('',#1113,#1106,#703,.T.);
#1440=EDGE_CURVE('',#1114,#1113,#704,.T.);
#1441=EDGE_CURVE('',#1115,#1114,#705,.T.);
#1442=EDGE_CURVE('',#1116,#1115,#706,.T.);
#1443=EDGE_CURVE('',#1117,#1116,#707,.T.);
#1444=EDGE_CURVE('',#1050,#1117,#708,.T.);
#1445=EDGE_CURVE('',#1118,#1118,#519,.T.);
#1446=EDGE_CURVE('',#1118,#1045,#709,.T.);
#1447=EDGE_CURVE('',#1119,#1119,#520,.T.);
#1448=EDGE_CURVE('',#1119,#1044,#710,.T.);
#1449=EDGE_CURVE('',#1120,#1120,#521,.T.);
#1450=EDGE_CURVE('',#1121,#1121,#522,.T.);
#1451=EDGE_CURVE('',#1101,#1047,#711,.T.);
#1452=EDGE_CURVE('',#1102,#1046,#712,.T.);
#1453=EDGE_CURVE('',#1092,#1120,#713,.T.);
#1454=EDGE_CURVE('',#1098,#1121,#714,.T.);
#1455=EDGE_CURVE('',#1113,#1031,#715,.T.);
#1456=EDGE_CURVE('',#1114,#1030,#716,.T.);
#1457=EDGE_CURVE('',#1115,#1029,#717,.T.);
#1458=EDGE_CURVE('',#1116,#1028,#718,.T.);
#1459=EDGE_CURVE('',#1117,#1027,#719,.T.);
#1460=ORIENTED_EDGE('',*,*,#1122,.F.);
#1461=ORIENTED_EDGE('',*,*,#1123,.T.);
#1462=ORIENTED_EDGE('',*,*,#1124,.F.);
#1463=ORIENTED_EDGE('',*,*,#1125,.T.);
#1464=ORIENTED_EDGE('',*,*,#1126,.T.);
#1465=ORIENTED_EDGE('',*,*,#1127,.F.);
#1466=ORIENTED_EDGE('',*,*,#1128,.F.);
#1467=ORIENTED_EDGE('',*,*,#1124,.T.);
#1468=ORIENTED_EDGE('',*,*,#1129,.F.);
#1469=ORIENTED_EDGE('',*,*,#1130,.T.);
#1470=ORIENTED_EDGE('',*,*,#1131,.T.);
#1471=ORIENTED_EDGE('',*,*,#1132,.F.);
#1472=ORIENTED_EDGE('',*,*,#1133,.T.);
#1473=ORIENTED_EDGE('',*,*,#1123,.F.);
#1474=ORIENTED_EDGE('',*,*,#1134,.T.);
#1475=ORIENTED_EDGE('',*,*,#1135,.T.);
#1476=ORIENTED_EDGE('',*,*,#1136,.F.);
#1477=ORIENTED_EDGE('',*,*,#1137,.F.);
#1478=ORIENTED_EDGE('',*,*,#1129,.T.);
#1479=ORIENTED_EDGE('',*,*,#1138,.F.);
#1480=ORIENTED_EDGE('',*,*,#1139,.F.);
#1481=ORIENTED_EDGE('',*,*,#1140,.F.);
#1482=ORIENTED_EDGE('',*,*,#1141,.F.);
#1483=ORIENTED_EDGE('',*,*,#1142,.F.);
#1484=ORIENTED_EDGE('',*,*,#1143,.T.);
#1485=ORIENTED_EDGE('',*,*,#1144,.F.);
#1486=ORIENTED_EDGE('',*,*,#1145,.T.);
#1487=ORIENTED_EDGE('',*,*,#1146,.T.);
#1488=ORIENTED_EDGE('',*,*,#1142,.T.);
#1489=ORIENTED_EDGE('',*,*,#1147,.T.);
#1490=ORIENTED_EDGE('',*,*,#1148,.T.);
#1491=ORIENTED_EDGE('',*,*,#1149,.F.);
#1492=ORIENTED_EDGE('',*,*,#1150,.F.);
#1493=ORIENTED_EDGE('',*,*,#1151,.F.);
#1494=ORIENTED_EDGE('',*,*,#1152,.T.);
#1495=ORIENTED_EDGE('',*,*,#1153,.T.);
#1496=ORIENTED_EDGE('',*,*,#1149,.T.);
#1497=ORIENTED_EDGE('',*,*,#1154,.T.);
#1498=ORIENTED_EDGE('',*,*,#1155,.F.);
#1499=ORIENTED_EDGE('',*,*,#1156,.F.);
#1500=ORIENTED_EDGE('',*,*,#1157,.F.);
#1501=ORIENTED_EDGE('',*,*,#1158,.T.);
#1502=ORIENTED_EDGE('',*,*,#1159,.F.);
#1503=ORIENTED_EDGE('',*,*,#1160,.F.);
#1504=ORIENTED_EDGE('',*,*,#1161,.F.);
#1505=ORIENTED_EDGE('',*,*,#1162,.T.);
#1506=ORIENTED_EDGE('',*,*,#1163,.T.);
#1507=ORIENTED_EDGE('',*,*,#1160,.T.);
#1508=ORIENTED_EDGE('',*,*,#1164,.T.);
#1509=ORIENTED_EDGE('',*,*,#1150,.T.);
#1510=ORIENTED_EDGE('',*,*,#1165,.T.);
#1511=ORIENTED_EDGE('',*,*,#1161,.T.);
#1512=ORIENTED_EDGE('',*,*,#1166,.T.);
#1513=ORIENTED_EDGE('',*,*,#1159,.T.);
#1514=ORIENTED_EDGE('',*,*,#1167,.T.);
#1515=ORIENTED_EDGE('',*,*,#1156,.T.);
#1516=ORIENTED_EDGE('',*,*,#1168,.T.);
#1517=ORIENTED_EDGE('',*,*,#1169,.T.);
#1518=ORIENTED_EDGE('',*,*,#1170,.T.);
#1519=ORIENTED_EDGE('',*,*,#1157,.T.);
#1520=ORIENTED_EDGE('',*,*,#1171,.T.);
#1521=ORIENTED_EDGE('',*,*,#1172,.T.);
#1522=ORIENTED_EDGE('',*,*,#1173,.T.);
#1523=ORIENTED_EDGE('',*,*,#1155,.T.);
#1524=ORIENTED_EDGE('',*,*,#1174,.T.);
#1525=ORIENTED_EDGE('',*,*,#1175,.T.);
#1526=ORIENTED_EDGE('',*,*,#1176,.T.);
#1527=ORIENTED_EDGE('',*,*,#1151,.T.);
#1528=ORIENTED_EDGE('',*,*,#1177,.T.);
#1529=ORIENTED_EDGE('',*,*,#1178,.T.);
#1530=ORIENTED_EDGE('',*,*,#1179,.T.);
#1531=ORIENTED_EDGE('',*,*,#1175,.F.);
#1532=ORIENTED_EDGE('',*,*,#1180,.T.);
#1533=ORIENTED_EDGE('',*,*,#1181,.T.);
#1534=ORIENTED_EDGE('',*,*,#1182,.T.);
#1535=ORIENTED_EDGE('',*,*,#1178,.F.);
#1536=ORIENTED_EDGE('',*,*,#1183,.T.);
#1537=ORIENTED_EDGE('',*,*,#1184,.T.);
#1538=ORIENTED_EDGE('',*,*,#1185,.T.);
#1539=ORIENTED_EDGE('',*,*,#1181,.F.);
#1540=ORIENTED_EDGE('',*,*,#1186,.T.);
#1541=ORIENTED_EDGE('',*,*,#1144,.T.);
#1542=ORIENTED_EDGE('',*,*,#1187,.T.);
#1543=ORIENTED_EDGE('',*,*,#1184,.F.);
#1544=ORIENTED_EDGE('',*,*,#1188,.T.);
#1545=ORIENTED_EDGE('',*,*,#1141,.T.);
#1546=ORIENTED_EDGE('',*,*,#1189,.T.);
#1547=ORIENTED_EDGE('',*,*,#1139,.T.);
#1548=ORIENTED_EDGE('',*,*,#1190,.T.);
#1549=ORIENTED_EDGE('',*,*,#1191,.T.);
#1550=ORIENTED_EDGE('',*,*,#1192,.T.);
#1551=ORIENTED_EDGE('',*,*,#1140,.T.);
#1552=ORIENTED_EDGE('',*,*,#1193,.T.);
#1553=ORIENTED_EDGE('',*,*,#1194,.T.);
#1554=ORIENTED_EDGE('',*,*,#1195,.F.);
#1555=ORIENTED_EDGE('',*,*,#1196,.F.);
#1556=ORIENTED_EDGE('',*,*,#1197,.F.);
#1557=ORIENTED_EDGE('',*,*,#1198,.T.);
#1558=ORIENTED_EDGE('',*,*,#1199,.T.);
#1559=ORIENTED_EDGE('',*,*,#1195,.T.);
#1560=ORIENTED_EDGE('',*,*,#1200,.T.);
#1561=ORIENTED_EDGE('',*,*,#1138,.T.);
#1562=ORIENTED_EDGE('',*,*,#1201,.T.);
#1563=ORIENTED_EDGE('',*,*,#1196,.T.);
#1564=ORIENTED_EDGE('',*,*,#1202,.T.);
#1565=ORIENTED_EDGE('',*,*,#1203,.T.);
#1566=ORIENTED_EDGE('',*,*,#1204,.T.);
#1567=ORIENTED_EDGE('',*,*,#1197,.T.);
#1568=ORIENTED_EDGE('',*,*,#1205,.T.);
#1569=ORIENTED_EDGE('',*,*,#1206,.T.);
#1570=ORIENTED_EDGE('',*,*,#1207,.T.);
#1571=ORIENTED_EDGE('',*,*,#1208,.T.);
#1572=ORIENTED_EDGE('',*,*,#1203,.F.);
#1573=ORIENTED_EDGE('',*,*,#1209,.T.);
#1574=ORIENTED_EDGE('',*,*,#1210,.T.);
#1575=ORIENTED_EDGE('',*,*,#1211,.T.);
#1576=ORIENTED_EDGE('',*,*,#1212,.T.);
#1577=ORIENTED_EDGE('',*,*,#1213,.T.);
#1578=ORIENTED_EDGE('',*,*,#1211,.F.);
#1579=ORIENTED_EDGE('',*,*,#1214,.T.);
#1580=ORIENTED_EDGE('',*,*,#1215,.T.);
#1581=ORIENTED_EDGE('',*,*,#1216,.T.);
#1582=ORIENTED_EDGE('',*,*,#1215,.F.);
#1583=ORIENTED_EDGE('',*,*,#1217,.T.);
#1584=ORIENTED_EDGE('',*,*,#1207,.F.);
#1585=ORIENTED_EDGE('',*,*,#1218,.T.);
#1586=ORIENTED_EDGE('',*,*,#1219,.T.);
#1587=ORIENTED_EDGE('',*,*,#1220,.T.);
#1588=ORIENTED_EDGE('',*,*,#1209,.F.);
#1589=ORIENTED_EDGE('',*,*,#1221,.T.);
#1590=ORIENTED_EDGE('',*,*,#1172,.F.);
#1591=ORIENTED_EDGE('',*,*,#1222,.T.);
#1592=ORIENTED_EDGE('',*,*,#1223,.T.);
#1593=ORIENTED_EDGE('',*,*,#1224,.T.);
#1594=ORIENTED_EDGE('',*,*,#1223,.F.);
#1595=ORIENTED_EDGE('',*,*,#1225,.T.);
#1596=ORIENTED_EDGE('',*,*,#1219,.F.);
#1597=ORIENTED_EDGE('',*,*,#1169,.F.);
#1598=ORIENTED_EDGE('',*,*,#1152,.F.);
#1599=ORIENTED_EDGE('',*,*,#1226,.T.);
#1600=ORIENTED_EDGE('',*,*,#1198,.F.);
#1601=ORIENTED_EDGE('',*,*,#1227,.T.);
#1602=ORIENTED_EDGE('',*,*,#1145,.F.);
#1603=ORIENTED_EDGE('',*,*,#1180,.F.);
#1604=ORIENTED_EDGE('',*,*,#1228,.T.);
#1605=ORIENTED_EDGE('',*,*,#1229,.F.);
#1606=ORIENTED_EDGE('',*,*,#1230,.T.);
#1607=ORIENTED_EDGE('',*,*,#1177,.F.);
#1608=ORIENTED_EDGE('',*,*,#1166,.F.);
#1609=ORIENTED_EDGE('',*,*,#1163,.F.);
#1610=ORIENTED_EDGE('',*,*,#1228,.F.);
#1611=ORIENTED_EDGE('',*,*,#1162,.F.);
#1612=ORIENTED_EDGE('',*,*,#1231,.T.);
#1613=ORIENTED_EDGE('',*,*,#1232,.T.);
#1614=ORIENTED_EDGE('',*,*,#1233,.T.);
#1615=ORIENTED_EDGE('',*,*,#1234,.F.);
#1616=ORIENTED_EDGE('',*,*,#1229,.T.);
#1617=ORIENTED_EDGE('',*,*,#1221,.F.);
#1618=ORIENTED_EDGE('',*,*,#1224,.F.);
#1619=ORIENTED_EDGE('',*,*,#1218,.F.);
#1620=ORIENTED_EDGE('',*,*,#1235,.F.);
#1621=ORIENTED_EDGE('',*,*,#1236,.T.);
#1622=ORIENTED_EDGE('',*,*,#1237,.T.);
#1623=ORIENTED_EDGE('',*,*,#1236,.F.);
#1624=ORIENTED_EDGE('',*,*,#1238,.F.);
#1625=ORIENTED_EDGE('',*,*,#1232,.F.);
#1626=ORIENTED_EDGE('',*,*,#1239,.F.);
#1627=ORIENTED_EDGE('',*,*,#1212,.F.);
#1628=ORIENTED_EDGE('',*,*,#1240,.T.);
#1629=ORIENTED_EDGE('',*,*,#1241,.F.);
#1630=ORIENTED_EDGE('',*,*,#1242,.F.);
#1631=ORIENTED_EDGE('',*,*,#1233,.F.);
#1632=ORIENTED_EDGE('',*,*,#1238,.T.);
#1633=ORIENTED_EDGE('',*,*,#1235,.T.);
#1634=ORIENTED_EDGE('',*,*,#1192,.F.);
#1635=ORIENTED_EDGE('',*,*,#1243,.F.);
#1636=ORIENTED_EDGE('',*,*,#1244,.T.);
#1637=ORIENTED_EDGE('',*,*,#1205,.F.);
#1638=ORIENTED_EDGE('',*,*,#1201,.F.);
#1639=ORIENTED_EDGE('',*,*,#1164,.F.);
#1640=ORIENTED_EDGE('',*,*,#1168,.F.);
#1641=ORIENTED_EDGE('',*,*,#1173,.F.);
#1642=ORIENTED_EDGE('',*,*,#1239,.T.);
#1643=ORIENTED_EDGE('',*,*,#1231,.F.);
#1644=ORIENTED_EDGE('',*,*,#1227,.F.);
#1645=ORIENTED_EDGE('',*,*,#1245,.T.);
#1646=ORIENTED_EDGE('',*,*,#1246,.F.);
#1647=ORIENTED_EDGE('',*,*,#1247,.T.);
#1648=ORIENTED_EDGE('',*,*,#1200,.F.);
#1649=ORIENTED_EDGE('',*,*,#1194,.F.);
#1650=ORIENTED_EDGE('',*,*,#1204,.F.);
#1651=ORIENTED_EDGE('',*,*,#1208,.F.);
#1652=ORIENTED_EDGE('',*,*,#1248,.F.);
#1653=ORIENTED_EDGE('',*,*,#1249,.T.);
#1654=ORIENTED_EDGE('',*,*,#1250,.F.);
#1655=ORIENTED_EDGE('',*,*,#1251,.F.);
#1656=ORIENTED_EDGE('',*,*,#1252,.F.);
#1657=ORIENTED_EDGE('',*,*,#1245,.F.);
#1658=ORIENTED_EDGE('',*,*,#1217,.F.);
#1659=ORIENTED_EDGE('',*,*,#1253,.T.);
#1660=ORIENTED_EDGE('',*,*,#1254,.T.);
#1661=ORIENTED_EDGE('',*,*,#1248,.T.);
#1662=ORIENTED_EDGE('',*,*,#1214,.F.);
#1663=ORIENTED_EDGE('',*,*,#1210,.F.);
#1664=ORIENTED_EDGE('',*,*,#1220,.F.);
#1665=ORIENTED_EDGE('',*,*,#1255,.F.);
#1666=ORIENTED_EDGE('',*,*,#1256,.T.);
#1667=ORIENTED_EDGE('',*,*,#1253,.F.);
#1668=ORIENTED_EDGE('',*,*,#1147,.F.);
#1669=ORIENTED_EDGE('',*,*,#1190,.F.);
#1670=ORIENTED_EDGE('',*,*,#1202,.F.);
#1671=ORIENTED_EDGE('',*,*,#1199,.F.);
#1672=ORIENTED_EDGE('',*,*,#1153,.F.);
#1673=ORIENTED_EDGE('',*,*,#1171,.F.);
#1674=ORIENTED_EDGE('',*,*,#1167,.F.);
#1675=ORIENTED_EDGE('',*,*,#1165,.F.);
#1676=ORIENTED_EDGE('',*,*,#1257,.T.);
#1677=ORIENTED_EDGE('',*,*,#1258,.T.);
#1678=ORIENTED_EDGE('',*,*,#1234,.T.);
#1679=ORIENTED_EDGE('',*,*,#1242,.T.);
#1680=ORIENTED_EDGE('',*,*,#1191,.F.);
#1681=ORIENTED_EDGE('',*,*,#1259,.T.);
#1682=ORIENTED_EDGE('',*,*,#1257,.F.);
#1683=ORIENTED_EDGE('',*,*,#1241,.T.);
#1684=ORIENTED_EDGE('',*,*,#1260,.F.);
#1685=ORIENTED_EDGE('',*,*,#1243,.T.);
#1686=ORIENTED_EDGE('',*,*,#1186,.F.);
#1687=ORIENTED_EDGE('',*,*,#1261,.T.);
#1688=ORIENTED_EDGE('',*,*,#1259,.F.);
#1689=ORIENTED_EDGE('',*,*,#1262,.T.);
#1690=ORIENTED_EDGE('',*,*,#1188,.F.);
#1691=ORIENTED_EDGE('',*,*,#1262,.F.);
#1692=ORIENTED_EDGE('',*,*,#1193,.F.);
#1693=ORIENTED_EDGE('',*,*,#1189,.F.);
#1694=ORIENTED_EDGE('',*,*,#1146,.F.);
#1695=ORIENTED_EDGE('',*,*,#1247,.F.);
#1696=ORIENTED_EDGE('',*,*,#1263,.F.);
#1697=ORIENTED_EDGE('',*,*,#1264,.F.);
#1698=ORIENTED_EDGE('',*,*,#1154,.F.);
#1699=ORIENTED_EDGE('',*,*,#1148,.F.);
#1700=ORIENTED_EDGE('',*,*,#1176,.F.);
#1701=ORIENTED_EDGE('',*,*,#1179,.F.);
#1702=ORIENTED_EDGE('',*,*,#1182,.F.);
#1703=ORIENTED_EDGE('',*,*,#1185,.F.);
#1704=ORIENTED_EDGE('',*,*,#1187,.F.);
#1705=ORIENTED_EDGE('',*,*,#1143,.F.);
#1706=ORIENTED_EDGE('',*,*,#1265,.F.);
#1707=ORIENTED_EDGE('',*,*,#1183,.F.);
#1708=ORIENTED_EDGE('',*,*,#1230,.F.);
#1709=ORIENTED_EDGE('',*,*,#1258,.F.);
#1710=ORIENTED_EDGE('',*,*,#1261,.F.);
#1711=ORIENTED_EDGE('',*,*,#1266,.F.);
#1712=ORIENTED_EDGE('',*,*,#1267,.T.);
#1713=ORIENTED_EDGE('',*,*,#1268,.F.);
#1714=ORIENTED_EDGE('',*,*,#1126,.F.);
#1715=ORIENTED_EDGE('',*,*,#1268,.T.);
#1716=ORIENTED_EDGE('',*,*,#1269,.F.);
#1717=ORIENTED_EDGE('',*,*,#1270,.F.);
#1718=ORIENTED_EDGE('',*,*,#1271,.T.);
#1719=ORIENTED_EDGE('',*,*,#1272,.F.);
#1720=ORIENTED_EDGE('',*,*,#1273,.F.);
#1721=ORIENTED_EDGE('',*,*,#1127,.T.);
#1722=ORIENTED_EDGE('',*,*,#1267,.F.);
#1723=ORIENTED_EDGE('',*,*,#1274,.T.);
#1724=ORIENTED_EDGE('',*,*,#1275,.T.);
#1725=ORIENTED_EDGE('',*,*,#1276,.F.);
#1726=ORIENTED_EDGE('',*,*,#1277,.F.);
#1727=ORIENTED_EDGE('',*,*,#1278,.F.);
#1728=ORIENTED_EDGE('',*,*,#1279,.F.);
#1729=ORIENTED_EDGE('',*,*,#1280,.F.);
#1730=ORIENTED_EDGE('',*,*,#1281,.F.);
#1731=ORIENTED_EDGE('',*,*,#1282,.F.);
#1732=ORIENTED_EDGE('',*,*,#1283,.T.);
#1733=ORIENTED_EDGE('',*,*,#1269,.T.);
#1734=ORIENTED_EDGE('',*,*,#1122,.T.);
#1735=ORIENTED_EDGE('',*,*,#1273,.T.);
#1736=ORIENTED_EDGE('',*,*,#1284,.F.);
#1737=ORIENTED_EDGE('',*,*,#1285,.T.);
#1738=ORIENTED_EDGE('',*,*,#1286,.F.);
#1739=ORIENTED_EDGE('',*,*,#1134,.F.);
#1740=ORIENTED_EDGE('',*,*,#1287,.T.);
#1741=ORIENTED_EDGE('',*,*,#1288,.T.);
#1742=ORIENTED_EDGE('',*,*,#1284,.T.);
#1743=ORIENTED_EDGE('',*,*,#1272,.T.);
#1744=ORIENTED_EDGE('',*,*,#1288,.F.);
#1745=ORIENTED_EDGE('',*,*,#1289,.T.);
#1746=ORIENTED_EDGE('',*,*,#1290,.F.);
#1747=ORIENTED_EDGE('',*,*,#1291,.F.);
#1748=ORIENTED_EDGE('',*,*,#1292,.F.);
#1749=ORIENTED_EDGE('',*,*,#1293,.F.);
#1750=ORIENTED_EDGE('',*,*,#1294,.F.);
#1751=ORIENTED_EDGE('',*,*,#1295,.F.);
#1752=ORIENTED_EDGE('',*,*,#1296,.F.);
#1753=ORIENTED_EDGE('',*,*,#1297,.F.);
#1754=ORIENTED_EDGE('',*,*,#1298,.F.);
#1755=ORIENTED_EDGE('',*,*,#1299,.F.);
#1756=ORIENTED_EDGE('',*,*,#1300,.F.);
#1757=ORIENTED_EDGE('',*,*,#1301,.F.);
#1758=ORIENTED_EDGE('',*,*,#1249,.F.);
#1759=ORIENTED_EDGE('',*,*,#1254,.F.);
#1760=ORIENTED_EDGE('',*,*,#1256,.F.);
#1761=ORIENTED_EDGE('',*,*,#1302,.F.);
#1762=ORIENTED_EDGE('',*,*,#1303,.F.);
#1763=ORIENTED_EDGE('',*,*,#1304,.F.);
#1764=ORIENTED_EDGE('',*,*,#1305,.F.);
#1765=ORIENTED_EDGE('',*,*,#1306,.T.);
#1766=ORIENTED_EDGE('',*,*,#1307,.F.);
#1767=ORIENTED_EDGE('',*,*,#1131,.F.);
#1768=ORIENTED_EDGE('',*,*,#1308,.F.);
#1769=ORIENTED_EDGE('',*,*,#1309,.F.);
#1770=ORIENTED_EDGE('',*,*,#1310,.F.);
#1771=ORIENTED_EDGE('',*,*,#1285,.F.);
#1772=ORIENTED_EDGE('',*,*,#1311,.F.);
#1773=ORIENTED_EDGE('',*,*,#1312,.F.);
#1774=ORIENTED_EDGE('',*,*,#1313,.F.);
#1775=ORIENTED_EDGE('',*,*,#1314,.F.);
#1776=ORIENTED_EDGE('',*,*,#1290,.T.);
#1777=ORIENTED_EDGE('',*,*,#1315,.T.);
#1778=ORIENTED_EDGE('',*,*,#1316,.T.);
#1779=ORIENTED_EDGE('',*,*,#1282,.T.);
#1780=ORIENTED_EDGE('',*,*,#1317,.T.);
#1781=ORIENTED_EDGE('',*,*,#1318,.T.);
#1782=ORIENTED_EDGE('',*,*,#1319,.F.);
#1783=ORIENTED_EDGE('',*,*,#1270,.T.);
#1784=ORIENTED_EDGE('',*,*,#1283,.F.);
#1785=ORIENTED_EDGE('',*,*,#1316,.F.);
#1786=ORIENTED_EDGE('',*,*,#1320,.F.);
#1787=ORIENTED_EDGE('',*,*,#1287,.F.);
#1788=ORIENTED_EDGE('',*,*,#1271,.F.);
#1789=ORIENTED_EDGE('',*,*,#1320,.T.);
#1790=ORIENTED_EDGE('',*,*,#1315,.F.);
#1791=ORIENTED_EDGE('',*,*,#1289,.F.);
#1792=ORIENTED_EDGE('',*,*,#1266,.T.);
#1793=ORIENTED_EDGE('',*,*,#1125,.F.);
#1794=ORIENTED_EDGE('',*,*,#1133,.F.);
#1795=ORIENTED_EDGE('',*,*,#1321,.F.);
#1796=ORIENTED_EDGE('',*,*,#1322,.F.);
#1797=ORIENTED_EDGE('',*,*,#1323,.T.);
#1798=ORIENTED_EDGE('',*,*,#1274,.F.);
#1799=ORIENTED_EDGE('',*,*,#1322,.T.);
#1800=ORIENTED_EDGE('',*,*,#1324,.F.);
#1801=ORIENTED_EDGE('',*,*,#1306,.F.);
#1802=ORIENTED_EDGE('',*,*,#1325,.F.);
#1803=ORIENTED_EDGE('',*,*,#1326,.T.);
#1804=ORIENTED_EDGE('',*,*,#1206,.F.);
#1805=ORIENTED_EDGE('',*,*,#1244,.F.);
#1806=ORIENTED_EDGE('',*,*,#1260,.T.);
#1807=ORIENTED_EDGE('',*,*,#1240,.F.);
#1808=ORIENTED_EDGE('',*,*,#1213,.F.);
#1809=ORIENTED_EDGE('',*,*,#1216,.F.);
#1810=ORIENTED_EDGE('',*,*,#1327,.T.);
#1811=ORIENTED_EDGE('',*,*,#1328,.T.);
#1812=ORIENTED_EDGE('',*,*,#1327,.F.);
#1813=ORIENTED_EDGE('',*,*,#1329,.F.);
#1814=ORIENTED_EDGE('',*,*,#1275,.F.);
#1815=ORIENTED_EDGE('',*,*,#1323,.F.);
#1816=ORIENTED_EDGE('',*,*,#1326,.F.);
#1817=ORIENTED_EDGE('',*,*,#1329,.T.);
#1818=ORIENTED_EDGE('',*,*,#1325,.T.);
#1819=ORIENTED_EDGE('',*,*,#1305,.T.);
#1820=ORIENTED_EDGE('',*,*,#1330,.T.);
#1821=ORIENTED_EDGE('',*,*,#1331,.F.);
#1822=ORIENTED_EDGE('',*,*,#1276,.T.);
#1823=ORIENTED_EDGE('',*,*,#1137,.T.);
#1824=ORIENTED_EDGE('',*,*,#1332,.T.);
#1825=ORIENTED_EDGE('',*,*,#1308,.T.);
#1826=ORIENTED_EDGE('',*,*,#1130,.F.);
#1827=ORIENTED_EDGE('',*,*,#1136,.T.);
#1828=ORIENTED_EDGE('',*,*,#1333,.F.);
#1829=ORIENTED_EDGE('',*,*,#1309,.T.);
#1830=ORIENTED_EDGE('',*,*,#1332,.F.);
#1831=ORIENTED_EDGE('',*,*,#1321,.T.);
#1832=ORIENTED_EDGE('',*,*,#1132,.T.);
#1833=ORIENTED_EDGE('',*,*,#1307,.T.);
#1834=ORIENTED_EDGE('',*,*,#1324,.T.);
#1835=ORIENTED_EDGE('',*,*,#1226,.F.);
#1836=ORIENTED_EDGE('',*,*,#1264,.T.);
#1837=ORIENTED_EDGE('',*,*,#1334,.F.);
#1838=ORIENTED_EDGE('',*,*,#1335,.T.);
#1839=ORIENTED_EDGE('',*,*,#1336,.F.);
#1840=ORIENTED_EDGE('',*,*,#1337,.F.);
#1841=ORIENTED_EDGE('',*,*,#1338,.F.);
#1842=ORIENTED_EDGE('',*,*,#1339,.T.);
#1843=ORIENTED_EDGE('',*,*,#1170,.F.);
#1844=ORIENTED_EDGE('',*,*,#1339,.F.);
#1845=ORIENTED_EDGE('',*,*,#1340,.F.);
#1846=ORIENTED_EDGE('',*,*,#1341,.T.);
#1847=ORIENTED_EDGE('',*,*,#1342,.F.);
#1848=ORIENTED_EDGE('',*,*,#1343,.T.);
#1849=ORIENTED_EDGE('',*,*,#1303,.T.);
#1850=ORIENTED_EDGE('',*,*,#1344,.F.);
#1851=ORIENTED_EDGE('',*,*,#1222,.F.);
#1852=ORIENTED_EDGE('',*,*,#1174,.F.);
#1853=ORIENTED_EDGE('',*,*,#1158,.F.);
#1854=ORIENTED_EDGE('',*,*,#1304,.T.);
#1855=ORIENTED_EDGE('',*,*,#1343,.F.);
#1856=ORIENTED_EDGE('',*,*,#1345,.F.);
#1857=ORIENTED_EDGE('',*,*,#1346,.T.);
#1858=ORIENTED_EDGE('',*,*,#1347,.F.);
#1859=ORIENTED_EDGE('',*,*,#1330,.F.);
#1860=ORIENTED_EDGE('',*,*,#1225,.F.);
#1861=ORIENTED_EDGE('',*,*,#1344,.T.);
#1862=ORIENTED_EDGE('',*,*,#1302,.T.);
#1863=ORIENTED_EDGE('',*,*,#1255,.T.);
#1864=ORIENTED_EDGE('',*,*,#1301,.T.);
#1865=ORIENTED_EDGE('',*,*,#1348,.T.);
#1866=ORIENTED_EDGE('',*,*,#1349,.F.);
#1867=ORIENTED_EDGE('',*,*,#1250,.T.);
#1868=ORIENTED_EDGE('',*,*,#1300,.T.);
#1869=ORIENTED_EDGE('',*,*,#1350,.F.);
#1870=ORIENTED_EDGE('',*,*,#1351,.F.);
#1871=ORIENTED_EDGE('',*,*,#1348,.F.);
#1872=ORIENTED_EDGE('',*,*,#1299,.T.);
#1873=ORIENTED_EDGE('',*,*,#1352,.T.);
#1874=ORIENTED_EDGE('',*,*,#1353,.F.);
#1875=ORIENTED_EDGE('',*,*,#1350,.T.);
#1876=ORIENTED_EDGE('',*,*,#1298,.T.);
#1877=ORIENTED_EDGE('',*,*,#1354,.T.);
#1878=ORIENTED_EDGE('',*,*,#1355,.F.);
#1879=ORIENTED_EDGE('',*,*,#1356,.T.);
#1880=ORIENTED_EDGE('',*,*,#1357,.F.);
#1881=ORIENTED_EDGE('',*,*,#1335,.F.);
#1882=ORIENTED_EDGE('',*,*,#1358,.F.);
#1883=ORIENTED_EDGE('',*,*,#1359,.F.);
#1884=ORIENTED_EDGE('',*,*,#1352,.F.);
#1885=ORIENTED_EDGE('',*,*,#1297,.T.);
#1886=ORIENTED_EDGE('',*,*,#1360,.F.);
#1887=ORIENTED_EDGE('',*,*,#1361,.F.);
#1888=ORIENTED_EDGE('',*,*,#1362,.T.);
#1889=ORIENTED_EDGE('',*,*,#1363,.F.);
#1890=ORIENTED_EDGE('',*,*,#1354,.F.);
#1891=ORIENTED_EDGE('',*,*,#1135,.F.);
#1892=ORIENTED_EDGE('',*,*,#1286,.T.);
#1893=ORIENTED_EDGE('',*,*,#1310,.T.);
#1894=ORIENTED_EDGE('',*,*,#1333,.T.);
#1895=ORIENTED_EDGE('',*,*,#1364,.F.);
#1896=ORIENTED_EDGE('',*,*,#1365,.F.);
#1897=ORIENTED_EDGE('',*,*,#1366,.T.);
#1898=ORIENTED_EDGE('',*,*,#1367,.F.);
#1899=ORIENTED_EDGE('',*,*,#1368,.F.);
#1900=ORIENTED_EDGE('',*,*,#1369,.F.);
#1901=ORIENTED_EDGE('',*,*,#1370,.F.);
#1902=ORIENTED_EDGE('',*,*,#1371,.F.);
#1903=ORIENTED_EDGE('',*,*,#1366,.F.);
#1904=ORIENTED_EDGE('',*,*,#1372,.F.);
#1905=ORIENTED_EDGE('',*,*,#1368,.T.);
#1906=ORIENTED_EDGE('',*,*,#1373,.T.);
#1907=ORIENTED_EDGE('',*,*,#1374,.T.);
#1908=ORIENTED_EDGE('',*,*,#1375,.T.);
#1909=ORIENTED_EDGE('',*,*,#1374,.F.);
#1910=ORIENTED_EDGE('',*,*,#1376,.T.);
#1911=ORIENTED_EDGE('',*,*,#1377,.T.);
#1912=ORIENTED_EDGE('',*,*,#1376,.F.);
#1913=ORIENTED_EDGE('',*,*,#1378,.T.);
#1914=ORIENTED_EDGE('',*,*,#1379,.T.);
#1915=ORIENTED_EDGE('',*,*,#1380,.T.);
#1916=ORIENTED_EDGE('',*,*,#1359,.T.);
#1917=ORIENTED_EDGE('',*,*,#1373,.F.);
#1918=ORIENTED_EDGE('',*,*,#1367,.T.);
#1919=ORIENTED_EDGE('',*,*,#1371,.T.);
#1920=ORIENTED_EDGE('',*,*,#1381,.F.);
#1921=ORIENTED_EDGE('',*,*,#1382,.F.);
#1922=ORIENTED_EDGE('',*,*,#1383,.T.);
#1923=ORIENTED_EDGE('',*,*,#1384,.F.);
#1924=ORIENTED_EDGE('',*,*,#1385,.T.);
#1925=ORIENTED_EDGE('',*,*,#1386,.T.);
#1926=ORIENTED_EDGE('',*,*,#1378,.F.);
#1927=ORIENTED_EDGE('',*,*,#1387,.T.);
#1928=ORIENTED_EDGE('',*,*,#1388,.T.);
#1929=ORIENTED_EDGE('',*,*,#1389,.T.);
#1930=ORIENTED_EDGE('',*,*,#1390,.T.);
#1931=ORIENTED_EDGE('',*,*,#1370,.T.);
#1932=ORIENTED_EDGE('',*,*,#1391,.T.);
#1933=ORIENTED_EDGE('',*,*,#1392,.T.);
#1934=ORIENTED_EDGE('',*,*,#1381,.T.);
#1935=ORIENTED_EDGE('',*,*,#1392,.F.);
#1936=ORIENTED_EDGE('',*,*,#1393,.T.);
#1937=ORIENTED_EDGE('',*,*,#1394,.T.);
#1938=ORIENTED_EDGE('',*,*,#1394,.F.);
#1939=ORIENTED_EDGE('',*,*,#1251,.T.);
#1940=ORIENTED_EDGE('',*,*,#1395,.T.);
#1941=ORIENTED_EDGE('',*,*,#1396,.T.);
#1942=ORIENTED_EDGE('',*,*,#1382,.T.);
#1943=ORIENTED_EDGE('',*,*,#1393,.F.);
#1944=ORIENTED_EDGE('',*,*,#1397,.T.);
#1945=ORIENTED_EDGE('',*,*,#1398,.T.);
#1946=ORIENTED_EDGE('',*,*,#1252,.T.);
#1947=ORIENTED_EDGE('',*,*,#1375,.F.);
#1948=ORIENTED_EDGE('',*,*,#1399,.F.);
#1949=ORIENTED_EDGE('',*,*,#1400,.F.);
#1950=ORIENTED_EDGE('',*,*,#1397,.F.);
#1951=ORIENTED_EDGE('',*,*,#1391,.F.);
#1952=ORIENTED_EDGE('',*,*,#1369,.T.);
#1953=ORIENTED_EDGE('',*,*,#1377,.F.);
#1954=ORIENTED_EDGE('',*,*,#1358,.T.);
#1955=ORIENTED_EDGE('',*,*,#1401,.T.);
#1956=ORIENTED_EDGE('',*,*,#1399,.T.);
#1957=ORIENTED_EDGE('',*,*,#1402,.T.);
#1958=ORIENTED_EDGE('',*,*,#1263,.T.);
#1959=ORIENTED_EDGE('',*,*,#1403,.T.);
#1960=ORIENTED_EDGE('',*,*,#1400,.T.);
#1961=ORIENTED_EDGE('',*,*,#1402,.F.);
#1962=ORIENTED_EDGE('',*,*,#1401,.F.);
#1963=ORIENTED_EDGE('',*,*,#1334,.T.);
#1964=ORIENTED_EDGE('',*,*,#1398,.F.);
#1965=ORIENTED_EDGE('',*,*,#1403,.F.);
#1966=ORIENTED_EDGE('',*,*,#1246,.T.);
#1967=ORIENTED_EDGE('',*,*,#1328,.F.);
#1968=ORIENTED_EDGE('',*,*,#1404,.F.);
#1969=ORIENTED_EDGE('',*,*,#1237,.F.);
#1970=ORIENTED_EDGE('',*,*,#1405,.F.);
#1971=ORIENTED_EDGE('',*,*,#1406,.T.);
#1972=ORIENTED_EDGE('',*,*,#1407,.T.);
#1973=ORIENTED_EDGE('',*,*,#1265,.T.);
#1974=ORIENTED_EDGE('',*,*,#1407,.F.);
#1975=ORIENTED_EDGE('',*,*,#1128,.T.);
#1976=ORIENTED_EDGE('',*,*,#1408,.T.);
#1977=ORIENTED_EDGE('',*,*,#1406,.F.);
#1978=ORIENTED_EDGE('',*,*,#1408,.F.);
#1979=ORIENTED_EDGE('',*,*,#1363,.T.);
#1980=ORIENTED_EDGE('',*,*,#1409,.T.);
#1981=ORIENTED_EDGE('',*,*,#1355,.T.);
#1982=ORIENTED_EDGE('',*,*,#1342,.T.);
#1983=ORIENTED_EDGE('',*,*,#1410,.T.);
#1984=ORIENTED_EDGE('',*,*,#1345,.T.);
#1985=ORIENTED_EDGE('',*,*,#1409,.F.);
#1986=ORIENTED_EDGE('',*,*,#1362,.F.);
#1987=ORIENTED_EDGE('',*,*,#1411,.T.);
#1988=ORIENTED_EDGE('',*,*,#1356,.F.);
#1989=ORIENTED_EDGE('',*,*,#1412,.T.);
#1990=ORIENTED_EDGE('',*,*,#1357,.T.);
#1991=ORIENTED_EDGE('',*,*,#1411,.F.);
#1992=ORIENTED_EDGE('',*,*,#1413,.T.);
#1993=ORIENTED_EDGE('',*,*,#1414,.T.);
#1994=ORIENTED_EDGE('',*,*,#1337,.T.);
#1995=ORIENTED_EDGE('',*,*,#1415,.T.);
#1996=ORIENTED_EDGE('',*,*,#1278,.T.);
#1997=ORIENTED_EDGE('',*,*,#1415,.F.);
#1998=ORIENTED_EDGE('',*,*,#1336,.T.);
#1999=ORIENTED_EDGE('',*,*,#1412,.F.);
#2000=ORIENTED_EDGE('',*,*,#1416,.T.);
#2001=ORIENTED_EDGE('',*,*,#1417,.T.);
#2002=ORIENTED_EDGE('',*,*,#1418,.T.);
#2003=ORIENTED_EDGE('',*,*,#1419,.T.);
#2004=ORIENTED_EDGE('',*,*,#1340,.T.);
#2005=ORIENTED_EDGE('',*,*,#1410,.F.);
#2006=ORIENTED_EDGE('',*,*,#1341,.F.);
#2007=ORIENTED_EDGE('',*,*,#1419,.F.);
#2008=ORIENTED_EDGE('',*,*,#1346,.F.);
#2009=ORIENTED_EDGE('',*,*,#1417,.F.);
#2010=ORIENTED_EDGE('',*,*,#1338,.T.);
#2011=ORIENTED_EDGE('',*,*,#1414,.F.);
#2012=ORIENTED_EDGE('',*,*,#1420,.T.);
#2013=ORIENTED_EDGE('',*,*,#1413,.F.);
#2014=ORIENTED_EDGE('',*,*,#1361,.T.);
#2015=ORIENTED_EDGE('',*,*,#1421,.T.);
#2016=ORIENTED_EDGE('',*,*,#1279,.T.);
#2017=ORIENTED_EDGE('',*,*,#1416,.F.);
#2018=ORIENTED_EDGE('',*,*,#1420,.F.);
#2019=ORIENTED_EDGE('',*,*,#1277,.T.);
#2020=ORIENTED_EDGE('',*,*,#1331,.T.);
#2021=ORIENTED_EDGE('',*,*,#1347,.T.);
#2022=ORIENTED_EDGE('',*,*,#1418,.F.);
#2023=ORIENTED_EDGE('',*,*,#1364,.T.);
#2024=ORIENTED_EDGE('',*,*,#1422,.T.);
#2025=ORIENTED_EDGE('',*,*,#1317,.F.);
#2026=ORIENTED_EDGE('',*,*,#1281,.T.);
#2027=ORIENTED_EDGE('',*,*,#1423,.F.);
#2028=ORIENTED_EDGE('',*,*,#1424,.T.);
#2029=ORIENTED_EDGE('',*,*,#1425,.T.);
#2030=ORIENTED_EDGE('',*,*,#1395,.F.);
#2031=ORIENTED_EDGE('',*,*,#1349,.T.);
#2032=ORIENTED_EDGE('',*,*,#1426,.F.);
#2033=ORIENTED_EDGE('',*,*,#1351,.T.);
#2034=ORIENTED_EDGE('',*,*,#1427,.T.);
#2035=ORIENTED_EDGE('',*,*,#1428,.T.);
#2036=ORIENTED_EDGE('',*,*,#1384,.T.);
#2037=ORIENTED_EDGE('',*,*,#1429,.T.);
#2038=ORIENTED_EDGE('',*,*,#1426,.T.);
#2039=ORIENTED_EDGE('',*,*,#1430,.T.);
#2040=ORIENTED_EDGE('',*,*,#1427,.F.);
#2041=ORIENTED_EDGE('',*,*,#1353,.T.);
#2042=ORIENTED_EDGE('',*,*,#1380,.F.);
#2043=ORIENTED_EDGE('',*,*,#1431,.F.);
#2044=ORIENTED_EDGE('',*,*,#1388,.F.);
#2045=ORIENTED_EDGE('',*,*,#1432,.F.);
#2046=ORIENTED_EDGE('',*,*,#1433,.F.);
#2047=ORIENTED_EDGE('',*,*,#1434,.T.);
#2048=ORIENTED_EDGE('',*,*,#1389,.F.);
#2049=ORIENTED_EDGE('',*,*,#1431,.T.);
#2050=ORIENTED_EDGE('',*,*,#1435,.F.);
#2051=ORIENTED_EDGE('',*,*,#1436,.T.);
#2052=ORIENTED_EDGE('',*,*,#1390,.F.);
#2053=ORIENTED_EDGE('',*,*,#1434,.F.);
#2054=ORIENTED_EDGE('',*,*,#1437,.F.);
#2055=ORIENTED_EDGE('',*,*,#1432,.T.);
#2056=ORIENTED_EDGE('',*,*,#1387,.F.);
#2057=ORIENTED_EDGE('',*,*,#1436,.F.);
#2058=ORIENTED_EDGE('',*,*,#1438,.F.);
#2059=ORIENTED_EDGE('',*,*,#1422,.F.);
#2060=ORIENTED_EDGE('',*,*,#1372,.T.);
#2061=ORIENTED_EDGE('',*,*,#1365,.T.);
#2062=ORIENTED_EDGE('',*,*,#1424,.F.);
#2063=ORIENTED_EDGE('',*,*,#1439,.F.);
#2064=ORIENTED_EDGE('',*,*,#1440,.F.);
#2065=ORIENTED_EDGE('',*,*,#1441,.F.);
#2066=ORIENTED_EDGE('',*,*,#1442,.F.);
#2067=ORIENTED_EDGE('',*,*,#1443,.F.);
#2068=ORIENTED_EDGE('',*,*,#1444,.F.);
#2069=ORIENTED_EDGE('',*,*,#1318,.F.);
#2070=ORIENTED_EDGE('',*,*,#1438,.T.);
#2071=ORIENTED_EDGE('',*,*,#1437,.T.);
#2072=ORIENTED_EDGE('',*,*,#1435,.T.);
#2073=ORIENTED_EDGE('',*,*,#1433,.T.);
#2074=ORIENTED_EDGE('',*,*,#1445,.T.);
#2075=ORIENTED_EDGE('',*,*,#1446,.T.);
#2076=ORIENTED_EDGE('',*,*,#1312,.T.);
#2077=ORIENTED_EDGE('',*,*,#1446,.F.);
#2078=ORIENTED_EDGE('',*,*,#1447,.T.);
#2079=ORIENTED_EDGE('',*,*,#1448,.T.);
#2080=ORIENTED_EDGE('',*,*,#1311,.T.);
#2081=ORIENTED_EDGE('',*,*,#1448,.F.);
#2082=ORIENTED_EDGE('',*,*,#1449,.F.);
#2083=ORIENTED_EDGE('',*,*,#1445,.F.);
#2084=ORIENTED_EDGE('',*,*,#1450,.F.);
#2085=ORIENTED_EDGE('',*,*,#1447,.F.);
#2086=ORIENTED_EDGE('',*,*,#1404,.T.);
#2087=ORIENTED_EDGE('',*,*,#1451,.T.);
#2088=ORIENTED_EDGE('',*,*,#1314,.T.);
#2089=ORIENTED_EDGE('',*,*,#1451,.F.);
#2090=ORIENTED_EDGE('',*,*,#1405,.T.);
#2091=ORIENTED_EDGE('',*,*,#1452,.T.);
#2092=ORIENTED_EDGE('',*,*,#1313,.T.);
#2093=ORIENTED_EDGE('',*,*,#1452,.F.);
#2094=ORIENTED_EDGE('',*,*,#1428,.F.);
#2095=ORIENTED_EDGE('',*,*,#1430,.F.);
#2096=ORIENTED_EDGE('',*,*,#1379,.F.);
#2097=ORIENTED_EDGE('',*,*,#1386,.F.);
#2098=ORIENTED_EDGE('',*,*,#1453,.T.);
#2099=ORIENTED_EDGE('',*,*,#1449,.T.);
#2100=ORIENTED_EDGE('',*,*,#1453,.F.);
#2101=ORIENTED_EDGE('',*,*,#1385,.F.);
#2102=ORIENTED_EDGE('',*,*,#1396,.F.);
#2103=ORIENTED_EDGE('',*,*,#1454,.T.);
#2104=ORIENTED_EDGE('',*,*,#1450,.T.);
#2105=ORIENTED_EDGE('',*,*,#1454,.F.);
#2106=ORIENTED_EDGE('',*,*,#1425,.F.);
#2107=ORIENTED_EDGE('',*,*,#1429,.F.);
#2108=ORIENTED_EDGE('',*,*,#1383,.F.);
#2109=ORIENTED_EDGE('',*,*,#1296,.T.);
#2110=ORIENTED_EDGE('',*,*,#1455,.F.);
#2111=ORIENTED_EDGE('',*,*,#1439,.T.);
#2112=ORIENTED_EDGE('',*,*,#1423,.T.);
#2113=ORIENTED_EDGE('',*,*,#1280,.T.);
#2114=ORIENTED_EDGE('',*,*,#1421,.F.);
#2115=ORIENTED_EDGE('',*,*,#1360,.T.);
#2116=ORIENTED_EDGE('',*,*,#1295,.T.);
#2117=ORIENTED_EDGE('',*,*,#1456,.F.);
#2118=ORIENTED_EDGE('',*,*,#1440,.T.);
#2119=ORIENTED_EDGE('',*,*,#1455,.T.);
#2120=ORIENTED_EDGE('',*,*,#1294,.T.);
#2121=ORIENTED_EDGE('',*,*,#1457,.F.);
#2122=ORIENTED_EDGE('',*,*,#1441,.T.);
#2123=ORIENTED_EDGE('',*,*,#1456,.T.);
#2124=ORIENTED_EDGE('',*,*,#1293,.T.);
#2125=ORIENTED_EDGE('',*,*,#1458,.F.);
#2126=ORIENTED_EDGE('',*,*,#1442,.T.);
#2127=ORIENTED_EDGE('',*,*,#1457,.T.);
#2128=ORIENTED_EDGE('',*,*,#1292,.T.);
#2129=ORIENTED_EDGE('',*,*,#1459,.F.);
#2130=ORIENTED_EDGE('',*,*,#1443,.T.);
#2131=ORIENTED_EDGE('',*,*,#1458,.T.);
#2132=ORIENTED_EDGE('',*,*,#1291,.T.);
#2133=ORIENTED_EDGE('',*,*,#1319,.T.);
#2134=ORIENTED_EDGE('',*,*,#1444,.T.);
#2135=ORIENTED_EDGE('',*,*,#1459,.T.);
#2136=PLANE('',#2339);
#2137=PLANE('',#2342);
#2138=PLANE('',#2343);
#2139=PLANE('',#2428);
#2140=PLANE('',#2438);
#2141=PLANE('',#2441);
#2142=PLANE('',#2444);
#2143=PLANE('',#2447);
#2144=PLANE('',#2450);
#2145=PLANE('',#2451);
#2146=PLANE('',#2452);
#2147=PLANE('',#2458);
#2148=PLANE('',#2459);
#2149=PLANE('',#2461);
#2150=PLANE('',#2464);
#2151=PLANE('',#2465);
#2152=PLANE('',#2466);
#2153=PLANE('',#2467);
#2154=PLANE('',#2468);
#2155=PLANE('',#2478);
#2156=PLANE('',#2479);
#2157=PLANE('',#2480);
#2158=PLANE('',#2481);
#2159=PLANE('',#2482);
#2160=PLANE('',#2485);
#2161=PLANE('',#2486);
#2162=PLANE('',#2489);
#2163=PLANE('',#2490);
#2164=PLANE('',#2493);
#2165=PLANE('',#2495);
#2166=PLANE('',#2499);
#2167=PLANE('',#2502);
#2168=PLANE('',#2504);
#2169=PLANE('',#2519);
#2170=PLANE('',#2531);
#2171=PLANE('',#2539);
#2172=PLANE('',#2541);
#2173=PLANE('',#2546);
#2174=PLANE('',#2547);
#2175=PLANE('',#2548);
#2176=PLANE('',#2551);
#2177=PLANE('',#2554);
#2178=PLANE('',#2558);
#2179=PLANE('',#2566);
#2180=PLANE('',#2567);
#2181=PLANE('',#2568);
#2182=PLANE('',#2569);
#2183=PLANE('',#2570);
#2184=PLANE('',#2575);
#2185=PLANE('',#2577);
#2186=PLANE('',#2583);
#2187=PLANE('',#2584);
#2188=PLANE('',#2585);
#2189=PLANE('',#2586);
#2190=PLANE('',#2587);
#2191=PLANE('',#2588);
#2192=ADVANCED_FACE('',(#134,#122),#2136,.T.);
#2193=ADVANCED_FACE('',(#135),#2137,.T.);
#2194=ADVANCED_FACE('',(#136),#2138,.T.);
#2195=ADVANCED_FACE('',(#137),#104,.F.);
#2196=ADVANCED_FACE('',(#138),#98,.F.);
#2197=ADVANCED_FACE('',(#139),#47,.T.);
#2198=ADVANCED_FACE('',(#140),#99,.F.);
#2199=ADVANCED_FACE('',(#141),#48,.T.);
#2200=ADVANCED_FACE('',(#142),#37,.T.);
#2201=ADVANCED_FACE('',(#143),#105,.F.);
#2202=ADVANCED_FACE('',(#144),#49,.F.);
#2203=ADVANCED_FACE('',(#145),#50,.F.);
#2204=ADVANCED_FACE('',(#146),#51,.F.);
#2205=ADVANCED_FACE('',(#147),#52,.T.);
#2206=ADVANCED_FACE('',(#148),#53,.T.);
#2207=ADVANCED_FACE('',(#149),#54,.T.);
#2208=ADVANCED_FACE('',(#150),#38,.T.);
#2209=ADVANCED_FACE('',(#151),#55,.T.);
#2210=ADVANCED_FACE('',(#152),#39,.T.);
#2211=ADVANCED_FACE('',(#153),#56,.T.);
#2212=ADVANCED_FACE('',(#154),#57,.F.);
#2213=ADVANCED_FACE('',(#155),#58,.F.);
#2214=ADVANCED_FACE('',(#156),#40,.T.);
#2215=ADVANCED_FACE('',(#157),#59,.T.);
#2216=ADVANCED_FACE('',(#158),#60,.F.);
#2217=ADVANCED_FACE('',(#159),#61,.T.);
#2218=ADVANCED_FACE('',(#160),#62,.T.);
#2219=ADVANCED_FACE('',(#161),#63,.T.);
#2220=ADVANCED_FACE('',(#162),#64,.T.);
#2221=ADVANCED_FACE('',(#163),#41,.T.);
#2222=ADVANCED_FACE('',(#164),#65,.T.);
#2223=ADVANCED_FACE('',(#165),#66,.T.);
#2224=ADVANCED_FACE('',(#166),#42,.T.);
#2225=ADVANCED_FACE('',(#167),#106,.T.);
#2226=ADVANCED_FACE('',(#168),#107,.T.);
#2227=ADVANCED_FACE('',(#169),#67,.T.);
#2228=ADVANCED_FACE('',(#170),#2139,.F.);
#2229=ADVANCED_FACE('',(#171),#43,.F.);
#2230=ADVANCED_FACE('',(#172),#68,.F.);
#2231=ADVANCED_FACE('',(#173),#2140,.F.);
#2232=ADVANCED_FACE('',(#174),#2141,.F.);
#2233=ADVANCED_FACE('',(#175),#2142,.F.);
#2234=ADVANCED_FACE('',(#176),#69,.T.);
#2235=ADVANCED_FACE('',(#177),#2143,.T.);
#2236=ADVANCED_FACE('',(#178),#70,.T.);
#2237=ADVANCED_FACE('',(#179),#2144,.T.);
#2238=ADVANCED_FACE('',(#180),#2145,.F.);
#2239=ADVANCED_FACE('',(#181),#2146,.F.);
#2240=ADVANCED_FACE('',(#182),#71,.F.);
#2241=ADVANCED_FACE('',(#183),#44,.F.);
#2242=ADVANCED_FACE('',(#184),#72,.T.);
#2243=ADVANCED_FACE('',(#185),#2147,.F.);
#2244=ADVANCED_FACE('',(#186,#123),#2148,.T.);
#2245=ADVANCED_FACE('',(#187),#2149,.T.);
#2246=ADVANCED_FACE('',(#188),#17,.T.);
#2247=ADVANCED_FACE('',(#189),#2150,.F.);
#2248=ADVANCED_FACE('',(#190),#2151,.F.);
#2249=ADVANCED_FACE('',(#191),#2152,.T.);
#2250=ADVANCED_FACE('',(#192),#2153,.T.);
#2251=ADVANCED_FACE('',(#193,#124,#125,#126,#127),#2154,.F.);
#2252=ADVANCED_FACE('',(#194),#2155,.F.);
#2253=ADVANCED_FACE('',(#195),#2156,.T.);
#2254=ADVANCED_FACE('',(#196),#2157,.T.);
#2255=ADVANCED_FACE('',(#197),#2158,.T.);
#2256=ADVANCED_FACE('',(#198),#2159,.T.);
#2257=ADVANCED_FACE('',(#199),#73,.F.);
#2258=ADVANCED_FACE('',(#200),#2160,.T.);
#2259=ADVANCED_FACE('',(#201),#2161,.F.);
#2260=ADVANCED_FACE('',(#202),#74,.F.);
#2261=ADVANCED_FACE('',(#203),#2162,.T.);
#2262=ADVANCED_FACE('',(#204),#2163,.T.);
#2263=ADVANCED_FACE('',(#205),#75,.T.);
#2264=ADVANCED_FACE('',(#206),#2164,.T.);
#2265=ADVANCED_FACE('',(#207),#2165,.F.);
#2266=ADVANCED_FACE('',(#208),#76,.T.);
#2267=ADVANCED_FACE('',(#209),#77,.T.);
#2268=ADVANCED_FACE('',(#210),#2166,.T.);
#2269=ADVANCED_FACE('',(#211),#78,.T.);
#2270=ADVANCED_FACE('',(#212),#2167,.T.);
#2271=ADVANCED_FACE('',(#213),#2168,.F.);
#2272=ADVANCED_FACE('',(#214),#79,.F.);
#2273=ADVANCED_FACE('',(#215),#80,.F.);
#2274=ADVANCED_FACE('',(#216),#81,.F.);
#2275=ADVANCED_FACE('',(#217),#100,.T.);
#2276=ADVANCED_FACE('',(#218),#82,.T.);
#2277=ADVANCED_FACE('',(#219,#128),#2169,.T.);
#2278=ADVANCED_FACE('',(#220),#83,.F.);
#2279=ADVANCED_FACE('',(#221),#101,.T.);
#2280=ADVANCED_FACE('',(#222),#84,.T.);
#2281=ADVANCED_FACE('',(#223),#85,.T.);
#2282=ADVANCED_FACE('',(#224),#2170,.T.);
#2283=ADVANCED_FACE('',(#225),#86,.T.);
#2284=ADVANCED_FACE('',(#226),#87,.T.);
#2285=ADVANCED_FACE('',(#227),#108,.T.);
#2286=ADVANCED_FACE('',(#228),#109,.T.);
#2287=ADVANCED_FACE('',(#229,#129),#2171,.F.);
#2288=ADVANCED_FACE('',(#230,#130),#2172,.F.);
#2289=ADVANCED_FACE('',(#231),#18,.F.);
#2290=ADVANCED_FACE('',(#232),#88,.F.);
#2291=ADVANCED_FACE('',(#233),#2173,.T.);
#2292=ADVANCED_FACE('',(#234),#2174,.T.);
#2293=ADVANCED_FACE('',(#235),#2175,.T.);
#2294=ADVANCED_FACE('',(#236),#19,.F.);
#2295=ADVANCED_FACE('',(#237),#2176,.T.);
#2296=ADVANCED_FACE('',(#238),#102,.T.);
#2297=ADVANCED_FACE('',(#239),#20,.F.);
#2298=ADVANCED_FACE('',(#240),#2177,.T.);
#2299=ADVANCED_FACE('',(#241),#103,.T.);
#2300=ADVANCED_FACE('',(#242),#89,.F.);
#2301=ADVANCED_FACE('',(#243),#90,.F.);
#2302=ADVANCED_FACE('',(#244),#2178,.T.);
#2303=ADVANCED_FACE('',(#245),#45,.T.);
#2304=ADVANCED_FACE('',(#246),#91,.T.);
#2305=ADVANCED_FACE('',(#247),#46,.T.);
#2306=ADVANCED_FACE('',(#248),#2179,.F.);
#2307=ADVANCED_FACE('',(#249),#2180,.F.);
#2308=ADVANCED_FACE('',(#250),#2181,.F.);
#2309=ADVANCED_FACE('',(#251),#2182,.F.);
#2310=ADVANCED_FACE('',(#252,#131),#2183,.F.);
#2311=ADVANCED_FACE('',(#253),#92,.F.);
#2312=ADVANCED_FACE('',(#254),#93,.F.);
#2313=ADVANCED_FACE('',(#255,#132),#2184,.F.);
#2314=ADVANCED_FACE('',(#256,#133),#2185,.F.);
#2315=ADVANCED_FACE('',(#257),#94,.F.);
#2316=ADVANCED_FACE('',(#258),#95,.F.);
#2317=ADVANCED_FACE('',(#259),#96,.F.);
#2318=ADVANCED_FACE('',(#260),#97,.F.);
#2319=ADVANCED_FACE('',(#261),#2186,.F.);
#2320=ADVANCED_FACE('',(#262),#2187,.T.);
#2321=ADVANCED_FACE('',(#263),#2188,.T.);
#2322=ADVANCED_FACE('',(#264),#2189,.T.);
#2323=ADVANCED_FACE('',(#265),#2190,.F.);
#2324=ADVANCED_FACE('',(#266),#2191,.T.);
#2325=CLOSED_SHELL('',(#2192,#2193,#2194,#2195,#2196,#2197,#2198,#2199,
#2200,#2201,#2202,#2203,#2204,#2205,#2206,#2207,#2208,#2209,#2210,#2211,
#2212,#2213,#2214,#2215,#2216,#2217,#2218,#2219,#2220,#2221,#2222,#2223,
#2224,#2225,#2226,#2227,#2228,#2229,#2230,#2231,#2232,#2233,#2234,#2235,
#2236,#2237,#2238,#2239,#2240,#2241,#2242,#2243,#2244,#2245,#2246,#2247,
#2248,#2249,#2250,#2251,#2252,#2253,#2254,#2255,#2256,#2257,#2258,#2259,
#2260,#2261,#2262,#2263,#2264,#2265,#2266,#2267,#2268,#2269,#2270,#2271,
#2272,#2273,#2274,#2275,#2276,#2277,#2278,#2279,#2280,#2281,#2282,#2283,
#2284,#2285,#2286,#2287,#2288,#2289,#2290,#2291,#2292,#2293,#2294,#2295,
#2296,#2297,#2298,#2299,#2300,#2301,#2302,#2303,#2304,#2305,#2306,#2307,
#2308,#2309,#2310,#2311,#2312,#2313,#2314,#2315,#2316,#2317,#2318,#2319,
#2320,#2321,#2322,#2323,#2324));
#2326=DERIVED_UNIT_ELEMENT(#2328,1.);
#2327=DERIVED_UNIT_ELEMENT(#4211,-3.);
#2328=(
MASS_UNIT()
NAMED_UNIT(*)
SI_UNIT(.KILO.,.GRAM.)
);
#2329=DERIVED_UNIT((#2326,#2327));
#2330=MEASURE_REPRESENTATION_ITEM('density measure',
POSITIVE_RATIO_MEASURE(7850.),#2329);
#2331=PROPERTY_DEFINITION_REPRESENTATION(#2336,#2333);
#2332=PROPERTY_DEFINITION_REPRESENTATION(#2337,#2334);
#2333=REPRESENTATION('material name',(#2335),#4208);
#2334=REPRESENTATION('density',(#2330),#4208);
#2335=DESCRIPTIVE_REPRESENTATION_ITEM('Stahl','Stahl');
#2336=PROPERTY_DEFINITION('material property','material name',#4218);
#2337=PROPERTY_DEFINITION('material property','density of part',#4218);
#2338=AXIS2_PLACEMENT_3D('',#3288,#2589,#2590);
#2339=AXIS2_PLACEMENT_3D('',#3289,#2591,#2592);
#2340=AXIS2_PLACEMENT_3D('',#3300,#2597,#2598);
#2341=AXIS2_PLACEMENT_3D('',#3303,#2600,#2601);
#2342=AXIS2_PLACEMENT_3D('',#3304,#2602,#2603);
#2343=AXIS2_PLACEMENT_3D('',#3314,#2609,#2610);
#2344=AXIS2_PLACEMENT_3D('',#3318,#2612,#2613);
#2345=AXIS2_PLACEMENT_3D('',#3321,#2615,#2616);
#2346=AXIS2_PLACEMENT_3D('',#3322,#2617,#2618);
#2347=AXIS2_PLACEMENT_3D('',#3325,#2619,#2620);
#2348=AXIS2_PLACEMENT_3D('',#3327,#2621,#2622);
#2349=AXIS2_PLACEMENT_3D('',#3328,#2623,#2624);
#2350=AXIS2_PLACEMENT_3D('',#3361,#2625,#2626);
#2351=AXIS2_PLACEMENT_3D('',#3363,#2627,#2628);
#2352=AXIS2_PLACEMENT_3D('',#3365,#2629,#2630);
#2353=AXIS2_PLACEMENT_3D('',#3366,#2631,#2632);
#2354=AXIS2_PLACEMENT_3D('',#3367,#2633,#2634);
#2355=AXIS2_PLACEMENT_3D('',#3370,#2635,#2636);
#2356=AXIS2_PLACEMENT_3D('',#3400,#2639,#2640);
#2357=AXIS2_PLACEMENT_3D('',#3402,#2641,#2642);
#2358=AXIS2_PLACEMENT_3D('',#3404,#2643,#2644);
#2359=AXIS2_PLACEMENT_3D('',#3405,#2645,#2646);
#2360=AXIS2_PLACEMENT_3D('',#3406,#2647,#2648);
#2361=AXIS2_PLACEMENT_3D('',#3409,#2649,#2650);
#2362=AXIS2_PLACEMENT_3D('',#3412,#2653,#2654);
#2363=AXIS2_PLACEMENT_3D('',#3415,#2655,#2656);
#2364=AXIS2_PLACEMENT_3D('',#3417,#2657,#2658);
#2365=AXIS2_PLACEMENT_3D('',#3419,#2659,#2660);
#2366=AXIS2_PLACEMENT_3D('',#3420,#2661,#2662);
#2367=AXIS2_PLACEMENT_3D('',#3421,#2663,#2664);
#2368=AXIS2_PLACEMENT_3D('',#3424,#2665,#2666);
#2369=AXIS2_PLACEMENT_3D('',#3426,#2667,#2668);
#2370=AXIS2_PLACEMENT_3D('',#3427,#2669,#2670);
#2371=AXIS2_PLACEMENT_3D('',#3428,#2671,#2672);
#2372=AXIS2_PLACEMENT_3D('',#3431,#2673,#2674);
#2373=AXIS2_PLACEMENT_3D('',#3434,#2677,#2678);
#2374=AXIS2_PLACEMENT_3D('',#3437,#2681,#2682);
#2375=AXIS2_PLACEMENT_3D('',#3440,#2685,#2686);
#2376=AXIS2_PLACEMENT_3D('',#3442,#2687,#2688);
#2377=AXIS2_PLACEMENT_3D('',#3445,#2691,#2692);
#2378=AXIS2_PLACEMENT_3D('',#3448,#2693,#2694);
#2379=AXIS2_PLACEMENT_3D('',#3451,#2697,#2698);
#2380=AXIS2_PLACEMENT_3D('',#3454,#2699,#2700);
#2381=AXIS2_PLACEMENT_3D('',#3457,#2703,#2704);
#2382=AXIS2_PLACEMENT_3D('',#3460,#2705,#2706);
#2383=AXIS2_PLACEMENT_3D('',#3461,#2707,#2708);
#2384=AXIS2_PLACEMENT_3D('',#3462,#2709,#2710);
#2385=AXIS2_PLACEMENT_3D('',#3463,#2711,#2712);
#2386=AXIS2_PLACEMENT_3D('',#3466,#2713,#2714);
#2387=AXIS2_PLACEMENT_3D('',#3469,#2717,#2718);
#2388=AXIS2_PLACEMENT_3D('',#3472,#2719,#2720);
#2389=AXIS2_PLACEMENT_3D('',#3473,#2721,#2722);
#2390=AXIS2_PLACEMENT_3D('',#3474,#2723,#2724);
#2391=AXIS2_PLACEMENT_3D('',#3475,#2725,#2726);
#2392=AXIS2_PLACEMENT_3D('',#3478,#2729,#2730);
#2393=AXIS2_PLACEMENT_3D('',#3481,#2733,#2734);
#2394=AXIS2_PLACEMENT_3D('',#3484,#2735,#2736);
#2395=AXIS2_PLACEMENT_3D('',#3487,#2739,#2740);
#2396=AXIS2_PLACEMENT_3D('',#3490,#2741,#2742);
#2397=AXIS2_PLACEMENT_3D('',#3492,#2743,#2744);
#2398=AXIS2_PLACEMENT_3D('',#3494,#2745,#2746);
#2399=AXIS2_PLACEMENT_3D('',#3495,#2747,#2748);
#2400=AXIS2_PLACEMENT_3D('',#3496,#2749,#2750);
#2401=AXIS2_PLACEMENT_3D('',#3498,#2751,#2752);
#2402=AXIS2_PLACEMENT_3D('',#3501,#2755,#2756);
#2403=AXIS2_PLACEMENT_3D('',#3504,#2759,#2760);
#2404=AXIS2_PLACEMENT_3D('',#3507,#2761,#2762);
#2405=AXIS2_PLACEMENT_3D('',#3510,#2765,#2766);
#2406=AXIS2_PLACEMENT_3D('',#3519,#2767,#2768);
#2407=AXIS2_PLACEMENT_3D('',#3521,#2770,#2771);
#2408=AXIS2_PLACEMENT_3D('',#3524,#2772,#2773);
#2409=AXIS2_PLACEMENT_3D('',#3528,#2775,#2776);
#2410=AXIS2_PLACEMENT_3D('',#3530,#2778,#2779);
#2411=AXIS2_PLACEMENT_3D('',#3540,#2781,#2782);
#2412=AXIS2_PLACEMENT_3D('',#3541,#2783,#2784);
#2413=AXIS2_PLACEMENT_3D('',#3542,#2785,#2786);
#2414=AXIS2_PLACEMENT_3D('',#3543,#2787,#2788);
#2415=AXIS2_PLACEMENT_3D('',#3544,#2789,#2790);
#2416=AXIS2_PLACEMENT_3D('',#3553,#2791,#2792);
#2417=AXIS2_PLACEMENT_3D('',#3555,#2794,#2795);
#2418=AXIS2_PLACEMENT_3D('',#3565,#2797,#2798);
#2419=AXIS2_PLACEMENT_3D('',#3566,#2799,#2800);
#2420=AXIS2_PLACEMENT_3D('',#3567,#2801,#2802);
#2421=AXIS2_PLACEMENT_3D('',#3568,#2803,#2804);
#2422=AXIS2_PLACEMENT_3D('',#3569,#2805,#2806);
#2423=AXIS2_PLACEMENT_3D('',#3570,#2807,#2808);
#2424=AXIS2_PLACEMENT_3D('',#3571,#2809,#2810);
#2425=AXIS2_PLACEMENT_3D('',#3572,#2811,#2812);
#2426=AXIS2_PLACEMENT_3D('',#3573,#2813,#2814);
#2427=AXIS2_PLACEMENT_3D('',#3576,#2816,#2817);
#2428=AXIS2_PLACEMENT_3D('',#3578,#2819,#2820);
#2429=AXIS2_PLACEMENT_3D('',#3579,#2821,#2822);
#2430=AXIS2_PLACEMENT_3D('',#3581,#2823,#2824);
#2431=AXIS2_PLACEMENT_3D('',#3606,#2825,#2826);
#2432=AXIS2_PLACEMENT_3D('',#3607,#2827,#2828);
#2433=AXIS2_PLACEMENT_3D('',#3608,#2829,#2830);
#2434=AXIS2_PLACEMENT_3D('',#3610,#2831,#2832);
#2435=AXIS2_PLACEMENT_3D('',#3613,#2834,#2835);
#2436=AXIS2_PLACEMENT_3D('',#3614,#2836,#2837);
#2437=AXIS2_PLACEMENT_3D('',#3615,#2838,#2839);
#2438=AXIS2_PLACEMENT_3D('',#3616,#2840,#2841);
#2439=AXIS2_PLACEMENT_3D('',#3618,#2842,#2843);
#2440=AXIS2_PLACEMENT_3D('',#3620,#2844,#2845);
#2441=AXIS2_PLACEMENT_3D('',#3622,#2847,#2848);
#2442=AXIS2_PLACEMENT_3D('',#3624,#2849,#2850);
#2443=AXIS2_PLACEMENT_3D('',#3625,#2851,#2852);
#2444=AXIS2_PLACEMENT_3D('',#3626,#2853,#2854);
#2445=AXIS2_PLACEMENT_3D('',#3627,#2855,#2856);
#2446=AXIS2_PLACEMENT_3D('',#3631,#2858,#2859);
#2447=AXIS2_PLACEMENT_3D('',#3633,#2861,#2862);
#2448=AXIS2_PLACEMENT_3D('',#3643,#2868,#2869);
#2449=AXIS2_PLACEMENT_3D('',#3646,#2871,#2872);
#2450=AXIS2_PLACEMENT_3D('',#3647,#2873,#2874);
#2451=AXIS2_PLACEMENT_3D('',#3651,#2877,#2878);
#2452=AXIS2_PLACEMENT_3D('',#3652,#2879,#2880);
#2453=AXIS2_PLACEMENT_3D('',#3653,#2881,#2882);
#2454=AXIS2_PLACEMENT_3D('',#3655,#2883,#2884);
#2455=AXIS2_PLACEMENT_3D('',#3657,#2886,#2887);
#2456=AXIS2_PLACEMENT_3D('',#3658,#2888,#2889);
#2457=AXIS2_PLACEMENT_3D('',#3681,#2890,#2891);
#2458=AXIS2_PLACEMENT_3D('',#3684,#2894,#2895);
#2459=AXIS2_PLACEMENT_3D('',#3685,#2896,#2897);
#2460=AXIS2_PLACEMENT_3D('',#3690,#2900,#2901);
#2461=AXIS2_PLACEMENT_3D('',#3691,#2902,#2903);
#2462=AXIS2_PLACEMENT_3D('',#3692,#2904,#2905);
#2463=AXIS2_PLACEMENT_3D('',#3698,#2906,#2907);
#2464=AXIS2_PLACEMENT_3D('',#3702,#2908,#2909);
#2465=AXIS2_PLACEMENT_3D('',#3712,#2915,#2916);
#2466=AXIS2_PLACEMENT_3D('',#3732,#2927,#2928);
#2467=AXIS2_PLACEMENT_3D('',#3738,#2932,#2933);
#2468=AXIS2_PLACEMENT_3D('',#3742,#2936,#2937);
#2469=AXIS2_PLACEMENT_3D('',#3764,#2948,#2949);
#2470=AXIS2_PLACEMENT_3D('',#3767,#2951,#2952);
#2471=AXIS2_PLACEMENT_3D('',#3769,#2953,#2954);
#2472=AXIS2_PLACEMENT_3D('',#3780,#2960,#2961);
#2473=AXIS2_PLACEMENT_3D('',#3783,#2963,#2964);
#2474=AXIS2_PLACEMENT_3D('',#3785,#2965,#2966);
#2475=AXIS2_PLACEMENT_3D('',#3787,#2967,#2968);
#2476=AXIS2_PLACEMENT_3D('',#3789,#2969,#2970);
#2477=AXIS2_PLACEMENT_3D('',#3791,#2971,#2972);
#2478=AXIS2_PLACEMENT_3D('',#3792,#2973,#2974);
#2479=AXIS2_PLACEMENT_3D('',#3801,#2980,#2981);
#2480=AXIS2_PLACEMENT_3D('',#3803,#2983,#2984);
#2481=AXIS2_PLACEMENT_3D('',#3804,#2985,#2986);
#2482=AXIS2_PLACEMENT_3D('',#3810,#2990,#2991);
#2483=AXIS2_PLACEMENT_3D('',#3815,#2995,#2996);
#2484=AXIS2_PLACEMENT_3D('',#3818,#2998,#2999);
#2485=AXIS2_PLACEMENT_3D('',#3819,#3000,#3001);
#2486=AXIS2_PLACEMENT_3D('',#3821,#3003,#3004);
#2487=AXIS2_PLACEMENT_3D('',#3824,#3006,#3007);
#2488=AXIS2_PLACEMENT_3D('',#3825,#3008,#3009);
#2489=AXIS2_PLACEMENT_3D('',#3827,#3011,#3012);
#2490=AXIS2_PLACEMENT_3D('',#3829,#3014,#3015);
#2491=AXIS2_PLACEMENT_3D('',#3830,#3016,#3017);
#2492=AXIS2_PLACEMENT_3D('',#3832,#3018,#3019);
#2493=AXIS2_PLACEMENT_3D('',#3850,#3023,#3024);
#2494=AXIS2_PLACEMENT_3D('',#3852,#3025,#3026);
#2495=AXIS2_PLACEMENT_3D('',#3859,#3031,#3032);
#2496=AXIS2_PLACEMENT_3D('',#3865,#3036,#3037);
#2497=AXIS2_PLACEMENT_3D('',#3866,#3038,#3039);
#2498=AXIS2_PLACEMENT_3D('',#3869,#3041,#3042);
#2499=AXIS2_PLACEMENT_3D('',#3870,#3043,#3044);
#2500=AXIS2_PLACEMENT_3D('',#3874,#3047,#3048);
#2501=AXIS2_PLACEMENT_3D('',#3877,#3050,#3051);
#2502=AXIS2_PLACEMENT_3D('',#3878,#3052,#3053);
#2503=AXIS2_PLACEMENT_3D('',#3885,#3057,#3058);
#2504=AXIS2_PLACEMENT_3D('',#3889,#3061,#3062);
#2505=AXIS2_PLACEMENT_3D('',#3897,#3067,#3068);
#2506=AXIS2_PLACEMENT_3D('',#3898,#3069,#3070);
#2507=AXIS2_PLACEMENT_3D('',#3901,#3071,#3072);
#2508=AXIS2_PLACEMENT_3D('',#3903,#3073,#3074);
#2509=AXIS2_PLACEMENT_3D('',#3907,#3076,#3077);
#2510=AXIS2_PLACEMENT_3D('',#3916,#3078,#3079);
#2511=AXIS2_PLACEMENT_3D('',#3924,#3080,#3081);
#2512=AXIS2_PLACEMENT_3D('',#3925,#3082,#3083);
#2513=AXIS2_PLACEMENT_3D('',#3926,#3084,#3085);
#2514=AXIS2_PLACEMENT_3D('',#3930,#3087,#3088);
#2515=AXIS2_PLACEMENT_3D('',#3952,#3090,#3091);
#2516=AXIS2_PLACEMENT_3D('',#3953,#3092,#3093);
#2517=AXIS2_PLACEMENT_3D('',#3954,#3094,#3095);
#2518=AXIS2_PLACEMENT_3D('',#3964,#3097,#3098);
#2519=AXIS2_PLACEMENT_3D('',#3965,#3099,#3100);
#2520=AXIS2_PLACEMENT_3D('',#3971,#3103,#3104);
#2521=AXIS2_PLACEMENT_3D('',#3975,#3106,#3107);
#2522=AXIS2_PLACEMENT_3D('',#3976,#3108,#3109);
#2523=AXIS2_PLACEMENT_3D('',#3985,#3114,#3115);
#2524=AXIS2_PLACEMENT_3D('',#3988,#3117,#3118);
#2525=AXIS2_PLACEMENT_3D('',#4009,#3119,#3120);
#2526=AXIS2_PLACEMENT_3D('',#4010,#3121,#3122);
#2527=AXIS2_PLACEMENT_3D('',#4011,#3123,#3124);
#2528=AXIS2_PLACEMENT_3D('',#4013,#3125,#3126);
#2529=AXIS2_PLACEMENT_3D('',#4020,#3127,#3128);
#2530=AXIS2_PLACEMENT_3D('',#4023,#3130,#3131);
#2531=AXIS2_PLACEMENT_3D('',#4024,#3132,#3133);
#2532=AXIS2_PLACEMENT_3D('',#4028,#3136,#3137);
#2533=AXIS2_PLACEMENT_3D('',#4029,#3138,#3139);
#2534=AXIS2_PLACEMENT_3D('',#4030,#3140,#3141);
#2535=AXIS2_PLACEMENT_3D('',#4031,#3142,#3143);
#2536=AXIS2_PLACEMENT_3D('',#4032,#3144,#3145);
#2537=AXIS2_PLACEMENT_3D('',#4033,#3146,#3147);
#2538=AXIS2_PLACEMENT_3D('',#4034,#3148,#3149);
#2539=AXIS2_PLACEMENT_3D('',#4035,#3150,#3151);
#2540=AXIS2_PLACEMENT_3D('',#4037,#3152,#3153);
#2541=AXIS2_PLACEMENT_3D('',#4038,#3154,#3155);
#2542=AXIS2_PLACEMENT_3D('',#4040,#3156,#3157);
#2543=AXIS2_PLACEMENT_3D('',#4041,#3158,#3159);
#2544=AXIS2_PLACEMENT_3D('',#4043,#3160,#3161);
#2545=AXIS2_PLACEMENT_3D('',#4045,#3163,#3164);
#2546=AXIS2_PLACEMENT_3D('',#4047,#3166,#3167);
#2547=AXIS2_PLACEMENT_3D('',#4049,#3169,#3170);
#2548=AXIS2_PLACEMENT_3D('',#4051,#3172,#3173);
#2549=AXIS2_PLACEMENT_3D('',#4053,#3175,#3176);
#2550=AXIS2_PLACEMENT_3D('',#4056,#3178,#3179);
#2551=AXIS2_PLACEMENT_3D('',#4057,#3180,#3181);
#2552=AXIS2_PLACEMENT_3D('',#4085,#3184,#3185);
#2553=AXIS2_PLACEMENT_3D('',#4088,#3187,#3188);
#2554=AXIS2_PLACEMENT_3D('',#4090,#3190,#3191);
#2555=AXIS2_PLACEMENT_3D('',#4116,#3192,#3193);
#2556=AXIS2_PLACEMENT_3D('',#4117,#3194,#3195);
#2557=AXIS2_PLACEMENT_3D('',#4118,#3196,#3197);
#2558=AXIS2_PLACEMENT_3D('',#4119,#3198,#3199);
#2559=AXIS2_PLACEMENT_3D('',#4124,#3203,#3204);
#2560=AXIS2_PLACEMENT_3D('',#4126,#3205,#3206);
#2561=AXIS2_PLACEMENT_3D('',#4127,#3207,#3208);
#2562=AXIS2_PLACEMENT_3D('',#4128,#3209,#3210);
#2563=AXIS2_PLACEMENT_3D('',#4130,#3211,#3212);
#2564=AXIS2_PLACEMENT_3D('',#4143,#3213,#3214);
#2565=AXIS2_PLACEMENT_3D('',#4144,#3215,#3216);
#2566=AXIS2_PLACEMENT_3D('',#4145,#3217,#3218);
#2567=AXIS2_PLACEMENT_3D('',#4151,#3222,#3223);
#2568=AXIS2_PLACEMENT_3D('',#4155,#3226,#3227);
#2569=AXIS2_PLACEMENT_3D('',#4159,#3230,#3231);
#2570=AXIS2_PLACEMENT_3D('',#4161,#3233,#3234);
#2571=AXIS2_PLACEMENT_3D('',#4173,#3241,#3242);
#2572=AXIS2_PLACEMENT_3D('',#4175,#3243,#3244);
#2573=AXIS2_PLACEMENT_3D('',#4177,#3246,#3247);
#2574=AXIS2_PLACEMENT_3D('',#4179,#3248,#3249);
#2575=AXIS2_PLACEMENT_3D('',#4181,#3251,#3252);
#2576=AXIS2_PLACEMENT_3D('',#4183,#3253,#3254);
#2577=AXIS2_PLACEMENT_3D('',#4184,#3255,#3256);
#2578=AXIS2_PLACEMENT_3D('',#4186,#3257,#3258);
#2579=AXIS2_PLACEMENT_3D('',#4187,#3259,#3260);
#2580=AXIS2_PLACEMENT_3D('',#4189,#3262,#3263);
#2581=AXIS2_PLACEMENT_3D('',#4191,#3265,#3266);
#2582=AXIS2_PLACEMENT_3D('',#4193,#3268,#3269);
#2583=AXIS2_PLACEMENT_3D('',#4195,#3271,#3272);
#2584=AXIS2_PLACEMENT_3D('',#4197,#3274,#3275);
#2585=AXIS2_PLACEMENT_3D('',#4199,#3277,#3278);
#2586=AXIS2_PLACEMENT_3D('',#4201,#3280,#3281);
#2587=AXIS2_PLACEMENT_3D('',#4203,#3283,#3284);
#2588=AXIS2_PLACEMENT_3D('',#4205,#3286,#3287);
#2589=DIRECTION('axis',(0.,0.,1.));
#2590=DIRECTION('refdir',(1.,0.,0.));
#2591=DIRECTION('center_axis',(0.,0.,-1.));
#2592=DIRECTION('ref_axis',(1.,0.,0.));
#2593=DIRECTION('',(-0.707106781186546,-0.707106781186549,0.));
#2594=DIRECTION('',(1.,0.,0.));
#2595=DIRECTION('',(-0.707106781186546,0.707106781186549,0.));
#2596=DIRECTION('',(0.,-1.,0.));
#2597=DIRECTION('center_axis',(0.,0.,-1.));
#2598=DIRECTION('ref_axis',(1.,0.,0.));
#2599=DIRECTION('',(0.,-1.,0.));
#2600=DIRECTION('center_axis',(0.,0.,-1.));
#2601=DIRECTION('ref_axis',(1.,0.,0.));
#2602=DIRECTION('center_axis',(-0.707106781186549,-0.707106781186546,0.));
#2603=DIRECTION('ref_axis',(0.,0.,1.));
#2604=DIRECTION('',(-0.577350269189612,0.577350269189615,-0.577350269189651));
#2605=DIRECTION('',(0.,0.,1.));
#2606=DIRECTION('',(0.707106781186546,-0.707106781186549,0.));
#2607=DIRECTION('',(-0.577350269189625,0.577350269189628,0.577350269189625));
#2608=DIRECTION('',(0.,0.,1.));
#2609=DIRECTION('center_axis',(0.,-0.70710678118657,-0.707106781186526));
#2610=DIRECTION('ref_axis',(-1.,0.,0.));
#2611=DIRECTION('',(-0.577350269189612,-0.577350269189615,0.577350269189651));
#2612=DIRECTION('center_axis',(0.,0.70710678118657,0.707106781186526));
#2613=DIRECTION('ref_axis',(7.85046229341863E-17,0.707106781186526,-0.70710678118657));
#2614=DIRECTION('',(-1.,0.,0.));
#2615=DIRECTION('center_axis',(0.,0.70710678118657,0.707106781186526));
#2616=DIRECTION('ref_axis',(-7.85046229341863E-17,0.707106781186526,-0.70710678118657));
#2617=DIRECTION('center_axis',(-0.170112439679115,-0.941663177664661,0.290400099340398));
#2618=DIRECTION('ref_axis',(0.47596314947797,-0.336556770590778,-0.812519920068744));
#2619=DIRECTION('center_axis',(-1.,0.,0.));
#2620=DIRECTION('ref_axis',(0.,-0.707106781186547,-0.707106781186548));
#2621=DIRECTION('center_axis',(0.,-0.707106781186548,0.707106781186548));
#2622=DIRECTION('ref_axis',(1.,0.,0.));
#2623=DIRECTION('center_axis',(0.,1.,0.));
#2624=DIRECTION('ref_axis',(0.,0.,-1.));
#2625=DIRECTION('center_axis',(-1.40433338743068E-15,-0.316227766016839,
-0.948683298050514));
#2626=DIRECTION('ref_axis',(0.,-0.948683298050514,0.316227766016838));
#2627=DIRECTION('center_axis',(-1.,0.,0.));
#2628=DIRECTION('ref_axis',(0.,0.,1.));
#2629=DIRECTION('center_axis',(0.,0.,1.));
#2630=DIRECTION('ref_axis',(-6.54205191118239E-17,-1.,0.));
#2631=DIRECTION('center_axis',(0.,1.,0.));
#2632=DIRECTION('ref_axis',(-1.,0.,0.));
#2633=DIRECTION('center_axis',(-1.,0.,0.));
#2634=DIRECTION('ref_axis',(0.,0.382683432365089,0.923879532511287));
#2635=DIRECTION('center_axis',(1.,0.,0.));
#2636=DIRECTION('ref_axis',(0.,0.707106781186547,0.707106781186548));
#2637=DIRECTION('',(1.,0.,0.));
#2638=DIRECTION('',(-1.,0.,0.));
#2639=DIRECTION('center_axis',(0.,0.,1.));
#2640=DIRECTION('ref_axis',(0.,-1.,0.));
#2641=DIRECTION('center_axis',(1.,0.,0.));
#2642=DIRECTION('ref_axis',(0.,0.707106781186547,0.707106781186547));
#2643=DIRECTION('center_axis',(0.,-0.316227766016837,-0.948683298050514));
#2644=DIRECTION('ref_axis',(0.,-0.948683298050514,0.316227766016837));
#2645=DIRECTION('center_axis',(0.,1.,0.));
#2646=DIRECTION('ref_axis',(0.,0.,1.));
#2647=DIRECTION('center_axis',(-1.,0.,0.));
#2648=DIRECTION('ref_axis',(0.,0.382683432365089,0.923879532511287));
#2649=DIRECTION('center_axis',(-1.,0.,0.));
#2650=DIRECTION('ref_axis',(0.,0.,1.));
#2651=DIRECTION('',(-1.,0.,0.));
#2652=DIRECTION('',(1.,0.,0.));
#2653=DIRECTION('center_axis',(-1.,0.,0.));
#2654=DIRECTION('ref_axis',(0.,0.,1.));
#2655=DIRECTION('center_axis',(0.,1.,0.));
#2656=DIRECTION('ref_axis',(0.,0.,1.));
#2657=DIRECTION('center_axis',(-1.,-1.1842378929335E-14,1.1842378929335E-14));
#2658=DIRECTION('ref_axis',(0.,-0.707106781186548,-0.707106781186547));
#2659=DIRECTION('center_axis',(0.,-0.707106781186548,0.707106781186548));
#2660=DIRECTION('ref_axis',(1.,0.,0.));
#2661=DIRECTION('center_axis',(1.,0.,0.));
#2662=DIRECTION('ref_axis',(0.,-0.382683432365089,-0.923879532511287));
#2663=DIRECTION('center_axis',(0.170112439679106,-0.941663177664663,0.290400099340395));
#2664=DIRECTION('ref_axis',(-0.47596314947797,-0.336556770590774,-0.812519920068745));
#2665=DIRECTION('center_axis',(1.,0.,0.));
#2666=DIRECTION('ref_axis',(0.,0.,-1.));
#2667=DIRECTION('center_axis',(0.,1.,5.9211894646675E-15));
#2668=DIRECTION('ref_axis',(-1.,0.,0.));
#2669=DIRECTION('center_axis',(7.32709814052426E-15,-0.707106781186546,
0.707106781186549));
#2670=DIRECTION('ref_axis',(0.,-0.707106781186549,-0.707106781186546));
#2671=DIRECTION('center_axis',(0.,1.,-4.85254071145983E-16));
#2672=DIRECTION('ref_axis',(-0.707106781186543,0.,-0.707106781186552));
#2673=DIRECTION('center_axis',(0.,1.,0.));
#2674=DIRECTION('ref_axis',(0.,0.,-1.));
#2675=DIRECTION('',(0.,-1.,4.85254071145983E-16));
#2676=DIRECTION('',(0.,1.,-4.85254071145983E-16));
#2677=DIRECTION('center_axis',(0.,-0.707106781186547,0.707106781186548));
#2678=DIRECTION('ref_axis',(-0.707106781186546,-0.500000000000002,-0.5));
#2679=DIRECTION('',(0.,0.707106781186547,-0.707106781186548));
#2680=DIRECTION('',(0.,-0.707106781186547,0.707106781186548));
#2681=DIRECTION('center_axis',(-1.,0.,0.));
#2682=DIRECTION('ref_axis',(0.,-0.38268343236509,-0.923879532511287));
#2683=DIRECTION('',(1.,0.,0.));
#2684=DIRECTION('',(-1.,0.,0.));
#2685=DIRECTION('center_axis',(0.,-0.707106781186547,0.707106781186548));
#2686=DIRECTION('ref_axis',(0.707106781186545,0.500000000000002,0.500000000000002));
#2687=DIRECTION('center_axis',(0.,0.707106781186548,-0.707106781186548));
#2688=DIRECTION('ref_axis',(0.,0.707106781186547,0.707106781186547));
#2689=DIRECTION('',(0.,0.707106781186547,-0.707106781186548));
#2690=DIRECTION('',(0.,-0.707106781186547,0.707106781186548));
#2691=DIRECTION('center_axis',(0.,1.,-4.85254071145983E-16));
#2692=DIRECTION('ref_axis',(0.707106781186552,0.,0.707106781186543));
#2693=DIRECTION('center_axis',(0.,-1.,0.));
#2694=DIRECTION('ref_axis',(1.,0.,0.));
#2695=DIRECTION('',(0.,-1.,4.85254071145983E-16));
#2696=DIRECTION('',(0.,1.,-4.85254071145983E-16));
#2697=DIRECTION('center_axis',(0.,1.,0.));
#2698=DIRECTION('ref_axis',(0.707106781186543,0.,0.707106781186552));
#2699=DIRECTION('center_axis',(0.,-1.,0.));
#2700=DIRECTION('ref_axis',(1.,0.,0.));
#2701=DIRECTION('',(0.,-1.,0.));
#2702=DIRECTION('',(0.,1.,0.));
#2703=DIRECTION('center_axis',(0.,0.,-1.));
#2704=DIRECTION('ref_axis',(-1.,0.,0.));
#2705=DIRECTION('center_axis',(1.,0.,0.));
#2706=DIRECTION('ref_axis',(0.,1.,0.));
#2707=DIRECTION('center_axis',(0.,0.,-1.));
#2708=DIRECTION('ref_axis',(0.707106781186546,0.707106781186549,0.));
#2709=DIRECTION('center_axis',(0.,0.,1.));
#2710=DIRECTION('ref_axis',(0.707106781186546,0.707106781186549,0.));
#2711=DIRECTION('center_axis',(1.,0.,0.));
#2712=DIRECTION('ref_axis',(0.,0.707106781186545,0.70710678118655));
#2713=DIRECTION('center_axis',(1.,0.,0.));
#2714=DIRECTION('ref_axis',(0.,1.,0.));
#2715=DIRECTION('',(1.,0.,0.));
#2716=DIRECTION('',(-1.,0.,0.));
#2717=DIRECTION('center_axis',(0.,0.,-1.));
#2718=DIRECTION('ref_axis',(-1.,0.,0.));
#2719=DIRECTION('center_axis',(0.,1.,0.));
#2720=DIRECTION('ref_axis',(-1.,0.,0.));
#2721=DIRECTION('center_axis',(0.,0.,-1.));
#2722=DIRECTION('ref_axis',(-0.707106781186548,0.707106781186548,0.));
#2723=DIRECTION('center_axis',(0.,0.,1.));
#2724=DIRECTION('ref_axis',(-0.707106781186548,0.707106781186548,0.));
#2725=DIRECTION('center_axis',(0.,-1.,0.));
#2726=DIRECTION('ref_axis',(-0.707106781186548,0.,0.707106781186548));
#2727=DIRECTION('',(0.,1.,0.));
#2728=DIRECTION('',(0.,-1.,0.));
#2729=DIRECTION('center_axis',(0.,-0.707106781186547,0.707106781186548));
#2730=DIRECTION('ref_axis',(0.707106781186549,-0.499999999999999,-0.499999999999999));
#2731=DIRECTION('',(0.,0.707106781186547,-0.707106781186548));
#2732=DIRECTION('',(0.,-0.707106781186547,0.707106781186548));
#2733=DIRECTION('center_axis',(0.,-1.,4.85254071145983E-16));
#2734=DIRECTION('ref_axis',(0.707106781186548,0.,-0.707106781186548));
#2735=DIRECTION('center_axis',(0.,1.,0.));
#2736=DIRECTION('ref_axis',(1.,0.,0.));
#2737=DIRECTION('',(0.,-1.,4.85254071145983E-16));
#2738=DIRECTION('',(0.,1.,-4.85254071145983E-16));
#2739=DIRECTION('center_axis',(-1.,0.,0.));
#2740=DIRECTION('ref_axis',(0.,0.,1.));
#2741=DIRECTION('center_axis',(-1.,0.,0.));
#2742=DIRECTION('ref_axis',(0.,-0.38268343236509,-0.923879532511287));
#2743=DIRECTION('center_axis',(0.,-0.707106781186548,0.707106781186548));
#2744=DIRECTION('ref_axis',(0.,0.707106781186547,0.707106781186547));
#2745=DIRECTION('center_axis',(1.,0.,0.));
#2746=DIRECTION('ref_axis',(0.,0.,-1.));
#2747=DIRECTION('center_axis',(0.,1.,0.));
#2748=DIRECTION('ref_axis',(-1.,0.,0.));
#2749=DIRECTION('center_axis',(0.,0.707106781186547,-0.707106781186548));
#2750=DIRECTION('ref_axis',(-0.707106781186545,0.500000000000002,0.500000000000002));
#2751=DIRECTION('center_axis',(-1.04672830578919E-15,0.707106781186548,
-0.707106781186548));
#2752=DIRECTION('ref_axis',(-1.,0.,1.48029736616688E-15));
#2753=DIRECTION('',(0.,0.707106781186547,-0.707106781186548));
#2754=DIRECTION('',(0.,-0.707106781186547,0.707106781186548));
#2755=DIRECTION('center_axis',(1.,0.,0.));
#2756=DIRECTION('ref_axis',(0.,-0.382683432365089,-0.923879532511287));
#2757=DIRECTION('',(-1.,0.,0.));
#2758=DIRECTION('',(1.,0.,0.));
#2759=DIRECTION('center_axis',(0.,1.,-4.85254071145983E-16));
#2760=DIRECTION('ref_axis',(-0.707106781186543,0.,0.707106781186552));
#2761=DIRECTION('center_axis',(0.,-1.,0.));
#2762=DIRECTION('ref_axis',(0.,0.,1.));
#2763=DIRECTION('',(0.,-1.,4.85254071145983E-16));
#2764=DIRECTION('',(0.,1.,-4.85254071145983E-16));
#2765=DIRECTION('center_axis',(0.,1.,-4.85254071145983E-16));
#2766=DIRECTION('ref_axis',(-0.707106781186543,0.,0.707106781186552));
#2767=DIRECTION('center_axis',(0.,-1.,0.));
#2768=DIRECTION('ref_axis',(0.,0.,1.));
#2769=DIRECTION('',(0.,-1.,4.85254071145983E-16));
#2770=DIRECTION('center_axis',(-1.,0.,0.));
#2771=DIRECTION('ref_axis',(0.,0.707106781186547,0.707106781186548));
#2772=DIRECTION('center_axis',(-1.,0.,0.));
#2773=DIRECTION('ref_axis',(0.,0.,1.));
#2774=DIRECTION('',(-1.,0.,0.));
#2775=DIRECTION('center_axis',(1.,0.,0.));
#2776=DIRECTION('ref_axis',(0.,1.,0.));
#2777=DIRECTION('',(1.,0.,0.));
#2778=DIRECTION('center_axis',(1.,0.,0.));
#2779=DIRECTION('ref_axis',(0.,0.707106781186547,0.707106781186548));
#2780=DIRECTION('',(-1.,0.,0.));
#2781=DIRECTION('center_axis',(1.,0.,0.));
#2782=DIRECTION('ref_axis',(0.,1.,0.));
#2783=DIRECTION('center_axis',(0.,-4.85254071145983E-16,-1.));
#2784=DIRECTION('ref_axis',(-1.,0.,0.));
#2785=DIRECTION('center_axis',(0.,0.,-1.));
#2786=DIRECTION('ref_axis',(1.,0.,0.));
#2787=DIRECTION('center_axis',(0.,4.85254071145983E-16,1.));
#2788=DIRECTION('ref_axis',(-0.707106781186548,0.707106781186547,-3.46944695195361E-16));
#2789=DIRECTION('center_axis',(1.,0.,0.));
#2790=DIRECTION('ref_axis',(0.,0.707106781186547,0.707106781186548));
#2791=DIRECTION('center_axis',(-1.,0.,0.));
#2792=DIRECTION('ref_axis',(0.,0.,1.));
#2793=DIRECTION('',(-1.,0.,0.));
#2794=DIRECTION('center_axis',(0.,-1.,4.85254071145983E-16));
#2795=DIRECTION('ref_axis',(0.707106781186543,0.,0.707106781186552));
#2796=DIRECTION('',(0.,1.,-4.85254071145983E-16));
#2797=DIRECTION('center_axis',(0.,-1.,0.));
#2798=DIRECTION('ref_axis',(1.,0.,0.));
#2799=DIRECTION('center_axis',(0.,4.85254071145983E-16,1.));
#2800=DIRECTION('ref_axis',(1.,0.,0.));
#2801=DIRECTION('center_axis',(0.,0.,-1.));
#2802=DIRECTION('ref_axis',(1.,0.,0.));
#2803=DIRECTION('center_axis',(0.,4.85254071145983E-16,1.));
#2804=DIRECTION('ref_axis',(0.707106781186547,0.707106781186548,-3.46944695195362E-16));
#2805=DIRECTION('center_axis',(0.170112439679116,-0.94166317766466,0.290400099340399));
#2806=DIRECTION('ref_axis',(0.475963149477972,0.336556770590775,0.812519920068744));
#2807=DIRECTION('center_axis',(0.,1.,0.));
#2808=DIRECTION('ref_axis',(0.707106781186549,0.,0.707106781186546));
#2809=DIRECTION('center_axis',(-0.170112439679116,-0.94166317766466,0.2904000993404));
#2810=DIRECTION('ref_axis',(-0.475963149477971,0.336556770590779,0.812519920068743));
#2811=DIRECTION('center_axis',(0.,1.,0.));
#2812=DIRECTION('ref_axis',(-0.707106781186547,0.,0.707106781186548));
#2813=DIRECTION('center_axis',(0.,0.,-1.));
#2814=DIRECTION('ref_axis',(0.707106781186546,0.707106781186549,0.));
#2815=DIRECTION('',(0.,0.,-1.));
#2816=DIRECTION('center_axis',(0.,-4.85254071145983E-16,-1.));
#2817=DIRECTION('ref_axis',(0.,-1.,4.85254071145983E-16));
#2818=DIRECTION('',(0.,0.,1.));
#2819=DIRECTION('center_axis',(-1.,0.,0.));
#2820=DIRECTION('ref_axis',(0.,0.,1.));
#2821=DIRECTION('center_axis',(0.,-4.85254071145983E-16,-1.));
#2822=DIRECTION('ref_axis',(0.,-1.,5.07530525542929E-16));
#2823=DIRECTION('center_axis',(0.,4.85254071145983E-16,1.));
#2824=DIRECTION('ref_axis',(0.,-1.,5.04646829375071E-16));
#2825=DIRECTION('center_axis',(0.,4.85254071145983E-16,1.));
#2826=DIRECTION('ref_axis',(0.,-1.,5.04646829375071E-16));
#2827=DIRECTION('center_axis',(1.,0.,0.));
#2828=DIRECTION('ref_axis',(0.,-1.,0.));
#2829=DIRECTION('center_axis',(0.,0.,-1.));
#2830=DIRECTION('ref_axis',(1.,0.,0.));
#2831=DIRECTION('center_axis',(0.,-4.85254071145983E-16,-1.));
#2832=DIRECTION('ref_axis',(1.,0.,0.));
#2833=DIRECTION('',(0.,0.,-1.));
#2834=DIRECTION('center_axis',(0.,0.,-1.));
#2835=DIRECTION('ref_axis',(1.,0.,0.));
#2836=DIRECTION('center_axis',(0.,-4.85254071145983E-16,-1.));
#2837=DIRECTION('ref_axis',(1.,0.,0.));
#2838=DIRECTION('center_axis',(0.,-4.85254071145983E-16,-1.));
#2839=DIRECTION('ref_axis',(1.,0.,0.));
#2840=DIRECTION('center_axis',(0.,-4.85254071145983E-16,-1.));
#2841=DIRECTION('ref_axis',(0.,-1.,4.85254071145983E-16));
#2842=DIRECTION('center_axis',(0.,-4.85254071145983E-16,-1.));
#2843=DIRECTION('ref_axis',(1.,0.,0.));
#2844=DIRECTION('center_axis',(0.,4.85254071145983E-16,1.));
#2845=DIRECTION('ref_axis',(0.,-1.,5.04646829375071E-16));
#2846=DIRECTION('',(-1.,0.,0.));
#2847=DIRECTION('center_axis',(0.,-4.85254071145983E-16,-1.));
#2848=DIRECTION('ref_axis',(0.,-1.,4.85254071145983E-16));
#2849=DIRECTION('center_axis',(0.,4.85254071145983E-16,1.));
#2850=DIRECTION('ref_axis',(0.,-1.,5.04646829375071E-16));
#2851=DIRECTION('center_axis',(0.,-4.85254071145983E-16,-1.));
#2852=DIRECTION('ref_axis',(1.,0.,0.));
#2853=DIRECTION('center_axis',(0.,-4.85254071145983E-16,-1.));
#2854=DIRECTION('ref_axis',(0.,-1.,4.85254071145983E-16));
#2855=DIRECTION('center_axis',(0.,-1.,0.));
#2856=DIRECTION('ref_axis',(-0.707106781186548,0.,0.707106781186548));
#2857=DIRECTION('',(0.,-1.,0.));
#2858=DIRECTION('center_axis',(0.,-1.,0.));
#2859=DIRECTION('ref_axis',(-0.707106781186547,0.,0.707106781186548));
#2860=DIRECTION('',(0.,1.,0.));
#2861=DIRECTION('center_axis',(-1.,0.,0.));
#2862=DIRECTION('ref_axis',(0.,-0.707106781186547,-0.707106781186548));
#2863=DIRECTION('',(0.,0.,1.));
#2864=DIRECTION('',(0.,-1.,0.));
#2865=DIRECTION('',(0.,0.,-1.));
#2866=DIRECTION('',(0.,-1.,0.));
#2867=DIRECTION('',(0.,-0.707106781186548,-0.707106781186547));
#2868=DIRECTION('center_axis',(0.,0.,1.));
#2869=DIRECTION('ref_axis',(-0.707106781186548,0.707106781186548,0.));
#2870=DIRECTION('',(0.,0.,-1.));
#2871=DIRECTION('center_axis',(0.,0.,1.));
#2872=DIRECTION('ref_axis',(-0.707106781186548,0.707106781186548,0.));
#2873=DIRECTION('center_axis',(0.,1.,0.));
#2874=DIRECTION('ref_axis',(-1.,0.,0.));
#2875=DIRECTION('',(0.,0.,1.));
#2876=DIRECTION('',(-1.,0.,0.));
#2877=DIRECTION('center_axis',(0.,-0.707106781186548,-0.707106781186547));
#2878=DIRECTION('ref_axis',(0.,-0.707106781186547,0.707106781186548));
#2879=DIRECTION('center_axis',(0.,-0.707106781186548,-0.707106781186547));
#2880=DIRECTION('ref_axis',(0.,-0.707106781186547,0.707106781186548));
#2881=DIRECTION('center_axis',(1.,0.,0.));
#2882=DIRECTION('ref_axis',(0.,-0.707106781186548,-0.707106781186548));
#2883=DIRECTION('center_axis',(-1.,0.,0.));
#2884=DIRECTION('ref_axis',(0.,0.,-1.));
#2885=DIRECTION('',(1.,0.,0.));
#2886=DIRECTION('center_axis',(0.,-4.85254071145983E-16,-1.));
#2887=DIRECTION('ref_axis',(0.,-1.,5.07530525542929E-16));
#2888=DIRECTION('center_axis',(0.,-4.85254071145983E-16,-1.));
#2889=DIRECTION('ref_axis',(0.,-1.,4.85254071145983E-16));
#2890=DIRECTION('center_axis',(0.,0.,1.));
#2891=DIRECTION('ref_axis',(-0.707106781186548,0.707106781186547,0.));
#2892=DIRECTION('',(0.,0.,-1.));
#2893=DIRECTION('',(0.,0.,1.));
#2894=DIRECTION('center_axis',(1.,0.,0.));
#2895=DIRECTION('ref_axis',(0.,1.,0.));
#2896=DIRECTION('center_axis',(0.,0.,1.));
#2897=DIRECTION('ref_axis',(-1.,0.,0.));
#2898=DIRECTION('',(-1.,0.,0.));
#2899=DIRECTION('',(0.,-1.,0.));
#2900=DIRECTION('center_axis',(0.,0.,1.));
#2901=DIRECTION('ref_axis',(1.,0.,0.));
#2902=DIRECTION('center_axis',(0.,1.,0.));
#2903=DIRECTION('ref_axis',(0.,0.,1.));
#2904=DIRECTION('center_axis',(0.,0.,1.));
#2905=DIRECTION('ref_axis',(1.,0.,0.));
#2906=DIRECTION('center_axis',(0.,0.,-1.));
#2907=DIRECTION('ref_axis',(1.,0.,0.));
#2908=DIRECTION('center_axis',(-1.,0.,0.));
#2909=DIRECTION('ref_axis',(0.,0.,1.));
#2910=DIRECTION('',(0.,1.,0.));
#2911=DIRECTION('',(0.,-0.707106781186547,0.707106781186548));
#2912=DIRECTION('',(0.,0.,-1.));
#2913=DIRECTION('',(0.,-1.,0.));
#2914=DIRECTION('',(0.,0.,-1.));
#2915=DIRECTION('center_axis',(0.,0.,1.));
#2916=DIRECTION('ref_axis',(-1.,0.,0.));
#2917=DIRECTION('',(0.,-1.,0.));
#2918=DIRECTION('',(1.,0.,0.));
#2919=DIRECTION('',(0.,1.,0.));
#2920=DIRECTION('',(-1.,0.,0.));
#2921=DIRECTION('',(0.,1.,0.));
#2922=DIRECTION('',(1.,0.,0.));
#2923=DIRECTION('',(0.,1.,0.));
#2924=DIRECTION('',(1.,0.,0.));
#2925=DIRECTION('',(0.,-1.,0.));
#2926=DIRECTION('',(1.,0.,0.));
#2927=DIRECTION('center_axis',(0.707106781186549,-0.707106781186546,0.));
#2928=DIRECTION('ref_axis',(0.,0.,-1.));
#2929=DIRECTION('',(-0.577350269189625,-0.577350269189628,-0.577350269189624));
#2930=DIRECTION('',(0.707106781186546,0.707106781186549,0.));
#2931=DIRECTION('',(0.,0.,-1.));
#2932=DIRECTION('center_axis',(0.707106781186547,0.,-0.707106781186548));
#2933=DIRECTION('ref_axis',(-0.707106781186548,0.,-0.707106781186547));
#2934=DIRECTION('',(-0.707106781186548,0.,-0.707106781186547));
#2935=DIRECTION('',(0.,1.,0.));
#2936=DIRECTION('center_axis',(0.,0.,1.));
#2937=DIRECTION('ref_axis',(1.,0.,0.));
#2938=DIRECTION('',(-1.,0.,0.));
#2939=DIRECTION('',(0.,1.,0.));
#2940=DIRECTION('',(-0.707106781186551,0.707106781186544,0.));
#2941=DIRECTION('',(0.,1.,0.));
#2942=DIRECTION('',(-1.,0.,0.));
#2943=DIRECTION('',(0.,-1.,0.));
#2944=DIRECTION('',(-0.707106781186548,-0.707106781186548,0.));
#2945=DIRECTION('',(0.,-1.,0.));
#2946=DIRECTION('',(-1.,0.,0.));
#2947=DIRECTION('',(0.,1.,0.));
#2948=DIRECTION('center_axis',(0.,0.,1.));
#2949=DIRECTION('ref_axis',(0.707106781186551,-0.707106781186544,0.));
#2950=DIRECTION('',(1.,0.,0.));
#2951=DIRECTION('center_axis',(0.,0.,1.));
#2952=DIRECTION('ref_axis',(-0.707106781186546,-0.707106781186549,0.));
#2953=DIRECTION('center_axis',(0.,0.,1.));
#2954=DIRECTION('ref_axis',(0.707106781186547,0.707106781186548,0.));
#2955=DIRECTION('',(0.,1.,0.));
#2956=DIRECTION('',(1.,0.,0.));
#2957=DIRECTION('',(0.,-1.,0.));
#2958=DIRECTION('',(-1.,0.,0.));
#2959=DIRECTION('',(0.,-1.,0.));
#2960=DIRECTION('center_axis',(0.,0.,-1.));
#2961=DIRECTION('ref_axis',(0.382683432365093,0.923879532511286,0.));
#2962=DIRECTION('',(1.,0.,0.));
#2963=DIRECTION('center_axis',(0.,0.,-1.));
#2964=DIRECTION('ref_axis',(-0.382683432365093,0.923879532511286,0.));
#2965=DIRECTION('center_axis',(0.,0.,-1.));
#2966=DIRECTION('ref_axis',(-1.,0.,0.));
#2967=DIRECTION('center_axis',(0.,0.,-1.));
#2968=DIRECTION('ref_axis',(-1.,0.,0.));
#2969=DIRECTION('center_axis',(0.,0.,-1.));
#2970=DIRECTION('ref_axis',(-1.,0.,0.));
#2971=DIRECTION('center_axis',(0.,0.,-1.));
#2972=DIRECTION('ref_axis',(-1.,0.,0.));
#2973=DIRECTION('center_axis',(-1.,0.,0.));
#2974=DIRECTION('ref_axis',(0.,-1.,0.));
#2975=DIRECTION('',(0.,-3.38841966924309E-15,1.));
#2976=DIRECTION('',(0.,-0.707106781186547,0.707106781186548));
#2977=DIRECTION('',(0.,-0.707106781186547,-0.707106781186548));
#2978=DIRECTION('',(0.,-1.,0.));
#2979=DIRECTION('',(0.,0.,1.));
#2980=DIRECTION('center_axis',(0.,-0.707106781186548,-0.707106781186547));
#2981=DIRECTION('ref_axis',(0.,-0.707106781186547,0.707106781186548));
#2982=DIRECTION('',(-1.,0.,0.));
#2983=DIRECTION('center_axis',(0.,-1.,0.));
#2984=DIRECTION('ref_axis',(0.,0.,1.));
#2985=DIRECTION('center_axis',(-1.,0.,0.));
#2986=DIRECTION('ref_axis',(0.,0.,1.));
#2987=DIRECTION('',(0.,1.,0.));
#2988=DIRECTION('',(0.,0.,-1.));
#2989=DIRECTION('',(0.,-0.707106781186547,0.707106781186548));
#2990=DIRECTION('center_axis',(0.,-1.,0.));
#2991=DIRECTION('ref_axis',(-1.,0.,0.));
#2992=DIRECTION('',(-0.707106781186548,0.,0.707106781186547));
#2993=DIRECTION('',(0.,0.,-1.));
#2994=DIRECTION('',(-1.,0.,0.));
#2995=DIRECTION('center_axis',(0.,0.,-1.));
#2996=DIRECTION('ref_axis',(1.,0.,0.));
#2997=DIRECTION('',(0.,0.,-1.));
#2998=DIRECTION('center_axis',(0.,0.,-1.));
#2999=DIRECTION('ref_axis',(1.,0.,0.));
#3000=DIRECTION('center_axis',(0.,-0.707106781186548,-0.707106781186547));
#3001=DIRECTION('ref_axis',(0.,-0.707106781186547,0.707106781186548));
#3002=DIRECTION('',(0.,0.707106781186547,-0.707106781186548));
#3003=DIRECTION('center_axis',(1.,0.,0.));
#3004=DIRECTION('ref_axis',(0.,1.,0.));
#3005=DIRECTION('',(0.,0.,1.));
#3006=DIRECTION('center_axis',(-1.,0.,0.));
#3007=DIRECTION('ref_axis',(0.,0.70710678118655,0.707106781186545));
#3008=DIRECTION('center_axis',(0.,0.,-1.));
#3009=DIRECTION('ref_axis',(0.382683432365093,0.923879532511286,0.));
#3010=DIRECTION('',(0.,0.,-1.));
#3011=DIRECTION('center_axis',(0.,-1.,0.));
#3012=DIRECTION('ref_axis',(0.,0.,-1.));
#3013=DIRECTION('',(0.,0.,1.));
#3014=DIRECTION('center_axis',(-0.707106781186547,0.,-0.707106781186548));
#3015=DIRECTION('ref_axis',(-0.707106781186548,0.,0.707106781186547));
#3016=DIRECTION('center_axis',(0.,1.,0.));
#3017=DIRECTION('ref_axis',(0.707106781186552,0.,0.707106781186543));
#3018=DIRECTION('center_axis',(0.,-1.,0.));
#3019=DIRECTION('ref_axis',(0.707106781186549,0.,0.707106781186546));
#3020=DIRECTION('',(0.,1.,0.));
#3021=DIRECTION('',(0.,-1.,0.));
#3022=DIRECTION('',(0.,1.,0.));
#3023=DIRECTION('center_axis',(1.,0.,0.));
#3024=DIRECTION('ref_axis',(0.,0.707106781186547,0.707106781186548));
#3025=DIRECTION('center_axis',(1.,0.,0.));
#3026=DIRECTION('ref_axis',(0.,0.70710678118655,0.707106781186545));
#3027=DIRECTION('',(0.,0.,-1.));
#3028=DIRECTION('',(0.,0.816496580927728,0.577350269189622));
#3029=DIRECTION('',(0.,0.,-1.));
#3030=DIRECTION('',(0.,0.,-1.));
#3031=DIRECTION('center_axis',(0.,1.,0.));
#3032=DIRECTION('ref_axis',(0.,0.,1.));
#3033=DIRECTION('',(0.816496580927733,0.,-0.577350269189616));
#3034=DIRECTION('',(0.,0.,1.));
#3035=DIRECTION('',(1.,0.,0.));
#3036=DIRECTION('center_axis',(0.,0.,1.));
#3037=DIRECTION('ref_axis',(0.707106781186547,0.707106781186548,0.));
#3038=DIRECTION('center_axis',(0.,0.,1.));
#3039=DIRECTION('ref_axis',(-0.707106781186546,-0.707106781186549,0.));
#3040=DIRECTION('',(0.,0.,1.));
#3041=DIRECTION('center_axis',(0.,0.,1.));
#3042=DIRECTION('ref_axis',(-0.707106781186546,-0.707106781186549,0.));
#3043=DIRECTION('center_axis',(0.,-1.,0.));
#3044=DIRECTION('ref_axis',(1.,0.,0.));
#3045=DIRECTION('',(0.,0.,-1.));
#3046=DIRECTION('',(1.,0.,0.));
#3047=DIRECTION('center_axis',(0.,0.,1.));
#3048=DIRECTION('ref_axis',(0.707106781186551,-0.707106781186544,0.));
#3049=DIRECTION('',(0.,0.,1.));
#3050=DIRECTION('center_axis',(0.,0.,1.));
#3051=DIRECTION('ref_axis',(0.707106781186545,-0.70710678118655,0.));
#3052=DIRECTION('center_axis',(1.,0.,0.));
#3053=DIRECTION('ref_axis',(0.,0.707106781186547,0.707106781186548));
#3054=DIRECTION('',(0.,0.,1.));
#3055=DIRECTION('',(0.,0.816496580927735,-0.577350269189614));
#3056=DIRECTION('',(0.,0.,1.));
#3057=DIRECTION('center_axis',(1.,0.,0.));
#3058=DIRECTION('ref_axis',(0.,-0.70710678118654,0.707106781186555));
#3059=DIRECTION('',(0.,0.707106781186548,0.707106781186547));
#3060=DIRECTION('',(0.,1.,0.));
#3061=DIRECTION('center_axis',(0.,-1.,0.));
#3062=DIRECTION('ref_axis',(-1.,0.,0.));
#3063=DIRECTION('',(0.,0.,-1.));
#3064=DIRECTION('',(-1.,0.,0.));
#3065=DIRECTION('',(0.,0.,-1.));
#3066=DIRECTION('',(-0.816496580927735,0.,0.577350269189614));
#3067=DIRECTION('center_axis',(0.,0.,-1.));
#3068=DIRECTION('ref_axis',(-0.382683432365093,0.923879532511286,0.));
#3069=DIRECTION('center_axis',(0.,0.,1.));
#3070=DIRECTION('ref_axis',(-1.,0.,0.));
#3071=DIRECTION('center_axis',(0.,-0.707106781186548,0.707106781186548));
#3072=DIRECTION('ref_axis',(0.,-0.707106781186547,-0.707106781186547));
#3073=DIRECTION('center_axis',(0.,0.,1.));
#3074=DIRECTION('ref_axis',(-1.,0.,0.));
#3075=DIRECTION('',(0.,0.,1.));
#3076=DIRECTION('center_axis',(0.,0.,1.));
#3077=DIRECTION('ref_axis',(-1.,0.,0.));
#3078=DIRECTION('center_axis',(0.,-0.707106781186547,0.707106781186548));
#3079=DIRECTION('ref_axis',(0.,-0.707106781186548,-0.707106781186547));
#3080=DIRECTION('center_axis',(0.,0.,1.));
#3081=DIRECTION('ref_axis',(-1.,0.,0.));
#3082=DIRECTION('center_axis',(0.,0.,1.));
#3083=DIRECTION('ref_axis',(-1.,0.,0.));
#3084=DIRECTION('center_axis',(-1.,0.,0.));
#3085=DIRECTION('ref_axis',(0.,0.382683432365094,-0.923879532511285));
#3086=DIRECTION('',(1.,0.,0.));
#3087=DIRECTION('center_axis',(1.,0.,0.));
#3088=DIRECTION('ref_axis',(0.,0.,-1.));
#3089=DIRECTION('',(-1.,0.,0.));
#3090=DIRECTION('center_axis',(-9.44358625004333E-16,0.770076152379132,
0.637951972751046));
#3091=DIRECTION('ref_axis',(0.,-0.637951972751046,0.770076152379132));
#3092=DIRECTION('center_axis',(0.,-0.995626235380931,-0.0934259033737162));
#3093=DIRECTION('ref_axis',(0.,-0.0934259033737162,0.995626235380931));
#3094=DIRECTION('center_axis',(0.,1.,0.));
#3095=DIRECTION('ref_axis',(0.707106781186553,0.,0.707106781186542));
#3096=DIRECTION('',(0.,-1.,0.));
#3097=DIRECTION('center_axis',(0.,1.,0.));
#3098=DIRECTION('ref_axis',(0.,0.,1.));
#3099=DIRECTION('center_axis',(0.,0.,1.));
#3100=DIRECTION('ref_axis',(-1.,0.,0.));
#3101=DIRECTION('',(1.,0.,0.));
#3102=DIRECTION('',(0.,1.,0.));
#3103=DIRECTION('center_axis',(0.,0.,-1.));
#3104=DIRECTION('ref_axis',(1.,0.,0.));
#3105=DIRECTION('',(-1.,0.,0.));
#3106=DIRECTION('center_axis',(0.,0.,-1.));
#3107=DIRECTION('ref_axis',(1.,0.,0.));
#3108=DIRECTION('center_axis',(0.,0.,-1.));
#3109=DIRECTION('ref_axis',(1.,0.,0.));
#3110=DIRECTION('',(-1.,0.,0.));
#3111=DIRECTION('',(3.5527136788005E-15,1.,0.));
#3112=DIRECTION('',(1.,0.,0.));
#3113=DIRECTION('',(0.,-1.,0.));
#3114=DIRECTION('center_axis',(-1.,0.,0.));
#3115=DIRECTION('ref_axis',(0.,0.382683432365094,-0.923879532511285));
#3116=DIRECTION('',(-1.,0.,0.));
#3117=DIRECTION('center_axis',(-1.,5.92118946466751E-15,5.92118946466751E-15));
#3118=DIRECTION('ref_axis',(0.,0.707106781186547,-0.707106781186547));
#3119=DIRECTION('center_axis',(0.,-0.99562623538093,-0.093425903373726));
#3120=DIRECTION('ref_axis',(0.,-0.093425903373726,0.99562623538093));
#3121=DIRECTION('center_axis',(0.,0.770076152379128,0.637951972751051));
#3122=DIRECTION('ref_axis',(0.,-0.637951972751051,0.770076152379128));
#3123=DIRECTION('center_axis',(0.,1.,0.));
#3124=DIRECTION('ref_axis',(-0.707106781186544,0.,0.707106781186551));
#3125=DIRECTION('center_axis',(0.,1.,0.));
#3126=DIRECTION('ref_axis',(-1.,0.,0.));
#3127=DIRECTION('center_axis',(0.,-0.707106781186548,-0.707106781186547));
#3128=DIRECTION('ref_axis',(-0.707106781186553,-0.499999999999993,0.5));
#3129=DIRECTION('',(0.,0.707106781186548,0.707106781186547));
#3130=DIRECTION('center_axis',(-1.04672830578918E-15,-0.707106781186546,
-0.707106781186549));
#3131=DIRECTION('ref_axis',(0.,-0.707106781186549,0.707106781186546));
#3132=DIRECTION('center_axis',(0.,-0.707106781186547,0.707106781186548));
#3133=DIRECTION('ref_axis',(1.,0.,0.));
#3134=DIRECTION('',(0.,-0.707106781186548,-0.707106781186547));
#3135=DIRECTION('',(1.,0.,0.));
#3136=DIRECTION('center_axis',(0.,0.707106781186548,0.707106781186547));
#3137=DIRECTION('ref_axis',(0.707106781186555,-0.499999999999989,0.5));
#3138=DIRECTION('center_axis',(-1.04672830578918E-15,-0.707106781186548,
-0.707106781186547));
#3139=DIRECTION('ref_axis',(1.,0.,-1.48029736616687E-15));
#3140=DIRECTION('center_axis',(-1.,0.,0.));
#3141=DIRECTION('ref_axis',(0.,-0.382683432365094,0.923879532511285));
#3142=DIRECTION('center_axis',(-1.,0.,0.));
#3143=DIRECTION('ref_axis',(0.,-0.707106781186546,0.707106781186549));
#3144=DIRECTION('center_axis',(1.,0.,0.));
#3145=DIRECTION('ref_axis',(0.,0.,1.));
#3146=DIRECTION('center_axis',(-0.170112439679116,-0.941663177664661,-0.290400099340398));
#3147=DIRECTION('ref_axis',(0.475963149477971,-0.336556770590779,0.812519920068743));
#3148=DIRECTION('center_axis',(0.170112439679116,-0.941663177664659,-0.290400099340402));
#3149=DIRECTION('ref_axis',(-0.475963149477971,-0.336556770590779,0.812519920068743));
#3150=DIRECTION('center_axis',(0.,0.,-1.));
#3151=DIRECTION('ref_axis',(1.,0.,0.));
#3152=DIRECTION('center_axis',(0.,0.,1.));
#3153=DIRECTION('ref_axis',(-1.,0.,0.));
#3154=DIRECTION('center_axis',(0.,0.,-1.));
#3155=DIRECTION('ref_axis',(1.,0.,0.));
#3156=DIRECTION('center_axis',(0.,0.,1.));
#3157=DIRECTION('ref_axis',(-1.,0.,0.));
#3158=DIRECTION('center_axis',(0.,0.,1.));
#3159=DIRECTION('ref_axis',(1.,0.,0.));
#3160=DIRECTION('center_axis',(0.,0.,-1.));
#3161=DIRECTION('ref_axis',(1.,0.,0.));
#3162=DIRECTION('',(-0.707106781186546,8.65956056235492E-17,0.707106781186549));
#3163=DIRECTION('center_axis',(0.,0.,-1.));
#3164=DIRECTION('ref_axis',(1.,0.,0.));
#3165=DIRECTION('',(0.,0.,1.));
#3166=DIRECTION('center_axis',(0.499999999999992,0.499999999999992,0.707106781186559));
#3167=DIRECTION('ref_axis',(0.816496580927735,0.,-0.577350269189614));
#3168=DIRECTION('',(0.707106781186548,-0.707106781186548,0.));
#3169=DIRECTION('center_axis',(0.499999999999991,-0.5,0.707106781186554));
#3170=DIRECTION('ref_axis',(0.816496580927733,0.,-0.577350269189616));
#3171=DIRECTION('',(-0.707106781186554,-0.707106781186541,0.));
#3172=DIRECTION('center_axis',(0.707106781186548,0.707106781186548,0.));
#3173=DIRECTION('ref_axis',(0.,0.,-1.));
#3174=DIRECTION('',(0.707106781186547,-0.707106781186547,0.));
#3175=DIRECTION('center_axis',(1.,0.,0.));
#3176=DIRECTION('ref_axis',(0.,-0.70710678118654,0.707106781186555));
#3177=DIRECTION('',(0.707106781186543,-0.5008643048802,0.499134198484616));
#3178=DIRECTION('center_axis',(-1.,0.,0.));
#3179=DIRECTION('ref_axis',(0.,-0.70710678118654,0.707106781186555));
#3180=DIRECTION('center_axis',(0.763762615825964,0.,-0.645497224367914));
#3181=DIRECTION('ref_axis',(-0.645497224367914,0.,-0.763762615825964));
#3182=DIRECTION('',(0.645497224367914,0.,0.763762615825964));
#3183=DIRECTION('',(-0.645497224367914,0.,-0.763762615825964));
#3184=DIRECTION('center_axis',(1.,0.,0.));
#3185=DIRECTION('ref_axis',(0.,0.70710678118655,0.707106781186545));
#3186=DIRECTION('',(-0.707106781186553,-0.500864304880182,-0.49913419848462));
#3187=DIRECTION('center_axis',(-1.,0.,0.));
#3188=DIRECTION('ref_axis',(0.,0.70710678118655,0.707106781186545));
#3189=DIRECTION('',(0.70710678118656,0.707106781186535,0.));
#3190=DIRECTION('center_axis',(0.707106781186541,-0.707106781186554,0.));
#3191=DIRECTION('ref_axis',(0.,0.,-1.));
#3192=DIRECTION('center_axis',(1.,0.,0.));
#3193=DIRECTION('ref_axis',(0.,-0.70710678118654,0.707106781186555));
#3194=DIRECTION('center_axis',(-1.,0.,0.));
#3195=DIRECTION('ref_axis',(0.,-0.70710678118654,0.707106781186555));
#3196=DIRECTION('center_axis',(-1.,0.,0.));
#3197=DIRECTION('ref_axis',(0.,0.70710678118655,0.707106781186545));
#3198=DIRECTION('center_axis',(0.,0.707106781186548,-0.707106781186548));
#3199=DIRECTION('ref_axis',(-1.,0.,0.));
#3200=DIRECTION('',(-1.,0.,0.));
#3201=DIRECTION('',(0.,0.707106781186547,0.707106781186548));
#3202=DIRECTION('',(-1.,0.,0.));
#3203=DIRECTION('center_axis',(0.,0.,1.));
#3204=DIRECTION('ref_axis',(1.,0.,0.));
#3205=DIRECTION('center_axis',(0.,0.,-1.));
#3206=DIRECTION('ref_axis',(1.,0.,0.));
#3207=DIRECTION('center_axis',(1.,0.,0.));
#3208=DIRECTION('ref_axis',(0.,0.,1.));
#3209=DIRECTION('center_axis',(1.,0.,0.));
#3210=DIRECTION('ref_axis',(0.,-0.707106781186553,0.707106781186542));
#3211=DIRECTION('center_axis',(-1.,0.,0.));
#3212=DIRECTION('ref_axis',(0.,-1.,0.));
#3213=DIRECTION('center_axis',(0.,0.,1.));
#3214=DIRECTION('ref_axis',(1.,0.,0.));
#3215=DIRECTION('center_axis',(0.,0.,-1.));
#3216=DIRECTION('ref_axis',(1.,0.,0.));
#3217=DIRECTION('center_axis',(-1.,3.5527136788005E-15,0.));
#3218=DIRECTION('ref_axis',(-3.5527136788005E-15,-1.,0.));
#3219=DIRECTION('',(0.,0.,-1.));
#3220=DIRECTION('',(0.,0.,1.));
#3221=DIRECTION('',(-3.5527136788005E-15,-1.,0.));
#3222=DIRECTION('center_axis',(0.,1.,0.));
#3223=DIRECTION('ref_axis',(-1.,0.,0.));
#3224=DIRECTION('',(0.,0.,1.));
#3225=DIRECTION('',(-1.,0.,0.));
#3226=DIRECTION('center_axis',(1.,0.,0.));
#3227=DIRECTION('ref_axis',(0.,1.,0.));
#3228=DIRECTION('',(0.,0.,-1.));
#3229=DIRECTION('',(0.,1.,0.));
#3230=DIRECTION('center_axis',(0.,-1.,0.));
#3231=DIRECTION('ref_axis',(1.,0.,0.));
#3232=DIRECTION('',(1.,0.,0.));
#3233=DIRECTION('center_axis',(0.,0.,1.));
#3234=DIRECTION('ref_axis',(-1.,0.,0.));
#3235=DIRECTION('',(0.,1.,0.));
#3236=DIRECTION('',(0.707106781186548,0.707106781186548,0.));
#3237=DIRECTION('',(0.,1.,0.));
#3238=DIRECTION('',(1.,0.,0.));
#3239=DIRECTION('',(0.,-1.,0.));
#3240=DIRECTION('',(0.707106781186551,-0.707106781186544,0.));
#3241=DIRECTION('center_axis',(0.,0.,1.));
#3242=DIRECTION('ref_axis',(-1.,0.,0.));
#3243=DIRECTION('center_axis',(0.,0.,1.));
#3244=DIRECTION('ref_axis',(-1.,0.,0.));
#3245=DIRECTION('',(0.,0.,-1.));
#3246=DIRECTION('center_axis',(0.,0.,1.));
#3247=DIRECTION('ref_axis',(-1.,0.,0.));
#3248=DIRECTION('center_axis',(0.,0.,1.));
#3249=DIRECTION('ref_axis',(-1.,0.,0.));
#3250=DIRECTION('',(0.,0.,-1.));
#3251=DIRECTION('center_axis',(0.,0.,-1.));
#3252=DIRECTION('ref_axis',(1.,0.,0.));
#3253=DIRECTION('center_axis',(0.,0.,-1.));
#3254=DIRECTION('ref_axis',(1.,0.,0.));
#3255=DIRECTION('center_axis',(0.,0.,-1.));
#3256=DIRECTION('ref_axis',(1.,0.,0.));
#3257=DIRECTION('center_axis',(0.,0.,-1.));
#3258=DIRECTION('ref_axis',(1.,0.,0.));
#3259=DIRECTION('center_axis',(0.,0.,1.));
#3260=DIRECTION('ref_axis',(-1.,0.,0.));
#3261=DIRECTION('',(0.,0.,-1.));
#3262=DIRECTION('center_axis',(0.,0.,1.));
#3263=DIRECTION('ref_axis',(-1.,0.,0.));
#3264=DIRECTION('',(0.,0.,-1.));
#3265=DIRECTION('center_axis',(0.,0.,-1.));
#3266=DIRECTION('ref_axis',(1.,0.,0.));
#3267=DIRECTION('',(0.,0.,-1.));
#3268=DIRECTION('center_axis',(0.,0.,-1.));
#3269=DIRECTION('ref_axis',(1.,0.,0.));
#3270=DIRECTION('',(0.,0.,-1.));
#3271=DIRECTION('center_axis',(1.,0.,0.));
#3272=DIRECTION('ref_axis',(0.,1.,0.));
#3273=DIRECTION('',(0.,0.,-1.));
#3274=DIRECTION('center_axis',(-0.707106781186548,0.707106781186548,0.));
#3275=DIRECTION('ref_axis',(0.,0.,1.));
#3276=DIRECTION('',(0.,0.,-1.));
#3277=DIRECTION('center_axis',(-1.,0.,0.));
#3278=DIRECTION('ref_axis',(0.,-1.,0.));
#3279=DIRECTION('',(0.,0.,-1.));
#3280=DIRECTION('center_axis',(0.,1.,0.));
#3281=DIRECTION('ref_axis',(0.,0.,1.));
#3282=DIRECTION('',(0.,0.,-1.));
#3283=DIRECTION('center_axis',(-1.,0.,0.));
#3284=DIRECTION('ref_axis',(0.,1.,0.));
#3285=DIRECTION('',(0.,0.,-1.));
#3286=DIRECTION('center_axis',(0.707106781186544,0.707106781186551,0.));
#3287=DIRECTION('ref_axis',(0.,0.,-1.));
#3288=CARTESIAN_POINT('',(0.,0.,0.));
#3289=CARTESIAN_POINT('Origin',(91.1,-43.65,13.55));
#3290=CARTESIAN_POINT('',(81.2070037200143,-34.8929962799857,13.55));
#3291=CARTESIAN_POINT('',(79.1,-37.,13.55));
#3292=CARTESIAN_POINT('',(75.9044608488985,-40.1955391511015,13.55));
#3293=CARTESIAN_POINT('',(100.992996279986,-34.8929962799857,13.55));
#3294=CARTESIAN_POINT('',(88.85,-34.8929962799857,13.55));
#3295=CARTESIAN_POINT('',(103.1,-37.,13.55));
#3296=CARTESIAN_POINT('',(104.2625,-38.1625,13.55));
#3297=CARTESIAN_POINT('',(103.1,-43.65,13.55));
#3298=CARTESIAN_POINT('',(103.1,-46.1283687404743,13.55));
#3299=CARTESIAN_POINT('',(79.1,-43.65,13.55));
#3300=CARTESIAN_POINT('Origin',(91.1,-43.65,13.55));
#3301=CARTESIAN_POINT('',(79.1,-45.947563015208,13.55));
#3302=CARTESIAN_POINT('',(84.1,-43.65,13.55));
#3303=CARTESIAN_POINT('Origin',(91.1,-43.65,13.55));
#3304=CARTESIAN_POINT('Origin',(108.1,-42.,-0.0499999999999995));
#3305=CARTESIAN_POINT('',(99.5644660940673,-33.4644660940673,12.1214698140815));
#3306=CARTESIAN_POINT('',(98.4476482497998,-32.3476482497998,11.0046519698139));
#3307=CARTESIAN_POINT('',(99.5644660940673,-33.4644660940673,4.95));
#3308=CARTESIAN_POINT('',(99.5644660940673,-33.4644660940673,-0.0499999999999992));
#3309=CARTESIAN_POINT('',(106.1,-40.,4.95));
#3310=CARTESIAN_POINT('',(110.35,-44.25,4.95));
#3311=CARTESIAN_POINT('',(103.1,-37.,7.94999999999998));
#3312=CARTESIAN_POINT('',(109.983894790079,-43.8838947900791,1.06610520992094));
#3313=CARTESIAN_POINT('',(103.1,-37.,6.23030432059684));
#3314=CARTESIAN_POINT('Origin',(86.6,-34.1464466094067,12.803450329421));
#3315=CARTESIAN_POINT('',(82.6355339059327,-33.4644660940673,12.1214698140815));
#3316=CARTESIAN_POINT('',(82.2523517502002,-33.8476482497997,12.504651969814));
#3317=CARTESIAN_POINT('',(86.1710678118654,-32.,10.6570037200141));
#3318=CARTESIAN_POINT('Origin',(86.1710678118654,-37.,15.6570037200144));
#3319=CARTESIAN_POINT('',(96.0289321881346,-32.,10.6570037200141));
#3320=CARTESIAN_POINT('',(98.85,-32.,10.6570037200141));
#3321=CARTESIAN_POINT('Origin',(96.0289321881346,-37.,15.6570037200144));
#3322=CARTESIAN_POINT('Origin',(75.6,-47.3640967938292,13.4498969388277));
#3323=CARTESIAN_POINT('',(75.6,-48.4247569656091,12.3892367670479));
#3324=CARTESIAN_POINT('',(75.6,-47.3640967938292,11.9498969388277));
#3325=CARTESIAN_POINT('Origin',(75.6,-47.3640967938292,13.4498969388277));
#3326=CARTESIAN_POINT('',(77.1,-47.3640967938292,13.4498969388277));
#3327=CARTESIAN_POINT('Origin',(75.6,-47.3640967938292,13.4498969388277));
#3328=CARTESIAN_POINT('Origin',(75.6,-47.3640967938292,13.4498969388277));
#3329=CARTESIAN_POINT('Ctrl Pts',(77.1,-48.3641998550015,14.45));
#3330=CARTESIAN_POINT('Ctrl Pts',(77.1,-49.0782346129199,14.6880115859728));
#3331=CARTESIAN_POINT('Ctrl Pts',(76.9032505052848,-50.263854611086,15.0832182520281));
#3332=CARTESIAN_POINT('Ctrl Pts',(76.272565241692,-51.3286510626429,15.4381504025471));
#3333=CARTESIAN_POINT('Ctrl Pts',(75.8243994752564,-51.546180370341,15.5106601717798));
#3334=CARTESIAN_POINT('Ctrl Pts',(75.6,-51.546180370341,15.5106601717798));
#3335=CARTESIAN_POINT('Ctrl Pts',(77.1,-48.3641998550015,14.8987989505128));
#3336=CARTESIAN_POINT('Ctrl Pts',(77.1734277007342,-49.0774606169077,15.0912388608939));
#3337=CARTESIAN_POINT('Ctrl Pts',(77.0492289208079,-50.3203371917354,15.3818435139639));
#3338=CARTESIAN_POINT('Ctrl Pts',(76.3737263678433,-51.4679692719826,15.6213936299751));
#3339=CARTESIAN_POINT('Ctrl Pts',(75.8579308423606,-51.7048547609895,15.6693345624283));
#3340=CARTESIAN_POINT('Ctrl Pts',(75.6,-51.7048547609895,15.6693345624283));
#3341=CARTESIAN_POINT('Ctrl Pts',(77.4765830301328,-48.3641998550015,15.6758044748276));
#3342=CARTESIAN_POINT('Ctrl Pts',(77.5898486316594,-49.1381927103193,15.7337610713092));
#3343=CARTESIAN_POINT('Ctrl Pts',(77.4506270456006,-50.5106168769165,15.8117916344925));
#3344=CARTESIAN_POINT('Ctrl Pts',(76.5883070553113,-51.7827743278705,15.8720162259433));
#3345=CARTESIAN_POINT('Ctrl Pts',(75.9301062652384,-52.0457726851094,15.8834042038345));
#3346=CARTESIAN_POINT('Ctrl Pts',(75.6,-52.0457726851094,15.8834042038345));
#3347=CARTESIAN_POINT('Ctrl Pts',(78.2634007871154,-48.3641998550015,15.95));
#3348=CARTESIAN_POINT('Ctrl Pts',(78.2970388761318,-49.2629694052886,15.9493970643896));
#3349=CARTESIAN_POINT('Ctrl Pts',(77.9797951647527,-50.7812237512807,15.9499203077612));
#3350=CARTESIAN_POINT('Ctrl Pts',(76.8379981948954,-52.1566262975083,15.9497364474294));
#3351=CARTESIAN_POINT('Ctrl Pts',(76.0131995671401,-52.4385409356785,15.95));
#3352=CARTESIAN_POINT('Ctrl Pts',(75.6,-52.4385409356785,15.95));
#3353=CARTESIAN_POINT('Ctrl Pts',(78.6,-48.3641998550015,15.95));
#3354=CARTESIAN_POINT('Ctrl Pts',(78.6,-49.3162461988926,15.95));
#3355=CARTESIAN_POINT('Ctrl Pts',(78.2065010105697,-50.8970728631141,15.95));
#3356=CARTESIAN_POINT('Ctrl Pts',(76.9451304833839,-52.31680146519,15.95));
#3357=CARTESIAN_POINT('Ctrl Pts',(76.0487989505128,-52.6068405421208,15.95));
#3358=CARTESIAN_POINT('Ctrl Pts',(75.6,-52.6068405421208,15.95));
#3359=CARTESIAN_POINT('',(75.6,-51.546180370341,15.5106601717798));
#3360=CARTESIAN_POINT('',(77.1,-48.3641998550015,14.45));
#3361=CARTESIAN_POINT('Origin',(75.6,-48.3641998550015,14.45));
#3362=CARTESIAN_POINT('',(75.6,-52.6068405421208,15.95));
#3363=CARTESIAN_POINT('Origin',(75.6,-52.6068405421208,14.45));
#3364=CARTESIAN_POINT('',(78.6,-48.3641998550015,15.95));
#3365=CARTESIAN_POINT('Origin',(75.6,-48.3641998550015,15.95));
#3366=CARTESIAN_POINT('Origin',(78.6,-48.3641998550015,14.45));
#3367=CARTESIAN_POINT('Origin',(82.1,-52.6068405421208,14.45));
#3368=CARTESIAN_POINT('',(72.6,-51.546180370341,15.5106601717798));
#3369=CARTESIAN_POINT('',(72.6,-52.6068405421208,15.95));
#3370=CARTESIAN_POINT('Origin',(72.6,-52.6068405421208,14.45));
#3371=CARTESIAN_POINT('',(82.1,-52.6068405421208,15.95));
#3372=CARTESIAN_POINT('',(82.1,-51.546180370341,15.5106601717798));
#3373=CARTESIAN_POINT('Ctrl Pts',(106.6,-51.546180370341,15.5106601717798));
#3374=CARTESIAN_POINT('Ctrl Pts',(106.263400787115,-51.546180370341,15.5106601717798));
#3375=CARTESIAN_POINT('Ctrl Pts',(105.476839203736,-50.9641439377,15.3166480275661));
#3376=CARTESIAN_POINT('Ctrl Pts',(105.1,-49.3162461988926,14.767348781297));
#3377=CARTESIAN_POINT('Ctrl Pts',(105.1,-48.3641998550015,14.45));
#3378=CARTESIAN_POINT('Ctrl Pts',(106.6,-51.7048547609895,15.6693345624283));
#3379=CARTESIAN_POINT('Ctrl Pts',(106.213103736459,-51.7048547609895,15.6693345624283));
#3380=CARTESIAN_POINT('Ctrl Pts',(105.306533543543,-51.0687899238018,15.5440223864377));
#3381=CARTESIAN_POINT('Ctrl Pts',(105.002096399021,-49.3152142042097,15.1553854976876));
#3382=CARTESIAN_POINT('Ctrl Pts',(105.1,-48.3641998550015,14.8987989505128));
#3383=CARTESIAN_POINT('Ctrl Pts',(106.6,-52.0457735756112,15.8834022928282));
#3384=CARTESIAN_POINT('Ctrl Pts',(106.104840602142,-52.0457735756112,15.8834022928282));
#3385=CARTESIAN_POINT('Ctrl Pts',(104.945646542329,-51.340742315205,15.8535782879147));
#3386=CARTESIAN_POINT('Ctrl Pts',(104.572372127795,-49.3961903287586,15.753059911469));
#3387=CARTESIAN_POINT('Ctrl Pts',(104.723392929831,-48.3641998550015,15.6757844494936));
#3388=CARTESIAN_POINT('Ctrl Pts',(106.6,-52.4385409356785,15.95));
#3389=CARTESIAN_POINT('Ctrl Pts',(105.98020064929,-52.4385409356785,15.95));
#3390=CARTESIAN_POINT('Ctrl Pts',(104.53138207056,-51.6838127311804,15.9497583128061));
#3391=CARTESIAN_POINT('Ctrl Pts',(103.891748427529,-49.5625592553843,15.9491960858528));
#3392=CARTESIAN_POINT('Ctrl Pts',(103.936599212885,-48.3641998550015,15.95));
#3393=CARTESIAN_POINT('Ctrl Pts',(106.6,-52.6068405421208,15.95));
#3394=CARTESIAN_POINT('Ctrl Pts',(105.926801574231,-52.6068405421208,15.95));
#3395=CARTESIAN_POINT('Ctrl Pts',(104.353678407471,-51.8307919652661,15.95));
#3396=CARTESIAN_POINT('Ctrl Pts',(103.6,-49.6335949801897,15.95));
#3397=CARTESIAN_POINT('Ctrl Pts',(103.6,-48.3641998550015,15.95));
#3398=CARTESIAN_POINT('',(103.6,-48.3641998550015,15.95));
#3399=CARTESIAN_POINT('',(106.6,-52.6068405421208,15.95));
#3400=CARTESIAN_POINT('Origin',(106.6,-48.3641998550015,15.95));
#3401=CARTESIAN_POINT('',(106.6,-51.546180370341,15.5106601717798));
#3402=CARTESIAN_POINT('Origin',(106.6,-52.6068405421208,14.45));
#3403=CARTESIAN_POINT('',(105.1,-48.3641998550015,14.45));
#3404=CARTESIAN_POINT('Origin',(106.6,-48.3641998550015,14.45));
#3405=CARTESIAN_POINT('Origin',(103.6,-48.3641998550015,14.45));
#3406=CARTESIAN_POINT('Origin',(101.1,-52.6068405421208,14.45));
#3407=CARTESIAN_POINT('',(109.6,-52.6068405421208,15.95));
#3408=CARTESIAN_POINT('',(109.6,-51.546180370341,15.5106601717798));
#3409=CARTESIAN_POINT('Origin',(109.6,-52.6068405421208,14.45));
#3410=CARTESIAN_POINT('',(101.1,-51.546180370341,15.5106601717798));
#3411=CARTESIAN_POINT('',(101.1,-52.6068405421208,15.95));
#3412=CARTESIAN_POINT('Origin',(109.6,-47.3640967938292,13.4498969388277));
#3413=CARTESIAN_POINT('',(109.6,-47.3640967938292,11.9498969388277));
#3414=CARTESIAN_POINT('',(111.1,-47.3640967938292,10.4498969388277));
#3415=CARTESIAN_POINT('Origin',(109.6,-47.3640967938292,10.4498969388277));
#3416=CARTESIAN_POINT('',(109.6,-48.424756965609,12.3892367670479));
#3417=CARTESIAN_POINT('Origin',(109.6,-47.3640967938292,13.4498969388277));
#3418=CARTESIAN_POINT('',(111.1,-49.4854171373889,11.3285765952681));
#3419=CARTESIAN_POINT('Origin',(109.6,-49.4854171373889,11.3285765952681));
#3420=CARTESIAN_POINT('Origin',(111.1,-47.3640967938292,13.4498969388277));
#3421=CARTESIAN_POINT('Origin',(106.6,-47.3640967938292,13.4498969388277));
#3422=CARTESIAN_POINT('',(106.6,-47.3640967938292,11.9498969388277));
#3423=CARTESIAN_POINT('',(106.6,-48.424756965609,12.3892367670479));
#3424=CARTESIAN_POINT('Origin',(106.6,-47.3640967938292,13.4498969388277));
#3425=CARTESIAN_POINT('',(105.1,-47.3640967938292,13.4498969388277));
#3426=CARTESIAN_POINT('Origin',(106.6,-47.3640967938292,13.4498969388277));
#3427=CARTESIAN_POINT('Origin',(106.6,-47.3640967938292,13.4498969388277));
#3428=CARTESIAN_POINT('Origin',(106.6,-42.1517101355302,13.4498969388277));
#3429=CARTESIAN_POINT('',(106.6,-37.,11.9498969388277));
#3430=CARTESIAN_POINT('',(105.1,-37.,13.4498969388277));
#3431=CARTESIAN_POINT('Origin',(106.6,-37.,13.4498969388277));
#3432=CARTESIAN_POINT('',(105.1,-42.1517101355302,13.4498969388277));
#3433=CARTESIAN_POINT('',(106.6,-42.1517101355302,11.9498969388277));
#3434=CARTESIAN_POINT('Origin',(106.6,-47.9096007175634,13.9954008625619));
#3435=CARTESIAN_POINT('',(106.6,-48.9702608893432,12.934740690782));
#3436=CARTESIAN_POINT('',(105.1,-47.9096007175634,13.9954008625619));
#3437=CARTESIAN_POINT('Origin',(111.1,-47.3640967938292,13.4498969388277));
#3438=CARTESIAN_POINT('',(111.1,-48.424756965609,12.3892367670479));
#3439=CARTESIAN_POINT('',(111.1,-47.3640967938292,11.9498969388277));
#3440=CARTESIAN_POINT('Origin',(109.6,-59.3765254854112,21.2196849432904));
#3441=CARTESIAN_POINT('',(111.1,-52.6068405421208,14.45));
#3442=CARTESIAN_POINT('Origin',(109.6,-52.6068405421208,14.45));
#3443=CARTESIAN_POINT('',(111.1,-59.3765254854112,21.2196849432904));
#3444=CARTESIAN_POINT('',(109.6,-58.3158653136314,22.2803451150702));
#3445=CARTESIAN_POINT('Origin',(109.6,-61.2928932188135,10.4498969388277));
#3446=CARTESIAN_POINT('',(111.1,-33.6583123951777,10.4498969388277));
#3447=CARTESIAN_POINT('',(109.6,-33.6583123951777,11.9498969388277));
#3448=CARTESIAN_POINT('Origin',(109.6,-33.6583123951777,10.4498969388277));
#3449=CARTESIAN_POINT('',(109.6,-61.2928932188135,11.9498969388277));
#3450=CARTESIAN_POINT('',(111.1,-61.2928932188135,10.4498969388277));
#3451=CARTESIAN_POINT('Origin',(103.6,-59.1517101355302,14.45));
#3452=CARTESIAN_POINT('',(105.1,-37.,14.45));
#3453=CARTESIAN_POINT('',(103.6,-37.,15.95));
#3454=CARTESIAN_POINT('Origin',(103.6,-37.,14.45));
#3455=CARTESIAN_POINT('',(103.6,-59.1517101355302,15.95));
#3456=CARTESIAN_POINT('',(105.1,-59.1517101355302,14.45));
#3457=CARTESIAN_POINT('Origin',(101.1,-37.,14.45));
#3458=CARTESIAN_POINT('',(101.1,-33.,14.45));
#3459=CARTESIAN_POINT('',(101.1,-34.5,15.95));
#3460=CARTESIAN_POINT('Origin',(101.1,-34.5,14.45));
#3461=CARTESIAN_POINT('Origin',(101.1,-37.,15.95));
#3462=CARTESIAN_POINT('Origin',(101.1,-37.,14.45));
#3463=CARTESIAN_POINT('Origin',(97.1,-34.5,14.45));
#3464=CARTESIAN_POINT('',(81.1,-33.,14.45));
#3465=CARTESIAN_POINT('',(81.1,-34.5,15.95));
#3466=CARTESIAN_POINT('Origin',(81.1,-34.5,14.45));
#3467=CARTESIAN_POINT('',(97.1,-34.5,15.95));
#3468=CARTESIAN_POINT('',(97.1,-33.,14.45));
#3469=CARTESIAN_POINT('Origin',(81.1,-37.,14.45));
#3470=CARTESIAN_POINT('',(77.1,-37.,14.45));
#3471=CARTESIAN_POINT('',(78.6,-37.,15.95));
#3472=CARTESIAN_POINT('Origin',(78.6,-37.,14.45));
#3473=CARTESIAN_POINT('Origin',(81.1,-37.,15.95));
#3474=CARTESIAN_POINT('Origin',(81.1,-37.,14.45));
#3475=CARTESIAN_POINT('Origin',(78.6,-56.9927085686944,14.45));
#3476=CARTESIAN_POINT('',(78.6,-56.9927085686944,15.95));
#3477=CARTESIAN_POINT('',(77.1,-56.9927085686944,14.45));
#3478=CARTESIAN_POINT('Origin',(75.6,-46.9247569656091,13.0105571106075));
#3479=CARTESIAN_POINT('',(77.1,-46.9247569656091,13.0105571106075));
#3480=CARTESIAN_POINT('',(75.6,-47.9854171373889,11.9498969388277));
#3481=CARTESIAN_POINT('Origin',(75.6,-39.9927085686944,13.4498969388277));
#3482=CARTESIAN_POINT('',(77.1,-37.,13.4498969388277));
#3483=CARTESIAN_POINT('',(75.6,-37.,11.9498969388277));
#3484=CARTESIAN_POINT('Origin',(75.6,-37.,13.4498969388277));
#3485=CARTESIAN_POINT('',(75.6,-39.9927085686944,11.9498969388277));
#3486=CARTESIAN_POINT('',(77.1,-39.9927085686944,13.4498969388277));
#3487=CARTESIAN_POINT('Origin',(72.6,-47.3640967938292,13.4498969388277));
#3488=CARTESIAN_POINT('',(71.1,-47.3640967938292,10.4498969388277));
#3489=CARTESIAN_POINT('',(71.1,-49.4854171373889,11.3285765952681));
#3490=CARTESIAN_POINT('Origin',(71.1,-47.3640967938292,13.4498969388277));
#3491=CARTESIAN_POINT('',(72.6,-48.4247569656091,12.3892367670479));
#3492=CARTESIAN_POINT('Origin',(72.6,-49.4854171373889,11.3285765952681));
#3493=CARTESIAN_POINT('',(72.6,-47.3640967938292,11.9498969388277));
#3494=CARTESIAN_POINT('Origin',(72.6,-47.3640967938292,13.4498969388277));
#3495=CARTESIAN_POINT('Origin',(72.6,-47.3640967938292,10.4498969388277));
#3496=CARTESIAN_POINT('Origin',(72.6,-59.5961953995213,21.4393548574004));
#3497=CARTESIAN_POINT('',(71.1,-52.6068405421208,14.45));
#3498=CARTESIAN_POINT('Origin',(72.6,-52.6068405421208,14.45));
#3499=CARTESIAN_POINT('',(72.6,-58.5355352277415,22.5000150291803));
#3500=CARTESIAN_POINT('',(71.1,-59.5961953995213,21.4393548574004));
#3501=CARTESIAN_POINT('Origin',(92.1,-47.3640967938292,13.4498969388277));
#3502=CARTESIAN_POINT('',(92.1,-47.3640967938292,11.9498969388277));
#3503=CARTESIAN_POINT('',(92.1,-48.4247569656091,12.3892367670479));
#3504=CARTESIAN_POINT('Origin',(72.6,-59.0928932188135,10.4498969388277));
#3505=CARTESIAN_POINT('',(72.6,-33.6583123951777,11.9498969388277));
#3506=CARTESIAN_POINT('',(71.1,-33.6583123951777,10.4498969388277));
#3507=CARTESIAN_POINT('Origin',(72.6,-33.6583123951777,10.4498969388277));
#3508=CARTESIAN_POINT('',(71.1,-59.0928932188135,10.4498969388277));
#3509=CARTESIAN_POINT('',(72.6,-59.0928932188135,11.9498969388277));
#3510=CARTESIAN_POINT('Origin',(72.6,-59.0928932188135,10.4498969388277));
#3511=CARTESIAN_POINT('',(72.0999999999999,-32.,11.8641105012007));
#3512=CARTESIAN_POINT('Ctrl Pts',(72.6,-33.6583123951777,11.9498969388277));
#3513=CARTESIAN_POINT('Ctrl Pts',(72.4790487466317,-33.4759715200205,11.9498969388277));
#3514=CARTESIAN_POINT('Ctrl Pts',(72.3757645756586,-33.2761465002276,11.935264130442));
#3515=CARTESIAN_POINT('Ctrl Pts',(72.1647582555527,-32.7217562994798,11.8916275375168));
#3516=CARTESIAN_POINT('Ctrl Pts',(72.1,-32.3497130320839,11.8641105012008));
#3517=CARTESIAN_POINT('Ctrl Pts',(72.1,-32.,11.8641105012008));
#3518=CARTESIAN_POINT('',(71.1,-32.,10.4498969388277));
#3519=CARTESIAN_POINT('Origin',(72.6,-32.,10.4498969388277));
#3520=CARTESIAN_POINT('',(71.1,-59.0928932188135,10.4498969388277));
#3521=CARTESIAN_POINT('Origin',(111.1,-29.5,10.4498969388277));
#3522=CARTESIAN_POINT('',(105.441687604822,-29.5,11.9498969388277));
#3523=CARTESIAN_POINT('',(105.441687604822,-28.,10.4498969388277));
#3524=CARTESIAN_POINT('Origin',(105.441687604822,-29.5,10.4498969388277));
#3525=CARTESIAN_POINT('',(76.7583123951777,-28.,10.4498969388277));
#3526=CARTESIAN_POINT('',(111.1,-28.,10.4498969388277));
#3527=CARTESIAN_POINT('',(76.7583123951777,-29.5,11.9498969388277));
#3528=CARTESIAN_POINT('Origin',(76.7583123951777,-29.5,10.4498969388277));
#3529=CARTESIAN_POINT('',(111.1,-29.5,11.9498969388277));
#3530=CARTESIAN_POINT('Origin',(111.1,-29.5,10.4498969388277));
#3531=CARTESIAN_POINT('',(75.1,-29.,11.8641105012008));
#3532=CARTESIAN_POINT('Ctrl Pts',(75.1,-29.,11.8641105012008));
#3533=CARTESIAN_POINT('Ctrl Pts',(75.4497130320839,-29.,11.8641105012008));
#3534=CARTESIAN_POINT('Ctrl Pts',(75.8217562994797,-29.0647582555527,11.8916275375168));
#3535=CARTESIAN_POINT('Ctrl Pts',(76.3761465002275,-29.2757645756586,11.935264130442));
#3536=CARTESIAN_POINT('Ctrl Pts',(76.5759715200204,-29.3790487466317,11.9498969388277));
#3537=CARTESIAN_POINT('Ctrl Pts',(76.7583123951777,-29.5,11.9498969388277));
#3538=CARTESIAN_POINT('',(75.1,-28.,10.4498969388277));
#3539=CARTESIAN_POINT('',(111.1,-28.,10.4498969388277));
#3540=CARTESIAN_POINT('Origin',(75.1,-29.5,10.4498969388277));
#3541=CARTESIAN_POINT('Origin',(75.1,-32.,10.4498969388277));
#3542=CARTESIAN_POINT('Origin',(75.1,-32.,11.8641105012008));
#3543=CARTESIAN_POINT('Origin',(75.1,-32.,10.4498969388277));
#3544=CARTESIAN_POINT('Origin',(111.1,-29.5,10.4498969388277));
#3545=CARTESIAN_POINT('',(107.1,-28.9999999999999,11.8641105012007));
#3546=CARTESIAN_POINT('Ctrl Pts',(105.441687604822,-29.5,11.9498969388277));
#3547=CARTESIAN_POINT('Ctrl Pts',(105.62402847998,-29.3790487466317,11.9498969388277));
#3548=CARTESIAN_POINT('Ctrl Pts',(105.823853499772,-29.2757645756586,11.935264130442));
#3549=CARTESIAN_POINT('Ctrl Pts',(106.37824370052,-29.0647582555527,11.8916275375168));
#3550=CARTESIAN_POINT('Ctrl Pts',(106.750286967916,-29.,11.8641105012008));
#3551=CARTESIAN_POINT('Ctrl Pts',(107.1,-29.,11.8641105012008));
#3552=CARTESIAN_POINT('',(107.1,-28.,10.4498969388277));
#3553=CARTESIAN_POINT('Origin',(107.1,-29.5,10.4498969388277));
#3554=CARTESIAN_POINT('',(111.1,-28.,10.4498969388277));
#3555=CARTESIAN_POINT('Origin',(109.6,-61.2928932188135,10.4498969388277));
#3556=CARTESIAN_POINT('',(110.1,-32.,11.8641105012008));
#3557=CARTESIAN_POINT('Ctrl Pts',(110.1,-32.,11.8641105012008));
#3558=CARTESIAN_POINT('Ctrl Pts',(110.1,-32.3497130320839,11.8641105012008));
#3559=CARTESIAN_POINT('Ctrl Pts',(110.035241744447,-32.7217562994798,11.8916275375168));
#3560=CARTESIAN_POINT('Ctrl Pts',(109.824235424341,-33.2761465002276,11.935264130442));
#3561=CARTESIAN_POINT('Ctrl Pts',(109.720951253368,-33.4759715200205,11.9498969388277));
#3562=CARTESIAN_POINT('Ctrl Pts',(109.6,-33.6583123951777,11.9498969388277));
#3563=CARTESIAN_POINT('',(111.1,-32.,10.4498969388277));
#3564=CARTESIAN_POINT('',(111.1,-61.2928932188135,10.4498969388277));
#3565=CARTESIAN_POINT('Origin',(109.6,-32.,10.4498969388277));
#3566=CARTESIAN_POINT('Origin',(107.1,-32.,10.4498969388277));
#3567=CARTESIAN_POINT('Origin',(107.1,-32.,11.8641105012008));
#3568=CARTESIAN_POINT('Origin',(107.1,-32.,10.4498969388277));
#3569=CARTESIAN_POINT('Origin',(109.6,-52.6068405421208,14.45));
#3570=CARTESIAN_POINT('Origin',(109.6,-52.6068405421208,14.45));
#3571=CARTESIAN_POINT('Origin',(72.6,-52.6068405421208,14.45));
#3572=CARTESIAN_POINT('Origin',(72.6,-52.6068405421208,14.45));
#3573=CARTESIAN_POINT('Origin',(101.1,-37.,12.1999227041208));
#3574=CARTESIAN_POINT('',(105.1,-37.,12.1999227041208));
#3575=CARTESIAN_POINT('',(101.1,-33.,13.4498969388277));
#3576=CARTESIAN_POINT('Origin',(101.1,-37.,13.4498969388277));
#3577=CARTESIAN_POINT('',(101.1,-33.,12.1999227041208));
#3578=CARTESIAN_POINT('Origin',(105.1,-52.3034202710604,12.4499484694138));
#3579=CARTESIAN_POINT('Origin',(101.1,-37.,13.4498969388277));
#3580=CARTESIAN_POINT('',(106.162216727937,-34.8496600735243,11.9498969388277));
#3581=CARTESIAN_POINT('Origin',(101.1,-37.,11.9498969388277));
#3582=CARTESIAN_POINT('',(104.127947206489,-32.4085366477872,11.9498969388277));
#3583=CARTESIAN_POINT('Ctrl Pts',(106.162216727937,-34.8496600735243,11.9498969388277));
#3584=CARTESIAN_POINT('Ctrl Pts',(106.063492523933,-34.81717131884,11.9498969388277));
#3585=CARTESIAN_POINT('Ctrl Pts',(105.966721815373,-34.7796389387983,11.956000923457));
#3586=CARTESIAN_POINT('Ctrl Pts',(105.549293616276,-34.5924159595175,11.9997188485728));
#3587=CARTESIAN_POINT('Ctrl Pts',(105.247049147383,-34.3892276880784,12.0797966485268));
#3588=CARTESIAN_POINT('Ctrl Pts',(104.943060046288,-34.0857638674563,12.1114499008594));
#3589=CARTESIAN_POINT('Ctrl Pts',(104.90662269712,-34.0474154587162,12.1143125148257));
#3590=CARTESIAN_POINT('Ctrl Pts',(104.85525073127,-33.9903925645488,12.1167827168982));
#3591=CARTESIAN_POINT('Ctrl Pts',(104.839597695849,-33.972598226924,12.1173144337645));
#3592=CARTESIAN_POINT('Ctrl Pts',(104.812666619504,-33.9412409706067,12.1178306077838));
#3593=CARTESIAN_POINT('Ctrl Pts',(104.80130617848,-33.9277752103144,12.1179204595874));
#3594=CARTESIAN_POINT('Ctrl Pts',(104.778187246808,-33.8998768074612,12.1178366646982));
#3595=CARTESIAN_POINT('Ctrl Pts',(104.766450226288,-33.8854420404367,12.117647984203));
#3596=CARTESIAN_POINT('Ctrl Pts',(104.737008558221,-33.8485371395097,12.1168022132112));
#3597=CARTESIAN_POINT('Ctrl Pts',(104.719508521345,-33.8259455813345,12.1159483980971));
#3598=CARTESIAN_POINT('Ctrl Pts',(104.668701493636,-33.7583850614552,12.1124440601347));
#3599=CARTESIAN_POINT('Ctrl Pts',(104.636438813073,-33.7128861106831,12.1088612224593));
#3600=CARTESIAN_POINT('Ctrl Pts',(104.528591985101,-33.5514517871348,12.0925662668797));
#3601=CARTESIAN_POINT('Ctrl Pts',(104.460389388688,-33.432177569328,12.074190195678));
#3602=CARTESIAN_POINT('Ctrl Pts',(104.263801719564,-33.0268664000381,12.006974883246));
#3603=CARTESIAN_POINT('Ctrl Pts',(104.171180743875,-32.7230552013984,11.9498969388277));
#3604=CARTESIAN_POINT('Ctrl Pts',(104.127947206489,-32.4085366477872,11.9498969388277));
#3605=CARTESIAN_POINT('',(101.1,-31.5,11.9498969388277));
#3606=CARTESIAN_POINT('Origin',(101.1,-37.,11.9498969388277));
#3607=CARTESIAN_POINT('Origin',(101.1,-31.5,13.4498969388277));
#3608=CARTESIAN_POINT('Origin',(107.1,-32.,16.45));
#3609=CARTESIAN_POINT('',(104.1,-32.,11.9498969388277));
#3610=CARTESIAN_POINT('Origin',(107.1,-32.,11.9498969388277));
#3611=CARTESIAN_POINT('',(104.1,-32.,6.95));
#3612=CARTESIAN_POINT('',(104.1,-32.,16.45));
#3613=CARTESIAN_POINT('Origin',(107.1,-32.,6.95));
#3614=CARTESIAN_POINT('Origin',(107.1,-32.,11.9498969388277));
#3615=CARTESIAN_POINT('Origin',(107.1,-32.,11.9498969388277));
#3616=CARTESIAN_POINT('Origin',(111.1,-32.,11.9498969388277));
#3617=CARTESIAN_POINT('',(78.0720527935107,-32.4085366477871,11.9498969388277));
#3618=CARTESIAN_POINT('Origin',(75.1,-32.,11.9498969388277));
#3619=CARTESIAN_POINT('',(81.1,-31.5,11.9498969388277));
#3620=CARTESIAN_POINT('Origin',(81.1,-37.,11.9498969388277));
#3621=CARTESIAN_POINT('',(107.1,-31.5,11.9498969388277));
#3622=CARTESIAN_POINT('Origin',(111.1,-32.,11.9498969388277));
#3623=CARTESIAN_POINT('',(76.0377832720631,-34.8496600735243,11.9498969388277));
#3624=CARTESIAN_POINT('Origin',(81.1,-37.,11.9498969388277));
#3625=CARTESIAN_POINT('Origin',(75.1,-32.,11.9498969388277));
#3626=CARTESIAN_POINT('Origin',(111.1,-32.,11.9498969388277));
#3627=CARTESIAN_POINT('Origin',(72.6,-76.0928932188135,14.45));
#3628=CARTESIAN_POINT('',(71.1,-88.3928932188135,14.45));
#3629=CARTESIAN_POINT('',(71.1,-76.0928932188135,14.45));
#3630=CARTESIAN_POINT('',(72.6,-88.3928932188135,15.95));
#3631=CARTESIAN_POINT('Origin',(72.6,-88.3928932188135,14.45));
#3632=CARTESIAN_POINT('',(72.6,-76.0928932188135,15.95));
#3633=CARTESIAN_POINT('Origin',(71.1,-86.1857864376269,15.95));
#3634=CARTESIAN_POINT('',(71.1,-32.,4.95));
#3635=CARTESIAN_POINT('',(71.1,-32.,-0.05));
#3636=CARTESIAN_POINT('',(71.1,-104.,4.95));
#3637=CARTESIAN_POINT('',(71.1,-77.0928932188135,4.95));
#3638=CARTESIAN_POINT('',(71.1,-104.,10.45));
#3639=CARTESIAN_POINT('',(71.1,-104.,-0.05));
#3640=CARTESIAN_POINT('',(71.1,-92.3928932188135,10.45));
#3641=CARTESIAN_POINT('',(71.1,-91.8428932188135,10.45));
#3642=CARTESIAN_POINT('',(71.1,-88.5928932188135,14.25));
#3643=CARTESIAN_POINT('Origin',(75.1,-32.,-0.05));
#3644=CARTESIAN_POINT('',(75.1,-28.,4.95));
#3645=CARTESIAN_POINT('',(75.1,-28.,-0.05));
#3646=CARTESIAN_POINT('Origin',(75.1,-32.,4.95));
#3647=CARTESIAN_POINT('Origin',(111.1,-28.,-0.05));
#3648=CARTESIAN_POINT('',(107.1,-28.,4.95));
#3649=CARTESIAN_POINT('',(107.1,-28.,-0.05));
#3650=CARTESIAN_POINT('',(101.1,-28.,4.95));
#3651=CARTESIAN_POINT('Origin',(73.1,-47.9854171373889,11.9498969388277));
#3652=CARTESIAN_POINT('Origin',(111.1,-47.5460773091687,11.5105571106075));
#3653=CARTESIAN_POINT('Origin',(107.1,-31.5,13.4498969388277));
#3654=CARTESIAN_POINT('',(81.1,-33.,13.4498969388277));
#3655=CARTESIAN_POINT('Origin',(81.1,-31.5,13.4498969388277));
#3656=CARTESIAN_POINT('',(107.1,-33.,13.4498969388277));
#3657=CARTESIAN_POINT('Origin',(81.1,-37.,13.4498969388277));
#3658=CARTESIAN_POINT('Origin',(81.1,-37.,13.4498969388277));
#3659=CARTESIAN_POINT('Ctrl Pts',(78.0720527935107,-32.4085366477871,11.9498969388277));
#3660=CARTESIAN_POINT('Ctrl Pts',(78.0578993666743,-32.5115010501111,11.9498969388277));
#3661=CARTESIAN_POINT('Ctrl Pts',(78.0384327271933,-32.6134534877181,11.956000923457));
#3662=CARTESIAN_POINT('Ctrl Pts',(77.9295529146231,-33.0578001224382,11.9997188485729));
#3663=CARTESIAN_POINT('Ctrl Pts',(77.7841986994014,-33.3917302719366,12.0797966485268));
#3664=CARTESIAN_POINT('Ctrl Pts',(77.5405274022656,-33.7454589291914,12.1114499008594));
#3665=CARTESIAN_POINT('Ctrl Pts',(77.5093783254861,-33.7882142315888,12.1143125148257));
#3666=CARTESIAN_POINT('Ctrl Pts',(77.4625540299833,-33.8490268510446,12.1167827168981));
#3667=CARTESIAN_POINT('Ctrl Pts',(77.4478740813297,-33.8676320943094,12.1173144337645));
#3668=CARTESIAN_POINT('Ctrl Pts',(77.4218873019964,-33.8997762648058,12.1178306077838));
#3669=CARTESIAN_POINT('Ctrl Pts',(77.4106908959926,-33.9133787209476,12.1179204595874));
#3670=CARTESIAN_POINT('Ctrl Pts',(77.3874188316852,-33.9411495132696,12.1178366646982));
#3671=CARTESIAN_POINT('Ctrl Pts',(77.375337212083,-33.9552971143915,12.1176479842031));
#3672=CARTESIAN_POINT('Ctrl Pts',(77.3443464627895,-33.9909111142977,12.1168022132112));
#3673=CARTESIAN_POINT('Ctrl Pts',(77.3252810023816,-34.0121981528622,12.1159483980971));
#3674=CARTESIAN_POINT('Ctrl Pts',(77.2679899550378,-34.0743553230463,12.1124440601347));
#3675=CARTESIAN_POINT('Ctrl Pts',(77.2290547491337,-34.1142938360343,12.1088612224593));
#3676=CARTESIAN_POINT('Ctrl Pts',(77.0897146785573,-34.2494837907454,12.0925662668797));
#3677=CARTESIAN_POINT('Ctrl Pts',(76.984694604658,-34.338076777313,12.0741901956781));
#3678=CARTESIAN_POINT('Ctrl Pts',(76.6214781161819,-34.6045305971433,12.0069748832461));
#3679=CARTESIAN_POINT('Ctrl Pts',(76.3393495721523,-34.7504188221663,11.9498969388277));
#3680=CARTESIAN_POINT('Ctrl Pts',(76.0377832720631,-34.8496600735243,11.9498969388277));
#3681=CARTESIAN_POINT('Origin',(81.1,-37.,11.9498969388277));
#3682=CARTESIAN_POINT('',(81.1,-33.,11.9498969388277));
#3683=CARTESIAN_POINT('',(77.1,-37.,11.9498969388277));
#3684=CARTESIAN_POINT('Origin',(77.1,-47.9854171373889,11.9498969388277));
#3685=CARTESIAN_POINT('Origin',(91.1,-66.,15.95));
#3686=CARTESIAN_POINT('',(109.6,-88.3928932188135,15.95));
#3687=CARTESIAN_POINT('',(93.6282599728874,-88.3928932188135,15.95));
#3688=CARTESIAN_POINT('',(109.6,-78.2928932188135,15.95));
#3689=CARTESIAN_POINT('',(82.1,-43.65,15.95));
#3690=CARTESIAN_POINT('Origin',(91.1,-43.65,15.95));
#3691=CARTESIAN_POINT('Origin',(103.1,-33.,11.9498969388277));
#3692=CARTESIAN_POINT('Origin',(91.1,-43.65,14.));
#3693=CARTESIAN_POINT('',(103.1,-48.3839201514178,14.45));
#3694=CARTESIAN_POINT('Ctrl Pts',(103.1,-48.3839201514178,14.45));
#3695=CARTESIAN_POINT('Ctrl Pts',(103.1,-45.9314073018881,13.55));
#3696=CARTESIAN_POINT('Ctrl Pts',(103.1,-43.65,13.55));
#3697=CARTESIAN_POINT('',(79.1,-48.3839201514178,14.45));
#3698=CARTESIAN_POINT('Origin',(91.1,-43.65,14.45));
#3699=CARTESIAN_POINT('Ctrl Pts',(79.1,-43.65,13.55));
#3700=CARTESIAN_POINT('Ctrl Pts',(79.1,-45.9314073018881,13.55));
#3701=CARTESIAN_POINT('Ctrl Pts',(79.1,-48.3839201514178,14.45));
#3702=CARTESIAN_POINT('Origin',(79.1,-50.235468667975,12.5106086411937));
#3703=CARTESIAN_POINT('',(79.1,-52.4855201985612,14.45));
#3704=CARTESIAN_POINT('',(79.1,-51.6464466094068,14.45));
#3705=CARTESIAN_POINT('',(79.1,-48.6067374809485,10.5712172823874));
#3706=CARTESIAN_POINT('',(79.1,-52.4855201985612,14.45));
#3707=CARTESIAN_POINT('',(79.1,-48.6067374809485,7.94999999999999));
#3708=CARTESIAN_POINT('',(79.1,-48.6067374809485,7.94999999999999));
#3709=CARTESIAN_POINT('',(79.1,-37.,7.94999999999999));
#3710=CARTESIAN_POINT('',(79.1,-59.1177343339875,7.94999999999999));
#3711=CARTESIAN_POINT('',(79.1,-37.,3.95));
#3712=CARTESIAN_POINT('Origin',(91.1,-58.5928932188135,14.45));
#3713=CARTESIAN_POINT('',(103.1,-52.4855201985612,14.45));
#3714=CARTESIAN_POINT('',(103.1,-54.0695110292842,14.45));
#3715=CARTESIAN_POINT('',(109.1,-52.4855201985612,14.45));
#3716=CARTESIAN_POINT('',(100.1,-52.4855201985612,14.45));
#3717=CARTESIAN_POINT('',(109.1,-76.7,14.45));
#3718=CARTESIAN_POINT('',(109.1,-83.2964466094067,14.45));
#3719=CARTESIAN_POINT('',(110.6,-76.7,14.45));
#3720=CARTESIAN_POINT('',(101.1,-76.7,14.45));
#3721=CARTESIAN_POINT('',(110.6,-84.3,14.45));
#3722=CARTESIAN_POINT('',(110.6,-78.2928932188135,14.45));
#3723=CARTESIAN_POINT('',(109.1,-84.3,14.45));
#3724=CARTESIAN_POINT('',(101.1,-84.3,14.45));
#3725=CARTESIAN_POINT('',(109.1,-87.6857864376269,14.45));
#3726=CARTESIAN_POINT('',(109.1,-97.3428932188135,14.45));
#3727=CARTESIAN_POINT('',(73.1,-87.6857864376269,14.45));
#3728=CARTESIAN_POINT('',(100.128259972887,-87.6857864376269,14.45));
#3729=CARTESIAN_POINT('',(73.1,-52.4855201985612,14.45));
#3730=CARTESIAN_POINT('',(73.1,-57.0928932188135,14.45));
#3731=CARTESIAN_POINT('',(84.1,-52.4855201985612,14.45));
#3732=CARTESIAN_POINT('Origin',(74.1,-42.,-0.05));
#3733=CARTESIAN_POINT('',(76.1,-40.,4.95));
#3734=CARTESIAN_POINT('',(71.9137109443354,-44.1862890556646,0.763710944335403));
#3735=CARTESIAN_POINT('',(82.6355339059327,-33.4644660940673,4.95));
#3736=CARTESIAN_POINT('',(71.85,-44.25,4.95));
#3737=CARTESIAN_POINT('',(82.6355339059327,-33.4644660940673,-0.0499999999999995));
#3738=CARTESIAN_POINT('Origin',(77.6,-59.1177343339875,6.45));
#3739=CARTESIAN_POINT('',(76.1,-48.6067374809485,4.94999999999999));
#3740=CARTESIAN_POINT('',(78.35,-48.6067374809485,7.19999999999999));
#3741=CARTESIAN_POINT('',(76.1,-59.1177343339875,4.95));
#3742=CARTESIAN_POINT('Origin',(91.1,-68.,4.95));
#3743=CARTESIAN_POINT('',(73.1,-48.6067374809485,4.95));
#3744=CARTESIAN_POINT('',(79.1,-48.6067374809485,4.94999999999999));
#3745=CARTESIAN_POINT('',(73.1,-94.2,4.95));
#3746=CARTESIAN_POINT('',(73.1,-48.,4.95));
#3747=CARTESIAN_POINT('',(78.9,-100.,4.95));
#3748=CARTESIAN_POINT('',(71.55,-92.6500000000001,4.95));
#3749=CARTESIAN_POINT('',(78.9,-106.,4.95));
#3750=CARTESIAN_POINT('',(78.9,-88.,4.95));
#3751=CARTESIAN_POINT('',(103.1,-106.,4.95));
#3752=CARTESIAN_POINT('',(81.1,-106.,4.95));
#3753=CARTESIAN_POINT('',(103.1,-100.,4.95));
#3754=CARTESIAN_POINT('',(103.1,-86.,4.95));
#3755=CARTESIAN_POINT('',(109.1,-94.,4.95));
#3756=CARTESIAN_POINT('',(110.6,-92.5,4.95));
#3757=CARTESIAN_POINT('',(109.1,-85.5,4.95));
#3758=CARTESIAN_POINT('',(109.1,-88.,4.95));
#3759=CARTESIAN_POINT('',(111.1,-85.5,4.95));
#3760=CARTESIAN_POINT('',(101.1,-85.5,4.95));
#3761=CARTESIAN_POINT('',(111.1,-104.,4.95));
#3762=CARTESIAN_POINT('',(111.1,-79.2928932188135,4.95));
#3763=CARTESIAN_POINT('',(107.1,-108.,4.95));
#3764=CARTESIAN_POINT('Origin',(107.1,-104.,4.95));
#3765=CARTESIAN_POINT('',(75.1,-108.,4.95));
#3766=CARTESIAN_POINT('',(81.1,-108.,4.95));
#3767=CARTESIAN_POINT('Origin',(75.1,-104.,4.95));
#3768=CARTESIAN_POINT('',(111.1,-32.,4.95));
#3769=CARTESIAN_POINT('Origin',(107.1,-32.,4.95));
#3770=CARTESIAN_POINT('',(111.1,-75.5,4.95));
#3771=CARTESIAN_POINT('',(111.1,-79.2928932188135,4.95));
#3772=CARTESIAN_POINT('',(109.1,-75.5,4.95));
#3773=CARTESIAN_POINT('',(101.1,-75.5,4.95));
#3774=CARTESIAN_POINT('',(109.1,-48.6067374809485,4.95));
#3775=CARTESIAN_POINT('',(109.1,-88.,4.95));
#3776=CARTESIAN_POINT('',(106.1,-48.6067374809485,4.95));
#3777=CARTESIAN_POINT('',(103.1,-48.6067374809485,4.95));
#3778=CARTESIAN_POINT('',(106.1,-58.3033687404743,4.95));
#3779=CARTESIAN_POINT('',(96.0289321881346,-32.,4.95));
#3780=CARTESIAN_POINT('Origin',(96.0289321881346,-37.,4.95));
#3781=CARTESIAN_POINT('',(86.1710678118654,-32.,4.95));
#3782=CARTESIAN_POINT('',(101.1,-32.,4.95));
#3783=CARTESIAN_POINT('Origin',(86.1710678118654,-37.,4.95));
#3784=CARTESIAN_POINT('',(76.7,-104.,4.95));
#3785=CARTESIAN_POINT('Origin',(75.1,-104.,4.95));
#3786=CARTESIAN_POINT('',(108.7,-104.,4.95));
#3787=CARTESIAN_POINT('Origin',(107.1,-104.,4.95));
#3788=CARTESIAN_POINT('',(108.7,-32.,4.95));
#3789=CARTESIAN_POINT('Origin',(107.1,-32.,4.95));
#3790=CARTESIAN_POINT('',(76.7,-32.,4.95));
#3791=CARTESIAN_POINT('Origin',(75.1,-32.,4.95));
#3792=CARTESIAN_POINT('Origin',(73.1,-28.,-0.05));
#3793=CARTESIAN_POINT('',(73.1,-48.6067374809485,10.5712172823874));
#3794=CARTESIAN_POINT('',(73.1,-48.6067374809485,3.94999999999996));
#3795=CARTESIAN_POINT('',(73.1,-40.7997487901146,2.76422859155338));
#3796=CARTESIAN_POINT('',(73.1,-91.5857864376269,10.55));
#3797=CARTESIAN_POINT('',(73.1,-76.8505092259427,25.2852772116842));
#3798=CARTESIAN_POINT('',(73.1,-94.2,10.55));
#3799=CARTESIAN_POINT('',(73.1,-63.75,10.55));
#3800=CARTESIAN_POINT('',(73.1,-94.2,-0.05));
#3801=CARTESIAN_POINT('Origin',(79.1,-48.6067374809485,10.5712172823874));
#3802=CARTESIAN_POINT('',(79.1,-48.6067374809485,10.5712172823874));
#3803=CARTESIAN_POINT('Origin',(79.1,-48.6067374809485,7.94999999999999));
#3804=CARTESIAN_POINT('Origin',(103.1,-50.235468667975,12.5106086411937));
#3805=CARTESIAN_POINT('',(103.1,-48.6067374809485,7.94999999999999));
#3806=CARTESIAN_POINT('',(103.1,-54.2694187042246,7.94999999999999));
#3807=CARTESIAN_POINT('',(103.1,-48.6067374809485,10.5712172823874));
#3808=CARTESIAN_POINT('',(103.1,-48.6067374809485,10.4498969388277));
#3809=CARTESIAN_POINT('',(103.1,-52.4855201985612,14.45));
#3810=CARTESIAN_POINT('Origin',(109.1,-48.6067374809485,10.4498969388277));
#3811=CARTESIAN_POINT('',(104.475025765293,-48.6067374809485,6.57497423470692));
#3812=CARTESIAN_POINT('',(109.1,-48.6067374809485,10.5712172823874));
#3813=CARTESIAN_POINT('',(109.1,-48.6067374809485,5.19994846941384));
#3814=CARTESIAN_POINT('',(109.1,-48.6067374809485,10.5712172823873));
#3815=CARTESIAN_POINT('Origin',(75.1,-32.,16.45));
#3816=CARTESIAN_POINT('',(72.1,-32.,6.95));
#3817=CARTESIAN_POINT('',(72.1,-32.,16.45));
#3818=CARTESIAN_POINT('Origin',(75.1,-32.,6.95));
#3819=CARTESIAN_POINT('Origin',(109.1,-48.6067374809485,10.5712172823874));
#3820=CARTESIAN_POINT('',(109.1,-60.7997487901146,22.7642285915534));
#3821=CARTESIAN_POINT('Origin',(109.1,-108.,-0.05));
#3822=CARTESIAN_POINT('',(109.1,-75.5,13.25));
#3823=CARTESIAN_POINT('',(109.1,-75.5,5.95));
#3824=CARTESIAN_POINT('Origin',(109.1,-76.7,13.25));
#3825=CARTESIAN_POINT('Origin',(96.0289321881346,-37.,-0.0499999999999992));
#3826=CARTESIAN_POINT('',(96.0289321881346,-32.,-0.0499999999999992));
#3827=CARTESIAN_POINT('Origin',(111.1,-32.,-0.0499999999999989));
#3828=CARTESIAN_POINT('',(86.1710678118654,-32.,-0.0499999999999995));
#3829=CARTESIAN_POINT('Origin',(104.1,-58.3033687404743,6.95));
#3830=CARTESIAN_POINT('Origin',(109.6,-78.2928932188135,14.45));
#3831=CARTESIAN_POINT('',(111.1,-88.3928932188135,14.45));
#3832=CARTESIAN_POINT('Origin',(109.6,-88.3928932188135,14.45));
#3833=CARTESIAN_POINT('',(111.1,-85.5041594578793,14.45));
#3834=CARTESIAN_POINT('',(111.1,-74.5893398282202,14.45));
#3835=CARTESIAN_POINT('',(111.016666666667,-84.3,14.9430066485916));
#3836=CARTESIAN_POINT('Ctrl Pts',(111.016666666667,-84.3000000000001,14.9430066485916));
#3837=CARTESIAN_POINT('Ctrl Pts',(111.016666666667,-84.5221022325859,14.9430066485916));
#3838=CARTESIAN_POINT('Ctrl Pts',(111.050057814929,-84.9677936984703,14.8606677297368));
#3839=CARTESIAN_POINT('Ctrl Pts',(111.1,-85.346733803748,14.6079713252791));
#3840=CARTESIAN_POINT('Ctrl Pts',(111.1,-85.5041594578793,14.45));
#3841=CARTESIAN_POINT('',(111.016666666667,-76.7,14.9430066485916));
#3842=CARTESIAN_POINT('',(111.016666666667,-78.2928932188135,14.9430066485916));
#3843=CARTESIAN_POINT('',(111.1,-75.4958405421208,14.45));
#3844=CARTESIAN_POINT('Ctrl Pts',(111.1,-75.4958405421208,14.45));
#3845=CARTESIAN_POINT('Ctrl Pts',(111.1,-75.653266196252,14.6079713252791));
#3846=CARTESIAN_POINT('Ctrl Pts',(111.050057116232,-76.0322062136053,14.8606679936559));
#3847=CARTESIAN_POINT('Ctrl Pts',(111.016666666667,-76.4778977674142,14.9430066485916));
#3848=CARTESIAN_POINT('Ctrl Pts',(111.016666666667,-76.7,14.9430066485916));
#3849=CARTESIAN_POINT('',(111.1,-78.2928932188135,14.45));
#3850=CARTESIAN_POINT('Origin',(111.1,-90.5857864376269,11.55));
#3851=CARTESIAN_POINT('',(111.1,-75.,13.25));
#3852=CARTESIAN_POINT('Origin',(111.1,-76.7,13.25));
#3853=CARTESIAN_POINT('',(111.1,-75.,8.75));
#3854=CARTESIAN_POINT('',(111.1,-75.,10.25));
#3855=CARTESIAN_POINT('',(111.1,-75.5,8.39644660940672));
#3856=CARTESIAN_POINT('',(111.1,-80.7310064948869,4.69756644444137));
#3857=CARTESIAN_POINT('',(111.1,-75.5,11.));
#3858=CARTESIAN_POINT('',(111.1,-32.,-0.05));
#3859=CARTESIAN_POINT('Origin',(111.1,-75.5,10.45));
#3860=CARTESIAN_POINT('',(110.6,-75.5,8.75));
#3861=CARTESIAN_POINT('',(109.47835016878,-75.5,9.54312620177268));
#3862=CARTESIAN_POINT('',(110.6,-75.5,13.25));
#3863=CARTESIAN_POINT('',(110.6,-75.5,9.7));
#3864=CARTESIAN_POINT('',(101.1,-75.5,13.25));
#3865=CARTESIAN_POINT('Origin',(107.1,-32.,-0.05));
#3866=CARTESIAN_POINT('Origin',(75.1,-104.,-0.05));
#3867=CARTESIAN_POINT('',(75.1,-108.,10.45));
#3868=CARTESIAN_POINT('',(75.1,-108.,-0.05));
#3869=CARTESIAN_POINT('Origin',(75.1,-104.,10.45));
#3870=CARTESIAN_POINT('Origin',(71.1,-108.,-0.05));
#3871=CARTESIAN_POINT('',(107.1,-108.,10.45));
#3872=CARTESIAN_POINT('',(107.1,-108.,-0.05));
#3873=CARTESIAN_POINT('',(81.1,-108.,10.45));
#3874=CARTESIAN_POINT('Origin',(107.1,-104.,-0.05));
#3875=CARTESIAN_POINT('',(111.1,-104.,10.45));
#3876=CARTESIAN_POINT('',(111.1,-104.,-0.05));
#3877=CARTESIAN_POINT('Origin',(107.1,-104.,10.45));
#3878=CARTESIAN_POINT('Origin',(111.1,-90.5857864376269,11.55));
#3879=CARTESIAN_POINT('',(111.1,-85.5,8.39644660940673));
#3880=CARTESIAN_POINT('',(111.1,-85.5,11.));
#3881=CARTESIAN_POINT('',(111.1,-86.,8.75));
#3882=CARTESIAN_POINT('',(111.1,-84.9095177968644,7.97891263939958));
#3883=CARTESIAN_POINT('',(111.1,-86.,13.25));
#3884=CARTESIAN_POINT('',(111.1,-86.,10.25));
#3885=CARTESIAN_POINT('Origin',(111.1,-84.3,13.25));
#3886=CARTESIAN_POINT('',(111.1,-92.3928932188135,10.45));
#3887=CARTESIAN_POINT('',(111.1,-90.7928932188135,12.05));
#3888=CARTESIAN_POINT('',(111.1,-94.0428932188135,10.45));
#3889=CARTESIAN_POINT('Origin',(111.1,-85.5,10.45));
#3890=CARTESIAN_POINT('',(109.1,-85.5,13.25));
#3891=CARTESIAN_POINT('',(109.1,-85.5,5.95));
#3892=CARTESIAN_POINT('',(110.6,-85.5,13.25));
#3893=CARTESIAN_POINT('',(101.1,-85.5,13.25));
#3894=CARTESIAN_POINT('',(110.6,-85.5,8.75));
#3895=CARTESIAN_POINT('',(110.6,-85.5,9.7));
#3896=CARTESIAN_POINT('',(107.395016835446,-85.5,11.0162653292446));
#3897=CARTESIAN_POINT('Origin',(86.1710678118654,-37.,-0.0499999999999995));
#3898=CARTESIAN_POINT('Origin',(98.255,-94.,5.595));
#3899=CARTESIAN_POINT('',(100.035891034076,-91.5857864376269,10.55));
#3900=CARTESIAN_POINT('',(96.4741089659235,-91.5857864376269,10.55));
#3901=CARTESIAN_POINT('Origin',(98.255,-94.,8.13578643762693));
#3902=CARTESIAN_POINT('',(101.255,-94.,10.55));
#3903=CARTESIAN_POINT('Origin',(98.255,-94.,10.55));
#3904=CARTESIAN_POINT('',(101.255,-94.,11.95));
#3905=CARTESIAN_POINT('',(101.255,-94.,5.595));
#3906=CARTESIAN_POINT('',(101.232778444793,-93.6355339059328,11.95));
#3907=CARTESIAN_POINT('Origin',(98.255,-94.,11.95));
#3908=CARTESIAN_POINT('',(100.894889226159,-92.5748737341529,12.3893398282202));
#3909=CARTESIAN_POINT('Ctrl Pts',(100.894889226159,-92.5748737341529,12.3893398282202));
#3910=CARTESIAN_POINT('Ctrl Pts',(100.965045312208,-92.7048301458392,12.2593834165339));
#3911=CARTESIAN_POINT('Ctrl Pts',(101.040572640104,-92.8694712393779,12.1450421605124));
#3912=CARTESIAN_POINT('Ctrl Pts',(101.16281429908,-93.2370279920119,11.9902191499604));
#3913=CARTESIAN_POINT('Ctrl Pts',(101.208879047347,-93.4402698972468,11.95));
#3914=CARTESIAN_POINT('Ctrl Pts',(101.232778444793,-93.6355339059327,11.95));
#3915=CARTESIAN_POINT('',(95.6151107738405,-92.5748737341529,12.3893398282202));
#3916=CARTESIAN_POINT('Origin',(98.255,-94.,10.9642135623731));
#3917=CARTESIAN_POINT('',(95.2772215552067,-93.6355339059328,11.95));
#3918=CARTESIAN_POINT('Ctrl Pts',(95.2772215552067,-93.6355339059327,11.95));
#3919=CARTESIAN_POINT('Ctrl Pts',(95.3011209526525,-93.4402698972468,11.95));
#3920=CARTESIAN_POINT('Ctrl Pts',(95.3471857009203,-93.2370279920119,11.9902191499604));
#3921=CARTESIAN_POINT('Ctrl Pts',(95.4694273598956,-92.8694712393779,12.1450421605124));
#3922=CARTESIAN_POINT('Ctrl Pts',(95.5449546877919,-92.7048301458392,12.2593834165339));
#3923=CARTESIAN_POINT('Ctrl Pts',(95.6151107738405,-92.5748737341529,12.3893398282202));
#3924=CARTESIAN_POINT('Origin',(98.255,-94.,11.95));
#3925=CARTESIAN_POINT('Origin',(98.255,-94.,10.55));
#3926=CARTESIAN_POINT('Origin',(93.6282599728874,-93.6355339059328,13.45));
#3927=CARTESIAN_POINT('',(109.6,-93.6355339059328,11.95));
#3928=CARTESIAN_POINT('',(93.6282599728874,-93.6355339059328,11.95));
#3929=CARTESIAN_POINT('',(109.6,-92.5748737341529,12.3893398282202));
#3930=CARTESIAN_POINT('Origin',(109.6,-93.6355339059328,13.45));
#3931=CARTESIAN_POINT('',(93.6282599728874,-92.5748737341529,12.3893398282202));
#3932=CARTESIAN_POINT('Ctrl Pts',(109.6,-92.5748737341529,12.3893398282202));
#3933=CARTESIAN_POINT('Ctrl Pts',(109.936599212885,-92.5748737341529,12.3893398282202));
#3934=CARTESIAN_POINT('Ctrl Pts',(110.723128876699,-92.541581866291,12.0345532447219));
#3935=CARTESIAN_POINT('Ctrl Pts',(111.1,-92.4473416616789,11.0302491197286));
#3936=CARTESIAN_POINT('Ctrl Pts',(111.1,-92.3928932188135,10.45));
#3937=CARTESIAN_POINT('Ctrl Pts',(109.6,-92.8525539177878,12.1116596445853));
#3938=CARTESIAN_POINT('Ctrl Pts',(109.899689421062,-92.8525539177878,12.1116596445853));
#3939=CARTESIAN_POINT('Ctrl Pts',(110.628382859362,-92.8119086619544,11.8836141873879));
#3940=CARTESIAN_POINT('Ctrl Pts',(111.1,-92.5531245887779,10.9864323966567));
#3941=CARTESIAN_POINT('Ctrl Pts',(111.1,-92.3928932188135,10.45));
#3942=CARTESIAN_POINT('Ctrl Pts',(109.6,-93.242834824234,11.95));
#3943=CARTESIAN_POINT('Ctrl Pts',(109.899689421062,-93.242834824234,11.95));
#3944=CARTESIAN_POINT('Ctrl Pts',(110.628382859362,-93.1103228710539,11.7600069747741));
#3945=CARTESIAN_POINT('Ctrl Pts',(111.1,-92.6589075158769,10.9426156735848));
#3946=CARTESIAN_POINT('Ctrl Pts',(111.1,-92.3928932188135,10.45));
#3947=CARTESIAN_POINT('Ctrl Pts',(109.6,-93.6355339059327,11.95));
#3948=CARTESIAN_POINT('Ctrl Pts',(109.936599212885,-93.6355339059327,11.95));
#3949=CARTESIAN_POINT('Ctrl Pts',(110.723128876699,-93.4082028123907,11.6755870954108));
#3950=CARTESIAN_POINT('Ctrl Pts',(111.1,-92.7646904429759,10.8987989505128));
#3951=CARTESIAN_POINT('Ctrl Pts',(111.1,-92.3928932188135,10.45));
#3952=CARTESIAN_POINT('Origin',(109.6,-92.3928932188135,10.45));
#3953=CARTESIAN_POINT('Origin',(109.6,-92.3928932188135,10.45));
#3954=CARTESIAN_POINT('Origin',(109.6,-94.0428932188135,10.45));
#3955=CARTESIAN_POINT('',(109.6,-102.341687604822,11.95));
#3956=CARTESIAN_POINT('',(109.6,-94.0428932188135,11.95));
#3957=CARTESIAN_POINT('',(110.1,-104.,11.864213562373));
#3958=CARTESIAN_POINT('Ctrl Pts',(109.6,-102.341687604822,11.95));
#3959=CARTESIAN_POINT('Ctrl Pts',(109.720951253368,-102.52402847998,11.95));
#3960=CARTESIAN_POINT('Ctrl Pts',(109.824235424341,-102.723853499772,11.9353671916143));
#3961=CARTESIAN_POINT('Ctrl Pts',(110.035241744447,-103.27824370052,11.8917305986891));
#3962=CARTESIAN_POINT('Ctrl Pts',(110.1,-103.650286967916,11.8642135623731));
#3963=CARTESIAN_POINT('Ctrl Pts',(110.1,-104.,11.8642135623731));
#3964=CARTESIAN_POINT('Origin',(109.6,-104.,10.45));
#3965=CARTESIAN_POINT('Origin',(91.1,-97.5,11.95));
#3966=CARTESIAN_POINT('',(72.6,-93.6355339059328,11.95));
#3967=CARTESIAN_POINT('',(93.6282599728874,-93.6355339059328,11.95));
#3968=CARTESIAN_POINT('',(72.6,-102.341687604822,11.95));
#3969=CARTESIAN_POINT('',(72.6,-91.8428932188135,11.95));
#3970=CARTESIAN_POINT('',(76.7583123951777,-106.5,11.95));
#3971=CARTESIAN_POINT('Origin',(75.1,-104.,11.95));
#3972=CARTESIAN_POINT('',(105.441687604822,-106.5,11.95));
#3973=CARTESIAN_POINT('',(81.1,-106.5,11.95));
#3974=CARTESIAN_POINT('',(104.1,-104.,11.95));
#3975=CARTESIAN_POINT('Origin',(107.1,-104.,11.95));
#3976=CARTESIAN_POINT('Origin',(107.1,-104.,11.95));
#3977=CARTESIAN_POINT('',(96.1,-104.09,11.95));
#3978=CARTESIAN_POINT('',(86.1,-104.09,11.95));
#3979=CARTESIAN_POINT('',(88.1,-104.09,11.95));
#3980=CARTESIAN_POINT('',(86.1,-99.09,11.95));
#3981=CARTESIAN_POINT('',(86.1,-97.295,11.95));
#3982=CARTESIAN_POINT('',(96.1,-99.09,11.95));
#3983=CARTESIAN_POINT('',(94.1,-99.09,11.95));
#3984=CARTESIAN_POINT('',(96.1,-99.795,11.95));
#3985=CARTESIAN_POINT('Origin',(93.6282599728874,-93.6355339059328,13.45));
#3986=CARTESIAN_POINT('',(72.6,-92.5748737341529,12.3893398282202));
#3987=CARTESIAN_POINT('',(93.6282599728874,-92.5748737341529,12.3893398282202));
#3988=CARTESIAN_POINT('Origin',(72.6,-93.6355339059328,13.45));
#3989=CARTESIAN_POINT('Ctrl Pts',(71.1,-92.3928932188135,10.45));
#3990=CARTESIAN_POINT('Ctrl Pts',(71.1,-92.4473416616789,11.0302491197286));
#3991=CARTESIAN_POINT('Ctrl Pts',(71.4768420312814,-92.5415861011378,12.0345983748676));
#3992=CARTESIAN_POINT('Ctrl Pts',(72.2634007871154,-92.574873734153,12.3893398282202));
#3993=CARTESIAN_POINT('Ctrl Pts',(72.6,-92.574873734153,12.3893398282202));
#3994=CARTESIAN_POINT('Ctrl Pts',(71.1,-92.3928932188135,10.45));
#3995=CARTESIAN_POINT('Ctrl Pts',(71.1,-92.5531245887779,10.9864323966567));
#3996=CARTESIAN_POINT('Ctrl Pts',(71.5716161486689,-92.8119099290819,11.8836325247336));
#3997=CARTESIAN_POINT('Ctrl Pts',(72.3003105789375,-92.8525539177879,12.1116596445853));
#3998=CARTESIAN_POINT('Ctrl Pts',(72.6,-92.8525539177879,12.1116596445853));
#3999=CARTESIAN_POINT('Ctrl Pts',(71.1,-92.3928932188135,10.45));
#4000=CARTESIAN_POINT('Ctrl Pts',(71.1,-92.6589075158769,10.9426156735848));
#4001=CARTESIAN_POINT('Ctrl Pts',(71.5716161486689,-93.110334941521,11.76002083723));
#4002=CARTESIAN_POINT('Ctrl Pts',(72.3003105789375,-93.2428348242341,11.95));
#4003=CARTESIAN_POINT('Ctrl Pts',(72.6,-93.2428348242341,11.95));
#4004=CARTESIAN_POINT('Ctrl Pts',(71.1,-92.3928932188135,10.45));
#4005=CARTESIAN_POINT('Ctrl Pts',(71.1,-92.7646904429759,10.8987989505128));
#4006=CARTESIAN_POINT('Ctrl Pts',(71.4768420312814,-93.4082317297338,11.6756220017318));
#4007=CARTESIAN_POINT('Ctrl Pts',(72.2634007871154,-93.6355339059328,11.95));
#4008=CARTESIAN_POINT('Ctrl Pts',(72.6,-93.6355339059328,11.95));
#4009=CARTESIAN_POINT('Origin',(72.6,-92.3928932188135,10.45));
#4010=CARTESIAN_POINT('Origin',(72.6,-92.3928932188135,10.45));
#4011=CARTESIAN_POINT('Origin',(72.6,-91.8428932188135,10.45));
#4012=CARTESIAN_POINT('',(72.1,-104.,11.8642135623731));
#4013=CARTESIAN_POINT('Origin',(72.6,-104.,10.45));
#4014=CARTESIAN_POINT('Ctrl Pts',(72.1,-104.,11.8642135623731));
#4015=CARTESIAN_POINT('Ctrl Pts',(72.1,-103.650286967916,11.8642135623731));
#4016=CARTESIAN_POINT('Ctrl Pts',(72.1647582555527,-103.27824370052,11.8917305986891));
#4017=CARTESIAN_POINT('Ctrl Pts',(72.3757645756586,-102.723853499772,11.9353671916143));
#4018=CARTESIAN_POINT('Ctrl Pts',(72.4790487466317,-102.52402847998,11.95));
#4019=CARTESIAN_POINT('Ctrl Pts',(72.6,-102.341687604822,11.95));
#4020=CARTESIAN_POINT('Origin',(72.6,-88.5928932188135,14.25));
#4021=CARTESIAN_POINT('',(72.6,-89.4535533905933,15.5106601717798));
#4022=CARTESIAN_POINT('',(72.6,-89.6535533905933,15.3106601717798));
#4023=CARTESIAN_POINT('Origin',(72.6,-88.3928932188135,14.45));
#4024=CARTESIAN_POINT('Origin',(96.1565199457749,-91.7071067811866,13.2571067811866));
#4025=CARTESIAN_POINT('',(109.6,-89.4535533905933,15.5106601717798));
#4026=CARTESIAN_POINT('',(109.6,-91.8535533905933,13.1106601717798));
#4027=CARTESIAN_POINT('',(93.6282599728874,-89.4535533905933,15.5106601717798));
#4028=CARTESIAN_POINT('Origin',(109.6,-90.7928932188135,12.05));
#4029=CARTESIAN_POINT('Origin',(109.6,-88.3928932188135,14.45));
#4030=CARTESIAN_POINT('Origin',(93.6282599728874,-88.3928932188135,14.45));
#4031=CARTESIAN_POINT('Origin',(109.6,-88.3928932188135,14.45));
#4032=CARTESIAN_POINT('Origin',(72.6,-88.3928932188135,14.45));
#4033=CARTESIAN_POINT('Origin',(109.6,-88.3928932188135,14.45));
#4034=CARTESIAN_POINT('Origin',(72.6,-88.3928932188135,14.45));
#4035=CARTESIAN_POINT('Origin',(75.1,-32.,6.95));
#4036=CARTESIAN_POINT('',(76.7,-32.,6.95));
#4037=CARTESIAN_POINT('Origin',(75.1,-32.,6.95));
#4038=CARTESIAN_POINT('Origin',(107.1,-32.,6.95));
#4039=CARTESIAN_POINT('',(108.7,-32.,6.95));
#4040=CARTESIAN_POINT('Origin',(107.1,-32.,6.95));
#4041=CARTESIAN_POINT('Origin',(91.1,-43.65,14.95));
#4042=CARTESIAN_POINT('',(84.1,-43.65,13.95));
#4043=CARTESIAN_POINT('Origin',(91.1,-43.65,13.95));
#4044=CARTESIAN_POINT('',(83.1,-43.65,14.95));
#4045=CARTESIAN_POINT('Origin',(91.1,-43.65,15.95));
#4046=CARTESIAN_POINT('',(84.1,-43.65,15.95));
#4047=CARTESIAN_POINT('Origin',(101.581066017178,-76.268933982822,8.6));
#4048=CARTESIAN_POINT('',(101.475,-76.375,8.75));
#4049=CARTESIAN_POINT('Origin',(107.831066017178,-78.481066017178,8.6));
#4050=CARTESIAN_POINT('',(107.725,-78.375,8.75));
#4051=CARTESIAN_POINT('Origin',(110.85,-85.75,11.));
#4052=CARTESIAN_POINT('',(110.6,-85.5,13.25));
#4053=CARTESIAN_POINT('Origin',(110.85,-84.3,13.25));
#4054=CARTESIAN_POINT('',(110.6,-85.1499949114442,14.0970588235294));
#4055=CARTESIAN_POINT('',(110.6,-85.1499949114442,14.0970588235294));
#4056=CARTESIAN_POINT('Origin',(110.6,-84.3,13.25));
#4057=CARTESIAN_POINT('Origin',(110.808333333333,-78.2928932188135,14.6965033242958));
#4058=CARTESIAN_POINT('',(110.6,-76.7,14.45));
#4059=CARTESIAN_POINT('',(111.016666666667,-84.3,14.9430066485916));
#4060=CARTESIAN_POINT('Ctrl Pts',(111.1,-85.5041594578793,14.45));
#4061=CARTESIAN_POINT('Ctrl Pts',(111.1,-85.346733803748,14.6079713252791));
#4062=CARTESIAN_POINT('Ctrl Pts',(111.050057814929,-84.9677936984703,14.8606677297368));
#4063=CARTESIAN_POINT('Ctrl Pts',(111.016666666667,-84.5221022325859,14.9430066485916));
#4064=CARTESIAN_POINT('Ctrl Pts',(111.016666666667,-84.3000000000001,14.9430066485916));
#4065=CARTESIAN_POINT('Ctrl Pts',(110.933333333333,-85.3861046090676,14.3323529411765));
#4066=CARTESIAN_POINT('Ctrl Pts',(110.933333333333,-85.2441128425963,14.4748368816243));
#4067=CARTESIAN_POINT('Ctrl Pts',(110.900038543286,-84.9025933744112,14.702842044696));
#4068=CARTESIAN_POINT('Ctrl Pts',(110.877777777778,-84.5005433731011,14.7786710990611));
#4069=CARTESIAN_POINT('Ctrl Pts',(110.877777777778,-84.3000000000001,14.7786710990611));
#4070=CARTESIAN_POINT('Ctrl Pts',(110.766666666667,-85.2680497602559,14.2147058823529));
#4071=CARTESIAN_POINT('Ctrl Pts',(110.766666666667,-85.1414918814445,14.3417024379695));
#4072=CARTESIAN_POINT('Ctrl Pts',(110.750019271643,-84.837393050352,14.5450163596552));
#4073=CARTESIAN_POINT('Ctrl Pts',(110.738888888889,-84.4789845136161,14.6143355495305));
#4074=CARTESIAN_POINT('Ctrl Pts',(110.738888888889,-84.3,14.6143355495305));
#4075=CARTESIAN_POINT('Ctrl Pts',(110.6,-85.1499949114442,14.0970588235294));
#4076=CARTESIAN_POINT('Ctrl Pts',(110.6,-85.0388709202927,14.2085679943147));
#4077=CARTESIAN_POINT('Ctrl Pts',(110.6,-84.7721927262928,14.3871906746144));
#4078=CARTESIAN_POINT('Ctrl Pts',(110.6,-84.4574256541313,14.45));
#4079=CARTESIAN_POINT('Ctrl Pts',(110.6,-84.3,14.45));
#4080=CARTESIAN_POINT('Ctrl Pts',(110.6,-85.1499949114442,14.0970588235294));
#4081=CARTESIAN_POINT('Ctrl Pts',(110.6,-85.0388709202927,14.2085679943147));
#4082=CARTESIAN_POINT('Ctrl Pts',(110.6,-84.7721927262928,14.3871906746144));
#4083=CARTESIAN_POINT('Ctrl Pts',(110.6,-84.4574256541313,14.45));
#4084=CARTESIAN_POINT('Ctrl Pts',(110.6,-84.3,14.45));
#4085=CARTESIAN_POINT('Origin',(110.85,-76.7,13.25));
#4086=CARTESIAN_POINT('',(110.6,-75.8500050885559,14.0970588235294));
#4087=CARTESIAN_POINT('',(111.1,-75.4958405421208,14.45));
#4088=CARTESIAN_POINT('Origin',(110.6,-76.7,13.25));
#4089=CARTESIAN_POINT('',(110.6,-75.5,13.25));
#4090=CARTESIAN_POINT('Origin',(110.85,-75.25,11.));
#4091=CARTESIAN_POINT('Ctrl Pts',(111.016666666667,-76.7,14.9430066485916));
#4092=CARTESIAN_POINT('Ctrl Pts',(111.016666666667,-76.4778977674142,14.9430066485916));
#4093=CARTESIAN_POINT('Ctrl Pts',(111.050057116232,-76.0322062136053,14.8606679936559));
#4094=CARTESIAN_POINT('Ctrl Pts',(111.1,-75.653266196252,14.6079713252791));
#4095=CARTESIAN_POINT('Ctrl Pts',(111.1,-75.4958405421208,14.45));
#4096=CARTESIAN_POINT('Ctrl Pts',(110.877777777778,-76.7,14.7786710990611));
#4097=CARTESIAN_POINT('Ctrl Pts',(110.877777777778,-76.499456626899,14.7786710990611));
#4098=CARTESIAN_POINT('Ctrl Pts',(110.900038077488,-76.0974065365105,14.7028422940046));
#4099=CARTESIAN_POINT('Ctrl Pts',(110.933333333333,-75.7558871574038,14.4748368816243));
#4100=CARTESIAN_POINT('Ctrl Pts',(110.933333333333,-75.6138953909325,14.3323529411765));
#4101=CARTESIAN_POINT('Ctrl Pts',(110.738888888889,-76.7,14.6143355495305));
#4102=CARTESIAN_POINT('Ctrl Pts',(110.738888888889,-76.5210154863839,14.6143355495305));
#4103=CARTESIAN_POINT('Ctrl Pts',(110.750019038744,-76.1626068594157,14.5450165943533));
#4104=CARTESIAN_POINT('Ctrl Pts',(110.766666666667,-75.8585081185556,14.3417024379695));
#4105=CARTESIAN_POINT('Ctrl Pts',(110.766666666667,-75.7319502397442,14.2147058823529));
#4106=CARTESIAN_POINT('Ctrl Pts',(110.6,-76.7,14.45));
#4107=CARTESIAN_POINT('Ctrl Pts',(110.6,-76.5425743458688,14.45));
#4108=CARTESIAN_POINT('Ctrl Pts',(110.6,-76.2278071823209,14.387190894702));
#4109=CARTESIAN_POINT('Ctrl Pts',(110.6,-75.9611290797073,14.2085679943147));
#4110=CARTESIAN_POINT('Ctrl Pts',(110.6,-75.8500050885559,14.0970588235294));
#4111=CARTESIAN_POINT('Ctrl Pts',(110.6,-76.7,14.45));
#4112=CARTESIAN_POINT('Ctrl Pts',(110.6,-76.5425743458688,14.45));
#4113=CARTESIAN_POINT('Ctrl Pts',(110.6,-76.2278071823209,14.387190894702));
#4114=CARTESIAN_POINT('Ctrl Pts',(110.6,-75.9611290797073,14.2085679943147));
#4115=CARTESIAN_POINT('Ctrl Pts',(110.6,-75.8500050885559,14.0970588235294));
#4116=CARTESIAN_POINT('Origin',(101.1,-84.3,13.25));
#4117=CARTESIAN_POINT('Origin',(109.1,-84.3,13.25));
#4118=CARTESIAN_POINT('Origin',(101.1,-76.7,13.25));
#4119=CARTESIAN_POINT('Origin',(96.1565199457749,-90.2928932188135,11.8428932188135));
#4120=CARTESIAN_POINT('',(93.6282599728874,-91.5857864376269,10.55));
#4121=CARTESIAN_POINT('',(109.1,-91.5857864376269,10.55));
#4122=CARTESIAN_POINT('',(109.1,-96.8505092259426,5.28527721168425));
#4123=CARTESIAN_POINT('',(93.6282599728874,-91.5857864376269,10.55));
#4124=CARTESIAN_POINT('Origin',(75.1,-104.,10.45));
#4125=CARTESIAN_POINT('',(75.1,-107.,11.864213562373));
#4126=CARTESIAN_POINT('Origin',(75.1,-104.,11.8642135623731));
#4127=CARTESIAN_POINT('Origin',(75.1,-106.5,10.45));
#4128=CARTESIAN_POINT('Origin',(81.1,-106.5,10.45));
#4129=CARTESIAN_POINT('',(107.1,-107.,11.8642135623731));
#4130=CARTESIAN_POINT('Origin',(107.1,-106.5,10.45));
#4131=CARTESIAN_POINT('Ctrl Pts',(107.1,-107.,11.8642135623731));
#4132=CARTESIAN_POINT('Ctrl Pts',(106.750286967916,-107.,11.8642135623731));
#4133=CARTESIAN_POINT('Ctrl Pts',(106.37824370052,-106.935241744447,11.8917305986891));
#4134=CARTESIAN_POINT('Ctrl Pts',(105.823853499772,-106.724235424341,11.9353671916143));
#4135=CARTESIAN_POINT('Ctrl Pts',(105.62402847998,-106.620951253368,11.95));
#4136=CARTESIAN_POINT('Ctrl Pts',(105.441687604822,-106.5,11.95));
#4137=CARTESIAN_POINT('Ctrl Pts',(76.7583123951777,-106.5,11.95));
#4138=CARTESIAN_POINT('Ctrl Pts',(76.5759715200205,-106.620951253368,11.95));
#4139=CARTESIAN_POINT('Ctrl Pts',(76.3761465002276,-106.724235424341,11.9353671916143));
#4140=CARTESIAN_POINT('Ctrl Pts',(75.8217562994797,-106.935241744447,11.8917305986891));
#4141=CARTESIAN_POINT('Ctrl Pts',(75.4497130320838,-107.,11.8642135623731));
#4142=CARTESIAN_POINT('Ctrl Pts',(75.1,-107.,11.8642135623731));
#4143=CARTESIAN_POINT('Origin',(107.1,-104.,10.45));
#4144=CARTESIAN_POINT('Origin',(107.1,-104.,11.8642135623731));
#4145=CARTESIAN_POINT('Origin',(86.1,-99.09,10.595));
#4146=CARTESIAN_POINT('',(86.1,-99.09,10.55));
#4147=CARTESIAN_POINT('',(86.1,-99.09,10.595));
#4148=CARTESIAN_POINT('',(86.1,-104.09,10.55));
#4149=CARTESIAN_POINT('',(86.1,-104.09,10.595));
#4150=CARTESIAN_POINT('',(86.1,-99.295,10.55));
#4151=CARTESIAN_POINT('Origin',(97.1,-99.09,10.595));
#4152=CARTESIAN_POINT('',(96.1,-99.09,10.55));
#4153=CARTESIAN_POINT('',(96.1,-99.09,10.595));
#4154=CARTESIAN_POINT('',(94.1,-99.09,10.55));
#4155=CARTESIAN_POINT('Origin',(96.1,-104.09,10.595));
#4156=CARTESIAN_POINT('',(96.1,-104.09,10.55));
#4157=CARTESIAN_POINT('',(96.1,-104.09,10.595));
#4158=CARTESIAN_POINT('',(96.1,-101.795,10.55));
#4159=CARTESIAN_POINT('Origin',(85.1,-104.09,10.595));
#4160=CARTESIAN_POINT('',(88.1,-104.09,10.55));
#4161=CARTESIAN_POINT('Origin',(91.1,-99.5,10.55));
#4162=CARTESIAN_POINT('',(109.1,-94.,10.55));
#4163=CARTESIAN_POINT('',(109.1,-103.75,10.55));
#4164=CARTESIAN_POINT('',(103.1,-100.,10.55));
#4165=CARTESIAN_POINT('',(102.975,-100.125,10.55));
#4166=CARTESIAN_POINT('',(103.1,-106.,10.55));
#4167=CARTESIAN_POINT('',(103.1,-101.75,10.55));
#4168=CARTESIAN_POINT('',(78.9,-106.,10.55));
#4169=CARTESIAN_POINT('',(81.1,-106.,10.55));
#4170=CARTESIAN_POINT('',(78.9,-100.,10.55));
#4171=CARTESIAN_POINT('',(78.9,-103.75,10.55));
#4172=CARTESIAN_POINT('',(79.175,-100.275,10.55));
#4173=CARTESIAN_POINT('Origin',(107.1,-104.,-0.05));
#4174=CARTESIAN_POINT('',(108.7,-104.,6.95));
#4175=CARTESIAN_POINT('Origin',(107.1,-104.,6.95));
#4176=CARTESIAN_POINT('',(108.7,-104.,-0.05));
#4177=CARTESIAN_POINT('Origin',(75.1,-104.,-0.05));
#4178=CARTESIAN_POINT('',(76.7,-104.,6.95));
#4179=CARTESIAN_POINT('Origin',(75.1,-104.,6.95));
#4180=CARTESIAN_POINT('',(76.7,-104.,-0.05));
#4181=CARTESIAN_POINT('Origin',(107.1,-104.,6.95));
#4182=CARTESIAN_POINT('',(104.1,-104.,6.95));
#4183=CARTESIAN_POINT('Origin',(107.1,-104.,6.95));
#4184=CARTESIAN_POINT('Origin',(75.1,-104.,6.95));
#4185=CARTESIAN_POINT('',(72.1,-104.,6.95));
#4186=CARTESIAN_POINT('Origin',(75.1,-104.,6.95));
#4187=CARTESIAN_POINT('Origin',(75.1,-32.,-0.05));
#4188=CARTESIAN_POINT('',(76.7,-32.,-0.05));
#4189=CARTESIAN_POINT('Origin',(107.1,-32.,-0.05));
#4190=CARTESIAN_POINT('',(108.7,-32.,-0.05));
#4191=CARTESIAN_POINT('Origin',(107.1,-104.,11.45));
#4192=CARTESIAN_POINT('',(104.1,-104.,11.45));
#4193=CARTESIAN_POINT('Origin',(75.1,-104.,11.45));
#4194=CARTESIAN_POINT('',(72.1,-104.,11.45));
#4195=CARTESIAN_POINT('Origin',(109.1,-108.,-0.05));
#4196=CARTESIAN_POINT('',(109.1,-94.,-0.05));
#4197=CARTESIAN_POINT('Origin',(108.1,-95.,-0.05));
#4198=CARTESIAN_POINT('',(103.1,-100.,-0.05));
#4199=CARTESIAN_POINT('Origin',(103.1,-104.,-0.05));
#4200=CARTESIAN_POINT('',(103.1,-106.,-0.05));
#4201=CARTESIAN_POINT('Origin',(71.1,-106.,-0.05));
#4202=CARTESIAN_POINT('',(78.9,-106.,6.55));
#4203=CARTESIAN_POINT('Origin',(78.9,-108.,11.55));
#4204=CARTESIAN_POINT('',(78.9,-100.,5.75));
#4205=CARTESIAN_POINT('Origin',(74.1,-95.2,-0.05));
#4206=UNCERTAINTY_MEASURE_WITH_UNIT(LENGTH_MEASURE(0.01),#4210,
'DISTANCE_ACCURACY_VALUE',
'Maximum model space distance between geometric entities at asserted c
onnectivities');
#4207=UNCERTAINTY_MEASURE_WITH_UNIT(LENGTH_MEASURE(0.01),#4210,
'DISTANCE_ACCURACY_VALUE',
'Maximum model space distance between geometric entities at asserted c
onnectivities');
#4208=(
GEOMETRIC_REPRESENTATION_CONTEXT(3)
GLOBAL_UNCERTAINTY_ASSIGNED_CONTEXT((#4206))
GLOBAL_UNIT_ASSIGNED_CONTEXT((#4210,#4212,#4213))
REPRESENTATION_CONTEXT('','3D')
);
#4209=(
GEOMETRIC_REPRESENTATION_CONTEXT(3)
GLOBAL_UNCERTAINTY_ASSIGNED_CONTEXT((#4207))
GLOBAL_UNIT_ASSIGNED_CONTEXT((#4210,#4212,#4213))
REPRESENTATION_CONTEXT('','3D')
);
#4210=(
LENGTH_UNIT()
NAMED_UNIT(*)
SI_UNIT(.MILLI.,.METRE.)
);
#4211=(
LENGTH_UNIT()
NAMED_UNIT(*)
SI_UNIT($,.METRE.)
);
#4212=(
NAMED_UNIT(*)
PLANE_ANGLE_UNIT()
SI_UNIT($,.RADIAN.)
);
#4213=(
NAMED_UNIT(*)
SI_UNIT($,.STERADIAN.)
SOLID_ANGLE_UNIT()
);
#4214=SHAPE_DEFINITION_REPRESENTATION(#4215,#4216);
#4215=PRODUCT_DEFINITION_SHAPE('',$,#4218);
#4216=SHAPE_REPRESENTATION('',(#2338),#4208);
#4217=PRODUCT_DEFINITION_CONTEXT('part definition',#4222,'design');
#4218=PRODUCT_DEFINITION('Remote control top','Remote control top',#4219,
#4217);
#4219=PRODUCT_DEFINITION_FORMATION('',$,#4224);
#4220=PRODUCT_RELATED_PRODUCT_CATEGORY('Remote control top',
'Remote control top',(#4224));
#4221=APPLICATION_PROTOCOL_DEFINITION('international standard',
'automotive_design',2009,#4222);
#4222=APPLICATION_CONTEXT(
'Core Data for Automotive Mechanical Design Process');
#4223=PRODUCT_CONTEXT('part definition',#4222,'mechanical');
#4224=PRODUCT('Remote control top','Remote control top',$,(#4223));
#4225=PRESENTATION_STYLE_ASSIGNMENT((#4227));
#4226=PRESENTATION_STYLE_ASSIGNMENT((#4228));
#4227=SURFACE_STYLE_USAGE(.BOTH.,#4229);
#4228=SURFACE_STYLE_USAGE(.BOTH.,#4230);
#4229=SURFACE_SIDE_STYLE('',(#4231));
#4230=SURFACE_SIDE_STYLE('',(#4232));
#4231=SURFACE_STYLE_FILL_AREA(#4233);
#4232=SURFACE_STYLE_FILL_AREA(#4234);
#4233=FILL_AREA_STYLE('Stahl - satiniert',(#4235));
#4234=FILL_AREA_STYLE('Opaque(115,115,115)',(#4236));
#4235=FILL_AREA_STYLE_COLOUR('Stahl - satiniert',#4237);
#4236=FILL_AREA_STYLE_COLOUR('Opaque(115,115,115)',#4238);
#4237=COLOUR_RGB('Stahl - satiniert',0.627450980392157,0.627450980392157,
0.627450980392157);
#4238=COLOUR_RGB('Opaque(115,115,115)',0.450980392156863,0.450980392156863,
0.450980392156863);
ENDSEC;
END-ISO-10303-21;
